Timestamp, Config, NodeId, ScanStartPs, ScanStopPs, ScanResolutionBins, BaseIntegrationIndex, Segment1NumSamples, Segment2NumSamples, Segment3NumSamples, Segment4NumSamples, Segment1AdditionalIntegration, Segment2AdditionalIntegration, Segment3AdditionalIntegration, Segment4AdditionalIntegration, AntennaMode, TransmitGain, CodeChannel
1791219428.265, Config, 100, 10000, 39297, 32, 12, 0, 0, 0, 0, 0, 0, 0, 0, 0, 63, 4
Timestamp, MrmFullScanInfo, MessageId, SourceId, EmbeddedTimestamp, Reserved, Reserved, Reserved, Reserved, ScanStartPs, ScanStopPs, ScanStepBins, Filtering, AntennaId, Reserved, NumSamplesTotal, ScanData
1791219428.328, MrmFullScanInfo, 480, 107, 2037730, 0, 0, 0, 0, 10000, 39297, 32, 1, 2, 1, 480, -420115, 492418, 419010, -479886, -450597, 447811, 503906, -372141, -519882, 111630, 520169, 334561, -496959, -497161, 376544, 517781, -116935, -520189, -171828, 519623, 319892, -512001, -475964, 479446, 520095, 512079, -197144, -520072, -393766, 503006, 346544, -503174, -432256, 506424, 284784, -517936, -297313, 517959, 235462, -516855, -308403, 515074, 441111, -505053, -515562, 373697, 520192, 96047, -519976, -493750, 443194, 519747, -142145, -519957, -252194, 519617, 482296, -496097, -518423, 344152, 520139, -58626, -520092, -293826, 514259, 441304, -464879, -400470, 467631, 173533, -476409, 326935, 513155, -438076, -520159, 200634, 520174, 117857, -519137, -438059, 505334, 517328, -339272, -520168, 18515, 519926, 320889, -505936, -507926, 357331, 520027, -12276, -520192, -324399, 513299, 491830, -323112, -516946, -9792, 453864, 223099, -163769, -266119, -153638, 22118, 279736, 282527, -201568, -453667, -24101, 454437, 289052, -274234, -411819, -38603, 357454, 296051, -198365, -408295, -35383, 358782, 232933, -203554, -281290, 25941, 225210, 118923, -107636, -171609, -34152, 105787, 133098, -6964, -137284, -70660, 69462, 105388, 17605, -58769, -74008, -41028, 74201, 111203, -10224, -114380, -82241, 63050, 138739, 28345, -125092, -116089, 62837, 146345, 21881, -106151, -99494, 32652, 136490, 47245, -120170, -113238, 79005, 126406, -41530, -93974, 18475, 53033, -21059, -29081, 51219, 31989, -76069, -55254, 72845, 93368, -39285, -100454, -19692, 98440, 84848, -67948, -126879, 18172, 130728, 39587, -98386, -78082, 50672, 86427, 4054, -65047, -45599, 28384, 61016, 14493, -46755, -42282, 20258, 41155, 10239, -17192, -30725, -11161, 30016, 35677, -9296, -49864, -13195, 47465, 33034, -25455, -47931, 4828, 51806, 11299, -44750, -22534, 38103, 27195, -33905, -24858, 28796, 22824, -24293, -24154, 24326, 23927, -17854, -21620, 7013, 23651, 5573, -23460, -16843, 18044, 29768, -9147, -38495, 1002, 40103, 10091, -36726, -16574, 31827, 13678, -24306, -6227, 18324, -714, -17715, 7921, 21391, -13126, -22555, 11840, 22108, -3596, -17122, -5721, 7461, 13858, 7299, -19220, -20135, 17536, 30206, -9309, -35994, 68, 34401, 6953, -27596, -5865, 19375, 10179, -13152, -10723, 9703, 11970, -7646, -13255, 9800, 15147, -10914, -17694, 10729, 21390, -10021, -27976, 8865, 23240, -5559, -16018, 3020, 9619, -3007, -3633, 5203, 1821, -6424, -3309, 7629, 6609, -6432, -9305, 4024, 11993, -3629, -14373, 6876, 16582, -10825, -19978, 15540, 27500, -18998, -36059, 20308, 41744, -16012, -40726, 8622, 31405, 2562, -12869, -13246, -8807, 18614, 25628, -14394, -34273, 2761, 33604, 11708, -23135, -23798, 3698, 31590, 14541, -33325, -26468, 32613, 30914, -31272, -26195, 33686, 13246, -40323, -987, 49952, -6591, -60242, 5163, 66690, -3874, -66761, 2098, 60925, -4151, -49045, 11571, 32555, -23346, -16119, 34899, 3635, -42123, 4760, 38639, -5241, -33267, 4153, 25270, -1363, -16405, -2643, 9571, 5475, -3546, -9749, -2099, 16104, 8789, -23331, -23268, 32445, 35007, -35538, -44194, 34249, 50560, -28738, -50267, 20289, 41987, -12309, -25633, 3866, 4671, 4377, 32375, -11930, -62764, 22874, 94001, -39745, -122616, 58902, 147990, -71259, -164994, 69338, 173040, -44391, -163866, 1259, 129141, 53016, -78626, -96735, 19343, 124062, 35968, -127254, -78942, 109934, 100261, -80512, -100656, 51009, 84812, -31426, -61570, 30706, 44569, -39421, -43016, 49494, 55003, -49431, -76380, 34829, 98422, -2520, -107828, -37735, 97409, 73895, -52542, -75038, 18089, 74726, 12814, -61069, -30693, 36896, 31295, -10725, -16174, -7291, -8824, 9606, 33779, 2518, -50265, -24514, 56953, 41279, -51143, -50370, 38562, 47429, -23153, -35685, 11783, 17284, -8074, 2596, 10487, -18493
1791219428.343, MrmFullScanInfo, 480, 107, 2037730, 0, 0, 0, 0, 10000, 39297, 32, 2, 2, 1, 480, 0, 0, 0, 0, 0, 0, 167852, -228837, -311191, 480051, 360477, -536778, -379257, 349929, 435307, -32786, -509374, -254188, 510170, 430374, -375612, -520682, 138678, 578151, 107031, -565728, -280795, 391223, 335110, -49026, -260062, -333179, 94329, 605706, 74771, -720597, -172570, 712170, 188507, -646653, -157242, 581741, 132672, -550152, -151897, 552055, 216506, -536584, -304335, 420330, 401990, -176580, -488911, -117096, 499498, 357142, -364748, -512321, 104812, 602094, 169782, -617418, -362252, 515809, 465625, -290033, -529840, 14968, 586476, 185611, -622114, -205740, 605356, 27610, -523983, 240875, 410515, -418682, -336525, 382348, 359984, -160759, -464705, -111772, 551931, 319848, -507028, -442915, 295620, 518970, 2754, -550142, -268943, 481660, 444623, -280239, -540032, 295, 559487, 254235, -474362, -404131, 280662, 415158, -48674, -290146, -108121, 77039, 111556, 131408, 28205, -236283, -221369, 187897, 355084, -17102, -351408, -184346, 202822, 317211, 25670, -322359, -234600, 203551, 344438, -21725, -327323, -139390, 208605, 217686, -50279, -196323, -78165, 101088, 132291, 15184, -109329, -97027, 41376, 113374, 24695, -70032, -50584, 1285, 26518, 49494, 25794, -51857, -70374, 5453, 78616, 60389, -42720, -106502, -20638, 106574, 79244, -58206, -104402, -18270, 85696, 90898, -33225, -133250, -28822, 136641, 73824, -110266, -86856, 73938, 71964, -48254, -46179, 43854, 28077, -55470, -28209, 66106, 45664, -58207, -70639, 24517, 89946, 27207, -91702, -78477, 69474, 110681, -27093, -113748, -21231, 88452, 57811, -44343, -70493, -3594, 57517, 39904, -27329, -54457, -5224, 45734, 25842, -20694, -27607, -7841, 12660, 26694, 11045, -28799, -33332, 15411, 45365, 6855, -43595, -29766, 30932, 46255, -13673, -53091, -2188, 51610, 12783, -45393, -17350, 37945, 17869, -31579, -16901, 26549, 16203, -21087, -16922, 13398, 19358, -3229, -22163, -8588, 23124, 20703, -20761, -31141, 14973, 37899, -7239, -39881, 468, 37077, 2559, -30618, -1037, 23042, -3906, -17235, 10242, 14556, -15314, -14253, 16323, 14468, -11783, -13145, 2510, 8695, 8775, -779, -18438, -9483, 23266, 20022, -21999, -28377, 16183, 32284, -8718, -30808, 1791, 25300, 3782, -18662, -7842, 13631, 10356, -11522, -11651, 12036, 12468, -13839, -13931, 15625, 16455, -16624, -18695, 16174, 18550, -13772, -15227, 9989, 9960, -6441, -4803, 4598, 1516, -4782, -887, 6150, 2614, -7500, -5756, 8406, 9248, -9540, -12234, 11875, 14590, -15759, -17152, 20784, 20931, -25819, -25775, 28998, 29914, -28086, -30681, 21461, 25907, -9305, -15332, -5533, 1113, 17957, 13169, -22882, -24036, 18072, 28835, -5178, -26122, -11498, 16567, 27186, -3362, -38373, -8800, 43864, 15520, -44822, -14275, 43819, 5570, -43561, 6955, 45826, -18424, -50647, 25500, 56061, -27729, -58842, 26990, 55978, -25942, -46028, 26627, 29964, -29457, -11085, 32939, -5954, -34697, 16986, 33284, -20226, -28981, 16891, 23116, -9997, -16940, 2403, 11216, 4466, -6126, -10807, 1070, 17839, 5001, -26457, -12537, 35931, 20862, -43778, -28632, 47253, 34374, -45031, -36289, 37454, 32567, -25766, -21563, 11164, 2587, 5865, 22948, -25471, -51394, 47868, 78512, -72288, -101423, 95717, 118964, -112206, -131099, 114232, 137321, -95651, -135546, 55314, 122916, 738, -97947, -60326, 62128, 109445, -20189, -137500, -20671, 140752, 52775, -123093, -70450, 94343, 72203, -66421, -61672, 48602, 46713, -43904, -36434, 48502, 37453, -54092, -51088, 51812, 72600, -36191, -91893, 8553, 97893, 23649, -85034, -51215, 56939, 67200, -23874, -68283, -3458, 54818, 17874, -31696, -17017, 7446, 3027, 9006, 18744, -12470, -41351, 3853, 58067, 10933, -64206, -24496, 58747, 31294, -44775, -28924, 27976, 18071
1791219428.343, MrmFullScanInfo, 480, 107, 2037730, 0, 0, 0, 0, 10000, 39297, 32, 4, 2, 1, 480, 0, 0, 0, 0, 0, 0, 398, -211, -552, 295, 250, 26, 7, -319, 98, 136, -279, 234, 205, -288, 68, 89, -241, 38, 176, 38, -1194, 190, 4323, -1264, -8278, 2736, 10337, -3391, -8847, 2633, 4295, -719, 2104, -1779, -8466, 4044, 12579, -5092, -12787, 4039, 9447, -888, -4975, -2692, 1660, 4536, 1345, -4331, -6309, 3986, 12552, -4384, -16113, 1188, 15162, 14301, -14175, -42751, 19938, 76718, -69776, -105755, 225428, 105785, -493017, -36516, 767816, -106205, -906728, 245401, 853254, -276004, -652070, 170564, 397243, -10412, -180500, -97850, 50691, 111377, 2454, -63331, -20034, 10493, 27700, 10601, -26275, 3190, 18671, -30611, -38473, 53771, 117794, -76338, -227619, 113497, 288385, -166225, -249274, 215675, 135889, -235291, -15236, 211413, -58602, -159377, 75332, 106926, -62461, -69834, 54330, 48743, -64856, -39525, 83267, 37251, -90608, -34316, 77115, 23101, -46982, -145, 11673, -31736, 18762, 64002, -40495, -85546, 54977, 87942, -64604, -69812, 70518, 37108, -73160, 216, 72439, -32036, -67272, 50675, 55456, -52835, -34774, 41304, 5474, -24117, 27658, 10393, -56048, -5650, 71240, 10057, -69141, -19614, 51735, 28847, -25872, -33360, 185, 31350, 18557, -24083, -27693, 15276, 28480, -9062, -23874, 7764, 16793, -10809, -9155, 14974, 2051, -16173, 3377, 12301, -6019, -4558, 5799, -3939, -3682, 10675, 525, -14855, 3286, 17072, -7144, -18386, 10049, 19398, -11029, -19855, 9552, 18889, -5820, -15698, 798, 10138, 3902, -2660, -6445, -5788, 5413, 13958, -488, -20554, -7077, 24467, 14775, -24965, -20018, 22021, 21580, -16662, -20119, 10678, 17274, -5624, -14215, 2040, 11213, 712, -8164, -3757, 5088, 7874, -2002, -13015, -1212, 18395, 4597, -22951, -7863, 25760, 10437, -26297, -11794, 24599, 11699, -21209, -10214, 16847, 7703, -12038, -4840, 7140, 2431, -2424, -1049, -1911, 816, 5829, -1469, -9376, 2617, 12525, -3890, -15099, 4989, 16815, -5712, -17439, 6021, 16902, -5944, -15458, 5737, 13626, -5663, -11912, 5570, 10711, -4862, -10195, 3112, 10230, -478, -10367, -2476, 10122, 5036, -9279, -6660, 8015, 7102, -6811, -6303, 6151, 4589, -6243, -2871, 6944, 2411, -7706, -3978, 7711, 7331, -6136, -11390, 2558, 14834, 2683, -16585, -8392, 16107, 12978, -13568, -15116, 9781, 14322, -5770, -11140, 2360, 6887, 121, -2962, -1824, 269, 3135, 1063, -4338, -1670, 5419, 2641, -6146, -4849, 6257, 8247, -5593, -11799, 4052, 14073, -1508, -14139, -1816, 12176, 5103, -9215, -7281, 6438, 7734, -4670, -6584, 4219, 4636, -4909, -3012, 6426, 2517, -8457, -3128, 10524, 4311, -11978, -5590, 12375, 6615, -11592, -7035, 9669, 6605, -6681, -5275, 2950, 3196, 916, -595, -4222, -2167, 6294, 4730, -6596, -6903, 4968, 8534, -1812, -9340, -2022, 9091, 5598, -7824, -8022, 5913, 8694, -3888, -7538, 2222, 5115, -1059, -2461, 252, 581, 412, 52, -975, 281, 1254, -810, -949, 705, -316, 533, 2841, -2971, -6449, 6216, 10346, -9338, -13463, 11155, 14997, -10871, -14571, 8610, 12200, -5226, -8318, 1843, 3810, 604, 123, -1712, -2422, 1776, 2750, -1577, -1506, 2039, -628, -3665, 2957, 6078, -4631, -8191, 4864, 9105, -3469, -8789, 1182, 7814, 691, -6702, -1238, 5857, 440, -5810, 1188, 6956, -3038, -9099, 4338, 11602, -4181, -13767, 2117, 14839, 1620, -13995, -6153, 10669, 10660, -4988, -14913, -1974, 19142, 8539, -23187, -13159, 26013, 15140, -26333, -14735, 23461, 12619
Timestamp, MrmDetectionListInfo, MessageId, NumDetections, DetIndex, DetMagnitude, DetIndex, DetMagnitude,...
1791219428.343, MrmDetectionListInfo, 480, 214, 59, 8766, 60, 9673, 61, 9736, 62, 9733, 63, 11292, 64, 15720, 65, 23109, 66, 33035, 67, 46176, 68, 65060, 69, 65535, 70, 65535, 71, 65535, 72, 65535, 73, 65535, 74, 65535, 75, 65535, 76, 65535, 77, 65535, 78, 65535, 79, 65535, 80, 65535, 81, 65535, 82, 65535, 83, 65535, 84, 65535, 85, 65535, 86, 65535, 87, 65535, 88, 65535, 89, 46138, 90, 25951, 91, 18828, 92, 19328, 93, 19478, 94, 17580, 95, 15485, 96, 15174, 97, 19188, 98, 29867, 99, 47644, 100, 65535, 101, 65535, 102, 65535, 103, 65535, 104, 65535, 105, 65535, 106, 65535, 107, 65535, 108, 65535, 109, 65535, 110, 65535, 111, 65535, 112, 65535, 113, 65535, 114, 65535, 115, 65535, 116, 65535, 117, 65535, 118, 57828, 119, 54619, 120, 54146, 121, 54682, 122, 56830, 123, 60421, 124, 63337, 125, 63130, 126, 58734, 127, 50499, 134, 52302, 135, 63015, 136, 65535, 137, 65535, 138, 65535, 139, 65535, 140, 65535, 141, 60304, 142, 51766, 143, 43499, 144, 38591, 145, 40734, 146, 49177, 147, 57306, 148, 58956, 149, 53949, 150, 46018, 151, 37510, 152, 28413, 156, 27814, 157, 34296, 158, 37733, 159, 39397, 160, 40770, 161, 41558, 162, 40555, 163, 37308, 198, 15124, 199, 15314, 200, 15084, 201, 14282, 216, 18518, 217, 20896, 218, 21879, 219, 21841, 220, 21232, 221, 20124, 222, 18434, 223, 16285, 224, 14011, 239, 13273, 240, 15268, 241, 16788, 242, 17838, 243, 18509, 244, 18810, 245, 18669, 246, 18054, 247, 17027, 248, 15688, 249, 14116, 250, 12359, 265, 9177, 266, 10078, 267, 10772, 268, 11255, 269, 11560, 270, 11691, 271, 11632, 272, 11381, 273, 10981, 274, 10495, 275, 9987, 276, 9497, 277, 9047, 278, 8639, 287, 6339, 288, 7137, 289, 7639, 290, 7737, 292, 7394, 307, 8041, 308, 8196, 309, 8641, 310, 9647, 311, 11164, 312, 12762, 313, 13874, 314, 14206, 315, 13864, 316, 13089, 317, 11995, 318, 10569, 319, 8842, 320, 6962, 333, 5045, 337, 8005, 338, 8444, 339, 8590, 340, 8394, 341, 7976, 342, 7610, 343, 7516, 344, 7680, 345, 7869, 346, 7822, 347, 7462, 348, 6917, 349, 6345, 350, 5808, 351, 5295, 360, 7336, 361, 8052, 362, 8644, 363, 9074, 364, 9317, 365, 9352, 368, 8042, 378, 5351, 379, 6044, 380, 6310, 381, 6379, 382, 6282, 383, 5957, 384, 5536, 385, 5371, 386, 5708, 389, 7581, 390, 7506, 391, 7105, 392, 6539, 394, 5006, 413, 6184, 414, 7981, 415, 9600, 416, 11063, 417, 12259, 418, 13000, 419, 13171, 420, 12787, 421, 11926, 422, 10663, 423, 9065, 468, 9655, 469, 9456, 470, 9040, 471, 9050, 472, 10082, 473, 12338, 474, 15323, 475, 18038, 476, 19768, 477, 20538, 478, 20732, 479, 20503
1791219428.468, MrmFullScanInfo, 481, 107, 2037855, 0, 0, 0, 0, 10000, 39297, 32, 1, 2, 1, 480, -419464, 492270, 417562, -480255, -450712, 445739, 503542, -369917, -519886, 112861, 520190, 332985, -496517, -497491, 375085, 517950, -116477, -520191, -174423, 519589, 321924, -512695, -475773, 481684, 520166, 513182, -189535, -520136, -399308, 501381, 351779, -501826, -436409, 504935, 281745, -518288, -290772, 518334, 225473, -517751, -302447, 515959, 436841, -507379, -515921, 375564, 520192, 97807, -520066, -494028, 446332, 519570, -153616, -519940, -243236, 519620, 474135, -501178, -518343, 370870, 520158, -92108, -520129, -282971, 514662, 449149, -436251, -363990, 300798, 11882, 52458, 490741, 149504, -514308, -516407, 425293, 520178, -48872, -520112, -388674, 514092, 515760, -382671, -520125, 68063, 519983, 305836, -508976, -509090, 332958, 520076, 72654, -520104, -423401, 499506, 513604, -232484, -519368, -85309, 510892, 294056, -241707, -354356, -101787, 137883, 262844, 164160, -215226, -361776, -5677, 389025, 282553, -218129, -412187, -80097, 365418, 327833, -205580, -424184, -30268, 353684, 234527, -175162, -291877, -20411, 248098, 190020, -135538, -260877, -8372, 202806, 115353, -99627, -133599, 4837, 73867, 52320, 9919, -23876, -64016, -63232, 62923, 125487, 350, -127449, -91278, 78874, 146211, 12380, -134707, -99337, 75977, 135710, 3448, -107807, -78413, 46700, 118191, 19887, -107752, -75244, 77474, 88717, -51230, -63453, 34765, 30650, -41568, -18773, 71572, 33008, -93868, -66644, 83963, 107438, -44787, -112871, -21194, 107753, 89842, -72680, -131672, 21766, 132628, 37162, -98998, -75853, 49550, 81157, 2734, -56961, -39402, 17371, 46438, 26785, -25272, -52939, -7418, 47717, 39616, -18045, -57470, -17331, 50530, 47589, -24232, -66442, -3026, 64335, 23887, -42970, -37050, 19299, 39111, -1089, -29602, -10528, 22760, 13733, -19061, -7406, 16603, 2886, -15952, -2719, 19517, 2371, -18731, -2616, 10732, 7850, -3023, -10128, -4228, 7465, 12922, 449, -18288, -8660, 17905, 19177, -14104, -22831, 9693, 19068, -3798, -9360, 1537, 1515, -5365, 5941, 13662, -11541, -20407, 10132, 23882, -1783, -19754, -5895, 10112, 12426, 7208, -14179, -22483, 8249, 34057, 4920, -40148, -16068, 37429, 24430, -28319, -18947, 18513, 18600, -11310, -14052, 8155, 8929, -9059, -5708, 13500, 4838, -17540, -7830, 18910, 14729, -15840, -24267, 12521, 24036, -4384, -18406, -2675, 11404, 5283, -4571, -3136, 1408, 266, -2798, 2205, 6050, -3969, -8713, 4015, 13521, -3194, -17124, 5718, 18521, -8568, -20940, 12596, 26508, -16009, -33919, 18550, 38475, -17019, -38122, 11357, 28387, -1604, -10892, -7819, -9600, 12461, 26113, -9496, -34124, -1078, 32460, 15346, -20132, -27211, -1191, 35770, 20421, -37136, -36092, 34978, 42747, -32556, -38648, 33315, 25721, -37832, -10739, 46508, -1046, -55698, 4149, 60169, -4456, -60392, 3101, 55553, -3963, -44069, 10914, 30157, -21361, -15400, 32626, 4416, -42606, 1677, 40324, -1196, -37319, -996, 31771, 5591, -24319, -9602, 16725, 13927, -9161, -18198, 1698, 23437, 6845, -28911, -25270, 35508, 38647, -35735, -49554, 31507, 56658, -24102, -55487, 15551, 46455, -7660, -28999, -92, 6685, 7646, 32937, -13450, -65429, 26156, 97199, -43867, -125830, 65011, 150705, -77704, -168211, 75392, 174531, -52815, -163511, 9365, 124847, 45231, -73139, -91290, 13265, 121892, 41986, -128076, -84081, 111568, 104466, -81698, -103517, 51125, 86212, -29590, -61222, 27749, 43044, -34068, -38426, 41957, 48916, -42550, -69193, 27408, 90342, 3910, -102633, -43046, 95803, 77668, -48729, -77964, 19044, 79149, 8743, -67650, -29271, 43761, 33983, -17264, -22596, -3451, -138, 9838, 24254, -6690, -44167, -5251, 50673, 11343, -46421, -12072, 31565, 8180, -12439, 1147, -2162, -13408, 9372, 24038, -9563, -29651
1791219428.468, MrmFullScanInfo, 481, 107, 2037855, 0, 0, 0, 0, 10000, 39297, 32, 2, 2, 1, 480, 0, 0, 0, 0, 0, 0, 167611, -228389, -310916, 479008, 360501, -535726, -379500, 349603, 435284, -33169, -508751, -253773, 509029, 430421, -374159, -521230, 137145, 579140, 108254, -566949, -280873, 392080, 333178, -48850, -255974, -334430, 88888, 607287, 79978, -721679, -175651, 712266, 187793, -645553, -152405, 579561, 125290, -547592, -144614, 550295, 211413, -536345, -301944, 421225, 401779, -177664, -490748, -116145, 503977, 355730, -371973, -510174, 113245, 601532, 162194, -623618, -355618, 531796, 458375, -311039, -520216, 33051, 564506, 167135, -542295, -177447, 401912, -204, -197847, 254836, 67597, -443686, -96370, 461199, 250614, -289980, -440963, 13770, 569940, 242777, -546173, -417068, 342016, 520132, -34367, -550311, -253550, 459402, 453101, -230053, -559916, -63487, 565911, 314673, -447007, -461975, 221283, 482838, 25439, -370031, -186148, 155595, 194772, 70518, -62168, -199354, -129851, 169657, 273352, -7145, -287788, -194136, 159747, 329293, 49799, -334266, -241936, 210117, 335840, -17269, -302710, -159078, 167770, 253494, 6402, -244858, -148586, 155014, 211397, -34954, -189340, -58446, 113744, 90087, -33592, -61288, -8574, 3329, -1377, 41552, 44496, -42618, -85213, -1964, 93371, 65280, -58684, -110663, -4710, 113249, 66523, -70221, -98862, -213, 90775, 68918, -50487, -111639, -827, 120309, 39570, -102967, -52362, 76910, 42883, -60092, -26614, 61346, 19856, -74692, -30384, 83251, 54932, -70261, -82768, 30074, 101473, 27342, -100751, -81683, 75584, 113998, -30851, -115420, -18405, 88603, 53891, -44753, -63454, -304, 46181, 31389, -12034, -39553, -22484, 24933, 41925, 3925, -39148, -33316, 17082, 50348, 14579, -49227, -43578, 32786, 59465, -8751, -58144, -14404, 43277, 30179, -22917, -36104, 5090, 34024, 5101, -27811, -7025, 21178, 3859, -16726, 372, 14858, -2884, -13679, 2261, 11042, 1337, -6247, -5688, -329, 7752, 7861, -5662, -14880, -320, 19635, 7898, -20873, -13590, 18320, 14670, -13096, -10769, 7892, 3423, -5630, 5103, 7380, -12103, -11647, 14820, 15527, -11802, -16020, 3960, 11155, 5767, -935, -13416, -12633, 15617, 26351, -11403, -36740, 3151, 40920, 5200, -37918, -10844, 29659, 13030, -20112, -12202, 13086, 9127, -10458, -5160, 11845, 2255, -15260, -2466, 18507, 6476, -20001, -12359, 18641, 16711, -13983, -17260, 7176, 14212, -869, -9447, -2539, 5254, 2346, -3190, 438, 3647, -4005, -6175, 7059, 9857, -9491, -13503, 11960, 16335, -15044, -18718, 18923, 21614, -23226, -25162, 26673, 27957, -27088, -27620, 22386, 22220, -12167, -11604, -1157, -2157, 12817, 15649, -17800, -25419, 13506, 28767, -957, -24387, -15925, 13108, 32196, 1953, -43893, -16238, 49471, 25125, -49923, -25457, 47750, 17065, -45693, -3182, 45606, -11043, -47738, 21216, 50735, -25684, -52183, 25828, 49538, -24636, -41173, 24819, 27440, -27502, -10930, 31690, -4258, -35110, 14176, 36015, -16889, -34237, 13319, 30643, -6183, -25932, -1881, 20477, 9471, -14487, -16482, 7566, 23670, 1160, -31691, -11861, 39844, 23365, -45834, -33745, 47290, 41088, -43351, -43392, 34685, 38978, -22570, -26501, 8053, 5507, 8736, 22285, -28457, -52640, 51655, 80689, -77379, -103446, 102010, 120190, -119254, -131290, 121658, 136125, -103171, -132362, 62354, 117480, -4846, -90860, -57155, 54703, 109076, -13739, -139407, -25438, 143669, 55894, -125578, -72356, 95324, 73306, -65343, -62061, 45223, 46167, -38192, -34686, 40751, 34414, -45013, -47059, 42378, 68441, -27481, -88561, 1522, 95869, 28724, -84514, -54972, 58173, 70713, -26606, -72460, -689, 60071, 17103, -37692, -19632, 12752, 9125, 7092, 9910, -17360, -30397, 18326, 44827, -13643, -47897, 7659, 38803, -3563, -21515, 3189, 2661, -6928
1791219428.468, MrmFullScanInfo, 481, 107, 2037855, 0, 0, 0, 0, 10000, 39297, 32, 4, 2, 1, 480, 0, 0, 0, 0, 0, 0, -58, 346, 24, -880, 134, 989, -223, -362, -7, -410, 509, 572, -1013, -118, 1403, -470, -1555, 978, 1255, -1212, -648, 1002, 159, -497, 144, 100, -618, -24, 1179, 103, -1182, -173, 283, 240, 957, -307, -1609, 211, 1408, 113, -762, -163, 118, -434, 563, 1200, -1268, -1273, 1611, 590, -1412, 28, 967, 316, -736, -1297, 804, 2050, -162, -206, -16565, -2027, 66035, -13152, -114103, 60367, 98930, -115231, -34457, 146467, 6590, -160100, -40640, 168319, 72245, -152860, -63127, 99914, 42667, -37193, -37927, -1126, 39300, 8853, -29692, -144, 9995, -13850, 10763, 27120, -30952, -30805, 51051, 21505, -63365, -7276, 56771, -4239, -25805, 15677, -25020, -28801, 79415, 37239, -115236, -36575, 120624, 28878, -103003, -18227, 79971, 8472, -63389, -3283, 52487, 4588, -39329, -10923, 18096, 18659, 10322, -24153, -40545, 25135, 67033, -21532, -86472, 15246, 97478, -9127, -99616, 5651, 93492, -5956, -81564, 9450, 67589, -13992, -54702, 16920, 43873, -16463, -33820, 12704, 22660, -7270, -9915, 2054, -2946, 1925, 13717, -4484, -20979, 5725, 24772, -5597, -26145, 3932, 25979, -646, -24383, -4065, 21033, 9636, -15620, -15319, 8205, 20273, 334, -23408, -7955, 23307, 12482, -18853, -13151, 10670, 11036, -1535, -7773, -5249, 4571, 8131, -2444, -7952, 2410, 6982, -5023, -7549, 9856, 10935, -15423, -16798, 19624, 23469, -20551, -28727, 17282, 30684, -10300, -28473, 1372, 22748, 6870, -15405, -11942, 8766, 12635, -4637, -9511, 3759, 4598, -5678, -368, 9154, -1282, -12762, -200, 15354, 4131, -16321, -9118, 15586, 13668, -13528, -16697, 10726, 17933, -7632, -17948, 4444, 17720, -1166, -17997, -2130, 18924, 5248, -19878, -7964, 19875, 10196, -18293, -11849, 15297, 12664, -11633, -12313, 8131, 10678, -5348, -8017, 3406, 5119, -2093, -3086, 1110, 2837, -126, -4596, -1222, 7789, 3306, -11339, -6180, 14050, 9398, -15041, -11936, 14015, 12660, -11295, -11081, 7753, 7599, -4569, -3069, 2710, -1696, -2454, 5868, 3419, -8542, -4795, 9077, 5745, -7387, -5673, 4128, 4401, -466, -2149, -2515, -505, 4337, 2765, -5173, -4073, 5486, 4436, -5633, -4235, 5785, 3976, -5982, -4050, 6125, 4590, -5910, -5352, 4996, 5896, -3333, -5842, 1229, 4946, 888, -3164, -2719, 797, 4149, 1615, -5063, -3717, 5359, 5494, -5038, -6973, 4174, 8094, -2738, -8844, 658, 9327, 1971, -9561, -4913, 9439, 7948, -8879, -10817, 7964, 13091, -6817, -14193, 5484, 13753, -3936, -11770, 2147, 8798, -221, -5875, -1409, 4013, 2193, -3564, -1845, 4103, 598, -4831, 950, 4920, -2127, -3807, 2507, 1410, -2125, 1925, 1421, -5627, -940, 9071, 1168, -11577, -2370, 12645, 4405, -12170, -6635, 10286, 8220, -7203, -8561, 3357, 7463, 563, -5107, -3805, 2117, 5895, 615, -6713, -2363, 6488, 2927, -5508, -2601, 3895, 2086, -1783, -2228, -438, 3548, 2300, -5865, -3632, 8407, 4538, -10447, -4954, 11596, 4425, -11657, -2530, 10427, -405, -7839, 3384, 4325, -5364, -770, 5865, -1790, -5046, 2750, 3503, -2233, -1803, 970, 195, 322, 1373, -1495, -2897, 2811, 4133, -4346, -4838, 5722, 4911, -6451, -4289, 6209, 3204, -4930, -2119, 3051, 1129, -1297, 20, 179, -1090, 198, 1240, -44, -94, -197, -1784, -236, 3465, 2371, -4437, -6940, 4915, 13722, -5564, -21135, 7058, 26792, -9600, -28667, 12847, 26121, -16146, -19959
1791219428.468, MrmDetectionListInfo, 481, 139, 71, 40561, 72, 59307, 73, 65535, 74, 65535, 75, 65535, 76, 65535, 77, 65535, 78, 65535, 79, 65535, 80, 65535, 81, 65535, 82, 65535, 83, 65535, 84, 65535, 85, 65535, 86, 65535, 87, 49359, 88, 33036, 89, 22996, 90, 18929, 91, 19135, 92, 20094, 93, 17777, 94, 11915, 95, 7421, 97, 16981, 98, 26243, 99, 33332, 100, 37489, 101, 39491, 102, 39760, 103, 38000, 110, 41808, 111, 59286, 112, 65535, 113, 65535, 114, 65535, 115, 65535, 116, 65535, 117, 61180, 118, 52546, 119, 44155, 120, 37316, 131, 34048, 132, 42743, 133, 48212, 134, 50914, 135, 52629, 136, 54153, 137, 54963, 138, 54469, 139, 52861, 140, 50765, 141, 48563, 143, 43764, 144, 41229, 145, 38831, 146, 36616, 147, 34452, 148, 32148, 149, 29551, 198, 12567, 199, 15381, 200, 18162, 201, 20615, 202, 22528, 203, 23727, 204, 24062, 205, 23429, 206, 21819, 207, 19331, 229, 13162, 230, 13913, 231, 14254, 232, 14404, 233, 14368, 234, 14035, 235, 13394, 236, 12568, 237, 11695, 243, 11528, 245, 13607, 246, 14205, 247, 14573, 248, 14736, 249, 14645, 250, 14263, 251, 13620, 252, 12779, 254, 10692, 270, 8509, 271, 9959, 272, 11292, 273, 12389, 274, 13117, 275, 13386, 276, 13165, 277, 12464, 278, 11325, 279, 9826, 290, 7069, 292, 6950, 331, 5223, 333, 5686, 342, 6678, 343, 7530, 344, 8214, 345, 8772, 346, 9286, 347, 9756, 348, 10114, 349, 10298, 350, 10286, 351, 10075, 352, 9653, 353, 9004, 354, 8130, 380, 6066, 381, 6815, 382, 7549, 383, 8178, 384, 8640, 385, 8915, 386, 8986, 387, 8816, 388, 8363, 389, 7613, 390, 6603, 413, 5812, 414, 6540, 416, 7746, 472, 10128, 473, 12199, 474, 14295, 475, 16285, 476, 18004, 477, 19313, 478, 20132, 479, 20429
1791219428.578, MrmFullScanInfo, 482, 107, 2037980, 0, 0, 0, 0, 10000, 39297, 32, 1, 2, 1, 480, -420929, 490842, 418999, -481268, -448853, 450329, 503499, -372181, -520086, 109574, 520191, 337125, -496050, -497855, 373640, 517759, -118358, -520119, -171476, 519482, 316290, -512832, -474130, 481911, 520159, 513906, -178243, -520192, -400930, 501005, 357465, -502242, -433810, 506033, 280884, -518291, -287770, 518521, 219904, -516867, -295382, 515892, 430444, -506417, -515287, 382369, 520192, 93916, -520115, -491876, 445629, 519437, -159994, -519940, -238599, 519735, 466826, -502084, -515894, 385548, 520000, -135865, -520133, -257590, 515799, 448711, -317392, -419566, -166590, 258738, 514574, 225563, -349934, -510386, -463276, 377352, 520192, 90671, -519316, -461743, 498879, 518063, -333473, -520090, 87363, 520054, 246716, -513102, -504583, 357681, 520155, 138216, -520147, -488196, 462310, 519733, -78831, -519730, -201699, 513918, 323965, -345010, -286078, -36429, 27531, 260442, 289738, -248009, -492545, 32388, 499840, 267009, -301415, -393373, -27933, 347495, 310147, -184914, -431624, -71980, 352595, 261764, -166801, -292845, -6829, 238890, 159934, -115128, -214867, -43334, 133023, 142892, -26246, -154814, -61951, 87057, 109338, 17356, -52088, -83372, -67080, 77388, 149306, -4234, -157915, -101072, 105207, 162744, 2984, -141747, -101847, 67916, 136870, 18660, -105027, -94649, 38264, 125589, 33651, -101591, -84592, 60876, 88321, -28358, -51403, 8881, 6760, -20771, 12903, 63525, 8287, -96763, -56910, 94028, 119401, -54878, -141208, -20784, 144863, 101450, -108960, -153212, 49661, 158959, 21925, -123561, -75215, 66835, 89434, -5922, -70813, -38520, 34030, 49859, 12047, -26697, -40367, -10215, 32272, 46389, 4485, -66060, -46594, 56580, 82905, -24748, -101509, -9142, 95849, 31625, -66099, -47058, 34303, 47395, -8808, -35628, -10077, 26600, 17841, -23077, -16184, 21652, 16828, -24323, -18949, 31637, 22960, -31985, -25326, 24748, 30952, -13647, -31741, 3741, 25657, 7042, -13844, -12039, 3398, 10353, 8526, -5162, -11352, 2761, 4959, -1722, 6507, 5860, -13730, -16539, 16424, 29706, -13517, -37234, 2315, 37364, 14677, -26673, -25699, 10033, 31805, 13937, -27938, -33268, 13957, 44959, 6281, -48538, -23049, 41981, 32009, -29324, -24624, 17370, 21836, -10269, -13937, 8662, 6429, -11627, -2618, 17718, 4126, -20846, -11437, 19849, 22619, -14364, -38200, 6280, 40259, 5104, -36715, -15090, 29617, 19410, -20203, -18154, 13660, 13959, -9403, -8221, 6915, 3549, -4918, -821, 4233, -2601, -3541, 8319, 3635, -13530, -6544, 17683, 15107, -21421, -26425, 22439, 34892, -19185, -37198, 11764, 30280, -550, -16486, -11514, -583, 20592, 14499, -19885, -20664, 12097, 18413, 1344, -8154, -13147, -7848, 23139, 23302, -26385, -34067, 26300, 36506, -26005, -29931, 27915, 15467, -33888, 1977, 42859, -15836, -52380, 20437, 55369, -22974, -57295, 23156, 52625, -22378, -45286, 23803, 36174, -28254, -27159, 33470, 21949, -36450, -19236, 37728, 19689, -33145, -20765, 27893, 22641, -20941, -22552, 14217, 22108, -7935, -23085, 1798, 26312, 6459, -30344, -24781, 36235, 37359, -36297, -48491, 31415, 54278, -23229, -53147, 13659, 42498, -5537, -23717, -2243, -447, 8497, 42338, -13510, -76779, 25316, 110051, -41336, -138814, 62453, 162079, -77056, -175638, 74501, 177615, -51758, -160720, 9197, 118036, 42118, -60565, -86848, -2521, 115002, 58640, -121317, -98640, 107030, 117164, -78926, -112349, 51118, 91078, -31800, -64936, 30705, 45792, -36350, -41820, 43363, 50910, -39126, -70444, 18739, 90135, 16763, -100335, -57928, 91454, 92344, -47441, -88876, 18084, 87997, 8727, -73088, -24811, 48518, 27971, -24459, -17473, 6800, -1044, -3765, 21851, 12470, -42341, -27195, 50078, 35371, -46117, -35701, 34950, 27203, -20715, -13053, 8451, -3980, -2659, 19620, 1964, -29047
1791219428.578, MrmFullScanInfo, 482, 107, 2037980, 0, 0, 0, 0, 10000, 39297, 32, 2, 2, 1, 480, 0, 0, 0, 0, 0, 0, 167662, -229193, -310559, 480627, 359603, -536845, -378681, 349013, 435164, -31193, -509345, -255740, 510047, 431323, -375716, -520885, 139518, 577913, 105417, -565422, -277842, 390664, 329635, -47477, -251569, -336012, 84390, 608998, 83029, -723058, -176338, 712806, 186108, -644991, -148870, 577968, 120356, -545217, -139110, 547990, 206622, -535630, -298695, 423072, 399806, -181274, -489735, -112661, 504514, 353399, -374910, -508694, 118337, 601068, 156382, -627759, -349747, 545623, 451276, -333908, -504102, 51097, 505447, 194006, -387732, -310504, 127656, 263302, 141714, -75293, -228898, -158667, 76975, 289028, 203834, -221796, -461343, 4307, 596324, 234876, -556414, -413684, 347721, 523976, -48588, -552192, -235189, 447141, 441694, -198673, -550382, -107090, 534486, 360538, -378927, -512426, 140911, 544872, 65089, -433562, -148864, 191132, 89273, 87643, 71265, -263952, -252917, 252163, 368532, -78123, -354334, -146877, 201118, 300861, 31353, -313668, -242167, 190719, 346944, -749, -317683, -165935, 185083, 244467, -16817, -217736, -114957, 112704, 165799, 15038, -134892, -105965, 57596, 125130, 15160, -77176, -41315, -183, 10134, 57555, 53638, -60464, -108466, 9198, 120469, 62786, -79777, -112439, 5243, 112862, 66378, -64153, -102702, -10400, 92286, 77963, -46496, -113777, -8755, 111980, 46372, -83988, -52510, 50623, 33486, -32653, -9344, 39860, 950, -64524, -18239, 85634, 56354, -81478, -100143, 42943, 132066, 20146, -138008, -84402, 111336, 126466, -57824, -133902, -4497, 107901, 53505, -60467, -73813, 9881, 62690, 25794, -30083, -35671, -5520, 19548, 25636, 12906, -20943, -45982, -5647, 64683, 42600, -62146, -75109, 41666, 90787, -12441, -85172, -15455, 63057, 34444, -34298, -41879, 8514, 40372, 8264, -34949, -15104, 30247, 15324, -28970, -13318, 30757, 12316, -32444, -13999, 30768, 18105, -24672, -22142, 15212, 22902, -4595, -18686, -4464, 10326, 9879, -1002, -11204, -4923, 9509, 4433, -6921, 2000, 6310, -11005, -9927, 18400, 17533, -20531, -26055, 15342, 31315, -3540, -29805, -11291, 20001, 24138, -3224, -30352, -16690, 27377, 34831, -16209, -46775, 1589, 49739, 10732, -43740, -17321, 32174, 17922, -20329, -14084, 12619, 7958, -10653, -2334, 13222, 168, -17517, -3731, 20854, 12989, -21507, -24696, 18453, 34082, -11520, -37857, 2257, 35751, 6291, -29563, -11296, 21767, 11723, -14381, -8606, 8530, 4026, -4575, 497, 2307, -4722, -1215, 9090, 1260, -13906, -3310, 19190, 8242, -24498, -15460, 28464, 22515, -28832, -26274, 23541, 24655, -12192, -17732, -2794, 7707, 16486, 2256, -23510, -9337, 20913, 11705, -9593, -8682, -6464, 982, 22240, 9109, -33799, -18100, 39603, 22273, -40593, -18967, 39133, 7928, -37712, 8021, 37825, -24046, -39590, 35860, 41943, -41713, -43155, 42484, 41638, -40451, -36616, 38109, 28664, -37069, -19545, 37559, 11602, -38604, -6727, 38796, 5646, -37112, -7741, 33359, 11456, -28013, -15248, 21768, 18540, -15210, -21848, 8060, 26314, 633, -32665, -11144, 39973, 22330, -45528, -32301, 46520, 39196, -41868, -40979, 32318, 35827, -19423, -22171, 4482, -558, 12343, 30535, -31815, -63124, 54591, 92867, -79907, -116078, 104289, 131460, -121238, -139294, 122883, 139534, -103245, -130605, 61517, 110467, -3831, -78931, -57714, 38967, 109078, 3776, -139227, -42264, 143879, 69834, -126595, -82140, 97247, 78924, -67967, -64682, 48139, 47416, -40720, -35817, 41698, 36040, -42784, -49318, 35738, 71133, -16386, -91382, -12584, 98703, 43362, -87369, -67655, 61126, 80005, -29995, -78442, 3696, 64168, 11617, -42190, -13819, 20127, 3921, -5029, 14479, -5, -35308, -3082, 51192, 9369, -56395, -13967, 49613, 13922, -34243, -8449, 16287, -1384
1791219428.578, MrmFullScanInfo, 482, 107, 2037980, 0, 0, 0, 0, 10000, 39297, 32, 4, 2, 1, 480, 0, 0, 0, 0, 0, 0, -9, -641, 421, 1229, -873, -716, 733, -695, -129, 1765, -376, -1714, 626, 842, -1057, 177, 1844, -861, -2415, 1053, 2839, -1010, -3590, 1183, 4667, -1588, -5030, 1777, 3801, -1409, -1288, 489, -1712, 740, 4342, -1899, -6168, 2691, 6644, -2442, -5504, 704, 3495, 1745, -1792, -3249, 413, 3084, 1481, -2218, -4036, 1658, 6133, -317, -6732, -5638, 6900, 17727, -8428, -29391, 13298, 28356, -44234, 5994, 134956, -93372, -276682, 209507, 375577, -274400, -338315, 228383, 187436, -106642, -34017, -757, -38619, 43104, 41001, -32908, -25717, 7421, 24098, 7227, -30271, -3835, 26554, -14765, -10643, 38268, 1992, -52397, -20866, 53810, 59230, -57083, -77854, 67764, 47763, -66466, 14629, 33159, -67883, 24252, 86937, -73352, -77646, 89856, 58437, -75273, -40244, 48487, 23129, -28117, -5720, 21137, -7628, -22910, 11303, 23983, -5985, -17842, -1408, 3858, 4011, 14477, 376, -31724, -9471, 42322, 18788, -42458, -23907, 31445, 21746, -12421, -11203, -7675, -5578, 20849, 23185, -22689, -35080, 15158, 36596, -5066, -27575, -811, 12836, 202, 654, 4137, -7912, -7299, 8220, 5819, -4703, 605, 2016, -9689, -3424, 18189, 9201, -22951, -16672, 21626, 21415, -13695, -19313, 1305, 9097, 10994, 6704, -17986, -23254, 16539, 35748, -7546, -40976, -4731, 37855, 15362, -27771, -21114, 14233, 21393, -1409, -17899, -7533, 13629, 11344, -11385, -10888, 12501, 9027, -16437, -9302, 21266, 13823, -24548, -21967, 24350, 30838, -20290, -36824, 13722, 37372, -6842, -32188, 1584, 23103, 1106, -12900, -1481, 4034, 815, 2210, -697, -5735, 2326, 7251, -5907, -7774, 10587, 8229, -14881, -9003, 17453, 9754, -17792, -9786, 16502, 8587, -14887, -6222, 14103, 3497, -14417, -1692, 15036, 1968, -14613, -4585, 12053, 8434, -7043, -11366, 208, 11255, 7023, -7103, -12729, -299, 15162, 8680, -13425, -15229, 7879, 17731, -83, -15363, -7683, 8935, 13215, -617, -15192, -6798, 13577, 11058, -9490, -11332, 4774, 8254, -1236, -3260, -122, -1908, -535, 5436, 2221, -5908, -3769, 2828, 4330, 3123, -3496, -10339, 1272, 16945, 1976, -21421, -5591, 23037, 8810, -21759, -10922, 18001, 11557, -12445, -10876, 5979, 9396, 508, -7582, -6331, 5713, 10959, -3985, -13845, 2518, 14563, -1277, -13108, 156, 10062, 865, -6346, -1630, 2658, 1943, 905, -1602, -4605, 542, 8554, 1111, -12452, -2994, 15676, 4674, -17380, -5883, 16897, 6617, -14262, -7016, 10278, 7170, -5976, -7127, 2125, 6957, 1021, -6791, -3751, 6873, 6559, -7540, -9587, 8855, 12522, -10313, -14814, 10961, 15779, -9697, -14843, 5759, 12084, 833, -8297, -8969, 4932, 16693, -3337, -21907, 3745, 23530, -5097, -22036, 6112, 18751, -6304, -14861, 5814, 11166, -4993, -8089, 4035, 5744, -2936, -4024, 1734, 2669, -630, -1340, -141, -183, 458, 1834, -227, -3305, -620, 4271, 2201, -4589, -4569, 4462, 7544, -4279, -10548, 4327, 12789, -4706, -13518, 5275, 12252, -5591, -8941, 5158, 4030, -4025, 1868, 2747, -8142, -1743, 13999, 1016, -18311, -331, 20035, -396, -18845, 1102, 15266, -1636, -10424, 1932, 5653, -1959, -2074, 1616, 120, -593, 518, -1607, -390, 5254, -110, -9843, 745, 14098, -1361, -16536, 1954, 16315, -2552, -13732, 3263, 10027, -4189, -6718, 5185, 5027, -5640, -5582, 4942, 8223, -3351, -11904, 2038, 14966, -1927, -15893, 2876, 14148, -4182, -10227, 5324, 5212, -5933, -384, 5688, -3157
1791219428.578, MrmDetectionListInfo, 482, 167, 64, 6864, 65, 9959, 66, 13673, 67, 17404, 68, 20764, 69, 24049, 71, 37397, 72, 58283, 73, 65535, 74, 65535, 75, 65535, 76, 65535, 77, 65535, 78, 65535, 79, 65535, 80, 65535, 81, 65535, 82, 65535, 83, 29833, 86, 39224, 87, 50577, 88, 39641, 89, 19746, 91, 10990, 92, 18134, 93, 20966, 94, 18475, 95, 15614, 96, 16052, 97, 19247, 98, 23053, 99, 26912, 100, 32096, 101, 39724, 102, 49360, 103, 59139, 104, 65535, 105, 65535, 106, 65535, 107, 56832, 108, 44362, 109, 34500, 110, 33828, 111, 43769, 112, 58507, 113, 65535, 114, 65535, 115, 65535, 116, 65535, 117, 65535, 118, 58733, 119, 47247, 120, 36646, 192, 20720, 193, 16984, 198, 12134, 199, 12320, 200, 11599, 204, 13175, 206, 16767, 207, 19223, 208, 21812, 209, 24146, 210, 25935, 211, 27021, 212, 27305, 214, 25255, 215, 23021, 216, 20203, 217, 17052, 235, 12961, 236, 13564, 237, 13866, 239, 13398, 240, 12706, 241, 11845, 242, 10921, 263, 11187, 264, 13370, 265, 13768, 266, 12280, 267, 10102, 268, 8614, 269, 8571, 270, 9514, 271, 10047, 272, 9333, 273, 8237, 274, 8415, 275, 10147, 276, 11848, 277, 11941, 278, 10433, 299, 12860, 300, 14434, 301, 15533, 302, 15963, 303, 15817, 304, 15259, 305, 14341, 306, 13035, 307, 11363, 308, 9451, 314, 7724, 315, 8470, 316, 8492, 317, 8338, 318, 8280, 319, 8116, 320, 7571, 321, 6667, 333, 5080, 336, 8948, 337, 10169, 338, 11016, 339, 11487, 340, 11645, 341, 11508, 342, 11061, 343, 10327, 344, 9391, 345, 8354, 346, 7288, 354, 6378, 355, 7250, 356, 8130, 357, 9150, 358, 10292, 359, 11405, 360, 12325, 361, 12955, 362, 13223, 363, 13039, 364, 12302, 365, 10974, 371, 9615, 372, 11143, 373, 11992, 374, 12686, 375, 13475, 376, 14094, 377, 14203, 378, 13779, 379, 13048, 380, 12192, 381, 11240, 382, 10174, 383, 9038, 384, 7929, 385, 6916, 386, 5999, 410, 8270, 411, 8774, 413, 9248, 414, 9121, 415, 8684, 416, 7915, 425, 8277, 426, 9013, 427, 9539, 428, 9973, 430, 10072, 431, 9616, 432, 8913, 470, 8526, 471, 8928, 472, 9122
1791219428.710, MrmFullScanInfo, 483, 107, 2038105, 0, 0, 0, 0, 10000, 39297, 32, 1, 2, 1, 480, -418451, 492469, 420555, -479944, -452195, 447768, 504350, -375072, -519885, 115592, 520099, 331675, -496610, -496333, 374121, 517001, -118466, -520192, -172784, 519633, 322249, -512729, -473755, 483762, 520173, 512139, -201415, -520161, -391470, 502322, 346330, -502969, -431795, 506498, 288503, -518334, -292716, 518276, 229656, -517232, -303973, 515980, 437068, -507369, -516216, 372884, 520192, 105335, -519894, -494146, 441490, 519517, -155673, -519540, -232863, 519860, 458911, -504734, -514391, 418734, 519388, -249703, -520185, 11281, 325000, 55134, 513925, 119381, -519449, -327854, 511531, 450650, -462515, -506004, 301900, 514520, -81346, -512234, -375587, -126730, 510346, 518234, -321333, -520192, 6785, 519983, 273861, -511315, -477419, 410604, 519150, 27899, -520065, -505670, 343459, 520182, 265980, -517355, -482836, 452346, 512618, -279511, -515219, 101542, 346235, 50424, 108721, -68315, -402967, -121617, 443960, 341052, -298977, -415254, 45638, 364613, 194479, -217143, -323980, -6038, 320470, 222144, -200279, -308698, 28272, 273069, 110363, -161534, -143398, 14464, 51680, 89915, 79626, -87845, -166873, 16477, 184066, 58123, -111805, -91180, -11350, 68653, 99748, 7559, -119434, -102866, 86577, 149668, -17147, -132905, -53408, 70613, 83374, 14541, -53647, -91934, -2217, 130001, 60469, -116073, -101949, 78374, 89963, -51628, -37942, 45129, -13269, -65826, 28200, 107173, -7574, -128953, -38940, 110561, 93910, -59436, -109113, -19877, 113193, 99258, -82061, -151719, 29463, 158292, 35269, -124720, -80136, 70540, 88682, -10655, -63217, -30214, 21075, 35745, 25655, -10046, -51378, -28189, 39810, 60975, -3338, -75534, -34291, 62116, 64181, -27522, -78559, -8224, 73456, 39435, -49111, -59681, 22508, 65732, -842, -59794, -13867, 52397, 17986, -48917, -13803, 45114, 13153, -41488, -15468, 42249, 22135, -34580, -26137, 23272, 32149, -10558, -34371, -670, 28609, 11980, -18675, -21678, 6506, 24186, 7013, -24352, -16458, 23159, 17076, -19657, -13710, 17493, 10469, -18350, -6687, 20864, 5451, -18729, -6466, 14199, 12262, -4921, -13111, -7113, 10946, 19862, -5825, -29209, -4427, 34073, 17805, -32726, -27095, 26151, 28932, -15380, -20667, 6878, 14841, -3228, -5281, 3893, -2601, -8191, 7199, 15247, -6431, -19494, -1027, 19881, 13202, -14773, -28643, 5701, 33623, 7883, -30384, -20536, 20692, 26069, -7041, -23932, -5566, 15961, 13590, -2767, -15527, -11950, 11736, 22231, -4865, -29591, -5396, 34558, 15749, -33835, -25299, 30521, 35377, -26104, -44581, 21435, 48593, -15828, -48274, 6418, 38541, 7188, -20657, -20669, 1290, 31696, 15300, -34440, -25834, 26614, 28331, -12439, -20818, -3556, 3762, 16948, 13058, -24740, -28496, 27480, 35504, -26872, -31762, 27489, 17001, -31473, 2615, 40233, -21830, -52587, 32170, 60267, -37558, -65541, 36335, 64910, -30205, -57272, 23751, 45655, -19223, -32317, 16366, 22957, -17358, -18276, 21182, 20744, -21199, -25003, 19588, 29989, -16634, -34122, 11364, 35967, -5279, -36138, -2670, 36410, 10858, -35856, -28944, 37054, 38719, -33793, -47438, 27979, 51881, -21742, -50301, 17749, 39785, -14207, -22164, 12672, -2423, -9752, 45951, 8044, -82246, 5718, 117386, -23531, -148897, 49291, 174841, -67726, -190080, 72659, 191978, -57144, -175334, 23694, 132522, 25181, -72990, -67804, 6287, 97703, 53955, -107964, -100622, 95313, 122905, -71317, -122184, 44708, 101593, -26915, -76129, 23884, 52971, -30184, -42530, 38021, 47076, -36772, -61485, 19274, 78125, 14698, -86317, -56626, 76875, 92897, -33705, -90400, 5580, 94012, 22799, -81084, -41353, 56189, 46991, -27129, -38577, 4149, 21760, 5011, -3985, -1364, -12143, -6377, 16029, 10768, -11386, -10109, -45, 2034, 12775, 10819, -20650, -25411, 19826, 36075, -12024, -37542
1791219428.713, MrmFullScanInfo, 483, 107, 2038105, 0, 0, 0, 0, 10000, 39297, 32, 2, 2, 1, 480, 0, 0, 0, 0, 0, 0, 168190, -229134, -311881, 481169, 360960, -538998, -378955, 352827, 434068, -35387, -507661, -252651, 508749, 429908, -374819, -520847, 138353, 578843, 107004, -567026, -280502, 392854, 335158, -50558, -261086, -331900, 96030, 604654, 73511, -719986, -172270, 712232, 188237, -647077, -155480, 581759, 128912, -549432, -147300, 551037, 212753, -535364, -302528, 418400, 402189, -173933, -490980, -119248, 504428, 357103, -374496, -509591, 119430, 602140, 152805, -639496, -342105, 593207, 421167, -452261, -372536, 256741, 172484, -78605, 137051, -13525, -432481, -12017, 602041, 129059, -618825, -277101, 491555, 375299, -239075, -341534, -83811, 156800, 361651, 104797, -462933, -342099, 341955, 508350, -77744, -578048, -199427, 498417, 403044, -251944, -484132, -83607, 402641, 388025, -170767, -580514, -111839, 630078, 323436, -538172, -390391, 344314, 289917, -122541, -58946, -37207, -202289, 68118, 377112, 27874, -396695, -178414, 265723, 289487, -50021, -295691, -159600, 187135, 288025, -11186, -301228, -154646, 213820, 244365, -81610, -232032, -25224, 137450, 59736, -14479, -20448, -76270, -54833, 100094, 113894, -63027, -118807, 988, 65949, 42814, 15438, -40666, -84655, -4820, 112148, 64098, -90616, -101137, 36115, 94058, 21002, -43413, -53186, -30137, 49223, 96452, -17172, -131975, -21199, 131119, 41934, -105731, -33693, 76732, 5013, -63074, 23181, 71001, -31318, -90102, 12033, 100090, 27851, -83430, -72734, 35762, 105890, 30894, -114238, -94249, 91775, 133588, -44292, -138544, -10742, 111174, 52085, -63716, -65301, 14499, 48656, 18666, -13093, -25749, -22646, 7876, 41179, 24088, -35182, -54054, 9118, 67770, 25571, -59428, -55980, 33092, 72119, 1421, -70488, -33568, 54758, 55653, -32829, -65148, 12882, 64478, -243, -58199, -4467, 50600, 4783, -44483, -5097, 40326, 7981, -36366, -13811, 30529, 21064, -22105, -26850, 11429, 28355, 555, -24444, -12207, 16008, 21632, -5566, -27474, -3458, 29255, 8436, -27535, -8928, 24125, 6390, -21051, -2906, 19014, 656, -17085, -1242, 13710, 4668, -7648, -9205, -1444, 12379, 12598, -12023, -23736, 7088, 32454, 1467, -36611, -10476, 34909, 16419, -27819, -17506, 18031, 14028, -9312, -7417, 4557, -381, -4604, 6860, 8317, -9334, -13362, 5745, 17328, 3851, -18311, -16360, 14920, 26910, -6840, -31462, -4147, 28605, 14389, -19501, -20080, 7134, 18960, 4865, -11129, -13455, -1103, 16881, 14487, -14813, -26241, 8210, 34679, 1315, -39159, -12255, 40123, 23296, -38692, -32881, 35526, 39090, -29935, -40101, 20366, 35093, -6031, -24962, -11397, 12224, 27521, 192, -36965, -9962, 36171, 15314, -25206, -14973, 7524, 8829, 11756, 1380, -27821, -12153, 37796, 19116, -41360, -18446, 40373, 8644, -37885, 8392, 36690, -27985, -38099, 44794, 41589, -54942, -45269, 57111, 46842, -52380, -44540, 43450, 38116, -33577, -29144, 25737, 20403, -21752, -14536, 21597, 12910, -23563, -15267, 25413, 20125, -25454, -25629, 22854, 30419, -17578, -34052, 9678, 37057, 737, -40215, -12704, 43347, 24309, -45005, -33605, 43849, 39106, -39814, -39158, 33675, 32155, -25985, -16540, 16538, -8362, -3976, 40663, -13579, -75392, 37141, 106782, -65542, -131080, 94614, 146930, -117366, -154377, 125683, 153178, -113078, -141849, 77614, 118691, -24053, -83883, -36459, 40573, 89825, 5548, -124128, -47370, 133753, 77929, -121012, -92451, 94816, 90297, -66789, -75502, 46496, 55740, -37695, -39833, 37453, 34688, -38186, -42555, 31560, 59886, -12646, -77372, -16502, 83984, 48249, -73560, -74212, 48722, 88688, -18260, -88973, -8848, 75109, 26537, -51325, -32377, 25443, 27040, -5431, -13860, -4599, -1550, 5722, 12735, -2256, -15012, -1077, 7765, 975, 5416, 3815, -18575, -12308
1791219428.716, MrmFullScanInfo, 483, 107, 2038105, 0, 0, 0, 0, 10000, 39297, 32, 4, 2, 1, 480, 0, 0, 0, 0, 0, 0, 525, -217, -1151, 1085, 1000, -2494, 29, 3546, -1146, -3441, 1509, 2344, -1004, -1048, 420, 121, -369, 538, 574, -1114, -1454, 1710, 3913, -2513, -7346, 3354, 9297, -3501, -7776, 2412, 3485, -348, 1383, -1750, -4712, 2936, 5844, -3008, -5260, 1949, 3705, 576, -2293, -3843, 1572, 5789, -1022, -5098, 577, 2631, -1482, -89, 3974, 830, -6659, -14012, 10654, 54714, -33673, -129600, 138974, 214670, -358783, -263710, 594591, 246585, -690184, -172698, 628766, 73696, -542817, -6926, 507934, 25288, -472558, -105385, 371754, 161262, -222318, -140945, 85470, 75523, 1155, -13972, -38556, -26625, 44645, 44146, -42364, -35700, 68075, -336, -143772, 51876, 238127, -94051, -290837, 116787, 281619, -138010, -234416, 175253, 166766, -209423, -85875, 204599, 10554, -152865, 38479, 78602, -62616, -13611, 76846, -21538, -86340, 25026, 81741, -10686, -55336, -3382, 12927, 6578, 31579, -131, -68412, -8300, 96142, 13215, -116390, -14533, 128222, 14545, -127652, -13346, 112407, 8669, -86387, -28, 57630, -9133, -32672, 13584, 13025, -10295, 3993, 804, -20871, 10176, 36446, -18291, -46705, 21966, 48535, -22005, -41950, 19909, 29194, -16892, -12814, 14174, -5141, -13420, 22208, 15891, -35139, -20628, 41390, 24296, -40653, -23433, 34914, 17124, -27006, -7643, 19246, -1477, -12785, 7883, 7962, -11255, -4648, 12441, 2367, -12201, -398, 11007, -1965, -9575, 5073, 9021, -8562, -10216, 11300, 12966, -12065, -15904, 10636, 17237, -8110, -15685, 6116, 11186, -5466, -4492, 5492, -3284, -4728, 10826, 2418, -16996, 848, 21307, -4007, -23879, 6465, 24887, -8010, -24346, 8438, 22304, -7355, -18924, 4472, 14759, -162, -10687, -4398, 7416, 7864, -5103, -9641, 3260, 9976, -1115, -9457, -1950, 8411, 6025, -6610, -10501, 3526, 14346, 1119, -16391, -6793, 15667, 12357, -11681, -16502, 4824, 18138, 3468, -16526, -11183, 11512, 16355, -3869, -17660, -4710, 14892, 12057, -8983, -16349, 1648, 16814, 5314, -13993, -10437, 9292, 12881, -4038, -12700, -1012, 10785, 5478, -8302, -8929, 6078, 10975, -4372, -11358, 3111, 10117, -2298, -7530, 2256, 4035, -3360, -407, 5644, -2046, -8653, 1894, 11519, 1551, -13000, -7653, 11701, 14541, -6711, -19928, -1567, 22055, 11230, -20079, -19606, 14215, 24450, -5800, -24726, -2937, 20854, 9773, -14443, -13478, 7546, 14203, -1700, -12981, -2619, 11044, 5865, -9308, -8820, 8136, 11989, -7173, -15230, 5669, 17764, -3222, -18644, 164, 17331, 2651, -13965, -4335, 9464, 4459, -5193, -3336, 2455, 1999, -1813, -1788, 2806, 3839, -4268, -8400, 5041, 14363, -4402, -19435, 2163, 21173, 1400, -18123, -5615, 10477, 9689, -139, -13028, -9598, 15314, 15413, -16451, -15813, 16613, 11874, -16307, -6106, 16107, 828, -16155, 2528, 16007, -3492, -14916, 2466, 12383, -490, -8462, -1204, 3816, 1815, 440, -1236, -2974, -175, 2815, 2076, 134, -4291, -4983, 6869, 10317, -9937, -14589, 13362, 16594, -16585, -15896, 19004, 12845, -20256, -8133, 20101, 2373, -18303, 4033, 14888, -10614, -10221, 16466, 4875, -20374, 528, 21348, -5430, -19288, 9424, 14980, -12313, -9750, 13983, 4927, -14415, -1562, 13730, 236, -11906, -814, 8769, 2585, -4293, -4641, -1005, 6398, 6262, -7777, -10586, 9049, 13215, -10263, -13787, 11250, 12718, -12005, -11098, 12751, 10106, -13340, -10513, 13106, 12648, -11533, -16494, 8797, 21647, -5442, -27395, 1860, 32889, 1689, -37235, -4878, 39615, 7455, -39517, -9437, 36895, 10821, -31944, -11206
1791219428.718, MrmDetectionListInfo, 483, 230, 63, 7804, 64, 14453, 65, 25914, 66, 44722, 67, 65535, 68, 65535, 69, 65535, 70, 65535, 71, 65535, 72, 65535, 73, 65535, 74, 65535, 75, 65535, 76, 65535, 77, 65535, 78, 65535, 79, 65535, 80, 65535, 81, 65535, 82, 65535, 83, 65535, 84, 65535, 85, 65535, 86, 65535, 87, 65535, 88, 65535, 89, 65535, 90, 44241, 91, 17507, 93, 21032, 94, 37974, 95, 47429, 96, 46472, 97, 42132, 98, 41538, 99, 47164, 100, 61379, 101, 65535, 102, 65535, 103, 65535, 104, 65535, 105, 65535, 106, 65535, 107, 65535, 108, 65535, 109, 65535, 110, 65535, 111, 65535, 112, 65535, 113, 65535, 114, 65535, 115, 65535, 116, 65535, 117, 65535, 118, 63269, 119, 53667, 120, 43594, 123, 56860, 124, 57696, 133, 39508, 134, 48750, 135, 56169, 136, 62102, 137, 65535, 138, 65535, 139, 65535, 140, 65535, 141, 65535, 142, 65535, 143, 59819, 144, 51837, 145, 42808, 146, 34279, 147, 27994, 148, 24198, 157, 28166, 159, 34296, 160, 35104, 161, 35058, 162, 33674, 163, 30749, 178, 30283, 204, 13789, 223, 15992, 224, 16276, 225, 16299, 226, 16186, 227, 15784, 229, 13600, 230, 11930, 254, 13027, 256, 13080, 260, 10750, 261, 11600, 262, 12611, 263, 12924, 264, 12127, 265, 10818, 266, 10103, 267, 10501, 268, 11511, 269, 12173, 270, 11842, 271, 10652, 272, 9485, 273, 9306, 274, 10180, 275, 11173, 276, 11346, 277, 10566, 278, 9331, 285, 8323, 286, 8164, 287, 7892, 288, 7677, 290, 6897, 304, 8662, 305, 10374, 306, 11805, 307, 12393, 308, 12216, 309, 11863, 310, 12168, 311, 13775, 312, 16336, 313, 18496, 314, 19123, 315, 18245, 316, 16648, 317, 15038, 318, 13772, 319, 13066, 320, 13034, 321, 13345, 322, 13223, 323, 12167, 324, 10435, 325, 8694, 326, 7489, 330, 8179, 331, 8539, 332, 8899, 333, 9380, 334, 9974, 335, 10556, 336, 10986, 337, 11173, 338, 11072, 339, 10656, 340, 9966, 341, 9255, 342, 8880, 343, 8853, 344, 8700, 345, 7980, 346, 6740, 357, 7073, 358, 8629, 359, 10009, 360, 11024, 361, 11538, 362, 11550, 363, 11210, 364, 10746, 365, 10303, 366, 9756, 371, 11634, 372, 15197, 373, 16889, 374, 16655, 375, 15697, 376, 14807, 377, 13840, 378, 12446, 379, 10740, 380, 9223, 381, 8397, 382, 8477, 383, 9155, 384, 9723, 385, 9632, 386, 8863, 404, 10235, 405, 11965, 406, 13511, 407, 14966, 408, 16141, 409, 16815, 410, 16955, 411, 16669, 412, 16047, 413, 15095, 414, 13791, 415, 12230, 416, 10797, 417, 10054, 418, 10244, 419, 11035, 420, 11815, 421, 12156, 422, 12032, 423, 11661, 424, 11288, 425, 11221, 426, 11783, 427, 12835, 428, 13656, 429, 13643, 430, 12903, 431, 11959, 432, 11126, 433, 10331, 434, 9428, 435, 8458, 436, 7591, 465, 13548, 466, 14040, 467, 14582, 468, 15147, 469, 15732, 470, 16439, 471, 17458, 472, 18882, 473, 20567, 474, 22166, 475, 23327, 476, 23916, 477, 24033, 478, 23822, 479, 23306
1791219428.839, MrmFullScanInfo, 484, 107, 2038230, 0, 0, 0, 0, 10000, 39297, 32, 1, 2, 1, 480, -418872, 491384, 419993, -480425, -449311, 445899, 505634, -370918, -520013, 108853, 520186, 333923, -497420, -497808, 375681, 516766, -118416, -520174, -171502, 519312, 320482, -513020, -475022, 480789, 520073, 512612, -190614, -519856, -399692, 501727, 353711, -502194, -437031, 505550, 284331, -518274, -293486, 518276, 223680, -515575, -301768, 516108, 436477, -506325, -515711, 376690, 520192, 96363, -520003, -493117, 446969, 519475, -156922, -519941, -234472, 519723, 469720, -502799, -516559, 392678, 519980, -142917, -520192, -294558, 501156, 512396, 191740, -492333, -519706, 267755, 520192, 103722, -519740, -285329, 502562, 31531, -396693, 410789, -8639, -515433, 204199, 520180, 25988, -519490, -242186, 515481, 439008, -466181, -516709, 253070, 520192, 211711, -519899, -509127, 388702, 520168, 139061, -518305, -415296, 491765, 488311, -400137, -488609, 269467, 257674, -183769, 123624, 181878, -351404, -321723, 378715, 477971, -223556, -500369, -45735, 429562, 252648, -252909, -362357, -12403, 323772, 250777, -162398, -322749, 8459, 297782, 108830, -219603, -156565, 89114, 71527, 7570, 41311, -18866, -123090, -19332, 168162, 73904, -131141, -101223, 33099, 71735, 38802, 8399, -49597, -108980, 23783, 155507, 34612, -131951, -88794, 63742, 91681, 15200, -45275, -80321, -13189, 111437, 64643, -94884, -93720, 56608, 79548, -37313, -35228, 31987, -6211, -46590, 17151, 82642, 7384, -101726, -56625, 83604, 111543, -34171, -131141, -35110, 132150, 104070, -96950, -142205, 40874, 133002, 19218, -90589, -64289, 31828, 72404, 24956, -50120, -59432, 9076, 65451, 30603, -39240, -53026, 2788, 44872, 31324, -14653, -50021, -15682, 46981, 39675, -25841, -52900, 3395, 47896, 13335, -29962, -24603, 13634, 28755, -5430, -25809, 2717, 27199, -5855, -32891, 10978, 36338, -9379, -39123, 34, 38664, 11376, -31910, -21507, 17720, 30654, -829, -32794, -13241, 24948, 25664, -11799, -30722, -1609, 26156, 15888, -16006, -21620, 7219, 17107, -1078, -5763, 67, -3270, -7030, 11163, 15961, -15776, -21268, 13948, 22674, -7617, -14358, 4495, 3943, -4066, 9415, 7888, -18640, -14775, 24685, 24181, -25375, -27257, 22998, 24854, -16118, -13651, 11327, 5490, -9493, 4035, 10350, -9341, -11314, 10752, 11665, -8775, -8300, 4047, 1802, 2389, 5179, -5183, -11855, 4952, 16262, -1484, -15530, -678, 9571, 2703, 397, -1596, -9707, -2329, 19209, 7839, -25122, -10276, 29780, 15000, -32654, -18019, 37324, 19607, -40275, -22966, 41131, 31318, -39480, -42616, 34451, 51730, -23827, -55719, 9006, 48948, 10387, -32478, -30125, 10717, 44040, 8590, -46881, -20721, 38349, 24605, -22313, -17315, 4442, 1235, 10674, 15719, -19264, -29948, 21792, 35292, -22824, -29550, 27590, 14150, -36286, 4508, 50987, -21267, -67731, 26322, 78857, -27297, -85614, 23496, 83535, -16655, -72994, 13818, 56607, -12602, -39996, 13844, 27574, -15284, -21207, 18806, 21392, -15567, -24586, 11529, 28460, -6111, -29680, 463, 28167, 5251, -26416, -10314, 25780, 16800, -25989, -32061, 29595, 41111, -29262, -49036, 27005, 53375, -21711, -52242, 16674, 41689, -13100, -23727, 9283, 64, -6479, 43215, 4999, -79065, 5459, 113866, -23274, -146382, 45047, 173439, -63767, -190145, 71412, 195211, -57274, -180864, 24138, 139330, 22144, -79890, -65806, 13168, 96688, 51383, -108355, -99040, 99760, 123482, -78837, -124274, 53929, 105190, -37501, -78006, 38402, 54000, -45997, -42883, 54402, 47140, -51439, -64609, 30882, 85063, 6698, -95657, -52612, 87353, 93332, -42933, -95088, 9554, 98591, 22792, -85846, -45350, 58764, 50698, -27008, -40322, 2313, 19221, 8831, 4125, -5111, -25036, -6952, 33352, 17246, -30512, -21708, 19852, 17731, -7767, -5922, -431, -10249, 974, 26289, 3747, -34852
1791219428.839, MrmFullScanInfo, 484, 107, 2038230, 0, 0, 0, 0, 10000, 39297, 32, 2, 2, 1, 480, 0, 0, 0, 0, 0, 0, 167838, -228517, -311399, 479181, 361107, -535489, -380233, 348692, 436205, -32042, -509873, -254311, 510313, 430061, -375617, -520253, 138719, 578017, 106843, -566048, -279999, 391644, 332958, -48928, -256041, -334112, 88690, 607233, 80742, -722176, -176981, 713200, 189371, -646440, -153654, 579818, 125774, -546966, -144467, 549183, 211092, -535550, -301660, 421297, 401491, -178529, -490624, -115010, 504902, 354598, -374943, -508892, 118064, 601314, 156803, -629596, -349779, 547380, 450015, -327170, -473071, 16357, 387868, 281603, -170084, -457960, -121114, 448783, 381908, -294902, -546314, 150656, 561203, -150868, -383085, 274616, 72401, -397745, 188877, 455448, -241049, -484889, 86183, 521452, 147753, -517917, -346051, 389917, 475775, -129651, -524443, -170434, 447180, 413497, -228750, -567230, -50918, 631004, 262329, -600018, -315178, 481099, 194390, -316659, 37934, 181446, -269858, -140659, 396404, 202077, -369269, -309236, 210040, 378371, 8488, -344542, -200124, 197775, 302569, 9015, -295748, -193698, 202272, 293224, -75610, -289010, -23724, 204020, 56669, -87921, -21910, -5601, -49369, 44799, 112668, -31840, -132058, -4942, 99076, 28424, -35354, -13636, -24410, -36072, 52735, 91538, -40967, -119063, 2273, 101586, 36484, -44776, -52248, -28365, 38483, 88981, -5127, -117097, -28826, 110979, 45057, -84447, -36478, 57289, 12093, -45611, 9347, 53985, -10923, -72415, -13125, 82388, 55331, -68359, -99603, 27044, 128752, 29865, -130464, -81477, 101009, 108925, -48312, -104150, -9528, 71505, 51788, -23919, -65029, -21948, 48878, 51091, -14953, -55369, -19075, 36177, 38056, -3394, -36079, -28707, 17162, 47576, 9083, -48112, -32051, 33662, 43868, -12044, -42672, -8792, 32895, 23405, -21561, -30394, 14189, 31988, -12635, -31533, 14708, 31353, -15838, -32189, 12397, 33017, -3699, -31407, -8399, 25342, 20537, -14690, -28731, 1142, 30029, 12444, -23887, -22659, 12240, 26937, 1085, -24962, -11236, 18573, 14474, -10842, -10265, 5159, 1040, -3764, 9483, 6429, -17571, -10543, 20584, 12794, -18177, -10764, 12482, 3920, -6809, 6297, 4064, -17302, -5412, 26425, 9605, -31520, -13476, 31336, 14071, -26223, -10492, 18459, 3928, -11182, 3463, 6544, -9568, -4735, 12715, 4329, -11963, -3482, 7492, 1113, -886, 2760, -5264, -7291, 8743, 11022, -8788, -12130, 6099, 9306, -2253, -2538, -957, -6858, 2362, 16914, -1820, -25803, -128, 32658, 2722, -37740, -5237, 41652, 7636, -44617, -11126, 46527, 17239, -46995, -26105, 45007, 35661, -38776, -42412, 26510, 43227, -7909, -37085, -14367, 25677, 34696, -12296, -46712, 352, 46542, 7351, -34606, -8963, 15119, 4248, 5926, 4879, -23157, -14604, 33850, 20249, -38486, -17945, 39820, 6500, -41239, 11527, 45169, -30768, -52096, 45710, 60441, -53084, -67205, 52725, 69197, -46722, -64434, 38133, 53395, -29722, -39089, 23439, 25747, -20093, -16843, 19104, 13844, -18923, -15924, 18021, 20590, -15530, -25069, 11239, 27822, -5465, -29013, -1658, 30105, 10258, -32622, -19859, 36678, 29064, -40493, -36360, 41787, 40567, -39478, -40166, 33809, 33462, -25525, -18649, 15095, -5273, -2039, 36820, -14989, -71414, 37078, 103473, -63605, -129164, 91296, 146854, -114002, -156214, 123796, 156699, -113552, -146629, 80400, 124178, -28334, -89367, -31996, 45272, 86729, 2172, -123822, -45315, 137090, 76770, -127951, -91681, 104713, 89336, -78967, -73669, 60412, 52539, -52654, -35525, 52442, 30589, -52153, -40625, 43744, 61680, -22557, -83129, -9406, 92421, 44541, -82381, -74086, 55495, 91589, -21476, -93564, -9108, 79599, 28726, -53945, -34159, 25011, 26148, -1889, -8647, -9857, -11923, 10240, 28320, -3642, -35155, -4007, 31258, 7721, -19843, -4769, 6520, -4652
1791219428.839, MrmFullScanInfo, 484, 107, 2038230, 0, 0, 0, 0, 10000, 39297, 32, 4, 2, 1, 480, 0, 0, 0, 0, 0, 0, -135, 560, -10, -1609, 600, 2536, -1305, -2668, 1687, 1865, -1597, -621, 1147, -322, -594, 644, 137, -576, 190, 490, -257, -475, -344, 535, 1679, -724, -3133, 1013, 3729, -1099, -3151, 793, 1817, -140, -463, -582, -208, 1017, 107, -865, 312, -8, -339, 1213, 58, -2020, -40, 1952, 493, -1255, -574, 488, -418, -442, 1986, 4791, -4029, -25410, 16094, 75463, -46296, -156321, 76293, 253851, -81765, -338947, 59886, 377024, -2045, -375233, -113108, 408887, 252815, -508875, -325851, 575074, 305188, -494494, -264004, 297830, 258253, -113816, -257507, 7237, 212414, 49600, -130482, -89214, 56131, 104123, -12857, -81793, -11341, 41054, 32089, -18995, -48216, 41212, 46197, -110042, -17668, 201611, -25818, -276478, 58140, 302892, -59623, -274144, 32242, 209505, 3827, -138710, -25703, 81491, 24115, -39600, -7519, 7267, -7912, 17679, 10565, -35221, 1678, 47915, -22238, -59983, 40756, 72237, -50051, -80249, 49760, 77796, -45121, -61804, 43143, 35258, -47521, -5813, 56605, -18686, -65158, 33164, 67444, -35742, -60030, 27715, 43204, -13582, -20497, -32, -2682, 7540, 20360, -7141, -27813, 830, 24173, 7385, -13397, -13316, 2028, 14485, 4727, -11627, -5247, 8038, 903, -6707, 5597, 8473, -11835, -11681, 16221, 13169, -17643, -10302, 15451, 2551, -10443, 8562, 4985, -20566, -1303, 30689, 107, -36429, -903, 36926, 2640, -33581, -3740, 29014, 3131, -25262, -1582, 23094, 1466, -22111, -4771, 20852, 11677, -17525, -20497, 11111, 28427, -1970, -32585, -8288, 30986, 17426, -23204, -23337, 10718, 24869, 3397, -22212, -15477, 16653, 22623, -10197, -23692, 4865, 19414, -1891, -11895, 1514, 3861, -3309, 2333, 6599, -5409, -10245, 5370, 12704, -3047, -12506, -429, 9030, 3936, -3028, -6324, -3664, 6616, 9065, -4430, -11997, 166, 12408, 5197, -10976, -10594, 8689, 15245, -6378, -18735, 4369, 20998, -2328, -22055, -199, 21726, 3210, -19439, -6131, 14728, 8154, -7982, -8622, 480, 7383, 6293, -4977, -11167, 2515, 13359, -1283, -12639, 2269, 9815, -5811, -6638, 11316, 5411, -17390, -7741, 22200, 13197, -23643, -19297, 19981, 23172, -11035, -23209, -1127, 19262, 13153, -12293, -21986, 4077, 26131, 3329, -25948, -8267, 23111, 9933, -19628, -8448, 16921, 4836, -15445, -907, 14803, -1372, -14107, 778, 12485, 2656, -9455, -7706, 4990, 12553, 583, -15627, -6574, 16246, 11956, -14653, -15699, 11673, 17215, -8225, -16508, 5064, 14137, -2654, -11018, 1124, 8064, -257, -5655, -414, 3500, 1358, -918, -2770, -2625, 4404, 7246, -5659, -12585, 5955, 17831, -5035, -21878, 3131, 23647, -695, -22607, -1851, 19182, 4295, -14645, -6439, 10450, 8051, -7520, -9093, 6093, 9772, -5773, -10298, 5696, 10739, -4928, -11050, 3061, 11094, -378, -10639, -2389, 9510, 4475, -7706, -5306, 5443, 4752, -3131, -3206, 1236, 1306, -38, 440, -476, -1849, 577, 3023, -638, -4229, 1033, 5549, -1976, -6749, 3474, 7430, -5347, -6958, 7239, 4714, -8670, -644, 9320, -4413, -9101, 9141, 8076, -12267, -6270, 12909, 3768, -10796, -914, 6364, -1669, -692, 3473, -4807, -4332, 9117, 4150, -11969, -2756, 13550, 254, -14001, 2588, 13386, -4476, -11904, 4409, 9849, -2434, -7305, -434, 4118, 2833, -289, -3582, -3763, 2107, 7303, 1140, -9400, -4839, 9276, 7608, -6723, -8623, 2431, 7834, 2169, -5665, -5359, 2639, 5900, 839, -3735, -4438, 63, 7835, 3316, -10668, -4842, 12513, 3841
1791219428.839, MrmDetectionListInfo, 484, 205, 64, 5570, 65, 11287, 66, 21421, 67, 37541, 68, 60185, 69, 65535, 70, 65535, 71, 65535, 72, 65535, 73, 65535, 74, 65535, 75, 65535, 76, 65535, 77, 65535, 78, 65535, 79, 65535, 80, 65535, 81, 65535, 82, 65535, 83, 65535, 84, 65535, 85, 65535, 86, 65535, 87, 65535, 88, 65535, 89, 65535, 90, 65535, 91, 65535, 92, 65535, 93, 65535, 94, 65535, 95, 65535, 96, 65535, 97, 65535, 98, 61069, 99, 50540, 100, 42438, 101, 35367, 102, 30090, 106, 49452, 107, 62438, 108, 65535, 109, 65535, 110, 65535, 111, 65535, 112, 65535, 113, 65535, 114, 65535, 115, 65535, 116, 65535, 117, 65535, 118, 65535, 119, 65535, 120, 65535, 121, 59912, 134, 49001, 135, 56965, 136, 61453, 137, 63852, 138, 65133, 139, 64767, 140, 61948, 141, 56868, 142, 50591, 143, 44124, 144, 37951, 146, 30058, 147, 32525, 148, 39728, 149, 47703, 150, 52235, 151, 52178, 152, 48998, 153, 44161, 154, 37830, 155, 29695, 193, 17425, 194, 18618, 195, 19321, 197, 18951, 198, 18170, 199, 17161, 200, 15972, 201, 14692, 215, 18110, 216, 20191, 217, 22281, 218, 22972, 219, 21862, 220, 19569, 221, 17002, 223, 14059, 224, 14961, 225, 17078, 226, 18700, 227, 18511, 228, 16763, 229, 14570, 230, 12564, 260, 11153, 261, 11338, 262, 11720, 263, 12134, 264, 12303, 265, 12171, 266, 11861, 267, 11512, 268, 11298, 269, 11423, 270, 11826, 271, 12070, 272, 11720, 273, 10724, 274, 9309, 275, 7658, 285, 7039, 286, 6965, 287, 6890, 289, 7756, 290, 8918, 291, 10491, 292, 12404, 293, 14573, 294, 16820, 295, 18849, 296, 20321, 297, 20944, 298, 20534, 299, 19046, 300, 16633, 301, 13816, 302, 11778, 303, 11829, 304, 13798, 305, 15711, 306, 15884, 307, 14740, 308, 13998, 309, 14583, 310, 15884, 311, 16715, 312, 16472, 313, 15400, 314, 14066, 315, 12764, 316, 11457, 317, 10081, 318, 8772, 319, 7844, 320, 7528, 321, 7638, 331, 9311, 332, 11437, 333, 13434, 334, 14454, 335, 14541, 336, 14258, 337, 13914, 338, 13375, 339, 12443, 340, 11175, 341, 9798, 342, 8475, 343, 7231, 344, 6051, 356, 6748, 357, 8336, 358, 9728, 359, 10963, 360, 12009, 361, 12757, 362, 13115, 363, 13055, 364, 12636, 365, 12047, 366, 11545, 367, 11233, 368, 10962, 369, 10528, 371, 9241, 373, 8287, 374, 8009, 375, 7829, 376, 7760, 377, 7804, 378, 7924, 379, 8049, 380, 8105, 381, 8040, 382, 7824, 383, 7442, 384, 6895, 385, 6249, 386, 5744, 389, 6590, 390, 6693, 413, 6462, 414, 6662, 421, 8330, 422, 9376, 423, 9739, 424, 9659, 425, 9338, 426, 8712, 427, 7630
1791219428.958, MrmFullScanInfo, 485, 107, 2038355, 0, 0, 0, 0, 10000, 39297, 32, 1, 2, 1, 480, -419965, 491382, 417477, -481367, -449078, 447021, 504328, -372047, -520040, 113927, 520181, 333010, -496436, -496751, 375365, 517521, -114595, -520189, -173671, 519665, 316898, -513033, -476047, 481334, 520192, 512986, -194139, -520163, -397622, 500864, 351564, -502453, -433684, 504965, 283180, -518254, -289383, 517682, 235561, -517418, -301867, 515680, 435538, -506848, -516275, 370736, 520192, 102700, -520042, -493104, 443042, 519935, -159743, -520163, -246690, 520043, 471194, -503396, -516230, 396010, 519884, -168127, -520192, -160783, 517334, 237377, 22185, -57540, -517403, -231927, 515541, 498344, -364111, -514863, -145199, 516888, 478896, -486975, -520192, 75489, 520171, 488773, -454317, -520107, 53949, 520087, 337598, -501286, -509469, 326274, 519956, 50165, -520103, -443544, 442098, 519962, 79487, -519369, -440293, 440361, 513759, -143149, -519373, -151648, 339821, 273393, 3388, -218560, -247529, -3771, 310705, 275094, -134522, -402300, -85594, 343565, 266394, -198826, -341101, -25811, 276200, 226738, -118783, -291348, -50729, 260633, 191704, -162029, -238095, 47284, 152660, 31737, -44930, -26421, -28029, -36038, 51691, 100318, -894, -123243, -89781, 89009, 137019, -10742, -106401, -81044, 50715, 126766, 32781, -106015, -102563, 46437, 117169, 24855, -71121, -83338, -2429, 100579, 73089, -68396, -125325, 22699, 119609, 6904, -71844, -15479, 26804, -5391, -12336, 45274, 31470, -68092, -68734, 54440, 110352, -9346, -124487, -54437, 110571, 117178, -65307, -152018, 7909, 142208, 55575, -97836, -96145, 39754, 101752, 18455, -76001, -56076, 40780, 60551, -828, -34802, -20256, 786, 12257, 29951, 14588, -45025, -39117, 38856, 56812, -15119, -62874, -8703, 57370, 24312, -35214, -36431, 13977, 40313, 867, -35783, -11884, 34084, 16592, -34862, -15058, 33012, 15894, -29183, -19373, 26720, 21079, -15566, -18470, 2803, 18380, 8841, -15973, -15107, 9897, 19601, -2801, -19596, -1188, 14664, 3622, -4344, -1162, 2089, -5030, -424, 13144, 2512, -14857, -9695, 13534, 17235, -9043, -19146, 1098, 15530, 9866, -6855, -15896, -3941, 17171, 16722, -14312, -23265, 6361, 24218, 4044, -20229, -9649, 13229, 8697, -3526, -4552, -2411, -2929, 2760, 11302, 808, -15691, -6595, 14100, 12328, -8560, -15583, -1322, 13443, 12618, -7728, -22876, 1843, 22820, 5624, -17119, -10744, 9687, 8811, -3274, -2069, -414, -5374, -830, 13383, 4703, -17397, -7654, 19168, 12137, -18751, -15767, 20340, 18950, -21945, -24969, 22265, 34983, -21879, -48949, 19512, 61702, -12265, -66911, 1236, 60255, 15774, -41139, -33294, 15009, 45731, 11744, -46624, -30146, 36394, 37783, -19749, -32179, 1389, 14758, 14045, 5337, -20838, -23905, 21709, 33669, -20981, -31448, 23780, 18960, -31619, -2638, 46739, -11545, -64557, 16933, 77035, -17683, -83935, 13625, 82666, -10661, -70980, 8423, 54185, -9016, -36242, 10675, 22533, -12428, -14995, 13639, 12299, -10982, -13994, 8241, 16280, -6184, -17810, 4347, 19323, -2867, -21447, 138, 26673, 4605, -33270, -20664, 43343, 30780, -46313, -41882, 45039, 49184, -38338, -50893, 29710, 44304, -21005, -29694, 12537, 9785, -4822, 29656, 1506, -63164, 9423, 99208, -24359, -135156, 41902, 167734, -51845, -191686, 49078, 202816, -26060, -192194, -12220, 146985, 58540, -87706, -91591, 21305, 110193, 43156, -108843, -91253, 91380, 116631, -67150, -118175, 45812, 102499, -36958, -80381, 43713, 65962, -57495, -64079, 65312, 75812, -58994, -92522, 33238, 105931, 8616, -105796, -55019, 85507, 91983, -36735, -85707, 3352, 85068, 23206, -68093, -38507, 39947, 36248, -10969, -20827, -9422, -588, 15645, 19926, -9346, -31340, -5505, 33962, 18208, -27271, -26130, 15690, 27262, -4434, -20847, -1738, 10548, 573, 221, 6413, -6680
1791219428.958, MrmFullScanInfo, 485, 107, 2038355, 0, 0, 0, 0, 10000, 39297, 32, 2, 2, 1, 480, 0, 0, 0, 0, 0, 0, 167470, -228724, -310523, 479904, 359944, -537007, -378948, 350832, 434871, -34030, -508461, -253300, 508719, 430260, -374108, -521237, 137906, 578985, 106716, -566445, -279670, 391554, 333480, -48913, -257730, -333585, 91136, 606139, 78183, -720854, -174582, 711961, 187874, -645681, -154172, 580155, 128230, -548536, -147187, 550745, 212580, -535137, -302305, 418269, 402152, -174262, -491395, -118454, 504710, 356447, -372619, -509999, 113937, 602869, 160751, -633255, -351200, 562208, 446787, -379071, -468255, 149855, 379579, 23496, -136831, -75932, -198278, 8213, 449873, 139943, -465798, -324094, 246034, 482963, 71049, -511592, -341047, 336476, 496373, -16657, -501977, -302943, 338454, 519021, -58597, -591513, -225491, 493922, 434773, -242023, -531574, -76035, 475968, 354453, -258760, -524443, -42893, 547312, 303544, -414205, -431692, 178157, 394332, 54070, -216540, -178064, -16438, 145340, 193994, 11973, -239986, -200284, 148987, 318465, 19569, -308684, -179915, 177837, 262537, 13116, -240058, -183336, 131226, 273720, 9624, -268329, -117873, 190772, 152515, -89412, -115750, 15026, 44458, 4385, 14613, 24198, -29304, -68258, -1151, 90002, 49434, -67012, -81831, 5894, 78142, 61904, -38359, -101385, -18994, 94477, 65210, -46237, -77250, -20162, 49560, 75425, 4730, -99378, -60304, 89854, 91947, -60037, -89233, 29932, 62570, -16741, -33914, 25438, 22335, -45222, -34850, 56642, 65019, -43964, -97340, 4081, 115092, 51541, -107132, -102286, 71479, 129082, -16814, -123322, -39516, 88864, 78962, -38869, -90610, -8910, 75041, 38626, -42911, -42740, 10325, 24193, 8526, 6117, -8168, -33966, -7370, 47632, 29177, -43264, -47738, 25327, 55712, -1944, -50741, -19577, 36275, 34605, -18773, -41906, 4029, 43250, 4837, -41179, -8152, 37513, 8798, -33112, -9477, 27688, 11168, -20172, -13723, 10428, 16382, -60, -17678, -8856, 16278, 14904, -12250, -17075, 7070, 15053, -2756, -9988, 1243, 4177, -3374, 21, 8011, -859, -12703, -2208, 15183, 7676, -13922, -12518, 8330, 14040, 567, -10994, -10113, 3783, 17186, 5649, -19429, -14462, 16143, 20150, -8952, -21268, 1249, 17601, 3720, -10495, -4285, 2743, 576, 2685, 5674, -4053, -11633, 1340, 14501, 3958, -12571, -9448, 5664, 12993, 4491, -13469, -14331, 10671, 20156, -5321, -20318, -480, 15804, 3883, -9063, -2978, 2781, -2049, 1131, 9271, -2012, -16165, 228, 21083, 3334, -23999, -7728, 25882, 12607, -27655, -18713, 29747, 27198, -31935, -38002, 33032, 48849, -30680, -55817, 22183, 55341, -6354, -46140, -14594, 29915, 34913, -10525, -47744, -7432, 48581, 19736, -37281, -23541, 17793, 18344, 3733, -6428, -21518, -7592, 32504, 18062, -37079, -20252, 38164, 12496, -39549, 2870, 44013, -20637, -51967, 35234, 61393, -43182, -68798, 44060, 70662, -39653, -64966, 32561, 52457, -25125, -36552, 19061, 21696, -15125, -11379, 13095, 6951, -12208, -7515, 11785, 10804, -11394, -14578, 10682, 17925, -9331, -21432, 6596, 26625, -1578, -34557, -5762, 44267, 14360, -52673, -22802, 56524, 29774, -54390, -33432, 46802, 31682, -35252, -22275, 21216, 3673, -5235, 23446, -13265, -55633, 35111, 88298, -59765, -117983, 83960, 142675, -101576, -160940, 105251, 170160, -89109, -166265, 52092, 146110, -198, -109960, -54705, 61986, 99585, -9292, -125353, -39185, 129498, 74865, -116270, -92318, 94776, 91440, -75361, -77744, 65213, 60481, -65152, -49124, 69603, 49657, -69654, -62232, 57524, 81039, -30380, -95778, -6874, 96300, 44034, -78692, -71411, 48028, 83577, -14917, -79272, -10895, 60412, 23901, -32901, -23324, 5495, 12193, 13460, 4323, -19555, -20498, 13854, 31422, -1497, -34249, -11228, 29191, 19405, -19426, -20575, 9598, 15013
1791219428.958, MrmFullScanInfo, 485, 107, 2038355, 0, 0, 0, 0, 10000, 39297, 32, 4, 2, 1, 480, 0, 0, 0, 0, 0, 0, -455, 46, 936, -17, -967, -329, 747, 868, -588, -1068, 696, 656, -1097, 118, 1279, -742, -781, 731, -32, -165, 264, -354, 195, 358, -621, 53, 675, -495, -617, 754, 921, -909, -830, 805, -448, -59, 2057, -1004, -2405, 1125, 1436, 366, -681, -2336, 621, 3163, -752, -2407, -11, 1217, 2186, -916, -4563, 1332, 5190, -872, -3726, 1256, 5300, -13699, -22241, 57909, 44569, -141284, -37122, 233952, -8630, -283780, 25944, 285697, 70527, -315490, -245850, 431992, 352240, -551722, -313209, 527652, 214919, -344852, -162825, 131988, 149386, 1248, -119067, -52128, 65487, 65732, -15773, -68781, -16629, 62016, 33419, -46105, -32387, 41292, 7118, -74799, 42607, 150613, -110580, -232909, 181796, 272064, -228743, -249374, 231455, 184084, -193834, -109822, 136017, 53469, -76865, -25489, 26347, 18115, 12256, -16040, -40105, 11139, 59528, -4129, -72790, 30, 81155, -3539, -84574, 15855, 84013, -33819, -82979, 51865, 84770, -65035, -88671, 69929, 89705, -65571, -81395, 54348, 60652, -40583, -30941, 28064, 809, -18526, 21383, 11638, -31717, -5977, 30381, 67, -19674, 6939, 2474, -14694, 17608, 21850, -35772, -27266, 47695, 30749, -51987, -32522, 50462, 32814, -45541, -32239, 38190, 31710, -28761, -31380, 17831, 30228, -5742, -27167, -7132, 22339, 19219, -16684, -27791, 11004, 31243, -5878, -30126, 1818, 26913, 644, -24620, -1078, 24848, -207, -27002, 1773, 29117, -1830, -29224, -362, 26128, 4073, -19838, -7712, 11796, 9646, -4201, -8963, -1323, 6100, 4526, -2685, -6194, 421, 7441, 63, -9200, 676, 11665, -1304, -14126, 497, 15334, 2444, -14053, -7294, 9762, 12826, -3139, -17012, -4069, 17852, 9830, -14491, -12535, 7731, 11284, 629, -6108, -8586, -1637, 14352, 9515, -16693, -15032, 15481, 16649, -11823, -14143, 7359, 8525, -3637, -1522, 1539, -5180, -880, 10427, 739, -13712, -135, 15144, -1585, -15225, 4710, 14527, -8924, -13534, 13304, 12319, -16647, -10720, 17959, 8994, -16958, -7780, 14221, 7230, -10608, -6573, 6629, 5048, -2456, -2609, -1597, -180, 5041, 2569, -7481, -3795, 8725, 3429, -8730, -1820, 7816, -11, -6646, 1096, 5698, -959, -4794, -306, 3322, 2264, -754, -4300, -2906, 5914, 6989, -6927, -10421, 7505, 12254, -8029, -12124, 9042, 10319, -10928, -7475, 13474, 4449, -15711, -2186, 16411, 1420, -14625, -2274, 10071, 4191, -3430, -6275, -3721, 7714, 9561, -7995, -12802, 7111, 13049, -5573, -10681, 4102, 6626, -3104, -2048, 2480, -2053, -1752, 5209, 331, -7365, 2122, 8624, -5320, -9216, 8457, 9322, -10578, -8956, 10927, 8139, -9281, -7164, 6119, 6488, -2400, -6478, -1032, 7316, 3760, -8726, -5792, 9926, 7394, -9986, -8732, 8361, 9677, -5094, -9746, 743, 8376, 3882, -5186, -8017, 347, 11079, 5258, -12603, -10322, 12325, 13645, -10216, -14572, 6513, 13182, -1623, -10198, -3906, 6749, 9402, -4052, -13897, 2983, 16145, -3736, -15106, 6051, 10448, -9630, -2662, 14159, -6968, -19019, 16233, 23270, -22671, -25583, 24949, 24402, -23281, -18797, 18755, 9692, -12638, 101, 6441, -7269, -1558, 9464, -1358, -6221, 2858, -1147, -4423, 10204, 7494, -18178, -12277, 22733, 17293, -22627, -20158, 18236, 18952, -11412, -13550, 4979, 5781, -1500, 1542, 2070, -5997, -5982, 6446, 11403, -3144, -16296, -2456, 19083, 8266, -19156, -11999, 16727, 12222, -12259, -9347, 6301, 5490, 428, -3012, -7103, 3145, 13088, -5720, -18013, 9630, 21636
1791219428.974, MrmDetectionListInfo, 485, 214, 67, 7843, 68, 16858, 69, 31965, 70, 52690, 71, 65535, 72, 65535, 73, 65535, 74, 65535, 75, 65535, 76, 65535, 77, 65535, 78, 65535, 79, 65535, 80, 65535, 81, 65535, 82, 65535, 83, 65535, 84, 65535, 85, 65535, 86, 65535, 87, 65535, 88, 65535, 89, 65535, 90, 65535, 91, 65535, 92, 65535, 93, 60593, 94, 64799, 95, 65535, 96, 55875, 97, 41514, 98, 34601, 99, 38158, 100, 44646, 101, 45960, 102, 41119, 103, 34599, 106, 52843, 107, 65535, 108, 65535, 109, 65535, 110, 65535, 111, 65535, 112, 65535, 113, 65535, 114, 65535, 115, 65535, 116, 65535, 117, 65535, 118, 65535, 119, 65535, 120, 65535, 121, 49410, 130, 36139, 131, 37027, 132, 39193, 133, 42007, 134, 44825, 135, 47785, 136, 51331, 137, 55545, 138, 60101, 139, 64659, 140, 65535, 141, 65535, 142, 65535, 143, 65535, 144, 65535, 145, 65535, 146, 65535, 147, 65535, 148, 60651, 149, 50866, 150, 40065, 170, 40860, 171, 42140, 172, 42391, 173, 41538, 174, 40046, 175, 38348, 176, 36502, 178, 31906, 193, 16513, 198, 12735, 199, 12961, 200, 13320, 201, 14008, 204, 15738, 235, 9486, 236, 9898, 237, 11065, 239, 13313, 240, 13014, 241, 11561, 249, 13027, 250, 15143, 251, 16183, 252, 15969, 253, 14834, 254, 13176, 267, 8009, 268, 8665, 269, 9370, 270, 10100, 271, 10888, 272, 11741, 273, 12594, 274, 13341, 275, 13882, 276, 14150, 277, 14112, 278, 13770, 279, 13165, 280, 12371, 281, 11465, 284, 8389, 285, 7171, 314, 7198, 315, 8322, 316, 9108, 317, 9677, 318, 10086, 319, 10305, 320, 10323, 321, 10203, 322, 10043, 323, 9900, 324, 9778, 325, 9659, 326, 9526, 327, 9369, 328, 9164, 329, 8880, 330, 8479, 331, 7928, 332, 7200, 333, 6282, 339, 9125, 340, 10201, 341, 10426, 342, 10060, 343, 9398, 344, 8523, 345, 7397, 346, 6051, 358, 7530, 359, 8430, 360, 9101, 361, 9605, 362, 9921, 363, 9957, 364, 9650, 365, 9027, 375, 7174, 376, 7963, 377, 8456, 378, 8803, 379, 9032, 380, 9031, 381, 8704, 382, 8049, 383, 7117, 384, 6016, 385, 5077, 386, 4763, 390, 5718, 391, 6597, 392, 8594, 393, 10817, 394, 12213, 395, 12576, 396, 12376, 397, 11961, 398, 11228, 399, 9948, 400, 8209, 407, 8754, 408, 9249, 409, 9708, 410, 9959, 411, 9881, 413, 8818, 414, 8087, 415, 7916, 416, 9214, 417, 12259, 418, 16239, 419, 19919, 420, 22576, 421, 24199, 422, 25015, 423, 25032, 424, 24065, 425, 22021, 426, 19047, 427, 15435, 428, 11479, 441, 12080, 442, 15280, 443, 17522, 444, 19149, 445, 20362, 446, 20879, 447, 20320, 448, 18631, 449, 16089, 450, 13033, 465, 14043, 466, 15109, 467, 15206, 468, 14374, 469, 12887, 470, 10952, 471, 8656
1791219429.083, MrmFullScanInfo, 486, 107, 2038480, 0, 0, 0, 0, 10000, 39297, 32, 1, 2, 1, 480, -420073, 493159, 419043, -480656, -450497, 445336, 504929, -370178, -520020, 116248, 520133, 337019, -495573, -497069, 372078, 518112, -115706, -520192, -169739, 519694, 325225, -512901, -474357, 483691, 520169, 512120, -196455, -520105, -397050, 502103, 356009, -501947, -434986, 506554, 281850, -517781, -297196, 517286, 222918, -518170, -305060, 515569, 437592, -507654, -516045, 376048, 520192, 100192, -519893, -495760, 438376, 519970, -140955, -519570, -247307, 519603, 470526, -503000, -515888, 399340, 520041, -180781, -520192, -141549, 519120, 205099, -150627, -73718, -500622, -85307, 518834, 425596, -472228, -513688, -54112, 509010, 517302, -153539, -520129, -431820, 510377, 517869, -340638, -519984, 149892, 520135, 62131, -519054, -296668, 508117, 464986, -261594, -505936, -304784, 313988, 519924, 128964, -518035, -378332, 477763, 427530, -284824, -297844, -1671, -60335, 160495, 395331, -141028, -518256, -32572, 516255, 279828, -410021, -345970, 111679, 263569, 133338, -112033, -272339, -127404, 230285, 317490, -55745, -322699, -82640, 246283, 170277, -143561, -198894, 23597, 89292, 48374, 23603, -21661, -75414, -38356, 91109, 108695, -24904, -141247, -103303, 97322, 181116, 4427, -171929, -110939, 117508, 176321, -10539, -150515, -88157, 59210, 114658, 44920, -68322, -125504, -4317, 159814, 77354, -130101, -128980, 83991, 121379, -45495, -79440, 17971, 32266, -12519, -8895, 35626, 21139, -47696, -54056, 28292, 96113, 17579, -120515, -78539, 111472, 147410, -65169, -179735, 2805, 165679, 59320, -116897, -99131, 55065, 99116, 2537, -70694, -36316, 37145, 40883, -3916, -23571, -10606, 1223, -4379, 13639, 36373, -12606, -60341, -8153, 72184, 41665, -66411, -66265, 43213, 78671, -9379, -75661, -14577, 61649, 23259, -42372, -21234, 31628, 13031, -29709, -2732, 30033, 2105, -30092, -8729, 33962, 19756, -23968, -25499, 5982, 30724, 13312, -29436, -28664, 18536, 39775, -1819, -41165, -12603, 33140, 26654, -20186, -31040, 9035, 23504, 1429, -11074, -4338, 1128, -559, 7714, 9863, -13380, -15831, 11746, 18993, -5861, -16427, -1518, 9677, 8136, 1945, -11424, -10647, 9676, 17420, -2974, -20600, -1972, 20196, 3377, -15183, 1486, 11071, -4895, -8962, 10160, 7918, -14157, -7621, 15652, 9169, -13527, -8593, 8837, 5632, 118, -2235, -8245, -2731, 11391, 7452, -11821, -9613, 10729, 6230, -10273, -510, 11057, -6008, -14769, 12637, 17585, -16173, -20254, 21213, 21232, -22405, -20533, 25721, 19473, -29150, -18837, 31401, 24687, -31874, -33627, 29452, 42709, -21808, -46428, 9093, 40327, 7801, -23127, -25546, 463, 39676, 21130, -42917, -33725, 35949, 37326, -21787, -27987, 5683, 6869, 6605, 13092, -13854, -30999, 15460, 39286, -16075, -35653, 19949, 21634, -29003, -3335, 42886, -13467, -59608, 21062, 72378, -24756, -78182, 24052, 76085, -21210, -64818, 19901, 47225, -17664, -29309, 14805, 14534, -11003, -4856, 4694, 2988, 1541, -4101, -7503, 6970, 12021, -10103, -14401, 12898, 16638, -16323, -19683, 20726, 24124, -23764, -40621, 28367, 48913, -26622, -55040, 21157, 57592, -13253, -53139, 7701, 40324, -5291, -22118, 5257, -1863, -7424, 41787, 12062, -76816, -8094, 112873, -3906, -148427, 21316, 181124, -35256, -204080, 37604, 213958, -21837, -198907, -10105, 151677, 49592, -86860, -84388, 14146, 106800, 53061, -110929, -102396, 96700, 125311, -72677, -122307, 49388, 99273, -37910, -70029, 43534, 49324, -54315, -44161, 61985, 52613, -57540, -69612, 33131, 86310, 8671, -89508, -55337, 74074, 93862, -29182, -88461, -2713, 89398, 31043, -74273, -44087, 48667, 41585, -21232, -25881, 3230, 2112, 342, 18935, 8177, -36570, -23281, 39916, 33090, -33746, -37304, 22366, 32655, -10305, -21994, 2383, 7124, -1991, 6794, 5107, -15035
1791219429.083, MrmFullScanInfo, 486, 107, 2038480, 0, 0, 0, 0, 10000, 39297, 32, 2, 2, 1, 480, 0, 0, 0, 0, 0, 0, 167889, -228551, -311455, 479510, 361043, -536490, -379713, 350115, 434929, -32898, -507858, -254761, 508140, 431461, -373878, -521749, 137494, 579172, 107769, -567091, -280904, 392822, 334268, -50199, -257944, -332949, 90615, 606478, 79326, -721981, -176087, 713288, 189010, -646625, -154097, 580285, 126977, -547939, -145927, 550460, 212283, -536374, -302336, 420838, 401437, -176522, -488615, -118205, 499074, 358643, -365420, -513449, 108170, 605763, 163170, -635373, -350775, 566006, 444540, -388492, -474416, 167698, 409099, 5352, -191269, -78566, -141396, 46800, 423407, 74204, -480952, -236963, 278531, 339486, 70494, -285441, -397904, 76831, 584951, 179823, -589384, -382528, 433031, 508652, -185600, -569225, -71387, 537136, 274362, -363063, -377669, 59588, 349373, 274308, -196441, -518326, -8388, 593619, 154879, -479264, -164827, 224330, 35992, 55536, 164894, -227009, -351351, 220431, 457270, -74842, -443323, -100438, 303030, 203624, -82810, -187506, -126475, 66037, 241305, 99254, -230956, -232498, 125624, 283934, 6929, -247587, -98556, 153196, 114311, -49605, -64761, -16157, -8376, 21637, 58127, 21280, -53827, -76244, -3473, 102275, 81994, -75510, -139668, 4232, 147249, 74852, -100610, -119274, 22380, 105458, 49227, -39216, -82408, -49758, 67569, 124364, -18248, -159203, -38103, 150389, 74239, -111678, -77823, 64953, 57034, -30899, -31925, 19235, 21259, -23434, -33672, 26344, 64908, -11852, -100097, -25810, 120899, 78321, -114174, -126615, 77640, 151294, -21462, -143143, -35237, 106233, 73413, -54595, -83361, 6113, 67914, 24733, -39552, -32455, 14703, 21241, -6073, -1833, 16313, -12798, -38152, 12974, 59984, 2908, -71340, -28210, 66735, 52729, -48146, -67842, 23798, 69714, -3120, -60549, -7961, 46717, 8870, -34528, -3802, 27545, -912, -25972, 797, 26692, 4886, -24665, -14239, 16434, 23961, -2506, -29966, -13721, 28927, 28062, -20131, -36890, 5921, 38350, 9074, -32901, -19534, 22767, 22051, -11303, -16881, 2455, 6939, 924, 4149, 1160, -12909, -6141, 16607, 10766, -14251, -12506, 7076, 10224, 2074, -4388, -9743, -3373, 13304, 11118, -12358, -16989, 8997, 19398, -6103, -17797, 5437, 13309, -7142, -8074, 10329, 3988, -13650, -1933, 15619, 1677, -14897, -2262, 10711, 2730, -3580, -2483, -4463, 1230, 10939, 719, -14389, -2127, 14874, 1474, -13545, 2013, 11911, -7829, -11044, 14665, 11169, -21068, -11757, 26069, 12072, -29507, -11638, 31858, 10838, -33761, -11113, 35553, 14180, -36989, -20462, 36892, 28153, -33130, -33750, 23509, 33777, -7248, -26736, -13546, 14119, 33661, 434, -46677, -12837, 48187, 19598, -37962, -18596, 19733, 9959, 685, 3559, -17850, -17302, 28801, 26135, -33753, -26055, 35269, 15931, -36659, 1650, 40422, -21442, -47108, 38058, 55005, -48101, -60872, 50881, 61431, -47630, -54943, 40342, 42298, -30919, -26815, 20884, 12835, -11423, -3828, 3435, 1051, 2544, -3340, -6445, 8204, 8687, -13393, -10016, 17911, 11296, -21929, -13860, 26288, 19055, -31574, -26828, 36991, 35372, -40231, -42375, 39254, 46014, -34051, -44518, 26321, 36308, -17993, -20004, 10063, -5034, -1856, 37469, -8801, -73460, 24290, 108302, -45254, -138535, 68986, 162228, -89185, -177940, 97630, 183126, -87249, -174032, 55515, 147976, -6649, -106014, -48877, 53546, 97826, 1080, -128944, -48552, 136944, 80869, -124272, -93555, 100050, 87328, -75953, -68356, 60823, 46462, -56878, -31522, 59412, 29816, -59591, -41806, 48935, 61929, -23628, -79739, -12138, 84372, 48471, -70671, -75846, 42673, 89005, -10966, -86577, -13967, 69981, 25935, -44642, -23861, 19138, 10427, -1644, 9315, -3948, -28946, -724, 42274, 10411, -45531, -19272, 38985, 23099, -26457, -20111, 13245, 11123
1791219429.083, MrmFullScanInfo, 486, 107, 2038480, 0, 0, 0, 0, 10000, 39297, 32, 4, 2, 1, 480, 0, 0, 0, 0, 0, 0, 237, 151, -532, -303, 648, 261, -378, -274, -261, 671, 947, -1222, -1060, 1296, 753, -845, -700, 492, 986, -706, -1052, 1111, 776, -1116, -384, 625, -276, 160, 842, -816, -1015, 928, 650, -575, 50, 70, -583, 216, 456, 154, 132, -1090, -201, 1648, -520, -1012, 2507, -703, -5665, 2685, 8084, -3821, -7554, 3433, 4398, -2590, -909, 5147, -652, -17671, -14287, 47204, 47743, -85365, -71850, 105734, 57153, -91559, -21292, 65803, 24303, -59993, -86605, 57439, 166698, -26716, -206614, -21410, 194299, 42703, -169589, -21085, 169908, -10031, -186992, -1136, 187665, 73966, -169538, -153759, 147021, 164701, -110625, -101215, 44516, 24560, 43807, 12922, -138288, 3082, 227781, -61324, -287915, 130346, 289333, -170883, -240301, 168613, 184241, -145436, -148881, 130345, 124053, -129914, -92095, 130637, 57471, -118710, -35789, 89799, 31925, -48922, -35174, 7299, 31998, 23317, -18192, -36217, -171, 31867, 13307, -15865, -14757, -4442, 4169, 22616, 15254, -33904, -39100, 35465, 61396, -27145, -74780, 11999, 73329, 3839, -56241, -12609, 29484, 8891, -2943, 6301, -15064, -26137, 21366, 42769, -17830, -51248, 8847, 50071, 1360, -39748, -9969, 22134, 15362, -863, -16698, -19323, 14267, 34433, -10027, -42365, 6512, 43377, -4538, -39948, 2629, 35347, 668, -31374, -4727, 27809, 7549, -24050, -7594, 20346, 5291, -17725, -2955, 16594, 3360, -15635, -8008, 12375, 16496, -4914, -26723, -6893, 35556, 21599, -39790, -36654, 37196, 49245, -27483, -56814, 12936, 57368, 2149, -50100, -13311, 36364, 17896, -19771, -15923, 4722, 9783, 5459, -2876, -9428, -1917, 8000, 3275, -3858, -1501, 497, -2103, -477, 5863, 4148, -8054, -9892, 7316, 15331, -3170, -18625, -3592, 19074, 10959, -16672, -16562, 11764, 18890, -5309, -17715, -988, 13610, 5484, -7514, -7275, 649, 6241, 5558, -2866, -9605, -1915, 10321, 6923, -7432, -10926, 1898, 12868, 4534, -12143, -10015, 8889, 13338, -4054, -14198, -851, 12907, 4322, -10069, -5399, 6627, 4001, -3760, -856, 2418, -2828, -2831, 5787, 4490, -7131, -6393, 6601, 7351, -4476, -6468, 1290, 3584, 2215, 701, -5085, -5481, 6571, 9816, -6437, -12918, 5141, 14269, -3517, -13543, 2173, 10736, -1161, -6250, 365, 852, 133, 4677, -264, -9639, 139, 13459, 18, -15763, -94, 16474, 209, -15904, -458, 14570, 660, -12755, -447, 10419, -320, -7486, 1459, 4019, -2690, -284, 3770, -3204, -4507, 5815, 4790, -7150, -4635, 7311, 4177, -6675, -3612, 5619, 3231, -4369, -3204, 2969, 3512, -1273, -4120, -771, 5095, 2916, -6409, -4582, 7821, 5021, -9006, -3568, 9758, -157, -9946, 5856, 9506, -12312, -8563, 17904, 7474, -21463, -6467, 22729, 5437, -22083, -4232, 20292, 3040, -18288, -2423, 16852, 2968, -16141, -4906, 15606, 8021, -14424, -11581, 12069, 14408, -8492, -15270, 4045, 13414, 610, -8848, -4820, 2294, 8289, 5013, -11116, -11613, 13603, 16240, -15887, -18240, 17874, 17698, -19073, -15227, 18702, 11590, -16099, -7621, 11188, 4375, -4838, -2808, -1284, 3074, 5450, -4172, -6708, 4743, 5126, -4022, -1414, 2289, -3366, -366, 7942, -1077, -11161, 1779, 12593, -1827, -12622, 1666, 11976, -1858, -11186, 2631, 10404, -3541, -9532, 3864, 8615, -3352, -7664, 2514, 6253, -2047, -3812, 2343, 322, -3585, 3619, 5793, -7436, -8610, 10702, 11201, -12914, -12680, 13651, 12628, -12933, -11224, 11316, 9042, -9389, -6715, 7388, 4742
1791219429.083, MrmDetectionListInfo, 486, 174, 68, 14790, 69, 26804, 70, 43102, 71, 61370, 72, 65535, 73, 65535, 74, 65535, 75, 65535, 76, 62446, 77, 47855, 78, 40303, 79, 43834, 80, 57941, 81, 65535, 82, 65535, 83, 65535, 84, 65535, 85, 65535, 86, 65535, 87, 65535, 88, 65535, 89, 65535, 90, 65535, 91, 65535, 92, 65535, 93, 65535, 94, 65535, 95, 65535, 96, 65535, 97, 65535, 98, 65535, 99, 65535, 100, 65535, 101, 65535, 102, 65535, 103, 47766, 106, 49276, 107, 65535, 108, 65535, 109, 65535, 110, 65535, 111, 65535, 112, 65535, 113, 65535, 114, 65535, 115, 65535, 116, 65535, 117, 65535, 118, 65535, 119, 65535, 120, 65535, 121, 65535, 122, 65535, 123, 65535, 124, 65535, 125, 65535, 126, 65535, 127, 65535, 129, 47640, 130, 37833, 146, 33940, 147, 40200, 148, 44180, 149, 46980, 150, 48256, 151, 47044, 152, 43351, 153, 38421, 154, 33697, 155, 29693, 156, 25396, 163, 31735, 204, 14227, 206, 20417, 207, 25738, 208, 31365, 209, 36051, 210, 39136, 211, 40699, 212, 41018, 213, 40125, 214, 37930, 215, 34644, 216, 30999, 217, 28173, 218, 27080, 219, 27082, 220, 26089, 221, 22652, 246, 13155, 247, 14745, 248, 15689, 249, 15604, 250, 14647, 251, 13185, 252, 11485, 267, 8407, 268, 8107, 271, 8493, 272, 9926, 273, 10727, 274, 10541, 275, 9706, 276, 8723, 277, 7893, 292, 6454, 306, 9210, 307, 9356, 308, 9388, 309, 9213, 310, 8710, 325, 8021, 326, 8340, 327, 8367, 328, 8215, 331, 7465, 332, 7034, 333, 6483, 345, 5687, 346, 5906, 351, 5192, 373, 7840, 374, 9884, 375, 11444, 376, 12390, 377, 13095, 378, 13790, 379, 14340, 380, 14521, 381, 14306, 382, 13835, 383, 13230, 384, 12524, 385, 11734, 386, 10941, 387, 10271, 388, 9829, 389, 9657, 390, 9746, 391, 10063, 392, 10554, 393, 11145, 394, 11739, 395, 12236, 396, 12539, 397, 12564, 398, 12241, 399, 11520, 400, 10387, 401, 8907, 409, 10187, 410, 12712, 411, 14698, 412, 16040, 413, 16983, 414, 17706, 415, 18145, 416, 18155, 417, 17698, 418, 16837, 419, 15633, 420, 14090, 421, 12213, 422, 10067, 423, 7788, 468, 9446, 469, 10666, 470, 11820, 471, 12751, 472, 13248, 473, 13260, 474, 12891, 475, 12261, 476, 11432
1791219429.208, MrmFullScanInfo, 487, 107, 2038605, 0, 0, 0, 0, 10000, 39297, 32, 1, 2, 1, 480, -418264, 492144, 418793, -481865, -450790, 447960, 503902, -372369, -519807, 111245, 520179, 335557, -498351, -498272, 375639, 517902, -119035, -520191, -171180, 519771, 321296, -512433, -472583, 481156, 520143, 512485, -191027, -520073, -395468, 503239, 351695, -503327, -432342, 505392, 293148, -517873, -295639, 517779, 231867, -517598, -307400, 515865, 439966, -506745, -515817, 374335, 520192, 100045, -519851, -496450, 436190, 519402, -142219, -520188, -256186, 519579, 476443, -499991, -516519, 380050, 519961, -146317, -520171, -215209, 517513, 344584, -153849, -237190, -506348, 53705, 520067, 370297, -496647, -513773, 62940, 516305, 425903, -359440, -520192, -280728, 517442, 518391, -335027, -520175, 4472, 520014, 337335, -501623, -510242, 324185, 520011, 95930, -520049, -456758, 460875, 518873, -61154, -519602, -246585, 473119, 389693, -131242, -344769, -230693, 44793, 366244, 281531, -290298, -470586, 58453, 489901, 245527, -254953, -353893, -3254, 328463, 223730, -202065, -329976, -18655, 283409, 217853, -122698, -271609, -47070, 226405, 179044, -122514, -267089, -4192, 180441, 95491, -65350, -103344, -16930, 55059, 59692, 5715, -25051, -40026, -63545, 21152, 122286, 51136, -122045, -143314, 67322, 191676, 24750, -169807, -110728, 97629, 140540, -5721, -109306, -81517, 48666, 131918, 18704, -130971, -65051, 96711, 72940, -82675, -48420, 82447, 24170, -100509, -21085, 135114, 47177, -152807, -88556, 130960, 132644, -74589, -129419, -12229, 119486, 93978, -75033, -144220, 14916, 143694, 47096, -102566, -84877, 42957, 83405, 20034, -48102, -62052, -7391, 72126, 56559, -49135, -83373, 13476, 71966, 19755, -33415, -34373, -8466, 22110, 41647, 9731, -58206, -40599, 50594, 59759, -22000, -65949, -6177, 54734, 22380, -33537, -26632, 15726, 18704, -9065, -5482, 7348, -99, -12359, -10358, 19314, 23326, -19919, -38381, 7856, 56322, 8794, -63376, -27517, 57771, 42523, -38398, -50005, 15577, 45214, 8298, -32413, -24671, 18143, 28302, -3647, -21782, -3315, 13720, 994, -3588, 9089, -3683, -17151, 3715, 21364, 5431, -15313, -9810, 5355, 13708, 11831, -13468, -25693, 6065, 35388, 4455, -37659, -11111, 32737, 10706, -21091, -642, 11627, -5800, -7456, 13757, 7447, -17519, -9624, 15983, 12090, -10065, -10877, -975, 4891, 12561, 3685, -22042, -14346, 22374, 24420, -16061, -29927, 7553, 26150, 1076, -16984, -5409, 4310, 4666, 9062, -689, -19614, -3930, 27460, 9996, -31232, -15858, 34546, 20554, -36261, -25204, 36072, 33555, -33720, -43335, 30058, 51253, -20357, -54517, 5477, 46304, 11326, -28276, -27654, 3790, 38600, 17669, -38421, -31121, 26598, 34432, -9331, -26131, -8757, 8686, 24071, 11572, -29352, -26885, 29389, 34609, -26757, -29489, 26510, 15413, -29749, 4015, 38387, -21395, -51039, 29813, 58455, -35933, -63601, 36903, 64452, -34340, -59315, 32951, 50793, -30088, -41098, 26242, 34279, -20595, -30245, 16836, 29763, -8390, -31342, 451, 33662, 5452, -33214, -9835, 32581, 12324, -31902, -15868, 31644, 21186, -31195, -37231, 32970, 46365, -28347, -53941, 22750, 57780, -15509, -54996, 9803, 44970, -5630, -27541, 4241, 6048, -1544, 34459, 3519, -68328, 4567, 102007, -19247, -136977, 34889, 169359, -44276, -194758, 40755, 207884, -15715, -199205, -22362, 157964, 69224, -99676, -102914, 32387, 119784, 34344, -115025, -85982, 93503, 115606, -64167, -120830, 36542, 105088, -22955, -81433, 25851, 64091, -37807, -58044, 50241, 64310, -49700, -79917, 28666, 95984, 8379, -100430, -51839, 87789, 89656, -40934, -87589, 8405, 89788, 19159, -75066, -35768, 49488, 36273, -20121, -23917, -1029, 2276, 9514, 19423, -5624, -33803, -5905, 39087, 14409, -34440, -18217, 24732, 16074, -12318, -7671, 4609, -1751, -1372, 10253, 3226, -13614
1791219429.208, MrmFullScanInfo, 487, 107, 2038605, 0, 0, 0, 0, 10000, 39297, 32, 2, 2, 1, 480, 0, 0, 0, 0, 0, 0, 167741, -229074, -310973, 480452, 360227, -537002, -379189, 349739, 435599, -32234, -510051, -254792, 511115, 430700, -376518, -520679, 139372, 578137, 106395, -565947, -279598, 391440, 332893, -48733, -256930, -334221, 90897, 607140, 78103, -721873, -175826, 713078, 191188, -647229, -158339, 581911, 131770, -549944, -149933, 551872, 214698, -536567, -303332, 419963, 401525, -175305, -488231, -119150, 498048, 359274, -362999, -514077, 104089, 605465, 168131, -630327, -356108, 549127, 451957, -349027, -488532, 93889, 435689, 116973, -232814, -211889, -92168, 168622, 389527, -8262, -491167, -206982, 341811, 367676, -24961, -364376, -304290, 173820, 511116, 109368, -517495, -364182, 324341, 532591, -25689, -583005, -254977, 475971, 452094, -219876, -549356, -92836, 522105, 352884, -353671, -497136, 96289, 493115, 136388, -330203, -242843, 58524, 185374, 205359, -2081, -338931, -211709, 287522, 351702, -93737, -354106, -134378, 222400, 287021, -20507, -303246, -163979, 188819, 260735, -6924, -243396, -157322, 131594, 241903, 19940, -230804, -143503, 147674, 191065, -38556, -158482, -47802, 81998, 81374, -11771, -63297, -14839, 20918, -9031, 8357, 59698, 2220, -100838, -51998, 104498, 113346, -63841, -150422, -4127, 140267, 68389, -82587, -102158, -1891, 96339, 81536, -60324, -130680, 14707, 142920, 19007, -130558, -29418, 113752, 20978, -108616, -9139, 119123, 9650, -134867, -28647, 136914, 60466, -109417, -92607, 50413, 112020, 24867, -108672, -91410, 78572, 127778, -28590, -125161, -23895, 88490, 58560, -32336, -62699, -24166, 37289, 63188, 4081, -74367, -41726, 58346, 59200, -26081, -50577, -5778, 21439, 22489, 15644, -18391, -46365, -1762, 59679, 27444, -52613, -47873, 31370, 55871, -6983, -50408, -10673, 36386, 16948, -21178, -14029, 11024, 8872, -8950, -8085, 13434, 14607, -19003, -27723, 19820, 43917, -13156, -57300, -3, 61864, 16120, -54622, -30388, 36986, 38583, -14124, -38708, -6992, 31575, 20527, -20412, -24147, 9982, 19124, -4443, -9018, 4970, -1253, -9276, 7002, 13410, -6066, -13724, -287, 8255, 8529, 2489, -14702, -15812, 16082, 27934, -12687, -35173, 7421, 35085, -3808, -27903, 3665, 16997, -6643, -7078, 11129, 1447, -15042, -599, 16144, 2681, -12709, -4919, 4356, 5082, 7179, -2097, -18221, -3992, 24941, 11836, -25343, -18678, 20012, 21406, -11427, -18168, 2749, 9290, 3509, 3072, -6236, -15911, 5549, 26749, -2262, -34536, -2480, 39478, 7823, -42227, -13816, 43408, 21057, -43237, -29493, 40954, 37563, -34814, -42446, 23173, 41248, -5963, -32730, -14218, 18462, 32131, -2135, -41771, -12090, 39495, 20836, -25892, -22053, 5392, 15688, 15764, -4044, -32030, -8585, 40639, 17118, -42126, -17445, 39280, 8223, -35720, 8215, 34355, -26999, -36230, 43144, 40370, -53516, -44595, 57454, 46665, -56073, -45089, 51193, 39944, -44356, -33017, 36771, 26891, -29379, -23570, 22608, 23750, -16429, -26709, 10826, 30696, -5991, -33895, 1941, 35492, 1740, -35887, -6301, 36344, 13174, -37965, -22437, 40419, 32444, -41820, -40953, 40326, 46096, -35557, -46114, 28384, 39582, -19884, -25188, 10579, 2207, 177, 28037, -14071, -61680, 32514, 94221, -54935, -123022, 77723, 147240, -94465, -166173, 97692, 177300, -81517, -176120, 44855, 158631, 6425, -124070, -60558, 75815, 104345, -20724, -128434, -31963, 130127, 72770, -113598, -94940, 88025, 97123, -64098, -84178, 49908, 65266, -47586, -50183, 52444, 46003, -55430, -54756, 47897, 72446, -25941, -89239, -6867, 93839, 41713, -80483, -69534, 52835, 84335, -21003, -83528, -5226, 67742, 19900, -42006, -21324, 14668, 11404, 5996, 5300, -15399, -22752, 14161, 35218, -6746, -39046, -1375, 33948, 6172, -22923, -5978, 10702, 1471
1791219429.208, MrmFullScanInfo, 487, 107, 2038605, 0, 0, 0, 0, 10000, 39297, 32, 4, 2, 1, 480, 0, 0, 0, 0, 0, 0, -16, -473, 197, 856, -491, -456, 347, -448, 560, 918, -1810, -513, 2584, -259, -2396, 767, 1633, -862, -965, 846, 845, -883, -1007, 953, 759, -964, 318, 688, -1020, -210, -100, 196, 2483, -905, -4262, 1711, 4538, -1922, -3773, 1454, 2445, -646, -1072, -149, -131, 740, 1419, -1189, -3299, 1694, 5533, -2118, -6800, 1015, 6323, 3833, -5304, -13876, 6195, 30506, -16097, -53321, 37569, 78553, -59994, -96173, 64265, 93200, -37669, -65278, -8224, 17358, 44762, 34182, -50263, -67094, 29526, 66554, -7653, -39072, 10833, 4707, -45631, 19548, 88474, -12223, -109891, -33478, 109467, 83534, -110837, -88735, 124973, 40613, -135302, 27916, 119282, -90349, -73835, 141618, 17079, -177630, 26040, 187482, -39849, -167450, 31019, 125727, -20498, -72631, 20811, 16894, -25117, 31470, 22459, -63682, -14106, 76068, 6934, -71313, -3229, 56548, -3374, -39895, 20457, 27148, -46634, -21876, 71057, 26822, -82708, -42055, 78624, 62597, -62298, -80140, 39454, 87637, -16508, -82850, -792, 68994, 9953, -52698, -12566, 40710, 12129, -36535, -12084, 38491, 15642, -40708, -24312, 36849, 37082, -24607, -50281, 6365, 58544, 14632, -57625, -37095, 47694, 60072, -33221, -80492, 19256, 94552, -8712, -99998, 3324, 95876, -3516, -82279, 6614, 61971, -7921, -40573, 5018, 23393, 444, -12614, -5837, 8137, 10055, -9059, -14354, 14474, 21004, -22966, -30858, 31651, 42182, -36534, -51738, 34726, 56482, -26477, -54306, 14961, 44826, -4342, -30007, -2346, 13966, 4199, -1462, -2405, -4235, -414, 2919, 1321, 2677, 1533, -8524, -7816, 11438, 15046, -10772, -19891, 8364, 19785, -6960, -14188, 8695, 4988, -14222, 4297, 22572, -10164, -31143, 10773, 36622, -6432, -36479, -865, 30088, 8364, -18850, -13473, 5479, 14804, 6861, -12551, -15394, 8251, 18668, -3958, -17010, 1328, 12426, -780, -7518, 1459, 4132, -1845, -2746, 594, 2810, 2798, -3433, -7718, 3798, 12576, -3546, -15447, 2996, 15033, -2669, -11453, 2737, 6343, -2923, -1920, 2883, -383, -2404, 632, 1151, 55, 1197, -379, -4518, -564, 8069, 3157, -10716, -7202, 11457, 11899, -9734, -16044, 5737, 18426, -355, -18229, -5135, 15289, 9560, -10199, -12151, 4160, 12549, 1516, -10777, -5857, 7344, 8433, -3225, -9211, -420, 8499, 2666, -6763, -3204, 4409, 2451, -1854, -1208, -237, 57, 1083, 862, -274, -1551, -2008, 1991, 5229, -2192, -8645, 2422, 11530, -2936, -13296, 3785, 13641, -4738, -12548, 5535, 10222, -6005, -6901, 6058, 2687, -5733, 2264, 5211, -7618, -4865, 12834, 5168, -17094, -6391, 19288, 8435, -18311, -10926, 13809, 13406, -6510, -15294, -2053, 16179, 10107, -15978, -16174, 14709, 19650, -12401, -20857, 9355, 20474, -6232, -18978, 3623, 16586, -1691, -13397, 202, 9573, 1189, -5390, -2624, 1277, 4007, 2170, -5050, -4362, 5498, 5139, -5356, -4829, 4946, 4040, -4637, -3332, 4654, 3066, -5159, -3311, 6227, 3699, -7595, -3492, 8410, 2014, -7583, 919, 4494, -4840, 707, 8921, -7157, -12120, 13595, 13309, -18536, -11619, 20565, 7102, -18802, -1079, 13455, -4596, -5887, 8641, -1942, -10908, 8361, 11979, -12474, -12190, 13990, 11352, -12979, -9327, 10158, 6436, -6939, -3094, 4809, -393, -4348, 3419, 5084, -5033, -6234, 4806, 7273, -3299, -7800, 1556, 7334, -330, -5703, 44, 3406, -964, -1124, 3134, -720, -6177, 1957, 9416, -2404, -12179, 2063, 13958, -1325, -14280, 763, 12738, -775, -9241
1791219429.208, MrmDetectionListInfo, 487, 208, 65, 7478, 66, 10983, 67, 15965, 68, 22818, 69, 31898, 70, 43062, 71, 55383, 72, 65535, 73, 65535, 74, 65535, 75, 65535, 76, 65535, 77, 55933, 78, 38579, 79, 24215, 80, 20058, 81, 28938, 82, 44256, 83, 55146, 84, 55971, 85, 48734, 86, 38422, 87, 28538, 88, 20592, 89, 16089, 90, 17915, 91, 28225, 92, 43915, 93, 57258, 94, 63811, 95, 65535, 96, 65535, 97, 65535, 98, 65535, 99, 65535, 100, 65535, 101, 65535, 102, 65535, 103, 65535, 104, 65535, 105, 65535, 106, 65535, 107, 65535, 108, 65535, 109, 65535, 110, 65535, 111, 65535, 112, 65535, 113, 65535, 114, 65535, 115, 65535, 116, 65535, 117, 55276, 118, 41776, 136, 42820, 137, 48725, 138, 54481, 139, 59566, 140, 63504, 141, 65535, 142, 65535, 143, 65535, 144, 64850, 145, 61106, 146, 55882, 147, 49671, 148, 43262, 149, 37887, 150, 34716, 152, 32102, 153, 29406, 154, 26128, 156, 23813, 157, 24962, 160, 30464, 161, 32454, 162, 33943, 163, 34507, 169, 42484, 170, 46871, 171, 49537, 172, 51021, 173, 52208, 174, 53345, 175, 54071, 176, 54053, 177, 53336, 178, 52149, 179, 50585, 180, 48535, 181, 45824, 182, 42354, 197, 21167, 198, 25884, 199, 30731, 200, 35433, 201, 39608, 202, 42777, 203, 44534, 204, 44687, 205, 43243, 206, 40331, 207, 36154, 208, 30991, 209, 25255, 210, 19556, 227, 14497, 229, 14266, 230, 13324, 231, 11909, 235, 9255, 236, 11867, 237, 15631, 238, 19387, 239, 22009, 240, 23025, 241, 22654, 242, 21320, 243, 19383, 244, 17407, 245, 16125, 246, 15556, 247, 14677, 248, 12667, 252, 11956, 253, 13332, 254, 13279, 272, 8444, 273, 9093, 274, 9385, 275, 9266, 276, 8723, 277, 7825, 297, 10861, 299, 11970, 300, 11916, 301, 11410, 302, 10540, 303, 9792, 304, 9841, 305, 10718, 306, 11555, 307, 11493, 308, 10504, 309, 9171, 314, 7251, 315, 7400, 316, 6921, 317, 5980, 340, 7284, 341, 7964, 342, 8484, 343, 8817, 344, 8976, 345, 8967, 346, 8774, 347, 8385, 348, 7811, 349, 7067, 350, 6165, 351, 5152, 356, 6608, 357, 8147, 358, 9435, 359, 10549, 360, 11647, 361, 12705, 362, 13531, 363, 13955, 364, 13933, 365, 13500, 366, 12683, 367, 11539, 368, 10279, 371, 10802, 372, 13213, 373, 15424, 374, 16536, 375, 16660, 376, 16432, 377, 16178, 378, 15741, 379, 14922, 380, 13800, 381, 12609, 382, 11478, 383, 10371, 384, 9207, 385, 7974, 386, 6729, 397, 5384, 398, 5313, 413, 5532, 421, 9258, 422, 12069, 423, 14146, 424, 15260, 425, 15665, 426, 15534, 427, 14739, 428, 13114, 435, 6498, 436, 7765, 437, 9954, 438, 12003, 439, 13003, 440, 13019, 441, 12652
1791219429.333, MrmFullScanInfo, 488, 107, 2038730, 0, 0, 0, 0, 10000, 39297, 32, 1, 2, 1, 480, -421727, 492580, 420105, -482161, -450568, 447463, 504440, -371797, -520018, 118244, 520162, 334821, -496295, -498158, 378709, 516992, -116296, -520192, -172757, 519763, 320802, -512219, -476424, 482125, 520183, 511546, -203601, -520041, -394803, 503186, 347001, -503319, -436338, 506723, 287991, -517230, -296380, 517686, 231614, -516886, -300899, 516500, 439348, -505794, -515997, 371644, 520192, 102555, -520060, -495036, 441511, 519647, -151241, -520192, -247896, 519537, 471095, -500047, -517540, 363868, 520127, -38690, -520074, -481419, 372453, 519774, 458784, -473360, -520155, 76841, 520192, 374988, -503591, -507611, 270837, 516777, 192693, -513760, -520091, -39802, 519982, 510937, -418211, -519903, 104768, 520018, 257251, -512351, -498721, 344016, 520190, 230735, -519632, -515651, 339453, 520183, 197537, -519063, -433850, 488392, 497461, -360231, -502473, 130470, 275875, 80008, 132033, -103291, -374326, -84044, 381120, 297553, -214967, -408292, -70605, 340113, 325841, -176691, -446345, -57027, 418756, 266974, -279013, -342072, 92572, 292157, 64787, -161053, -97915, -21245, 10287, 129290, 117519, -120162, -198922, 32290, 204926, 55519, -121940, -93415, -7987, 70093, 93823, 9825, -103300, -102965, 65080, 151386, 7811, -135314, -84344, 76985, 119220, 6410, -93745, -86817, 34717, 129987, 33041, -120911, -93188, 81164, 97536, -52633, -63719, 38558, 29052, -45318, -22885, 69460, 47283, -76464, -86638, 48177, 125785, 4395, -134782, -68282, 116779, 126735, -70051, -157050, 9961, 143314, 53058, -95922, -91604, 35776, 92860, 21856, -62289, -55128, 20413, 56258, 17846, -28905, -30565, -2771, 10321, 25216, 29091, -28484, -62573, 10978, 82074, 19279, -85492, -41255, 68764, 50891, -37901, -58505, 11276, 54884, 5967, -43306, -14465, 37145, 14832, -37022, -11644, 37547, 14725, -38363, -27974, 42013, 39750, -32609, -47152, 15408, 53267, 1731, -51589, -14772, 40182, 23413, -22319, -26058, 5313, 18793, 12863, -11718, -21120, 4062, 19074, 3822, -11974, -7327, 7199, 4269, -3282, 1568, 1006, -3074, -1014, -5, 5173, 10347, -3079, -21552, -1318, 34032, 7648, -41926, -17301, 45634, 27955, -44724, -34059, 38734, 33806, -27831, -16443, 22033, 13667, -16457, -9789, 13987, 9893, -12831, -14296, 12767, 20880, -8429, -29821, 939, 38418, 9987, -45538, -20998, 38518, 32007, -25344, -38099, 9945, 35930, 4586, -27106, -14041, 13161, 17963, 2339, -17151, -15505, 12899, 23688, -7228, -29409, 1436, 34045, 4826, -34693, -11832, 33692, 21676, -29919, -33393, 25958, 43572, -18660, -48841, 10465, 44611, 1739, -32503, -15855, 13216, 26525, 6087, -28535, -19656, 21887, 26133, -8314, -22130, -7240, 6030, 18703, 10748, -25442, -26419, 26743, 35244, -25796, -35214, 26196, 24623, -29027, -9987, 36671, -4909, -45273, 10628, 50315, -16615, -53262, 20002, 50016, -21848, -41636, 25334, 28910, -29143, -16592, 31819, 7577, -31551, -3019, 25734, 2978, -19898, -6113, 13306, 8666, -6400, -8851, 1858, 7926, 2398, -7389, -5346, 8630, 7831, -14063, -16576, 23367, 23388, -30150, -29927, 33963, 34822, -34434, -36142, 31900, 30390, -26366, -16824, 19695, -2040, -11166, 40858, 4010, -70541, 6917, 99515, -19787, -126703, 33698, 150009, -39780, -165854, 32852, 170468, -9304, -157411, -29563, 114953, 74415, -64075, -107497, 8204, 127452, 45261, -126028, -86328, 106672, 108950, -78436, -110770, 50318, 95972, -31508, -76029, 31707, 60167, -37367, -56052, 40964, 62171, -35766, -77055, 15706, 92428, 16598, -97297, -54048, 84394, 86823, -42423, -81969, 12646, 83275, 15738, -71571, -33258, 49641, 37904, -23981, -29661, 5451, 13746, 1401, 1936, 4020, -16761, -19314, 18551, 26999, -12043, -28636, 1775, 23520, 7160, -11040, -10672, -4995, 6716, 20719, 2572, -30825
1791219429.333, MrmFullScanInfo, 488, 107, 2038730, 0, 0, 0, 0, 10000, 39297, 32, 2, 2, 1, 480, 0, 0, 0, 0, 0, 0, 168116, -229170, -311536, 480933, 360625, -538379, -378932, 351940, 434598, -34358, -508865, -253532, 510214, 430291, -375841, -520811, 138560, 578595, 107490, -566691, -281554, 392644, 336317, -50579, -261576, -331936, 95296, 605200, 75299, -721032, -174467, 713259, 190459, -647644, -157416, 581879, 130224, -549244, -147845, 550507, 212917, -534705, -302720, 418069, 402350, -174115, -490709, -118983, 502544, 357577, -369343, -511285, 110800, 601541, 163389, -618721, -356730, 506420, 457153, -245476, -461401, -91272, 332704, 373465, -74328, -477726, -226721, 356364, 462724, -77875, -556463, -220447, 453948, 418419, -174462, -437001, -173658, 261541, 448852, 26497, -537831, -302211, 403455, 492521, -115910, -555706, -194748, 445660, 430691, -176216, -532095, -148080, 455332, 416850, -216915, -584831, -75618, 637310, 290805, -559002, -351502, 361776, 249108, -115692, -38650, -67678, -180502, 101757, 310276, 11339, -297096, -184299, 148268, 307320, 74290, -309853, -282184, 189123, 400743, -2807, -397038, -165255, 288896, 247258, -136291, -218961, 12462, 106073, 34332, 28762, -2507, -118974, -69347, 131320, 127014, -78665, -130676, 4294, 76624, 44862, 4534, -41706, -71233, -8158, 94479, 72439, -68081, -113926, 8808, 110374, 52284, -61613, -86438, -12917, 80720, 83503, -41735, -125498, -8910, 131136, 45988, -109778, -55941, 80159, 44875, -60100, -31123, 56648, 31468, -62027, -51613, 60067, 84590, -37856, -115395, -6263, 128783, 61311, -115537, -108573, 75489, 131033, -18669, -121403, -36956, 84263, 72956, -33188, -79390, -14126, 59114, 42413, -25920, -45049, -1810, 26128, 10056, 2298, 3967, -25638, -32192, 33283, 61692, -23552, -80466, 2573, 81606, 21210, -66113, -40813, 41831, 51854, -18239, -53682, 1799, 49523, 5771, -43908, -7486, 40372, 8794, -40225, -13545, 41561, 22142, -40121, -32733, 32868, 42415, -20460, -47466, 5963, 44841, 7204, -34010, -16386, 17454, 20368, 63, -19353, -13219, 14347, 18890, -7128, -17714, 611, 12656, 2596, -6672, -2346, 2053, 1228, -298, -2506, 1464, 8094, -3972, -17770, 5541, 29492, -4298, -40503, -454, 48393, 7611, -51416, -13890, 48667, 16069, -40689, -13806, 30061, 9742, -20470, -6973, 14637, 6973, -12935, -10065, 13500, 16111, -13517, -24730, 10883, 34386, -4903, -41763, -4092, 43271, 14825, -37425, -24710, 25713, 30396, -11322, -29385, -2396, 21414, 12954, -8661, -19069, -5365, 20595, 17699, -18298, -26934, 13452, 32956, -7020, -36175, -860, 37277, 10448, -36983, -21289, 35515, 31492, -32096, -38181, 25117, 38878, -13367, -32829, -2224, 21482, 17853, -7738, -28257, -5119, 29481, 13997, -20921, -16477, 5418, 11798, 12212, -1628, -27227, -10319, 36769, 19520, -40498, -22088, 40126, 16360, -38264, -3981, 37158, -10866, -37807, 23929, 39603, -32848, -40620, 37429, 38563, -38630, -32015, 37733, 21498, -35688, -9483, 32769, -637, -28871, 6122, 24147, -6153, -19139, 2209, 14355, 2931, -9845, -6898, 5470, 8971, -1285, -10149, -2670, 12444, 6562, -17571, -10482, 25548, 14235, -34346, -17517, 41199, 19884, -44075, -20147, 42077, 16541, -35130, -6773, 23589, -10817, -7838, 35339, -11503, -62975, 33148, 89276, -54945, -111640, 73589, 129162, -84366, -141326, 81871, 146262, -61822, -140762, 23852, 122554, 26379, -92194, -77956, 52947, 118792, -9733, -140315, -31204, 140124, 63158, -122186, -80989, 95241, 83402, -69561, -73864, 52693, 59518, -46246, -48611, 45956, 47395, -44636, -57465, 35738, 74692, -16035, -89826, -11983, 92886, 41375, -79149, -64847, 52199, 77737, -21180, -78029, -5003, 65874, 20886, -45047, -24984, 22638, 18756, -6296, -5721, 373, -8976, -3884, 19631, 11904, -22248, -18735, 16714, 20316, -6570, -14861, -3153, 3063
1791219429.333, MrmFullScanInfo, 488, 107, 2038730, 0, 0, 0, 0, 10000, 39297, 32, 4, 2, 1, 480, 0, 0, 0, 0, 0, 0, 357, -287, -462, 819, 182, -1529, 390, 1979, -727, -1744, 369, 1102, 231, -593, -355, 245, -101, 62, 651, -350, -1555, 779, 2953, -1387, -4261, 1840, 4460, -1641, -3178, 771, 1313, 230, 256, -750, -766, 632, 245, -42, 611, -827, -843, 1661, 210, -1986, 789, 1451, -2045, -186, 3523, -1223, -4655, 2196, 4502, -3753, -2514, 13413, -2712, -49078, 7938, 118395, 20869, -212901, -89397, 299325, 136424, -319429, -109172, 240330, 56998, -109173, -70897, 7241, 140699, 47672, -187738, -81583, 162392, 100552, -82939, -91404, -320, 61351, 45096, -31530, -38956, 24016, 2203, -50455, 33649, 88831, -36022, -102651, -10338, 87383, 80096, -78607, -126585, 108624, 132154, -175679, -113178, 241546, 87653, -260976, -65215, 221590, 53573, -151419, -57324, 88837, 72363, -53512, -90978, 42174, 109481, -40784, -127861, 38236, 145656, -29740, -157707, 17221, 159130, -10435, -151296, 20631, 139919, -47567, -129851, 75719, 123586, -86947, -120478, 75566, 115178, -49490, -102693, 21442, 83200, 165, -60825, -13683, 39353, 21182, -20208, -24213, 4243, 22248, 6470, -14871, -10038, 4328, 7304, 5161, -2310, -10269, -538, 10609, -273, -8717, 3118, 8064, -6019, -10570, 8921, 16014, -12670, -23140, 17067, 30446, -20836, -35647, 22335, 35746, -20067, -29175, 13792, 17741, -5368, -5513, -2093, -3929, 6605, 8969, -8095, -9586, 7900, 6478, -7701, -569, 8863, -6781, -12212, 13582, 17782, -17670, -24493, 17886, 30237, -14934, -32873, 11134, 31392, -9063, -26470, 9561, 20207, -10880, -15026, 10221, 12242, -6043, -11235, -1081, 10189, 9351, -7541, -16724, 2887, 21742, 2864, -23752, -7984, 22724, 10795, -19301, -10455, 15003, 7238, -11808, -2327, 10968, -2582, -12376, 6028, 14621, -7220, -15792, 6092, 14741, -3287, -11845, 296, 8507, 1037, -6027, 370, 5206, -4024, -6444, 8070, 9889, -10314, -15185, 9323, 21181, -4911, -26169, -1916, 28751, 9389, -28557, -15709, 26281, 19827, -23087, -21166, 20037, 19814, -17558, -17207, 15596, 15814, -14069, -17317, 12978, 21258, -12128, -25887, 10993, 29464, -8941, -31124, 5715, 30703, -1552, -28057, -3133, 23009, 8040, -15870, -12816, 7664, 16722, 504, -18789, -7897, 18394, 14049, -15831, -18477, 12119, 20770, -8278, -20895, 5040, 19205, -2875, -16226, 2055, 12635, -2407, -9159, 3249, 6346, -3427, -4376, 1800, 2993, 1943, -1537, -6979, -555, 11830, 3178, -15015, -5534, 15583, 6729, -13529, -6357, 9730, 4688, -5516, -2436, 2175, 373, -501, 782, 495, -397, -1388, -1779, 2160, 5397, -1878, -9692, 17, 13830, 3260, -16898, -7259, 18010, 11278, -16713, -14930, 13268, 18019, -8340, -20403, 2714, 22027, 2535, -22792, -6303, 22552, 8242, -21414, -8824, 19989, 8615, -19028, -7716, 18915, 6243, -19489, -4784, 20104, 4609, -19910, -6901, 18136, 11605, -14227, -17278, 8083, 22047, -424, -24554, -7085, 24219, 12471, -21268, -14275, 16568, 12101, -10998, -6864, 4931, 906, 1634, 2841, -8576, -2430, 15532, -2136, -22117, 9225, 27854, -16557, -32071, 22173, 33746, -24924, -31627, 24539, 25048, -21487, -14803, 16879, 3306, -12036, 6458, 8015, -12250, -5118, 13273, 2933, -10213, -779, 4924, -2019, 372, 5884, -4131, -10294, 5883, 13464, -5845, -13432, 4542, 9656, -2782, -3533, 1641, -2597, -1788, 6768, 2894, -7922, -3796, 5989, 3413, -1805, -1224, -3160, -2698, 7547, 7567, -10746, -12127, 12754, 15408, -13549, -17323, 12978, 18263, -11005, -18268, 7742, 17063, -3182, -14507, -2657
1791219429.333, MrmDetectionListInfo, 488, 250, 64, 10247, 65, 18571, 66, 31918, 67, 50548, 68, 65535, 69, 65535, 70, 65535, 71, 65535, 72, 65535, 73, 65535, 74, 65535, 75, 65535, 76, 65535, 77, 65535, 78, 65535, 79, 56360, 80, 58999, 81, 65535, 82, 65535, 83, 65535, 84, 65535, 85, 65535, 86, 65535, 87, 65535, 88, 59172, 89, 39910, 90, 32426, 91, 36679, 92, 41118, 93, 35663, 94, 23850, 95, 19026, 96, 30125, 97, 51732, 98, 65535, 99, 65535, 100, 63650, 101, 56448, 102, 61750, 103, 65535, 104, 65535, 105, 65535, 106, 65535, 107, 65535, 108, 65535, 109, 65535, 110, 65535, 111, 65535, 112, 65535, 113, 65535, 114, 65535, 115, 65535, 116, 65535, 117, 65535, 118, 65535, 119, 65535, 120, 65535, 121, 65535, 122, 65535, 123, 65535, 124, 65535, 125, 65535, 126, 65535, 127, 65535, 128, 65535, 129, 65535, 130, 65535, 131, 65535, 132, 65535, 133, 65535, 134, 65535, 135, 65535, 136, 65535, 137, 65535, 138, 65535, 139, 65535, 140, 65535, 141, 65535, 142, 65535, 143, 65535, 144, 65535, 145, 65291, 146, 53903, 147, 43212, 148, 34807, 149, 30315, 204, 19918, 205, 21700, 206, 23071, 207, 23683, 208, 23464, 210, 21483, 229, 13079, 230, 14720, 231, 16047, 232, 16453, 233, 15904, 234, 14732, 235, 13236, 236, 11529, 246, 11205, 261, 11751, 262, 13002, 263, 13972, 264, 14495, 265, 14627, 266, 14741, 267, 15410, 268, 17042, 269, 19324, 270, 21301, 271, 22261, 272, 22328, 273, 22048, 274, 21690, 275, 21121, 276, 20171, 277, 18925, 278, 17639, 279, 16530, 280, 15705, 281, 15224, 282, 15151, 283, 15511, 284, 16236, 285, 17172, 286, 18139, 287, 18979, 288, 19566, 289, 19807, 290, 19646, 291, 19064, 292, 18076, 293, 16775, 294, 15450, 295, 14515, 296, 14129, 297, 14013, 298, 13723, 299, 13028, 300, 12020, 301, 10930, 302, 10029, 303, 9839, 304, 10976, 305, 13249, 306, 15434, 307, 16452, 308, 16376, 309, 15974, 310, 15678, 311, 15300, 312, 14542, 313, 13426, 314, 12210, 315, 11072, 316, 10006, 317, 8961, 318, 7960, 319, 7083, 320, 6369, 331, 5668, 332, 7211, 333, 8738, 334, 10040, 335, 10839, 336, 11009, 337, 10621, 338, 9812, 339, 8666, 340, 7246, 356, 6494, 357, 7810, 358, 9684, 359, 11621, 360, 13099, 361, 14018, 362, 14589, 363, 14960, 364, 15081, 365, 14858, 366, 14312, 367, 13549, 368, 12718, 369, 12077, 371, 12595, 372, 13681, 373, 14726, 374, 15283, 375, 15274, 376, 14953, 377, 14589, 378, 14263, 379, 13925, 380, 13546, 381, 13171, 382, 12856, 383, 12612, 384, 12428, 385, 12311, 386, 12304, 387, 12452, 388, 12767, 389, 13208, 390, 13694, 391, 14111, 392, 14334, 393, 14246, 394, 13767, 395, 13017, 396, 12645, 397, 13529, 398, 15630, 399, 17649, 400, 18310, 401, 17520, 402, 16008, 403, 14276, 404, 12223, 405, 9610, 413, 9847, 414, 11400, 415, 14106, 416, 17879, 417, 21655, 418, 24563, 419, 26556, 420, 27978, 421, 28889, 422, 28991, 423, 28019, 424, 25997, 425, 23146, 426, 19687, 427, 15793, 428, 11805, 431, 7585, 433, 9667, 435, 8273, 447, 9625, 468, 11067, 469, 12476, 470, 13649, 471, 14603, 472, 15232, 473, 15478, 474, 15390, 475, 15042, 476, 14446, 477, 13558
1791219429.458, MrmFullScanInfo, 489, 107, 2038855, 0, 0, 0, 0, 10000, 39297, 32, 1, 2, 1, 480, -420983, 491698, 419028, -480933, -450095, 446483, 505311, -368336, -520093, 106736, 520190, 334070, -497166, -495776, 373340, 517348, -117590, -520192, -170890, 519598, 319353, -512425, -477672, 481800, 520178, 512768, -193703, -520116, -399141, 503065, 352571, -501278, -436626, 506298, 283463, -517855, -290828, 517730, 228650, -516844, -309569, 516703, 436238, -506345, -516155, 374828, 520190, 96324, -519783, -495598, 443771, 519157, -156835, -519475, -237709, 519900, 465564, -504402, -515857, 410276, 519879, -183898, -520164, -234329, 506861, 427429, 184664, -417412, -518928, 219562, 520192, 220917, -512762, -453771, -150453, 311190, 520166, 137245, -518028, -476893, 490027, 519131, -296332, -520192, 34597, 520073, 289832, -510282, -509629, 327877, 520189, 195970, -519784, -505050, 416631, 520093, 26661, -519513, -279808, 510060, 355737, -372634, -221320, 39280, -137270, 139462, 463456, -102508, -519928, -147644, 510639, 418718, -385297, -459364, 84688, 413548, 183744, -248719, -342770, -30226, 297376, 247011, -146703, -286144, 15588, 240979, 106127, -121007, -151050, -51286, 50578, 146464, 60071, -153799, -137524, 94905, 174353, -2655, -105122, -50271, -31025, 30748, 124183, 46562, -143872, -149410, 101208, 200526, -3624, -165737, -89362, 76381, 124664, 24770, -103394, -115729, 49721, 161232, 16324, -145693, -61417, 100685, 72104, -73827, -49501, 54639, 20239, -62957, -16207, 99098, 46537, -123552, -99173, 112520, 158681, -65772, -155809, -13172, 150331, 90610, -106002, -135919, 44125, 135129, 27062, -94947, -76296, 37490, 84944, 20717, -61047, -58145, 19831, 63966, 24722, -35298, -48607, -3057, 36655, 39647, 706, -59530, -38218, 54207, 65909, -28259, -75715, 2687, 54622, 18001, -25022, -29891, -2961, 31017, 21432, -22720, -32102, 17993, 36300, -18132, -34007, 18095, 35013, -17112, -41668, 18783, 43185, -8728, -39158, -8757, 35183, 26335, -26243, -40753, 12003, 50795, 3559, -54142, -15269, 48177, 18295, -37613, -17816, 31766, 10644, -28369, -3261, 28363, 2507, -33271, -6252, 37703, 13931, -35335, -26518, 27391, 39822, -17999, -45481, -1392, 44015, 20900, -33159, -34179, 15521, 39192, 3389, -36404, -15121, 26935, 18008, -14862, -6403, 6263, 28, -5296, 7872, 8502, -12015, -14811, 10353, 20568, -4610, -21216, -4746, 15662, 15590, -5968, -25302, -4414, 24835, 15241, -19053, -22591, 11684, 20863, -3476, -13619, -1415, 4700, 2270, 6270, -423, -15365, -3875, 22928, 8949, -25610, -14830, 28360, 19448, -28338, -23138, 26648, 29331, -23436, -35906, 19735, 40993, -12696, -42877, 4618, 38018, 6488, -25370, -18540, 9489, 27652, 3985, -28921, -12812, 22482, 16588, -12169, -13545, 818, 2643, 11769, 8433, -18753, -17990, 23822, 22172, -28434, -18817, 35021, 8647, -42459, 4770, 52075, -16923, -61295, 21544, 64880, -23643, -65679, 20564, 62556, -16806, -53850, 13902, 42678, -10698, -32409, 8515, 25910, -5523, -23761, 5743, 25048, -2107, -28337, -725, 31595, 2735, -32985, -3380, 31572, 3817, -29385, -5696, 28451, 10066, -27095, -23229, 29157, 32440, -27168, -42385, 23575, 48835, -17652, -49583, 12163, 41213, -8553, -25807, 6264, 5443, -2846, 31489, 4568, -58341, 5025, 82898, -22540, -104525, 43324, 124048, -58171, -138361, 61123, 144484, -45647, -136801, 11844, 100152, 34461, -56151, -73688, 5904, 101326, 42851, -108620, -80442, 95754, 100131, -70869, -97642, 44990, 79939, -26704, -51592, 23323, 32206, -29101, -25221, 36611, 33481, -35128, -53017, 18882, 73316, 12325, -83644, -52354, 76089, 88042, -37744, -91264, 9241, 95283, 18845, -83715, -39214, 60270, 47127, -32006, -40579, 10012, 25253, -638, -8041, 2800, -6281, -17315, 9420, 25922, -4623, -30127, -4428, 27456, 13694, -18233, -17057, 4733, 13191, 9265, -3733, -17912
1791219429.474, MrmFullScanInfo, 489, 107, 2038855, 0, 0, 0, 0, 10000, 39297, 32, 2, 2, 1, 480, 0, 0, 0, 0, 0, 0, 167920, -228552, -311487, 478875, 361274, -534529, -380600, 347483, 436537, -31321, -509601, -254422, 509301, 430045, -374537, -520374, 138175, 578145, 107023, -566163, -280438, 391912, 333983, -49346, -257491, -333720, 90196, 606982, 79519, -722051, -175990, 713047, 188677, -646239, -154104, 580009, 128102, -548149, -147911, 551037, 213903, -536888, -302961, 421243, 401571, -177209, -490007, -116787, 503834, 356045, -373762, -509728, 117451, 602720, 156099, -635527, -346753, 564385, 443250, -361951, -461098, 71353, 370010, 212349, -147563, -383043, -145260, 366334, 368756, -174214, -396305, -71477, 196892, 210186, 136976, -161953, -444251, -24475, 597134, 238732, -543666, -411616, 314528, 527925, -9958, -555608, -263510, 436145, 454826, -170794, -544739, -141730, 501402, 393261, -318123, -543396, 75769, 578103, 91654, -471835, -98352, 235268, -39733, 32626, 235128, -184820, -401462, 143484, 487505, 40096, -462244, -240949, 314168, 352598, -82946, -329452, -143408, 188189, 280409, 4209, -291955, -164176, 199279, 232588, -62785, -195983, -48455, 83773, 89251, 47181, -56783, -138522, -14875, 158620, 75835, -114540, -85636, 43432, 36082, 8210, 44885, -9320, -113192, -37618, 133981, 99067, -97299, -133875, 21718, 118186, 56593, -54902, -104623, -31090, 108211, 106200, -74354, -145876, 24532, 146092, 16435, -120805, -33630, 91562, 29758, -77166, -20871, 84911, 24722, -105917, -48305, 119621, 84692, -105944, -119568, 58546, 139434, 9529, -134654, -73271, 100927, 110510, -44661, -111835, -16385, 81526, 60862, -33285, -74874, -14691, 57952, 45640, -22211, -50285, -13198, 29713, 31297, 5812, -25613, -40827, 1576, 61121, 28078, -60207, -49638, 41013, 54392, -12521, -42348, -14736, 20615, 32784, 2190, -39389, -19825, 37828, 29686, -33164, -32962, 29095, 33215, -26776, -33296, 24385, 33912, -18246, -34693, 6131, 34879, 10601, -32907, -28303, 27246, 43100, -18203, -51814, 8109, 52980, 57, -47814, -4030, 39687, 3383, -32377, 53, 28699, -3133, -29449, 3049, 32828, 1917, -35653, -11775, 35019, 24226, -28864, -35338, 16506, 41295, 334, -39712, -17644, 30573, 30946, -16723, -36977, 3285, 34676, 4994, -25804, -6337, 14677, 2193, -6234, 4409, 3467, -10440, -6155, 13336, 11512, -11412, -15874, 4249, 16665, 6610, -13217, -17555, 6214, 24633, 2690, -25763, -10776, 21435, 15086, -13799, -13962, 5609, 7745, 750, 1812, -3983, -12316, 3915, 21605, -1128, -28450, -3309, 32587, 8415, -34286, -13865, 34083, 19860, -32537, -26262, 29764, 32002, -25124, -35212, 17512, 34092, -6255, -28177, -7574, 18923, 20565, -8773, -28378, -130, 28325, 6155, -20567, -8065, 7543, 5602, 7276, -74, -20621, -5831, 30623, 8883, -37156, -6417, 41187, -2334, -44004, 15463, 46576, -29106, -49168, 39299, 51376, -43776, -52325, 42643, 50907, -37552, -46307, 30540, 38971, -23208, -30861, 16842, 24466, -12350, -21431, 9885, 21959, -8836, -24991, 8434, 28704, -8195, -31246, 7675, 31760, -6267, -30774, 2994, 29901, 3000, -30666, -11537, 33190, 21257, -35866, -30352, 36605, 37006, -34331, -39110, 29194, 34762, -21837, -22474, 12814, 2003, -1948, 24377, -11864, -51775, 29851, 75097, -51713, -91986, 74327, 102979, -91998, -109677, 97938, 111972, -86208, -107445, 54494, 93603, -6814, -70123, -46420, 39042, 92195, -3964, -120049, -29828, 125576, 56052, -111406, -69234, 85688, 67391, -58756, -53768, 39249, 36063, -30890, -23343, 31274, 22227, -33408, -34203, 29183, 54830, -13232, -74555, -13573, 82939, 44645, -74454, -71615, 51543, 87952, -22175, -90183, -5190, 78174, 24285, -56112, -31944, 31530, 28256, -12467, -16360, 3907, 1648, -5722, 9939, 13563, -14206, -21691, 10589, 25598, -2139, -22919, -6337, 13786
1791219429.474, MrmFullScanInfo, 489, 107, 2038855, 0, 0, 0, 0, 10000, 39297, 32, 4, 2, 1, 480, 0, 0, 0, 0, 0, 0, -59, 527, -127, -1771, 727, 3248, -1512, -3614, 1606, 2254, -480, -388, -975, -485, 1311, 491, -521, -369, -165, 345, 464, -387, -1101, 641, 2327, -996, -3311, 1073, 2976, -671, -953, -159, -1855, 1179, 3257, -1719, -2260, 1175, 368, 125, 515, -1457, -95, 2329, -440, -2495, -250, 2169, 2985, -2147, -6714, 2610, 8927, -419, -8690, -11659, 9195, 39194, -11082, -71108, 9744, 81181, -1228, -47356, -13994, -24983, 32563, 97249, -68076, -132429, 133018, 146582, -205873, -185116, 242092, 238104, -208978, -241229, 115993, 172041, -6780, -82781, -68149, 21770, 85855, 9639, -63028, -27755, 33347, 37205, -22907, -30989, 36634, 9855, -62227, 8476, 93093, -11579, -139233, 10554, 201885, -21787, -248409, 34881, 242455, -19832, -194512, -25869, 150102, 68898, -133421, -80011, 128185, 61737, -113087, -33814, 87743, 11466, -62387, -1953, 42382, 5423, -26098, -16730, 12314, 29393, -3025, -39492, -98, 46452, -1258, -51181, 2970, 53252, -2653, -50479, 2604, 42205, -6834, -31441, 16056, 22588, -26233, -17546, 31219, 14114, -27237, -8465, 15433, -664, -216, 10764, -13871, -17796, 24121, 19200, -29390, -15452, 29277, 9495, -24283, -4602, 16542, 2845, -9163, -5431, 3737, 13262, 820, -25897, -5375, 39872, 9308, -49219, -12538, 49762, 16468, -42549, -21311, 31957, 24298, -21572, -22735, 12869, 16480, -6201, -7819, 1788, -93, 423, 4505, -1237, -3927, 2300, -1063, -5591, 8110, 12441, -14451, -22430, 18275, 33107, -19627, -40848, 19685, 42820, -19147, -38753, 17918, 30897, -16273, -22060, 15541, 13997, -16906, -7473, 20251, 2987, -23880, -1189, 25369, 2641, -22823, -7250, 15756, 13994, -5311, -21178, -6140, 27075, 15759, -30508, -21109, 31135, 20603, -29176, -14050, 25349, 3350, -21299, 7953, 19330, -16313, -20845, 19614, 25092, -17157, -29766, 9344, 32630, 2353, -32992, -15357, 31423, 26593, -28352, -33576, 23670, 35204, -17668, -31748, 11738, 24691, -7580, -16247, 6124, 8493, -6988, -2894, 8760, 303, -9789, -943, 8979, 4222, -6147, -8746, 1979, 12971, 2440, -15776, -6060, 16710, 8338, -15816, -9397, 13415, 9745, -9905, -9826, 5734, 9867, -1483, -9720, -2222, 8918, 5031, -7106, -6970, 4621, 8212, -2216, -8930, 354, 9322, 1022, -9472, -2215, 9197, 3463, -8092, -4860, 5856, 6323, -2594, -7520, -976, 7891, 3805, -6860, -4986, 4279, 4014, -618, -915, -3151, -3532, 5775, 7853, -6030, -10453, 3550, 10296, 701, -7178, -4848, 1760, 7108, 4666, -6509, -10577, 3155, 14675, 1801, -16209, -6664, 15223, 9932, -12341, -10902, 8193, 10003, -3202, -8487, -2138, 7626, 7211, -8076, -11491, 9860, 14604, -12584, -15939, 15498, 14928, -17650, -11728, 18421, 7322, -17969, -2781, 16916, -1359, -15598, 4812, 13938, -7147, -11725, 7873, 8902, -6794, -5575, 4166, 2036, -553, 1311, -3317, -4136, 6646, 6187, -8735, -7199, 9332, 7005, -8853, -5518, 8335, 2887, -8983, 139, 11860, -2221, -17564, 2260, 25758, -40, -34912, -4119, 42765, 9745, -47286, -15934, 47252, 21174, -42315, -23904, 33016, 23408, -20825, -20165, 7985, 15565, 3338, -11229, -11760, 8413, 17197, -7868, -20519, 9806, 22640, -13420, -23873, 16821, 24031, -17973, -22992, 15962, 20883, -11521, -17911, 6534, 14086, -3109, -9381, 2459, 4247, -4261, 105, 7109, -2069, -9649, 776, 11329, 3191, -12017, -8169, 11633, 12538, -10323, -15448, 8698, 16755, -7566, -16631, 7404, 15410, -8109, -13521, 9247, 11326, -10197, -8980, 10394
1791219429.474, MrmDetectionListInfo, 489, 223, 63, 7375, 64, 11661, 65, 18597, 66, 27127, 67, 35609, 68, 42148, 69, 44759, 70, 41943, 76, 65535, 77, 65535, 78, 65535, 79, 65535, 80, 65535, 81, 65535, 82, 65535, 83, 65535, 84, 65535, 85, 65535, 86, 65535, 87, 65535, 88, 65535, 89, 62790, 90, 43738, 91, 46588, 92, 54916, 93, 53786, 94, 43951, 95, 35468, 96, 33402, 97, 34113, 98, 32799, 99, 29604, 100, 27665, 101, 28509, 102, 31632, 103, 36873, 104, 44723, 105, 55067, 106, 65535, 107, 65535, 108, 65535, 109, 65535, 110, 65535, 111, 65535, 112, 65535, 113, 65535, 114, 65535, 115, 65535, 116, 65535, 117, 65535, 118, 65535, 119, 65535, 120, 65535, 121, 65535, 122, 65535, 123, 65535, 124, 63778, 189, 24590, 208, 20754, 209, 23891, 210, 26882, 211, 29308, 212, 30787, 213, 31272, 214, 30920, 215, 29848, 216, 28108, 217, 25811, 218, 23193, 219, 20552, 220, 18133, 221, 16086, 224, 12738, 229, 13491, 230, 13672, 231, 13663, 232, 13415, 235, 12051, 236, 13119, 237, 15840, 238, 19626, 239, 23260, 240, 25667, 241, 26523, 242, 26140, 243, 24873, 244, 22774, 245, 19788, 246, 16242, 247, 13254, 248, 12259, 249, 13671, 250, 16388, 251, 18898, 252, 20512, 253, 21440, 254, 22021, 255, 22169, 256, 21572, 257, 20236, 258, 18788, 259, 18434, 260, 20247, 261, 23880, 262, 27490, 263, 29489, 264, 29855, 265, 29470, 266, 28779, 267, 27490, 268, 25272, 269, 22297, 270, 19070, 271, 15981, 272, 13161, 273, 10643, 274, 8518, 275, 6896, 287, 7525, 288, 8765, 289, 10274, 290, 11585, 291, 12347, 292, 12525, 293, 12313, 294, 11890, 295, 11297, 316, 5949, 317, 6080, 318, 6099, 319, 6054, 320, 5915, 339, 7571, 340, 6870, 348, 7140, 349, 8070, 350, 8455, 351, 8579, 352, 9018, 353, 10066, 354, 11364, 355, 12180, 356, 12098, 357, 11293, 358, 10166, 359, 8895, 360, 7471, 364, 6096, 365, 7735, 367, 10781, 368, 11961, 369, 13153, 370, 14332, 371, 15269, 372, 15770, 373, 15802, 374, 15427, 375, 14704, 376, 13679, 377, 12426, 378, 11083, 379, 9871, 380, 9047, 381, 8804, 382, 9141, 383, 9759, 384, 10178, 385, 10094, 386, 9561, 387, 8779, 389, 6626, 397, 6632, 398, 7491, 399, 7886, 400, 8140, 401, 8254, 410, 8576, 411, 10748, 412, 12633, 413, 14247, 414, 16146, 415, 18885, 416, 22371, 417, 25868, 418, 28706, 419, 30757, 420, 32208, 421, 33087, 422, 33176, 423, 32258, 424, 30326, 425, 27539, 426, 24089, 427, 20144, 428, 15968, 429, 12093, 431, 8144, 433, 10631, 434, 12329, 435, 13278, 436, 13832, 437, 14682, 438, 16033, 439, 17556, 440, 18874, 441, 19870, 442, 20560, 443, 20882, 444, 20690, 445, 19897, 446, 18559, 447, 16829, 448, 14857, 449, 12766, 467, 12026, 468, 12294, 469, 12468, 470, 12518, 471, 12398, 472, 12158, 473, 11899, 474, 11674, 475, 11468
1791219429.583, MrmFullScanInfo, 490, 107, 2038980, 0, 0, 0, 0, 10000, 39297, 32, 1, 2, 1, 480, -419625, 492485, 417651, -480217, -451342, 448097, 505213, -368991, -519990, 110983, 520135, 333724, -497864, -497529, 371973, 516965, -115977, -520192, -171434, 519710, 323065, -512819, -477174, 479651, 520189, 512286, -187565, -520158, -404525, 500092, 357976, -501297, -433996, 506345, 285390, -518617, -301400, 518079, 236174, -517368, -304761, 516781, 432172, -505647, -515333, 372717, 520192, 96711, -520014, -494798, 444241, 519295, -143177, -519763, -243184, 519742, 468466, -503587, -516081, 398575, 519980, -175185, -520184, -149050, 518133, 162827, 75615, 26979, -515496, -305049, 510987, 503049, -331684, -515450, -215472, 517403, 506189, -462823, -520191, 25094, 520192, 436131, -498816, -518149, 253784, 520148, 143778, -516893, -471363, 371522, 519407, 97874, -519918, -487824, 354090, 520168, 203634, -516769, -483727, 405038, 518370, -89755, -520139, -224953, 406231, 349218, -53050, -302357, -220880, 88102, 319355, 204775, -148615, -365405, -69136, 322740, 242087, -208436, -327399, 11718, 279524, 172686, -136633, -228909, -17460, 199315, 152671, -106601, -179926, -5682, 103302, 94344, 2960, -92841, -77197, 30538, 104387, 44598, -51585, -81795, -47403, 61886, 107806, 7815, -90493, -84512, 48898, 122879, 18829, -102175, -78526, 44941, 89696, 21346, -44947, -77704, -22611, 97687, 89930, -68302, -148213, 27724, 139155, 6694, -87621, -21825, 36794, 5680, -16911, 35771, 35722, -64175, -79208, 54376, 129398, -12069, -144425, -57633, 135503, 126797, -92794, -168198, 30472, 164247, 41007, -122350, -94053, 59550, 108435, 7758, -86464, -57412, 44354, 74011, 7106, -55528, -38621, 20408, 33496, 17455, 965, -40107, -41480, 38107, 77879, -12730, -99892, -15830, 97205, 34786, -73616, -52835, 45483, 58523, -21134, -50749, 2212, 42859, 8698, -38609, -12031, 37389, 19850, -38664, -31180, 42194, 43161, -41803, -55029, 30930, 67048, -15996, -71756, 107, 64599, 15744, -47631, -25162, 29156, 24364, -9049, -18105, -1523, 11898, -710, -7058, 10062, 9009, -17047, -20353, 21114, 36739, -18323, -48118, 7021, 51783, 6281, -43159, -18459, 28511, 24466, -8502, -21945, -7548, 11186, 16764, 4043, -19070, -14206, 13407, 16175, -3364, -12948, -4186, 6220, 6043, 2853, -2603, -7972, -3071, 7323, 8583, -2523, -10324, -6066, 6617, 15849, 765, -22108, -8731, 21334, 15780, -14400, -19035, 5751, 15565, 1915, -7078, -4209, -2197, 2715, 10578, 1600, -15439, -5520, 19444, 11004, -17828, -13078, 17847, 13955, -18599, -14414, 19256, 19063, -21037, -24694, 21908, 30118, -18914, -32970, 14316, 30175, -4528, -22847, -6748, 11499, 15046, -1049, -16730, -7143, 12503, 12272, -4460, -11452, -4889, 1125, 11945, 7758, -18203, -16714, 23404, 22744, -27476, -21587, 33267, 13747, -39672, -2902, 46677, -8569, -52568, 10944, 51372, -17802, -50326, 19015, 44547, -20343, -34265, 21929, 22530, -23355, -11945, 23699, 4630, -23829, -1029, 21113, 1684, -17868, -6214, 15655, 12335, -14760, -18151, 14758, 24607, -14029, -31314, 11448, 39471, -5350, -46073, -12795, 55199, 26550, -55519, -39404, 49952, 48910, -40264, -52998, 29734, 47286, -19012, -34411, 10186, 15197, -1467, 23959, -6144, -53276, 18963, 81854, -39135, -106146, 62269, 126194, -82480, -139697, 91372, 144723, -81209, -134780, 55551, 112650, -12528, -70337, -28374, 24921, 60034, 19230, -75047, -51655, 72034, 69503, -57643, -70129, 38862, 56869, -26341, -38877, 28182, 24342, -34832, -20393, 41830, 30013, -40240, -49059, 25130, 70722, 3643, -83447, -41577, 80453, 74910, -42647, -75879, 16072, 82600, 14168, -74237, -37405, 52831, 49242, -25524, -48476, 2914, 37479, 10374, -22416, -10217, 6703, -2325, -3018, 12156, 7057, -18842, -16436, 19335, 25433, -13408, -31360, 1519, 30008, 11692, -22826, -19434
1791219429.583, MrmFullScanInfo, 490, 107, 2038980, 0, 0, 0, 0, 10000, 39297, 32, 2, 2, 1, 480, 0, 0, 0, 0, 0, 0, 167821, -228715, -311375, 479582, 361075, -536001, -380141, 349240, 435874, -32501, -508917, -254274, 508663, 430621, -373708, -521185, 136978, 578851, 108389, -566502, -281187, 391683, 333042, -48607, -254286, -334736, 85532, 608040, 83757, -722878, -179041, 713651, 191849, -647199, -158359, 581827, 131831, -550110, -148868, 551618, 212228, -535481, -300837, 418908, 400637, -175552, -489445, -117300, 501364, 356505, -368479, -511245, 111148, 604271, 160946, -634401, -349737, 564426, 444778, -387972, -461656, 174570, 360347, -22081, -102549, -17553, -236037, -45121, 469196, 176044, -452172, -343645, 205722, 489757, 116239, -508041, -375083, 329731, 528997, -19950, -563852, -278433, 445593, 475898, -185110, -545020, -127125, 458972, 385150, -220295, -507392, -93470, 441132, 374212, -202356, -541962, -102624, 546751, 351551, -382689, -475992, 119611, 449789, 124478, -282015, -248765, 42212, 212659, 156959, -49350, -227852, -151088, 156237, 289235, 1474, -305625, -159462, 203026, 246829, -36686, -233720, -117207, 136901, 200647, -8770, -194415, -89269, 117176, 119401, -14735, -83763, -60946, 15490, 78869, 41862, -43796, -56201, -11749, 24478, 48339, 28111, -41628, -68316, -3843, 74941, 59045, -46260, -91090, -1308, 82355, 41118, -36334, -51209, -26528, 25077, 79632, 26375, -103850, -79333, 95482, 108560, -64876, -103233, 30922, 74023, -12932, -43614, 19224, 32020, -40822, -46498, 56993, 79917, -48465, -116118, 9087, 137984, 50209, -133239, -107258, 97747, 140820, -38678, -140047, -26066, 106756, 75150, -52794, -93796, -4014, 79858, 45744, -44119, -60837, 5704, 47921, 16905, -15738, -14743, -20151, -9299, 44088, 44278, -47996, -76260, 33599, 93443, -8480, -91222, -18355, 73474, 39098, -48561, -49598, 24546, 50921, -6393, -47541, -5157, 44266, 12742, -44082, -19692, 46735, 28122, -48952, -38655, 46975, 50027, -39037, -58760, 25826, 60868, -9920, -54393, -4849, 40655, 14956, -24031, -18811, 10486, 17204, -4565, -13019, 6853, 10604, -14315, -13617, 22347, 22448, -26568, -33616, 24153, 41894, -14977, -43079, 1844, 35830, 10577, -21991, -17590, 5500, 16742, 9159, -9288, -18209, -580, 19642, 8422, -14295, -11582, 5804, 9613, 1394, -4006, -4376, -2324, 2757, 6201, 1645, -5460, -5973, -238, 7830, 9087, -6207, -17555, 1508, 22072, 4745, -20921, -10142, 14996, 12187, -7007, -9555, 5, 2874, 3993, 5780, -4483, -13914, 2194, 19682, 1492, -22586, -5101, 23383, 7838, -23445, -10078, 23981, 12793, -25397, -16438, 26935, 20371, -26820, -23186, 23108, 23503, -14898, -20766, 3449, 15455, 7839, -8578, -15121, 1330, 16154, 4607, -11103, -7236, 1839, 5492, 9234, -230, -19958, -6007, 28940, 10072, -35614, -9308, 40073, 2765, -42766, 7893, 44070, -19272, -44133, 28242, 42865, -33376, -39840, 34927, 34428, -33850, -26297, 31236, 16236, -27955, -6162, 24614, -1684, -21551, 5620, 19023, -5047, -17435, 701, 17237, 5742, -18399, -12640, 20191, 19340, -21435, -26162, 20424, 34006, -15500, -43389, 6405, 53136, 5338, -60258, -17554, 61924, 28216, -57395, -35004, 47826, 35582, -34963, -27697, 19967, 10260, -2787, 14924, -17444, -42827, 41272, 67725, -67945, -86243, 94728, 97771, -116578, -103225, 127129, 103538, -120621, -98462, 94571, 86763, -51901, -67622, 1143, 42076, 45986, -13366, -78976, -13941, 92310, 35012, -87096, -46123, 70309, 46077, -51590, -37090, 38859, 24658, -34929, -15968, 37130, 17102, -39422, -30065, 35250, 51409, -20440, -72248, -3849, 82045, 31859, -74680, -56797, 52111, 73380, -22199, -78085, -6716, 69537, 28546, -50393, -40055, 27158, 40572, -7653, -32049, -2530, 19067, 2363, -7582, 4938, 2353, -14205, -4659, 20641, 12225, -21067, -20850, 14837
1791219429.583, MrmFullScanInfo, 490, 107, 2038980, 0, 0, 0, 0, 10000, 39297, 32, 4, 2, 1, 480, 0, 0, 0, 0, 0, 0, -139, 74, 75, -67, 100, -69, -182, 194, 12, -177, 508, -81, -1092, 436, 1419, -649, -1431, 572, 1289, -202, -497, -401, -1531, 1048, 4374, -1500, -6263, 1576, 5645, -1149, -3523, 537, 2386, -438, -2837, 1067, 2726, -1452, -774, 656, -1458, 720, 2089, -1254, -1162, 538, 595, 382, -1503, -322, 2881, -613, -2971, 1630, 1457, -4435, 944, 18957, -3513, -62254, 2277, 149751, -5038, -273227, 31569, 376780, -71647, -388693, 70172, 304762, 1667, -213925, -82777, 201352, 88888, -243330, -26005, 248572, -15050, -182075, -24552, 95618, 103406, -41871, -141792, 13358, 114903, 15990, -62161, -42965, 34015, 45276, -48518, -22088, 88959, 9238, -135029, -40614, 195678, 101132, -287245, -135934, 380360, 119074, -411288, -83676, 358411, 67289, -263796, -67436, 174033, 62209, -98984, -43221, 31006, 15326, 27636, 14494, -67711, -37677, 84904, 46608, -82494, -37273, 67795, 11943, -49583, 20323, 36444, -47817, -33091, 62640, 37020, -63835, -40565, 54857, 35867, -41188, -19254, 29118, -6149, -23745, 31053, 26375, -44240, -33460, 38927, 38455, -16568, -35694, -15361, 23350, 47712, -3809, -73699, -17292, 89541, 34393, -92849, -45805, 83002, 53596, -63329, -59437, 40608, 62260, -20840, -60629, 6781, 54824, 834, -46491, -2321, 37400, -498, -29202, 4487, 23611, -6918, -21582, 6686, 22426, -3421, -24008, -2758, 23712, 10890, -19632, -18783, 11455, 23624, -682, -23424, -9714, 18339, 16420, -10809, -17306, 4492, 12614, -2730, -4818, 7359, -2966, -17700, 8396, 30358, -10075, -40717, 7518, 45419, -1715, -43704, -4818, 36969, 9728, -27630, -12351, 18268, 13595, -10711, -15053, 5158, 18292, -327, -24067, -5246, 31454, 11984, -37943, -19045, 41020, 24881, -39553, -27805, 34194, 26855, -26800, -22672, 19554, 17570, -14069, -14314, 10587, 14551, -7795, -18143, 3717, 23421, 2958, -28208, -11665, 30608, 20293, -29345, -26816, 24268, 30433, -16714, -31288, 8997, 29819, -3072, -26719, -268, 22920, 873, -19272, 986, 16184, -4004, -13719, 6039, 11984, -5672, -10992, 3352, 10391, -394, -9579, -2175, 8098, 4196, -5942, -5911, 3403, 7328, -592, -8182, -2499, 8299, 5604, -7579, -8123, 5811, 9454, -2915, -9125, -693, 6985, 4251, -3323, -6887, -1264, 7885, 6018, -6903, -10002, 4113, 12202, -119, -11992, -4362, 9544, 8655, -5673, -12033, 1365, 13641, 2748, -12740, -6537, 9262, 10084, -4188, -13068, -778, 14560, 4153, -13634, -5368, 10102, 4751, -4851, -2976, -371, 706, 3785, 1446, -4527, -2825, 3041, 2913, -604, -1564, -1312, -1010, 1541, 4152, 333, -6829, -3877, 8096, 8201, -7631, -12350, 5878, 15601, -3526, -17590, 1112, 18502, 1001, -18862, -2541, 19000, 3588, -18751, -4747, 17704, 6788, -15428, -9928, 11567, 13751, -5955, -17462, -1064, 20058, 8697, -20585, -15920, 18716, 21516, -14931, -24252, 10008, 23569, -4562, -20017, -881, 14848, 5804, -9332, -9661, 4144, 12082, 716, -13106, -5466, 13299, 10165, -13536, -14939, 14743, 20282, -17489, -26622, 21596, 34035, -25253, -42196, 25845, 50234, -22027, -56369, 14517, 58439, -4814, -55402, -5994, 47992, 16513, -38084, -24843, 27763, 29208, -18478, -29089, 10941, 25747, -5488, -21361, 2238, 17640, -665, -15052, -442, 13172, 2229, -11140, -5095, 8357, 8576, -4967, -11511, 1786, 12580, 242, -11145, -439, 7787, -1577, -3903, 5719, 989, -11260, -17, 16851, 1116, -21046, -3446, 23046, 5547, -22957, -6095, 21457, 4568, -19422, -1429, 17772, -2259, -17171, 5499
1791219429.583, MrmDetectionListInfo, 490, 259, 65, 6985, 66, 13386, 67, 23825, 68, 38903, 69, 59280, 70, 65535, 71, 65535, 72, 65535, 73, 65535, 74, 65535, 75, 65535, 76, 65535, 77, 65535, 78, 65535, 79, 65535, 80, 65535, 81, 65535, 82, 65535, 83, 65535, 84, 65535, 85, 65535, 86, 65535, 87, 65535, 88, 65535, 89, 65535, 90, 65535, 91, 65535, 92, 65535, 93, 65535, 94, 65535, 95, 59434, 96, 48121, 97, 43070, 98, 42033, 99, 41818, 100, 41558, 101, 42537, 102, 46326, 103, 53899, 104, 65535, 105, 65535, 106, 65535, 107, 65535, 108, 65535, 109, 65535, 110, 65535, 111, 65535, 112, 65535, 113, 65535, 114, 65535, 115, 65535, 116, 65535, 117, 65535, 118, 65535, 119, 65535, 120, 65535, 121, 65535, 129, 65535, 130, 65535, 131, 60780, 132, 53486, 133, 44343, 134, 35035, 139, 47236, 140, 49710, 141, 50798, 142, 50973, 143, 49633, 144, 46019, 145, 40111, 146, 32689, 147, 25065, 152, 35115, 153, 39077, 154, 38897, 155, 36132, 156, 31973, 157, 27257, 161, 31258, 162, 36761, 163, 43040, 165, 59504, 166, 65535, 167, 65535, 168, 65535, 169, 65476, 170, 62614, 171, 58921, 172, 54374, 173, 49384, 174, 44462, 175, 39819, 195, 16517, 197, 17461, 198, 16182, 199, 14290, 200, 12888, 204, 15961, 215, 21351, 216, 24010, 217, 25331, 218, 25556, 219, 24860, 220, 23646, 221, 22631, 222, 22168, 223, 21815, 224, 20863, 225, 19111, 226, 16971, 227, 14975, 229, 12109, 234, 13605, 235, 17140, 236, 21181, 237, 24831, 238, 27774, 239, 30146, 240, 31993, 241, 33085, 242, 33158, 243, 32184, 244, 30349, 245, 27890, 246, 25011, 247, 21930, 248, 18921, 249, 16273, 250, 14203, 251, 12798, 252, 12030, 254, 11860, 256, 12579, 258, 15269, 259, 18021, 260, 21320, 261, 24252, 262, 26121, 263, 26889, 264, 26883, 265, 26312, 266, 25165, 267, 23454, 268, 21370, 269, 19182, 270, 17082, 271, 15164, 272, 13498, 273, 12176, 274, 11244, 275, 10582, 276, 9971, 277, 9393, 278, 9100, 281, 9431, 285, 6728, 314, 6761, 315, 7853, 316, 8142, 317, 7659, 318, 6892, 319, 6425, 320, 6671, 321, 7507, 323, 8452, 328, 8136, 329, 8735, 330, 8993, 331, 8811, 332, 8339, 333, 7834, 337, 9074, 338, 9400, 339, 8754, 340, 7296, 361, 7441, 362, 8586, 363, 9296, 364, 9726, 365, 10025, 366, 10188, 367, 10143, 368, 9911, 369, 9664, 371, 9898, 372, 10375, 373, 10860, 374, 11197, 375, 11370, 376, 11465, 377, 11569, 378, 11691, 379, 11792, 380, 11827, 381, 11765, 382, 11570, 383, 11212, 384, 10730, 385, 10353, 386, 10636, 387, 12167, 388, 14748, 389, 17265, 390, 18732, 391, 19138, 392, 19057, 393, 18781, 394, 18111, 395, 16782, 396, 14850, 397, 12646, 398, 10569, 399, 9037, 400, 8389, 401, 8487, 407, 7929, 408, 9540, 409, 11174, 410, 12449, 411, 13545, 412, 14892, 413, 16699, 414, 18882, 415, 21307, 416, 23945, 417, 26790, 418, 29717, 419, 32481, 420, 34824, 421, 36562, 422, 37584, 423, 37811, 424, 37181, 425, 35659, 426, 33381, 427, 30920, 428, 29175, 429, 28685, 430, 29172, 431, 29767, 432, 29668, 433, 28674, 434, 27114, 435, 25323, 436, 23344, 437, 21080, 438, 18577, 439, 16064, 440, 13787, 441, 11865, 468, 10599, 469, 12047, 470, 13237, 471, 14059, 472, 14471, 473, 14463, 474, 14043, 475, 13248, 476, 12157
1791219429.708, MrmFullScanInfo, 491, 107, 2039105, 0, 0, 0, 0, 10000, 39297, 32, 1, 2, 1, 480, -422711, 491489, 421121, -482052, -451984, 447643, 505102, -370504, -520032, 110605, 520186, 335811, -497147, -499015, 376470, 517744, -114768, -520192, -173821, 519517, 320969, -512136, -477298, 479814, 520183, 512046, -193091, -520192, -401317, 501886, 349907, -502265, -433465, 506456, 283823, -517390, -295285, 517465, 233287, -517173, -302442, 516560, 436045, -506559, -515349, 375618, 520192, 96538, -520038, -495225, 442052, 519354, -150192, -520192, -245604, 519610, 471910, -501559, -516077, 391220, 520002, -149822, -520172, -212010, 516718, 357920, -100557, -258940, -513540, 51491, 519992, 369944, -492954, -511124, 22212, 505393, 481725, -200415, -520134, -415340, 504547, 519545, -245849, -520170, -75107, 519542, 382466, -492576, -511671, 324504, 520172, 30847, -520191, -369892, 506813, 493739, -305175, -513635, 29181, 458437, 152020, -227493, -165841, 14945, -57122, 14154, 274657, 95692, -368593, -309820, 331344, 494605, -225678, -512533, -12858, 491912, 175040, -429349, -256918, 269206, 227116, -115127, -130797, 66920, 48037, -73236, 10031, 82728, -15794, -207113, -78748, 175788, 137072, -87499, -133467, -7016, 97543, 64381, -27831, -67986, -49279, 27963, 73139, 39020, -50444, -123960, -11626, 132076, 68943, -75787, -89343, -446, 42719, 54797, 45757, -68907, -114572, 37415, 134967, 17382, -147826, -29333, 73330, 38152, 20309, -8078, -77539, -45580, 74166, 101928, -26628, -119003, -39756, 82324, 90606, -15335, -96202, -76175, 72327, 139929, -9656, -155650, -62239, 115858, 120655, -45014, -140603, -24372, 116623, 75506, -67074, -92267, 13153, 80995, 25099, -44680, -36151, 12024, 18860, 13157, 10846, -24121, -33889, 18990, 49147, -4907, -57894, -7348, 44470, 36562, -25135, -41645, 11740, 42995, -2619, -42481, -7034, 47311, 18601, -52428, -27265, 51693, 38722, -44558, -42801, 40761, 48417, -30574, -47356, 18272, 46510, -10597, -45434, 7251, 43646, -1269, -41934, -6648, 40651, 14883, -21756, -20387, 15815, 26013, -12973, -30457, 9549, 34250, -3630, -37265, 97, 39178, 254, -36100, -3059, 30402, 10262, -23866, -18311, 8200, 24794, 9469, -27773, -23846, 24285, 33447, -14074, -37966, 2968, 34653, 5129, -22944, -3040, 8490, 2742, 2960, 2348, -10153, -7261, 12735, 10602, -9800, -9271, 6324, 2941, -3744, 7612, 3395, -19991, -5605, 22313, 10450, -19140, -12260, 9815, 8897, 1533, 1522, -10137, -13227, 12231, 24109, -8440, -29727, 9421, 30860, 582, -26154, -9861, 17457, 12240, -8674, -11536, 2501, 9025, -596, -8785, 4260, 9977, -8323, -20855, 11951, 24370, -10142, -24239, 3008, 21373, 6045, -16963, -13856, 9084, 15489, 1595, -11961, -9829, 3343, 8450, 2557, -8980, -11774, 6005, 21280, -229, -29561, -2057, 35936, 2315, -40182, 2453, 43480, -9099, -45989, 6757, 46182, -11588, -43489, 13003, 38748, -11843, -31820, 10854, 25495, -8195, -19408, 5311, 15776, -2074, -13950, 5320, 19314, -1751, -21299, -1159, 22573, 2288, -20929, -2909, 19694, 3038, -18126, -3799, 18959, 5858, -21494, -15598, 26625, 22254, -28745, -29839, 27242, 35265, -24143, -35795, 19237, 32695, -15234, -24569, 9682, 13580, -3329, 17241, -7098, -37421, 22750, 57239, -46506, -76802, 74431, 96809, -95241, -116611, 101654, 132281, -84872, -135648, 46434, 119402, 8776, -87700, -58859, 47129, 95380, -2409, -108503, -37008, 100358, 62592, -76297, -70334, 47198, 61331, -24357, -41521, 16842, 27737, -21836, -26418, 31349, 38585, -33738, -63039, 21571, 87347, 4409, -101029, -40543, 95407, 74222, -55177, -74923, 21083, 78154, 13850, -66801, -39272, 41621, 48546, -12970, -39974, -9063, 19984, 17939, 3049, -13825, -18195, -1618, 24379, 11666, -21247, -17343, 12177, 16124, -2048, -8787, -2874, -1641, -1022, 9854, 9474, -13087
1791219429.723, MrmFullScanInfo, 491, 107, 2039105, 0, 0, 0, 0, 10000, 39297, 32, 2, 2, 1, 480, 0, 0, 0, 0, 0, 0, 168535, -229182, -312382, 480508, 361658, -536752, -380158, 349146, 435958, -31482, -509772, -255518, 510031, 431368, -374663, -521347, 137089, 578710, 108685, -566285, -281735, 391615, 334372, -48891, -257086, -334068, 89800, 607096, 79074, -721801, -175018, 712521, 188660, -645964, -155494, 580426, 129454, -548860, -147735, 551267, 212427, -536491, -301486, 420731, 400726, -177003, -489213, -116866, 501728, 356666, -369444, -511253, 111612, 603528, 161846, -631138, -352062, 553277, 449477, -353902, -483841, 93568, 424788, 127140, -217396, -229427, -104864, 184619, 392024, -15856, -478715, -199467, 312325, 337424, 19184, -299276, -349216, 91657, 530971, 178315, -493109, -407757, 264755, 556762, 37197, -598118, -293645, 495051, 460808, -253704, -553605, -42541, 572050, 287173, -488920, -418930, 309012, 427703, -106357, -333681, -16718, 186058, 2558, -59622, 123672, 23041, -279794, -95361, 379341, 235314, -369761, -376689, 253279, 466762, -85260, -475711, -60409, 400299, 136458, -273094, -136770, 148221, 86385, -73431, -25216, 66188, -10981, -104779, 7147, 140950, 26908, -134178, -65581, 81892, 82769, -12864, -65344, -37415, 20876, 45398, 26476, -8912, -51961, -50019, 44756, 95308, -12988, -99231, -19635, 59567, 27653, 2339, -1720, -55365, -47025, 77399, 94613, -66495, -114508, 36613, 90824, -6078, -31546, -8539, -33169, -3057, 71351, 36266, -67412, -70901, 27444, 81847, 27639, -54421, -73279, -5962, 90493, 75644, -70829, -125364, 19057, 136085, 46625, -106666, -101211, 51225, 124556, 9487, -111136, -56172, 71319, 76889, -24679, -70041, -9664, 43242, 21430, -9229, -12103, -19131, -9116, 33443, 31399, -31302, -46232, 15568, 49851, 6994, -43851, -27958, 32675, 41694, -20028, -48606, 7954, 52345, 2693, -55244, -11768, 56991, 19659, -56306, -26593, 52337, 32349, -45079, -36764, 35850, 39789, -26886, -41378, 19468, 41685, -13005, -40395, 6119, 36717, 2078, -30889, -11261, 24935, 19960, -20681, -26780, 17866, 31523, -15522, -34583, 13293, 35804, -10745, -34650, 6631, 30824, 235, -24098, -9718, 14304, 20062, -2127, -28256, -10633, 31268, 21866, -27887, -29405, 19897, 31083, -10783, -25774, 3451, 14877, 784, -2086, -1799, -8518, 288, 14340, 2061, -14900, -2923, 11507, 232, -6296, 6273, 1497, -14260, 1033, 19953, -607, -20341, -1473, 14691, 2511, -4663, -195, -6292, -5919, 14855, 14160, -19041, -21634, 18025, 25819, -12129, -25723, 3449, 21847, 4612, -15689, -9603, 9531, 11251, -5757, -11281, 5824, 11947, -9327, -14096, 13723, 16762, -15405, -18575, 12022, 18987, -4290, -17547, -4544, 13469, 10840, -6791, -12492, -809, 9349, 7054, -2417, -10547, -6941, 11363, 17338, -10663, -27178, 10264, 34927, -11779, -39654, 15309, 41461, -19508, -41204, 22920, 39599, -24861, -36678, 25091, 32356, -23361, -27027, 19873, 21582, -15289, -17037, 10836, 14361, -7816, -14069, 6634, 15837, -6515, -18476, 6374, 20526, -5746, -21141, 4657, 20524, -3256, -19751, 1264, 20299, 1949, -23227, -6618, 28136, 12248, -33084, -17913, 35844, 22611, -35279, -25120, 31485, 24307, -25069, -18619, 16081, 6748, -3414, 10332, -14373, -28868, 37790, 44870, -65561, -57112, 94181, 67043, -117639, -76833, 128426, 86907, -119690, -94930, 88522, 97110, -38863, -90175, -18471, 72644, 69683, -45616, -103406, 13386, 114332, 17176, -104163, -38866, 80401, 47414, -53582, -43886, 33506, 34464, -25400, -27601, 27844, 30187, -33932, -44457, 34973, 66637, -24625, -87294, 2713, 95481, 25024, -84883, -50716, 57730, 67727, -22990, -71720, -9047, 61270, 30447, -39638, -37291, 14278, 30253, 6156, -13988, -15809, -4708, 14216, 19266, -5686, -25417, -3796, 22607, 9580, -14131, -9485, 5379, 3958
1791219429.723, MrmFullScanInfo, 491, 107, 2039105, 0, 0, 0, 0, 10000, 39297, 32, 4, 2, 1, 480, 0, 0, 0, 0, 0, 0, 655, -470, -957, 1003, 569, -953, 0, 163, 13, 851, -654, -1273, 1021, 953, -492, -442, -406, 96, 796, 135, -735, -232, 720, 135, -1109, 83, 1892, -341, -2565, 645, 2650, -909, -2097, 991, 1495, -859, -1096, 575, 744, -64, -371, -664, 176, 1206, -361, -1096, 527, 449, -494, 191, 706, -458, -1391, -3, 2110, 2033, -2520, -5336, 3920, 12014, -22377, -23451, 64307, 39338, -104164, -56209, 103008, 66155, -46392, -61430, -32873, 50208, 84430, -61326, -74205, 97835, 26475, -124992, -10452, 116016, 62085, -86990, -137304, 63593, 162842, -48852, -118841, 44258, 50201, -52666, -32537, 70867, 111417, -97016, -250377, 127749, 355419, -137509, -373864, 93383, 333532, 7533, -280305, -132527, 226208, 234515, -166632, -276177, 107886, 251762, -64666, -195321, 50460, 156709, -68689, -162514, 106509, 203115, -135836, -252063, 130753, 284325, -84428, -288322, 12510, 263529, 55870, -210824, -94701, 132761, 94452, -44155, -63477, -26146, 22200, 55642, 7135, -43824, -12297, 9446, -4308, 23031, 30109, -35611, -49850, 22917, 50766, 6979, -26245, -36338, -19224, 46773, 69037, -28828, -102607, -10589, 105269, 52127, -73376, -77617, 16159, 80067, 46077, -62577, -90998, 33862, 106894, -6405, -97187, -8429, 74997, 5758, -54177, 10227, 43802, -28352, -47005, 36528, 61064, -28169, -77417, 5337, 85098, 23053, -76959, -45711, 53912, 54469, -24456, -47943, 107, 31509, 11048, -13948, -8946, 2963, 892, -1758, 4031, 7771, -789, -14673, -9760, 17913, 22462, -17152, -30692, 13719, 30198, -8442, -21776, 3215, 10275, -1661, -1005, 5492, -2953, -12378, 1964, 17666, 1170, -17801, -3433, 12825, 3088, -6220, 111, 2538, -4932, -4598, 8497, 11868, -7492, -20703, 1103, 26212, 8146, -24825, -16494, 16305, 21174, -3702, -20845, -8542, 15510, 16489, -7258, -17837, -362, 12722, 4415, -3906, -4298, -4566, 1808, 9599, 173, -10368, 774, 8017, -5357, -4589, 12097, 2247, -18057, -2244, 20649, 4028, -18942, -5386, 13683, 3985, -6614, 994, -21, -8396, 4118, 15826, -4653, -20691, 2166, 21206, 1573, -17082, -4600, 9677, 5716, -1326, -5006, -5744, 3683, 10315, -3307, -12365, 4813, 12665, -7738, -12108, 10939, 11014, -13248, -9053, 13475, 5758, -10856, -943, 6159, -5254, -1912, 12281, 690, -18809, -3427, 22941, 8589, -22816, -13025, 17512, 14197, -7907, -11454, -3252, 5620, 12447, 1888, -16948, -8993, 15868, 13222, -10297, -12802, 2432, 7600, 5441, 899, -11361, -10222, 13943, 17749, -12888, -21324, 9387, 19984, -5485, -14373, 3034, 6332, -2668, 1874, 3807, -8207, -5492, 11583, 6986, -12400, -7429, 12077, 5844, -11803, -2000, 12015, -3132, -12261, 8096, 11707, -11624, -10159, 12894, 8510, -11620, -7933, 8177, 8737, -3493, -10306, -1504, 11614, 6194, -11620, -10318, 9694, 13763, -5952, -16256, 1245, 17265, 3477, -16411, -7408, 13864, 9630, -10175, -9124, 5973, 5420, -2102, 1073, -373, -9468, 803, 18659, 757, -27221, -3785, 33394, 7687, -35428, -11656, 32137, 14580, -23433, -15271, 10457, 13046, 4716, -8315, -19344, 2565, 30391, 2554, -35433, -5973, 33820, 7261, -26961, -6264, 17676, 2985, -8789, 1955, 1885, -6853, 2899, 9449, -6155, -8411, 8518, 4207, -10410, 1494, 11873, -6787, -12595, 10293, 12083, -11621, -9823, 11331, 5780, -10459, -899, 9989, -2959, -10491, 3945, 11937, -1175, -13739, -4441, 15119, 10721, -15499, -15745, 14903, 18871, -13908, -20342, 13108, 20555, -12514, -20167, 11517, 20107, -9385
1791219429.723, MrmDetectionListInfo, 491, 267, 67, 8013, 68, 13719, 69, 23231, 70, 36459, 71, 51872, 72, 65535, 73, 65535, 74, 65535, 75, 65535, 76, 65535, 77, 55404, 78, 44736, 79, 44084, 80, 54002, 81, 65535, 82, 65535, 83, 65535, 84, 65535, 85, 65535, 86, 65535, 87, 65535, 88, 65535, 89, 65535, 90, 65535, 91, 65535, 92, 65535, 93, 65535, 94, 65535, 95, 65535, 96, 59748, 97, 46727, 98, 42910, 99, 51493, 100, 65535, 101, 65535, 102, 65535, 103, 65535, 104, 65535, 105, 65535, 106, 65535, 107, 65535, 108, 65535, 109, 65535, 110, 65535, 111, 65535, 112, 65535, 113, 65535, 114, 65535, 115, 65535, 116, 65535, 117, 65535, 118, 65535, 119, 65535, 120, 65535, 121, 65535, 122, 65535, 123, 65535, 124, 65535, 125, 65535, 126, 65535, 127, 65535, 128, 65535, 129, 65535, 130, 65535, 131, 65535, 132, 65535, 133, 65535, 134, 65535, 135, 65535, 136, 65535, 137, 65535, 138, 65535, 139, 65535, 140, 56559, 141, 39153, 152, 41528, 153, 42995, 154, 37273, 155, 29300, 159, 35774, 160, 45970, 161, 55343, 162, 61054, 163, 62210, 164, 61933, 165, 64545, 166, 65535, 167, 65535, 168, 62367, 169, 51593, 170, 48376, 171, 56324, 172, 65535, 173, 65535, 174, 65535, 175, 60586, 176, 53017, 177, 48474, 178, 45247, 179, 40664, 185, 42450, 186, 46131, 187, 48061, 188, 48390, 189, 47233, 190, 46033, 191, 47421, 192, 51927, 193, 56364, 194, 56812, 195, 52194, 196, 44331, 197, 35458, 198, 26810, 199, 19574, 200, 15298, 201, 13784, 215, 23050, 216, 21923, 217, 19842, 241, 12109, 242, 12888, 243, 13592, 244, 14963, 245, 17092, 246, 18903, 247, 19143, 248, 17538, 249, 14909, 250, 12684, 251, 12081, 252, 13049, 253, 14198, 254, 14091, 272, 9155, 273, 10268, 274, 11282, 275, 11976, 276, 12145, 277, 11681, 278, 10543, 285, 8533, 286, 11480, 287, 12512, 288, 12152, 289, 11482, 290, 10990, 291, 10494, 292, 9719, 303, 8777, 304, 9639, 305, 10415, 306, 10966, 307, 11355, 308, 11610, 309, 11605, 310, 11150, 317, 5671, 318, 7272, 319, 8916, 320, 10762, 321, 12859, 322, 14900, 323, 16410, 324, 17036, 325, 16638, 326, 15206, 327, 12857, 328, 10003, 331, 6088, 332, 7659, 333, 9670, 334, 11497, 335, 12962, 336, 13722, 337, 13273, 338, 11479, 339, 8811, 340, 6207, 343, 5700, 344, 8369, 345, 11923, 346, 15049, 347, 16636, 348, 16680, 349, 15886, 350, 14718, 351, 13123, 352, 10978, 353, 8463, 360, 8562, 361, 9626, 362, 9816, 363, 9729, 364, 9646, 365, 9385, 371, 9115, 372, 10407, 373, 11210, 374, 11448, 375, 11290, 376, 10904, 377, 10344, 378, 9616, 379, 8769, 380, 7886, 381, 7059, 382, 6417, 383, 6167, 384, 6547, 385, 7642, 386, 9134, 387, 10386, 388, 10970, 389, 10968, 390, 10704, 391, 10324, 392, 9809, 393, 9355, 394, 9412, 395, 10133, 396, 11061, 397, 11554, 398, 11342, 399, 10578, 400, 9472, 401, 8044, 409, 11010, 410, 13004, 411, 15116, 412, 17687, 413, 20218, 414, 22020, 415, 22868, 416, 22928, 417, 22309, 418, 20888, 419, 18504, 420, 15270, 421, 11777, 422, 9008, 423, 8022, 424, 9365, 425, 12326, 426, 15294, 427, 17280, 428, 18560, 429, 19700, 430, 20528, 431, 20334, 432, 18771, 433, 16211, 434, 13252, 435, 10227, 467, 9707, 468, 11850, 469, 13715, 470, 14986, 471, 15789, 472, 16348, 473, 16741, 474, 16935, 475, 16930, 476, 16793, 477, 16594, 478, 16349, 479, 16038
1791219429.833, MrmFullScanInfo, 492, 107, 2039230, 0, 0, 0, 0, 10000, 39297, 32, 1, 2, 1, 480, -421453, 492609, 417895, -480355, -451609, 447612, 504592, -369948, -519955, 110027, 520185, 332336, -495480, -497882, 374794, 518174, -115985, -520192, -168533, 519671, 318339, -512802, -476012, 480709, 520192, 512069, -192445, -520182, -400572, 500856, 352451, -503330, -435580, 506301, 280679, -517756, -293727, 517872, 232217, -518628, -298226, 516845, 433431, -508070, -515663, 372321, 520192, 101699, -520139, -492989, 444457, 518821, -150422, -519768, -244269, 519180, 468722, -504211, -516950, 391123, 519982, -155654, -520188, -202604, 516398, 367428, -116714, -226636, -504461, 16196, 519844, 400743, -482636, -516019, -60371, 516016, 508198, -253947, -520192, -384807, 514086, 519193, -306929, -520110, 9414, 519846, 314744, -505668, -506453, 327128, 520190, 232017, -518721, -518978, 234703, 520182, 402102, -506540, -509397, 389610, 518791, -235810, -519871, 145729, 519165, -169211, -471908, 265507, 148237, -363282, 60327, 467309, -39286, -480136, -173493, 341405, 362763, -106397, -450113, -186630, 400140, 407866, -260334, -461467, 126419, 456374, -18426, -395159, 131799, 249987, -165951, -143712, 212444, 123127, -228304, -163548, 198987, 229875, -76633, -264955, -107571, 231549, 256090, -124663, -244766, 59204, 275409, 44346, -240442, -103437, 164648, 119232, -99288, -103470, 60681, 58356, -38498, -11842, 38511, -16816, -75209, 24748, 64377, -37975, -46637, 43151, 32807, -47479, -36017, 64452, 55994, -68040, -83698, 47455, 110687, -10056, -121830, -64199, 95246, 110661, -48203, -130506, -2935, 116649, 53954, -77490, -89489, 27083, 95729, 30841, -73608, -76302, 29158, 100500, 23244, -88425, -64634, 56260, 73714, -11876, -51356, -27007, 12432, 42790, 35164, -32317, -76367, 8831, 100080, 4600, -95170, -29298, 78586, 49638, -51592, -56350, 20716, 57616, 4600, -52694, -18660, 44074, 25472, -36512, -31105, 37545, 28224, -31240, -23053, 22401, 22118, -11766, -21229, 1816, 17156, 12369, -9869, -24144, 3323, 29168, 9160, -22297, -10201, 17448, 1355, -10936, 12701, 8046, -25318, -14288, 36613, 25966, -41602, -39749, 36266, 48944, -25531, -44271, 10649, 37711, 4956, -22495, -15155, 4885, 18065, 12486, -11321, -23373, 3265, 25789, 2386, -17562, 603, 6859, -1127, 1163, 6695, -5258, -13627, 4506, 20164, 2729, -22582, -10746, 20215, 17687, -9600, -19618, -3436, 18128, 12017, -9293, -13074, -1055, 8369, 7000, 1194, -6202, -10290, 1245, 14092, 8635, -10720, -16371, 2616, 17537, 10048, -16309, -22514, 10222, 30541, 606, -31071, -13436, 25143, 22614, -16161, -25600, 6373, 22395, -13154, -22577, 6926, 16468, -3200, -12042, 1417, 11345, -566, -10759, -362, 9832, 3600, -7108, -7427, 1938, 3834, 4452, -3242, -13089, 275, 22104, 3324, -29906, -5019, 35985, 2081, -41131, 5045, 45241, -13529, -50076, 14424, 47372, -16809, -47590, 16278, 46279, -13261, -42820, 9326, 36643, -5527, -28424, 5465, 21264, -7685, -18074, 11181, 21758, -16773, -25399, 23276, 31490, -28835, -38472, 33054, 44985, -31579, -49488, 26323, 53380, -14966, -54867, -8289, 57491, 26403, -53308, -44180, 45013, 57120, -35174, -62815, 24864, 57552, -15963, -44501, 5856, 25341, 4622, 11899, -15474, -40270, 41387, 67179, -77998, -90981, 117736, 114654, -148969, -133920, 162761, 152831, -146402, -156576, 102999, 142509, -29902, -106581, -38103, 59320, 90894, -6551, -117561, -41905, 114985, 75217, -89714, -86583, 54997, 74618, -27019, -50915, 18908, 29077, -24060, -18893, 35043, 26046, -42303, -52054, 35570, 83058, -11927, -106442, -26077, 110164, 63684, -62401, -64451, 32653, 74733, 680, -66766, -27024, 45085, 38716, -18426, -33735, -1173, 15582, 7826, 6860, 341, -31312, -15841, 37681, 28359, -32904, -34986, 19643, 32653, -4717, -20682, -4650, 2059, 4785, 16531, 1422, -29154
1791219429.833, MrmFullScanInfo, 492, 107, 2039230, 0, 0, 0, 0, 10000, 39297, 32, 2, 2, 1, 480, 0, 0, 0, 0, 0, 0, 167956, -228783, -311490, 479677, 361036, -536084, -379849, 349305, 435411, -32463, -508631, -254469, 509061, 430821, -375192, -521024, 139454, 578165, 105588, -565613, -279299, 391216, 333178, -48998, -256748, -333622, 89441, 606790, 79796, -722005, -175496, 713038, 188132, -646318, -153830, 580447, 126965, -548668, -144907, 550839, 210051, -535423, -300404, 418923, 401266, -175235, -490849, -117499, 503457, 355979, -370716, -510159, 112580, 602932, 160886, -631617, -351097, 555509, 448371, -357503, -483336, 98710, 426716, 116826, -221246, -209110, -102968, 155855, 389970, 13760, -466316, -228400, 286312, 371311, 46371, -337981, -366361, 125326, 547323, 156239, -527571, -392560, 320283, 541573, -20553, -571979, -258367, 438670, 447465, -155823, -496340, -176349, 366346, 448033, -95219, -600937, -192657, 619108, 390740, -531069, -480280, 413067, 470811, -339304, -356087, 329196, 153409, -352818, 50068, 374333, -138460, -372071, 61749, 326358, 128859, -217150, -326853, 46154, 442946, 149096, -445039, -312908, 366626, 398387, -275305, -383252, 219893, 283399, -204674, -156159, 208793, 69365, -211943, -58283, 192428, 111617, -129592, -186527, 24496, 236616, 94160, -233484, -191219, 176530, 246245, -88796, -255068, 1740, 223599, 58363, -167848, -79172, 107942, 63876, -61438, -27330, 37479, -12915, -32548, 44288, 33848, -61314, -31391, 66028, 26225, -65961, -25559, 67613, 35102, -69922, -55321, 63681, 80810, -39255, -101661, -4138, 107304, 55173, -91160, -96222, 53789, 113749, -3424, -103240, -45932, 68422, 79323, -18280, -86925, -34557, 67723, 75948, -29853, -94397, -11853, 85238, 41585, -52954, -48964, 10288, 32192, 26787, 2904, -47359, -44634, 49309, 78942, -36056, -95582, 12846, 92385, 13957, -73946, -37496, 47803, 52916, -21625, -58658, 744, 56647, 12763, -50839, -18957, 44151, 19379, -36798, -17105, 27980, 15381, -17675, -15270, 6233, 15650, 5832, -14674, -16833, 11269, 24145, -6371, -25880, 3121, 22025, -4753, -14719, 12044, 7837, -23226, -5481, 35135, 9624, -44130, -18557, 46912, 27989, -41601, -33625, 28804, 33133, -11806, -26241, -4417, 14160, 15359, 417, -19026, -13458, 16766, 20699, -11758, -19896, 6877, 12476, -3995, -2641, 4283, -5181, -8026, 8273, 13961, -6120, -19321, 108, 20864, 7434, -16783, -13949, 8249, 16946, 1145, -14871, -7542, 8434, 8652, -672, -4491, -4662, -2640, 5029, 9178, -346, -11781, -7131, 8569, 14256, 149, -18390, -11778, 17792, 22505, -11834, -29091, 1759, 30073, 9285, -26685, -17765, 21754, 21449, -17201, -20315, 13010, 16430, -8714, -12483, 4996, 10150, -2533, -9303, 902, 8736, 718, -7157, -2478, 3572, 3960, 2495, -4899, -10704, 5444, 19942, -6072, -28708, 7809, 35643, -11769, -40051, 17902, 41895, -24525, -41701, 29434, 40431, -31376, -38992, 30422, 37615, -27200, -35580, 22616, 32014, -17878, -26826, 14366, 21273, -13323, -17293, 15563, 16138, -21070, -17713, 28772, 21175, -36700, -25711, 42583, 30811, -44412, -36274, 40485, 42325, -29984, -49154, 13941, 55848, 4828, -60216, -23066, 60245, 37923, -55462, -46733, 46530, 47535, -34233, -39162, 18891, 21770, 365, 1980, -25624, -26677, 58591, 46819, -98161, -60260, 139195, 68895, -173270, -76511, 190790, 85430, -183230, -94388, 146482, 99233, -84562, -95283, 10261, 79348, 59114, -51396, -108430, 15600, 129429, 20054, -122599, -46415, 96522, 57223, -64492, -52231, 39118, 37611, -27349, -23581, 28636, 20101, -36500, -32165, 41741, 57112, -36332, -83894, 18120, 98291, 8693, -91835, -36665, 67049, 58147, -33976, -67070, 2772, 60809, 19148, -42539, -27626, 20227, 21729, -2600, -4370, -5112, -17486, 2809, 35000, 5809, -41589, -15476, 36149, 21098, -22721, -19140, 7771, 8989
1791219429.833, MrmFullScanInfo, 492, 107, 2039230, 0, 0, 0, 0, 10000, 39297, 32, 4, 2, 1, 480, 0, 0, 0, 0, 0, 0, -302, 196, 500, -389, -407, 221, 348, 297, -579, -690, 868, 566, -485, -190, -827, 177, 2290, -530, -2842, 725, 2142, -448, -755, -146, -461, 612, 882, -577, -726, 144, 826, 125, -1485, 44, 2384, -357, -3066, 496, 3186, -509, -2462, 805, 1035, -1311, 482, 1353, -1486, -510, 1628, -576, -1128, 939, 524, -737, -114, 939, -263, -2222, 926, 7425, -8424, -16936, 26738, 25931, -45286, -27883, 45288, 21987, -22878, -12117, -3804, 1521, 17511, 910, -13707, 10192, 119, -26138, 10328, 31362, -8183, -23214, -3699, 11954, 13657, 5959, -17691, -39666, 9953, 79567, 42514, -108609, -159364, 124140, 290653, -132650, -354854, 140651, 339924, -168869, -317615, 242022, 338312, -344136, -369199, 408483, 348769, -373747, -273373, 243940, 197977, -76635, -168506, -75728, 187868, 192909, -228427, -273751, 258981, 323538, -263665, -350261, 253797, 358993, -251265, -345042, 258109, 302737, -253708, -241026, 223456, 182009, -175753, -146941, 122625, 143929, -64960, -164895, 1018, 194055, 65352, -214716, -128227, 211456, 183511, -173601, -223667, 101994, 233601, -13901, -202434, -64185, 134800, 108164, -51567, -108279, -19765, 72725, 57503, -20933, -54857, -26123, 21869, 52719, 20944, -52530, -53197, 31595, 63472, -4542, -53008, -14486, 31782, 18531, -10900, -9141, -2329, -6228, 4774, 18501, 2938, -21198, -15329, 13957, 24253, -2492, -24041, -4805, 15383, 1820, -4820, 11527, 411, -29092, -6445, 41945, 20526, -43275, -34717, 31896, 40294, -12616, -32025, -8157, 10947, 25787, 15559, -36456, -37669, 36602, 48676, -26066, -47579, 10486, 37649, 2450, -24292, -7933, 12649, 6263, -6176, -1152, 6236, -3709, -11858, 6759, 20019, -8234, -26988, 9108, 30476, -10365, -30345, 12302, 27701, -13868, -23767, 13113, 19366, -8698, -14581, 919, 8687, 8493, -736, -17127, -9304, 22299, 20151, -21874, -29903, 15883, 36865, -6574, -39672, -3354, 37616, 12150, -31146, -18400, 21785, 20656, -11481, -18544, 2165, 13345, 4673, -7309, -8313, 2437, 8915, 341, -7569, -1183, 6125, 896, -6457, -542, 9530, 1175, -14787, -3416, 20372, 7197, -23934, -11662, 23828, 15252, -19911, -16198, 13515, 13439, -6804, -7343, 1789, -281, 572, 6944, -1007, -10757, 1386, 11255, -3295, -9300, 7092, 6665, -11986, -5588, 16545, 8041, -18918, -14561, 17499, 23614, -12358, -32317, 5275, 37605, 1733, -37233, -7507, 30769, 11479, -19974, -12924, 8316, 11446, 797, -7564, -5445, 2795, 5726, 985, -3342, -2479, 447, 1505, 1511, 1012, -2204, -3583, 1999, 5085, -1453, -5297, 972, 4802, -859, -4128, 1178, 3279, -1325, -2068, 199, 625, 2783, 727, -6843, -1731, 10298, 2002, -11668, -1203, 10715, -932, -8394, 4888, 5954, -11046, -4337, 18933, 4267, -26912, -6108, 32964, 9518, -35401, -13496, 33300, 16954, -26803, -19134, 17145, 19707, -6247, -18700, -4016, 16500, 12191, -13642, -17248, 10372, 18800, -6518, -17433, 1971, 14443, 3446, -11134, -10579, 8669, 20551, -7929, -33268, 9079, 46836, -10959, -58512, 11524, 65802, -8972, -66608, 2853, 59548, 5578, -44991, -13879, 25644, 19235, -5710, -19619, -10687, 14734, 20579, -6359, -22830, -2334, 18620, 8213, -10989, -9395, 3432, 5928, 1458, 104, -2336, -5363, -973, 6950, 7264, -3775, -14101, -2387, 19005, 8095, -20342, -11055, 17965, 11624, -13298, -11304, 8405, 10735, -4631, -10112, 1973, 9960, 359, -11420, -2751, 15273, 4741, -20545, -5856, 24721, 6384, -25623, -6766, 22923, 6598, -17696, -4836, 11432, 784
1791219429.833, MrmDetectionListInfo, 492, 243, 87, 19751, 88, 22132, 89, 19254, 90, 13590, 93, 10817, 94, 14522, 95, 20245, 96, 28837, 97, 40572, 98, 56415, 99, 65535, 100, 65535, 101, 65535, 102, 65535, 103, 65535, 104, 65535, 105, 65535, 106, 65535, 107, 65535, 108, 65535, 109, 65535, 110, 65535, 111, 65535, 112, 65535, 113, 65535, 114, 65535, 115, 65535, 116, 65535, 117, 65535, 118, 65535, 119, 65535, 120, 65535, 121, 65535, 122, 65535, 123, 65535, 124, 65535, 125, 65535, 126, 65535, 127, 65535, 128, 65535, 129, 65535, 130, 65535, 131, 65535, 132, 65535, 133, 65535, 134, 65535, 135, 65535, 136, 65535, 137, 65535, 138, 65535, 139, 65535, 140, 65535, 141, 65535, 142, 65535, 143, 65535, 144, 65535, 145, 65535, 146, 65535, 147, 65535, 148, 65535, 149, 65535, 150, 65535, 151, 65535, 152, 65535, 153, 65535, 154, 65535, 155, 65535, 156, 65535, 157, 65535, 158, 65535, 159, 65535, 160, 65535, 161, 65535, 162, 65535, 163, 65535, 164, 61887, 165, 51971, 166, 50161, 167, 49167, 172, 35118, 173, 40731, 174, 45177, 175, 47323, 176, 45732, 177, 39887, 178, 32303, 203, 23710, 204, 29046, 205, 33300, 206, 36085, 207, 36695, 208, 34605, 209, 30003, 210, 24018, 215, 25461, 216, 33276, 217, 39064, 218, 41420, 219, 40298, 220, 36554, 221, 31259, 222, 25392, 223, 19900, 224, 15664, 235, 14607, 236, 16547, 237, 18263, 238, 19584, 239, 20380, 240, 20726, 241, 20794, 242, 20663, 243, 20280, 244, 19540, 245, 18366, 246, 16721, 247, 14577, 254, 11421, 255, 15405, 256, 19480, 257, 22595, 258, 24279, 259, 24803, 260, 24593, 261, 23826, 262, 22679, 263, 21644, 264, 21360, 265, 22077, 266, 23192, 267, 23556, 268, 22490, 269, 20271, 270, 17566, 271, 14692, 272, 11681, 273, 8913, 274, 7168, 275, 6717, 276, 6833, 289, 9097, 290, 11219, 291, 13403, 292, 15454, 293, 17153, 294, 18315, 295, 18820, 296, 18600, 297, 17630, 298, 15939, 299, 13622, 300, 10839, 314, 8391, 315, 9162, 316, 10369, 317, 11937, 318, 13676, 319, 15440, 320, 17130, 321, 18625, 322, 19774, 323, 20453, 324, 20637, 325, 20453, 326, 20162, 327, 20083, 328, 20361, 329, 20620, 330, 20072, 331, 18255, 332, 15468, 333, 12384, 334, 9472, 375, 6143, 376, 7249, 377, 8601, 378, 10198, 379, 12120, 380, 14335, 381, 16671, 382, 18918, 383, 20921, 384, 22568, 385, 23740, 386, 24318, 387, 24219, 388, 23428, 389, 21993, 390, 20002, 391, 17562, 392, 14881, 393, 12442, 394, 10933, 395, 10836, 396, 12030, 397, 13713, 398, 14845, 399, 14920, 400, 14195, 401, 13147, 402, 11925, 403, 10452, 407, 9087, 408, 10773, 409, 12820, 410, 15272, 411, 18301, 412, 21903, 413, 25806, 414, 29625, 415, 33028, 416, 35761, 417, 37591, 418, 38287, 419, 37662, 420, 35743, 421, 33036, 422, 30384, 423, 28246, 424, 26292, 425, 23801, 426, 20330, 427, 16237, 428, 12911, 429, 11960, 430, 13453, 431, 15505, 432, 16064, 433, 14733, 434, 12711, 435, 11370, 436, 11077, 437, 11029, 438, 10080, 469, 10154, 470, 11961, 471, 13469, 472, 14699, 473, 15626, 474, 16122, 475, 16078, 476, 15499, 477, 14461
1791219429.958, MrmFullScanInfo, 493, 107, 2039355, 0, 0, 0, 0, 10000, 39297, 32, 1, 2, 1, 480, -416132, 492578, 418940, -479254, -453023, 448588, 503988, -372656, -520191, 107208, 520139, 334500, -494065, -497146, 375673, 518124, -120993, -520192, -171834, 519575, 322030, -512572, -474204, 481487, 520192, 512906, -195259, -520050, -400264, 500651, 354309, -503200, -430691, 506606, 288437, -517877, -295535, 518404, 232000, -516092, -306329, 517570, 437882, -507475, -516107, 374420, 520192, 92187, -520064, -494606, 438207, 519533, -150399, -520004, -243024, 519806, 473401, -504019, -517242, 391420, 520062, -149331, -520188, -221185, 517167, 316471, -126102, -195913, -501746, 12782, 519826, 398412, -478963, -515229, -55724, 515887, 509758, -259403, -520192, -376636, 511901, 519100, -293639, -520162, 827, 519966, 314092, -506024, -506091, 352181, 520128, 96136, -520052, -486096, 443797, 520028, 23587, -519356, -324766, 505500, 399327, -442820, -220760, 320446, -288122, -332922, 494885, 460969, -463978, -506573, 335986, 517172, -421646, -506528, 337468, 513643, -227673, -518409, 56311, 519849, 172648, -515205, -432349, 398606, 519513, -94250, -520142, -205488, 520139, -5237, -519748, -17130, 519583, -37241, -519560, 113263, 519966, -161966, -520094, 138855, 520139, -60646, -519926, -66969, 515612, -24529, -456971, -170363, 233097, 307997, 4935, -342928, -182553, 304380, 282910, -232888, -275305, 178502, 189096, -176617, -58634, 202966, 2313, -274806, -17239, 339191, 127042, -327599, -257252, 237569, 333110, -86577, -319246, -82636, 226810, 207733, -199940, -268082, 69645, 276049, 48367, -215747, -116947, 112793, 125631, -17936, -85845, -34696, 25911, 48201, 19901, -35998, -37451, 22495, 20304, -19547, -803, 39168, -7940, -54529, 2856, 53750, 11434, -39289, -13463, 18971, -6746, -1450, 33315, 4864, -43940, -7135, 51508, 17747, -44142, -22342, 17774, 15037, 13057, 9882, -28789, -51301, 27351, 89240, -104051, -99886, 61687, 104207, -11384, -80460, -17128, 34755, 16640, 11854, 7949, -35681, -36596, 34437, 51874, -18931, -6699, -18801, -20460, 34059, 58207, -29270, -91111, 5396, 106303, 28677, -93871, -53990, 56525, 64715, -13475, -51917, 19199, 27719, 7428, -12048, -15077, -1261, 6112, 6606, 4699, -202, -6413, -13828, -2734, 24363, 18823, -24414, -15371, 31121, 25364, -19004, -27926, 2799, 22978, 9486, -12481, -11352, 2581, 5833, -468, 80, 8657, -3935, -21715, 1429, 27359, 8824, -22912, -19451, 9272, 22295, 8886, -13600, -21454, -1896, 23352, 21930, -12780, -36403, 11586, 44160, 9031, -44629, -28855, 39571, 40718, -29493, -42559, 19700, 38867, -12236, -33149, 10824, 28186, -8884, -23172, 15010, 27096, -8341, -29321, -2572, 26902, 14042, -20655, -19033, 12199, 17205, -3747, -9633, 1126, -1122, -13977, 6188, 18363, -12256, -24647, 14538, 28771, -15259, -27440, 17138, 17346, -21538, -5742, 30437, -3672, -43188, 5825, 47957, -4638, -54012, -2189, 55033, 12776, -49353, -19486, 37313, 21960, -23184, -18361, 11556, 10570, -5172, -4799, 8092, -225, -10129, 6655, 14365, -13774, -18752, 20570, 22595, -23021, -27472, 21759, 33583, -13206, -38006, -7825, 42945, 28809, -41060, -50023, 33483, 64599, -24033, -70212, 13994, 62766, -9121, -45142, 7611, 19502, -6015, 29790, 11620, -67512, 2649, 108230, -29914, -147875, 67893, 190513, -97943, -227411, 113479, 251320, -102882, -249990, 65959, 203500, 1633, -136293, -61823, 56024, 109485, 25800, -128709, -92999, 120110, 132101, -90300, -138203, 58288, 116191, -37819, -84041, 45308, 49681, -54607, -30765, 67149, 31708, -69582, -50426, 52195, 76039, -13310, -91370, -37494, 86591, 83326, -38901, -92225, 8116, 100653, 22034, -88488, -42818, 60003, 44702, -25982, -29166, -136, 1949, 10630, 25918, -5322, -40412, -2532, 47583, 13548, -43201, -20109, 30166, 19097, -14967, -8782, 4190, -6363, -2189, 20408, 6456, -28784
1791219429.973, MrmFullScanInfo, 493, 107, 2039355, 0, 0, 0, 0, 10000, 39297, 32, 2, 2, 1, 480, 0, 0, 0, 0, 0, 0, 167932, -228922, -311608, 480153, 361102, -536469, -379732, 348957, 435316, -31465, -509033, -255288, 510103, 430853, -376079, -520520, 139221, 577914, 106763, -565956, -280457, 391774, 333990, -49387, -257375, -333421, 90032, 606654, 79477, -721945, -176040, 713320, 189812, -647049, -156449, 581314, 130355, -549469, -149001, 551883, 213926, -537411, -302580, 422028, 400765, -178410, -487997, -115951, 500027, 356584, -368420, -511713, 111610, 604203, 161447, -631918, -351853, 553433, 449716, -354908, -485596, 103126, 428180, 99986, -218930, -185480, -108770, 137611, 395246, 20802, -467770, -227580, 284387, 369366, 48672, -339025, -365684, 128646, 541854, 154090, -518860, -393618, 312358, 546068, -16957, -587355, -254731, 475972, 445608, -215044, -536730, -104171, 495735, 372513, -309925, -544450, 60383, 618055, 94651, -588985, -46801, 470352, -170329, -322648, 412388, 227854, -557930, -224500, 591561, 285045, -558028, -357308, 486763, 412584, -374562, -455316, 213266, 496393, -13232, -518114, -190463, 469996, 362880, -339868, -487854, 193416, 557927, -112511, -569321, 117561, 535914, -173716, -486001, 240988, 444584, -285089, -426090, 281811, 434943, -236392, -460716, 172243, 469655, -93352, -421560, -19543, 304503, 166048, -144901, -301152, -12155, 375164, 126004, -373246, -170466, 319296, 142055, -255374, -66277, 219311, -9685, -228002, 39502, 268745, -2121, -304471, -87834, 294034, 188582, -215606, -261093, 81369, 287037, 67627, -262727, -185864, 191725, 245652, -90192, -241295, -10293, 184826, 78373, -101535, -98448, 20868, 76417, 35309, -34556, -59672, -1608, 59119, 16844, -48240, -11603, 39718, -2481, -37613, 12817, 37981, -14687, -34583, 12929, 24488, -15030, -10118, 23643, -2537, -35302, 8341, 43423, -6476, -41584, 826, 26940, 1273, -2917, 7575, -27584, -27875, 61977, 50779, -89198, -66381, 92575, 71191, -67601, -64383, 30414, 44332, -2289, -13623, -5494, -18103, -1930, 37077, 9666, -33116, -6155, 7998, -10385, 23551, 35648, -43519, -63671, 42291, 85846, -21805, -92724, -7773, 81653, 33231, -58635, -44326, 32091, 39330, -8245, -24964, -7927, 9992, 12891, -393, -8721, -951, 2279, -5530, 683, 16518, 1064, -26881, -5770, 31573, 11592, -27909, -16967, 17257, 19606, -4697, -17940, -4302, 13092, 6960, -8904, -3980, 9040, -1265, -13671, 4319, 19166, -2061, -20715, -4854, 15456, 12054, -4145, -14085, -8998, 7689, 19325, 6203, -23878, -22962, 21035, 37334, -10471, -46226, -5249, 48766, 20631, -45324, -30782, 37599, 34077, -28445, -31893, 21001, 27162, -16906, -22968, 15077, 21318, -12519, -22226, 6967, 23771, 882, -23421, -8019, 19750, 11271, -14098, -9171, 9785, 2331, -9214, 7029, 12089, -16043, -16233, 22580, 19034, -26009, -17948, 27246, 11692, -28230, -1404, 30734, -9672, -35307, 17823, 41215, -20420, -46979, 16972, 50652, -9128, -50029, -86, 43916, 7509, -33237, -11080, 21169, 10380, -11568, -6146, 6768, -590, -6483, 8880, 8728, -17506, -11682, 24830, 14811, -29065, -18751, 28350, 24510, -21172, -32421, 7404, 41230, 10994, -48216, -30493, 50715, 46933, -47836, -56141, 40666, 54965, -31046, -41253, 20359, 14632, -8021, 22020, -8951, -62413, 34415, 99937, -69811, -131390, 111370, 156929, -150223, -177337, 174803, 190302, -173634, -190289, 139586, 172627, -75234, -136993, -5284, 87205, 81440, -29646, -135034, -26921, 156529, 72279, -147538, -97787, 119624, 99729, -88602, -81151, 66763, 51729, -58148, -24965, 59091, 12901, -61534, -20590, 56326, 43874, -37151, -70075, 4603, 84266, 34105, -78175, -69063, 54551, 91440, -23526, -95633, -4345, 80749, 21319, -52146, -23630, 19918, 12295, 5707, 7359, -18790, -27784, 19239, 42130, -11343, -46394, 1191, 40291, 5557, -27163, -5453, 12499, -1709
1791219429.973, MrmFullScanInfo, 493, 107, 2039355, 0, 0, 0, 0, 10000, 39297, 32, 4, 2, 1, 480, 0, 0, 0, 0, 0, 0, -183, -25, 138, 236, -124, -192, 238, -293, -304, 707, -31, -523, 791, -111, -1194, 617, 724, -482, -34, -51, -237, 392, 468, -459, -771, 446, 875, -352, -498, 86, -332, 376, 1150, -748, -1666, 735, 2157, -599, -2849, 837, 2944, -1660, -1807, 2563, -275, -2611, 2221, 1338, -2701, 346, 1691, -1116, -536, 958, 267, -165, -602, -2297, 1373, 4561, -4276, -1626, 8679, -6042, -10708, 10569, 8074, -6775, -3261, -300, 851, 3665, -1670, -3622, 3470, 4351, -3594, -7019, 1269, 8848, 2000, -7911, -3797, 6506, 2727, -10229, 1095, 18358, 371, -23408, -22104, 23748, 60200, -19879, -85880, -4012, 93537, 63604, -143039, -131969, 293981, 154733, -498562, -113626, 617141, 48300, -570258, -5466, 432021, -5212, -341238, -5948, 358106, 47817, -426446, -151749, 443447, 328308, -344620, -521975, 140963, 624996, 103299, -576935, -314229, 422953, 438213, -262835, -460600, 170445, 410942, -168987, -340709, 243503, 300111, -343820, -323110, 406128, 411536, -396815, -527967, 319171, 606807, -183880, -590228, -762, 466067, 203882, -273039, -362275, 76145, 425600, 66876, -392309, -122002, 304512, 88546, -217290, -4461, 172206, -68097, -182902, 78125, 228598, -15307, -262683, -89542, 240664, 184543, -148299, -231483, 12907, 222267, 112353, -168134, -182501, 86396, 184834, -922, -135225, -58058, 61669, 70308, 6413, -37918, -46227, -16058, 48711, 60319, -21684, -71623, -14090, 46572, 35494, -2161, -29188, -35551, -1497, 47302, 39563, -30337, -65096, -2660, 67095, 33247, -47733, -48021, 17846, 44325, 10857, -29157, -31269, 13649, 42866, -6582, -51270, 9889, 64099, -23984, -83387, 47147, 102584, -67875, -113246, 68431, 111690, -42442, -96624, 4246, 66907, 25163, -25785, -33477, -16708, 24432, 45827, -12175, -49722, 9338, 28787, -20786, 2628, 45162, -25350, -76942, 27071, 105871, -6778, -120028, -26534, 114012, 58122, -91186, -74556, 58480, 71043, -22796, -52718, -7919, 28575, 25778, -6249, -28991, -8676, 22990, 13187, -15286, -7189, 10512, -5780, -9773, 19044, 12793, -25837, -18596, 23360, 24568, -14239, -27555, 3675, 26108, 4041, -21468, -7334, 16320, 7276, -12586, -6309, 10286, 6569, -7994, -8458, 4358, 10486, 649, -10273, -5525, 6160, 8962, 1586, -10648, -10801, 10267, 19067, -7070, -25215, 1293, 29198, 4961, -31171, -9439, 31286, 11378, -29749, -10853, 27220, 8489, -24295, -6099, 20840, 6134, -16266, -9347, 10506, 13532, -4703, -15778, 438, 15035, 1162, -12952, -18, 12239, -2800, -14255, 5334, 18216, -5542, -22307, 2519, 24870, 2930, -24781, -8624, 22011, 11973, -17528, -11248, 12823, 6488, -9537, 790, 9201, -8595, -12300, 14933, 17586, -17942, -22742, 16609, 25620, -11413, -25412, 4265, 22874, 2466, -19377, -7160, 15751, 9617, -12018, -10708, 8078, 11351, -4135, -11765, 702, 11555, 1638, -10374, -2216, 8378, 385, -6032, 3889, 3865, -9523, -2377, 14574, 1764, -17065, -1479, 15594, 511, -9400, 2204, -1480, -6937, 16240, 12480, -33463, -16203, 51612, 15548, -69475, -9873, 85702, 688, -98057, 9088, 102618, -15726, -95330, 15683, 75278, -7647, -46008, -6013, 13595, 20468, 16213, -31056, -38903, 35341, 51592, -34019, -53665, 30559, 46563, -28672, -32936, 29355, 16357, -30624, -938, 29844, -9925, -25511, 15052, 17265, -15524, -5919, 13675, -6697, -11556, 18196, 9859, -26168, -8208, 28896, 5976, -26065, -2622, 18929, -2158, -9691, 8138, 783, -13875, 6186, 17383, -10726, -17785, 13052, 16108, -13617, -14050, 13037, 12285, -12039, -10512, 10983, 8308, -9773
1791219429.973, MrmDetectionListInfo, 493, 329, 95, 7918, 96, 10070, 97, 13001, 98, 17777, 99, 25141, 100, 34345, 101, 43147, 102, 48914, 103, 50988, 104, 53812, 105, 65535, 106, 65535, 107, 65535, 108, 65535, 109, 65535, 110, 65535, 111, 65535, 112, 65535, 113, 65535, 114, 65535, 115, 65535, 116, 65535, 117, 65535, 118, 65535, 119, 65535, 120, 65535, 121, 65535, 122, 65535, 123, 65535, 124, 65535, 125, 65535, 126, 65535, 127, 65535, 128, 65535, 129, 65535, 130, 65535, 131, 65535, 132, 65535, 133, 65535, 134, 65535, 135, 65535, 136, 65535, 137, 65535, 138, 65535, 139, 65535, 140, 65535, 141, 65535, 142, 65535, 143, 65535, 144, 65535, 145, 65535, 146, 65535, 147, 65535, 148, 65535, 149, 65535, 150, 65535, 151, 65535, 152, 65535, 153, 65535, 154, 65535, 155, 65535, 156, 65535, 157, 65535, 158, 65535, 159, 65535, 160, 65535, 161, 65535, 162, 65535, 163, 65535, 164, 65535, 165, 65535, 166, 65535, 167, 65535, 168, 65535, 169, 65535, 170, 65535, 171, 65535, 172, 65535, 173, 65535, 174, 65535, 175, 65535, 176, 65535, 177, 65535, 178, 65535, 179, 65535, 180, 65535, 181, 65535, 182, 65535, 183, 65535, 184, 65535, 185, 65535, 186, 65535, 187, 65535, 188, 65535, 189, 65535, 190, 65535, 191, 50671, 192, 31968, 193, 23528, 194, 28912, 195, 39265, 196, 45823, 197, 47245, 198, 45632, 199, 42250, 200, 37662, 201, 32446, 202, 26702, 203, 21445, 204, 19642, 205, 22445, 206, 27649, 207, 33512, 208, 39332, 209, 42856, 210, 41897, 211, 38665, 212, 38548, 213, 42754, 214, 45673, 215, 41852, 216, 32789, 217, 24823, 218, 22171, 219, 23909, 220, 26412, 221, 27194, 222, 26704, 223, 27113, 224, 29980, 225, 35385, 226, 42762, 227, 51796, 228, 62249, 229, 65535, 230, 65535, 231, 65535, 232, 65535, 233, 65535, 234, 65535, 235, 65535, 236, 55797, 237, 42424, 238, 34169, 239, 31156, 240, 29393, 241, 26350, 242, 24072, 243, 25679, 244, 30210, 245, 32866, 246, 30458, 247, 24604, 248, 19305, 249, 17420, 250, 20590, 251, 29929, 252, 43711, 253, 56440, 254, 63093, 255, 63627, 256, 62832, 257, 65535, 258, 65535, 259, 65535, 260, 65535, 261, 65535, 262, 65535, 263, 63177, 264, 52170, 265, 40329, 266, 29665, 267, 22489, 268, 19634, 269, 19346, 270, 18908, 271, 17589, 272, 16554, 273, 16261, 274, 15517, 275, 13141, 276, 9758, 277, 7442, 279, 11119, 280, 15649, 281, 19499, 282, 21654, 283, 22360, 284, 22245, 285, 21496, 286, 19931, 287, 17618, 288, 15257, 289, 13773, 290, 13400, 291, 13433, 292, 13000, 293, 11854, 309, 7872, 310, 10672, 311, 13502, 312, 14962, 313, 15011, 314, 14604, 315, 14742, 316, 15921, 317, 17874, 318, 19772, 319, 20911, 320, 21181, 321, 20881, 322, 20269, 323, 19378, 324, 18172, 325, 16736, 326, 15276, 327, 13983, 328, 12951, 329, 12184, 330, 11637, 331, 11222, 332, 10819, 333, 10309, 334, 9621, 335, 8788, 340, 6575, 341, 6781, 342, 7896, 343, 9620, 344, 11276, 345, 12435, 346, 13077, 347, 13342, 348, 13435, 349, 13650, 350, 14246, 351, 15209, 352, 16136, 353, 16440, 354, 15808, 355, 14378, 356, 12474, 357, 10331, 358, 8105, 362, 9638, 363, 13287, 364, 16153, 365, 18005, 366, 19313, 367, 20274, 368, 20562, 369, 19833, 370, 18161, 371, 15978, 372, 13853, 373, 12302, 374, 11618, 375, 11731, 376, 12168, 377, 12291, 378, 11800, 379, 10913, 380, 10010, 381, 9232, 382, 8476, 383, 7642, 384, 6799, 385, 6180, 386, 5993, 394, 5558, 395, 6735, 396, 7676, 397, 8442, 398, 9047, 399, 9311, 400, 8985, 401, 7961, 407, 13791, 408, 20733, 409, 26603, 410, 31138, 411, 35137, 412, 39018, 413, 42403, 414, 44782, 415, 46301, 416, 48028, 417, 51129, 418, 55255, 419, 58319, 420, 58320, 421, 54886, 422, 48841, 423, 41036, 424, 32177, 425, 23328, 426, 16201, 427, 13080, 428, 15522, 429, 22589, 430, 31221, 431, 38390, 432, 42616, 433, 44076, 434, 43734, 435, 42326, 436, 40067, 437, 37008, 438, 33383, 439, 29544, 440, 25724, 441, 21962, 442, 18444, 443, 16084, 444, 16054, 445, 18001, 446, 19628, 447, 18913, 448, 15970, 449, 12422, 468, 11092, 469, 13689, 470, 15124, 471, 15294, 472, 14900, 473, 14520, 474, 14176, 475, 13652, 476, 12917
1791219430.083, MrmFullScanInfo, 494, 107, 2039480, 0, 0, 0, 0, 10000, 39297, 32, 1, 2, 1, 480, -419782, 492516, 419310, -479740, -449708, 447268, 506278, -373613, -519970, 112234, 520172, 334598, -498497, -495523, 377177, 517602, -113272, -520185, -173412, 519663, 320738, -512816, -477014, 481389, 520142, 512181, -192577, -520182, -396440, 502742, 352401, -502599, -433261, 506325, 289840, -517992, -294516, 517552, 229147, -516821, -303835, 514917, 440463, -506691, -515240, 373232, 520192, 96467, -520052, -494697, 439898, 519631, -153410, -520000, -244354, 519596, 471964, -503359, -516648, 386296, 519869, -154068, -520186, -206847, 516769, 340494, -113106, -230882, -512558, 36900, 519893, 400599, -480979, -513334, -56525, 513587, 507231, -256043, -520184, -385467, 512896, 518902, -298811, -520157, 7786, 519838, 318642, -506423, -506016, 353574, 520157, 96511, -520139, -480536, 450313, 520095, 13831, -519607, -333644, 500972, 449973, -339742, -431162, 55445, 131108, 109947, 223178, -86823, -450171, -127154, 473087, 414666, -376459, -492966, 181300, 510525, -43663, -515225, -1424, 517554, -14584, -519237, -9894, 519877, 148683, -519628, -314532, 514261, 29443, -517695, -307753, 516442, 488566, -476028, -519344, 271578, 520192, 64011, -519634, -340948, 494624, 455458, -382441, -455327, 509857, 76782, -511876, -15868, 518248, 77283, -517435, -241350, 507324, 429702, -428933, -509963, 188566, 519709, 127766, -514685, -166488, 464093, 365382, -306089, -399278, 130322, 296154, -44929, -169045, 73583, 100768, -158319, -136564, 210896, 254663, -178707, -215240, 139381, 303752, 16863, -312100, -190851, 219570, 291615, -46187, -283891, -131084, 176377, 231423, -14707, -222196, -124431, 127361, 184099, 17479, -141287, -115425, 39228, 117262, 64732, -39809, -116870, -59456, 92068, 128109, -12028, -136036, -70624, 116666, 121333, -34267, -145069, -55948, 115536, 108876, -51918, -112458, -4643, 73746, 27535, -20969, -13435, -10454, -22009, 4273, 38755, 9385, -56017, -40063, 46205, 68326, -14914, -73614, -23549, 48489, 52951, -4089, -58005, -38476, 37356, 54258, -60282, -67361, 39309, 57145, -24379, -32690, 23872, 14394, -36629, -7063, 50482, 12956, -52592, -27710, 38046, 41856, -24293, -50927, -11662, 42357, 45474, -19347, -63119, -11293, 63021, 36846, -47894, -46188, 25001, 37076, -2697, -16519, 9535, 4676, -2877, 7174, 5348, -10001, -9175, 4103, 11098, 6066, -5282, -15505, -6432, 19815, 17974, -13077, -25080, -1379, 24443, 17314, -14391, -25355, -1346, 24082, 16866, -15386, -25347, 1226, 27682, 10445, -23708, -1430, 31734, 9991, -28973, -15969, 29142, 19345, -30401, -23827, 31639, 30958, -29570, -38785, 21560, 41964, -8029, -36104, 11164, 37785, 4139, -31404, -18182, 20610, 26056, -10597, -27287, 4944, 22202, -2886, -16842, 4828, 12824, -30199, 4396, 31245, -2403, -26063, 1540, 14649, -8154, -610, 22138, -12769, -41113, 19834, 60375, -18222, -73647, 15403, 70563, -8522, -68586, -1135, 59269, 6596, -45402, -6100, 32186, 2258, -23305, 1284, 20738, -2330, -21111, 7150, 18034, -4205, -20973, 813, 21741, 1025, -19078, -193, 16725, -2599, -16374, 5150, 20417, -3516, -26082, -8805, 33085, 22478, -32429, -35899, 26077, 44614, -16236, -44882, 5647, 34538, 181, -16771, -1512, -4371, 424, 32739, -1014, -62358, 8461, 91115, -24447, -119632, 45444, 149008, -59861, -173589, 61438, 187779, -38424, -179940, -1155, 143606, 45005, -93636, -87354, 32079, 114540, 28604, -119993, -75605, 104231, 98473, -76421, -98681, 48789, 78862, -33709, -46254, 38686, 30883, -48927, -27788, 57342, 38660, -53070, -58329, 30453, 73259, 8223, -74230, -52720, 56422, 86968, -21789, -83393, -10575, 85449, 37285, -69761, -50018, 43941, 46982, -17545, -28591, -1075, 4958, 5650, 16350, 1341, -31435, -10093, 34265, 15636, -28592, -16471, 18557, 10340, -11049, -896, 10330, -9882, -17040, 17137, 24973, -19090
1791219430.083, MrmFullScanInfo, 494, 107, 2039480, 0, 0, 0, 0, 10000, 39297, 32, 2, 2, 1, 480, 0, 0, 0, 0, 0, 0, 167893, -228846, -311462, 480286, 360980, -537400, -379785, 350827, 435743, -33756, -509556, -253336, 509673, 429969, -374258, -521015, 136953, 579184, 108380, -567109, -281122, 392368, 334007, -49327, -257478, -333911, 90778, 607075, 78563, -722025, -175853, 713236, 190205, -646996, -156363, 580993, 129413, -548471, -147977, 550331, 213670, -535670, -303117, 420276, 401724, -176789, -489327, -116995, 501587, 356713, -369778, -511161, 112422, 603165, 161179, -630600, -351939, 553281, 449629, -356252, -484068, 101244, 424860, 112265, -216242, -208250, -107965, 161311, 391440, 5853, -464583, -222805, 284357, 369213, 46571, -338105, -364518, 125844, 543908, 156557, -523413, -393888, 316524, 544872, -18585, -586568, -255303, 476728, 446959, -217261, -538748, -101128, 498498, 369236, -309215, -536399, 36508, 587267, 190090, -505348, -267452, 304175, 172019, -63821, 39832, -94234, -270912, 90295, 434823, 56358, -485998, -255407, 430343, 421720, -319504, -518634, 216544, 549538, -147156, -540770, 88267, 527837, -28934, -532025, -15184, 546817, 51196, -560037, -116121, 564528, 220997, -529758, -333840, 407259, 435491, -191459, -521571, -53201, 586172, 218898, -618813, -228084, 608330, 103907, -557525, 35550, 498778, -72889, -475580, -15696, 486730, 172970, -471386, -329669, 373275, 450241, -198475, -519962, 1420, 522259, 163067, -450006, -259517, 326699, 272276, -204146, -220270, 133242, 152248, -130602, -111820, 171267, 114321, -205512, -152802, 187861, 210385, -102948, -257901, -27039, 254526, 154301, -176851, -230056, 41960, 226252, 98142, -147023, -185438, 27852, 187465, 79713, -114336, -131981, 12614, 113046, 61945, -41344, -75960, -40396, 32626, 88122, 38413, -80358, -100149, 26130, 123565, 46124, -98334, -105296, 37237, 129448, 30523, -113261, -75837, 70225, 84174, -24756, -61039, -2251, 25815, 3382, 864, 14637, -7206, -37029, -6645, 48907, 30746, -41495, -50077, 16030, 52118, 17043, -33950, -46360, 3436, 65670, 25894, -72823, -42768, 67622, 43621, -53824, -32105, 40449, 15855, -35053, -2856, 37899, -1212, -43092, -5367, 43273, 19377, -33048, -33819, 11187, 41117, 17864, -36445, -45044, 20251, 61392, 1382, -62084, -19508, 49189, 27341, -30196, -23531, 13080, 12082, -2240, 342, -1654, -7952, 92, 8044, 3423, -1457, -4779, -8195, 1516, 15880, 5895, -17111, -14474, 10382, 20146, 1753, -19471, -14143, 11522, 21766, 1385, -21959, -14848, 16218, 25225, -8810, -31116, 2941, 33227, 1340, -33463, -5371, 33706, 9629, -34916, -14332, 36399, 19810, -36127, -25633, 32848, 30603, -26820, -33513, 18493, 33835, -7757, -31652, -4632, 27350, 15702, -21786, -22161, 16188, 22746, -13114, -17588, 14912, 7629, -20182, 4055, 23856, -12717, -21626, 16253, 12910, -17690, 569, 21840, -15822, -31229, 29349, 44116, -38029, -55926, 39864, 62710, -34757, -63180, 25101, 57994, -14914, -48481, 7613, 36929, -4362, -26423, 4571, 19240, -6795, -15775, 9135, 15239, -9972, -16525, 9075, 18183, -7614, -18723, 6882, 17949, -7284, -17244, 7719, 18682, -5998, -23385, 407, 30171, 8981, -35832, -20180, 37121, 29945, -32813, -34560, 24109, 31213, -13550, -18895, 3239, -1534, 6745, 27642, -18499, -55834, 34770, 82563, -56454, -105824, 80791, 125341, -101047, -140990, 108359, 150792, -95533, -150871, 60800, 137575, -9463, -109846, -47475, 70192, 96802, -24451, -127371, -19158, 133989, 52201, -119310, -68344, 92852, 66079, -66752, -50300, 50332, 30844, -46169, -18034, 49559, 18065, -51431, -30826, 42926, 50132, -19849, -66258, -13880, 70182, 48450, -57789, -74392, 32372, 86568, -3007, -83650, -20388, 66994, 31353, -41708, -28466, 15890, 14651, 2761, 4493, -10652, -22418, 9328, 33515, -3434, -35203, -2074, 29077, 3688, -19888, -66, 12863, -7787
1791219430.083, MrmFullScanInfo, 494, 107, 2039480, 0, 0, 0, 0, 10000, 39297, 32, 4, 2, 1, 480, 0, 0, 0, 0, 0, 0, -106, 61, 188, 240, -157, -1017, 25, 1747, 334, -1988, -569, 1730, -109, -925, 1413, -261, -2124, 1116, 1777, -1222, -883, 777, 223, -106, -318, -364, 946, 335, -969, -76, -78, 80, 1012, -274, -794, 27, 164, 696, -329, -1176, 1057, 1053, -1299, -690, 812, 528, -351, -487, 361, 302, -566, 40, 521, -588, -138, 1149, -291, -759, 341, -665, 674, 398, -2540, 4512, 3229, -11285, -1326, 13526, -1900, -9169, 3846, 2210, -3400, 2458, 1538, -3367, -276, 1893, 1502, -599, -4514, 826, 6548, -916, -5964, -2749, 4410, 10038, -724, -16117, -12447, 18533, 33948, -17398, -45802, 12445, 27174, -12068, 26713, 40732, -93614, -120561, 132718, 237521, -113140, -332009, 45803, 340378, 26932, -250499, -72666, 108268, 94432, 29586, -124898, -132728, 192681, 197825, -285746, -247320, 349734, 324890, -365288, -440277, 362642, 539124, -348429, -567071, 286159, 526744, -165879, -432920, 27902, 271962, 102735, -52603, -220504, -162588, 315769, 285209, -373279, -260492, 389099, 111962, -382938, 64385, 393896, -163116, -453754, 141529, 541613, -28610, -579199, -119347, 498689, 259123, -304413, -356213, 62402, 373725, 149642, -294202, -270646, 146497, 268999, -1369, -167037, -67088, 35309, 26829, 58688, 95157, -84907, -228869, 42660, 301219, 54110, -274455, -169353, 159141, 242661, -4327, -227509, -127495, 124930, 188082, 16040, -163673, -127512, 79640, 160982, 13768, -113018, -67712, 24099, 59319, 48815, -1967, -67751, -64358, 32692, 97491, 26644, -77712, -73117, 15852, 80711, 57764, -44091, -111358, -19798, 124978, 79660, -97647, -107137, 48352, 92143, -6179, -43534, -8218, -17165, -6202, 62730, 35987, -71800, -64196, 42724, 75558, 3904, -60102, -39983, 20388, 46551, 27457, -24349, -64168, -9416, 78089, 34589, -68731, -39966, 44888, 25726, -20618, 697, 9571, -27131, -16867, 40909, 36095, -35890, -53998, 15077, 58390, 12580, -44148, -36541, 14796, 47409, 19954, -40028, -47992, 17750, 59651, 8512, -51787, -26937, 29960, 31309, -5520, -22477, -11093, 6247, 15506, 9418, -9602, -17336, -1003, 14414, 9331, -3223, -10139, -9134, 2304, 14864, 10689, -9956, -22253, -3455, 25906, 18479, -18941, -27481, 4240, 26068, 11255, -15138, -20378, 384, 20191, 10955, -13035, -14052, 3968, 8791, 2362, 967, -3075, -9962, -2601, 13825, 12359, -10783, -21269, 2636, 24995, 6585, -22178, -13161, 14169, 15465, -3633, -13844, -6269, 9691, 12557, -5218, -14103, 2721, 12278, -4191, -8688, 9866, 4224, -16547, -668, 19128, 814, -14655, -5010, 4378, 9246, 7969, -8693, -18128, 1690, 23291, 8961, -22917, -18110, 18048, 21892, -10605, -19626, 3282, 13083, 1059, -5086, -1106, -1182, -1975, 3271, 5826, -1278, -8244, -2238, 7491, 4753, -2645, -5472, -5521, 4540, 14474, -1886, -21256, -2233, 23805, 6864, -21562, -10750, 15505, 13137, -7555, -14134, -288, 14471, 6827, -14965, -11852, 16055, 15656, -17398, -18456, 17854, 19468, -16251, -17518, 11790, 12803, -4003, -7495, -7234, 4068, 21437, -3200, -37207, 3810, 52832, -3950, -66601, 2291, 75586, 1112, -75748, -5481, 64932, 9953, -45535, -13199, 23236, 13317, -3480, -9024, -10189, 1099, 16408, 8139, -15917, -15666, 11115, 18449, -4811, -14922, -535, 6779, 2729, 1275, -167, -4376, -6888, 11, 15804, 9684, -22349, -19412, 22877, 25155, -16882, -26246, 7487, 23600, 1023, -17707, -5824, 9773, 6304, -2270, -3555, -2269, -497, 2788, 3736, -30, -4479, -4188, 2198, 7651, 2233, -8202, -6932, 4640, 9897, 2494, -9853
1791219430.083, MrmDetectionListInfo, 494, 306, 99, 16268, 100, 22010, 101, 27245, 102, 30205, 103, 29585, 108, 55418, 109, 65535, 110, 65535, 111, 65535, 112, 65535, 113, 65535, 114, 65535, 115, 65535, 116, 65535, 117, 65535, 118, 65535, 119, 65535, 120, 65535, 121, 65535, 122, 65535, 123, 65535, 124, 65535, 125, 65535, 126, 65535, 127, 65535, 128, 65535, 129, 65535, 130, 65535, 131, 65535, 132, 65535, 133, 65535, 134, 65535, 135, 65535, 136, 65535, 137, 65535, 138, 65535, 139, 65535, 140, 65535, 141, 65535, 142, 65535, 143, 65535, 144, 65535, 145, 65535, 146, 65535, 147, 65535, 148, 65535, 149, 65535, 150, 65535, 151, 65535, 152, 65535, 153, 65535, 154, 65535, 155, 65535, 156, 65535, 157, 65535, 158, 65535, 159, 65535, 160, 65535, 161, 65535, 162, 65535, 163, 65535, 164, 65535, 165, 65535, 166, 65535, 167, 65535, 168, 65535, 169, 65535, 170, 65535, 171, 65535, 172, 65535, 173, 65535, 174, 65535, 175, 65535, 176, 65359, 177, 53100, 178, 41997, 179, 50338, 180, 65535, 181, 65535, 182, 65535, 183, 65535, 184, 65535, 185, 65535, 186, 65535, 187, 65535, 188, 65535, 189, 65535, 190, 65535, 191, 65535, 192, 65535, 193, 65535, 194, 65535, 195, 65535, 196, 65535, 197, 65535, 198, 65535, 199, 65535, 200, 65535, 201, 59424, 202, 54418, 203, 52956, 204, 45547, 205, 36203, 206, 34268, 207, 43618, 208, 57698, 209, 65535, 210, 64270, 211, 59562, 212, 57676, 213, 57352, 214, 55350, 215, 54311, 216, 58544, 217, 65535, 218, 65535, 219, 65535, 220, 65535, 221, 65535, 222, 65535, 223, 65535, 224, 65535, 225, 51179, 226, 32656, 227, 20263, 229, 15322, 230, 24265, 231, 40362, 232, 56884, 233, 65521, 234, 63658, 235, 55091, 236, 45143, 237, 37892, 238, 35605, 239, 36602, 240, 36486, 241, 33908, 242, 32055, 243, 34098, 244, 39450, 245, 45319, 246, 50250, 247, 53659, 248, 53590, 249, 47992, 250, 37453, 251, 24976, 252, 13946, 255, 18509, 256, 29434, 257, 36954, 258, 39917, 259, 40178, 260, 39110, 261, 36938, 262, 34304, 263, 32554, 264, 32248, 265, 32205, 266, 31333, 267, 30777, 268, 32474, 269, 36111, 270, 38842, 271, 38301, 272, 35250, 273, 32639, 274, 32269, 275, 32567, 276, 30124, 277, 23712, 278, 16156, 279, 11475, 281, 11151, 282, 11316, 284, 11033, 285, 10723, 286, 9793, 287, 8723, 288, 8035, 289, 7619, 290, 7387, 292, 8343, 293, 10009, 294, 12180, 295, 13960, 296, 14858, 297, 15623, 298, 17513, 299, 20265, 300, 21676, 301, 20079, 302, 16711, 303, 14561, 304, 14777, 305, 15447, 306, 14336, 307, 11976, 308, 10991, 309, 12254, 310, 13378, 311, 11797, 317, 6380, 318, 8860, 319, 11048, 320, 12882, 321, 14096, 322, 14337, 323, 13962, 324, 14024, 325, 14995, 326, 16045, 327, 15930, 328, 14202, 329, 11507, 330, 9133, 331, 8182, 332, 8707, 333, 9716, 334, 10138, 335, 9648, 339, 7471, 340, 7787, 341, 8303, 342, 8911, 343, 9436, 344, 9693, 345, 9583, 346, 9096, 347, 8245, 348, 7151, 350, 6881, 351, 8771, 352, 11040, 353, 12413, 354, 12895, 355, 13838, 356, 16079, 357, 18701, 358, 20076, 359, 19514, 360, 17550, 361, 14998, 362, 12219, 363, 9311, 364, 6528, 375, 5205, 377, 4508, 380, 7376, 381, 9427, 382, 10902, 383, 11905, 384, 12924, 385, 14129, 386, 15134, 387, 15389, 388, 14720, 389, 13398, 390, 11797, 391, 10121, 392, 8566, 393, 7737, 394, 8430, 395, 10590, 396, 13028, 397, 14652, 398, 15503, 399, 16299, 400, 17361, 401, 18326, 402, 18677, 403, 18220, 404, 17041, 405, 15212, 406, 12705, 407, 9672, 411, 9515, 412, 13572, 413, 17780, 414, 21788, 415, 25688, 416, 29521, 417, 33023, 418, 35821, 419, 37723, 420, 38778, 421, 39147, 422, 38902, 423, 37830, 424, 35537, 425, 31882, 426, 27193, 427, 22002, 428, 16657, 433, 8688, 434, 10766, 435, 12675, 436, 14237, 437, 14928, 438, 14363, 439, 12679, 452, 19489, 453, 22510, 454, 23384, 455, 22559
1791219430.208, MrmFullScanInfo, 495, 107, 2039605, 0, 0, 0, 0, 10000, 39297, 32, 1, 2, 1, 480, -416194, 492709, 420197, -481485, -450889, 445678, 505090, -373336, -520020, 110494, 520138, 333691, -498091, -498498, 375197, 517473, -119865, -520000, -172494, 519658, 320274, -512715, -475827, 482174, 520182, 512491, -203227, -520184, -396696, 503976, 348124, -502995, -433255, 505608, 284529, -517807, -292990, 518472, 235632, -517263, -311768, 516563, 436884, -505995, -516454, 376094, 520192, 99515, -519875, -494600, 442984, 519280, -153579, -520153, -247087, 519724, 471724, -503145, -515622, 393981, 520083, -160963, -520175, -200796, 516512, 335124, -119779, -216410, -502990, 20882, 519828, 397130, -481252, -513345, -48413, 512955, 507923, -244913, -520191, -385822, 512769, 518882, -301676, -520154, 5440, 519774, 319003, -505446, -503899, 360382, 520102, 82066, -520109, -477050, 450180, 519918, 6107, -519369, -328527, 501501, 454244, -333745, -440346, 36774, 130251, 133057, 233144, -122284, -464494, -84737, 488952, 352181, -313183, -437569, 33464, 385715, 217990, -236375, -359056, -15051, 327806, 239118, -179657, -302777, 21792, 262758, 92939, -153311, -121626, -74665, -19767, 240960, 239881, -314574, -469468, 290412, 519467, -174672, -520112, 36284, 520143, 108096, -518111, -217069, 519819, -166596, -519950, -4980, 517678, 231579, -396923, -435208, 87658, 507803, 205311, -481609, -385665, 405394, 434371, -324647, -214837, 396045, 141239, -395725, -83733, 427905, 112971, -454986, -237039, 427928, 388249, -310724, -492161, 95308, 498870, 146396, -457714, -177697, 377326, 333761, -217813, -371248, 54953, 296214, 51993, -166695, -70114, 54066, 16210, -4023, 56074, 24773, -88685, -89573, 46951, 139599, 43341, -130137, -131510, 64382, 173816, 27293, -141498, -99981, 66204, 124054, 11220, -90114, -15057, 91700, 64056, -25604, -55541, -24732, 11502, 39435, 28615, -13974, -37836, -24992, 14281, 48015, 31726, -39350, -65913, 37947, 96889, 7951, -90283, -57736, 56307, 87377, -9823, -86794, -29373, 68021, 44921, -42753, -37799, 24056, 20071, -17497, -3164, 18056, -10483, -25111, 11288, 29446, -333, -26785, -10397, 14002, 13412, 5414, -9313, -21091, 35335, 23089, -26346, -31649, 20464, 34247, -21251, -32697, 24425, 34760, -25054, -41962, 22191, 48303, -12368, -47404, 16050, 38502, -6206, -34246, -1987, 24740, 5707, -11147, -3669, 640, -2464, 4665, 8570, -4274, -8043, 787, 3536, 2238, 4127, -2610, -8277, 1341, 7857, -4103, -3472, 12510, -1401, -24779, 1276, 38974, 4222, -48969, 15654, 57079, 731, -55295, -19058, 45770, 32117, -30268, -36989, 12453, 36099, 923, -31226, -7981, 25738, 10803, -29523, -5508, 25377, 9858, -18553, -15923, 10811, 23485, -1833, -27818, -6026, 27588, 12884, -23187, -15228, 14691, -2575, -11760, 4008, 4419, -4816, 3951, 5041, -13547, -2005, 26776, -3689, -41997, 9611, 58962, -12482, -73200, 18932, 70426, -16920, -72045, 10524, 67203, -4062, -55124, 1538, 40515, -2799, -27927, 5746, 21910, -9623, -21890, 22067, 22769, -19672, -28462, 14170, 33439, -8280, -34167, 4700, 31576, -2469, -28132, 1772, 26800, -881, -26828, -8015, 30328, 16749, -29322, -28399, 25163, 39266, -18480, -44580, 9297, 41761, -2510, -29901, -903, 10760, 3456, 23770, -4611, -57783, 12511, 93240, -28501, -127284, 49499, 160410, -66333, -187726, 73665, 204167, -60043, -200072, 26637, 163234, 15341, -110023, -59159, 45499, 92496, 20640, -105624, -73866, 96545, 104918, -72413, -109605, 45573, 91355, -27636, -55157, 33571, 31593, -43732, -19081, 56318, 22592, -58705, -38064, 44568, 57254, -12806, -65931, -30810, 57685, 69635, -27366, -67773, 1249, 76030, 24459, -65844, -41363, 41884, 42885, -13422, -29004, -8507, 6047, 17478, 18190, -11505, -30738, -5290, 36710, 13964, -33076, -18137, 24328, 13929, -15104, -3403, 12387, -10487, -17691, 22435, 28285, -27243
1791219430.208, MrmFullScanInfo, 495, 107, 2039605, 0, 0, 0, 0, 10000, 39297, 32, 2, 2, 1, 480, 0, 0, 0, 0, 0, 0, 167875, -228863, -311480, 480080, 361011, -536824, -379848, 349982, 435751, -32732, -509731, -254330, 510634, 430435, -376159, -520576, 139063, 578243, 106912, -566388, -281041, 392362, 335878, -50182, -261042, -332510, 94751, 605738, 75246, -721100, -173175, 712609, 188326, -646644, -156366, 581460, 131816, -550190, -151314, 552794, 215849, -537619, -303552, 420826, 401526, -176160, -489675, -117820, 502517, 356956, -370388, -510991, 112224, 603526, 161588, -632621, -351559, 557510, 447987, -362121, -481876, 108139, 423845, 103420, -217148, -197013, -106505, 150303, 391484, 12509, -466500, -223012, 286542, 364331, 45985, -331602, -366041, 121221, 546136, 157923, -524622, -393126, 316267, 544103, -17855, -588045, -254966, 481633, 444741, -224333, -535721, -94831, 497245, 365462, -311057, -534297, 39234, 584461, 190238, -499083, -271553, 291428, 177473, -41603, 36194, -128556, -264915, 136176, 408398, 3303, -408376, -193007, 266247, 322814, -42151, -326092, -172480, 202244, 299395, -11230, -306759, -160568, 216142, 241557, -88410, -199943, -3977, 50396, 7874, 151829, 81992, -330730, -221216, 420855, 353072, -394527, -449106, 273928, 514087, -142012, -553283, 83546, 556680, -95244, -521355, 84352, 458929, 25740, -368024, -214992, 231601, 407487, -54594, -534007, -110574, 571368, 196756, -539405, -177867, 477632, 92365, -424645, -13377, 404152, -2130, -415570, -63469, 427411, 187338, -391843, -325455, 286426, 435149, -131644, -484239, -32596, 456631, 173217, -359553, -264041, 223344, 283095, -90982, -231777, 1730, 140787, 25914, -55706, -3562, 13456, -33654, -23763, 47794, 65940, -19941, -102970, -39913, 104207, 100876, -62178, -131233, -4913, 119690, 67890, -77681, -103249, 26042, 101778, 16868, -69122, -38785, 22665, 35226, 14393, -14111, -25719, -7593, 10895, 14033, 17449, 904, -42455, -30954, 49907, 61954, -32893, -79796, -4063, 76572, 45680, -53802, -75137, 21430, 83357, 7215, -72059, -22286, 50497, 21554, -29513, -9831, 16394, -4391, -12748, 13218, 15240, -13083, -17792, 5944, 14894, 5148, -5713, -18173, -5517, 29976, 14426, -36497, -20209, 36894, 23957, -34695, -26472, 33165, 28891, -32650, -32258, 32089, 35812, -30433, -37339, 26581, 35526, -19820, -30769, 11164, 23751, -3495, -14844, -623, 5299, 706, 2554, 1469, -6502, -3116, 5905, 2378, -2185, 534, -2283, -3655, 6106, 4589, -9782, -2168, 15003, -2607, -23031, 8776, 33268, -15595, -42982, 20087, 49318, -17445, -51164, 6010, 48371, 9889, -40817, -24023, 29273, 32412, -16180, -34930, 5189, 33808, 1087, -30855, -3317, 26495, 5114, -20925, -9666, 14981, 16895, -9283, -24064, 3875, 28007, 271, -27041, -1399, 21331, -678, -12434, 3579, 2478, -4395, 7213, 1902, -16661, 3957, 26766, -12493, -38186, 22554, 49731, -32331, -58619, 39079, 62872, -40242, -62658, 35568, 58842, -27571, -51510, 19603, 41238, -14055, -30233, 12428, 21287, -15007, -16116, 19866, 15203, -23559, -18158, 23872, 23319, -21257, -27895, 17377, 29807, -13590, -29035, 10102, 27463, -6070, -27280, 442, 29171, 7302, -31804, -16774, 32962, 26456, -31067, -33555, 25858, 34858, -18106, -27483, 8675, 9887, 2647, 16905, -17329, -49012, 37055, 81394, -61972, -110350, 89359, 134269, -113350, -152450, 125987, 162919, -119773, -161979, 91050, 146343, -42660, -115635, -15865, 73098, 71053, -24691, -110034, -21796, 125235, 58112, -117076, -77291, 93819, 76441, -67716, -59022, 49329, 34328, -43027, -13636, 45934, 5414, -50302, -12283, 47224, 30142, -30784, -49634, 2492, 60345, 29511, -55887, -56121, 37212, 71537, -11625, -73063, -11747, 60255, 25781, -36756, -27145, 10229, 16887, 10367, 452, -19153, -18784, 16343, 32453, -7355, -37804, -1084, 34496, 4309, -25881, -575, 17340, -9007
1791219430.208, MrmFullScanInfo, 495, 107, 2039605, 0, 0, 0, 0, 10000, 39297, 32, 4, 2, 1, 480, 0, 0, 0, 0, 0, 0, -35, 0, 28, -105, -11, 164, -71, -131, 169, 207, -423, -295, 893, 115, -1260, 292, 1179, -457, -703, 225, -300, 287, 1958, -868, -3667, 1225, 4330, -1181, -3713, 899, 2698, -631, -1553, 300, -229, 426, 2365, -1399, -3336, 1946, 2464, -1451, -866, 160, 136, 960, -594, -1087, 1211, 355, -923, 235, 30, 73, 358, -1523, 270, 3961, -1542, -6147, 2577, 6584, -2196, -5616, 401, 4492, 1202, -3351, -950, 1380, -787, 1785, 1980, -5136, -1195, 6767, -988, -5411, 2503, 2138, -2158, 549, 617, -796, 438, -2699, 472, 8938, -1863, -13880, -1818, 14732, 12791, -12636, -23028, 10971, 18481, -15225, 8715, 33928, -49013, -73488, 78280, 127414, -75812, -173290, 49670, 184632, -34970, -153457, 64477, 104636, -144161, -86628, 249034, 143398, -333700, -281012, 347365, 453756, -258076, -586978, 87976, 622895, 94588, -547732, -224062, 391832, 268811, -206538, -232259, 32303, 146082, 110032, -60840, -205286, 4623, 239959, 29451, -226094, -53195, 192073, 69908, -147235, -84996, 77765, 93819, 19486, -61565, -121064, -40004, 199073, 179642, -230618, -277255, 208168, 269477, -149524, -155580, 94054, -5953, -80109, 133622, 120907, -167481, -195144, 97600, 252494, 35904, -241808, -174502, 152887, 272364, -24699, -303573, -89139, 262153, 155773, -168638, -165806, 68337, 123691, -8040, -52958, 10681, -8066, -63828, 23743, 126760, 18103, -152423, -96921, 114328, 169041, -22843, -191236, -80494, 145594, 147504, -50363, -149621, -50089, 92474, 113495, -8618, -120823, -63083, 78471, 96018, -9731, -83392, -54456, 36782, 85852, 18528, -73528, -55059, 29342, 58858, 21499, -34453, -54634, -2816, 56624, 36568, -28353, -53817, -16890, 47463, 59046, -21542, -81292, -9756, 77979, 29632, -53682, -28374, 18616, 8501, 14369, 18633, -33446, -40783, 34074, 50379, -22499, -46028, 10330, 31962, -6474, -14205, 12028, -2053, -20982, 12883, 25818, -16612, -22745, 15783, 12866, -16253, -743, 22094, -7699, -32260, 7998, 41913, -726, -45981, -9167, 41744, 16959, -30147, -20787, 15621, 20085, -3803, -14317, -1464, 5148, -414, 3323, 6972, -6960, -13678, 4142, 15922, 3509, -11559, -12265, 2262, 18403, 7573, -20244, -13535, 18864, 13531, -16931, -7669, 16307, -1966, -16709, 11155, 16756, -15122, -15379, 11986, 11739, -4327, -5086, -3279, -4021, 7296, 13100, -7313, -19043, 5122, 20107, -2135, -16905, -1501, 11882, 5606, -7728, -9059, 6194, 11068, -7431, -11852, 10104, 12298, -13020, -13034, 15697, 13799, -17225, -13870, 15992, 12906, -11306, -10946, 4626, 8219, 1924, -5330, -6973, 3576, 9852, -4159, -10300, 6871, 8838, -10123, -6756, 12374, 5089, -13163, -3853, 12800, 2705, -11902, -1725, 11573, 1264, -12711, -1450, 14672, 2415, -15291, -4526, 12885, 7673, -7766, -10585, 1540, 11514, 3941, -9435, -7082, 4668, 6879, 1392, -3417, -6885, -1867, 10181, 6789, -10549, -9382, 8518, 8697, -5459, -5112, 2761, 146, -1265, 4242, 970, -6483, -981, 5880, 9, -2806, 2659, -1412, -6445, 5096, 9673, -7002, -10548, 6810, 7960, -4929, -1953, 2087, -5955, 898, 13179, -3112, -17370, 4012, 17742, -3784, -15059, 3102, 11031, -2306, -7430, 1153, 5364, 727, -4811, -3457, 4854, 7032, -4391, -11305, 2667, 15606, 396, -18810, -4095, 19533, 7628, -16872, -10659, 11423, 12900, -5280, -13650, 635, 12524, 1512, -10245, -1340, 8167, -212, -7303, 2235, 7258, -4013, -6612, 4751, 4693, -3794, -2472, 1395, 1350, 1347, -1680, -3526, 3015, 5095, -4720
1791219430.208, MrmDetectionListInfo, 495, 258, 108, 33000, 109, 53713, 110, 65535, 111, 65535, 112, 65535, 113, 65535, 114, 65535, 115, 65535, 116, 65535, 117, 65535, 118, 65535, 119, 65535, 120, 65535, 121, 65535, 122, 65535, 123, 65535, 124, 65535, 125, 65535, 126, 65535, 127, 65535, 128, 65535, 129, 65535, 130, 65535, 131, 65535, 132, 65535, 133, 65535, 134, 65535, 135, 65535, 136, 65535, 137, 65535, 138, 65535, 139, 65535, 140, 65535, 141, 65535, 142, 65535, 143, 65535, 144, 65535, 145, 65535, 146, 65535, 147, 65535, 148, 65535, 149, 65535, 150, 65535, 151, 65535, 152, 65535, 153, 65535, 154, 65535, 155, 64915, 156, 54477, 157, 60085, 158, 65535, 159, 65535, 160, 65535, 161, 65535, 162, 65535, 163, 65535, 164, 65535, 165, 65535, 166, 65535, 167, 65535, 168, 65535, 169, 50252, 170, 61718, 171, 65535, 172, 65535, 173, 65535, 174, 65535, 175, 65535, 176, 65535, 177, 65535, 178, 65535, 179, 65535, 180, 65535, 181, 65535, 182, 65535, 183, 65535, 184, 65535, 185, 65535, 186, 65535, 187, 65535, 188, 65535, 189, 65535, 190, 65535, 191, 43820, 192, 24523, 194, 22381, 195, 40833, 196, 63337, 197, 65535, 198, 65535, 199, 65535, 200, 65535, 201, 65535, 202, 65535, 203, 65535, 204, 65535, 205, 65535, 206, 65535, 207, 65535, 208, 65535, 209, 65535, 210, 65535, 211, 65535, 212, 65535, 213, 65535, 214, 65535, 215, 65535, 216, 65535, 217, 65535, 218, 56800, 219, 46891, 220, 50003, 221, 57540, 222, 58697, 223, 53568, 224, 49437, 225, 48732, 226, 46833, 227, 40850, 228, 34362, 229, 32107, 230, 33614, 231, 35302, 232, 36344, 233, 37796, 234, 38786, 235, 38006, 236, 37241, 237, 39851, 238, 45487, 239, 49594, 240, 49244, 241, 46640, 242, 45493, 243, 45315, 244, 41463, 245, 31133, 246, 17845, 249, 21555, 250, 33809, 251, 41316, 252, 42201, 253, 38804, 254, 34067, 255, 29109, 256, 23775, 257, 18242, 258, 13439, 261, 10387, 262, 13826, 263, 18382, 264, 21602, 265, 21736, 266, 19259, 267, 15961, 268, 13127, 269, 11158, 270, 10676, 271, 12730, 272, 17115, 273, 21627, 274, 23975, 275, 23938, 276, 23388, 277, 24270, 278, 26455, 279, 27920, 280, 27059, 281, 24137, 282, 20472, 283, 16915, 284, 13472, 285, 10058, 292, 9064, 293, 10642, 300, 11364, 301, 13530, 302, 15915, 303, 17180, 304, 16775, 305, 15220, 306, 13323, 307, 11548, 308, 10168, 309, 9784, 310, 11086, 311, 13684, 312, 15882, 313, 16182, 314, 14539, 315, 11870, 316, 8901, 317, 6012, 321, 7931, 322, 11008, 323, 12810, 324, 13061, 325, 12368, 326, 11350, 327, 10193, 328, 8937, 331, 7377, 332, 7750, 333, 8096, 334, 8420, 335, 8922, 336, 9676, 337, 10555, 338, 11419, 339, 12245, 340, 13092, 341, 13967, 342, 14776, 343, 15361, 344, 15563, 345, 15264, 346, 14398, 347, 12963, 348, 11042, 349, 8823, 350, 6652, 356, 7137, 357, 7444, 358, 7826, 359, 8360, 360, 8843, 361, 9092, 362, 9123, 363, 9052, 364, 8930, 365, 8716, 374, 7744, 375, 8415, 376, 8999, 377, 9389, 378, 9522, 379, 9375, 380, 8949, 381, 8246, 382, 7350, 383, 6613, 384, 6515, 385, 7049, 386, 7512, 394, 7578, 395, 8850, 396, 9618, 397, 9607, 398, 8784, 399, 7399, 400, 5744, 416, 8385, 417, 9006, 426, 8169, 427, 9951, 428, 10878, 430, 10718, 431, 9981
1791219430.333, MrmFullScanInfo, 496, 107, 2039730, 0, 0, 0, 0, 10000, 39297, 32, 1, 2, 1, 480, -419892, 491543, 417043, -482026, -449561, 447979, 504278, -371986, -519973, 111695, 520186, 335954, -495716, -498628, 374038, 517922, -116221, -520174, -170726, 519431, 317384, -513035, -475935, 481412, 520173, 512796, -204983, -520156, -397614, 501932, 351751, -503307, -435337, 507087, 287844, -517997, -291874, 518499, 233434, -517152, -306457, 516206, 435457, -505620, -516679, 372523, 520192, 107090, -519930, -495108, 442211, 519707, -153962, -520000, -245010, 519489, 469457, -503754, -515092, 394770, 520084, -162961, -520192, -195474, 516966, 327282, -122348, -212967, -501951, 18455, 519915, 395575, -480846, -513062, -49913, 511242, 506957, -235109, -520192, -390329, 512508, 519164, -299577, -520171, 4711, 519692, 312531, -506929, -503807, 356674, 520061, 82135, -520124, -476341, 450997, 519934, 3077, -519178, -323176, 501760, 448067, -339568, -421413, 61021, 120829, 110477, 228754, -97851, -448744, -96351, 476048, 351816, -312589, -437745, 30775, 385900, 216256, -232752, -347502, -14580, 317714, 231960, -170983, -297259, 15625, 262490, 107500, -169273, -145547, 29264, 64431, 70287, 40951, -83175, -116401, 39209, 154270, 25140, -107293, -60168, -3162, 36204, 89711, 50211, -145783, -149785, 149047, 246749, -108828, -303909, 55460, 334896, -10547, -365326, -26829, 393765, 92274, -417767, -183589, 427212, -8014, -465003, -126592, 413110, 245037, -298417, -288194, 142749, 242085, 14009, -127864, -112060, -6951, 122061, 111461, -74716, -89409, -18757, 43152, 85210, 59165, -90377, -165126, 27139, 233967, 71300, -234752, -156495, 166567, 196173, -64085, -176902, -45394, 114579, 89556, -21155, -77964, -45803, 24982, 70290, 31125, -56393, -53752, 20548, 45448, 10246, -20192, -13144, -8878, 36839, 35230, -10410, -27296, -10004, -4526, 9207, 33759, 21090, -40379, -65704, 16897, 97200, 32419, -99345, -55156, 87521, 94836, -53952, -104516, 7528, 85933, 23518, -47584, -31306, 5947, 18473, 19441, 5264, -18833, -24886, 24387, 35699, 3338, -28241, -33196, 6451, 47736, 20388, -40064, -42012, 22283, 48035, -3309, -35205, -5906, 13501, 12065, 10214, -5554, -30528, -6503, 41597, 13123, -40643, -14428, 35934, 8797, -32918, 1976, 32881, -12830, -32464, 23535, 27472, -27792, -28985, 28587, 26608, -23826, -18546, 18905, 9813, -14948, -1596, 11458, -3085, -6066, 4657, 919, -4909, 4892, 5765, -9338, -8567, 10512, 9827, -5300, -8032, -2278, 3518, 10104, 6034, -14037, -16214, 5997, 10351, -1642, -12740, -3529, 14608, 7795, -13244, -9324, 12217, 8360, -11914, -5965, 14961, 4563, -18103, 1442, 12664, -1850, -14955, -252, 13713, 3875, -10712, -10511, 8131, 15242, -6642, -18377, 6477, 20932, -8925, -16003, 16037, 23284, -18225, -28369, 19777, 30333, -20896, -25952, 23030, 15507, -26591, -2571, 32590, -9465, -40913, 8281, 43223, -12507, -46547, 12122, 45683, -8627, -40099, 7233, 30419, -5923, -21139, 7032, 14423, -7271, -11330, 7904, 11064, -5446, -15258, 1296, 19488, 2389, -21565, -5573, 21866, 7796, -22927, -8865, 25039, 9995, -28899, -19137, 36300, 23823, -38847, -29894, 36867, 33585, -31685, -34847, 23694, 30611, -17668, -20446, 11930, 6745, -7174, 38597, 4135, -68551, 2609, 99972, -12604, -130838, 26599, 160963, -33489, -185089, 33231, 198296, -16309, -188553, -16606, 145265, 64651, -90275, -94111, 26576, 110357, 32582, -107061, -77274, 84132, 97386, -52305, -93804, 24359, 74072, -8310, -60493, 13113, 40921, -27547, -34676, 43849, 42333, -48343, -61386, 35118, 77641, -4021, -82717, -36003, 68821, 70709, -32200, -63761, 2769, 69192, 23042, -57852, -37901, 33981, 38127, -5748, -22937, -15144, -1265, 23445, 24512, -18742, -35071, -189, 39675, 10359, -36011, -17760, 26517, 18389, -16661, -13442, 11284, 4162, -12789, 3520, 18236, -8688
1791219430.333, MrmFullScanInfo, 496, 107, 2039730, 0, 0, 0, 0, 10000, 39297, 32, 2, 2, 1, 480, 0, 0, 0, 0, 0, 0, 167472, -228940, -310477, 480184, 359859, -536763, -378964, 349588, 435093, -31985, -508878, -255356, 509424, 431500, -375165, -521341, 139017, 578332, 106036, -565761, -280173, 391482, 335735, -49755, -261222, -332193, 94183, 605268, 77139, -721387, -175719, 713847, 190147, -648029, -156338, 581950, 129802, -549351, -148398, 550886, 213579, -534911, -302943, 417488, 402499, -172776, -491326, -120286, 503921, 357984, -371342, -510889, 113089, 602937, 160609, -632241, -350608, 558079, 447168, -364423, -481096, 112461, 423002, 97868, -216295, -191956, -107145, 147271, 391543, 13190, -465783, -221590, 285226, 360922, 47663, -326750, -367776, 116518, 547288, 160929, -524992, -394242, 316617, 543774, -18830, -586652, -253820, 479825, 444257, -223043, -536123, -95014, 498587, 364666, -313658, -533219, 44206, 585006, 181287, -504023, -258599, 302782, 164128, -58990, 44398, -108515, -265450, 118492, 403361, 14623, -401960, -197095, 262139, 321457, -42612, -322173, -166864, 198690, 289957, -9752, -295481, -161438, 203818, 251355, -72611, -239718, -32807, 148543, 71646, -28623, -42861, -64388, -22476, 97901, 80061, -75225, -93294, 27754, 50439, 4822, 31409, 5008, -118903, -60659, 180921, 144330, -201734, -231462, 184939, 304817, -144969, -360089, 93241, 402071, -48809, -435300, 31051, 454477, -30142, -449203, 7485, 413750, 57192, -344209, -133628, 238364, 174892, -106841, -155306, -20716, 86688, 105477, -7248, -120398, -43785, 68868, 45238, 13338, 3021, -77643, -84601, 90436, 169237, -48022, -222246, -26709, 219061, 99821, -158872, -141792, 67025, 137574, 18047, -91304, -65352, 24336, 66307, 34879, -34959, -64936, -3738, 61272, 28773, -34125, -31559, 370, 16936, 24079, 1612, -30093, -10550, 20422, 4100, -9515, 12898, 12651, -28149, -34569, 30456, 66717, -15668, -93742, -12664, 102716, 45543, -89126, -71202, 58011, 78862, -21377, -64937, -7422, 35856, 19762, -3752, -14884, -19816, -494, 27221, 16277, -16432, -24158, -6921, 20265, 30791, -5693, -44032, -13617, 42655, 28835, -29912, -32543, 12564, 22712, 2557, -3126, -11017, -19056, 12193, 36541, -8932, -44961, 5477, 44546, -5332, -38816, 10035, 31356, -18456, -24286, 27445, 18752, -33642, -15094, 35148, 12457, -31970, -9266, 25533, 4828, -17762, 75, 10162, -3894, -3479, 5570, -2107, -5385, 6626, 4594, -9741, -4263, 10467, 4528, -7759, -4521, 1652, 2895, 5840, 655, -11400, -4987, 12434, 8920, -8933, -12200, 3318, 14832, 1666, -16270, -4383, 16387, 4589, -15997, -2661, 15656, -681, -15038, 4035, 13873, -5649, -12648, 4426, 11931, -463, -11701, -5177, 11858, 10934, -12457, -15054, 13836, 16723, -16286, -16836, 19711, 17222, -23582, -18476, 27147, 18825, -29707, -15683, 30920, 7738, -31212, 3509, 31588, -14607, -32939, 22615, 35279, -26527, -37478, 26827, 37815, -24353, -34899, 20244, 28729, -15766, -20896, 12037, 13748, -9620, -9296, 8269, 8602, -7288, -11380, 6130, 16031, -4606, -20511, 2774, 23691, -882, -25833, -1136, 28277, 3743, -32333, -7163, 37822, 11071, -42673, -15043, 44391, 18715, -41879, -21036, 35737, 20278, -27315, -13245, 17364, -3370, -5194, 29625, -10269, -61061, 29020, 91988, -49565, -119413, 69206, 142578, -83875, -160577, 88139, 170106, -75876, -166433, 43813, 146781, 3907, -112267, -55565, 67224, 97196, -18171, -118724, -26689, 116990, 59338, -96308, -75280, 67006, 75131, -41504, -63328, 28781, 46414, -30255, -32183, 40041, 27756, -48626, -35737, 47124, 52245, -30885, -68055, 2907, 73197, 27918, -62446, -52674, 38576, 66134, -10368, -66005, -12898, 51996, 25123, -27834, -24343, 1129, 12720, 19227, 4644, -27218, -21961, 22802, 34514, -11286, -39436, -572, 36455, 8065, -28326, -9285, 19564, 4823
1791219430.333, MrmFullScanInfo, 496, 107, 2039730, 0, 0, 0, 0, 10000, 39297, 32, 4, 2, 1, 480, 0, 0, 0, 0, 0, 0, -413, -76, 1011, 35, -1151, 199, 854, -544, -611, 928, 731, -1227, -868, 1163, 416, -638, 572, -159, -1300, 801, 835, -822, 607, 91, -1615, 829, 1096, -962, 474, 75, -1453, 978, 1108, -1238, 35, 645, -1146, 252, 1683, -1077, -1423, 2102, 382, -3292, 989, 3798, -1923, -2899, 1932, 1138, -1333, 225, 867, -547, -841, -295, 1095, 2245, -1483, -4783, 1810, 6892, -1580, -7861, 760, 7275, 25, -5064, -303, 1848, 269, 1816, -444, -5377, 1233, 7545, -2227, -6832, 2249, 3800, -1308, -837, 664, -755, -845, 881, 1224, 229, -1235, -1760, 607, 2640, 1118, -2633, -3266, 2724, 3675, -3655, 652, 5930, -10750, -10361, 23071, 17383, -30506, -25896, 30566, 32148, -31280, -32770, 44668, 31062, -75387, -40005, 115986, 74605, -149665, -137155, 155791, 211028, -118859, -270448, 46525, 300016, 33775, -303138, -101571, 297568, 158691, -300835, -211947, 310349, 259006, -300888, -306886, 247437, 375250, -148822, -477359, 47999, 595095, 6081, -682376, -25349, 703149, 85009, -657175, -241644, 562918, 468637, -428733, -693988, 254814, 858702, -77400, -945123, -41664, 959648, 82780, -914391, -95884, 826340, 139124, -711585, -213820, 579398, 287839, -432663, -332241, 275131, 341617, -125894, -331338, 13480, 318871, 50654, -311027, -84272, 305144, 113023, -293936, -144193, 269045, 170214, -226027, -181144, 166428, 173822, -97647, -152254, 31139, 122007, 21988, -86449, -56010, 48233, 71921, -11480, -73978, -19308, 66683, 41242, -55857, -53200, 46597, 55493, -38122, -50570, 24522, 42135, -2792, -31363, -22032, 15745, 41423, 6888, -48554, -34437, 43107, 59711, -30153, -74361, 14569, 75018, 1275, -65400, -14570, 52216, 20654, -40770, -17403, 34214, 7912, -33553, 2297, 38552, -8441, -47182, 7135, 55032, 3335, -56636, -20937, 48414, 38859, -31201, -49522, 9754, 49218, 9306, -40802, -19510, 30942, 17473, -24450, -5799, 21851, -7789, -21485, 15808, 21529, -15524, -19624, 8889, 13615, -282, -3433, -6540, -8504, 9864, 19133, -9644, -26534, 6830, 30044, -3022, -29447, 82, 25288, 1053, -19057, -718, 12630, -49, -7276, 385, 2967, -162, 1274, 127, -6002, -1600, 10411, 5736, -12572, -12530, 10705, 20399, -6222, -27493, 2988, 32434, -2603, -34371, 2179, 33160, 1849, -29178, -9219, 23227, 17409, -15856, -24208, 7394, 29176, 588, -32862, -5953, 34899, 8808, -33828, -12137, 28700, 18425, -20034, -26637, 9270, 33747, 1777, -37212, -9873, 36254, 12110, -31606, -9452, 25253, 6709, -19648, -7726, 15685, 11907, -11802, -16433, 5584, 18812, 3891, -18687, -14558, 17168, 22541, -14573, -25378, 10088, 23769, -3741, -19953, -2423, 15554, 6207, -11483, -6775, 8494, 4317, -6912, 385, 6262, -5775, -5768, 9898, 5120, -11802, -4287, 12183, 3011, -12199, -1058, 12364, -1363, -12347, 3743, 11303, -5706, -8290, 7145, 2897, -8019, 4125, 8406, -10834, -8611, 15079, 8923, -15496, -9281, 13038, 9151, -10306, -8004, 8987, 6573, -8661, -7085, 8389, 11536, -8316, -19783, 8722, 29471, -9075, -37440, 8087, 42011, -4954, -43014, 440, 39867, 3767, -31275, -6412, 17379, 6944, -988, -5171, -13999, 1582, 24485, 1377, -29102, -530, 28011, -4709, -22592, 11391, 15227, -16093, -8296, 17798, 3138, -17060, 279, 14732, -2744, -11389, 5115, 7509, -7734, -3759, 10223, 1083, -11901, -137, 12491, 701, -12329, -1882, 11947, 2847, -11766, -3036, 11608, 2289, -10651, -1186, 8274, 774, -4707, -1552, 581, 3006, 3818, -4114, -8375, 4051, 12734
1791219430.333, MrmDetectionListInfo, 496, 291, 117, 33161, 119, 40225, 120, 47674, 121, 58493, 122, 65535, 123, 65535, 124, 65535, 125, 65535, 126, 65535, 127, 65535, 128, 65535, 129, 65535, 130, 65535, 131, 65535, 132, 65535, 133, 65535, 134, 65535, 135, 65535, 136, 65535, 137, 65535, 138, 65535, 139, 65535, 140, 65535, 141, 65535, 142, 65535, 143, 65535, 144, 65535, 145, 65535, 146, 65535, 147, 65535, 148, 65535, 149, 65535, 150, 65535, 151, 65535, 152, 65535, 153, 65535, 154, 65535, 155, 65535, 156, 65535, 157, 65535, 158, 65535, 159, 65535, 160, 65535, 161, 65535, 162, 65535, 163, 65535, 164, 65535, 165, 65535, 166, 65535, 167, 65535, 168, 65535, 169, 65535, 170, 65535, 171, 65535, 172, 65535, 173, 65535, 174, 65535, 175, 65535, 176, 65535, 177, 65535, 178, 65535, 179, 65535, 180, 65535, 181, 65535, 182, 65535, 183, 65535, 184, 65535, 185, 65535, 186, 65535, 187, 65535, 188, 65535, 189, 65535, 190, 65535, 191, 65535, 192, 65535, 193, 65535, 194, 65535, 195, 65535, 196, 65535, 197, 65535, 198, 65535, 199, 65535, 200, 65535, 201, 60280, 202, 59780, 203, 60064, 204, 56917, 205, 49861, 206, 42848, 207, 40674, 208, 44135, 209, 49549, 210, 52864, 211, 53033, 212, 51546, 213, 49856, 214, 47909, 215, 44751, 216, 39804, 217, 33260, 218, 26028, 220, 18710, 221, 21435, 222, 25341, 223, 27660, 224, 29334, 225, 33458, 226, 40579, 227, 47383, 228, 50476, 229, 49685, 230, 47019, 231, 43823, 232, 40161, 233, 36580, 234, 34681, 235, 34913, 236, 35295, 237, 33604, 238, 29814, 239, 25600, 240, 22291, 241, 20113, 242, 19030, 243, 19488, 244, 21934, 245, 25672, 246, 28905, 247, 30355, 248, 30464, 249, 31010, 250, 33449, 251, 37231, 252, 40083, 253, 40194, 254, 37592, 255, 33573, 256, 29722, 257, 27337, 258, 26771, 259, 27168, 260, 27014, 261, 25138, 262, 21512, 263, 17236, 264, 13959, 265, 13021, 266, 14486, 267, 17053, 268, 19016, 269, 19302, 270, 17848, 271, 15182, 272, 11761, 273, 7881, 277, 9120, 278, 13253, 279, 15817, 280, 16958, 281, 17465, 282, 17675, 283, 17388, 284, 16430, 285, 14992, 286, 13489, 287, 12208, 288, 11045, 289, 9643, 290, 7863, 302, 9434, 303, 11138, 304, 12732, 305, 14009, 306, 14876, 307, 15485, 308, 16097, 309, 16846, 310, 17649, 311, 18263, 312, 18437, 313, 18083, 314, 17385, 315, 16817, 316, 16896, 317, 17642, 318, 18467, 319, 18759, 320, 18401, 321, 17682, 322, 16913, 323, 16349, 324, 16448, 325, 17721, 326, 19910, 327, 21825, 328, 22513, 329, 22180, 330, 21691, 331, 21528, 332, 21493, 333, 21190, 334, 20519, 335, 19720, 336, 19197, 337, 19495, 338, 21005, 339, 23140, 340, 24323, 341, 23441, 342, 20905, 343, 18012, 344, 15680, 345, 14056, 346, 12995, 347, 12473, 348, 12482, 349, 12789, 350, 12939, 351, 12590, 352, 11869, 353, 11393, 354, 11915, 355, 13797, 356, 16504, 357, 18817, 358, 19827, 359, 19540, 360, 18453, 361, 16862, 362, 14806, 363, 12533, 364, 10650, 365, 9660, 367, 9558, 368, 9170, 375, 5746, 376, 7340, 377, 8227, 378, 8330, 379, 8140, 380, 8010, 381, 7879, 382, 7559, 383, 7062, 384, 6645, 385, 6582, 386, 6925, 389, 8068, 390, 7787, 391, 7122, 392, 6208, 394, 5377, 395, 6370, 396, 8167, 397, 10094, 398, 11516, 399, 12216, 400, 12357, 401, 12164, 402, 11710, 403, 11002, 404, 10123, 405, 9238, 411, 8969, 412, 10464, 413, 12483, 414, 14887, 415, 17457, 416, 19927, 417, 22027, 418, 23534, 419, 24319, 420, 24355, 421, 23692, 422, 22482, 423, 21107, 424, 20010, 425, 19100, 426, 17623, 427, 14909, 428, 11031, 433, 12026, 434, 14300, 435, 14832, 436, 14759, 437, 14845, 438, 15100, 439, 15275, 440, 15247, 441, 14991, 442, 14455
1791219430.458, MrmFullScanInfo, 497, 107, 2039855, 0, 0, 0, 0, 10000, 39297, 32, 1, 2, 1, 480, -422184, 493850, 419668, -481701, -452061, 445812, 505498, -371512, -519978, 113541, 520174, 332112, -497502, -499202, 374705, 517033, -115659, -520164, -170275, 519508, 325421, -512463, -478202, 480502, 520139, 512145, -201555, -520185, -400476, 502278, 349018, -501972, -435698, 505382, 283108, -518278, -297440, 517987, 234721, -517629, -300156, 516980, 438503, -506875, -516376, 372436, 520192, 99161, -520054, -494618, 444443, 519531, -146777, -520192, -244232, 519555, 467644, -503322, -516241, 393505, 519976, -158160, -520186, -202292, 516584, 357280, -113163, -244781, -511165, 25483, 519821, 399237, -480794, -514731, -46617, 513980, 508253, -244288, -520166, -386950, 514425, 518938, -304460, -520184, -4413, 519806, 315180, -505511, -504528, 353418, 520100, 84485, -520115, -477680, 449336, 519941, 9461, -518897, -322901, 502946, 442780, -348272, -415048, 72157, 118190, 96837, 227709, -83715, -442753, -106735, 467083, 354960, -304774, -447413, 27364, 393198, 219963, -235517, -351398, -14720, 321791, 234643, -176569, -301205, 22453, 267566, 99012, -174193, -143758, 40013, 62438, 57047, 41179, -68849, -115180, 24064, 147698, 40034, -99718, -77342, -5978, 60548, 81305, 10038, -92449, -99504, 55760, 152715, 23272, -135396, -103977, 71576, 133421, 7468, -110137, -73304, 73189, 99627, -49998, -76232, 43505, -33768, -121950, 87878, 252258, -111500, -380798, 97868, 462052, -43295, -473419, -7146, 424485, 26748, -317360, -13484, 96355, -126137, -33541, 140176, 19776, -143924, -45163, 112371, 101529, -39565, -146356, -60346, 145237, 165809, -92613, -240892, -33416, 278451, 141175, -237200, -212821, 156472, 216131, -60334, -154542, -14117, 61365, 38747, 28351, -14707, -81646, -27931, 109969, 63798, -65627, -86270, 497, 72824, 54764, -26302, -79121, -26100, 64257, 61542, -21698, -70278, -19251, 49652, 9166, -33742, -18610, 144, 5493, 22404, 22555, -27122, -45895, 14972, 45792, 4715, -25681, -16920, -934, 12971, 8775, -10703, -19941, -287, 10923, 11362, 10968, -10913, -30966, -3295, 41718, 23286, -37134, -34715, 17994, 31199, 3913, -15268, -17805, -7518, 19917, 31940, -9659, -45532, -8010, 45876, 21310, -34615, -19436, 18020, -1302, -4759, 24639, 5307, -50079, -10040, 71263, 20788, -79193, -30932, 72590, 36466, -55316, -30815, 34829, 17839, -15645, -1611, 8036, -13502, -7096, 21779, 11089, -21576, -12041, 12981, 8543, 444, -103, -10270, -9115, 17865, 16084, -22756, -17962, 31587, 20473, -31494, -20760, 33143, 20627, -35355, -20327, 35686, 23408, -34678, -26914, 31349, 29373, -23508, -19928, 21796, 18909, -11240, -14841, 158, 7581, 8942, -3636, -11850, 2679, 10988, -3790, -8613, 7848, 5500, -29403, 874, 35546, -4472, -38645, 7972, 37150, -15768, -30111, 27200, 20629, -40759, -13194, 53709, 8161, -63269, 4810, 66190, -5993, -64853, 4287, 58469, -3998, -46658, 6893, 33659, -10703, -23607, 13068, 17918, -13890, -15250, 20429, 10388, -17610, -15640, 15522, 19580, -14095, -20338, 15034, 18635, -16410, -18551, 16762, 20222, -13400, -24532, 2684, 31799, 11965, -34217, -27391, 32275, 39638, -25165, -44175, 14135, 37844, -2777, -19162, -4840, -8321, 7626, 32129, -14450, -73970, 21957, 115801, -26702, -152204, 29101, 180758, -23756, -195413, 11547, 194396, 12995, -173796, -45509, 137201, 78148, -83163, -109931, 21749, 128108, 34859, -126624, -80127, 109107, 104710, -83231, -111636, 55623, 101376, -35407, -68562, 36326, 57729, -41140, -54732, 45556, 61644, -39968, -73372, 21442, 82183, 10197, -80444, -47137, 63440, 78553, -37208, -70208, 11194, 75331, 12725, -66580, -27285, 46431, 29091, -23948, -18723, 4966, 2875, 4469, 14767, -4152, -29855, -10567, 30951, 16248, -26131, -17451, 17455, 11480, -9927, -820, 7873, -12124, -12095, 23061, 21250, -28678
1791219430.458, MrmFullScanInfo, 497, 107, 2039855, 0, 0, 0, 0, 10000, 39297, 32, 2, 2, 1, 480, 0, 0, 0, 0, 0, 0, 168332, -229020, -312162, 480340, 361609, -537324, -380045, 350833, 435372, -33643, -508718, -253907, 509231, 430668, -374650, -521177, 137411, 578816, 108856, -566747, -282957, 392487, 336760, -50091, -260258, -332730, 92571, 605972, 77808, -721272, -175293, 712733, 189831, -646794, -156688, 581511, 130136, -549744, -147987, 551582, 212777, -535985, -302290, 419478, 401956, -175594, -490448, -117732, 502374, 356901, -369566, -511281, 111993, 603712, 160683, -632095, -350402, 556166, 447556, -359105, -482273, 100571, 424809, 117552, -218832, -214591, -104152, 164284, 389632, 6543, -466593, -223547, 288625, 367015, 43569, -333329, -365186, 121505, 546783, 158255, -525160, -393623, 315704, 544371, -16670, -587172, -256124, 479232, 445903, -221368, -536506, -97026, 497345, 366510, -311621, -535188, 43626, 587994, 178433, -509030, -252543, 310516, 157253, -69469, 49150, -96394, -266197, 106377, 400262, 25713, -397090, -206761, 257845, 329020, -39636, -326677, -169561, 199961, 293859, -8620, -301464, -163731, 211470, 254246, -80431, -244054, -26186, 155861, 66455, -39607, -38801, -50451, -25110, 82068, 80981, -57704, -94047, 7276, 57345, 29894, 6205, -26043, -60732, -18864, 77993, 77944, -49692, -116384, -9430, 112783, 70519, -68762, -109239, 6324, 118579, 40118, -109305, -41218, 103791, -8912, -126374, 89719, 188748, -167662, -278449, 214288, 364428, -217191, -413283, 183892, 397896, -139491, -309898, 108606, 174265, -99121, -44699, 102834, -28007, -106065, 27719, 97338, 26566, -65638, -97037, 4838, 143935, 80778, -140731, -173935, 84687, 247554, 2867, -275132, -87712, 244791, 139008, -167715, -140863, 73797, 97115, 2485, -26619, -39025, -44167, 34195, 89021, -2353, -92093, -35341, 56178, 58607, -1395, -55362, -46373, 27172, 68007, 12249, -60846, -45215, 37017, 58455, -12143, -48511, -3678, 22315, 6598, 7393, 2623, -28046, -17302, 32631, 27565, -22306, -27179, 4848, 17070, 10160, -3320, -16214, -6722, 12179, 7721, -2083, 1548, -6712, -17175, 7899, 31834, -535, -38082, -10492, 32086, 17971, -15937, -16450, -3362, 4753, 17699, 13548, -21865, -31659, 16127, 42561, -6390, -42022, 815, 30699, -5001, -13955, 19607, -1071, -40857, 9294, 62237, -9394, -76596, 3412, 79000, 4390, -68669, -9447, 49280, 8877, -27406, -2513, 9667, -7246, 238, 16306, -2703, -20370, 996, 17033, 1063, -7084, -1031, -6079, -1354, 18867, 4724, -29002, -7458, 35562, 8879, -38777, -9258, 39785, 9250, -39943, -9668, 39864, 11210, -39173, -13387, 37122, 14735, -32931, -14370, 26071, 12742, -16613, -10861, 5782, 9309, 3894, -8354, -9881, 8114, 11154, -9663, -8060, 14539, 1385, -22285, 7435, 29699, -16191, -33167, 23422, 31050, -29565, -23574, 36002, 12498, -43529, 80, 51411, -12331, -57563, 22163, 60074, -27405, -58339, 27547, 52654, -24543, -43607, 20998, 32551, -18406, -21797, 17381, 13301, -17923, -7902, 19205, 5927, -20101, -7301, 20362, 10627, -20622, -13475, 21177, 14505, -21544, -14494, 20608, 15668, -17037, -19882, 9994, 27001, 288, -34573, -12311, 39138, 23455, -38053, -30261, 30598, 29271, -18132, -18747, 3002, -986, 13155, 28606, -30146, -62090, 48091, 98022, -65413, -131592, 78497, 158288, -82787, -174751, 74267, 178900, -51086, -169607, 14590, 146526, 30568, -110849, -76887, 66184, 115190, -18406, -137391, -25686, 139904, 59896, -125058, -79168, 100239, 81646, -74949, -70989, 57047, 55772, -49421, -45030, 48832, 43715, -47972, -51661, 39334, 64273, -18972, -74639, -9959, 76358, 38935, -66048, -60255, 45328, 70775, -20506, -70225, -733, 58969, 13034, -39604, -14776, 17571, 7430, 309, 5481, -9073, -19228, 8372, 28985, -2321, -31594, -3386, 27129, 4639, -18720, 48, 10902, -9613
1791219430.458, MrmFullScanInfo, 497, 107, 2039855, 0, 0, 0, 0, 10000, 39297, 32, 4, 2, 1, 480, 0, 0, 0, 0, 0, 0, 697, -112, -1285, 177, 1292, -478, -733, 1003, 17, -1255, 484, 939, -580, -358, 723, -97, -1412, 426, 2323, -663, -2428, 652, 1154, -250, 536, -269, -1440, 383, 1094, 93, -323, -680, 225, 716, -338, -196, -230, -229, 1244, 179, -1491, -184, 853, 710, -172, -1400, 183, 1485, -892, -646, 1334, -334, -769, 575, -276, 96, 624, -1261, -103, 3811, -644, -9471, 1369, 16579, -2285, -19488, 2883, 14699, -1882, -5708, -714, -1408, 3091, 4241, -3481, -3987, 1744, 2644, 178, -1334, -435, 248, -797, 388, 1843, -109, -1811, -825, 1231, 1484, -241, -1455, -830, 1148, 812, -1326, 1681, 2925, -6419, -6355, 10827, 11001, -11666, -15211, 7670, 16705, -361, -14599, -7755, 10312, 15199, -5060, -22346, -2869, 30527, 16318, -39352, -34879, 44782, 54677, -40973, -71480, 27231, 84169, -8822, -94921, -10427, 107621, 32718, -124434, -59781, 140377, 88124, -143654, -116525, 124935, 148818, -86234, -185761, 47715, 215226, -31304, -217227, 35714, 181600, -37513, -116207, 22060, 37571, -4039, 39347, 7748, -101667, -41748, 143711, 84864, -167115, -100086, 175095, 65094, -174881, 13864, 184398, -115051, -224860, 216355, 300560, -294634, -391525, 326936, 454702, -305832, -447525, 240890, 361089, -149449, -229870, 53161, 103836, 22437, -13974, -57282, -29995, 55714, 31595, -43996, -5089, 52300, -25795, -95682, 35822, 164167, -10865, -226933, -43778, 249776, 105004, -215770, -142554, 135453, 135466, -41616, -83631, -30880, 8087, 62335, 58691, -51946, -88287, 13981, 70420, 26610, -17475, -42644, -42294, 20275, 78758, 32198, -77226, -90255, 43566, 127100, 4654, -126576, -48869, 89363, 73924, -31084, -70740, -24773, 42809, 58024, -5589, -60875, -23697, 40033, 35303, -11258, -28708, -9843, 10364, 14994, 8830, -5034, -17681, -11913, 11584, 24913, 4743, -26094, -21557, 15058, 30537, 1672, -28402, -15597, 17580, 21131, -4795, -17348, -2452, 7764, 866, 1026, 6465, -2846, -12881, -3776, 12469, 14838, -2480, -24287, -15933, 27807, 37765, -23828, -55570, 13416, 63063, -438, -58077, -9781, 43561, 13013, -25971, -8215, 11929, -1911, -4934, 12221, 4062, -17697, -5246, 16100, 4193, -9011, 955, 578, -9112, 5971, 17125, -10002, -21238, 12092, 19340, -12761, -12515, 13004, 4321, -14443, 1602, 17610, -3247, -21107, 1252, 22887, 1942, -21552, -4183, 16893, 4800, -9782, -4073, 1986, 2358, 4276, -283, -7559, -1226, 7952, 600, -6490, 3434, 3995, -9961, -1066, 15906, -1513, -18599, 3345, 17894, -4972, -15408, 7237, 13185, -10222, -11726, 13127, 9936, -14621, -7115, 13774, 4059, -10736, -1729, 6513, -168, -2365, 2209, -750, -4293, 2453, 5974, -3256, -6968, 4088, 7371, -5318, -7662, 6627, 8614, -7805, -10719, 9073, 13612, -10446, -16209, 11440, 17487, -11404, -16862, 10040, 14119, -7459, -9442, 4156, 3764, -1096, 1294, -323, -4116, -1011, 3526, 5044, -665, -10341, -1776, 14803, 2995, -16935, -5165, 16085, 10154, -11436, -16255, 2087, 19926, 11647, -18570, -27247, 12881, 39925, -6065, -45092, 797, 41969, 2186, -34040, -3098, 25876, 2348, -20408, -1217, 18740, 1639, -20218, -3978, 22604, 7027, -23055, -10254, 19947, 14541, -13743, -19825, 6071, 23631, 1437, -23450, -7399, 18870, 10779, -12289, -11063, 7318, 8486, -6035, -4375, 7782, 976, -10497, -337, 12569, 2996, -12909, -7705, 10819, 12236, -6732, -14613, 2110, 14069, 1825, -11144, -4809, 7000, 6929, -2509, -8000, -1861, 8029, 5799, -7324, -9025
1791219430.458, MrmDetectionListInfo, 497, 258, 129, 52848, 130, 53531, 131, 52632, 132, 50951, 133, 50064, 134, 51865, 135, 57451, 136, 65535, 137, 65535, 138, 65535, 139, 65535, 140, 65535, 141, 65535, 142, 65535, 143, 65535, 144, 65535, 145, 65535, 146, 65535, 147, 65535, 148, 65535, 149, 65535, 150, 65535, 151, 65535, 152, 65535, 153, 65535, 154, 65535, 155, 65535, 156, 43111, 157, 23100, 160, 42300, 161, 65535, 162, 65535, 163, 65535, 164, 65535, 165, 65535, 166, 65535, 167, 65535, 168, 65535, 169, 65535, 170, 65535, 171, 65535, 172, 65535, 173, 65535, 174, 65535, 175, 65535, 176, 65535, 177, 65535, 178, 65535, 179, 65535, 180, 65535, 181, 65535, 182, 65535, 183, 65535, 184, 65535, 185, 65535, 186, 65535, 187, 54124, 188, 30471, 190, 32230, 191, 44051, 192, 48477, 193, 41929, 194, 30854, 195, 25602, 196, 32658, 197, 50304, 198, 65535, 199, 65535, 200, 65535, 201, 65535, 202, 65535, 203, 65535, 204, 65535, 205, 65535, 206, 65535, 207, 65535, 208, 65535, 209, 65535, 210, 65535, 211, 47183, 212, 32540, 214, 41373, 215, 58202, 216, 65535, 217, 63649, 218, 49411, 219, 36575, 220, 30635, 221, 30076, 222, 32812, 223, 37988, 224, 44659, 225, 52185, 226, 60556, 227, 65535, 228, 65535, 229, 65535, 230, 65535, 231, 65535, 232, 65535, 233, 65535, 234, 65535, 235, 65535, 236, 52985, 237, 41247, 238, 38058, 239, 40062, 240, 40623, 241, 37480, 242, 34305, 243, 34164, 244, 34452, 245, 30670, 246, 22854, 247, 15506, 250, 11208, 254, 14014, 255, 16177, 256, 16823, 257, 16998, 258, 18338, 259, 20613, 260, 21565, 261, 19791, 262, 16983, 263, 16192, 264, 17807, 265, 18822, 266, 16647, 267, 12147, 268, 8129, 275, 8903, 276, 10078, 277, 10490, 278, 11210, 279, 13030, 280, 16705, 281, 22338, 282, 28668, 283, 33839, 284, 36768, 285, 37497, 286, 36488, 287, 34170, 288, 31449, 289, 29638, 290, 28826, 291, 27254, 292, 23305, 293, 17384, 300, 11887, 301, 11480, 302, 9904, 308, 10068, 309, 14132, 310, 16140, 311, 16446, 312, 16097, 313, 15464, 314, 14250, 315, 12330, 316, 10186, 317, 8613, 318, 8165, 319, 8844, 320, 10176, 321, 11464, 322, 12132, 323, 12145, 324, 11985, 325, 12028, 326, 12093, 327, 11679, 328, 10482, 329, 8619, 342, 5409, 343, 6542, 344, 7643, 345, 8718, 346, 9786, 347, 10671, 348, 11137, 349, 11134, 350, 10877, 351, 10676, 352, 10720, 353, 11007, 354, 11417, 355, 11802, 356, 12015, 357, 11920, 358, 11421, 359, 10506, 360, 9255, 361, 7796, 362, 6251, 375, 6125, 376, 6558, 377, 7017, 378, 7530, 379, 8157, 380, 8943, 381, 9885, 382, 10934, 383, 12011, 384, 13015, 385, 13834, 386, 14366, 387, 14531, 388, 14280, 389, 13595, 390, 12479, 391, 10958, 392, 9086, 393, 6952, 407, 10082, 408, 10679, 409, 11194, 410, 11764, 411, 12211, 412, 12185, 413, 11611, 414, 11297, 415, 12602, 416, 15886, 417, 19856, 418, 22852, 419, 24299, 420, 24671, 421, 24485, 422, 23774, 423, 22499, 424, 20952, 425, 19433, 426, 17853, 427, 15976, 428, 13885, 429, 11983, 430, 10648, 431, 10015, 432, 10041, 433, 10644, 434, 11716, 435, 13056, 436, 14376, 437, 15404, 438, 16001, 439, 16181, 440, 16052, 441, 15726, 442, 15256, 443, 14640, 444, 13913, 447, 13356, 449, 14239, 467, 10066, 468, 9231, 470, 7502
1791219430.583, MrmFullScanInfo, 498, 107, 2039980, 0, 0, 0, 0, 10000, 39297, 32, 1, 2, 1, 480, -419269, 491964, 416496, -482534, -450689, 446056, 505981, -369960, -520069, 110442, 520149, 337031, -497131, -498175, 373864, 518721, -118259, -520192, -171939, 519540, 320134, -512878, -475904, 481017, 520192, 512460, -194841, -520123, -396306, 502682, 349491, -501393, -436815, 506434, 287234, -518033, -297424, 518357, 233023, -517584, -307274, 517123, 440915, -505816, -515424, 374152, 520192, 103935, -520001, -495913, 442500, 519723, -148297, -520192, -241561, 519704, 470069, -502515, -516312, 390880, 519955, -158480, -520188, -203010, 516678, 333434, -127228, -213156, -501436, 15259, 519854, 396740, -479019, -513539, -55657, 513845, 508479, -239085, -520170, -391612, 512295, 519165, -303256, -520148, -123, 519918, 314798, -506427, -504567, 356789, 520180, 88941, -520153, -480248, 447580, 519951, 2644, -519376, -319246, 501997, 442269, -346861, -416316, 65411, 114616, 104906, 235425, -94921, -454442, -102312, 474137, 355248, -307934, -441391, 29425, 388566, 215878, -234791, -351739, -14312, 322263, 233716, -177499, -298754, 24290, 264433, 102557, -168084, -144590, 32189, 68886, 64359, 32000, -76169, -102099, 31037, 135480, 34348, -86864, -72865, -20463, 58859, 96637, 8208, -108515, -97365, 70740, 146859, 10019, -126117, -91605, 57481, 122277, 28050, -93448, -101897, 39761, 138397, 17760, -125244, -66941, 94448, 71059, -74586, -46259, 65342, 17658, -72350, -11763, 98235, 30088, -107787, -61507, 84509, 85616, -35021, -71979, -96723, 11836, 181545, 98000, -225529, -225003, 212986, 339557, -150144, -398866, 70417, 393938, 26710, -321291, -104440, 226177, 161679, -70044, -187921, -74268, 182699, 160660, -161492, -202408, 137415, 218249, -123741, -221330, 118069, 215034, -104979, -144311, 189329, 160499, -140886, -166555, 79097, 144333, -18872, -109266, -22849, 67112, 39925, -27726, -41920, 5906, 36108, -29123, -39154, 27371, 46130, -22069, -64968, 8718, 80998, 20409, -86161, -63451, 74942, 106097, -43003, -130031, -4097, 143125, 6693, -129909, -48296, 87111, 74056, -30452, -78162, -17270, 58835, 48659, -28795, -60529, 4009, 53822, 9637, -34654, 5580, 25519, -15326, -19091, 28295, 23717, -34700, -28701, 32436, 31002, -25142, -19199, 15669, -4954, -9999, 28502, 9417, -58034, -20049, 83509, 38358, -91498, -52719, 84300, 62922, -64233, -59588, 38823, 46390, -13319, -26004, -3686, 6349, 6224, 10710, -424, -18909, -5844, 15786, 9744, -5266, -4716, -6784, -116, 15101, 5956, -22383, -20627, 21450, 28322, -18236, -33098, 15775, 33629, -11768, -31529, 8349, 31902, -4510, -26103, 5484, 23344, -8151, -17850, 6392, 9802, -2571, 622, -1270, -8378, 4506, 11184, -3555, -8523, 3778, 1843, 1249, 9968, -5882, -16886, 9660, 27607, -11420, -34005, 13150, 33612, -16331, -26606, 23537, 11644, -30712, -915, 40642, -7480, -49060, 12634, 50970, -17026, -50532, 18462, 44667, -19067, -34000, 20193, 22217, -24574, -14065, 22916, 7652, -20601, -3662, 13832, 6893, -7857, -14393, 921, 21066, 4426, -25596, -7489, 28151, 6349, -33219, -3633, 34801, -1210, -37187, -6934, 49528, 12210, -55249, -20865, 57814, 33020, -55285, -42382, 48013, 46207, -36710, -42685, 22377, 29869, -7539, 3590, 1312, -32664, 15415, 64319, -31723, -95187, 46869, 122840, -53343, -141319, 48456, 147218, -25597, -133138, -10118, 105150, 53546, -54416, -90206, -3500, 112561, 54842, -113965, -93115, 96991, 112208, -68779, -110499, 40148, 91483, -21377, -70209, 23496, 46941, -28030, -34737, 34125, 36710, -33246, -49183, 20630, 62314, 5544, -67874, -37986, 60534, 65863, -24780, -64809, 4298, 68922, 14524, -58723, -26176, 37311, 25851, -14872, -14161, -2427, -3313, 7793, 21326, -4207, -35865, -3521, 39788, 8607, -35667, -9844, 27188, 5598, -20086, 2282, 16768, -12418, -19030, 19249, 22868, -21594
1791219430.583, MrmFullScanInfo, 498, 107, 2039980, 0, 0, 0, 0, 10000, 39297, 32, 2, 2, 1, 480, 0, 0, 0, 0, 0, 0, 167603, -228697, -311057, 479481, 360948, -535670, -380273, 348473, 436274, -31204, -509822, -255689, 510129, 431519, -375419, -521311, 138561, 578473, 107061, -566107, -280565, 391680, 334303, -49224, -258476, -333407, 91907, 606194, 77917, -721218, -175925, 712938, 191026, -647437, -158010, 582293, 131743, -550466, -150195, 552365, 215019, -536571, -303638, 419144, 402307, -174060, -490403, -119788, 502601, 358364, -370218, -511604, 112593, 603042, 160741, -630964, -351128, 555088, 448418, -359781, -483275, 107050, 426171, 102137, -219700, -193402, -104832, 146055, 390621, 15617, -465097, -224360, 283951, 363864, 49021, -329326, -368663, 117966, 547769, 160689, -524957, -394714, 315685, 544577, -17179, -587105, -255464, 478850, 445448, -220265, -536820, -98590, 499089, 367414, -314712, -534601, 46756, 585858, 176708, -505461, -252083, 305033, 156359, -61536, 52012, -105918, -270951, 115471, 405480, 18537, -401321, -201613, 260488, 325579, -40846, -324962, -169336, 199993, 294199, -10168, -301715, -160956, 210833, 250386, -78086, -239228, -30977, 150494, 74291, -34550, -49803, -54342, -11742, 84426, 66485, -58544, -79307, 6451, 42625, 32815, 20778, -31417, -74745, -10969, 90768, 67469, -60536, -102875, -640, 95145, 62199, -44868, -96478, -27427, 92473, 92861, -57734, -130133, 12408, 135071, 21060, -117976, -30613, 95325, 21024, -81674, -7644, 82117, 4636, -88732, -16043, 81698, 34304, -40609, -44368, -39081, 29487, 138702, 22232, -226299, -109295, 275189, 212378, -272575, -300432, 220030, 345544, -130292, -333469, 22917, 265029, 81332, -155660, -165490, 33257, 218287, 71908, -236698, -142127, 228075, 176740, -206061, -181727, 187169, 163811, -180551, -133840, 179240, 107692, -165866, -96510, 129726, 96550, -77692, -95219, 25190, 82921, 14839, -61533, -37261, 41637, 44164, -31341, -42933, 29489, 43178, -28868, -51189, 22179, 66182, -4001, -81241, -26756, 87235, 65585, -79749, -103203, 60862, 127772, -34107, -129630, 1269, 107001, 33462, -67086, -60076, 21555, 69417, 18474, -60151, -44978, 40346, 54395, -21923, -48520, 13213, 34087, -15353, -19641, 23917, 11172, -32915, -9293, 37310, 9364, -34519, -5175, 25018, -7069, -12337, 27402, 1881, -52672, 1830, 77187, 2652, -93859, -13172, 97176, 25098, -85706, -33297, 62579, 34307, -34548, -27523, 9746, 14882, 5776, -228, -10600, -11486, 7797, 15953, -2227, -11800, -2226, 1281, 3312, 11235, -68, -21680, -7050, 27898, 15852, -29657, -23337, 27927, 27740, -23972, -28971, 19225, 27837, -15259, -24963, 12954, 20490, -11619, -14438, 9417, 7185, -5058, 60, -781, -5514, 5943, 7669, -8148, -5860, 6166, 663, -316, 6461, -7623, -14019, 15333, 20787, -21319, -25225, 25452, 25074, -28343, -18770, 30700, 7134, -33209, 6724, 36259, -19326, -39393, 28513, 41243, -33556, -40270, 34781, 35548, -33311, -27320, 30538, 17216, -27337, -7609, 23687, 864, -19245, 1177, 14260, 2156, -9579, -9620, 6017, 18405, -3893, -25911, 3329, 30988, -4503, -33741, 6717, 35623, -8140, -39053, 7266, 45503, -3733, -53665, -2289, 60422, 10450, -63087, -19258, 60137, 25998, -51125, -26949, 36793, 18722, -18283, -553, -3661, -24559, 28349, 51690, -53832, -76877, 76161, 97759, -89977, -112598, 89731, 119645, -71585, -116872, 35675, 102254, 12707, -75185, -63877, 38173, 106288, 2989, -130338, -41078, 131975, 69377, -114189, -83483, 86084, 82495, -58953, -69230, 40900, 49963, -33615, -33120, 33382, 26045, -34044, -31173, 29370, 44943, -15436, -58859, -6658, 63784, 31436, -55431, -52321, 36814, 64088, -15272, -63752, -2504, 51269, 12308, -30714, -12544, 9042, 4014, 7196, 10216, -14847, -25207, 14850, 35673, -10643, -38421, 6129, 33925, -4342, -25641, 6733, 17808, -12717
1791219430.583, MrmFullScanInfo, 498, 107, 2039980, 0, 0, 0, 0, 10000, 39297, 32, 4, 2, 1, 480, 0, 0, 0, 0, 0, 0, -424, 283, 532, -785, -75, 1436, -570, -1900, 947, 1850, -954, -1304, 700, 625, -463, -144, 503, -139, -754, 308, 1365, -492, -2060, 775, 2149, -859, -1365, 457, 566, 71, -715, -116, 1251, -286, -1458, 656, 1539, -794, -1751, 870, 1694, -744, -1024, 129, 231, 745, 231, -1280, -250, 1132, -36, -468, 248, -418, -9, 1227, -548, -1785, 936, 1221, -1394, 2155, 2000, -8095, -1797, 12640, 453, -11726, 231, 6483, 1244, -1453, -3445, -1053, 3983, 1857, -2613, -2013, 900, 1666, 99, -954, -348, 412, 258, -1, -147, -799, 155, 1902, -506, -2386, 1382, 1562, -2535, -92, 3395, -885, -3760, 1072, 4178, -1253, -4978, 2002, 5583, -2670, -5106, 2479, 3475, -1607, -1640, 873, 515, -550, -65, 305, -292, 185, 957, -946, -1516, 1771, 1192, -1723, 797, -885, -5025, 7375, 12136, -17381, -21862, 28318, 32188, -36269, -41428, 38099, 50020, -33633, -58321, 27633, 62961, -25647, -58302, 28072, 41832, -31031, -16092, 33820, -13661, -42469, 40218, 63667, -53447, -98442, 47026, 142244, -21141, -187804, -23036, 227417, 85403, -253468, -159682, 258770, 228395, -240198, -272422, 201744, 280464, -153667, -248241, 105107, 178903, -56488, -87367, 2991, -2927, 55679, 74086, -112962, -122880, 161346, 154765, -195607, -175708, 211062, 190873, -203135, -201011, 168471, 197475, -106095, -167573, 20386, 107485, 74409, -27396, -156953, -57208, 209496, 132716, -225442, -186355, 214033, 207548, -190854, -194937, 163251, 160778, -128721, -123173, 86169, 92635, -43059, -69854, 7664, 51321, 16772, -35565, -31892, 24038, 41459, -17159, -49631, 11838, 59817, -3486, -72622, -10710, 84856, 31242, -91080, -56195, 86354, 82297, -70986, -105271, 49865, 119442, -26309, -119683, -430, 104884, 29907, -78574, -55864, 46379, 70543, -14016, -69969, -13669, 56977, 33191, -38967, -42722, 22579, 43060, -10467, -37608, 2430, 30441, 2215, -23929, -4478, 18064, 5565, -11883, -6388, 4511, 7056, 4746, -6653, -16083, 3859, 28184, 2176, -37960, -10955, 42178, 20486, -39246, -27906, 29816, 30800, -16748, -28276, 4341, 21064, 3591, -11161, -5689, 1405, 3601, 5353, -320, -7693, -1842, 6364, 1495, -3607, 2076, 1515, -8314, -1047, 14950, 2386, -19378, -5230, 20701, 8957, -19452, -12536, 16494, 14663, -12638, -14534, 8473, 12542, -3940, -10055, -1414, 8192, 7341, -6862, -12459, 5427, 15164, -3370, -14397, 411, 10950, 3073, -7138, -5701, 4471, 6202, -2556, -4777, 657, 2534, 607, -25, -315, -2852, -1436, 6091, 3368, -9036, -4312, 10889, 4522, -11671, -5130, 12243, 6648, -13272, -8521, 14464, 9906, -15057, -10157, 14761, 8404, -13368, -4103, 10320, -1729, -5500, 7024, -9, -10425, 4888, 11987, -8883, -11947, 12197, 10047, -14390, -6315, 14993, 1566, -14695, 3375, 15038, -7957, -16938, 11288, 20325, -11882, -24584, 8565, 28471, -1133, -30240, -8977, 28915, 19337, -24882, -28294, 19240, 35914, -12915, -42858, 6482, 48937, -634, -53413, -3806, 55670, 6131, -55017, -6193, 51020, 4672, -44329, -2539, 36568, 511, -29014, 910, 21954, -1282, -15478, 412, 9827, 1446, -5668, -3543, 3324, 5239, -1735, -6894, -856, 9417, 4916, -12522, -9051, 14358, 11773, -13089, -12308, 8291, 11304, -1803, -10023, -3251, 8521, 5246, -5676, -5370, 1304, 5491, 2980, -5736, -5627, 5075, 6338, -2861, -5948, 206, 5489, 678, -5202, 1352, 4682, -5129, -3853, 8442, 3261, -9976, -3322, 9548, 3664, -7495
1791219430.583, MrmDetectionListInfo, 498, 235, 143, 40691, 144, 42543, 145, 43622, 146, 44200, 147, 44465, 148, 44486, 149, 44185, 150, 43322, 151, 41554, 152, 38561, 153, 34197, 154, 28885, 157, 26885, 158, 36190, 159, 48501, 160, 60534, 161, 65535, 162, 65535, 163, 65535, 164, 65535, 165, 65535, 166, 65535, 167, 65535, 168, 65535, 169, 65535, 170, 65535, 171, 65535, 172, 65535, 173, 65535, 174, 65535, 175, 65535, 176, 65535, 177, 65535, 178, 65535, 179, 65535, 180, 65535, 181, 65535, 182, 65535, 183, 48414, 186, 39395, 187, 65535, 188, 65535, 189, 65535, 190, 65535, 191, 65535, 192, 65535, 193, 65535, 194, 65535, 195, 65535, 196, 65535, 197, 65535, 198, 65535, 199, 65535, 200, 65535, 201, 65535, 202, 65535, 203, 64155, 204, 65535, 205, 65535, 206, 65535, 207, 65535, 208, 65535, 209, 65535, 210, 65535, 211, 65535, 212, 65535, 213, 65535, 214, 65535, 215, 65535, 216, 65535, 217, 65535, 218, 65535, 219, 65535, 220, 65535, 221, 65535, 222, 56476, 223, 42549, 224, 32357, 225, 27616, 226, 28000, 227, 30408, 228, 31689, 229, 31264, 230, 30619, 231, 31022, 232, 32315, 233, 33612, 234, 34610, 235, 36266, 236, 40070, 237, 46527, 238, 54605, 239, 62649, 240, 65535, 241, 65535, 242, 65535, 243, 65535, 244, 65535, 245, 65535, 246, 65535, 247, 65535, 248, 65535, 249, 64380, 250, 57958, 251, 55963, 252, 58690, 253, 61662, 254, 60360, 255, 54589, 256, 47399, 257, 41761, 258, 38959, 259, 38663, 260, 39587, 261, 40129, 262, 39007, 263, 36008, 264, 32003, 265, 27984, 266, 24286, 267, 20782, 268, 17593, 269, 15206, 270, 13868, 271, 13182, 272, 12463, 273, 11332, 274, 9870, 275, 8320, 276, 6838, 281, 11401, 282, 14152, 283, 16530, 284, 19102, 285, 22525, 286, 26537, 287, 29968, 288, 31819, 289, 32005, 290, 30986, 291, 29045, 292, 26148, 293, 22314, 294, 17938, 295, 13820, 313, 8925, 314, 10528, 315, 11920, 316, 13159, 317, 14177, 318, 14880, 319, 15244, 320, 15291, 321, 15020, 322, 14400, 323, 13418, 324, 12111, 325, 10555, 326, 8855, 331, 7408, 332, 8918, 333, 9772, 334, 9891, 335, 9561, 342, 5735, 343, 5284, 356, 6749, 357, 7387, 358, 7829, 359, 8110, 360, 8342, 361, 8672, 362, 9191, 363, 9885, 364, 10666, 365, 11422, 366, 12055, 367, 12483, 368, 12640, 369, 12468, 371, 10898, 377, 4596, 378, 5270, 379, 6432, 380, 8156, 381, 9946, 382, 11135, 383, 11584, 384, 11635, 385, 11538, 386, 11188, 387, 10392, 388, 9247, 389, 8284, 390, 8169, 391, 9121, 392, 10746, 393, 12466, 394, 13975, 395, 15279, 396, 16427, 397, 17310, 398, 17711, 399, 17452, 400, 16656, 401, 16110, 402, 16949, 403, 19384, 404, 22246, 405, 24206, 406, 25009, 407, 25310, 408, 25676, 409, 26107, 410, 26349, 411, 26331, 412, 26200, 413, 26163, 414, 26527, 415, 27624, 416, 29303, 417, 30763, 418, 31231, 419, 30604, 420, 29283, 421, 27605, 422, 25615, 423, 23282, 424, 20728, 425, 18200, 426, 15940, 427, 14070, 428, 12512, 431, 7714, 447, 12897
1791219430.708, MrmFullScanInfo, 499, 107, 2040105, 0, 0, 0, 0, 10000, 39297, 32, 1, 2, 1, 480, -420533, 492397, 419894, -480973, -448772, 446609, 504301, -374963, -519993, 109563, 520146, 336111, -496399, -497505, 373808, 517932, -115268, -520008, -170132, 519385, 317246, -512668, -475809, 481226, 520177, 512144, -199982, -520134, -400690, 502430, 352891, -502055, -433855, 505605, 283242, -517996, -292095, 517966, 231935, -517344, -305981, 515251, 434836, -506936, -516042, 372343, 520192, 96531, -519915, -493438, 444531, 519602, -154631, -520041, -245622, 519721, 469665, -503765, -516192, 395450, 519969, -156227, -520192, -214932, 517013, 329785, -126461, -220417, -502862, 23435, 519917, 397023, -481174, -513884, -49080, 514648, 508250, -246196, -520192, -380676, 513106, 519228, -303132, -520178, 3799, 519989, 315211, -506108, -505856, 354121, 520109, 86202, -520101, -477710, 445788, 520082, 7117, -519198, -331379, 501841, 446178, -343866, -418608, 64844, 115369, 104431, 235277, -87421, -450908, -108681, 473221, 358158, -311971, -448253, 24461, 397238, 220576, -239241, -355772, -11011, 325484, 231954, -176010, -296948, 19968, 260361, 103811, -164381, -147854, 28292, 69557, 72975, 34298, -86225, -107475, 42054, 142320, 23137, -92971, -63734, -15845, 49699, 93736, 18414, -109408, -104793, 75868, 155883, -564, -136317, -77241, 65904, 105405, 20976, -75421, -99043, 21712, 138666, 35012, -127673, -81821, 98331, 86756, -79006, -59549, 69270, 31318, -76791, -25345, 103671, 47565, -114462, -86094, 91131, 129689, -37690, -132396, -38631, 121697, 108297, -73623, -141463, 6017, 118624, 64128, -47744, -105805, -50073, 93260, 149511, -29936, -216803, -109141, 241166, 223490, -179328, -302990, 66502, 322641, 80220, -278662, -218174, 195618, 303709, -91487, -331051, -4805, 308699, -132084, -176209, 99789, 141035, -91434, -121133, 88686, 129376, -77488, -150828, 37390, 167689, 37223, -164407, -116577, 124364, 101853, -147628, -168542, 79883, 189524, -5027, -157277, -51011, 95890, 69455, -35759, -49005, 1162, 12614, -114, 15449, 9331, -46134, -36479, 34273, 48548, -2705, -31918, -29386, -6226, 40328, 52728, -25838, -84671, -3826, 82503, 29191, -46406, -10044, 8485, 6329, 28625, 20696, -45474, -53585, 34565, 76628, -4998, -78194, -19736, 55716, 21045, -20403, -6260, 2842, -17722, 11451, 50690, -4458, -73676, -19295, 75007, 46450, -51225, -60459, 11569, 53366, 29147, -26893, -58590, -5922, 52570, 34176, -25066, -44386, -4937, 32376, 27206, -5955, -32510, -21050, 23001, 38576, -6795, -43466, 4792, 33113, 5573, -23241, -6704, 17807, 1473, -17473, 4092, 21296, -2459, -27343, -5798, 30744, 17447, -25940, -21619, 22246, 26683, -9186, -24071, -5722, 15408, 15747, -9167, -17867, 7725, 14724, -11363, -9063, 20602, 5810, -35160, 6094, 44070, -3825, -46557, 1225, 39952, -3031, -25953, 11580, 9980, -24654, 3924, 41153, -12435, -55532, 9070, 56942, -11822, -56277, 15659, 51237, -20471, -40614, 28451, 31004, -33717, -25184, 34318, 24303, -28692, -26808, 30128, 19704, -20369, -24611, 10564, 26674, -3096, -24852, -1398, 21607, 3065, -19302, -4134, 20006, 6906, -22709, -18299, 27764, 28279, -27847, -38972, 24581, 46339, -17275, -47703, 10411, 41550, -4990, -27223, 395, 7613, 5035, 28493, -2756, -54819, 17597, 81453, -38745, -110720, 64911, 140979, -84926, -170077, 89826, 190342, -71903, -190483, 32932, 148161, 17439, -105609, -61712, 48025, 92763, 12485, -102411, -62611, 91785, 91629, -68201, -97160, 44521, 83374, -30852, -59710, 24808, 40617, -38816, -35941, 53683, 46939, -56146, -69174, 40741, 87691, -4491, -93186, -41001, 78035, 80282, -35397, -87252, 3029, 93208, 28786, -78726, -46384, 49719, 45908, -18486, -29708, -5455, 4658, 14491, 19058, -8766, -34563, -6019, 37901, 15535, -30535, -18698, 16480, 12847, -3883, -133, -2758, -15147, -509, 27412, 8993, -33401
1791219430.708, MrmFullScanInfo, 499, 107, 2040105, 0, 0, 0, 0, 10000, 39297, 32, 2, 2, 1, 480, 0, 0, 0, 0, 0, 0, 167773, -228962, -310928, 480289, 360121, -536873, -379015, 349568, 435142, -31917, -508945, -255245, 509338, 431273, -374927, -521154, 138840, 578171, 106039, -565597, -279784, 391315, 334454, -49393, -258877, -332938, 91566, 606050, 78617, -721448, -175381, 712803, 188547, -646341, -154587, 580416, 128576, -548483, -147661, 550732, 213062, -535802, -302318, 419999, 401548, -176625, -490235, -116526, 503229, 355702, -371339, -510226, 113453, 603294, 160340, -632585, -350720, 556300, 448115, -358729, -483754, 103642, 427527, 106788, -221280, -198425, -103587, 150698, 390355, 12448, -466539, -223293, 286958, 365375, 45515, -333569, -365538, 123564, 545645, 156131, -524483, -392408, 316738, 543804, -18598, -586884, -254796, 479088, 445425, -221215, -536342, -97332, 496718, 366979, -309764, -535637, 40187, 587774, 182808, -507045, -256085, 306037, 158182, -63183, 51654, -102456, -271714, 110360, 407143, 24404, -403007, -207896, 260968, 332273, -39664, -331462, -171360, 205297, 295581, -13738, -301298, -158847, 208473, 248865, -74582, -237148, -34494, 146628, 76827, -27861, -50706, -64143, -12519, 96521, 68384, -71397, -81443, 18671, 44021, 21980, 21188, -22204, -78112, -18587, 98107, 73619, -72333, -107541, 15186, 97895, 43733, -45058, -77252, -30185, 74254, 98348, -41573, -137549, -1582, 143442, 33438, -126548, -42142, 103808, 32526, -90368, -20342, 91797, 21038, -100272, -40467, 99303, 72772, -74618, -104464, 24237, 120616, 37996, -109687, -88310, 67861, 104860, -4327, -77197, -59007, 9491, 93488, 82496, -76980, -174808, 7393, 238422, 94928, -246414, -197995, 186076, 273226, -68297, -303303, -75033, 284190, 204349, -235947, -281227, 191293, 281976, -164893, -218366, 146133, 137489, -124553, -86142, 105114, 78855, -89152, -103053, 66188, 136415, -28363, -162927, -19935, 174752, 68844, -166661, -111292, 134911, 140471, -82400, -146311, 23581, 124727, 22310, -83818, -41703, 39936, 32703, -8609, -5214, -2813, -23572, -2614, 37002, 14027, -27702, -18086, 1960, 6162, 25165, 20338, -39412, -49568, 36565, 65551, -22746, -57921, 7938, 28684, -424, 9068, 5073, -39050, -22132, 50284, 44669, -42296, -60692, 24057, 60483, -7647, -43040, 2245, 16396, -11193, 7538, 31312, -18728, -53753, 12971, 67256, 5945, -63214, -27975, 39861, 41996, -4290, -41116, -29562, 25249, 47886, -909, -44761, -21170, 24705, 30893, 1413, -24192, -22451, 4961, 32384, 17302, -31428, -32800, 23308, 37029, -12662, -32451, 4148, 25034, -888, -19733, 2101, 18824, -3839, -21835, 2533, 26358, 2553, -29096, -9577, 27135, 15823, -19260, -19332, 7064, 19746, 5193, -18342, -12884, 17187, 13763, -18348, -8212, 22897, -1505, -29790, 11687, 36119, -18518, -38630, 20629, 35034, -20185, -24664, 20787, 9060, -24982, 7988, 32668, -22072, -41266, 30683, 47398, -34369, -48539, 35603, 43895, -36480, -34592, 37624, 23701, -38229, -15175, 37618, 11132, -35783, -10913, 32434, 13008, -27001, -16552, 19933, 20525, -12927, -23127, 7383, 23468, -3580, -22472, 503, 22293, 3513, -24653, -9568, 29314, 17499, -33952, -26086, 35822, 33492, -33587, -37300, 27592, 35144, -18847, -25033, 8317, 6343, 4015, 18894, -19629, -46217, 40556, 71347, -67235, -92902, 96595, 111894, -121993, -129208, 134687, 142289, -126576, -145750, 94111, 135534, -41798, -111336, -18193, 75562, 71210, -32317, -105938, -11560, 117617, 47527, -108787, -68331, 87395, 71356, -63790, -60242, 47434, 43496, -43227, -30876, 48881, 29465, -55658, -40790, 53135, 60052, -34778, -77462, 2243, 82860, 35739, -71239, -68499, 45601, 87699, -14728, -88975, -11791, 72581, 26935, -44304, -27945, 13848, 16529, 9028, 2134, -18770, -21107, 16170, 33789, -6890, -36169, -2147, 28500, 5869, -15161, -2284, 2417, -7463
1791219430.708, MrmFullScanInfo, 499, 107, 2040105, 0, 0, 0, 0, 10000, 39297, 32, 4, 2, 1, 480, 0, 0, 0, 0, 0, 0, -35, -143, 402, 481, -915, -597, 1058, 275, -743, 96, 451, -123, -450, 11, 236, 120, 578, -390, -1457, 667, 1459, -586, -728, 144, 408, 144, -766, 15, 811, -196, 334, -163, -2032, 963, 2859, -1607, -2490, 1654, 1692, -1249, -1140, 428, 846, 920, -672, -2232, 274, 2695, 564, -2184, -1203, 1210, 991, 62, -370, -1153, 138, 590, 81, 1313, -996, -2004, 2081, 453, -2179, 1189, 1272, -946, -61, -203, -924, 546, 1477, 860, -1733, -3299, 1993, 4681, -1779, -3850, 538, 1931, 955, -630, -1406, 195, 701, 26, -39, -340, 314, 432, -1797, 111, 3915, -997, -5374, 1360, 5125, -656, -3212, -415, 778, 478, 1262, 864, -2738, -2684, 3440, 4105, -2890, -5190, 1108, 6074, 995, -6263, -2203, 5444, 1908, -4075, -280, 2989, -1849, -2775, 3660, 3577, -4770, -5281, 5151, 7614, -4897, -9962, 4307, 11454, -3807, -11436, 3684, 9842, -3800, -7158, 3719, 3959, -3154, -280, 2156, -4677, -930, 12246, -92, -23508, -244, 38501, 4083, -55832, -11922, 74126, 22754, -92551, -37149, 109994, 57966, -124053, -86117, 131333, 116810, -129486, -142572, 118368, 157772, -100129, -158879, 81584, 145884, -70794, -125744, 70536, 111810, -77408, -114925, 87053, 133583, -98498, -156648, 110842, 172588, -121306, -178924, 126457, 181208, -122198, -183732, 101599, 185659, -55449, -185101, -20767, 181748, 120549, -172271, -227524, 149385, 321114, -121802, -378408, 109413, 380011, -112988, -327612, 108985, 250621, -82445, -183602, 47193, 143031, -19397, -127584, -1150, 127294, 23765, -133677, -54456, 140092, 92558, -136618, -132436, 111223, 162934, -59705, -168292, -5576, 138813, 62008, -79619, -89328, 9115, 80587, 50173, -44729, -81201, 129, 78823, 35003, -51797, -49181, 18622, 40589, 2785, -17492, -4561, -6044, -8164, 18760, 22032, -17254, -24283, 5258, 10342, 9267, 14324, -16995, -38300, 11611, 50475, 5060, -45464, -23492, 25915, 33127, -59, -29022, -22821, 13713, 36032, 5161, -37185, -18746, 28739, 20778, -17302, -10912, 10587, -5169, -13485, 19138, 25009, -24405, -38099, 19032, 43686, -6123, -36615, -7740, 18681, 15758, 3207, -14533, -20970, 5727, 30220, 4835, -31664, -10592, 28533, 8730, -23944, -1803, 20597, -5140, -20474, 8260, 22823, -6308, -24363, 672, 21793, 5883, -14092, -10741, 2993, 12276, 8254, -9975, -16552, 4605, 20309, 1629, -19919, -6215, 17176, 7962, -14341, -6987, 12986, 4282, -13009, -1713, 13016, 1489, -11696, -4383, 8792, 8661, -4760, -11525, 256, 11123, 3578, -7669, -5315, 2932, 4665, 1102, -3360, -3127, 3788, 2989, -6694, -1627, 10977, 733, -14728, -1980, 16988, 5248, -17896, -8319, 17289, 9076, -14493, -7451, 9601, 4690, -3943, -1485, -1243, -1844, 5673, 4704, -9595, -6609, 13135, 7977, -16209, -9869, 18546, 12886, -19513, -16610, 18314, 19869, -14563, -21242, 8737, 19999, -1914, -16395, -4256, 11559, 7682, -7360, -6747, 6217, 1728, -10355, 4643, 20429, -8505, -34782, 6834, 49754, -177, -60710, -8100, 63948, 15545, -58983, -21743, 48756, 26081, -36839, -26771, 25355, 23461, -15237, -18000, 6874, 13037, -1026, -10147, -1782, 8925, 2902, -7854, -5205, 5724, 10198, -2051, -15977, -3013, 19000, 8580, -16736, -12948, 8936, 14362, 2405, -11921, -13761, 6056, 21401, 1624, -23054, -8778, 18930, 13128, -11211, -13550, 3038, 10619, 2695, -6104, -4418, 1982, 2469, 239, 1321, 306, -4752, -3638, 6277, 8672, -5410, -13494, 2569
1791219430.708, MrmDetectionListInfo, 499, 239, 162, 33892, 163, 40766, 165, 55743, 166, 63808, 167, 65535, 168, 65535, 169, 65535, 170, 65535, 171, 65535, 172, 65535, 173, 65535, 174, 65535, 175, 65535, 176, 65535, 177, 65535, 178, 65535, 179, 65535, 180, 65535, 181, 65535, 182, 65535, 183, 65535, 184, 65535, 185, 65535, 186, 65535, 187, 65535, 188, 65535, 189, 65535, 190, 65535, 191, 65535, 192, 65535, 193, 65535, 194, 65535, 195, 65535, 196, 65535, 197, 65535, 198, 65535, 199, 65535, 200, 65535, 201, 65535, 202, 65535, 203, 65535, 204, 65535, 205, 65535, 206, 65535, 207, 65535, 208, 65535, 209, 65535, 210, 65535, 211, 65535, 212, 65535, 213, 65535, 214, 65535, 215, 65535, 216, 65535, 217, 65535, 218, 65535, 219, 65535, 220, 65535, 221, 65535, 222, 65535, 223, 65535, 224, 65535, 225, 64823, 226, 65535, 227, 65535, 228, 65535, 229, 65535, 230, 65535, 231, 65535, 232, 65535, 233, 65535, 234, 65535, 235, 65535, 236, 65535, 237, 65535, 238, 65535, 239, 65535, 240, 65535, 241, 65535, 242, 65535, 243, 51572, 244, 44746, 245, 50502, 246, 57713, 247, 55166, 248, 45549, 249, 40650, 250, 44714, 251, 49115, 252, 44500, 253, 31911, 254, 19419, 260, 15985, 261, 21357, 262, 22147, 263, 17661, 264, 11201, 266, 9085, 267, 15195, 268, 22634, 269, 28181, 270, 30218, 271, 29386, 272, 27958, 273, 27877, 274, 28586, 275, 27368, 276, 22797, 277, 17609, 278, 16446, 279, 19995, 280, 23853, 281, 24280, 282, 22579, 283, 22435, 284, 24434, 285, 25276, 286, 22179, 287, 16112, 288, 10447, 289, 7813, 290, 8936, 291, 13343, 292, 19656, 293, 25690, 294, 29597, 295, 30870, 296, 29922, 297, 27241, 298, 23472, 299, 19683, 300, 16661, 301, 14306, 302, 12200, 303, 10883, 304, 11730, 305, 14688, 306, 17571, 307, 18682, 308, 18659, 309, 19008, 310, 19785, 311, 19566, 312, 17417, 313, 14123, 314, 11536, 315, 11031, 316, 12410, 317, 14268, 318, 15362, 319, 15406, 320, 14698, 321, 13546, 322, 12334, 323, 11607, 324, 11421, 325, 10991, 326, 9642, 329, 9390, 330, 11574, 331, 12639, 332, 12215, 333, 11279, 334, 10949, 335, 11511, 336, 12335, 337, 12549, 338, 11878, 339, 10767, 340, 9774, 341, 9052, 342, 8437, 343, 7817, 344, 7289, 345, 7008, 346, 7008, 348, 7456, 349, 7658, 350, 7688, 351, 7418, 352, 6817, 356, 6129, 371, 10562, 372, 11714, 373, 12640, 374, 13134, 375, 13053, 376, 12343, 377, 11046, 378, 9279, 379, 7211, 380, 5037, 385, 4669, 386, 6888, 387, 8486, 388, 9526, 389, 10487, 390, 11652, 391, 12936, 392, 14161, 393, 15287, 394, 16359, 395, 17342, 396, 18077, 397, 18386, 398, 18162, 399, 17377, 400, 16044, 401, 14199, 402, 12012, 403, 9987, 405, 8592, 407, 8437, 413, 10416, 414, 14869, 415, 19235, 416, 22812, 417, 25463, 418, 27449, 419, 29463, 420, 32314, 421, 35854, 422, 38723, 423, 39709, 424, 38928, 425, 37358, 426, 35645, 427, 33676, 428, 31091, 429, 27847, 430, 24223, 431, 20510, 432, 16854, 433, 13346, 434, 10158, 435, 7547, 447, 10847, 449, 13719, 450, 13895
1791219430.833, MrmFullScanInfo, 500, 107, 2040230, 0, 0, 0, 0, 10000, 39297, 32, 1, 2, 1, 480, -420897, 491360, 418177, -480127, -452150, 446618, 505076, -373101, -520024, 116047, 520181, 337707, -497076, -496897, 375750, 518469, -114013, -520192, -170931, 519644, 320011, -511480, -476505, 481111, 520192, 512109, -197854, -520097, -392961, 502394, 347227, -502639, -437721, 505010, 279787, -517649, -293092, 517843, 235823, -516578, -307579, 516082, 441105, -506852, -516644, 374819, 520192, 99435, -520051, -495157, 444450, 519384, -153514, -520111, -244219, 519764, 468052, -503106, -517284, 391581, 520126, -160466, -520178, -192497, 516424, 351959, -114315, -237164, -507371, 24602, 519704, 397009, -481191, -513172, -54839, 512621, 507761, -243402, -520191, -390820, 512926, 518700, -300199, -520157, 3249, 519885, 316269, -506120, -503087, 358226, 520130, 89384, -520093, -478412, 452187, 519975, 8241, -519644, -324738, 501829, 446265, -344818, -424080, 61194, 117963, 105823, 236809, -87705, -455216, -110515, 472662, 366755, -301874, -448165, 23323, 396846, 223313, -240921, -359349, -10114, 328109, 234094, -175880, -301540, 21405, 266764, 105499, -168905, -143654, 28998, 63329, 70517, 41759, -84680, -117723, 41372, 154544, 23887, -106559, -63371, -1979, 48754, 83460, 21016, -102328, -114324, 72592, 168815, 1022, -151551, -75426, 84388, 98799, 1659, -65847, -81618, 9584, 125068, 49276, -119857, -97300, 92897, 100649, -76507, -71754, 67593, 41019, -76273, -33364, 103637, 50996, -114992, -86846, 91023, 128277, -37591, -131523, -39642, 125747, 113458, -87146, -158674, 29401, 158670, 34728, -121286, -78729, 66511, 85759, -9797, -63740, -27395, 31386, 32453, 7904, -4768, -29978, -41721, 24540, 99237, 664, -160137, -26611, 217164, 52221, -271899, -82496, 328429, -81416, -367652, 65112, 414671, -12648, -432708, -71252, 410457, 164305, -333070, -250477, 209441, 303562, -66112, -297999, -65978, 266600, 64268, -207061, -127523, 133023, 142982, -68388, -124375, 39958, 95497, -48631, -74297, 75795, 76797, -95678, -98940, 141104, 83541, -112060, -103082, 51700, 101958, 18641, -71006, -72098, 16865, 97176, 41471, -89904, -78722, 58004, 86779, -37166, -50152, 7791, 18898, 5563, 19551, -593, -48908, -16415, 64029, 35397, -66202, -43120, 60698, 34927, -54486, 9535, 59828, -31325, -68756, 47896, 79073, -52487, -82616, 44827, 75838, -29969, -57372, 11760, 31642, 4485, -6431, -15005, -15734, 16951, 28732, -17097, -32619, 20464, 27205, -26442, -18499, 33477, 10721, -38446, -4017, 38677, -365, -42239, 16709, 39750, -15057, -36585, 16292, 33972, -17980, -32954, 17182, 33067, -12913, -31780, 6017, 26795, 2715, -20429, -10478, 8017, 18005, 7115, -20536, -18882, 19152, 21680, -13193, -17327, 6587, 6596, -2153, 6040, 1234, -19796, -850, 28621, 642, -30968, 3227, 27129, -12335, -19635, 26024, 10255, -42585, -5112, 57677, 2801, -68180, -3665, 67948, 3899, -62677, -3187, 51693, -1093, -36466, 9349, 21604, -16308, -10074, 19796, 3593, -19271, -190, 12298, -2396, -7119, -1928, 3911, 5848, -2464, -8609, 4879, 12076, -7373, -16929, 9541, 23229, -8545, -30324, 295, 39114, 7720, -42279, -17278, 41069, 24483, -37495, -29406, 30797, 28525, -24681, -21309, 17138, 7440, -7861, 30124, 3494, -58915, 10595, 90713, -26860, -123560, 41819, 156824, -46458, -181626, 39074, 192287, -13366, -179818, -26840, 136750, 71518, -79084, -106884, 11042, 125982, 53071, -121051, -103019, 95965, 128110, -60113, -126674, 27110, 105048, -7118, -78706, 6888, 51725, -18161, -40737, 32117, 44660, -37168, -60129, 26015, 77402, 1147, -83715, -38417, 73417, 71493, -28052, -77414, 877, 82082, 24949, -70554, -40583, 46037, 41752, -18849, -29200, -1323, 7102, 8135, 16263, -3967, -32484, -6939, 37731, 14779, -33151, -19046, 23571, 15865, -13473, -8481, 8392, -3153, -9134, 13316, 12637, -18038
1791219430.833, MrmFullScanInfo, 500, 107, 2040230, 0, 0, 0, 0, 10000, 39297, 32, 2, 2, 1, 480, 0, 0, 0, 0, 0, 0, 168061, -228770, -311792, 480356, 361229, -537745, -379627, 351080, 435139, -33282, -508846, -254616, 509459, 431288, -374910, -521515, 138197, 578603, 107274, -565944, -280964, 391479, 335323, -49416, -260330, -332703, 94202, 605221, 75610, -720226, -173353, 711793, 188073, -645904, -155556, 580652, 130874, -549378, -150835, 552256, 216172, -537551, -304391, 421028, 402343, -176280, -490349, -117860, 503262, 356997, -371588, -510775, 113928, 602800, 159994, -631406, -350888, 556737, 448188, -361982, -481929, 105914, 423356, 110990, -217178, -208849, -105041, 161005, 388971, 7062, -464021, -222578, 284870, 365838, 46785, -332135, -366405, 120006, 546387, 159843, -524687, -394612, 316256, 544676, -18078, -587206, -254702, 479073, 445208, -220802, -537105, -97757, 498915, 366800, -312837, -534841, 42768, 586749, 182170, -506201, -257784, 305582, 160612, -63032, 50571, -102043, -272042, 108733, 407225, 27472, -401646, -211587, 258380, 335455, -36629, -333632, -174263, 206101, 298005, -12566, -303235, -162253, 210407, 253588, -77333, -241374, -30257, 148866, 70819, -27812, -42917, -65932, -22127, 99500, 79722, -75296, -93851, 23397, 56083, 16254, 11349, -14907, -72145, -28139, 96838, 85704, -75803, -121805, 23102, 113395, 31799, -60234, -62111, -17311, 57181, 89461, -24090, -133262, -18030, 143023, 47817, -128436, -54031, 106498, 41887, -92919, -27079, 93747, 24946, -101331, -41709, 99303, 72489, -73511, -105130, 21563, 125962, 44331, -123890, -103328, 94092, 137002, -42842, -137240, -12998, 107707, 54154, -61161, -68598, 15407, 55719, 12514, -24818, -12144, -9434, -18185, 34060, 72685, -43984, -141064, 41768, 212819, -43930, -277322, 70553, 324119, -118609, -351079, 155160, 368317, -146241, -383845, 86060, 389119, 9575, -365040, -116361, 298273, 210365, -198358, -271690, 92774, 287365, -4852, -257303, -58315, 197660, 97398, -133990, -110803, 88510, 101039, -71227, -79200, 80738, 57998, -106237, -44519, 128184, 41554, -125793, -49757, 90708, 63167, -32610, -67760, -29566, 52253, 77622, -17686, -100965, -21577, 98104, 47226, -74474, -48991, 40260, 29189, -8244, 2261, -10547, -34955, 12594, 60854, -3194, -75381, -5882, 77803, 3482, -70999, 13331, 60703, -37932, -53008, 59924, 50708, -71717, -51753, 70149, 51204, -56118, -44895, 33668, 31934, -8823, -14709, -12316, -2728, 26138, 16220, -32790, -22600, 35013, 20919, -35677, -12952, 36150, 2360, -36603, 8047, 36636, -17142, -35534, 24129, 32974, -27998, -29690, 28707, 27020, -27503, -25682, 25143, 25376, -21268, -25093, 15182, 23556, -6721, -19496, -3363, 12240, 13489, -2704, -21383, -6378, 24708, 11830, -22339, -11741, 15326, 6076, -6356, 3655, -1886, -14734, 8077, 23761, -12531, -27668, 16709, 24903, -22348, -16095, 30502, 3900, -40936, 8097, 51854, -16891, -60353, 21134, 63713, -21348, -60508, 19517, 50928, -17859, -36592, 17477, 20493, -17907, -6237, 17724, -3438, -15702, 7460, 11884, -6312, -7741, 1767, 5194, 3732, -5209, -8264, 7459, 11543, -10768, -14666, 13471, 19183, -13975, -25914, 11483, 34023, -6276, -41229, -662, 45235, 7985, -45035, -13818, 40868, 15983, -33310, -11599, 22669, -1845, -8487, 24202, -10004, -51890, 32675, 80447, -57366, -107410, 79690, 131695, -93795, -151498, 93526, 162840, -74246, -160655, 35484, 141518, 17005, -105745, -71881, 57529, 115920, -3931, -138823, -46128, 136904, 83690, -114247, -102566, 81107, 101612, -49905, -85201, 30166, 61972, -24855, -42109, 29963, 33693, -37044, -39228, 37054, 54618, -24252, -69916, -765, 74312, 31717, -62866, -59915, 39248, 77495, -12069, -79633, -10791, 66090, 24057, -42062, -25287, 16150, 15136, 3563, 2439, -12840, -21053, 12225, 34300, -5652, -38438, -1893, 33794, 6287, -24072, -5262, 14077, -978
1791219430.833, MrmFullScanInfo, 500, 107, 2040230, 0, 0, 0, 0, 10000, 39297, 32, 4, 2, 1, 480, 0, 0, 0, 0, 0, 0, 283, 118, -701, 304, 711, -1187, -131, 1714, -365, -1406, 340, 628, -105, 2, 136, -310, -415, 277, 647, -77, -627, -62, 683, -3, -1434, 355, 2433, -863, -2715, 1135, 2182, -1042, -1346, 811, 268, -435, 1191, -173, -2380, 949, 2552, -1499, -1678, 1338, 527, -527, -41, -233, 306, 376, -762, -29, 878, -459, -500, 644, -76, 814, 38, -2899, 1533, 1557, -3491, 4521, 3383, -10313, -1023, 10341, -1391, -5745, 2091, 1060, -1352, 752, 413, 137, 35, -1672, -8, 2132, 6, -1390, -62, 583, -97, -226, 428, 42, -271, 143, -602, -77, 1423, -261, -1402, 441, 267, -471, 1629, 567, -3252, -601, 3070, 286, -939, 845, -1108, -2761, 1269, 4697, 263, -5689, -2131, 5515, 3388, -4598, -3689, 2928, 3011, -410, -1794, -2284, 926, 3729, -1114, -2910, 2351, 155, -4209, 3230, 6328, -6097, -8581, 8053, 10649, -9123, -11788, 9531, 11148, -9767, -8217, 10445, 3219, -11809, 2944, 13497, -9273, -14779, 15126, 14837, -20151, -12862, 24107, 8396, -26970, -1417, 29104, -7570, -31182, 17328, 34074, -26085, -38436, 32382, 43909, -35625, -49022, 35753, 52261, -32936, -52405, 29161, 49524, -27417, -46567, 28658, 49216, -30360, -61946, 28154, 83392, -18203, -106615, -2585, 122239, 35519, -119994, -79649, 91704, 130812, -36693, -179693, -35363, 212865, 108157, -219796, -165348, 201445, 194722, -171846, -191479, 151780, 154818, -160833, -88948, 205680, 11576, -273595, 44382, 339118, -48173, -376938, -5833, 370650, 96270, -313482, -187751, 210747, 251929, -84901, -275921, -31171, 256676, 112875, -199006, -154447, 121378, 161456, -53119, -142002, 16604, 108763, -15665, -78117, 39819, 61816, -71816, -60664, 91873, 67551, -84662, -73557, 49419, 69959, -1787, -50241, -38012, 15538, 56693, 24060, -53922, -54571, 39246, 65654, -23571, -56073, 13160, 33576, -9562, -9312, 11718, -8634, -16400, 18604, 20013, -24407, -18844, 30938, 10692, -40077, 1803, 50409, -11328, -59009, 11757, 62089, -3647, -55925, -7257, 39668, 14389, -17176, -13949, -4443, 6856, 18469, 1530, -21617, -4349, 15204, -2482, -4415, 17752, -4105, -35962, 5812, 50393, -392, -56891, -7590, 55042, 11943, -46658, -10013, 34928, 4248, -24251, 1330, 18306, -4476, -17284, 4095, 18208, 328, -17784, -8230, 14404, 17516, -7980, -25076, -682, 28225, 9963, -25965, -17502, 19420, 21371, -11176, -21107, 4103, 17853, -527, -13474, 1165, 9574, -4278, -7116, 6595, 6395, -5646, -6743, 1223, 6691, 5220, -4925, -11630, 1279, 16234, 3384, -18018, -8045, 16894, 12081, -13469, -15033, 8661, 16477, -3279, -16358, -2146, 15072, 7331, -13690, -11707, 13334, 14446, -13775, -15357, 13344, 15315, -10606, -15166, 5777, 14733, -87, -13284, -5114, 10389, 9093, -6446, -11937, 2582, 14045, 84, -15684, -1300, 16907, 1701, -17590, -2150, 17366, 3211, -15829, -4850, 13380, 6341, -11169, -6727, 10171, 5886, -10582, -4972, 12330, 5666, -15445, -8964, 19402, 14672, -22717, -21631, 23682, 28284, -21182, -33143, 14869, 35215, -5302, -34113, -5878, 29789, 16403, -22419, -24299, 12751, 28371, -2211, -28605, -7178, 25885, 13549, -21187, -16268, 15309, 16108, -9143, -14262, 3829, 11362, -235, -7570, -1322, 3142, 1683, 882, -2174, -3050, 3112, 2907, -3689, -1427, 3401, -99, -2891, 1263, 2900, -2304, -3278, 3371, 3272, -4042, -2454, 3783, 1096, -2768, 426, 1908, -2050, -2104, 3803, 3604, -5410, -5916, 6194, 8276
1791219430.833, MrmDetectionListInfo, 500, 243, 171, 34777, 172, 37555, 173, 39927, 174, 41689, 175, 42842, 176, 43413, 177, 43349, 178, 42620, 179, 41344, 185, 40233, 186, 43308, 187, 47115, 188, 51137, 189, 54769, 190, 57500, 191, 59497, 192, 62646, 193, 65535, 194, 65535, 195, 65535, 196, 65535, 197, 65535, 198, 65535, 199, 65535, 200, 65535, 201, 65535, 202, 65535, 203, 65535, 204, 65535, 205, 65535, 206, 65535, 207, 65535, 208, 65535, 209, 65535, 210, 65535, 211, 65535, 212, 65535, 213, 65535, 214, 65535, 215, 65535, 216, 65535, 217, 65535, 218, 65535, 219, 65535, 220, 65535, 221, 65535, 222, 65535, 223, 65535, 224, 65535, 225, 65535, 226, 65535, 227, 65535, 228, 65535, 229, 65535, 230, 65535, 231, 65535, 232, 65535, 233, 65535, 234, 65535, 235, 65535, 236, 65535, 237, 65535, 238, 65535, 239, 65535, 240, 58002, 241, 51916, 242, 51315, 243, 54957, 244, 60878, 245, 65535, 246, 65535, 247, 65535, 248, 65535, 249, 65535, 250, 65535, 251, 57492, 252, 43871, 253, 32414, 254, 28302, 255, 31528, 256, 36458, 257, 39262, 258, 41511, 259, 45693, 260, 50491, 261, 52014, 262, 48392, 263, 41384, 264, 33805, 265, 26849, 266, 20208, 267, 13904, 268, 9364, 269, 8405, 270, 11194, 271, 15794, 272, 19794, 273, 22012, 274, 22785, 275, 23006, 276, 23137, 277, 23200, 278, 23447, 279, 24834, 280, 28305, 281, 33137, 282, 36822, 283, 37301, 284, 34786, 285, 31268, 286, 28543, 287, 26673, 288, 24322, 289, 20389, 290, 15180, 291, 10244, 292, 7436, 295, 12467, 296, 12687, 297, 11081, 301, 10690, 302, 16551, 303, 22320, 304, 26154, 305, 27826, 306, 28562, 307, 29837, 308, 31744, 309, 32816, 310, 31674, 311, 28377, 312, 24031, 313, 19641, 314, 15692, 315, 12511, 316, 10535, 317, 10020, 318, 10550, 319, 11140, 320, 11014, 321, 10237, 323, 10384, 324, 12241, 325, 14155, 326, 15080, 327, 14947, 328, 14472, 329, 14642, 330, 16168, 331, 18641, 332, 20574, 333, 20798, 334, 19479, 335, 17553, 336, 15605, 337, 13599, 338, 11416, 339, 9276, 340, 7582, 341, 6557, 342, 6124, 343, 6070, 344, 6212, 345, 6410, 346, 6519, 352, 5516, 353, 6924, 354, 7894, 355, 8416, 356, 9152, 357, 10515, 358, 12139, 359, 13344, 360, 13814, 361, 13728, 362, 13377, 363, 12844, 364, 12030, 365, 10924, 368, 9036, 371, 12125, 372, 12941, 373, 13524, 374, 14039, 375, 14453, 376, 14574, 377, 14267, 378, 13557, 379, 12554, 380, 11332, 381, 9911, 382, 8406, 383, 7301, 384, 7230, 385, 8141, 386, 9081, 387, 9194, 389, 7891, 390, 7590, 391, 7598, 392, 7764, 393, 8149, 394, 8779, 395, 9411, 396, 9764, 397, 9840, 398, 9851, 399, 9920, 400, 9979, 401, 9914, 402, 9707, 405, 8839, 407, 8231, 411, 8995, 413, 11792, 414, 13868, 415, 16243, 416, 18730, 417, 21119, 418, 23209, 419, 24823, 420, 25815, 421, 26076, 422, 25537, 423, 24180, 424, 22159, 425, 20069, 426, 18819, 427, 18952, 428, 20157, 429, 21440, 430, 21807, 431, 20940, 432, 19204, 433, 17225, 434, 15795, 435, 15711, 436, 16968, 437, 18464, 438, 18989, 439, 18257, 440, 16809, 441, 15202
1791219430.958, MrmFullScanInfo, 501, 107, 2040355, 0, 0, 0, 0, 10000, 39297, 32, 1, 2, 1, 480, -420115, 493755, 416152, -480587, -449903, 444312, 504767, -375675, -519809, 111052, 520108, 331825, -496411, -497566, 372947, 517864, -119314, -520187, -171422, 519623, 322959, -511671, -475057, 480861, 520178, 512719, -200788, -520138, -395057, 502491, 353666, -502261, -435615, 507528, 286269, -518104, -296779, 518113, 229424, -517355, -300996, 516329, 435289, -508063, -514928, 374246, 520192, 102777, -519967, -494889, 443328, 519881, -151888, -519844, -243227, 519021, 466811, -503255, -517010, 392010, 519640, -160300, -520167, -205710, 517511, 333137, -125568, -218156, -504038, 22287, 519949, 399121, -481486, -514059, -52325, 513909, 507863, -245651, -520192, -385591, 513579, 519189, -304108, -520180, 489, 519796, 314728, -506144, -504728, 355158, 520122, 88686, -520115, -478921, 451602, 519932, 16237, -519589, -339659, 499177, 453458, -340835, -425257, 57010, 118421, 109035, 237795, -91507, -457707, -106969, 474930, 362731, -312557, -451450, 24159, 402472, 221707, -245296, -356504, -11421, 324593, 235118, -174154, -304824, 17453, 268292, 106902, -170356, -148360, 32335, 66873, 69783, 41616, -83653, -120310, 38808, 156841, 27152, -110828, -66259, 2125, 51673, 79415, 19705, -98987, -113341, 68214, 170390, 4300, -156995, -78200, 93645, 98733, -10276, -63538, -68791, 7118, 113521, 53698, -109794, -99408, 86549, 103717, -70844, -75573, 64466, 43758, -74130, -33942, 101006, 50659, -114539, -84550, 91780, 125544, -39696, -128426, -36414, 122019, 111573, -83359, -156797, 25906, 154992, 35099, -117991, -78464, 62893, 85343, -4183, -61832, -35833, 25698, 46892, 13630, -28381, -34889, -135, 23458, 28128, 13923, -41486, -53725, 30550, 91079, 918, -116635, -33984, 130429, 45802, -118877, -64470, 108781, 73757, -107057, -68713, 119585, 59055, -145399, -45277, 180654, 29955, -204688, -21000, 201764, -40678, -180420, 16719, 139087, 16334, -75013, -46581, 2039, 63595, 61522, -58255, -104335, 37660, 120316, -13981, -101967, 32268, 79202, -17503, -50861, 16574, 24720, -23068, -7204, 27992, 2465, -25127, -6651, 14569, 8872, 2968, -8552, -19974, -1386, 28549, 17049, -26058, -32523, 16427, 42060, -1053, -43585, -13273, 43453, 22031, -47216, -25182, 52405, 23092, -69962, -36830, 90669, 58388, -103851, -82899, 103048, 106823, -83552, -116187, 47318, 108269, -2188, -81496, -48983, 45829, 64884, -2452, -58233, -30820, 34294, 43172, -5335, -33744, -16956, 10542, 24471, 18447, -16421, -40674, 7514, 47312, 9807, -48456, -24262, 43972, 28938, -36697, -27714, 30082, 26504, -25711, -28354, 21161, 33084, -12335, -39121, 8647, 44787, 8537, -39167, -27193, 25754, 38999, -6926, -39687, -8193, 28366, 15264, -10216, -9883, -7460, -3268, 16352, 19356, -21717, -33027, 20990, 36855, -18505, -28618, 20059, 12324, -27444, 4488, 41037, -12910, -55590, 11686, 62680, -4521, -64389, -5764, 56506, 13097, -38043, -12600, 17206, 5331, -194, 5315, -8679, -14726, 6973, 16627, 4095, -17876, -15269, 14476, 23937, -10724, -27901, 7106, 27341, -4967, -25607, 3824, 25790, -2435, -28213, -5938, 35533, 12915, -38376, -22538, 37927, 32196, -32153, -38092, 23280, 35847, -11624, -27348, 1181, 9963, 7778, 26989, -11867, -59320, 22280, 92105, -33081, -123188, 45755, 150795, -51502, -169138, 45384, 173773, -23342, -156359, -13637, 118043, 58447, -62656, -96416, -2155, 115221, 62538, -112251, -107929, 88427, 130752, -55029, -127441, 23148, 105125, -2497, -77254, 6348, 53513, -15843, -42579, 26727, 47679, -29622, -64809, 16691, 82382, 13764, -88351, -51605, 76841, 85256, -40630, -83116, 11882, 89721, 16989, -78577, -35943, 53960, 39216, -25791, -29961, 4316, 10911, 5692, 7477, -4516, -22688, -8761, 24236, 15301, -17698, -17265, 8298, 12913, -277, -4531, -1687, -7150, -4448, 14896, 13871, -18057
1791219430.958, MrmFullScanInfo, 501, 107, 2040355, 0, 0, 0, 0, 10000, 39297, 32, 2, 2, 1, 480, 0, 0, 0, 0, 0, 0, 167421, -228598, -310594, 479696, 360172, -536902, -379129, 350781, 434778, -33815, -508258, -253667, 509058, 430499, -375068, -520986, 138537, 578384, 107232, -565999, -281259, 391598, 335845, -49473, -260496, -332790, 93280, 605801, 77726, -721601, -176153, 713817, 190616, -647997, -156367, 581895, 128603, -549078, -145961, 550570, 210905, -535265, -300844, 418965, 401140, -174932, -490533, -118419, 503536, 357036, -371510, -510611, 113846, 602554, 159745, -631144, -350380, 555749, 447963, -360351, -483107, 106810, 426123, 103950, -219647, -196839, -104835, 149872, 390862, 13072, -466224, -223848, 286081, 365433, 46546, -332662, -366584, 121910, 546585, 157676, -524860, -393264, 316368, 544163, -17997, -586945, -255042, 478684, 445727, -220365, -537011, -98197, 496510, 367625, -306723, -536342, 33815, 588344, 190933, -506529, -263698, 303686, 163148, -59117, 50445, -107032, -273603, 113605, 410306, 24056, -405898, -210797, 263051, 337223, -41095, -336167, -170312, 207197, 294925, -11331, -301211, -165117, 209034, 256968, -75814, -244640, -32263, 151841, 72675, -30298, -43488, -64082, -23519, 98111, 82993, -74080, -98420, 22283, 61168, 17110, 6442, -15196, -67803, -28992, 93291, 88571, -73540, -127489, 22991, 121974, 29075, -70797, -56644, -6267, 50021, 79404, -16743, -125098, -24429, 136987, 52935, -124359, -58007, 103947, 44718, -91297, -28557, 92564, 24911, -100512, -40173, 99105, 69627, -74072, -101259, 22639, 121518, 43104, -119527, -101956, 90542, 135088, -40523, -134342, -14178, 103446, 54440, -54814, -68105, 5433, 54905, 28814, -25451, -39049, -3385, 25948, 16148, 1424, -6045, -29069, -23580, 43899, 63463, -41063, -102145, 25085, 129089, -3783, -139749, -16474, 138677, 30390, -135993, -33081, 140460, 22472, -154905, -1077, 174574, -27548, -188643, 57537, 185989, -76680, -162700, 70965, 123487, -36976, -75631, -12257, 24632, 57097, 24731, -82541, -65985, 86185, 91275, -75705, -95188, 59891, 79397, -43784, -52493, 30379, 24732, -22214, -3886, 18851, -6325, -16804, 6523, 11958, -902, -2377, -4594, -10312, 4749, 21998, 2650, -28499, -15702, 27546, 29996, -19678, -41829, 8164, 50168, 2261, -56635, -8569, 64467, 11891, -76697, -16413, 93462, 26046, -110149, -41621, 118862, 60369, -112113, -76822, 86064, 85274, -43822, -81876, -3479, 65251, 41090, -37470, -58422, 5463, 53853, 20422, -33492, -31342, 7576, 24395, 14180, -4032, -25765, -20533, 25530, 40587, -15764, -51795, 1839, 54138, 10286, -49876, -17555, 42250, 20851, -34158, -23126, 27370, 26874, -21831, -32266, 15421, 37095, -5378, -38279, -8720, 33775, 23190, -23833, -32217, 11216, 31448, -246, -20690, -5028, 3875, 2693, 13399, 5860, -26558, -16107, 33497, 22229, -34761, -19977, 33158, 9080, -32454, 6474, 35363, -20595, -42030, 28216, 49957, -27493, -55084, 20167, 53504, -10247, -43407, 2038, 26590, 1609, -8066, -282, -5994, -4497, 11130, 10602, -6840, -16177, -3366, 19822, 14343, -20723, -22151, 19057, 25577, -15841, -25959, 12038, 26074, -7932, -28356, 3327, 33244, 2130, -38823, -8739, 42248, 16116, -41386, -22503, 35435, 25225, -24882, -20996, 11025, 7071, 5208, 16586, -23689, -46294, 44265, 76755, -65644, -103960, 84702, 125646, -96532, -140111, 95323, 145170, -76336, -138345, 38656, 117983, 12533, -84352, -66314, 40305, 109630, 8502, -132293, -54152, 130734, 88230, -108850, -104686, 76673, 102378, -46510, -85653, 27620, 63030, -22391, -44552, 26467, 38055, -31708, -45624, 29614, 62566, -14852, -79089, -11078, 84988, 40898, -74968, -66365, 51399, 81630, -22353, -83382, -3402, 70901, 19680, -47943, -24005, 22058, 17392, -1502, -3732, -8523, -11193, 8026, 21617, -1376, -24105, -5688, 19150, 8850, -10615, -6264, 3478, -1280
1791219430.958, MrmFullScanInfo, 501, 107, 2040355, 0, 0, 0, 0, 10000, 39297, 32, 4, 2, 1, 480, 0, 0, 0, 0, 0, 0, -507, 222, 865, -551, -696, 374, 380, 415, -474, -1149, 715, 1245, -430, -806, -101, 401, 111, -75, 350, -142, -688, 147, 885, -82, -787, 54, 98, 234, 983, -908, -1933, 1606, 2106, -1808, -855, 1149, -1667, 140, 3858, -1238, -4217, 1663, 2850, -1565, -960, 1229, -211, -765, 350, 291, -133, 82, 194, -418, -427, 571, 481, -691, -225, 434, -495, 1464, 1234, -4893, -986, 7339, -250, -6545, 1311, 3538, -1339, -876, 677, -68, -80, -376, -212, 1040, 282, -1137, -206, 697, 24, -241, 147, 155, -234, -370, 430, 507, -163, -484, -1763, 709, 5380, -1286, -8576, 1377, 9118, -148, -6993, -1976, 3690, 3810, -594, -4476, -1767, 3711, 3281, -1601, -3875, -1314, 3684, 3711, -3133, -4053, 2588, 1948, -1971, 1347, 1291, -4014, -834, 5117, 769, -4747, -662, 3483, -293, -1797, 2455, 154, -5312, 1012, 7996, -1628, -9745, 1999, 10049, -2517, -8801, 3551, 6392, -5434, -3320, 8316, -303, -11855, 4638, 15054, -9343, -16651, 13446, 15918, -15810, -13062, 15957, 9137, -14376, -5366, 12108, 2465, -9884, -626, 7725, -267, -5441, 565, 3169, -757, -1402, 1563, 872, -3518, -2404, 6338, 6807, -8763, -14509, 9164, 24658, -6089, -34756, -1580, 41366, 13972, -40653, -29836, 29495, 46339, -7246, -58353, -23472, 58710, 58349, -40791, -93445, 1973, 125549, 55272, -151571, -124490, 178778, 190981, -218246, -235923, 263107, 254450, -287454, -262124, 273440, 273568, -228818, -282439, 170983, 269894, -113236, -222449, 63017, 144071, -23811, -54968, -3948, -19476, 22121, 61164, -34363, -65576, 46438, 40532, -65490, -2094, 95289, -31233, -132967, 49551, 167921, -53515, -184032, 45441, 168621, -25156, -121826, -2556, 56434, 23861, 9849, -26991, -60847, 11647, 86471, 9901, -84869, -21696, 62319, 15379, -31420, 6148, 6841, -33769, 1224, 58452, 8284, -73323, -28158, 75053, 46998, -65066, -55722, 48177, 53055, -29637, -45312, 12947, 40396, 975, -41606, -13143, 46878, 25353, -50907, -38161, 47647, 50084, -33785, -57962, 11804, 57826, 10464, -46906, -24259, 26523, 24654, -2992, -12287, -15132, -7155, 21363, 26096, -15175, -38311, 1760, 40564, 12211, -33335, -22295, 20743, 26611, -8432, -25056, 121, 19595, 3993, -13320, -6334, 9059, 9926, -7907, -16250, 8358, 24285, -7188, -30862, 2069, 32230, 6213, -26196, -14132, 13691, 17506, 1546, -14380, -14736, 6221, 21874, 3514, -21309, -11351, 14605, 14737, -5729, -12462, -1043, 5551, 3309, 2923, -1451, -9174, -1906, 10501, 3479, -6614, -1017, -190, -5701, 6224, 14743, -8341, -22788, 5462, 26557, 990, -24570, -7357, 17583, 9811, -7684, -7169, -2473, 1501, 10124, 4106, -13329, -7662, 12034, 8512, -7855, -7043, 3133, 4315, 213, -1506, -1417, -514, 1020, 1466, -286, -1681, 233, 2020, -1096, -3376, 2492, 5871, -3831, -8750, 4404, 10925, -3546, -11430, 1161, 9658, 1913, -5670, -3955, 293, 3285, 5341, 810, -10171, -7184, 13342, 13460, -14434, -17813, 13599, 20015, -11338, -20697, 8086, 20258, -4183, -18898, 108, 16820, 3753, -14298, -6817, 11755, 8466, -9536, -8799, 7802, 8851, -6710, -9512, 6396, 10620, -6732, -11495, 7285, 11676, -8014, -10626, 9165, 8002, -10333, -4633, 10489, 2415, -9165, -2534, 6860, 4346, -4064, -6342, 805, 7310, 2951, -7068, -6857, 6297, 10292, -5645, -12666, 5146, 13651, -4520, -13067, 3751, 10940, -3094, -7473, 2817
1791219430.958, MrmDetectionListInfo, 501, 196, 192, 21443, 193, 24344, 194, 28366, 195, 32073, 196, 34003, 197, 33820, 198, 32451, 199, 32100, 200, 35326, 201, 42533, 202, 51020, 203, 57233, 204, 59437, 205, 59195, 206, 62290, 207, 65535, 208, 65535, 209, 65535, 210, 65535, 211, 65535, 212, 65535, 213, 65535, 214, 65535, 215, 65535, 216, 65535, 217, 65535, 218, 65535, 219, 65535, 220, 65535, 221, 65535, 222, 65535, 223, 65535, 224, 65535, 225, 65535, 226, 65535, 227, 65535, 228, 65535, 229, 52702, 230, 27971, 231, 14089, 232, 14957, 233, 28715, 234, 46158, 235, 56449, 236, 56026, 237, 49945, 238, 44703, 239, 42922, 240, 45830, 241, 56025, 242, 65535, 243, 65535, 244, 65535, 245, 65535, 246, 65535, 247, 65535, 248, 65535, 249, 65535, 250, 65535, 251, 61349, 252, 42222, 253, 28652, 254, 22207, 255, 22318, 256, 28656, 257, 39040, 258, 47882, 259, 51045, 260, 49825, 261, 47798, 262, 45440, 263, 39959, 264, 29994, 265, 18498, 266, 10900, 267, 10978, 268, 17840, 269, 26961, 270, 34585, 271, 40526, 272, 46500, 273, 52871, 274, 57947, 275, 59957, 276, 58669, 277, 55049, 278, 50042, 279, 44115, 280, 37653, 281, 31337, 282, 25987, 283, 22347, 284, 21314, 285, 23701, 286, 28952, 287, 34873, 288, 39470, 289, 42454, 290, 44525, 291, 45852, 292, 45749, 293, 43543, 294, 39470, 295, 34987, 296, 31951, 297, 31022, 298, 30998, 299, 29637, 300, 25210, 301, 18017, 302, 10988, 304, 10173, 305, 15176, 306, 19980, 307, 23180, 308, 24377, 309, 23649, 310, 22241, 311, 22182, 312, 23986, 313, 25745, 314, 25339, 315, 22665, 316, 19198, 317, 16105, 318, 13494, 319, 11273, 320, 9828, 321, 9360, 323, 9007, 324, 8711, 325, 9134, 326, 10612, 327, 12768, 328, 14945, 329, 16671, 330, 17693, 331, 17915, 332, 17631, 333, 17482, 334, 17738, 335, 17843, 336, 16920, 337, 14631, 338, 11620, 339, 9462, 340, 9633, 341, 11749, 342, 13661, 343, 13932, 344, 13326, 345, 13377, 346, 14160, 347, 14205, 348, 12440, 349, 9408, 350, 6468, 364, 8352, 365, 12529, 366, 14930, 367, 15479, 368, 15090, 369, 14463, 370, 13915, 371, 13702, 372, 13674, 373, 12993, 374, 10939, 375, 7835, 379, 5943, 380, 8703, 381, 10462, 382, 10717, 383, 9960, 384, 8803, 385, 7434, 386, 5802, 419, 10059, 420, 12537, 421, 14478, 422, 15647, 423, 16189, 424, 16350, 425, 16222, 426, 15777, 427, 15009, 428, 13988, 429, 12796, 430, 11475, 431, 10117, 433, 8820, 435, 10021, 436, 10179, 437, 9804, 438, 9296, 470, 7783
1791219431.083, MrmFullScanInfo, 502, 107, 2040480, 0, 0, 0, 0, 10000, 39297, 32, 1, 2, 1, 480, -417716, 492728, 419425, -480457, -450763, 447697, 505077, -371653, -520102, 111317, 520122, 338405, -496348, -497513, 375438, 517078, -118372, -520189, -176421, 519847, 316620, -512491, -476611, 483830, 520192, 511785, -197459, -520098, -397513, 503471, 349246, -502582, -434892, 505215, 293132, -517851, -289607, 518667, 227379, -518206, -303986, 514458, 441450, -505448, -516453, 374319, 520192, 99492, -520043, -494797, 439218, 519708, -156891, -520138, -241577, 519747, 470732, -502538, -516715, 393407, 519948, -160503, -520191, -198529, 516883, 327786, -123086, -223079, -506221, 30442, 519915, 397886, -480007, -512869, -49512, 511703, 508061, -237979, -520191, -392503, 513533, 518698, -296766, -520119, 11877, 519903, 314742, -505984, -505896, 354912, 520095, 84729, -520130, -476819, 450795, 520012, 8466, -519396, -327513, 499456, 444514, -344750, -418564, 67067, 116533, 106427, 236445, -86602, -453034, -109584, 472635, 360577, -307091, -447315, 27317, 393909, 216858, -236550, -348397, -14593, 321762, 237776, -170746, -304751, 17178, 268244, 105960, -170660, -145508, 33275, 63038, 66479, 44079, -77938, -121334, 35305, 157306, 29410, -109936, -69145, 203, 54216, 80861, 17400, -98423, -111808, 67502, 170139, 5543, -158351, -80306, 95846, 102241, -13880, -67014, -63170, 9340, 107522, 52294, -103019, -99878, 80384, 104237, -66346, -75125, 60058, 43693, -70966, -33889, 99699, 51498, -113711, -84760, 90970, 124751, -40301, -127783, -34688, 121676, 109499, -82884, -154504, 27344, 155030, 35168, -117956, -77645, 62952, 84084, -5695, -60781, -34468, 25912, 46868, 15338, -29769, -39534, 1801, 32765, 25110, -4279, -39610, -23295, 31156, 42777, -5321, -47380, -19664, 27684, 48185, 14057, -62342, -54594, 65184, 81761, -57400, -88772, 52365, 68005, -56025, -18760, 72724, -44028, -107562, 148913, 111270, -222776, -159980, 269623, 214223, -272178, -257743, 227223, 281306, -143468, -267104, 26666, 218874, 98821, -142591, -152014, 101331, 226916, -27975, -250738, -37566, 226533, 74553, -172458, -81995, 112599, 61544, -69354, -25570, 46208, -7151, -30076, 39677, 33286, -40505, -34482, 27584, 21640, -8521, 3336, -5315, -32154, 3387, 56389, 12041, -66259, -32637, 55028, 43903, -41114, -58160, 18443, 58843, 5525, -43241, -22380, 18785, 28056, 7680, -22497, -27265, 14355, 34973, -3581, -37262, 8, 32911, -3455, -26689, 12542, 20736, -21756, -15012, 28410, 10462, -30038, -5588, 28064, 111, -26582, 9572, 25474, -11238, -26456, 11262, 27385, -8624, -26457, 2104, 23306, 5549, -16796, -13042, 7086, 21166, -1798, -27826, -9174, 32761, 19680, -35939, -26850, 34275, 27979, -27420, -23929, 16658, 14870, -5901, -2912, -2878, -8656, 8629, 17983, -13313, -22194, 18572, 20856, -24282, -13351, 33603, 2930, -44393, 5805, 57124, -10039, -67011, 5860, 66599, -1135, -63191, -3602, 51525, 6029, -33703, -1993, 15059, -5620, -942, 14155, -5904, -21399, 5152, 19258, 1920, -17868, -10389, 13480, 19021, -7905, -23271, 3133, 24757, -346, -23511, -981, 22872, 2138, -24333, -10015, 29303, 16548, -31018, -23487, 30164, 30505, -24498, -31647, 16898, 25778, -8844, -12794, 442, -7382, 6294, 41691, -8801, -68971, 17891, 96389, -29893, -121059, 43329, 144632, -53467, -161071, 54750, 166016, -39632, -152655, 6738, 115957, 36271, -64215, -71933, 6658, 95368, 47853, -96902, -87565, 80799, 106261, -52736, -101480, 26277, 78730, -10256, -52114, 7386, 26911, -17378, -17960, 30003, 24053, -33248, -41081, 21032, 59194, 6704, -67226, -42476, 58681, 73088, -17054, -72495, -6443, 75372, 27088, -62659, -38420, 38744, 36424, -14943, -22983, -2598, 3877, 6806, 14580, -325, -28090, -13454, 29464, 20232, -23289, -22003, 13922, 17416, -5686, -8378, 3385, -2382, -5962, 10137, 11001, -14225
1791219431.083, MrmFullScanInfo, 502, 107, 2040480, 0, 0, 0, 0, 10000, 39297, 32, 2, 2, 1, 480, 0, 0, 0, 0, 0, 0, 167854, -228884, -311386, 480112, 360901, -536568, -379768, 349097, 435727, -31416, -509672, -255473, 510123, 431066, -375060, -520945, 137934, 578596, 107366, -566771, -280417, 392703, 334132, -50251, -258522, -332865, 92252, 606252, 77580, -721548, -175754, 713170, 190346, -647302, -155727, 581357, 128030, -548533, -146922, 550115, 213663, -535384, -303934, 419944, 402664, -176274, -490107, -117605, 502578, 357011, -371370, -510831, 114356, 602698, 159563, -631423, -350724, 556736, 448204, -362715, -482416, 110147, 424069, 101877, -217068, -198189, -106135, 154056, 390112, 8674, -464544, -220563, 284892, 362205, 47193, -328466, -367061, 117439, 547101, 160863, -525831, -394266, 318004, 543294, -19591, -585638, -254385, 478581, 445603, -221884, -537033, -95952, 497878, 365460, -311303, -534234, 41848, 586710, 181423, -506597, -255302, 306222, 157769, -63616, 52144, -101988, -272145, 109705, 407074, 25108, -402687, -207855, 261521, 330468, -41888, -327434, -167862, 199230, 291986, -6150, -298766, -167164, 207708, 256834, -76073, -243774, -30293, 151604, 69392, -31544, -39713, -61386, -26845, 94719, 85094, -70699, -98994, 19098, 60667, 20087, 7049, -17672, -67733, -27556, 92408, 88611, -72116, -129126, 21258, 125165, 30901, -75454, -58135, -390, 50582, 72847, -15992, -118641, -26284, 131305, 55158, -119709, -59859, 100256, 45969, -88523, -29386, 90753, 25452, -99596, -40348, 98919, 69319, -74535, -100494, 23743, 120551, 41555, -118723, -100411, 90205, 133985, -40789, -133882, -13340, 103593, 53220, -55383, -66782, 6012, 53479, 28876, -23267, -40479, -7818, 29344, 25191, -4266, -23040, -21106, 5630, 34098, 16709, -28491, -32097, 6071, 31541, 25859, -13417, -57660, -15303, 80685, 42355, -90855, -54860, 89829, 43307, -83493, -2360, 76115, -66797, -68757, 152918, 64744, -236418, -72386, 297166, 98091, -320968, -137789, 299866, 178699, -232304, -206247, 128101, 212427, -8507, -197216, -102132, 164141, 185673, -117663, -232121, 64415, 237716, -14981, -207644, -19363, 155938, 31597, -99776, -21834, 52826, -2006, -22035, 27112, 7557, -41526, -3728, 39588, 1638, -24211, 6069, 4489, -21495, 9245, 40761, -10832, -56674, 317, 63034, 17580, -57597, -35770, 42086, 46955, -20599, -46063, -1416, 32715, 18714, -11470, -27923, -10595, 28718, 27295, -23912, -35492, 18182, 35166, -15621, -28370, 17593, 18226, -22505, -7820, 27303, -702, -29562, 6903, 28678, -11534, -25734, 15176, 22609, -17540, -20814, 17901, 20629, -15676, -21059, 10582, 20581, -2819, -18258, -6836, 14117, 17163, -8524, -26880, 1764, 34931, 5412, -40115, -11370, 40823, 14495, -35838, -14011, 25554, 10126, -12186, -3730, -1282, -3719, 12624, 10264, -21070, -13665, 27129, 12094, -31929, -5085, 36740, -5853, -42527, 17426, 49196, -25835, -55364, 28608, 58893, -25717, -57647, 19374, 50202, -12636, -36681, 8086, 19546, -7020, -3032, 8975, -8455, -12268, 12169, 15231, -8132, -16973, -942, 17212, 11145, -15868, -19189, 13271, 23561, -10110, -24756, 6754, 24822, -2961, -26049, -1551, 29276, 6717, -33146, -12145, 35193, 17011, -33522, -19613, 27505, 17728, -17608, -9055, 4921, -7669, 9676, 31240, -25979, -57829, 44072, 83118, -63403, -104544, 81992, 121097, -95983, -131870, 99690, 134942, -87120, -127789, 55539, 108808, -8712, -78532, -43079, 39946, 86889, 1824, -112220, -40042, 114778, 67647, -97691, -79593, 69813, 75001, -42113, -57994, 23518, 36586, -17619, -19886, 21544, 14729, -27556, -22804, 26942, 39898, -14279, -56472, -9252, 62201, 36976, -52435, -60679, 31056, 73772, -6818, -72784, -12570, 58194, 22589, -35226, -21934, 12022, 12020, 3927, 3438, -9153, -19079, 5328, 29505, 2606, -31589, -9456, 26050, 11861, -16737, -8807, 8287, 1482
1791219431.083, MrmFullScanInfo, 502, 107, 2040480, 0, 0, 0, 0, 10000, 39297, 32, 4, 2, 1, 480, 0, 0, 0, 0, 0, 0, 206, -197, -398, 159, 417, 585, -500, -1651, 804, 2049, -1168, -1362, 916, 253, -52, 216, -530, 167, 240, -828, 606, 1169, -1416, -802, 1762, -86, -1132, 601, 400, -374, -518, 62, 699, -97, 219, -16, -1251, 576, 672, -977, 962, 621, -1878, 257, 1123, -767, 341, 457, -845, 120, 147, -208, 524, -3, -315, -55, -156, 635, 158, -2036, 402, 3922, -1364, -4468, 2001, 2411, -1362, 762, -131, -2531, 1050, 2848, -913, -3343, 678, 4128, -634, -4064, 669, 2691, -1060, -682, 1633, -986, -1509, 1379, 530, -259, 62, -1301, -59, 2027, 625, -1852, -2441, 1587, 4710, -1098, -6067, -113, 5860, 1733, -4120, -2917, 1540, 3089, 801, -2113, -1991, -7, 1647, 2890, 79, -5728, -2275, 7502, 3739, -7447, -3927, 5792, 3061, -3532, -1681, 1690, 73, -863, 1591, 1177, -3140, -2235, 4325, 3257, -4843, -3649, 4543, 3477, -3641, -3157, 2739, 2747, -2339, -1862, 2404, 139, -2428, 2396, 1982, -5336, -985, 8173, -456, -10398, 2210, 11582, -4010, -11467, 5438, 10152, -6058, -8138, 5708, 6092, -4630, -4441, 3319, 3168, -2093, -2088, 917, 1137, 315, -264, -1480, -575, 2247, 1267, -2209, -1405, 1129, 592, 866, 1346, -3189, -4384, 4967, 8264, -5038, -12395, 2358, 15611, 3081, -16008, -10043, 11235, 16843, 624, -22037, -20097, 24113, 46158, -21170, -76521, 15405, 107466, -11105, -134412, 6160, 155290, 9271, -172019, -42181, 186219, 87622, -195626, -133094, 196163, 164540, -185970, -167377, 168445, 129890, -148587, -51769, 128874, -50477, -110961, 149729, 99298, -220760, -99551, 246061, 111899, -217392, -128791, 139477, 140047, -30540, -137915, -83192, 118097, 176035, -80165, -229239, 30008, 234469, 18479, -197057, -48866, 134414, 50927, -68443, -26192, 17382, -12472, 8856, 47203, -10237, -63439, -3751, 55502, 18129, -28039, -20735, -6425, 8790, 33030, 10019, -41577, -22972, 31063, 20130, -9404, 920, -10772, -35099, 17988, 72381, -6861, -100503, -19461, 109139, 50889, -93648, -75539, 58088, 84946, -15172, -76349, -19101, 52873, 33745, -22750, -27693, -3390, 8152, 17290, 14158, -16543, -30327, 5178, 36290, 9208, -32722, -20117, 23442, 25182, -13425, -25696, 6441, 24474, -3030, -24192, 842, 26240, 2892, -30449, -9329, 35189, 17642, -37837, -25747, 36038, 31125, -29174, -31696, 18977, 27081, -8516, -18936, 711, 10286, 2955, -4099, -2890, 2064, 993, -3991, 476, 8163, -44, -12217, -2348, 14196, 5616, -13377, -8275, 10313, 9155, -6203, -7913, 2269, 5066, 620, -1589, -2140, -1567, 2518, 3800, -2141, -4925, 1209, 5196, 65, -4939, -1280, 4345, 2062, -3434, -2244, 2202, 1767, -632, -577, -1105, -1138, 2405, 2983, -2533, -4559, 1193, 5639, 1204, -6036, -3807, 5572, 5912, -4094, -7307, 1597, 8179, 1764, -8774, -5716, 9199, 9526, -9325, -11992, 8696, 12138, -6800, -9863, 3655, 5796, -83, -654, -2394, -4987, 2274, 10566, 969, -15240, -6386, 17989, 12289, -17989, -17153, 14936, 20093, -9051, -20785, 1134, 19397, 7443, -16494, -15149, 12772, 20821, -9262, -24044, 7143, 24982, -6847, -24173, 7595, 22565, -8212, -21158, 8148, 20417, -7255, -20032, 5386, 19702, -2599, -19371, -650, 18530, 3965, -16117, -7223, 11687, 10033, -6112, -11430, 871, 10588, 2850, -7442, -4608, 2858, 4732, 1689, -3936, -4771, 2866, 5818, -1977, -5260, 1571, 4079, -1629, -3241, 1735, 3291
1791219431.083, MrmDetectionListInfo, 502, 175, 206, 22458, 207, 30819, 208, 37954, 209, 43599, 210, 49153, 211, 55524, 212, 62269, 213, 65535, 214, 65535, 215, 65535, 216, 65535, 217, 65535, 218, 65535, 219, 65535, 220, 65535, 221, 65535, 222, 65535, 223, 65535, 224, 65535, 225, 65535, 226, 65535, 227, 65535, 228, 65535, 229, 65535, 230, 65535, 231, 65535, 232, 65535, 233, 65535, 234, 65535, 235, 65535, 236, 65535, 237, 65535, 238, 65535, 239, 65535, 240, 65535, 241, 65535, 242, 65535, 243, 65535, 244, 65535, 245, 65535, 246, 65535, 247, 65535, 248, 65535, 249, 65535, 250, 65535, 251, 65535, 252, 65535, 253, 65535, 254, 65535, 255, 65535, 256, 65535, 257, 65535, 258, 65535, 259, 48509, 260, 27913, 261, 14021, 263, 16998, 264, 28469, 265, 36854, 266, 37799, 267, 33679, 268, 29652, 269, 27322, 270, 24018, 271, 17943, 272, 12087, 273, 11836, 274, 18460, 275, 26963, 276, 31476, 277, 30331, 278, 25151, 279, 17728, 282, 11779, 283, 25141, 284, 39491, 285, 48218, 286, 51820, 287, 55933, 288, 63872, 289, 65535, 290, 65535, 291, 65535, 292, 65535, 293, 65535, 294, 57553, 295, 48220, 296, 41910, 297, 39503, 298, 38318, 299, 34521, 300, 26745, 301, 17135, 302, 9674, 304, 11497, 305, 17416, 306, 21231, 307, 21625, 308, 20487, 309, 20379, 310, 21989, 311, 23939, 312, 24564, 313, 23396, 314, 21159, 315, 18834, 316, 16901, 317, 15362, 318, 14144, 319, 13299, 320, 12931, 321, 13177, 322, 14221, 323, 16168, 324, 18899, 325, 22070, 326, 25268, 327, 28147, 328, 30457, 329, 31973, 330, 32475, 331, 31802, 332, 29931, 333, 26995, 334, 23238, 335, 18968, 336, 14522, 337, 10308, 349, 6882, 350, 8154, 351, 9349, 352, 10122, 353, 10322, 354, 10025, 355, 9359, 356, 8371, 357, 7081, 394, 5519, 398, 4810, 399, 5343, 400, 6361, 401, 7641, 403, 9745, 404, 10300, 405, 10534, 406, 10394, 407, 9780, 420, 11920, 421, 14425, 422, 16064, 423, 16754, 424, 16877, 425, 16635, 426, 15878, 427, 14432, 428, 12509, 430, 10921, 431, 12450, 432, 14421, 433, 15619, 434, 15867, 435, 15784, 436, 15854, 437, 16029, 438, 16060, 439, 15901, 440, 15700, 441, 15559, 442, 15431, 443, 15225, 444, 14930, 445, 14605, 446, 14294, 447, 13973, 449, 13052
1791219431.207, MrmFullScanInfo, 503, 107, 2040605, 0, 0, 0, 0, 10000, 39297, 32, 1, 2, 1, 480, -422492, 492074, 418760, -481683, -452188, 445525, 504674, -375497, -519917, 109994, 520176, 333462, -497293, -495096, 373401, 516545, -114519, -520192, -171560, 519666, 322381, -511635, -475514, 481575, 520192, 512370, -202709, -520126, -393249, 503513, 349514, -501589, -436971, 506328, 283583, -518278, -295071, 517235, 229650, -518153, -304574, 514612, 438534, -506088, -515553, 372023, 520192, 101820, -519996, -495157, 444029, 519863, -149804, -519737, -239618, 519857, 470684, -503484, -516653, 390900, 519926, -160464, -520166, -195085, 516234, 336169, -122599, -221584, -504923, 19148, 520013, 397628, -480352, -513779, -52029, 513420, 507831, -236452, -520178, -390392, 513097, 518623, -302073, -520123, -3408, 519996, 315480, -506441, -504669, 359309, 520117, 81750, -520093, -476928, 452255, 519963, 7664, -519730, -327750, 500483, 442887, -349143, -421076, 67253, 115751, 98289, 232335, -79617, -451436, -112199, 472366, 362527, -306106, -446745, 25558, 393056, 216702, -234951, -352629, -15486, 318907, 239942, -170160, -304778, 18893, 269843, 105843, -173935, -144990, 34734, 63250, 65074, 43256, -78106, -116768, 34951, 149832, 32435, -99214, -71311, -8970, 54887, 87545, 14718, -105938, -112161, 73489, 168849, 3188, -156675, -78277, 95855, 103853, -13698, -69594, -62441, 12059, 105794, 47819, -100579, -96450, 77718, 100666, -63371, -71965, 57043, 41591, -68571, -30809, 98332, 47923, -111086, -83043, 90774, 124129, -40829, -128215, -34641, 122252, 108795, -84254, -154201, 28137, 154325, 33379, -116728, -76077, 61918, 83167, -4661, -60354, -36012, 24014, 48369, 16310, -31740, -40121, 3047, 29737, 26231, -354, -40392, -32001, 35257, 58564, -12313, -74735, -9872, 71946, 20026, -55809, -24251, 44239, 13856, -47091, 5549, 54664, -25564, -71751, 40669, 90968, -49120, -98196, 44406, 78234, -44085, -66124, 9446, 49933, 30099, -24924, -76035, 2013, 115600, 13149, -141996, -24153, 153499, 34582, -146090, 6537, 121776, 20243, -75726, -53445, 18355, 87823, 39280, -102979, -92700, 101133, 122868, -79580, -127081, 46552, 103980, -22091, -50729, -3484, 10360, 14537, 25871, -9880, -45102, 3224, 46973, 433, -35719, 11860, 19633, -40098, -7158, 60071, 4224, -90659, -18685, 111684, 45079, -112265, -68905, 96330, 85664, -65655, -83997, 31423, 66626, -2106, -37854, -16959, 8642, 11229, 18820, 4830, -32610, -22700, 30659, 32412, -15974, -30900, -2001, 18913, 17435, -1219, -25478, -10894, 24784, 20724, -22757, -25196, 19466, 21325, -18129, -11415, 16888, 1027, -17966, 8186, 18813, -15571, -15111, 23295, 5842, -24810, 3186, 29223, -12638, -29942, 18466, 30291, -16827, -26743, 8794, 20225, 2701, -8647, -15438, -4870, 23668, 18673, -31595, -28729, 36671, 34006, -40243, -31653, 44126, 23461, -50866, -13447, 59080, 4833, -68111, -4487, 70232, 4277, -66454, -7788, 57425, 6917, -40174, -3487, 22651, -3911, -8293, 12270, 208, -19718, -1508, 20695, 8196, -18740, -15001, 11016, 19647, -3560, -20857, -5927, 17285, 13086, -12537, -16912, 8880, 18870, -8568, -23357, 12426, 26852, -18845, -31157, 22017, 35595, -22895, -37768, 20446, 34314, -14007, -22663, 6627, 4040, 1554, 33023, -4563, -61687, 15201, 93733, -26520, -121822, 39533, 146345, -48404, -166236, 47043, 173528, -31493, -162638, 2525, 125303, 40702, -80754, -71616, 27991, 94664, 23342, -99868, -66480, 88617, 92605, -67134, -99182, 43282, 86996, -28252, -67681, 24737, 48297, -29459, -40722, 36116, 44036, -35982, -57607, 20659, 71666, 8061, -76846, -44642, 67464, 75264, -32002, -75347, 7500, 78761, 15396, -68828, -31195, 46051, 34440, -19147, -24497, -563, 5156, 8517, 14667, -4780, -29132, -8888, 34212, 15267, -28807, -18654, 18181, 13961, -6657, -3890, 41, -9331, -1147, 20147, 7834, -25483
1791219431.207, MrmFullScanInfo, 503, 107, 2040605, 0, 0, 0, 0, 10000, 39297, 32, 2, 2, 1, 480, 0, 0, 0, 0, 0, 0, 168205, -229067, -311855, 480607, 361124, -537501, -379586, 350664, 435128, -33538, -508396, -253438, 508347, 429958, -373454, -520780, 136906, 578658, 108045, -566440, -281377, 391982, 335984, -49769, -261405, -332449, 95081, 605167, 75640, -720617, -174426, 712703, 189419, -647070, -155788, 581330, 129121, -548856, -147785, 550430, 213452, -534934, -303098, 418466, 402468, -174478, -490861, -118715, 503313, 357249, -371209, -510823, 113581, 602772, 160110, -631314, -350889, 556426, 448150, -362207, -482239, 109146, 424042, 102786, -217336, -197401, -106165, 151042, 390916, 12312, -465576, -223085, 285305, 363372, 47484, -328867, -367825, 117732, 547419, 160552, -524271, -394612, 314408, 545010, -15916, -588554, -255900, 481654, 444957, -224053, -535799, -95062, 497415, 365464, -311889, -534802, 42921, 587879, 180454, -508717, -254796, 309854, 157736, -68908, 52105, -95973, -272340, 104761, 407286, 27788, -402366, -208349, 260266, 329675, -39956, -326260, -169613, 198062, 292904, -4953, -299012, -168524, 207997, 258412, -76775, -245517, -29371, 153220, 68946, -32803, -40818, -60088, -23197, 92427, 78736, -66786, -90954, 13957, 52476, 25291, 14366, -21951, -73855, -24441, 97186, 86423, -75191, -127681, 22328, 124617, 31715, -76032, -60334, 1371, 53492, 70050, -19042, -115118, -23466, 127429, 52781, -115824, -57926, 96679, 44227, -85395, -27531, 88036, 23538, -97381, -38817, 97538, 68517, -74213, -100427, 24289, 121020, 40554, -119525, -99256, 91229, 132751, -41921, -132527, -12308, 102136, 52440, -53875, -66185, 4404, 52944, 30649, -23038, -42123, -7131, 30142, 22925, -3354, -18401, -24605, -2789, 41278, 31403, -41714, -56680, 29649, 70293, -13511, -70510, 1976, 62631, -1264, -54465, 13041, 51609, -33633, -55391, 55788, 62133, -71972, -65537, 75745, 62161, -62715, -53962, 32207, 45196, 11728, -38383, -60884, 34017, 105785, -31066, -138317, 30090, 152919, -31322, -146483, 28896, 120217, -11960, -80924, -24101, 37077, 70034, 5546, -109633, -43460, 129376, 72643, -124390, -87044, 98275, 81927, -59721, -58615, 19592, 25277, 11752, 7533, -28186, -31491, 31101, 41791, -28433, -37571, 29144, 22143, -38288, -2833, 56082, -11160, -79212, 12993, 101621, -1299, -115445, -19452, 114411, 41153, -96894, -55438, 66678, 57005, -32139, -45147, 3546, 23165, 11395, 2730, -11292, -24576, 1065, 35225, 11626, -31719, -20023, 16687, 20794, 3153, -14497, -20467, 4204, 30718, 6231, -33490, -13145, 31041, 14012, -26045, -8655, 20566, -723, -15663, 11110, 11004, -19871, -5294, 25336, -2285, -27120, 11141, 26116, -19370, -23738, 24398, 21027, -23921, -18242, 17057, 14787, -4930, -9719, -9870, 2628, 24520, 5658, -36902, -13064, 45924, 17039, -51504, -15756, 54600, 9091, -56797, 909, 59341, -10813, -62149, 17394, 63769, -19187, -62010, 16991, 55037, -13013, -42490, 9679, 26281, -8642, -10278, 10264, -1235, -13602, 5506, 16900, -2632, -18331, -4668, 16661, 12653, -11601, -18279, 4027, 20281, 4306, -19317, -11620, 17431, 17026, -17031, -20541, 19508, 22677, -24278, -24128, 29233, 25324, -31964, -25593, 30697, 23107, -24585, -15045, 13888, -898, 644, 24519, -18324, -52512, 38393, 80350, -59459, -104856, 78883, 124518, -92659, -138357, 95833, 144216, -83454, -139273, 53366, 122288, -9250, -94492, -39375, 58687, 81111, -18639, -107338, -20413, 114513, 52130, -104714, -70931, 84532, 74494, -62526, -65295, 45987, 50040, -38216, -37036, 37443, 32843, -37793, -39551, 32177, 53964, -16033, -68151, -9233, 73154, 37144, -64226, -60283, 43671, 73364, -18670, -73602, -3387, 60841, 17186, -38923, -20103, 15008, 12528, 3306, 2193, -11552, -18533, 10201, 30494, -3527, -33884, -3242, 28266, 6223, -17050, -3625, 5597, -3979
1791219431.207, MrmFullScanInfo, 503, 107, 2040605, 0, 0, 0, 0, 10000, 39297, 32, 4, 2, 1, 480, 0, 0, 0, 0, 0, 0, 461, -279, -665, 596, 409, -714, -23, 863, -255, -1214, 770, 1408, -1389, -960, 1593, 234, -1234, 125, 728, 17, -652, -266, 1219, 164, -2109, 378, 2326, -846, -1786, 815, 1208, -523, -780, 301, 114, -117, 635, -74, -759, -34, 365, 630, -44, -1291, 293, 1394, -601, -839, 379, 232, 225, -62, -578, 107, 449, 24, -251, -13, 19, -274, 336, 423, -571, -624, 516, 1450, -528, -2453, 694, 2480, -580, -1334, 59, -164, 526, 1225, -972, -1304, 544, 747, 1155, -610, -2930, 1317, 3046, -2366, -1285, 2993, -643, -2732, 1234, 1744, -155, -778, -1805, 125, 3391, 675, -3896, -2179, 3274, 4456, -1930, -6699, 628, 7534, 232, -6016, -772, 2760, 1180, 762, -1399, -3318, 1169, 4413, -374, -4244, -565, 3393, 935, -2464, -377, 1863, -653, -1722, 1510, 1819, -1573, -2005, 348, 2561, 2178, -3786, -5190, 5388, 7354, -6526, -7882, 6481, 7069, -5298, -5659, 3604, 4070, -1885, -2278, 221, 366, 1586, 1272, -3496, -2248, 5217, 2419, -6425, -2014, 6922, 1435, -6752, -975, 6152, 795, -5308, -957, 4400, 1376, -3559, -1700, 2663, 1615, -1475, -1211, 80, 760, 1095, -362, -1743, -43, 1910, 534, -1866, -1005, 1829, 1249, -1824, -1239, 1915, 1176, -2373, -1186, 3427, 1039, -4905, -481, 6570, -439, -8490, 1635, 10886, -3270, -13631, 6732, 15431, -13833, -13930, 24503, 7217, -36051, 4684, 44834, -20408, -47686, 38568, 41430, -57768, -23267, 76381, -9858, -89541, 58303, 90461, -114122, -78072, 162429, 60181, -189914, -45773, 190286, 36547, -162142, -28666, 108020, 18113, -35047, -6192, -42976, -989, 105915, -389, -134604, 7785, 121849, -17001, -76753, 27976, 19076, -42722, 29949, 60494, -56384, -75372, 57040, 79122, -37674, -66889, 9607, 40674, 14019, -7895, -23403, -21731, 17201, 38916, -2668, -38028, -9774, 20184, 12358, 6647, -2410, -31345, -17850, 44681, 42339, -42357, -62869, 25847, 72588, -1706, -68876, -21019, 54247, 34586, -35341, -35490, 20169, 25158, -14455, -8750, 18886, -6932, -29147, 16071, 38745, -16328, -42293, 9554, 37938, -583, -27638, -5671, 15539, 7024, -5901, -4627, 1761, 1189, -4153, 1074, 11815, -971, -21864, -1596, 31513, 5377, -38759, -8371, 42081, 9553, -40531, -9551, 34623, 9453, -26410, -9523, 18298, 9480, -12025, -9241, 8178, 9224, -6337, -10074, 5526, 12118, -4633, -15038, 2734, 17927, 624, -19683, -5102, 19558, 9489, -17450, -12297, 14029, 12556, -10285, -10348, 7075, 6626, -4845, -2634, 3772, -570, -3799, 2468, 4527, -3121, -5414, 3192, 5980, -3321, -5879, 3392, 4930, -2519, -3268, -131, 1290, 4657, 706, -10397, -2682, 16202, 4791, -20632, -7201, 22580, 9697, -21756, -11433, 18635, 11380, -14152, -9080, 9484, 5069, -5692, -523, 3304, -3223, -2153, 5361, 1766, -5874, -1620, 5370, 1263, -4596, -591, 4013, -199, -3691, 996, 3270, -2051, -1930, 3415, -856, -5029, 4897, 7456, -9483, -11491, 13555, 16875, -15502, -21891, 13564, 24471, -7263, -23295, -2019, 18488, 11532, -11380, -18313, 3717, 20574, 2983, -18441, -7527, 13580, 9220, -8042, -8258, 3422, 5794, -584, -3549, -281, 2906, -482, -3987, 2025, 5693, -3136, -6665, 3046, 6254, -1954, -4676, 802, 2787, -437, -1414, 1044, 1006, -2219, -1621, 3374, 2875, -4113, -3855, 4327, 3512, -4176, -1415, 4065, -1825, -4386
1791219431.207, MrmDetectionListInfo, 503, 170, 215, 18292, 216, 19583, 217, 21316, 218, 24296, 219, 28997, 220, 34799, 221, 40109, 222, 43651, 223, 45301, 224, 45712, 225, 45729, 226, 46613, 227, 50896, 228, 61274, 229, 65535, 230, 65535, 231, 65535, 232, 65535, 233, 65535, 234, 65535, 235, 65535, 236, 65535, 237, 65535, 238, 65535, 239, 65535, 240, 65535, 241, 59730, 242, 39681, 243, 22735, 244, 15968, 245, 22765, 246, 39164, 247, 56520, 248, 65535, 249, 65535, 250, 65535, 251, 64426, 252, 57066, 253, 46852, 254, 35574, 255, 28097, 256, 29725, 257, 40782, 258, 55272, 259, 65535, 260, 65535, 261, 65535, 262, 61405, 263, 53015, 264, 42225, 265, 30626, 266, 21262, 267, 15984, 268, 14749, 269, 17004, 270, 21325, 271, 24829, 272, 25094, 273, 22532, 274, 19666, 275, 17765, 276, 15593, 277, 11998, 278, 8864, 279, 10518, 280, 19065, 281, 31164, 282, 41187, 283, 46503, 284, 48268, 285, 48232, 286, 46462, 287, 42536, 288, 38224, 289, 36956, 290, 39435, 291, 41951, 292, 40575, 293, 35262, 294, 28850, 295, 23471, 296, 19121, 297, 15208, 299, 12356, 300, 15712, 301, 21158, 302, 26262, 303, 29071, 304, 29134, 305, 27185, 306, 24072, 307, 20292, 308, 16511, 309, 13703, 310, 12097, 319, 7158, 320, 9761, 321, 12448, 322, 15251, 323, 18220, 324, 21157, 325, 23608, 326, 25185, 327, 25801, 328, 25597, 329, 24735, 330, 23322, 331, 21481, 332, 19393, 333, 17252, 334, 15202, 335, 13321, 336, 11661, 337, 10271, 338, 9194, 339, 8447, 340, 8023, 341, 7894, 342, 8015, 343, 8326, 344, 8745, 345, 9172, 346, 9514, 347, 9722, 348, 9865, 349, 10225, 350, 11137, 351, 12532, 352, 13819, 353, 14440, 354, 14337, 355, 13800, 356, 13024, 357, 11976, 358, 10596, 359, 8970, 360, 7287, 382, 4695, 383, 6743, 384, 8674, 385, 10508, 386, 12241, 387, 13762, 388, 14950, 389, 15755, 390, 16169, 391, 16173, 392, 15728, 393, 14814, 394, 13462, 395, 11748, 396, 9781, 397, 7685, 398, 5591, 423, 8064, 424, 10220, 425, 12308, 426, 14389, 427, 16355, 428, 17880, 429, 18621, 430, 18392, 431, 17215, 432, 15326, 433, 13230, 434, 11757, 435, 11672, 436, 12733, 437, 13608, 438, 13243
1791219431.332, MrmFullScanInfo, 504, 107, 2040730, 0, 0, 0, 0, 10000, 39297, 32, 1, 2, 1, 480, -421275, 492893, 416275, -479980, -448122, 447819, 505346, -368300, -520047, 115945, 520156, 335673, -493837, -498987, 372744, 517932, -112954, -519982, -173110, 519587, 317422, -512749, -476917, 480967, 520192, 512549, -202080, -520127, -399173, 501594, 353516, -502381, -435094, 506070, 286454, -517734, -294905, 518499, 232134, -517915, -305675, 517250, 437239, -507124, -515924, 368323, 520192, 104515, -520082, -495427, 442496, 518896, -151803, -519387, -244881, 519615, 468494, -503439, -515727, 391984, 520103, -158212, -520192, -193735, 517480, 327566, -115301, -235979, -510928, 29491, 519816, 398592, -481034, -514805, -53556, 512982, 507594, -231833, -520179, -392684, 512937, 519067, -299840, -520089, 1483, 519983, 318719, -504553, -504419, 359847, 520046, 90309, -520124, -477736, 447763, 519994, 10163, -519445, -325459, 500747, 447912, -346038, -428473, 65529, 120969, 102664, 233898, -75122, -447561, -118546, 465080, 369617, -297190, -448188, 19857, 393640, 227141, -232461, -362850, -19878, 331429, 247866, -175297, -311997, 22916, 274138, 103309, -175797, -141640, 38666, 60190, 60735, 44139, -73574, -117090, 31733, 149641, 34401, -96797, -75568, -17055, 59156, 99449, 12827, -114079, -108862, 82362, 166371, -3031, -155063, -74067, 92495, 101184, -12983, -70971, -64443, 13904, 106821, 46096, -100302, -94762, 76169, 99295, -62510, -71557, 55457, 41209, -66959, -30068, 97230, 47333, -111815, -82320, 91052, 123561, -40254, -128546, -34848, 123894, 108825, -84620, -155573, 29520, 155884, 32831, -118740, -76030, 63357, 82970, -4720, -60785, -37282, 24834, 48858, 16140, -31246, -39569, 5764, 31251, 23680, 391, -39322, -31878, 34132, 58666, -9761, -72565, -14426, 67711, 32861, -45455, -43217, 19434, 44209, -3085, -37045, -13056, 30800, 25113, -25791, -31864, 20051, 42936, -14798, -58345, 24182, 61856, -20515, -58642, 10412, 55003, -7762, -48929, 7528, 43505, -11053, -49995, 17925, 71708, -28522, -97705, 51539, 138045, -60870, -171910, 63729, 195113, -62886, -186898, 49632, 153230, -35200, -107218, 21290, 58436, -9118, -24227, 6578, 3905, 1559, 5773, -7900, -6545, 20936, 6932, -34541, -10108, 42597, 23939, -43695, -43910, 36561, 38492, -22636, -55715, 4818, 65914, 14229, -68540, -24619, 61654, 31668, -51077, -32064, 39589, 30904, -26941, -29967, 12844, 31848, 694, -31522, -15656, 30322, 32238, -27765, -45157, 22032, 50935, -15636, -48568, 10345, 37787, -6023, -21937, 4682, 10798, -6324, -6326, 9458, 7368, -10161, -9845, 5668, 13961, 1309, -11789, -10294, 2545, 17355, 10017, -18668, -24333, 14882, 33533, -5424, -34351, -5179, 24857, 16398, -7635, -21865, -10364, 22044, 24470, -18174, -32550, 13271, 33116, -13102, -28405, 18402, 20659, -29275, -13518, 44595, 7776, -57044, -5720, 67295, 5956, -72565, -12595, 68237, 12844, -62313, -10846, 54450, 6687, -44684, -2626, 36017, -2168, -28432, 4201, 23612, -5603, -19952, 9838, 18840, -8688, -17377, 8671, 17310, -8196, -17602, 6403, 18428, -3509, -21391, -2534, 24944, 9977, -27340, -27781, 30854, 37109, -28545, -42994, 24377, 44665, -18204, -39182, 12750, 28154, -8603, -12700, 5656, -4880, -1605, 36984, -1236, -61527, 13549, 86292, -31244, -112690, 49664, 141664, -61761, -165841, 60098, 178645, -40823, -171756, 3357, 133567, 43221, -83406, -81939, 24628, 106702, 33381, -110115, -79716, 94746, 105638, -67164, -109241, 40497, 93367, -20541, -70369, 12926, 46933, -17612, -34361, 23845, 34632, -23988, -45581, 9995, 57342, 17405, -62243, -52005, 51959, 81200, -16435, -80074, -5700, 83728, 26726, -69555, -41995, 44117, 42446, -15404, -29082, -7826, 5876, 17496, 19325, -14173, -35123, 2581, 41943, 6805, -40092, -13193, 31610, 13784, -20382, -8040, 12953, -1682, -11159, 10997, 13335, -16305
1791219431.332, MrmFullScanInfo, 504, 107, 2040730, 0, 0, 0, 0, 10000, 39297, 32, 2, 2, 1, 480, 0, 0, 0, 0, 0, 0, 167323, -228457, -310359, 479210, 360083, -536095, -379248, 349794, 434736, -32657, -507540, -255100, 507326, 431984, -372867, -522278, 137111, 579172, 107227, -566123, -280574, 391353, 335287, -49312, -259924, -332745, 92432, 605650, 78619, -721310, -176604, 713308, 190640, -647450, -156639, 581812, 129866, -549822, -148186, 551561, 213311, -535227, -302857, 417332, 402658, -172592, -491458, -120105, 503623, 357610, -370647, -510597, 112444, 602629, 160923, -631309, -350873, 556261, 447797, -362396, -481601, 109743, 422180, 103931, -214279, -202459, -108539, 158456, 391099, 6721, -464316, -221076, 284212, 363225, 47860, -328331, -367829, 116249, 547633, 162119, -524854, -395303, 314962, 544647, -15906, -587263, -256630, 479402, 445883, -221071, -536130, -97973, 496727, 367484, -310379, -535637, 40595, 587678, 184247, -507956, -259960, 309276, 162802, -69477, 48346, -93227, -269511, 99506, 404164, 34414, -397979, -214362, 253965, 333569, -31243, -327607, -180446, 197055, 304311, -2078, -308985, -172410, 215315, 262279, -81603, -248824, -26104, 156168, 66387, -35827, -38641, -56916, -24801, 89234, 79040, -63329, -88818, 9610, 47281, 30889, 21948, -28395, -82170, -18088, 104643, 80959, -80919, -123478, 25943, 121668, 30323, -74218, -60934, 596, 55389, 69880, -21267, -114140, -21708, 125945, 51845, -114201, -57705, 95149, 44345, -84111, -27586, 87182, 23272, -96997, -38256, 97400, 68052, -74105, -100509, 24177, 121765, 40734, -120715, -99739, 92556, 133714, -43152, -133824, -11368, 103279, 51997, -54389, -66383, 4295, 53674, 31095, -23848, -42922, -6582, 31541, 22547, -5236, -17947, -22697, -3246, 39354, 31377, -38633, -55513, 23121, 66804, -453, -62206, -21264, 45455, 36207, -23571, -42417, 2614, 41691, 14353, -37432, -27501, 33461, 38378, -32773, -46837, 34889, 51218, -35940, -51223, 33099, 48523, -27803, -45278, 23871, 44289, -24834, -48957, 33594, 61804, -51301, -82754, 75445, 108964, -99991, -134657, 117659, 151390, -122486, -151477, 111618, 132509, -86950, -99342, 55321, 61557, -25334, -28626, 3153, 6250, 10226, 4586, -18165, -6405, 24859, 4043, -32434, -3456, 40233, 8100, -45709, -17544, 45740, 30006, -38741, -44388, 26445, 58608, -12606, -68289, 376, 69948, 8898, -63398, -15360, 51215, 19992, -36619, -24026, 21914, 28137, -7826, -32183, -6008, 35537, 19609, -37374, -31523, 36814, 39189, -33294, -40302, 27021, 34473, -19198, -24086, 11989, 13364, -7588, -5956, 6576, 3326, -7271, -4685, 6887, 7572, -3322, -8800, -3639, 5850, 12199, 1842, -19271, -12493, 21914, 22511, -18470, -27831, 9210, 25810, 3569, -16539, -16235, 2774, 25304, 11391, -29196, -22083, 29010, 26713, -27757, -24523, 28723, 16635, -33745, -5573, 42476, -5525, -52848, 13656, 62112, -17018, -67878, 15975, 68796, -12785, -64767, 10012, 56774, -8913, -46449, 9311, 35793, -10304, -26638, 11324, 20057, -12320, -16071, 13273, 14048, -13870, -13321, 13815, 13464, -13048, -14387, 11417, 16352, -8617, -19660, 3857, 24451, 3644, -30373, -13320, 36110, 23009, -39483, -30201, 38776, 33248, -33908, -31192, 26126, 23752, -16920, -10740, 7051, -7845, 4160, 30677, -18473, -54735, 37233, 77202, -59840, -97407, 83006, 115858, -101012, -131988, 106791, 142501, -93980, -142439, 60224, 128277, -10058, -99992, -45343, 60763, 92473, -15882, -120815, -27629, 126286, 62066, -111845, -81352, 85581, 83507, -57513, -71659, 36054, 53002, -25079, -36212, 22713, 28303, -22644, -31842, 17443, 43881, -2330, -56479, -21520, 60625, 47961, -51680, -69614, 31934, 80786, -8139, -78402, -12717, 62456, 25171, -37120, -26112, 9786, 15820, 11728, 1874, -22493, -20910, 22327, 35356, -15001, -41464, 5784, 38746, 847, -29891, -2323, 19338, -1531
1791219431.332, MrmFullScanInfo, 504, 107, 2040730, 0, 0, 0, 0, 10000, 39297, 32, 4, 2, 1, 480, 0, 0, 0, 0, 0, 0, -697, 508, 1229, -1156, -878, 1066, 347, -410, -536, 272, 1224, -1028, -1624, 1640, 1230, -1427, -266, 560, -532, 373, 504, -806, -127, 572, 525, -136, -1619, 94, 2189, -314, -1606, 354, 823, -217, -811, 418, 1124, -1040, -842, 1211, 50, -124, 266, -1626, 264, 2470, -855, -1752, 508, 454, 641, 207, -1395, -98, 1013, 20, -83, -189, -349, -221, 778, 530, -2077, 1302, 3208, -4877, -2515, 6627, 430, -4575, 1015, 1329, -1046, -2, 557, 796, -357, -1812, 393, 1762, -56, -928, -720, 237, 1321, 255, -1269, -1032, 655, 1962, 160, -2329, -735, 1805, 818, -850, -1092, 103, 2455, -93, -4121, 1128, 4515, -3134, -3604, 5656, 2896, -7622, -3360, 7803, 4836, -5916, -6955, 2902, 9406, -3, -11288, -2270, 11481, 3872, -9826, -4633, 7300, 4485, -5134, -3917, 3833, 3571, -3065, -3651, 2112, 3960, -477, -4448, -2028, 5360, 5294, -6720, -8520, 7977, 10570, -8402, -10756, 7743, 9280, -6334, -6814, 4618, 3869, -2848, -882, 1117, -1628, 517, 3117, -1943, -3370, 3032, 2700, -3601, -1663, 3643, 809, -3329, -453, 2813, 604, -2121, -976, 1362, 1156, -708, -816, 191, 22, 217, 836, -374, -1429, 133, 1702, 360, -1710, -708, 1436, 575, -876, 32, 173, -693, 373, 1161, -499, -1598, 380, 2058, -379, -2085, 610, 1305, -903, -31, 1177, -950, -1660, 1002, 2257, 274, -1899, -3504, -1399, 9722, 10000, -19677, -25938, 32676, 50086, -45749, -81530, 56565, 116604, -63346, -148608, 60763, 170791, -40645, -179840, 333, 175407, 51290, -158111, -98918, 130147, 128284, -98843, -130503, 74023, 103323, -59933, -51916, 52499, -11758, -45310, 73050, 35581, -119098, -23015, 141618, 8735, -138334, 4572, 112902, -13165, -73650, 14277, 31220, -8246, 5319, -1610, -31711, 11585, 48263, -19437, -56887, 24235, 59186, -26630, -55971, 28095, 48202, -28999, -38508, 28088, 31022, -24335, -28518, 18173, 30030, -10159, -31645, 336, 29026, 10979, -19558, -21568, 3061, 27308, 18361, -24226, -40624, 11296, 58249, 8307, -66019, -28397, 61326, 42255, -45535, -45328, 23462, 37145, -1403, -21441, -15052, 4419, 22947, 7991, -22832, -12298, 18046, 8581, -12852, -252, 10337, -7676, -10927, 10851, 12410, -7575, -11378, -459, 5288, 9046, 6059, -13554, -19993, 11229, 31896, -2511, -37280, -9110, 33988, 18845, -23276, -22813, 9171, 19652, 3360, -10973, -10318, 561, 10212, 7404, -4621, -10132, -2765, 7236, 8212, -720, -9775, -5864, 7871, 9192, -4758, -8010, 3341, 3710, -5609, 874, 11502, -3173, -18754, 2501, 23935, -27, -24139, -2496, 18752, 3839, -9900, -3326, 1095, 745, 4552, 3113, -5441, -6583, 1952, 7600, 3939, -4889, -9503, -862, 12299, 7175, -11089, -11206, 6453, 11338, -533, -7701, -4086, 2047, 5601, 3103, -3860, -5712, 350, 4934, 2684, -1249, -3450, -3618, 1421, 7265, 2608, -7746, -6968, 4599, 9852, 972, -10137, -6703, 7677, 10464, -3147, -11301, -2162, 9537, 6777, -6095, -9516, 2047, 10071, 1670, -8823, -4446, 6250, 6072, -2712, -6517, -1355, 5699, 5376, -3568, -8861, 373, 11469, 3293, -12907, -6723, 13059, 9262, -12096, -10425, 10491, 10083, -8603, -8724, 6472, 7343, -4066, -6572, 1403, 6114, 1596, -5069, -5030, 2958, 8716, -99, -11962, -2946, 13805, 6047, -13528, -9245, 11137, 12057, -7329, -13577, 3120, 13146, 540
1791219431.332, MrmDetectionListInfo, 504, 153, 222, 20742, 223, 28897, 224, 38061, 225, 48141, 226, 58977, 227, 65535, 228, 65535, 229, 65535, 230, 65535, 231, 65535, 232, 65535, 233, 65535, 234, 65535, 235, 65535, 236, 65535, 237, 65535, 238, 65535, 239, 65535, 240, 65535, 241, 65535, 242, 65535, 243, 65535, 244, 65535, 245, 65535, 246, 65535, 247, 64591, 248, 49618, 249, 37741, 250, 33112, 251, 39860, 252, 55892, 253, 65535, 254, 65535, 255, 65535, 256, 65535, 257, 65535, 258, 65535, 259, 65236, 260, 58147, 261, 50056, 262, 40891, 263, 30239, 264, 18960, 265, 9538, 267, 8611, 268, 18315, 269, 29093, 270, 35962, 271, 38472, 272, 39495, 273, 41060, 274, 42644, 275, 42892, 276, 41576, 277, 39540, 278, 37491, 279, 35421, 280, 33063, 281, 30474, 282, 28024, 283, 26010, 284, 24425, 285, 23046, 286, 21610, 287, 19874, 288, 17812, 289, 16122, 290, 15908, 291, 17121, 292, 18007, 293, 17146, 294, 15860, 295, 17230, 296, 22188, 297, 28026, 298, 31543, 299, 32545, 300, 33533, 301, 36738, 302, 42082, 303, 47311, 304, 49759, 305, 48343, 306, 43878, 307, 37676, 308, 30359, 309, 22332, 310, 15242, 311, 11546, 312, 11685, 313, 13444, 314, 14833, 315, 15688, 316, 16297, 317, 16140, 318, 14449, 319, 11319, 320, 7889, 323, 8618, 324, 11099, 325, 11951, 326, 11020, 327, 9103, 331, 6525, 332, 10132, 333, 14084, 334, 17336, 335, 19317, 336, 19937, 337, 19971, 338, 20705, 339, 22499, 340, 24165, 341, 24167, 342, 22023, 343, 18442, 344, 14564, 345, 11275, 346, 9022, 347, 7808, 348, 7139, 350, 6366, 351, 6768, 352, 7187, 353, 6922, 360, 7922, 361, 7903, 362, 6910, 363, 5491, 371, 12640, 372, 12742, 373, 12410, 374, 12116, 375, 11742, 376, 10726, 377, 8754, 378, 6112, 383, 4548, 384, 5696, 385, 5568, 386, 4877, 390, 6411, 392, 7800, 393, 9377, 394, 10563, 395, 10373, 396, 8812, 397, 6694, 398, 4949, 422, 8496, 423, 8267, 427, 6786, 428, 7333
1791219431.457, MrmFullScanInfo, 505, 107, 2040855, 0, 0, 0, 0, 10000, 39297, 32, 1, 2, 1, 480, -421490, 491900, 419716, -481669, -449197, 446810, 505449, -375079, -519869, 108815, 520140, 338816, -496301, -496791, 372907, 517582, -114910, -520034, -171559, 519688, 319991, -513042, -475941, 481104, 520164, 512724, -191727, -520123, -394132, 502114, 355302, -502266, -434246, 505848, 287644, -518507, -293588, 517606, 227776, -517258, -307117, 516384, 438401, -506776, -515036, 375080, 520192, 103527, -520054, -495333, 441790, 519415, -152236, -520057, -240476, 519769, 470048, -503101, -516488, 389323, 519673, -159522, -520192, -209843, 516785, 348816, -114043, -228241, -506741, 19050, 519956, 398923, -478053, -513064, -60557, 514855, 505857, -243110, -520184, -392407, 513862, 519169, -298417, -520073, 54, 520008, 316840, -505406, -505358, 353553, 520019, 95514, -520164, -476355, 446665, 520092, 16110, -519763, -335811, 499249, 450373, -346809, -426447, 73920, 124115, 89426, 229632, -72417, -444610, -126959, 462849, 372338, -295444, -453218, 11289, 398210, 231097, -234936, -364465, -25928, 329639, 252196, -176772, -318096, 20471, 280870, 103738, -181591, -144659, 43541, 62322, 59707, 43805, -74412, -118549, 29020, 148068, 36111, -95100, -75242, -17551, 59373, 101157, 14295, -118346, -107737, 84323, 165394, -6572, -154710, -73458, 91147, 99709, -10574, -70263, -66550, 15915, 108149, 43417, -101569, -91090, 77544, 96696, -63036, -69069, 56958, 39533, -67680, -29583, 97314, 48544, -112626, -84869, 91576, 125974, -41485, -130242, -34321, 126463, 109562, -86387, -155420, 29747, 155456, 33292, -118310, -75346, 63410, 82583, -4508, -59219, -36213, 22623, 48318, 18217, -30357, -40832, 3063, 32724, 25213, -2080, -40540, -31215, 33197, 55943, -7983, -71711, -16355, 67394, 32962, -46221, -44359, 24873, 45070, -8566, -36988, -2046, 30601, 8270, -28810, -6803, 23375, 8521, -21752, -11168, 18960, 14189, -12689, -16291, -174, 25347, 13040, -36263, -20793, 46901, 26166, -53545, -20977, 59705, 2335, -54202, 36940, 37971, -60811, -15825, 81516, -12375, -91218, 47349, 84400, -76309, -63081, 96440, 40127, -101376, -19069, 95237, 2933, -74380, -8720, 45874, 23267, -14064, -37141, -20536, 46672, 51175, -49881, -71289, 47026, 71026, -35283, -39798, 26524, 13623, -20897, 17142, 19204, -44913, -22229, 61185, 28309, -64473, -30951, 51564, 23918, -27300, -8773, 3345, -14323, 17313, 39905, -27145, -57579, 28570, 62310, -21762, -54813, 9697, 38520, 431, -18382, -5738, 2104, 4652, 3089, -3638, -3153, -44, 307, 471, 4942, 4829, -9591, -12586, 11784, 20231, -10689, -26342, 11611, 30733, -16724, -30814, 17455, 29850, -19261, -28659, 20015, 27698, -17255, -24215, 10202, 19977, 728, -12954, -12029, 644, 20216, 9998, -28939, -18509, 33905, 23269, -37858, -21854, 41704, 14594, -46230, -5770, 53385, -616, -62060, -1352, 64046, 2751, -65043, -6868, 60925, 10883, -51028, -11310, 38531, 8217, -25935, -1012, 16667, -6770, -12815, 12973, 13228, -14282, -15415, 12855, 18432, -8337, -17623, 1943, 14806, 3834, -10304, -7781, 7439, 11266, -7367, -18073, 12298, 23471, -17830, -28604, 22588, 34249, -25070, -36063, 24782, 33435, -21625, -22873, 16171, 5248, -6034, 29623, 1126, -61086, 13344, 93009, -29829, -124653, 44769, 154806, -52809, -175991, 50773, 184985, -34092, -176435, 331, 136208, 43214, -88619, -78706, 33767, 102966, 21447, -107449, -65009, 94162, 89095, -70590, -93001, 46562, 78193, -32095, -55246, 29423, 38715, -37124, -34701, 44553, 42708, -44172, -61157, 28145, 74699, 2074, -77864, -40292, 65304, 69602, -28589, -71330, 2965, 75547, 21658, -65409, -36033, 42614, 36437, -17584, -22259, -1495, 302, 7545, 21485, -2368, -32408, -9697, 35054, 16935, -28918, -19014, 18476, 14010, -7408, -2943, 2885, -10242, -4679, 20142, 11095, -21526
1791219431.457, MrmFullScanInfo, 505, 107, 2040855, 0, 0, 0, 0, 10000, 39297, 32, 2, 2, 1, 480, 0, 0, 0, 0, 0, 0, 167931, -229106, -311263, 480573, 360523, -536939, -379376, 349083, 435428, -31045, -509086, -255987, 509117, 431637, -374109, -521407, 137472, 578636, 107506, -566212, -280305, 391575, 333575, -48910, -257428, -333838, 90657, 606682, 79053, -721690, -176339, 713121, 190002, -646941, -155592, 580975, 128753, -548733, -147680, 551047, 213424, -536226, -302775, 419689, 401837, -174974, -490274, -118952, 503108, 357679, -371438, -510996, 114008, 602513, 159807, -630615, -350846, 554593, 448634, -357667, -483376, 100994, 425482, 113003, -218409, -206211, -105769, 155863, 390494, 11699, -464368, -225562, 283620, 367383, 48491, -332492, -367529, 119410, 546563, 160900, -523819, -395669, 314559, 545219, -16055, -586422, -256712, 476721, 446769, -217832, -537016, -100224, 495642, 368659, -306150, -536801, 34597, 589846, 189113, -512005, -261916, 315568, 162386, -77369, 49472, -85196, -270125, 92491, 403556, 40315, -395758, -219669, 250523, 338180, -27897, -330054, -182744, 195891, 305802, 2559, -310313, -179031, 216618, 269333, -82482, -255146, -25944, 160880, 66777, -38558, -39157, -55699, -24328, 88553, 78528, -62568, -88145, 8885, 46194, 31396, 23785, -28962, -84772, -17037, 107440, 79372, -83202, -121637, 27368, 119749, 29873, -72299, -61581, -1071, 57261, 70955, -24173, -114500, -18331, 125825, 48621, -114015, -55068, 95179, 42572, -84425, -26956, 87799, 23931, -98037, -39926, 98891, 70149, -75737, -102577, 25495, 123613, 39937, -122147, -99335, 93357, 133506, -43387, -133706, -11279, 103219, 51526, -54372, -65192, 4289, 51804, 30998, -21665, -42476, -8815, 30624, 24776, -4214, -20130, -23120, -1318, 38672, 30031, -37002, -55005, 21288, 67409, 815, -64267, -21523, 49483, 35246, -30315, -40227, 13303, 38444, -2123, -33311, -3070, 27619, 4769, -22842, -5861, 18717, 8460, -13590, -14271, 6649, 24238, 725, -37243, -5763, 50171, 5640, -59085, 2577, 59738, -19994, -48614, 43039, 25356, -64284, 6446, 76469, -41215, -75374, 73146, 60516, -96696, -35831, 107904, 8606, -105692, 12845, 91864, -21573, -70329, 14620, 45465, 5072, -20182, -30035, -4373, 52466, 26582, -66748, -41836, 69777, 44584, -61203, -32972, 44262, 10523, -25014, 16447, 9466, -41792, -1008, 60016, -594, -66564, -1423, 59090, 2663, -38900, 557, 11200, -9689, 16719, 23031, -37959, -36158, 47851, 44189, -45211, -44245, 32726, 36526, -16023, -24031, 1249, 11231, 7454, -1952, -9243, -2175, 6498, 1587, -3246, 2396, 2858, -8084, -6348, 13749, 12523, -18494, -19024, 22363, 23531, -25448, -24936, 27431, 23846, -27968, -21670, 26771, 19443, -23115, -17447, 16190, 15218, -6015, -11843, -6317, 6761, 19110, -561, -30612, -5050, 39504, 8028, -45248, -6809, 48348, 1236, -50211, 6852, 52343, -14385, -55352, 18759, 58550, -19007, -60280, 15857, 58713, -10989, -52674, 6475, 42494, -4108, -30149, 4761, 18558, -7980, -10352, 12193, 6830, -15488, -7464, 16383, 10285, -14228, -12950, 9351, 13979, -2939, -13386, -3701, 12590, 9782, -13555, -14899, 17373, 18863, -23381, -21728, 29620, 23581, -33946, -23820, 34713, 20983, -30768, -12787, 21611, -2795, -7194, 25695, -12227, -53038, 35701, 80895, -60914, -106554, 83942, 128512, -99870, -145220, 103411, 153731, -89791, -150457, 57210, 133637, -9756, -104571, -42393, 66717, 86876, -24677, -114125, -15541, 120401, 47145, -108512, -64529, 86193, 65931, -62992, -54978, 46770, 39573, -40799, -28510, 42598, 27683, -45219, -37700, 40637, 53876, -23957, -67783, -2994, 71133, 32956, -60221, -57872, 38154, 72100, -12609, -72770, -8627, 59913, 20112, -37678, -19699, 13540, 8941, 4722, 7457, -12539, -23381, 10432, 33536, -2968, -35118, -4150, 28646, 6733, -17676, -3221, 7125, -5032
1791219431.457, MrmFullScanInfo, 505, 107, 2040855, 0, 0, 0, 0, 10000, 39297, 32, 4, 2, 1, 480, 0, 0, 0, 0, 0, 0, 291, -422, -351, 853, 46, -374, 25, -901, 475, 1752, -1075, -1348, 1205, 352, -845, 288, 340, -323, 20, 71, 494, -101, -1804, 633, 2800, -1169, -2551, 1116, 1431, -564, -473, 8, -241, 381, 700, -647, -704, 671, 259, -29, 36, -1070, 262, 1755, -764, -1447, 870, 486, -317, 237, -549, -307, 1032, -164, -735, 707, 17, -1764, 690, 4705, -1501, -8609, 2555, 9621, -2933, -5695, 1817, 71, -451, 3105, 349, -3933, -987, 4216, 810, -3986, 223, 2598, -951, -623, 958, -676, -540, 599, 223, 1066, -524, -3274, 1191, 4215, -894, -3326, -1406, 1984, 4774, -1554, -6820, 2204, 6286, -3955, -3970, 6424, 1607, -8648, -381, 9731, 498, -9610, -1835, 8819, 4008, -7760, -6087, 6089, 7024, -2867, -6806, -1682, 6145, 5907, -5341, -8310, 4259, 8758, -2879, -7818, 1559, 6053, -678, -4065, 244, 2616, 196, -2186, -1025, 2535, 2331, -2977, -3983, 3266, 5601, -3571, -6539, 3904, 6258, -3990, -4880, 3667, 2979, -3153, -924, 2587, -1106, -1801, 2922, 728, -4100, 383, 4362, -1100, -3835, 1224, 2918, -938, -1899, 512, 793, 4, 361, -664, -1291, 1298, 1831, -1555, -2093, 1328, 2193, -824, -1988, 327, 1434, 54, -840, -265, 569, 251, -724, -36, 1171, -210, -1631, 259, 1882, -37, -1944, -277, 1851, 361, -1537, -9, 903, -733, 113, 1541, -1483, -2086, 3085, 2555, -4447, -3591, 4951, 5833, -4067, -9603, 1739, 14536, 1551, -19239, -4973, 21523, 8083, -19025, -11698, 10124, 17561, 5551, -26812, -26537, 38736, 49452, -50268, -69692, 56149, 82661, -51548, -84697, 32903, 74454, 2582, -54706, -55001, 31754, 117683, -11690, -176831, -2047, 217687, 8520, -230608, -8613, 214805, 3711, -177391, 3669, 129161, -8591, -80712, 5054, 39560, 9753, -8046, -33082, -16735, 58941, 39337, -80541, -59516, 91643, 72265, -87829, -74104, 69097, 66680, -41202, -53412, 12725, 35875, 9207, -16134, -21550, -1328, 25571, 11150, -25373, -10158, 25788, -619, -29972, 16179, 38006, -29404, -47270, 34007, 54224, -27534, -56035, 12489, 51567, 4876, -41880, -17952, 30044, 23218, -19879, -21391, 14178, 16097, -13460, -11508, 16141, 10373, -19444, -12732, 20724, 16296, -18928, -17984, 14916, 15677, -10511, -9480, 7447, 1963, -7063, 3287, 9844, -3799, -14496, -649, 18260, 8105, -18499, -15389, 14290, 19594, -6914, -19312, -779, 14949, 5780, -8273, -6355, 1770, 2809, 2409, 2789, -3356, -7645, 1653, 9556, 1095, -7747, -3006, 2948, 2815, 3118, -472, -8389, -2823, 11180, 5369, -10778, -6009, 7740, 4720, -3577, -2363, 5, 31, 2024, 1375, -2703, -1331, 3084, -34, -4271, 1950, 6681, -3204, -9791, 2784, 12383, -588, -13072, -2416, 10907, 4846, -5934, -5665, -659, 4535, 7077, -1972, -11478, -923, 12722, 2948, -10851, -3190, 6952, 1340, -2563, 2157, -831, -6198, 2274, 9532, -1866, -11332, 617, 11472, 345, -10432, -487, 9104, -74, -8374, 933, 8658, -1629, -9738, 1788, 11164, -1201, -12497, -221, 13521, 2504, -14021, -5514, 13405, 8990, -10898, -12524, 6316, 15582, -623, -17539, -4449, 17824, 7369, -16320, -7802, 13613, 6592, -10660, -4700, 8049, 2787, -5757, -1442, 3630, 1277, -1632, -2404, -206, 4193, 1964, -5511, -3698, 5331, 5338, -3366, -6556, 223, 6830, 3085, -5701, -5685, 3172, 7047, 141, -6985, -3068
1791219431.457, MrmDetectionListInfo, 505, 129, 229, 14663, 230, 14196, 231, 13251, 232, 12436, 234, 15600, 235, 22021, 236, 31449, 237, 41631, 238, 50509, 239, 57591, 240, 63261, 241, 65535, 242, 65535, 243, 65535, 244, 62344, 245, 53916, 246, 43721, 247, 36193, 248, 37312, 249, 48286, 250, 63230, 251, 65535, 252, 65535, 253, 65535, 254, 65535, 255, 65535, 256, 65535, 257, 65535, 258, 65535, 259, 65535, 260, 65535, 261, 65535, 262, 65535, 263, 63684, 264, 52258, 265, 40626, 266, 29386, 267, 20157, 268, 14869, 269, 15276, 270, 22145, 271, 33945, 272, 47246, 273, 59075, 274, 65535, 275, 65535, 276, 65535, 277, 65535, 278, 65535, 279, 65535, 280, 65535, 281, 58022, 282, 47438, 283, 36587, 284, 26759, 285, 19589, 286, 15804, 287, 14552, 288, 14252, 289, 14238, 290, 15214, 291, 17360, 292, 19007, 293, 18397, 294, 16096, 295, 15099, 296, 18279, 297, 25368, 298, 33093, 299, 38510, 300, 41248, 301, 42433, 302, 42554, 303, 41039, 304, 37465, 305, 32603, 306, 28121, 307, 25515, 308, 25210, 309, 26047, 310, 25982, 311, 23953, 312, 20724, 313, 17745, 314, 15697, 315, 14362, 316, 13433, 317, 13007, 318, 13325, 319, 14341, 320, 15689, 321, 16947, 322, 17846, 323, 18250, 324, 18056, 325, 17177, 326, 15607, 327, 13459, 328, 10943, 333, 5536, 335, 8427, 337, 9415, 338, 10976, 339, 13516, 340, 15804, 341, 16686, 342, 16068, 343, 14587, 344, 12774, 345, 10838, 346, 9119, 347, 8144, 348, 7830, 349, 7206, 368, 8145, 386, 5120, 389, 7012, 390, 7088, 391, 7011, 392, 7012, 393, 7158, 394, 7151, 395, 6609, 435, 7408, 436, 8286, 437, 9254, 438, 10013, 447, 10979, 449, 12675
1791219431.582, MrmFullScanInfo, 506, 107, 2040980, 0, 0, 0, 0, 10000, 39297, 32, 1, 2, 1, 480, -419392, 492704, 418041, -480799, -451062, 446879, 504409, -371518, -520104, 115406, 520146, 336094, -495887, -498244, 375536, 516952, -115808, -520182, -171924, 519574, 321813, -512222, -475864, 481724, 520169, 512348, -196123, -520192, -397789, 502075, 351294, -501768, -435659, 505888, 287299, -517771, -293192, 517983, 230949, -517195, -305770, 514999, 439543, -506750, -515855, 369280, 520192, 100070, -520058, -495454, 441710, 519711, -152069, -519697, -242479, 519567, 470325, -502122, -517046, 390968, 520017, -155302, -520172, -210723, 517472, 355738, -113399, -230781, -507684, 20190, 519781, 400536, -477383, -513775, -61213, 512960, 506496, -236528, -520144, -383982, 513751, 519234, -299192, -520133, -490, 519896, 317915, -505365, -505661, 352458, 520159, 92074, -520068, -479653, 447663, 520079, 19739, -519177, -334851, 500488, 449669, -349618, -434241, 68693, 128613, 93986, 229295, -73181, -444407, -128912, 464489, 374806, -291582, -455640, 5027, 397131, 235274, -230840, -370695, -29659, 335321, 257576, -180686, -324491, 20236, 286587, 101827, -186744, -144562, 44495, 60039, 57568, 46414, -73135, -119351, 31249, 150472, 35169, -97957, -75529, -18876, 59804, 103243, 11464, -120999, -107897, 88252, 165618, -9384, -153267, -68921, 91666, 98271, -10574, -69984, -65801, 14716, 107967, 43416, -101190, -90385, 77123, 94638, -62086, -67662, 56069, 37652, -68486, -29950, 97777, 48393, -111502, -85550, 89350, 127531, -38363, -132203, -37379, 127340, 112276, -87765, -157566, 31563, 157846, 32099, -119892, -75233, 64387, 82240, -5901, -59321, -35037, 23365, 46847, 16764, -29079, -39551, 1515, 30163, 26956, 1507, -42656, -34260, 36176, 61058, -10898, -75982, -14324, 71064, 32805, -49547, -45240, 27437, 47248, -10235, -39279, -2865, 33103, 9080, -30046, -9483, 25722, 12371, -22493, -19890, 21871, 26736, -16363, -34186, 2824, 48345, 13166, -63796, -29187, 78070, 46442, -90071, -55160, 97768, 46928, -88975, 161, 67327, -38164, -38337, 92677, 8655, -157795, 13572, 221654, -13942, -271765, -10184, 301753, 54848, -293027, -86297, 237388, 144932, -167254, -180512, 80782, 183171, 9102, -151274, -78780, 97109, 114611, -36484, -114268, -11572, 87183, 3910, -37777, -12950, -1666, 4079, 25118, 13485, -28731, -26280, 21129, 26149, -9669, -12651, 3381, -7186, -5315, 27101, 14732, -39278, -18939, 41549, 17503, -33939, -10757, 25554, -409, -23316, 11646, 24686, -14435, -32570, 12567, 34576, -7170, -33275, -1737, 24470, 9961, -7958, -10652, -6828, 2243, 15700, 7737, -18141, -17320, 6386, 21703, 6417, -16996, -22225, 12146, 36690, -3348, -45213, -3242, 47304, 11765, -41189, -19884, 30871, 24042, -19824, -30873, 1141, 33648, 10403, -35838, -20445, 36985, 23045, -36822, -20629, 40843, 15177, -44377, -6206, 49605, 1859, -59927, -2937, 61162, 3240, -62403, -4134, 57540, 2446, -48452, -3063, 36484, 770, -22558, 2738, 13741, -1741, -8855, 6185, 9704, -6040, -14105, 5613, 20006, -4544, -25426, 1975, 27179, 1438, -27500, -6056, 29395, 14628, -26274, -27131, 29260, 36927, -27312, -45183, 22874, 49329, -16767, -48347, 10595, 40435, -5153, -25039, 24, 2669, 7692, 35799, -11508, -68377, 23021, 101084, -38084, -134568, 50847, 166463, -56955, -188562, 53295, 195506, -29738, -182696, -6913, 139347, 51029, -84925, -89708, 23968, 114492, 34757, -119138, -82042, 103947, 107235, -77810, -111757, 50767, 96976, -32910, -74205, 26125, 55577, -28618, -45700, 31667, 51411, -27710, -63443, 9277, 73725, 19609, -75753, -56227, 61934, 84511, -20507, -83767, -4833, 85643, 27637, -70078, -41411, 44145, 41949, -15953, -27502, -4591, 6589, 10588, 15120, -4633, -28535, -8033, 32088, 16847, -27487, -21808, 17020, 18600, -6492, -8461, 1677, -5612, -2648, 18072, 9249, -24652
1791219431.582, MrmFullScanInfo, 506, 107, 2040980, 0, 0, 0, 0, 10000, 39297, 32, 2, 2, 1, 480, 0, 0, 0, 0, 0, 0, 167769, -228781, -311183, 480079, 360641, -537174, -379324, 350561, 434966, -33093, -508649, -254480, 509325, 430923, -374783, -521140, 137861, 578606, 107743, -566408, -281107, 392025, 334604, -49532, -258386, -333247, 91370, 606253, 78609, -721375, -176090, 712861, 190126, -646808, -156128, 580999, 129543, -548775, -148494, 550603, 214246, -535107, -303726, 418462, 402694, -174368, -490639, -118833, 502792, 357374, -370582, -510836, 112923, 602582, 160771, -630670, -351496, 554162, 449140, -356178, -484083, 98197, 426543, 116599, -219620, -209460, -104802, 157621, 390031, 11519, -464320, -225702, 283527, 366932, 49000, -332074, -368176, 120015, 546727, 159509, -523329, -394594, 313750, 544862, -15308, -586680, -257135, 477251, 446862, -218168, -536850, -100391, 495260, 369301, -305693, -537744, 33957, 590827, 190637, -512441, -265031, 315020, 166567, -76210, 45935, -85946, -268393, 92105, 403035, 41819, -394759, -221563, 247689, 339412, -22949, -329859, -189233, 194111, 312608, 5791, -316123, -183503, 220815, 274354, -85338, -259578, -23760, 163834, 64820, -39756, -37313, -56055, -26004, 89957, 79909, -64199, -88943, 9722, 46048, 31975, 24987, -30718, -86847, -14862, 110214, 77376, -86392, -120011, 30389, 118633, 27596, -71856, -60226, -906, 56622, 70448, -24130, -113833, -17737, 124945, 47471, -112927, -53719, 94190, 41461, -83861, -26351, 87528, 23997, -97487, -40848, 97613, 71997, -73766, -105062, 23205, 126255, 42166, -124604, -101286, 95454, 135103, -44980, -134996, -10269, 104341, 51042, -55512, -65136, 5590, 52131, 29468, -22380, -40693, -7624, 28530, 23015, -1661, -17779, -26278, -4163, 42398, 33173, -40873, -58209, 24549, 70520, -1126, -67270, -21169, 52233, 36280, -32430, -42183, 14346, 40862, -1805, -35891, -5058, 30403, 9037, -26380, -13237, 23806, 19706, -20578, -29951, 14595, 44875, -5643, -63601, -4646, 83286, 13244, -99430, -14699, 105733, 3569, -95750, 21195, 67277, -56282, -24856, 98248, -22102, -145404, 62353, 195176, -85108, -241928, 84092, 275788, -58521, -285472, 11464, 264849, 49211, -216143, -108845, 146885, 149705, -67135, -160042, -9985, 139034, 69949, -97890, -100558, 53469, 96754, -18241, -64963, -3599, 21895, 12233, 14482, -9113, -34038, -687, 36301, 9085, -27169, -9121, 14545, -1171, -4607, 18045, -358, -34244, 1628, 43015, -1903, -42000, 3501, 34175, -7409, -25423, 12861, 20623, -17799, -21017, 19972, 24167, -17827, -25862, 11317, 22776, -2666, -14128, -4260, 1989, 6152, 9472, -2208, -15744, -5536, 13979, 13676, -4169, -19242, -10960, 20987, 27156, -19067, -39952, 13928, 46268, -6096, -45433, -3638, 38581, 14154, -27655, -24342, 14960, 33225, -3081, -39855, -5530, 43849, 9380, -45654, -8053, 46325, 2441, -47239, 5247, 49445, -12281, -52976, 16738, 56480, -18306, -57789, 17696, 55130, -15661, -47829, 12836, 36872, -9726, -24690, 6995, 14342, -5412, -8191, 5508, 6993, -7078, -9979, 9191, 15316, -10730, -20838, 10672, 25148, -8267, -27983, 3018, 30121, 5098, -32582, -15096, 35503, 25119, -37627, -33363, 37206, 38524, -33466, -39327, 26728, 34382, -17479, -22054, 5780, 1449, 8873, 26070, -27080, -56812, 48638, 86924, -71776, -114289, 92961, 137663, -107046, -155109, 107962, 163247, -90562, -158327, 53565, 138488, -1842, -105175, -54047, 62534, 101373, -16109, -130017, -27527, 135931, 61524, -122066, -80543, 96653, 83077, -69666, -72552, 49052, 56491, -38047, -43578, 34453, 39990, -32123, -46873, 24045, 60072, -5956, -71285, -20535, 71962, 49027, -58547, -71939, 34761, 83410, -8450, -80440, -13194, 63656, 25324, -38234, -25835, 12369, 15749, 6149, 874, -13370, -18096, 10389, 30145, -1856, -33573, -6626, 28522, 10625, -18357, -7963, 7889, -706
1791219431.582, MrmFullScanInfo, 506, 107, 2040980, 0, 0, 0, 0, 10000, 39297, 32, 4, 2, 1, 480, 0, 0, 0, 0, 0, 0, -7, 126, -131, -88, 190, -430, 35, 1106, -223, -1314, -94, 986, 822, -649, -1112, 466, 554, -192, 267, -199, -613, 476, 275, -414, 188, 125, -260, 32, 27, 94, 137, -274, -8, 298, -201, -261, 419, 297, -651, -535, 853, 691, -893, -396, 548, -157, 49, 442, -490, -241, 596, 23, -572, 8, 599, 224, -637, -1114, 806, 3361, -1352, -6236, 2195, 7339, -2556, -5254, 1838, 1462, -686, 1252, 153, -1733, -438, 1198, 799, -1192, -526, 1721, -242, -1721, 846, 859, -913, -163, 688, 208, -528, -766, 540, 1258, -220, -1358, -884, 1314, 2299, -1491, -3272, 1828, 3850, -1979, -4412, 1911, 4521, -2054, -3461, 2736, 1769, -3716, -1075, 4527, 2327, -4617, -4840, 3466, 7158, -917, -8490, -2346, 8543, 5375, -7337, -7508, 5450, 8229, -3690, -7291, 2574, 5134, -2055, -2592, 1856, 448, -1646, 813, 1207, -980, -314, 112, -1100, 1341, 2695, -2627, -3946, 3231, 4639, -3176, -4675, 2783, 3953, -2177, -2595, 1392, 1037, -578, 299, -94, -1341, 621, 2121, -1076, -2533, 1325, 2425, -1130, -1808, 567, 851, -109, 303, 172, -1533, -694, 2640, 1329, -3320, -1773, 3456, 1928, -3148, -1836, 2550, 1610, -1809, -1371, 1139, 1212, -716, -1183, 513, 1288, -346, -1523, 77, 1882, 352, -2320, -906, 2773, 1523, -3135, -2119, 3260, 2601, -2910, -2883, 1875, 3004, -127, -2996, -2073, 2643, 4397, -1722, -6625, 419, 8652, 702, -10252, -1178, 10991, 1216, -10416, -1884, 8380, 4660, -4862, -10540, -495, 19614, 8351, -31072, -18927, 43003, 31143, -52300, -41616, 54481, 45605, -44645, -39283, 20570, 20378, 14083, 13362, -49793, -63988, 74873, 129727, -79780, -201607, 61592, 262732, -23399, -293771, -29093, 282709, 87575, -230510, -138675, 148539, 166556, -53421, -161740, -35914, 126965, 101686, -78132, -130926, 35811, 120037, -13068, -78781, 11324, 27671, -25378, 12715, 47993, -31600, -69122, 29873, 77733, -16163, -66607, 1249, 36368, 6781, 4396, -5302, -43067, -2807, 68723, 11588, -76700, -15321, 69597, 11265, -54813, -735, 40249, -11801, -30658, 21040, 26500, -23324, -24948, 18249, 21979, -8695, -14579, -911, 2546, 6880, 11082, -7894, -21728, 5551, 25626, -2871, -21374, 2037, 10461, -3159, 3484, 5192, -16226, -7336, 24756, 9094, -28178, -10187, 27139, 10665, -22994, -10805, 17266, 10604, -11324, -9470, 6164, 6937, -2130, -3231, -719, -885, 2448, 4421, -3051, -6528, 2537, 6813, -1048, -5664, -1147, 4010, 3479, -2633, -5092, 1959, 5190, -1990, -3305, 2418, -285, -2685, 4432, 2291, -7479, -1055, 8208, -1036, -6448, 3840, 2881, -6923, 1233, 9826, -4349, -12121, 5244, 13488, -3566, -13634, -106, 12295, 4631, -9325, -8852, 4878, 11869, 271, -13118, -5007, 12356, 8516, -9654, -10690, 5571, 11878, -1001, -12369, -3317, 12208, 7191, -11329, -10648, 9806, 13347, -7553, -14544, 4295, 13837, -147, -11393, -4163, 7594, 7954, -2985, -11070, -1593, 13394, 5326, -14563, -7871, 14353, 9405, -12932, -10326, 10809, 11017, -8363, -11536, 5575, 11843, -2222, -11903, -1663, 11605, 5580, -10744, -8787, 9186, 10721, -6856, -11358, 3779, 11150, -487, -10302, -2077, 8577, 3424, -5896, -3863, 2887, 3987, -598, -4170, -190, 4385, -532, -4381, 2057, 4059, -3587, -3631, 4778, 3326, -5546, -3115, 5709, 2921, -4970, -2746, 3171
1791219431.582, MrmDetectionListInfo, 506, 143, 236, 8915, 237, 12534, 238, 17960, 239, 24244, 240, 30336, 241, 35907, 242, 41064, 243, 45576, 244, 48670, 245, 49446, 246, 47316, 247, 42034, 248, 33815, 249, 24178, 250, 16566, 251, 15586, 252, 25063, 253, 45048, 254, 65535, 255, 65535, 256, 65535, 257, 65535, 258, 65535, 259, 65535, 260, 65535, 261, 65535, 262, 65535, 263, 65535, 264, 65535, 265, 65535, 266, 65535, 267, 65535, 268, 65535, 269, 65535, 270, 65535, 271, 65535, 272, 65535, 273, 65535, 274, 65535, 275, 65535, 276, 65535, 277, 65535, 278, 65222, 279, 52776, 280, 41025, 281, 29796, 282, 21553, 283, 19734, 284, 25462, 285, 36218, 286, 47078, 287, 53417, 288, 53636, 289, 49291, 290, 42571, 291, 34441, 292, 25427, 293, 16829, 296, 12423, 297, 22756, 298, 34023, 299, 41432, 300, 44404, 301, 44893, 302, 43927, 303, 40979, 304, 35647, 305, 28971, 306, 23356, 307, 21077, 308, 22179, 309, 24368, 310, 25398, 311, 24903, 312, 23730, 313, 22310, 314, 20201, 315, 16902, 316, 12576, 317, 7993, 321, 9805, 322, 13704, 323, 15402, 324, 15207, 325, 14236, 326, 12979, 327, 11179, 328, 8676, 332, 7172, 333, 11532, 334, 15551, 335, 17824, 336, 18562, 337, 18768, 338, 18919, 339, 18733, 340, 17887, 341, 16502, 342, 14946, 343, 13427, 344, 11892, 345, 10234, 346, 8457, 381, 4329, 382, 4481, 383, 5121, 384, 6363, 385, 7860, 386, 8980, 387, 9333, 388, 9013, 389, 8325, 390, 7503, 391, 6864, 392, 6853, 393, 7511, 394, 8207, 395, 8277, 396, 7682, 397, 6948, 398, 6749, 399, 7492, 400, 8877, 401, 10001, 402, 10212, 411, 9943, 412, 10457, 413, 10710, 414, 10906, 415, 10988, 416, 10749, 417, 10065, 427, 7128, 428, 8515, 430, 11074, 431, 11523, 432, 11572, 433, 11486, 434, 11335, 435, 11061, 436, 10643, 437, 10143, 438, 9619
1791219431.707, MrmFullScanInfo, 507, 107, 2041105, 0, 0, 0, 0, 10000, 39297, 32, 1, 2, 1, 480, -421529, 492910, 419942, -481397, -450372, 445482, 505183, -371358, -519874, 112147, 520139, 340707, -497346, -497380, 374377, 517247, -116528, -520056, -171591, 519607, 324366, -511582, -474608, 479523, 520063, 511912, -200683, -520140, -394658, 504215, 350840, -502176, -435390, 506236, 281126, -517875, -299977, 517929, 234591, -516086, -306205, 516752, 441975, -505204, -516179, 375232, 520192, 103833, -519833, -495624, 442625, 519818, -144583, -519856, -246475, 519413, 469755, -502333, -516122, 393155, 519839, -162712, -520186, -192831, 516510, 334226, -118702, -211451, -500255, 10689, 519892, 397812, -477989, -514923, -53776, 511846, 507978, -236468, -520192, -393721, 512783, 519262, -297845, -520141, 237, 519655, 319249, -506181, -505424, 358869, 520075, 85828, -520073, -478613, 450083, 519953, 4660, -519274, -324457, 502003, 446682, -353036, -420270, 86774, 125086, 73283, 218934, -57389, -429616, -131222, 452700, 368700, -284501, -448937, 7517, 389999, 233977, -226520, -360731, -30188, 325109, 253948, -173847, -317353, 18939, 280946, 101186, -182412, -141259, 44105, 55768, 55535, 46682, -71173, -119476, 27689, 147927, 37349, -91655, -75298, -22457, 57817, 106256, 15096, -121869, -109606, 85980, 165081, -7774, -153195, -73234, 89951, 100410, -7925, -71440, -69257, 15487, 109645, 44477, -102292, -90588, 77473, 96326, -62463, -68662, 56975, 38073, -68118, -30863, 98190, 48275, -112735, -85148, 92021, 127797, -39659, -130681, -34383, 126233, 110510, -87864, -156088, 30307, 156233, 32786, -118762, -75106, 63393, 81968, -5087, -58165, -35854, 22727, 48389, 18528, -30959, -40804, 3951, 31882, 23314, -370, -38360, -33143, 32250, 59713, -7232, -74268, -16183, 69324, 33287, -47556, -44133, 25387, 44855, -8520, -36233, -4220, 30460, 10277, -27772, -10511, 24140, 12400, -20302, -17757, 19597, 19786, -15286, -19593, 6806, 20790, -1052, -18336, -91, 10592, -3491, -495, 12595, -7303, -29647, 18219, 49323, -11875, -65894, -16117, 80088, 66128, -86917, -134601, 81904, 218931, -70491, -304017, 49976, 372111, -26753, -409519, 74559, 415091, -34535, -381371, -13166, 310570, 46605, -211047, -77091, 102413, 83408, 2590, -73302, -84146, 54670, 95885, -55365, -118205, 39867, 116338, -33193, -96640, 37593, 71455, -39865, -48234, 37305, 28289, -25665, -9764, 4818, -11881, 17795, 36689, -33221, -64703, 35163, 90483, -22893, -106092, 2937, 106558, 20965, -93329, -37863, 69654, 45548, -48966, -45605, 25310, 43900, -11396, -39508, 5663, 41485, -2984, -48915, 212, 60060, 9826, -69738, -27655, 72731, 44972, -72005, -66167, 57547, 80994, -36534, -82546, 14188, 67913, 5591, -45859, -18520, 21768, 22751, -1613, -19447, -10674, 16383, 12758, -13618, -6875, 15903, -2035, -26599, 11058, 38851, -16750, -51716, 19216, 62294, -18210, -69556, 9093, 68700, -6025, -66165, 4481, 61601, -1946, -55505, -287, 47443, 5077, -40176, -10631, 33011, 15320, -26059, -8160, 21848, 8306, -17450, -4686, 16510, 726, -15445, 2340, 18094, -980, -20189, -4568, 22675, 14220, -23269, -32674, 24424, 42472, -20756, -47807, 14996, 48344, -10239, -41313, 6658, 29203, -4938, -12329, 3392, -8970, 1741, 44857, -5905, -72794, 20613, 102839, -38959, -134329, 56768, 166418, -64548, -190952, 57865, 200704, -32695, -186486, -8910, 144821, 59083, -85982, -99703, 20209, 125082, 42720, -127337, -90855, 107649, 116024, -75389, -116251, 44518, 96138, -22587, -66287, 17162, 43633, -21852, -33827, 28563, 36693, -28967, -49196, 15174, 62369, 13645, -67524, -47635, 57968, 75910, -25791, -75472, 3661, 77266, 16588, -63604, -27174, 38344, 25353, -10962, -10537, -8798, -13079, 14365, 34632, -6701, -45318, -9068, 49576, 21578, -43369, -29137, 32001, 30084, -18862, -24214, 10125, 13984, -6198, -3723, 6785, -2785
1791219431.707, MrmFullScanInfo, 507, 107, 2041105, 0, 0, 0, 0, 10000, 39297, 32, 2, 2, 1, 480, 0, 0, 0, 0, 0, 0, 168092, -228793, -311689, 479803, 361150, -536066, -379997, 348512, 435993, -30821, -509826, -255980, 510151, 431355, -374886, -520949, 137307, 578190, 108567, -565858, -282022, 391442, 335971, -49207, -260517, -333169, 93809, 606049, 76336, -721273, -174289, 712803, 189519, -646856, -157391, 581518, 132239, -549835, -151225, 552052, 216000, -536649, -304248, 419519, 402433, -174475, -489988, -119600, 501340, 358588, -367973, -512298, 110019, 604070, 162520, -632267, -351510, 557291, 447487, -363399, -480876, 111215, 422353, 98990, -215557, -191713, -107747, 144837, 391796, 16929, -465346, -225170, 284043, 363348, 49086, -327546, -368870, 115871, 547553, 162291, -523701, -395692, 313434, 545338, -14712, -588222, -257167, 480591, 445902, -222290, -536399, -96927, 498124, 366625, -312898, -535270, 43846, 589617, 180217, -515418, -255481, 324495, 159823, -91247, 47379, -69934, -263688, 80583, 394193, 45809, -385502, -218610, 241595, 332496, -22178, -322440, -184489, 188911, 304216, 7310, -307295, -181257, 214373, 269636, -82644, -254506, -22986, 160291, 62028, -38710, -34374, -54664, -27476, 86960, 79077, -60845, -85948, 7338, 41917, 32561, 28828, -29666, -89197, -16644, 110372, 78960, -84424, -120871, 27106, 118488, 31122, -70615, -63092, -2929, 58376, 72616, -24676, -115601, -18217, 126192, 48544, -113801, -54883, 94817, 42343, -84336, -26797, 88114, 23959, -98491, -40278, 99125, 70875, -75603, -103522, 25061, 124600, 40501, -123123, -99889, 94262, 133940, -44121, -133993, -10687, 103400, 50972, -54488, -64649, 4307, 51380, 31181, -21537, -42976, -8432, 31513, 23659, -5369, -18132, -22065, -4104, 38178, 33168, -37244, -57862, 22008, 69503, 48, -65482, -20962, 49835, 34926, -29761, -40125, 11771, 38630, 360, -33852, -6478, 28534, 9129, -24333, -10857, 21373, 12693, -18346, -14656, 14273, 16084, -9919, -15312, 7134, 10626, -7721, -1513, 13015, -10415, -23401, 20450, 38380, -20862, -57329, 3704, 79500, 35597, -103258, -96621, 125934, 173467, -144392, -254877, 159636, 325339, -173484, -369064, 179419, 377322, -163966, -351602, 120511, 298431, -58205, -224152, -6144, 135698, 57835, -45333, -89804, -30685, 102221, 80496, -99293, -102612, 87502, 102765, -73589, -87527, 61885, 63642, -52250, -37968, 41415, 15720, -25998, 1372, 5052, -15182, 18749, 29452, -39900, -46977, 52615, 67207, -53306, -85895, 41969, 97275, -22170, -97484, -237, 86443, 19594, -67578, -32668, 46401, 39357, -28421, -41953, 17076, 43889, -12170, -48193, 10188, 55964, -6431, -66052, -2476, 75452, 17193, -80227, -35517, 77092, 52779, -64862, -63246, 45096, 63056, -21647, -52324, -322, 34806, 16295, -15967, -24309, 1138, 25486, 6071, -23223, -4732, 21621, -3474, -23683, 15236, 30107, -26850, -39502, 35058, 49445, -37972, -57510, 35912, 62045, -31001, -62484, 25501, 59292, -20255, -53593, 14860, 46859, -8718, -40392, 2544, 34769, 1856, -29647, -3324, 24646, 2264, -20041, 203, 16587, -3109, -14957, 5253, 15484, -5171, -18050, 1288, 22260, 7085, -27441, -18496, 32138, 29707, -34301, -37498, 32660, 39999, -27635, -36416, 20620, 26709, -12568, -10830, 3251, -11016, 8822, 37202, -25424, -64606, 47132, 90562, -72168, -114360, 96032, 135961, -112198, -153834, 113552, 163994, -94519, -161439, 54028, 143010, 2184, -109215, -62214, 64105, 112018, -14206, -140529, -32499, 143460, 67983, -124416, -86215, 93018, 85688, -60923, -70753, 37492, 50202, -26620, -33546, 25745, 27280, -27518, -32874, 23599, 46619, -8967, -60521, -14818, 65858, 41019, -58090, -62017, 39528, 72292, -17216, -69069, -1539, 52717, 11498, -27922, -10310, 2615, -904, 15182, 17916, -20893, -34982, 15275, 46868, -3272, -50315, -9079, 45069, 17233, -33949, -19032, 21361, 14840
1791219431.707, MrmFullScanInfo, 507, 107, 2041105, 0, 0, 0, 0, 10000, 39297, 32, 4, 2, 1, 480, 0, 0, 0, 0, 0, 0, 319, 52, -564, -336, 600, 929, -664, -1528, 912, 1614, -1156, -986, 1089, 111, -496, 385, -361, -480, 947, 462, -1208, -380, 1607, 116, -2263, 206, 2547, -272, -2406, 190, 1927, -179, -620, 56, -1371, 445, 2901, -966, -3005, 1220, 2095, -1193, -893, 801, 0, -102, 624, -603, -1628, 1099, 2872, -1437, -3180, 1504, 2023, -1549, -270, 2790, -1366, -6151, 2747, 11025, -3434, -15262, 3166, 16072, -2280, -12339, 1520, 5836, -1011, 27, 419, -3347, 352, 4279, -922, -3584, 784, 2104, -72, -704, -679, 390, 880, -1561, -208, 3284, -833, -3932, 429, 3172, 2603, -2300, -6599, 1981, 9033, -599, -9323, -3555, 8109, 9885, -5112, -15362, 142, 16515, 5337, -12376, -9110, 5182, 9878, 1664, -7571, -5962, 3085, 7252, 1919, -6027, -5519, 3276, 6371, -204, -4632, -2004, 1464, 2667, 1664, -1889, -3535, 294, 3625, 1370, -2095, -2503, -329, 2777, 2743, -2121, -4297, 869, 4506, 293, -3439, -806, 1547, 627, 463, -25, -1932, -782, 2570, 1610, -2388, -2122, 1686, 2073, -819, -1536, 96, 883, 290, -419, -359, 235, 260, -280, -139, 539, 54, -887, 34, 1150, -173, -1211, 339, 1072, -412, -852, 354, 657, -272, -544, 199, 498, -4, -497, -310, 570, 629, -763, -807, 1091, 776, -1525, -554, 2053, 162, -2584, 369, 2907, -885, -2797, 1117, 2243, -883, -1418, 287, 524, 381, 323, -894, -1036, 1149, 1495, -1088, -1588, 646, 1419, 228, -1338, -1561, 1625, 3527, -2014, -6790, 1672, 12718, 211, -22963, -3969, 38549, 9264, -58824, -14876, 80767, 17702, -97957, -14413, 100761, 5207, -79731, 5724, 30151, -14155, 46085, 18845, -140829, -20487, 240291, 20209, -327769, -13950, 386004, -3520, -400639, 26666, 368269, -39688, -300393, 32675, 215303, -11399, -127219, -12649, 44648, 31868, 25141, -45830, -74387, 57956, 98332, -69719, -99170, 79225, 84631, -83858, -62692, 82574, 39055, -74742, -17109, 59680, -1654, -37523, 17407, 10052, -31561, 19058, 45766, -44568, -60797, 61051, 76091, -64926, -89684, 56007, 98793, -37515, -101020, 14949, 95232, 6161, -81906, -22584, 63356, 33978, -43440, -41487, 26195, 46454, -13752, -50148, 5652, 53497, 138, -56817, -5741, 59318, 12452, -59119, -20210, 54079, 27080, -43183, -29990, 27786, 26881, -11411, -18174, -1372, 6815, 7077, 3040, -4888, -7657, -3082, 5418, 12649, 2554, -19411, -13174, 20658, 22668, -16439, -28133, 9190, 28489, -2135, -24585, -2330, 18644, 3713, -13035, -3249, 9125, 2923, -6669, -4448, 4284, 8408, -618, -13868, -4212, 18591, 8730, -20019, -11614, 16996, 12545, -10482, -11608, 2966, 8902, 2869, -5096, -5432, 1532, 4721, 202, -2034, 727, -787, -3636, 2013, 6676, -761, -7941, -2426, 6485, 6019, -2554, -8442, -2589, 8842, 7313, -7404, -10262, 5241, 10784, -3660, -9133, 3515, 6418, -4843, -4078, 6772, 3223, -7907, -4003, 7073, 5677, -3845, -7061, -1296, 6998, 7223, -4738, -12532, 493, 15884, 4450, -16198, -8557, 13152, 10718, -7437, -10395, 611, 7711, 5526, -3562, -9575, -864, 10956, 4775, -9976, -7849, 7586, 9744, -4762, -9975, 2027, 8234, 553, -4720, -3079, 272, 5469, 4032, -7462, -7548, 8867, 10237, -9695, -12245, 10034, 13711, -9846, -14618, 8903, 14967, -6859, -15018, 3680, 15184, 232, -15488, -4437, 15488, 8753, -14642, -13055, 12556, 16927
1791219431.707, MrmDetectionListInfo, 507, 154, 236, 9944, 237, 13537, 238, 18522, 239, 24536, 240, 31044, 241, 37717, 242, 44328, 243, 50419, 244, 55208, 245, 57807, 246, 57496, 247, 53934, 248, 47392, 249, 38563, 250, 28767, 251, 21591, 252, 22622, 253, 35565, 254, 59183, 255, 65535, 256, 65535, 257, 65535, 258, 65535, 259, 65535, 260, 65535, 261, 65535, 262, 65535, 263, 65535, 264, 65535, 265, 65535, 266, 65535, 267, 65535, 268, 65535, 269, 65535, 270, 65535, 271, 60897, 272, 42681, 273, 31214, 274, 28383, 275, 34794, 276, 48690, 277, 65315, 278, 65535, 279, 65535, 280, 65535, 281, 65535, 282, 65535, 283, 65535, 284, 65535, 285, 65535, 286, 63986, 287, 56465, 288, 48515, 289, 39980, 290, 31414, 291, 24305, 292, 20146, 293, 18896, 294, 19723, 295, 23134, 296, 30345, 297, 40814, 298, 51889, 299, 60930, 300, 65535, 301, 65535, 302, 65535, 303, 65535, 304, 65535, 305, 65535, 306, 65535, 307, 61688, 308, 55605, 309, 50370, 310, 47104, 311, 46230, 312, 46633, 313, 46167, 314, 43661, 315, 39931, 316, 36538, 317, 34146, 318, 32378, 319, 30760, 320, 29318, 321, 28320, 322, 27912, 323, 28281, 324, 29753, 325, 32236, 326, 34916, 327, 36946, 328, 38127, 329, 38690, 330, 38655, 331, 37663, 332, 35343, 333, 31654, 334, 26859, 335, 21346, 336, 15590, 337, 10235, 342, 5582, 343, 5447, 344, 5545, 345, 6499, 346, 8381, 347, 10919, 348, 13991, 349, 17339, 350, 20135, 351, 21504, 352, 21314, 353, 20091, 354, 18355, 355, 16321, 356, 14216, 357, 12470, 358, 11316, 359, 10461, 360, 9429, 361, 8081, 362, 6707, 363, 5683, 371, 10677, 372, 13168, 373, 14862, 374, 15458, 375, 15157, 376, 14228, 377, 12762, 378, 10782, 379, 8480, 380, 6354, 381, 4983, 382, 4503, 383, 4449, 397, 5258, 398, 5426, 405, 8396, 425, 7696, 426, 8052, 427, 8092, 428, 8758, 430, 11722, 431, 12163, 432, 11446, 433, 10073, 435, 6671, 467, 11977, 468, 11771, 469, 11356, 470, 10729, 471, 9952
1791219431.832, MrmFullScanInfo, 508, 107, 2041230, 0, 0, 0, 0, 10000, 39297, 32, 1, 2, 1, 480, -417740, 492960, 419406, -479437, -450983, 447776, 504586, -371930, -519827, 110935, 520180, 337943, -497029, -496967, 373993, 517190, -119265, -520192, -173066, 519537, 321080, -511908, -475784, 481614, 520190, 512039, -201257, -520134, -392339, 504021, 349728, -502230, -433035, 506241, 286065, -517950, -297656, 516724, 236185, -518798, -306804, 516115, 436917, -504814, -516290, 373783, 520192, 105502, -520020, -495384, 442510, 519834, -148533, -519908, -246786, 519702, 468045, -503021, -516036, 392248, 520037, -167627, -520160, -185014, 517388, 307658, -137074, -193465, -494166, 13978, 519680, 396705, -480715, -513258, -52348, 510756, 507126, -224871, -520165, -391690, 512134, 519027, -298329, -520192, 1475, 519877, 315221, -506506, -503647, 360809, 520141, 86804, -520150, -474033, 451605, 519929, 3383, -519439, -324248, 502606, 441149, -355641, -419049, 84384, 119338, 75965, 224136, -60756, -434336, -129646, 454417, 370858, -287263, -447893, 10367, 391945, 228731, -227418, -357737, -31614, 323816, 250836, -171296, -316365, 18743, 278838, 104090, -180800, -141707, 42225, 59994, 58453, 45261, -72283, -117121, 27874, 146537, 36544, -92357, -74283, -20258, 57230, 101867, 15153, -117663, -109172, 84575, 164795, -7453, -152687, -73700, 90120, 100001, -9014, -69703, -66959, 14825, 107904, 44247, -100157, -91460, 75641, 94808, -62309, -68025, 56590, 37721, -68454, -29301, 98395, 49026, -112860, -85943, 91768, 127295, -40170, -131954, -35682, 126843, 109455, -87283, -156226, 29872, 155846, 32735, -119091, -74997, 63895, 82434, -4557, -58808, -36081, 22635, 48101, 18035, -31331, -40898, 3526, 31719, 23710, -1186, -39740, -31944, 33416, 59177, -8695, -74412, -15265, 68637, 32920, -46048, -44501, 24092, 44903, -7252, -36721, -5101, 31413, 11556, -28064, -11372, 24107, 12402, -20359, -16593, 20106, 19087, -14036, -18599, 5187, 20850, 3144, -19937, -7530, 12970, 10003, -3451, -8132, -5087, -81, 17643, 8508, -21676, -14928, 14080, 19845, 501, -16422, -19515, -962, 46878, 33761, -78332, -80704, 106858, 140999, -151700, -182725, 160058, 241862, -139364, -288598, 84929, 309792, -2395, -299339, -98640, 249848, 196567, -167889, -261371, 68073, 227600, -6256, -235316, -73817, 206531, 127530, -154979, -145075, 101195, 137719, -61656, -113869, 43251, 89473, -41015, -73983, 42774, 77559, -44613, -80224, 31738, 83694, -7085, -77141, -21149, 61997, 43216, -37025, -48925, 13394, 41607, 5542, -29602, -15330, 18800, 22456, -15432, -23804, 20719, 25437, -29425, -30573, 33892, 38178, -29326, -40958, 12363, 37910, 6989, -22808, -31852, 5035, 53063, 17501, -62766, -37221, 59283, 52728, -46519, -58593, 30617, 53864, -13992, -43197, 1928, 33322, 9771, -22349, -17616, 15438, 23083, -13746, -24214, 17059, 21876, -24181, -16932, 33612, 12405, -44429, -12374, 54264, 9145, -61611, -7566, 64888, 6674, -63214, -6633, 56115, 8959, -46101, -9102, 34755, 7969, -23921, 1654, 16674, -3550, -14022, 6793, 14541, -10266, -17979, 11195, 22268, -8392, -25526, 2660, 28194, 6689, -27677, -24816, 26292, 36417, -19742, -43919, 11151, 46673, -1997, -43855, -3715, 34709, 6540, -19821, -8011, -327, 10592, 34657, -12542, -64106, 24521, 96367, -39495, -130540, 56288, 166227, -64474, -193291, 58817, 205169, -33340, -191676, -8314, 149252, 56711, -88060, -98312, 16863, 122735, 51813, -123121, -102513, 101804, 127776, -67174, -124394, 34839, 97842, -15232, -63411, 12911, 34568, -21828, -22690, 32732, 29173, -35577, -46306, 20626, 65174, 12395, -72943, -54707, 63711, 91207, -28523, -95970, 1767, 100178, 24642, -86874, -41386, 58795, 43944, -27691, -30485, 5929, 9122, 1325, 11596, 3319, -25280, -13617, 28318, 21513, -22506, -23910, 12087, 18897, -3907, -7959, 2711, -4702, -8403, 13360, 15222, -15518
1791219431.848, MrmFullScanInfo, 508, 107, 2041230, 0, 0, 0, 0, 10000, 39297, 32, 2, 2, 1, 480, 0, 0, 0, 0, 0, 0, 167852, -228792, -311367, 479957, 360817, -536437, -379665, 349082, 435636, -31575, -509532, -255228, 510133, 430826, -375354, -520635, 138180, 578106, 107641, -566120, -281378, 392054, 335910, -49968, -261152, -332455, 95114, 605386, 74970, -720738, -173650, 712563, 189829, -647066, -158205, 582154, 132655, -550551, -150620, 552180, 214559, -535707, -302981, 417901, 402121, -173070, -490648, -120156, 502606, 358277, -369430, -511615, 111316, 603509, 161610, -632270, -350954, 558616, 446995, -368063, -480665, 121840, 423022, 82739, -217010, -175008, -106355, 134185, 390995, 19363, -464812, -221562, 283286, 357087, 50281, -321721, -370150, 112531, 548295, 162899, -523963, -394861, 314049, 544323, -16185, -587574, -255271, 480596, 444461, -223185, -535863, -95285, 498353, 364919, -313838, -534318, 45715, 589406, 177248, -515020, -251643, 322781, 155691, -87876, 51163, -73945, -266684, 83706, 396596, 44384, -388060, -218512, 244922, 332666, -26041, -322228, -180927, 188526, 301563, 7179, -305349, -180312, 212602, 268195, -80610, -252961, -25494, 158899, 64911, -37667, -37275, -55215, -25140, 87156, 77840, -61138, -86206, 8139, 43778, 31208, 25784, -28087, -85940, -17930, 107896, 79559, -83129, -120854, 26877, 118383, 30483, -70973, -61835, -1900, 56885, 71038, -23390, -113816, -18960, 124589, 48606, -112661, -54330, 94205, 41473, -84133, -26040, 88160, 23646, -98692, -40455, 99362, 71379, -75780, -104152, 25202, 125076, 40344, -123193, -99766, 93999, 133984, -43812, -134186, -10902, 103589, 51169, -54563, -64925, 4294, 51701, 31184, -21806, -42896, -8333, 31262, 23908, -4878, -18857, -22783, -3023, 39052, 32049, -38159, -56875, 22749, 68551, -250, -64438, -21225, 48743, 35653, -28747, -41098, 10895, 39606, 1082, -34605, -6944, 28953, 9157, -24362, -10391, 20890, 11997, -17102, -14331, 11871, 16882, -5678, -17916, -133, 15460, 4253, -8670, -5673, -1593, 4128, 12461, -190, -19423, -5144, 18400, 10087, -7466, -11135, -13746, 3798, 44865, 15499, -85441, -46351, 132773, 84644, -178332, -126829, 208435, 172077, -210238, -218420, 177082, 258376, -109294, -280875, 14977, 275910, 86524, -239958, -170896, 177274, 222710, -98419, -241293, 18029, 233163, 49251, -203986, -92872, 161470, 110018, -116831, -105370, 81089, 88778, -60214, -71290, 52947, 60608, -51918, -58586, 47681, 62173, -34062, -65915, 11777, 64344, 12597, -54388, -31149, 36886, 39378, -16014, -38175, -2980, 32498, 16129, -28114, -22238, 28351, 23207, -32505, -22678, 36475, 23515, -35226, -25846, 25356, 27356, -6444, -25230, -18578, 18005, 43932, -5937, -62837, -9375, 70627, 24993, -66568, -37171, 53405, 43066, -35453, -42268, 16855, 36774, -592, -29742, -11567, 24207, 18611, -22143, -20133, 24003, 16613, -29060, -9793, 36233, 2064, -44512, 4790, 52722, -10077, -59264, 13609, 62490, -14954, -61382, 13746, 56024, -10332, -47458, 6414, 37139, -4096, -26624, 4259, 17690, -6352, -12018, 9422, 10347, -12659, -12106, 14907, 16026, -14734, -20779, 10657, 25482, -1901, -29561, -10474, 32103, 23596, -31706, -34317, 27571, 40566, -20491, -41081, 12238, 35071, -4043, -21808, -4299, 1166, 14497, 25320, -28739, -54479, 48170, 83377, -71629, -110724, 95125, 135727, -112117, -156214, 114824, 167897, -96948, -165714, 57056, 146329, -793, -109977, -59890, 60863, 110635, -6465, -139712, -43726, 142185, 80311, -121546, -96733, 88112, 91859, -54676, -71087, 31421, 44841, -22365, -24510, 24444, 17919, -29230, -26473, 26835, 45123, -10799, -64070, -17691, 72995, 50757, -66283, -78769, 45804, 94451, -18984, -94130, -5657, 78176, 21363, -51998, -24677, 24485, 16186, -4050, -262, -5037, -16531, 3771, 27960, 3193, -30624, -10185, 25299, 12771, -16166, -9082, 8261, 340
1791219431.848, MrmFullScanInfo, 508, 107, 2041230, 0, 0, 0, 0, 10000, 39297, 32, 4, 2, 1, 480, 0, 0, 0, 0, 0, 0, -126, 29, 128, -4, -117, 48, 68, -100, 8, -50, -132, 303, 333, -426, -576, 417, 690, -252, -572, -60, 198, 424, 588, -692, -1582, 804, 2352, -787, -2319, 608, 1384, -288, 79, -214, -1371, 846, 1573, -1144, -567, 663, -656, 437, 963, -1316, -330, 1423, -435, -850, 653, 145, -327, 114, 27, 42, -113, -646, 485, 2534, -1102, -7403, 1423, 15552, -900, -22933, 51, 23478, 311, -15588, -140, 4580, 128, 3806, -559, -7739, 1281, 7678, -1622, -4937, 1088, 1582, -360, 499, 408, -860, -1159, 5, 1840, 1393, -1815, -2577, 733, 3011, 1337, -2712, -3775, 1848, 5761, -596, -6984, -836, 7346, 2022, -6410, -2526, 4009, 2319, -940, -1524, -1185, 322, 1245, 1090, 606, -2472, -3058, 3199, 4811, -2642, -5328, 800, 4896, 1396, -3927, -2825, 2826, 3131, -1979, -2513, 1571, 1341, -1540, -29, 1579, -862, -1431, 885, 860, -68, 194, -1060, -1386, 1825, 2109, -1781, -2134, 1033, 1763, -163, -1239, -273, 543, 183, 246, 236, -852, -761, 1072, 1145, -875, -1191, 376, 899, 223, -459, -627, 70, 639, 253, -320, -547, -40, 714, 240, -714, -262, 654, 78, -599, 277, 486, -529, -261, 493, 80, -280, -74, 120, 220, -74, -395, 54, 535, -2, -654, -104, 733, 330, -736, -630, 651, 820, -440, -806, 150, 806, 51, -1046, -22, 1459, -144, -1775, 288, 1871, -344, -1801, 325, 1620, -195, -1232, -49, 493, 436, 680, -946, -2375, 1439, 4874, -1735, -8654, 1893, 14076, -2443, -20918, 4349, 27975, -9330, -33037, 19098, 33778, -33881, -29624, 52567, 22991, -74734, -18072, 101978, 18205, -136366, -24011, 178297, 31466, -225730, -34303, 273092, 30481, -311778, -25687, 333838, 28830, -335299, -44869, 316444, 73648, -279439, -110809, 226899, 147275, -162885, -172983, 93035, 183183, -23780, -179697, -38538, 166189, 88114, -144556, -119691, 117489, 130538, -90119, -121926, 68484, 99748, -56795, -72995, 55523, 50435, -60988, -37437, 66759, 34791, -66571, -39400, 57583, 45810, -41412, -48596, 22757, 44772, -6306, -34885, -5623, 22164, 13340, -10661, -18543, 3575, 22669, -2087, -26085, 5201, 28155, -10774, -27896, 17295, 24551, -24254, -17861, 31223, 8514, -37289, 1733, 41497, -10735, -43288, 16969, 42123, -19798, -37505, 19425, 29645, -16391, -19747, 11009, 9604, -3254, -789, -6563, -5870, 17079, 10288, -26178, -12792, 31867, 13834, -33087, -13500, 29971, 11422, -23654, -7303, 15916, 1591, -8585, 4505, 2996, -9609, 332, 12597, -1771, -12799, 2313, 10119, -2787, -5342, 3383, 121, -4038, 3747, 4904, -5228, -6151, 4414, 7619, -2205, -8856, -215, 9349, 1831, -8660, -1965, 6642, 432, -3649, 2500, 363, -6148, 2651, 9524, -5050, -11622, 6633, 11819, -7414, -10145, 7621, 7261, -7390, -4137, 6632, 1729, -5126, -703, 2834, 1223, 1, -2697, -2858, 3964, 5153, -4088, -6306, 2849, 5613, -575, -2438, -2107, -3030, 4325, 9359, -4976, -14413, 3290, 16350, 574, -14388, -5313, 8930, 9077, -1371, -10466, -6184, 9101, 11542, -5598, -13213, 1439, 11084, 1398, -6256, -1235, 406, -2339, 4778, 8143, -7841, -14189, 7843, 18843, -4858, -21278, 87, 21458, 4856, -20006, -8769, 17852, 11111, -15476, -12019, 12763, 12225, -9553, -12557, 6011, 13149, -2334, -13163, -1428, 11478, 5048, -7634, -7847
1791219431.848, MrmDetectionListInfo, 508, 143, 241, 12816, 242, 15327, 243, 18119, 244, 21154, 245, 24364, 246, 27657, 247, 30943, 248, 34175, 249, 37396, 250, 40777, 251, 44605, 252, 49248, 253, 55087, 254, 62433, 255, 65535, 256, 65535, 257, 65535, 258, 65535, 259, 65535, 260, 65535, 261, 65535, 262, 65535, 263, 65535, 264, 65535, 265, 65535, 266, 65535, 267, 65535, 268, 65535, 269, 65535, 270, 65535, 271, 65535, 272, 65535, 273, 65535, 274, 65535, 275, 65535, 276, 65535, 277, 65535, 278, 65535, 279, 65535, 280, 65535, 281, 65535, 282, 65535, 283, 65535, 284, 65535, 285, 65535, 286, 65535, 287, 65535, 288, 65535, 289, 65535, 290, 65535, 291, 65535, 292, 65535, 293, 65535, 294, 61918, 295, 56644, 296, 53041, 297, 51095, 298, 50524, 299, 50775, 300, 51236, 301, 51403, 302, 50914, 303, 49503, 304, 47003, 305, 43379, 306, 38752, 307, 33354, 308, 27587, 309, 22223, 310, 18231, 311, 16020, 312, 15059, 313, 14394, 314, 13466, 315, 12476, 316, 12024, 317, 12460, 318, 13634, 319, 15175, 320, 16819, 321, 18457, 322, 19999, 323, 21308, 324, 22257, 325, 22793, 326, 22931, 327, 22694, 328, 22130, 329, 21408, 330, 20940, 331, 21447, 332, 23540, 333, 26781, 334, 29632, 335, 30852, 336, 30511, 337, 29408, 338, 27955, 339, 25931, 340, 23064, 341, 19462, 342, 15473, 343, 11334, 344, 7208, 348, 9056, 349, 14151, 350, 17844, 351, 19973, 352, 21431, 353, 22737, 354, 23592, 355, 23512, 356, 22435, 357, 20649, 358, 18392, 359, 15703, 360, 12585, 361, 9273, 362, 6410, 380, 5852, 381, 5758, 382, 5467, 383, 5315, 384, 5218, 385, 5021, 386, 4843, 397, 5524, 398, 7154, 399, 8380, 400, 9066, 401, 9355, 431, 9627, 433, 8939, 435, 8101, 436, 8206, 465, 14360, 466, 14111, 467, 13639, 468, 13293, 469, 12944, 470, 12350, 471, 11517, 472, 10644
1791219431.967, MrmFullScanInfo, 509, 107, 2041355, 0, 0, 0, 0, 10000, 39297, 32, 1, 2, 1, 480, -417272, 492629, 419448, -481164, -452839, 448716, 504337, -369689, -519963, 109420, 520132, 338496, -496989, -498819, 374119, 517036, -118540, -520160, -170606, 519776, 322428, -512163, -477294, 479681, 520192, 511613, -201341, -520157, -396831, 502949, 352249, -503837, -433828, 507172, 284406, -517333, -297043, 517572, 238056, -517229, -305401, 516823, 437851, -506713, -516151, 372946, 520192, 105605, -519905, -497038, 437734, 519320, -151150, -519818, -245487, 519546, 470359, -503416, -516017, 392065, 519969, -159641, -520192, -200428, 517605, 321768, -121709, -201319, -501647, 6986, 520006, 396518, -478521, -514448, -54129, 512669, 509054, -231152, -520183, -393986, 514366, 519346, -296788, -520120, -2680, 519989, 315638, -506776, -503722, 355879, 520098, 85460, -520186, -479896, 449244, 519994, 8192, -519456, -323734, 502053, 443938, -354113, -416843, 79345, 119550, 85710, 228374, -71669, -442421, -119713, 463027, 364355, -300386, -447731, 20407, 391381, 221798, -230210, -352635, -23333, 319837, 248627, -172287, -312513, 17850, 277398, 107659, -178138, -147751, 40473, 66768, 61374, 37320, -76819, -109556, 33827, 141900, 30789, -91114, -69385, -19003, 53791, 97969, 15697, -112686, -107308, 78461, 163181, -1827, -149632, -74667, 88309, 102561, -8492, -71623, -66700, 16713, 105758, 42515, -97739, -87728, 73556, 91544, -60229, -64445, 55464, 35467, -67571, -28506, 97578, 48752, -111413, -86414, 90948, 129272, -37889, -133015, -37720, 127484, 111449, -88215, -156664, 31594, 155765, 31518, -118351, -73898, 62780, 81482, -4744, -58103, -35430, 21505, 47140, 18315, -29370, -40041, 1282, 31537, 26379, -210, -41882, -32040, 35260, 58309, -11019, -71874, -14152, 68062, 30738, -46692, -43296, 25328, 44405, -9196, -35791, -2242, 30578, 7361, -28016, -7416, 24935, 9054, -22432, -14680, 22854, 17654, -17801, -18121, 8912, 21357, -117, -22772, -5404, 18041, 11329, -9838, -12787, 3228, 8899, 3290, -3305, -4943, 2656, 62, -1679, 6250, 6005, -6942, -17913, -61, 33257, 17167, -43067, -49159, 44404, 95364, -30304, -145675, 78, 196563, 45134, -237525, -98267, 256304, 154115, -247988, -194116, 211026, 221171, -151809, -218660, 119467, 168211, -48213, -126460, -14501, 76502, 60148, -29863, -83743, -2004, 85687, 12631, -75490, -6428, 63029, -11283, -66468, 32655, 60295, -40035, -60290, 34891, 60463, -19959, -55227, -1784, 42274, 23229, -22573, -38113, -228, 43512, 25800, -37681, -40325, 33363, 44948, -23727, -43403, 14335, 41481, -7239, -39112, 2545, 39496, -236, -42043, 740, 35061, -4466, -33767, 7328, 31849, -9166, -25735, 8461, 16045, -3866, -3101, -4099, -10680, 12197, 23353, -18925, -37040, 24055, 42566, -25951, -40492, 27609, 32697, -30559, -19239, 36240, 2324, -45839, 11171, 58868, -17326, -73536, 10740, 78995, -424, -81907, -13199, 77164, 25899, -65304, -34206, 48930, 36112, -32260, -32370, 18826, 23365, -10770, -8592, 8977, 1933, -11197, 3277, 15057, -6043, -18226, 6002, 20673, -2438, -22046, -3850, 22415, 11907, -21420, -29552, 21668, 42081, -18441, -53443, 11875, 59168, -5851, -57149, -592, 46538, 5981, -27928, -8940, 2256, 13275, 37344, -15055, -69726, 24983, 102792, -41915, -133748, 62695, 165283, -75481, -190486, 75948, 199150, -59048, -186065, 21172, 148485, 25965, -88378, -69836, 18718, 99607, 48135, -106971, -100775, 90011, 126873, -59982, -123456, 29872, 98431, -9576, -61323, 8605, 30169, -16822, -14853, 29311, 17103, -35137, -34644, 24356, 54291, 2440, -62891, -37388, 55536, 66653, -25625, -66976, -682, 69944, 24745, -55533, -39538, 28980, 38806, -1181, -23254, -17064, -648, 20549, 22358, -10993, -34607, -7588, 35781, 19737, -28955, -26100, 16228, 24969, -5013, -17826, -14, 9770, -2129, -4650, 8073, 4632
1791219431.967, MrmFullScanInfo, 509, 107, 2041355, 0, 0, 0, 0, 10000, 39297, 32, 2, 2, 1, 480, 0, 0, 0, 0, 0, 0, 168062, -229062, -311743, 480204, 361212, -536109, -380070, 348065, 436120, -30268, -510012, -256342, 510560, 431448, -375733, -520753, 138362, 577899, 107905, -565799, -282105, 391796, 336441, -49852, -260572, -332670, 93194, 606165, 77251, -722036, -174910, 713710, 189768, -647409, -157615, 581760, 132361, -550101, -150738, 552235, 214735, -536230, -302973, 418292, 401715, -172821, -489849, -120988, 501876, 359138, -369207, -511963, 111419, 603390, 161709, -631628, -351430, 556125, 448106, -361759, -482227, 111250, 423662, 95073, -215334, -184976, -109966, 139055, 394580, 19406, -466798, -224713, 283553, 361485, 50889, -325560, -370898, 114543, 548696, 162831, -523601, -395956, 312915, 545452, -14845, -587760, -256366, 479396, 445203, -220871, -535956, -98019, 497501, 367346, -312133, -535777, 43787, 589435, 178756, -512922, -252530, 317706, 155850, -79494, 52071, -84824, -269457, 95129, 401973, 34579, -395971, -211704, 254124, 329501, -34856, -322667, -173663, 191645, 296416, 3017, -302206, -176542, 210350, 265546, -77606, -251652, -30319, 158577, 71659, -37492, -45265, -56205, -17108, 89517, 71201, -64807, -82162, 12483, 42895, 27175, 23581, -25219, -81227, -19324, 101874, 79688, -77347, -120145, 22447, 117384, 33398, -70408, -63683, -1402, 58200, 69269, -24689, -111033, -17271, 121334, 46439, -109513, -52019, 91618, 39547, -82290, -24923, 86958, 23534, -97850, -41321, 98559, 72960, -74767, -106022, 23953, 126901, 41513, -124856, -100386, 95439, 133772, -44930, -133304, -10147, 102570, 50606, -53968, -64284, 4413, 50913, 30310, -21044, -41290, -8886, 29040, 24263, -2336, -19214, -25276, -2317, 41155, 30739, -39705, -55202, 23861, 67191, -1251, -63994, -20068, 49407, 34263, -30458, -39504, 13519, 37963, -2235, -33262, -3314, 28377, 5675, -24955, -7385, 22788, 9607, -20070, -12724, 15403, 16495, -9103, -19386, 2391, 19368, 3536, -15647, -7487, 9283, 8753, -2701, -7740, -1234, 5709, 985, -4499, 2210, 6655, -4856, -14368, 2634, 27454, 8941, -42691, -33634, 54994, 72808, -59009, -124084, 50615, 181099, -28031, -234248, -7366, 272457, 51165, -286080, -96545, 272212, 133348, -234505, -150803, 177936, 144888, -107595, -121759, 32868, 91666, 32058, -62171, -75318, 38162, 92708, -23083, -89082, 19137, 74528, -25788, -58412, 38142, 46312, -48210, -40337, 49255, 39817, -39027, -41209, 19678, 39837, 3875, -32114, -25789, 17315, 41538, 1682, -49138, -19575, 48787, 31907, -42128, -37706, 31972, 39038, -21811, -38802, 14540, 38430, -11446, -37443, 11944, 34969, -14249, -31034, 16462, 26065, -16949, -19815, 14271, 11889, -7545, -2556, -2788, -7399, 14910, 17021, -26407, -24934, 35200, 29290, -40160, -28409, 41569, 21560, -41052, -9262, 40903, -6393, -43327, 21647, 49409, -32125, -58421, 34766, 68056, -29173, -75295, 17529, 77391, -3317, -72735, -9860, 61745, 19102, -46838, -22426, 31450, 19433, -18722, -11823, 10705, 2672, -7910, 5256, 9254, -10402, -12770, 12024, 16748, -9937, -20287, 4032, 23392, 5680, -26531, -18308, 29607, 31734, -31436, -43279, 30586, 50520, -26409, -51383, 19198, 44472, -9610, -28893, -1860, 4822, 15465, 25457, -32179, -57658, 52982, 87621, -77493, -113385, 102635, 134540, -122517, -150140, 129549, 157479, -116852, -152858, 81691, 133472, -28208, -99092, -32712, 52963, 86748, -1618, -121125, -46182, 129352, 81352, -113472, -97128, 82974, 91830, -50573, -70171, 27002, 42043, -17176, -18934, 19035, 9380, -25147, -15575, 26292, 32700, -16033, -50830, -5224, 59568, 31014, -53249, -53192, 33690, 65378, -8427, -63933, -13808, 48719, 26314, -24526, -26029, -239, 14236, 17112, 4063, -21455, -22177, 14402, 34173, -1484, -36823, -10819, 30739, 18093, -19990, -18965, 10018, 14844
1791219431.967, MrmFullScanInfo, 509, 107, 2041355, 0, 0, 0, 0, 10000, 39297, 32, 4, 2, 1, 480, 0, 0, 0, 0, 0, 0, 147, -269, -297, 281, 313, 290, -338, -993, 444, 1233, -479, -962, 503, 453, -576, 26, 476, -282, -23, 271, -560, -70, 643, -155, 113, 78, -1153, 493, 1507, -1073, -823, 1045, 2, -432, 138, -87, 142, 58, -149, 252, -225, -300, 463, -150, -556, 800, 600, -1130, -368, 858, -98, -220, 331, -193, -89, 481, -254, -1647, 749, 3717, -1156, -5037, 489, 4073, 1501, -1510, -3348, -668, 3441, 1558, -1873, -1653, 16, 1535, 1095, -1055, -1328, 262, 780, 453, 220, -871, -919, 770, 810, -79, -339, -863, 70, 1544, 166, -1730, -473, 1477, 609, -830, -190, -176, -721, 1960, 1603, -4813, -2167, 8226, 2566, -10881, -3500, 11521, 5454, -9975, -8008, 7143, 9923, -3788, -10282, 388, 9163, 2445, -7047, -4061, 4804, 4373, -3604, -3696, 4086, 2434, -5750, -1232, 7621, 697, -8855, -1070, 8819, 2140, -7216, -3450, 4241, 4426, -550, -4515, -3036, 3605, 5781, -2085, -6995, 527, 6496, 630, -4849, -1054, 3012, 546, -1630, 707, 894, -2182, -839, 3320, 1344, -3771, -2034, 3517, 2415, -2768, -2185, 1877, 1375, -1124, -240, 662, -878, -556, 1670, 758, -1967, -1006, 1850, 939, -1542, -431, 1216, -310, -907, 905, 627, -1036, -490, 668, 579, -13, -733, -701, 738, 1409, -592, -2023, 520, 2368, -682, -2357, 1145, 2031, -1757, -1548, 2102, 1155, -1841, -1002, 1040, 1072, -11, -1233, -1038, 1410, 2016, -1474, -2812, 1245, 3301, -595, -3460, -399, 3431, 1462, -3369, -2247, 3267, 2539, -2945, -2155, 2317, 796, -1424, 1976, -47, -6517, 2791, 12939, -6737, -21259, 9950, 31623, -8680, -44226, -1777, 58855, 26143, -73944, -67814, 85665, 128261, -90349, -205047, 84800, 289381, -63222, -367263, 18173, 423608, 52179, -444997, -138216, 421284, 222533, -349679, -286437, 243687, 314321, -128108, -297509, 21986, 240225, 68324, -161017, -139081, 82744, 181620, -21609, -191223, -15802, 173290, 30431, -141540, -27784, 110363, 15931, -87429, -3810, 72052, -1251, -59155, -3642, 44294, 16163, -25923, -30777, 5639, 41874, 13758, -46069, -30142, 43272, 42445, -35766, -50408, 26171, 55025, -15932, -58426, 5307, 61994, 5638, -64691, -16136, 63070, 24431, -53312, -28471, 34095, 26882, -8135, -19566, -18843, 7978, 40856, 4975, -54029, -15436, 57625, 19975, -53742, -17233, 45849, 8681, -36885, 2168, 28132, -11361, -19496, 16173, 10498, -16095, -947, 12836, -8550, -9316, 16481, 7892, -20743, -9162, 19445, 12162, -11995, -15211, -55, 16596, 13298, -15044, -23850, 10386, 28890, -3776, -27737, -2698, 21876, 6966, -13932, -8001, 6513, 6311, -1376, -3460, -800, 1065, 436, -27, 1281, 394, -3049, -1586, 4186, 2696, -4964, -2846, 6153, 1640, -8102, 524, 10328, -2477, -11875, 2996, 11978, -1665, -10353, -833, 7282, 3233, -3501, -4599, 93, 5076, 1734, -5687, -1212, 7455, -1450, -10881, 5249, 15793, -8781, -21270, 10835, 25893, -11076, -28202, 10177, 27291, -9038, -23374, 8133, 17863, -7443, -12589, 6618, 8987, -5168, -7463, 2700, 7476, 962, -8003, -5570, 8034, 10194, -6799, -13553, 3859, 14858, 707, -14366, -6267, 12897, 11889, -11182, -16648, 9803, 19868, -9127, -21320, 8973, 21309, -8632, -20366, 7514, 18872, -5546, -16952, 3221, 14373, -1241, -10827, 46, 6518, 322, -2232, 3, -1320, -812, 4198, 1730, -7009, -2135, 10259
1791219431.967, MrmDetectionListInfo, 509, 151, 247, 12892, 248, 15944, 249, 18911, 250, 21631, 251, 23911, 252, 26043, 253, 29640, 254, 37092, 255, 49230, 256, 64378, 257, 65535, 258, 65535, 259, 65535, 260, 65535, 261, 65535, 262, 65535, 263, 65535, 264, 65535, 265, 65535, 266, 65535, 267, 65535, 268, 65535, 269, 65535, 270, 65535, 271, 65535, 272, 65535, 273, 65535, 274, 65535, 275, 65535, 276, 65535, 277, 65535, 278, 65535, 279, 65535, 280, 65535, 281, 65535, 282, 65535, 283, 65535, 284, 65535, 285, 65535, 286, 65535, 287, 65535, 288, 65535, 289, 65535, 290, 65535, 291, 65535, 292, 65535, 293, 63125, 294, 53681, 295, 45891, 296, 39730, 297, 35164, 298, 31977, 299, 29605, 300, 27613, 301, 26071, 302, 25074, 303, 24215, 304, 23128, 305, 22679, 306, 24650, 307, 29475, 308, 35216, 309, 39389, 310, 41133, 311, 41292, 312, 40952, 313, 40393, 314, 39336, 315, 37680, 316, 35730, 317, 33952, 318, 32908, 319, 33195, 320, 35043, 321, 37953, 322, 40768, 323, 42233, 324, 41680, 325, 39149, 326, 34922, 327, 29123, 328, 22200, 329, 16045, 330, 13474, 331, 15474, 332, 20133, 333, 24875, 334, 28809, 335, 32546, 336, 36228, 337, 38643, 338, 38549, 339, 36056, 340, 32266, 341, 28085, 342, 23848, 343, 19883, 344, 17015, 345, 16066, 346, 16623, 347, 16959, 348, 15678, 349, 12913, 350, 9848, 351, 7838, 352, 7792, 353, 9505, 354, 11698, 355, 13221, 356, 13964, 357, 14436, 358, 14846, 359, 14852, 360, 14038, 361, 12330, 362, 10221, 363, 9071, 364, 10473, 365, 14274, 366, 18091, 367, 19668, 368, 18917, 369, 17255, 370, 15803, 371, 14729, 372, 13781, 373, 12840, 374, 11819, 375, 10459, 376, 8580, 377, 6376, 397, 5950, 398, 6909, 399, 7581, 400, 7642, 416, 7411, 417, 9847, 418, 12305, 419, 14427, 420, 16196, 421, 17675, 422, 18798, 423, 19416, 424, 19460, 425, 18990, 426, 18117, 427, 16931, 428, 15503, 429, 13923, 430, 12310, 431, 10775
1791219432.092, MrmFullScanInfo, 510, 107, 2041480, 0, 0, 0, 0, 10000, 39297, 32, 1, 2, 1, 480, -418411, 492231, 418806, -481921, -448708, 448151, 504963, -368726, -519990, 109925, 520155, 338144, -498902, -498552, 372004, 517965, -118204, -520192, -171961, 519667, 319799, -512626, -476202, 479821, 520192, 512413, -194366, -520151, -394094, 502278, 351649, -501181, -431786, 506523, 288580, -518040, -296825, 518507, 235360, -517789, -299821, 516388, 436822, -507540, -516051, 373480, 520192, 103980, -519947, -495441, 440426, 519787, -150023, -519934, -246350, 519915, 470293, -503638, -517200, 392953, 519740, -160787, -520158, -204059, 516995, 344366, -117409, -222014, -506093, 19361, 519988, 401450, -480844, -514401, -57799, 512670, 503670, -237737, -520182, -393027, 513283, 518971, -295837, -520153, -999, 519942, 317057, -506084, -505689, 355146, 520098, 93849, -520051, -474767, 448488, 520099, 10453, -519287, -330992, 501164, 447964, -351018, -419074, 79108, 120200, 82541, 227526, -68619, -440251, -127077, 460896, 367470, -294876, -450618, 12298, 394006, 228450, -229858, -357367, -26076, 322196, 251489, -173286, -315414, 16390, 280211, 106202, -181573, -147782, 44022, 66156, 58980, 39146, -74333, -111740, 31962, 143026, 32601, -91546, -70192, -18847, 54520, 99552, 16997, -113704, -109019, 80869, 163529, -4096, -150656, -73198, 88791, 100569, -8324, -69027, -65490, 13865, 105957, 45100, -98267, -89356, 74471, 92910, -61091, -65228, 56887, 34934, -69140, -28810, 99430, 47836, -112500, -85573, 90272, 126561, -38535, -130751, -37255, 124545, 112859, -85290, -157651, 28751, 156759, 34825, -119110, -76911, 63638, 82875, -4914, -58845, -35172, 22641, 47052, 17289, -29182, -39731, 2729, 31433, 24986, 378, -40024, -33466, 32976, 60196, -7590, -73853, -16032, 68435, 33615, -46008, -45319, 23318, 47726, -7483, -39638, -4425, 33210, 9962, -30661, -9113, 27276, 10207, -23643, -16254, 22718, 18818, -16778, -20790, 6951, 23463, 3201, -24929, -9243, 18829, 14770, -9620, -15438, 2042, 10122, 4360, -4146, -6389, 1382, -1563, -2261, 10345, 9175, -15899, -25447, 17173, 49337, -11619, -73978, -3008, 99170, 41229, -105810, -64801, 104568, 86033, -83933, -96033, 41261, 88607, 19398, -61124, -87678, 16906, 148764, 37913, -187010, -59030, 230022, 101150, -196998, -123760, 132714, 119661, -55351, -89424, -20260, 40844, 72288, 13091, -91328, -53850, 79083, 97154, -55386, -91759, 24752, 64678, -4691, -24337, 2181, -13285, -12022, 36161, 28430, -37691, -40200, 19554, 40625, 9926, -38162, -36673, 17641, 50141, 4824, -49093, -19347, 41423, 22548, -32566, -17595, 30080, 8105, -33784, 824, 41558, -10455, -51411, 10131, 55195, -1853, -48602, -7310, 32457, 15987, -12884, -21106, -3557, 21275, 14987, -19296, -17919, 13662, 15234, -15714, -9282, 21032, 2507, -30605, 3684, 41411, -9262, -50683, 11231, 59248, -9102, -65074, 3687, 66323, 1028, -65537, -7876, 64253, 14983, -59492, -21512, 54286, 25904, -47338, -28923, 40150, 29900, -31050, -19150, 25675, 17236, -21614, -14179, 20193, 10298, -19997, -5572, 22342, 1710, -25418, -586, 30826, 3331, -34523, -20087, 42991, 31891, -42847, -44161, 36626, 53424, -26034, -55775, 13336, 50370, -778, -33625, -9918, 8635, 18549, 32474, -22607, -67540, 33400, 102079, -45793, -134309, 57629, 163167, -63296, -182145, 61323, 185853, -40317, -168687, 2302, 128789, 41337, -73588, -80698, 10707, 105527, 49604, -108253, -95715, 89600, 116927, -59904, -114227, 29805, 91601, -8727, -60958, 4702, 33651, -10216, -20803, 20145, 25040, -23035, -40962, 12166, 57539, 12104, -63325, -44212, 52749, 69814, -18080, -66501, -6714, 68138, 30267, -52640, -43450, 27230, 42069, -147, -24389, -16023, 1972, 18033, 18890, -8331, -29013, -5082, 29766, 14195, -22135, -17625, 9902, 12010, -1191, 67, -823, -13066, -3703, 23508, 11593, -27223
1791219432.092, MrmFullScanInfo, 510, 107, 2041480, 0, 0, 0, 0, 10000, 39297, 32, 2, 2, 1, 480, 0, 0, 0, 0, 0, 0, 167542, -228825, -310675, 479569, 360258, -535389, -379837, 347793, 436447, -30538, -510297, -255993, 510340, 431495, -375205, -521202, 138225, 578338, 107294, -565831, -280688, 391257, 334489, -48879, -258761, -333439, 92358, 605891, 77197, -720701, -175015, 712392, 190357, -647127, -157606, 582259, 130628, -550327, -147749, 551726, 212033, -535601, -301564, 418437, 401519, -173940, -490280, -119477, 502331, 358065, -369331, -511767, 111181, 603946, 162068, -632584, -351672, 556931, 448129, -360489, -482282, 104672, 424541, 108508, -217866, -201755, -106242, 152484, 391467, 13349, -466095, -225118, 285594, 364905, 47256, -329108, -367299, 116747, 546519, 162110, -523128, -395948, 313321, 545431, -14979, -587085, -257102, 477900, 446536, -219246, -536972, -98845, 496933, 367369, -309234, -535812, 39101, 589788, 183678, -513521, -256155, 318702, 157633, -81493, 51708, -81365, -269524, 90436, 401177, 39798, -393203, -216747, 249273, 333716, -29025, -325201, -179047, 191908, 300391, 4845, -304590, -179705, 211643, 269215, -78560, -255189, -29139, 161596, 70008, -39813, -43156, -54563, -19348, 88362, 73088, -63908, -83287, 11768, 43059, 27546, 24426, -25133, -82998, -19696, 104248, 80010, -79846, -120217, 24736, 117248, 31266, -70147, -61441, -1830, 55786, 70024, -22401, -112175, -19035, 122709, 47436, -110930, -52246, 92998, 39147, -83628, -24082, 88097, 22342, -98493, -39770, 98561, 71026, -74193, -103720, 22868, 124374, 43095, -122286, -102306, 92905, 135762, -42481, -135134, -12303, 104038, 52232, -54928, -65396, 4906, 51731, 30154, -21717, -41489, -8287, 29736, 23554, -3564, -18087, -23624, -4093, 39265, 33061, -37756, -57528, 21907, 68790, 903, -64443, -22790, 48871, 37704, -29421, -43397, 12368, 41796, -1146, -36602, -4274, 30929, 6560, -26501, -8461, 23259, 11220, -19562, -15041, 14045, 19339, -7001, -22254, -278, 21652, 6429, -16899, -10169, 9409, 10796, -2077, -8884, -1725, 6113, -32, -4883, 6661, 8279, -15349, -19068, 22816, 38092, -25122, -63130, 18629, 89351, -2609, -110197, -19553, 118280, 42315, -106938, -60610, 72281, 70299, -15613, -68302, -55268, 55004, 128679, -34354, -190474, 10324, 225301, 15810, -221602, -42676, 178219, 64256, -106607, -72155, 25545, 61400, 45144, -32875, -90884, -6218, 106634, 43162, -96319, -64067, 69367, 61216, -37587, -37560, 12237, 4084, -255, 25535, 2151, -40254, -13317, 35607, 26690, -15111, -35116, -11968, 33862, 35590, -23179, -49300, 8479, 52018, 3259, -47217, -7405, 40387, 3208, -36178, 6654, 36443, -17235, -39845, 23267, 42864, -21502, -41705, 12207, 34512, 1333, -22390, -14562, 8685, 23530, 2844, -26660, -9553, 25444, 10480, -23370, -6128, 23720, -2031, -27740, 11917, 34668, -21093, -42840, 27264, 50739, -29135, -57263, 26834, 61759, -21427, -64052, 14197, 64310, -6271, -62706, -1383, 59356, 8032, -54338, -12656, 47767, 14299, -40042, -13103, 32256, 10386, -25971, -7261, 22244, 3741, -21102, 294, 22015, -4204, -24519, 6042, 28823, -3547, -35359, -3873, 43161, 14615, -49197, -26186, 50143, 36360, -44643, -42652, 33493, 42277, -18486, -32480, 1329, 11952, 17216, 17489, -37283, -51035, 58897, 83428, -80823, -111435, 100259, 133448, -112891, -147846, 113041, 152285, -95356, -144476, 58246, 123376, -6527, -89872, -49203, 47054, 96072, -344, -123437, -42836, 126657, 74640, -108512, -89367, 77924, 85830, -46334, -68204, 23297, 45035, -13062, -26278, 13557, 19313, -17950, -25734, 17909, 40773, -7641, -55053, -12395, 59169, 36201, -48797, -56199, 26939, 66461, -1428, -63681, -19585, 47960, 30281, -24163, -28455, 514, 16015, 15215, 1792, -19436, -18399, 13862, 28280, -3771, -28959, -4857, 21819, 7712, -11210, -3363, 2161, -6500
1791219432.092, MrmFullScanInfo, 510, 107, 2041480, 0, 0, 0, 0, 10000, 39297, 32, 4, 2, 1, 480, 0, 0, 0, 0, 0, 0, -459, 129, 950, -520, -828, 815, 104, -620, 484, 178, -446, -21, -50, 243, 330, -463, 23, 348, -597, 70, 1191, -580, -1744, 943, 1979, -782, -1473, -27, 722, 870, -544, -882, 596, 124, 164, 404, -1808, -116, 3002, -474, -2775, 514, 1539, 140, -388, -877, -177, 1122, 290, -759, -179, 125, -66, 452, 307, -698, -376, -57, 419, 3325, -658, -9751, 1202, 16743, -2006, -19095, 2419, 14312, -1758, -5796, -38, -1304, 2072, 4553, -3269, -4500, 3172, 2674, -1941, -686, 592, -346, 14, 330, 255, 666, -983, -1975, 1485, 2461, -998, -1754, -885, 824, 3487, -522, -5270, 343, 5228, 280, -3595, -1204, 1433, 1691, 379, -1292, -1474, 188, 1595, 1154, -651, -2308, -837, 2966, 1919, -2687, -2122, 1472, 1651, 150, -931, -1559, 215, 2466, 451, -2858, -999, 2752, 1337, -2146, -1377, 1191, 1207, -190, -892, -596, 467, 1103, -2, -1377, -340, 1391, 440, -1057, -281, 434, -56, 213, 494, -546, -1029, 452, 1629, -125, -2036, -110, 1897, 150, -1161, -86, 137, -43, 753, 284, -1257, -579, 1364, 662, -1267, -326, 1187, -294, -1250, 962, 1491, -1570, -1748, 2034, 1898, -2155, -1984, 1909, 2032, -1496, -1874, 1079, 1420, -728, -883, 540, 535, -505, -394, 451, 388, -217, -542, -162, 911, 583, -1385, -960, 1686, 1239, -1557, -1435, 959, 1724, -166, -2284, -379, 2957, 454, -3351, -188, 3273, -166, -2877, 445, 2363, -504, -1785, 172, 1182, 588, -553, -1641, -184, 2769, 1156, -3715, -2386, 4330, 3803, -4758, -5275, 5360, 6646, -6239, -8020, 6928, 9964, -6514, -13159, 4015, 17953, 1350, -24180, -9570, 31409, 20633, -39573, -33555, 48310, 44111, -54684, -45365, 52684, 31888, -36643, -3028, 5009, -37971, 38564, 85283, -85897, -129746, 129638, 160686, -163396, -171300, 177824, 163017, -162704, -142623, 115803, 114970, -47630, -81768, -25131, 44621, 86465, -5324, -126400, -33008, 142990, 63844, -139262, -79224, 119860, 75813, -91053, -57952, 60759, 33866, -35562, -11873, 18360, -1891, -8885, 4761, 4613, 2090, -1471, -14611, -4184, 27723, 12964, -36889, -22055, 39564, 27969, -35897, -28780, 28540, 24436, -21070, -16263, 15676, 6906, -12099, 279, 8768, -3064, -4639, 1947, -114, 527, 4346, -1704, -6376, 35, 4865, 4295, 236, -9255, -7522, 11971, 14861, -10644, -20202, 5902, 21991, -84, -19555, -4174, 13709, 5279, -6682, -3105, 946, -1095, 2201, 5153, -2952, -6800, 2231, 4709, -1076, 816, 543, -7957, -1378, 14278, 3683, -17856, -6954, 18061, 10462, -15614, -13261, 11929, 14091, -8311, -11917, 5610, 6696, -4307, 297, 4917, -7093, -7827, 12103, 12552, -14473, -17392, 13826, 20254, -10120, -19885, 4144, 16241, 2402, -10249, -7518, 3411, 9811, 2705, -9100, -6811, 6364, 7943, -3213, -5620, 1249, 537, -1589, 5474, 4485, -10490, -8969, 13291, 13097, -13287, -14906, 10417, 13498, -5387, -9392, -368, 3986, 5205, 1241, -7955, -5063, 8477, 6551, -7595, -5393, 6504, 2301, -6078, 1337, 6615, -4209, -7771, 5581, 8658, -5158, -8275, 2954, 6115, 718, -2471, -5055, -1736, 8846, 5549, -10968, -8330, 11045, 9825, -9448, -9995, 6933, 8944, -4402, -6948, 2708, 4645, -2357, -2962, 3365, 2562, -5298, -3510, 7353, 5597, -8719, -8697, 9028, 12644, -8463, -16993
1791219432.092, MrmDetectionListInfo, 510, 113, 254, 10647, 256, 15189, 257, 19663, 258, 24863, 259, 30047, 260, 35098, 261, 40185, 262, 45057, 263, 48864, 264, 50548, 265, 49258, 266, 44460, 267, 35856, 268, 24141, 269, 13576, 270, 12610, 271, 27443, 272, 54573, 273, 65535, 274, 65535, 275, 65535, 276, 65535, 277, 65535, 278, 65535, 279, 65535, 280, 65535, 281, 65535, 282, 65535, 283, 65535, 284, 65535, 285, 65535, 286, 65535, 287, 50640, 288, 42963, 289, 45749, 290, 54710, 291, 64525, 292, 65535, 293, 65535, 294, 65535, 295, 65535, 296, 65535, 297, 65535, 298, 65535, 299, 65535, 300, 65535, 301, 62972, 302, 49246, 303, 36393, 304, 25320, 305, 16406, 306, 9944, 314, 14236, 315, 20012, 316, 24693, 317, 28312, 318, 31119, 319, 32909, 320, 33278, 321, 32146, 322, 29848, 323, 26827, 324, 23392, 325, 19725, 326, 16015, 327, 12487, 328, 9356, 344, 6747, 345, 9597, 346, 12299, 347, 14029, 348, 14548, 349, 14190, 350, 13309, 351, 12062, 352, 10771, 353, 9983, 354, 9720, 355, 9162, 356, 7551, 373, 10713, 374, 11790, 375, 12801, 376, 13600, 377, 13943, 378, 13803, 379, 13337, 380, 12647, 381, 11701, 382, 10427, 383, 8835, 384, 7027, 385, 5157, 389, 6645, 390, 9840, 391, 12262, 392, 13780, 393, 14944, 394, 15986, 395, 16550, 396, 16201, 397, 14889, 398, 12923, 399, 10762, 400, 8871, 419, 11288, 420, 12519, 421, 13427, 422, 13816, 423, 13389, 424, 12090, 425, 10125, 435, 7380
1791219432.217, MrmFullScanInfo, 511, 107, 2041605, 0, 0, 0, 0, 10000, 39297, 32, 1, 2, 1, 480, -418650, 490810, 422482, -482758, -452434, 447473, 503753, -372581, -519898, 109516, 520192, 332792, -496967, -498293, 374542, 518081, -116647, -520159, -171880, 519543, 319903, -512026, -474988, 481485, 520190, 512375, -200269, -520130, -395938, 502044, 348813, -503465, -431513, 506461, 286336, -518138, -300212, 518589, 231018, -517419, -305779, 516373, 437187, -507175, -516455, 376206, 520147, 97767, -519831, -495815, 441978, 519444, -147112, -519680, -244744, 519368, 470411, -502457, -515773, 392786, 520030, -160408, -520151, -202495, 516822, 329207, -118690, -206993, -503802, 10661, 519674, 400481, -476004, -513796, -59718, 512167, 509486, -242034, -520184, -389312, 511907, 518791, -296557, -520143, -2605, 519886, 319080, -505645, -505132, 353482, 520104, 92249, -520148, -478897, 447399, 519899, 13590, -519463, -334863, 502493, 446664, -351857, -426920, 78007, 124141, 80361, 222107, -64758, -437367, -127420, 457030, 373416, -290786, -455265, 7511, 398575, 233839, -234179, -364054, -27319, 328334, 251176, -174050, -318579, 18213, 283209, 105598, -183279, -147350, 44328, 65105, 58755, 42152, -75018, -116700, 31737, 148917, 32702, -95561, -70944, -17235, 55247, 99314, 16898, -116326, -108939, 83814, 165567, -7487, -153768, -71413, 91070, 99257, -10197, -68578, -65708, 14052, 106158, 44570, -99943, -89501, 76313, 92883, -62187, -66353, 58687, 35368, -70328, -28457, 99672, 48555, -114215, -84622, 91877, 126917, -39723, -130963, -35848, 125462, 111202, -86105, -155589, 28461, 154972, 33466, -117662, -76498, 61394, 82156, -3607, -58509, -36731, 21424, 48723, 19599, -31122, -42160, 2685, 33205, 25391, -1427, -40793, -31486, 33062, 57712, -8301, -71420, -16274, 67291, 33170, -44368, -44399, 22987, 44959, -5913, -36224, -5050, 30111, 10804, -26917, -9935, 24177, 11262, -21269, -16352, 20637, 18643, -16852, -19499, 7395, 21643, 1909, -22218, -7805, 16481, 13003, -8573, -13875, -92, 9980, 8239, -4512, -15772, 4587, 20355, -6668, -31991, 12892, 60956, -24344, -104966, 38850, 160204, -49969, -210937, 55986, 227755, 1558, -211824, -20872, 144329, 55573, -31756, -92787, -100731, 120506, 217670, -125573, -287438, 105370, 295996, -68065, -215430, -5485, 146931, 11418, -60434, -554, -18874, -22272, 70221, 46669, -85121, -56378, 66001, 42620, -25386, -8215, -9185, -41991, 29131, 87569, -25390, -113829, 7980, 108842, 14918, -75524, -28933, 25829, 26272, 24619, -8675, -58655, -24091, 57850, 46475, -44842, -58016, 21655, 53138, 1353, -36828, -17481, 17927, 21898, -2874, -17582, -2828, 12289, -421, -13670, 4438, 16956, -6301, -22500, 6517, 26628, -5786, -25451, 5583, 18597, -7605, -8765, 13046, 887, -20546, 1882, 26918, -2832, -26909, 3265, 21780, -7636, -12019, 17114, 2005, -31029, 2633, 47730, 1104, -62021, -15758, 65039, 27194, -62381, -34827, 54638, 35468, -43978, -28836, 34673, 19824, -30076, -10163, 30625, 5267, -33573, 2780, 37301, 1196, -36185, -5195, 31957, 6737, -26359, -6203, 21861, 5151, -21069, -5457, 24613, 10214, -28631, -28171, 33704, 43401, -31757, -57690, 20506, 63698, -6599, -61080, -5997, 47007, 14254, -24704, -16733, -3402, 14994, 42426, -11720, -68450, 18082, 93465, -33252, -118411, 54446, 145042, -70781, -168344, 73999, 181604, -57252, -174034, 18918, 142188, 30952, -88166, -76594, 24944, 106706, 39389, -111531, -90190, 92163, 115488, -60286, -113680, 27561, 88799, -7731, -56576, 8844, 29090, -19712, -18618, 36152, 26034, -44183, -46589, 34870, 65871, -7513, -72279, -28507, 59606, 58427, -26080, -61433, -2535, 62865, 27340, -45879, -40136, 16067, 36128, 14553, -15189, -34994, -13407, 36845, 39395, -22651, -48503, -4710, 50235, 24159, -43061, -38825, 29393, 44440, -16274, -41148, 9958, 32775, -11104, -24590, 15805, 19051
1791219432.217, MrmFullScanInfo, 511, 107, 2041605, 0, 0, 0, 0, 10000, 39297, 32, 2, 2, 1, 480, 0, 0, 0, 0, 0, 0, 168455, -229317, -312196, 480867, 361237, -537298, -379572, 349910, 435259, -32394, -508981, -254756, 509536, 430991, -375016, -521126, 138397, 578407, 106910, -565976, -280543, 391593, 335082, -49536, -260120, -332677, 93988, 605476, 75635, -720794, -173700, 712733, 189486, -647398, -157381, 582385, 131254, -550447, -149140, 552184, 213593, -536927, -302323, 420787, 401152, -176661, -489160, -117465, 501184, 357244, -368703, -511636, 111233, 603750, 161553, -631988, -351174, 556250, 447900, -361130, -482046, 108884, 423510, 99594, -215412, -190307, -109401, 142846, 393335, 18451, -464937, -226625, 281703, 365812, 51460, -331213, -369401, 119426, 546017, 160409, -521280, -395752, 311519, 546001, -13862, -587505, -257522, 477649, 446553, -218265, -536734, -100282, 496129, 368966, -307686, -537410, 36931, 591329, 186472, -515038, -259838, 320670, 161977, -84358, 47614, -77647, -266248, 86116, 398601, 44704, -390818, -222269, 246536, 339316, -25460, -330006, -183415, 195078, 304857, 3821, -308312, -180731, 214325, 271459, -80411, -257386, -27759, 162798, 68511, -39721, -40811, -55748, -22914, 90169, 77419, -65702, -87288, 12959, 45625, 27268, 23883, -25603, -84441, -19090, 107127, 79974, -83334, -121071, 28010, 118675, 28842, -71490, -60199, -1118, 55685, 70177, -23063, -113100, -18162, 124151, 46824, -112614, -52019, 94657, 39142, -85043, -24059, 89254, 22155, -99575, -39392, 99718, 70601, -75476, -103492, 24365, 124365, 41317, -122334, -100349, 92901, 133783, -42474, -133211, -12270, 102189, 52164, -53166, -65153, 3150, 51065, 31999, -20511, -43274, -9917, 31077, 25433, -4241, -20150, -23447, -1837, 39202, 30729, -37523, -55382, 21549, 67071, 986, -63104, -22066, 47572, 35927, -27836, -40762, 10438, 38741, 948, -33554, -6295, 28195, 8233, -24316, -9487, 21789, 11320, -18871, -14042, 14019, 17294, -7393, -19565, 346, 18876, 5710, -14291, -9636, 6432, 11132, 3023, -11293, -12391, 12200, 21998, -16303, -35380, 26339, 57505, -44424, -90712, 69964, 130896, -94798, -168027, 105320, 189807, -91544, -184068, 52464, 141537, 6912, -62283, -78462, -39307, 147810, 138463, -196135, -208101, 205660, 231029, -170723, -207996, 106596, 152667, -42578, -80551, 2003, 5568, 10602, 56445, -4622, -90248, -6073, 88408, 9780, -56147, 54, 9446, -23612, 32582, 54355, -55757, -80790, 55260, 91189, -35884, -78961, 8786, 45946, 13208, -2434, -20745, -37111, 11640, 60808, 8489, -64158, -29435, 50243, 42118, -26727, -42687, 2738, 33301, 14389, -19889, -21818, 8708, 21609, -3382, -18415, 3845, 16353, -7551, -16917, 11652, 18749, -14342, -18960, 15250, 15389, -15251, -8212, 15827, -324, -17802, 7587, 20341, -12202, -21158, 14678, 17982, -16922, -10230, 21250, -167, -29274, 9189, 40808, -12790, -53479, 9422, 63662, -1025, -68187, -8198, 65764, 14296, -57473, -15255, 46488, 11474, -36739, -4674, 31012, -2920, -29615, 8840, 30729, -11143, -31902, 9674, 31396, -6223, -28928, 2875, 25780, -555, -24000, -1837, 25368, 6724, -30322, -15704, 36951, 27965, -41278, -40707, 39647, 50428, -31225, -53564, 18168, 47430, -3832, -30706, -9230, 4480, 20736, 27052, -32618, -57934, 47594, 83793, -67118, -103935, 89539, 119914, -109379, -132695, 118358, 140711, -108313, -140109, 75362, 126961, -23202, -99563, -36830, 59594, 89611, -12319, -122054, -33976, 128002, 69725, -110136, -87381, 78633, 84693, -46812, -66050, 25691, 41150, -19843, -21240, 26314, 14466, -36481, -22398, 40015, 39615, -29952, -56043, 6876, 61857, 21850, -52471, -46626, 30692, 59615, -4504, -56545, -17258, 37771, 27901, -9334, -24511, -18767, 9032, 36396, 12624, -37797, -33412, 24315, 47727, -3016, -52601, -17669, 48299, 31758, -38398, -36784, 28063, 33618
1791219432.217, MrmFullScanInfo, 511, 107, 2041605, 0, 0, 0, 0, 10000, 39297, 32, 4, 2, 1, 480, 0, 0, 0, 0, 0, 0, 725, -424, -1131, 1069, 636, -1587, 318, 1906, -1008, -1833, 1154, 1265, -848, -422, 363, -115, 135, 224, -601, -125, 639, 95, -134, -255, -576, 433, 1103, -446, -1354, 311, 1147, -71, -640, -192, 287, 287, -96, -165, -206, 260, 497, -1125, -194, 2447, -485, -3143, 1028, 2534, -1037, -1163, 601, 174, -32, 15, -360, 278, 353, -607, -108, 498, 58, 522, -614, -2305, 1608, 3740, -2029, -3778, 981, 2684, 1240, -1983, -3047, 2715, 2811, -3907, -737, 3762, -1332, -1996, 2073, 90, -1752, 674, 1197, -168, -823, -968, 624, 1862, -177, -2040, -1116, 1849, 2878, -1757, -4237, 1685, 4914, -1546, -5221, 1859, 5073, -2826, -4147, 4014, 2971, -5054, -2356, 6013, 2701, -6857, -3756, 6970, 5016, -5862, -5794, 3587, 5542, -708, -4361, -1913, 2975, 3446, -1931, -3480, 1369, 2377, -1482, -818, 2390, -627, -3658, 1581, 4422, -1800, -4046, 1340, 2543, -532, -424, -148, -1679, 317, 3227, 105, -3908, -811, 3746, 1273, -2984, -1182, 1954, 591, -934, 278, 123, -1103, 337, 1667, -429, -1936, 367, 1952, -356, -1766, 471, 1493, -673, -1254, 912, 1077, -1039, -951, 962, 938, -837, -1027, 814, 1128, -872, -1203, 875, 1280, -753, -1363, 526, 1437, -136, -1546, -417, 1696, 1013, -1702, -1445, 1398, 1631, -912, -1647, 588, 1616, -608, -1534, 859, 1383, -1027, -1214, 845, 1203, -248, -1446, -539, 1829, 1238, -2127, -1685, 2199, 1847, -2040, -1770, 1679, 1508, -1155, -1091, 506, 597, 232, -215, -945, 106, 1394, -190, -1470, 367, 1410, -720, -1838, 1616, 3834, -3621, -9042, 7334, 19883, -13032, -39293, 20488, 69547, -29052, -109678, 37322, 151831, -39477, -182391, 26747, 187364, 4959, -155953, -50895, 82841, 101327, 26649, -145458, -152294, 169916, 263771, -161601, -331420, 112444, 339084, -28924, -289842, -62207, 199589, 125108, -88121, -137352, -22204, 102506, 106187, -42400, -143217, -15698, 126750, 49692, -68752, -49060, -4221, 16676, 62321, 33057, -85153, -79231, 69258, 102147, -27149, -91145, -19745, 48931, 50111, 9604, -51242, -63986, 24020, 96918, 18293, -100725, -57550, 79014, 80176, -43727, -82359, 9594, 69625, 12119, -52127, -17724, 39113, 11298, -35094, -1275, 38921, -4345, -45483, 1662, 48904, 8082, -45679, -19995, 36109, 28681, -23582, -31109, 12560, 27821, -6274, -21916, 5325, 16843, -7801, -14444, 10872, 14252, -12588, -14221, 12745, 12334, -12683, -8081, 14123, 2856, -17586, 918, 21591, -1240, -23336, -2287, 20550, 8110, -12841, -13250, 1957, 14662, 9005, -10796, -16920, 2689, 19824, 6395, -17541, -12743, 11512, 14238, -4081, -11225, -2398, 5944, 6422, -1124, -7737, -1490, 7340, 1809, -6840, -1037, 7316, 842, -8579, -2371, 9400, 5533, -8449, -8910, 5215, 10547, -368, -9039, -4254, 4317, 6389, 2279, -4567, -8454, -887, 11787, 8013, -10918, -14088, 6323, 16676, 186, -14692, -6348, 9005, 10201, -1738, -10743, -4914, 8494, 9387, -5119, -10979, 2317, 9953, -1016, -7495, 1167, 5051, -1824, -3539, 1628, 3032, 470, -2968, -4616, 2657, 10024, -1727, -15242, 362, 18698, 828, -19477, -1354, 17651, 1186, -14249, -589, 10928, -158, -9319, 780, 10257, -798, -13437, -297, 17722, 2838, -21452, -6466, 22539, 10356, -19194, -14065, 11300, 17711, -627, -21116, -10490, 23456, 20425, -24057, -28167, 22935, 33031
1791219432.217, MrmDetectionListInfo, 511, 163, 250, 11911, 251, 16783, 252, 23027, 253, 30771, 254, 40069, 255, 50850, 256, 62847, 257, 65535, 258, 65535, 259, 65535, 260, 65535, 261, 65535, 262, 65535, 263, 65535, 264, 65535, 265, 65535, 266, 65535, 267, 65535, 268, 65535, 269, 65535, 270, 65535, 271, 65535, 272, 65535, 273, 65535, 274, 65535, 275, 65535, 276, 65535, 277, 65535, 278, 65535, 279, 65535, 280, 65535, 281, 65535, 282, 65535, 283, 65535, 284, 65535, 285, 65535, 286, 65535, 287, 65535, 288, 65535, 289, 65535, 290, 65535, 291, 65535, 292, 65535, 293, 59460, 294, 40677, 295, 21536, 296, 18288, 297, 35951, 298, 61689, 299, 65535, 300, 65535, 301, 65535, 302, 65535, 303, 62584, 304, 52466, 305, 43774, 306, 38408, 307, 36071, 308, 36378, 309, 40933, 310, 49474, 311, 57409, 312, 61146, 313, 62833, 314, 65535, 315, 65535, 316, 65535, 317, 65535, 318, 61398, 319, 49998, 320, 41284, 321, 36535, 322, 34647, 323, 33256, 324, 30612, 325, 26662, 326, 22615, 327, 19786, 328, 18996, 329, 20393, 330, 23036, 331, 25215, 332, 26120, 333, 26640, 334, 27919, 335, 29784, 336, 31001, 337, 30643, 338, 28817, 339, 26214, 340, 23357, 341, 20414, 342, 17503, 343, 14913, 344, 12977, 345, 11850, 346, 11449, 347, 11580, 348, 12041, 349, 12644, 350, 13195, 351, 13507, 352, 13455, 353, 13011, 354, 12249, 355, 11311, 356, 10373, 357, 9630, 358, 9308, 359, 9585, 360, 10408, 361, 11442, 362, 12258, 363, 12610, 364, 12593, 365, 12474, 366, 12251, 367, 11535, 368, 10129, 371, 10548, 372, 12272, 373, 12520, 374, 11605, 375, 11221, 376, 12237, 377, 13688, 378, 14025, 379, 12692, 380, 10333, 381, 7968, 382, 6238, 383, 5248, 384, 4804, 385, 4610, 386, 4443, 396, 6015, 397, 6821, 398, 7504, 399, 7921, 400, 7922, 413, 9919, 414, 11345, 415, 11776, 416, 11010, 417, 9537, 421, 8876, 422, 7980, 425, 6912, 426, 8100, 427, 8493, 428, 7902, 467, 14888, 468, 15686, 469, 15886, 470, 15511, 471, 14575, 472, 13144, 473, 11578, 475, 12589, 476, 16470, 477, 20783, 478, 23730, 479, 25153
1791219432.342, MrmFullScanInfo, 512, 107, 2041730, 0, 0, 0, 0, 10000, 39297, 32, 1, 2, 1, 480, -417905, 493641, 419186, -480518, -448105, 447088, 504287, -373103, -520027, 111436, 520157, 338454, -496157, -497334, 377314, 517772, -118587, -520192, -176481, 519648, 321982, -512753, -477041, 480822, 520192, 513320, -205794, -520126, -393658, 502892, 344348, -503649, -432475, 507152, 289655, -517563, -298304, 518162, 233896, -515972, -307487, 516372, 439277, -506633, -516150, 371264, 520192, 103874, -519945, -493911, 438137, 519528, -150003, -519938, -241756, 519601, 470301, -502767, -516302, 393512, 519986, -162090, -520182, -186246, 517464, 320482, -119292, -205052, -499549, 6788, 519915, 397217, -477272, -513165, -52522, 511465, 507859, -225855, -520170, -395845, 513060, 519200, -296791, -520157, -2973, 519842, 315287, -507094, -504319, 353981, 520081, 81901, -520132, -476187, 451949, 519967, 2357, -519491, -328045, 501349, 440861, -357818, -421256, 91584, 128298, 73056, 223352, -86246, -456589, -113220, 479552, 383913, -279334, -451824, 1297, 393182, 237363, -227640, -362911, -28895, 328916, 252688, -187205, -330175, 25260, 297269, 112045, -199058, -146290, 43238, 63010, 57735, 44220, -71357, -116867, 25545, 148149, 38473, -103402, -76088, -6582, 64397, 92429, 2612, -118784, -108150, 83161, 166531, -5658, -154594, -74815, 92581, 103276, -11597, -71182, -60924, 18815, 102719, 38336, -99494, -90567, 77090, 96144, -62293, -69099, 57222, 38806, -68658, -30813, 98983, 52537, -112961, -88222, 91833, 130648, -39280, -131477, -35019, 125901, 109679, -87515, -154954, 30361, 154744, 31720, -117150, -75394, 62559, 82644, -3863, -58134, -37226, 21166, 48864, 21171, -30998, -43924, 1395, 35132, 28255, -1850, -44803, -31976, 38783, 60339, -13509, -75015, -11502, 71958, 30669, -49283, -44007, 27388, 46146, -9645, -38301, -3465, 32286, 10247, -28823, -9204, 24728, 10201, -21048, -16470, 20775, 19100, -15277, -19172, 6198, 23290, 2389, -25649, -8789, 22838, 17298, -18522, -24573, 14393, 28453, -987, -38409, -5311, 54929, 10626, -77095, -21466, 104898, 40355, -131030, -59967, 139906, 81675, -115964, -104036, 57583, 115107, 44852, -106203, -127808, 86938, 191755, -58177, -215988, 24571, 199440, -2563, -147987, 2587, 78622, -27215, -10958, 66443, -16603, -104830, 20278, 128636, 4847, -122603, -44957, 85958, 81793, -25722, -96376, -41574, 82265, 96695, -45037, -144415, 3566, 131991, 38882, -97025, -62492, 58976, 62922, -31703, -47243, 26329, 27837, -39789, -17172, 58220, 21154, -53560, -47201, 44169, 66120, -20483, -75283, -10602, 70317, 38224, -52292, -54018, 28904, 56241, -11941, -49789, 9916, 42519, -20366, -45527, 43984, 60083, -63063, -78289, 69367, 90182, -56622, -89468, 30043, 73088, 10, -42693, -23799, 5672, 36054, 25079, -31688, -40509, 22644, 37848, -15889, -21701, 19008, -1104, -31880, 20021, 51749, -28858, -72517, 18964, 85962, -7784, -87874, -4003, 81395, 11699, -68470, -13687, 56867, 13200, -49191, -13315, 46955, 14847, -46750, -10088, 44397, 17922, -38182, -23509, 29036, 25260, -16507, -21962, 7144, 16723, -2425, -10771, 5974, 9064, -15204, -19613, 27021, 31480, -34880, -45050, 35311, 55376, -29405, -57949, 19891, 48575, -9744, -29161, 1367, 922, 5983, 37992, -9698, -71343, 21499, 102194, -37475, -132348, 56280, 160468, -70842, -181590, 72718, 190784, -54330, -177036, 17916, 137859, 30925, -83394, -77532, 18944, 110835, 44478, -120441, -96481, 105537, 124452, -75736, -126643, 41151, 106300, -18456, -74952, 9791, 47811, -11969, -34904, 20252, 38325, -22102, -53661, 9159, 71303, 19203, -77474, -56320, 67238, 87178, -27015, -90859, -647, 92241, 27659, -76669, -45223, 48359, 47319, -17532, -32572, -2363, 9851, 7554, 11282, -367, -22101, -11532, 20813, 19781, -10445, -21415, -3971, 13357, 14975, 2056, -17862, -18346, 10166, 30041, 3034, -33237
1791219432.342, MrmFullScanInfo, 512, 107, 2041730, 0, 0, 0, 0, 10000, 39297, 32, 2, 2, 1, 480, 0, 0, 0, 0, 0, 0, 167435, -228811, -310424, 479937, 359788, -536453, -378965, 349167, 435466, -31600, -509992, -255270, 510841, 430884, -375481, -520907, 137268, 578777, 109102, -566899, -282894, 392470, 337467, -50045, -262943, -332310, 97159, 605024, 73147, -720421, -172772, 712735, 190072, -647699, -158801, 582623, 133075, -550502, -151107, 551906, 215290, -535634, -303647, 418128, 402136, -173523, -489697, -119716, 501385, 358057, -369102, -511366, 112066, 603068, 160733, -631652, -350709, 557619, 447433, -365798, -480718, 116753, 421166, 90949, -213159, -183834, -110394, 139807, 393416, 18405, -465462, -223655, 283018, 359641, 50777, -322833, -370772, 111881, 548740, 164415, -523597, -396348, 312716, 545110, -14474, -587325, -256747, 479656, 445441, -222298, -536334, -95736, 498342, 365058, -313281, -534393, 44586, 590224, 179005, -517586, -253935, 325661, 157115, -86207, 53453, -83270, -273440, 96927, 404329, 35146, -391896, -217532, 243129, 338160, -20701, -329727, -187736, 193679, 309763, 7427, -314929, -187402, 221680, 280886, -86653, -267060, -23389, 169667, 65914, -43189, -39674, -53490, -23833, 87054, 80327, -61446, -93831, 8016, 54940, 32668, 14810, -30898, -78282, -15159, 104356, 78393, -82434, -121739, 27200, 121094, 30473, -75256, -62748, 3454, 58669, 65824, -25459, -110261, -17436, 123444, 48086, -113437, -54689, 95802, 42510, -85703, -27738, 89417, 25993, -99676, -43081, 100132, 73520, -76282, -105196, 25397, 125077, 40257, -122809, -99356, 93728, 132926, -43623, -132638, -11205, 102021, 51466, -53285, -64730, 3261, 50560, 32029, -19573, -43230, -11392, 30457, 27207, -2429, -21754, -26857, -910, 44138, 30859, -43343, -56778, 27212, 69729, -3480, -66803, -19432, 51802, 35178, -31852, -41505, 13586, 40330, -1135, -35210, -5080, 29281, 7691, -24579, -9507, 21334, 11827, -17992, -15118, 13127, 19346, -6750, -23357, -541, 25551, 8329, -24790, -16562, 20884, 26118, -15111, -38795, 9827, 56225, -6206, -78913, 2881, 105273, 2732, -129602, -13289, 141670, 31110, -129279, -56757, 85189, 87196, -13903, -115384, -67807, 132288, 138140, -131193, -179542, 112154, 183249, -83328, -150264, 57361, 91478, -45098, -25518, 50898, -27342, -70735, 52572, 93454, -45613, -105268, 12169, 95711, 33615, -62002, -73959, 9152, 94726, 50696, -90431, -100451, 64115, 125240, -24929, -121126, -14030, 97187, 39848, -68577, -45962, 48445, 35383, -41780, -19405, 44846, 11388, -49868, -18335, 49878, 36836, -40650, -56772, 21576, 68524, 3382, -67603, -27237, 56187, 43500, -41503, -49556, 32288, 47940, -34632, -44381, 48740, 43946, -68020, -48141, 81813, 54689, -80989, -59053, 62763, 56494, -31775, -44318, -2421, 23828, 29764, -520, -43948, -17984, 44898, 25229, -38034, -18731, 30946, 1162, -29794, 20366, 37053, -37445, -50939, 44572, 66402, -41339, -77472, 31363, 80298, -19403, -74955, 9186, 65016, -2367, -55276, -801, 48833, 1217, -45609, -1121, 43452, 3028, -40105, -7501, 34283, 12581, -26069, -15765, 17268, 15814, -10938, -13729, 10079, 12222, -16008, -13845, 27093, 19397, -39002, -27684, 46830, 36024, -47474, -40677, 40529, 37971, -27572, -25398, 10951, 2791, 7639, 26977, -27814, -58853, 49966, 88190, -73960, -112708, 97698, 131935, -116290, -145307, 122595, 150758, -109622, -145231, 74250, 126648, -20258, -95327, -41518, 53930, 96570, -7160, -132054, -38196, 141330, 74159, -126094, -93890, 95298, 94699, -61161, -79913, 34359, 58177, -20332, -39912, 17879, 32934, -20124, -39361, 17958, 54977, -4802, -70310, -19343, 75160, 48307, -64463, -73503, 40944, 87549, -12460, -86222, -12657, 69749, 27906, -43687, -30035, 17025, 20140, 1867, -3514, -8897, -12388, 5354, 21096, 3564, -19755, -11435, 10004, 13245, 3092, -7142, -13441, -5065
1791219432.358, MrmFullScanInfo, 512, 107, 2041730, 0, 0, 0, 0, 10000, 39297, 32, 4, 2, 1, 480, 0, 0, 0, 0, 0, 0, -706, 333, 1271, -473, -1152, 153, 736, 77, -234, 25, -512, 16, 961, -303, -335, 205, -1073, 441, 1977, -983, -2151, 957, 2427, -674, -3185, 595, 3739, -645, -3117, 470, 1443, 6, 296, -379, -1328, 338, 1899, -124, -2224, -145, 2051, 826, -1485, -1704, 818, 1937, -132, -1294, -212, 377, -159, 342, 830, -704, -989, 479, 640, 1177, -555, -4796, 1417, 8896, -2668, -10866, 2982, 9374, -1884, -5551, 517, 1389, 9, 2327, -37, -5466, 635, 7183, -1851, -6253, 2305, 3253, -1530, -516, 516, -664, -177, 79, 533, 1757, -971, -3477, 394, 3889, 1834, -3266, -4685, 2374, 6319, -452, -5856, -3214, 4067, 5878, -2945, -3194, 4165, -3789, -5887, 8614, 4617, -7073, 153, 2024, -4986, 1506, 6768, -1895, -6605, -104, 7090, 3379, -8344, -7397, 8557, 10692, -7077, -10905, 5040, 7652, -3360, -3663, 2286, 1948, -2569, -2507, 4829, 3628, -8255, -4538, 10357, 5325, -9205, -5473, 5405, 4137, -1382, -1562, -744, -1016, 729, 2976, 448, -4276, -1827, 4815, 2703, -4216, -2431, 2355, 899, 7, 1117, -1637, -2601, 1947, 3327, -1359, -3585, 739, 3644, -597, -3382, 877, 2556, -1261, -1382, 1522, 456, -1612, -236, 1583, 572, -1449, -901, 1159, 862, -760, -561, 490, 409, -541, -688, 752, 1353, -689, -2067, -13, 2455, 1418, -2315, -3173, 1652, 4722, -569, -5531, -769, 5324, 2131, -4217, -3207, 2651, 3657, -1115, -3277, -77, 2260, 751, -1136, -770, 311, 247, 215, 456, -536, -994, 708, 1206, -907, -1037, 1518, 697, -3002, -903, 5793, 2621, -9580, -6980, 13274, 15324, -16032, -28579, 17904, 46500, -19493, -67215, 21890, 86320, -26680, -95789, 34030, 85519, -40783, -49191, 41833, -10306, -33185, 79984, 13331, -139831, 16561, 168877, -52215, -153411, 87404, 94131, -117307, -6347, 138500, -83855, -149959, 149139, 154806, -173379, -156319, 156776, 151302, -109447, -131091, 44008, 91022, 24909, -35543, -81550, -25121, 114210, 78798, -119875, -113226, 103365, 120280, -73531, -102002, 40794, 71318, -14633, -44150, -476, 31529, 6783, -34417, -11369, 44880, 21494, -52487, -39370, 50333, 60294, -36857, -75751, 14866, 78820, 9485, -68042, -29172, 48321, 39475, -28229, -40182, 16132, 35540, -16987, -31631, 30302, 33012, -49723, -40639, 65474, 51753, -69258, -61230, 58177, 63780, -35397, -56370, 8412, 39869, 14058, -18798, -25599, -609, 24818, 12893, -15453, -15241, 3705, 8230, 4955, 4509, -7593, -17817, 4169, 27392, 2871, -31378, -9814, 30270, 13808, -25767, -14385, 19741, 13142, -13571, -12246, 8043, 12750, -3263, -13954, -1311, 14267, 6332, -12381, -11652, 7847, 16234, -1104, -18781, -6479, 18402, 12847, -14843, -16127, 8683, 15446, -1429, -10985, -4939, 3668, 8924, 4940, -10192, -12704, 9395, 17661, -7616, -18765, 5658, 16277, -3964, -11513, 2954, 6160, -3015, -1556, 4124, -1692, -5577, 3634, 6499, -4543, -6322, 4713, 4898, -4341, -2536, 3390, 111, -1557, 1282, -1386, -1238, 5307, 497, -9677, -340, 13596, 1797, -16110, -4937, 16443, 8951, -14116, -12803, 9254, 15772, -2789, -17390, -3879, 17522, 9665, -16644, -14052, 15706, 17065, -15085, -19228, 14338, 21235, -13016, -23348, 11078, 25304, -8485, -26797, 4954, 27827, -549, -28384, -4188, 28156, 8493, -26245, -12033, 21758, 15397, -14832, -19440, 6654, 24176, 1705, -28595, -9932, 31493, 17834, -31929, -24770
1791219432.358, MrmDetectionListInfo, 512, 173, 246, 16247, 247, 20032, 248, 24332, 249, 29134, 250, 34383, 251, 39972, 252, 45727, 253, 51392, 254, 56586, 255, 60770, 256, 63245, 257, 63213, 258, 59913, 259, 52993, 260, 43108, 261, 32858, 262, 27942, 263, 34362, 264, 51164, 265, 65535, 266, 65535, 267, 65535, 268, 65535, 269, 65535, 270, 65535, 271, 65535, 272, 65535, 273, 65535, 274, 65535, 275, 65535, 276, 65535, 277, 65535, 278, 65535, 279, 65535, 280, 65535, 281, 65535, 282, 65535, 283, 65535, 284, 65535, 285, 65535, 286, 65535, 287, 53627, 288, 42601, 289, 42409, 290, 52700, 291, 65535, 292, 65535, 293, 65535, 294, 65535, 295, 65535, 296, 65535, 297, 65535, 298, 65535, 299, 65535, 300, 59580, 301, 44612, 302, 31750, 303, 22317, 304, 17099, 305, 16298, 306, 18982, 307, 23202, 308, 27488, 309, 31834, 310, 36840, 311, 42396, 312, 47525, 313, 51196, 314, 52904, 315, 52531, 316, 50196, 317, 46649, 318, 43382, 319, 41801, 320, 42147, 321, 42942, 322, 41962, 323, 38347, 324, 33370, 325, 28998, 326, 26269, 327, 25204, 328, 25704, 329, 27999, 330, 32272, 331, 38200, 332, 44959, 333, 51598, 334, 57304, 335, 61422, 336, 63406, 337, 62845, 338, 59570, 339, 53708, 340, 45645, 341, 36255, 342, 27470, 343, 21678, 344, 19460, 345, 18739, 346, 17115, 347, 14708, 348, 13720, 349, 14771, 350, 15311, 351, 12793, 352, 8067, 356, 9675, 357, 12635, 358, 14670, 359, 15923, 360, 17089, 361, 18731, 362, 20560, 363, 21604, 364, 21242, 365, 19770, 366, 17915, 367, 16106, 368, 14355, 369, 12614, 371, 9723, 374, 7870, 375, 8041, 376, 8829, 377, 10005, 378, 10971, 379, 11259, 380, 10875, 381, 10208, 382, 9946, 383, 10775, 384, 12633, 385, 14506, 386, 15332, 387, 14864, 388, 13523, 389, 11703, 390, 9552, 391, 7422, 394, 5799, 395, 6526, 396, 7812, 397, 9669, 398, 11635, 399, 13000, 400, 13408, 401, 13061, 402, 12335, 403, 11376, 405, 8591, 435, 11073, 436, 11896, 437, 12395, 438, 12523, 447, 14823, 449, 15828, 450, 16303, 465, 16202, 466, 17583, 467, 18376, 468, 18411, 469, 17999, 470, 17429, 471, 16730, 472, 15850, 473, 14882, 474, 14112, 475, 13934, 476, 14833, 477, 17156, 478, 20514, 479, 23766
1791219432.467, MrmFullScanInfo, 513, 107, 2041855, 0, 0, 0, 0, 10000, 39297, 32, 1, 2, 1, 480, -423397, 491151, 418934, -480396, -447594, 447627, 504469, -372905, -520153, 110798, 520169, 339749, -495267, -495650, 376946, 518192, -112632, -520192, -171299, 519555, 319548, -512445, -476745, 481727, 520187, 512605, -190094, -520111, -398093, 501802, 348699, -502862, -437701, 505190, 283852, -517662, -292416, 518137, 227234, -517153, -305043, 516763, 439716, -507134, -516665, 371807, 520192, 95338, -520053, -494098, 443013, 519630, -153812, -520192, -242191, 519425, 472465, -502195, -516570, 391397, 520047, -152509, -520180, -200285, 515870, 376303, -98538, -256768, -512137, 28055, 519948, 403630, -477817, -516055, -56533, 514069, 508927, -242497, -520192, -387994, 514255, 518967, -305515, -520097, 1842, 519793, 322480, -505477, -504342, 352862, 519974, 93432, -520156, -480888, 447936, 519874, 11773, -519334, -332412, 500960, 449966, -352538, -431810, 87282, 137519, 71641, 208460, -53635, -421161, -134962, 447016, 378857, -275481, -455888, -12252, 396749, 250020, -230196, -373091, -31952, 333144, 257807, -174578, -322161, 16302, 284091, 108882, -183775, -150344, 43806, 67668, 58953, 41354, -70663, -116530, 23658, 149517, 43018, -95305, -83308, -18723, 65317, 101365, 8196, -118331, -105680, 84302, 166070, -4773, -156675, -76538, 96174, 105784, -13879, -75124, -63264, 19516, 106041, 42055, -101837, -89399, 79826, 95551, -65569, -70130, 59899, 40590, -70528, -33216, 100284, 51977, -113354, -87185, 92095, 130518, -39156, -132912, -35434, 126554, 110284, -87841, -155606, 30628, 155337, 32572, -117366, -74585, 61965, 81063, -4329, -57768, -36037, 20026, 47246, 20214, -28682, -41882, -252, 32636, 28368, 803, -44195, -35481, 36762, 62975, -11718, -77539, -12779, 73462, 31703, -49329, -44131, 26734, 45578, -8722, -37718, -3946, 32298, 9991, -29194, -8830, 24892, 10080, -21328, -13926, 19780, 15541, -13141, -14333, 2788, 17608, 5968, -21046, -10922, 22991, 15225, -29195, -16326, 46971, 14260, -67618, -35547, 101578, 44451, -133439, -51369, 140580, 55013, -104310, -60158, 23321, 60189, 85649, -41203, -193231, 20, 231789, 131716, -235427, -196268, 183583, 242687, -91863, -251968, -19462, 220447, 113658, -153926, -162966, 71771, 156529, 3143, -87647, -67428, 18426, 42552, 43480, 16181, -71819, -81884, 57736, 130163, -9183, -140426, -55141, 108786, 111870, -45525, -157716, -24451, 138436, 86107, -88937, -117279, 33191, 106593, 9976, -65570, -25557, 14000, 12504, 27456, 16993, -46622, -54621, 28130, 64516, -4478, -55830, -20592, 28707, 37505, 4199, -39936, -27424, 30296, 34077, -16722, -25476, 6689, 7129, -10269, 6213, 17990, -8824, -25687, 716, 29385, 13072, -23463, -23603, 9275, 25850, 4856, -18244, -15970, 1306, 26550, 15369, -24386, -26543, 21169, 27228, -21463, -16724, 27384, 341, -39762, 14587, 56258, -23110, -71438, 16716, 80791, -11244, -80968, 3821, 74767, 2464, -63528, -4664, 52201, 5508, -42896, -7016, 37555, 9477, -34485, -8350, 31460, 14842, -26641, -19980, 20285, 21576, -12703, -20270, 6375, 16190, -4391, -12502, 6651, 11831, -12210, -19713, 19321, 28074, -22413, -37135, 20624, 43529, -14717, -44064, 6419, 36596, 2772, -20672, -9425, -2287, 16664, 37717, -20839, -68076, 32465, 98259, -47946, -129734, 63893, 163250, -71931, -187983, 70003, 200810, -48890, -189471, 10311, 152057, 40019, -98512, -81551, 35948, 109275, 27644, -115171, -79880, 99583, 109438, -71580, -115318, 40443, 98995, -18349, -72807, 7934, 50621, -10065, -39598, 15251, 41506, -15598, -53153, 2016, 65129, 23863, -67961, -53983, 57516, 79668, -24042, -82803, -1129, 87062, 25137, -76726, -39705, 54337, 43059, -27836, -31347, 5756, 11779, 4860, 8771, -6138, -25883, -2073, 31728, 6040, -30572, -8403, 25672, 6207, -18777, -710, 15769, -6305, -17903, 11452, 22671, -12705
1791219432.467, MrmFullScanInfo, 513, 107, 2041855, 0, 0, 0, 0, 10000, 39297, 32, 2, 2, 1, 480, 0, 0, 0, 0, 0, 0, 167680, -228789, -310687, 479919, 359937, -536285, -379015, 348801, 435406, -31236, -509415, -255538, 509605, 431213, -374449, -521209, 137514, 578636, 107652, -566331, -280436, 391761, 333199, -48984, -256564, -334048, 90001, 606958, 78852, -721586, -175316, 712478, 188659, -646006, -154216, 580168, 127605, -548334, -147025, 550914, 213516, -536501, -303437, 420950, 402353, -177318, -490230, -116450, 502788, 356127, -371100, -510537, 113470, 602825, 160624, -630991, -351703, 554710, 449240, -356428, -482940, 94780, 423714, 127480, -216984, -226044, -104992, 172153, 388533, 4930, -464007, -226593, 285601, 371034, 45962, -335558, -366582, 121464, 547989, 159279, -526601, -394261, 316632, 544360, -16259, -586546, -257634, 477415, 447650, -218116, -537913, -100691, 497364, 369260, -308885, -537164, 37235, 591418, 188434, -517713, -264897, 327990, 169893, -96344, 38009, -63281, -256177, 72616, 387909, 54936, -378148, -228774, 231464, 342878, -10035, -331149, -196058, 193743, 312809, 7287, -311539, -185089, 213905, 275246, -77777, -259833, -31174, 164203, 71430, -41345, -42197, -52325, -23642, 83938, 80070, -56786, -90924, 2455, 49040, 37673, 21527, -34037, -83215, -14152, 106375, 79273, -82100, -124266, 25629, 124419, 32434, -77849, -64502, 3966, 59847, 67662, -26179, -113592, -16718, 127085, 47293, -116669, -54338, 98499, 42893, -87933, -28430, 91080, 26322, -100547, -42940, 100213, 73434, -75921, -105590, 24986, 125859, 40576, -123554, -99659, 94160, 133249, -43867, -132865, -10832, 102078, 50780, -53368, -63858, 3766, 49863, 30812, -19469, -41364, -10626, 28415, 25504, -872, -19184, -27500, -4127, 43905, 34292, -42614, -59814, 26419, 71779, -2885, -67556, -19752, 51407, 35281, -30871, -41535, 12712, 40391, -806, -35293, -4732, 29233, 6589, -24035, -7506, 19753, 8889, -14964, -11521, 8809, 15827, -2226, -21445, -3045, 28225, 5558, -37379, -5608, 51548, 5136, -73393, -5317, 101817, 5227, -127735, -4945, 135112, 8897, -109058, -22260, 44847, 44142, 46153, -59759, -140763, 47147, 215487, 3444, -253358, -78984, 244152, 153991, -186655, -207032, 94017, 225104, 7843, -204174, -88410, 148425, 125428, -72741, -114212, 3245, 66710, 32865, -3903, -23764, -50925, -19999, 77468, 74295, -65347, -114017, 17646, 123117, 49093, -98645, -109549, 48663, 140674, 11603, -133589, -63148, 96876, 88863, -49079, -81295, 9111, 46456, 10411, -1200, -6850, -34932, -12435, 48926, 34092, -39071, -45450, 13426, 40782, 15693, -23079, -36974, 1367, 44221, 14603, -38382, -19164, 26138, 12898, -15526, -1594, 11582, -7244, -14365, 8588, 19846, -2145, -22594, -8147, 19012, 16448, -8770, -18041, -5514, 11800, 19578, -639, -29530, -9972, 34040, 14442, -34860, -9546, 35263, -3854, -38194, 20830, 44997, -34919, -54763, 41693, 64559, -40525, -70716, 33748, 70828, -24599, -64997, 15821, 55610, -8818, -46010, 3984, 38707, -945, -34213, -1494, 31438, 4708, -28838, -8927, 25233, 12899, -20321, -15114, 15044, 14993, -11242, -13524, 10790, 12797, -14458, -14550, 21061, 19112, -27648, -25379, 31010, 31306, -29223, -34209, 22171, 31430, -10977, -20789, -2933, 1556, 18879, 24482, -37142, -53428, 58122, 81689, -81058, -107726, 103173, 131028, -119499, -149961, 123435, 160859, -108517, -159483, 72059, 143395, -18555, -113017, -40626, 71155, 91624, -22797, -123434, -24752, 131209, 63018, -117188, -85059, 89297, 88563, -58105, -77201, 33128, 59180, -19447, -43661, 15942, 37212, -16246, -41575, 12454, 53279, 565, -64598, -22197, 67206, 47250, -56957, -69254, 36280, 82660, -11943, -83678, -9147, 71315, 22024, -48893, -24338, 23223, 16568, -1740, -1986, -10827, -14213, 14128, 26745, -11297, -32287, 6663, 30743, -3673, -24847, 4060, 18585, -7658
1791219432.467, MrmFullScanInfo, 513, 107, 2041855, 0, 0, 0, 0, 10000, 39297, 32, 4, 2, 1, 480, 0, 0, 0, 0, 0, 0, -70, 175, 293, -259, -331, 315, 220, -450, -95, 496, 304, -349, -793, 235, 865, -206, -187, 14, -611, 184, 1532, -324, -3254, 792, 5115, -1514, -5725, 1712, 4554, -1024, -2040, -221, -1265, 1545, 4039, -2346, -4678, 2134, 3156, -1057, -939, -482, -394, 1993, 574, -2811, -634, 2566, 1369, -1686, -2094, 950, 1743, -534, -487, 854, -757, -2429, 1598, 7438, -1666, -18403, 1507, 32182, -2678, -38475, 4689, 30167, -4663, -12982, 1361, -1900, 2720, 9015, -4667, -9582, 3432, 6834, 288, -3702, -3745, 1868, 4215, -1048, -1917, 810, -618, -1463, 1766, 2667, -1394, -3279, -172, 2798, 2313, -1723, -4505, 906, 6721, -1297, -8967, 4522, 11267, -11162, -13517, 18112, 14714, -20418, -14385, 16457, 13555, -9898, -13300, 4815, 12927, -1789, -10487, -177, 5455, 1201, 372, -457, -4564, -1644, 6194, 3138, -5898, -2595, 4327, 466, -1833, 1949, -532, -4180, 1339, 6182, -110, -7418, -1916, 7138, 3033, -5303, -2613, 2640, 1199, 244, 345, -2878, -1566, 4435, 2371, -4233, -2649, 2412, 2361, 112, -1743, -2286, 1096, 3503, -349, -3728, -693, 3321, 1730, -2635, -2160, 1844, 1845, -1019, -1296, 362, 1038, -89, -1052, 151, 1066, -282, -939, 290, 762, -217, -702, 195, 803, -194, -971, 45, 1065, 373, -964, -1020, 599, 1706, 14, -2155, -805, 2213, 1722, -1988, -2619, 1735, 3252, -1575, -3379, 1437, 2941, -1183, -2097, 806, 1167, -373, -466, -63, 192, 391, -295, -440, 632, 114, -1150, 657, 1891, -1909, -2724, 3449, 3266, -4677, -2901, 4742, 665, -2796, 5066, -1794, -16526, 8237, 36147, -14952, -65025, 22237, 99810, -32778, -130607, 47782, 143332, -62995, -126413, 70735, 77752, -65657, -9268, 52560, -58163, -44496, 106488, 50269, -126951, -65866, 118087, 79727, -83192, -82995, 31487, 72373, 23132, -49647, -65897, 18972, 86614, 12835, -83385, -34858, 61771, 36256, -31542, -14819, 4140, -19820, 10323, 52959, -7211, -72333, -11079, 72437, 36141, -55065, -56428, 26910, 62162, 3318, -50307, -26733, 25742, 36373, 2424, -30003, -25144, 11227, 35542, 12505, -31095, -33300, 15505, 45197, 2815, -45311, -15787, 34734, 20131, -18250, -17504, 2440, 12442, 6932, -9567, -7255, 11574, -382, -18494, 12502, 27865, -24894, -35632, 33672, 38148, -36086, -34107, 31554, 24948, -21805, -13740, 10405, 3517, -1297, 3800, -3100, -7477, 2836, 7779, 326, -5886, -4189, 3569, 6854, -2391, -7250, 3127, 5449, -5701, -2429, 9440, -555, -13270, 2629, 15970, -3510, -16619, 3488, 15024, -3281, -11643, 3610, 7133, -4672, -2229, 6041, -2163, -7076, 5196, 7392, -6602, -6979, 6844, 6109, -6546, -5251, 6092, 4972, -5339, -5749, 3801, 7780, -1144, -10595, -2376, 13056, 6062, -13995, -9072, 13093, 10532, -10945, -9809, 8564, 6909, -6867, -2657, 6353, -1567, -6939, 4368, 7974, -4705, -8463, 2223, 7666, 2547, -5621, -8182, 3067, 12963, -714, -15863, -923, 16981, 1213, -16964, 255, 16213, -2808, -14770, 4758, 12641, -4654, -9858, 2360, 6426, 736, -2246, -2730, -2617, 2476, 7425, 12, -10714, -4034, 11181, 8567, -8664, -12115, 4331, 13197, -93, -11414, -2363, 8091, 2342, -5543, -187, 5600, -2973, -8612, 5583, 13338, -6117, -17464, 3882, 18587, 173, -15300, -3843, 7794, 5083, 2235, -3058, -12153, -1757, 19312, 8069, -21918, -14061, 19718, 18015, -14053
1791219432.467, MrmDetectionListInfo, 513, 135, 244, 18841, 245, 26694, 246, 35461, 247, 45112, 248, 55682, 249, 65535, 250, 65535, 251, 65535, 252, 65535, 253, 65535, 254, 65535, 255, 65535, 256, 65535, 257, 65535, 258, 50320, 259, 36599, 260, 36193, 261, 50348, 262, 65535, 263, 65535, 264, 65535, 265, 65535, 266, 65535, 267, 65535, 268, 65535, 269, 65535, 270, 65535, 271, 53051, 272, 44193, 273, 41786, 274, 44819, 275, 49417, 276, 51605, 277, 50914, 278, 50158, 279, 51330, 280, 52462, 281, 49276, 282, 39710, 283, 26085, 284, 13749, 285, 8257, 286, 12193, 287, 22899, 288, 33870, 289, 40109, 290, 41999, 291, 43400, 292, 46755, 293, 50650, 294, 51813, 295, 48673, 296, 42448, 297, 35624, 298, 30709, 299, 29317, 300, 30233, 301, 29592, 302, 25140, 303, 19614, 304, 17863, 305, 20605, 306, 23817, 307, 24556, 308, 24215, 309, 25405, 310, 27868, 311, 28961, 312, 27427, 313, 25220, 314, 25070, 315, 26748, 316, 27046, 317, 23644, 318, 17555, 319, 11606, 320, 7946, 321, 7117, 323, 9108, 324, 8997, 325, 8244, 326, 8722, 327, 12228, 328, 18558, 329, 25441, 330, 30719, 331, 33973, 332, 35878, 333, 36733, 334, 36117, 335, 33627, 336, 29477, 337, 24320, 338, 18755, 339, 13150, 340, 7871, 345, 5856, 346, 5937, 361, 7559, 362, 8907, 363, 9900, 364, 10258, 365, 10065, 377, 6456, 378, 6987, 379, 7045, 380, 6841, 381, 6582, 382, 6323, 383, 6036, 384, 5730, 385, 5471, 386, 5310, 393, 7414, 394, 8934, 395, 10282, 396, 11162, 397, 11534, 398, 11501, 399, 11140, 400, 10451, 401, 9441, 421, 8247, 422, 8742, 423, 9148, 424, 9196, 425, 8893, 426, 8572, 427, 8618, 428, 9038, 431, 8624, 476, 13033, 477, 15179, 478, 16853, 479, 17931
1791219432.592, MrmFullScanInfo, 514, 107, 2041980, 0, 0, 0, 0, 10000, 39297, 32, 1, 2, 1, 480, -416781, 493525, 418688, -480130, -448518, 445964, 504105, -373594, -519912, 111994, 520185, 340306, -496972, -500692, 373071, 516796, -121168, -520050, -173091, 519655, 316136, -511990, -475340, 481191, 520153, 512553, -197348, -520165, -397269, 502954, 350511, -503420, -431472, 506332, 286433, -518094, -293831, 518208, 234846, -516587, -308851, 517429, 440412, -506741, -516727, 369906, 520192, 103865, -520058, -493603, 442356, 519364, -145816, -519770, -245597, 519783, 471407, -502767, -516562, 389210, 519822, -159043, -520178, -188687, 517437, 330657, -119978, -217328, -503115, 11931, 519957, 397921, -478879, -513716, -57031, 510588, 508831, -228697, -520121, -393210, 513099, 518709, -301986, -520160, -4049, 520025, 314655, -507119, -505241, 356872, 520141, 87406, -520163, -479525, 449658, 520015, 12067, -519485, -329172, 501507, 450239, -352170, -433974, 89569, 146056, 65698, 191751, -51132, -409548, -137619, 445149, 380520, -252600, -451925, -25621, 387158, 261458, -215805, -378222, -41881, 332648, 264071, -174348, -327555, 16262, 290824, 109614, -192863, -145657, 46882, 60448, 51728, 47526, -60247, -119156, 11688, 147727, 55590, -90213, -92527, -24167, 72290, 106225, 2541, -124210, -107764, 85497, 169799, -2923, -159164, -81200, 96792, 111226, -13412, -79080, -66063, 21184, 109514, 41236, -104429, -95055, 81129, 101612, -65144, -75046, 59535, 45056, -69088, -36726, 97411, 54673, -111768, -91029, 90433, 132539, -39342, -134883, -35838, 129006, 110087, -90418, -155170, 31606, 154648, 30425, -116913, -73555, 62426, 81557, -4269, -57684, -36527, 21061, 46266, 19257, -27775, -41067, -425, 31052, 28898, 2060, -44085, -36595, 36639, 64373, -11105, -78419, -13656, 73701, 31914, -49144, -43926, 26012, 44856, -7055, -36794, -6874, 31141, 12995, -28682, -12410, 24604, 13763, -19364, -18985, 15354, 22736, -243, -22969, -23212, 22903, 54433, -13279, -93546, -8704, 139632, 37018, -180516, -64727, 198955, 140432, -159029, -156575, 110773, 154939, -31664, -144087, -68416, 131539, 162158, -118553, -230612, 106934, 269502, -103752, -268336, -68131, 257981, 46907, -220931, -15996, 180714, -2693, -143739, -3104, 118441, 28475, -104315, -64728, 90857, 95415, -70694, -86130, -6712, 90551, 34531, -76813, -51532, 50457, 53460, -18081, -40877, -10723, 20842, 27865, -3803, -29625, -4206, 27375, -1527, -20317, 20525, 20040, -41942, -25177, 54333, 38131, -53742, -49159, 39962, 56115, -13984, -53843, -13518, 47319, 48130, -28727, -57315, 9948, 58503, 1300, -52700, -4727, 45317, 174, -38702, 5173, 35381, -11100, -31421, -1553, 20050, 292, -10162, 2482, -714, -4357, 10024, 7634, -13867, -8103, 11840, 8248, -4824, -3990, -3883, -2773, 13327, 14141, -20814, -22999, 26559, 27638, -32435, -26040, 39987, 18960, -49222, -10663, 60108, 4545, -69583, -9787, 70701, 13388, -68518, -18412, 60433, 22568, -46548, -23129, 31393, 20188, -18628, -14502, 11099, 5116, -8826, 7522, 16062, -13211, -21966, 17559, 28024, -19996, -31440, 19002, 31541, -16120, -30010, 9053, 27880, -8, -23760, -15654, 19500, 26771, -11521, -34271, 1558, 37353, 6132, -33876, -10202, 25677, 9597, -12883, -5862, -2851, 2733, 27271, -2309, -46992, 12525, 70576, -30454, -100352, 50993, 134951, -64811, -165368, 65598, 182559, -46491, -176804, 9893, 146448, 38064, -90590, -80610, 24833, 103508, 38987, -103238, -86279, 82943, 108045, -55073, -103029, 31279, 80534, -22077, -55362, 30075, 35869, -46299, -32165, 62859, 45582, -62804, -67150, 43161, 83997, -3901, -87248, -43223, 70068, 81128, -28341, -91701, -2821, 91436, 27827, -72334, -39454, 41888, 34144, -12351, -14803, -5416, -7205, 9010, 22395, -13, -27848, -10795, 20785, 19832, -7476, -21250, -5221, 14818, 10963, -2731, -7111, -9816, -3956, 16829, 17247, -18243
1791219432.592, MrmFullScanInfo, 514, 107, 2041980, 0, 0, 0, 0, 10000, 39297, 32, 2, 2, 1, 480, 0, 0, 0, 0, 0, 0, 167343, -228603, -310377, 479620, 359834, -536197, -379069, 348731, 435490, -30608, -509891, -256666, 510959, 431950, -376594, -520889, 139805, 577542, 105886, -565100, -279790, 390997, 334274, -49098, -258914, -333264, 92534, 606268, 76829, -721500, -173956, 712926, 188602, -646829, -156296, 581432, 131450, -550023, -151036, 552441, 216135, -536549, -304569, 418688, 402992, -173646, -490561, -119651, 501700, 357992, -368090, -511680, 109904, 603660, 162905, -631571, -352189, 556039, 448414, -362475, -481783, 111424, 422723, 98404, -215251, -192117, -108310, 146384, 391973, 15173, -464690, -223532, 282567, 361471, 51014, -325447, -370893, 114312, 549211, 162727, -524648, -395452, 313881, 544997, -15175, -587709, -256587, 479612, 445655, -221016, -536161, -98117, 496732, 367759, -309620, -536601, 38657, 591427, 187903, -518730, -267330, 331177, 176467, -102357, 28552, -55480, -245941, 65390, 377189, 59513, -365642, -229541, 217093, 339476, 3925, -324324, -206947, 185300, 319238, 15613, -314096, -192727, 214757, 282228, -79555, -265867, -26771, 169069, 64587, -45955, -34661, -46120, -29814, 74996, 83557, -45635, -91536, -9126, 47364, 47529, 24578, -40358, -86601, -12196, 108928, 81021, -82704, -127863, 23791, 127886, 36190, -79781, -68904, 3787, 63346, 69684, -27343, -116653, -18599, 130334, 51701, -119402, -59844, 100144, 48193, -88212, -33004, 90225, 30247, -99323, -46332, 99414, 76239, -75861, -107840, 25542, 127749, 39649, -125228, -98558, 95639, 132191, -45066, -132086, -10041, 101706, 50513, -53393, -64107, 4167, 50475, 30051, -20254, -40387, -9758, 27469, 24525, -124, -18068, -27981, -5344, 44080, 35509, -42505, -60844, 26140, 72389, -2636, -67527, -19805, 50534, 35127, -29029, -41343, 9970, 40418, 2552, -35610, -8464, 29458, 10897, -23063, -13216, 15430, 17053, -3527, -22305, -16005, 27314, 45319, -29243, -84647, 25847, 130507, -13878, -173127, -10290, 199066, 45496, -196686, -83492, 159712, 115671, -89703, -140731, -2183, 161426, 96701, -178902, -173352, 181154, 221739, -152917, -245494, 100692, 250617, -53832, -235405, 33422, 199241, -30572, -153774, 24889, 116792, -5073, -98528, -24294, 91636, 51881, -78325, -71481, 49084, 82744, -11462, -84092, -19937, 71661, 37055, -45775, -39901, 13580, 33141, 14569, -22874, -30920, 15149, 33814, -14755, -27145, 23253, 17698, -37640, -12088, 51549, 13984, -58168, -22854, 53141, 34988, -35630, -45600, 9030, 50546, 19591, -47686, -42426, 38032, 54716, -25818, -56412, 16095, 50635, -11840, -41508, 11940, 32185, -12553, -24007, 10972, 16627, -7626, -8869, 4525, 268, -2601, 7951, 1804, -13281, -1750, 13600, 1871, -8455, -1178, -902, -1386, 12358, 5919, -23805, -10908, 33779, 13740, -41766, -12184, 48145, 5797, -53751, 3232, 59122, -11001, -63989, 14272, 67263, -12255, -67348, 6466, 62852, 726, -53466, -7000, 40685, 10452, -27370, -9615, 16657, 4050, -10690, 5028, 9875, -15078, -12885, 23485, 17414, -28535, -21366, 29412, 23696, -26014, -24498, 18578, 24510, -7661, -24245, -5325, 23306, 18145, -20610, -28424, 15625, 34354, -9236, -34662, 3185, 28751, 1289, -16582, -4488, -1025, 8606, 22013, -16870, -43810, 31832, 65107, -53624, -86417, 78932, 108179, -101024, -128583, 111196, 143232, -101660, -146568, 69275, 134221, -18465, -105061, -38964, 62192, 87963, -12708, -116491, -33693, 120264, 67289, -103765, -81844, 77826, 77173, -54810, -59194, 43477, 37757, -45452, -23123, 55049, 22030, -62178, -34830, 57049, 55363, -34974, -73119, -765, 78155, 40471, -66511, -72697, 42226, 88695, -14257, -85005, -8418, 64344, 19756, -34893, -18233, 7204, 6960, 10226, 7854, -14212, -19495, 7309, 23413, 4313, -18995, -13866, 9552, 16479, -316, -10868, -4191, -507
1791219432.592, MrmFullScanInfo, 514, 107, 2041980, 0, 0, 0, 0, 10000, 39297, 32, 4, 2, 1, 480, 0, 0, 0, 0, 0, 0, -340, 245, 382, -398, -187, 240, -13, -290, 81, 853, -345, -1286, 990, 858, -1778, 221, 2276, -1113, -2126, 1366, 1395, -959, -393, 260, -79, 125, -11, 39, 10, -342, 435, 346, -562, -175, -387, 306, 1839, -827, -2574, 1103, 2079, -264, -1180, -1398, 824, 2468, -598, -2119, -505, 1174, 2171, -784, -2920, 669, 2155, -281, -836, 302, -149, -2764, 402, 8642, -205, -15327, 429, 17690, -1255, -13133, 1495, 4848, -153, 2183, -1868, -5622, 3057, 5859, -2771, -4073, 1193, 1794, 520, -414, -1063, 248, 308, -832, 769, 1502, -1222, -1630, 1160, 1047, -801, -210, 464, -243, -752, 376, 2494, -1322, -6226, 4618, 11199, -10251, -15050, 15234, 16422, -15868, -16715, 11538, 17897, -4789, -19376, -1629, 18703, 6284, -14649, -8557, 8137, 8630, -1862, -7379, -1521, 5668, 1148, -4110, 1726, 3368, -4895, -4218, 6641, 6897, -6186, -10499, 3675, 13441, -103, -14299, -3103, 12398, 4831, -8106, -4743, 2751, 3083, 1941, -379, -4674, -2547, 5039, 4703, -3344, -5358, 484, 4269, 2322, -1691, -4109, -1520, 4634, 4217, -4107, -5631, 2838, 5790, -1236, -5218, -173, 4440, 866, -3704, -724, 3063, 124, -2577, 495, 2273, -904, -2019, 1079, 1735, -1014, -1410, 745, 1046, -365, -611, -69, 142, 614, 282, -1244, -649, 1727, 1027, -1824, -1481, 1552, 1983, -1078, -2410, 576, 2603, -180, -2383, -29, 1696, 40, -641, 83, -607, -187, 1833, 105, -2776, 210, 3282, -514, -3470, 315, 3813, 1164, -4911, -5001, 7040, 12736, -9452, -26630, 10284, 49420, -7412, -82692, -639, 124102, 17416, -163828, -48127, 187035, 93764, -180727, -146291, 138489, 191975, -61431, -219125, -41737, 220291, 153381, -192752, -249335, 131040, 305858, -34628, -309871, -73738, 261876, 151204, -172919, -166908, 64713, 127007, 32153, -61236, -88025, 1372, 88669, 32354, -45427, -32948, -9952, 2576, 44680, 48672, -42694, -101731, 7805, 133240, 44343, -126614, -94100, 80415, 124347, -7604, -126140, -69969, 101461, 128735, -60826, -152379, 18335, 139766, 12536, -104896, -22841, 67594, 12294, -43732, 10058, 39955, -28844, -52869, 30284, 71804, -10344, -83953, -23618, 80441, 58668, -60971, -83712, 33198, 92828, -7818, -86336, -7882, 69848, 12941, -51537, -10810, 38174, 6260, -32076, -3556, 30986, 5523, -30375, -11880, 26468, 19329, -18174, -23420, 7161, 21359, 3166, -13834, -9076, 4425, 8317, 2586, -1581, -4291, -7747, 186, 15578, 7778, -18967, -16294, 16927, 22463, -10500, -25057, 2240, 24564, 5142, -22371, -10310, 19878, 13766, -17722, -16834, 15306, 20493, -11297, -24317, 4544, 26482, 5378, -25096, -17697, 19640, 30125, -11149, -39426, 1540, 42924, 6911, -39699, -12071, 30996, 12475, -19678, -7735, 9129, -1153, -1937, 11807, -820, -20994, -279, 25662, 3423, -24092, -6241, 16531, 6582, -5090, -3244, -7086, -3474, 17021, 11696, -22789, -18741, 23910, 22425, -21234, -22009, 16500, 18255, -11478, -12581, 7168, 6703, -3771, -2506, 1065, 1303, 1550, -2639, -4942, 4350, 9391, -3985, -13659, 258, 15390, 6097, -12204, -12843, 3082, 17706, 10724, -19318, -25699, 17172, 37489, -11623, -42744, 4163, 40188, 2942, -30877, -7662, 17669, 9098, -4555, -7750, -4430, 5105, 6873, -2902, -3276, 2593, -3146, -4619, 8482, 7831, -9959, -9925, 7071, 8838, -1266, -3908, -5205, -3734, 10324, 11563, -12666, -16724, 11534, 17504, -7483, -14116, 2245
1791219432.592, MrmDetectionListInfo, 514, 189, 235, 15494, 236, 20064, 237, 25436, 238, 31599, 239, 38534, 240, 46452, 241, 56296, 242, 65535, 243, 65535, 244, 65535, 245, 65535, 246, 65535, 247, 65535, 248, 65535, 249, 65535, 250, 65535, 251, 65535, 252, 65535, 253, 65535, 254, 65535, 255, 65535, 256, 65535, 257, 65535, 258, 65535, 259, 65535, 260, 65535, 261, 65535, 262, 65535, 263, 65535, 264, 65535, 265, 65535, 266, 65535, 267, 65535, 268, 65535, 269, 65535, 270, 58952, 271, 54383, 272, 54049, 273, 52225, 274, 48672, 275, 44987, 276, 39009, 277, 28094, 278, 16352, 279, 14402, 280, 28301, 281, 50423, 282, 65535, 283, 65535, 284, 65535, 285, 65535, 286, 65535, 287, 65535, 288, 65535, 289, 65535, 290, 65535, 291, 65535, 292, 65535, 293, 65535, 294, 65535, 295, 65535, 296, 65535, 297, 65535, 298, 65535, 299, 65535, 300, 65535, 301, 58809, 302, 50673, 303, 41200, 304, 31747, 305, 25310, 306, 24574, 307, 29705, 308, 37780, 309, 44612, 310, 47612, 311, 47213, 312, 46407, 313, 48557, 314, 54448, 315, 61638, 316, 65535, 317, 65535, 318, 64937, 319, 60016, 320, 54215, 321, 48610, 322, 44273, 323, 41460, 324, 39078, 325, 35734, 326, 31103, 327, 26119, 328, 22005, 329, 19313, 330, 17869, 331, 17325, 332, 17521, 333, 18353, 334, 19540, 335, 20617, 336, 21137, 337, 20817, 338, 19536, 339, 17343, 340, 14603, 341, 11974, 342, 10068, 343, 9015, 344, 8245, 345, 6997, 351, 7540, 352, 10073, 353, 13157, 354, 16198, 355, 18184, 356, 18683, 357, 18048, 358, 16796, 359, 15248, 360, 13861, 361, 13364, 362, 14037, 363, 15255, 364, 16128, 365, 16360, 366, 16312, 367, 16419, 368, 16733, 369, 17008, 370, 17017, 371, 16667, 372, 15997, 373, 15319, 374, 15218, 375, 16187, 376, 18210, 377, 20625, 378, 22497, 379, 23309, 380, 23184, 381, 22596, 382, 22236, 383, 22763, 384, 24009, 385, 24768, 386, 23894, 387, 21293, 388, 17685, 389, 13730, 390, 9682, 394, 5975, 395, 9570, 396, 12043, 397, 13025, 398, 13510, 399, 14129, 400, 14368, 401, 13382, 402, 10990, 408, 13038, 409, 17256, 410, 20271, 411, 21935, 412, 22580, 413, 22477, 414, 21635, 415, 20025, 416, 17801, 417, 15256, 418, 12635, 435, 10001, 436, 10923, 437, 10833, 438, 10458, 440, 15049, 441, 19648, 442, 23491, 443, 25616, 444, 26256, 445, 25940, 446, 24835, 447, 23003, 448, 20828, 449, 18809, 450, 17057, 475, 12377, 476, 14193, 477, 14830
1791219432.717, MrmFullScanInfo, 515, 107, 2042105, 0, 0, 0, 0, 10000, 39297, 32, 1, 2, 1, 480, -419261, 492312, 418308, -481767, -450229, 447744, 505124, -372042, -519908, 111927, 520121, 334081, -495329, -496867, 373311, 517583, -117254, -520182, -171145, 519858, 322915, -512091, -475526, 479520, 520192, 512251, -196259, -520129, -392155, 502185, 354272, -502495, -431543, 506098, 284637, -517816, -297353, 518299, 229640, -517455, -303716, 515908, 439007, -506213, -515431, 374225, 520192, 107836, -519886, -493773, 442832, 519142, -151015, -520089, -242511, 519508, 470631, -502290, -516013, 390326, 519942, -159459, -520192, -200171, 516891, 331247, -113333, -213311, -506090, 12373, 519808, 402672, -477061, -513200, -58386, 511264, 508412, -232849, -520181, -394360, 513235, 518683, -297977, -520178, 1606, 519874, 320219, -504696, -505101, 352623, 520077, 90644, -520078, -477062, 448497, 519908, 17248, -519474, -338879, 498699, 457037, -346704, -449017, 80447, 168797, 76212, 172496, -75912, -405833, -106631, 440209, 366606, -238546, -442155, -40116, 372585, 271534, -201740, -381214, -58221, 328679, 279708, -170358, -343361, 10505, 309880, 119111, -205892, -151418, 57009, 64980, 39848, 43380, -46028, -113544, -4450, 138096, 70336, -83598, -101266, -30467, 77543, 117002, 2843, -133778, -113756, 91479, 176126, -2977, -164482, -82901, 99174, 114600, -11640, -79748, -67477, 20300, 110990, 44794, -107245, -101147, 81653, 108650, -62522, -81317, 54575, 47998, -64201, -37298, 93759, 54414, -109452, -91409, 89095, 133939, -37985, -136114, -35836, 130301, 109966, -90716, -155753, 34193, 155673, 29923, -117594, -74460, 63012, 81795, -4463, -58845, -36137, 21403, 46186, 19398, -28269, -40376, -536, 30393, 28838, 3081, -43268, -37816, 35455, 65090, -9563, -79736, -16831, 74900, 34333, -50362, -45024, 26218, 43717, -6432, -33325, -8407, 24210, 17251, -16603, -21919, 4664, 35032, 12302, -33543, -49993, 56113, 86476, -84902, -125823, 114659, 156929, -123022, -179821, 91954, 201006, -17557, -221372, -88521, 232422, 282146, -170722, -378022, 116045, 435691, -47388, -445245, -16086, 414365, 68720, -341354, -98821, 240760, 118742, -136963, -121179, 7280, 137544, 37457, -112865, -51354, 100488, 41957, -103860, -28452, 118687, 20915, -137293, -22032, 149759, 26481, -146388, -32262, 109507, 33166, -77800, -19004, 48526, -7865, -28869, 40030, 25055, -67715, -33085, 80262, 44932, -71025, -53545, 48793, 53563, -15352, -36525, -14616, 12003, 33156, 12936, -34435, -29243, 21010, 31634, -1993, -18279, -15052, -5607, 19714, 42559, -5978, -59188, -17696, 64574, 39207, -55393, -49819, 37342, 46151, -17077, -27948, 1292, 832, 7740, 24525, -9146, -47256, 661, 57832, 7411, -55974, -11823, 46252, 13743, -31287, -14263, 18295, 14500, -5932, -16567, -7335, 21084, 16949, -28665, -28307, 34520, 39324, -38877, -46253, 42458, 47032, -43105, -42748, 44161, 32591, -45575, -16079, 40914, 5057, -44962, 3201, 47265, -6833, -45856, 8061, 42057, -6351, -35517, 3208, 30311, -815, -24979, 4203, 23903, -3432, -20196, 4202, 18287, -4937, -17061, 4954, 16431, -2377, -16940, -2035, 20183, 9590, -23998, -25881, 29396, 37030, -29309, -46491, 24248, 51632, -16541, -51949, 8136, 44432, -2986, -30507, -892, 7859, 4035, 24290, -8730, -55111, 18616, 85828, -32727, -119299, 46286, 153278, -52944, -178834, 50234, 189634, -27279, -177112, -10736, 138114, 54746, -79985, -92669, 10528, 113281, 58239, -106141, -111127, 75829, 134401, -36518, -128683, -2591, 97431, 24181, -50680, -17868, 17125, 1876, -329, 20966, 3150, -35856, -20251, 31969, 38590, -7685, -47602, -27221, 41095, 60311, -18587, -70777, -7307, 76164, 31459, -63083, -41971, 36652, 33183, -8591, -6299, -9530, -27116, 11502, 54766, -1657, -62761, -24005, 60417, 35367, -45188, -39222, 23797, 30919, -4442, -13874, -5135, -5558, 4295, 20021, 2887, -25230
1791219432.717, MrmFullScanInfo, 515, 107, 2042105, 0, 0, 0, 0, 10000, 39297, 32, 2, 2, 1, 480, 0, 0, 0, 0, 0, 0, 167734, -229015, -311047, 480366, 360475, -537126, -379284, 350267, 434879, -32980, -508206, -254324, 508678, 430805, -374412, -521147, 137909, 578497, 107595, -565971, -281158, 391342, 335219, -49035, -259667, -333201, 92999, 605825, 76898, -720911, -174556, 712525, 189148, -646736, -155872, 581325, 129411, -549268, -147880, 551120, 213258, -535443, -302816, 418206, 402363, -173478, -491051, -119727, 503459, 357661, -370861, -510749, 112749, 602475, 160984, -630816, -351404, 555416, 448459, -360764, -482150, 108394, 422527, 101412, -213686, -193585, -110874, 146039, 394158, 16752, -465619, -225712, 282481, 363707, 51316, -327243, -370708, 115148, 548670, 162885, -524200, -395850, 313502, 544686, -14389, -586184, -258025, 477303, 447173, -219034, -536719, -99062, 494995, 368047, -304837, -536861, 30838, 591347, 199132, -517533, -282957, 327932, 195913, -95041, 8290, -68772, -227376, 83114, 360293, 42337, -349472, -216633, 202094, 330087, 15988, -315034, -214700, 173240, 322868, 31285, -314867, -210923, 213943, 300781, -77973, -282668, -28581, 183389, 66266, -58972, -36249, -32523, -28079, 60119, 81549, -30792, -88894, -21513, 43115, 55571, 31289, -43549, -95086, -13203, 116923, 84818, -87893, -132594, 25313, 131753, 37413, -81655, -70919, 3426, 64162, 71881, -25755, -119812, -22760, 133110, 57672, -120443, -66258, 98870, 53623, -85098, -36623, 86430, 32177, -95996, -47327, 97248, 77047, -75007, -108737, 25672, 128726, 39158, -126323, -98262, 96808, 132306, -46016, -132558, -9667, 102391, 50751, -54133, -64670, 4773, 51038, 29742, -20714, -40370, -9262, 27587, 23826, -294, -17113, -27657, -6537, 43365, 36937, -41202, -62555, 24365, 74295, -966, -69189, -20542, 51258, 34193, -28067, -38114, 6411, 34145, 10457, -25218, -22705, 12111, 33482, 6730, -48424, -31944, 72974, 60454, -106932, -87186, 140382, 110148, -156634, -133107, 140241, 163037, -80752, -201226, -21913, 238785, 151258, -260389, -276876, 253103, 369477, -214061, -414553, 151308, 410256, -78958, -362440, 9949, 280625, 49511, -180171, -97538, 83974, 130260, -14642, -142835, -18077, 137579, 20840, -126217, -7569, 120781, -8925, -125305, 20754, 133411, -24567, -133821, 20637, 119507, -13297, -92220, 10083, 59749, -17314, -30602, 35473, 11144, -58266, -4117, 75832, 8279, -79721, -18721, 66757, 28384, -40001, -30985, 7420, 24028, 20841, -9805, -36328, -5935, 35585, 16455, -21386, -16078, 1470, 2751, 14671, 20131, -19733, -44668, 11945, 62184, 4142, -67087, -20209, 58350, 28322, -39297, -24358, 15942, 9195, 5078, 12414, -18617, -34049, 22814, 49758, -19303, -55698, 11564, 51477, -2751, -39960, -5290, 25344, 12155, -11096, -18598, -967, 25687, 10568, -33754, -18301, 42174, 24539, -49679, -28623, 54947, 29271, -57169, -25295, 56032, 16627, -51950, -5045, 46567, -6481, -42111, 15500, 39593, -20836, -38010, 22205, 35894, -20047, -32664, 15894, 28802, -11922, -24993, 9639, 21538, -9081, -18512, 9373, 16059, -9602, -14501, 8991, 14307, -6917, -16026, 2639, 20180, 4417, -26657, -13814, 33887, 23959, -38997, -33047, 39523, 39684, -35070, -42341, 27136, 39131, -17555, -28158, 7035, 8784, 5271, 17216, -20790, -46210, 40112, 75005, -62006, -102159, 83270, 126749, -98693, -146461, 101572, 157221, -85878, -154568, 49816, 135555, 1600, -100063, -56982, 51316, 102071, 3983, -125071, -56140, 121185, 94522, -94309, -110774, 55686, 102440, -19479, -74879, -2854, 39859, 6904, -10657, 3616, -3568, -18896, 746, 27313, 14283, -20898, -32279, -376, 43554, 29281, -41959, -55896, 27656, 71846, -6994, -72204, -10645, 56536, 17140, -30020, -9081, 1972, -10560, 17487, 34163, -22021, -53399, 12509, 62313, 3688, -58474, -17441, 43539, 22636, -23100, -17689, 4400, 5261
1791219432.717, MrmFullScanInfo, 515, 107, 2042105, 0, 0, 0, 0, 10000, 39297, 32, 4, 2, 1, 480, 0, 0, 0, 0, 0, 0, 281, -334, -572, 625, 614, -876, -241, 1471, -582, -2083, 1552, 1864, -1862, -816, 1427, -159, -954, 504, 857, -321, -863, -31, 948, 124, -1054, 203, 763, -524, -169, 507, -309, -247, 382, -66, 51, 152, -1047, 297, 1960, -809, -2005, 1000, 1322, -1103, -351, 1258, -674, -1028, 1464, 222, -1765, 557, 1559, -874, -1019, 589, 491, -381, -104, 229, -125, 1430, -337, -4969, 1876, 7882, -3350, -7418, 3073, 4329, -1056, -1249, -1041, -449, 1841, 976, -1119, -1065, -126, 1024, 929, -665, -1086, -130, 1042, 1137, -1106, -1653, 941, 1240, -14, -410, -2087, 108, 4929, -311, -7984, 43, 11960, 778, -17696, -1737, 23353, 3897, -25588, -8172, 24386, 12402, -22825, -13366, 22546, 11478, -21913, -10277, 18714, 11878, -12940, -15430, 6506, 18988, -1454, -21019, -1250, 20782, 1759, -18491, -826, 15720, -506, -14675, 1174, 16196, -713, -18764, -638, 19769, 2688, -17575, -5508, 12485, 8603, -6032, -10332, -123, 9218, 4584, -5396, -6422, 630, 5587, 2921, -2905, -3950, -380, 2333, 3189, 1051, -4716, -4841, 4440, 7655, -2457, -8580, -345, 7588, 2779, -5517, -3970, 3533, 3729, -2337, -2476, 1922, 915, -1836, 312, 1811, -829, -1838, 706, 1804, -275, -1453, -182, 728, 542, 63, -757, -574, 817, 738, -734, -763, 595, 920, -464, -1260, 285, 1658, 68, -2000, -667, 2259, 1419, -2425, -1966, 2355, 1830, -1725, -789, 335, -984, 1797, 3303, -4742, -6254, 9282, 10257, -15698, -17261, 24198, 30238, -37291, -49261, 58893, 68860, -88580, -81538, 117311, 84300, -130318, -81350, 113710, 82232, -58731, -94010, -33291, 115193, 147490, -136902, -258308, 150085, 339016, -150863, -370935, 139422, 345845, -117340, -267223, 86552, 154975, -52675, -40515, 27094, -49807, -19751, 105204, 28884, -124604, -41976, 108300, 46111, -61923, -35149, 98, 10090, 56119, 24754, -88814, -62451, 92701, 91818, -75883, -100459, 52365, 83403, -34505, -48052, 30127, 9435, -40609, 17599, 60882, -24403, -80966, 10826, 89379, 16227, -78440, -45925, 48991, 66961, -10687, -71377, -23136, 57950, 41720, -32904, -41324, 7600, 26401, 6675, -6938, -4467, -6337, -11173, 6826, 31004, 5241, -44800, -23280, 45822, 37740, -33277, -40253, 12296, 27433, 8412, -2831, -20472, -24556, 19787, 44822, -8352, -51899, -7341, 45569, 20095, -30560, -25430, 13638, 23037, -544, -16159, -6057, 9422, 7261, -6216, -6965, 7204, 9440, -10357, -16574, 12386, 26833, -10480, -35520, 3354, 37449, 7966, -30574, -19798, 17163, 27260, -1640, -27395, -11951, 21065, 20740, -11701, -23435, 3089, 20549, 2312, -14189, -3753, 7183, 1837, -1749, 1881, -1288, -5386, 2391, 7022, -2544, -6150, 2611, 3140, -3076, 1229, 3953, -6171, -4868, 10875, 5399, -14436, -5610, 16162, 6077, -16013, -7212, 14520, 8654, -12278, -9431, 9514, 8654, -6319, -6033, 3256, 1990, -1419, 2615, 1882, -6720, -4810, 9339, 9400, -9791, -14435, 7948, 18635, -4258, -20791, -660, 20273, 6412, -17264, -12737, 12149, 19164, -4939, -24678, -4468, 27827, 15715, -26760, -27328, 20098, 36955, -8210, -42315, -6366, 42044, 20306, -35983, -31243, 25297, 38054, -12448, -40415, 397, 38004, 8676, -31016, -14007, 21481, 15849, -12657, -14923, 6389, 12525, -1583, -10439, -4111, 9953, 12163, -11019, -21720, 11687, 30398, -9355, -36199, 3350, 38132, 4133, -35414, -9976, 27584, 12526, -15765, -11671, 2684, 8370
1791219432.717, MrmDetectionListInfo, 515, 205, 227, 15797, 228, 20196, 229, 25725, 230, 32698, 231, 41318, 232, 51509, 233, 62840, 234, 65535, 235, 65535, 236, 65535, 237, 65535, 238, 65535, 239, 65535, 240, 65535, 241, 65535, 242, 65535, 243, 65535, 244, 65535, 245, 65535, 246, 65535, 247, 65535, 248, 65535, 249, 65535, 250, 65535, 251, 65535, 252, 65535, 253, 65535, 254, 65535, 255, 65535, 256, 65535, 257, 65535, 258, 65535, 259, 65535, 260, 64026, 261, 36235, 262, 25500, 263, 33335, 264, 51600, 265, 65535, 266, 65535, 267, 65535, 268, 65535, 269, 65535, 270, 63297, 271, 47394, 272, 28275, 273, 13749, 274, 14156, 275, 31826, 276, 56247, 277, 65535, 278, 65535, 279, 65535, 280, 65535, 281, 65535, 282, 65535, 283, 65535, 284, 58846, 285, 46775, 286, 35962, 287, 27169, 288, 22571, 289, 24895, 290, 33646, 291, 43939, 292, 50409, 293, 51473, 294, 49809, 295, 49211, 296, 51124, 297, 54056, 298, 55305, 299, 52940, 300, 47313, 301, 41680, 302, 40033, 303, 42740, 304, 45583, 305, 44010, 306, 37163, 307, 27703, 308, 19068, 309, 13121, 310, 9405, 314, 9791, 315, 14959, 316, 20070, 317, 24797, 318, 29916, 319, 35375, 320, 39313, 321, 39661, 322, 35991, 323, 29536, 324, 22171, 325, 15540, 326, 10918, 327, 10116, 328, 14698, 329, 22933, 330, 29851, 331, 31867, 332, 30031, 333, 28005, 334, 27929, 335, 28994, 336, 29076, 337, 26860, 338, 22666, 339, 17742, 340, 13195, 341, 9834, 342, 8271, 343, 8240, 344, 8415, 345, 7783, 346, 6750, 348, 7609, 349, 9771, 350, 12354, 351, 15012, 352, 17613, 353, 19877, 354, 21291, 355, 21508, 356, 20944, 357, 20634, 358, 21145, 359, 21934, 360, 21903, 361, 20360, 362, 17663, 363, 15400, 364, 15357, 365, 17455, 366, 19440, 367, 19265, 368, 17015, 369, 14207, 371, 10618, 381, 4794, 382, 5016, 383, 4653, 391, 7322, 392, 8650, 393, 9474, 394, 10096, 395, 10672, 396, 11113, 397, 11314, 398, 11320, 399, 11249, 400, 11147, 401, 10954, 413, 5402, 414, 7178, 415, 8703, 416, 10013, 417, 11141, 418, 11998, 419, 12446, 420, 12429, 421, 12014, 422, 11408, 423, 11053, 424, 11453, 425, 12581, 426, 13733, 427, 14249, 428, 14114, 429, 13782, 430, 13777, 431, 14525, 432, 16306, 433, 19103, 434, 22325, 435, 24963, 436, 26291, 437, 26285, 438, 25411, 439, 24390, 440, 24065, 441, 25070, 442, 27393, 443, 30078, 444, 31688, 445, 31460, 446, 29805, 447, 27566, 448, 25130, 449, 22543, 450, 20409, 452, 20749, 466, 14831, 467, 17364, 468, 19524, 469, 21039, 470, 21664, 471, 21400, 472, 20709, 473, 20304, 474, 20509, 475, 20914, 476, 20693, 477, 19222
1791219432.842, MrmFullScanInfo, 516, 107, 2042230, 0, 0, 0, 0, 10000, 39297, 32, 1, 2, 1, 480, -420118, 492660, 421026, -479857, -451350, 448690, 504700, -370510, -519920, 111304, 520142, 336121, -495768, -497790, 375247, 517937, -115202, -520192, -178649, 519524, 323332, -511874, -475726, 481180, 520192, 512477, -200913, -520155, -398706, 503009, 350606, -502570, -434045, 505841, 288627, -518153, -298869, 518278, 230179, -516721, -308377, 515031, 440130, -506670, -516992, 373047, 520192, 103599, -519963, -494693, 440383, 519756, -146643, -520050, -245508, 519621, 470289, -500811, -516407, 393279, 520053, -160004, -520172, -200412, 516759, 335865, -112186, -214062, -505558, 7870, 519801, 402239, -475188, -514455, -57723, 512364, 508212, -235701, -520180, -392206, 512996, 518804, -299734, -520133, -4033, 519957, 318470, -505332, -504331, 353102, 520173, 85992, -520095, -478477, 448277, 520011, 13242, -519624, -337923, 500968, 454743, -345531, -446363, 73766, 174828, 94530, 163691, -87286, -379611, -100303, 413060, 345929, -235615, -427022, -45369, 352595, 268762, -183069, -374157, -70053, 320753, 286076, -154927, -344439, -8395, 299885, 131592, -199676, -167324, 63045, 80500, 30052, 25639, -34211, -93395, -14092, 116787, 76139, -59156, -103702, -55952, 72716, 132741, 14748, -138619, -121849, 88182, 184317, 3837, -170721, -90522, 101890, 117769, -13335, -81487, -66862, 17257, 110819, 52463, -102325, -104865, 75534, 111302, -56159, -81094, 47532, 45360, -58834, -33860, 91133, 52189, -107122, -88162, 89584, 132172, -39857, -137571, -34554, 132318, 109012, -92789, -155314, 34062, 154907, 30534, -117375, -75801, 62107, 82265, -5039, -59015, -35043, 22063, 46072, 16934, -27268, -38940, -1070, 28780, 28720, 3948, -40651, -38859, 27106, 68952, 9518, -85380, -53857, 55309, 90215, -12571, -139716, -36227, 189636, 80414, -230670, -113720, 256307, 141553, -250475, -169825, 204247, 211365, -121679, -258317, -95044, 234187, 191334, -195278, -259074, 146554, 281125, -94770, -252526, 38911, 190553, 6133, -103712, -32295, 16857, 49338, 51453, -22295, -68872, 4226, 60397, -7557, -36130, 31318, 11009, -60237, 1269, 80093, 8483, -79624, -32997, 16191, 70328, 29713, -66670, -74193, 47641, 103250, -17135, -111426, -13604, 99513, 33566, -70128, -35642, 33230, 20173, 17212, 390, -28086, -23891, 32373, 35241, -30515, -32659, 29005, 24287, -29711, -12774, 32144, 4028, -32043, -17, 31586, -1057, -18754, 2217, -2826, -6616, 29871, 14247, -52402, -24864, 64305, 34708, -63697, -39833, 49851, 37034, -6156, -26635, -6619, 6239, 10278, 12704, -7573, -23053, 4428, 22347, -2833, -13510, 8193, 1626, -20884, 11096, 38278, -11650, -55424, 11922, 66014, -9222, -64204, 5501, 52673, -626, -34961, -2741, 18595, 4707, -5200, -7479, -1136, 16605, 7878, -25900, -13936, 38227, 20414, -51686, -27172, 63791, 31796, -70050, -37286, 72897, 39053, -71162, -40271, 52127, 35120, -48558, -30854, 45028, 27019, -41693, -26997, 38876, 27594, -36271, -29378, 33027, 30298, -29595, -21537, 20568, 17401, -15445, -9949, 11630, 832, -8914, 8457, 7671, -15419, -9351, 17195, 13534, -13668, -17092, 3456, 21004, 10189, -18488, -22547, 11730, 31380, -4091, -34052, -2725, 29012, 6012, -16484, -6854, -2109, 7335, 31826, -8795, -58583, 20806, 87396, -39910, -122037, 62072, 160681, -77518, -194294, 82191, 216290, -63413, -213373, 26729, 179975, 26647, -132925, -72892, 70996, 108030, -4473, -122680, -54455, 115917, 93827, -96945, -109294, 73034, 101130, -56398, -87422, 48428, 68733, -50585, -57839, 53292, 55141, -46911, -57908, 27796, 57990, 5035, -50959, -43248, 32350, 74078, -1949, -77134, -21462, 82779, 42339, -71243, -50970, 46845, 45029, -18863, -27648, -4043, 4311, 16376, 15690, -17146, -25895, 7251, 28365, -2920, -22685, 649, 12491, -2539, -2718, 9024, -3530, -16477, 5367, 23373, -1869, -26024
1791219432.842, MrmFullScanInfo, 516, 107, 2042230, 0, 0, 0, 0, 10000, 39297, 32, 2, 2, 1, 480, 0, 0, 0, 0, 0, 0, 168263, -229010, -311962, 480284, 361252, -536704, -379763, 349313, 435398, -31742, -508963, -255351, 508922, 431447, -373078, -521785, 135116, 579519, 110362, -567203, -282871, 392332, 335860, -49472, -259593, -333413, 92540, 606466, 77678, -721631, -175853, 713228, 191072, -647479, -158085, 581953, 131698, -549670, -150221, 551384, 215381, -535870, -304223, 419006, 402658, -174387, -489985, -119387, 501148, 358361, -367997, -512068, 110334, 603684, 162316, -631625, -351698, 555973, 448141, -360892, -481681, 107579, 422350, 102839, -213934, -194450, -110464, 145561, 393933, 18202, -465720, -227428, 282884, 365455, 50655, -328948, -370031, 116579, 548008, 162072, -523384, -395847, 312642, 545328, -13965, -587236, -257693, 478589, 446350, -220250, -536093, -98292, 495341, 367832, -306438, -536866, 33302, 590802, 197039, -514730, -283510, 321413, 202512, -86092, -7048, -76928, -204930, 89083, 336823, 35935, -331284, -205977, 191570, 314214, 20070, -296592, -213803, 156524, 317036, 42920, -303663, -216448, 198097, 302065, -59788, -284002, -46343, 189084, 81893, -70420, -49914, -17227, -14465, 44187, 65620, -17006, -69728, -31085, 22574, 59457, 49182, -41306, -106557, -20487, 120676, 94807, -85608, -142543, 20330, 139326, 41885, -85727, -72702, 4447, 62466, 72224, -21200, -119455, -28498, 130613, 62730, -115580, -69396, 92507, 54509, -78649, -35673, 81226, 30108, -92827, -44952, 96258, 75223, -75816, -108128, 27537, 129318, 37054, -127386, -96568, 97458, 131352, -45833, -132346, -10446, 102757, 51599, -54842, -65341, 5628, 51751, 28806, -21751, -39348, -7950, 26745, 22461, -543, -15452, -24544, -9636, 34516, 41845, -22292, -66562, -11585, 72095, 62769, -56568, -125126, 28303, 189879, 1823, -245329, -28135, 279253, 53694, -282284, -87816, 244617, 136699, -161307, -194961, 44372, 245086, 76387, -267296, -169544, 252049, 218775, -203102, -221740, 133476, 185479, -59119, -122861, -4704, 51096, 46000, 11317, -60390, -50233, 54912, 60163, -44487, -45207, 41360, 17275, -48272, 7702, 56998, -14861, -55041, -1973, 35837, 34617, -2689, -64531, -35709, 75792, 70714, -64851, -94271, 39277, 100101, -11417, -84972, -8571, 51873, 16322, -11371, -12595, -23138, 1549, 43336, 10502, -49337, -17398, 46192, 16344, -39604, -8889, 33368, -688, -28365, 8122, 22628, -11168, -12625, 9998, -4010, -6543, 25981, 3557, -48328, -3351, 64644, 6585, -68537, -12156, 56973, 17644, -34058, -19388, 9603, 14128, 7891, -2492, -16201, -10046, 17659, 16866, -16323, -14309, 16238, 3560, -20353, 10671, 29506, -23234, -41538, 30922, 51725, -32630, -55191, 28487, 49932, -19834, -37805, 9108, 23151, 1415, -10278, -10870, 1521, 19907, 3199, -29807, -5402, 41447, 6540, -54405, -7477, 66785, 8678, -76194, -10374, 80197, 12490, -77473, -14655, 69420, 16189, -59790, -16408, 51952, 15518, -46840, -14597, 43851, 14659, -41922, -15364, 39640, 15331, -35479, -13567, 28927, 10082, -21076, -5104, 13630, -1302, -7705, 8399, 4033, -14524, -3237, 17661, 5642, -16220, -10639, 9791, 16373, 568, -20330, -12559, 20706, 23171, -17404, -29243, 11671, 28240, -4882, -18667, -2500, 652, 11622, 23563, -24802, -50414, 44081, 77224, -69443, -103421, 97801, 129070, -122772, -152538, 135679, 169473, -127981, -174642, 95501, 164791, -42131, -139650, -20638, 101140, 78441, -53294, -119647, 3114, 138544, 40267, -136151, -68924, 118965, 79634, -96319, -74952, 76804, 61547, -64662, -47271, 58314, 38338, -51774, -37056, 38291, 41320, -14323, -45691, -17397, 44193, 49372, -33525, -73915, 15217, 86113, 5156, -83755, -21165, 67179, 28300, -40602, -25355, 11557, 14502, 11701, -91, -23817, -13090, 24728, 21193, -18796, -22150, 11581, 16383, -7062, -6686, 6914, -3046, -10659
1791219432.842, MrmFullScanInfo, 516, 107, 2042230, 0, 0, 0, 0, 10000, 39297, 32, 4, 2, 1, 480, 0, 0, 0, 0, 0, 0, 652, -141, -1151, 186, 1023, 59, -570, -346, 283, 352, -129, -202, -532, 258, 1992, -708, -3321, 1295, 3275, -1456, -2194, 1052, 1127, -423, -462, -107, -19, 394, 606, -475, -1400, 587, 2137, -787, -2251, 712, 1855, -268, -1479, -110, 1234, 11, -818, 381, 107, -473, 837, -10, -1715, 754, 2056, -1060, -1632, 818, 791, -564, -27, 440, -381, -48, 438, -362, -353, -276, 551, 1941, -946, -3192, 993, 3106, -540, -2281, 65, 1686, -34, -1412, 320, 1050, -755, -404, 1191, -274, -1286, 581, 846, -557, -138, 582, -415, -712, 579, 649, -411, -249, 238, -52, -520, -575, 2346, 3180, -7046, -7497, 15035, 11274, -24389, -12691, 30895, 12336, -31300, -12813, 25907, 15743, -17960, -19968, 10303, 22841, -3292, -22383, -3736, 18736, 10640, -13566, -16086, 9403, 18640, -8657, -18045, 11909, 15615, -17115, -13546, 21356, 13691, -22776, -16383, 20838, 20162, -15684, -22407, 8088, 20882, 335, -15203, -7490, 7207, 11683, 149, -12199, -4557, 9466, 5337, -5014, -3028, 858, -1019, 1424, 5074, -1211, -7589, -1061, 7887, 4173, -6252, -6708, 3588, 7667, -954, -6807, -903, 4623, 1637, -1936, -1220, -460, 25, 1972, 1172, -2393, -1668, 1922, 1265, -1013, -316, 101, -550, 603, 917, -1006, -921, 1137, 1000, -1134, -1299, 1126, 1597, -888, -1742, -242, 2155, 3194, -3697, -9117, 5601, 19442, -4794, -36688, -1376, 64429, 11959, -104883, -22751, 155297, 30460, -205904, -36243, 242602, 46735, -252940, -71179, 225589, 112681, -156022, -161190, 56934, 195297, 42669, -195292, -113311, 158043, 139313, -98203, -116176, 38755, 47949, -2766, 50373, 6376, -152408, -51064, 227089, 120602, -250531, -188701, 216006, 232952, -136226, -242314, 37866, 218378, 49325, -170337, -105113, 113013, 125483, -66302, -119068, 47581, 99691, -59304, -81926, 86048, 77715, -106597, -90739, 106194, 113742, -81295, -130951, 38506, 127387, 9111, -99349, -46654, 57035, 62904, -16989, -55354, -8153, 30894, 14198, -2183, -4959, -18265, -11105, 23834, 24674, -16615, -28639, 5451, 20453, -413, -3353, 7416, -14910, -25818, 25790, 49238, -23875, -67242, 8300, 70457, 16777, -56782, -42236, 32341, 57565, -6139, -57560, -15019, 45561, 27265, -29636, -29901, 17300, 25811, -11822, -20188, 12213, 17476, -15498, -18660, 18737, 21238, -19692, -21850, 17179, 18720, -11939, -12488, 6301, 5738, -2463, -1462, 1111, 1338, -1169, -4853, 540, 9848, 2605, -13749, -8581, 14307, 15847, -10237, -21947, 1750, 24342, 9306, -21629, -20079, 14845, 27808, -7246, -31022, 2258, 30263, -1494, -27401, 4548, 24434, -9511, -22414, 13491, 21364, -13854, -20710, 9898, 19584, -3218, -16880, -3752, 11729, 9438, -4307, -13163, -4068, 14852, 11857, -14897, -17851, 14074, 21133, -13056, -21161, 12016, 18334, -10796, -14074, 9331, 9981, -7782, -7006, 6362, 5281, -5081, -4465, 3990, 4182, -3552, -4201, 4652, 4519, -8046, -5426, 13842, 7465, -21298, -11089, 29034, 16086, -35104, -21982, 37623, 28852, -35696, -36792, 29303, 44577, -18352, -49591, 2686, 49383, 16633, -42933, -36716, 30600, 53277, -13837, -62377, -4545, 62162, 20387, -53224, -29573, 38035, 30150, -20158, -22897, 3543, 10813, 8651, 2071, -14721, -12105, 14937, 17299, -11642, -17671, 8131, 14825, -6562, -11337, 6823, 9887, -7232, -12002, 5890, 17093, -1684, -22746, -5257, 26219, 13617, -25892, -21172, 21862, 25540, -15679, -25220, 9754, 20383, -6287, -12897
1791219432.858, MrmDetectionListInfo, 516, 218, 215, 28502, 216, 38195, 217, 51175, 218, 65535, 219, 65535, 220, 65535, 221, 65535, 222, 65535, 223, 65535, 224, 65535, 225, 65535, 226, 65535, 227, 65535, 228, 65535, 229, 65535, 230, 65535, 231, 65535, 232, 65535, 233, 65535, 234, 65535, 235, 65535, 236, 65535, 237, 65535, 238, 65535, 239, 65535, 240, 65535, 241, 53938, 242, 30890, 243, 19935, 244, 28401, 245, 56839, 246, 65535, 247, 65535, 248, 65535, 249, 65535, 250, 65535, 251, 65535, 252, 65535, 253, 65535, 254, 65535, 255, 65535, 256, 65535, 257, 65535, 258, 65535, 259, 65535, 260, 65535, 261, 65535, 262, 65535, 263, 65535, 264, 65535, 265, 65535, 266, 65535, 267, 65535, 268, 65535, 269, 65535, 270, 65535, 271, 65535, 272, 65535, 273, 65535, 274, 65535, 275, 65535, 276, 65535, 277, 65535, 278, 65535, 279, 61780, 280, 58256, 281, 58652, 282, 56993, 283, 49235, 284, 37759, 285, 28109, 286, 22651, 287, 18973, 288, 13852, 289, 7916, 291, 10108, 292, 17914, 293, 23436, 294, 24148, 295, 21575, 296, 18044, 297, 14317, 302, 16009, 303, 26305, 304, 34672, 305, 39679, 306, 41803, 307, 41787, 308, 40590, 309, 39827, 310, 40662, 311, 42513, 312, 43419, 313, 41662, 314, 37360, 315, 32884, 316, 31082, 317, 32258, 318, 33716, 319, 32765, 320, 29249, 321, 24955, 322, 21426, 323, 18907, 324, 17005, 325, 15639, 326, 15121, 327, 15625, 328, 16885, 329, 18390, 330, 19696, 331, 20531, 332, 20694, 333, 20010, 334, 18400, 335, 15965, 336, 12976, 337, 9790, 348, 7915, 349, 10049, 350, 12097, 351, 13683, 352, 14556, 353, 14607, 354, 13980, 355, 13441, 356, 14117, 357, 16246, 358, 18668, 359, 19999, 360, 19919, 361, 19085, 362, 18177, 363, 17355, 364, 16505, 365, 15668, 366, 15087, 367, 14962, 368, 15281, 369, 15883, 370, 16588, 371, 17238, 372, 17670, 373, 17708, 374, 17211, 375, 16133, 376, 14514, 377, 12525, 378, 10586, 379, 9260, 380, 8780, 381, 8788, 382, 8698, 383, 8379, 384, 8394, 385, 9414, 386, 11485, 387, 13896, 388, 15756, 389, 16725, 390, 17090, 391, 17225, 392, 17161, 393, 16704, 394, 15764, 395, 14476, 396, 13046, 397, 11603, 398, 10195, 399, 8866, 400, 7683, 413, 8681, 414, 10812, 415, 13318, 416, 16131, 417, 19145, 418, 22215, 419, 25171, 420, 27859, 421, 30168, 422, 32046, 423, 33483, 424, 34477, 425, 34983, 426, 34887, 427, 34013, 428, 32157, 429, 29491, 430, 27365, 431, 27826, 432, 31305, 433, 35669, 434, 38346, 435, 38590, 436, 37372, 437, 35894, 438, 34836, 439, 34780, 440, 36277, 441, 38663, 442, 39775, 443, 37888, 444, 33290, 445, 27474, 446, 21418, 447, 15313, 467, 10778, 468, 11559, 469, 13093, 470, 15537, 471, 18371, 472, 20794, 473, 22303, 474, 22870, 475, 22678, 476, 21830, 477, 20325, 478, 18231
1791219432.967, MrmFullScanInfo, 517, 107, 2042355, 0, 0, 0, 0, 10000, 39297, 32, 1, 2, 1, 480, -421109, 494222, 418304, -479428, -450804, 447943, 505015, -372776, -519933, 112500, 520183, 336222, -495797, -498104, 371177, 517627, -112495, -520192, -173830, 519482, 321723, -512028, -476493, 481878, 520178, 512235, -199079, -520180, -396486, 502747, 352376, -501692, -433728, 505852, 287158, -517822, -296914, 518284, 231895, -516780, -305818, 515896, 439922, -505688, -515537, 372081, 520192, 105186, -520023, -495316, 440340, 519627, -151604, -520192, -244931, 519766, 471080, -502720, -516411, 394729, 519871, -156921, -520185, -197681, 516890, 342297, -109570, -224403, -508285, 17579, 519925, 400341, -479582, -512060, -50997, 511566, 507772, -236495, -520148, -390904, 512996, 519117, -300087, -520061, 247, 520021, 316784, -505791, -505465, 353763, 520085, 85906, -520125, -477435, 449387, 520007, 10860, -519021, -334509, 500498, 456878, -340412, -452114, 65242, 176969, 99996, 159134, -88002, -375216, -96626, 420597, 338552, -235720, -419497, -40635, 345926, 268660, -177160, -374198, -73497, 317250, 285591, -146793, -339704, -15922, 298419, 139001, -202363, -174195, 64786, 89624, 26493, 13566, -30734, -78518, -17863, 102018, 78226, -43941, -104731, -66517, 70720, 136115, 16955, -137048, -126949, 85044, 187809, 10221, -172593, -97172, 102740, 123706, -15105, -84388, -66603, 16942, 108007, 52317, -97923, -106508, 69830, 112033, -50778, -79760, 42935, 43616, -56901, -31388, 91219, 49565, -109371, -87884, 91605, 132978, -42351, -138069, -33056, 134109, 107750, -93608, -153952, 34198, 154090, 29700, -117922, -74887, 62959, 80538, -7790, -54562, -26906, 14259, 26929, 32075, 7519, -62469, -56534, 66124, 102731, -49732, -127702, 32112, 113688, -9946, -63771, -12460, 47, 21821, 31769, 1856, -91922, -22215, 130051, 32311, -142032, -37231, 137186, 31891, -121526, -18271, 97058, 1427, -73446, -29887, 79785, 14543, -76465, -14617, 72339, 43311, -70379, -91758, 69977, 145118, -67080, -192689, 59122, 220662, -47187, -210603, -84739, 185524, 97392, -147378, -104851, 102180, 105713, -52610, -106717, 10256, 104284, 18370, -94507, -32862, 80642, 66515, -59380, -55906, 48167, 40044, -38498, -23933, 34643, 10110, -32940, -2424, 31473, 9019, -28535, -28270, 23039, 61390, 7088, -78261, -24359, 91246, 42047, -93477, -56188, 84435, 65819, -65963, -65263, 42156, 55689, -15702, -39699, -7469, 20645, 17793, 1040, -19940, -18285, 18993, 28073, -14194, -29281, 9406, 24350, -5985, -15002, 2666, 4476, 7395, 8951, -5341, -16790, 783, 22152, 2536, -24000, -4045, 22490, 4198, -19616, -1083, 16217, -4030, -13028, 2649, 7334, -9307, -4970, 15098, 3272, -15865, -1953, 11140, 2161, -3680, -2669, -4525, 1302, 12886, 918, -9728, -5010, 13936, 3125, -16436, 2175, 15800, -12154, -10414, 26745, 2326, -43006, 5653, 60805, -11172, -77456, 1823, 89788, 3944, -93316, -13150, 89299, 24447, -78307, -35327, 62525, 43096, -45746, -45344, 32844, 42111, -23099, -18939, 17637, 11092, -18761, -3958, 23081, -2564, -28383, 7131, 33310, -8497, -38041, 7828, 41633, -2172, -42912, -15076, 43356, 28519, -35812, -42913, 23583, 54631, -8273, -59406, -5147, 56837, 15081, -44183, -20953, 21937, 24673, 18616, -29766, -50385, 37873, 81529, -50463, -112844, 64132, 140412, -75282, -158882, 75144, 162974, -55824, -145658, 18831, 111472, 26350, -55289, -71520, -6868, 103125, 65219, -110410, -106862, 97832, 124860, -70358, -119646, 40168, 94523, -17858, -56988, 9673, 25442, -9366, -7606, 11905, 5747, -8687, -16505, -6871, 29176, 34279, -34713, -64199, 26323, 87760, 5044, -87617, -25047, 85327, 43386, -67018, -51762, 37513, 46564, -7458, -28774, -12856, 6285, 20139, 12197, -15372, -26229, 10386, 25228, -2765, -16065, 670, 4774, -5988, 2734, 18094, -2129, -31422, -5920, 39381, 18169, -38484
1791219432.967, MrmFullScanInfo, 517, 107, 2042355, 0, 0, 0, 0, 10000, 39297, 32, 2, 2, 1, 480, 0, 0, 0, 0, 0, 0, 167905, -228949, -311356, 480356, 360742, -537227, -379401, 350140, 434882, -32332, -507846, -255410, 507393, 432068, -372204, -522353, 135651, 579491, 108998, -566734, -281690, 391969, 335247, -49480, -259391, -333089, 92477, 605982, 77730, -721151, -175700, 712796, 190527, -647049, -157316, 581610, 130914, -549497, -149384, 551182, 214487, -535285, -303574, 417953, 402513, -173216, -490585, -120136, 502578, 358332, -369847, -511526, 111805, 603445, 161642, -632060, -351529, 556692, 448130, -361073, -481662, 106043, 422288, 107394, -214208, -201958, -109571, 153771, 393298, 11754, -466728, -223516, 285601, 363600, 47672, -328595, -368100, 117172, 547603, 161121, -524501, -394882, 314706, 544525, -15910, -586856, -256664, 478836, 446227, -221009, -536571, -97314, 496422, 366782, -307986, -535493, 34247, 588500, 198243, -511168, -287537, 317237, 208508, -82577, -12746, -79546, -201746, 92369, 336676, 30313, -332626, -198218, 192346, 306154, 20478, -290243, -214139, 153029, 315052, 43834, -298119, -216430, 189896, 303076, -51019, -287026, -54449, 193895, 89876, -76503, -59136, -10166, -3253, 36569, 52948, -9760, -57326, -36609, 12712, 61898, 54880, -39994, -107943, -24897, 118688, 100579, -81382, -147962, 15005, 143531, 46896, -88661, -76075, 6575, 63548, 70090, -20161, -116538, -30857, 126676, 65275, -111030, -71035, 88187, 54622, -75499, -34320, 79846, 27988, -93262, -43000, 98066, 74097, -78287, -107964, 30023, 129817, 34949, -128081, -95064, 98064, 130602, -46492, -132438, -9207, 103942, 48863, -58163, -59467, 13455, 40030, 12912, -326, -11714, -43695, -14597, 76816, 52836, -90282, -83802, 82311, 90657, -55996, -69124, 20442, 27358, 10298, 23717, -26129, -75544, 27893, 119178, -23279, -144966, 18774, 148399, -17289, -132254, 16671, 106461, -13077, -84198, 7082, 73322, -1763, -72140, -5668, 75842, 24443, -83496, -59503, 95782, 105737, -110274, -150359, 113804, 181739, -90249, -196578, 39763, 196313, 17161, -179797, -59580, 145705, 83955, -99513, -96590, 52762, 102481, -14501, -101990, -12888, 94721, 29758, -82144, -35394, 66857, 30044, -51654, -17845, 39027, 5060, -30595, 1993, 26753, 1759, -25698, -17954, 23875, 43347, -18235, -70849, 8178, 92678, 4899, -103524, -19094, 101469, 31880, -87476, -40401, 64393, 42616, -36642, -37941, 9845, 27028, 11030, -11780, -23645, -4318, 28420, 17043, -27149, -23305, 21933, 22395, -14257, -15777, 5241, 6136, 3252, 3934, -8747, -12776, 10051, 19445, -8320, -23251, 5797, 23812, -4365, -21391, 4574, 16838, -5883, -11321, 7813, 5940, -10316, -1381, 12772, -1841, -13440, 3151, 10894, -2253, -5173, -227, -1918, 2670, 8100, -3606, -12312, 3325, 14795, -4024, -15407, 8067, 12708, -16170, -5447, 27457, -5881, -40485, 18269, 54217, -27528, -67865, 30804, 79904, -27696, -87852, 19294, 89572, -6987, -84603, -7183, 74371, 20344, -61423, -28517, 48048, 28554, -35633, -20962, 25567, 9758, -19690, 1006, 18892, -9679, -22090, 15934, 27186, -19452, -32400, 19116, 37050, -13562, -41077, 2640, 43794, 12059, -43454, -28027, 38604, 42607, -29508, -52758, 17895, 55323, -5594, -47302, -6941, 27510, 20910, 1423, -37762, -33754, 57649, 64095, -79237, -89760, 99892, 109594, -115009, -122196, 117989, 125732, -102547, -118407, 66437, 99055, -13765, -68063, -45246, 28413, 97090, 14156, -129607, -52426, 136663, 79424, -120233, -90129, 89058, 83215, -54623, -62414, 26514, 36144, -9310, -14451, 1815, 4712, 1601, -8679, -7893, 22044, 21603, -35853, -42060, 40897, 64199, -32921, -81446, 14722, 88080, 6601, -80793, -24003, 60176, 32600, -31670, -30632, 3742, 19564, 16236, -3698, -25151, -10916, 24346, 18861, -17912, -18042, 11068, 10636, -8635, -1380, 12974, -4911, -22698
1791219432.967, MrmFullScanInfo, 517, 107, 2042355, 0, 0, 0, 0, 10000, 39297, 32, 4, 2, 1, 480, 0, 0, 0, 0, 0, 0, -107, 22, 173, 114, -134, -446, 150, 599, -368, -331, 983, -234, -1658, 764, 1626, -848, -771, 476, -86, -110, 359, 68, -261, -175, 156, 246, -199, -271, 371, 251, -424, -190, 279, 142, -73, -101, -72, 87, 216, -228, -331, 524, 261, -781, -89, 824, -222, -619, 682, 219, -980, 108, 790, 126, -332, -682, 130, 880, -133, -60, 170, -2164, -151, 5427, -216, -8000, 801, 7985, -505, -5710, -1140, 3008, 2870, -931, -3216, -507, 2220, 1249, -723, -1259, -745, 926, 1683, -576, -1696, 112, 1018, 531, -299, -1047, -283, 1192, 1045, -1106, -1709, 1345, 1148, -2527, 1490, 4803, -5809, -7108, 10581, 7827, -13859, -7208, 14019, 7446, -11224, -9899, 7550, 13312, -4933, -15347, 3247, 14655, -751, -11386, -3952, 7135, 9948, -4011, -14620, 3380, 16201, -5236, -15391, 8520, 14401, -11962, -14846, 14539, 16831, -15477, -19244, 14244, 20332, -10590, -18502, 4800, 13527, 1890, -6821, -7423, 312, 10148, 4621, -9871, -7165, 7621, 6922, -4750, -4286, 2500, 485, -1776, 3020, 2744, -5070, -4657, 5165, 6391, -3535, -6991, 1010, 6042, 1371, -3840, -2754, 1165, 2802, 1196, -1773, -2709, 318, 3245, 833, -2995, -1229, 2211, 983, -1119, -679, -53, 965, 1400, -2372, -3678, 5549, 8230, -11379, -16299, 20965, 28044, -35169, -41667, 53740, 53263, -74070, -57979, 90589, 52530, -95735, -39136, 85231, 24387, -62485, -13389, 35321, 7674, -9518, -8519, -13050, 17800, 32735, -33437, -52898, 48243, 77019, -46887, -106231, 12873, 139909, 54739, -172412, -135755, 189019, 205326, -171632, -252338, 112273, 277223, -19005, -283523, -89273, 265203, 192166, -212448, -274105, 130759, 323960, -44599, -335155, -22488, 310838, 65905, -263549, -92937, 208349, 112210, -151003, -130100, 89479, 149716, -27005, -167054, -24004, 171968, 53551, -158327, -63468, 131182, 61405, -102075, -54881, 81048, 48945, -69741, -46895, 62061, 51127, -51438, -61250, 36061, 72061, -17332, -75893, -3179, 67690, 22720, -47591, -37146, 20166, 42834, 7385, -38713, -27140, 26690, 33321, -10808, -25234, -3835, 7788, 12696, 11348, -13696, -25243, 8194, 29782, -96, -24823, -6178, 14231, 7569, -3820, -3610, -2070, -3185, 2740, 8544, -344, -8875, -1883, 3135, 946, 6701, 4826, -16847, -14711, 23804, 25584, -25891, -33642, 23501, 36645, -18204, -34687, 11801, 29673, -5464, -23599, -979, 17714, 8586, -12795, -17561, 9114, 26367, -5583, -32830, 48, 35554, 8844, -33911, -20449, 27757, 31760, -16622, -38910, 602, 39685, 17556, -34239, -32609, 23843, 40238, -10119, -39748, -4386, 33223, 16517, -23733, -23105, 13957, 22527, -5777, -16216, 762, 7941, -202, -1091, 4155, -3162, -10979, 5256, 18104, -6059, -23199, 5870, 25160, -4389, -24270, 1442, 21474, 2716, -17495, -7734, 12761, 13363, -7619, -19043, 2433, 23764, 2473, -25995, -7102, 24586, 11495, -20079, -14955, 14739, 15983, -11250, -13606, 11582, 8337, -16689, -1635, 26123, -5008, -37440, 10171, 47405, -12735, -53907, 12879, 56252, -11871, -53883, 10607, 46209, -8647, -34082, 5155, 20178, 127, -7357, -6808, -3013, 14493, 10940, -23059, -16517, 31961, 19421, -39762, -19422, 44553, 16813, -44766, -12569, 39965, 8557, -31431, -6499, 21744, 6433, -13058, -6927, 5989, 7031, -377, -7268, -3526, 8502, 5186, -10870, -4503, 13335, 2947, -14677, -2832, 14908, 5025, -14889, -8172, 14690, 10739, -13210, -12836, 9593, 15220, -3983, -17829
1791219432.967, MrmDetectionListInfo, 517, 230, 199, 12961, 200, 17700, 201, 23421, 202, 30059, 203, 37472, 204, 45382, 205, 53352, 206, 60820, 207, 65535, 208, 65535, 209, 65535, 210, 65535, 211, 65535, 212, 63755, 213, 55830, 214, 46785, 215, 37395, 216, 28292, 217, 19917, 222, 22234, 223, 32126, 224, 41564, 225, 50257, 226, 58350, 227, 65272, 228, 65535, 229, 65535, 230, 65535, 231, 65535, 232, 65535, 233, 65535, 234, 65535, 235, 65535, 236, 65535, 237, 65535, 238, 65535, 239, 65535, 240, 65535, 241, 65535, 242, 65535, 243, 65535, 244, 65535, 245, 65535, 246, 65535, 247, 65535, 248, 65535, 249, 65535, 250, 65535, 251, 65535, 252, 65535, 253, 65535, 254, 65535, 255, 65535, 256, 65535, 257, 65535, 258, 65535, 259, 65535, 260, 65535, 261, 65535, 262, 65535, 263, 65535, 264, 65535, 265, 65535, 266, 65535, 267, 65535, 268, 65535, 269, 65535, 270, 65535, 271, 65535, 272, 65535, 273, 65535, 274, 64701, 275, 60197, 276, 57354, 277, 55760, 278, 54774, 279, 53965, 280, 53169, 281, 52228, 282, 50811, 283, 48536, 284, 45271, 285, 41477, 286, 38528, 287, 37897, 288, 39023, 289, 39020, 290, 35703, 291, 30154, 292, 25570, 293, 24357, 294, 26481, 295, 29395, 296, 29673, 297, 25837, 298, 19468, 299, 13330, 302, 9627, 303, 13237, 304, 16841, 305, 18801, 306, 18530, 307, 16522, 308, 14077, 309, 12477, 310, 11728, 318, 5283, 325, 9124, 326, 14373, 327, 19428, 328, 23468, 329, 26418, 330, 28463, 331, 29590, 332, 29625, 333, 28538, 334, 26556, 335, 24008, 336, 21155, 337, 18156, 338, 15170, 339, 12497, 340, 10719, 341, 10463, 342, 11673, 343, 13462, 344, 14968, 345, 16051, 346, 16978, 347, 17735, 348, 18079, 349, 18353, 350, 19547, 351, 22039, 352, 24877, 353, 26779, 354, 27323, 355, 26830, 356, 25482, 357, 23368, 358, 21724, 359, 22722, 360, 26683, 361, 30883, 362, 32330, 363, 30621, 364, 27459, 365, 24460, 366, 22208, 367, 20916, 368, 20892, 369, 21782, 370, 22202, 371, 20955, 372, 18163, 373, 14814, 374, 11605, 375, 8601, 381, 5655, 382, 8516, 383, 10877, 384, 12576, 385, 13843, 386, 14800, 387, 15311, 388, 15198, 389, 14460, 390, 13296, 391, 12081, 392, 11240, 393, 10983, 394, 11185, 395, 11530, 396, 11772, 397, 11872, 398, 11924, 399, 12027, 400, 12318, 401, 12995, 402, 14126, 403, 15488, 404, 16643, 405, 17206, 406, 17110, 407, 16575, 408, 15841, 409, 14990, 410, 14013, 411, 12957, 412, 11972, 413, 11236, 414, 10881, 415, 11076, 416, 12266, 417, 14998, 418, 19183, 419, 23834, 420, 27814, 421, 30644, 422, 32514, 423, 33732, 424, 34361, 425, 34292, 426, 33475, 427, 31962, 428, 29792, 429, 26939, 430, 23387, 431, 19225, 432, 14661, 433, 10076, 438, 11632, 439, 15845, 440, 19863, 441, 23292, 442, 26087, 443, 28384, 444, 30182, 445, 31283, 446, 31485, 447, 30755, 448, 29207, 449, 27007, 450, 24329, 451, 21383, 470, 9015, 471, 9432, 472, 10124, 474, 11725, 475, 12263
1791219433.092, MrmFullScanInfo, 518, 107, 2042480, 0, 0, 0, 0, 10000, 39297, 32, 1, 2, 1, 480, -419097, 492327, 419654, -480118, -452020, 446479, 505082, -371637, -520002, 114071, 520128, 338293, -495540, -500336, 372837, 517037, -119092, -520186, -176588, 519651, 318698, -512935, -474385, 483035, 520062, 513910, -150198, -520144, -417587, 496299, 361189, -500712, -433464, 507352, 285904, -518032, -285262, 517908, 211262, -518256, -282287, 516641, 425946, -509788, -515536, 386670, 520192, 80477, -519833, -492884, 445097, 519785, -162829, -519815, -229751, 519881, 467224, -504635, -516428, 388957, 520131, -131590, -520192, -258238, 515129, 366262, -91405, -282676, -517077, 56306, 520166, 400849, -487265, -514896, -53531, 516420, 510182, -318033, -520192, -354275, 513300, 518784, -305251, -520183, 11679, 519931, 320133, -505327, -507777, 345822, 520182, 121798, -520102, -493842, 437723, 520128, 49859, -519285, -369307, 495619, 472733, -324654, -473934, 36460, 186679, 126872, 165132, -112911, -391344, -88583, 428195, 341713, -270993, -441454, -33581, 372887, 276340, -197311, -390828, -66637, 331161, 290344, -157666, -346378, -14755, 303588, 146158, -202864, -196944, 71091, 113394, 30888, -4771, -41168, -66680, -7717, 97583, 71870, -43806, -103340, -66442, 71574, 136683, 17657, -133986, -117906, 84931, 182314, 7512, -171692, -96695, 104002, 124185, -18344, -85700, -61301, 19043, 103781, 52002, -94095, -100557, 67546, 106407, -50867, -77194, 44516, 43296, -57797, -31453, 91825, 49802, -110973, -87784, 93049, 134738, -40707, -139472, -37837, 133471, 116995, -91504, -168445, 29120, 178768, 37740, -156941, -75303, 125623, 61648, -93154, 4730, 72218, -106608, -72151, 231167, 62343, -322873, -48659, 352373, 26493, -314866, -2387, 219099, -18440, -83815, 31438, -64984, -28191, 112093, 81592, -199282, -115951, 246858, 133588, -252509, -128047, 216327, 110955, -148991, -82701, 72234, 49104, -246, -19729, -15000, -20112, 30395, 28349, -34858, -16218, 43167, -10872, -57308, 40468, 74343, -58872, -91961, 59531, 103999, -44452, -102575, -30179, 77557, 47114, -47475, -50205, 20109, 40316, 2315, -22862, -10516, 4142, 5247, 10740, 6170, -15655, -18719, -888, 13154, 10564, 3029, -14842, -22815, 16781, 38726, -12169, -43766, 2384, 43304, 7888, -37942, -15355, 42363, 22160, -40523, -21269, 44716, 21540, -49156, -24877, 50285, 31321, -43826, -34425, 27837, 31834, -4970, -21192, -18729, 3150, 29562, 22135, -27547, -45390, 16195, 58150, 3722, -58012, -22135, 44982, 35118, -22992, -38514, -761, 34421, 30338, -17249, -31685, -912, 25487, 12360, -13161, -13734, -553, 7224, 10248, 3886, -13418, -15963, 13365, 30913, -4390, -32013, 2222, 31426, -1873, -27566, 2283, 21943, -670, -14999, -1454, 8108, 5041, 25, -7973, -8419, 11889, 14192, -13429, -16295, 14552, 14809, -17065, -6650, 23331, -5457, -33816, 17048, 48650, -25516, -64572, 19114, 74932, -12739, -77682, -1, 72954, 12742, -62594, -24654, 49468, 32311, -37877, -34659, 31229, 32791, -28589, -22757, 24683, 19623, -26164, -16537, 26053, 12501, -23192, -8569, 18773, 5115, -13986, -2261, 11387, 1662, -10386, -6967, 10396, 12379, -7379, -21010, 1367, 28658, 6332, -32797, -12538, 30635, 16975, -21055, -17904, 2689, 18706, 29881, -19877, -60439, 26739, 94084, -36875, -131884, 48596, 169029, -55336, -197237, 49739, 209718, -29930, -195975, -4810, 152131, 51101, -97361, -80657, 33816, 96788, 29397, -92830, -77444, 72947, 101682, -45448, -101206, 21079, 82700, -7687, -55565, 8280, 36665, -16754, -28420, 25638, 27599, -26735, -30788, 14525, 28355, 9428, -16621, -35342, -4958, 54616, 29111, -43991, -47412, 36667, 55939, -19923, -51036, 452, 34253, 13468, -10552, -17108, -11869, 10453, 25760, 125, -27376, -11981, 23403, 12720, -14361, -5576, 5144, -8386, 512, 23772, 405, -35047, -4296, 40411, 8706, -37129
1791219433.092, MrmFullScanInfo, 518, 107, 2042480, 0, 0, 0, 0, 10000, 39297, 32, 2, 2, 1, 480, 0, 0, 0, 0, 0, 0, 168127, -228750, -311945, 480035, 361454, -536903, -379892, 349684, 435176, -31531, -508683, -256236, 509269, 432208, -374593, -521749, 137715, 578852, 107451, -566482, -277550, 391094, 323454, -45946, -238884, -339863, 69672, 613500, 94021, -725971, -181568, 713335, 186603, -643767, -145529, 575837, 113619, -542793, -130774, 546188, 199544, -536303, -294380, 427351, 397395, -187573, -488098, -107518, 504303, 351018, -377216, -508145, 122442, 601289, 152623, -628437, -347792, 546355, 451015, -338935, -490094, 71387, 432764, 150858, -223600, -246742, -102197, 189691, 388694, -7107, -466376, -225679, 290357, 387600, 37052, -367836, -352691, 155643, 533957, 137810, -520011, -387660, 319621, 545089, -23663, -585740, -252960, 469981, 448760, -204918, -540491, -114845, 491985, 380977, -289449, -545440, 5454, 592811, 228640, -506467, -313155, 301860, 225949, -59446, -20404, -103681, -204654, 109801, 349884, 24913, -352616, -205789, 211419, 323462, 10325, -310837, -215651, 169798, 325198, 35230, -310548, -215943, 197489, 308302, -48488, -295614, -67848, 203327, 110065, -83326, -80030, -8768, 13577, 40355, 42337, -15810, -52659, -31457, 12334, 59616, 52798, -41225, -104889, -20850, 115884, 95684, -79731, -144591, 14692, 143112, 46337, -91265, -75180, 11215, 62918, 64823, -20660, -111774, -28622, 123049, 61757, -108903, -67584, 87650, 52320, -76258, -33326, 81377, 27876, -94911, -43427, 98949, 74990, -77239, -109271, 25724, 131275, 44046, -129376, -111164, 99832, 157016, -52267, -172930, 9078, 160048, 4163, -125542, 28744, 78207, -105896, -25273, 205158, -27418, -291008, 72544, 329635, -100861, -303606, 105272, 216507, -84098, -93351, 46921, -31510, -14364, 134869, 3548, -211641, -13145, 261473, 28313, -276961, -37777, 251654, 39966, -189725, -38558, 109203, 34772, -34240, -26085, -18147, 12430, 45223, -937, -54424, 1502, 54877, -17850, -53720, 44376, 55317, -69557, -61166, 79636, 69770, -65804, -77309, 32105, 78610, 5606, -69114, -31333, 48750, 39333, -23582, -32380, 2636, 16905, 7445, -506, -6269, -9761, -530, 10190, 4988, -2002, -1615, -10060, -9356, 20515, 23165, -24911, -34482, 21521, 41160, -12195, -44419, 1396, 46458, 6484, -48525, -9711, 50750, 9869, -52614, -10085, 52521, 12346, -47858, -16160, 36190, 19122, -17539, -18031, -4248, 10069, 23034, 5406, -33399, -25333, 32808, 43623, -22052, -53944, 4820, 52550, 13613, -39129, -27983, 17377, 34277, 5533, -30792, -21907, 19290, 27386, -5007, -22513, -5853, 11046, 9281, 2173, -4538, -12840, -6036, 18567, 18097, -19394, -27139, 17126, 30536, -13750, -28385, 10130, 22559, -6168, -15300, 1620, 8090, 3517, -1490, -8937, -4162, 13995, 8228, -17944, -9683, 20577, 7306, -22606, -211, 25432, -11247, -30524, 24520, 38656, -35501, -49156, 40497, 59736, -37875, -67356, 28336, 69796, -14167, -66687, -1253, 59565, 14351, -51027, -22047, 43152, 23104, -36730, -19039, 31917, 13025, -28717, -7544, 26508, 3402, -23967, -574, 20298, -1058, -15958, 1340, 12310, 123, -10438, -3682, 10125, 9419, -9937, -16920, 8429, 24883, -5131, -30822, 498, 31658, 4911, -24391, -11292, 7448, 19921, 18001, -32354, -48505, 49203, 80585, -69454, -112013, 90016, 140745, -105528, -163483, 109180, 175306, -94639, -171630, 59840, 150944, -10310, -115213, -41804, 68582, 83364, -17104, -105722, -30834, 106710, 66288, -90381, -83067, 65156, 80613, -40735, -64456, 24598, 43599, -19246, -26281, 21370, 16746, -23614, -14529, 18527, 15677, -2690, -15059, -20330, 8814, 41930, 3983, -54152, -20428, 53808, 34670, -42295, -40852, 23644, 36145, -3757, -21902, -11300, 3009, 17552, 14363, -14902, -25347, 7318, 27798, -748, -22308, -117, 11761, -5898, -449, 16648, -7680, -28081
1791219433.092, MrmFullScanInfo, 518, 107, 2042480, 0, 0, 0, 0, 10000, 39297, 32, 4, 2, 1, 480, 0, 0, 0, 0, 0, 0, 132, 224, -437, -300, 585, 158, -394, -220, 139, 689, -465, -951, 1288, 452, -1905, 314, 1999, -547, -1815, 317, 4441, -921, -11973, 3487, 20596, -6665, -22876, 7389, 16389, -4699, -5936, 437, -3949, 3380, 11873, -5846, -17379, 6733, 18711, -5047, -15088, -826, 9313, 9057, -5146, -13979, 2353, 12352, 2065, -7255, -7822, 3466, 10984, -2130, -9154, 3367, 3775, -9993, 2849, 22053, -8377, -35351, 10433, 45428, -9526, -47873, 7772, 39156, -4880, -21295, -60, -769, 5883, 23433, -11878, -39269, 16249, 38851, -13874, -23772, 4125, 7608, 5654, 307, -8488, 1163, 4149, -8627, 2401, 15666, -4048, -17062, -3969, 13753, 17758, -9397, -28168, 3336, 30669, 6406, -27284, -17698, 20499, 25432, -11470, -25997, 610, 19343, 10802, -8288, -18707, -3401, 18331, 12497, -9580, -16210, -1555, 13700, 8770, -7074, -9090, -58, 2728, 5759, 7857, -9930, -18417, 11926, 24945, -10400, -25948, 5752, 22677, -854, -17272, -1772, 11545, 1985, -6376, -916, 1987, -481, 1353, 1555, -3223, -1586, 3570, 209, -2940, 2021, 1892, -4184, -631, 5593, -366, -6086, 372, 5966, 718, -5451, -1993, 4434, 2481, -2900, -2167, 1146, 1630, 458, -1166, -1505, 592, 1507, 260, -20, -1179, -3117, 1717, 8045, -1678, -15327, 2075, 26019, -6020, -40507, 18703, 56616, -45709, -68778, 90495, 67969, -150543, -44636, 213952, -4547, -261479, 70520, 274425, -132370, -243088, 165683, 170665, -153183, -76001, 99204, -17551, -29740, 99632, -29415, -172074, 71773, 231120, -103576, -260732, 126613, 248189, -136263, -196505, 128001, 127816, -103700, -70751, 72153, 40934, -41679, -34541, 13385, 39859, 15579, -49441, -44399, 58575, 66740, -62191, -75339, 54860, 68335, -35669, -50861, 11712, 30892, 6627, -14930, -14656, 7772, 16129, -12607, -17307, 28287, 21705, -47888, -29015, 60195, 35993, -56247, -37533, 36067, 28496, -8474, -7120, -15562, -21946, 29176, 49167, -30415, -64815, 21426, 63521, -7546, -46751, -4443, 21797, 9254, 2256, -5861, -18865, -2195, 26033, 9651, -25764, -12799, 22335, 11159, -20039, -7067, 20928, 4169, -23619, -5635, 24205, 12574, -18750, -23181, 5878, 33311, 12368, -38361, -31290, 35492, 44868, -24407, -48366, 8127, 41076, 6976, -26450, -14012, 9697, 10248, 4431, 1161, -12608, -14135, 13965, 23230, -9718, -25605, 2680, 21652, 3316, -14126, -5083, 6398, 2379, -925, 1806, -1462, -4104, 1409, 3142, -446, -238, 275, -2157, -1652, 2865, 3459, -2664, -3211, 3011, -914, -4733, 8385, 8162, -16572, -13248, 22343, 19200, -23536, -24394, 20000, 26916, -13688, -25466, 7503, 20133, -3491, -12546, 1928, 5215, -1801, -247, 1669, -1916, -448, 2565, -2207, -3355, 5745, 5054, -8728, -7553, 9477, 10561, -6951, -13553, 1346, 15662, 6056, -15691, -13630, 12685, 20066, -6822, -24451, -382, 26135, 6969, -24896, -11599, 21302, 13839, -16453, -13920, 11488, 12406, -7080, -10131, 3362, 8356, -176, -8507, -2621, 11460, 5122, -16913, -7585, 23593, 10179, -29758, -12474, 33302, 13872, -32735, -13653, 28518, 10429, -22473, -2765, 16061, -8628, -10007, 20443, 5301, -28968, -2898, 32035, 2765, -29536, -3450, 22882, 2966, -14065, -536, 5048, -2363, 2426, 2774, -7152, 1721, 9045, -11373, -9264, 23388, 10163, -33337, -14328, 37990, 22480, -36592, -32058, 29863, 38528, -19035, -38268, 6381, 30428, 4992, -17210, -12023, 2551, 13194, 9536, -9529, -15958, 3893, 15270, 1010, -8488, -3888, -861, 4695, 8558, -4259, -11790
1791219433.092, MrmDetectionListInfo, 518, 240, 30, 4985, 31, 7753, 32, 10791, 33, 13426, 34, 14983, 35, 15013, 36, 13435, 37, 10552, 38, 6997, 44, 11521, 45, 12554, 46, 12533, 47, 11932, 48, 10691, 51, 6246, 52, 7346, 53, 8845, 54, 9215, 55, 8190, 65, 5378, 66, 6994, 67, 10243, 68, 14813, 82, 16187, 83, 25008, 84, 29310, 85, 28853, 86, 25701, 87, 21134, 192, 28264, 193, 36726, 194, 46936, 195, 58677, 196, 65535, 197, 65535, 198, 65535, 199, 65535, 200, 65535, 201, 65535, 202, 65535, 203, 65535, 204, 65535, 205, 65535, 206, 65535, 207, 65535, 208, 65535, 209, 65535, 210, 65535, 211, 65535, 212, 61296, 213, 39169, 214, 38451, 215, 59996, 216, 65535, 217, 65535, 218, 65535, 219, 65535, 220, 65535, 221, 65535, 222, 65535, 223, 65535, 224, 65535, 225, 65535, 226, 65535, 227, 65535, 228, 65535, 229, 65535, 230, 56998, 231, 44576, 232, 35393, 233, 28765, 234, 25078, 235, 25728, 236, 31478, 237, 41136, 238, 51833, 239, 60587, 240, 65535, 241, 65535, 242, 65535, 243, 62434, 244, 55059, 245, 45093, 246, 34004, 247, 23852, 248, 16539, 250, 11832, 251, 12155, 252, 12637, 253, 13391, 254, 15446, 255, 19543, 256, 25398, 257, 32012, 258, 38355, 259, 43623, 260, 47101, 261, 48066, 262, 45971, 263, 40672, 264, 32470, 265, 22301, 266, 12735, 267, 8315, 268, 12447, 269, 23449, 270, 35450, 271, 43354, 272, 46035, 273, 45154, 274, 42195, 275, 37359, 276, 30788, 277, 23617, 278, 17281, 279, 12359, 284, 14478, 285, 17292, 286, 18391, 287, 18575, 288, 18240, 289, 17281, 290, 15785, 291, 14267, 292, 13274, 293, 13015, 294, 13388, 295, 14219, 296, 15355, 297, 16604, 298, 17671, 299, 18211, 300, 18190, 301, 18500, 302, 20653, 303, 25223, 304, 30981, 305, 35790, 306, 38112, 307, 37699, 308, 35102, 309, 30994, 310, 26259, 311, 22096, 312, 19232, 313, 17202, 314, 14753, 315, 11167, 316, 7191, 318, 5159, 319, 9139, 320, 14521, 321, 18215, 322, 18757, 323, 17087, 324, 14870, 325, 12967, 326, 11446, 327, 10102, 328, 8675, 350, 7764, 351, 11476, 352, 14858, 353, 17585, 354, 19857, 355, 21768, 356, 23064, 357, 23439, 358, 22841, 359, 21458, 360, 19514, 361, 17163, 362, 14533, 363, 11794, 364, 9141, 377, 6705, 378, 7879, 379, 8754, 380, 9348, 381, 9605, 382, 9427, 383, 8891, 384, 8555, 385, 9218, 386, 11039, 387, 13202, 388, 14693, 389, 15169, 390, 14943, 391, 14415, 392, 13820, 393, 13593, 394, 14371, 395, 16088, 396, 17634, 397, 17962, 398, 17114, 399, 15858, 400, 14686, 401, 13493, 402, 12027, 413, 12407, 414, 14551, 415, 16889, 416, 19202, 417, 21185, 418, 22637, 419, 23480, 420, 23660, 421, 23116, 422, 21810, 423, 19759, 424, 17013, 425, 13802, 426, 10949, 427, 9671, 428, 10467, 430, 14610, 431, 15938, 432, 16629, 433, 17034, 434, 17215, 435, 16940, 436, 16018, 437, 14464, 438, 12400, 450, 14321, 454, 26142, 455, 28738, 456, 30892, 457, 32345, 458, 32948, 459, 32553, 460, 30990, 461, 28158, 462, 24233, 463, 19894, 470, 9845, 471, 11527, 472, 11772
1791219433.217, MrmFullScanInfo, 519, 107, 2042605, 0, 0, 0, 0, 10000, 39297, 32, 1, 2, 1, 480, -421493, 491805, 414637, -481117, -450579, 447935, 504709, -369975, -520017, 115228, 520082, 341464, -494681, -499302, 373482, 517902, -112846, -520187, -168778, 519530, 323432, -512415, -478118, 480338, 520192, 512594, -196776, -520120, -399308, 502059, 353229, -502254, -433429, 506295, 286049, -518106, -296724, 517548, 236970, -517585, -308667, 515704, 437716, -505755, -516137, 372113, 520192, 105024, -520041, -493626, 441268, 519807, -148099, -519450, -247516, 519660, 470061, -504058, -516552, 393053, 519965, -159718, -520178, -188069, 516697, 320544, -122546, -206728, -502462, 12949, 519834, 399133, -480099, -514211, -54483, 511267, 508781, -232849, -520187, -389078, 512317, 519121, -300130, -520101, 6710, 519977, 320223, -505108, -504946, 356405, 520104, 93037, -520073, -480695, 449703, 520025, 17329, -519544, -355986, 497831, 466129, -333117, -461759, 54479, 183834, 115335, 163864, -101067, -389715, -88021, 430422, 344775, -243390, -426428, -38835, 363609, 273599, -189345, -383143, -67903, 327697, 287239, -154060, -345245, -11419, 304257, 144878, -204199, -180805, 63692, 104610, 32235, 2077, -38807, -71172, -9984, 98038, 72355, -44220, -101727, -64274, 71375, 135472, 14717, -138008, -124197, 84930, 183998, 8408, -171097, -97158, 102984, 124097, -16919, -85879, -61740, 19855, 102731, 49272, -93712, -102923, 67042, 107345, -49397, -74945, 44209, 37539, -58481, -20217, 93921, 28592, -114096, -50119, 98265, 68811, -45271, -41941, 34553, -12399, 38082, 105814, -89221, -207536, 95117, 299209, -61283, -356527, 4550, 368895, 57584, -335142, -103812, 299257, 113454, -185789, -107327, 63808, 97601, 33291, -84585, -87727, 72119, 105827, -67066, -90448, 67342, 53394, -63201, -42152, 33687, 6911, -55323, 20704, 72748, -34491, -77309, 34978, 68859, -25794, -45445, 15537, 4480, -5678, 42696, 33225, -58671, -57973, 73335, 78926, -69639, -84717, 42851, 74035, -3076, -52090, -33455, 23878, 59689, 6660, -71805, -59488, 35713, 61380, -19494, -55003, 6451, 38355, 2493, -15807, -8090, -2394, 13497, 13602, -15674, -19885, 18054, 22871, -13210, -29565, 12351, 35312, -4156, -38707, -8572, 35422, 25350, -24826, -42832, 12564, 56239, -1606, -59470, -2395, 41456, 2200, -28525, 8089, 17052, -23526, -8388, 39601, 6357, -51117, -9054, 54339, 15349, -47457, -20896, 38473, 24812, -23469, -22656, 8893, 17286, 2465, -12065, -8132, 8874, 8889, -8552, -7806, 11591, 5576, -15245, -6594, 21299, 12305, -20593, -21021, 15941, 25891, -7131, -24464, -4730, 17395, 15469, -4112, -21452, -11969, 21917, 31264, -13043, -37368, 3513, 34839, 6640, -25006, -13106, 8878, 16406, 9433, -15993, -23749, 10836, 32811, -3783, -29708, -7090, 25276, 4320, -17145, 2327, 7749, -11561, 2176, 22281, -10400, -32521, 14590, 41493, -14724, -47623, 11997, 50104, -6354, -48878, -1765, 44761, 11138, -39344, -21036, 33681, 29539, -28933, -36187, 26451, 38792, -24815, -26025, 20149, 22186, -18945, -14972, 19292, 5995, -20400, 2649, 22823, -9045, -25878, 11633, 29153, -9916, -30162, 12, 29783, 9820, -20647, -18737, 7271, 25557, 6286, -27632, -16137, 22912, 20204, -11125, -18404, -8558, 13152, 36820, -11047, -63646, 15277, 94980, -25393, -131683, 39197, 170104, -48687, -199088, 47179, 208284, -29319, -189126, -8758, 140679, 52271, -73023, -89425, -1420, 108941, 68729, -105132, -114753, 81632, 130846, -51427, -119794, 24533, 89437, -12020, -51047, 14096, 22106, -29607, -10219, 45264, 12723, -49975, -24300, 36961, 33717, -9173, -34004, -24366, 23498, 50888, -7047, -61643, -10669, 61586, 21456, -48876, -19450, 30052, 5345, -14336, 14353, 8423, -29280, -12226, 34943, 20129, -29824, -25762, 19979, 25444, -4647, -17441, -8573, 3758, 14703, 12424, -11073, -24809, 1563, 31082, 10728, -29806
1791219433.217, MrmFullScanInfo, 519, 107, 2042605, 0, 0, 0, 0, 10000, 39297, 32, 2, 2, 1, 480, 0, 0, 0, 0, 0, 0, 167410, -228681, -310533, 479789, 360158, -536417, -379246, 349011, 435159, -30833, -508641, -256886, 508874, 432785, -374154, -522120, 137280, 578737, 108466, -566059, -282160, 391627, 335608, -49297, -258714, -333419, 90915, 606607, 79168, -721884, -176187, 713233, 190411, -647067, -157818, 581667, 132539, -550069, -151254, 552067, 215503, -535880, -303642, 418122, 402251, -173323, -490230, -119811, 501759, 357983, -368347, -511599, 110177, 603938, 162589, -632630, -351634, 557726, 447616, -364691, -480935, 115041, 421810, 92758, -213987, -185767, -109897, 141728, 393499, 17098, -465859, -223750, 283409, 361803, 50215, -326960, -369708, 116491, 548193, 160988, -524898, -394288, 315326, 543882, -16415, -586314, -256591, 477813, 446626, -218955, -537158, -99974, 495135, 369313, -302047, -537785, 23190, 589989, 211838, -509956, -300096, 311412, 216993, -71877, -15110, -92719, -205538, 103528, 344488, 25738, -341374, -202376, 199228, 317443, 17523, -304116, -216011, 164276, 321158, 38329, -306052, -216704, 196109, 306962, -52178, -291751, -59934, 197270, 100916, -77333, -72519, -12136, 8689, 40696, 45010, -14668, -54023, -32535, 12919, 59899, 53058, -40524, -106065, -22333, 117445, 97233, -80794, -145335, 14811, 142860, 47026, -90542, -76365, 10793, 64136, 64532, -21263, -110989, -28884, 122232, 62048, -108195, -66076, 86808, 46805, -74835, -21121, 78707, 4897, -89690, -3691, 92768, 9736, -76542, -6190, 35585, -21456, 27533, 76162, -97765, -150084, 150520, 229339, -166609, -297454, 142439, 340340, -90552, -347735, 31480, 312109, 19361, -233380, -58495, 127433, 88394, -23931, -108950, -49946, 117504, 81784, -112961, -76793, 96533, 51287, -73492, -21142, 53588, -6441, -44972, 30619, 47034, -48980, -51024, 56770, 47710, -51019, -31858, 35228, 4288, -19365, 29098, 13833, -60513, -21669, 82361, 36796, -87629, -50260, 71915, 56135, -37675, -52787, -5385, 39494, 43476, -16461, -65080, -11808, 66564, 36015, -52776, -47199, 32345, 42965, -11787, -27681, -5422, 9203, 17762, 5773, -24558, -14960, 26155, 20233, -24036, -24639, 19678, 29520, -13095, -33816, 2882, 35602, 11807, -33887, -29352, 29491, 44628, -24057, -51376, 19000, 46796, -15917, -33485, 16948, 16975, -23332, -2245, 33674, -7337, -44178, 10210, 50744, -6725, -50956, -842, 44644, 9060, -33270, -14930, 19393, 17236, -6295, -16644, -3085, 14835, 7344, -13478, -7130, 13738, 4805, -15872, -3409, 18994, 5169, -21277, -10075, 20609, 15845, -15527, -19291, 6062, 17976, 5885, -10785, -17037, -1479, 24093, 15628, -24965, -26984, 19511, 31557, -9508, -27773, -2208, 16716, 12689, -1531, -19517, -13436, 21004, 24287, -17215, -28981, 10889, 27352, -6205, -20205, 5978, 8928, -10158, 4219, 17065, -16399, -24909, 25129, 32433, -29097, -38727, 28224, 43045, -23121, -44985, 14702, 44753, -4134, -43081, -7111, 40931, 17368, -39057, -24317, 37270, 25955, -34454, -22387, 30081, 15778, -25212, -8154, 21443, 166, -19483, 7724, 19237, -14416, -20309, 18163, 22312, -17332, -24504, 11499, 25288, -1769, -22704, -9756, 16003, 20475, -6587, -27312, -2911, 27198, 10345, -17868, -15459, -932, 20244, 26903, -27780, -56437, 40484, 86841, -58739, -116762, 80007, 144275, -98349, -165255, 105133, 173956, -92077, -165488, 55995, 138264, -2193, -94798, -56403, 41148, 104331, 14095, -129807, -61188, 129088, 91474, -107242, -99976, 75323, 87441, -45716, -60692, 27675, 30414, -24116, -6980, 30726, -3428, -38188, 511, 37084, 10916, -22766, -23533, -2266, 30739, 30145, -29213, -51992, 20241, 61724, -9006, -57651, 1775, 42645, -2369, -23273, 10295, 7199, -21403, 354, 30416, 1111, -33317, -7742, 28531, 13935, -17216, -15173, 3037, 9692, 9053, 1319, -14962, -14494
1791219433.233, MrmFullScanInfo, 519, 107, 2042605, 0, 0, 0, 0, 10000, 39297, 32, 4, 2, 1, 480, 0, 0, 0, 0, 0, 0, -663, 155, 1237, -366, -1062, 563, 486, -772, 49, 959, -180, -985, 203, 695, -428, -186, 444, -372, 260, 570, -2835, 147, 7375, -1937, -11606, 3767, 12115, -3933, -8330, 2207, 3049, 70, 2184, -1943, -7496, 3486, 11924, -4576, -12952, 3861, 9893, 74, -5519, -5574, 2794, 8624, -1196, -7320, -1710, 4036, 5736, -2047, -7862, 1763, 6291, -2786, -2329, 7308, -2245, -16918, 5788, 29638, -6769, -40258, 5829, 42311, -4660, -32773, 2900, 16016, 557, 1455, -4773, -16381, 8616, 25215, -10659, -23703, 8737, 13759, -3202, -3642, -2121, -1061, 3953, -88, -2046, 4315, -1132, -7675, 1717, 7956, 1483, -6090, -5337, 3813, 6314, -1326, -4522, -1252, 2409, 2983, -1378, -2826, 1662, 1046, -1727, 1028, -126, -1897, 3112, 1160, -4483, 98, 3178, -881, -997, 835, -179, -250, 79, -563, 837, 851, -1800, 126, 1744, -1802, -273, 2656, -1768, -2102, 2966, 1093, -2837, -553, 1743, 431, -551, -384, -2, 340, -92, -304, 241, 167, 20, 62, -538, 1, 967, -610, -1163, 1647, 1074, -2610, -697, 2983, 396, -2661, -860, 2014, 2725, -1488, -6423, 1434, 12738, -2195, -23235, 4518, 39760, -5647, -65009, 869, 102574, 8390, -152098, -13084, 204951, 7110, -249149, 3995, 279232, -9884, -299094, 4952, 318023, 7707, -340606, -20042, 358463, 27771, -354202, -34594, 315943, 46572, -247003, -64229, 160847, 81936, -71849, -93150, -8167, 91347, 70717, -71922, -112362, 38067, 134039, -1908, -137462, -24694, 123997, 39665, -97039, -48714, 62633, 59182, -26513, -72975, -8567, 86140, 42093, -94405, -72783, 96928, 97882, -94329, -115724, 85797, 126529, -70861, -131046, 50883, 127214, -26160, -112375, -3631, 88951, 34241, -64005, -56264, 42718, 63003, -25547, -56052, 12186, 41255, -3379, -23894, -42, 7828, -1827, 3794, 8041, -8968, -16745, 7276, 25047, 858, -29919, -14649, 29612, 32006, -23806, -49149, 12765, 60513, 2794, -61008, -20741, 49636, 36767, -30266, -45638, 8534, 44227, 11274, -32898, -25943, 14740, 32917, 6376, -30915, -26603, 20546, 41977, -3971, -49137, -15640, 46928, 34386, -37104, -48286, 23124, 54529, -8591, -52385, -4167, 43165, 14326, -29903, -21545, 16433, 25308, -5712, -25453, -1406, 22966, 5961, -19284, -9394, 15349, 12430, -11057, -14739, 5943, 15282, -524, -12786, -3451, 6558, 4231, 2557, -1190, -12080, -5080, 19051, 12981, -21331, -20029, 17952, 23779, -9683, -22941, -495, 17656, 8750, -9232, -12932, 78, 13697, 6728, -13108, -8753, 13170, 5974, -15044, -786, 18874, -3849, -23708, 6293, 27763, -6446, -29191, 4910, 26996, -2743, -21504, 1188, 14178, -996, -6998, 1993, 1822, -3316, 368, 4027, 33, -3418, -1491, 1159, 2294, 2448, -1500, -6493, -689, 9858, 3247, -11714, -4853, 11938, 4438, -11094, -1672, 10060, -2705, -9554, 7084, 9933, -9746, -11217, 9566, 12825, -6350, -13719, 856, 13319, 5441, -12165, -10740, 11539, 13649, -12283, -13749, 14042, 11747, -15252, -9339, 14105, 8269, -9523, -9389, 1503, 12335, 8714, -15682, -18638, 17342, 25441, -15526, -27270, 10208, 23848, -3327, -16203, -2384, 6145, 4744, 4202, -2718, -12742, -3308, 17851, 11528, -18723, -19322, 15539, 24507, -9235, -26200, 827, 24290, 8762, -19209, -18373, 12325, 26560, -5595, -32304, 339, 35605, 3688, -36666, -7457, 35162, 11701, -30527, -16217, 22917, 19981, -13524, -21910, 4075, 21637, 3796, -19580, -8848, 16528, 10405, -13252, -8576, 10230
1791219433.233, MrmDetectionListInfo, 519, 229, 182, 45501, 183, 56761, 184, 65535, 185, 65535, 186, 65535, 187, 65535, 188, 65535, 189, 65535, 190, 65535, 191, 65535, 192, 65535, 193, 65535, 194, 65535, 195, 65535, 196, 65535, 197, 65535, 198, 65535, 199, 65535, 200, 65535, 201, 65535, 202, 65535, 203, 65535, 204, 65535, 205, 65535, 206, 65535, 207, 65535, 208, 65535, 209, 65535, 210, 60529, 211, 53592, 212, 59180, 213, 65535, 214, 65535, 215, 65535, 216, 65535, 217, 65535, 218, 65535, 219, 65535, 220, 65535, 221, 65535, 222, 65535, 223, 65535, 224, 61661, 225, 55503, 226, 50307, 227, 45922, 228, 43802, 229, 46436, 230, 55235, 231, 65535, 232, 65535, 233, 65535, 234, 65535, 235, 65535, 236, 65535, 237, 65535, 238, 65535, 239, 65535, 240, 65535, 241, 65535, 242, 65535, 243, 65535, 244, 65535, 245, 60320, 246, 52382, 247, 49988, 248, 52812, 249, 56192, 250, 55789, 251, 51496, 252, 45932, 253, 40722, 254, 35405, 255, 29159, 256, 22289, 257, 15866, 264, 11207, 265, 13813, 266, 14834, 267, 14914, 268, 15597, 269, 18320, 270, 22974, 271, 27824, 272, 31252, 273, 33057, 274, 33901, 275, 34156, 276, 33861, 277, 33727, 278, 35064, 279, 37821, 280, 39851, 281, 39070, 282, 35486, 283, 30757, 284, 26788, 285, 24803, 286, 24716, 287, 25199, 288, 24724, 289, 22846, 290, 20679, 291, 20153, 292, 22387, 293, 26180, 294, 28650, 295, 28213, 296, 26718, 297, 27622, 298, 31925, 299, 37090, 300, 40074, 301, 40173, 302, 38650, 303, 36627, 304, 34151, 305, 31060, 306, 27916, 307, 25720, 308, 24923, 309, 24812, 310, 24070, 311, 22087, 312, 19422, 313, 16968, 314, 15106, 315, 13761, 316, 12935, 317, 12811, 318, 13266, 319, 13693, 320, 13598, 321, 13080, 322, 12524, 323, 12041, 324, 11381, 325, 10281, 326, 8788, 335, 11614, 336, 15396, 337, 17891, 338, 19353, 339, 20090, 340, 19940, 341, 18598, 342, 16112, 343, 13071, 344, 10587, 345, 9704, 346, 10171, 347, 10350, 348, 9115, 349, 7448, 350, 7372, 351, 9281, 352, 11329, 353, 11722, 354, 10605, 355, 9349, 356, 8886, 357, 9350, 358, 10700, 359, 12783, 360, 15029, 361, 16721, 362, 17543, 363, 17639, 364, 17233, 365, 16363, 366, 14969, 367, 13111, 368, 11003, 386, 4990, 389, 8199, 390, 8600, 391, 8401, 392, 7765, 394, 6143, 396, 6285, 397, 7352, 398, 8637, 399, 9706, 400, 10370, 401, 10678, 410, 11847, 411, 12415, 412, 12740, 413, 13124, 414, 13469, 415, 13528, 416, 13217, 417, 12638, 418, 11896, 419, 10996, 421, 8594, 425, 11640, 426, 15724, 427, 18928, 428, 20647, 429, 21184, 430, 20890, 431, 19719, 432, 17507, 433, 14420, 435, 8142, 444, 15707, 445, 17667, 446, 18802, 447, 18984, 448, 18318, 449, 16957, 450, 15144, 461, 18625, 462, 20005, 463, 21462, 464, 22339, 465, 22515, 466, 22312, 467, 21954, 468, 21333, 469, 20241, 470, 18647, 471, 16700, 472, 14639, 473, 12880, 474, 11956, 475, 12078, 476, 12843
1791219433.342, MrmFullScanInfo, 520, 107, 2042731, 0, 0, 0, 0, 10000, 39297, 32, 1, 2, 1, 480, -418343, 492273, 419576, -482430, -451074, 448089, 504206, -369934, -520021, 112919, 520151, 334019, -496614, -498180, 373443, 518615, -119233, -520192, -171131, 519545, 319776, -512542, -476430, 481038, 520185, 512238, -208702, -520028, -396593, 502871, 351894, -502335, -432160, 505802, 287894, -518110, -294244, 517990, 239403, -516901, -304700, 517133, 437653, -506825, -516675, 371069, 520192, 102254, -520024, -494688, 444649, 519303, -153955, -520192, -249035, 519797, 468858, -502536, -516089, 390390, 519938, -159558, -520150, -204407, 517221, 330186, -122237, -212635, -503230, 13723, 519753, 400787, -480052, -512438, -53033, 512350, 507509, -228140, -520184, -396611, 511783, 519187, -298645, -520192, -2286, 519888, 321299, -504808, -505034, 358758, 520134, 82255, -520144, -476920, 447367, 519860, 18324, -519625, -339906, 498836, 458341, -340789, -449116, 71026, 173778, 91559, 159551, -81869, -375309, -101099, 410232, 340863, -238832, -427554, -43160, 353908, 270006, -182554, -375125, -70194, 315684, 283387, -146341, -338661, -14358, 295884, 137627, -196115, -177802, 62291, 92671, 30438, 12276, -34225, -78179, -17834, 101351, 80688, -42542, -108331, -67288, 75671, 139076, 11624, -140557, -119107, 89028, 179805, 2097, -163681, -89351, 92303, 113145, -1091, -70583, -84353, -1396, 129744, 78961, -126230, -151911, 73551, 171424, -54948, -157043, 46259, 128768, -54399, -102448, 72758, 78051, -56689, -49562, -13245, 16700, 117880, 63937, -104948, -133949, 155866, 222744, -144343, -307567, 74688, 379868, 34486, -415755, -142325, 405689, 221972, -351329, -261224, 286899, 271560, -200411, -242844, 128336, 210892, -97829, -180984, 91339, 171224, -93813, -177321, 91411, 194564, -75111, -200380, -43070, 172012, 69603, -148716, -93258, 120972, 105724, -93761, -113693, 74995, 113641, -66071, -110748, 57044, 111000, -44522, -107704, -556, 99213, 13735, -81553, -28917, 63153, 34779, -41358, -33080, 18553, 28699, 735, -20938, -9822, 10334, 5453, 200, -1821, 3130, -5772, -6717, 13407, 9547, -14259, -13501, 14946, 16321, -14482, -14398, 13343, 11037, -9332, -10611, 7813, 4682, -6505, 3013, 5427, -10238, -5647, 16973, 8496, -22897, -8030, 25675, 1854, -24586, 10475, 20886, -22473, -17710, 38661, 16756, -53314, -16334, 63830, 20316, -65986, -23141, 59989, 24718, -44534, -23412, 30845, 19185, -15874, -11558, 6168, 5554, -214, -3978, 83, 7526, -1243, -14370, 225, 22313, 3217, -26189, -16792, 23478, 23735, -15245, -30539, 3572, 32649, 9527, -26283, -20010, 14703, 23913, 201, -19714, -14907, 10440, 25183, 2428, -23969, -9828, 18293, 11409, -8667, -6544, -1469, -2260, 8645, 11334, -9669, -17769, 6788, 18430, 7838, -9565, -11291, -2561, 11411, 17254, -8709, -28900, 4757, 38267, -2722, -42762, 2705, 45591, -3061, -48816, 4143, 49117, -2665, -53605, -3091, 59437, 13087, -63912, -26634, 65938, 39608, -63887, -50785, 57995, 56536, -48049, -44387, 33268, 38339, -25407, -27840, 19937, 13721, -16965, 223, 16373, -11183, -17605, 16972, 19679, -14916, -19664, 4213, 17998, 10140, -11458, -25105, 1264, 37671, 9061, -43335, -16748, 37972, 21060, -24631, -20490, 1219, 19261, 35652, -27331, -70497, 37051, 109399, -51630, -152106, 68644, 192493, -78995, -222957, 72531, 232974, -45688, -212290, 212, 159411, 51873, -93116, -96921, 15492, 121787, 61225, -119180, -117488, 92191, 144972, -55662, -137919, 19733, 103784, -1172, -56782, 1551, 17741, -16796, 5804, 35927, -9364, -46516, -1257, 40997, 16874, -16094, -25020, -16111, 22695, 42391, -9318, -54017, -4039, 51676, 13585, -34114, -12223, 11125, -1960, 8861, 22009, -16654, -39164, 13069, 45550, -206, -36457, -15686, 23552, 21954, -5013, -18430, -10859, 8204, 18122, 4407, -14411, -16769, 1630, 25128, 13517, -28382
1791219433.342, MrmFullScanInfo, 520, 107, 2042731, 0, 0, 0, 0, 10000, 39297, 32, 2, 2, 1, 480, 0, 0, 0, 0, 0, 0, 167903, -229085, -311296, 480356, 360632, -536925, -379425, 349988, 435182, -32689, -508831, -254682, 509663, 431101, -375688, -521159, 139268, 578293, 106475, -565905, -281219, 391850, 337177, -50310, -262816, -331572, 95692, 604631, 75858, -720636, -174883, 713015, 190437, -647542, -158106, 582267, 132309, -550457, -150421, 552194, 214521, -535991, -303048, 418478, 402258, -173978, -491199, -118951, 503873, 357019, -370973, -510610, 112228, 602949, 161675, -631535, -351678, 555648, 448461, -360085, -482848, 107338, 424950, 101693, -217560, -192724, -107325, 145097, 392844, 16590, -466947, -224043, 285191, 360833, 49061, -323980, -369914, 112543, 548789, 164212, -523989, -396236, 312386, 545243, -12978, -588243, -258511, 481247, 446060, -223569, -534446, -95935, 492715, 367163, -303380, -537130, 30130, 590593, 200177, -513618, -286475, 320606, 205104, -87095, -9215, -74338, -203289, 86784, 336018, 36512, -331362, -205113, 192038, 313093, 19570, -296071, -212470, 156931, 313428, 41700, -297307, -214822, 189783, 300670, -50362, -283648, -56716, 190427, 93362, -73792, -62469, -11725, -1075, 36638, 52095, -8067, -57362, -40041, 12925, 66922, 55115, -46548, -109063, -16825, 120978, 90992, -85044, -136680, 20148, 129947, 40120, -71769, -67069, -14928, 50532, 96104, 542, -144636, -64535, 154204, 116178, -137606, -138063, 113919, 128405, -94928, -97885, 78056, 61527, -47916, -29925, -4699, 3093, 71664, 29494, -136004, -79298, 182939, 149416, -200037, -234544, 176736, 322484, -114468, -395056, 28910, 433601, 58103, -427393, -128070, 378722, 171255, -302973, -187241, 223764, 182399, -163262, -166776, 131520, 151248, -123700, -144042, 120755, 147274, -101159, -157601, 58461, 167937, -5823, -169927, -38894, 159184, 68669, -138663, -84871, 116076, 91536, -97560, -92539, 82257, 91428, -64953, -90493, 43136, 89136, -19775, -84216, -200, 72886, 14307, -54951, -22354, 33275, 25210, -13080, -23301, -720, 17341, 6140, -9813, -4186, 4027, -2419, -1729, 10332, 2572, -16601, -5180, 19867, 7733, -20113, -8866, 17909, 8300, -14278, -6153, 10362, 2237, -6792, 3485, 3824, -10343, -1642, 17265, -147, -22870, 2995, 25436, -8451, -23669, 16999, 17892, -28062, -10028, 40552, 2593, -52800, 2350, 62363, -3735, -66488, 1704, 63414, 2523, -53506, -6996, 39241, 9748, -24002, -9956, 10960, 8583, -2476, -7654, -672, 8922, -270, -12838, 2129, 18340, -1382, -23311, -3720, 25404, 12280, -22929, -21434, 15599, 27839, -4771, -28720, -6800, 22902, 15829, -11245, -19728, -3249, 17770, 16174, -11399, -23438, 3648, 23075, 2180, -15869, -3971, 4842, 1494, 5909, 3785, -12263, -9313, 11779, 12340, -5247, -10675, -3755, 3485, 11414, 8101, -16007, -21264, 17871, 32781, -18254, -40652, 18282, 44734, -18400, -46388, 18229, 47753, -16765, -50831, 12919, 56450, -6098, -63645, -3446, 70222, 14545, -73757, -24616, 72121, 30701, -64316, -31476, 51755, 27621, -37979, -20196, 26292, 9857, -17986, 1985, 12953, -12733, -10674, 19270, 10645, -19128, -12153, 11653, 13921, 1665, -14283, -17724, 12111, 32465, -7451, -41583, 1226, 41594, 5630, -30425, -13519, 8177, 24543, 22344, -40871, -56819, 62919, 91819, -88953, -125448, 114968, 155621, -134035, -178604, 137277, 189048, -117244, -182173, 72318, 156379, -9461, -113658, -57100, 58641, 111090, 1648, -140298, -57373, 140585, 97463, -116642, -113302, 79717, 102792, -43355, -72056, 18652, 33269, -10344, 277, 15536, -19084, -25440, 20321, 29787, -7932, -22068, -9663, 2859, 23520, 20999, -28064, -40326, 23138, 47860, -13362, -40994, 5311, 22654, -4052, -86, 10565, -18128, -21296, 25486, 30561, -20349, -33767, 6827, 29134, 7501, -17758, -15921, 3285, 15536, 8955, -7189, -14300, -5979
1791219433.342, MrmFullScanInfo, 520, 107, 2042731, 0, 0, 0, 0, 10000, 39297, 32, 4, 2, 1, 480, 0, 0, 0, 0, 0, 0, 229, -356, -256, 436, 27, -281, 31, 662, 46, -1496, -256, 1861, 819, -1439, -1596, 873, 2021, -553, -1739, 348, -488, 349, 5251, -1999, -9983, 3747, 10994, -3980, -7621, 2400, 2870, -204, 1157, -1466, -4024, 2354, 5608, -2627, -5497, 1979, 3907, -42, -2190, -2395, 1438, 3610, -1572, -2794, 1269, 1091, 185, -54, -1791, -145, 2171, -219, -1206, 1437, -225, -3481, 907, 6293, -193, -9958, -666, 12955, 229, -12223, 807, 7288, -845, 262, -521, -8887, 3049, 15406, -5472, -15761, 4926, 10164, -596, -3876, -4166, 934, 5561, -2047, -3001, 5681, -1165, -8619, 3654, 8235, -1603, -5395, -4518, 2722, 11155, -93, -15341, -4587, 16283, 11477, -13727, -17877, 7247, 20352, 1605, -17509, -9307, 10564, 12510, -2128, -10158, -5026, 3911, 8674, 3245, -7876, -8330, 3750, 9301, 1627, -6118, -6305, 593, 8789, 5044, -8321, -9193, 5256, 10964, -795, -10036, -3542, 7093, 6453, -3417, -7421, 203, 6908, 1952, -5866, -3162, 5320, 3877, -6109, -4509, 8694, 5353, -13055, -6685, 18802, 8911, -25426, -13179, 30929, 21515, -32856, -35531, 31283, 53894, -28914, -71038, 26720, 79164, -19599, -71782, -1565, 47428, 43697, -10381, -99851, -32654, 148591, 76787, -168075, -118788, 149710, 155340, -98522, -184249, 26259, 205210, 50620, -218385, -114961, 223261, 155914, -221428, -171766, 219223, 165930, -224459, -142746, 238977, 109059, -255475, -76430, 261599, 57544, -245953, -60101, 200437, 82190, -124521, -111931, 29657, 132348, 64147, -131445, -138497, 110552, 183474, -82219, -196306, 60621, 180795, -53652, -148104, 58606, 114628, -66166, -94056, 68383, 88748, -61696, -89400, 44342, 84135, -15136, -66565, -22640, 37779, 60337, -3390, -84658, -29948, 85157, 56077, -63359, -69009, 32295, 64614, -5778, -44641, -10550, 17034, 17446, 8278, -18242, -24360, 16220, 30056, -13936, -29235, 13425, 27189, -15653, -27023, 19526, 28705, -22129, -30458, 20714, 30331, -14390, -27222, 4888, 21104, 4349, -12672, -10307, 3130, 12159, 5890, -11042, -12663, 8633, 16256, -6224, -16875, 4467, 15671, -3439, -14006, 2712, 12745, -1411, -12053, -1441, 11709, 6273, -11383, -12459, 10509, 18535, -8315, -22755, 3750, 23415, 3605, -19614, -12282, 11954, 19291, -2312, -22180, -6926, 20666, 13624, -15969, -16132, 9769, 13786, -3869, -7337, 37, -1123, 587, 8804, 1925, -13058, -6296, 12195, 10655, -5999, -13044, -4043, 11936, 15033, -6436, -23237, -3155, 25712, 14621, -21739, -24114, 12995, 27984, -2464, -24827, -6769, 15948, 12166, -4452, -12500, -5977, 8256, 12462, -1617, -13934, -3984, 11240, 5153, -6332, -297, 1331, -9328, 1915, 20356, -2214, -28871, -559, 32008, 5342, -29060, -10235, 21574, 13272, -12267, -13140, 3584, 9705, 3103, -4070, -7395, -1820, 9538, 6059, -10140, -7409, 9788, 5594, -8668, -1304, 6666, -3991, -3879, 8455, 992, -10672, 1034, 10245, -1490, -7656, -161, 3751, 4329, 660, -10719, -5029, 18103, 9130, -24949, -12810, 29970, 15874, -31865, -18186, 29645, 19509, -23350, -19550, 14125, 18231, -3675, -15408, -6192, 10536, 13773, -3093, -17735, -6167, 17453, 14750, -13159, -19382, 6071, 17822, 1758, -10062, -7983, -1673, 10831, 13795, -9491, -22522, 4397, 25241, 2768, -21389, -9761, 12560, 14525, -1656, -16086, -8438, 15259, 15650, -14124, -19019, 14365, 18903, -16043, -16734, 18172, 14022, -19432, -11313, 18384, 8372, -14029, -5080, 6843, 1790, 1156, 1068, -7888, -3128, 12354, 3796, -14272, -2527, 13412
1791219433.342, MrmDetectionListInfo, 520, 226, 169, 43201, 170, 47031, 171, 50099, 172, 51635, 173, 50759, 174, 46682, 175, 39664, 178, 35897, 179, 47133, 180, 63485, 181, 65535, 182, 65535, 183, 65535, 184, 65535, 185, 65535, 186, 65535, 187, 65535, 188, 65535, 189, 65535, 190, 65535, 191, 65535, 192, 65535, 193, 65535, 194, 65535, 195, 65535, 196, 65535, 197, 65535, 198, 65535, 199, 65535, 200, 65535, 201, 65535, 202, 65535, 203, 65535, 204, 65535, 205, 65535, 206, 65535, 207, 65535, 208, 65535, 209, 65535, 210, 65535, 211, 65535, 212, 65535, 213, 65535, 214, 65535, 215, 65535, 216, 65535, 217, 65535, 218, 65535, 219, 65535, 220, 65535, 221, 65535, 222, 65535, 223, 65535, 224, 65535, 225, 65535, 226, 65535, 227, 65535, 228, 65535, 229, 65535, 230, 65535, 231, 65535, 232, 65535, 233, 65535, 234, 65535, 235, 65535, 236, 63512, 237, 54536, 238, 45040, 239, 38327, 240, 36409, 241, 38139, 242, 40702, 243, 43501, 244, 49008, 245, 57916, 246, 65535, 247, 65535, 248, 63652, 249, 55637, 250, 46964, 251, 38258, 252, 29712, 253, 22611, 254, 17963, 255, 15293, 256, 13887, 258, 16599, 259, 20514, 260, 23388, 261, 23628, 262, 22066, 263, 20654, 264, 20394, 265, 20956, 266, 21740, 267, 22641, 268, 23810, 269, 25112, 270, 26066, 271, 26202, 272, 25332, 273, 23498, 274, 20811, 275, 17485, 276, 14085, 277, 11433, 278, 9965, 284, 10309, 285, 11694, 286, 12151, 287, 11840, 288, 11291, 289, 10793, 290, 10283, 291, 9647, 292, 8941, 301, 10837, 302, 12270, 303, 13401, 304, 14215, 305, 14603, 306, 14407, 307, 13733, 308, 13039, 309, 12847, 310, 13317, 311, 13992, 312, 14075, 313, 13245, 314, 12286, 315, 12472, 316, 14064, 317, 15868, 318, 16511, 319, 15657, 320, 13881, 321, 11754, 330, 9366, 331, 9970, 332, 10109, 333, 9896, 334, 9287, 335, 8670, 337, 10218, 338, 12268, 339, 13823, 340, 14441, 341, 15007, 342, 16699, 343, 19340, 344, 21334, 345, 21351, 346, 19501, 347, 16857, 348, 14574, 349, 13365, 350, 13021, 351, 12493, 352, 10963, 353, 8889, 354, 7607, 356, 8607, 357, 8868, 358, 8292, 359, 7723, 360, 7755, 361, 7796, 362, 6779, 368, 12684, 369, 14585, 370, 15458, 371, 16204, 372, 17241, 373, 18254, 374, 18582, 375, 17878, 376, 16341, 377, 14358, 378, 12120, 379, 9671, 380, 7277, 381, 5470, 382, 4591, 383, 4539, 384, 4991, 385, 5743, 386, 6794, 389, 8891, 390, 8160, 397, 5615, 398, 5702, 399, 5650, 400, 5681, 410, 13616, 411, 16469, 412, 18840, 413, 20873, 414, 22635, 415, 23975, 416, 24688, 417, 24689, 418, 24014, 419, 22723, 420, 20856, 421, 18464, 422, 15646, 423, 12659, 424, 10153, 425, 8958, 426, 9242, 427, 10139, 428, 10572, 431, 12067, 432, 14075, 433, 15531, 434, 15576, 435, 14225, 436, 12086, 437, 9792, 447, 13630, 465, 16265, 466, 15793, 467, 14964, 468, 13645, 469, 11839, 470, 9609
1791219433.467, MrmFullScanInfo, 521, 107, 2042856, 0, 0, 0, 0, 10000, 39297, 32, 1, 2, 1, 480, -418648, 493797, 421344, -482540, -450094, 446463, 505020, -369106, -519910, 113615, 520174, 336122, -496052, -498256, 377781, 517526, -118669, -520192, -174442, 519559, 319322, -511874, -477857, 481372, 520152, 512243, -183749, -520130, -409811, 498315, 350837, -502415, -435538, 505486, 286660, -517990, -287470, 517929, 228369, -517694, -304763, 516013, 434099, -506687, -515788, 380643, 520192, 85739, -519931, -493664, 443331, 519403, -160791, -519946, -240536, 519824, 470299, -501511, -516129, 389237, 520012, -138634, -520186, -245862, 515817, 383531, -92676, -271230, -516392, 45397, 520068, 403076, -479085, -514228, -61818, 516054, 509880, -293157, -520192, -367749, 514799, 518801, -304614, -520190, 8373, 519892, 320971, -505642, -505448, 350475, 520188, 102524, -520131, -489030, 440693, 520053, 37796, -519387, -361377, 496836, 472708, -329065, -468487, 47879, 184847, 117633, 166790, -104277, -390508, -93744, 425559, 346854, -254590, -440441, -39843, 371400, 278937, -198573, -389364, -66881, 333329, 287094, -159112, -347329, -10318, 303372, 139595, -201144, -185071, 63242, 102120, 38135, 5286, -48034, -75693, -378, 103998, 61608, -50963, -91073, -57950, 56676, 125638, 39717, -109075, -136847, 38694, 207108, 84092, -208262, -220239, 173234, 306968, -146527, -326436, 167651, 289458, -240605, -194321, 337584, 312444, -252609, -239560, 305351, 157625, -291466, -56304, 202413, -59476, -48311, 177965, -106219, -270139, 207423, 322170, -242489, -329537, 111556, 278890, -87649, -160583, 59075, 3515, -42000, 142759, 44112, -233146, -56148, 245818, 75911, -192130, -79771, 115309, 50827, 828, 4066, -92987, -66564, 133816, 119007, -125572, -138759, 90067, 112470, -36906, -51707, -18522, -17742, 47456, 58411, -31249, -107489, 8059, 122091, 10332, -105359, -18328, 78485, 10523, -51039, 8416, 29597, -25265, -19943, 18931, 53101, -9965, -55739, -14870, 48311, 50954, -31229, -83086, 6359, 96001, 22327, -87525, -43979, 61015, 49388, -6320, -43974, -20114, 18224, 26384, 11165, -15093, -30634, -5322, 31723, 30537, -16691, -50958, -4784, 57718, 25663, -28116, -52975, 5424, 43451, 15698, -21648, -28860, -2348, 31037, 23607, -21689, -36133, 12733, 38259, -9043, -30347, 18738, 23024, -32550, -17090, 50417, 17074, -64175, -23306, 69806, 32900, -64052, -38916, 49306, 38310, -29965, -29554, 15355, 15158, -9203, 3995, 9640, -20258, -11105, 26764, 12164, -23096, -7568, 12428, -2267, 621, 14689, -9811, -19221, 4271, 25421, -89, -23756, -4385, 13325, 7880, 3199, -8353, -19324, 4837, 32716, 1747, -38635, -6881, 35973, 17434, -33117, -13091, 29666, 3782, -24578, 7333, 18908, -13653, -11604, 15821, 5728, -14010, 1091, 8467, -1266, -2495, 6801, -3448, -9871, 10603, 7808, -19096, 104, 30712, -12083, -41404, 25749, 54391, -36088, -66574, 22687, 84923, -17163, -88023, 6084, 86189, 7918, -78379, -21650, 67249, 32047, -56325, -40060, 45749, 42138, -37316, -29551, 28699, 27383, -21520, -23941, 15285, 18713, -8428, -13387, 2111, 9858, 2144, -8876, -3138, 13123, 1998, -21785, -2381, 32848, 4454, -41898, -11783, 45784, 18878, -44130, -25850, 32327, 27437, -13459, -28196, -13813, 27943, 48771, -20477, -75935, 35646, 103560, -58314, -134719, 87766, 168488, -111095, -198966, 119095, 220738, -103984, -219599, 62058, 194496, 7874, -145642, -66068, 77879, 112215, -755, -132031, -66809, 125148, 110820, -97970, -119879, 65904, 98149, -40954, -67185, 29588, 29582, -37738, -3076, 53908, -6780, -65359, 439, 62747, 11479, -42423, -21958, 12714, 23084, 19391, -20223, -35284, 4176, 43278, 9086, -36818, -15131, 20166, 7547, -2378, 9195, -8563, -29979, 10138, 44697, -3646, -45661, -9299, 40816, 12525, -29389, -10478, 16159, 2859, -6168, 6494, 4157, -14120, -9293, 16746, 16215, -13077
1791219433.467, MrmFullScanInfo, 521, 107, 2042856, 0, 0, 0, 0, 10000, 39297, 32, 2, 2, 1, 480, 0, 0, 0, 0, 0, 0, 168060, -228985, -311598, 480008, 361022, -536385, -379788, 349355, 435640, -32138, -509697, -254779, 510636, 430632, -375951, -520619, 138475, 578188, 107752, -566228, -280773, 391869, 331920, -48872, -252336, -334801, 83894, 608218, 84140, -722672, -177809, 712805, 188447, -645492, -152671, 579217, 125817, -547400, -145234, 550596, 211477, -537969, -301055, 424952, 399709, -182662, -488134, -112046, 502670, 353643, -373457, -509286, 117073, 601838, 157646, -629068, -350579, 548266, 451040, -342061, -488305, 74032, 431115, 149015, -223212, -243724, -101770, 184493, 387532, -1608, -463691, -228214, 286005, 384023, 42614, -358000, -358953, 143993, 539382, 145840, -522386, -390666, 318559, 545416, -21243, -587101, -254009, 474982, 447143, -212942, -537787, -106989, 491781, 375669, -293690, -542696, 12559, 592588, 221458, -509569, -307029, 308462, 220695, -68083, -16194, -95145, -206337, 102698, 347236, 30380, -345840, -209915, 203508, 326257, 15963, -312314, -218041, 170320, 325756, 35026, -311491, -215319, 200626, 306147, -54580, -290523, -59560, 194828, 101330, -72563, -72413, -20058, 7652, 51446, 46858, -27347, -56544, -17879, 17088, 42325, 43887, -18736, -85799, -50970, 78017, 139467, -13284, -214705, -88636, 260761, 187820, -284124, -241306, 302944, 235946, -324071, -195900, 341675, 151954, -349066, -108559, 338352, 50416, -292449, 24998, 191296, -102929, -38270, 164569, -131479, -200537, 262442, 214210, -311842, -211819, 278472, 187816, -197388, -126498, 107877, 23955, -31403, 96667, -21381, -195431, 43960, 239974, -37159, -220215, 13502, 146587, 7755, -42472, -11665, -61737, -5481, 136892, 35469, -165618, -61972, 146181, 69156, -90331, -51812, 20534, 16000, 37003, 28225, -65323, -70594, 64731, 100153, -47705, -108137, 28476, 93994, -16671, -65690, 14229, 37295, -16958, -22396, 19186, 25005, -15690, -37197, 1665, 47200, 24143, -48043, -55470, 38057, 80809, -19379, -88766, -3333, 74395, 23826, -43317, -34989, 9262, 31409, 14445, -13914, -21516, -8921, 12335, 25940, 8235, -30090, -31024, 20071, 45278, 363, -44729, -22537, 30616, 35698, -9017, -33616, -12843, 18448, 28526, 2428, -34877, -20795, 33720, 30739, -30439, -30352, 30511, 21941, -36590, -10604, 47638, 1873, -59873, 615, 68469, 3391, -69462, -10913, 61475, 17424, -46615, -18766, 29565, 12704, -14931, -251, 5056, -14051, 230, 24064, -2606, -25304, 4235, 17267, -6506, -4049, 9707, -7756, -13603, 13269, 17235, -11886, -18202, 6023, 13728, 1489, -3139, -8177, -11251, 12144, 25247, -12070, -35087, 8113, 39331, -2905, -38572, 538, 33811, -3250, -25828, 9339, 15981, -14922, -6286, 16847, -1150, -14318, 5228, 8607, -6489, -1521, 6247, -5880, -4763, 13423, 568, -21023, 8007, 28372, -20997, -35292, 35160, 42869, -45444, -52794, 48663, 64711, -44924, -75275, 35737, 80829, -22386, -80320, 6742, 75079, 8499, -67310, -19912, 58488, 24980, -48872, -24143, 38625, 20459, -28631, -16729, 19798, 13762, -12281, -11531, 6068, 10387, -1703, -11189, -22, 14810, -966, -21433, 3368, 30090, -4921, -38787, 3675, 44905, 849, -45625, -7706, 38522, 15749, -22230, -24168, -2474, 33483, 32200, -46145, -62054, 65493, 88371, -92849, -110558, 125028, 130055, -154493, -147644, 171034, 161590, -164280, -168080, 128410, 162963, -66912, -142794, -7231, 106003, 76933, -55389, -127464, -252, 150306, 48039, -145015, -76476, 118861, 80655, -84407, -63702, 54993, 34479, -39305, -4121, 37969, -17316, -44180, 24211, 48119, -17076, -42194, 1430, 25008, 14820, -1437, -24414, -20865, 23936, 35294, -15650, -38171, 6055, 29403, -1747, -12838, 5952, -4994, -16986, 17386, 29742, -20519, -38813, 15475, 40877, -7230, -35336, 1142, 24345, 37, -12314, 3495, 3981, -9463
1791219433.483, MrmFullScanInfo, 521, 107, 2042856, 0, 0, 0, 0, 10000, 39297, 32, 4, 2, 1, 480, 0, 0, 0, 0, 0, 0, 283, -54, -466, -145, 450, 386, -369, -308, 465, -121, -937, 720, 1249, -1083, -831, 887, -40, -293, 582, -217, 361, 161, -3413, 697, 6857, -1844, -7762, 2107, 5472, -1127, -1865, -307, -1598, 1529, 4091, -2226, -4691, 2174, 3473, -958, -1840, -1979, 1305, 5694, -2060, -7520, 2464, 6020, -611, -3064, -2646, 1375, 4439, -1240, -3398, 2485, 698, -7075, 2577, 17290, -5305, -32020, 6325, 45086, -6119, -47685, 5813, 35948, -5093, -15981, 2872, -4094, 832, 20222, -5591, -28739, 9177, 25956, -7744, -14763, 1478, 4128, 4568, 597, -6165, 313, 3371, -4107, 643, 7378, -1923, -7950, -1586, 6479, 7897, -4538, -13021, 1954, 14937, 2235, -13799, -7510, 9940, 11682, -4091, -12357, -2236, 8589, 7291, -1739, -9348, -5555, 7375, 10822, -2068, -12352, -4190, 9899, 8831, -5015, -10235, 180, 8175, 2827, -3860, -3246, -764, 1058, 4031, 3244, -5172, -8505, 4333, 13219, -2135, -16524, -653, 19052, 4224, -21759, -10378, 25473, 21947, -32089, -41391, 46133, 69954, -74636, -106638, 125624, 145006, -204773, -170636, 307542, 180094, -407576, -187780, 472932, 202204, -490563, -203056, 464266, 159836, -395608, -71317, 278330, -34529, -116853, 123396, -66331, -177132, 227537, 201935, -324154, -216731, 346827, 228705, -319815, -226058, 268347, 199724, -198302, -160397, 114575, 129931, -32121, -122704, -32301, 137667, 73080, -163689, -98278, 188810, 120970, -205124, -148693, 209066, 178307, -199185, -198500, 174215, 197879, -130410, -173828, 68995, 134046, -5217, -88968, -38732, 46168, 52735, -12298, -46516, -5853, 37203, 6039, -37314, 6259, 48264, -16822, -62581, 10454, 71147, 16035, -67193, -49946, 46599, 73460, -9997, -76417, -33967, 58335, 71148, -25934, -86649, -10359, 72790, 39526, -35727, -52281, -6890, 44265, 36968, -19446, -45480, -10861, 32959, 33914, -6708, -41749, -21432, 32809, 39648, -11486, -42178, -12653, 31292, 28653, -13635, -30773, -4056, 21738, 16514, -8981, -21174, -419, 18959, 3309, -13709, -877, 9966, -3480, -10125, 6429, 13148, -5761, -15931, 887, 15697, 6600, -11529, -13383, 4584, 16016, 2529, -12511, -6947, 3131, 7148, 9661, -3998, -21838, 324, 29288, 929, -29713, 1713, 23758, -7005, -15262, 11894, 9255, -13775, -8224, 11396, 10445, -4247, -12256, -7227, 11262, 20466, -7020, -31313, 664, 35684, 6162, -32089, -11633, 23128, 13363, -13699, -9215, 7445, -330, -5136, 11372, 5805, -19008, -7842, 20269, 9430, -15383, -8976, 7261, 5769, 218, -526, -4315, -4581, 4712, 6764, -2956, -3959, 1041, -3999, -375, 14200, 2434, -22123, -8427, 25209, 17172, -24140, -24544, 20742, 26553, -16070, -22539, 11069, 14710, -6872, -6235, 4357, -280, -3536, 3728, 3362, -4643, -2148, 4591, -1410, -5060, 7458, 6753, -14982, -9504, 22459, 12390, -28334, -14334, 31475, 14721, -31506, -13583, 28680, 11454, -23533, -9234, 16795, 7810, -9398, -7618, 2240, 8777, 3825, -10288, -7845, 10692, 8923, -10052, -6180, 10676, -830, -14909, 10940, 23043, -20674, -34013, 25443, 46210, -21554, -56846, 8034, 62237, 12563, -59546, -34638, 48130, 51616, -29355, -58896, 6228, 55612, 16558, -44509, -33819, 29805, 41918, -15312, -40605, 4184, 33040, 1033, -23938, 435, 17293, -6511, -15097, 13318, 17268, -17159, -21854, 15795, 26005, -9394, -27272, 789, 24343, 6024, -17319, -8398, 7950, 6421, 653, -2219, -5428, -1284, 4853, 1911, 233, 844, -7152, -6022, 12970, 12057, -15837, -17285, 15259, 20286, -11601, -20358, 5748, 17819, 1281
1791219433.483, MrmDetectionListInfo, 521, 249, 67, 7890, 152, 34019, 153, 43154, 154, 54855, 155, 65535, 156, 65535, 157, 65535, 158, 65535, 159, 65535, 160, 65535, 161, 65535, 162, 65535, 163, 65535, 164, 65535, 165, 65535, 166, 65535, 167, 65535, 168, 65535, 169, 65535, 170, 65535, 171, 65535, 172, 65535, 173, 65535, 174, 65535, 175, 65535, 176, 65535, 177, 65535, 178, 65535, 179, 65535, 180, 65535, 181, 65535, 182, 65535, 183, 65535, 184, 65535, 185, 65535, 186, 65535, 187, 65535, 188, 65535, 189, 65535, 190, 65535, 191, 65535, 192, 65535, 193, 65535, 194, 65535, 195, 65535, 196, 65535, 197, 65535, 198, 65535, 199, 65535, 200, 65535, 201, 65535, 202, 65535, 203, 65535, 204, 65535, 205, 65535, 206, 65535, 207, 65535, 208, 65535, 209, 65535, 210, 65535, 211, 65535, 212, 65535, 213, 65535, 214, 65535, 215, 56206, 216, 46082, 217, 46169, 218, 47376, 219, 41930, 220, 31363, 221, 22911, 222, 20445, 223, 21590, 224, 22573, 225, 22912, 226, 24921, 227, 30044, 228, 36440, 229, 40636, 230, 41530, 231, 41605, 232, 44005, 233, 49209, 234, 54316, 235, 55367, 236, 51162, 237, 45573, 238, 44629, 239, 49891, 240, 56468, 241, 58469, 242, 54831, 243, 49220, 244, 45748, 245, 45438, 246, 45518, 247, 42241, 248, 35306, 249, 29102, 250, 28283, 251, 31783, 252, 33697, 253, 30757, 254, 25981, 255, 23962, 256, 24988, 257, 26305, 258, 27202, 259, 28990, 260, 31202, 261, 31330, 262, 28484, 263, 25071, 264, 23874, 265, 24786, 266, 25165, 267, 22892, 268, 18615, 269, 14990, 270, 13960, 271, 14754, 272, 14854, 273, 12971, 274, 10337, 275, 8870, 276, 8705, 277, 8314, 284, 10167, 285, 9471, 286, 8910, 287, 9097, 288, 10037, 289, 10932, 290, 10948, 291, 10079, 292, 9030, 300, 12751, 301, 14223, 302, 14946, 303, 15354, 304, 15346, 305, 14700, 306, 13679, 307, 12789, 308, 12196, 309, 11722, 310, 11228, 312, 10401, 313, 9914, 314, 9109, 315, 8316, 316, 8408, 317, 9984, 318, 12717, 319, 15540, 320, 17396, 321, 18017, 322, 18152, 323, 18818, 324, 20039, 325, 20708, 326, 19848, 327, 17576, 328, 14685, 329, 11704, 331, 5609, 334, 7906, 335, 11869, 336, 14205, 337, 14606, 338, 14072, 339, 13258, 340, 11923, 341, 9678, 342, 6695, 356, 11667, 357, 14745, 358, 17292, 359, 19547, 360, 21569, 361, 23077, 362, 23721, 363, 23345, 364, 22016, 365, 19891, 366, 17151, 367, 14016, 368, 10762, 380, 4852, 381, 7190, 382, 9856, 383, 12481, 384, 14993, 385, 17418, 386, 19651, 387, 21465, 388, 22677, 389, 23248, 390, 23228, 391, 22674, 392, 21622, 393, 20130, 394, 18293, 395, 16231, 396, 14062, 397, 11887, 398, 9793, 399, 7855, 400, 6217, 405, 9621, 407, 9556, 413, 15449, 414, 21343, 415, 26486, 416, 30403, 417, 33454, 418, 35751, 419, 36796, 420, 36253, 421, 35041, 422, 35074, 423, 37504, 424, 41591, 425, 45270, 426, 46666, 427, 45236, 428, 41591, 429, 36811, 430, 32604, 431, 31035, 432, 32569, 433, 35140, 434, 36077, 435, 34423, 436, 31082, 437, 27300, 438, 23562, 439, 19877, 440, 16450, 447, 15217, 449, 18657, 450, 19644, 471, 9075, 472, 12376, 473, 14412, 474, 15663, 475, 16629, 476, 17198, 477, 16970
1791219433.592, MrmFullScanInfo, 522, 107, 2042981, 0, 0, 0, 0, 10000, 39297, 32, 1, 2, 1, 480, -419092, 491118, 420548, -480115, -451068, 446612, 504061, -368934, -520134, 111839, 520120, 338715, -496208, -498600, 374169, 518303, -114451, -520192, -180427, 519577, 323776, -512470, -477370, 481473, 520155, 512765, -175284, -520056, -404732, 500420, 351609, -502051, -439835, 505885, 286755, -518050, -290488, 518009, 227685, -516418, -294917, 516272, 430468, -508484, -516110, 379339, 520192, 87552, -520099, -490363, 450905, 519896, -159194, -519938, -244266, 519259, 468157, -502163, -516494, 391818, 520141, -144693, -520147, -224900, 514511, 436757, -73530, -345752, -518069, 55642, 519957, 404046, -481096, -514495, -56300, 516350, 510309, -283767, -520191, -375049, 516487, 517995, -317447, -520159, 4357, 519983, 322833, -505737, -506507, 346618, 520124, 106570, -520116, -486267, 443900, 520042, 29595, -519629, -350995, 497259, 468497, -331124, -463737, 52242, 180738, 112951, 168248, -98617, -392185, -91539, 433364, 344899, -253337, -432863, -34011, 359466, 271569, -186896, -382752, -73096, 325809, 292685, -152344, -348604, -14054, 305882, 147549, -208822, -195941, 73395, 126430, 14622, -46627, -7905, 20854, -67450, -62799, 175962, 209549, -266332, -403593, 308364, 496156, -300871, -519720, 34038, 519397, -17756, -517925, 30375, 511312, -46651, -491160, 15425, 496611, 65130, -497066, -192066, 486883, 338583, -178206, -493147, 44425, 500025, 96507, -465107, -201651, 359989, 244842, -201317, -210372, 55200, 112995, 24823, 17163, -28171, -111745, -31265, 142310, 141920, -94732, -218619, -5250, 228439, 125763, -169153, -214691, 65958, 238740, 50033, -201467, -136724, 121899, 172978, -19264, -137358, -53545, 58893, 65741, 32337, -20299, -101400, -50533, 122882, 123989, -96568, -172644, 44713, 179358, 32656, -131560, -62056, 70086, 62687, -15562, -38447, -18557, 10800, 26177, 6884, -9511, -10453, -9433, -1797, 17928, 45026, -3075, -62080, -19185, 59761, 43818, -42960, -57517, 16638, 51693, 13494, -30054, -32948, 317, 36967, 31920, -9482, -40046, -7879, 29438, 20447, -7122, -23408, -13903, 12632, 28198, 3987, -31396, -16762, 20120, 22490, 8443, -16805, -20043, -5036, 22119, 30497, -14295, -48166, -555, 55788, 15631, -53496, -21121, 43076, 12613, -30587, 9026, 24196, -29893, -25262, 47922, 32304, -56228, -39280, 50953, 46194, -35165, -45875, 11951, 39580, 12755, -29320, -35585, 19255, 38169, -6585, -30440, -2912, 20328, 6770, -12118, -5312, 10891, 1840, -17815, 1068, 27463, -1115, -26133, -11141, 28580, 19696, -25988, -26877, 15385, 32444, -571, -34395, -13449, 32661, 24890, -27813, -31886, 22128, 43824, -8068, -42335, 6135, 40424, -4034, -36628, 1304, 31321, 3764, -23102, -10172, 14487, 17290, -4315, -21717, -15632, 17901, 22059, -18993, -24040, 19845, 22908, -21992, -17833, 26307, 10552, -33024, -4521, 42440, 1882, -52981, 7386, 45111, -3740, -48173, -3631, 48881, 12645, -46491, -22401, 43211, 30056, -38864, -36255, 32910, 37157, -25821, -24663, 19836, 21485, -12789, -15667, 5891, 8136, -952, -134, 381, -6655, -3677, 9655, 10008, -7599, -15267, -1628, 19891, 13228, -18019, -24054, 10397, 31027, -1815, -31811, -4420, 26116, 6675, -14398, -5582, -3050, 4177, 16190, -6659, -31002, 19092, 45484, -39662, -61871, 66031, 81183, -90894, -99299, 105061, 113761, -97881, -115626, 70197, 112248, -30944, -84993, -11212, 47790, 45586, -4681, -61837, -32963, 61167, 56765, -48227, -64050, 31773, 54036, -18066, -31040, 17450, 13457, -19708, -547, 25301, -3858, -28076, 1057, 22321, 6521, -6991, -12598, -15122, 16019, 34969, -6345, -44646, 2555, 51123, 1704, -46057, -4230, 32299, 637, -15823, 7892, 1536, -17731, 5038, 26357, -4547, -25311, -1309, 26624, 6750, -25971, -10312, 24066, 8531, -22225, -1588, 21922, -8670, -23627, 17364, 25405, -22964
1791219433.592, MrmFullScanInfo, 522, 107, 2042981, 0, 0, 0, 0, 10000, 39297, 32, 2, 2, 1, 480, 0, 0, 0, 0, 0, 0, 168064, -228522, -311737, 479228, 361262, -535397, -380084, 348080, 435863, -30661, -509285, -256270, 508794, 432156, -372378, -522368, 134014, 580114, 111520, -567826, -282230, 392411, 330853, -47964, -250290, -336634, 82455, 609900, 84833, -723633, -178717, 713277, 189868, -645836, -153529, 579268, 124584, -546708, -141706, 549094, 207398, -536190, -298464, 423729, 399535, -182689, -489970, -110649, 504923, 351721, -374524, -508115, 116728, 602038, 158305, -630671, -350571, 552171, 449767, -345938, -485064, 67284, 428049, 175976, -225683, -284438, -92041, 219320, 376776, -17912, -459778, -226599, 289925, 386047, 36486, -356773, -357072, 140180, 543484, 148277, -528909, -390178, 322689, 543598, -21248, -585521, -256398, 473872, 449843, -212240, -540307, -106947, 495198, 374547, -299009, -540653, 19306, 590511, 214706, -508822, -301223, 309935, 215911, -71217, -11948, -92302, -210274, 102414, 350461, 26708, -347977, -202132, 204911, 315350, 14362, -300360, -215496, 159687, 322001, 42929, -306682, -220876, 194896, 311441, -47160, -299065, -71623, 211672, 124488, -105283, -117492, 40186, 89529, -53125, -87332, 142535, 136636, -273135, -225389, 379831, 320565, -402711, -401545, 339270, 464341, -247998, -502296, 187009, 508694, -160534, -492985, 135183, 478751, -77820, -468369, -27451, 434353, 175679, -354118, -335514, 236130, 456051, -106829, -495143, -12120, 442650, 100576, -319850, -139647, 169754, 119596, -40510, -49885, -30531, -39506, 28003, 109916, 35560, -130512, -123433, 89952, 191242, -1198, -207262, -103077, 163537, 184661, -75731, -215818, -24392, 189107, 101362, -119195, -129390, 37070, 101494, 23508, -31580, -41225, -51431, 14457, 115858, 41372, -139530, -101271, 118132, 140485, -65922, -144402, 7936, 113985, 33216, -63888, -47965, 14670, 40269, 16633, -21819, -23780, 6561, 12876, -5200, 3123, 19324, -11995, -40189, 7443, 55216, 8609, -56062, -27550, 41276, 39132, -15682, -36760, -10842, 20515, 27643, 2837, -29196, -22662, 17672, 29998, -637, -22591, -13440, 5175, 18664, 13818, -14010, -25522, 3015, 24512, 8150, -12039, -12636, -4946, 5888, 18626, 11118, -24288, -32023, 21294, 48957, -13062, -56277, 5818, 52454, -5357, -40312, 13874, 25722, -29091, -14701, 45640, 10752, -57350, -13914, 59394, 21501, -49930, -29672, 30480, 35282, -5964, -36639, -16197, 32926, 29464, -24255, -31913, 12776, 26849, -2495, -19914, -2946, 15961, 2424, -16589, 1536, 20258, -4065, -24652, 1583, 28032, 5790, -28515, -15475, 24141, 24982, -14647, -32508, 2059, 36799, 11074, -36953, -22976, 33161, 32383, -27125, -37987, 21032, 39010, -15858, -36044, 10810, 30540, -4612, -23939, -3177, 16483, 11561, -7548, -18941, -2487, 24297, 11307, -27500, -16148, 29093, 15864, -29965, -11027, 31353, 3393, -34522, 5351, 39088, -13657, -42869, 19181, 44501, -19425, -45092, 13918, 46341, -4732, -48101, -5444, 49058, 14571, -47936, -20776, 44027, 22680, -37225, -20557, 28236, 16305, -18523, -11587, 9736, 6625, -3238, -1198, 30, -4248, -529, 8224, 4413, -8755, -10489, 4657, 16622, 3582, -20264, -13846, 19802, 23095, -15589, -28147, 9482, 26547, -3308, -17756, -2361, 3717, 8650, 12064, -17966, -26373, 32902, 37748, -54593, -46511, 81244, 53990, -107436, -61205, 124936, 68486, -125868, -74878, 106687, 77449, -69979, -72107, 23531, 56258, 22094, -31204, -56782, 2019, 74316, 24133, -74207, -40406, 61338, 43094, -43485, -33430, 27989, 17001, -19036, -881, 16554, -9344, -16985, 11057, 15306, -4806, -7841, -5860, -5543, 15937, 21728, -21617, -36165, 22028, 44591, -18746, -44274, 14206, 35062, -10846, -19857, 10385, 3640, -12882, 8498, 17007, -13479, -21292, 11593, 24884, -6108, -27199, 1332, 27575, -488, -25861, 4606, 22750, -12404
1791219433.592, MrmFullScanInfo, 522, 107, 2042981, 0, 0, 0, 0, 10000, 39297, 32, 4, 2, 1, 480, 0, 0, 0, 0, 0, 0, 116, 463, -335, -861, 444, 1153, -458, -1430, 409, 1511, 47, -1308, -1373, 1168, 3314, -1435, -4579, 1839, 4079, -1711, -1183, 572, -3012, 1382, 5827, -2939, -5680, 2920, 3675, -1649, -1947, 367, 628, 429, 1288, -1107, -3851, 1876, 5686, -2128, -5394, 977, 3448, 1402, -1192, -3565, -706, 4245, 1983, -3368, -2323, 1799, 1798, -342, -1043, -506, 444, 745, -156, 3793, 867, -20839, -285, 46783, -5088, -61808, 12209, 50922, -12945, -23633, 5106, -82, 4424, 11203, -8821, -12082, 6245, 8372, 398, -4589, -5790, 2521, 6305, -1612, -2966, 1844, -779, -3272, 3077, 4491, -3584, -3975, 2801, 2065, -1576, -117, 413, -1217, 594, 2001, -1052, -2464, 264, 2949, 2044, -3640, -4931, 4407, 6866, -5047, -6926, 5589, 5272, -6075, -2838, 6261, 671, -6011, 404, 5571, 9, -5567, -2024, 6856, 5914, -10480, -12878, 17921, 25589, -31873, -48050, 56953, 84392, -99053, -135576, 162831, 193175, -247141, -240812, 328369, 272393, -373452, -306739, 377134, 369494, -368699, -460732, 371370, 554351, -370261, -622415, 336244, 651292, -256187, -631510, 131707, 553857, 25164, -423042, -184559, 260208, 305141, -89052, -362529, -70321, 363835, 193812, -328175, -257336, 271987, 249266, -205842, -180312, 142729, 79356, -101836, 23162, 96358, -107053, -118371, 160951, 142011, -178878, -143431, 162444, 114243, -123436, -61810, 79303, 2779, -43672, 43397, 20519, -60368, -5759, 41225, -7254, 8066, 23684, -71372, -44318, 128873, 67024, -162277, -88372, 163162, 102859, -138596, -102816, 105768, 83753, -79334, -50967, 63618, 17368, -55721, 4277, 50049, -8078, -40921, -2440, 24814, 17376, -2568, -27154, -20173, 28030, 35719, -22716, -38719, 16604, 28916, -14056, -11078, 16474, -6198, -22259, 14653, 28166, -11914, -30565, 2896, 26777, 4996, -17076, -7680, 5522, 5197, 1996, -51, -1450, -3910, -6530, 2827, 17058, 5136, -23960, -18169, 23123, 31552, -14347, -40277, 1111, 41140, 11297, -34003, -18261, 21917, 17848, -9862, -11431, 2511, 2874, -1981, 3197, 7152, -3252, -14763, -3763, 21321, 16111, -24656, -30503, 24743, 43153, -23195, -50173, 21472, 48951, -19624, -40174, 16909, 28084, -12972, -17839, 8076, 12767, -2736, -12610, -2909, 14368, 9169, -15032, -15898, 13490, 21929, -10155, -25829, 5968, 27073, -2217, -26167, 143, 24176, 378, -22087, -801, 20553, 2370, -19464, -5113, 17664, 8646, -13610, -13008, 6619, 17827, 2624, -21786, -12469, 22196, 20846, -16647, -26086, 5879, 27323, 5951, -24397, -14693, 18011, 19432, -9956, -21614, 2789, 23108, 1340, -23742, -3296, 22039, 6597, -18307, -12955, 14871, 19821, -12869, -23566, 10942, 23492, -7744, -21148, 3371, 18483, 987, -16428, -4113, 14838, 5610, -13473, -5834, 12571, 5325, -12174, -4605, 11475, 4353, -9420, -5219, 5726, 7341, -997, -10169, -3812, 12872, 7896, -14794, -10756, 15719, 12363, -15634, -13204, 14434, 14030, -11763, -15481, 6496, 17741, 2843, -20826, -16649, 24760, 33548, -29316, -51503, 33676, 69134, -36263, -85155, 35306, 97489, -29380, -102577, 17080, 97171, 2346, -81068, -26773, 57146, 50641, -29049, -67825, 125, 74766, 25502, -70951, -43076, 58519, 49467, -41425, -44879, 24737, 32478, -13369, -16707, 10061, 2206, -13960, 7114, 20975, -9616, -26208, 6728, 26373, -1465, -21178, -3084, 13276, 4372, -6348, -1298, 2884, -4446, -3307, 8802, 6360, -8344, -9800, 2615, 11356, 5839, -9614, -13047, 4826, 15458, 1034, -11234, -5413, 1052, 6941, 11679, -6140, -22064, 4534, 26148, -3482
1791219433.592, MrmDetectionListInfo, 522, 281, 139, 50381, 140, 65535, 141, 65535, 142, 65535, 143, 65535, 144, 65535, 145, 65535, 146, 65535, 147, 65535, 148, 65535, 149, 65535, 150, 65535, 151, 65535, 152, 65535, 153, 65535, 154, 65535, 155, 65535, 156, 65535, 157, 65535, 158, 65535, 159, 65535, 160, 65535, 161, 65535, 162, 65535, 163, 65535, 164, 65535, 165, 65535, 166, 65535, 167, 65535, 168, 65535, 169, 65535, 170, 65535, 171, 65535, 172, 65535, 173, 65535, 174, 65535, 175, 65535, 176, 65535, 177, 65535, 178, 65535, 179, 65535, 180, 65535, 181, 65535, 182, 65535, 183, 65535, 184, 65535, 185, 61353, 186, 65535, 187, 65535, 188, 65535, 189, 65535, 190, 65535, 191, 65535, 192, 65535, 193, 65535, 194, 65535, 195, 65535, 196, 65535, 197, 48158, 198, 30851, 199, 25897, 200, 32004, 201, 39379, 202, 38735, 203, 29869, 204, 19429, 206, 16611, 207, 31055, 208, 55123, 209, 65535, 210, 65535, 211, 65535, 212, 65535, 213, 65535, 214, 65535, 215, 65535, 216, 65535, 217, 65535, 218, 65535, 219, 65535, 220, 65535, 221, 56627, 222, 44925, 223, 35791, 224, 29980, 225, 27353, 226, 26652, 227, 25761, 228, 22905, 229, 18504, 230, 14933, 231, 13763, 232, 15013, 233, 18669, 234, 24245, 235, 29543, 236, 32024, 237, 31078, 238, 28037, 239, 24351, 240, 20443, 241, 16319, 242, 12760, 245, 16508, 246, 20339, 247, 22114, 248, 21135, 249, 18404, 250, 15596, 251, 13789, 252, 12745, 263, 11085, 264, 14325, 265, 18227, 266, 22116, 267, 24920, 268, 25956, 269, 25279, 270, 23543, 271, 22042, 272, 22172, 273, 23790, 274, 24835, 275, 23425, 276, 19682, 277, 15127, 278, 10940, 285, 8108, 286, 9925, 287, 12257, 288, 15937, 289, 20737, 290, 25497, 291, 29264, 292, 31985, 293, 34068, 294, 35620, 295, 36326, 296, 35852, 297, 34175, 298, 31521, 299, 28166, 300, 24361, 301, 20383, 302, 16559, 303, 13193, 304, 10473, 308, 8468, 309, 10403, 310, 12578, 311, 14429, 312, 15715, 313, 16526, 314, 17006, 315, 17151, 316, 16874, 317, 16186, 318, 15232, 319, 14208, 320, 13262, 321, 12484, 322, 11920, 323, 11544, 324, 11265, 325, 11057, 326, 11008, 327, 11206, 328, 11600, 329, 12017, 330, 12279, 331, 12294, 332, 12040, 333, 11572, 334, 11099, 335, 11062, 336, 12069, 337, 14480, 338, 17701, 339, 20268, 340, 21048, 341, 20073, 342, 18196, 343, 16445, 344, 15644, 345, 16039, 346, 17149, 347, 18036, 348, 17893, 349, 16636, 350, 14878, 351, 13338, 352, 12410, 353, 12162, 354, 12442, 355, 12947, 356, 13364, 357, 13558, 358, 13684, 359, 14061, 360, 14867, 361, 15962, 362, 17005, 363, 17660, 364, 17742, 365, 17214, 366, 16137, 367, 14629, 368, 12875, 371, 9083, 373, 9687, 374, 10106, 375, 10037, 376, 9614, 377, 9195, 378, 8944, 379, 8762, 380, 8509, 381, 8158, 382, 7759, 383, 7336, 384, 6863, 385, 6327, 386, 5756, 390, 7871, 391, 9922, 392, 11567, 393, 12603, 394, 13263, 395, 13783, 396, 14167, 397, 14308, 398, 14186, 399, 13890, 400, 13491, 401, 12958, 402, 12240, 403, 11466, 405, 12103, 406, 15329, 407, 20674, 408, 26844, 409, 32626, 410, 37887, 411, 43148, 412, 48603, 413, 53842, 414, 58325, 415, 61790, 416, 64168, 417, 65281, 418, 64747, 419, 62205, 420, 57612, 421, 51691, 422, 46553, 423, 44774, 424, 46468, 425, 48487, 426, 47715, 427, 43977, 428, 39600, 429, 37923, 430, 41427, 431, 48821, 432, 55086, 433, 56220, 434, 52704, 435, 47541, 436, 42456, 437, 37006, 438, 30481, 439, 23383, 440, 16954, 446, 15819, 447, 17840, 448, 17702, 449, 16277, 450, 14439, 468, 9633, 469, 10369, 470, 9986
1791219433.717, MrmFullScanInfo, 523, 107, 2043106, 0, 0, 0, 0, 10000, 39297, 32, 1, 2, 1, 480, -419353, 491894, 418343, -480869, -453359, 447099, 503312, -373176, -519902, 117374, 520153, 335310, -496293, -495713, 374927, 517843, -115914, -520189, -170115, 519745, 321919, -512113, -475314, 482540, 520120, 513518, -174456, -520133, -400964, 500598, 358069, -501283, -435724, 505162, 285409, -518427, -293500, 518431, 225150, -518907, -286249, 517188, 426315, -508501, -515409, 378410, 520192, 90080, -520017, -493995, 442630, 519406, -155882, -519938, -238908, 520040, 467044, -504723, -515817, 394675, 519946, -147136, -520192, -231672, 515791, 372286, -106105, -255356, -513197, 38112, 520077, 399273, -487716, -513742, -47540, 516495, 508663, -278819, -520192, -367839, 514182, 518680, -300812, -520187, 2911, 520019, 320289, -505441, -506147, 350614, 520117, 102577, -520082, -485936, 446178, 519893, 31328, -519600, -361464, 496956, 467914, -334212, -464171, 55942, 171637, 109308, 186924, -96374, -415120, -95320, 447057, 344767, -283290, -432983, -8123, 360135, 249603, -183076, -370691, -91110, 323124, 327074, -156119, -409759, -8069, 407602, 134193, -369102, -270598, 294897, 233476, -269758, -159259, 291333, 107430, -299767, -94173, 254724, 173108, -139056, -316430, -26215, 405761, 179367, -316335, -355137, 232831, 345015, -115481, -229199, -5252, 75304, 51329, 56683, -5976, -118918, -81360, 95035, 162014, 1747, -118779, -125426, 52343, 167292, 46203, -150020, -126720, 76191, 141207, 38228, -84209, -124650, -20630, 145974, 136663, -98308, -179137, -27757, 180943, 137756, -122274, -198591, 26794, 187630, 72889, -120602, -135699, 28394, 136684, 55199, -86013, -97679, 7048, 90430, 61155, -37604, -90470, -27171, 66814, 79125, -8655, -95468, -50865, 70664, 92115, -16848, -103120, -32152, 67692, 60034, -24262, -62104, -10985, 45584, 26079, -20280, -23318, 6529, 9228, -6768, 6503, 15934, -10403, -28844, -10435, 44004, 29706, -40126, -45666, 22968, 57863, -1682, -58723, -17094, 48066, 30895, -31512, -34803, 15860, 28463, 1570, -18298, -2797, 12390, 236, -6761, 3999, 4939, -1474, -7847, -2557, 13346, 7856, -14325, -14387, 12298, 18213, 3297, -18446, -10701, 17695, 19725, -15110, -26558, 9907, 32337, -2609, -38909, 1590, 43579, -5546, -44691, 18215, 41684, -27223, -39217, 36672, 34447, -43117, -27663, 43969, 21942, -38189, -16487, 26714, 10195, -10383, -3269, -4152, -5172, 15470, 13380, -22158, -20785, 24493, 21689, -22375, -17003, 17962, 8317, -13354, 2118, 9893, -10761, -3785, 15179, 4032, -13143, -4557, 7919, 5027, 742, -2603, -9986, -1585, 14259, 7841, -13784, -13748, 10083, 19777, -2029, -17021, -1078, 12535, 2287, -5522, 1228, -1433, -5709, 9443, 10144, -13862, -14760, 16672, 15475, -10793, -11866, 11142, 3052, -11521, 7677, 11062, -19757, -8028, 30622, 2046, -39131, 4882, 47024, -12363, -53332, 18602, 61044, -19101, -65743, 14237, 67886, -3758, -66367, -7468, 60785, 20684, -51618, -31862, 41477, 39672, -30835, -34242, 18718, 34091, -13351, -31078, 10766, 26525, -10127, -22887, 10443, 20166, -10110, -19008, 9565, 19840, -7626, -26747, 5519, 29812, 332, -30953, -7227, 31802, 12310, -29837, -16255, 23275, 17214, -13056, -15195, -2183, 11193, 21471, -4792, -39462, 1109, 56441, 2208, -73790, -4633, 89310, 9750, -98424, -16728, 98468, 27917, -86905, -41635, 64203, 56600, -37620, -64333, 7352, 63617, 20578, -54205, -40252, 37885, 48862, -19195, -45535, 4023, 35208, 4694, -25466, 103, 16866, -3957, -12219, 9837, 11651, -11238, -13489, 5812, 14332, 6050, -11415, -19069, 5668, 28251, 699, -32297, -6909, 31770, 12670, -25022, -11849, 15133, 6926, -5154, 3831, -2299, -15524, 6764, 23356, -9094, -18922, 5601, 18906, -9475, -17637, 14853, 15034, -21785, -14897, 27269, 16161, -30005, -19001, 29262, 19164, -25058
1791219433.717, MrmFullScanInfo, 523, 107, 2043106, 0, 0, 0, 0, 10000, 39297, 32, 2, 2, 1, 480, 0, 0, 0, 0, 0, 0, 168045, -228968, -311633, 480753, 360796, -538339, -378948, 352005, 434267, -34509, -507919, -253432, 508895, 430442, -374939, -521071, 138563, 578633, 106897, -566376, -279230, 391547, 329889, -47873, -250573, -336203, 82849, 609351, 84739, -723218, -178713, 713010, 189720, -645889, -152749, 579757, 122071, -547093, -137279, 548611, 202741, -534715, -295584, 421711, 398520, -180535, -489156, -112808, 503309, 353721, -373020, -509618, 116712, 602993, 156834, -631553, -348624, 553015, 448329, -349848, -485686, 85021, 429819, 135553, -223478, -230304, -101575, 175021, 389749, 1221, -468858, -224424, 292052, 376003, 38864, -349546, -358457, 138549, 539752, 147486, -521112, -390460, 315655, 545278, -18487, -587459, -255342, 475546, 447446, -213693, -538540, -105753, 493988, 373879, -297070, -541092, 16357, 592510, 216699, -511934, -299037, 312630, 207031, -71645, 3563, -95050, -230103, 107822, 372472, 19698, -371220, -194062, 227917, 305681, -4833, -286972, -204641, 138546, 323069, 78226, -321650, -279994, 220141, 408305, -70771, -451220, -62251, 432051, 129262, -385154, -120990, 335500, 75011, -288551, -51854, 235563, 97338, -167586, -205296, 78130, 319849, 32249, -380233, -141602, 358346, 208307, -262676, -201849, 129714, 129388, -13954, -27494, -37914, -59264, 17576, 94781, 41414, -65221, -90037, -12014, 94534, 95286, -51154, -141047, -17166, 125636, 73867, -54513, -87711, -40459, 49359, 114161, 25266, -129444, -105480, 77371, 160213, 16747, -167658, -108786, 121786, 161203, -38002, -158320, -50877, 107802, 109432, -33193, -116921, -36141, 76361, 75477, -11414, -73288, -45920, 34889, 70830, 20265, -56136, -66768, 12469, 84706, 38835, -68916, -75516, 29771, 84097, 14202, -65663, -45768, 33242, 56137, -2772, -47632, -14547, 30487, 15906, -16023, -7186, 11547, -1168, -18281, 1283, 30964, 8258, -40474, -23957, 39795, 40390, -28198, -51780, 10129, 54089, 8067, -46581, -20948, 32171, 26047, -16357, -24166, 4738, 17993, 326, -10828, -756, 6017, 80, -5657, -672, 9135, 3124, -12899, -7102, 12908, 12016, -7598, -16985, -1421, 20735, 11339, -21934, -20544, 20346, 28748, -17671, -35704, 17076, 40073, -20851, -40159, 28567, 35674, -37665, -28095, 45278, 19558, -49281, -11856, 48282, 6181, -41653, -2896, 29843, 1418, -14580, -469, -1427, -1319, 15426, 4454, -25397, -7924, 30196, 9752, -29583, -8334, 24441, 3521, -16491, 3283, 7898, -9638, -962, 13235, -2504, -12920, 2244, 8808, 159, -1959, -2328, -5759, 2303, 12117, 801, -15306, -6263, 14792, 11841, -11430, -14838, 7051, 13604, -3595, -8190, 2162, -10, -2773, 8880, 4641, -15946, -6625, 19337, 7390, -18844, -5497, 15760, -53, -11397, 9039, 5936, -19721, 992, 29770, -9373, -37546, 18505, 42931, -27152, -46946, 33730, 50739, -36485, -54767, 34171, 58562, -26671, -61023, 15040, 61021, -1127, -58029, -12279, 52024, 22278, -43412, -27572, 33599, 28824, -24890, -27339, 19048, 24088, -16143, -20131, 15114, 16739, -14727, -15290, 14305, 16700, -13619, -20593, 12232, 25466, -9436, -29722, 5044, 32222, 179, -31848, -5099, 27379, 8936, -17863, -11498, 3275, 13202, 15048, -14744, -34815, 16653, 53947, -18859, -71125, 20518, 85208, -20057, -94502, 15496, 96915, -5149, -91044, -11072, 77063, 30566, -56529, -48545, 31822, 60121, -6080, -62332, -16726, 55033, 32729, -40795, -39782, 24446, 38365, -11322, -31032, 4752, 21288, -4525, -12597, 7542, 7450, -9704, -6483, 7649, 8456, -298, -11096, -10648, 12278, 21780, -10794, -29725, 6817, 32358, -1896, -29084, -1596, 20794, 1595, -9561, 2472, -2031, -8754, 11280, 14084, -16308, -16514, 17540, 16195, -17681, -14100, 19437, 11057, -23377, -8134, 28190, 6430, -31875
1791219433.717, MrmFullScanInfo, 523, 107, 2043106, 0, 0, 0, 0, 10000, 39297, 32, 4, 2, 1, 480, 0, 0, 0, 0, 0, 0, -1, -250, 18, 1178, -330, -2492, 981, 3352, -1460, -3201, 1444, 2232, -537, -1150, -1157, 651, 2685, -720, -2988, 778, 2462, -644, -1915, 598, 1583, -624, -1361, 483, 1011, -172, -651, -98, 221, 15, 980, 204, -3655, 198, 6357, -1242, -6591, 1989, 4116, -1859, -1338, 1275, 387, -909, -832, 893, 829, -901, 331, 924, -1609, -1275, 2060, 1668, -1688, -3657, 129, 11707, 1160, -24905, 651, 32748, -5086, -26427, 8139, 10792, -7188, 2403, 3776, -6915, -717, 4316, 464, -11, -3031, -1652, 5348, 470, -4763, 970, 1933, -1191, 551, 603, -1207, -108, 425, 106, 64, -265, 780, -177, -2006, 1368, 1420, -2408, 2453, 2069, -9234, 220, 16512, -3690, -21707, 6886, 24423, -9090, -25544, 10703, 24714, -12715, -20196, 16546, 11316, -24055, 799, 37790, -14462, -61389, 24037, 99530, -21063, -156259, 4262, 227557, 14834, -292835, -22523, 318579, 19105, -275773, -18721, 159053, 38057, 5663, -76481, -169157, 108832, 284152, -102659, -328190, 44238, 306168, 51192, -235974, -150925, 134486, 221478, -16190, -246066, -101962, 222761, 198864, -160481, -258667, 83300, 278594, -26192, -266088, 11624, 232382, -30233, -187849, 54189, 141072, -59446, -98076, 40755, 60205, -9374, -24739, -21179, -9371, 45849, 36334, -66343, -47085, 84083, 38206, -98532, -16100, 109104, -6398, -116716, 17583, 121374, -12749, -118951, -4791, 103142, 26569, -72017, -42602, 31984, 45251, 5132, -32442, -27688, 8849, 29036, 15618, -10797, -30148, -17140, 28495, 41157, -12358, -50678, -9756, 43005, 27455, -23405, -33479, 1774, 26531, 12067, -11803, -12948, -1946, 2703, 7555, 11249, -3224, -20501, -7473, 20693, 18422, -13113, -23818, 3040, 20770, 3413, -11112, -2384, 579, -5678, 4830, 15976, -2435, -21764, -6097, 18220, 16501, -5064, -24119, -13420, 25795, 29757, -19843, -37184, 7079, 34087, 7360, -24239, -15887, 12944, 14405, -3890, -5829, -823, -3080, 644, 6588, 3170, -3164, -7659, -4498, 9389, 11869, -6426, -15089, -452, 12286, 8371, -3926, -14131, -7363, 15792, 18011, -13227, -25230, 8334, 27844, -4501, -25860, 4627, 20079, -8861, -12233, 14266, 4796, -16784, 132, 13621, -1828, -4798, 1743, -7029, -2540, 18282, 5763, -25721, -10535, 26958, 14727, -21227, -16918, 10273, 16879, 2152, -15187, -12292, 12459, 18374, -9314, -21004, 6857, 21869, -6093, -22252, 6677, 22772, -6727, -23613, 4322, 24539, 1115, -24265, -8334, 21120, 14939, -14879, -18551, 7477, 17862, -1419, -13253, -2150, 6691, 3420, -831, -3283, -2179, 2918, 2144, -3484, -746, 5800, -149, -9676, -45, 13807, 864, -16505, -1701, 16630, 2040, -13874, -1698, 8622, 850, -1893, 16, -4846, -104, 10142, -1388, -13348, 4637, 14999, -8717, -16150, 11980, 17446, -12830, -18795, 10600, 19424, -5819, -18122, -143, 14124, 5627, -8006, -9149, 1647, 10024, 2886, -8598, -4264, 5634, 2502, -1479, 970, -4486, -4084, 13966, 5307, -29027, -4394, 50647, 2494, -77233, -1764, 104155, 4375, -124503, -11557, 131380, 22524, -120839, -33932, 93575, 40940, -54783, -39597, 12676, 29094, 24006, -12124, -48707, -5908, 58897, 18735, -55986, -21967, 44427, 15342, -30403, -2582, 19722, -10859, -15334, 20160, 16285, -22412, -18948, 17257, 19272, -7042, -15110, -4081, 7074, 12306, 2266, -15893, -9769, 15383, 13031, -12468, -11329, 9033, 6214, -6601, -903, 6201, -1582, -8099, -30, 11282, 5259, -13911, -12596, 14596, 19888, -13119, -24648, 10181, 25097, -6982, -20995
1791219433.717, MrmDetectionListInfo, 523, 244, 130, 44611, 131, 55652, 132, 65535, 133, 65535, 134, 65535, 135, 65535, 136, 65535, 137, 65535, 138, 65535, 139, 65535, 140, 65535, 141, 65535, 142, 65535, 143, 65535, 144, 65535, 145, 54525, 146, 43885, 147, 65535, 148, 65535, 149, 65535, 150, 65535, 151, 65535, 152, 65535, 153, 65535, 154, 65535, 155, 65535, 156, 65535, 157, 65535, 158, 65535, 159, 65535, 160, 65535, 161, 65535, 162, 65535, 163, 65535, 164, 65535, 165, 65535, 166, 65535, 167, 65535, 168, 65535, 169, 65535, 170, 65535, 171, 65535, 172, 65535, 173, 65535, 174, 65535, 175, 65535, 176, 65535, 177, 65535, 178, 65535, 179, 54532, 185, 36151, 186, 48703, 187, 58475, 188, 63732, 189, 65132, 190, 64365, 191, 62566, 192, 60476, 193, 59285, 194, 60359, 195, 63946, 196, 65535, 197, 65535, 198, 65535, 199, 62478, 200, 58130, 201, 56258, 202, 55653, 203, 52971, 204, 46220, 205, 36724, 206, 27708, 207, 22083, 208, 20854, 210, 21809, 215, 25322, 216, 29455, 217, 31438, 218, 31096, 219, 29724, 220, 28994, 221, 29403, 222, 29558, 223, 27296, 224, 22117, 225, 16424, 235, 13508, 236, 14614, 237, 16412, 238, 17974, 239, 17802, 240, 15622, 241, 12653, 250, 12864, 251, 13081, 252, 13276, 253, 14009, 254, 14513, 255, 14681, 256, 16001, 257, 19576, 258, 24254, 259, 27506, 260, 27653, 261, 25018, 262, 21434, 263, 18791, 264, 17706, 265, 17383, 266, 16482, 267, 14090, 268, 10320, 281, 10407, 285, 7781, 286, 8831, 287, 10020, 288, 11817, 289, 14368, 290, 16889, 291, 18324, 292, 18353, 293, 17523, 294, 16520, 295, 15604, 296, 14702, 297, 13776, 299, 12261, 300, 11681, 301, 11016, 302, 10125, 303, 8988, 311, 11967, 312, 15444, 313, 17809, 314, 19185, 315, 19797, 316, 19551, 317, 18224, 318, 15881, 319, 13049, 320, 10570, 321, 9445, 322, 10359, 323, 12747, 324, 14866, 325, 15441, 326, 14797, 327, 14089, 328, 13941, 329, 14138, 330, 14291, 331, 14364, 332, 14525, 333, 14781, 334, 14904, 335, 14674, 336, 14096, 337, 13444, 338, 13251, 339, 14017, 340, 15527, 341, 16775, 342, 16883, 343, 15840, 344, 14202, 345, 12365, 346, 10374, 347, 8338, 362, 6353, 363, 7374, 364, 8327, 365, 9065, 368, 8559, 377, 6055, 378, 7364, 379, 8493, 380, 9785, 381, 11238, 382, 12616, 383, 13747, 384, 14612, 385, 15218, 386, 15497, 387, 15335, 388, 14664, 389, 13492, 390, 11868, 391, 9961, 392, 8300, 393, 7562, 394, 7725, 395, 7841, 396, 7122, 397, 5946, 398, 5361, 399, 5698, 400, 6161, 408, 10849, 409, 14620, 410, 18623, 411, 23324, 412, 28900, 413, 35162, 414, 41819, 415, 48658, 416, 55474, 417, 61936, 418, 65535, 419, 65535, 420, 65535, 421, 65535, 422, 65535, 423, 65535, 424, 63586, 425, 55028, 426, 44552, 427, 33138, 428, 23469, 429, 19046, 430, 20719, 431, 25523, 432, 29879, 433, 32771, 434, 35330, 435, 37906, 436, 38803, 437, 36309, 438, 30772, 439, 24037, 440, 17778, 444, 16197, 445, 18730, 446, 19861, 447, 19875, 448, 19192, 449, 17699, 450, 15142, 473, 12006, 474, 14450, 475, 16173, 476, 17277, 477, 17953, 478, 18138, 479, 17646
1791219433.842, MrmFullScanInfo, 524, 107, 2043231, 0, 0, 0, 0, 10000, 39297, 32, 1, 2, 1, 480, -420074, 492028, 420316, -481325, -450536, 447098, 504203, -371574, -520053, 114633, 520157, 339225, -496882, -496915, 373904, 517574, -115988, -520192, -175330, 519597, 318536, -512640, -474322, 481915, 520192, 512287, -198116, -520147, -395805, 502281, 348990, -501870, -435582, 505472, 286810, -517630, -295071, 517568, 226506, -516552, -301220, 517277, 438399, -506004, -515859, 371619, 520192, 102111, -519983, -493372, 443016, 519152, -149009, -519942, -241823, 519327, 469482, -503238, -516259, 391575, 519963, -152736, -520176, -196216, 516735, 354642, -110074, -236804, -509754, 25261, 519861, 401707, -480801, -514760, -54458, 513928, 509266, -236158, -520192, -388608, 514135, 519192, -301019, -520186, 395, 520021, 320675, -504426, -505593, 354374, 520104, 89429, -520129, -480076, 450839, 520012, 6731, -519461, -329698, 501709, 442630, -345150, -422440, 58806, 122875, 120233, 229674, -117865, -445707, -68355, 467124, 308034, -298236, -395650, 11006, 299570, 242221, -83892, -377764, -237464, 337418, 464420, -170353, -511684, -500, 497064, 165257, -436606, -377171, 206306, 402242, 26466, -395758, -182263, 360475, 251129, -277510, -256094, 174443, 235068, -64137, -228050, -73582, 231549, 208326, -128391, -247897, 99700, 244884, -49954, -205116, 12368, 132345, -6019, -60273, 20195, 29823, -45051, -35845, 56882, 108780, 277, -112069, -84776, 79594, 165325, 4311, -212537, -120713, 216461, 234350, -153247, -295903, 42381, 286685, 85004, -164748, -166898, 60543, 185146, 48529, -146775, -119659, 69306, 143037, 5048, -116919, -45102, 53736, 41555, 9667, -3676, -38146, -52580, 21730, 94303, 28919, -96910, -94955, 61774, 147300, 131, -158573, -64546, 137595, 112981, -95852, -125497, 18663, 96600, 5811, -64624, -6563, 42538, -6589, -34503, 16319, 46873, -12677, -66408, -2551, 75978, 29431, -70246, -72902, 37926, 78573, -12121, -67219, -9456, 49341, 15573, -31016, -7663, 16059, -3640, -10085, 13101, 12962, -17117, -26557, 3100, 23933, 16320, -16129, -31297, 4196, 37253, 11099, -35481, -18228, 27578, 14581, -13583, -2422, 328, -12940, 240, 29346, -863, -38264, 888, 37321, 111, -31820, -810, 24261, 41, -14219, 5, 1238, 4778, 12231, -12041, -26232, 17550, 44644, -23014, -61011, 24373, 72285, -19481, -74633, 11421, 67086, -3524, -49126, -2303, 35376, 3745, -15427, 277, 3113, -7454, 1661, 12774, 881, -14061, -7535, 10236, 14337, 706, -17389, -13033, 15409, 29361, -6130, -34952, -5668, 34930, 13570, -29047, -15607, 18004, 12696, -7730, -5438, 1002, -3181, 555, 4016, -2638, -7212, -4026, 6167, 9964, -573, -13749, -9076, 15426, 18841, -13358, -24281, 7266, 25809, -64, -14688, -10360, 6960, 7211, 1826, 2050, -10065, -16990, 17637, 35540, -22743, -53782, 23259, 70501, -19238, -80414, -337, 79421, 6092, -73811, -12289, 65129, 17039, -54864, -21016, 45745, 25520, -38535, -31412, 33623, 37894, -30477, -33825, 24554, 38891, -20579, -41610, 17619, 40264, -14677, -36010, 14068, 29614, -16307, -23495, 19876, 19589, -21507, -25227, 22510, 25884, -14426, -26814, 1699, 26071, 12008, -20338, -21902, 9540, 24551, 6340, -18885, -23527, 5225, 34873, 15635, -44886, -28894, 54681, 39651, -65564, -48618, 78667, 56362, -90499, -64613, 94480, 74176, -85432, -81620, 62293, 82541, -31608, -78974, -4533, 65348, 38404, -40640, -62870, 12352, 72561, 11982, -69658, -26214, 60020, 26809, -45266, -19774, 40932, 3283, -41063, 9474, 43589, -14860, -44411, 8884, 38600, 4934, -24743, -19101, 6144, 27935, 8180, -28119, -22909, 26314, 31606, -19918, -29169, 14041, 17785, -12601, -1313, 16381, -13909, -23298, 26319, 29299, -26799, -28377, 26854, 28391, -23964, -26673, 20268, 21333, -17487, -15782, 16170, 9996, -15614, -4343, 11723, -2229
1791219433.842, MrmFullScanInfo, 524, 107, 2043231, 0, 0, 0, 0, 10000, 39297, 32, 2, 2, 1, 480, 0, 0, 0, 0, 0, 0, 168028, -228939, -311487, 480317, 360726, -537044, -379372, 349828, 435233, -32084, -509019, -255250, 509269, 431340, -374146, -521468, 137298, 578897, 107513, -566461, -280256, 391804, 334151, -49356, -259068, -333022, 93009, 605579, 76826, -720531, -174997, 712219, 189796, -646489, -155633, 580805, 127919, -548386, -145889, 550080, 211803, -534774, -302312, 418545, 402373, -174923, -490806, -118005, 502720, 356674, -370101, -510678, 112549, 602939, 160529, -631034, -350814, 554866, 448322, -358411, -482688, 101768, 424014, 114301, -216754, -210593, -106556, 160979, 390816, 8596, -465525, -224370, 285569, 366432, 47244, -331377, -367880, 118958, 547931, 160322, -525021, -394695, 314660, 544646, -15014, -586981, -257925, 478409, 447390, -219708, -537947, -98972, 498660, 367794, -311945, -535458, 41991, 586855, 182453, -504793, -258715, 300152, 165000, -50095, 40251, -125835, -255317, 144643, 385111, -20846, -374410, -146415, 223306, 241003, 11640, -196290, -239255, 25256, 375319, 197414, -378593, -387334, 258129, 489930, -61261, -483960, -149266, 375388, 319702, -201369, -419729, 22229, 441810, 111320, -391670, -184389, 285877, 215851, -148618, -229697, 7352, 233911, 111497, -222726, -187776, 191190, 213237, -143501, -193224, 90781, 143189, -48131, -84706, 26804, 42139, -25743, -31851, 29248, 51086, -14922, -78166, -30945, 85004, 102854, -52805, -178254, -19474, 227354, 113470, -224969, -196281, 162370, 235713, -54796, -217202, -61906, 149369, 146895, -55978, -174720, -35567, 146434, 99953, -85431, -120411, 23189, 95926, 15117, -43941, -18282, -6939, -9212, 30808, 50195, -15805, -82541, -31670, 89094, 91095, -64384, -138492, 16272, 155868, 37466, -138020, -77847, 95286, 93805, -48608, -86117, 16779, 65481, -5505, -46401, 8477, 39621, -14338, -46635, 12316, 59615, 2888, -67673, -27428, 63723, 50357, -47746, -61634, 26241, 58495, -8022, -44658, -829, 27060, -140, -13148, 6408, 7600, -11169, -9907, 8825, 15382, 1801, -18507, -16788, 16218, 30059, -9229, -36568, 1542, 33835, 2281, -22974, 230, 8447, -8691, 4588, 20080, -13058, -29817, 16370, 34173, -15354, -32174, 11666, 25056, -6731, -14655, 736, 2682, 6923, 9723, -16361, -22319, 26679, 35200, -36093, -47542, 42209, 57255, -42872, -61681, 37435, 59174, -27380, -50027, 15955, 36231, -6843, -20708, 2459, 6847, -2950, 2105, 6419, -4418, -9785, 638, 10051, 6693, -5239, -14032, -4599, 18065, 17018, -16936, -28112, 11152, 34211, -3337, -33435, -3264, 26328, 6360, -15695, -5570, 5216, 2268, 1971, 1608, -4095, -4594, 1253, 5606, 4810, -3533, -11591, -1876, 16823, 9324, -18785, -15993, 16306, 19062, -9695, -17378, 1856, 11533, 2590, -2534, -135, -8878, -9516, 21443, 24188, -32961, -40756, 40176, 56199, -40420, -68040, 33841, 74492, -23449, -74779, 12672, 69683, -3106, -61411, -5148, 52749, 12624, -45953, -19142, 41647, 23948, -38710, -27072, 35788, 29486, -32611, -31508, 29629, 32021, -27150, -29877, 25400, 25109, -24560, -19458, 24677, 15444, -25224, -14534, 24562, 16433, -20429, -19750, 11811, 22603, -224, -22454, -11052, 16827, 18613, -4876, -19961, -11869, 14456, 30551, -3981, -48620, -7803, 64841, 17667, -79236, -24440, 92057, 28975, -102205, -33339, 106681, 39485, -101882, -47972, 85715, 57375, -58873, -64432, 24784, 65213, 11229, -57204, -42987, 41255, 65095, -21736, -74519, 4553, 71919, 5326, -61587, -5620, 49388, -2336, -39797, 13648, 34238, -21597, -31467, 21016, 28790, -10908, -23823, -5040, 15600, 20821, -4618, -31533, -7171, 35322, 16410, -33019, -19376, 27005, 14157, -20328, -1835, 15580, -13695, -13714, 27404, 14091, -35524, -15486, 37220, 16758, -34239, -16880, 29121, 15066, -23902, -11215, 19451, 5932
1791219433.842, MrmFullScanInfo, 524, 107, 2043231, 0, 0, 0, 0, 10000, 39297, 32, 4, 2, 1, 480, 0, 0, 0, 0, 0, 0, -23, -102, 173, 97, -232, 217, 1, -733, 349, 1034, -511, -830, 230, 365, 125, -52, 109, -135, -855, 335, 29, -33, 3769, -1355, -8403, 3170, 10175, -3822, -7880, 2757, 3627, -850, 159, -655, -2657, 1249, 4720, -1377, -6486, 1126, 6791, 709, -5316, -4095, 3430, 6471, -1508, -5920, -1009, 3561, 3414, -1543, -4202, 348, 3173, 6, -1409, 2579, -709, -10514, 3074, 23167, -5403, -34724, 7359, 37293, -7820, -28279, 5181, 13399, 92, 1085, -5239, -13385, 8719, 21183, -9788, -20624, 7096, 12763, -1442, -4298, -3395, -141, 4577, -138, -2399, 3422, -744, -6525, 1048, 7263, 4530, -6464, -14630, 5663, 25129, -5062, -34123, 5971, 41777, -11252, -46061, 21065, 43318, -31599, -33538, 38956, 21766, -43716, -12700, 51652, 4732, -69635, 8636, 97232, -30017, -122808, 52302, 134098, -62448, -131542, 47513, 120900, 807, -94455, -84472, 33173, 194665, 68565, -304645, -189120, 369180, 295244, -339043, -365752, 192138, 400132, 40468, -394756, -285115, 337249, 468682, -234448, -549888, 126659, 522861, -57023, -414797, 35232, 280676, -43776, -181451, 55415, 148510, -41968, -167415, -18488, 196149, 127847, -194869, -258767, 142705, 365271, -41368, -405560, -83674, 359845, 191534, -238471, -241722, 79782, 214098, 63214, -120880, -144576, 1485, 145918, 96421, -83205, -138019, -4519, 113448, 73878, -39418, -94948, -49128, 61470, 112978, 9370, -124146, -85683, 77663, 134152, 6799, -133374, -94910, 82862, 153706, -2696, -164928, -76223, 129188, 125857, -64382, -132749, -1017, 102239, 40643, -53977, -43833, 11819, 20096, 7381, 9958, -150, -27204, -23905, 22340, 46989, 1423, -52904, -31053, 36847, 50570, -7685, -49659, -18919, 29264, 30520, 222, -23095, -25213, 1661, 34705, 22563, -25295, -37473, 3388, 35583, 18412, -17436, -29146, -8708, 25601, 31373, -12062, -41367, -3022, 35567, 11167, -18146, -7388, -1778, -7816, 15193, 28695, -17541, -46944, 9593, 55906, 4735, -53622, -20512, 43066, 33654, -30018, -42117, 19844, 46149, -14630, -47676, 12666, 49008, -10422, -51241, 5219, 53436, 3621, -53370, -14763, 49167, 25977, -40558, -34828, 29106, 38990, -17200, -37310, 7089, 31155, -623, -24090, -1088, 19567, -1369, -19237, 5485, 22216, -7265, -25819, 3179, 27399, 7276, -25566, -20907, 20181, 32967, -12048, -39903, 2841, 40354, 5485, -35219, -11897, 26693, 16428, -17662, -19144, 11191, 19563, -9340, -17640, 12050, 14776, -17065, -12629, 21363, 11806, -22301, -11254, 18245, 9202, -9307, -4676, -1981, -1939, 11461, 9625, -15629, -17255, 13409, 23355, -5916, -26255, -4341, 23952, 14427, -15486, -21732, 2982, 24227, 8762, -20863, -15579, 12560, 16555, -2334, -13212, -6088, 8079, 9976, -3550, -8623, 1279, 3392, -1946, 3296, 5254, -9255, -9955, 13300, 14205, -15263, -16285, 15716, 15302, -15394, -11632, 14772, 6570, -13809, -1431, 11899, -2929, -8195, 6116, 2477, -8148, 4259, 9661, -10066, -11416, 12669, 13392, -9936, -14702, 591, 14684, 14870, -13612, -34215, 12311, 54646, -11551, -73627, 11729, 88690, -12377, -97221, 11827, 96764, -7983, -86175, -53, 66721, 10956, -41641, -21786, 14818, 29779, 9977, -33531, -29089, 33414, 39505, -30880, -40401, 27906, 33606, -26567, -22368, 28067, 10021, -31561, 359, 34304, -6260, -33315, 7023, 26866, -4157, -15550, 511, 1970, 1379, 10785, -761, -20263, -998, 24738, 1531, -23285, 1070, 16629, -7350, -7029, 16206, -2879, -24771, 10877, 29973, -15345, -31036, 15950, 29923, -14085, -29056, 11779, 29236, -10031, -29861, 8369, 29725
1791219433.842, MrmDetectionListInfo, 524, 314, 113, 35188, 114, 35336, 124, 60862, 125, 65535, 126, 65535, 127, 65535, 128, 65535, 129, 65535, 130, 65535, 131, 65535, 132, 65535, 133, 59348, 134, 59916, 135, 65535, 136, 65535, 137, 65535, 138, 65535, 139, 65535, 140, 65535, 141, 65535, 142, 65535, 143, 65535, 144, 65535, 145, 65535, 146, 65535, 147, 65535, 148, 65535, 149, 65535, 150, 65535, 151, 65535, 152, 65535, 153, 65535, 154, 65535, 155, 65535, 156, 65535, 157, 65535, 158, 65535, 159, 65535, 160, 65535, 161, 65535, 162, 65535, 163, 65535, 164, 65535, 165, 65535, 166, 65535, 167, 65535, 168, 65535, 169, 65535, 170, 65535, 171, 65535, 172, 65535, 173, 65535, 174, 65535, 175, 65535, 176, 65535, 177, 65535, 178, 65535, 179, 65535, 180, 65535, 181, 65535, 182, 65535, 183, 65535, 184, 65535, 185, 65535, 186, 65535, 187, 65535, 188, 65535, 189, 65535, 190, 65535, 191, 61125, 192, 64298, 193, 65535, 194, 65535, 195, 65535, 196, 65535, 197, 65535, 198, 65535, 199, 65535, 200, 65535, 201, 65535, 202, 65535, 203, 65535, 204, 65535, 205, 65535, 206, 65535, 207, 65535, 208, 65535, 209, 65535, 210, 65535, 211, 65535, 212, 65535, 213, 65535, 214, 65535, 215, 57213, 216, 53230, 217, 54402, 218, 50411, 219, 37078, 220, 20137, 225, 18468, 226, 25566, 227, 30697, 228, 31348, 229, 29822, 230, 31233, 231, 36519, 232, 40417, 233, 38061, 234, 31393, 235, 26697, 236, 26480, 237, 26739, 238, 22920, 239, 16498, 240, 13305, 241, 15653, 242, 20261, 243, 23963, 244, 26455, 245, 27530, 246, 26042, 247, 22607, 248, 20261, 249, 20600, 250, 21687, 251, 21255, 252, 20127, 253, 20930, 254, 23897, 255, 26021, 256, 24901, 257, 21617, 258, 18818, 259, 16902, 260, 13790, 264, 15436, 265, 25284, 266, 31227, 267, 32162, 268, 30878, 269, 30214, 270, 30981, 271, 32731, 272, 34630, 273, 35693, 274, 35388, 275, 34112, 276, 32739, 277, 31793, 278, 31226, 279, 30812, 280, 30493, 281, 30323, 282, 30249, 283, 30052, 284, 29556, 285, 28902, 286, 28580, 287, 29186, 288, 30986, 289, 33449, 290, 35431, 291, 36115, 292, 35574, 293, 34310, 294, 32558, 295, 30183, 296, 27076, 297, 23434, 298, 19669, 299, 16198, 300, 13398, 301, 11568, 302, 10689, 303, 10423, 304, 10606, 305, 11464, 306, 13061, 307, 14839, 308, 15944, 309, 15993, 310, 15569, 311, 15814, 312, 17405, 313, 20014, 314, 22648, 315, 24379, 316, 24884, 317, 24366, 318, 23214, 319, 21983, 320, 21337, 321, 21467, 322, 21789, 323, 21519, 324, 20405, 325, 18826, 326, 17314, 327, 16110, 328, 15175, 329, 14451, 330, 13999, 331, 13916, 332, 14215, 333, 14796, 334, 15516, 335, 16235, 336, 16801, 337, 17025, 338, 16687, 339, 15587, 340, 13600, 341, 10758, 342, 7391, 346, 8143, 347, 12937, 348, 16120, 349, 17070, 350, 16758, 351, 16189, 352, 15664, 353, 15261, 354, 15305, 355, 16048, 356, 16991, 357, 17011, 358, 15594, 359, 13850, 360, 13613, 361, 15206, 362, 16863, 363, 16656, 364, 14300, 365, 11021, 377, 6133, 378, 9031, 379, 11639, 380, 13521, 381, 14751, 382, 15558, 383, 15985, 384, 15909, 385, 15282, 386, 14223, 387, 12916, 388, 11479, 389, 9949, 390, 8391, 394, 6196, 397, 5403, 398, 6700, 399, 8794, 400, 10830, 401, 12166, 402, 12671, 403, 12459, 404, 11515, 405, 9951, 407, 10295, 408, 14734, 409, 20620, 410, 25949, 411, 30293, 412, 34515, 413, 39207, 414, 44009, 415, 48199, 416, 51417, 417, 53661, 418, 54855, 419, 54672, 420, 52741, 421, 48920, 422, 43561, 423, 37874, 424, 33450, 425, 30647, 426, 28074, 427, 24464, 428, 20692, 429, 19170, 430, 21414, 431, 26647, 432, 32339, 433, 35971, 434, 36752, 435, 35666, 436, 33965, 437, 32027, 438, 29621, 439, 26725, 440, 23765, 441, 21201, 442, 19190, 443, 17744, 444, 17198, 445, 18005, 446, 19633, 447, 20383, 448, 18930, 449, 15538, 467, 12820, 468, 16027, 469, 19766, 470, 22709, 471, 23934, 472, 23706, 473, 22934, 474, 22210, 475, 21565, 476, 20888, 477, 20257, 478, 19833, 479, 19616
1791219433.967, MrmFullScanInfo, 525, 107, 2043356, 0, 0, 0, 0, 10000, 39297, 32, 1, 2, 1, 480, -418851, 492006, 423089, -479472, -451916, 445372, 504669, -374299, -519920, 114366, 520158, 334552, -495701, -497998, 375481, 517162, -117372, -520190, -174263, 519687, 322956, -512626, -475773, 481745, 520160, 512872, -187462, -519889, -404646, 500851, 351024, -503163, -436080, 505878, 282348, -517862, -290541, 517830, 225882, -517044, -300095, 515152, 433816, -507176, -515952, 376524, 520182, 93413, -520087, -491677, 445527, 519466, -156486, -520192, -241867, 519443, 470908, -503340, -516567, 390392, 519742, -147361, -520168, -219969, 514864, 408836, -89933, -301366, -515186, 41291, 520069, 403712, -481634, -515267, -65435, 515398, 510149, -262100, -520192, -384356, 515139, 518678, -313614, -520125, 2474, 520019, 319500, -505689, -506009, 350098, 520111, 105407, -520163, -483296, 446962, 519902, 20356, -519244, -341082, 498726, 455723, -320880, -439751, 17557, 159925, 162760, 154098, -165470, -328415, -4891, 310605, 237102, -119084, -226317, -238447, 92147, 469151, 156310, -470086, -449677, 275212, 519971, 89849, -519031, -405038, 499025, 507709, -401904, -520153, 35979, 519948, 175062, -514839, -336547, 444807, 428127, -261588, -454833, 117064, 417534, -73794, -359994, 57438, 307439, 26906, -269355, 6096, 267159, -3643, -254973, -37095, 233825, 87441, -201883, -142213, 150982, 209097, -93822, -264934, 44734, 273329, 99201, -252354, -146215, 217886, 175787, -162734, -184737, 88905, 186557, -12509, -164839, -53869, 118996, 107094, -63835, -99365, 24439, 108983, 18194, -102691, -44824, 88021, 47511, -65288, -41144, 44686, 31920, -36727, -20629, 34889, 13250, -35105, -15954, 29399, 28406, -19478, -36310, -2347, 43409, 30188, -46334, -48876, 39194, 61888, -27294, -70889, 19984, 88281, -8218, -79835, -7418, 69699, 22110, -54469, -33121, 32962, 44735, -10032, -54107, -9356, 55505, 26341, -50485, -44016, 41544, 45029, -34340, -41349, 25270, 42725, -17742, -44348, 11324, 43510, -751, -38558, -9656, 30980, 15612, -18292, -23181, -74, 21905, 12613, -13617, -18245, 3483, 19303, 2918, -12363, -4349, 581, 3195, 7451, -612, -10809, -7550, 4823, 7856, 6117, -3486, -18353, -3134, 26751, 10814, -27238, -18139, 25556, 21510, -22819, -17635, 20301, 15187, -19467, -8054, 23509, 3003, -27259, -2530, 30266, 7703, -29882, -16608, 24386, 25384, -13808, -31430, -3054, 36671, 13831, -33566, -21151, 26532, 23693, -18667, -20987, 12234, 14403, -5865, -7802, 3435, 1863, -2771, 540, 3968, 535, -3508, -5033, 2506, 10232, 1010, -11902, -7129, 11240, 13931, -6790, -17809, -2338, 19234, 14575, -15111, -20037, 6664, 22854, 2944, -20048, -11857, 13110, 18361, -3487, -21977, -4280, 21103, 8488, -17232, -10287, 13365, 5327, -14061, 1760, 20462, -7357, -31298, 11739, 44755, -15043, -57312, 15030, 67359, -12537, -72025, -3810, 67339, 4629, -62303, -5415, 56079, 7185, -50495, -11921, 46547, 18571, -45907, -28411, 46768, 38307, -47031, -31865, 38540, 37422, -36202, -37923, 34848, 32179, -32764, -24711, 31673, 16997, -30877, -13716, 28944, 15000, -24434, -26802, 18548, 33307, -3821, -37090, -12598, 36295, 27581, -28890, -36097, 15593, 35665, 1599, -27109, -19966, 10839, 36270, 10620, -46466, -24636, 57690, 34614, -74000, -41469, 95139, 50830, -116648, -60523, 130886, 74255, -125508, -91154, 98392, 114902, -57283, -120989, 5980, 112364, 46950, -90579, -87667, 58703, 107576, -26456, -107571, 1414, 92945, 10617, -72733, -14266, 53638, -2857, -42479, 21361, 38436, -33280, -36994, 32833, 33381, -21563, -23354, 4939, 7754, 9503, -1013, -19422, -17623, 20780, 32569, -12169, -39244, -2928, 35844, 18628, -24693, -27675, 9322, 28322, 6980, -24343, -17454, 16104, 26043, -9769, -30540, 6735, 32818, -7231, -32997, 9703, 33132, -13931, -32710, 16777, 30208, -18721
1791219433.967, MrmFullScanInfo, 525, 107, 2043356, 0, 0, 0, 0, 10000, 39297, 32, 2, 2, 1, 480, 0, 0, 0, 0, 0, 0, 168520, -228807, -312559, 480373, 361763, -537770, -379662, 351222, 434647, -33563, -508206, -254234, 509111, 430849, -374640, -521230, 137451, 578931, 108378, -566870, -281088, 392210, 332674, -48942, -254295, -334786, 86635, 608233, 81611, -722818, -176085, 712989, 187505, -645547, -151997, 578945, 124753, -546626, -143671, 549236, 210170, -535785, -300816, 421928, 400816, -179666, -489859, -113809, 503541, 354058, -372633, -509410, 115181, 602514, 159236, -630785, -350958, 552649, 449602, -348978, -484894, 77767, 427872, 154569, -223789, -256426, -96931, 195541, 382182, -5881, -461254, -227199, 286009, 379059, 43533, -346236, -363693, 130216, 546982, 154657, -528711, -392778, 320578, 544023, -19576, -585449, -256580, 474352, 449047, -213526, -540086, -105058, 497449, 372197, -304972, -537202, 29364, 582787, 201333, -490816, -289340, 276290, 217537, -22009, -44849, -151171, -131544, 168924, 219139, -58381, -162581, -77864, -25742, 133427, 258245, -60069, -411778, -117476, 397142, 331813, -214913, -515738, -43810, 605802, 270979, -550072, -423020, 353491, 516752, -93320, -563841, -136973, 547606, 291029, -460888, -368750, 335412, 386652, -216698, -362902, 130229, 319750, -79972, -278660, 59020, 250235, -50759, -233832, 33234, 223425, 6470, -211914, -68241, 194257, 141084, -163286, -208057, 110850, 255119, -38534, -275417, -37204, 265814, 97868, -225700, -137533, 160688, 157990, -82600, -160433, 6873, 144608, 52939, -112436, -90682, 70164, 108647, -27763, -112106, -4816, 103746, 22454, -86102, -26642, 64671, 22425, -46419, -14895, 35314, 8778, -30491, -8032, 27814, 14231, -22150, -25969, 10213, 39733, 7316, -50923, -26703, 55716, 45031, -53407, -60802, 45917, 71942, -34776, -75962, 20251, 71963, -2928, -61191, -15731, 45769, 33793, -28191, -48744, 10370, 58052, 6409, -60672, -20326, 57379, 29494, -49865, -34013, 40324, 36098, -30775, -37456, 21934, 38016, -13216, -36655, 3924, 31972, 5770, -23209, -14451, 11323, 19705, 1111, -19626, -11022, 14725, 15806, -7602, -14173, 1013, 7258, 3092, 1259, -3721, -6866, 1303, 6405, 2250, 618, -4620, -11656, 4328, 22502, -1053, -29733, -3990, 32253, 8481, -30961, -10269, 27826, 8525, -25019, -3994, 23992, -1162, -24933, 3995, 26916, -2287, -28287, -4224, 26949, 14081, -21463, -24843, 12366, 33547, -1985, -37466, -7052, 35561, 12925, -29001, -14766, 20189, 12853, -11605, -8543, 5167, 3792, -1748, -513, 1031, 35, -1851, -2446, 2615, 6512, -1723, -10327, -1698, 12092, 7214, -10376, -13247, 4757, 17718, 3547, -18678, -12054, 15102, 18245, -7507, -20472, -2289, 18338, 11954, -12911, -19234, 6219, 22622, -472, -22141, -2423, 19625, 1312, -17929, 3763, 19614, -11592, -25737, 20422, 35462, -28368, -46569, 33000, 56419, -32388, -62973, 27071, 65228, -19928, -63267, 13514, 58424, -8002, -53043, 2239, 49623, 4693, -49561, -11847, 51739, 17281, -53106, -20395, 51682, 22041, -48219, -22340, 44428, 20113, -40864, -15179, 37325, 9381, -33693, -5956, 30216, 7591, -26823, -14413, 22269, 23960, -14611, -32795, 3207, 37917, 10027, -36964, -21567, 28599, 28072, -13117, -27611, -7248, 20427, 29117, -9070, -49719, -2542, 68442, 11206, -86646, -15983, 105612, 18311, -123973, -21397, 136819, 29639, -137964, -46201, 123509, 69469, -93280, -92578, 50375, 107279, -1068, -108405, -45606, 95504, 80476, -72555, -97787, 46222, 97265, -23927, -83552, 11844, 63624, -12303, -43931, 21944, 28724, -32944, -19354, 37454, 14430, -31566, -11541, 16796, 8445, 1384, -3053, -16717, -5987, 24770, 17700, -23683, -28371, 14291, 33887, -62, -31845, -14137, 22569, 24131, -8721, -28050, -6047, 26723, 18625, -22839, -27168, 19357, 31208, -18074, -31511, 19245, 29448, -21939
1791219433.967, MrmFullScanInfo, 525, 107, 2043356, 0, 0, 0, 0, 10000, 39297, 32, 4, 2, 1, 480, 0, 0, 0, 0, 0, 0, 483, 99, -1002, 34, 962, -501, -344, 916, -359, -893, 510, 573, 2, -302, -432, 209, 102, -8, 649, -297, -942, 423, 131, -169, 1347, -447, -2270, 1090, 1610, -1170, 398, 427, -2274, 696, 2561, -1391, -1077, 1204, -782, -304, 1526, -886, -907, 1914, -116, -2282, 369, 1901, 424, -1234, -1213, 694, 965, -350, 38, 369, -824, -1391, 1134, 5616, -1068, -15527, 1714, 27725, -4124, -32534, 6679, 24516, -6909, -9614, 4696, -2589, -1940, 7794, -120, -6868, 280, 3259, 1949, -608, -4473, 194, 4817, -707, -2896, 1529, 417, -2744, 1395, 3631, -1725, -3254, 537, 1902, 1217, 465, -2667, -6129, 5381, 16523, -14276, -28582, 34837, 36663, -68874, -37924, 111704, 39551, -158715, -54453, 208229, 88417, -248592, -134413, 251275, 173833, -185282, -190162, 42829, 185604, 139406, -177251, -284219, 158208, 333683, -94422, -307622, -22524, 273704, 153575, -263956, -254979, 251064, 316115, -201596, -343038, 121020, 334731, -43399, -286505, -2192, 210000, 7353, -136470, 17749, 97828, -49669, -105876, 59385, 146194, -25957, -188304, -53918, 203736, 157365, -173528, -244805, 95300, 286891, 7574, -280490, -92828, 240841, 127984, -187654, -112536, 140155, 69917, -110403, -30288, 97875, 16989, -91080, -37671, 75234, 81297, -40029, -124480, -15170, 144994, 79555, -132891, -134553, 92838, 162490, -40181, -155270, -6434, 118338, 33030, -68146, -35284, 24674, 19040, -2597, 2939, 5617, -16644, -26376, 12882, 51205, 8954, -64277, -41259, 54792, 71881, -24507, -88727, -12657, 84859, 40524, -62379, -50667, 31196, 43580, -3152, -26022, -13774, 7514, 18162, 3739, -14064, -4566, 7924, -1997, -5055, 9410, 7119, -11976, -11895, 7628, 15265, 1641, -13984, -11114, 7448, 15710, 1894, -12641, -9576, 2939, 11460, 9118, -6240, -18267, -3771, 20802, 14170, -16278, -20627, 7504, 20446, 800, -13476, -4051, 2093, -52, 9923, 10426, -18955, -23151, 22907, 33574, -21573, -38159, 16387, 35342, -9227, -25778, 1655, 12035, 5068, 2581, -10103, -15275, 13551, 24111, -16381, -27860, 19431, 26211, -22849, -20555, 26556, 13523, -30612, -7323, 34757, 2865, -37852, -350, 38432, -81, -35529, -1248, 28856, 3541, -18935, -5952, 7173, 7817, 4310, -8598, -13307, 8145, 18313, -6958, -19006, 6053, 16428, -6205, -12515, 7379, 9316, -8381, -8089, 7574, 8781, -4208, -10078, -1046, 10131, 6899, -7729, -12289, 2935, 16413, 3154, -18775, -9036, 18951, 13670, -16955, -16646, 13906, 17732, -11466, -16717, 10318, 14075, -9632, -11113, 8361, 8883, -6118, -7398, 2807, 5911, 1375, -3777, -5269, 861, 7030, 2540, -5731, -5587, 2336, 6921, 1361, -5237, -3999, 213, 5400, 6741, -6038, -13132, 6176, 17306, -5927, -19332, 5926, 19963, -6988, -19406, 8907, 17548, -10281, -14485, 9483, 10677, -5809, -6553, 20, 2200, 6102, 2503, -10642, -7372, 12379, 11667, -11122, -14353, 7635, 14554, -3055, -11948, -1480, 6928, 5065, -461, -7465, -6146, 9578, 11723, -13115, -15599, 19417, 17687, -28178, -18536, 36888, 20080, -42032, -24764, 41216, 32872, -33786, -41707, 20332, 47906, -2860, -49704, -14996, 46810, 29188, -39853, -37099, 30023, 38295, -19377, -33946, 10992, 25905, -7639, -16185, 9837, 6881, -15375, 365, 21019, -4899, -24147, 6667, 23569, -6192, -19814, 5118, 14737, -5932, -10589, 10297, 9281, -17687, -11655, 25999, 16989, -32524, -23239, 34702, 28126, -31090, -30264, 22351, 29594, -11053, -26979, 326, 23521, 7661, -20051, -12143, 17057, 13574, -14695
1791219433.967, MrmDetectionListInfo, 525, 257, 111, 37068, 112, 46728, 113, 56950, 114, 65535, 115, 65535, 116, 65535, 117, 65535, 118, 65535, 119, 65535, 120, 65535, 121, 65535, 122, 65535, 123, 65535, 124, 65535, 125, 65535, 126, 65535, 127, 65535, 128, 65535, 129, 65535, 130, 65535, 131, 65535, 132, 65535, 133, 65535, 134, 65535, 135, 65535, 136, 65535, 137, 65535, 138, 65535, 139, 65535, 140, 65535, 141, 65535, 142, 65535, 143, 65535, 144, 65535, 145, 65535, 146, 65535, 147, 65535, 148, 65535, 149, 65535, 150, 65535, 151, 65535, 152, 65535, 153, 64882, 154, 65477, 155, 65535, 156, 65535, 157, 65535, 158, 65535, 159, 65535, 160, 65535, 161, 65535, 162, 65535, 163, 65535, 164, 65535, 165, 65535, 166, 65535, 167, 65535, 168, 65535, 169, 65535, 170, 65535, 171, 65535, 172, 65535, 173, 65535, 174, 65535, 175, 65535, 176, 65535, 177, 65535, 178, 63696, 179, 55981, 180, 54646, 181, 57913, 182, 62924, 183, 65535, 184, 65535, 185, 65535, 186, 65535, 187, 65535, 188, 65535, 189, 65535, 190, 65535, 191, 65535, 192, 65535, 193, 65535, 194, 65535, 195, 65535, 196, 65535, 197, 62924, 198, 57427, 199, 50459, 200, 38508, 201, 23540, 207, 23874, 208, 29101, 209, 32386, 210, 36658, 211, 43844, 212, 52261, 213, 57716, 214, 57699, 215, 53989, 216, 50775, 217, 50891, 218, 53950, 219, 56648, 220, 55037, 221, 47790, 222, 37039, 223, 26169, 224, 17920, 225, 13732, 236, 9836, 237, 11456, 254, 13112, 255, 14684, 256, 16390, 257, 17275, 258, 16425, 259, 14005, 260, 11040, 267, 13344, 268, 19968, 269, 24493, 270, 26880, 271, 28205, 272, 28905, 273, 28491, 274, 26482, 275, 23038, 276, 18710, 277, 14008, 278, 9570, 283, 14038, 284, 18329, 285, 20969, 286, 22153, 287, 22831, 288, 23450, 289, 23727, 290, 23342, 291, 22448, 292, 21488, 293, 20759, 294, 20279, 295, 19954, 296, 19734, 297, 19607, 298, 19516, 299, 19362, 300, 19050, 301, 18514, 302, 17690, 303, 16533, 304, 15041, 305, 13231, 306, 11130, 307, 8868, 312, 11129, 313, 12942, 314, 13448, 315, 13022, 316, 12349, 317, 11723, 318, 11039, 319, 10216, 320, 9407, 321, 8821, 331, 7934, 332, 9021, 333, 9315, 334, 9147, 335, 9434, 336, 10704, 337, 12657, 338, 14534, 339, 15736, 340, 16175, 341, 16139, 342, 15902, 343, 15528, 344, 14976, 345, 14257, 346, 13448, 347, 12607, 348, 11726, 349, 10784, 350, 9788, 351, 8773, 352, 7756, 353, 6711, 374, 10492, 375, 11373, 376, 11800, 377, 12239, 378, 12720, 379, 13070, 380, 13265, 381, 13431, 382, 13622, 383, 13724, 384, 13547, 385, 12968, 386, 11956, 387, 10522, 394, 6287, 395, 8619, 396, 10212, 397, 11259, 398, 11954, 399, 12206, 400, 11854, 401, 10893, 411, 10130, 412, 12511, 413, 14428, 414, 16393, 415, 18782, 416, 21468, 417, 24098, 418, 26487, 419, 28672, 420, 30707, 421, 32544, 422, 34055, 423, 35116, 424, 35598, 425, 35341, 426, 34172, 427, 31982, 428, 29107, 429, 27010, 430, 27686, 431, 31329, 432, 35543, 433, 37690, 434, 37231, 435, 35352, 436, 33094, 437, 30480, 438, 27163, 439, 23277, 440, 19426, 441, 16138, 449, 13927, 450, 15625, 463, 21025, 464, 24262, 465, 27140, 466, 29338, 467, 30611, 468, 30824, 469, 29956, 470, 28091, 471, 25410, 472, 22165, 473, 18639, 474, 15255, 475, 12893
1791219434.092, MrmFullScanInfo, 526, 107, 2043481, 0, 0, 0, 0, 10000, 39297, 32, 1, 2, 1, 480, -421848, 493052, 419890, -483137, -452125, 447535, 504790, -371735, -520102, 111509, 520142, 335912, -496612, -498618, 372517, 516705, -115652, -520184, -173411, 519769, 321238, -512518, -474385, 481088, 520192, 513188, -161943, -520122, -411440, 499205, 360272, -501263, -437474, 504782, 282687, -517775, -285880, 518916, 213237, -518459, -288143, 515142, 429636, -506763, -515844, 386740, 520192, 80696, -520053, -488616, 451047, 519526, -168884, -520192, -229770, 520020, 467850, -503215, -516074, 388144, 520124, -142113, -520185, -255448, 513669, 450035, -64811, -367709, -518942, 80836, 520149, 401315, -483157, -514473, -61864, 516733, 509689, -310033, -520192, -355583, 516480, 518180, -323030, -520192, 15087, 519969, 319698, -506433, -507442, 344368, 520181, 121806, -520170, -492159, 445217, 520092, 17650, -519521, -316201, 506055, 412134, -399655, -306925, 136006, -109726, 3082, 479879, 71688, -518539, -319211, 495626, 499867, -214058, -520096, -152743, 510737, 412799, -435350, -495740, 230356, 459201, 13072, -189119, -156243, -110312, 189726, 332744, -139322, -360032, -83105, 288733, 155102, -145041, -141157, -4395, 63640, 119709, 43941, -136034, -117550, 61600, 109408, 12371, -7680, -44793, -95741, -11115, 224287, 114811, -269595, -229885, 234404, 282708, -155974, -257867, 59891, 185011, 15201, -87230, -40403, -13158, 27409, 61130, -947, -47321, -14698, 1352, 1905, 45841, 52510, -66843, -114508, 49000, 150279, 9492, -153729, -74518, 121341, 130622, -34101, -152355, -54026, 136188, 113627, -87005, -134741, 25141, 121515, 18280, -80461, -39312, 31851, 52515, 2823, -39436, -15035, 24970, 7651, -26904, 13349, 44635, -33014, -62250, 35965, 79800, -15670, -90501, -8320, 87692, 26884, -62429, -43987, 34812, 48359, -10955, -37722, -7071, 24312, 14312, -14985, -12662, 6942, 10371, -7233, -10131, 19943, 16918, -24773, -27738, 22966, 45463, -16085, -59162, 5096, 63210, 11999, -54579, -27017, 37534, 32298, -14519, -24976, -5661, 19810, 17837, -11821, -23157, 5459, 25094, -5925, -20999, 12013, 15945, -18432, -12334, 22622, 22409, -13704, -23576, 3416, 23706, 12151, -20697, -26716, 12383, 38711, -1184, -43073, -9049, 41135, 12187, -29504, -933, 20891, -6454, -10791, 17696, 3953, -26325, 813, 31044, -1726, -29072, -389, 21051, 1070, -8766, -689, -1188, -1111, 7806, 5258, -8806, -8765, 5337, 9027, 1055, -7389, -5328, 5406, 7287, -1541, -5133, -1237, 5429, 5047, -1780, -6008, -956, 6483, 1778, -4528, -1228, 3182, -29, -2699, 1612, 3469, -2743, -4919, 1257, 333, -2298, -973, 2524, 3341, -412, -5878, -1378, 9538, 4238, -11705, -6887, 10222, 9119, -4981, -11802, -4493, 8791, 7246, -2720, -5223, -2707, -2442, 8614, 15368, -13049, -30434, 14132, 43700, -12169, -53968, 1176, 52665, 4565, -51202, -10029, 46414, 14241, -40983, -18433, 38266, 21565, -38033, -28010, 41526, 34981, -44253, -25129, 38857, 31739, -36045, -34132, 31606, 30620, -26119, -22925, 20460, 12731, -17216, -3425, 16929, -1115, -17006, -3108, 18655, 11314, -13220, -20145, 4108, 27381, 7815, -27441, -18673, 19544, 25640, -6416, -23838, -12271, 13662, 33162, -1825, -46927, -13437, 59311, 28394, -71452, -41282, 84653, 51128, -98600, -60575, 100712, 73147, -88936, -82283, 59425, 91836, -24493, -94798, -19664, 88090, 62519, -70640, -96522, 45726, 114388, -21382, -119454, 150, 111069, 6163, -93146, -8161, 82425, -3048, -76539, 11317, 76023, -9732, -77792, -4335, 77096, 26627, -68259, -49785, 51901, 66519, -20619, -74706, 1496, 69615, 15874, -53664, -25661, 32156, 24890, -12425, -15847, -62, 7668, 4609, 2368, -4026, -7821, 3366, 8596, 1181, -7375, -3817, 5805, 3666, -4263, -271, 6444, -4906, -9786, 10270, 9370, -14058
1791219434.092, MrmFullScanInfo, 526, 107, 2043481, 0, 0, 0, 0, 10000, 39297, 32, 2, 2, 1, 480, 0, 0, 0, 0, 0, 0, 168317, -229397, -311948, 480961, 361171, -537371, -379706, 349771, 435332, -31912, -508719, -255387, 508746, 431473, -373714, -521521, 136972, 578856, 107932, -566314, -278662, 390918, 326514, -46378, -244133, -338618, 75184, 612049, 90623, -725023, -180781, 713081, 187328, -644066, -146937, 576475, 115883, -543426, -133971, 546495, 202942, -536189, -296898, 427211, 398839, -188073, -489459, -106025, 506506, 348846, -379935, -506071, 124513, 599873, 151832, -628382, -347771, 548444, 450593, -337927, -488368, 53224, 432483, 195370, -230409, -305826, -87218, 237818, 372217, -29075, -456627, -225005, 289332, 394058, 33661, -371479, -351430, 155336, 538670, 138319, -529057, -386036, 328058, 542315, -27989, -583863, -252446, 469856, 450304, -206157, -544778, -112464, 504000, 376789, -315761, -542180, 56156, 598931, 130743, -527740, -137912, 334820, -28276, -104105, 264644, -33095, -448131, 1910, 497089, 164588, -387586, -371929, 158767, 527581, 97402, -564812, -282341, 457859, 334335, -239037, -245537, -11777, 63948, 198507, 128215, -254159, -259232, 180659, 294939, -47370, -236969, -60164, 114652, 95793, 19944, -64310, -111277, 5469, 128733, 33260, -84288, -19487, 22564, -51411, 9065, 154879, 11712, -248261, -72746, 291096, 139671, -265940, -178080, 185430, 170498, -83887, -120703, -1406, 50340, 47871, 10223, -54349, -36825, 37855, 23963, -23527, 14628, 30278, -54292, -60429, 71025, 100742, -52259, -130423, 2043, 130623, 62368, -94176, -118542, 30998, 146766, 37172, -138017, -88670, 98360, 110295, -44415, -100663, -5812, 69788, 39597, -33957, -52589, 8119, 49838, -548, -42147, 10687, 38817, -29305, -43748, 43308, 55901, -43872, -69911, 30515, 77721, -8609, -73442, -14450, 57293, 31515, -34643, -38273, 12405, 35163, 3892, -26339, -12091, 17588, 13824, -13876, -12892, 16624, 13618, -22972, -19422, 28436, 30815, -29586, -44307, 24504, 54177, -13193, -55693, -1415, 47157, 14620, -30426, -22843, 10322, 25188, 7540, -23043, -19268, 19210, 23567, -16716, -21264, 17057, 15538, -19147, -10939, 20299, 10624, -17868, -14410, 10484, 19528, 1434, -22850, -15833, 22243, 29547, -17553, -39003, 11213, 41366, -6778, -35824, 6509, 24271, -10226, -10441, 16130, -1915, -21988, 10147, 25557, -13177, -25094, 11581, 20060, -7223, -11579, 2558, 2153, 250, 5431, -200, -9196, -2129, 8606, 5171, -4735, -7321, -161, 7558, 3997, -5597, -5852, 2033, 5847, 1933, -4555, -5051, 2731, 6486, -1187, -6150, 453, 4739, -655, -3325, 1503, 2401, -2427, -1713, 2922, 1106, -2815, -1094, 2271, 2431, -1474, -5200, 508, 8597, 707, -11126, -2495, 11136, 5018, -7993, -7567, 2921, 8538, 1469, -6397, -2513, 761, -1291, 7436, 9848, -16291, -21587, 23161, 33870, -25627, -43940, 22903, 50005, -16346, -51703, 8360, 50053, -798, -46912, -5566, 44512, 10892, -44569, -14728, 46762, 16294, -48622, -16291, 47952, 16668, -44759, -17844, 40075, 17751, -34285, -14513, 27668, 8336, -21188, -1567, 16415, -2588, -14349, 1914, 14283, 3756, -13880, -12589, 10735, 21392, -3979, -26537, -5201, 25111, 13981, -15676, -19395, -1044, 19862, 22071, -15423, -43580, 7192, 63178, 2921, -80633, -12609, 96069, 20665, -107845, -28001, 112150, 37129, -105132, -50062, 85377, 66217, -54380, -81951, 15691, 92142, 25711, -92898, -63786, 83405, 92771, -66539, -108588, 47529, 110386, -31821, -101358, 23215, 87596, -22167, -75196, 25003, 67987, -25363, -66704, 18028, 68933, -1804, -69644, -20363, 63973, 43128, -50480, -60432, 31726, 67270, -12113, -61827, -4223, 46559, 14247, -26994, -16827, 9201, 13019, 2879, -5595, -8350, -2007, 8431, 7180, -5271, -9179, 1441, 8858, 601, -7693, 597, 6700, -4877
1791219434.092, MrmFullScanInfo, 526, 107, 2043481, 0, 0, 0, 0, 10000, 39297, 32, 4, 2, 1, 480, 0, 0, 0, 0, 0, 0, -7, -534, 197, 567, -183, 238, -202, -1110, 548, 1302, -297, -928, -390, 518, 808, -234, -543, -34, -37, 384, 1991, -1103, -6323, 2581, 11222, -4218, -12983, 4501, 10135, -2849, -4759, 321, -1084, 1798, 6226, -3108, -9551, 3774, 9726, -2931, -6975, -813, 3844, 6320, -2214, -9743, 614, 8942, 3234, -5962, -8022, 3740, 9968, -2815, -7551, 2555, 2910, -4906, 1503, 13968, -4056, -32468, 5573, 54783, -8761, -65761, 13065, 54698, -13311, -28247, 6669, 1069, 2851, 19093, -10517, -29368, 12995, 27664, -7873, -17320, -2212, 7086, 9747, -2020, -9889, 2246, 4414, -5831, 1914, 9240, -5487, -9161, 6533, 5745, -9486, -5111, 24305, 13951, -66461, -30618, 143210, 47737, -229001, -68705, 279122, 104863, -269598, -153618, 212825, 203901, -140591, -261878, 84429, 344656, -60552, -441186, 56967, 506914, -48852, -505172, 29154, 441865, -9218, -352783, -8915, 266194, 45585, -187256, -123948, 107549, 239354, -18199, -353954, -83364, 419165, 188700, -408021, -274519, 323867, 312098, -196616, -284736, 75122, 196763, -5847, -73449, 4464, -44726, -47690, 116868, 94228, -121603, -107931, 66761, 71448, 12329, 9545, -70168, -109052, 76671, 189470, -32270, -216699, -37616, 176942, 99906, -83328, -127270, -30001, 107368, 120850, -46149, -157262, -33578, 132162, 99359, -63651, -123260, -17718, 97183, 83010, -36350, -112541, -31223, 100769, 79104, -56285, -92941, -2125, 73620, 52338, -33921, -77378, -8149, 72463, 36307, -45857, -41906, 12713, 27241, 12575, -3473, -21760, -16175, 15528, 23343, -2439, -17305, -6715, 3811, 5757, 8014, 4001, -10149, -16144, -47, 23518, 18501, -21289, -36281, 9229, 44658, 7404, -40016, -20010, 25318, 21871, -7609, -12431, -5894, -3258, 10580, 17840, -6027, -25097, -3596, 22477, 11904, -11892, -14402, -1559, 11025, 12393, -5147, -17444, 756, 16844, -618, -13155, 5386, 10187, -12820, -11053, 18707, 16150, -19266, -22578, 13194, 26028, -1837, -23914, -11769, 16360, 23804, -5462, -31018, -5449, 32049, 13079, -27723, -15959, 20497, 15248, -13239, -13352, 7654, 12162, -3726, -12597, 439, 14548, 3175, -16845, -7599, 17765, 12725, -15993, -17692, 11293, 21096, -4479, -21788, -2799, 19671, 8408, -15665, -10508, 11155, 8765, -7454, -4707, 5426, 832, -5114, 755, 5786, 630, -6226, -4109, 5110, 7863, -1563, -10048, -4156, 9321, 10316, -5335, -14414, -872, 14685, 7280, -11236, -11717, 5853, 12688, -564, -9930, -3344, 4769, 5586, 166, -6665, -2349, 7461, 985, -8860, 2715, 11456, -6755, -15144, 9787, 18978, -11348, -21662, 11555, 22335, -10541, -21133, 8647, 18950, -6864, -16552, 6294, 14168, -6966, -11761, 7602, 9439, -6869, -7188, 4402, 4756, -649, -1977, -3486, -803, 6825, 2847, -8283, -3554, 7747, 2625, -6331, -6, 5571, -3858, -6498, 7868, 9373, -10547, -13445, 10674, 16982, -7668, -18096, 1959, 15985, 4763, -11361, -9946, 5563, 11565, 165, -9339, -4556, 4310, 6537, 1949, -6068, -7311, 4319, 9394, -2734, -7216, 2239, 2261, -3435, 2992, 6650, -6710, -11637, 8015, 17315, -6841, -22148, 4266, 24903, -2219, -25150, 2199, 23592, -4460, -21853, 8223, 21684, -12405, -23580, 15985, 26614, -17930, -29646, 17320, 32476, -13631, -35637, 6988, 39736, 1852, -45002, -11513, 50792, 20438, -54462, -27863, 52999, 33873, -46182, -37968, 36789, 38576, -27466, -34802, 18773, 27803, -10491, -19901, 2583, 13213, 4462, -8612, -9991, 5883, 13930, -4710, -16779, 5173, 18803, -7052, -19708, 9264, 19198, -10404, -17446, 9694
1791219434.107, MrmDetectionListInfo, 526, 268, 107, 50583, 108, 65535, 109, 65535, 110, 65535, 111, 65535, 112, 65535, 113, 65535, 114, 65535, 115, 65535, 116, 65535, 117, 65535, 118, 65535, 119, 65535, 120, 65535, 121, 65535, 122, 65535, 123, 65535, 124, 65535, 125, 65535, 126, 65535, 127, 65535, 128, 65535, 129, 65535, 130, 65535, 131, 65535, 132, 65535, 133, 65535, 134, 65535, 135, 65535, 136, 65535, 137, 65535, 138, 65535, 139, 65535, 140, 65535, 141, 65535, 142, 65535, 143, 65535, 144, 65535, 145, 65535, 146, 65535, 147, 65535, 148, 65535, 149, 65535, 150, 65535, 151, 65535, 152, 65535, 153, 59939, 154, 32172, 156, 36593, 157, 65535, 158, 65535, 159, 65535, 160, 65535, 161, 65535, 162, 65535, 163, 46262, 166, 55087, 167, 65535, 168, 65535, 169, 65535, 170, 65535, 171, 65535, 172, 65535, 173, 65535, 174, 65535, 175, 65535, 176, 65535, 177, 65535, 178, 65535, 179, 65535, 180, 65535, 181, 65535, 182, 65535, 183, 65535, 184, 65535, 185, 65535, 186, 65535, 187, 65535, 188, 63948, 189, 65535, 190, 65535, 191, 65535, 192, 65535, 193, 65535, 194, 65535, 195, 65535, 196, 60416, 197, 45716, 198, 41037, 199, 47449, 200, 54006, 201, 51916, 202, 44631, 203, 41283, 204, 43622, 205, 44089, 206, 36432, 207, 23653, 225, 15746, 226, 20661, 227, 25474, 228, 27488, 229, 26590, 230, 25117, 231, 25007, 232, 25964, 233, 26005, 234, 23332, 235, 17938, 236, 11761, 241, 13410, 242, 15480, 243, 15392, 245, 13881, 246, 13845, 247, 12848, 252, 11051, 260, 11897, 261, 14190, 262, 16575, 263, 18491, 264, 19560, 265, 19599, 266, 18481, 267, 16363, 268, 14298, 269, 13883, 270, 15476, 271, 17481, 272, 18146, 273, 17578, 274, 17394, 275, 18634, 276, 20659, 277, 21962, 278, 21594, 279, 19784, 280, 17417, 281, 15154, 282, 13136, 284, 9673, 285, 8432, 286, 7626, 287, 7209, 289, 8098, 290, 9678, 291, 11561, 292, 13197, 293, 14371, 294, 15173, 295, 15673, 296, 15766, 297, 15288, 298, 14256, 299, 13005, 300, 12075, 301, 11855, 302, 12307, 303, 12884, 304, 12835, 305, 11821, 306, 10132, 307, 8287, 318, 5626, 319, 5880, 320, 5847, 323, 8359, 324, 9191, 325, 9200, 326, 8635, 327, 8264, 328, 8775, 329, 9967, 330, 10778, 331, 10384, 332, 8948, 333, 7227, 343, 5227, 344, 5431, 345, 6471, 346, 8421, 347, 10648, 348, 12543, 349, 13985, 350, 15157, 351, 16137, 352, 16793, 353, 16970, 354, 16664, 355, 15994, 356, 15094, 357, 14067, 358, 13006, 359, 12024, 360, 11217, 361, 10614, 362, 10174, 363, 9802, 364, 9397, 365, 8874, 377, 5940, 378, 5865, 380, 4577, 384, 4909, 385, 6784, 386, 8528, 387, 9966, 388, 11247, 389, 12397, 390, 13161, 391, 13236, 392, 12504, 393, 11135, 394, 9684, 395, 8872, 396, 8922, 397, 9285, 398, 9172, 399, 8232, 400, 6754, 419, 10363, 421, 12790, 422, 13541, 423, 14005, 424, 14133, 425, 13983, 426, 13711, 427, 13471, 428, 13354, 429, 13411, 430, 13699, 431, 14282, 432, 15194, 433, 16418, 434, 17873, 435, 19435, 436, 20960, 437, 22302, 438, 23339, 439, 23994, 440, 24243, 441, 24106, 442, 23634, 443, 22932, 444, 22238, 445, 22010, 446, 23004, 447, 25881, 448, 30307, 449, 34841, 450, 38184, 451, 40165, 452, 41327, 453, 41974, 454, 41927, 455, 40974, 456, 39219, 457, 36942, 458, 34300, 459, 31261, 460, 27770, 461, 23907, 462, 19860, 470, 9381, 471, 9732, 472, 10212, 475, 12691, 476, 13459
1791219434.217, MrmFullScanInfo, 527, 107, 2043606, 0, 0, 0, 0, 10000, 39297, 32, 1, 2, 1, 480, -421469, 492671, 418712, -479924, -452741, 448243, 505253, -372292, -520024, 112592, 520165, 331166, -497349, -495644, 371521, 517711, -116184, -520192, -172675, 519672, 319590, -511296, -477168, 481074, 520174, 512805, -207780, -520174, -394577, 503137, 345960, -501281, -436915, 505717, 284914, -518180, -295579, 517720, 232154, -518347, -304419, 515738, 437351, -506388, -515661, 373274, 520192, 100065, -519837, -494392, 445788, 519302, -151444, -519743, -241500, 519527, 469162, -503334, -517065, 394558, 520039, -160702, -520192, -197415, 516180, 358330, -118896, -235038, -507699, 21810, 519920, 396905, -480628, -514509, -50285, 511811, 508740, -238089, -520192, -384724, 513604, 518807, -309146, -520179, 1628, 519852, 310657, -506527, -502371, 365171, 520039, 47879, -520146, -443498, 444016, 519691, 88429, -517652, -457337, 375374, 516458, -14622, -509565, -349455, 68249, 498692, 442466, -433744, -519208, 229543, 520142, 32567, -516770, -355968, 470098, 302301, -200494, -173680, -101639, -65040, 204438, 301965, -122748, -387653, -15637, 375540, 175959, -274393, -275100, 11504, 236226, 172166, -138469, -272763, 27350, 286597, 62859, -239561, -76265, 170187, 18421, -117988, 50909, 110032, -50462, -140080, 54645, 177192, -4297, -171113, -70094, 122766, 113102, -51353, -103791, -22870, 70781, 71218, -26715, -82890, -50213, 89350, 84466, -60129, -79231, 29032, 54908, -12809, -30831, 27537, 19859, -50542, -33291, 59709, 65266, -52570, -66927, 44059, 94420, 8790, -101239, -61041, 87189, 93663, -55406, -102588, 21583, 93351, -3467, -67799, -468, 40567, 3015, -28912, 6358, 26489, -12667, -30676, 2119, 33703, 21887, -29317, -45253, 8789, 65635, 21040, -77133, -42122, 68582, 45281, -50794, -48521, 33239, 41417, -19346, -26780, 10430, 15805, -8433, -12285, 12909, 12078, -11836, -17251, 4305, 37056, 10402, -42976, -29502, 39946, 52748, -30744, -70447, 17475, 74990, 1603, -68179, -19042, 53421, 29067, -35787, -39494, 16386, 37633, -5912, -32278, 2941, 27444, -1973, -27594, 4394, 31415, -8721, -34569, 6633, 34753, 18025, -30410, -21499, 18401, 23565, -1800, -23087, -13463, 17384, 25063, -6919, -32879, -2350, 33892, 8531, -27962, -5059, 14901, 1540, -8087, 4806, 2820, -9982, 1610, 12605, -3718, -12668, 4593, 8678, -5294, -4546, 5048, 2973, -3524, -5241, 1647, 9313, 877, -12186, -4807, 13744, 10136, -10932, -14876, 4921, 18868, 327, -19085, -14963, 14677, 16186, -10160, -13770, 7697, 7921, -4893, -1465, 3353, -3341, -2493, 5709, 3915, -6945, -3642, 5479, -1217, -4876, 167, 6134, 1651, -6496, -3918, 4605, 7719, -339, -12438, -4880, 14833, 10983, -14496, -16761, 6737, 18136, -3371, -15484, 2294, 10130, -4733, -2535, 11312, -4976, -19716, 10040, 29337, -10715, -37794, 4413, 47574, -568, -45539, -1475, 40403, 2174, -33486, 343, 27721, -3473, -25991, 5290, 27995, -4613, -33258, 10052, 43734, -2860, -47438, -3934, 49183, 9523, -47528, -11455, 43921, 11617, -38423, -9840, 33552, 8810, -26880, -16464, 22298, 20977, -12067, -27752, 1505, 34172, 7606, -36592, -15623, 32132, 18606, -20977, -16833, 5880, 8501, 9441, 1286, -23844, -12273, 37424, 22476, -50693, -28268, 64382, 31354, -73791, -32995, 76674, 36170, -67173, -41150, 48818, 51123, -22002, -52425, -12827, 49279, 48863, -39614, -80418, 26618, 105324, -13767, -120046, 5620, 125192, -2477, -110564, -25429, 103977, 18930, -93282, -15031, 77734, 16609, -62113, -21441, 44755, 30454, -28622, -38277, 13191, 41673, 3659, -40765, -12494, 37780, 20142, -31761, -24448, 22909, 21902, -14947, -18240, 10118, 13348, -6091, -10564, 4664, 3072, 5750, -950, -7137, -1965, 6840, 5681, -7601, -9779, 6101, 13493, -5254, -13990, 5255, 10545, -5932
1791219434.217, MrmFullScanInfo, 527, 107, 2043606, 0, 0, 0, 0, 10000, 39297, 32, 2, 2, 1, 480, 0, 0, 0, 0, 0, 0, 168253, -229052, -312065, 480633, 361459, -537814, -379825, 351447, 434924, -34490, -507751, -253021, 507727, 430256, -373408, -521262, 137473, 578750, 107399, -566054, -281468, 391524, 337206, -49763, -263363, -331839, 97045, 604184, 74312, -719667, -174021, 712180, 189987, -647207, -156952, 582086, 130190, -549903, -148175, 551363, 213095, -535645, -302409, 419173, 401916, -175386, -490787, -117657, 503717, 356252, -371758, -510105, 113947, 602643, 159907, -631989, -350611, 557560, 447759, -361668, -482110, 103807, 424978, 113488, -219780, -209757, -103045, 159999, 388843, 8590, -465582, -222962, 286826, 364774, 45803, -330924, -367157, 120168, 548583, 158115, -527624, -392393, 319241, 543356, -20707, -590131, -251759, 491345, 439532, -242905, -521991, -75164, 462559, 351333, -245866, -505863, -57753, 491680, 311259, -298784, -392647, -14883, 267017, 329283, -10645, -513435, -248972, 487978, 436176, -284171, -534256, 32582, 519523, 130079, -366993, -146739, 116651, 46761, 119862, 105548, -236165, -246566, 200042, 323904, -59217, -303550, -101609, 184677, 210263, -9320, -235050, -156582, 187637, 260391, -108818, -283108, 45041, 239939, -21433, -169042, 32525, 112954, -55496, -95736, 67203, 111065, -53208, -132172, 13492, 132393, 35695, -100101, -72748, 42791, 82098, 20655, -59967, -71867, 16879, 99313, 26432, -99226, -51880, 78010, 54781, -51927, -42654, 37083, 28638, -38929, -23125, 51176, 29594, -60919, -46071, 55638, 68258, -30459, -89326, -8413, 99671, 47644, -93097, -74916, 71994, 83679, -45246, -74779, 22182, 55773, -8580, -36747, 4986, 24788, -6083, -21629, 3598, 24270, 8010, -26441, -28563, 22237, 52728, -10636, -72141, -4434, 79296, 18148, -72226, -27254, 55429, 30031, -36083, -26655, 20381, 19789, -11596, -13204, 9103, 10794, -9128, -15326, 7345, 26133, -610, -38546, -12583, 47066, 30934, -48468, -49745, 41766, 63099, -27859, -67193, 9435, 61751, 9511, -49486, -24786, 34783, 33360, -21822, -34842, 13175, 32023, -9624, -28777, 10437, 27404, -12150, -28026, 10085, 29463, -2624, -29289, -7432, 24470, 16179, -13780, -21450, -875, 22319, 15839, -18942, -27453, 13082, 32755, -7351, -30433, 3687, 21986, -2703, -11079, 3998, 1287, -6512, 5539, 8677, -9050, -9097, 9748, 7432, -8481, -4813, 6240, 3242, -4000, -4083, 2348, 7130, -1007, -10856, -973, 13392, 4457, -13512, -9368, 10576, 14498, -4720, -18195, -2470, 19305, 8136, -17552, -9855, 13519, 7469, -8379, -2712, 3638, -2179, -566, 5682, -739, -7231, 1166, 7090, -1348, -6198, 1111, 5579, 15, -5360, -2335, 4783, 5980, -3045, -10498, -162, 14416, 4593, -15992, -9355, 14690, 12882, -11693, -13408, 9070, 9914, -8456, -2768, 10613, -6233, -15457, 14326, 22592, -19122, -31040, 20038, 38574, -18192, -42357, 15189, 40972, -12315, -35646, 10492, 29325, -10065, -25076, 11163, 24905, -13543, -28912, 15979, 35464, -16529, -42187, 14194, 47001, -9983, -48651, 5765, 46834, -2808, -42140, 729, 35931, 2085, -29651, -6995, 23843, 14169, -18045, -22699, 11750, 30820, -5167, -35848, -1008, 35122, 5841, -27374, -8369, 13459, 8029, 4195, -4949, -22908, 165, 40860, 4583, -57033, -7587, 70381, 8428, -79104, -8652, 80985, 11257, -74523, -18576, 59507, 30192, -36588, -42962, 7081, 53095, 26459, -58216, -60020, 58100, 88989, -54388, -108717, 47571, 116732, -36975, -114830, 24274, 107001, -13759, -95631, 7506, 81323, -2617, -65372, -4645, 49896, 15215, -36161, -26880, 24026, 36429, -12850, -41737, 2565, 42258, 6125, -38514, -12238, 31732, 15069, -23596, -14824, 15899, 12325, -9325, -8599, 3368, 4887, 2185, -2048, -6525, -181, 8890, 2814, -9675, -6160, 9778, 9265, -9773
1791219434.217, MrmFullScanInfo, 527, 107, 2043606, 0, 0, 0, 0, 10000, 39297, 32, 4, 2, 1, 480, 0, 0, 0, 0, 0, 0, -95, 122, 20, -86, 154, -355, -164, 1235, -191, -2064, 844, 2006, -1180, -1016, 627, 166, 324, -132, -624, 441, -1918, 130, 8081, -2317, -14687, 5070, 16643, -6073, -12227, 4245, 4773, -786, 2359, -2454, -7626, 4437, 10442, -5020, -10101, 3688, 7099, 281, -3793, -5585, 2131, 8850, -1073, -8098, -1519, 5059, 5003, -2571, -6568, 1671, 4984, -2620, -1579, 7212, -2309, -18377, 4648, 38366, -5274, -61534, 7277, 71726, -10978, -57451, 11777, 26941, -6675, 2637, -1132, -22021, 7822, 28971, -10402, -23993, 6494, 12695, 925, -3468, -5233, 296, 3460, -5479, 2475, 19285, -10102, -33181, 20696, 33730, -38941, -23178, 66277, 34151, -104455, -101199, 154167, 215584, -197225, -328677, 202222, 403359, -160001, -435642, 84902, 421690, 33670, -363324, -215488, 293741, 409656, -250597, -504071, 229798, 433515, -195236, -237412, 129685, 13490, -46044, 149003, -25933, -211313, 62362, 195763, -67304, -153695, 67234, 118257, -81614, -89616, 104474, 56648, -115458, -17403, 99077, -18801, -57158, 43294, 5331, -56192, 40982, 62835, -76050, -66331, 101285, 66493, -118369, -64366, 127851, 63043, -129423, -66740, 122548, 78057, -107203, -94969, 83644, 110740, -52360, -118028, 15651, 113394, 21275, -97690, -51215, 74647, 67956, -48174, -68887, 21497, 56545, 1627, -37593, -16693, 19685, 21029, -8094, -15954, 3961, 5549, -5177, 5618, 8455, -14263, -11423, 19470, 13095, -22497, -13040, 25114, 10628, -27760, -5254, 28990, -2971, -26583, 12857, 19546, -22089, -9907, 27963, 1848, -28733, 1552, 24366, -511, -16047, -2213, 5452, 3611, 5668, -1640, -15408, -4040, 21886, 12016, -23135, -19634, 17968, 23922, -7426, -22664, -5028, 15437, 15283, -4233, -20681, -7457, 20567, 16482, -15963, -21465, 8467, 23105, 125, -23275, -7627, 23655, 12155, -24829, -13448, 26422, 13073, -27583, -12809, 27294, 13482, -23878, -15167, 16249, 17556, -6069, -19417, -2715, 18811, 7258, -14891, -7659, 8862, 5439, -2738, -1995, -2180, -1855, 5318, 5736, -6549, -9538, 6502, 13170, -6283, -16397, 6395, 18915, -5967, -20456, 3829, 20613, 323, -18605, -5633, 13576, 10563, -5382, -13530, -4675, 13462, 14080, -10102, -20108, 3983, 21106, 3772, -17335, -11426, 10071, 16831, -942, -18430, -7630, 16134, 12553, -11154, -11875, 5422, 6562, -827, 440, -1328, -6049, 834, 8450, 1272, -7428, -3317, 4112, 4001, -433, -2887, -1817, 328, 2019, 2630, -834, -4446, -528, 3826, 1069, -682, -181, -3584, -2349, 6864, 6212, -7455, -10444, 4707, 13823, 992, -15500, -8353, 15348, 15542, -13487, -20275, 10013, 21021, -5208, -18445, -60, 15123, 4852, -13555, -9124, 14555, 13675, -17543, -19270, 21129, 25469, -22838, -30898, 20064, 34581, -12390, -36090, 2396, 34754, 6664, -29870, -13105, 22015, 16496, -13135, -16862, 5403, 14549, -182, -10471, -2366, 6136, 3084, -3290, -3331, 3165, 4349, -5764, -6590, 9688, 9793, -12830, -13544, 13547, 17448, -11461, -20837, 7424, 23018, -2606, -24062, -2297, 25264, 7218, -28149, -12360, 33015, 17902, -38017, -23860, 40134, 30119, -37342, -36115, 29911, 40424, -19923, -40894, 10230, 35765, -3767, -24719, 2674, 9476, -6775, 4732, 14129, -11236, -22791, 7354, 30417, 3466, -33354, -15443, 28490, 24643, -16395, -28800, 1328, 26859, 11470, -19196, -18450, 8055, 18816, 2690, -13957, -9067, 6442, 8989, 744, -3191, -5059, -5347, 5009, 13062, -886, -16920, -5365, 15384, 11459, -9340, -15665, 1814, 16901, 3906, -14774, -6120, 10299, 4769, -5534, -857
1791219434.217, MrmDetectionListInfo, 527, 254, 67, 8058, 95, 8199, 96, 13496, 97, 19961, 98, 25770, 99, 29828, 100, 32549, 101, 35410, 102, 40407, 103, 49896, 104, 65535, 105, 65535, 106, 65535, 107, 65535, 108, 65535, 109, 65535, 110, 65535, 111, 65535, 112, 65535, 113, 65535, 114, 65535, 115, 65535, 116, 65535, 117, 65535, 118, 65535, 119, 65535, 120, 65535, 121, 65535, 122, 65535, 123, 65535, 124, 65535, 125, 65535, 126, 65535, 127, 65535, 128, 65535, 129, 50932, 130, 41274, 131, 65535, 132, 65535, 133, 65535, 134, 65535, 135, 65535, 136, 65535, 137, 65535, 138, 65535, 139, 65535, 140, 65535, 141, 65535, 142, 65535, 143, 65535, 144, 65535, 145, 62143, 146, 52555, 147, 46160, 148, 41233, 149, 35854, 150, 32293, 152, 49430, 153, 65302, 154, 65535, 155, 65535, 156, 65535, 157, 65535, 158, 65535, 159, 65535, 160, 65535, 161, 65535, 162, 65535, 163, 65535, 164, 65535, 165, 65535, 166, 65535, 167, 65535, 168, 65535, 169, 65535, 170, 65535, 171, 65535, 172, 65535, 173, 62023, 174, 62841, 175, 65535, 176, 65535, 177, 65535, 178, 63607, 179, 56698, 180, 48710, 198, 17403, 199, 17910, 200, 18434, 201, 18707, 204, 16799, 226, 15734, 227, 18243, 228, 19931, 229, 20519, 230, 19811, 231, 17901, 232, 15374, 235, 11931, 236, 12245, 237, 12422, 240, 16326, 241, 17887, 242, 18020, 243, 16776, 246, 12198, 247, 12956, 248, 15242, 249, 17706, 250, 19084, 251, 19378, 252, 19429, 253, 19762, 254, 20203, 255, 20388, 256, 20251, 257, 19937, 258, 19475, 259, 18702, 260, 17454, 261, 15749, 262, 13821, 263, 12103, 264, 11082, 265, 10977, 266, 11506, 267, 11902, 268, 11331, 269, 9564, 284, 12266, 285, 12692, 286, 12860, 287, 12673, 288, 12059, 289, 11115, 290, 10283, 291, 10122, 292, 10590, 293, 10864, 299, 13310, 300, 14238, 301, 13778, 302, 12593, 303, 11697, 304, 11615, 305, 12129, 306, 12554, 307, 12220, 308, 11067, 309, 10035, 310, 10375, 311, 12100, 312, 13661, 313, 13558, 314, 11720, 315, 9105, 316, 6479, 344, 6114, 345, 7420, 346, 8126, 347, 8445, 348, 8494, 349, 8386, 350, 8594, 351, 9803, 352, 12038, 353, 14359, 354, 15779, 355, 16129, 356, 15827, 357, 15135, 358, 13944, 359, 12141, 360, 10019, 361, 8390, 362, 8110, 363, 9230, 364, 10887, 365, 12313, 366, 13585, 367, 15251, 368, 17531, 369, 20113, 370, 22528, 371, 24495, 372, 25884, 373, 26564, 374, 26379, 375, 25281, 376, 23395, 377, 21090, 378, 19151, 379, 18477, 380, 19111, 381, 19947, 382, 19790, 383, 18394, 384, 16349, 385, 14244, 386, 12199, 387, 10074, 398, 6078, 399, 7676, 400, 9395, 401, 11128, 402, 12693, 403, 13932, 404, 14781, 405, 15249, 406, 15357, 407, 15123, 408, 14575, 409, 13823, 410, 13157, 411, 13005, 412, 13699, 413, 15270, 414, 17448, 415, 19861, 416, 22328, 417, 24885, 418, 27554, 419, 30160, 420, 32399, 421, 34041, 422, 35002, 423, 35285, 424, 34898, 425, 33835, 426, 32106, 427, 29758, 428, 26868, 429, 23538, 430, 19904, 431, 16136, 432, 12426, 437, 11426, 438, 15205, 439, 17572, 440, 18076, 441, 17850, 442, 18519, 443, 20764, 444, 23570, 445, 25010, 446, 24016, 447, 21100, 449, 15178, 450, 14941, 468, 9592, 469, 10958, 470, 12146, 471, 12349, 472, 11505
1791219434.342, MrmFullScanInfo, 528, 107, 2043731, 0, 0, 0, 0, 10000, 39297, 32, 1, 2, 1, 480, -422399, 492994, 420153, -480227, -452435, 444824, 504404, -372620, -520035, 112534, 520141, 338561, -497753, -499204, 373781, 517913, -113742, -520192, -177592, 519603, 323586, -511731, -475198, 481078, 520192, 513088, -188090, -520187, -400623, 500516, 354688, -502596, -438117, 505629, 287287, -518836, -294558, 517625, 229608, -517727, -299820, 516577, 434710, -508053, -515990, 372104, 520192, 89362, -520057, -495459, 443120, 519437, -152286, -519765, -241388, 519781, 472817, -504297, -516013, 391057, 519976, -144905, -520158, -230534, 516045, 392309, -98983, -272945, -514622, 34764, 520008, 405132, -480883, -514131, -49794, 515253, 503792, -293437, -520192, -342419, 516604, 518669, -289245, -520171, -158332, 518490, 480211, -425909, -519730, 132538, 520192, 221713, -519938, -481862, 482460, 519836, -129683, -519466, -198080, 515168, 359758, -505759, -336941, 491894, 59111, -407191, 241481, 233605, -406847, -217398, 425020, 351812, -280532, -418046, 16397, 383910, 248755, -290561, -439877, 105996, 489222, 88468, -413543, -155699, 287090, 134528, -149447, -80033, 84076, 57622, -54646, 19487, 52733, -26141, -38529, -499, 26213, 29297, 6272, -53292, -65687, 53365, 92684, -15170, -67154, -23263, 26221, 52399, 40188, -49600, -114851, 21806, 140145, 16590, -108647, -46861, 61653, 63785, -10669, -53250, -27267, 53285, 52555, -52058, -58746, 52235, 67563, -55894, -85824, 68563, 107704, -72469, -126083, 54165, 138492, -26986, -110298, -10485, 95925, 32866, -68376, -42556, 36323, 29070, -5422, -6034, -9480, -12610, -3414, 23742, 30645, -15692, -59763, -11001, 66557, 48061, -52645, -76905, 13488, 90452, 37677, -82294, -77176, 52050, 101632, -7337, -106667, -29494, 84286, 50918, -47176, -54867, 14881, 41974, 2963, -16903, -7095, -1280, -2738, 8268, 21266, -4583, -34041, -9411, 34014, 42016, -20182, -59370, -1422, 64934, 29687, -57835, -51468, 41020, 57963, -13450, -48321, -11545, 28605, 23901, -6518, -16466, -15674, 8250, 23572, 7586, -19181, -20500, 9535, 23045, 5184, -15670, -18774, 5977, 25861, 5116, -24218, -19971, 13040, 14525, -2280, -1297, -4764, -13182, 4117, 26337, 5792, -35025, -14781, 36206, 19131, -27813, -11851, 13030, 6539, -7231, 3253, 3573, -11124, -2110, 15910, 2535, -14623, -1629, 8381, -2832, -1219, 8786, 196, -17398, -2805, 24095, 9294, -28076, -15669, 23622, 19709, -11376, -18645, -4111, 12476, 20091, -3797, -29448, -15559, 25681, 23410, -17860, -23336, 7451, 16757, 2686, -5241, -10506, -7012, 12353, 18465, -8470, -23849, 2234, 21442, 11381, -15983, -14455, 9146, 15799, -1696, -15630, -5647, 14424, 11200, -13593, -13825, 10602, 15123, -6953, -13500, 2063, 12621, 787, -11736, -2131, 9261, 2029, -3835, -921, -2302, -944, 6661, 4944, -8122, -10656, 6268, 17817, -1043, -22405, -5944, 22939, 10702, -22724, -13384, 21389, 13867, -20577, -14087, 21113, 13859, -22631, -6353, 23757, 8995, -25470, -11047, 24562, 11450, -22079, -10172, 17916, 6640, -14243, -1679, 12401, -2955, -10751, 5519, 9502, -6387, -3923, 4997, -4089, -569, 12911, -3308, -20787, 7177, 25082, -8368, -25741, 8548, 21765, -6708, -15841, 6742, 9630, -5984, -3334, 3812, -383, 1519, 1009, -7908, -249, 14093, -259, -17969, -1377, 19350, 3742, -15855, -6719, 8187, 11079, 1534, -13869, -11585, 14208, 19802, -11516, -25789, 4582, 31557, 4213, -28074, -18259, 31113, 23550, -30387, -28082, 25962, 30071, -16800, -31241, 5471, 30023, 5956, -26494, -14988, 20825, 24053, -489, -23523, -3773, 20724, 5305, -16330, -3902, 12033, -50, -8385, 4434, 6806, -7499, -5658, 6224, 3262, -381, -1858, -3273, -134, 6295, 3958, -7518, -9261, 7006, 14438, -4703, -19210, 2148, 20241, -837
1791219434.342, MrmFullScanInfo, 528, 107, 2043731, 0, 0, 0, 0, 10000, 39297, 32, 2, 2, 1, 480, 0, 0, 0, 0, 0, 0, 168392, -228739, -312280, 479882, 361662, -536522, -380113, 349244, 435745, -31357, -509309, -256077, 509078, 432190, -372968, -522281, 134966, 579670, 110381, -567032, -282044, 391747, 333149, -48298, -254913, -335026, 87076, 607977, 82357, -722673, -178574, 713646, 191248, -647129, -155871, 580994, 127616, -548519, -145027, 550289, 210400, -535755, -300730, 421181, 400738, -178717, -489369, -114796, 502263, 355165, -370809, -510501, 113505, 603485, 160213, -631405, -351230, 551992, 449801, -347215, -486184, 78829, 430030, 146033, -224430, -241518, -99487, 181435, 387254, 1349, -467307, -228858, 292439, 383397, 36185, -359941, -353304, 149877, 523221, 142153, -472909, -397047, 226933, 549505, 90824, -555369, -354610, 392531, 523368, -111737, -600609, -175653, 563547, 386437, -390840, -515416, 135726, 593911, 73050, -625619, -120647, 576695, -8042, -428239, 220068, 234525, -389145, -102622, 438766, 100876, -359607, -202569, 182436, 318843, 41993, -366084, -253304, 312159, 396804, -186450, -439872, 52413, 385000, 39695, -270225, -74216, 149440, 61148, -61693, -24211, 16329, -8116, -2016, 15502, -431, 3146, 7902, -33000, -25345, 53430, 43679, -49130, -48619, 19520, 30533, 21132, 10306, -53514, -60908, 63463, 99724, -47178, -109925, 12363, 89821, 26409, -50637, -56612, 8047, 73554, 25485, -79407, -45995, 79907, 57848, -81638, -67929, 87205, 80124, -92303, -92859, 88422, 101541, -69897, -102715, 39326, 95498, -7022, -79648, -15413, 55212, 22296, -26833, -15398, 4602, 1182, 1357, 12532, 11363, -18057, -34954, 9804, 55672, 12657, -60663, -43367, 44064, 71856, -9307, -86905, -33321, 81497, 71485, -56863, -94385, 21854, 95823, 11881, -77378, -34445, 48090, 40611, -19636, -31686, 1375, 14736, 2484, 1223, 5973, -8288, -19635, 1945, 30290, 16450, -31918, -39553, 22055, 58146, -2737, -65588, -19559, 59093, 36752, -40243, -43186, 15555, 37366, 6009, -21755, -17734, 2179, 17768, 14171, -8653, -21915, -4186, 19443, 14624, -8627, -18766, -6001, 15778, 18645, -7583, -24600, -1433, 22134, 6072, -13007, -3352, 1923, -5932, 5784, 18551, -7286, -30161, 3984, 36127, 362, -33694, -2733, 24219, 1970, -12313, 1731, 2444, -7068, 3447, 11589, -5752, -12783, 6164, 9810, -6738, -4307, 9184, -664, -14180, 2654, 20655, -1019, -25658, -3279, 25683, 8443, -18653, -12577, 5425, 13637, 10193, -9983, -23138, 1965, 29430, 7348, -27640, -13735, 18987, 14566, -6552, -9678, -5655, 888, 14011, 8864, -16093, -16600, 11603, 20484, -2839, -20148, -6378, 16120, 13097, -9463, -16693, 1845, 17905, 4895, -17431, -9471, 15417, 11691, -11930, -12288, 7660, 12116, -3798, -11266, 1266, 9038, -85, -4930, -187, -443, -396, 5554, 2508, -8872, -6797, 9552, 12863, -7591, -19152, 3769, 23927, 619, -26297, -4308, 26558, 6617, -25803, -7064, 25102, 5560, -24861, -3084, 25030, 1316, -25385, -1092, 25343, 1684, -24025, -1830, 21046, 691, -16875, 1758, 12512, -4763, -8583, 7137, 4797, -7576, -320, 5151, -5244, 94, 11296, -6834, -16577, 12989, 19821, -16693, -20273, 17174, 17968, -14996, -13576, 11405, 8181, -7258, -3173, 2636, 46, 2568, 343, -7989, 1480, 12827, -3795, -16192, 4747, 17271, -3200, -15433, -991, 10600, 7005, -3474, -13158, -4741, 17389, 13025, -18060, -20524, 14319, 26730, -6594, -31663, -3017, 35299, 11675, -36641, -17785, 34084, 21823, -27075, -24860, 16764, 27164, -5151, -27232, -5950, 23297, 15190, -15813, -21253, 7792, 23016, -2374, -20518, 600, 15234, -1794, -9313, 4374, 4478, -6306, -1503, 5942, 372, -3007, -396, -1292, 273, 5386, 1352, -8322, -5029, 9838, 10102, -10103
1791219434.342, MrmFullScanInfo, 528, 107, 2043731, 0, 0, 0, 0, 10000, 39297, 32, 4, 2, 1, 480, 0, 0, 0, 0, 0, 0, 93, 392, -200, -823, 259, 1155, -339, -1677, 726, 2266, -1221, -2223, 907, 1509, 655, -944, -2354, 870, 2724, -817, -1455, 336, -395, 367, 1774, -857, -2369, 1029, 2422, -1083, -2317, 1115, 2307, -1029, -2418, 905, 2262, -885, -1562, 599, 643, 67, -132, -678, -144, 904, 927, -1012, -2272, 1354, 3489, -1674, -3735, 1686, 2796, -617, -1435, -2341, 1008, 6061, -1917, -7198, 2511, 3872, -1059, 1727, -1801, -5464, 4065, 5506, -4844, -4859, 4944, 8410, -5747, -15318, 8789, 18154, -22227, -9676, 55254, -6521, -95086, 6395, 113604, 32414, -102161, -90667, 79653, 117206, -69971, -86309, 85067, 25381, -118094, 4476, 150595, 60945, -173061, -238944, 185249, 457550, -181523, -592377, 151547, 567633, -92168, -412874, 6020, 227841, 93480, -102753, -174333, 69178, 207144, -102590, -197414, 158492, 184872, -211248, -203020, 255461, 250172, -274779, -300257, 239168, 330478, -139204, -328008, 4924, 284834, 117580, -203754, -198572, 104965, 229180, -19279, -217269, -29434, 181168, 36428, -143030, -14093, 120252, -18410, -116993, 43794, 123650, -50502, -125643, 35759, 113856, -6027, -88365, -24695, 55512, 42360, -24155, -42693, 3458, 34101, 153, -30400, 11957, 40361, -29670, -62793, 40073, 87489, -34773, -100979, 13033, 94169, 17025, -66616, -40260, 24968, 42283, 20721, -19183, -58994, -19686, 79041, 58817, -74568, -84355, 46472, 89089, -3733, -73335, -38636, 42844, 65676, -6073, -69749, -27627, 53528, 50114, -26490, -57155, -387, 49591, 18575, -31978, -24046, 10769, 17735, 7053, -4412, -15781, -9551, 13430, 18525, -2637, -19150, -11065, 11093, 21922, 3102, -25846, -18946, 21372, 31784, -9953, -38586, -4547, 38834, 17343, -34152, -24554, 27326, 24489, -21161, -18246, 17503, 9926, -17028, -4660, 19385, 5435, -22919, -11774, 24891, 21128, -22937, -30635, 16568, 37667, -7093, -40427, -4098, 38029, 15751, -30978, -25525, 21370, 30277, -11979, -28634, 4948, 22815, -1089, -16529, 289, 12318, -1589, -10454, 3216, 9903, -3659, -9680, 2894, 9163, -2133, -7905, 2362, 5929, -3319, -3975, 3861, 3033, -2736, -3361, -890, 4201, 7157, -4491, -15209, 3674, 23053, -1833, -27970, -639, 27616, 3306, -21149, -5706, 9939, 6946, 2657, -5774, -12656, 1744, 17164, 3830, -15408, -8396, 8668, 9789, 493, -7154, -9090, 1183, 14627, 6042, -15044, -12009, 9646, 14999, -493, -14378, -8226, 10267, 13109, -3757, -13503, -3010, 10542, 7801, -5870, -9246, 1164, 7477, 2277, -4162, -3992, 1694, 4570, -1678, -5382, 4021, 7950, -7541, -13055, 11021, 20011, -13290, -26849, 13528, 31306, -12048, -31805, 10220, 28100, -9203, -21514, 9049, 14468, -9157, -9352, 8920, 7569, -8158, -9043, 7070, 12383, -5745, -15802, 4030, 18176, -2021, -19322, 338, 19537, 582, -19086, -1061, 18134, 2387, -16992, -5997, 16195, 12202, -16020, -19600, 16132, 25828, -15835, -28606, 14589, 26332, -12255, -18476, 9315, 5746, -6671, 10137, 5149, -27046, -5071, 43197, 6178, -57572, -7920, 69712, 9980, -79042, -12744, 84224, 17212, -83090, -24651, 73857, 35532, -56396, -48127, 32162, 58629, -3392, -63222, -26956, 60481, 54968, -52042, -76247, 41790, 87061, -33104, -86151, 27530, 75998, -25731, -61542, 27812, 47690, -31984, -37977, 34297, 34095, -31226, -35295, 21733, 38593, -6673, -40402, -11637, 38350, 29031, -31711, -40220, 21206, 41651, -9070, -33835, -1470, 20468, 7814, -6511, -9079, -3987, 6207, 9232, -1352, -9519, -3183, 6488, 5853, -2315, -6113, -890, 4127, 1867, -410, -581
1791219434.342, MrmDetectionListInfo, 528, 280, 87, 20446, 88, 25679, 89, 33468, 90, 43226, 91, 52880, 92, 60791, 93, 65535, 94, 65535, 95, 65535, 96, 65535, 97, 65535, 98, 65535, 99, 65535, 100, 65535, 101, 65535, 102, 63135, 103, 64291, 104, 65535, 105, 65535, 106, 65535, 107, 65535, 108, 65535, 109, 65535, 110, 65535, 111, 65535, 112, 65535, 113, 65535, 114, 65535, 115, 65535, 116, 65535, 117, 65535, 118, 65535, 119, 65535, 120, 65535, 121, 65535, 122, 65535, 123, 65535, 124, 65535, 125, 65535, 126, 65535, 127, 65535, 128, 65535, 129, 65535, 130, 65535, 131, 65535, 132, 65535, 133, 65535, 134, 65535, 135, 65535, 136, 65535, 137, 65535, 138, 65535, 139, 65535, 140, 65535, 141, 65535, 142, 65535, 143, 65535, 144, 65535, 145, 65535, 146, 65535, 147, 65535, 148, 65535, 149, 65535, 150, 65535, 151, 65535, 152, 64502, 153, 65535, 154, 65535, 155, 65535, 156, 65535, 157, 65535, 158, 65535, 159, 65535, 160, 64534, 161, 53635, 162, 46682, 163, 44730, 174, 42766, 175, 52248, 176, 59840, 177, 64395, 178, 65151, 179, 62011, 180, 56424, 181, 51091, 182, 47692, 183, 45258, 189, 38455, 190, 49928, 191, 61265, 192, 65535, 193, 65535, 194, 65535, 195, 65535, 196, 54164, 197, 44252, 198, 41278, 199, 45149, 200, 48982, 201, 46752, 202, 40692, 203, 38287, 204, 42304, 205, 47371, 206, 46997, 207, 40485, 208, 32173, 209, 26804, 210, 26194, 211, 28009, 212, 27642, 225, 14276, 227, 15507, 229, 21192, 230, 24425, 231, 25029, 232, 23396, 233, 21801, 234, 22089, 235, 24371, 236, 27169, 237, 28612, 238, 27925, 239, 25765, 240, 23169, 241, 20568, 242, 17878, 243, 15155, 246, 11282, 248, 13886, 249, 16180, 250, 18757, 251, 21274, 252, 23397, 253, 24875, 254, 25573, 255, 25441, 256, 24556, 257, 23283, 258, 22274, 259, 22221, 260, 23406, 261, 25215, 262, 26399, 263, 26130, 264, 24607, 265, 22501, 266, 20168, 267, 17573, 268, 14726, 269, 11927, 270, 9578, 276, 6654, 297, 12043, 299, 14095, 300, 14628, 301, 14708, 302, 14396, 303, 13682, 304, 12344, 312, 10322, 313, 10340, 314, 10305, 315, 10015, 316, 8855, 317, 6806, 320, 6093, 321, 7947, 323, 10827, 324, 12017, 325, 12486, 326, 11667, 327, 9795, 330, 9706, 331, 11024, 332, 10621, 333, 8901, 350, 7473, 351, 9571, 352, 11964, 353, 14490, 354, 16927, 355, 19061, 356, 20719, 357, 21784, 358, 22196, 359, 21964, 360, 21161, 361, 19902, 362, 18320, 363, 16544, 364, 14702, 365, 12916, 366, 11300, 367, 9950, 368, 8935, 373, 8977, 374, 9566, 375, 10092, 376, 10463, 377, 10630, 378, 10596, 379, 10408, 380, 10148, 381, 9928, 382, 9850, 383, 9903, 384, 9961, 385, 9941, 386, 9924, 387, 10105, 388, 10653, 389, 11626, 390, 12992, 391, 14665, 392, 16517, 393, 18373, 394, 20022, 395, 21256, 396, 21904, 397, 21837, 398, 20974, 399, 19277, 400, 16764, 401, 13517, 406, 12493, 407, 17469, 408, 21978, 409, 25868, 410, 29581, 411, 33387, 412, 37120, 413, 40483, 414, 43388, 415, 45926, 416, 48153, 417, 49983, 418, 51280, 419, 51968, 420, 52040, 421, 51494, 422, 50279, 423, 48296, 424, 45426, 425, 41547, 426, 37117, 427, 34431, 428, 36743, 429, 44336, 430, 53158, 431, 58893, 432, 60907, 433, 61354, 434, 61791, 435, 61798, 436, 60329, 437, 57281, 438, 53480, 439, 49720, 440, 46252, 441, 43060, 442, 40249, 443, 38030, 444, 36464, 445, 35364, 446, 34431, 447, 33425, 448, 32193, 449, 30595, 450, 28457, 451, 25849, 452, 23683, 454, 25827, 455, 29671, 456, 32976, 457, 34252, 458, 33280, 459, 30666, 460, 26994, 461, 22585
1791219434.467, MrmFullScanInfo, 529, 107, 2043856, 0, 0, 0, 0, 10000, 39297, 32, 1, 2, 1, 480, -420355, 492090, 416704, -480442, -449928, 447908, 504906, -374690, -519849, 116918, 520177, 340039, -496169, -498006, 376557, 517642, -114190, -520164, -172487, 519584, 320128, -512316, -474643, 480664, 520159, 511616, -188412, -520180, -408015, 500203, 352190, -502574, -436215, 505145, 283499, -517547, -293747, 518444, 228192, -517126, -304456, 515067, 439503, -506773, -516172, 376184, 520192, 89767, -519911, -494000, 444523, 519304, -150743, -520192, -244019, 519616, 467644, -503793, -517146, 387739, 520021, -140827, -520191, -224022, 516274, 347144, -107843, -173392, -504843, -123655, 518271, 494561, -383296, -513309, -149395, 516745, 428438, -508984, -510400, 379193, 518285, 146926, -366479, -506095, -302688, 473812, 519580, -144799, -520192, -321589, 518157, 509140, -442947, -519970, 165732, 520088, 337644, -513233, -492393, 436911, 515934, -252329, -519097, 50980, 418804, 23398, 1003, 57589, -276965, -334795, 262513, 515004, 64397, -512594, -381378, 456141, 510149, -275428, -520082, -14340, 519641, 258048, -449778, -361754, 185136, 331992, 83272, -175632, -182901, -37406, 85605, 149912, 50815, -138156, -165805, 26736, 208145, 113564, -137123, -189523, 14065, 192969, 87771, -112557, -152977, -25256, 101221, 139002, 21050, -164146, -154946, 117229, 237718, -11524, -229144, -102446, 145295, 168372, -30016, -160294, -94503, 107441, 145590, -36627, -128236, -18863, 73459, 33258, -25618, -7225, -4739, -27832, 12441, 54130, 13076, -59337, -34754, 43092, 53171, -2315, -52358, -38563, 34348, 54829, 2666, -44960, -30169, 20264, 30476, 8952, -9492, -26424, -24206, 17633, 48707, 11004, -52987, -39998, 30020, 60089, 10661, -62257, -48144, 38268, 75319, 2526, -85662, -37204, 62839, 55306, -33172, -61229, 10017, 51433, -923, -33673, 6209, 24785, -18865, -27760, 31753, 38657, -31316, -53354, -492, 72404, 26351, -71353, -54146, 54800, 78940, -30586, -92672, 7647, 88454, 13836, -71239, -21685, 47813, 15374, -25835, -3149, 12818, -12219, -10983, 23632, 16074, -22689, -21056, 8698, 25566, 13797, -26862, -34182, 20353, 47092, 5740, -47883, -18075, 37906, 26009, -19601, -27802, 266, 22285, 17001, -9583, -29139, -1750, 33695, 9390, -28667, -8834, 18881, 8333, -10952, -4974, 4311, 2310, 885, -1405, -2284, 1512, 1564, -3673, -860, 8319, -294, -13473, 1824, 15527, -266, -16397, -2212, 17943, 2541, -18971, -461, 21040, -2509, -23444, 6831, 24588, -11338, -24952, 3337, 23989, -4877, -21290, 4942, 16712, 119, -10588, -8874, 5403, 18004, -657, -25255, -4054, 31022, 19631, -33158, -23967, 29715, 26510, -23170, -26554, 13682, 21041, -2564, -12284, -5788, 3351, 10052, 5575, -9926, -7838, 4300, 11851, -1306, -12550, 394, 12333, -2032, -10522, 6085, 9640, -12205, -9989, 18187, 12245, -23215, -16795, 23233, 16251, -21808, -15501, 17670, 14991, -11387, -15159, 3942, 16828, 2778, -20655, -7731, 23681, 11743, -21230, -16860, 21734, 17948, -18395, -15884, 12588, 12733, -5198, -6370, -176, 894, 3066, 3845, -1676, -5475, -3988, 3669, 9182, 3977, -12170, -14119, 13843, 23476, -10250, -29208, 6634, 29710, -1001, -24191, -3305, 16381, 4028, -83, 1685, -5539, -5644, 5969, 7333, 600, -5306, -13780, -2655, 28295, 14486, -42124, -25207, 50055, 51885, -43688, -59753, 41945, 63728, -34809, -60060, 26513, 52814, -17302, -41497, 10925, 26524, -4092, -15930, -987, 5958, 8101, 522, -12571, 368, 18184, -7559, -24085, 15722, 27724, -23450, -30660, 25489, 30855, -19702, -27589, -5768, 20024, 13422, -7375, -21439, -6603, 29783, 18272, -36662, -24661, 42641, 27744, -48323, -27837, 51804, 25393, -43199, -39376, 42927, 40134, -37797, -41947, 27046, 42562, -11844, -42847, -4568, 39506, 22234, -31648, -34799, 23151
1791219434.467, MrmFullScanInfo, 529, 107, 2043856, 0, 0, 0, 0, 10000, 39297, 32, 2, 2, 1, 480, 0, 0, 0, 0, 0, 0, 167538, -228934, -310679, 480785, 359963, -538287, -378643, 351257, 434683, -32840, -508998, -255296, 509911, 431656, -375104, -521577, 137988, 578677, 107435, -566091, -280148, 391386, 332053, -48572, -253644, -334691, 85541, 608006, 83024, -722628, -177548, 712917, 189129, -645789, -154087, 579673, 127580, -547796, -147127, 550602, 213523, -537164, -303029, 423086, 401392, -180252, -488930, -114084, 501429, 355166, -370117, -510851, 113434, 603450, 159642, -630178, -350775, 549963, 450108, -348579, -486579, 94215, 427728, 100454, -213501, -157343, -119297, 74138, 399504, 100153, -455904, -308160, 268685, 498101, 29644, -593176, -277930, 500721, 379569, -207041, -307101, -163222, 96182, 405797, 170227, -387346, -410808, 148165, 568984, 150362, -576705, -380455, 393552, 523061, -82993, -598341, -215570, 593508, 399062, -490329, -439208, 319654, 337583, -159784, -122924, 88052, -111686, -134506, 234926, 270093, -176315, -423482, -19060, 508815, 243212, -461047, -417445, 280430, 509290, -41216, -495704, -159395, 366180, 256818, -163399, -236256, -21060, 127308, 108155, 7436, -80628, -98537, -17586, 105753, 116190, -36539, -158141, -63321, 125179, 136401, -41226, -142230, -44650, 76489, 84323, 28136, -54894, -120508, -29067, 157444, 124967, -123404, -186341, 36283, 184941, 63188, -121683, -133919, 25195, 153587, 62493, -124651, -108794, 69595, 106415, -18645, -70328, -6297, 25167, 1633, 7294, 20462, -16093, -41595, 3344, 46590, 19768, -30687, -39248, 1555, 43765, 26270, -30522, -40311, 7686, 35814, 10471, -16994, -13086, -4888, -979, 17113, 23140, -12429, -39833, -7471, 39993, 33261, -20785, -52120, -11996, 53933, 47033, -36988, -71717, 8175, 77688, 21799, -65682, -43191, 44786, 50597, -26104, -45187, 17120, 33966, -19070, -25487, 26150, 26101, -29023, -37578, 21335, 55312, -2869, -69868, -22633, 73242, 49833, -63732, -71873, 45199, 82277, -24143, -78084, 7093, 61503, 1534, -39004, -767, 18502, -6851, -5801, 15972, 2730, -20145, -7746, 15064, 17300, -1138, -25815, -17059, 27424, 33640, -19838, -43480, 6024, 43330, 8494, -32971, -19090, 15405, 23199, 4536, -20812, -21721, 14370, 31878, -7134, -33062, 1332, 26703, 2292, -16662, -3935, 6955, 4200, -169, -3901, -2840, 3898, 2629, -4973, -380, 7396, -2619, -10529, 5041, 13446, -5906, -15763, 5431, 17649, -4976, -19250, 5955, 20459, -8873, -21003, 12534, 20827, -14824, -20289, 14713, 19550, -12735, -18032, 9289, 15285, -3596, -11883, -4695, 8910, 14454, -6155, -23857, 2204, 31464, 3537, -36090, -9846, 36492, 14821, -31938, -17252, 22947, 16661, -11374, -13207, -5, 7822, 8328, -1761, -11854, -3970, 11012, 8710, -8162, -11767, 6008, 12507, -6129, -11035, 8815, 8383, -13494, -6082, 19029, 5191, -23910, -5655, 26626, 6718, -26176, -7906, 22510, 9504, -16494, -12121, 9659, 16048, -3580, -20546, -1035, 24214, 4554, -26025, -7387, 25641, 9266, -22822, -9646, 17444, 8412, -10265, -5873, 3073, 2604, 1902, 659, -3021, -2936, 134, 2936, 5469, 383, -11731, -6866, 16636, 14813, -18682, -21619, 17247, 24963, -12845, -23362, 7167, 16750, -2379, -7112, -37, -1692, -49, 5503, 1524, -1899, -2608, -9052, 1754, 24880, 2606, -41282, -11591, 54114, 24299, -61046, -37059, 61624, 45551, -56435, -47811, 46780, 44173, -34674, -36251, 22185, 26192, -10673, -16242, 722, 8469, 7486, -4648, -13829, 5948, 18109, -12064, -20308, 20792, 20786, -28565, -20258, 30951, 19600, -24945, -19147, 11689, 17802, 4376, -13603, -19355, 6129, 32064, 2470, -42480, -9157, 50513, 12105, -55308, -12559, 56216, 13870, -54215, -18002, 50970, 23785, -46357, -29151, 38497, 33628, -26277, -37290, 10564, 39572
1791219434.467, MrmFullScanInfo, 529, 107, 2043856, 0, 0, 0, 0, 10000, 39297, 32, 4, 2, 1, 480, 0, 0, 0, 0, 0, 0, -804, -34, 1503, 570, -1588, -1292, 1343, 1299, -773, -487, -214, -204, 1272, 118, -1929, 322, 2070, -634, -1806, 576, 1385, -211, -1649, -26, 2726, -261, -3335, 760, 2254, -621, -118, -232, -1348, 1057, 1214, -1196, 365, 628, -2261, 370, 3060, -1398, -2177, 1904, 491, -1597, 874, 693, -1693, 308, 1889, -911, -1303, 579, 359, 1100, -76, -3344, 840, 2044, -1399, 10453, -1031, -40748, 10132, 81077, -19969, -106503, 13277, 99674, 9818, -81454, -21759, 119224, -9173, -240786, 79342, 359211, -152805, -353599, 187838, 231327, -168554, -141144, 124744, 181301, -97268, -281741, 78073, 310893, -5264, -241266, -133743, 148120, 256847, -83113, -285296, 29764, 248780, 27452, -235234, -55379, 265131, 8785, -278236, 104677, 241305, -219517, -208894, 278361, 238485, -274522, -300255, 225728, 318373, -140892, -272223, 33320, 201815, 62893, -136377, -115695, 68773, 115979, 3679, -75245, -54318, 17150, 52599, 29496, 3786, -40676, -84132, 8755, 147101, 52937, -165267, -116049, 133944, 151729, -68762, -144689, -1086, 98639, 44936, -33350, -46286, -23921, 10705, 50539, 40457, -38472, -80752, -2514, 89370, 49535, -61240, -78250, 10269, 74874, 38250, -41804, -61950, -5537, 52875, 48269, -18237, -72773, -26068, 74737, 62845, -58017, -80670, 31661, 78591, -6758, -64244, -7917, 47193, 10228, -33939, -5117, 27309, 270, -26508, -1028, 27672, 7986, -25977, -17763, 18608, 25651, -6499, -28271, -6593, 25093, 16691, -18201, -21485, 10886, 20940, -5966, -17266, 4708, 13548, -6658, -11366, 10087, 9757, -12902, -6425, 14070, -32, -14351, 8940, 15671, -17470, -19625, 21044, 26077, -15885, -32759, 2248, 35939, 15103, -32274, -30148, 21391, 39114, -6879, -40782, -5236, 35878, 9680, -26444, -4927, 15843, -6386, -8062, 19594, 5727, -30038, -8511, 33921, 13854, -29161, -18881, 16594, 21472, 194, -20123, -16203, 14305, 27322, -5353, -32045, -3585, 31298, 9492, -26969, -11523, 20811, 10809, -14300, -9002, 8512, 6934, -3760, -4468, -132, 1215, 3149, 2944, -4905, -7785, 5294, 12594, -4913, -16014, 4644, 16807, -5151, -15095, 6929, 12582, -10257, -11318, 14725, 12536, -18984, -16370, 21341, 22014, -20610, -27860, 16542, 32076, -10073, -32757, 2629, 28819, 4314, -21312, -8928, 13156, 9619, -7107, -6807, 4424, 3464, -5307, -2866, 9097, 6550, -13329, -14218, 14577, 24323, -11172, -34091, 4384, 40096, 3248, -40044, -9818, 34184, 14068, -24771, -15301, 14715, 13803, -6359, -10655, 901, 6966, 1717, -3277, -2521, -344, 2780, 4034, -3411, -7990, 4759, 12148, -6459, -16028, 7360, 18815, -6125, -19688, 2336, 18366, 3192, -15560, -9142, 12908, 14669, -12126, -19523, 14008, 23882, -18183, -28244, 23312, 33008, -27339, -37839, 28144, 41630, -24640, -42960, 17654, 40852, -9444, -35318, 2667, 27491, 785, -19268, -529, 12544, -2240, -8522, 5388, 7377, -6753, -8317, 5194, 9984, -1173, -10849, -3593, 9920, 6951, -6747, -7070, 1575, 3153, 4060, 4350, -7369, -14269, 5741, 25116, 1610, -34869, -13852, 41065, 29388, -40600, -46094, 30995, 61845, -12452, -74805, -11384, 83304, 35498, -85781, -56235, 81430, 71403, -70878, -80040, 55992, 81981, -38289, -78338, 18954, 72053, -306, -66687, -14489, 64143, 24029, -63711, -30079, 63320, 35294, -60485, -40940, 51855, 46041, -34980, -48367, 11479, 45855, 13186, -37682, -33790, 25291, 48470, -12064, -57565, 1698, 62232, 3790, -62995, -6265, 60258, 10130, -55704, -17696, 51104, 27045, -45548, -35193, 35956, 41465, -20641, -46186, 1054, 49054
1791219434.467, MrmDetectionListInfo, 529, 318, 76, 63046, 77, 60181, 78, 54278, 79, 49585, 80, 50329, 81, 58976, 82, 65535, 83, 65535, 84, 65535, 85, 65535, 86, 65535, 87, 65535, 88, 65535, 89, 65535, 90, 65535, 91, 65535, 92, 65535, 93, 65535, 94, 65535, 95, 65535, 96, 65535, 97, 65535, 98, 65535, 99, 65535, 100, 65535, 101, 65535, 102, 65535, 103, 65535, 104, 65535, 105, 65535, 106, 65535, 107, 65535, 108, 65535, 109, 65535, 110, 65535, 111, 65535, 112, 65535, 113, 65535, 114, 65535, 115, 65535, 116, 65535, 117, 65535, 118, 65535, 119, 65535, 120, 65535, 121, 65535, 122, 65535, 123, 65535, 124, 65535, 125, 65535, 126, 65535, 127, 65535, 128, 65535, 129, 65535, 130, 65535, 131, 65535, 132, 65535, 133, 49325, 134, 41270, 135, 42475, 136, 42455, 141, 55934, 142, 65535, 143, 65535, 144, 65535, 145, 65535, 146, 65535, 147, 65535, 148, 65535, 149, 65535, 150, 65535, 151, 61789, 152, 50586, 153, 47032, 154, 43482, 155, 35168, 156, 26009, 157, 24058, 159, 45614, 160, 53630, 161, 53012, 162, 49580, 163, 51874, 164, 60160, 165, 65113, 166, 59414, 167, 47677, 169, 43750, 170, 47478, 171, 44270, 172, 36478, 174, 38040, 175, 45089, 176, 49460, 177, 52741, 178, 58285, 179, 64834, 180, 65535, 181, 63301, 182, 54496, 183, 45037, 195, 16225, 197, 19681, 198, 20479, 199, 20188, 200, 18873, 201, 17227, 204, 18141, 205, 19272, 206, 19189, 224, 15673, 225, 18717, 226, 20673, 227, 21944, 228, 22679, 229, 22444, 230, 21066, 231, 19822, 232, 20831, 233, 24453, 234, 28347, 235, 29866, 236, 28517, 237, 25753, 238, 23302, 239, 22012, 240, 21623, 241, 21192, 242, 19688, 243, 16614, 248, 13476, 249, 16751, 250, 19339, 251, 21240, 252, 22591, 253, 23171, 254, 22572, 255, 20628, 256, 17543, 259, 12331, 260, 15897, 261, 19328, 262, 20002, 263, 18413, 264, 17051, 265, 17389, 266, 18767, 267, 19627, 268, 19086, 269, 17407, 270, 15357, 271, 13398, 272, 11517, 273, 9586, 274, 7641, 285, 9091, 286, 9948, 287, 10553, 288, 10817, 289, 10799, 290, 10640, 291, 10478, 292, 10439, 293, 10650, 296, 13623, 297, 15310, 298, 17150, 299, 18994, 300, 20690, 301, 22088, 302, 23051, 303, 23468, 304, 23272, 305, 22430, 306, 20932, 307, 18879, 308, 16701, 309, 15044, 310, 14161, 311, 13608, 312, 12700, 313, 11132, 314, 9142, 316, 5583, 321, 7242, 323, 12480, 324, 15160, 325, 17532, 326, 19403, 327, 20637, 328, 21216, 329, 21384, 330, 21594, 331, 22169, 332, 23012, 333, 23563, 334, 23155, 335, 21572, 336, 19183, 337, 16518, 338, 13847, 339, 11195, 340, 8598, 351, 6724, 352, 7939, 353, 9201, 354, 10606, 355, 11893, 356, 12731, 357, 12968, 358, 12620, 359, 11795, 360, 10787, 361, 10091, 362, 10092, 363, 10798, 364, 11869, 365, 12941, 366, 13945, 367, 15096, 368, 16611, 369, 18499, 370, 20631, 371, 22902, 372, 25270, 373, 27678, 374, 29979, 375, 31962, 376, 33417, 377, 34183, 378, 34155, 379, 33285, 380, 31594, 381, 29181, 382, 26208, 383, 22884, 384, 19451, 385, 16203, 386, 13417, 387, 11169, 389, 7739, 390, 6574, 394, 7017, 395, 7287, 396, 7285, 397, 7014, 398, 6532, 399, 6121, 400, 6228, 411, 11481, 412, 13582, 413, 15249, 414, 17502, 415, 21480, 416, 27119, 417, 32922, 418, 37379, 419, 40168, 420, 41775, 421, 42459, 422, 42199, 423, 41717, 424, 42765, 425, 46863, 426, 53917, 427, 61956, 428, 65535, 429, 65535, 430, 65535, 431, 65535, 432, 65535, 433, 65535, 434, 65535, 435, 63090, 436, 57537, 437, 51483, 438, 45134, 439, 39092, 440, 35062, 441, 35062, 442, 38854, 443, 43371, 444, 45829, 445, 46311, 446, 46640, 447, 47785, 448, 49094, 449, 49519, 450, 48700, 451, 46821, 452, 43934, 453, 39792, 454, 34491, 455, 29374, 456, 26609, 457, 27278, 458, 30284, 459, 33274, 460, 34470, 461, 33805, 462, 32445, 463, 31469, 464, 31321, 465, 32046, 466, 33287, 467, 34294, 468, 34540, 469, 34256, 470, 34144, 471, 34684, 472, 35796, 473, 37051, 474, 38019, 475, 38407, 476, 38013, 477, 36693, 478, 34406, 479, 31239
1791219434.592, MrmFullScanInfo, 530, 107, 2043981, 0, 0, 0, 0, 10000, 39297, 32, 1, 2, 1, 480, -424242, 491348, 417190, -479327, -451765, 449235, 503784, -372902, -519833, 108186, 520138, 333686, -496862, -496134, 375560, 518057, -109709, -520186, -172880, 519393, 319658, -512171, -474759, 481022, 520192, 512943, -182112, -520189, -400066, 501545, 352662, -502665, -439930, 504183, 281128, -518187, -285218, 517428, 216773, -517727, -301059, 515100, 435886, -507630, -516359, 379947, 520192, 95705, -520090, -493337, 447684, 519583, -160755, -519591, -232789, 519571, 470455, -502232, -516771, 387553, 520051, -131935, -520151, -317489, 502087, 516245, 116484, -515073, -509967, 439558, 520043, -243915, -517478, 313763, 132563, -511649, 196681, 514349, -175494, -513778, 206550, 520167, -6932, -519340, -289796, 511696, 495655, -397039, -520114, -13402, 520140, 404790, -515657, -511712, 423674, 520030, -89117, -518040, -128322, 516275, 236854, -360434, -136210, -125263, -191655, 305597, 498957, -178430, -520192, -194581, 510994, 497226, -232191, -520039, -195741, 509330, 477496, -376706, -519359, 59039, 519790, 228434, -450683, -351774, 231565, 353963, -7048, -229103, -119296, 56370, 34117, 92763, 93641, -134649, -203585, 76207, 248387, 35839, -164890, -112890, -1840, 119946, 143548, -45802, -203170, -114604, 172803, 204884, -69657, -205433, -43655, 134934, 106362, -28785, -100787, -81364, 50971, 141328, 16677, -130182, -82870, 82539, 88511, -33162, -46485, -10067, -12490, 18132, 50060, 12717, -51405, -46011, 20542, 54502, 35580, -36119, -65242, -8055, 78695, 65666, -59435, -98706, 20539, 91279, 29712, -50543, -58332, -1831, 50295, 49799, -12760, -72247, -48403, 64021, 91656, -20488, -105997, -28451, 78208, 67120, -23807, -81854, -32317, 62853, 73574, -19440, -88817, -20940, 72248, 50878, -29229, -56287, -7434, 43645, 27822, -20722, -30295, 5692, 18104, -1215, 3063, 4422, -14867, -14064, 9673, 29843, 7928, -34813, -29771, 24975, 54486, -7332, -68816, -13331, 68102, 33184, -55821, -45341, 40109, 43623, -18129, -38251, 7385, 29683, -7221, -22667, 9797, 23403, -8264, -33149, 3788, 47839, 5666, -58403, -21735, 61564, 51530, -43894, -59788, 25539, 59561, -3521, -49758, -14135, 33564, 25097, -13834, -27250, -907, 21683, 8446, -10091, -5187, 854, 2603, 4169, 2751, -5830, -5927, 6257, 8193, -4990, -9173, 5213, 10033, -4182, -12068, 2620, 19923, 2209, -29594, -6818, 38554, 12947, -43229, -18281, 43607, 23618, -38039, -24725, 29555, 24487, -19800, -20572, 7038, 15289, -1722, -7110, -2524, 268, 3954, 6164, -2270, -12939, -1409, 18947, 7894, -21190, -16166, 20369, 26351, -13080, -30447, 3685, 31681, 8185, -25741, -18301, 13054, 25903, 2548, -27372, -16867, 21634, 25554, -11596, -24131, -2893, 16663, 8774, -4712, -9133, -7505, 3946, 19021, 2994, -24932, -10442, 25343, 16022, -19552, -19621, 9242, 22495, -2235, -21245, -2634, 20315, 5469, -19162, -7557, 19665, 11234, -19250, -15924, 18811, 20869, -16067, -21540, 10360, 25648, -4071, -27332, -1670, 29029, 6982, -29637, -11710, 31619, 15381, -34672, -17949, 38279, 20034, -43810, -23950, 44249, 27345, -39020, -31332, 32016, 33953, -23559, -32509, 16628, 28054, -13176, -22719, 15213, 16990, -23005, -17308, 31446, 21003, -37290, -27976, 37470, 38678, -31192, -49576, 16864, 57482, 1235, -60059, -19246, 57014, 47074, -44503, -53963, 30573, 51517, -15926, -43489, 3154, 32332, 3954, -20297, -4338, 11523, -942, -7563, 9319, 9659, -12996, -12528, 16330, 17336, -14649, -19584, 8527, 18283, -194, -10755, -7091, -508, 12439, 12756, -14685, -28443, 8373, 32657, -6700, -29108, 7689, 21173, -9683, -12257, 13422, 6178, -16338, -6535, 17552, 14316, -15002, -21402, 3008, 28916, 6773, -31965, -16423, 28870, 24197, -20026, -29207, 7814, 29083, 3542, -26010, -11627, 19655
1791219434.592, MrmFullScanInfo, 530, 107, 2043981, 0, 0, 0, 0, 10000, 39297, 32, 2, 2, 1, 480, 0, 0, 0, 0, 0, 0, 168012, -228980, -311374, 480295, 360573, -536750, -379312, 349506, 435382, -32366, -508878, -254410, 508343, 430815, -372712, -521606, 136098, 579234, 108101, -566434, -279576, 391062, 330934, -47591, -253163, -335768, 86174, 608484, 82049, -722484, -176679, 712435, 186883, -644746, -149068, 577600, 120657, -544986, -140766, 548410, 209489, -536465, -301387, 423373, 401554, -180514, -490895, -113913, 505911, 354135, -376727, -508428, 119793, 600380, 156068, -627442, -350424, 542129, 452322, -317655, -481721, 4637, 409020, 300122, -204339, -513668, -74180, 603336, 288228, -595328, -318246, 542740, 149539, -478353, 111828, 414793, -309194, -375855, 343193, 390748, -211298, -458804, -13810, 519407, 235951, -471664, -405756, 267695, 528250, 22335, -593477, -274751, 552629, 430441, -387272, -505667, 165762, 497928, -3560, -362326, -24892, 101482, -70691, 163868, 226607, -267130, -371526, 147344, 436794, 112316, -364298, -374215, 153313, 530987, 116939, -524079, -350334, 355926, 490257, -101970, -512632, -129149, 415034, 259218, -239059, -265012, 68046, 168912, 22902, -25607, -13176, -96149, -59495, 143597, 129868, -106142, -142567, 17402, 81742, 62986, 24280, -82706, -125204, 29809, 176756, 60465, -159515, -133066, 86762, 148732, 3623, -100659, -71199, 13224, 92031, 73080, -66265, -124044, 15901, 126940, 27134, -90786, -40131, 38717, 22424, 2490, 8769, -15611, -31210, 2027, 30331, 21307, -5669, -33367, -30799, 21397, 62271, 11500, -74417, -48345, 60285, 69565, -24839, -64325, -15375, 34428, 39677, 8511, -34841, -47938, 2612, 68148, 41266, -60562, -75278, 27779, 83150, 17008, -61067, -55298, 17930, 71576, 30057, -60764, -65628, 29788, 76829, 7401, -62478, -36656, 32439, 49214, -1532, -44814, -17944, 30224, 20898, -14454, -10925, 4889, -2274, -5328, 8932, 14378, -3967, -25712, -12151, 31908, 34474, -28741, -55372, 16419, 67846, 1150, -68395, -18204, 57942, 29902, -41375, -34243, 25494, 32241, -15242, -27462, 11217, 25072, -10863, -29040, 10757, 39419, -7045, -51832, -3157, 60071, 19066, -59350, -35649, 48358, 46806, -29600, -49004, 8042, 42136, 10738, -29055, -22303, 14447, 24632, -2724, -18869, -3792, 8875, 5201, 828, -3063, -7307, -697, 10024, 4443, -10067, -7316, 8895, 9680, -7408, -13036, 5917, 18940, -4485, -27444, 2972, 36674, -906, -43865, -2178, 46785, 6207, -44576, -10381, 37670, 13581, -27554, -14802, 16446, 13409, -6558, -9391, -655, 3400, 4733, 3671, -5723, -10995, 3870, 17652, 693, -22439, -7622, 24096, 15815, -21663, -23306, 14933, 27738, -4703, -27138, -7299, 20783, 18546, -9835, -26126, -2754, 27526, 13318, -22028, -18866, 11732, 18017, -840, -11057, -6677, -205, 9096, 12676, -6909, -22728, 1728, 27419, 4903, -25862, -11747, 19706, 17599, -12023, -21358, 5388, 22754, -683, -22577, -2647, 22041, 5728, -21898, -9147, 21845, 12837, -20775, -16672, 17858, 20737, -13322, -24899, 8114, 28731, -3112, -32078, -1110, 35242, 4214, -38739, -6187, 42696, 7512, -46256, -9105, 47830, 11921, -46198, -16105, 41468, 20511, -34866, -23261, 28178, 22958, -23430, -19631, 22365, 14829, -25571, -10907, 31863, 10133, -38548, -13947, 42482, 22542, -41179, -34523, 33657, 47152, -19991, -57165, 1571, 61903, 17982, -59858, -33477, 50878, 41117, -36671, -40685, 20854, 34427, -7806, -25280, 879, 16041, -842, -8950, 5813, 5364, -12474, -5425, 17598, 8041, -18935, -11203, 15596, 12576, -8203, -10379, -1445, 3914, 10815, 5975, -17561, -16609, 20659, 24134, -20645, -25531, 18920, 20692, -16821, -12463, 15386, 5211, -15149, -2579, 15512, 5855, -14786, -13767, 11438, 23293, -5247, -30734, -2884, 33050, 11716, -29171, -19761, 20347, 25413
1791219434.592, MrmFullScanInfo, 530, 107, 2043981, 0, 0, 0, 0, 10000, 39297, 32, 4, 2, 1, 480, 0, 0, 0, 0, 0, 0, 146, -91, -75, -203, -48, 960, -109, -1164, 356, 195, 89, 893, -1099, -861, 1582, 151, -931, 252, -213, -64, 1273, -445, -1963, 1017, 1833, -1260, -977, 869, 96, -138, 824, -626, -2967, 1586, 5841, -2709, -7193, 3237, 5836, -2174, -3053, 125, 890, 1250, 306, -1208, -1647, 742, 4003, -1138, -6237, 2244, 6286, -2999, -3771, 3285, 471, -9201, 2541, 31824, 4293, -85920, -19122, 184691, 13068, -325830, 37549, 488423, -106534, -656683, 142047, 818591, -128085, -928710, 78606, 911774, 271, -733267, -96372, 456515, 167597, -202517, -171523, 56742, 108638, -13631, -27711, 11902, -14104, -10069, -15071, 13734, 101178, -34459, -195636, 58548, 260162, -85517, -296038, 149435, 314091, -261830, -297529, 355283, 235406, -338975, -162873, 210038, 120591, -51584, -97200, -62613, 58067, 117037, -4885, -122951, -35540, 89344, 53656, -31859, -59631, -24579, 59822, 60828, -54029, -70638, 46011, 55715, -44508, -21873, 53807, -18933, -67101, 49455, 71165, -56851, -54557, 41302, 16382, -17978, 32660, 6076, -78278, -12366, 110282, 26138, -124349, -31489, 121126, 21987, -104843, -2452, 80857, -16533, -54089, 25179, 27933, -19521, -3317, 2790, -20650, 17749, 44132, -34812, -64256, 43362, 75611, -41701, -73212, 32631, 56126, -22614, -29434, 18651, 2615, -23917, 14936, 35065, -18041, -43813, 7496, 42350, 10833, -28026, -28567, 4217, 37512, 22426, -32616, -45165, 14545, 58614, 10181, -59380, -32570, 47436, 45575, -26931, -46604, 4689, 37981, 12544, -24880, -20448, 12932, 18770, -6459, -11056, 7368, 2317, -14402, 3669, 23630, -5530, -30666, 3445, 32755, 1791, -29317, -9363, 21943, 18167, -13689, -26357, 7391, 31930, -3929, -34186, 2303, 34022, -1405, -32604, 1144, 30496, -1869, -28069, 3655, 26229, -6496, -25983, 10261, 27686, -13829, -30964, 14836, 35213, -11086, -39588, 1922, 42992, 11459, -43526, -26214, 39216, 38612, -29903, -45160, 18091, 43994, -7432, -35981, 667, 24249, 867, -12487, 2523, 3321, -8607, 2182, 14120, -4140, -16610, 3505, 15628, -1621, -12342, -445, 8538, 2440, -5731, -4910, 4494, 8978, -4310, -15700, 4110, 25134, -2855, -35899, 85, 45725, 3633, -52385, -6799, 54463, 7785, -51727, -5748, 45124, 1553, -36583, 2853, 28278, -6178, -21306, 8298, 15271, -9220, -9554, 8633, 4581, -6844, -1523, 4833, 1159, -3222, -3241, 1620, 6838, 978, -10734, -5159, 13451, 10528, -13411, -15825, 9754, 19402, -3074, -19843, -4589, 16463, 10409, -9736, -11861, 1358, 7868, 6366, 724, -11569, -11412, 13646, 21054, -13203, -27001, 11490, 27970, -9525, -24402, 7742, 18230, -6092, -11957, 4329, 7482, -2026, -5340, -1226, 4869, 5346, -4878, -9500, 4183, 12446, -2004, -13158, -1729, 11236, 6610, -7047, -12297, 1600, 18758, 3913, -25946, -8583, 33472, 11929, -40481, -13929, 45729, 14814, -47778, -14690, 45405, 13592, -38434, -11586, 28376, 8751, -18021, -5214, 10421, 1450, -7977, 1304, 11566, -1413, -20063, -2071, 30755, 8678, -40426, -16756, 46480, 24427, -47422, -30037, 42912, 32645, -33501, -32383, 20837, 29868, -7728, -25289, -2952, 18498, 9898, -10221, -13602, 2556, 15348, 1971, -16335, -1575, 17356, -3491, -18896, 11056, 21265, -18488, -23925, 23769, 25027, -25216, -22321, 21496, 14761, -12751, -3258, 1039, -9494, 9913, 20326, -16704, -26894, 18896, 27627, -19046, -21435, 19806, 8833, -21656, 6948, 23779, -20819, -25314, 28030, 25873, -26563, -25228, 18161, 22924, -6964, -18478, -2983, 12101, 9265, -4995, -11279, -1315, 10052, 5678
1791219434.592, MrmDetectionListInfo, 530, 296, 66, 6516, 67, 12358, 68, 21713, 69, 35667, 70, 55710, 71, 65535, 72, 65535, 73, 65535, 74, 65535, 75, 65535, 76, 65535, 77, 65535, 78, 65535, 79, 65535, 80, 65535, 81, 65535, 82, 65535, 83, 65535, 84, 65535, 85, 65535, 86, 65535, 87, 65535, 88, 65535, 89, 65535, 90, 65535, 91, 65535, 92, 65535, 93, 57449, 94, 34313, 95, 16837, 98, 14180, 99, 22036, 100, 38049, 101, 65535, 102, 65535, 103, 65535, 104, 65535, 105, 65535, 106, 65535, 107, 65535, 108, 65535, 109, 65535, 110, 65535, 111, 65535, 112, 65535, 113, 65535, 114, 65535, 115, 65535, 116, 65535, 117, 65535, 118, 65535, 119, 60749, 120, 64741, 121, 65535, 122, 65535, 123, 65535, 124, 65012, 125, 65535, 126, 65535, 127, 59273, 129, 37607, 130, 40322, 131, 51066, 132, 61088, 133, 64127, 134, 60283, 135, 53516, 136, 46792, 137, 40663, 140, 40740, 141, 50999, 142, 60966, 143, 64948, 144, 60511, 145, 49246, 146, 34867, 150, 32769, 151, 46670, 152, 58783, 153, 65535, 154, 65535, 155, 65535, 156, 65535, 157, 65535, 158, 65535, 159, 55880, 160, 46792, 161, 41133, 162, 38927, 163, 36971, 171, 39866, 172, 48776, 173, 54128, 174, 57581, 175, 59411, 176, 58543, 177, 54305, 178, 47330, 179, 38958, 192, 23106, 193, 22283, 194, 21522, 195, 23465, 196, 28764, 197, 34307, 198, 36508, 199, 35340, 200, 34037, 201, 35469, 202, 39584, 203, 43647, 204, 44564, 205, 41351, 206, 35378, 207, 28757, 208, 23400, 223, 18204, 224, 17934, 225, 17286, 226, 16845, 227, 16944, 229, 18042, 230, 18229, 231, 18172, 232, 18201, 233, 18427, 234, 18673, 235, 18724, 236, 18530, 237, 18177, 238, 17746, 239, 17262, 240, 16744, 241, 16236, 242, 15803, 243, 15495, 245, 15417, 246, 15766, 247, 16459, 248, 17511, 249, 18866, 250, 20396, 251, 21918, 252, 23222, 253, 24111, 254, 24419, 255, 24034, 256, 23130, 257, 22684, 258, 24119, 259, 27745, 260, 32103, 261, 35334, 262, 36717, 263, 36668, 264, 35703, 265, 33845, 266, 30916, 267, 27037, 268, 22667, 269, 18317, 270, 14377, 271, 11099, 272, 8503, 277, 7123, 278, 9114, 292, 8665, 293, 10658, 294, 12858, 295, 15125, 296, 17342, 297, 19453, 298, 21632, 299, 24189, 300, 27043, 301, 29527, 302, 30943, 303, 31122, 304, 30317, 305, 28758, 306, 26494, 307, 23636, 308, 20667, 309, 18287, 310, 16823, 311, 15959, 312, 15141, 313, 14082, 314, 12846, 315, 11581, 316, 10292, 317, 8879, 318, 7323, 330, 9182, 331, 11183, 332, 12708, 333, 13601, 334, 13900, 335, 13612, 336, 12758, 337, 11702, 338, 11107, 339, 11283, 340, 11767, 341, 11682, 342, 10424, 343, 8138, 344, 5809, 348, 8873, 349, 12459, 350, 16039, 351, 18452, 352, 19463, 353, 19652, 354, 19502, 355, 18957, 356, 17781, 357, 16005, 358, 13934, 359, 11857, 360, 9887, 361, 8041, 362, 6353, 375, 7216, 376, 7460, 377, 7947, 378, 8380, 379, 8648, 380, 9211, 381, 10807, 382, 13634, 383, 17069, 384, 20295, 385, 22975, 386, 25259, 387, 27342, 388, 29165, 389, 30508, 390, 31211, 391, 31244, 392, 30615, 393, 29306, 394, 27307, 395, 24683, 396, 21590, 397, 18229, 398, 14808, 399, 11527, 400, 8588, 407, 11806, 408, 14966, 409, 18928, 410, 23462, 411, 27908, 412, 31660, 413, 34516, 414, 36529, 415, 37694, 416, 37873, 417, 36957, 418, 34999, 419, 32185, 420, 28727, 421, 24819, 422, 20708, 423, 16840, 424, 13806, 425, 12053, 426, 11555, 427, 11606, 428, 11195, 431, 8061, 433, 9342, 435, 10138, 436, 11200, 437, 13344, 438, 16210, 439, 19061, 440, 21415, 441, 23207, 442, 24456, 443, 24958, 444, 24357, 445, 22409, 446, 19113, 447, 14644, 455, 23235, 465, 23287, 466, 26433, 467, 27550, 468, 26946, 469, 25378, 470, 23195, 471, 20311, 472, 16778, 473, 13161
1791219434.717, MrmFullScanInfo, 531, 107, 2044106, 0, 0, 0, 0, 10000, 39297, 32, 1, 2, 1, 480, -422082, 490381, 420383, -481808, -452176, 449427, 504876, -372368, -520000, 116672, 520166, 337482, -495538, -498477, 374815, 518450, -111044, -520059, -174567, 519641, 321787, -512202, -476221, 480976, 520192, 512633, -195788, -520164, -395857, 500829, 349781, -502576, -437019, 505990, 289666, -517907, -297750, 518260, 229777, -517377, -299350, 516451, 437214, -506942, -516851, 370876, 520192, 101001, -520045, -496089, 439301, 519270, -150160, -520192, -244804, 519818, 470856, -503042, -517304, 381174, 520055, -77070, -520165, -398621, 490002, 519029, -139364, -519832, -155751, 519322, 352115, -484987, 11756, 180549, -499877, -250852, 513914, 448833, -467383, -509333, 364612, 520179, -85222, -519976, -217784, 516228, 459154, -453971, -518570, 202862, 520136, 149727, -520144, -404543, 509556, 488901, -392021, -509628, 255991, 481239, -166540, -295861, 139694, 100315, -276082, -70437, 424512, 178409, -452592, -389078, 349868, 505732, -91312, -512671, -173399, 450905, 374865, -273712, -442229, 17742, 357068, 178305, -207239, -231298, 78049, 202063, 122, -133261, 1734, 70277, -83596, -42471, 141734, 78027, -147353, -144263, 96696, 196216, 26394, -188308, -173077, 117640, 254750, 3443, -241263, -150966, 162742, 212161, -43390, -186366, -59713, 105941, 96942, -12013, -64006, -59996, 1306, 79448, 58113, -41436, -88325, -9138, 76548, 49963, -21508, -71387, -42131, 58279, 82779, -9351, -90643, -41460, 70305, 71652, -25533, -73276, -5368, 56215, 26274, -12278, -26847, -23414, 12965, 34850, 11514, -26165, -27018, 9085, 20780, 10078, -230, -20820, -26028, 16612, 43919, 2707, -47068, -18716, 28416, 27788, 3160, -25135, -29457, 4218, 44821, 27454, -46847, -46834, 29354, 50066, -3287, -44393, -16279, 28447, 22845, -7917, -18864, -2722, 6921, 2054, 10155, 5619, -17589, -17830, 8439, 35676, 8283, -40481, -29515, 29919, 51711, -8942, -64589, -17686, 57889, 45379, -34185, -62120, 3392, 59313, 33619, -32721, -53501, 7803, 56064, 17534, -43565, -33033, 25435, 33823, -7159, -18950, -4658, 23, 3260, 16317, 13816, -19956, -30421, 14648, 44472, -133, -49570, -15416, 42568, 29542, -26000, -35956, 9044, 34423, 3291, -23793, -3064, 15581, 2964, -11182, 2018, 12968, -6663, -19237, 7255, 29119, -3833, -36651, -3573, 36882, 13715, -29967, -27230, 21550, 25828, -6463, -16367, -6341, 3495, 11681, 10280, -10128, -19159, 4549, 20875, 2613, -15143, -7469, 5155, 8003, 4624, -5163, -12523, 1856, 13453, 1855, -7143, -4351, -1259, 4432, 10258, -749, -17157, -3178, 16242, 7668, -15105, -9061, 13558, 8680, -12242, -6381, 9583, 4929, -7903, -6001, 6987, 9203, -5138, -14054, 1932, 18797, 3052, -23726, -8212, 27524, 12821, -29348, -14070, 30272, 13202, -29328, -11851, 29074, 11845, -30330, -16578, 27231, 17285, -27810, -19157, 27063, 21397, -24506, -23562, 19488, 25239, -14035, -26028, 6944, 25453, -511, -20140, -5617, 19150, 10392, -15472, -12617, 7470, 12260, 3848, -8863, -16394, 2959, 27168, 3369, -31560, -7106, 34174, 7790, -26224, -1971, 15783, -8027, -4796, 18535, -3054, -25548, 7773, 25279, -9304, -17415, 11962, 3126, -19067, 11589, 31456, -23736, -45139, 27353, 56010, -22903, -60026, 11724, 53532, 537, -38650, -8507, 20172, 9415, -996, -5761, -6737, -6989, 5715, 19239, 2759, -25131, -15027, 21832, 23609, -9006, -26386, -10257, 21884, 31802, -8717, -46894, -2055, 58291, 12562, -62177, -18154, 63254, 22253, -62633, -21814, 61209, 19343, -60400, -15532, 57139, 20782, -45557, -14077, 38439, 9058, -28735, -5045, 19239, 3895, -11142, -4901, 5536, 8318, -2247, -12190, -1114, 12138, 7634, -15339, -12657, 16824, 18081, -16452, -21124, 12788, 20447, -7621, -15173, 3662, 7322, -2287, 1840
1791219434.717, MrmFullScanInfo, 531, 107, 2044106, 0, 0, 0, 0, 10000, 39297, 32, 2, 2, 1, 480, 0, 0, 0, 0, 0, 0, 168424, -229388, -312132, 481535, 361137, -538811, -379156, 351493, 434486, -32949, -508016, -255486, 508190, 432357, -372955, -522614, 135843, 579692, 109208, -566783, -281783, 391717, 334856, -49022, -258750, -333393, 91998, 605909, 78189, -720970, -176665, 712987, 191846, -647668, -157770, 582183, 129380, -549458, -146213, 550412, 211377, -534510, -301906, 418095, 402114, -174361, -490386, -118829, 501980, 357728, -369068, -511695, 111287, 603155, 162038, -625096, -353836, 524941, 457206, -281273, -506977, -36206, 494381, 316497, -377235, -499463, 188378, 571377, -66729, -519414, 117175, 367170, -298043, -211369, 476645, 153649, -551320, -210696, 488938, 334541, -303250, -470736, 51230, 566257, 187553, -559170, -363506, 409288, 482687, -150076, -567969, -119337, 610405, 309931, -582250, -390641, 483202, 370007, -357984, -272876, 270532, 145231, -262689, -53709, 324615, 52019, -395008, -145022, 398223, 288578, -291987, -417392, 95198, 471535, 123484, -414649, -288512, 255631, 355841, -53735, -326070, -113343, 235079, 195228, -135366, -189025, 72589, 128838, -63677, -63895, 91439, 35267, -118937, -56508, 110441, 109187, -49114, -156150, -51489, 160252, 153144, -104066, -215098, 3758, 214440, 97135, -154403, -154528, 63028, 148950, 19311, -91131, -60939, 13231, 53711, 48012, -12608, -69387, -34512, 49908, 60404, -6104, -51558, -38153, 13902, 61176, 33391, -52646, -69506, 18678, 81450, 22896, -68134, -52577, 38712, 58072, -6461, -39626, -16933, 9223, 24404, 17266, -16399, -29268, 1392, 24855, 8894, -9097, -6980, -8823, -6474, 19667, 23952, -18616, -35195, 7207, 32694, 7927, -15846, -17898, -9267, 15997, 33440, -2242, -47730, -16803, 46708, 32935, -31660, -40396, 10329, 37301, 7795, -26124, -16036, 12690, 12720, -3040, -1791, 1191, -9049, -8207, 12726, 21098, -6038, -33080, -10141, 37020, 31358, -29170, -50090, 10183, 58464, 15195, -51698, -38710, 30207, 51809, 173, -50074, -29757, 35060, 49086, -12880, -53483, -8264, 44264, 20812, -27112, -21024, 9984, 10620, -399, 4575, 2207, -17585, -13809, 23117, 29347, -19234, -41698, 7490, 45605, 8006, -39912, -21921, 27899, 29617, -14904, -29399, 5312, 23510, -1083, -16644, 1902, 13137, -5870, -15005, 10148, 21328, -11903, -28838, 8954, 33927, -1121, -34271, -8541, 28915, 15185, -18251, -15465, 4796, 9434, 7192, 274, -13946, -9850, 14087, 15732, -8929, -15926, 1547, 10651, 4861, -2177, -8288, -5904, 8214, 10149, -5191, -8889, 644, 2870, 3464, 5328, -5398, -12657, 4489, 17094, -1491, -18388, -1806, 17409, 3764, -15059, -4075, 12146, 3823, -9513, -4514, 7763, 7039, -6739, -11395, 5666, 17006, -3833, -23000, 1257, 28384, 1272, -32171, -2826, 33790, 3153, -33568, -3041, 32503, 3594, -31601, -5221, 31330, 7488, -31460, -9817, 31237, 12168, -29744, -14768, 26505, 17645, -21626, -20203, 15548, 21668, -8788, -21761, 2095, 20488, 3604, -17275, -7636, 10990, 9873, -1203, -10495, -10810, 9784, 22458, -8176, -30732, 6513, 33145, -5942, -28582, 7378, 18057, -10865, -4663, 15227, -7721, -18278, 16107, 17601, -19706, -11585, 20265, 257, -20949, 14382, 24356, -28656, -30972, 38319, 38909, -40203, -44790, 33758, 45359, -21480, -38930, 7830, 26513, 2439, -11796, -5719, -456, 1002, 6658, 9111, -5734, -19113, -960, 23210, 10406, -17841, -18925, 3153, 23572, 17318, -23192, -38338, 18699, 55227, -12162, -65597, 5682, 69674, -922, -69373, -1130, 66740, 925, -62677, 0, 57098, -559, -49725, 911, 40658, -1428, -30546, 1520, 20568, -271, -12254, -2669, 6676, 6623, -3487, -10508, 1077, 13872, 2081, -16921, -6238, 19533, 10499, -20696, -13582, 19349, 14344, -15396, -12120
1791219434.717, MrmFullScanInfo, 531, 107, 2044106, 0, 0, 0, 0, 10000, 39297, 32, 4, 2, 1, 480, 0, 0, 0, 0, 0, 0, 516, -445, -875, 1134, 638, -1622, 35, 1488, -721, -541, 941, -643, -696, 1153, 500, -948, -708, 581, 1079, -391, -1788, 489, 3365, -1065, -5267, 1978, 5923, -2380, -4182, 1577, 464, 286, 3852, -2370, -6515, 3621, 5951, -3275, -3111, 1157, 587, 2093, -92, -4971, 690, 5894, -232, -4775, -2221, 3180, 5085, -2331, -5969, 1544, 4484, 3563, -3225, -20524, 5800, 48615, -23352, -75136, 77648, 91684, -168137, -119907, 278625, 168990, -398243, -192398, 491625, 156860, -497616, -112126, 397036, 118721, -247094, -150386, 116830, 147990, -37049, -106781, 7968, 77923, -14167, -104430, 38651, 164969, -57294, -197412, 21190, 177216, 104407, -143894, -285904, 143803, 434844, -166192, -482871, 154180, 429296, -69223, -320744, -61270, 203521, 162430, -99671, -182814, 21792, 130073, 15447, -45560, -9314, -31585, -23841, 74721, 72252, -73269, -130780, 38457, 174208, 6724, -162294, -41316, 84112, 48281, 23136, -16815, -103695, -48339, 121901, 123330, -77762, -175942, -2293, 183520, 83079, -144294, -135553, 76197, 146576, -6860, -121718, -39025, 80036, 50302, -43256, -33184, 25782, 6131, -30325, 11003, 48675, -6823, -65971, -17432, 68720, 50876, -52415, -79686, 22827, 93704, 9758, -90252, -37261, 73440, 56021, -50110, -66341, 26203, 70349, -4868, -70058, -13087, 66461, 27325, -59304, -36618, 47456, 39306, -30417, -34583, 10345, 22960, 7852, -6663, -18188, -10358, 16714, 23212, -4251, -27335, -13316, 20184, 27988, -2882, -33600, -19441, 27960, 39608, -13094, -51278, -5851, 50999, 22600, -39313, -32278, 20766, 33269, -1999, -27378, -11467, 18510, 17489, -10542, -17107, 5654, 13156, -3678, -8743, 2985, 6069, -2061, -5766, 395, 7263, 1734, -9911, -4002, 13753, 6651, -19137, -10600, 25773, 17082, -31471, -26745, 32807, 38876, -27524, -50822, 15994, 58556, -329, -58840, -16844, 51162, 32255, -37894, -42457, 22557, 45260, -8596, -40801, -820, 31212, 3559, -19503, 16, 8752, -6760, -1363, 12785, -1652, -15506, 994, 14521, 1661, -11165, -4789, 7462, 7752, -5088, -10911, 4748, 15191, -6004, -21313, 7494, 28796, -7404, -35580, 3658, 39160, 4912, -37954, -16680, 31512, 27353, -20327, -32638, 6277, 30787, 7424, -22865, -17592, 12015, 22437, -1932, -21857, -4643, 17190, 6674, -10540, -4841, 3930, 1272, 1489, 1268, -5659, -921, 9216, -2213, -12864, 5873, 16832, -7084, -20567, 4496, 22617, 565, -21075, -5291, 14859, 7345, -4909, -5506, -5681, -138, 12907, 8017, -13516, -15370, 6571, 19407, 5897, -18467, -19667, 12549, 30462, -3259, -35781, -6628, 35311, 14320, -30517, -18223, 23601, 18442, -16699, -16303, 11497, 13446, -8876, -11054, 8439, 9666, -8619, -9112, 7726, 8732, -4832, -7843, 242, 6146, 4797, -3640, -8906, 222, 11357, 4620, -12145, -11650, 11620, 21306, -10171, -32946, 8162, 44956, -5912, -54966, 3745, 60145, -1840, -58162, 143, 48780, 1382, -34544, -2652, 19487, 3822, -7272, -5644, -125, 9230, 2978, -15461, -3392, 24419, 4110, -35046, -7102, 45355, 12699, -53162, -19557, 57154, 25438, -57383, -28999, 54894, 30667, -51411, -31602, 48830, 32292, -47913, -32736, 47344, 33368, -44343, -34394, 36558, 35147, -23218, -34355, 5430, 31143, 14273, -25784, -32796, 19819, 47649, -15107, -57889, 12616, 64227, -11997, -68200, 11991, 70969, -10193, -72323, 4494, 71050, 4381, -65879, -12755, 56347, 17396, -43500, -18462, 29861, 18427, -18559, -20018, 11697, 24316, -8395, -30736, 5194, 38361, 920, -46148, -10095, 51854, 20437, -52211, -29867, 45238, 36405, -31784, -38229
1791219434.717, MrmDetectionListInfo, 531, 324, 65, 8089, 66, 14227, 67, 23098, 68, 34530, 69, 48829, 70, 65535, 71, 65535, 72, 65535, 73, 65535, 74, 65535, 75, 65535, 76, 65535, 77, 65535, 78, 65535, 79, 65535, 80, 65535, 81, 65535, 82, 65535, 83, 65535, 84, 65535, 85, 65535, 86, 65535, 87, 65535, 88, 65535, 89, 65535, 90, 57164, 91, 45350, 92, 43549, 93, 52255, 94, 65535, 95, 65535, 96, 65535, 97, 65535, 98, 65535, 99, 65535, 100, 65535, 101, 65535, 102, 65535, 103, 65535, 104, 65535, 105, 65535, 106, 65535, 107, 65535, 108, 65535, 109, 65535, 110, 65535, 111, 65535, 112, 65535, 113, 65535, 114, 65535, 115, 65535, 116, 65535, 117, 65535, 118, 60174, 119, 42169, 124, 62499, 125, 65535, 126, 65535, 127, 65535, 128, 65535, 129, 65535, 130, 65535, 131, 65535, 132, 65535, 133, 63996, 134, 45353, 137, 61158, 138, 65535, 139, 65535, 140, 65535, 141, 65535, 142, 65535, 143, 65535, 144, 65535, 145, 65535, 146, 65535, 147, 65535, 148, 65535, 149, 65535, 150, 65535, 151, 63999, 152, 65314, 153, 64178, 154, 55175, 155, 40951, 156, 27804, 162, 35868, 163, 39796, 165, 51425, 166, 57623, 167, 60555, 168, 59290, 169, 55635, 170, 52582, 171, 52348, 172, 55322, 173, 59499, 174, 61530, 175, 59647, 176, 55058, 177, 50066, 178, 45659, 179, 41584, 183, 43929, 184, 46365, 185, 46363, 186, 44537, 187, 41681, 188, 37768, 189, 32342, 198, 17377, 199, 16584, 200, 16673, 201, 18443, 204, 19611, 205, 20611, 206, 24815, 207, 29695, 208, 31871, 209, 30886, 210, 29171, 211, 29230, 212, 31475, 214, 34197, 215, 31073, 216, 25760, 217, 20220, 221, 17087, 240, 14602, 241, 17479, 242, 20707, 243, 24123, 244, 27548, 245, 30754, 246, 33479, 247, 35464, 248, 36497, 249, 36418, 250, 35111, 251, 32856, 252, 31113, 253, 31938, 254, 35428, 255, 38922, 256, 39783, 257, 37941, 258, 35063, 259, 32216, 260, 29140, 261, 25361, 262, 21208, 263, 17601, 264, 15072, 265, 13035, 266, 10382, 272, 8314, 273, 8491, 274, 8202, 275, 7709, 276, 7252, 284, 10771, 285, 12650, 286, 14727, 287, 16847, 288, 18778, 289, 20221, 290, 20968, 291, 21199, 292, 21495, 293, 22450, 294, 24190, 295, 26115, 296, 27213, 297, 26804, 298, 24905, 299, 22048, 300, 19154, 301, 17274, 302, 16839, 303, 17244, 304, 17327, 305, 16262, 306, 14196, 307, 12200, 308, 11338, 309, 11511, 310, 11484, 320, 5933, 321, 7082, 323, 10698, 324, 12371, 325, 13286, 326, 13424, 327, 13012, 328, 12294, 329, 11601, 330, 11288, 331, 11177, 332, 10420, 333, 8430, 339, 11331, 340, 13292, 341, 13495, 342, 12604, 343, 12103, 344, 13051, 345, 15400, 346, 18065, 347, 19667, 348, 19705, 349, 19144, 350, 19507, 351, 21224, 352, 23237, 353, 24213, 354, 23722, 355, 22255, 356, 20450, 357, 18560, 358, 16561, 359, 14508, 360, 12635, 361, 11169, 362, 10174, 363, 9562, 364, 9208, 365, 9005, 375, 5526, 377, 5903, 378, 6586, 379, 8378, 380, 10714, 381, 12856, 382, 14737, 383, 16785, 384, 19243, 385, 21921, 386, 24480, 387, 26746, 388, 28692, 389, 30247, 390, 31218, 391, 31386, 392, 30617, 393, 28924, 394, 26498, 395, 23637, 396, 20539, 397, 17230, 398, 13761, 399, 10382, 400, 7466, 407, 12746, 408, 14975, 409, 17710, 410, 21158, 411, 24994, 412, 28792, 413, 32342, 414, 35585, 415, 38401, 416, 40589, 417, 42005, 418, 42664, 419, 42716, 420, 42355, 421, 41774, 422, 41148, 423, 40629, 424, 40305, 425, 40181, 426, 40180, 427, 40179, 428, 40032, 429, 39581, 430, 38661, 431, 37114, 432, 34814, 433, 31678, 434, 27684, 435, 23174, 436, 19503, 437, 18623, 438, 21132, 439, 25410, 440, 29202, 441, 31559, 442, 33035, 443, 34488, 444, 36116, 445, 37587, 446, 38674, 447, 39501, 448, 40261, 449, 40912, 450, 41183, 451, 40790, 452, 39665, 453, 38163, 454, 36936, 455, 36461, 456, 36627, 457, 36676, 458, 35672, 459, 33258, 460, 29896, 461, 26345, 462, 23100, 463, 20348, 465, 16960, 466, 16637, 467, 17128, 468, 18091, 469, 19171, 470, 20170, 471, 21201, 472, 22875, 473, 25965, 474, 30360, 475, 34775, 476, 37879, 477, 39343, 478, 39578, 479, 38858
1791219434.842, MrmFullScanInfo, 532, 107, 2044231, 0, 0, 0, 0, 10000, 39297, 32, 1, 2, 1, 480, -417744, 491695, 420309, -481868, -450357, 447653, 504596, -369591, -519828, 112019, 520192, 337024, -496154, -498882, 373034, 517395, -118857, -520192, -172465, 519670, 317763, -512208, -475535, 481358, 520148, 513112, -186402, -520160, -402975, 501156, 356876, -502239, -434078, 505691, 287514, -518059, -285547, 518245, 223481, -516814, -299378, 516131, 436032, -507544, -515811, 371103, 520192, 101426, -520112, -491733, 444576, 519232, -159793, -519737, -244731, 519812, 475080, -499869, -519031, 342869, 520192, 60888, -519861, -479546, 416865, 519353, -27903, -519598, -261110, 518557, 466737, -497958, -478169, 416188, 151391, -351467, 215728, 384131, -415798, -506808, 435300, 520192, -91039, -519920, -247717, 514658, 474170, -435205, -518789, 176992, 520192, 200933, -520016, -473537, 492676, 519181, -190147, -519077, -136889, 516721, 357159, -499636, -440198, 410783, 360611, -273591, -119047, 172611, -116532, -234176, 233485, 393474, -162981, -471991, -33929, 471911, 270138, -410956, -423783, 212465, 442898, 49191, -334994, -237799, 156239, 323032, 39044, -311490, -174420, 211559, 177479, -96606, -123474, 16568, 44167, 13831, 34635, -10389, -59258, -1348, 26536, 6068, 13426, 24311, -34664, -74522, 38823, 129543, 388, -145324, -62264, 125150, 102737, -76343, -98900, 15109, 68108, 27742, -23075, -32772, -17977, 29401, 45525, -15012, -40704, -3248, 26466, 10476, -13910, 1415, 3796, -15126, 2451, 18970, 1746, -15679, 1946, 9203, -5207, 15036, 16282, -32759, -31397, 30544, 51892, -13278, -63269, -10735, 53436, 35477, -27926, -49680, -5524, 48066, 32975, -29017, -45886, 10030, 36468, 5774, -11648, -12294, -13306, 779, 33828, 23344, -48002, -43203, 43572, 58745, -25076, -65960, 4428, 62229, 12595, -47229, -27462, 33385, 37442, -22332, -42771, 9244, 49892, 992, -55030, -12199, 58362, 19936, -57801, -27707, 60452, 32400, -60905, -34147, 55149, 35543, -44396, -35280, 33675, 32738, -16407, -32545, 882, 33253, 11951, -34946, -23253, 36597, 38228, -40072, -50088, 43120, 58028, -38385, -60771, 29452, 61682, -9882, -52000, -4050, 39453, 19251, -25425, -28583, 11330, 34997, 590, -37721, -5665, 36531, 1517, -31220, 7650, 29895, -12480, -29862, 15378, 30165, -11993, -30922, 4174, 31823, 7117, -29017, -20108, 20533, 31884, -10621, -47832, -1012, 47423, 14632, -40436, -24973, 29439, 27504, -16383, -23848, 5095, 17089, 1004, -7511, -1594, -623, -1123, 3270, 7573, -588, -14523, -5635, 16328, 15529, -11612, -25997, 2069, 32247, 7999, -32290, -18519, 25992, 29039, -16681, -30245, 3868, 28253, 7920, -22484, -14704, 14633, 19022, -7325, -19889, 4324, 17944, -1791, -14740, 2025, 14568, -626, -14860, -4019, 14953, 10977, -13472, -18543, 8705, 25005, -1047, -29115, -5252, 29409, 9731, -21608, -11926, 13797, 9120, -4497, -4159, -2878, -1510, 6375, 4564, -5637, -4272, 1836, 1234, 2877, 3212, -5234, -6036, 8607, 7117, -11792, -4298, 16443, -1053, -21967, 8008, 28990, -14242, -35340, 16491, 38946, -14385, -48077, 9788, 43798, 209, -39250, -8859, 35635, 14749, -35201, -14990, 39598, 13961, -47461, -14795, 57539, 16876, -65502, -30796, 65806, 39252, -57594, -47427, 39990, 51421, -15467, -49335, -11203, 40584, 34202, -27085, -48869, 12491, 54077, 2784, -51747, -6980, 46269, 3803, -39417, 5445, 33612, -16695, -30377, 26203, 28775, -30929, -27118, 31087, 24322, -21487, -10781, 14726, -6003, -6481, 26190, 453, -44424, 2075, 58174, -466, -63549, -4813, 58073, 11083, -38476, -16417, 18824, 14846, 1975, -9634, -14637, 2200, 19193, 4831, -13505, -8164, 697, 5963, 12583, 1864, -19673, -15273, 23796, 26607, -20949, -32916, 13745, 31698, -3543, -22800, -4823, 7548, 8811, 8628, -6966, -23491
1791219434.842, MrmFullScanInfo, 532, 107, 2044231, 0, 0, 0, 0, 10000, 39297, 32, 2, 2, 1, 480, 0, 0, 0, 0, 0, 0, 167893, -228899, -311337, 479950, 360754, -536223, -379639, 348858, 435475, -31329, -509108, -255718, 509644, 431486, -375298, -521091, 138910, 578070, 106347, -565561, -279343, 390994, 331841, -48246, -253985, -334954, 86088, 608187, 82891, -722915, -177720, 713355, 188336, -645896, -151272, 578843, 123002, -546127, -142305, 548601, 209953, -534478, -301694, 419204, 402410, -176048, -491755, -116671, 505068, 355158, -372909, -509104, 113613, 598966, 163068, -608637, -360807, 481041, 470535, -210127, -514774, -113521, 473064, 378841, -310883, -545132, 61745, 630851, 157108, -647111, -221115, 586345, 88831, -464026, 165464, 336779, -393492, -269040, 461195, 294662, -327698, -400123, 68281, 517101, 190602, -540412, -374936, 398703, 493352, -125216, -565964, -163861, 558335, 374317, -421008, -498124, 174910, 570416, 78308, -598547, -229223, 556693, 227971, -437597, -101094, 291813, -73493, -200385, 207889, 209607, -239409, -299313, 152654, 402862, 14877, -444007, -193554, 372756, 317354, -194753, -348672, -29378, 284919, 220244, -157650, -320154, 20370, 313539, 76810, -226772, -109636, 110619, 85196, -12820, -32855, -41308, -11951, 52836, 26783, -42122, -11367, 35620, -18035, -49741, 39957, 81827, -38193, -114797, 10989, 129016, 27428, -113432, -57032, 71998, 64499, -21309, -48251, -20042, 17405, 41238, 13298, -41438, -31872, 27850, 34837, -12202, -25941, 3856, 11845, -4279, 1059, 8523, -8892, -9906, 11568, 3622, -11732, 10286, 13170, -25792, -19587, 34430, 31567, -30871, -44234, 15239, 49453, 7736, -41590, -30242, 21489, 44261, 3695, -45258, -23701, 34078, 30285, -16426, -21319, 860, 750, 5047, 24149, 1152, -44955, -16248, 54455, 34399, -49955, -49629, 34298, 57359, -13139, -56245, -8077, 48406, 25782, -37354, -38883, 25828, 48283, -15350, -55193, 6459, 60288, 940, -64016, -6876, 66421, 11234, -66503, -14282, 62811, 16807, -54651, -19576, 42496, 23137, -27826, -27819, 12828, 33425, 796, -39374, -12829, 45420, 23703, -51184, -33171, 55111, 40565, -54372, -45503, 46801, 47706, -32623, -46653, 14452, 41972, 4098, -34077, -20050, 24397, 31584, -15446, -37721, 10126, 38207, -9860, -34187, 13520, 28382, -18191, -23793, 20877, 22220, -19643, -23728, 13893, 26720, -4137, -28700, -8822, 27750, 23501, -23262, -36810, 15387, 44937, -4827, -45618, -6386, 39350, 15216, -28508, -19220, 16387, 17710, -6195, -11925, 193, 4616, 663, 1102, 3106, -2984, -9268, 83, 14489, 7287, -15986, -17326, 12768, 26864, -5332, -32649, -4770, 32788, 15133, -27122, -23126, 17064, 27008, -5162, -26450, -5782, 22442, 13746, -16868, -17794, 11631, 18229, -7763, -16534, 5154, 14661, -2797, -13935, -589, 14397, 5750, -14892, -12483, 13975, 19757, -11016, -25689, 6506, 28101, -1559, -25695, -2546, 18905, 4711, -9667, -4551, 626, 2743, 5642, -583, -7535, -716, 5149, 638, -75, 519, -5651, -1747, 10679, 1669, -14641, 895, 17851, -6303, -20851, 13684, 23979, -21018, -27628, 26045, 31931, -27170, -36062, 23764, 38706, -16342, -39532, 7134, 39782, 471, -41032, -4003, 44367, 3397, -50078, -1215, 57450, 1046, -64568, -5216, 68418, 13631, -65680, -24339, 54268, 34808, -34595, -42409, 9790, 45039, 15299, -41667, -35849, 33131, 48758, -22502, -53230, 14103, 50356, -11251, -42466, 14530, 32540, -21904, -23375, 30016, 16709, -35382, -12354, 35491, 8253, -29552, -1678, 18633, -8932, -5166, 22919, -7840, -37780, 17379, 50143, -21235, -56502, 18603, 54387, -10563, -43649, 144, 26885, 8719, -8456, -12998, -6960, 11875, 15515, -6729, -15354, 413, 7472, 3699, 4724, -2962, -17043, -3070, 25998, 12115, -29285, -20283, 26059, 23982, -17362, -21232, 6014, 12164
1791219434.857, MrmFullScanInfo, 532, 107, 2044231, 0, 0, 0, 0, 10000, 39297, 32, 4, 2, 1, 480, 0, 0, 0, 0, 0, 0, -318, 322, 422, -1137, -95, 1917, -486, -2014, 701, 1434, -734, -573, 1236, -338, -2199, 1116, 2776, -1382, -2350, 1048, 1614, -492, -1558, 302, 2579, -718, -3516, 1296, 3060, -1325, -961, 541, -1748, 708, 3519, -1713, -3580, 1823, 2365, -1228, -1071, 884, 169, -973, 536, 748, -1361, 209, 1963, -1235, -1438, 1526, -439, -3384, 3060, 17671, -8300, -51557, 15504, 88791, -17412, -102609, 10956, 88861, -1889, -75618, -17097, 99611, 70727, -166879, -150356, 234037, 195927, -243508, -157035, 179470, 57852, -79937, 26917, -2583, -51648, 36282, 32068, -19054, -9737, -24675, 5975, 58005, -11633, -56907, 10531, 28212, -13051, 6920, 52822, -52204, -143181, 139683, 254261, -277089, -340154, 407145, 373034, -438553, -351552, 331935, 286138, -144124, -185574, -24243, 62704, 105735, 51447, -90236, -118615, 8110, 126397, 84557, -94156, -127798, 50330, 93312, -17256, -339, 11627, -103608, -41490, 172832, 97330, -181496, -152484, 128158, 176166, -32570, -149699, -71323, 76101, 147638, 20636, -170810, -106415, 137095, 153050, -68587, -150165, 2592, 107793, 29890, -49948, -20717, 2258, -16214, 19525, 56463, -13830, -78360, -8637, 72195, 30823, -42146, -37333, 1926, 21981, 32168, 9127, -47791, -41573, 40758, 60395, -16258, -57639, -13651, 35299, 35810, -2753, -42299, -28513, 33681, 49581, -16978, -56691, 574, 51911, 10019, -41225, -13583, 31167, 12341, -25640, -10077, 24688, 10305, -25369, -14676, 23983, 22167, -18274, -29611, 8587, 33401, 2131, -31416, -9634, 24426, 10543, -15920, -4387, 10238, -5646, -10075, 13891, 15154, -14746, -22606, 5215, 28329, 13788, -28644, -37146, 21037, 57298, -5068, -67642, -16043, 65389, 35489, -52022, -45985, 32280, 43732, -12649, -29837, -848, 9759, 4695, 8402, 839, -17072, -11616, 12575, 21185, 3402, -23502, -25003, 15622, 44872, 1178, -56465, -21860, 56014, 39270, -43488, -47058, 22671, 42646, 81, -28275, -18258, 9472, 27817, 7552, -28497, -17926, 23105, 19299, -15705, -12383, 9859, 613, -7580, 11337, 8943, -19330, -12388, 21049, 15835, -16332, -17715, 6862, 17228, 4810, -14328, -16601, 9655, 27346, -4212, -36314, -1120, 42715, 5823, -45764, -9534, 45085, 12052, -40783, -13309, 33625, 13260, -24835, -11895, 15933, 9612, -8632, -7308, 4425, 6080, -3725, -6793, 5451, 9660, -7747, -13944, 8994, 18045, -8121, -20292, 4890, 19719, -221, -16119, -4116, 10019, 6759, -2815, -7546, -3442, 7253, 7025, -6889, -7246, 7017, 4915, -7538, -1902, 7811, -162, -6773, 933, 3150, -1230, 3798, 2294, -13486, -5106, 23846, 9956, -31481, -16369, 33184, 23317, -27908, -29287, 17348, 32613, -4602, -32371, -7419, 29013, 16511, -24064, -21445, 19187, 22070, -15139, -19348, 11569, 15009, -7623, -10398, 2577, 5475, 4008, 893, -12134, -9478, 20903, 19585, -28414, -29670, 32741, 37865, -33038, -42085, 29768, 40960, -24384, -35333, 19171, 28477, -16299, -24071, 16103, 24525, -16546, -29940, 13961, 37865, -5231, -44088, -9861, 44249, 27955, -35526, -43696, 18025, 52358, 4893, -51401, -27697, 41293, 44395, -25086, -51069, 7685, 48011, 4991, -39207, -7923, 29471, -72, -22037, 15065, 18371, -30020, -18409, 38239, 20633, -35954, -22188, 23284, 19712, -3554, -10805, -18398, -4641, 38062, 24078, -52293, -43078, 59386, 56792, -58819, -61326, 51005, 55089, -37638, -39499, 22002, 18661, -8121, 1995, -958, -17285, 4333, 23665, -3076, -20367, -257, 9803, 2395, 3651, -559, -15814, -5950, 24066, 15054, -27148, -22802, 24712, 25254, -17592, -20181, 8091, 7856
1791219434.857, MrmDetectionListInfo, 532, 314, 63, 7394, 64, 14144, 65, 23586, 66, 34830, 67, 46077, 68, 54949, 69, 59369, 70, 58555, 71, 53417, 72, 46478, 76, 65535, 77, 65535, 78, 65535, 79, 65535, 80, 65535, 81, 65535, 82, 65535, 83, 65535, 84, 65535, 85, 65535, 86, 45143, 87, 23392, 88, 19593, 89, 28337, 90, 37794, 91, 36115, 92, 23255, 93, 11495, 94, 11802, 95, 23120, 96, 35302, 97, 39442, 98, 34421, 99, 25201, 100, 17516, 102, 23645, 103, 45900, 104, 65535, 105, 65535, 106, 65535, 107, 65535, 108, 65535, 109, 65535, 110, 65535, 111, 65535, 112, 65535, 113, 65535, 114, 65535, 115, 65535, 116, 65535, 117, 65535, 118, 65535, 119, 52227, 120, 64646, 121, 65535, 122, 65535, 123, 65535, 124, 65535, 125, 65535, 126, 65535, 127, 65535, 128, 65535, 129, 65535, 130, 51959, 134, 61765, 135, 65535, 136, 65535, 137, 65535, 138, 65535, 139, 65535, 140, 65535, 141, 65535, 142, 65535, 143, 65535, 144, 65535, 145, 65535, 146, 65535, 147, 65535, 148, 65535, 149, 65535, 150, 65535, 151, 65535, 152, 65535, 153, 65535, 154, 62596, 155, 52571, 156, 47347, 157, 38195, 162, 40625, 163, 48699, 174, 38916, 175, 44332, 176, 46486, 177, 44609, 178, 39187, 186, 37916, 187, 39530, 188, 36111, 189, 30806, 191, 26513, 192, 27397, 193, 27233, 194, 24900, 195, 21550, 197, 17738, 198, 17422, 199, 17472, 200, 17881, 201, 18819, 204, 22100, 205, 22090, 206, 21355, 207, 20080, 221, 17036, 223, 16662, 224, 18202, 225, 22233, 226, 27730, 227, 32674, 228, 35458, 229, 35965, 230, 35942, 231, 37760, 232, 41919, 233, 46319, 234, 48323, 235, 46924, 236, 42851, 237, 37218, 238, 30575, 239, 23149, 240, 15511, 246, 11239, 247, 13847, 248, 15307, 249, 15180, 250, 15056, 251, 17392, 252, 22293, 253, 26828, 254, 28595, 255, 29171, 256, 32382, 257, 38985, 258, 45139, 259, 46792, 260, 43635, 261, 38032, 262, 31674, 263, 24826, 264, 18590, 265, 15450, 266, 16078, 267, 17965, 268, 18736, 269, 18802, 270, 19726, 271, 21332, 272, 21643, 273, 19343, 274, 15161, 275, 10716, 276, 7085, 280, 13485, 281, 16352, 282, 17381, 283, 17414, 284, 17101, 285, 16234, 286, 14456, 287, 12179, 288, 10533, 289, 10488, 290, 12150, 291, 14646, 292, 16751, 293, 17910, 294, 18567, 295, 19496, 296, 21112, 297, 23325, 298, 25630, 299, 27348, 300, 28095, 301, 27994, 302, 27367, 303, 26352, 304, 24881, 305, 22901, 306, 20513, 307, 17897, 308, 15206, 309, 12549, 310, 10053, 316, 5873, 317, 7109, 318, 8611, 319, 10196, 320, 11674, 321, 12863, 322, 13602, 323, 13773, 324, 13315, 325, 12240, 326, 10705, 327, 9186, 331, 6583, 351, 9335, 352, 13273, 353, 16910, 354, 20123, 355, 22986, 356, 25365, 357, 26939, 358, 27481, 359, 27005, 360, 25666, 361, 23604, 362, 21070, 363, 18830, 364, 17974, 365, 18868, 366, 20633, 367, 21942, 368, 22106, 369, 21348, 370, 20231, 371, 19015, 372, 17588, 373, 15814, 374, 13755, 375, 11572, 376, 9337, 377, 7058, 381, 5274, 382, 8965, 383, 14104, 384, 19458, 385, 24076, 386, 27887, 387, 31228, 388, 34120, 389, 36185, 390, 37077, 391, 36768, 392, 35455, 393, 33347, 394, 30640, 395, 27619, 396, 24683, 397, 22245, 398, 20591, 399, 19831, 400, 19921, 401, 20702, 402, 21895, 403, 23121, 404, 23938, 405, 24125, 406, 24196, 407, 25269, 408, 27985, 409, 31745, 410, 35027, 411, 36416, 412, 35522, 413, 33129, 414, 30691, 415, 29986, 416, 32325, 417, 36774, 418, 40131, 419, 39890, 420, 36425, 421, 31887, 422, 28028, 423, 25402, 424, 23670, 425, 22099, 426, 19855, 427, 16608, 428, 13646, 429, 13432, 430, 16847, 431, 21880, 432, 25838, 433, 27867, 434, 28740, 435, 29017, 436, 28220, 437, 25574, 438, 20899, 439, 14991, 443, 19397, 444, 28104, 445, 37207, 446, 45578, 447, 52165, 448, 56543, 449, 58878, 450, 59322, 451, 57721, 452, 53888, 453, 47961, 454, 40417, 455, 31851, 472, 14490, 473, 18963, 474, 21880, 475, 23607, 476, 24550, 477, 24469, 478, 22854, 479, 19580
1791219434.977, MrmFullScanInfo, 533, 107, 2044356, 0, 0, 0, 0, 10000, 39297, 32, 1, 2, 1, 480, -422002, 491691, 420207, -480687, -452429, 447616, 504419, -371659, -519981, 112981, 520121, 338499, -495783, -499157, 376188, 517219, -115085, -520192, -177497, 519434, 320262, -511628, -475613, 482594, 520191, 513300, -176715, -520140, -406429, 498193, 358686, -502768, -435740, 506349, 282866, -518634, -289389, 517291, 219745, -517428, -296109, 516080, 429476, -509077, -515565, 384775, 520192, 91708, -520062, -494220, 442695, 519525, -141815, -519687, -247809, 519503, 465753, -502071, -516435, 392604, 520153, 41312, -519794, -519687, -297490, 518917, 519213, -324498, -520174, 97926, 520192, 271087, -516297, -484832, 432846, 517632, 88430, -519925, -518329, 374937, 520192, 256509, -518781, -476450, 483958, 513212, -310995, -518596, -36288, 242324, 464776, 472940, -434874, -520075, 66007, 519849, 409071, -506787, -510778, 377722, 519318, -100188, -520164, -253532, 457712, 488457, 44876, -490198, -392141, 262406, 416328, -18521, -290809, -112565, -27865, 128802, 336294, -2747, -460736, -186914, 426019, 353388, -276406, -415755, 36739, 332764, 176405, -139185, -214950, -100895, 86244, 217264, 95571, -171997, -211597, 11048, 200369, 140170, -68739, -198206, -98332, 164859, 201018, -55589, -220514, -85914, 137122, 158768, -7738, -147796, -120194, 72105, 191158, 45035, -168320, -154618, 74148, 197831, 48464, -149974, -154962, 38449, 164036, 60003, -92416, -111467, -1810, 95876, 57918, -25492, -61921, -48196, 20995, 92140, 51419, -95407, -90525, 54367, 120629, 8383, -118236, -65391, 83667, 92351, -24730, -80957, -29711, 44139, 51150, 5965, -37899, -41996, 540, 47593, 39590, -19386, -59461, -17063, 47628, 46590, -17087, -59156, -10691, 46649, 27553, -20279, -33228, -1810, 25126, 8271, -4113, -12143, -9687, 5698, 11850, 5744, -4933, -8507, -7854, -409, 20250, 14113, -18915, -27827, 4012, 40881, 13314, -36554, -24531, 20105, 29942, -2053, -26042, -10238, 14707, 16444, -2917, -12665, -1497, -675, -1561, 15536, 11668, -22157, -28720, 23254, 44070, -15879, -49626, 404, 45889, 15901, -35395, -24939, 19022, 26991, -1488, -23731, -10904, 16493, 19105, -8145, -22715, 3345, 21018, 942, -14366, -5010, 6453, 7166, -563, -6877, -286, 6963, 6418, -5302, -10885, 108, 15401, 6419, -18023, -12274, 18149, 17052, -16480, -21213, 14474, 21080, -11489, -20410, 8241, 18997, -4619, -17340, 2820, 13802, 1331, -9346, -6805, 5483, 12044, -1306, -17632, -2508, 21257, 8719, -21823, -10037, 18492, 10807, -12487, -7452, 7858, 2125, -5049, 3713, 4481, -6441, -7995, 6646, 12911, -903, -15317, -7057, 15437, 16421, -11752, -24571, 3736, 31621, 4226, -33417, -8731, 30369, 9486, -23643, -6894, 15084, 1596, -10605, 4580, 8627, -7638, -8098, 9559, 6985, -8528, -4818, 3245, 1824, 5975, 2221, -12834, -7225, 20053, 12148, -25127, -15003, 27828, 15260, -26634, -12324, 22791, 5660, -17241, 3608, 9726, -12258, 1031, 21485, -8775, -29164, 16702, 35806, -24890, -40093, 31889, 42328, -35823, -41581, 35071, 39036, -27117, -34287, 11175, 29175, 9453, -19948, -28552, 8267, 43175, 5004, -50493, -17494, 49867, 26918, -42572, -32091, 32531, 31935, -17873, -26855, 10100, 15514, -4985, -4289, 3224, -2490, -728, 3337, -3465, 2558, 11069, -12664, -21674, 22401, 36975, -23280, -49562, 22640, 58676, -14925, -62128, 4486, 58603, 5549, -48494, -10044, 32148, 11216, -12883, -8314, -9966, 4361, 25544, -855, -33236, 1167, 31644, -5372, -23088, 11875, 11456, -19736, -1372, 27214, -3550, -33220, -1281, 37438, 7503, -40608, -19080, 40343, 30290, -36316, -40119, 28687, 47422, -18449, -51135, 6198, 50946, 1605, -42595, -11871, 36518, 10505, -28837, -5410, 21553, -1794, -16872, 7779, 16128, -11246, -18106, 10871, 19209, -8390
1791219434.977, MrmFullScanInfo, 533, 107, 2044356, 0, 0, 0, 0, 10000, 39297, 32, 2, 2, 1, 480, 0, 0, 0, 0, 0, 0, 168391, -229031, -312176, 480503, 361398, -537121, -379705, 349521, 435333, -31379, -509225, -256021, 509564, 431831, -373996, -521623, 136255, 579002, 109150, -566682, -280487, 391666, 330118, -47932, -249786, -336146, 81197, 609570, 86355, -723859, -178916, 713571, 187792, -645442, -149877, 578074, 120871, -545323, -139177, 548612, 206238, -537037, -297922, 424862, 398736, -182512, -487466, -112872, 499377, 355546, -366914, -512360, 110321, 605147, 161185, -620726, -353549, 497188, 418524, -209417, -333651, -161176, 120502, 456827, 137596, -541199, -353300, 388101, 504525, -93274, -571481, -203739, 491309, 416062, -240693, -501862, -96256, 422772, 396586, -188190, -588190, -100569, 634974, 312903, -502020, -360102, 198108, 227577, 165691, 14850, -394155, -264814, 352879, 459558, -95531, -569315, -203179, 546009, 414986, -361168, -499930, 62928, 442331, 237039, -248376, -425142, -10135, 442112, 209030, -307681, -250152, 104739, 118680, 66606, 112900, -131764, -330491, 70396, 441587, 74656, -409368, -220854, 257688, 288071, -60498, -238136, -90737, 95619, 135350, 62701, -74666, -152346, -34848, 133697, 117682, -31075, -122922, -89671, 49992, 161415, 57360, -149650, -141057, 66802, 159351, 39095, -103631, -113654, 452, 123074, 102120, -65708, -157903, -29396, 143308, 115594, -67335, -152195, -32002, 125399, 106159, -53175, -123590, -25899, 86977, 72824, -26030, -67915, -23218, 19542, 37969, 43142, -16256, -87144, -27922, 92111, 74642, -58897, -105138, 6154, 106131, 41940, -76198, -67156, 28480, 62883, 15317, -34708, -36695, -2214, 29582, 29805, -2199, -35913, -28240, 19697, 45566, 9090, -43194, -35546, 25256, 47403, -1521, -41749, -17602, 24924, 24812, -6323, -19311, -6814, 7138, 11182, 3214, -7993, -5884, 2390, 127, -158, 9572, 4672, -16248, -15399, 15248, 27583, -6755, -34340, -5555, 31336, 16876, -19806, -22978, 5109, 22058, 6435, -15811, -10015, 8330, 4351, -4038, 7647, 6033, -20585, -14613, 29104, 26696, -29518, -37412, 21094, 42656, -6757, -40354, -8337, 30775, 19606, -16422, -24754, 1101, 24003, 11599, -19311, -19224, 12930, 20827, -6251, -17292, 5, 11178, 5018, -5112, -8023, 146, 8714, 4293, -7288, -9062, 4154, 14146, 129, -18678, -4932, 21621, 9603, -22465, -13410, 21318, 15776, -18580, -16647, 14888, 16367, -10890, -15130, 6735, 13046, -2004, -10464, -3659, 7925, 9968, -5568, -16042, 3166, 20701, -608, -22709, -1742, 21372, 3171, -17125, -2965, 11480, 883, -6411, 2431, 3722, -5543, -4325, 6784, 7754, -4878, -12319, -507, 15840, 8675, -16570, -18141, 14104, 26794, -9608, -32213, 5003, 32572, -1818, -27835, 790, 20023, -1910, -12100, 4560, 6288, -7603, -3081, 9556, 1691, -8825, -1089, 4468, 642, 3059, 54, -12104, -1252, 20766, 2795, -27455, -4018, 30932, 4070, -30468, -2255, 26014, -1602, -18013, 6982, 7367, -12865, 4542, 18369, -16244, -23024, 26818, 26523, -35871, -28514, 42808, 28810, -46362, -27685, 44776, 26002, -36566, -24716, 21671, 23992, -2069, -22762, -18710, 19388, 36828, -12906, -49211, 3752, 54267, 6354, -51917, -15118, 43566, 20361, -31841, -20567, 19778, 15726, -9601, -7995, 2058, 1205, 3250, 929, -7340, 3416, 11579, -13071, -17383, 24498, 25545, -33634, -35462, 37565, 45140, -35232, -52024, 27578, 53752, -17149, -48716, 6832, 36516, 1485, -18532, -7333, -1712, 11169, 19271, -13705, -29582, 15547, 30452, -17110, -22823, 18722, 10296, -20763, 2167, 23735, -10164, -28083, 11494, 33742, -6521, -39683, -2765, 44119, 14081, -45264, -25469, 42133, 35509, -35080, -42813, 25419, 46138, -15014, -45088, 6244, 40294, -1409, -32879, 1389, 24343, -4910, -16792, 9654, 12149, -13514
1791219434.977, MrmFullScanInfo, 533, 107, 2044356, 0, 0, 0, 0, 10000, 39297, 32, 4, 2, 1, 480, 0, 0, 0, 0, 0, 0, 327, 23, -595, 42, 547, -68, -243, -192, 164, 540, -466, -502, 487, 151, 340, -22, -1453, 328, 1770, -666, -388, 448, -2536, 481, 5546, -1578, -6672, 2036, 4959, -1570, -1616, 418, -1450, 871, 3124, -1645, -3809, 1689, 4146, -513, -4095, -2349, 3805, 5574, -3499, -6522, 3792, 4171, -4848, -280, 5225, -2545, -3211, 4783, -873, -5270, 4128, -3130, -46190, 32807, 175479, -82664, -352551, 104561, 457731, -12913, -439442, -222156, 401456, 510350, -442139, -719972, 512469, 805725, -494148, -791504, 336155, 684992, -61131, -504424, -279465, 326607, 580017, -219175, -696242, 179062, 572698, -161199, -327951, 132770, 175162, -103220, -220505, 98944, 370476, -102680, -469662, 42964, 475753, 116055, -441066, -324804, 391425, 499324, -307764, -589122, 189616, 591116, -78849, -531251, 17519, 446967, -16802, -369669, 55234, 311443, -92770, -265538, 95396, 217826, -51079, -156308, -25289, 71435, 98607, 37165, -131540, -148046, 106077, 220495, -34997, -219682, -44335, 143983, 91277, -28432, -86759, -76267, 41195, 132314, 15809, -131531, -53185, 92539, 53370, -45188, -18442, 14890, -33725, -13893, 79508, 39757, -98281, -77886, 79292, 106668, -27974, -106949, -33682, 72990, 77346, -17401, -84985, -35035, 59662, 61544, -21359, -52873, -6351, 16304, 9866, 29028, 10087, -62090, -43396, 70376, 77393, -54330, -100518, 23698, 104534, 9146, -87734, -33419, 56141, 42841, -20990, -37471, -6162, 23372, 18370, -9466, -15728, 2883, 4067, -5688, 9271, 14868, -19541, -25163, 25794, 32418, -29049, -35691, 30253, 36736, -29555, -37583, 26408, 38748, -19783, -39344, 8913, 38072, 5567, -33482, -21247, 24613, 34533, -11670, -42275, -3193, 43653, 15940, -40719, -22408, 37112, 21166, -35831, -14921, 37488, 8982, -39951, -8322, 39329, 15164, -32023, -28063, 16743, 42786, 4714, -54382, -28292, 59340, 49318, -56798, -63827, 48465, 69617, -37458, -66983, 26283, 58514, -15853, -47614, 6031, 36801, 3561, -27067, -13039, 18632, 21909, -11705, -28677, 6855, 31445, -4710, -29253, 5548, 23196, -9180, -16255, 15014, 11898, -21853, -12387, 27764, 17866, -30502, -26356, 28406, 34586, -20825, -39497, 8858, 39424, 4175, -34105, -13884, 24442, 17452, -12646, -15318, 1977, 10340, 4631, -6078, -5888, 5199, 2907, -8624, 1413, 15464, -4068, -23264, 3474, 28771, 317, -29336, -6147, 24311, 12185, -15320, -16491, 5254, 17910, 3097, -16644, -8034, 14009, 9404, -11696, -8360, 11114, 6532, -12718, -5082, 15545, 4350, -17568, -4028, 16770, 3530, -12292, -2115, 4951, -883, 3245, 5643, -10197, -11413, 14595, 16627, -16140, -19352, 15418, 18053, -13502, -12292, 11645, 2908, -10882, 8379, 11543, -19248, -12933, 26975, 13606, -29158, -12060, 24669, 7505, -14126, -249, -371, -8462, 16129, 17004, -30871, -23774, 43276, 27466, -52751, -27382, 58888, 23859, -61030, -18430, 58490, 13447, -50775, -11118, 37992, 12427, -21501, -16361, 4211, 19978, 10211, -19808, -18788, 13965, 19997, -3259, -13614, -8950, 780, 18174, 15741, -20661, -31765, 15131, 42953, -3492, -46423, -9872, 41564, 19701, -30188, -21877, 16078, 15297, -3984, -2302, -1968, -12430, -38, 23715, 8817, -27547, -20755, 22508, 31073, -10188, -35284, -5912, 30564, 21853, -17295, -34405, -242, 41649, 15212, -43213, -21377, 40219, 16116, -34867, -1135, 29927, -18411, -27899, 35400, 30295, -43394, -37118, 39512, 46507, -25339, -55047, 5290, 59191, 15732, -56877, -33450, 48309, 45002, -35815, -49025, 22695, 45871, -12081, -37647, 6319, 27443, -6281, -18094, 10698, 11612, -16396, -9262, 20067, 11125, -19718
1791219434.992, MrmDetectionListInfo, 533, 350, 65, 7322, 66, 17703, 67, 40486, 68, 65535, 69, 65535, 70, 65535, 71, 65535, 72, 65535, 73, 65535, 74, 65535, 75, 65535, 76, 65535, 77, 65535, 78, 65535, 79, 65535, 80, 65535, 81, 65535, 82, 65535, 83, 65535, 84, 65535, 85, 65535, 86, 65535, 87, 65535, 88, 65535, 89, 65535, 90, 65535, 91, 65535, 92, 65535, 93, 65535, 94, 65535, 95, 65535, 96, 65535, 97, 65535, 98, 65535, 99, 65535, 100, 65535, 101, 65535, 102, 65535, 103, 65535, 104, 65535, 105, 65535, 106, 65535, 107, 65535, 108, 65535, 109, 65535, 110, 65535, 111, 65535, 112, 65535, 113, 65535, 114, 65535, 115, 65535, 116, 65535, 117, 65535, 118, 65535, 119, 65535, 120, 65535, 121, 65535, 122, 65535, 123, 65535, 124, 65535, 125, 65535, 126, 65535, 127, 65535, 128, 65535, 129, 65535, 130, 65535, 131, 65535, 132, 61596, 133, 65535, 134, 65535, 135, 65535, 136, 65535, 137, 65535, 138, 65535, 139, 65535, 140, 65535, 141, 65535, 142, 65535, 143, 65535, 144, 65535, 145, 57483, 146, 63846, 147, 65535, 148, 65535, 149, 65535, 150, 65535, 151, 65535, 152, 65535, 153, 59515, 154, 38376, 158, 39384, 159, 56951, 160, 65535, 161, 65535, 162, 65535, 163, 65535, 164, 65535, 165, 65535, 166, 62667, 167, 60746, 168, 61675, 169, 60214, 170, 55031, 171, 50745, 172, 51126, 173, 53166, 174, 50545, 175, 41005, 182, 46064, 183, 59122, 184, 65535, 185, 65535, 186, 65535, 187, 65535, 188, 63137, 189, 57508, 190, 53276, 191, 51403, 192, 50502, 193, 47165, 194, 39505, 195, 29530, 198, 15943, 199, 15896, 200, 14136, 206, 16386, 207, 21679, 208, 25590, 209, 28439, 210, 30632, 211, 32234, 212, 33160, 214, 33423, 215, 33173, 216, 32721, 217, 31926, 218, 30631, 219, 28720, 220, 26221, 221, 23553, 222, 21553, 223, 21138, 224, 22659, 225, 25225, 226, 27038, 227, 26937, 228, 25405, 229, 23940, 230, 23941, 231, 25942, 232, 29012, 233, 31190, 234, 31249, 235, 29700, 236, 27861, 237, 26461, 238, 25404, 239, 24477, 240, 23841, 241, 23797, 242, 24378, 243, 25281, 244, 26111, 245, 26581, 246, 26595, 247, 26383, 248, 26718, 249, 29141, 250, 35087, 251, 43740, 252, 51824, 253, 56588, 254, 58085, 255, 58020, 256, 57355, 257, 55709, 258, 52533, 259, 48055, 260, 43012, 261, 37909, 262, 32797, 263, 27664, 264, 22887, 265, 19179, 266, 17141, 267, 16846, 268, 17637, 269, 18492, 270, 18804, 271, 18717, 272, 18622, 273, 18579, 274, 18332, 275, 17691, 276, 16746, 277, 15743, 278, 14888, 279, 14313, 280, 14143, 281, 14523, 282, 15558, 283, 17242, 284, 19444, 285, 21953, 286, 24515, 287, 26854, 288, 28685, 289, 29737, 290, 29793, 291, 28736, 292, 26655, 293, 24045, 294, 21748, 295, 20541, 296, 20589, 297, 21002, 298, 20284, 299, 17669, 300, 13763, 301, 9831, 312, 12272, 313, 14315, 314, 15363, 315, 15517, 316, 15399, 317, 15707, 318, 16444, 319, 16834, 320, 16191, 321, 14599, 322, 12689, 323, 11112, 324, 10278, 325, 10288, 326, 10907, 327, 11590, 328, 11728, 329, 11137, 330, 10208, 331, 9468, 332, 9143, 333, 9144, 334, 9340, 335, 9689, 336, 10161, 337, 10623, 338, 10862, 339, 10688, 340, 10000, 341, 8764, 342, 7004, 348, 10117, 349, 13314, 350, 15333, 351, 16500, 352, 17261, 353, 17596, 354, 17191, 355, 15911, 356, 13935, 357, 11543, 358, 9079, 360, 7472, 361, 9832, 362, 13448, 363, 16850, 364, 19216, 365, 20563, 366, 21120, 367, 20798, 368, 19286, 369, 16428, 375, 15200, 376, 23312, 377, 28746, 378, 32063, 379, 35110, 380, 38451, 381, 41194, 382, 42503, 383, 42489, 384, 41742, 385, 40550, 386, 38797, 387, 36369, 388, 33410, 389, 30196, 390, 26895, 391, 23538, 392, 20131, 393, 16732, 394, 13632, 395, 11749, 396, 12227, 397, 14891, 398, 17742, 399, 18615, 400, 16862, 401, 13434, 406, 12753, 407, 18312, 408, 23697, 409, 26747, 410, 27070, 411, 25900, 412, 24953, 413, 25402, 414, 27033, 415, 28368, 416, 27938, 417, 25334, 418, 21124, 419, 16064, 425, 11223, 426, 15308, 427, 18669, 428, 21614, 429, 23832, 430, 24646, 431, 23835, 432, 22058, 433, 20491, 434, 20136, 435, 21231, 436, 22820, 437, 23258, 438, 22008, 439, 21011, 440, 23079, 441, 28144, 442, 32568, 443, 33036, 444, 29696, 445, 24870, 446, 20424, 447, 17757, 448, 18534, 449, 23101, 450, 29239, 451, 34144, 452, 36954, 453, 38604, 454, 39895, 455, 40533, 456, 39810, 457, 37548, 458, 34467, 459, 32332, 460, 33131, 461, 37015
1791219435.070, MrmFullScanInfo, 534, 107, 2044481, 0, 0, 0, 0, 10000, 39297, 32, 1, 2, 1, 480, -419032, 492777, 419924, -480679, -449507, 446808, 504368, -369628, -520044, 111561, 520161, 339197, -496626, -498593, 374482, 518099, -114407, -520161, -173613, 519395, 320216, -513021, -478160, 479981, 520153, 513137, -173568, -520103, -407928, 499504, 353791, -501592, -435589, 506082, 281742, -518210, -291110, 518047, 231648, -516904, -294586, 515740, 431809, -508464, -515105, 380892, 520192, 80763, -519947, -492692, 446530, 519566, -137446, -519474, -267907, 519730, 465864, -504779, -509462, 441945, 516480, -358862, -517936, 336753, 517975, -373935, -506051, 452580, 496113, -485865, -500625, 484617, 519151, -385590, -520192, -7018, 520116, 421243, -490400, -509296, 376321, 520020, -177392, -520077, -35267, 519707, 245052, -513437, -447501, 467847, 512998, -276643, -519420, 27224, 518575, 152518, -362739, -231996, 88933, 123201, -47358, 35674, 156599, -168826, -423100, 124611, 518483, 21474, -519264, -169346, 506943, 332826, -370512, -400831, 118356, 305012, 77239, -197112, -190846, 48461, 192004, 72352, -127928, -64022, 112708, 36356, -114739, -42548, 138407, 62659, -154662, -79266, 119596, 106878, -31498, -99941, -46252, 63523, 123003, 1292, -179951, -79631, 160105, 148510, -69477, -171250, -13210, 145744, 83677, -66772, -116400, -20395, 83149, 71834, -10107, -76892, -43232, 44652, 64162, 12302, -46371, -40713, 2230, 27239, 46227, 6479, -67293, -49347, 56459, 94911, -20665, -113448, -19259, 98837, 55690, -66404, -50739, 30155, 40428, 1292, -13596, -9073, -12135, -8886, 29112, 32507, -28785, -46333, 6554, 48594, 21486, -36113, -45949, 14720, 47513, 10107, -36016, -19883, 10034, 15350, 19199, 452, -32415, -20857, 34883, 42630, -29303, -45272, 14495, 32279, 85, -19116, -4735, 6182, 816, 3298, 2611, -515, -6294, -9076, 6974, 19546, 1573, -27235, -15962, 37458, 28977, -38129, -37380, 32238, 45338, -23863, -49257, 12139, 42897, 1641, -31612, -14015, 18725, 19131, -5708, -19460, -5838, 15822, 8453, -7053, -5262, -1855, 599, 1877, 8230, 4509, -15887, -16137, 14184, 29635, 881, -38052, -17769, 36633, 33615, -24349, -41193, 6409, 37394, 14305, -17698, -32849, -7850, 39793, 31644, -34608, -37036, 20993, 43310, -7092, -36843, -2382, 24429, 3315, -10244, 5932, 3299, -17311, -5115, 25566, 16934, -25390, -38075, 19118, 47402, -1046, -47851, -19203, 41757, 33547, -28649, -38634, 13916, 34712, -2769, -23489, -3744, 9916, 4666, 1295, 784, -5858, -6869, 6764, 9071, -3994, -6167, 361, 2115, 2556, 2401, -3670, -6846, 6060, 7012, -8334, -6701, 11448, 8637, -14436, -10626, 16488, 12538, -16101, -12629, 11735, 10889, -7071, -4460, 3287, 814, -4921, 7388, 8438, -12590, -12704, 13194, 16832, -7889, -17880, -1080, 14426, 13047, -5351, -21852, -8599, 27455, 24561, -26470, -33014, 22464, 34394, -17052, -27930, 12754, 15327, -8646, 857, 5529, -16438, -2139, 31263, -6664, -38923, 14787, 47432, -21762, -52125, 26813, 54299, -26201, -52741, 19809, 47484, -7763, -38083, -6206, 26516, 23947, -17904, -32689, 10016, 37542, -5520, -37798, 5269, 36687, -6798, -35734, 8343, 35462, -9193, -32263, 6353, 25006, 744, -9309, -6069, -8101, 8483, 23957, -6248, -33053, -3016, 32043, 15332, -21953, -26100, 7943, 31031, 12046, -25353, -23637, 14473, 27580, -1504, -21881, -10005, 10314, 16167, 3354, -15716, -13885, 9515, 19356, -543, -18210, -11899, 14933, 17499, -9613, -18225, 1613, 16099, 6888, -11590, -14380, 7300, 20388, -1589, -22376, -4621, 21087, 12233, -14919, -19395, 4521, 23074, 6112, -21273, -13277, 15456, 14440, -4927, -8441, -6413, -2193, 14908, 10336, -16516, -18030, 16240, 22665, -12612, -20601, 10020, 13650, -9141, -4965, 9625, -3049, -11320, 6276, 11238
1791219435.070, MrmFullScanInfo, 534, 107, 2044481, 0, 0, 0, 0, 10000, 39297, 32, 2, 2, 1, 480, 0, 0, 0, 0, 0, 0, 167787, -228662, -311139, 479415, 360642, -535514, -379758, 348074, 435931, -30593, -509633, -256265, 509569, 431921, -374133, -521709, 136824, 578924, 108674, -566386, -280504, 391254, 330125, -47383, -249471, -336789, 81157, 609938, 85549, -723508, -177751, 712688, 187880, -644928, -152298, 578729, 124947, -546961, -142929, 549919, 208355, -537499, -298545, 425567, 398452, -184523, -486633, -110093, 496998, 353876, -361674, -513365, 103562, 611504, 164586, -657581, -342827, 643758, 414664, -584434, -420903, 525589, 401454, -508838, -373079, 537355, 343192, -576810, -323582, 567958, 331606, -448827, -384307, 209860, 476279, 73413, -555750, -297934, 548128, 424717, -418467, -489409, 198433, 538465, 41396, -576301, -237367, 562538, 365803, -457990, -436459, 274072, 451703, -75222, -398171, -63772, 289089, 96315, -190039, -24742, 170819, -95640, -242943, 183722, 361381, -178895, -466100, 76399, 509152, 74635, -458715, -206862, 313089, 271750, -115166, -255732, -65574, 178551, 176484, -81419, -208166, 5864, 188688, 30678, -157676, -37764, 139506, 34894, -131302, -37441, 113058, 50515, -69190, -66614, 90, 70453, 79003, -49734, -142785, 2785, 166202, 59153, -139510, -113646, 74405, 136093, 3183, -114613, -63966, 58543, 86244, 6778, -66738, -53419, 22312, 64685, 20864, -43633, -40978, 9891, 29657, 13908, 4822, -14254, -42626, -9681, 64375, 47540, -60907, -82450, 36305, 99186, -3867, -91380, -21792, 63817, 31747, -29950, -24837, 5082, 5819, 2119, 15850, 6604, -28941, -22530, 25786, 36152, -7408, -40786, -16780, 34149, 34675, -19142, -37617, 2587, 24291, 8272, -779, -8874, -23166, -674, 39261, 14881, -43247, -25906, 35379, 28785, -20591, -23648, 6267, 14121, 2123, -5179, -3349, 1240, -169, -4070, 3975, 12682, -3836, -24614, -1628, 36439, 10773, -44304, -21113, 45604, 30496, -40086, -36754, 29019, 38070, -14528, -34055, -315, 25809, 12184, -15368, -18642, 5431, 18722, 1507, -13397, -4064, 5971, 1974, -863, 3938, 1308, -10810, -8023, 14178, 19197, -10637, -30743, 192, 37517, 13737, -35498, -25731, 23473, 30413, -3586, -24927, -18899, 10983, 36899, 6306, -44519, -21645, 40417, 31471, -28476, -33857, 15334, 28568, -6881, -18119, 5902, 7512, -11345, -2584, 19613, 6809, -26262, -18710, 27072, 32817, -19558, -43304, 4955, 46729, 11768, -42365, -24646, 31881, 29669, -18615, -26194, 6471, 16770, 1324, -5542, -3464, -3679, 1317, 8620, 2020, -8795, -3836, 5328, 3129, -209, -577, -4792, -2247, 8786, 4051, -11721, -4673, 14061, 4862, -16204, -5234, 17817, 5810, -17887, -6057, 15612, 5358, -11434, -3199, 7115, -767, -4510, 6269, 4412, -11763, -6436, 14705, 9560, -12947, -12292, 5947, 12799, 4963, -9367, -17130, 1561, 27549, 8842, -33785, -18283, 34678, 23138, -30570, -21327, 22866, 12977, -13277, -82, 2980, -14170, 7626, 26571, -18283, -35186, 28262, 39932, -36332, -41839, 41046, 41906, -40869, -40665, 34776, 38202, -22752, -34676, 6408, 30663, 10889, -26760, -25156, 23237, 33807, -20298, -36769, 18345, 35835, -17605, -33192, 17647, 30015, -17072, -25843, 14038, 19275, -7576, -9382, -1265, -3140, 9458, 15847, -13245, -25526, 10047, 29623, -133, -26940, -12968, 17893, 24067, -4676, -28810, -8882, 25515, 18504, -15547, -21320, 2474, 16972, 9335, -7540, -16240, -3477, 16355, 12749, -10125, -18338, 379, 19657, 8931, -16717, -14870, 9986, 16854, -767, -15897, -8859, 13162, 16755, -9045, -21399, 3298, 22094, 4134, -18862, -12296, 12461, 19152, -4496, -22271, -2747, 19888, 7012, -11823, -7154, 104, 3623, 11621, 2154, -19909, -8399, 23235, 13105, -22185, -14327, 18488, 11208, -14045, -4752, 10246
1791219435.070, MrmFullScanInfo, 534, 107, 2044481, 0, 0, 0, 0, 10000, 39297, 32, 4, 2, 1, 480, 0, 0, 0, 0, 0, 0, -457, 364, 781, -1024, -535, 1506, -127, -1444, 640, 927, -563, -387, 118, 141, 150, -146, -185, 133, 359, -29, -230, -214, -983, 752, 2471, -1275, -2586, 1149, 1050, -220, 581, -759, -480, 873, -1213, 14, 2585, -982, -2109, 1130, 489, -1481, 907, 3079, -1723, -4764, 2412, 4514, -4345, -1771, 7254, -2048, -7842, 8410, 2751, -40044, 12929, 148639, -23331, -367617, -15581, 659973, 137795, -928236, -324647, 1075561, 517812, -1056063, -666756, 869998, 729112, -539203, -675937, 120568, 523391, 258133, -324816, -449815, 122923, 415779, 63082, -261956, -208157, 138967, 266673, -142198, -207399, 265451, 70115, -414327, 26620, 494054, 11434, -494246, -156324, 466318, 310204, -439415, -426725, 398810, 512492, -314928, -550464, 178148, 508274, -16555, -398469, -114250, 281545, 167504, -207602, -138172, 186565, 63775, -199717, -2006, 219638, -1076, -219258, -62413, 174663, 158525, -74908, -227760, -60544, 220066, 180578, -129421, -229187, -640, 181606, 105211, -61945, -137335, -71706, 90572, 161254, 3833, -175666, -97451, 119882, 148665, -27954, -139181, -54636, 78375, 92261, 3471, -73836, -68900, 14812, 89346, 51207, -58703, -88393, -3078, 77001, 60635, -23547, -82710, -44067, 58856, 93695, -3254, -106653, -55832, 84437, 92398, -43578, -94759, 5061, 68454, 15367, -30863, -12380, 1657, -8872, 6265, 35987, 8205, -54422, -35099, 53739, 59087, -32897, -67317, 870, 55567, 27784, -29502, -40329, 1021, 32491, 17845, -10042, -20175, -15403, 6954, 33118, 13985, -37618, -32229, 29586, 39810, -14425, -34306, -515, 18967, 9148, -630, -9337, -13525, 3357, 19103, 4208, -15984, -9252, 7535, 10077, 2011, -7666, -9948, 4507, 15842, -2655, -20673, 2439, 25164, -2691, -28655, 1993, 29220, 145, -24951, -3002, 15438, 5042, -2547, -4614, -9877, 939, 17539, 5128, -17759, -10885, 10883, 12885, -246, -8991, -9067, 234, 12229, 9404, -7064, -15316, -4344, 14908, 16468, -8748, -23217, 197, 20981, 6037, -10110, -5926, -5393, -1550, 19465, 13822, -26507, -26320, 24324, 34461, -15300, -34873, 4862, 26561, 1659, -12095, -1286, -3028, -5613, 12646, 15942, -12919, -25321, 4335, 29553, 8885, -26104, -21537, 15470, 29940, -1343, -32637, -11206, 30146, 18192, -24310, -18382, 17631, 13331, -12360, -5993, 9447, -909, -8134, 5870, 6934, -8682, -5039, 9932, 2859, -10073, -1743, 8868, 3045, -5569, -6850, -507, 11495, 9427, -14485, -20237, 14148, 30845, -10598, -38469, 5720, 40730, -1908, -37150, 894, 29917, -3354, -22623, 8639, 18154, -14447, -17366, 17416, 19094, -14652, -20878, 5000, 20115, 10293, -14954, -27755, 5157, 43043, 7225, -52665, -18228, 55033, 23791, -50534, -21617, 40932, 11855, -28388, 3257, 14264, -20106, 1061, 35014, -17136, -45892, 32756, 52885, -46303, -57258, 56115, 59919, -60178, -61006, 56481, 60140, -43575, -57273, 21842, 52993, 5390, -47690, -32668, 41060, 55088, -32985, -70334, 24426, 78445, -16827, -80674, 11055, 78160, -6477, -71244, 1482, 59845, 4891, -44209, -11924, 25422, 17726, -5559, -20390, -12618, 18837, 26555, -13546, -34583, 6592, 36427, -813, -33450, -1306, 28409, -1354, -24351, 8056, 23208, -16519, -24944, 23876, 27662, -27560, -28507, 25764, 25219, -18104, -17467, 6378, 6728, 6042, 4929, -16088, -15728, 22505, 24353, -25407, -29966, 25318, 32313, -22599, -31615, 17608, 28348, -11181, -23105, 4832, 16801, -364, -11008, -731, 7907, -2147, -9419, 8433, 15630, -15908, -24425, 21412, 32933, -22942, -38683, 21070, 39665, -17983, -34680, 15598, 24558, -14902, -12306, 15917
1791219435.070, MrmDetectionListInfo, 534, 324, 63, 15858, 64, 30729, 65, 57906, 66, 65535, 67, 65535, 68, 65535, 69, 65535, 70, 65535, 71, 65535, 72, 65535, 73, 65535, 74, 65535, 75, 65535, 76, 65535, 77, 65535, 78, 65535, 79, 65535, 80, 65535, 81, 65535, 82, 65535, 83, 65535, 84, 65535, 85, 65535, 86, 65535, 87, 65535, 88, 65535, 89, 65535, 90, 65535, 91, 65535, 92, 65535, 93, 65535, 94, 65535, 95, 65535, 96, 65535, 97, 65535, 98, 65535, 99, 65535, 100, 65535, 101, 65535, 102, 65535, 103, 65535, 104, 65535, 105, 65535, 106, 65535, 107, 65535, 108, 65535, 109, 65535, 110, 65535, 111, 65535, 112, 65535, 113, 65535, 114, 65535, 115, 65535, 116, 65535, 117, 65535, 118, 65535, 119, 65535, 120, 65535, 121, 65535, 122, 65535, 123, 65535, 124, 65535, 125, 65535, 126, 65535, 127, 65535, 128, 65535, 129, 65535, 130, 65535, 131, 65535, 132, 65535, 133, 65535, 134, 65535, 135, 65535, 136, 65535, 137, 65535, 138, 65535, 139, 65535, 140, 65535, 141, 65535, 142, 65535, 143, 65535, 144, 65535, 145, 65535, 146, 65535, 147, 65535, 148, 65535, 149, 65535, 150, 65535, 151, 65535, 152, 65535, 153, 65535, 154, 65535, 155, 65535, 156, 51960, 157, 43665, 158, 48025, 159, 56880, 160, 61915, 161, 63116, 162, 62214, 163, 57806, 166, 50081, 167, 54923, 168, 57674, 169, 59378, 170, 61383, 171, 61861, 172, 60870, 173, 63725, 174, 65535, 175, 65535, 176, 65535, 177, 65535, 178, 53764, 179, 40874, 188, 33161, 189, 39921, 190, 45912, 191, 50985, 192, 52471, 193, 48459, 194, 40292, 195, 32583, 196, 30007, 197, 32114, 198, 33041, 199, 28342, 200, 20562, 201, 15885, 204, 16473, 207, 20625, 208, 26967, 209, 31946, 210, 34007, 211, 33155, 212, 29942, 235, 12848, 236, 14268, 237, 15276, 239, 15508, 240, 14847, 241, 13780, 242, 12504, 251, 12193, 252, 12818, 254, 11205, 264, 10914, 265, 12022, 266, 13862, 267, 14951, 268, 14100, 269, 11988, 270, 10336, 271, 9583, 272, 8549, 273, 6618, 275, 7129, 276, 12909, 277, 20241, 278, 25658, 279, 27759, 280, 27575, 281, 26466, 282, 24613, 283, 21549, 284, 17392, 285, 13004, 286, 9114, 291, 11539, 292, 16181, 293, 18205, 294, 17666, 295, 16575, 296, 16880, 297, 18774, 298, 20876, 299, 21721, 300, 20811, 301, 18798, 302, 17337, 303, 18088, 304, 20858, 305, 23360, 306, 23542, 307, 21452, 308, 18524, 309, 15769, 310, 13162, 316, 6563, 317, 7613, 318, 7753, 319, 7220, 320, 6627, 330, 11761, 331, 15757, 332, 18824, 333, 20737, 334, 22004, 335, 22942, 336, 23360, 337, 22974, 338, 21824, 339, 20231, 340, 18516, 341, 16880, 342, 15478, 343, 14499, 344, 14113, 345, 14361, 346, 15119, 347, 16141, 348, 17130, 349, 17780, 350, 17797, 351, 16917, 352, 15156, 353, 13308, 354, 12745, 355, 14204, 356, 17030, 357, 19891, 358, 22265, 359, 24925, 360, 28735, 361, 33343, 362, 37283, 363, 39154, 364, 38597, 365, 36147, 366, 32386, 367, 27538, 368, 21854, 369, 16166, 371, 11070, 372, 13156, 373, 17242, 374, 22923, 375, 30112, 376, 37626, 377, 43835, 378, 48317, 379, 51884, 380, 55235, 381, 58169, 382, 60051, 383, 60547, 384, 59727, 385, 57690, 386, 54343, 387, 49552, 388, 43487, 389, 36906, 390, 31276, 391, 28838, 392, 31484, 393, 38215, 394, 45005, 395, 48569, 396, 49152, 397, 48992, 398, 49278, 399, 49422, 400, 48562, 401, 46749, 402, 44604, 403, 42406, 404, 39857, 405, 36640, 406, 33062, 407, 29881, 408, 27443, 409, 25275, 410, 22637, 411, 19225, 412, 15513, 413, 12920, 414, 13082, 415, 16093, 416, 20003, 417, 22559, 418, 23011, 419, 22091, 420, 20763, 421, 19373, 422, 17925, 423, 16581, 424, 15516, 425, 14672, 426, 14133, 427, 14416, 428, 15921, 429, 18376, 430, 21090, 431, 23566, 432, 25655, 433, 27247, 434, 28041, 435, 27662, 436, 25896, 437, 22771, 438, 18479, 439, 13408, 445, 19166, 446, 23123, 447, 25431, 448, 26830, 449, 27881, 450, 28476, 451, 28251, 452, 27123, 454, 23101, 467, 15088, 468, 19209, 469, 22938, 470, 26055, 471, 28455, 472, 30019, 473, 30640, 474, 30316, 475, 29150, 476, 27274, 477, 24818, 478, 21931, 479, 18820
1791219435.195, MrmFullScanInfo, 535, 107, 2044606, 0, 0, 0, 0, 10000, 39297, 32, 1, 2, 1, 480, -419729, 492737, 419469, -481415, -451159, 447107, 504247, -374635, -519935, 113429, 520167, 339180, -495545, -498082, 373117, 518278, -117081, -520192, -174685, 519599, 320665, -511593, -474861, 482156, 520142, 511687, -196943, -519964, -399205, 501933, 350785, -503127, -436124, 506062, 284349, -518101, -295915, 517311, 230380, -516978, -304193, 515925, 444145, -505262, -516884, 357613, 520192, 137320, -519941, -494799, 436570, 519385, -191482, -520044, -121454, 520074, 342766, -517829, -474775, 495232, 516050, -371260, -520180, -137426, 330870, 519902, 327510, -509021, -504538, 459240, 520024, -167791, -516849, -3586, -41594, -7070, 501249, 235924, -512919, -488191, 499096, 519246, -292158, -520092, 23188, 520051, 293264, -509127, -504354, 344307, 520166, 145884, -520071, -486982, 459464, 519692, -89467, -519320, -201334, 515142, 337428, -485505, -305012, 315177, 91002, -131661, 178019, 70742, -372160, -200216, 384566, 368849, -245079, -378464, 22070, 318161, 203382, -168539, -329825, -50678, 320389, 230365, -245815, -294935, 160506, 290787, -68536, -236940, 21190, 141537, -47832, -77286, 67426, 66837, -63194, -93716, 30303, 125049, 60543, -116589, -168025, 61095, 212502, 31108, -174467, -122190, 87804, 156483, 27733, -110595, -118121, 23184, 141483, 70978, -100476, -143627, 29856, 165222, 40756, -126002, -90974, 64954, 86262, -8159, -34709, -31387, -28750, 33783, 67069, -24, -70143, -34461, 41754, 48222, 12071, -39143, -53619, 3930, 77271, 38149, -76746, -67233, 60999, 69346, -29786, -50870, 5794, 23723, -537, 5535, 10566, -23518, -31180, 22218, 45890, -357, -49837, -21997, 33114, 40014, -4492, -45527, -19761, 34349, 36739, -10951, -43947, -5699, 32687, 15678, -16010, -21435, 5172, 21376, -2173, -17952, 4392, 20511, -7915, -25830, 12201, 28483, -7059, -26303, -4209, 27208, 16052, -17183, -24756, 1805, 31810, 12218, -32936, -22331, 24962, 30404, -12621, -33080, 1694, 26925, 10466, -17088, -19484, 8045, 20912, 2985, -17350, -11500, 14214, 12335, -7315, -7029, -1011, -10, 6690, 7249, -7227, -14430, 5725, 14416, -513, -8574, -4600, 354, 5702, 10823, -1196, -20733, -5695, 26575, 12699, -23854, -14712, 13380, 16005, -3380, -11553, -7306, 3855, 15370, 5422, -18546, -13018, 17786, 16939, -15539, -14873, 11902, 13147, -9038, -7518, 7157, 3394, -6471, -264, 3725, 755, 733, -2149, -6227, 3554, 12293, -4000, -16877, 3398, 15750, -1730, -12426, 131, 8410, -513, -1767, 2208, -4984, -4190, 10060, 6426, -11608, -7670, 12112, 6996, -8928, -6348, 6227, 6848, -2948, -6296, -116, 4084, 5010, -2404, -9299, 1263, 13158, -223, -14083, -910, 14266, 267, -12491, 1428, 11181, -3034, -11771, 6389, 14181, -9154, -18359, 9301, 23824, -7988, -32032, 2812, 38437, 2827, -45589, -10056, 52115, 16245, -56016, -21846, 58721, 26139, -60385, -31171, 61436, 33255, -60760, -18595, 58414, 19147, -55449, -19875, 50177, 19711, -41314, -21627, 31245, 24921, -20598, -28456, 11940, 33022, -6762, -42755, 4338, 43516, -1545, -42192, -3505, 39818, 8368, -36483, -13837, 33525, 16311, -30567, -15164, 27925, 10298, -24303, -4224, 21137, -3281, -18763, 8912, 16937, -11999, -15886, 13740, 12533, -14575, -7537, 16470, -713, -19085, 10352, 23477, -18262, -24616, 20556, 25165, -18024, -21551, 11740, 14989, -3356, -3636, -3195, -10806, 7468, 26468, -10675, -38497, 10175, 46723, -8986, -49093, 4449, 46246, 966, -40313, -9661, 31655, 20169, -22432, -30518, 12927, 42937, -4836, -49594, -1608, 49457, 8027, -40011, -12689, 23098, 14851, -559, -14206, -21553, 11687, 40434, -8369, -47519, 4791, 54609, -4387, -57905, 6472, 59474, -9766, -60601, 14033, 61395, -15849, -62090, 15745, 58347, -14255
1791219435.195, MrmFullScanInfo, 535, 107, 2044606, 0, 0, 0, 0, 10000, 39297, 32, 2, 2, 1, 480, 0, 0, 0, 0, 0, 0, 167979, -229154, -311393, 480907, 360537, -537824, -378998, 350278, 434706, -31807, -508562, -256094, 509203, 432215, -374446, -521853, 137433, 578769, 107970, -566248, -281006, 391853, 334323, -49574, -258040, -333118, 91017, 606346, 78667, -721743, -175665, 713200, 189556, -646858, -155814, 580865, 129704, -548667, -149256, 549971, 215819, -530849, -306663, 407752, 407432, -159524, -498415, -130714, 521324, 358746, -414824, -497173, 188565, 580698, 70855, -630907, -271326, 609790, 374923, -448686, -372837, 135872, 259988, 239737, -60575, -528548, -156915, 618733, 298134, -506123, -280628, 286822, 82307, -96533, 217945, 30133, -477829, -95909, 587149, 234761, -510270, -385766, 282591, 511187, 4613, -556604, -259050, 452799, 441420, -196346, -542243, -114342, 530233, 365874, -379926, -521344, 143489, 592004, 58775, -572255, -128718, 448720, 51175, -256021, 113046, 88063, -275113, -29608, 361980, 87612, -335466, -194830, 199569, 266683, -770, -249877, -191100, 141857, 317263, 12911, -353119, -151828, 309534, 229304, -222361, -233324, 134760, 182251, -76114, -113415, 50590, 65042, -41378, -55869, 23595, 77410, 19860, -102426, -83817, 101207, 141686, -58866, -163444, -13014, 134074, 81068, -61018, -110949, -28420, 87403, 99196, -20337, -126256, -61358, 105202, 123689, -51269, -143958, -8271, 119789, 45694, -66382, -46674, 8171, 17389, 30927, 21795, -38316, -48660, 18574, 49449, 10955, -23685, -30990, -17307, 30189, 57306, -10163, -82337, -16878, 84976, 36823, -67049, -41361, 39120, 30152, -15182, -9079, 4979, -12145, -9861, 23791, 23484, -20737, -35549, 4755, 37376, 16794, -26346, -34262, 6236, 40241, 15630, -33447, -31457, 18294, 36293, -1055, -30919, -13068, 21052, 21206, -12887, -23625, 9735, 22995, -11148, -21896, 13614, 21628, -12780, -22328, 6505, 22667, 4172, -20181, -16582, 13376, 27571, -3160, -33868, -8281, 33369, 18600, -26295, -25439, 14690, 27177, -1387, -23788, -10419, 16511, 18138, -7273, -20818, -1215, 18773, 6208, -12739, -6556, 4230, 3082, 4178, 2315, -9772, -7322, 10894, 9763, -7591, -8287, 1811, 2733, 3391, 6027, -5558, -15890, 4155, 23473, -223, -25522, -4623, 20910, 8669, -11169, -10249, -695, 8385, 11644, -3501, -19386, -2561, 22847, 7532, -22202, -9855, 18640, 9261, -13849, -6504, 9257, 2987, -5392, -385, 1975, -99, 1548, -1639, -5471, 4637, 9428, -7427, -12358, 8691, 13224, -7917, -11658, 5735, 7889, -3373, -2396, 1761, -3858, -1160, 9455, 1349, -13015, -1912, 13821, 2627, -12104, -3528, 8860, 4509, -5071, -5146, 1050, 5204, 3287, -4944, -7676, 4740, 11345, -4659, -13506, 4656, 13858, -4802, -12802, 5372, 11340, -6734, -10626, 9037, 11484, -11832, -14392, 14128, 19546, -14963, -26721, 13863, 35269, -10974, -44228, 6949, 52526, -2539, -59231, -1784, 63980, 5826, -66970, -8410, 68198, 7972, -67084, -4864, 63431, 1752, -58034, -1128, 51748, 3472, -44711, -8204, 36949, 14550, -29108, -21972, 22520, 29791, -18335, -36536, 16225, 40519, -14305, -41283, 10762, 40022, -5392, -38212, -318, 36500, 4261, -34497, -4970, 31403, 2362, -26890, 2493, 21491, -8028, -16289, 12845, 12131, -16125, -8966, 17786, 5770, -18236, -1131, 18073, -5755, -17680, 14201, 17124, -21910, -16317, 26121, 15124, -25109, -13115, 18994, 9350, -9434, -2744, -1364, -7012, 11464, 18764, -19431, -30184, 24177, 38862, -24971, -43326, 21561, 43456, -14144, -40252, 3443, 35181, 9490, -29565, -23248, 24319, 35833, -19634, -44556, 14853, 46765, -8946, -40961, 1470, 27467, 6963, -8465, -15000, -12233, 21136, 30477, -24409, -43646, 25148, 51444, -24941, -55035, 25550, 55822, -27662, -55102, 30642, 53757, -33103
1791219435.195, MrmFullScanInfo, 535, 107, 2044606, 0, 0, 0, 0, 10000, 39297, 32, 4, 2, 1, 480, 0, 0, 0, 0, 0, 0, 0, -357, 76, 1113, -343, -1756, 732, 1691, -999, -904, 896, 43, -371, 364, -237, -230, 571, -91, -613, 145, -622, 501, 4029, -1939, -8022, 3294, 9355, -3306, -6858, 1811, 2432, 180, 1657, -1677, -4344, 2321, 6174, -2279, -7514, 576, 7940, 6209, -7989, -16966, 8499, 23548, -11019, -19129, 22805, 4241, -50453, 15465, 81970, -27644, -92558, 10723, 76515, 26274, -46485, -14187, 31277, -119776, -64341, 370108, 153082, -634087, -263015, 785304, 325216, -754204, -286035, 558607, 156616, -300865, -12160, 102967, -76152, -17076, 93177, 6922, -49962, -21937, -33788, 42527, 111321, -48751, -138567, 7133, 122896, 86514, -105524, -182955, 97514, 235709, -70262, -262472, 13499, 313370, 40473, -389203, -58307, 431557, 41444, -393606, -19159, 293763, 14936, -188043, -27008, 114175, 38750, -72203, -39153, 43365, 32971, -12507, -33252, -23667, 47161, 58842, -70541, -86152, 90523, 102451, -93840, -107209, 76241, 101275, -45618, -87083, 16119, 69375, 2070, -54727, -8477, 48592, 10530, -50967, -15821, 55324, 25894, -53024, -35616, 40107, 37630, -20498, -28019, 3394, 8725, 2453, 14071, 6651, -33138, -27687, 42372, 52330, -38762, -70115, 24176, 72111, -5277, -54630, -9303, 21709, 13388, 16109, -6426, -46851, -6334, 62610, 16169, -62351, -15598, 50972, 2988, -36096, 17039, 24448, -37209, -19194, 51604, 19527, -56856, -22090, 52364, 23281, -40194, -21131, 24593, 16016, -10816, -10065, 2970, 6048, -2136, -6113, 6103, 10746, -10788, -18359, 12484, 25921, -9884, -29966, 4267, 27986, 2176, -19869, -7775, 8128, 11721, 3643, -13811, -12494, 14318, 16693, -13662, -15670, 12246, 10034, -10432, -1404, 8428, -8116, -6293, 16609, 4154, -22699, -2430, 25710, 1728, -25797, -2370, 23707, 4346, -20287, -7543, 16247, 11828, -12114, -16770, 8111, 21538, -4028, -25104, -484, 26443, 5517, -24582, -10824, 18766, 15835, -9010, -19764, -3233, 21812, 15114, -21392, -23510, 18395, 26425, -13223, -23544, 6896, 16130, -779, -6799, -3991, -1487, 7015, 6968, -8792, -9682, 10482, 10696, -13363, -11034, 18108, 11584, -24120, -13141, 29643, 16705, -32722, -22686, 31991, 29743, -26636, -35154, 16565, 36799, -3187, -34378, -10520, 28772, 21398, -21308, -27421, 13436, 28009, -6516, -23832, 1621, 16621, 664, -8629, -539, 1758, -896, 3041, 2218, -5587, -2391, 6165, 1113, -5211, 1210, 3236, -3642, -895, 5284, -1129, -5860, 2566, 5610, -3618, -4757, 4607, 3259, -5600, -1138, 6611, -1417, -7771, 4364, 9092, -7711, -10425, 11121, 11876, -13851, -13948, 15187, 16955, -14728, -20643, 12379, 24324, -8412, -27517, 3535, 30594, 1176, -34567, -4653, 40305, 6461, -47929, -6927, 56929, 6742, -66367, -5308, 74543, 1194, -79218, 5308, 79207, -11399, -75252, 14090, 68806, -12178, -60670, 5560, 51337, 5196, -41621, -18990, 32921, 33724, -26601, -45965, 22707, 52363, -19784, -52001, 16411, 47057, -12574, -40846, 9519, 35700, -8572, -31922, 9930, 28095, -12273, -22445, 13731, 14345, -13349, -4956, 12003, -3420, -12019, 8834, 15720, -10779, -23685, 10029, 33943, -7690, -42783, 4467, 46752, -618, -44306, -3558, 36148, 7537, -24325, -10567, 11084, 12042, 1949, -11902, -13732, 10610, 23491, -8739, -30807, 6770, 35752, -5172, -38551, 4142, 39261, -3058, -38068, 656, 35636, 4437, -33118, -12797, 31822, 23494, -32252, -33971, 33264, 40964, -32373, -41791, 27225, 35206, -16936, -21789, 2577, 4156, 13078, 13989, -26581, -29707, 35528, 41796, -39670, -50105, 40474, 54509, -39680, -55053, 38297, 52362, -36412
1791219435.195, MrmDetectionListInfo, 535, 294, 50, 7594, 51, 10353, 52, 13248, 53, 15531, 54, 16830, 55, 17317, 56, 17584, 57, 18696, 58, 22540, 59, 30874, 60, 42870, 61, 54291, 62, 59911, 63, 57399, 64, 49797, 65, 42920, 66, 38756, 67, 35154, 68, 35101, 69, 51037, 70, 65535, 71, 65535, 72, 65535, 73, 65535, 74, 65535, 75, 65535, 76, 65535, 77, 65535, 78, 65535, 79, 65535, 80, 65535, 81, 65535, 82, 65535, 83, 65535, 84, 48941, 85, 45956, 86, 55349, 87, 54924, 88, 41896, 89, 28617, 90, 26539, 91, 38075, 92, 58940, 93, 65535, 94, 65535, 95, 65535, 96, 65535, 97, 65535, 98, 65535, 99, 65535, 100, 65535, 101, 65535, 102, 65535, 103, 65535, 104, 65535, 105, 65535, 106, 65535, 107, 65535, 108, 65535, 109, 65535, 110, 65535, 111, 65535, 112, 65535, 113, 65535, 114, 65535, 115, 65535, 116, 65535, 117, 65535, 118, 65535, 119, 61245, 120, 53476, 129, 65535, 130, 65535, 131, 65535, 132, 65535, 133, 65535, 134, 65535, 135, 65535, 136, 65535, 137, 65535, 138, 54969, 146, 32403, 147, 34986, 148, 38377, 149, 41230, 150, 42290, 151, 41058, 152, 37610, 153, 32198, 162, 35897, 163, 43427, 165, 51198, 166, 50771, 167, 47403, 178, 38778, 179, 40234, 188, 33682, 189, 35710, 190, 37565, 191, 38888, 192, 38870, 193, 37159, 194, 34036, 195, 29966, 197, 20192, 198, 15124, 223, 15516, 224, 15964, 225, 15060, 235, 12627, 236, 12991, 237, 13444, 240, 13870, 241, 13563, 242, 13327, 243, 13174, 246, 12910, 247, 13022, 248, 13244, 250, 13709, 251, 13804, 252, 13748, 253, 13602, 254, 13679, 256, 15598, 257, 16606, 258, 16713, 259, 15878, 260, 14548, 261, 13247, 262, 12477, 263, 12912, 264, 15105, 265, 18532, 266, 21506, 267, 22651, 268, 22012, 269, 20458, 270, 18488, 271, 15949, 272, 12639, 273, 8865, 284, 12404, 285, 13745, 286, 15262, 287, 16914, 288, 18743, 289, 20740, 290, 22802, 291, 24802, 292, 26638, 293, 28205, 294, 29340, 295, 29827, 296, 29448, 297, 28064, 298, 25655, 299, 22546, 300, 19855, 301, 19093, 302, 20568, 303, 22774, 304, 23885, 305, 23350, 306, 21834, 307, 20062, 308, 18127, 309, 15785, 310, 13032, 342, 5507, 343, 6755, 344, 8004, 345, 9176, 346, 10315, 347, 11469, 348, 12615, 349, 13692, 350, 14666, 351, 15535, 352, 16294, 353, 16906, 354, 17316, 355, 17483, 356, 17401, 357, 17102, 358, 16680, 359, 16346, 360, 16422, 361, 17251, 362, 19000, 363, 21417, 364, 23924, 365, 26136, 366, 28150, 367, 30271, 368, 32593, 369, 34907, 370, 36916, 371, 38396, 372, 39306, 373, 39987, 374, 41024, 375, 42580, 376, 44069, 377, 44703, 378, 44149, 379, 42598, 380, 40337, 381, 37428, 382, 33876, 383, 30105, 384, 27034, 385, 25604, 386, 26177, 387, 28192, 388, 30539, 389, 32471, 390, 33998, 391, 35365, 392, 36450, 393, 36818, 394, 36172, 395, 34601, 396, 32435, 397, 29996, 398, 27513, 399, 25187, 400, 23220, 401, 21752, 402, 20795, 403, 20218, 404, 19807, 405, 19324, 406, 18552, 407, 17325, 408, 15565, 409, 13308, 413, 7611, 414, 9259, 415, 11603, 416, 13909, 417, 15909, 418, 17829, 419, 19901, 420, 21994, 421, 23715, 422, 24742, 423, 24953, 424, 24413, 425, 23422, 426, 22415, 427, 21516, 428, 20359, 429, 18533, 430, 16030, 431, 13212, 435, 9114, 436, 12434, 437, 15859, 438, 17903, 439, 18687, 440, 19259, 441, 20166, 442, 21101, 443, 21607, 444, 21657, 445, 21498, 446, 21235, 447, 20716, 448, 19839, 449, 18936, 450, 18679, 454, 25823, 455, 28520, 456, 31384, 457, 34092, 458, 36182, 459, 37244, 460, 37008, 461, 35306, 462, 32040, 463, 27200, 464, 20915, 469, 18103, 470, 27182, 471, 33635, 472, 37588, 473, 40640, 474, 43584, 475, 45983, 476, 47269, 477, 47531, 478, 47254, 479, 46716
1791219435.320, MrmFullScanInfo, 536, 107, 2044731, 0, 0, 0, 0, 10000, 39297, 32, 1, 2, 1, 480, -422657, 492038, 417653, -479491, -450546, 447131, 503918, -369691, -520032, 112143, 520125, 332639, -496926, -497617, 372301, 517351, -113738, -520185, -172517, 519610, 321723, -512378, -474333, 480867, 520192, 513320, -167585, -520186, -410465, 500064, 356619, -501823, -438735, 504635, 279342, -518027, -283488, 518420, 214905, -517067, -286069, 516526, 420177, -508750, -514332, 391137, 520192, 105235, -520000, -508869, 407574, 519964, -39083, -519986, -316861, 518763, 465528, -503809, -501909, 461613, 513326, -410826, -514395, 396343, 496298, -472682, -271494, 511836, -7213, -512998, 165105, 514071, -69253, -513974, -393305, 511693, 520035, -143079, -520168, -448827, 502245, 519080, -302464, -520040, 86625, 520088, 110111, -518577, -334147, 505696, 493177, -309077, -515839, -232709, 283062, 519768, 278939, -511869, -483470, 417214, 503446, -239240, -422613, 39583, -54401, 23996, 447387, 83863, -511835, -282918, 488084, 463891, -333632, -502499, 9977, 399844, 229128, -177868, -370809, -127944, 326701, 376623, -101167, -374980, -68328, 243601, 141471, -88579, -145507, -84875, 10049, 173526, 127274, -125746, -161223, 46060, 146741, 40391, -48901, -96996, -115541, 64365, 211064, 29985, -211168, -119050, 153008, 176357, -38742, -149491, -76086, 50564, 111459, 61618, -70213, -143345, -127, 173020, 66375, -134083, -99454, 73423, 73323, -36166, -18899, 22379, -26544, -35754, 42124, 82002, -16152, -117063, -39044, 113842, 100657, -79089, -120434, 8632, 135080, 70748, -107256, -123812, 57442, 132205, -1029, -109923, -39166, 71267, 43079, -31898, -17694, 11918, -9024, -18983, 34363, 40588, -40903, -60819, 19505, 68855, 17020, -57993, -44402, 27928, 62078, 14034, -64861, -43768, 52261, 53290, -26812, -49674, 10522, 35803, -5886, -16647, 10277, 9461, -17961, -14130, 23080, 21677, -15362, -28721, -4788, 37282, 28461, -32548, -50513, 17574, 70666, 2734, -80890, -23399, 75945, 43468, -60689, -57378, 41661, 61058, -23951, -58550, 7244, 52128, 781, -42199, -3903, 34191, 5753, -32526, -3826, 36622, 1622, -40780, -2998, 43880, 10743, -44402, -20390, 39427, 32075, -27720, -41933, 12451, 44036, 3759, -38058, -18853, 27078, 29066, -13454, -30372, 5641, 27498, 5390, -19607, -11384, 10102, 13333, -1821, -11594, -1666, 8616, 2778, -6124, -1903, 7372, 306, -12198, 113, 14171, 4237, -15026, -9584, 13957, 13332, -8116, -14189, 467, 13239, 7084, -8167, -14104, 2173, 17602, 2606, -17029, -7437, 13687, 12458, -9904, -14605, 8489, 15797, -5251, -16683, 2278, 19955, 2109, -22553, -5956, 23938, 12056, -22728, -15022, 17314, 15658, -9945, -14327, 3227, 9233, 210, -1017, -2458, -7279, 334, 13577, 3964, -16352, -8806, 14893, 13645, -10936, -17923, 6758, 21347, -4444, -24979, 3582, 31306, -3351, -38673, -214, 44539, 387, -50928, -1288, 55304, 1879, -55643, -994, 53083, -1172, -45784, 4739, 38776, -9268, -31287, 18361, 25779, -19324, -23526, 18834, 22640, -16359, -20870, 10956, 19357, -3840, -16695, -4277, 15278, 12601, -16592, -27356, 20449, 36366, -24059, -43622, 25849, 49354, -24365, -51011, 20392, 48663, -14080, -43001, 6902, 35511, -2451, -27878, 1898, 19659, -4290, -10507, 8864, 242, -13615, 10964, 16078, -21061, -17674, 26407, 20745, -27497, -24781, 22227, 30459, -17009, -33853, 10229, 34320, -1678, -29794, -6671, 20953, 13660, -9725, -19264, -2840, 22736, 12317, -25057, -19859, 26712, 20930, -28829, -19586, 28601, 16184, -27102, -13641, 22774, 12348, -15732, -10943, 9351, 8078, -726, -4584, -4377, -88, 6017, 5450, -2678, -11579, -5845, 15202, 16934, -15439, -26237, 13284, 31478, -10561, -25350, 9109, 20742, -9650, -13272, 11281, 4353, -12287, 5269, 12283, -13222, -8351, 20113, 1129, -26637, 8447
1791219435.320, MrmFullScanInfo, 536, 107, 2044731, 0, 0, 0, 0, 10000, 39297, 32, 2, 2, 1, 480, 0, 0, 0, 0, 0, 0, 167817, -228513, -311174, 479250, 360673, -535911, -379610, 349607, 435255, -33074, -508199, -253942, 507820, 430746, -372866, -521592, 136597, 579176, 107883, -566436, -278848, 390875, 327652, -46509, -246413, -338124, 77937, 611385, 88251, -724511, -178944, 712765, 185853, -643672, -145797, 575900, 114661, -542892, -131644, 546305, 199198, -535051, -293324, 421889, 395578, -176472, -476669, -123971, 467743, 373718, -313880, -537085, 55935, 633216, 192247, -674065, -346003, 661081, 399535, -614874, -380085, 572202, 291162, -548067, -125350, 522761, -77136, -479377, 206102, 442868, -166473, -439202, -25693, 414863, 268016, -278337, -465014, 27051, 562073, 236872, -526856, -424990, 364164, 531678, -126712, -580993, -113518, 553129, 294343, -392278, -363344, 91706, 289881, 258812, -98611, -523650, -123768, 609403, 264741, -507092, -243421, 285368, 57037, -59096, 207719, -59009, -430148, 20611, 526419, 128923, -468287, -287418, 276037, 358674, -16882, -294435, -212947, 114279, 331122, 101635, -308830, -256568, 182469, 291202, -30178, -208140, -71772, 59538, 87214, 82045, -32149, -156910, -43214, 144795, 85623, -68873, -64439, -21970, -14012, 78029, 110724, -72096, -177962, 12827, 184599, 61491, -128618, -105865, 37219, 93320, 46863, -27625, -89203, -60682, 80761, 131679, -37844, -158151, -9834, 138488, 35495, -92717, -29408, 48941, 2326, -29824, 24116, 42200, -30572, -73946, 10060, 101061, 30662, -101128, -76931, 65687, 113071, -5206, -126297, -57368, 110281, 100338, -70585, -113243, 24270, 98409, 9075, -67419, -18331, 36079, 5277, -17623, 18236, 16860, -36446, -29392, 37449, 45131, -19230, -52734, -10880, 44894, 41710, -22801, -62855, -4715, 67902, 27289, -57468, -38314, 39045, 36706, -22190, -26651, 13162, 15410, -12520, -9210, 15472, 10717, -14990, -18924, 6375, 29656, 10639, -36945, -33029, 36159, 55915, -26258, -73493, 9195, 81077, 11376, -77430, -30927, 64884, 45320, -47698, -52282, 30420, 51916, -16471, -46431, 7448, 39593, -3456, -35070, 3672, 34452, -5968, -36933, 7091, 40558, -4171, -43144, -3784, 42638, 15465, -37586, -27666, 27630, 36524, -13664, -39302, -2001, 35766, 15960, -27627, -24942, 17093, 27389, -6104, -23995, -3515, 17065, 10062, -9414, -12700, 3302, 12058, 164, -10150, -938, 9150, -68, -9970, 1102, 12082, -431, -14155, -2386, 14637, 6376, -12262, -9994, 6758, 11908, 907, -11477, -8864, 8874, 14995, -4648, -17894, -601, 17717, 6045, -15744, -10624, 13177, 13857, -10438, -16303, 7531, 18854, -4388, -21708, 939, 24025, 2717, -24389, -6201, 21755, 8871, -16343, -9812, 9570, 8042, -3161, -3259, -1472, -3568, 3427, 10517, -2392, -15576, -1262, 17597, 6682, -16825, -12771, 14659, 18685, -12744, -24249, 11977, 29828, -12290, -35766, 13217, 41945, -14399, -47622, 15639, 51632, -16723, -52714, 17560, 50144, -18213, -44190, 19168, 36032, -20887, -27357, 23002, 20003, -24380, -15353, 24028, 13597, -21555, -13779, 16859, 14763, -10119, -16091, 1598, 18285, 8267, -22270, -18379, 28106, 27200, -34302, -33685, 38642, 37768, -39465, -39658, 36271, 39423, -29764, -37124, 21730, 32927, -14478, -26905, 9847, 18964, -8324, -9048, 8934, -2412, -9948, 14128, 10199, -24117, -10007, 30498, 10919, -32484, -14253, 30740, 19763, -26539, -25506, 20662, 28996, -13147, -28548, 4067, 23857, 5913, -15912, -15624, 6511, 23888, 2250, -29982, -8475, 33670, 11104, -34914, -10412, 33751, 7970, -30336, -5695, 25111, 4729, -18639, -4908, 11487, 5233, -4377, -4609, -1528, 2211, 4748, 2312, -4089, -8495, -673, 14998, 8420, -20131, -16493, 22643, 21743, -22223, -22266, 19666, 18192, -16372, -10851, 13351, 1733, -10507, 7632, 6864, -15805, -1302
1791219435.320, MrmFullScanInfo, 536, 107, 2044731, 0, 0, 0, 0, 10000, 39297, 32, 4, 2, 1, 480, 0, 0, 0, 0, 0, 0, -144, 481, 221, -1168, 18, 1150, -312, 66, 119, -1672, 750, 2197, -1527, -1342, 1441, 194, -534, 337, -415, -102, 1956, -779, -4990, 2243, 8231, -3600, -9139, 3639, 6751, -2026, -2328, -317, -3023, 2465, 8369, -4044, -12731, 4928, 14707, -3513, -13422, -1587, 10029, 7082, -8289, -7148, 17117, -1226, -44087, 16753, 80207, -33535, -99303, 40832, 84240, -36172, -45003, 52361, 8329, -149390, 3253, 349119, 2683, -584940, 9158, 732804, -50614, -716383, 73844, 585483, -40429, -456273, -8916, 368219, 18435, -268255, -1965, 131700, 5686, -12580, -36335, -36650, 71582, 32136, -91697, -38129, 93311, 89931, -96818, -138557, 132355, 104572, -199057, 15899, 258349, -134780, -276271, 170706, 244990, -120199, -167443, 38536, 54982, 15696, 56315, -15664, -124236, -28754, 135582, 84733, -104376, -118934, 50501, 110479, 6839, -54612, -45565, -31439, 43661, 110849, 6428, -145145, -85625, 115609, 156590, -33002, -185406, -69841, 158739, 155057, -88954, -195855, 5855, 184932, 59671, -133347, -87763, 63373, 74115, 328, -29883, -39556, -23936, 48050, 65898, -31886, -82599, 6454, 73416, 11008, -48739, -10885, 22362, -4901, -3383, 26501, -6607, -43465, 10622, 51108, -11434, -51742, 9508, 50905, -4015, -52758, -5669, 57719, 19218, -62309, -34297, 60418, 47660, -46404, -57216, 19218, 61699, 15766, -58928, -49380, 46936, 73414, -27490, -83691, 6633, 80789, 8918, -69346, -15426, 55825, 13271, -45123, -6036, 38637, -1007, -34991, 3180, 31663, 1131, -25959, -10196, 16211, 20706, -3021, -29246, -10412, 33032, 19919, -30807, -22697, 23820, 18628, -15415, -10122, 8914, 1001, -5792, 5164, 5154, -6531, -4546, 3397, 1436, 2366, 5580, -8110, -16189, 11319, 28536, -10354, -39847, 4947, 47428, 3932, -49854, -14567, 47494, 24924, -41850, -33180, 34440, 38451, -26345, -40957, 18490, 41483, -11571, -40645, 5869, 38669, -1227, -35542, -2746, 31449, 6525, -27052, -10488, 23124, 14740, -20032, -19111, 17655, 23283, -15578, -26758, 13202, 28860, -9695, -28873, 4530, 26347, 1846, -21176, -8021, 13698, 12468, -4953, -14349, -3295, 13657, 9180, -11100, -11647, 7840, 10889, -4950, -8055, 2955, 4651, -1754, -1867, 876, 177, 356, 708, -2482, -1456, 5498, 2713, -8718, -4744, 10942, 7313, -10859, -9833, 7672, 11744, -1590, -12614, -6250, 12123, 14486, -10039, -22156, 6523, 28656, -2133, -33315, -2627, 35292, 7469, -33872, -11949, 28792, 15187, -20504, -16087, 10285, 13788, -16, -8211, -8106, 368, 12180, 7875, -11356, -14383, 6305, 17447, 1180, -16436, -8954, 12165, 15314, -6546, -19344, 1565, 20846, 1521, -20206, -2154, 18256, 244, -15879, 3812, 13577, -9121, -11183, 14818, 8089, -20327, -3823, 25122, -1333, -28694, 6208, 30952, -9335, -32285, 9790, 32924, -7551, -32365, 3327, 29762, 1913, -24646, -7317, 17130, 12576, -7873, -17996, -1891, 24000, 10643, -30413, -17186, 36336, 21103, -40442, -22560, 41369, 22054, -38250, -20238, 31346, 17482, -22143, -13369, 12681, 6907, -4700, 2627, -810, -14651, 3580, 26841, -3579, -35732, 633, 38101, 5273, -32660, -13315, 21068, 21495, -7182, -27127, -5075, 28109, 13516, -24178, -17795, 17161, 18708, -10076, -17414, 5664, 15038, -5236, -12650, 8404, 11340, -13520, -11957, 18490, 14773, -21448, -19336, 21353, 24674, -18251, -29576, 13171, 32873, -7538, -33654, 2557, 31516, 957, -26772, -2476, 20427, 1830, -13782, 641, 7846, -4075, -2725, 7388, -2243, -9562, 7784, 9926, -14183, -8236, 21526, 4538, -29895, 1035, 39010, -8272, -47848, 16837
1791219435.320, MrmDetectionListInfo, 536, 312, 51, 6759, 52, 7589, 53, 8794, 54, 10124, 55, 12511, 56, 18002, 57, 28235, 58, 42256, 59, 56282, 60, 65535, 61, 65535, 62, 65535, 63, 59576, 64, 49821, 65, 42079, 66, 42157, 67, 56051, 68, 65535, 69, 65535, 70, 65535, 71, 65535, 72, 65535, 73, 65535, 74, 65535, 75, 65535, 76, 65535, 77, 65535, 78, 65535, 79, 65535, 80, 65535, 81, 65535, 82, 65535, 83, 65535, 84, 65535, 85, 65535, 86, 56364, 87, 27395, 89, 23602, 90, 43357, 91, 60382, 92, 65535, 93, 64403, 94, 65535, 95, 65535, 96, 65535, 97, 65535, 98, 65535, 99, 65535, 100, 65535, 101, 65535, 102, 65535, 103, 65535, 104, 65535, 105, 65535, 106, 65535, 107, 65535, 108, 65535, 109, 65535, 110, 65535, 114, 55796, 115, 65535, 116, 65535, 117, 65535, 118, 65535, 119, 65535, 120, 65535, 121, 65535, 122, 62128, 127, 57449, 128, 65535, 129, 65535, 130, 65535, 131, 65535, 132, 65535, 133, 65535, 134, 65535, 135, 65535, 136, 65535, 137, 65535, 138, 65535, 139, 65535, 140, 65535, 141, 65535, 142, 65535, 143, 65535, 144, 65535, 145, 65535, 146, 65535, 147, 42660, 151, 39900, 152, 49758, 153, 54355, 154, 54127, 155, 49890, 156, 43376, 157, 37360, 176, 35800, 177, 41118, 178, 45952, 179, 49422, 180, 51140, 181, 50934, 182, 48622, 186, 39195, 187, 45078, 188, 52144, 189, 56562, 190, 56484, 191, 53012, 192, 48430, 193, 44520, 194, 42171, 195, 41173, 196, 40303, 197, 38288, 198, 34772, 199, 30404, 200, 26150, 201, 22633, 204, 17814, 206, 16920, 215, 25059, 216, 27230, 217, 26711, 218, 24393, 235, 14549, 236, 18175, 237, 20872, 238, 22869, 239, 24279, 240, 25186, 241, 25975, 242, 27278, 243, 29484, 244, 32203, 245, 34455, 246, 35586, 247, 35755, 248, 35483, 249, 34992, 250, 34143, 251, 32815, 252, 31130, 253, 29329, 254, 27553, 255, 25798, 256, 24022, 257, 22221, 258, 20470, 259, 18997, 260, 18107, 261, 17859, 262, 17936, 263, 17964, 264, 17844, 265, 17748, 266, 17858, 267, 18190, 268, 18640, 269, 19118, 270, 19596, 271, 20056, 272, 20432, 273, 20618, 274, 20504, 275, 19995, 276, 19020, 277, 17568, 278, 15791, 279, 14038, 280, 12777, 281, 12301, 282, 12310, 284, 10839, 285, 9321, 286, 8423, 287, 8693, 288, 9810, 289, 10906, 290, 11206, 291, 10553, 292, 9359, 312, 9774, 314, 9021, 315, 8076, 316, 7364, 317, 7729, 318, 9421, 319, 11711, 320, 13628, 321, 14808, 322, 15526, 323, 16115, 324, 16640, 325, 17128, 326, 17805, 327, 18888, 328, 20257, 329, 21460, 330, 22034, 331, 21812, 332, 20911, 333, 19470, 334, 17492, 335, 14919, 336, 11778, 342, 8281, 343, 9980, 344, 11513, 345, 12109, 346, 11475, 347, 10224, 348, 9475, 349, 10014, 350, 11505, 351, 12719, 352, 12806, 353, 12035, 354, 11217, 355, 10849, 356, 10898, 357, 11057, 358, 11000, 359, 10525, 360, 9656, 361, 8792, 362, 8544, 363, 9149, 364, 10218, 365, 11198, 366, 11885, 367, 12417, 368, 12909, 369, 13307, 371, 13905, 372, 14700, 373, 16253, 374, 18298, 375, 20079, 376, 21034, 377, 21233, 378, 21052, 379, 20652, 380, 19880, 381, 18602, 382, 16993, 383, 15478, 384, 14452, 385, 14020, 386, 13867, 387, 13451, 388, 12538, 389, 11515, 390, 11152, 391, 12248, 392, 15221, 393, 19511, 394, 23707, 395, 26744, 396, 28687, 397, 30164, 398, 31410, 399, 32108, 400, 31912, 401, 30828, 402, 29097, 403, 26893, 404, 24248, 405, 21169, 406, 17739, 407, 14079, 408, 10319, 413, 8508, 414, 13335, 415, 16910, 416, 18601, 417, 19116, 418, 19444, 419, 20056, 420, 20719, 421, 20884, 422, 20237, 423, 18903, 424, 17295, 425, 16030, 426, 15773, 427, 16777, 428, 18572, 429, 20120, 430, 20431, 431, 19295, 432, 17337, 433, 15316, 434, 13555, 435, 12016, 436, 10694, 437, 9761, 444, 16342, 445, 18078, 446, 19650, 447, 20960, 448, 21945, 449, 22564, 450, 22795, 472, 11039, 473, 12370, 474, 13374, 475, 14349, 476, 15473, 477, 16875, 478, 18963, 479, 22295
1791219435.445, MrmFullScanInfo, 537, 107, 2044856, 0, 0, 0, 0, 10000, 39297, 32, 1, 2, 1, 480, -420517, 490244, 419814, -480175, -451406, 447204, 504722, -374134, -520138, 114826, 520132, 334519, -495766, -497557, 374729, 517959, -115209, -520189, -175491, 519418, 319179, -511973, -474250, 481747, 520181, 512983, -180422, -520050, -410127, 497690, 356767, -502976, -434692, 506433, 285722, -517449, -289894, 518007, 224981, -516379, -298146, 517694, 432260, -506938, -515520, 380588, 520192, 62461, -519985, -481298, 462993, 518446, -219596, -520121, -183921, 519815, 462888, -505523, -518461, 354360, 520192, 32334, -519998, -491281, 243571, 519609, 502682, -315961, -520192, -241299, 516395, 510807, -242562, -515981, -341259, 517070, 517814, -382621, -520192, -151327, 520023, 498583, -459769, -519798, 188088, 520154, 176172, -516158, -480198, 372864, 520067, 170449, -519330, -510142, 346468, 520168, 188096, -518815, -444003, 453868, 503729, -151294, -474550, -214975, 115853, 384796, 272360, -316228, -462500, 99630, 445861, 117785, -216270, -188472, -62845, 105245, 270659, 37673, -351374, -221941, 290634, 340292, -160453, -326555, 47749, 226780, 38958, -81652, -43997, -83388, -53690, 154924, 139692, -121886, -163673, 36444, 123500, 41219, -7433, -59126, -122783, 18235, 177913, 57073, -146088, -126019, 74421, 135308, 16853, -74523, -85418, -17826, 93098, 106216, -40878, -168453, -29389, 175478, 91548, -118139, -120010, 46484, 89653, 5480, -19613, -25109, -45482, 2205, 67749, 50316, -41790, -89401, -14717, 89673, 81993, -57406, -112856, -945, 125919, 63903, -106096, -105475, 68822, 109605, -20814, -85191, -15991, 48849, 23347, -12466, -9197, -8340, -13549, 1229, 30358, 26150, -28968, -52454, 2514, 69237, 33066, -71418, -60173, 52772, 74899, -23274, -75210, 1757, 62343, 9360, -40173, -16363, 26581, 18269, -24120, -18003, 28305, 26428, -31519, -41216, 32924, 54924, -20297, -61915, -5737, 63773, 32556, -51292, -52268, 27844, 65287, -3274, -64763, -15071, 53676, 29774, -38093, -35682, 25877, 34375, -16517, -31121, 9605, 30940, -7596, -31744, 5350, 33437, 1664, -37926, -11472, 41699, 19712, -38098, -27253, 30219, 36024, -17917, -34866, 3803, 32043, 9703, -29172, -19169, 24905, 25776, -21148, -30146, 17487, 32628, -15406, -31964, 16011, 30700, -9352, -30978, 2381, 29627, 6196, -26055, -14363, 22003, 19484, -15854, -22300, 8955, 24032, -4449, -26794, 2886, 20454, -1130, -12763, 1310, 6497, -4634, -1464, 10253, -751, -14359, -243, 17035, 3232, -17139, -4269, 13562, 8122, -9302, -10760, 6026, 12190, -3198, -12322, 1265, 15118, -1251, -19580, 1841, 25143, -2373, -27970, -9, 27356, 4235, -19898, -10615, 8390, 15714, 4881, -15563, -15250, 11077, 21672, -3573, -22097, -3028, 14735, 8823, -6182, -9373, -1704, 7218, 6336, -4507, -2796, 4800, -7225, -9823, 19362, 20148, -30573, -31793, 32938, 40849, -33589, -48554, 30966, 51867, -27732, -50401, 26502, 46516, -29172, -41731, 33275, 38792, -36427, -38507, 40689, 38001, -35461, -39016, 25442, 39128, -12883, -35072, -1700, 30100, 14180, -24913, -25238, 20985, 34335, -18492, -50117, 19338, 55709, -19321, -59910, 16856, 61635, -10660, -58582, 4332, 48605, 3180, -32921, -8402, 13242, 10985, 4877, -11205, -22689, 9641, 38645, -9057, -54548, 9483, 68281, -9677, -79338, 6527, 84774, 4313, -81369, -22150, 71276, 44597, -52758, -65246, 27075, 79879, 2262, -83417, -31684, 76309, 53700, -61740, -67277, 44031, 71357, -29477, -68446, 21495, 64424, -20184, -61594, 21042, 59386, -19919, -57840, 10581, 52118, 4707, -43150, -22987, 30626, 38989, -16787, -49237, 84, 49889, 14590, -40245, -21451, 22320, 19379, -2517, -7733, -15793, -7952, 28653, 23198, -35122, -19674, 34695, 23406, -27999, -22973, 18455, 21006, -8792, -18095, 777, 14806, 3879, -11554, -7896, 6644, 10147
1791219435.445, MrmFullScanInfo, 537, 107, 2044856, 0, 0, 0, 0, 10000, 39297, 32, 2, 2, 1, 480, 0, 0, 0, 0, 0, 0, 168140, -228883, -311816, 480618, 361061, -538128, -379272, 351594, 434517, -33851, -507999, -254205, 508489, 431195, -373840, -521732, 137247, 579058, 107585, -566322, -279409, 391160, 330048, -47796, -250318, -335797, 81689, 609090, 86192, -723514, -179153, 713441, 188808, -645598, -151919, 578689, 123688, -546363, -142059, 549384, 208473, -538428, -298893, 429973, 398559, -193047, -491856, -98496, 519597, 338659, -406466, -493053, 155655, 584845, 129857, -603369, -344298, 488518, 455645, -221874, -448676, -110511, 294999, 352988, -13926, -381043, -286939, 190866, 456093, 109662, -399469, -390660, 148956, 547603, 158976, -499630, -408407, 249879, 557339, 80287, -574681, -350591, 427475, 509267, -147244, -548967, -164365, 441076, 409914, -187821, -520939, -126994, 451073, 397381, -215988, -557842, -79389, 564597, 300671, -396249, -363266, 101426, 255413, 196864, -36039, -367699, -186908, 352680, 309531, -196337, -280327, 7066, 119414, 112013, 96112, -112544, -274874, 12785, 355816, 121687, -328194, -216066, 224399, 223924, -100454, -144348, 11103, 16829, 15329, 98686, 11507, -152035, -54070, 129916, 70146, -58765, -36908, -15307, -34443, 52067, 106626, -36380, -142323, -14815, 125180, 63711, -64208, -76062, -12296, 40121, 70032, 30872, -86075, -106947, 59035, 155475, -6943, -157594, -42055, 117252, 62635, -56755, -46178, 4787, 5955, 16266, 32323, -1060, -45862, -36042, 26376, 69889, 18012, -78741, -69326, 54996, 109236, -8067, -125189, -41761, 112677, 75233, -77407, -83160, 34278, 67856, -656, -39747, -12719, 13068, 6291, -224, 10026, 6200, -22455, -26993, 20899, 52404, -4140, -70531, -21128, 73175, 45476, -60102, -60820, 38039, 63139, -15243, -54510, -2578, 42061, 13347, -33144, -18671, 31087, 22678, -34205, -28936, 36938, 38334, -32797, -49076, 18576, 57255, 3656, -58224, -28299, 49543, 49024, -32785, -60796, 12298, 61786, 7021, -54084, -21251, 42021, 28787, -29841, -30896, 20432, 30434, -14610, -30085, 10970, 31648, -7215, -35431, 2003, 39690, 4912, -41439, -13067, 38406, 21223, -30111, -27786, 17850, 31817, -4209, -33350, -8060, 32803, 17314, -30787, -23222, 28245, 26130, -25721, -26794, 22735, 26480, -18246, -26397, 11774, 26829, -3895, -27019, -4188, 25869, 11306, -22771, -16980, 18308, 20928, -13855, -22206, 10289, 19854, -7606, -14263, 5938, 7266, -5920, -880, 7875, -3433, -11169, 5095, 14395, -4300, -16057, 1594, 15481, 2355, -13189, -6569, 10299, 10095, -7754, -12802, 6230, 15425, -6174, -18588, 7401, 21979, -8719, -24309, 8289, 23992, -4627, -20019, -2170, 12578, 10030, -3003, -15811, -6757, 17176, 14492, -13727, -18214, 6929, 17057, 684, -11881, -6595, 5172, 9445, -326, -9585, 472, 8707, -6977, -8922, 18398, 11691, -31090, -17249, 41229, 24660, -46723, -32122, 47754, 37559, -46019, -39432, 43759, 37517, -42658, -33077, 43347, 28156, -45141, -24539, 46071, 23276, -43741, -24472, 36765, 27176, -25518, -29830, 11644, 31330, 2760, -31562, -16370, 31398, 28762, -32081, -39346, 33932, 47104, -35546, -51484, 34835, 52699, -30583, -50580, 22929, 44306, -12971, -33364, 2286, 18459, 7464, -1294, -15152, -16349, 20721, 33247, -25007, -48576, 28714, 61595, -31140, -71411, 29871, 77203, -21907, -78430, 5740, 74677, 17221, -65305, -42840, 49673, 65743, -28152, -81206, 2991, 86626, 21927, -82221, -42377, 70892, 55498, -57192, -60813, 45572, 60082, -38450, -56140, 35049, 51525, -31874, -47644, 24874, 44625, -11942, -41635, -5775, 37299, 24511, -30170, -39560, 19751, 46925, -7409, -44425, -3694, 32316, 10096, -13258, -9849, -8419, 4373, 27713, 2443, -40043, -7553, 43040, 10714, -37713, -13114, 27542, 15121, -16378, -16268, 6859, 15919, 116
1791219435.445, MrmFullScanInfo, 537, 107, 2044856, 0, 0, 0, 0, 10000, 39297, 32, 4, 2, 1, 480, 0, 0, 0, 0, 0, 0, 277, -161, -579, 855, 432, -1681, 170, 1939, -640, -1404, 452, 615, 80, -108, -372, -48, 377, 29, -403, 52, 252, -45, 147, -279, -110, 692, -493, -638, 1086, 66, -1311, 553, 1641, -844, -2466, 1017, 3486, -1331, -4002, 1618, 3372, -4391, -1044, 11958, -862, -20853, -7666, 26110, 32855, -28582, -57523, 29686, 55168, -30444, -23206, 56100, -21014, -155442, 61981, 340100, -66682, -547152, 2160, 660792, 116765, -589871, -227901, 350554, 275350, -61016, -248557, -168302, 178111, 306659, -114844, -349008, 69525, 292215, -10861, -174735, -63639, 69073, 104356, -16941, -76740, 24241, 5198, -82894, 64302, 152249, -96613, -175122, 72905, 139854, -3026, -80870, -77083, 11723, 143198, 82157, -195679, -194846, 230133, 290757, -230723, -340822, 200325, 341556, -165828, -307438, 147156, 258653, -137387, -210371, 117990, 164654, -83217, -116194, 44315, 64975, -16143, -17163, 3188, -22655, 129, 54310, -211, -77057, -1034, 87228, 4314, -82453, -8808, 66461, 11685, -47709, -12102, 33576, 13387, -25389, -18934, 18621, 27438, -7242, -33241, -11112, 30950, 32203, -19704, -47945, 3531, 52871, 11997, -46787, -23213, 32893, 29058, -15152, -29575, -2766, 24664, 17399, -15012, -25602, 3605, 25851, 4878, -19639, -6829, 10998, 1875, -3952, 7108, 371, -15795, 145, 21026, 1101, -22225, -2784, 20434, 3771, -16526, -3465, 10874, 2019, -4125, -186, -2473, -857, 7761, -202, -11427, 4220, 13839, -11042, -15211, 19460, 15380, -27724, -14154, 34234, 11835, -37874, -9344, 37972, 7972, -34179, -8693, 26696, 11692, -16449, -16176, 4925, 20604, 6410, -23331, -16433, 23173, 24147, -19585, -28561, 12963, 29017, -5056, -25572, -1395, 19275, 4154, -12073, -2864, 6363, -677, -3931, 3667, 4968, -3896, -7775, 730, 9473, 4763, -7540, -10319, 1295, 13153, 7660, -10970, -16164, 3229, 20855, 8306, -19400, -19992, 11457, 27722, 1046, -28802, -14412, 23441, 24379, -14720, -27805, 6830, 24063, -3045, -15363, 4440, 5822, -9707, 279, 16031, -267, -20331, -5801, 20344, 15266, -15304, -24175, 6294, 29114, 4089, -28588, -12891, 23572, 17715, -16780, -17130, 11075, 11274, -8169, -2335, 8493, -6072, -11515, 10744, 15872, -10184, -19639, 5021, 21073, 2599, -19351, -10142, 14858, 15813, -8962, -19051, 3443, 20352, 219, -20853, -1459, 21724, 792, -23454, 473, 25411, -719, -26065, -1321, 23888, 5942, -18136, -12081, 9322, 17740, 742, -20751, -9493, 19815, 14490, -15103, -14354, 8214, 9427, -1586, -1721, -2437, -5820, 2678, 10319, 310, -9738, -4719, 3624, 8665, 6477, -11131, -17513, 12070, 26385, -11971, -31411, 11548, 32818, -11490, -32166, 12098, 31472, -13060, -32150, 13536, 34071, -12505, -35763, 9343, 35558, -4235, -32464, -1842, 26319, 7678, -17730, -12339, 8078, 15454, 989, -16995, -8462, 17138, 14224, -16284, -18446, 14877, 21145, -12996, -22268, 10451, 21708, -7120, -18904, 3023, 13021, 1844, -3741, -7552, -8133, 14039, 20989, -21050, -33237, 28251, 43878, -35167, -52352, 40846, 58360, -43599, -61633, 41360, 61938, -32583, -59002, 17190, 52440, 3107, -41919, -25191, 27588, 45363, -10598, -60389, -6844, 68573, 21963, -70226, -32245, 67454, 36451, -63158, -35160, 59675, 30662, -57664, -26028, 55781, 23807, -51379, -25121, 41958, 29412, -26650, -34973, 6944, 39521, 13746, -40503, -31317, 35922, 42372, -25533, -45043, 11498, 39199, 2535, -26335, -13062, 9341, 18656, 7777, -20107, -20548, 18685, 25688, -14794, -22730, 8597, 14085, -1232, -3623, -5436, -5046, 9750, 9804
1791219435.445, MrmDetectionListInfo, 537, 292, 52, 6904, 53, 9708, 54, 13327, 55, 18044, 56, 24312, 57, 31876, 58, 39224, 59, 44167, 60, 44999, 61, 41562, 62, 36123, 63, 34027, 64, 42644, 65, 65535, 66, 65535, 67, 65535, 68, 65535, 69, 65535, 70, 65535, 71, 65535, 72, 65535, 73, 65535, 74, 65535, 75, 65535, 76, 65535, 77, 65535, 78, 65535, 79, 65535, 80, 65535, 81, 65535, 82, 65535, 83, 65535, 84, 65535, 85, 65535, 86, 65535, 87, 65535, 88, 65535, 89, 65535, 90, 65535, 91, 65535, 92, 57033, 93, 41636, 94, 31260, 95, 34580, 96, 57081, 97, 65535, 98, 65535, 99, 65535, 100, 65535, 101, 65535, 102, 65535, 103, 58063, 104, 48815, 105, 56041, 106, 65535, 107, 65535, 108, 65535, 109, 65535, 110, 65535, 111, 65535, 112, 65535, 113, 65535, 114, 65535, 115, 65535, 116, 65535, 117, 65535, 118, 65535, 119, 65535, 120, 65535, 121, 65535, 122, 65535, 123, 65535, 124, 65535, 125, 65535, 126, 65535, 127, 60605, 136, 40408, 137, 42968, 140, 44222, 141, 41249, 156, 29571, 157, 30952, 162, 32583, 163, 32236, 204, 13672, 206, 18172, 207, 20092, 208, 21785, 210, 23922, 211, 24238, 215, 21923, 216, 20690, 217, 19300, 224, 14649, 225, 17808, 226, 20771, 227, 22642, 228, 23267, 229, 22987, 230, 22081, 231, 20548, 232, 18359, 233, 15776, 235, 11442, 236, 10199, 256, 12398, 259, 14439, 260, 16957, 261, 18484, 262, 18210, 263, 16739, 264, 15800, 265, 16999, 266, 19992, 267, 22475, 268, 22584, 269, 20601, 270, 18016, 271, 15706, 272, 13501, 273, 11083, 274, 8683, 275, 6875, 281, 11960, 282, 13973, 283, 15782, 284, 17124, 285, 17750, 286, 17585, 287, 16962, 288, 16563, 289, 16968, 290, 18202, 291, 19540, 292, 19939, 293, 18913, 294, 16857, 295, 14451, 296, 12009, 302, 10794, 303, 13021, 304, 13979, 305, 13987, 306, 13507, 307, 12787, 308, 12072, 309, 11812, 310, 12389, 311, 13529, 312, 14331, 313, 14151, 314, 13199, 315, 12128, 316, 11332, 317, 10814, 318, 10557, 319, 10688, 320, 11184, 321, 11704, 322, 11980, 323, 12140, 324, 12471, 325, 12995, 326, 13447, 327, 13588, 328, 13493, 329, 13435, 330, 13494, 331, 13420, 332, 12924, 333, 12001, 334, 11038, 335, 10855, 336, 12231, 337, 14755, 338, 16698, 339, 16635, 340, 14702, 341, 11967, 342, 9116, 343, 6164, 355, 8896, 356, 11904, 357, 15358, 358, 18246, 359, 20060, 360, 21044, 361, 21662, 362, 22086, 363, 22244, 364, 22133, 365, 21942, 366, 21895, 367, 22083, 368, 22458, 369, 22920, 370, 23365, 371, 23671, 372, 23682, 373, 23246, 374, 22258, 375, 20724, 376, 18832, 377, 16948, 378, 15502, 379, 14741, 380, 14394, 381, 13773, 382, 12458, 383, 10737, 384, 9345, 385, 9079, 386, 10397, 387, 12840, 388, 15136, 389, 16363, 390, 16718, 391, 16938, 392, 17334, 393, 17628, 394, 17475, 395, 16854, 396, 15935, 397, 14787, 398, 13297, 399, 11356, 400, 9068, 405, 10378, 406, 15670, 407, 21046, 408, 25967, 409, 30509, 410, 34900, 411, 39145, 412, 43039, 413, 46378, 414, 49067, 415, 51043, 416, 52181, 417, 52304, 418, 51255, 419, 48954, 420, 45384, 421, 40635, 422, 35038, 423, 29466, 424, 25735, 425, 25748, 426, 29100, 427, 32661, 428, 33800, 429, 33177, 430, 33561, 431, 36685, 432, 41899, 433, 47090, 434, 50414, 435, 51489, 436, 51175, 437, 50377, 438, 49318, 439, 47829, 440, 45942, 441, 43995, 442, 42309, 443, 40934, 444, 39719, 445, 38498, 446, 37167, 447, 35622, 448, 33720, 449, 31321, 450, 28356, 451, 25128, 454, 27202, 455, 32326, 456, 36251, 457, 37583, 458, 36556, 459, 34029, 460, 30491, 461, 26107, 462, 21356, 467, 13299, 468, 14137, 469, 16795, 470, 20178, 471, 22187, 472, 21684, 473, 19226, 474, 15947, 475, 12343
1791219435.599, MrmFullScanInfo, 538, 107, 2044981, 0, 0, 0, 0, 10000, 39297, 32, 1, 2, 1, 480, -421677, 491876, 419412, -480208, -451318, 446434, 506716, -366375, -519924, 107166, 520190, 335230, -497113, -497107, 370889, 516527, -114250, -520190, -172418, 519527, 318988, -512827, -477598, 479522, 520187, 512561, -197404, -520130, -394623, 503176, 358355, -501798, -436218, 504838, 285506, -517905, -291415, 517131, 232002, -517960, -304173, 515232, 434706, -507074, -515935, 376462, 520192, 103612, -520042, -496877, 435844, 519869, -138822, -520192, -254264, 519425, 459235, -506831, -509676, 441569, 518100, -331657, -519574, 239565, 514003, -386783, -269367, 509957, -81594, -509552, 238465, 514504, -137449, -515493, -341489, 492650, 520169, 66793, -519196, -496350, 468160, 519872, -224252, -520108, 35476, 519768, 157644, -517841, -376265, 497366, 495696, -297904, -514734, -152630, 359944, 513255, 118831, -515843, -422580, 449717, 479571, -266488, -397198, 41192, 9882, 68624, 364404, -45108, -516486, -121877, 513974, 357176, -452380, -432363, 217979, 364482, 14760, -225680, -223997, -30882, 270789, 271510, -169077, -319222, 78480, 286374, -5455, -209612, -45597, 73584, -12335, 25514, 71014, -50414, -84954, 52910, 102498, -24846, -64098, -2546, -35936, -10820, 102812, 58010, -118344, -110160, 101273, 140656, -38993, -109173, -32958, 37177, 55541, 31890, -35458, -78700, 10656, 89992, 13563, -52856, -17472, 7780, -13431, 11228, 56722, -15835, -87466, 982, 90830, 41449, -59111, -76593, 8019, 83197, 53397, -67690, -84415, 24645, 102700, 33554, -88736, -72707, 58261, 82793, -16755, -70390, -17325, 44931, 27942, -16203, -19062, -2037, 9403, 3123, 2831, 8917, -8547, -23050, -5585, 34919, 29211, -39664, -47215, 30104, 60236, -10538, -66239, -5642, 61128, 15388, -45835, -21481, 35647, 25674, -29758, -27745, 23137, 38368, -12955, -52801, 969, 62507, 18956, -63747, -41162, 60739, 55729, -46067, -59944, 24212, 59463, -3557, -52126, -10400, 36479, 21110, -20377, -25323, 8680, 23979, -1170, -23139, -2402, 25798, 643, -27227, 3058, 28366, -3024, -30596, 2718, 31045, -3185, -27501, 1193, 21708, 3605, -12109, -5008, 4709, 8102, 4245, -11769, -10104, 14476, 16662, -14092, -22810, 13128, 27358, -9861, -26994, 9010, 23666, -1449, -17816, -4279, 9390, 9877, 1071, -12555, -8347, 12383, 14340, -10675, -16140, 10302, 14988, -9832, -13026, 8659, 10810, -7795, -10966, 6868, 11154, -4928, -11593, 1364, 12703, 2463, -10903, -6808, 7060, 8655, -243, -8293, -8556, 3859, 18872, 2531, -26176, -11033, 28959, 21343, -26419, -30206, 21783, 34940, -12908, -32919, 2883, 22907, 7468, -5780, -15878, -12556, 21001, 26349, -19750, -32413, 14096, 32276, -5866, -23840, -1808, 11795, 7792, 452, -11464, -10327, 14438, 14944, -17656, -11807, 24546, 3465, -32391, 7207, 43298, -16375, -55235, 16881, 62552, -17039, -66492, 14819, 65846, -10595, -59937, 9274, 49397, -7334, -38109, 6026, 30157, -4159, -23849, 6034, 22641, -1757, -21545, -3757, 20765, 8781, -18972, -13566, 15765, 19296, -13491, -24214, 12347, 28426, -12487, -40866, 15412, 43069, -15912, -44837, 14115, 44951, -10682, -41069, 8112, 33706, -6419, -21086, 6519, 4148, -7295, 10901, 5922, -27066, 75, 44780, -11382, -64684, 26500, 85825, -42359, -102019, 48706, 111301, -41436, -107596, 19883, 95269, 12374, -68581, -44835, 32407, 68247, 8831, -76122, -45581, 69062, 71372, -49992, -83171, 28526, 80245, -12513, -70794, 3387, 61165, -4918, -56344, 12323, 57773, -16447, -63184, 10245, 66699, 5035, -65151, -23926, 56512, 40053, -42671, -50733, 19444, 50062, 2402, -36357, -17395, 14949, 19647, 7401, -10311, -22256, -6900, 26093, 23880, -19964, -27727, 7666, 33909, 7362, -32429, -18083, 25850, 20522, -17298, -15588, 11497, 5042, -7266, 5526, 4068, -12538
1791219435.601, MrmFullScanInfo, 538, 107, 2044981, 0, 0, 0, 0, 10000, 39297, 32, 2, 2, 1, 480, 0, 0, 0, 0, 0, 0, 168253, -228455, -312286, 478646, 362303, -534180, -381447, 346955, 436859, -30589, -509113, -255298, 507846, 430945, -372473, -521212, 136363, 578659, 107972, -566011, -280879, 391219, 334976, -48826, -259241, -333545, 91613, 606432, 79558, -721766, -177378, 713214, 190599, -646704, -155705, 580498, 128493, -548222, -146837, 550538, 212113, -535834, -301654, 419560, 400962, -174831, -488310, -119812, 498077, 359956, -363766, -514727, 107779, 609359, 159781, -652829, -340350, 630703, 417566, -557235, -417263, 490054, 334314, -468645, -147412, 469077, -99139, -449448, 269034, 420869, -242165, -403623, 28190, 349483, 256431, -191591, -483959, -50518, 574246, 283610, -504039, -447406, 309531, 545379, -64660, -592343, -159999, 563926, 319702, -407646, -385664, 118203, 334371, 222076, -170064, -488635, -45784, 589324, 207675, -504213, -226789, 284754, 86081, -35496, 147098, -124909, -369786, 127267, 505882, 1724, -519999, -164185, 405728, 262304, -193066, -247013, -45740, 127885, 227223, 38778, -299710, -180962, 265410, 248219, -170474, -228870, 74172, 144544, -16903, -37240, 5985, -49128, -23071, 88925, 39939, -82605, -32235, 50401, -7080, -20467, 62766, 14423, -108230, -34539, 121294, 62964, -94728, -75619, 40916, 58936, 14502, -17251, -48971, -30473, 55244, 61367, -41471, -62462, 24303, 37765, -19454, -3288, 32056, -22593, -53623, 26381, 68981, -5053, -65632, -31509, 40184, 65118, 874, -78351, -45142, 63119, 79954, -25133, -95898, -19262, 88545, 53004, -61332, -66702, 25753, 60340, 4211, -40914, -19657, 19134, 19825, -4846, -10563, 2808, 1145, -11858, 361, 26617, 8488, -39468, -24425, 43767, 41846, -37594, -55126, 24241, 60216, -8787, -56771, -4929, 48254, 15500, -38830, -24191, 30610, 33649, -23225, -45064, 14528, 56923, -2344, -66091, -13085, 69036, 28865, -63072, -41684, 48398, 49213, -28631, -49963, 8589, 43835, 7985, -32953, -19135, 20910, 24878, -11139, -26886, 5891, 27114, -5438, -26756, 7963, 26463, -10928, -26438, 12637, 26072, -12279, -24191, 9536, 20125, -4700, -14143, -1335, 7201, 7616, -385, -13305, -5732, 17603, 11244, -19980, -16262, 20487, 20151, -19201, -21820, 15771, 20687, -9890, -16948, 2129, 11264, 5901, -4512, -12360, -2212, 16111, 7730, -17203, -11058, 16446, 11850, -14678, -10785, 12552, 9212, -10565, -8271, 8873, 8427, -7142, -9440, 4852, 10553, -1753, -10627, -1859, 8502, 5183, -3386, -7211, -4704, 7178, 14565, -4589, -23957, -787, 30633, 8569, -33243, -17175, 31359, 23938, -25035, -26027, 14716, 21754, -1539, -11638, -12258, -1470, 23444, 13764, -28894, -22134, 27207, 24986, -19396, -22241, 8204, 15155, 3299, -6054, -12918, -2088, 19937, 6287, -24849, -4511, 28721, -3302, -32732, 14811, 37760, -26269, -43923, 34454, 50280, -37946, -55106, 37156, 56597, -33381, -53606, 28015, 46499, -22088, -37272, 16572, 28607, -12305, -22452, 9275, 19419, -6527, -18963, 3074, 19793, 1403, -20585, -6779, 20740, 12667, -20562, -18921, 21000, 25465, -22879, -31557, 25859, 35922, -28213, -37823, 28246, 37424, -25660, -34592, 21376, 28453, -16469, -18253, 11342, 4464, -5531, 11277, -2109, -27286, 13019, 42713, -28131, -57148, 46543, 69911, -64373, -79789, 75276, 85635, -72998, -86657, 54699, 81961, -22786, -70142, -15631, 50059, 51330, -22533, -76148, -8782, 85574, 38150, -80005, -59867, 64180, 70703, -45174, -71257, 29875, 65358, -22465, -57963, 22567, 53102, -25422, -52590, 24845, 55645, -16994, -59406, 2264, 59952, 15522, -53813, -31086, 39877, 39534, -20596, -37811, 1409, 26024, 11680, -7790, -14747, -10972, 8096, 24265, 4323, -28184, -17637, 22497, 28242, -10778, -33929, -1426, 33627, 9244, -27961, -10320, 19023, 5385
1791219435.604, MrmFullScanInfo, 538, 107, 2044981, 0, 0, 0, 0, 10000, 39297, 32, 4, 2, 1, 480, 0, 0, 0, 0, 0, 0, 226, 344, -704, -1590, 1411, 3252, -2101, -3911, 2101, 2825, -996, -982, -513, -216, 1135, 490, -707, -405, 259, 337, -1478, 75, 5220, -1238, -9322, 2682, 10116, -3071, -6498, 1870, 1364, 0, 2602, -1557, -5232, 2428, 6911, -2669, -7182, 2018, 5688, 823, -3654, -5764, 2410, 9891, -353, -10451, -6136, 8771, 15760, -8051, -21250, 10417, 17107, -25497, -2837, 78289, -13173, -194779, 3251, 371113, 43967, -539992, -95393, 593730, 111857, -482028, -96264, 272823, 75521, -66148, -61705, -93883, 58846, 188675, -51627, -198970, 12506, 140900, 49854, -70977, -84462, 29196, 61239, -33003, -1418, 88062, -58691, -157634, 90127, 178323, -76260, -130583, 27105, 55300, 24630, 8544, -58027, -57110, 77069, 93416, -89394, -110284, 95101, 104607, -101085, -87562, 126039, 72089, -177769, -62716, 231312, 60826, -245591, -66167, 202179, 71745, -117328, -66015, 25167, 40831, 45077, 3574, -78911, -56486, 75566, 98360, -44653, -109724, 3667, 82662, 26472, -26875, -30195, -34425, 7255, 76420, 26171, -85237, -48594, 63768, 46897, -28196, -22600, -1816, -11515, 12872, 39970, -1872, -51494, -25452, 42061, 58036, -14924, -83789, -20824, 93935, 53315, -86111, -72253, 65219, 73254, -40965, -59633, 22476, 40173, -13244, -24076, 10442, 16395, -8228, -16763, 2331, 21263, 7397, -25239, -17714, 25338, 24693, -20642, -25918, 12993, 21303, -6006, -12910, 3401, 4068, -7023, 1684, 15454, -1803, -24398, -3896, 29108, 12680, -27150, -20043, 19377, 22097, -9107, -17630, 485, 8652, 3368, 1002, -1666, -7722, -3732, 9419, 9199, -5639, -10996, -2630, 7036, 13120, 2168, -22748, -13637, 28545, 23109, -28735, -26794, 23520, 23062, -15036, -13137, 6487, 267, -765, 11950, -719, -20895, -1499, 25356, 5438, -25235, -8707, 21213, 9715, -14451, -8371, 6456, 5952, 1229, -4281, -7439, 4721, 11607, -7421, -13859, 11444, 14832, -15317, -15205, 17600, 15383, -17275, -15354, 14245, 14824, -9458, -13374, 4352, 10838, -138, -7604, -2662, 4542, 4291, -2535, -5507, 2022, 7205, -2854, -9883, 4381, 13359, -5686, -16785, 5966, 19059, -4722, -19540, 2129, 18320, 710, -15904, -2333, 12980, 1940, -10579, 160, 9870, -2925, -11321, 5049, 14230, -5546, -16764, 4123, 16710, -1140, -12602, -2464, 4555, 5231, 5783, -5584, -15877, 2765, 23124, 2563, -25593, -8416, 22564, 12258, -14673, -11986, 3746, 6896, 7668, 1782, -16975, -11164, 22224, 17990, -22606, -19997, 18617, 16795, -11852, -9775, 4369, 1300, 2221, 6228, -7301, -11008, 11131, 12205, -14203, -10096, 16743, 5890, -18664, -1232, 19843, -2431, -20171, 4366, 19373, -4494, -17123, 3117, 13319, -498, -8208, -3329, 2548, 8388, 2528, -14345, -5915, 20249, 7187, -24781, -6890, 26857, 6130, -26080, -5766, 22834, 5918, -18002, -6181, 12593, 6113, -7381, -5575, 2749, 4884, 1218, -4553, -4552, 4835, 7301, -5322, -9527, 5069, 11474, -3230, -13606, -182, 16352, 3949, -19628, -5903, 22815, 3778, -25314, 3887, 27109, -17091, -28491, 33912, 29613, -50527, -30284, 62179, 30277, -64936, -29278, 57300, 26512, -40760, -20805, 19356, 11445, 1673, 813, -17547, -13696, 25507, 24163, -25623, -29616, 20392, 29092, -13410, -23830, 8094, 16790, -6612, -11307, 8995, 9906, -13034, -13488, 15654, 20992, -14765, -29781, 10159, 36451, -3186, -37980, -4003, 32940, 9230, -22251, -10954, 8949, 9037, 3078, -5030, -10517, 1619, 11643, -1268, -6712, 4950, -2060, -11741, 11212, 19255, -17301, -24512, 18452, 24990, -14979, -19559, 8838, 9016
1791219435.606, MrmDetectionListInfo, 538, 262, 14, 2635, 15, 2989, 16, 3030, 57, 8116, 58, 10382, 59, 12624, 60, 14274, 61, 15275, 62, 16024, 63, 17353, 64, 21023, 65, 30403, 66, 49331, 67, 65535, 68, 65535, 69, 65535, 70, 65535, 71, 65535, 72, 65535, 73, 65535, 74, 65535, 75, 65535, 76, 65535, 77, 65535, 78, 65535, 79, 65535, 80, 64087, 81, 53637, 82, 65535, 83, 65535, 84, 65535, 85, 65535, 86, 65535, 87, 65535, 88, 65535, 89, 65535, 90, 65535, 91, 63960, 92, 52803, 93, 40042, 94, 31999, 95, 36097, 96, 57974, 97, 65535, 98, 65535, 99, 65535, 100, 65535, 101, 65535, 102, 65535, 103, 54841, 107, 43737, 108, 65535, 109, 65535, 110, 65535, 111, 65535, 112, 65535, 113, 65535, 114, 65535, 115, 65535, 116, 65535, 117, 65535, 118, 65535, 119, 65535, 120, 65535, 121, 65535, 122, 65535, 123, 65535, 124, 65535, 125, 65535, 126, 65535, 127, 65535, 129, 38521, 132, 39853, 133, 54507, 134, 65535, 135, 65535, 136, 65535, 137, 65535, 138, 62593, 139, 50329, 140, 41680, 146, 45390, 147, 57595, 148, 64241, 149, 62844, 150, 54707, 151, 42473, 152, 28486, 157, 25768, 159, 32923, 160, 36188, 161, 41461, 162, 45600, 163, 47379, 165, 56477, 166, 65535, 167, 65535, 168, 65535, 169, 65535, 170, 65535, 171, 60074, 172, 51639, 173, 42666, 174, 33794, 200, 11900, 201, 14311, 204, 21023, 205, 22196, 206, 21862, 207, 20044, 226, 15880, 227, 20542, 228, 24726, 229, 27161, 230, 27469, 231, 26111, 232, 23586, 233, 20029, 234, 15490, 235, 10297, 241, 12642, 242, 13605, 243, 14214, 245, 16376, 246, 16369, 247, 15124, 259, 11830, 260, 13217, 261, 14580, 262, 15583, 263, 16172, 264, 16464, 265, 16500, 266, 16192, 267, 15459, 268, 14330, 269, 12908, 270, 11289, 271, 9536, 272, 7705, 285, 8326, 286, 9582, 287, 10742, 288, 11639, 289, 12167, 290, 12285, 291, 11990, 292, 11322, 293, 10417, 306, 10141, 307, 10627, 308, 10793, 309, 10428, 310, 9395, 316, 6102, 317, 8330, 318, 10596, 319, 12223, 320, 13220, 321, 14142, 322, 15351, 323, 16465, 324, 16644, 325, 15378, 326, 12826, 327, 9587, 331, 8148, 332, 12038, 333, 16324, 334, 19678, 335, 21242, 336, 21126, 337, 19921, 338, 17957, 339, 15209, 340, 11688, 341, 7737, 346, 8797, 347, 11359, 348, 12350, 349, 12509, 350, 12613, 351, 12713, 352, 12459, 353, 11739, 354, 10859, 355, 10323, 356, 10482, 357, 11216, 358, 11981, 359, 12268, 360, 11945, 361, 11169, 362, 10100, 363, 8748, 364, 7121, 371, 9808, 372, 12230, 373, 14202, 374, 15486, 375, 16204, 376, 16566, 377, 16643, 378, 16391, 379, 15801, 380, 14955, 381, 13952, 382, 12841, 383, 11625, 384, 10313, 385, 8941, 386, 7552, 394, 5796, 395, 6574, 396, 7084, 397, 7489, 398, 7818, 399, 7970, 400, 7893, 405, 12964, 406, 14068, 407, 14276, 408, 14166, 409, 14520, 410, 16022, 411, 19085, 412, 23511, 413, 28490, 414, 33234, 415, 37490, 416, 41309, 417, 44558, 418, 46826, 419, 47714, 420, 47069, 421, 44931, 422, 41377, 423, 36469, 424, 30325, 425, 23223, 426, 15666, 427, 8603, 431, 19343, 432, 25367, 433, 27084, 434, 26360, 435, 25422, 436, 24511, 437, 22667, 438, 19593, 439, 16101, 440, 13168, 447, 14762, 449, 18912, 450, 20504, 473, 13960, 474, 18211, 475, 20937, 476, 21904, 477, 21608, 478, 20391, 479, 18154
1791219435.727, MrmFullScanInfo, 539, 107, 2045106, 0, 0, 0, 0, 10000, 39297, 32, 1, 2, 1, 480, -420646, 491292, 416795, -482353, -450007, 446822, 504737, -373217, -519916, 112987, 520143, 338380, -496801, -499575, 372411, 517536, -114119, -520185, -169959, 519561, 318731, -513000, -472956, 482793, 520179, 512120, -189026, -520171, -405441, 500567, 360374, -502450, -436367, 504987, 280422, -518151, -285026, 518422, 225041, -516686, -305779, 515355, 433719, -508164, -516330, 377785, 520192, 74314, -520044, -492587, 452157, 519557, -156805, -520192, -285185, 519370, 498178, -481935, -519641, 306403, 520129, -51568, -520070, -198025, 518773, 248130, -513013, -68732, 505603, -332307, -138240, 515199, 66231, -515214, -346659, 513822, 501418, -232831, -520115, -440312, 483640, 520128, -127749, -520095, -192053, 517387, 412311, -484147, -506201, 360023, 519589, -93022, -520170, -257450, 516353, 490065, -284023, -517971, -139180, 489913, 379881, -288448, -395015, 73435, 156963, 4983, 152857, 69021, -354595, -224012, 427324, 438082, -285535, -506543, 16317, 476334, 216869, -343974, -340437, 60406, 339081, 237080, -191999, -370221, 13430, 375054, 116687, -312896, -157923, 192024, 101112, -77823, -6427, 37473, -65609, -54242, 101451, 78461, -81847, -101052, 10015, 93513, 62750, -38338, -102795, -62101, 94365, 130318, -39141, -141843, -42882, 101222, 86263, -26204, -67073, -42841, 26332, 73018, 10698, -58707, -39337, 32033, 24713, -13695, 19193, 10315, -56277, -22090, 69947, 62723, -55256, -101556, 12280, 120434, 56221, -112030, -85778, 69808, 123577, -6816, -131596, -53218, 107311, 81487, -60636, -81722, 14373, 61390, 13549, -26702, -18007, -3279, 11046, 15942, 4967, -10465, -16716, -4047, 11043, 24360, 10531, -39086, -30790, 39219, 50261, -22775, -62274, 3987, 58078, 13043, -36502, -27282, 14341, 36569, 5882, -37302, -22501, 40569, 35137, -46610, -42582, 46884, 51120, -42068, -61104, 39293, 63741, -27210, -60080, 10826, 55331, 3732, -45614, -15182, 29631, 25120, -11961, -29796, -2809, 27154, 14842, -23321, -22520, 18929, 22647, -12351, -18814, 7455, 17028, -5637, -14631, 6567, 13113, -4652, -13515, 1903, 17991, 532, -20968, -6553, 23766, 16614, -24704, -24874, 20930, 33034, -11416, -38537, 728, 39218, 9183, -33630, -9796, 26049, 17182, -18228, -20338, 9885, 20922, -4068, -20222, 2279, 18107, -2293, -17632, 1933, 20406, -203, -27096, -1680, 27024, 7363, -23127, -14240, 17431, 17242, -8016, -17326, -358, 13632, 7151, -6016, -8819, -3242, 7689, 11024, -1102, -17736, -8585, 23172, 16668, -24040, -22877, 22035, 28512, -18243, -32068, 14871, 34041, -10477, -30318, 6477, 22518, 971, -8141, -8805, -7871, 14425, 19973, -14732, -26417, 9887, 27036, -869, -19919, -9056, 7849, 18839, 6161, -24668, -18721, 28655, 26663, -32001, -25623, 36380, 15965, -43299, -2804, 53479, -9375, -64450, 14577, 70489, -16899, -73077, 15228, 70011, -11156, -58726, 9180, 42864, -8920, -25757, 10279, 12517, -12087, -4857, 10758, 4788, -9217, -8592, 6282, 13527, -2363, -17419, -3393, 19384, 9519, -20977, -15096, 23426, 20796, -27179, -34579, 31597, 38843, -32707, -43807, 29538, 46612, -21271, -45927, 11910, 40047, -3314, -27753, -3776, 10299, 10861, 4929, -18612, -24440, 30267, 46452, -48673, -71582, 69614, 100008, -86686, -124916, 91625, 140205, -77105, -140190, 41237, 127962, 4702, -99240, -51769, 56554, 86917, -8520, -100123, -36132, 90957, 67646, -66848, -79575, 38484, 74778, -16890, -60514, 6040, 48131, -12438, -43702, 24202, 50323, -31683, -65131, 25638, 76648, -4440, -80127, -24226, 72310, 53258, -55311, -75272, 26178, 81665, 4728, -71617, -25157, 49066, 30340, -22171, -18459, 1995, -1523, 6730, 20930, -1960, -28045, -9902, 30586, 25124, -24510, -35053, 14776, 35466, -4559, -26968, -807, 10320, 690, 5362, 1467, -16231
1791219435.729, MrmFullScanInfo, 539, 107, 2045106, 0, 0, 0, 0, 10000, 39297, 32, 2, 2, 1, 480, 0, 0, 0, 0, 0, 0, 167566, -228919, -310705, 480312, 360108, -537081, -379115, 349744, 435191, -31632, -508875, -256090, 509117, 432245, -374503, -521895, 138420, 578694, 106055, -566013, -278572, 391426, 331151, -48772, -253392, -334470, 84955, 608090, 84370, -723230, -178255, 713526, 187341, -645446, -150114, 578108, 123345, -545906, -144005, 549560, 211492, -538251, -301450, 427152, 400032, -186452, -488510, -108074, 500593, 351779, -363417, -510861, 97074, 601131, 182686, -611459, -375698, 509086, 475139, -306937, -530327, 95379, 570491, -193, -556515, 84073, 424825, -280117, -202875, 457501, 30631, -535582, -27147, 484541, 179937, -295956, -375369, 14913, 478132, 262275, -401856, -466706, 169530, 588029, 105192, -617503, -319217, 527447, 447962, -311199, -516562, 23773, 519865, 244945, -413197, -427885, 191822, 497471, 55846, -451252, -201347, 315494, 172176, -154391, 5645, 48368, -231520, -49430, 389607, 150774, -404545, -293880, 273334, 397320, -59567, -390540, -148001, 250093, 278909, -21708, -301886, -204281, 229622, 347932, -111287, -375870, 7092, 304166, 42655, -183539, -32517, 73192, -14431, -11790, 62768, 4376, -81620, -29640, 58602, 54363, -4338, -50042, -55279, 9457, 91807, 49244, -87389, -95782, 46028, 106666, 7853, -76770, -46494, 21642, 55789, 31598, -39774, -61130, 15474, 61601, -2493, -42331, 10485, 20015, -33407, -11435, 55821, 25553, -62404, -58273, 45955, 93994, -9560, -113449, -37160, 103867, 82692, -66660, -114889, 16237, 122603, 29266, -102665, -56721, 63850, 61458, -22295, -46827, -7558, 22507, 19081, -462, -14633, -10200, 3316, 6193, 4365, 9551, -2286, -28860, -9510, 41976, 26678, -42896, -42407, 31673, 49747, -12368, -45374, -9569, 31381, 29089, -12984, -43443, -4737, 52707, 18662, -57928, -28535, 59790, 36089, -58630, -42498, 54137, 47357, -45304, -49861, 32021, 49390, -16045, -45039, -158, 36248, 14377, -23880, -24729, 10042, 30134, 2719, -30720, -12039, 27440, 16725, -21691, -17423, 15503, 15886, -10811, -13715, 8187, 12230, -6856, -12573, 5718, 15172, -3697, -19435, -215, 24086, 6468, -27376, -14579, 27461, 23419, -23385, -31307, 16134, 36123, -7741, -36297, -379, 31998, 7757, -25066, -13941, 17825, 18039, -12047, -19563, 8500, 19141, -6859, -18607, 6332, 19679, -6066, -22215, 4914, 24379, -1727, -24264, -3506, 21077, 9233, -15063, -13214, 7383, 13659, 211, -9925, -5892, 2738, 8136, 6394, -6292, -15804, 1080, 23812, 5836, -28883, -12931, 30383, 19349, -28897, -24347, 25555, 26833, -20897, -25524, 14456, 19715, -5577, -10103, -5106, -1129, 15017, 11280, -20694, -18247, 19777, 20902, -12173, -18903, -76, 12732, 13845, -3830, -26254, -5313, 35650, 11411, -41778, -11441, 45428, 4287, -48011, 8254, 50871, -22208, -54491, 33427, 58200, -39314, -60335, 39467, 58824, -35161, -52103, 28495, 40327, -21534, -25800, 15669, 12247, -11479, -3213, 9003, 431, -7922, -3129, 7446, 8817, -6338, -14944, 3603, 20167, 870, -24525, -6791, 28919, 13729, -34074, -20771, 39389, 26755, -42756, -31160, 42026, 34185, -36592, -35391, 27520, 33269, -16393, -26464, 4218, 15094, 8871, -505, -23683, -15904, 41732, 33363, -63947, -51400, 88754, 69301, -110952, -85572, 122532, 98328, -115877, -105901, 87973, 106507, -42655, -97816, -10424, 77975, 59084, -47629, -92543, 11156, 104971, 24069, -97174, -50333, 75743, 63096, -50560, -62987, 31368, 55117, -23927, -46522, 27443, 43133, -35066, -47372, 37784, 57398, -29192, -68358, 8500, 74448, 19546, -70852, -47090, 55931, 66242, -32763, -71619, 8562, 62135, 8636, -41546, -13810, 17357, 7301, 1978, 6037, -10387, -19983, 6640, 29781, 5323, -33073, -18588, 29717, 26496, -21573, -25370, 11663, 15727
1791219435.751, MrmFullScanInfo, 539, 107, 2045106, 0, 0, 0, 0, 10000, 39297, 32, 4, 2, 1, 480, 0, 0, 0, 0, 0, 0, -608, -329, 1329, 1014, -1659, -1542, 1496, 1132, -803, 184, -187, -1254, 1081, 1245, -1579, -488, 1768, -135, -1791, 134, 1663, 259, -1613, -486, 1890, 209, -2312, 366, 1953, -663, -187, 289, -2245, 624, 3464, -1386, -2322, 1226, -120, -207, 1762, -1717, -1456, 4235, 330, -5992, -299, 5759, -906, -3162, 8171, -400, -19882, -3258, 28636, 28655, -33597, -81998, 47952, 155453, -107357, -222719, 252287, 229904, -451354, -135335, 578104, -19770, -521733, 127794, 312419, -132289, -86178, 69085, -48415, -3278, 84030, -32443, -89823, 44336, 125657, -50585, -180847, 54854, 200833, -39307, -162556, 1455, 103733, 28963, -92546, -18220, 154932, -33395, -236500, 85014, 255487, -86441, -185433, 20860, 68048, 85677, 38199, -186243, -92572, 239526, 89439, -233656, -59422, 195748, 38381, -168746, -33530, 170466, 29127, -179125, -16799, 158099, 2718, -91644, 7281, -5226, -15190, 102703, 24152, -174429, -33564, 206437, 39477, -199004, -36345, 163971, 19955, -118599, 9199, 78457, -44761, -53091, 74585, 43221, -85057, -40572, 70152, 33343, -36982, -13796, 1572, -17005, 21445, 49936, -26543, -72918, 17632, 78079, -3143, -65032, -9023, 39441, 14492, -10081, -13159, -14059, 8046, 27241, -3252, -29160, 2324, 24683, -6208, -21160, 12926, 23850, -18554, -32702, 18416, 42929, -9358, -48638, -7163, 46060, 24645, -35140, -35584, 19572, 35688, -4943, -25531, -3612, 9886, 3498, 4771, 4275, -13126, -15431, 13010, 24346, -5866, -26652, -4213, 21254, 12572, -10725, -16243, -28, 15200, 6188, -12113, -5250, 10789, -2006, -14093, 12114, 22476, -20661, -33745, 24173, 44112, -21287, -49880, 13064, 48834, -2359, -40857, -7426, 27878, 13702, -13057, -15496, -436, 13594, 10527, -9920, -16695, 6342, 19860, -3779, -21597, 2039, 23126, -90, -24745, -3149, 26019, 8031, -26237, -13828, 24954, 19188, -22266, -22808, 18721, 23784, -15083, -21934, 12042, 18136, -9919, -14155, 8424, 11721, -6621, -11484, 3406, 12845, 1769, -14382, -8207, 14597, 14258, -12671, -18372, 8903, 19777, -4577, -18399, 1312, 14661, -292, -9620, 1737, 4877, -4682, -2175, 7569, 2618, -9012, -5749, 8189, 9683, -4929, -12229, -86, 12110, 5315, -9286, -8912, 4826, 9487, -354, -6719, -2599, 1567, 3049, 4246, -882, -8964, -3027, 11379, 7136, -11119, -9935, 8748, 10624, -5468, -9218, 2634, 6315, -1088, -2708, 737, -806, -826, 3506, 724, -4907, -422, 4904, 428, -3743, -1383, 1889, 3730, 263, -7419, -2529, 11900, 4924, -16398, -7370, 20186, 9419, -22715, -10341, 23714, 9636, -23269, -7349, 21724, 4109, -19385, -935, 16439, -1089, -12872, 1284, 8435, 346, -2838, -3196, -3841, 6337, 10905, -9194, -16966, 11535, 20356, -12683, -20202, 11555, 17125, -7829, -12571, 2630, 7735, 2492, -3151, -6545, -1109, 9313, 5071, -11005, -8494, 11805, 10884, -11648, -11733, 10348, 10764, -7855, -8074, 4504, 4189, -1036, 356, -1789, -5445, 3585, 11400, -4192, -18856, 3476, 28537, -1334, -40459, -2296, 53209, 7464, -64005, -13862, 69406, 20736, -66597, -27128, 54857, 31853, -36125, -33485, 14357, 30972, 5664, -24348, -19637, 15122, 25253, -5990, -22912, -136, 15316, 1635, -6522, 1009, 619, -5489, -22, 8589, 4430, -7560, -11046, 1508, 15985, 8113, -15885, -18359, 9365, 26139, 2356, -29075, -16109, 26233, 28223, -18657, -35835, 9234, 37675, -1333, -34393, -2848, 28480, 2781, -23158, 536, 20759, -4907, -21736, 7802, 24742, -7695, -27329, 4832, 26914, -678, -21922, -2945, 12592
1791219435.754, MrmDetectionListInfo, 539, 250, 61, 11669, 62, 16540, 63, 23604, 64, 33964, 65, 48419, 66, 65535, 67, 65535, 68, 65535, 69, 65535, 70, 65535, 71, 65535, 72, 65535, 73, 65535, 74, 65535, 75, 65535, 76, 65535, 77, 65535, 78, 65535, 79, 65535, 80, 65535, 81, 65535, 82, 39374, 83, 27091, 84, 37116, 85, 52132, 86, 63361, 87, 65535, 88, 65535, 89, 65535, 90, 65535, 91, 65535, 92, 65535, 93, 65535, 94, 65535, 95, 65535, 96, 65154, 97, 53490, 98, 54871, 99, 64198, 100, 65535, 101, 65535, 102, 65535, 103, 65535, 104, 65535, 105, 65535, 106, 65535, 107, 65535, 108, 65535, 109, 50357, 110, 60212, 111, 65535, 112, 65535, 113, 65535, 114, 65535, 115, 65535, 116, 65535, 117, 65535, 118, 65535, 119, 65535, 120, 65535, 121, 65535, 122, 65535, 123, 65535, 124, 65535, 125, 65535, 126, 65535, 127, 61058, 132, 59459, 133, 65535, 134, 65535, 135, 65535, 136, 65535, 137, 65535, 138, 65535, 139, 65535, 140, 65535, 141, 65535, 142, 61109, 143, 52025, 144, 49712, 145, 53107, 146, 58530, 147, 62334, 148, 63325, 149, 61986, 150, 58340, 151, 51464, 152, 40727, 157, 26173, 158, 41317, 159, 49565, 160, 49758, 161, 45973, 162, 41704, 163, 37619, 188, 30252, 189, 32624, 190, 33399, 191, 31392, 192, 27100, 193, 21895, 204, 17498, 221, 21573, 222, 26185, 223, 29572, 224, 32193, 225, 34028, 226, 34559, 227, 33419, 228, 30749, 229, 27124, 230, 23539, 231, 21063, 232, 19833, 233, 18751, 234, 16635, 235, 13368, 236, 9922, 240, 12804, 241, 13343, 242, 12600, 246, 12389, 250, 14564, 251, 16279, 252, 17771, 253, 18989, 254, 20064, 255, 20999, 256, 21636, 257, 21830, 258, 21570, 259, 20928, 260, 19963, 261, 18711, 262, 17224, 263, 15609, 264, 14002, 265, 12523, 266, 11250, 267, 10211, 268, 9389, 269, 8721, 272, 7602, 273, 8163, 274, 9618, 275, 11671, 276, 13535, 277, 14574, 278, 14766, 279, 14453, 280, 13851, 281, 12927, 285, 7111, 316, 8581, 317, 9593, 318, 10075, 319, 10003, 320, 9461, 321, 8571, 343, 6481, 344, 8462, 345, 10260, 346, 11839, 347, 13315, 348, 14700, 349, 15853, 350, 16622, 351, 16958, 352, 16890, 353, 16459, 354, 15692, 355, 14626, 356, 13333, 357, 11907, 358, 10461, 359, 9162, 360, 8177, 361, 7469, 362, 6743, 363, 5689, 371, 12465, 372, 14304, 373, 15651, 374, 16472, 375, 16654, 376, 16092, 377, 14803, 378, 12921, 379, 10636, 380, 8182, 381, 5928, 385, 4267, 386, 5139, 389, 9378, 390, 10472, 391, 11086, 392, 11394, 393, 11499, 394, 11312, 395, 10699, 396, 9644, 397, 8237, 398, 6588, 407, 10251, 408, 11913, 409, 14010, 410, 16395, 411, 18985, 412, 22020, 413, 25764, 414, 30109, 415, 34560, 416, 38541, 417, 41701, 418, 43919, 419, 45121, 420, 45165, 421, 43922, 422, 41385, 423, 37682, 424, 33009, 425, 27690, 426, 22452, 427, 18413, 428, 16610, 429, 17254, 430, 19029, 431, 19686, 432, 18001, 433, 14727, 435, 8935, 450, 14984, 458, 26470, 459, 25687, 460, 24160, 461, 22545, 462, 20762, 463, 18832, 466, 15424, 467, 14029, 468, 12255, 469, 11048, 470, 11289, 471, 12866, 472, 14765, 473, 16082, 474, 16676, 475, 16835, 476, 16650, 477, 15894
1791219435.851, MrmFullScanInfo, 540, 107, 2045231, 0, 0, 0, 0, 10000, 39297, 32, 1, 2, 1, 480, -418100, 490066, 417350, -481432, -448535, 447962, 504296, -369503, -519980, 114062, 520165, 340072, -495846, -495922, 373138, 517692, -113671, -520192, -172815, 519524, 319740, -512360, -474289, 482592, 520192, 512411, -179466, -519925, -406029, 499145, 361411, -501622, -435303, 504125, 283398, -517953, -292050, 518061, 227820, -517390, -302160, 517144, 435303, -507240, -515411, 385989, 520192, 77557, -520059, -487202, 453939, 518923, -176529, -519696, -251058, 519679, 495018, -485264, -520085, 227641, 520192, 189855, -518729, -483949, 445891, 516001, -234450, -518377, 76529, 517800, 96113, -152802, 749, -461276, -379742, 488444, 516610, -333082, -520192, -249999, 517256, 518530, -295552, -520163, -153952, 518601, 468658, -439016, -519192, 169318, 520192, 193503, -520130, -456221, 494040, 517601, -222593, -519552, -91082, 516242, 287529, -340481, -346648, 15780, 169410, 160760, 108377, -134677, -287199, -63427, 317240, 309597, -169375, -441468, -112232, 420586, 385469, -279267, -501126, 25884, 477226, 223768, -314459, -338211, 83226, 321702, 119453, -215883, -208852, 73550, 160050, 34806, -76910, -62632, 3314, 20536, 29080, 38364, 8499, -75405, -90882, 77393, 156113, -25283, -170897, -69894, 133137, 137532, -47524, -145973, -54687, 103656, 116416, -28058, -110928, -46041, 64368, 74475, -10835, -48586, -27445, 5568, 20538, 26675, 26869, -37043, -71002, 14521, 83071, 37852, -61634, -88502, 6756, 117334, 70984, -111149, -106814, 66120, 142207, 583, -140903, -64139, 104277, 93480, -39826, -85279, -20414, 51273, 51177, -2937, -50823, -35389, 28816, 51342, 5747, -35940, -30782, 9141, 32294, 23940, -12981, -48850, -11907, 53593, 35468, -39028, -50858, 20263, 49835, -724, -30081, -14126, 10155, 19472, 5839, -15535, -16038, 13473, 18199, -14705, -13919, 14132, 11652, -12174, -15076, 11465, 13197, -6306, -10148, -2020, 8861, 8315, -5961, -11395, -2693, 14624, 11569, -13567, -17622, 6972, 22389, 1097, -21721, -7592, 12869, 13209, -2509, -16704, -5223, 14989, 12434, -10691, -17878, 9586, 17972, -9878, -13881, 11934, 10267, -18193, -7394, 23774, 4971, -27462, -6834, 29220, 12769, -29067, -18196, 23921, 21544, -15112, -19735, 6805, 21689, -982, -20021, -2178, 18491, 2577, -17484, 1273, 17895, -3916, -21074, 4262, 27245, -2357, -36176, -2067, 35337, 9840, -29362, -16490, 19390, 18906, -6119, -16565, -6512, 11727, 14264, -3438, -16328, -3953, 13383, 8210, -6053, -11675, -3132, 14468, 9831, -15930, -14671, 15713, 19236, -15920, -23534, 16918, 26258, -15093, -27503, 9989, 22849, -2193, -12713, -8275, 223, 17202, 12586, -19645, -21263, 14477, 24110, -4339, -18725, -7636, 7431, 17946, 8848, -23184, -22984, 25366, 33375, -24512, -34601, 24578, 26640, -27635, -13386, 34981, -290, -47019, 5830, 55157, -9817, -60049, 10610, 58136, -10182, -47990, 11760, 31088, -15554, -12585, 21183, -703, -25742, 7688, 21666, -4938, -19628, -2528, 14985, 11630, -7586, -18242, -2497, 21656, 12998, -21917, -23250, 21865, 31434, -22202, -47031, 25224, 50955, -24622, -52582, 22132, 50888, -16175, -45458, 10072, 33942, -3336, -17454, -3372, -3297, 10528, 21428, -21061, -43481, 36231, 68017, -55482, -98770, 76892, 129858, -94288, -155641, 97046, 170143, -76346, -164416, 35416, 144640, 17303, -104528, -70762, 51176, 109466, 6556, -123029, -54539, 112887, 85815, -86216, -95369, 55722, 86229, -32668, -68327, 21824, 51971, -26714, -47327, 36223, 55399, -39666, -71455, 27981, 85625, -813, -89151, -33962, 80217, 67295, -59310, -92246, 26254, 98637, 10193, -87141, -35301, 62116, 40966, -34092, -29435, 13202, 8912, -3866, 11090, 4570, -20904, -13436, 22792, 24021, -14871, -29307, 2140, 27482, 9035, -18837, -12275, 8176, 9521, 1007, -4003, -5897
1791219435.851, MrmFullScanInfo, 540, 107, 2045231, 0, 0, 0, 0, 10000, 39297, 32, 2, 2, 1, 480, 0, 0, 0, 0, 0, 0, 167279, -228562, -310244, 479469, 359789, -535927, -379118, 348866, 435318, -31602, -508777, -255352, 508522, 431380, -373345, -521555, 136891, 578932, 107546, -566449, -279083, 391541, 329761, -48199, -250301, -335555, 81687, 608911, 86541, -723197, -179847, 712953, 189684, -645292, -153275, 579008, 125862, -547395, -144735, 551101, 210726, -539801, -300094, 428899, 398815, -188424, -489045, -105715, 506437, 348037, -376733, -505019, 114328, 589773, 170052, -576957, -378582, 418616, 501490, -136220, -565776, -162515, 565851, 375779, -477858, -462655, 319343, 397245, -163743, -165032, 84808, -165989, -105311, 417321, 202874, -424582, -337824, 190017, 440581, 137838, -412865, -409116, 216077, 558430, 70657, -560327, -329307, 403296, 506250, -132271, -598226, -150270, 586474, 360357, -446976, -477573, 210037, 502980, 30970, -422839, -177539, 243990, 181399, -35650, -62492, -96638, -105366, 83977, 229851, 59120, -238831, -249423, 114559, 386577, 94093, -399783, -298411, 276396, 416815, -67278, -408211, -140883, 283861, 272411, -102836, -294544, -57265, 222563, 141980, -107049, -143270, 7952, 92265, 35629, -35636, -20554, 11454, -26855, -31271, 67617, 78345, -69730, -122032, 26010, 134725, 42020, -103685, -99300, 38101, 118361, 34167, -92425, -82748, 37843, 91801, 15568, -66371, -42799, 28041, 37022, -2486, -9452, 3651, -18821, -25931, 27072, 50682, -5359, -58520, -39750, 40141, 88229, 652, -116484, -51565, 109429, 98112, -68908, -126145, 12097, 124134, 38845, -90509, -67169, 37576, 66740, 13918, -42219, -45706, 6745, 49991, 23561, -31318, -36529, 3327, 28252, 18649, -3645, -25276, -25912, 15924, 47782, 3503, -54290, -23706, 45270, 35737, -26010, -35319, 4123, 24518, 13378, -9279, -23006, -4159, 25495, 11760, -23546, -13340, 19726, 11782, -15788, -9947, 12137, 8878, -7880, -8511, 2392, 8247, 3736, -6695, -9457, 2638, 13783, 3755, -15533, -10998, 13791, 16921, -8689, -19241, 1272, 16819, 6868, -10537, -13655, 2453, 17437, 5460, -18200, -11373, 17372, 13735, -16620, -12152, 17124, 7714, -19287, -2398, 22609, -1520, -26118, 2227, 28917, 677, -29989, -5804, 28200, 11220, -23188, -15705, 16191, 18799, -9449, -20287, 4949, 20155, -3580, -19031, 4914, 18249, -7509, -19517, 9789, 23538, -10527, -28752, 8694, 32098, -3802, -31051, -3205, 24903, 10086, -14697, -14472, 2883, 14919, 7494, -11395, -13877, 5140, 14977, 2192, -11184, -9331, 4478, 15375, 2685, -19631, -8778, 22026, 13530, -23100, -17149, 23182, 19536, -21662, -20013, 17248, 17742, -9014, -12455, -2315, 4934, 13815, 3345, -21379, -10656, 21890, 15255, -14794, -15578, 2235, 10845, 12152, -1745, -24796, -9256, 33423, 18390, -37527, -21919, 38200, 17822, -37650, -7112, 38203, -6598, -41048, 19104, 45444, -27552, -48892, 31162, 48277, -30716, -41321, 27867, 28109, -24391, -11538, 21282, -3578, -18652, 12568, 16496, -13154, -14964, 6535, 13600, 3719, -10925, -13915, 5551, 21861, 2659, -27194, -12916, 30969, 23917, -34515, -33716, 37949, 40271, -39732, -42693, 38103, 41474, -32581, -36985, 23887, 28827, -12979, -16724, 327, 1439, 14261, 15654, -31545, -33753, 52525, 53004, -77464, -73415, 104267, 93813, -127033, -111659, 136843, 124186, -125532, -129171, 90309, 124692, -35956, -108895, -26346, 81112, 82573, -43689, -120434, 2489, 133577, 34484, -123492, -59887, 98295, 70028, -69380, -66588, 47217, 55913, -37432, -46152, 38642, 43743, -43402, -50733, 42353, 64240, -29138, -78061, 3365, 85253, 29581, -80487, -61106, 62255, 82762, -34472, -89055, 5711, 79234, 14709, -57574, -21283, 31852, 14675, -10367, -542, -1065, -13815, 1123, 22663, 6906, -23415, -17035, 16963, 23568, -6980, -23431, -2048, 16994
1791219435.851, MrmFullScanInfo, 540, 107, 2045231, 0, 0, 0, 0, 10000, 39297, 32, 4, 2, 1, 480, 0, 0, 0, 0, 0, 0, -549, 214, 1046, -373, -1072, 388, 712, -225, -305, -60, 82, 311, -150, -369, 482, 118, -794, 212, 764, -404, 265, 204, -2426, 492, 4538, -1229, -4938, 1219, 3432, -377, -1764, -470, 1219, 547, -1302, 124, 938, -748, -74, 1265, -649, -2256, 1161, 3742, -1348, -4798, -260, 4922, 4698, -4882, -8906, 5221, 8185, -12197, -478, 46104, -16628, -124898, 45572, 237300, -77532, -355707, 93762, 481190, -98332, -615717, 122884, 681065, -168337, -576759, 179026, 315513, -112374, -33008, 2085, -139567, 73425, 171237, -74305, -112638, 36929, 40189, -21246, -8926, 41665, 42775, -73340, -126456, 100571, 195524, -120495, -187295, 129136, 107029, -126438, -18467, 116618, -28759, -94906, 38801, 47632, -40874, 26728, 47948, -106404, -51416, 163173, 40187, -186630, -12227, 187929, -24545, -183101, 58292, 178142, -80099, -168400, 86696, 145722, -78054, -104346, 57581, 44025, -33205, 25124, 14073, -84882, -4981, 119925, 4377, -126705, -6020, 113252, 3035, -92293, 7478, 73788, -22660, -60863, 35932, 51456, -40393, -42162, 32180, 30735, -12786, -16411, -11538, -560, 32668, 18101, -44274, -31552, 44695, 35850, -37347, -29370, 28377, 15671, -22993, -1417, 22609, -7638, -24531, 9604, 24393, -6736, -19068, 3198, 8271, -2123, 5308, 4326, -17035, -8792, 22674, 13587, -20565, -15922, 12310, 12741, -2138, -2769, -4808, -11886, 4978, 26098, 2126, -34002, -13805, 31966, 25315, -20371, -31870, 3240, 30793, 13832, -22601, -26036, 10297, 31071, 2149, -29604, -11262, 24358, 15191, -18489, -14428, 14388, 11602, -12992, -10060, 13475, 12184, -13608, -18491, 10952, 27623, -4270, -37057, -5886, 44126, 17619, -46780, -28561, 44046, 36741, -36293, -41052, 25232, 41396, -13169, -38440, 2059, 33378, 7170, -27498, -14630, 21616, 20899, -15828, -26368, 9876, 30919, -3569, -34061, -3077, 35399, 9698, -34903, -15518, 32887, 19725, -29929, -21967, 26597, 22555, -23103, -22316, 19265, 22232, -14844, -22810, 9761, 23782, -4003, -24455, -2131, 24198, 7816, -22482, -11860, 18937, 13315, -13738, -11807, 7951, 7704, -3165, -2108, 800, -3435, -1493, 7477, 4704, -9056, -8797, 7952, 11720, -4768, -11896, 787, 8869, 2611, -3427, -4499, -2658, 4675, 7384, -3690, -9353, 2553, 8382, -2175, -5480, 2882, 2334, -4311, -448, 5661, 497, -6016, -2191, 4829, 4470, -2298, -5942, -740, 5540, 3331, -3011, -4743, -899, 4643, 4795, -3231, -7251, 1287, 7608, 144, -6230, -298, 4257, -872, -3045, 2787, 3558, -4508, -5958, 5108, 9690, -4047, -13747, 1456, 16939, 1869, -18347, -4816, 17717, 6548, -15411, -7025, 12093, 7053, -8440, -7752, 4997, 9966, -2009, -13787, -577, 18432, 2574, -22325, -3558, 23686, 3704, -21567, -3878, 16550, 4534, -10226, -4991, 4210, 4259, 406, -1939, -3153, -1527, 4178, 5164, -3998, -7850, 3164, 8731, -2059, -7501, 930, 4466, 130, -314, -1330, -4100, 3094, 7967, -5834, -10802, 9852, 12704, -15186, -14389, 21508, 16848, -28155, -20572, 34180, 25100, -38035, -29237, 37754, 31779, -31915, -31789, 20541, 28733, -5249, -22631, -11117, 14342, 25150, -5535, -33942, -1868, 36260, 6405, -32963, -7488, 26506, 5410, -19771, -1336, 14876, -2772, -12490, 4765, 11901, -3220, -11548, -1767, 9741, 8645, -5329, -15060, -1836, 18869, 10746, -18814, -19569, 14758, 26464, -7894, -30297, 521, 30914, 5014, -28983, -7587, 25572, 7428, -21605, -5705, 17627, 4221, -13913, -4749, 10717, 7919, -8208, -12466, 6535, 15978, -5798, -16345, 5931
1791219435.851, MrmDetectionListInfo, 540, 233, 62, 10551, 63, 17276, 64, 31851, 65, 55871, 66, 65535, 67, 65535, 68, 65535, 69, 65535, 70, 65535, 71, 65535, 72, 65535, 73, 65535, 74, 65535, 75, 65535, 76, 65535, 77, 65535, 78, 65535, 79, 65535, 80, 65535, 81, 65535, 82, 42175, 83, 23185, 84, 63516, 85, 65535, 86, 65535, 87, 65535, 88, 65535, 89, 38845, 90, 24906, 91, 22103, 92, 23934, 93, 33491, 94, 54766, 95, 65535, 96, 65535, 97, 65535, 98, 65535, 99, 65535, 100, 65535, 101, 65535, 102, 65535, 103, 65535, 104, 65535, 105, 60849, 106, 62798, 107, 64062, 108, 57005, 109, 43948, 110, 34627, 111, 37983, 112, 55897, 113, 65535, 114, 65535, 115, 65535, 116, 65535, 117, 65535, 118, 65535, 119, 65535, 120, 65535, 121, 65535, 122, 65535, 123, 65535, 124, 65535, 125, 65535, 126, 65535, 127, 65535, 128, 65535, 129, 65535, 130, 60522, 131, 41045, 135, 47045, 136, 60009, 137, 65535, 138, 65535, 139, 64300, 140, 62005, 141, 58227, 143, 46956, 144, 43660, 145, 43335, 146, 44659, 147, 45836, 148, 45913, 149, 44783, 150, 42396, 151, 38387, 152, 32407, 160, 37653, 161, 40555, 162, 39770, 163, 37339, 195, 16357, 197, 20531, 198, 23856, 199, 26468, 200, 26669, 201, 24346, 204, 17758, 205, 19754, 206, 21823, 207, 21885, 208, 19916, 224, 16042, 225, 17211, 226, 18151, 227, 19249, 228, 21189, 229, 24396, 230, 28588, 231, 32844, 232, 36152, 233, 38051, 234, 38706, 235, 38441, 236, 37351, 237, 35375, 238, 32567, 239, 29168, 240, 25464, 241, 21797, 242, 18884, 243, 17651, 244, 18197, 245, 19419, 246, 20098, 247, 19992, 248, 19654, 249, 19532, 250, 19524, 251, 19288, 252, 18741, 253, 18245, 254, 18340, 255, 19315, 256, 21008, 257, 22889, 258, 24366, 259, 25179, 260, 25480, 261, 25526, 262, 25392, 263, 25001, 264, 24318, 265, 23426, 266, 22442, 267, 21430, 268, 20395, 269, 19338, 270, 18275, 271, 17212, 272, 16119, 273, 14988, 274, 13959, 275, 13342, 276, 13458, 277, 14379, 278, 15670, 279, 16559, 280, 16535, 281, 15676, 282, 14328, 283, 12667, 284, 10654, 285, 8287, 349, 7451, 350, 8064, 351, 8458, 352, 8766, 353, 9247, 354, 10027, 355, 10947, 356, 11663, 357, 11892, 358, 11596, 359, 10949, 360, 10144, 361, 9287, 362, 8430, 363, 7649, 364, 7056, 371, 11842, 372, 13122, 373, 13736, 374, 13680, 375, 13158, 376, 12332, 377, 11253, 378, 9953, 379, 8513, 380, 7021, 381, 5528, 394, 4990, 405, 9648, 406, 11320, 407, 13188, 408, 15095, 409, 17064, 410, 19224, 411, 21630, 412, 24201, 413, 26787, 414, 29239, 415, 31401, 416, 33080, 417, 34060, 418, 34149, 419, 33225, 420, 31237, 421, 28199, 422, 24182, 423, 19546, 424, 15447, 425, 13496, 426, 14225, 427, 16370, 428, 18099, 429, 18640, 430, 18586, 431, 18887, 432, 19781, 433, 20549, 434, 20205, 435, 18459, 436, 15884, 437, 13224, 438, 10849, 465, 17776, 466, 16527, 467, 14920, 468, 13490, 469, 12225, 470, 10942, 471, 9700
1791219435.948, MrmFullScanInfo, 541, 107, 2045356, 0, 0, 0, 0, 10000, 39297, 32, 1, 2, 1, 480, -419336, 491678, 421878, -479714, -453348, 449272, 504239, -372507, -519867, 109642, 520190, 332891, -495974, -497501, 374581, 518040, -115078, -520188, -175478, 519585, 321242, -512443, -473765, 481293, 520160, 513144, -171609, -520134, -411996, 498934, 352920, -500665, -436436, 504263, 285558, -517621, -286137, 518845, 221773, -515937, -292831, 517375, 429837, -507218, -516018, 375225, 520192, 86332, -519751, -489632, 450477, 519527, -187068, -520044, -194563, 519988, 450539, -507976, -517096, 380428, 520184, 72938, -519897, -516356, 235351, 519736, 361765, -516173, -509777, 458071, 520144, -118741, -520192, -288415, 182572, 433673, 513216, -291503, -520192, -246215, 519314, 509625, -414012, -519974, 84444, 520075, 351582, -497105, -518972, 157242, 520192, 354729, -517177, -513230, 401595, 520143, 6412, -519516, -289190, 511401, 431903, -402931, -414112, 75438, 144919, 170401, 198814, -182408, -417167, -25731, 416413, 264540, -232271, -362425, -68141, 320162, 356194, -152010, -490387, -108687, 450480, 338656, -294292, -425185, 85890, 396713, 103925, -270681, -189266, 95980, 130208, 45807, -23179, -86427, -66459, 48597, 103025, 12733, -50228, -45641, -55826, 30347, 130684, 30992, -144670, -114357, 107159, 163764, -24232, -147244, -65497, 85591, 117157, 114, -110392, -80841, 68177, 117720, -15717, -91094, -23591, 41014, 11234, -2378, 43466, -12207, -95449, -12075, 110601, 69502, -80444, -118704, 15826, 137917, 71546, -119926, -111294, 63454, 148788, 10623, -149073, -73570, 113656, 99812, -54319, -88072, -1342, 48942, 26072, 1395, -18040, -39877, -16488, 50903, 53362, -29538, -73859, -5933, 63759, 41843, -29371, -66633, -8664, 67114, 42575, -48264, -63370, 25625, 64494, -5928, -46812, -11380, 27140, 18755, -11884, -16664, 2406, 17487, 466, -20323, 2431, 24233, -471, -26983, -8501, 31375, 16076, -27443, -20198, 19509, 25037, -10045, -25806, 3485, 19635, 1724, -10741, -2979, 3203, -792, 5167, 6208, -7129, -8345, 1535, 9851, 7403, -7285, -12912, -1427, 16988, 13279, -18064, -19320, 13467, 21751, -5532, -17351, -2356, 9994, 7351, 1221, -10619, -11651, 9113, 20219, -2796, -25890, -3260, 25329, 6620, -19489, -4774, 13542, 6657, -10453, -6705, 9695, 7525, -11161, -10856, 15078, 15065, -15493, -21965, 12057, 30123, -4505, -40799, -4754, 37229, 15701, -28856, -24272, 16413, 26014, -2079, -18397, -10598, 8632, 17429, 3832, -19067, -14662, 15952, 19532, -9455, -22453, 1599, 23115, 4053, -21939, -8206, 20481, 12198, -19779, -16640, 20434, 22840, -18144, -24827, 12064, 22608, -1544, -12910, -11593, 245, 21512, 11810, -24538, -19965, 17418, 22734, -3789, -17163, -10504, 5635, 23033, 9817, -28878, -24096, 29568, 32274, -27201, -30678, 24648, 19300, -26681, -3112, 33906, -13331, -45436, 20234, 53035, -25207, -59000, 25063, 59014, -23514, -49573, 24894, 35218, -28712, -18613, 34227, 5902, -38006, 718, 32575, 1142, -28431, -6297, 21036, 12759, -11040, -16294, -81, 16161, 10697, -13553, -19960, 12348, 26941, -11554, -39354, 15414, 41226, -17375, -41789, 18204, 40155, -15149, -35548, 11166, 26158, -6611, -10240, 1096, -8979, 6115, 26112, -17365, -47138, 31655, 72641, -52907, -101964, 74746, 134784, -90585, -161535, 92351, 174668, -73950, -169014, 31840, 146766, 20179, -102801, -73779, 45693, 112961, 12755, -126806, -65039, 116158, 95711, -87619, -104166, 56580, 91263, -31373, -69202, 20760, 52620, -24322, -46220, 33596, 54993, -37128, -72129, 24580, 87234, 2793, -92886, -38216, 84750, 73458, -63784, -98482, 28704, 106417, 10055, -95604, -37612, 72556, 49371, -46354, -42927, 26328, 26058, -16559, -6205, 15556, -11353, -22074, 13511, 27087, -6506, -27642, -4600, 22105, 16218, -11277, -22495, -548, 23429, 8189, -21107, -11514
1791219435.948, MrmFullScanInfo, 541, 107, 2045356, 0, 0, 0, 0, 10000, 39297, 32, 2, 2, 1, 480, 0, 0, 0, 0, 0, 0, 168568, -229236, -312521, 480897, 361628, -537547, -379730, 350196, 435060, -32589, -508455, -254691, 508591, 431130, -373501, -521619, 136594, 579201, 108254, -566640, -279283, 391214, 328259, -47014, -247358, -337315, 79234, 610197, 87129, -723175, -178992, 711959, 187964, -644008, -149994, 577416, 120489, -545160, -138384, 547818, 205707, -535012, -298343, 422764, 400193, -182325, -492106, -109937, 513298, 348614, -393804, -501103, 143692, 591647, 134382, -607504, -341685, 485306, 451702, -208634, -456844, -138241, 330623, 437838, -89471, -606775, -174482, 592551, 359303, -385422, -392483, 59048, 246816, 230761, 26890, -327606, -316615, 190534, 512066, 76486, -534493, -333293, 357641, 499562, -52297, -522527, -258332, 368121, 489268, -84250, -596038, -207722, 540318, 420610, -325782, -546844, 40821, 587610, 183072, -510585, -256370, 302657, 170480, -35094, 14146, -158255, -205025, 181193, 315978, -45528, -293394, -148548, 135892, 284735, 99218, -289872, -319966, 159804, 444938, 45817, -437102, -238484, 312878, 346039, -133025, -339437, -25191, 236650, 106528, -92009, -101802, -29700, 43882, 86173, 15435, -75290, -33817, 27706, 730, 14067, 60920, -18451, -113933, -18502, 128659, 73097, -95196, -111532, 26728, 110490, 47270, -67739, -97229, 2236, 108027, 55702, -84316, -81759, 47312, 70604, -23397, -35875, 27459, 1538, -53309, 9629, 79978, 12126, -85561, -57790, 60111, 104483, -9228, -127502, -51900, 113193, 106442, -66383, -139401, 6790, 139852, 42712, -107680, -66448, 56712, 60204, -9046, -30583, -16463, -7819, 13350, 37823, 10676, -46715, -38853, 31274, 54795, 1458, -50465, -37520, 28080, 62653, 3369, -69236, -32476, 58357, 49698, -36606, -51521, 12289, 41417, 7441, -26501, -19107, 13451, 23670, -5980, -24375, 3645, 24442, -2982, -25759, 829, 27974, 3651, -28821, -9641, 26355, 15570, -20684, -19248, 13407, 18821, -6487, -14004, 1693, 6296, 50, 1492, 951, -6050, -3594, 5325, 6309, 114, -6975, -7876, 3967, 15287, 2269, -19935, -9220, 19969, 14046, -15030, -14945, 6646, 11457, 2551, -4337, -9829, -4859, 13252, 14170, -12447, -21399, 8869, 24566, -4537, -23098, 682, 18644, 2353, -14113, -4578, 11895, 6190, -12691, -7857, 15404, 10689, -17830, -15967, 18023, 23743, -15076, -31616, 8817, 35875, 211, -34025, -9938, 26035, 17083, -13669, -18970, -170, 14978, 12238, -6653, -19917, -3263, 21963, 12214, -18813, -18803, 12442, 22743, -5295, -24376, -1003, 24585, 6203, -24408, -10693, 24149, 14486, -22708, -16750, 18048, 16317, -8782, -12679, -4163, 6477, 17084, 885, -24978, -7842, 24292, 12793, -14803, -14087, -443, 10587, 16830, -2623, -30133, -7405, 37881, 15466, -39832, -17499, 37743, 11397, -34592, 1653, 33182, -17652, -34816, 31916, 38849, -41257, -42898, 44975, 43769, -44300, -38844, 41392, 27728, -38182, -12864, 35338, -1228, -32433, 9944, 29055, -10965, -25246, 5413, 20840, 3223, -15011, -11290, 7100, 16717, 2566, -19473, -13011, 21054, 22946, -23200, -30709, 26392, 34821, -29299, -35044, 29961, 32395, -27366, -27464, 21659, 19688, -13306, -8435, 2378, -5788, 11395, 21814, -28574, -39053, 49943, 57778, -75492, -78089, 102701, 98835, -125511, -117236, 135240, 129924, -123902, -134096, 88514, 127578, -33524, -108852, -29951, 77983, 87580, -37946, -126486, -5045, 139820, 42676, -128835, -67280, 101777, 75413, -70501, -69569, 46112, 57016, -34794, -46389, 35339, 44099, -40106, -51979, 39350, 66855, -26322, -82189, 387, 90558, 33184, -86104, -65818, 67074, 89078, -37386, -97527, 5669, 90407, 18545, -71717, -29045, 48478, 25074, -27943, -11209, 15005, -4760, -10894, 15337, 13386, -16563, -18103, 9178, 20635, 2838, -18549, -14652, 12312
1791219435.963, MrmFullScanInfo, 541, 107, 2045356, 0, 0, 0, 0, 10000, 39297, 32, 4, 2, 1, 480, 0, 0, 0, 0, 0, 0, 1105, -576, -1934, 1258, 1492, -1447, -379, 1258, -373, -1078, 385, 877, -40, -465, 104, 4, -702, 368, 1113, -364, -173, -260, -2439, 1420, 4765, -2285, -4425, 1779, 1937, -110, 131, -1191, -1108, 1471, 2576, -1470, -4880, 1871, 6342, -2763, -5387, 3927, 2314, -4676, 799, 4149, -3293, -2103, 9450, -1737, -22361, 6639, 35195, -3491, -38433, -12608, 32209, 18340, -33489, 20903, 83446, -118350, -213465, 259294, 378940, -401311, -483621, 483184, 491509, -465739, -428340, 359679, 315328, -199941, -174457, 35089, 47086, 77102, 46853, -113259, -115812, 96929, 146182, -66442, -119783, 58155, 51018, -88482, 19159, 129237, -43567, -136512, -961, 108705, 83369, -83070, -138168, 77648, 126969, -71084, -66763, 33140, 1379, 36163, 35239, -102291, -35370, 132910, 10597, -126405, 23268, 105688, -55415, -92637, 79939, 91861, -91944, -93849, 88454, 88819, -71637, -74573, 47134, 53391, -20889, -27061, -377, -2591, 10234, 31006, -6682, -51516, -4839, 59440, 13993, -56010, -12980, 47672, 2621, -40765, 8938, 36957, -13305, -33491, 8152, 26815, 2705, -15654, -14031, 1580, 22964, 12472, -28734, -23914, 30685, 30745, -28413, -31493, 23415, 26134, -19211, -17175, 18918, 9086, -22365, -5820, 25924, 8181, -25164, -13306, 18221, 16836, -6839, -15740, -5298, 10063, 14772, -2526, -19656, -3412, 19736, 5325, -16441, -2459, 12437, -4311, -11130, 12888, 15194, -20531, -24351, 24310, 34913, -22017, -41959, 13651, 42260, -1880, -35461, -9367, 23822, 17014, -10920, -20033, -17, 19269, 7310, -16410, -11040, 13179, 12466, -10862, -13155, 10148, 14308, -10803, -16312, 11638, 18758, -11022, -20644, 7911, 20857, -2452, -18768, -4194, 14593, 10474, -9116, -15249, 3277, 18271, 1981, -19869, -5797, 20347, 7792, -19752, -8361, 18070, 8517, -15300, -9239, 11371, 10867, -6079, -13021, -607, 14862, 8126, -15551, -15167, 14546, 20290, -11820, -22695, 7982, 22375, -3995, -19804, 626, 15759, 1917, -11329, -3839, 7613, 5463, -5205, -7027, 3886, 8643, -2738, -10264, 771, 11563, 2452, -11904, -6476, 10667, 10127, -7612, -12039, 3045, 11356, 2072, -8125, -6231, 3205, 8047, 2090, -7057, -6135, 3882, 7419, 382, -5378, -4600, 874, 7853, 4224, -9636, -8018, 10017, 9319, -9492, -7991, 8713, 4918, -8198, -1535, 8222, -808, -8575, 1445, 8618, -561, -7678, -938, 5518, 1891, -2417, -1545, -1011, -15, 4003, 1946, -5881, -3051, 6239, 2504, -5128, -335, 3155, -2581, -1254, 5055, 178, -6087, -48, 5138, 380, -2296, -464, -1676, -251, 5674, 1963, -8776, -4404, 10552, 6980, -10904, -9136, 10048, 10722, -8503, -11983, 6940, 13322, -5885, -14878, 5526, 16211, -5615, -16567, 5613, 15530, -5144, -13238, 4327, 10139, -3631, -6694, 3601, 3367, -4523, -556, 6257, -1331, -8302, 1931, 10018, -1092, -10779, -959, 10189, 3702, -8332, -6486, 5726, 8804, -3066, -10433, 1046, 11364, -217, -11626, 730, 11446, -2329, -11301, 4606, 11695, -7015, -12905, 8860, 14766, -9567, -16590, 8847, 17351, -6518, -16156, 2467, 12614, 3125, -7156, -9452, 917, 15178, 4810, -18847, -9007, 19625, 10950, -17586, -10261, 13659, 7397, -9187, -3594, 5383, 398, -2910, 1055, 1663, -396, -1001, -2067, 118, 5527, 1617, -8903, -4407, 11076, 8020, -11173, -11918, 8954, 15595, -4813, -18827, -466, 21624, 5961, -23929, -10656, 25257, 13269, -24742, -13126, 21579, 11288, -15809, -10018, 8723, 10801, -2163, -13277, -2378, 16295, 4153, -18824, -3140
1791219435.963, MrmDetectionListInfo, 541, 171, 58, 9660, 59, 14031, 60, 18482, 61, 21394, 62, 22378, 63, 22731, 64, 23610, 65, 24843, 66, 26410, 67, 31407, 68, 47816, 69, 65535, 70, 65535, 71, 65535, 72, 65535, 73, 65535, 74, 65535, 75, 65535, 76, 65535, 77, 65535, 78, 65535, 79, 65535, 80, 65535, 81, 65535, 82, 65535, 83, 65535, 84, 62170, 85, 34804, 86, 45765, 87, 65535, 88, 65535, 89, 65535, 90, 65535, 91, 65535, 92, 65535, 93, 65535, 94, 65535, 95, 59541, 96, 57431, 97, 65535, 98, 65535, 99, 65535, 100, 65535, 101, 65535, 102, 65535, 103, 65535, 104, 65535, 105, 65535, 106, 65535, 107, 65535, 108, 65535, 109, 54302, 113, 47951, 114, 65535, 115, 65535, 116, 65535, 117, 65535, 118, 65325, 119, 65535, 120, 65535, 121, 65535, 122, 65535, 123, 65535, 124, 65535, 125, 65535, 126, 65535, 127, 65535, 128, 65535, 129, 65535, 130, 63788, 131, 52087, 132, 39493, 143, 35392, 163, 30179, 198, 21156, 199, 24678, 200, 27744, 201, 29891, 202, 30656, 203, 29825, 204, 27473, 205, 24041, 206, 20649, 225, 13954, 229, 14987, 230, 14066, 231, 12685, 235, 10814, 236, 11268, 237, 11195, 242, 11962, 243, 13182, 246, 13924, 247, 13511, 250, 11846, 259, 14446, 260, 16092, 261, 16640, 262, 16681, 263, 16569, 264, 16150, 265, 15189, 266, 13743, 267, 12080, 268, 10430, 269, 8983, 285, 8332, 286, 9221, 287, 9700, 288, 9701, 289, 9260, 290, 8434, 292, 6431, 310, 9347, 314, 8252, 316, 6406, 356, 6497, 357, 7518, 358, 8358, 359, 9101, 360, 9680, 361, 9999, 362, 10074, 363, 10009, 364, 9908, 365, 9830, 368, 10046, 371, 10934, 372, 11095, 373, 11064, 374, 10802, 375, 10301, 376, 9587, 377, 8707, 378, 7726, 379, 6711, 380, 5725, 381, 4826, 394, 6178, 395, 6553, 396, 6816, 397, 6850, 398, 6703, 399, 6499, 400, 6312, 413, 10747, 414, 11565, 415, 12265, 416, 12772, 417, 13009, 418, 12899, 419, 12371, 421, 9925, 422, 8310, 427, 7511, 428, 8964, 430, 13470, 431, 14898, 432, 15195, 433, 14704, 434, 13798, 435, 12539, 436, 10853, 465, 18441, 466, 19056, 467, 19115, 468, 18815, 469, 18004, 470, 16540, 471, 14578, 472, 12480
1791219436.073, MrmFullScanInfo, 542, 107, 2045481, 0, 0, 0, 0, 10000, 39297, 32, 1, 2, 1, 480, -420810, 490494, 419925, -480010, -450544, 447178, 504152, -370987, -520064, 106868, 520178, 337894, -496777, -498020, 372062, 517292, -112504, -520076, -176183, 519497, 317763, -512189, -473334, 481989, 520192, 513594, -166759, -520071, -408586, 499246, 357765, -501554, -433917, 504939, 285811, -518248, -284126, 518352, 216729, -517945, -291447, 515473, 431880, -507879, -516264, 377401, 520192, 96728, -519958, -493821, 441813, 519568, -171618, -519927, -196336, 520025, 430918, -512129, -506404, 454126, 518981, -285547, -520140, -217027, -149678, 449897, 520051, -214147, -520192, -5040, 520127, 304897, -512676, -486870, 330329, 508541, 377834, -363286, -520192, -253161, 518910, 508799, -428745, -519214, 216980, 520186, 99433, -518865, -471693, 370808, 520180, 333167, -516367, -519251, 266239, 520154, 226369, -518389, -436710, 485606, 499251, -345893, -496775, 76548, 208267, 154550, 191898, -184137, -444736, -20197, 455954, 262560, -266015, -343262, -19561, 279022, 281608, -113854, -416614, -145599, 370548, 357900, -204321, -425057, 13608, 383466, 162023, -249855, -236077, 69015, 153481, 65937, -27015, -90390, -68656, 34097, 107058, 39448, -53329, -73963, -53447, 46976, 118050, 26276, -116030, -113574, 76626, 160975, 4185, -142350, -84967, 78159, 118511, 1766, -98540, -77959, 48394, 111552, 8653, -84201, -46455, 34644, 29045, -4, 30971, -6453, -88249, -28168, 107654, 95524, -73803, -149896, 5326, 164009, 82922, -138055, -115843, 69561, 149288, 11753, -143153, -81890, 104814, 113098, -46622, -104503, -7061, 69671, 27223, -23571, -13771, -11059, -19884, 15463, 56051, 9445, -74060, -44855, 57987, 73576, -17956, -87636, -22799, 75226, 56398, -43557, -73377, 11069, 70197, 14867, -46767, -34660, 21138, 42090, -2186, -37520, -8750, 33185, 10261, -32158, -5389, 30944, 4148, -29923, -13307, 30144, 20485, -22869, -25919, 9074, 31037, 5673, -31973, -16956, 25476, 26142, -15806, -29035, 7617, 23929, -67, -15246, -2768, 9252, -636, -3311, 6205, 1787, -8730, -7287, 8522, 14712, -4770, -18431, -4111, 17477, 16543, -11413, -24849, 217, 29458, 13134, -28648, -23567, 21896, 32223, -9586, -36288, -1700, 35403, 9281, -28522, -8490, 22015, 12691, -17637, -13964, 16569, 16350, -16388, -20667, 17577, 26154, -15539, -32444, 9377, 38466, -705, -45037, -9195, 37995, 19464, -24540, -26222, 10505, 24157, 3526, -14931, -12404, 2040, 14292, 11176, -11551, -21412, 5159, 25396, 2581, -26724, -9377, 26586, 12294, -25515, -12173, 24814, 13979, -24636, -16551, 27217, 21101, -25797, -23564, 21087, 20890, -10658, -11138, -2550, -2104, 14530, 14114, -19199, -21911, 13901, 23345, -3077, -16619, -10142, 3525, 20796, 12325, -25779, -26711, 25378, 34783, -22161, -33752, 21389, 22001, -24218, -6906, 32489, -7116, -45802, 13136, 56957, -15703, -64183, 15232, 64499, -13456, -56800, 15754, 43010, -21160, -28127, 27425, 15787, -32794, -7828, 31515, 6795, -28071, -9002, 22114, 11384, -14811, -11461, 7121, 8601, 1143, -4728, -7799, 3173, 13642, -5139, -22708, 11700, 27342, -19518, -30036, 24066, 30389, -26379, -26363, 25481, 16799, -21902, -1371, 15243, -19432, -6160, 36387, -7105, -57954, 25488, 82029, -48283, -111655, 73778, 143128, -91570, -168477, 95952, 181037, -75835, -171185, 35807, 146449, 17245, -100051, -71304, 40123, 112049, 22249, -128089, -73958, 119334, 103483, -93444, -110002, 62661, 95124, -38319, -69077, 25755, 49272, -27952, -42871, 36911, 50348, -40011, -68432, 28097, 85302, -659, -92596, -36310, 86416, 71334, -64610, -98247, 28856, 105613, 11797, -95405, -41876, 69927, 55799, -40894, -53278, 18038, 39270, -6161, -21290, 4935, 2534, -10721, 5699, 16149, -6046, -16204, 195, 8883, 7089, 2927, -12454, -16009, 14347, 25572, -15144, -30699
1791219436.088, MrmFullScanInfo, 542, 107, 2045481, 0, 0, 0, 0, 10000, 39297, 32, 2, 2, 1, 480, 0, 0, 0, 0, 0, 0, 168025, -228650, -311555, 479380, 361009, -535158, -380048, 347347, 436117, -29981, -509303, -256408, 508274, 431917, -372220, -521882, 135596, 579144, 108143, -566268, -278121, 390602, 326678, -46300, -245857, -338032, 78132, 610884, 87648, -723843, -178820, 712454, 186816, -644130, -147836, 577026, 117917, -544347, -136573, 547186, 205298, -534620, -298956, 421518, 400870, -179225, -491151, -114503, 509154, 353467, -388351, -505176, 142191, 597851, 127817, -641917, -321648, 593842, 382623, -397041, -290978, 71327, 79111, 250076, 168341, -398517, -372122, 308072, 506495, -58592, -533522, -210033, 393049, 372532, -91748, -354300, -260950, 164302, 524324, 98903, -605344, -324700, 475024, 472127, -188816, -512991, -140398, 398931, 405265, -136707, -522117, -175282, 441663, 431958, -195425, -591688, -95371, 634257, 298518, -537441, -341881, 312150, 223302, -37331, -2486, -161585, -221011, 193531, 351941, -69186, -336965, -112759, 182120, 237151, 49314, -234156, -263796, 103661, 381070, 93480, -367018, -271065, 241700, 361160, -67788, -338989, -77835, 226050, 141735, -79071, -118157, -36700, 44084, 81649, 26051, -59371, -49897, 6612, 19272, 31420, 40204, -25748, -90550, -21534, 103558, 81523, -71576, -119259, 9306, 113890, 54007, -66584, -91229, -1621, 90832, 60208, -60401, -85712, 22333, 74112, -2334, -40532, 13495, 10032, -47334, -5269, 80451, 34201, -89148, -84909, 63563, 131772, -11066, -149144, -51275, 124902, 105793, -66846, -137887, -2518, 137690, 58896, -106184, -86667, 57775, 82642, -14209, -54782, -6923, 18856, 597, 7613, 24527, -13079, -51141, -3529, 62636, 33478, -51702, -62434, 22354, 77128, 14409, -71794, -45903, 49672, 62306, -19100, -60688, -10737, 45744, 32530, -26132, -43090, 9751, 44018, -802, -39523, -1532, 33885, 1682, -29888, -3772, 27599, 9096, -24493, -16724, 18074, 24696, -8165, -30337, -3360, 31379, 13823, -27342, -20554, 19675, 22027, -11028, -18693, 4414, 12525, -1782, -6169, 2895, 2404, -5817, -2989, 8146, 7349, -7590, -12853, 2665, 16451, 6288, -15903, -16975, 10448, 26220, -960, -31141, -10553, 30140, 21798, -23727, -30474, 14588, 34578, -5809, -33461, -1022, 28766, 5955, -23595, -9619, 20493, 12623, -20098, -15756, 21165, 19866, -21519, -25614, 19416, 32463, -14238, -37833, 6157, 38426, 3839, -32670, -13286, 21729, 18758, -8431, -17796, -3971, 10400, 12770, 1000, -16472, -12830, 15027, 22202, -9816, -27954, 3354, 30395, 1966, -30488, -5236, 29614, 7194, -29122, -9005, 29354, 11001, -28939, -12302, 25370, 11461, -16721, -7699, 3499, 1638, 10623, 5154, -20323, -10973, 21574, 14269, -13785, -13675, -167, 8478, 15594, 652, -28055, -11300, 35087, 19623, -36750, -21728, 35063, 15716, -33001, -3038, 33336, -12194, -37371, 25548, 44100, -34193, -50507, 37631, 52979, -37218, -48985, 35141, 38417, -33225, -23793, 32062, 9298, -31087, 976, 29477, -4849, -26836, 3046, 23099, 1495, -18020, -5581, 11354, 7582, -3384, -7995, -5054, 8792, 12869, -11998, -18858, 18118, 22036, -25536, -22143, 31583, 19557, -34095, -14375, 32025, 6052, -25101, 5661, 13500, -19936, 2405, 35448, -22384, -51619, 46616, 68917, -74777, -87627, 104283, 106686, -128915, -123241, 139687, 133811, -128460, -135555, 92364, 126447, -36078, -105151, -29199, 71945, 89076, -30333, -130460, -12827, 145980, 49090, -136359, -71261, 109532, 76465, -77276, -67813, 51010, 53187, -37660, -41554, 36840, 39225, -41263, -47765, 40907, 63843, -28474, -80653, 2836, 90306, 30934, -86430, -64214, 66970, 88261, -35841, -97094, 1737, 89529, 25742, -69593, -40101, 44883, 39773, -23216, -27964, 9513, 11151, -4434, 3434, 5064, -10595, -6899, 8976, 6147, -821, -1275, -9767, -6720
1791219436.088, MrmFullScanInfo, 542, 107, 2045481, 0, 0, 0, 0, 10000, 39297, 32, 4, 2, 1, 480, 0, 0, 0, 0, 0, 0, -55, 352, 101, -1029, 84, 1856, -562, -2404, 966, 2216, -708, -1377, -348, 601, 1335, -253, -1268, 75, 321, 252, 1031, -730, -2321, 1246, 2987, -1529, -2409, 1283, 972, -655, 355, 40, -1600, 406, 3154, -936, -4468, 1558, 4279, -1791, -2492, 2153, 223, -3524, 1107, 5342, -322, -6018, -814, 4710, -2706, -1921, 11970, 5818, -22095, -43180, 34507, 126166, -86357, -200300, 205893, 193489, -346066, -125340, 421033, 95937, -405717, -138619, 360324, 176421, -326537, -142106, 279268, 60425, -186737, -765, 67903, -8514, 37096, -14566, -120602, 44681, 178663, -53941, -189154, 30373, 145315, 4325, -84967, -15355, 66630, -7944, -110455, 46990, 175457, -77520, -202057, 81051, 173799, -59112, -114662, 25809, 49376, 9859, 7208, -42477, -43233, 64565, 54439, -74682, -48824, 80585, 38883, -89393, -32487, 98756, 32507, -100149, -38827, 88344, 47896, -65281, -54147, 37020, 54007, -9375, -46249, -13124, 30958, 26603, -10842, -28584, -8481, 20435, 21204, -8467, -24880, 1009, 22355, -2741, -19417, 11246, 19948, -19181, -23234, 20135, 25386, -12971, -22763, 1421, 14610, 9465, -3417, -16480, -7102, 18957, 14077, -17703, -16012, 14483, 12699, -11938, -5124, 12754, -4228, -18025, 11677, 25978, -14014, -32482, 10859, 33215, -4768, -26352, -949, 13770, 4226, 322, -4913, -11845, 4278, 18689, -4156, -20974, 6090, 20352, -10726, -19082, 17423, 19274, -24317, -22101, 28981, 26929, -29158, -31388, 23728, 32741, -13610, -29262, 1679, 21004, 8669, -9675, -15064, -2090, 16792, 11904, -14641, -18390, 10400, 21143, -6148, -20378, 3402, 16896, -2608, -12040, 3135, 7323, -3670, -3832, 2964, 1759, -492, -305, -3399, -1658, 7941, 4729, -12275, -8551, 15670, 12143, -17678, -14437, 18193, 14847, -17271, -13584, 15021, 11556, -11695, -9846, 7731, 9136, -3416, -9519, -1291, 10629, 6560, -11846, -12178, 12438, 17435, -11703, -21333, 9382, 23000, -5787, -22049, 1656, 18775, 2280, -14123, -5507, 9395, 7766, -5678, -9016, 3318, 9522, -1871, -9785, 608, 10089, 1059, -10204, -3375, 9599, 6063, -7881, -8317, 5032, 9188, -1427, -8016, -2232, 4834, 5026, -512, -6010, -3469, 4559, 5685, -750, -5471, -4428, 3158, 9403, 231, -12688, -3456, 13577, 5456, -12292, -5562, 9755, 3755, -7083, -707, 5217, -2521, -4657, 4990, 5354, -6233, -6725, 6304, 7921, -5622, -8189, 4656, 7203, -3615, -5273, 2491, 3147, -1245, -1544, -72, 752, 1341, -563, -2399, 466, 3133, 89, -3548, -1233, 3685, 2586, -3508, -3584, 3103, 3850, -2721, -3121, 2598, 1283, -2674, 1338, 2759, -4066, -2649, 6353, 2092, -8071, -903, 9315, -844, -10032, 2908, 9884, -4883, -8438, 6195, 5633, -6406, -1848, 5770, -2435, -5101, 6861, 5069, -11022, -5808, 14299, 7306, -16023, -9445, 15684, 11759, -13040, -13613, 8239, 14808, -2026, -15739, -4241, 16738, 9111, -17735, -11584, 18386, 11554, -18404, -9597, 17714, 6592, -16469, -3279, 15013, 153, -13608, 2507, 12311, -4403, -10843, 5236, 8768, -4871, -5755, 3366, 1842, -910, 2611, -2282, -6975, 5848, 10304, -9183, -11662, 11517, 10732, -12292, -7892, 11403, 3899, -9104, 204, 6041, -3307, -3160, 4777, 1300, -4670, -672, 3379, 813, -1281, -1019, -1085, 745, 2951, 195, -3536, -1682, 2456, 3361, 208, -4698, -4233, 5301, 9339, -5135, -14907, 4505, 19596, -3537, -21679, 1868, 20151, 1101, -15545, -5571, 9675, 10932, -4590, -15954, 1727, 19421, -1526, -20779
1791219436.088, MrmDetectionListInfo, 542, 154, 62, 14801, 63, 25453, 64, 42314, 65, 65535, 66, 65535, 67, 65535, 68, 65535, 69, 65535, 70, 65535, 71, 65535, 72, 65535, 73, 65535, 74, 65535, 75, 65535, 76, 65535, 77, 65535, 78, 65535, 79, 65535, 80, 65535, 81, 65535, 82, 65535, 83, 65535, 84, 54289, 85, 28170, 86, 19531, 87, 28087, 88, 49911, 89, 65535, 90, 65535, 91, 65535, 92, 65535, 93, 65535, 94, 65535, 95, 65535, 96, 55770, 97, 42719, 98, 38663, 99, 42302, 100, 52877, 101, 65535, 102, 65535, 103, 65535, 104, 65535, 105, 65535, 106, 65535, 107, 65535, 108, 65535, 109, 65535, 110, 47372, 115, 50515, 116, 64169, 117, 65535, 118, 63906, 119, 61160, 120, 61306, 121, 62578, 122, 63274, 123, 63750, 124, 64967, 125, 65535, 126, 65535, 127, 65535, 129, 61420, 130, 56681, 131, 50741, 132, 43668, 197, 18657, 198, 20704, 199, 23039, 200, 25304, 201, 27225, 202, 28619, 203, 29287, 204, 28994, 205, 27568, 206, 24986, 207, 21383, 240, 11828, 241, 13523, 242, 14930, 243, 15899, 244, 16412, 245, 16516, 246, 16240, 247, 15597, 248, 14626, 250, 12078, 260, 11276, 261, 12923, 262, 14104, 263, 15028, 264, 15746, 265, 16080, 266, 15857, 267, 15080, 268, 13873, 269, 12392, 270, 10893, 271, 9719, 272, 9054, 273, 8747, 274, 8474, 275, 8026, 276, 7444, 287, 6830, 290, 7551, 292, 6775, 314, 8963, 316, 6820, 317, 5674, 331, 6060, 375, 6480, 377, 4847, 381, 4975, 382, 6275, 383, 7524, 384, 8616, 385, 9636, 386, 10657, 387, 11624, 388, 12413, 389, 12940, 390, 13181, 391, 13121, 392, 12727, 393, 11977, 394, 10907, 395, 9699, 396, 8847, 397, 8987, 398, 10271, 399, 12113, 400, 13698, 401, 14622, 402, 14986, 403, 15046, 404, 14885, 405, 14429, 406, 13643, 407, 12613, 408, 11473, 413, 7079, 414, 7521, 416, 8185, 428, 8038, 431, 11190, 432, 11508, 433, 11352, 435, 9590, 467, 12007, 468, 12369, 469, 12134, 470, 11405, 471, 10424
1791219436.213, MrmFullScanInfo, 543, 107, 2045606, 0, 0, 0, 0, 10000, 39297, 32, 1, 2, 1, 480, -421473, 491431, 418909, -482053, -453488, 446559, 504034, -374378, -519767, 114622, 520160, 337937, -495758, -497651, 370847, 518321, -115369, -520165, -171337, 519440, 324054, -512011, -474997, 482654, 520187, 512211, -191120, -520107, -402295, 501400, 354971, -502287, -436042, 505384, 281801, -518192, -292238, 518875, 225275, -518346, -294754, 516264, 437596, -506981, -515849, 375632, 520192, 103239, -520025, -494262, 443643, 519677, -144603, -520192, -243290, 519797, 454799, -507148, -510781, 438197, 517694, -325774, -519075, 236578, 425780, -395588, 327018, 454663, -448232, -476832, 433710, 504387, -335357, -514362, -61201, 514969, 488666, -409818, -520192, -312389, 519031, 514068, -391948, -519612, 174159, 520145, 62940, -519162, -327462, 500208, 504448, -67832, -519540, -503798, 281580, 520160, 302262, -515332, -488540, 434110, 511046, -238686, -511016, -24897, 193401, 191623, 244317, -167309, -484543, -8770, 506101, 266064, -362762, -358914, 50975, 271219, 200610, -111002, -355466, -140005, 344583, 363061, -182194, -400884, 30783, 336054, 80371, -211374, -132202, 26193, 43032, 96247, 69801, -99287, -118932, 49537, 125980, 16341, -54834, -58959, -73047, 37768, 155095, 28060, -160398, -100831, 123184, 141719, -41899, -119243, -50360, 46760, 88310, 34471, -70368, -96624, 30440, 114764, 12570, -75066, -40883, 16521, 14091, 19324, 42423, -25593, -86951, -4855, 94844, 69458, -54056, -120866, -20670, 133952, 106009, -110282, -140074, 47430, 166626, 30704, -146892, -87375, 96924, 105958, -29207, -88758, -28992, 49771, 51811, -3851, -40209, -25267, 13863, 25117, 17713, 2400, -33780, -39512, 19064, 70114, 16289, -83490, -48183, 74073, 72158, -43768, -80516, 12731, 66542, 12624, -33454, -29283, 4048, 33069, 18974, -27335, -30487, 22330, 28372, -21846, -19213, 21275, 13705, -20583, -14350, 22804, 15280, -17516, -13792, 7282, 16744, 4878, -13562, -14642, 4684, 22315, 6132, -24159, -13693, 19554, 17463, -13324, -18648, 8255, 12679, -2322, -2229, 1957, -2408, -6244, 4904, 11379, -2552, -12457, -4454, 7312, 15179, 756, -20233, -13969, 19854, 29506, -17193, -38673, 8127, 44439, 4883, -43863, -14744, 37195, 19294, -26707, -13534, 17155, 14309, -11947, -13672, 9655, 13069, -10156, -15822, 11123, 21566, -6950, -27736, 45, 34988, 10116, -40584, -20988, 34202, 30890, -22186, -35082, 9231, 31048, 2141, -19707, -8454, 4759, 8012, 10464, -3327, -21355, -2064, 25777, 8271, -26038, -13129, 25702, 14832, -25023, -14621, 24752, 16567, -26778, -22413, 29397, 29817, -28264, -34270, 21435, 33932, -9469, -25262, -6846, 11727, 21028, 2873, -26532, -13103, 21373, 17819, -8364, -13316, -7235, 3171, 21817, 10857, -29054, -23369, 29268, 29421, -25593, -25397, 22009, 12203, -21460, 4598, 26587, -19234, -35568, 24500, 42006, -26779, -47377, 23957, 47836, -20163, -41290, 19485, 30732, -21886, -19293, 26122, 11107, -30426, -7750, 29087, 8910, -27834, -11898, 24437, 15378, -20073, -14689, 16248, 11901, -12062, -7511, 8519, 6451, -3371, -8380, -4579, 13940, 13122, -22199, -23094, 28469, 30074, -32160, -32881, 32039, 26644, -28820, -11759, 23932, -9514, -14649, 28143, -23, -51240, 19547, 79825, -45141, -111366, 71006, 144970, -92105, -172514, 96551, 186514, -78555, -178620, 37831, 156129, 15522, -107520, -69684, 43512, 109349, 24143, -124784, -79790, 116391, 112024, -91184, -118788, 59395, 101109, -35383, -74435, 21889, 51064, -24705, -40492, 33954, 47420, -35975, -66168, 23016, 84010, 3724, -92854, -40370, 85800, 73773, -64976, -99579, 26689, 105593, 15840, -90866, -49092, 60120, 63530, -25566, -59369, 584, 43887, 12164, -23537, -10081, 4934, -1477, 8603, 17110, -14747, -27061, 14209, 26811, -10007, -18483, 5515, 4831, -1171, 8008, -1843, -17761
1791219436.213, MrmFullScanInfo, 543, 107, 2045606, 0, 0, 0, 0, 10000, 39297, 32, 2, 2, 1, 480, 0, 0, 0, 0, 0, 0, 168303, -229183, -312018, 481065, 361121, -538194, -379208, 350898, 434390, -32502, -507645, -255701, 508041, 432280, -373603, -522133, 137044, 579038, 108249, -566525, -281025, 392027, 333264, -49267, -255474, -334065, 87540, 607545, 81656, -722535, -176860, 713194, 188330, -646184, -152123, 579818, 123834, -547340, -142269, 549512, 209339, -535149, -301108, 419696, 402004, -175955, -490700, -117812, 502266, 357372, -369897, -511907, 114576, 606567, 154492, -650120, -338062, 627901, 412817, -553468, -366251, 470373, 168447, -398622, 146478, 330474, -441460, -277410, 566932, 277471, -466936, -348850, 195005, 424970, 127928, -381443, -394016, 168004, 549021, 123959, -566822, -363766, 438247, 507877, -199250, -560820, -75250, 491635, 307714, -269833, -422909, -55046, 363350, 368661, -145738, -572247, -124077, 614925, 320124, -489380, -364312, 244277, 239092, 22841, 3730, -198807, -257879, 212533, 416136, -82967, -417613, -94798, 265379, 213230, -23612, -209051, -208993, 85393, 347247, 96517, -355948, -252104, 257484, 317368, -114004, -274286, -5176, 151539, 56629, -9274, -39533, -90480, -12066, 116008, 52443, -77172, -48201, 11952, -3970, 36380, 77015, -40707, -133059, 3093, 144927, 49016, -106943, -81828, 36537, 75205, 34394, -31553, -77445, -27058, 81617, 71183, -55571, -80948, 21726, 56624, -4170, -16009, 13731, -15845, -41134, 18444, 64743, 13504, -64173, -66402, 32312, 114492, 22163, -132931, -81696, 110564, 128448, -55922, -148358, -8312, 133706, 58611, -88727, -80964, 30571, 73750, 18388, -45891, -42016, 13117, 37157, 8284, -13229, -8652, -12994, -11456, 25960, 42624, -19183, -70806, -3269, 83564, 31097, -75901, -52610, 51522, 59105, -19301, -48790, -11043, 27235, 32158, -3619, -41435, -13814, 41036, 20887, -35301, -18964, 28461, 13224, -23336, -8439, 20223, 6695, -16953, -7931, 11188, 10678, -2507, -12339, -7713, 10635, 17167, -5367, -23374, -1737, 24825, 8197, -21728, -11577, 15680, 10581, -9005, -5954, 4279, 112, -3149, 4208, 4991, -4737, -7344, 392, 7535, 7725, -3651, -16719, -4825, 23485, 16532, -25724, -28633, 22376, 38181, -14287, -42972, 4536, 41829, 3486, -35295, -8336, 26045, 10631, -17755, -11594, 12994, 12250, -11870, -13757, 12438, 17306, -12096, -23491, 9097, 31267, -3033, -37592, -5528, 39003, 15085, -33997, -22927, 23876, 25879, -11646, -21961, 615, 11636, 6812, 2199, -9702, -15478, 8415, 25018, -4229, -29903, -898, 31183, 5137, -30679, -7964, 30231, 10374, -31067, -13584, 32891, 17712, -33526, -21495, 29926, 23083, -20072, -21180, 4805, 15840, 11658, -8309, -23343, 405, 25656, 5899, -17655, -8787, 2276, 7155, 15198, -1341, -29416, -6454, 37039, 12495, -37631, -12993, 33298, 6160, -27561, 6493, 23800, -20900, -23824, 32692, 27259, -39239, -31840, 40379, 34445, -37782, -32510, 33862, 25488, -30629, -15293, 28883, 5392, -28278, 963, 28059, -2327, -27636, -303, 26615, 4302, -24532, -7029, 21061, 7387, -16243, -6334, 10457, 6092, -4195, -8782, -2136, 15176, 8164, -24183, -13389, 33283, 16910, -39597, -17174, 40970, 12415, -36323, -1994, 25505, -12784, -8952, 29841, -12836, -48042, 39594, 67486, -70557, -88166, 102756, 108854, -129729, -126770, 142378, 138646, -132460, -141651, 97074, 133208, -40906, -111044, -24796, 74973, 85634, -29107, -128460, -18300, 145547, 57355, -136966, -80223, 110125, 84353, -76878, -73519, 49207, 56173, -34500, -41950, 32525, 38039, -36121, -46486, 35534, 63509, -23644, -81368, -851, 91367, 33301, -86765, -65277, 65464, 87745, -31561, -94152, -5667, 83137, 35745, -59303, -51366, 31359, 50738, -8362, -37119, -3784, 16687, 4195, 3805, 3238, -18820, -12137, 25290, 16832, -23155, -14773, 14906, 6969
1791219436.213, MrmFullScanInfo, 543, 107, 2045606, 0, 0, 0, 0, 10000, 39297, 32, 4, 2, 1, 480, 0, 0, 0, 0, 0, 0, 190, -364, -303, 1221, 48, -2242, 652, 2544, -1329, -1576, 1351, 86, -352, 653, -886, -362, 1019, -101, 132, -126, -2458, 1148, 5804, -2563, -8722, 3504, 8722, -2934, -5724, 1043, 2114, 839, 883, -1974, -3095, 2477, 4350, -2443, -4335, 1745, 3376, 107, -2221, -2933, 1542, 5120, 527, -5557, -7858, 5904, 18928, -7967, -25278, 11385, 20482, -25021, -4708, 84143, -2416, -239030, 1966, 485301, -34791, -717597, 120101, 797883, -197776, -679743, 171618, 444757, -37558, -223945, -104336, 90491, 154623, -28121, -108678, -6738, 36749, 27888, -1981, -28045, 24333, 18890, -77336, -40234, 119419, 101510, -132849, -149306, 128995, 127467, -122389, -52732, 113949, -5422, -100104, 7789, 82994, 28544, -64517, -58208, 35827, 59334, 7228, -44715, -53227, 33659, 87193, -33708, -103532, 42365, 103884, -53138, -92375, 58382, 75115, -52383, -56557, 33412, 36214, -3831, -9785, -30379, -23139, 60392, 54809, -77342, -74567, 76476, 76229, -60345, -60908, 37604, 35746, -16906, -9262, 2358, -12626, 6546, 26782, -12749, -32345, 18964, 30722, -26028, -25069, 33118, 19125, -38111, -15607, 37961, 14736, -30540, -14469, 16791, 12602, -713, -8670, -12726, 4498, 20018, -2967, -20443, 5853, 16010, -12588, -10117, 20837, 5855, -27872, -4739, 31507, 6454, -30203, -9277, 23228, 10991, -11190, -10047, -3277, 6575, 16338, -2311, -24865, -569, 28236, 375, -28351, 3474, 27794, -9986, -28016, 16862, 29014, -21546, -29924, 22465, 29505, -19497, -26697, 13713, 21091, -6623, -12954, -314, 3238, 5741, 6611, -8699, -15088, 9070, 20939, -7547, -23284, 4975, 21987, -1919, -17804, -1174, 11932, 3904, -5429, -5941, -745, 7177, 5846, -7801, -9635, 8224, 12307, -8774, -14102, 9442, 14864, -9996, -14331, 10215, 12675, -9928, -10486, 9116, 8372, -7882, -6671, 6295, 5720, -4289, -5811, 1721, 6935, 1397, -8571, -4886, 9677, 8662, -9298, -12602, 7228, 16149, -3938, -18230, 93, 17959, 3615, -15268, -6296, 10893, 7212, -5969, -6356, 1573, 4472, 1581, -2420, -3364, 803, 4354, -42, -5373, 355, 6915, -1380, -8938, 2313, 11085, -2531, -12737, 1975, 13098, -1081, -11652, 538, 8490, -1016, -4144, 2761, -588, -5269, 4734, 7544, -7314, -8687, 7813, 8423, -6556, -7091, 4585, 5277, -3110, -3642, 2885, 2844, -3960, -3257, 5715, 4812, -7183, -7087, 7565, 9538, -6503, -11510, 4186, 12421, -1221, -12001, -1517, 10408, 3235, -8024, -3462, 5202, 2286, -2192, -422, -771, -1063, 3473, 1280, -5756, 121, 7485, -2882, -8470, 6382, 8532, -9975, -7627, 13148, 5879, -15399, -3590, 16223, 1191, -15300, 910, 12666, -2425, -8690, 3200, 3996, -3082, 540, 1969, -3862, 7, 5187, -2463, -4408, 5143, 2067, -8123, 1098, 11564, -4363, -15247, 7025, 18686, -8595, -21192, 8828, 21763, -7406, -19530, 3901, 14679, 1535, -8689, -7671, 3389, 12868, -4, -15971, -1187, 16658, 771, -15239, 463, 12321, -1979, -8610, 3502, 4703, -4821, -1050, 5811, -2023, -6488, 4309, 6963, -5659, -7172, 6070, 6597, -5606, -4408, 4344, 300, -2342, 4845, -194, -9338, 2655, 11650, -4150, -11292, 4044, 8847, -2423, -5301, 46, 1564, 2277, 1515, -4044, -3098, 5009, 2840, -5049, -1276, 4251, -512, -3005, 1490, 1827, -1026, -892, -1065, -210, 4607, 2268, -8981, -5625, 13266, 9726, -16463, -13299, 17885, 14986, -16923, -13887, 12806, 10012, -5121, -4505, -5151, -862, 15454, 4597, -22815, -6100, 25368, 5609
1791219436.213, MrmDetectionListInfo, 543, 148, 58, 10491, 59, 13752, 60, 16251, 61, 17720, 62, 18403, 63, 19231, 64, 22399, 65, 31871, 66, 52597, 67, 65535, 68, 65535, 69, 65535, 70, 65535, 71, 65535, 72, 65535, 73, 65535, 74, 65535, 75, 65535, 76, 65535, 77, 65535, 78, 65535, 79, 65535, 80, 65535, 81, 65535, 82, 65535, 83, 65535, 84, 65535, 85, 53704, 86, 31437, 87, 20902, 88, 18354, 89, 18424, 90, 20027, 91, 25853, 92, 38176, 93, 56418, 94, 65535, 95, 65535, 96, 65535, 97, 65535, 98, 65535, 99, 65535, 100, 65535, 101, 65535, 102, 65535, 103, 63509, 104, 53013, 105, 49016, 106, 49094, 107, 50594, 108, 52166, 109, 53303, 110, 52565, 111, 47763, 114, 33413, 115, 44012, 116, 56829, 117, 64918, 118, 65535, 119, 65535, 120, 65535, 121, 65535, 122, 65535, 123, 65535, 124, 65535, 125, 63562, 126, 56449, 134, 55034, 135, 65535, 136, 65535, 137, 65535, 138, 65535, 139, 65535, 140, 62857, 141, 51609, 155, 27756, 156, 27630, 157, 27410, 198, 16306, 199, 17601, 200, 19320, 201, 21320, 202, 23241, 203, 24777, 204, 25794, 205, 26236, 206, 26023, 207, 25067, 208, 23345, 224, 13746, 241, 11800, 242, 12241, 246, 11785, 265, 10175, 266, 10605, 267, 10870, 268, 10884, 269, 10557, 270, 9953, 271, 9423, 272, 9416, 273, 9904, 274, 10239, 275, 9824, 276, 8692, 331, 8412, 332, 7998, 333, 7385, 352, 5577, 353, 6939, 354, 7986, 356, 9197, 357, 9704, 358, 10086, 359, 10203, 360, 10030, 361, 9636, 362, 9085, 363, 8452, 364, 7842, 380, 4593, 381, 4937, 382, 5817, 383, 7361, 384, 9304, 385, 11157, 386, 12608, 387, 13683, 388, 14522, 389, 15112, 390, 15278, 391, 14853, 392, 13780, 393, 12122, 394, 10074, 395, 8005, 396, 6478, 397, 5990, 398, 6453, 399, 7161, 400, 7521, 435, 7719, 466, 15690, 467, 16291, 468, 16240, 469, 15489, 470, 13984, 471, 11691
1791219436.323, MrmFullScanInfo, 544, 107, 2045731, 0, 0, 0, 0, 10000, 39297, 32, 1, 2, 1, 480, -423374, 491707, 417913, -481022, -451549, 448393, 505202, -371791, -519964, 109595, 520137, 336955, -495787, -497390, 374308, 517091, -115543, -520192, -168676, 519714, 322356, -512162, -475955, 480563, 520169, 512540, -192936, -520080, -400927, 502427, 353815, -501959, -433379, 505740, 282363, -517669, -292458, 517916, 228257, -517671, -300802, 516076, 435728, -508236, -516606, 372286, 520192, 98997, -520028, -494099, 440474, 519705, -135545, -519839, -271116, 519277, 480343, -496130, -516611, 388309, 519974, -202241, -520172, 38797, 520088, -135390, -436445, 467861, 27266, -511803, 141258, 514835, -18137, -514894, -381993, 514651, 519119, -264852, -520192, -404095, 513755, 518829, -308925, -520168, 51547, 520012, 193640, -516045, -426237, 475960, 514342, -175613, -520169, -356101, 429830, 520038, 124219, -517926, -441691, 452784, 505472, -215978, -503311, -80074, 156234, 215099, 263837, -155557, -492510, -41137, 508236, 325183, -366196, -424753, 61785, 340815, 185975, -175032, -340548, -97738, 329435, 358235, -157267, -418600, 2034, 372835, 95544, -277796, -123662, 112865, 32411, 6416, 76167, -27990, -127924, 10738, 148522, 30158, -95050, -56368, -23258, 28944, 109644, 48247, -130835, -141886, 100268, 190265, -27402, -166305, -53346, 86858, 88943, 10742, -65608, -89132, 29732, 126329, 7131, -105362, -33619, 58916, 8235, -28164, 41182, 16833, -80870, -30215, 89890, 76802, -57000, -116879, -8273, 124956, 88178, -103915, -121266, 49990, 154048, 20824, -147859, -74979, 111186, 90104, -57596, -75373, 9706, 41629, 9995, -1194, -3485, -24761, -19223, 27752, 40646, -6467, -49132, -26297, 32381, 56278, 3838, -72832, -39177, 68145, 68110, -44324, -82754, 17904, 77815, 2186, -53389, -15391, 27448, 20732, -7071, -16461, -5479, 14932, 7903, -17198, -3717, 19284, 1226, -21513, -4612, 26981, 6925, -26589, -9852, 21621, 14947, -14896, -18461, 7223, 16954, 290, -12325, -5634, 9368, 5014, -7138, -2763, 5816, 2213, -11140, -1286, 17371, 2501, -18135, -7619, 18019, 13119, -14166, -14057, 6784, 10601, 2215, -2765, -7630, -8065, 8473, 19734, -5208, -26583, -3304, 30586, 13803, -28936, -19656, 24535, 19991, -16433, -12689, 9795, 9666, -9474, -4335, 10725, 2138, -13182, -4328, 15776, 7212, -12711, -12595, 5700, 18471, 5426, -20340, -17813, 13441, 28071, -3405, -33755, -7922, 30635, 13817, -21069, -13901, 8462, 7896, 4781, 1281, -15135, -10778, 19961, 17534, -22477, -20081, 24273, 18448, -26581, -16261, 28471, 17345, -31771, -23006, 33274, 31678, -28783, -37617, 18257, 34615, -1740, -23208, -17416, 4932, 32648, 12428, -37635, -24164, 31390, 27967, -16310, -21575, -1862, 6915, 18395, 10540, -27709, -25702, 31080, 33836, -29834, -28892, 28559, 13666, -29921, 6333, 35619, -23470, -45732, 31048, 51448, -35176, -54666, 33457, 51585, -31072, -41982, 30827, 28815, -33089, -15489, 36523, 7821, -36822, -5284, 33435, 8956, -29456, -13206, 25218, 17160, -21025, -18388, 17439, 17130, -14434, -14178, 13231, 14436, -10553, -16998, 3216, 23638, 6376, -30887, -18366, 34385, 28482, -35573, -33575, 33848, 28993, -29460, -14715, 22077, -6621, -11924, 26847, -2963, -51582, 23130, 81847, -49584, -115840, 75681, 153125, -95965, -180773, 100311, 195362, -80024, -186868, 38632, 161489, 16244, -111076, -70574, 45093, 109497, 25192, -122920, -81728, 112943, 114920, -84391, -118317, 53863, 98986, -30751, -69297, 20430, 41505, -26462, -30476, 37538, 36281, -40517, -55968, 27505, 76137, 2414, -87537, -40502, 82664, 76836, -62975, -103442, 25501, 106026, 16254, -88147, -47350, 54190, 59456, -15244, -53329, -15755, 35779, 30877, -15713, -29640, 3691, 13680, 8801, 4879, -13026, -19055, 11559, 21060, -6721, -13027, 1467, -2853, 1074, 19029, -2414, -32352
1791219436.323, MrmFullScanInfo, 544, 107, 2045731, 0, 0, 0, 0, 10000, 39297, 32, 2, 2, 1, 480, 0, 0, 0, 0, 0, 0, 168106, -229076, -311655, 480408, 361043, -536700, -379773, 349031, 435563, -31340, -509084, -255538, 509424, 431188, -374873, -520911, 138233, 578098, 107295, -565780, -280745, 391413, 333903, -48912, -256821, -334052, 89235, 607255, 79975, -722096, -175571, 712687, 187919, -645726, -153181, 579655, 126319, -547803, -145122, 550355, 211256, -535774, -301722, 419986, 401632, -176218, -489033, -117681, 497330, 358378, -358792, -514776, 97033, 607916, 174776, -637027, -358593, 578281, 444121, -447125, -471618, 331903, 438454, -316973, -295466, 385797, 54475, -449909, 148704, 470168, -168287, -477183, 314, 453505, 241575, -322850, -446180, 71509, 550078, 207106, -513933, -416749, 336188, 541614, -76820, -592780, -175966, 538899, 363433, -339839, -452604, 28248, 407229, 292097, -218197, -516434, -47219, 579611, 267086, -465216, -340475, 223082, 232951, 38792, 5830, -199495, -264626, 190175, 431885, -37940, -443494, -154557, 299442, 276068, -61188, -262795, -173403, 119273, 317636, 89279, -334524, -272860, 247128, 363119, -119117, -339261, 17411, 227248, 20912, -84393, 730, -28326, -50379, 76679, 87815, -64391, -83007, 22728, 31032, 8325, 45139, -1120, -109723, -43657, 133961, 98347, -108330, -127905, 46703, 111948, 21195, -54228, -67460, -20881, 79819, 81469, -64076, -105595, 38691, 91808, -24509, -56167, 31643, 22141, -53007, -10091, 70769, 27817, -67640, -66317, 37219, 104548, 13564, -120500, -70226, 102781, 117818, -57207, -143706, 2985, 139447, 39262, -106744, -57412, 59387, 50453, -16964, -26154, -5640, -2347, 5016, 21225, 11010, -21461, -28441, 2370, 34562, 28446, -23934, -58322, -388, 75291, 29985, -73954, -54671, 57110, 65982, -32283, -61053, 7518, 44005, 11194, -23040, -21482, 6010, 24657, 2711, -23795, -3608, 21984, 705, -21471, 1883, 22696, -2055, -24041, -597, 23434, 5375, -20019, -10441, 14219, 13747, -7349, -14398, 1374, 12876, 2079, -10579, -2696, 9397, 1335, -10563, 592, 13609, -1361, -16780, -194, 18315, 3541, -16885, -6614, 11895, 7209, -4175, -4010, -4029, -2922, 9992, 12168, -11556, -21499, 8139, 28745, -1333, -32197, -5557, 30858, 9638, -25305, -10055, 18078, 7720, -12374, -4247, 10080, 1260, -10849, -189, 12618, 1976, -12742, -6738, 9370, 13102, -2113, -18207, -8103, 19242, 19149, -15340, -27852, 8090, 30999, -441, -26843, -4810, 16104, 6178, -1722, -3777, -12407, -980, 23207, 6002, -29582, -9324, 32271, 10172, -32948, -9569, 33413, 9728, -34640, -12422, 35915, 17509, -34738, -22710, 28051, 24907, -14245, -22094, -5006, 14551, 24504, -4418, -37570, -5438, 39371, 12316, -29187, -14185, 10497, 10318, 10793, -1839, -28843, -8101, 39955, 14984, -43367, -14630, 40864, 5458, -35879, 10297, 31978, -27757, -31204, 41974, 33182, -50057, -35510, 51817, 35186, -49059, -30120, 44411, 20466, -39951, -8823, 36474, -880, -33796, 5463, 31609, -4222, -29816, -894, 28221, 6720, -26320, -10687, 23726, 11977, -20498, -11630, 16866, 11832, -12714, -14717, 7595, 21048, -1229, -29604, -6002, 37837, 12684, -43109, -16293, 43449, 14149, -37688, -5157, 25570, -9399, -7636, 27235, -15473, -46905, 43480, 68276, -75600, -91143, 108744, 113920, -136183, -133373, 148541, 145900, -137514, -148583, 100434, 138960, -42487, -115029, -24473, 76868, 85613, -28799, -127681, -20468, 143241, 60391, -132983, -82661, 105060, 84585, -71828, -70301, 45199, 49089, -32078, -31689, 31657, 26176, -36265, -34942, 35861, 54037, -23334, -75008, -2309, 88184, 35757, -85993, -67735, 65972, 88651, -32445, -92024, -4714, 76837, 34595, -48082, -49970, 15259, 49733, 11081, -37685, -23564, 19543, 21090, -839, -8929, -13635, -4523, 20429, 12100, -18722, -10598, 10605, 1128
1791219436.323, MrmFullScanInfo, 544, 107, 2045731, 0, 0, 0, 0, 10000, 39297, 32, 4, 2, 1, 480, 0, 0, 0, 0, 0, 0, -139, -47, 274, -134, -94, 519, -260, -731, 588, 414, -860, 274, 1258, -867, -1694, 1095, 1668, -987, -922, 679, -765, -104, 3115, -759, -5043, 1528, 5348, -1556, -4025, 896, 2090, -161, 80, -374, -2556, 914, 4595, -1578, -4949, 1710, 3492, -796, -1535, -562, 150, 1354, 1943, -1648, -8104, 3053, 19032, -5968, -28738, 5455, 30297, 6370, -25092, -25143, 36473, 24931, -118888, 42105, 280590, -196605, -424908, 367746, 448437, -435139, -379333, 359806, 311180, -210767, -259284, 63688, 189654, 45066, -99823, -97637, 12162, 95411, 61213, -67749, -105030, 45294, 104605, -50137, -62863, 87427, 8298, -128501, 17381, 134633, 2688, -100747, -39547, 59105, 51756, -38381, -32849, 40703, 6313, -47394, 5457, 39797, 2923, -15909, -23091, -13523, 45024, 37149, -62496, -48995, 71989, 48511, -71736, -38130, 63128, 20959, -49526, -1256, 32860, -16428, -11159, 29747, -17075, -39048, 46387, 44845, -66238, -45906, 70078, 39942, -60752, -26037, 46990, 7252, -35735, 10802, 27560, -24334, -19222, 32874, 8670, -37201, 3072, 37171, -13171, -31876, 19317, 21609, -20370, -8546, 16098, -4382, -7202, 15126, -4181, -23135, 14224, 28539, -18966, -30813, 16610, 28485, -8795, -20539, -208, 8241, 6164, 4776, -7247, -14126, 4509, 16752, -635, -12346, -1632, 3038, 614, 8050, 3931, -17844, -10883, 23811, 18041, -24609, -22830, 20874, 23292, -15092, -18791, 10188, 10522, -7674, -1416, 7176, -5284, -7316, 8133, 6644, -7940, -4250, 6667, 48, -6086, 5459, 6857, -11310, -8419, 16137, 9799, -18603, -10379, 18217, 10028, -15536, -8982, 11680, 7866, -7702, -7435, 4072, 7996, -514, -9166, -3638, 10143, 8663, -9996, -13996, 7988, 18515, -3929, -21147, -1574, 21396, 7387, -19428, -12338, 15853, 15625, -11470, -16910, 7215, 16302, -3952, -14314, 2195, 11818, -1884, -9772, 2571, 8863, -3651, -9193, 4446, 10430, -4307, -12218, 2971, 14204, -666, -15652, -2119, 15602, 4868, -13542, -7068, 9743, 8220, -4814, -8042, -680, 6768, 6054, -5053, -10495, 3572, 13578, -2734, -15435, 2754, 16638, -3714, -17771, 5486, 18860, -7515, -19274, 8925, 18262, -9115, -15357, 8135, 10443, -6430, -3971, 4504, -2963, -2676, 8978, 1055, -12733, 314, 13367, -1372, -11034, 2168, 7030, -2956, -3119, 3931, 725, -4822, -500, 4959, 2132, -3668, -4446, 680, 5987, 3693, -5808, -8522, 3908, 12614, -1066, -14969, -1605, 15077, 3216, -12977, -3400, 9226, 2423, -4685, -967, 237, -97, 3418, 53, -5779, 1434, 6593, -4091, -5982, 7148, 4379, -9792, -2216, 11503, -288, -12130, 3036, 11803, -5751, -10793, 7966, 9412, -9123, -7787, 8777, 5992, -6782, -4259, 3598, 3025, -273, -2658, -2167, 3238, 3368, -4692, -3665, 6972, 3599, -9993, -3483, 13409, 3433, -16352, -3528, 17606, 3867, -16221, -4503, 12179, 5396, -6568, -6384, 1070, 7094, 2915, -7032, -4815, 5980, 4831, -4125, -3484, 1801, 1311, 745, 1331, -3282, -4145, 5536, 6718, -7119, -8614, 7685, 9577, -7109, -9515, 5629, 8344, -3767, -5971, 2160, 2502, -1247, 1560, 1181, -5134, -1863, 6983, 2988, -6420, -4052, 3493, 4532, 1111, -4238, -6271, 3399, 10585, -2444, -12824, 1797, 12477, -1666, -9906, 2027, 6228, -2687, -2783, 3177, 605, -2722, -104, 617, 982, 3347, -2402, -8944, 3571, 15549, -4215, -21868, 4851, 25859, -5903, -25647, 6661, 20993, -5686, -13730, 2492, 6640, 1644, -1906, -4865, 504, 6057, -2267
1791219436.323, MrmDetectionListInfo, 544, 137, 58, 9063, 59, 12592, 60, 15846, 61, 17936, 62, 18491, 63, 18086, 64, 18318, 65, 21144, 66, 27560, 67, 38264, 68, 56235, 69, 65535, 70, 65535, 71, 65535, 72, 65535, 73, 65535, 74, 65535, 75, 65535, 76, 65535, 77, 65535, 78, 65535, 79, 65535, 80, 65535, 81, 65535, 82, 65535, 83, 65535, 84, 65535, 85, 65535, 86, 65535, 87, 62943, 88, 59717, 89, 65535, 90, 65535, 91, 65535, 92, 65535, 93, 65535, 94, 65535, 95, 62844, 96, 61501, 97, 62131, 98, 65535, 99, 65535, 100, 65535, 101, 65535, 102, 56917, 103, 52867, 104, 52437, 105, 49354, 108, 26834, 117, 37690, 118, 48541, 119, 56229, 120, 60209, 121, 61191, 122, 59958, 123, 56729, 134, 36326, 135, 46116, 136, 53963, 137, 57839, 138, 58019, 139, 55712, 140, 51522, 141, 45447, 193, 21828, 194, 22818, 195, 22927, 197, 20069, 198, 17512, 199, 14628, 236, 10037, 240, 12330, 241, 12099, 242, 11775, 246, 15079, 247, 15383, 248, 14995, 250, 13644, 251, 12810, 252, 11735, 267, 8046, 268, 8092, 271, 8360, 272, 8985, 273, 9634, 274, 9949, 275, 9787, 276, 9240, 277, 8436, 285, 7922, 286, 8125, 287, 8288, 288, 8693, 289, 9216, 290, 9674, 291, 10090, 292, 10621, 293, 11339, 296, 13509, 297, 13858, 299, 13555, 300, 12797, 301, 11629, 302, 10097, 331, 6227, 332, 7146, 333, 7533, 338, 8770, 339, 8670, 340, 8047, 342, 5673, 356, 6541, 362, 7535, 363, 8351, 364, 8841, 365, 8986, 381, 4395, 382, 4819, 383, 5463, 384, 6263, 385, 7081, 386, 7871, 389, 10073, 390, 10503, 391, 10643, 392, 10471, 393, 9992, 394, 9228, 395, 8226, 396, 7067, 397, 5851, 467, 14945, 468, 15811, 469, 16123, 470, 15810, 471, 14815, 472, 13134
1791219436.448, MrmFullScanInfo, 545, 107, 2045856, 0, 0, 0, 0, 10000, 39297, 32, 1, 2, 1, 480, -421600, 491566, 418118, -480290, -450171, 448096, 505286, -374363, -520179, 116739, 520153, 337945, -494846, -498467, 373576, 517555, -114290, -520192, -173004, 519819, 318769, -512934, -476265, 481800, 520179, 513440, -174797, -520148, -410588, 498139, 355318, -501555, -436684, 506047, 285319, -518463, -287371, 518093, 224856, -515274, -293109, 515997, 433666, -508206, -516354, 383833, 520192, 83551, -520008, -495396, 445359, 519698, -147485, -520192, -269058, 519108, 482146, -497333, -518056, 373049, 520002, -163576, -520192, -29916, 520110, -18650, -507665, 387139, 224320, -512857, 23582, 514566, 74994, -516767, -437646, 511760, 519396, -241944, -520172, -410927, 510613, 519544, -284159, -520135, 16401, 519934, 236264, -513593, -450442, 462643, 516829, -168253, -520192, -331207, 463890, 519906, 84208, -518381, -441485, 446826, 503955, -206940, -495581, -66090, 148805, 184195, 257748, -114621, -472660, -81282, 495094, 343898, -371346, -450809, 63094, 379674, 183711, -200612, -323695, -82237, 306958, 349600, -132458, -417230, -26151, 372877, 117580, -285799, -151569, 149623, 60325, -30655, 61234, 5132, -126365, -26604, 147626, 58933, -101196, -75252, -13643, 40392, 99126, 47152, -115195, -138173, 93126, 194648, -27202, -182427, -52342, 108775, 80269, -14412, -49231, -65642, 5278, 105021, 33289, -87649, -53784, 47346, 25346, -21804, 29101, 13363, -72370, -27502, 84314, 72657, -55394, -112758, -6785, 121100, 83660, -98275, -115485, 45646, 145269, 25127, -135542, -77175, 98867, 92600, -45364, -76944, 574, 43527, 15233, -4208, -4668, -20362, -21870, 19880, 42738, 3474, -51442, -33313, 32712, 60086, 5194, -71258, -39831, 61078, 67153, -32232, -79394, 3742, 69914, 15456, -44044, -27502, 18371, 27480, -188, -18710, -8567, 13486, 7900, -14855, -311, 17136, -3243, -19980, 687, 25819, 4467, -27147, -9838, 20193, 17536, -11419, -21671, 3086, 19806, 6930, -13815, -12930, 8540, 12371, -2974, -10262, 1811, 9547, -5665, -7202, 11403, 6206, -13088, -9768, 13195, 13755, -11305, -12609, 6481, 8364, 1231, -353, -4432, -8083, 4911, 18511, -2805, -24060, -3537, 26014, 11818, -25505, -15475, 21272, 14914, -15469, -8927, 11755, 6167, -11594, -2418, 13527, 2390, -15337, -4752, 16907, 8715, -13176, -13025, 4631, 16522, 5056, -17121, -14913, 8350, 24351, 2871, -27882, -12139, 24631, 18951, -15815, -18675, 5034, 11754, 6590, -1654, -15305, -7424, 20328, 14565, -22460, -19553, 25924, 19268, -29033, -18921, 31893, 22086, -34477, -29082, 35329, 37094, -30940, -41970, 19214, 38496, -2486, -25000, -17734, 5625, 32588, 13685, -37302, -26917, 31531, 31653, -17202, -24568, -449, 9144, 16590, 10533, -25298, -26701, 27232, 33858, -26786, -30028, 26099, 15644, -29134, 2852, 37278, -20877, -47329, 28563, 54494, -32471, -58121, 32819, 55372, -32180, -45644, 33474, 32513, -36660, -19036, 40147, 10515, -41325, -7561, 35404, 10406, -31242, -15056, 26129, 19633, -21256, -20834, 18304, 19217, -16568, -18390, 15543, 18927, -12279, -22746, 4244, 30194, 5885, -35860, -18859, 38651, 29810, -38407, -35400, 35115, 30887, -29070, -17143, 21146, -4538, -11744, 25033, -3446, -51705, 23822, 82835, -48688, -117322, 75020, 154309, -92807, -183385, 96574, 198325, -74869, -190809, 35147, 164057, 19317, -113671, -73039, 47970, 111426, 21708, -124502, -80948, 111896, 112716, -85455, -117253, 54969, 98173, -34052, -68128, 24465, 43354, -31347, -33821, 41893, 41262, -44496, -61851, 27929, 81372, 1939, -92791, -41612, 85559, 77823, -66124, -104068, 28603, 106437, 13709, -87237, -42266, 51107, 53627, -10318, -45989, -20500, 27281, 36247, -5449, -34212, -553, 18447, 10295, 2191, -12149, -17525, 8801, 21986, -2495, -15479, -1257, 2331, 3855, 12869, -3780, -25997
1791219436.448, MrmFullScanInfo, 545, 107, 2045856, 0, 0, 0, 0, 10000, 39297, 32, 2, 2, 1, 480, 0, 0, 0, 0, 0, 0, 167853, -229000, -311233, 480918, 360497, -538510, -378891, 351623, 434271, -33200, -507782, -255284, 508332, 432093, -373956, -522157, 137645, 579150, 107279, -566385, -279179, 391239, 329274, -47546, -248875, -336468, 80266, 609680, 87052, -723608, -179438, 713192, 188511, -645248, -150816, 578035, 121967, -545217, -140491, 548349, 207718, -537231, -299181, 426197, 399211, -184733, -487618, -110803, 499097, 354586, -363795, -513019, 102335, 606429, 172228, -632159, -360182, 562898, 450980, -411173, -490357, 270761, 488679, -246830, -395397, 341525, 193871, -455066, 9372, 512937, -67221, -522684, -51376, 474256, 256599, -314981, -443844, 49794, 540619, 226690, -496112, -429097, 307779, 549293, -43089, -597759, -204798, 541691, 381939, -342477, -465389, 34057, 421626, 281917, -234714, -504036, -34074, 569258, 260016, -462470, -336429, 232948, 228711, 14284, 10305, -163825, -268658, 151321, 436362, -2871, -449868, -184187, 309065, 301521, -75657, -283093, -153198, 131296, 292945, 87013, -308352, -278956, 222077, 376420, -96398, -361248, -1597, 259334, 33251, -123786, -2152, 11884, -56771, 41689, 100337, -38113, -97793, 6384, 45540, 15558, 32127, -1444, -99261, -48178, 127655, 107036, -108077, -141124, 53979, 129136, 5580, -72952, -43896, -3902, 50839, 68637, -34073, -97515, 12179, 87653, -4196, -54491, 17835, 21397, -44458, -8975, 65897, 25568, -65427, -62670, 37284, 99547, 11337, -114382, -65778, 96000, 110971, -50250, -134546, -3813, 128817, 45652, -96246, -63164, 50871, 55421, -11947, -30537, -6561, 2130, 2350, 15940, 15853, -15425, -33562, -3259, 38200, 31899, -25145, -57913, -1370, 69957, 31934, -63747, -55933, 43253, 65253, -16898, -58051, -6786, 39534, 21943, -18409, -27199, 2476, 25477, 4261, -21182, -2825, 17836, -2032, -17391, 5427, 19659, -4875, -22214, 236, 22255, 6969, -18550, -13968, 11589, 18064, -3026, -18147, -4731, 14977, 9675, -10634, -11209, 7676, 9913, -7617, -7076, 9912, 4631, -12769, -4128, 14532, 5328, -13953, -6365, 10337, 5408, -4253, -1601, -2391, -4832, 7322, 12653, -8812, -20078, 6370, 25504, -1279, -27825, -3751, 26531, 6414, -22263, -6134, 17050, 3881, -13251, -1207, 12141, -482, -13232, 212, 14564, 2394, -13803, -7036, 9627, 12229, -2162, -15361, -7502, 14268, 17501, -8809, -25087, 921, 27530, 6552, -23504, -11008, 13729, 11148, -686, -7477, -12297, 1686, 22567, 4222, -29268, -8517, 33105, 10505, -35340, -11187, 37146, 12668, -39087, -16393, 40349, 21886, -38557, -26783, 30845, 28139, -15856, -24146, -4439, 15193, 24690, -3533, -38319, -7680, 40704, 15290, -31121, -16930, 12850, 11928, 8284, -1927, -26318, -9292, 37444, 16928, -41047, -17004, 39286, 8120, -35692, 7630, 33450, -25466, -34049, 40347, 36852, -49334, -39466, 52320, 38934, -51033, -33310, 47758, 22961, -44275, -10648, 41165, 371, -38134, 4572, 35010, -3313, -32101, -2213, 29690, 8585, -27556, -12972, 25342, 14555, -22855, -14585, 19885, 15441, -15997, -19143, 10682, 26072, -3692, -34645, -4536, 42263, 12411, -46465, -17171, 45508, 15963, -38579, -7558, 25752, -6971, -7558, 25467, -15616, -46290, 43651, 68862, -75592, -92674, 108130, 116237, -134557, -136578, 145921, 150022, -134461, -153200, 97634, 143401, -40312, -118914, -26017, 80180, 86523, -31547, -127954, -18356, 143117, 58873, -133057, -81432, 106022, 83394, -74095, -69288, 48828, 48839, -36828, -32820, 36940, 28896, -41212, -39025, 39672, 58894, -25647, -79889, -1333, 92533, 35630, -89635, -67784, 69145, 88121, -35622, -90110, -1067, 72944, 30218, -42201, -44729, 7957, 43823, 18976, -32077, -31037, 15680, 26988, 377, -12329, -12409, -3965, 17731, 14179, -15767, -14807, 8432, 6802
1791219436.448, MrmFullScanInfo, 545, 107, 2045856, 0, 0, 0, 0, 10000, 39297, 32, 4, 2, 1, 480, 0, 0, 0, 0, 0, 0, -303, 66, 521, 415, -566, -1515, 740, 2200, -994, -1646, 892, 390, -561, 504, 270, -781, 32, 666, -386, -332, 1387, -276, -3714, 1212, 6445, -2013, -7349, 1975, 5806, -1205, -3154, 376, 579, 456, 1513, -1405, -2765, 2102, 2920, -1435, -2366, -1759, 2081, 6145, -2455, -8292, 2127, 6600, -895, -2998, 1285, -63, -4476, -75, 8233, 9285, -11442, -31824, 22400, 62847, -68412, -76624, 167161, 37933, -278894, 50757, 330837, -132704, -300578, 153454, 227184, -110715, -149371, 37408, 82450, 28592, -31836, -59941, -6566, 55349, 42829, -37447, -72909, 24748, 81660, -22545, -62602, 30968, 31038, -43952, -14741, 51151, 24117, -47134, -40531, 36667, 41018, -26410, -26124, 17218, 11338, -5398, -5116, -12110, 5937, 31673, -10417, -45896, 17196, 51701, -24790, -51737, 31574, 48196, -36791, -39284, 39922, 23748, -39917, -4857, 35848, -12501, -27614, 27222, 16052, -41506, -2707, 54919, -10457, -62460, 21085, 59695, -27331, -47285, 29310, 29610, -28538, -11499, 26185, -3492, -22080, 14015, 15546, -20758, -6554, 25171, -3837, -27906, 14065, 28017, -22855, -24290, 28936, 16906, -30620, -7619, 27084, -1302, -19785, 8170, 11993, -11934, -6618, 11863, 4420, -7926, -4032, 1406, 3323, 5531, -1096, -10705, -2342, 12711, 5994, -11327, -8832, 7536, 9974, -2859, -8731, -1378, 5036, 4239, 291, -5239, -5863, 4401, 10120, -2280, -11865, -41, 10763, 1356, -7485, -890, 3411, -1302, 140, 4565, -2391, -7998, 3173, 10575, -2757, -11436, 1702, 10172, -712, -6910, 387, 2326, -885, 2429, 2040, -6029, -3550, 7638, 5182, -7280, -6591, 5481, 7207, -2784, -6560, -253, 4646, 3031, -1928, -4969, -967, 5709, 3487, -5149, -5163, 3512, 5806, -1222, -5642, -1202, 5070, 3155, -4274, -4112, 3244, 3925, -2152, -2767, 1466, 971, -1640, 1091, 2816, -2822, -4694, 3491, 6740, -2675, -8340, 489, 8953, 2466, -8240, -5376, 6179, 7433, -3236, -7989, 166, 6855, 2502, -4486, -4535, 1860, 5781, 146, -6175, -1151, 6029, 1146, -5969, -376, 6615, -664, -8257, 1440, 10623, -1596, -12820, 1102, 13861, -168, -13268, -707, 11154, 970, -7908, -463, 4120, -411, -652, 1074, -1752, -1081, 2871, 247, -2987, 1348, 2664, -3318, -2531, 5067, 2999, -6070, -3964, 5998, 4967, -4761, -5477, 2499, 5124, 385, -3765, -3226, 1547, 5428, 1095, -6740, -3441, 7227, 4704, -6934, -4415, 5886, 2743, -4309, -486, 2618, -1364, -1149, 2227, -62, -2154, 1272, 1425, -2595, -191, 3789, -1321, -4441, 2800, 4355, -4107, -3556, 5353, 2191, -6540, -585, 7438, -806, -7792, 1613, 7409, -1647, -6263, 908, 4679, 403, -3235, -1890, 2463, 3113, -2601, -3893, 3653, 4394, -5344, -4906, 7133, 5635, -8397, -6477, 8652, 7079, -7607, -7073, 5296, 6417, -2227, -5310, -805, 3945, 3144, -2558, -4430, 1409, 4497, -530, -3371, -242, 1427, 1022, 759, -1587, -2775, 1628, 4560, -1036, -6198, 114, 7507, 631, -7998, -984, 7418, 1060, -6067, -974, 4373, 557, -2501, 239, 697, -1088, 523, 1458, -641, -1003, -309, -206, 1729, 1846, -2785, -3464, 2934, 4504, -2143, -4489, 663, 3405, 1034, -1705, -2408, 24, 3182, 1092, -3366, -1137, 3225, -218, -3102, 3060, 3288, -7051, -3836, 11399, 4673, -15094, -5215, 17158, 4466, -16714, -2166, 13519, -602, -8449, 2477, 3080, -3010, 1255, 2495, -3888, -1425, 4706
1791219436.463, MrmDetectionListInfo, 545, 58, 64, 11397, 65, 17909, 66, 27183, 67, 40047, 68, 57058, 69, 65535, 70, 65535, 71, 65535, 72, 65535, 73, 65535, 74, 65535, 75, 65535, 76, 65535, 77, 65535, 78, 65535, 79, 65535, 80, 65535, 81, 65535, 82, 65535, 83, 47182, 84, 36390, 85, 34905, 86, 36768, 87, 37798, 88, 39105, 89, 43330, 90, 49337, 91, 53342, 92, 53456, 93, 50798, 94, 47060, 95, 42787, 96, 38055, 97, 33735, 98, 31330, 99, 31716, 100, 34409, 101, 37891, 102, 40507, 103, 41102, 104, 39159, 117, 34464, 118, 37064, 119, 39131, 120, 40515, 140, 42307, 141, 40032, 384, 4609, 385, 5197, 386, 5784, 389, 7347, 390, 7644, 391, 7740, 392, 7607, 394, 6610, 468, 11075, 469, 10665, 470, 9748
