Timestamp, Config, NodeId, ScanStartPs, ScanStopPs, ScanResolutionBins, BaseIntegrationIndex, Segment1NumSamples, Segment2NumSamples, Segment3NumSamples, Segment4NumSamples, Segment1AdditionalIntegration, Segment2AdditionalIntegration, Segment3AdditionalIntegration, Segment4AdditionalIntegration, AntennaMode, TransmitGain, CodeChannel
1791219844.673, Config, 100, 10000, 39297, 32, 8, 0, 0, 0, 0, 0, 0, 0, 0, 0, 0, 4
Timestamp, MrmFullScanInfo, MessageId, SourceId, EmbeddedTimestamp, Reserved, Reserved, Reserved, Reserved, ScanStartPs, ScanStopPs, ScanStepBins, Filtering, AntennaId, Reserved, NumSamplesTotal, ScanData
1791219844.766, MrmFullScanInfo, 452, 107, 2454185, 0, 0, 0, 0, 10000, 39297, 32, 1, 2, 1, 480, -22100, 31828, 24549, -31825, -29842, 29323, 32429, -19749, -32512, -3463, 32512, 27748, -29843, -32280, 10646, 32512, 10133, -32466, -20405, 32231, 22001, -27249, -17277, 5397, 14832, 11006, -906, -15517, -11127, 27917, 7642, -29037, -621, 31989, -8406, -31772, 10428, 31818, -9048, -32034, 2867, 32248, 4129, -28583, -15508, 20115, 24933, -3884, -27673, -11872, 23500, 23116, -15355, -28778, 4320, 27236, 6826, -22083, -13973, 13970, 17159, -4830, -15811, -3137, 10649, 7177, -6099, -8208, 1029, 6359, 2397, -2752, -2336, -699, 222, 3204, 3643, -2789, -7351, -221, 8894, 4408, -8416, -7622, 6253, 9673, -1678, -9368, -3185, 6535, 6889, -2629, -8323, -1993, 7280, 5269, -4466, -6395, 1013, 5090, 1607, -2671, -2183, 149, 1148, 1869, 846, -1954, -2676, 922, 3300, 689, -2578, -1657, 942, 1954, 1008, -1289, -2101, 136, 2744, 1273, -2235, -2075, 873, 2296, 352, -1636, -1044, 531, 1126, 580, -600, -901, 108, 859, 299, -645, -213, 219, -179, 103, 583, 50, -866, -408, 850, 534, -428, -594, 79, 373, 309, 10, -393, -447, 358, 758, -195, -719, -31, 540, -109, -281, 278, 204, -412, -314, 501, 557, -324, -712, -27, 646, 540, -594, -660, 311, 863, 164, -967, -475, 670, 429, -350, -580, 119, 392, 26, -43, -75, -79, -72, 100, 293, 24, -298, -124, 220, 456, -99, -439, -257, 438, 307, -285, -298, 171, 381, -66, -128, -53, 5, 51, 56, -30, -115, 11, 68, -56, 104, 99, -19, -107, -149, 119, 40, -102, -213, 77, 201, -100, -245, -27, 54, 108, -56, -13, -30, 99, -8, -62, -89, 20, -92, 70, 60, -13, -114, -113, 165, 66, -152, -102, 33, 54, -61, -31, -17, -49, 113, 104, -2, -75, -132, 123, -28, -94, -67, -33, 8, 99, -72, 2, 79, 99, -38, -15, 28, 45, 49, -75, -96, 30, 26, 24, 105, 79, 50, 12, 47, 141, -31, -28, -46, 76, 80, -150, -99, -77, 192, 75, -176, -118, 141, 167, -121, -106, -30, 111, -56, -197, -44, 230, 68, -302, -146, 231, 188, -195, -253, 205, 166, -90, -125, -31, 41, 195, 10, -119, -87, 192, 125, -37, -93, -107, 40, 231, 41, -294, -163, 320, 310, -364, -96, 259, 178, -220, -39, 275, -116, -236, 201, 335, -224, -299, 200, 288, -182, -220, 211, 156, -262, -110, 292, -53, -227, -24, 55, -49, -62, 27, -3, -55, 118, -60, -59, -32, 27, -43, 3, 54, -2, -42, -10, 151, 114, -212, -150, 362, 63, -380, -113, 364, 103, -337, -9, 180, -133, -139, 345, -39, -446, 174, 616, -382, -686, 581, 777, -698, -853, 591, 884, -408, -820, 279, 561, 265, -331, -556, 98, 763, 229, -805, -465, 716, 604, -507, -429, 252, 529, -180, -338, 177, 155, -266, -177, 375, 353, -439, -433, 306, 558, -157, -674, -16, 712, 297, -539, -501, 248, 462, -54, -422, -48, 181, 194, -103, -60, -46, -72, 102, 213, 62, -219, -79, 362, 261, -400, -317, 213, 250, -127, -172, 11, 142, 6, 22, 46, 7
1791219844.766, MrmFullScanInfo, 452, 107, 2454185, 0, 0, 0, 0, 10000, 39297, 32, 2, 2, 1, 480, 0, 0, 0, 0, 0, 0, 10307, -14498, -19379, 29498, 22995, -30789, -25042, 16611, 28601, 4041, -30463, -21223, 25113, 31557, -12322, -36757, -1679, 37284, 10758, -30938, -13527, 17264, 11726, 286, -7651, -16671, 4150, 28246, -4242, -33420, 8487, 32873, -14263, -29464, 18044, 26516, -17765, -25884, 13349, 26922, -5581, -26999, -4426, 23260, 14894, -14533, -23234, 2182, 26959, 10599, -24764, -20532, 17194, 25627, -6546, -25470, -3987, 20833, 11624, -13264, -14979, 4866, 14240, 2202, -10628, -6397, 5804, 7269, -1428, -5375, -1138, 1965, 1243, 1392, 863, -3256, -4168, 2865, 7327, -438, -9092, -3004, 8662, 6177, -5915, -8010, 1561, 7910, 3071, -5869, -6564, 2494, 7975, 1142, -7124, -3865, 4630, 4906, -1644, -4163, -624, 2187, 1454, 82, -844, -1690, -578, 2104, 1928, -1398, -2464, 118, 1931, 1057, -592, -1597, -970, 1320, 2149, -408, -2532, -707, 2069, 1551, -1061, -1775, -13, 1334, 764, -498, -1010, -317, 827, 805, -459, -859, 183, 577, -140, -188, 317, -68, -568, 91, 722, 60, -659, -236, 390, 299, -21, -173, -307, -98, 496, 390, -519, -563, 437, 555, -347, -409, 325, 251, -368, -196, 422, 279, -387, -443, 209, 604, 87, -663, -415, 558, 701, -308, -865, 16, 849, 231, -662, -368, 396, 364, -146, -234, -1, 65, 13, 60, 82, -80, -197, -14, 252, 189, -202, -360, 72, 456, 83, -444, -199, 345, 240, -197, -195, 52, 100, 54, -1, -100, -52, 105, 46, -87, -6, 75, -11, -81, -9, 106, 59, -131, -115, 147, 157, -128, -159, 74, 128, -1, -78, -57, 34, 87, -5, -77, 3, 35, -20, 12, 54, -28, -97, 12, 139, 16, -150, -32, 124, 34, -64, -16, -4, -11, 52, 45, -51, -80, 24, 103, 1, -85, -18, 34, 44, 19, -72, -42, 87, 41, -72, -34, 33, 41, 14, -52, -34, 56, 21, -40, 8, 26, -28, -27, 37, 43, -29, -64, 4, 84, 37, -81, -88, 49, 146, 3, -188, -49, 193, 81, -154, -103, 98, 133, -48, -178, 18, 232, 6, -271, -40, 286, 86, -273, -120, 233, 127, -147, -106, 26, 77, 94, -42, -168, 3, 172, 38, -99, -68, -27, 77, 170, -45, -292, -11, 375, 60, -397, -69, 363, 38, -299, 33, 242, -133, -205, 233, 193, -295, -188, 312, 180, -298, -150, 284, 94, -274, -14, 249, -55, -187, 87, 105, -76, -25, 42, -33, 0, 66, -31, -62, 47, 36, -45, -3, 47, -10, -68, 0, 133, 22, -232, -22, 333, -1, -390, 35, 388, -64, -323, 112, 209, -189, -51, 293, -135, -396, 348, 475, -563, -519, 751, 545, -853, -568, 842, 593, -699, -585, 425, 532, -43, -434, -360, 298, 685, -116, -861, -81, 871, 249, -736, -353, 536, 381, -360, -327, 270, 230, -272, -157, 341, 162, -413, -245, 432, 387, -363, -537, 213, 633, -5, -618, -203, 494, 351, -301, -387, 104, 323, 36, -190, -75, 48, 20, 54, 93, -77, -225, 28, 344, 56, -400, -128, 367, 165, -257, -160, 130, 124
1791219844.782, MrmFullScanInfo, 452, 107, 2454185, 0, 0, 0, 0, 10000, 39297, 32, 4, 2, 1, 480, 0, 0, 0, 0, 0, 0, 81, -39, -95, -93, 122, 423, -258, -649, 419, 540, -276, -272, -226, 177, 633, -264, -506, 275, 20, -106, 306, -102, -258, 242, -41, -303, 310, 306, -300, -244, 46, 149, 191, -35, -220, -76, 88, 135, 129, -103, -332, 26, 417, 6, -339, 33, 194, -73, -39, 22, -125, 110, 235, -202, -223, 171, 142, -70, -94, 42, 96, -135, -82, 275, 51, -330, -45, 274, 85, -160, -115, 49, 103, 23, -60, -23, -4, -18, 111, 23, -224, 44, 263, -116, -190, 121, 64, -62, 30, 6, -45, -1, 10, 39, 30, -57, -42, 32, 32, 20, -29, -58, 43, 63, -34, -41, -4, 15, 45, 0, -53, 5, 43, -30, -26, 54, 9, -49, -1, 29, 22, -22, -56, 40, 74, -47, -58, 20, 27, 25, 0, -56, -5, 67, -4, -56, 14, 32, -10, -8, 8, 1, -15, 0, 28, -1, -30, 0, 26, 17, -20, -31, 17, 25, -12, 6, 5, -31, 3, 34, -3, -18, -2, 5, 15, -4, -20, 8, 23, -1, -23, -11, 20, 22, -9, -25, -2, 17, 14, 9, -21, -39, 22, 53, -8, -46, -7, 33, 20, -16, -27, 9, 30, -10, -31, 12, 40, -6, -40, 1, 27, 3, -4, -12, -16, 32, 31, -51, -27, 51, 10, -24, 5, -11, -4, 43, -11, -51, 30, 35, -28, -3, 11, -25, 10, 42, -25, -31, 27, 9, -4, 6, -27, -2, 45, -11, -26, 24, -14, -17, 53, -13, -56, 47, 31, -55, -9, 38, 14, -11, -26, -1, 27, 0, -6, 11, -12, -12, 14, 8, -3, -3, 8, -3, -29, 26, 46, -53, -38, 63, 17, -40, -1, 7, 6, 5, -18, 16, 22, -47, -4, 60, -20, -38, 34, 8, -24, 3, 13, 2, -18, -12, 34, 19, -35, -18, 16, 20, 17, -23, -39, 31, 33, -34, -6, 38, -15, -36, 21, 20, -7, 6, -11, -20, 22, 19, -10, -9, -8, 5, 15, 0, -6, -2, 0, 0, -1, 6, 15, -4, -32, -1, 49, 2, -52, 7, 52, -21, -46, 40, 30, -41, -6, 24, 3, 1, -22, -14, 37, 16, -30, -8, 22, -1, -23, 14, 25, -27, -4, 34, -34, -29, 62, 23, -49, -20, 6, 22, 39, -19, -66, 17, 77, -15, -64, 11, 37, 3, -2, -19, -19, 33, 16, -32, 6, 15, -22, 15, 24, -43, -22, 64, 27, -71, -24, 63, 17, -39, -9, 14, 7, 3, -10, -6, 20, 0, -20, 16, 2, -16, 21, -2, -18, 22, 2, -16, -4, 2, 34, 2, -58, 0, 68, -3, -70, 21, 61, -38, -39, 33, 24, 5, -25, -49, 30, 76, -25, -66, 19, 34, -10, -5, 1, 0, 0, 0, 18, -7, -41, 20, 62, -18, -66, 8, 55, 10, -28, -23, 4, 34, 4, -30, 0, 14, -1, 9, 0, -14, -9, 0, 37, 19, -48, -24
1791219844.891, MrmFullScanInfo, 453, 107, 2454310, 0, 0, 0, 0, 10000, 39297, 32, 1, 2, 1, 480, -20561, 31907, 23507, -31270, -30012, 29007, 32448, -21169, -32512, -2394, 32496, 27172, -29422, -32347, 11319, 32300, 7854, -32512, -20587, 31932, 22432, -26824, -18084, 5751, 15508, 11029, 242, -15169, -11357, 27770, 7184, -28359, 1354, 31886, -8780, -31574, 10840, 32059, -9687, -32306, 4219, 32150, 4913, -28141, -14988, 20134, 24456, -5366, -28249, -10772, 24098, 23253, -15714, -29386, 4312, 27795, 7050, -22809, -14189, 14403, 17509, -5718, -16022, -1714, 11324, 6270, -5869, -7323, 860, 5713, 2597, -2218, -2633, -1544, -15, 3721, 3546, -3272, -7847, 88, 9265, 4117, -8912, -8051, 6126, 10023, -2011, -9736, -2983, 6881, 6806, -2690, -8224, -1670, 7251, 5072, -4452, -6338, 764, 5080, 1651, -2729, -2533, 11, 1135, 1955, 906, -2232, -2508, 933, 3127, 585, -2685, -1675, 682, 2119, 992, -1414, -2304, 67, 2810, 1132, -2311, -2090, 858, 2157, 414, -1550, -1072, 731, 1204, 520, -731, -883, 100, 900, 251, -504, -248, 68, -335, 93, 588, -104, -822, -336, 895, 546, -473, -470, -24, 271, 270, 62, -496, -471, 364, 761, -168, -708, 110, 435, -20, -304, 337, 182, -509, -268, 540, 584, -431, -584, -59, 729, 584, -602, -673, 325, 907, 115, -837, -452, 815, 611, -344, -599, 84, 400, 110, -147, -164, -104, -29, -17, 224, 41, -294, -211, 108, 381, -42, -479, -161, 455, 312, -214, -381, 148, 325, -20, -72, -25, 140, 36, -55, -12, -109, -23, 33, -106, -59, 83, -60, -51, 15, 241, 8, -177, -165, 135, 250, -89, -169, -22, 47, 45, -27, -11, -45, 57, 60, -91, -168, 49, -52, -77, 25, 8, -64, -123, 123, 123, -56, -82, -40, 97, -35, -98, 74, -13, 1, 98, 35, -36, -87, 113, 92, -36, -144, 68, 86, 161, -88, -43, 70, 5, 21, -11, 32, 28, 25, 21, -33, -6, 47, 20, 74, 0, -3, -97, 80, 133, 79, -30, -5, 34, 49, -65, -74, -16, 89, 117, -19, -165, 172, 97, -27, -129, 11, 128, -84, -210, -27, 239, 100, -254, -119, 179, 213, -139, -336, 243, 170, -52, -79, -45, 56, 221, 10, -222, -123, 160, 143, -3, -143, -185, 67, 220, 1, -314, -149, 319, 254, -267, -197, 289, 115, -215, -83, 294, -178, -384, 191, 257, -226, -241, 260, 242, -140, -236, 213, 194, -188, -104, 263, -4, -245, 16, 176, -56, 8, -1, 118, 23, 6, -73, -6, 55, 54, -57, 12, 46, 67, -113, 11, 163, -24, -268, -87, 228, 241, -265, -94, 346, 53, -239, 41, 286, -214, -14, 371, -43, -380, 134, 549, -386, -682, 498, 807, -609, -819, 680, 862, -439, -876, 215, 684, 276, -286, -573, 84, 765, 287, -772, -397, 739, 631, -427, -551, 353, 482, -151, -454, 99, 351, -294, -238, 348, 260, -360, -377, 349, 612, -165, -707, -34, 631, 281, -481, -407, 223, 482, -148, -421, -103, 263, 126, -86, -90, -29, -71, 67, 167, -57, -327, -68, 283, 195, -268, -285, 255, 285, -86, -254, 19, 75, -32, -33, -14, -95
1791219844.891, MrmFullScanInfo, 453, 107, 2454310, 0, 0, 0, 0, 10000, 39297, 32, 2, 2, 1, 480, 0, 0, 0, 0, 0, 0, 10102, -14399, -19128, 29529, 22811, -31240, -24809, 17386, 28266, 3327, -30317, -20775, 25500, 31240, -13119, -36378, -1059, 36916, 10778, -30815, -14018, 17481, 12127, -81, -7628, -16383, 3968, 28023, -4396, -33075, 9096, 32356, -15047, -28974, 18787, 26233, -18440, -25761, 13891, 26812, -5905, -26942, -4285, 23486, 14820, -15158, -23206, 2961, 27022, 10104, -24937, -20575, 17434, 26135, -6758, -26224, -3878, 21703, 11635, -14254, -15035, 5971, 14197, 1113, -10394, -5503, 5407, 6622, -1001, -4876, -1481, 1483, 1447, 1908, 822, -3777, -4296, 3315, 7582, -707, -9397, -3002, 8979, 6417, -6242, -8348, 1877, 8210, 2820, -6089, -6408, 2663, 7879, 1007, -7033, -3790, 4507, 4906, -1491, -4206, -771, 2202, 1568, 145, -944, -1812, -462, 2217, 1802, -1444, -2358, 75, 1857, 1167, -538, -1725, -1023, 1428, 2208, -491, -2576, -634, 2071, 1498, -1018, -1773, -79, 1399, 823, -596, -1051, -233, 851, 741, -473, -792, 196, 492, -152, -88, 318, -163, -556, 168, 705, -2, -639, -173, 355, 234, 32, -124, -364, -119, 542, 382, -545, -529, 446, 510, -350, -369, 340, 219, -410, -158, 481, 231, -433, -402, 220, 593, 105, -690, -434, 604, 701, -339, -858, 3, 862, 281, -692, -431, 408, 425, -119, -298, -58, 136, 72, -15, 38, -12, -162, -61, 217, 214, -177, -365, 65, 442, 85, -414, -205, 309, 250, -172, -217, 50, 146, 23, -60, -52, -14, 69, 50, -81, -31, 93, -13, -107, 43, 134, -22, -162, -42, 174, 110, -150, -133, 92, 108, -19, -53, -41, -3, 85, 46, -106, -49, 102, 15, -73, 37, 48, -80, -40, 103, 53, -92, -70, 69, 81, -52, -60, 44, 10, -30, 48, 21, -86, -28, 103, 54, -91, -81, 51, 102, 0, -105, -28, 86, 29, -46, -19, 8, 12, 21, -5, -32, 1, 22, 0, 6, 14, -33, -40, 45, 65, -32, -70, 4, 65, 29, -45, -56, 6, 83, 49, -110, -89, 127, 105, -118, -111, 94, 132, -67, -171, 40, 217, -1, -244, -55, 252, 125, -250, -167, 226, 156, -144, -110, 7, 70, 133, -37, -211, -2, 192, 58, -87, -109, -54, 130, 191, -95, -291, 18, 353, 59, -368, -91, 348, 60, -310, 34, 276, -158, -237, 268, 193, -319, -153, 312, 139, -276, -135, 251, 113, -244, -51, 240, -28, -206, 87, 140, -90, -71, 48, 32, 10, -17, -53, 12, 73, -4, -75, -1, 82, 0, -109, 17, 157, -23, -210, 4, 266, 25, -311, -18, 327, -38, -285, 136, 175, -239, -14, 323, -163, -382, 340, 439, -515, -498, 686, 549, -810, -582, 837, 606, -717, -609, 441, 566, -47, -460, -365, 301, 695, -105, -865, -99, 867, 278, -738, -393, 548, 436, -374, -410, 284, 332, -286, -232, 342, 181, -392, -230, 403, 371, -347, -523, 217, 605, -23, -578, -183, 463, 340, -297, -393, 126, 338, 6, -207, -56, 58, 17, 60, 87, -107, -204, 74, 296, 19, -336, -122, 318, 190, -244, -192, 144, 138
1791219844.907, MrmFullScanInfo, 453, 107, 2454310, 0, 0, 0, 0, 10000, 39297, 32, 4, 2, 1, 480, 0, 0, 0, 0, 0, 0, -169, 79, 212, 2, -138, -288, 134, 516, -163, -494, 23, 340, 302, -251, -537, 275, 408, -249, 33, 59, -370, 207, 306, -302, -11, 188, -30, -110, -303, 251, 646, -456, -716, 475, 656, -314, -627, 177, 572, -145, -438, 58, 305, 237, -218, -616, 112, 754, 52, -492, -238, 13, 349, 415, -307, -680, 164, 850, -21, -991, -19, 1074, -71, -1000, 247, 781, -404, -555, 448, 448, -376, -470, 235, 529, -62, -528, -125, 438, 294, -254, -392, 17, 425, 192, -404, -285, 339, 271, -231, -214, 132, 167, -89, -119, 104, 52, -141, 14, 166, -36, -157, -4, 130, 83, -111, -133, 111, 117, -104, -44, 81, -39, -53, 98, 39, -107, -43, 88, 53, -70, -30, 63, -21, -36, 73, -15, -87, 71, 68, -85, -37, 60, 18, -35, -13, 42, 19, -70, -16, 96, 3, -94, 8, 76, -7, -62, 9, 63, -25, -56, 46, 35, -49, -10, 39, -6, -24, 21, 12, -30, -5, 33, 15, -30, -37, 37, 51, -45, -36, 42, 2, -15, 26, -17, -21, 35, -1, -21, 13, -10, 4, 35, -20, -41, 8, 42, 25, -50, -49, 65, 49, -73, -31, 66, 22, -44, -17, 26, 7, -8, 6, -9, 0, 24, -13, -20, 25, 3, -34, 20, 50, -39, -55, 41, 35, -16, 0, -14, -11, 32, -13, -26, 59, 17, -79, -11, 65, 11, -35, -13, 23, 18, -29, -16, 41, 7, -46, 12, 42, -38, -26, 62, 9, -64, -2, 51, 13, -33, -30, 30, 47, -36, -42, 45, 7, -38, 47, 15, -80, 8, 75, -9, -50, 0, 41, 4, -43, -3, 42, 4, -25, 0, -2, -10, 29, 19, -32, -22, 16, 28, 0, -30, -6, 26, 10, -7, -11, -13, 12, 27, -10, -15, 15, -8, -22, 28, 39, -33, -55, 34, 61, -24, -51, 7, 33, 10, -8, -16, -11, 15, 18, -11, -11, 18, -8, -24, 38, 20, -53, -7, 39, 8, -9, -24, -3, 43, 1, -41, 3, 18, 4, 12, -19, -27, 32, 24, -29, -7, 12, -6, 10, 13, -23, -6, 23, -10, -7, 28, -10, -24, 24, -3, -15, 35, -9, -33, 33, 2, -34, 35, 15, -49, 18, 36, -38, -7, 37, -5, -28, -2, 38, 19, -52, -28, 50, 31, -24, -27, 0, 27, 3, -25, 25, 10, -45, 29, 19, -61, 37, 63, -64, -35, 39, 9, 15, -7, -45, 22, 29, -22, 15, -5, -40, 47, 31, -67, -5, 53, -11, -13, 22, -18, -29, 25, 33, -9, -25, -5, 17, 10, -14, -2, 11, -6, 0, 8, -13, -5, 38, 0, -72, 17, 92, -36, -62, 34, 9, -7, 20, -13, -15, 11, 11, 7, -27, -20, 49, 18, -49, 0, 29, -15, -5, 21, -7, -12, 7, -1, 0, 23, -4, -44, 21, 53, -46, -32, 63, -1, -53, 26, 30, -23, -7, 3
Timestamp, MrmDetectionListInfo, MessageId, NumDetections, DetIndex, DetMagnitude, DetIndex, DetMagnitude,...
1791219844.907, MrmDetectionListInfo, 453, 19, 66, 456, 67, 466, 68, 505, 69, 544, 70, 565, 71, 570, 72, 570, 73, 567, 74, 554, 75, 527, 76, 490, 77, 454, 78, 425, 79, 403, 80, 382, 81, 358, 82, 329, 83, 303, 87, 323
1791219845.016, MrmFullScanInfo, 454, 107, 2454435, 0, 0, 0, 0, 10000, 39297, 32, 1, 2, 1, 480, -21239, 31835, 24614, -31581, -29483, 29921, 32275, -21480, -32512, -1894, 32465, 28538, -28990, -32081, 9965, 32342, 8463, -32484, -20301, 32013, 21987, -27557, -17418, 6144, 15131, 11401, 132, -14958, -10977, 27063, 9212, -28517, 58, 31896, -9157, -31636, 11346, 31948, -9066, -32116, 2757, 32142, 5274, -28304, -16275, 19682, 24644, -3618, -27899, -11819, 23814, 22818, -15788, -29276, 4146, 27816, 7497, -22568, -14387, 15151, 17169, -6490, -15576, -702, 10784, 4387, -5819, -5398, 940, 4010, 2130, -789, -2339, -2209, 6, 4053, 3933, -3323, -8038, -91, 9607, 4449, -9274, -7997, 6777, 9978, -2439, -9730, -2504, 6831, 6269, -2734, -7659, -1734, 6740, 4948, -4124, -6173, 731, 4983, 1814, -2450, -2267, 10, 1115, 1899, 945, -1908, -2615, 840, 3236, 570, -2499, -1653, 907, 1973, 992, -1445, -2262, 147, 2666, 1315, -2209, -1966, 978, 2208, 443, -1572, -994, 449, 1149, 502, -751, -686, 101, 727, 341, -432, -160, 4, -335, 171, 665, -39, -858, -313, 904, 537, -416, -564, -5, 380, 294, 111, -391, -509, 369, 743, -201, -709, -39, 511, -61, -270, 287, 56, -463, -266, 521, 487, -341, -704, 58, 716, 485, -625, -643, 264, 905, 151, -951, -513, 765, 658, -357, -521, 109, 395, 64, -163, -76, -70, 15, 2, 168, 104, -321, -287, 160, 432, 57, -513, -163, 406, 324, -240, -271, 52, 333, -81, -120, -34, -14, 32, 75, 11, -140, 58, 50, -13, 20, 199, -114, -129, -70, 204, 82, -84, -170, 125, 212, -99, -193, -45, 130, 50, -5, -97, 5, 65, 84, -94, -49, 48, 35, -33, 95, 19, -83, -80, 170, 104, -67, -67, 86, 30, -41, -77, 89, -92, 35, 96, 59, -102, -122, 138, 106, -82, 13, 126, 97, 37, -132, -5, 19, -31, -23, 43, 45, 38, -68, -14, -16, 33, -34, 10, -32, 12, -9, -53, -35, 54, -107, -64, -9, 74, 67, -82, -125, -35, 149, 40, -144, -120, 34, 124, -68, -117, -29, 204, 9, -149, -33, 221, 165, -189, -253, 176, 216, -214, -251, 113, 195, -94, -106, 44, 92, 192, -60, -217, -46, 209, 148, -4, -184, -124, 68, 177, -14, -235, -23, 287, 233, -250, -167, 282, 155, -185, 16, 258, -62, -181, 78, 348, -77, -342, 238, 241, -202, -260, 295, 203, -177, -25, 251, 17, -280, 105, 127, -16, -87, 51, 111, 21, 8, 5, -54, -11, 109, -57, -38, 55, 38, -75, -74, 162, 158, -267, -93, 307, 74, -318, -133, 336, 150, -300, 104, 200, -16, -98, 347, -4, -554, 182, 506, -381, -731, 518, 740, -565, -836, 559, 782, -498, -736, 181, 721, 264, -420, -516, -20, 745, 307, -827, -459, 705, 734, -420, -634, 399, 416, -189, -425, 146, 322, -265, -75, 305, 254, -376, -386, 361, 572, -222, -641, 2, 623, 288, -518, -382, 291, 483, 0, -493, -120, 276, 215, -32, -117, 8, 8, 28, 106, -24, -231, -64, 290, 145, -305, -248, 257, 225, -160, -245, 101, 96, -9, -9, -81, -32
1791219845.016, MrmFullScanInfo, 454, 107, 2454435, 0, 0, 0, 0, 10000, 39297, 32, 2, 2, 1, 480, 0, 0, 0, 0, 0, 0, 10211, -14615, -19164, 29982, 22631, -31659, -24507, 17479, 27947, 3602, -29937, -21234, 25017, 31663, -12686, -36688, -1180, 37130, 10475, -30940, -13448, 17489, 11625, -50, -7315, -16316, 3552, 27915, -3635, -33145, 8256, 32619, -14572, -29181, 18632, 26244, -18181, -25718, 13266, 26910, -5034, -27080, -5112, 23312, 15417, -14511, -23547, 2133, 27159, 10672, -24875, -20733, 17168, 26092, -6406, -26291, -4060, 22064, 11417, -14939, -14403, 6970, 13347, -213, -9575, -3902, 4797, 4947, -642, -3411, -1629, 461, 1419, 2425, 1016, -3891, -4636, 3213, 8028, -586, -9903, -3002, 9486, 6273, -6709, -8132, 2315, 7994, 2369, -5904, -5930, 2521, 7426, 1085, -6673, -3774, 4285, 4796, -1406, -4046, -755, 2081, 1489, 150, -822, -1711, -602, 2095, 1916, -1381, -2416, 92, 1871, 1107, -546, -1664, -988, 1380, 2144, -450, -2518, -664, 2054, 1491, -1040, -1710, -48, 1306, 809, -551, -1041, -176, 813, 614, -411, -661, 145, 398, -145, -37, 353, -185, -605, 170, 737, 21, -647, -227, 362, 292, 8, -148, -333, -134, 518, 415, -527, -564, 424, 534, -321, -364, 301, 183, -355, -116, 422, 213, -408, -412, 255, 603, 29, -671, -374, 559, 696, -290, -900, -27, 912, 286, -724, -415, 426, 404, -140, -285, -35, 136, 60, -36, 40, 32, -169, -120, 230, 267, -181, -399, 60, 448, 83, -392, -195, 277, 235, -148, -185, 40, 78, 40, 28, -83, -82, 101, 65, -106, 0, 112, -52, -121, 49, 135, 9, -150, -86, 158, 145, -137, -159, 80, 134, -2, -82, -64, 28, 105, 12, -110, -22, 88, 1, -50, 45, 21, -95, -10, 128, 17, -130, -24, 111, 25, -80, -2, 46, -37, -15, 83, 10, -118, -20, 140, 28, -133, -32, 99, 48, -55, -65, 29, 65, -21, -48, 17, 35, -5, -28, -6, 24, 12, -14, -14, 3, 22, 0, -36, 17, 48, -34, -54, 27, 59, 17, -58, -77, 43, 126, -7, -141, -38, 125, 89, -90, -132, 58, 168, -28, -192, -10, 213, 68, -234, -127, 253, 165, -249, -168, 216, 145, -143, -113, 36, 93, 86, -75, -171, 38, 180, 30, -108, -99, -5, 136, 123, -116, -219, 52, 288, 26, -323, -68, 321, 49, -281, 18, 231, -92, -205, 156, 214, -214, -224, 273, 208, -309, -156, 312, 84, -283, 0, 241, -72, -188, 113, 130, -106, -80, 69, 45, -25, -8, -8, -29, 39, 55, -64, -54, 87, 45, -117, -42, 175, 39, -249, -20, 313, 1, -345, 17, 343, -42, -294, 94, 198, -180, -53, 294, -130, -404, 341, 480, -542, -518, 699, 541, -785, -553, 782, 564, -659, -570, 407, 553, -53, -463, -331, 292, 666, -66, -865, -161, 894, 346, -781, -437, 594, 435, -408, -364, 288, 258, -257, -160, 296, 134, -362, -206, 408, 345, -376, -486, 246, 578, -42, -572, -174, 462, 349, -277, -423, 84, 377, 59, -242, -115, 92, 77, 19, 30, -68, -160, 55, 275, 3, -336, -75, 335, 132, -275, -145, 176, 115
1791219845.016, MrmFullScanInfo, 454, 107, 2454435, 0, 0, 0, 0, 10000, 39297, 32, 4, 2, 1, 480, 0, 0, 0, 0, 0, 0, 35, -181, 56, 459, -243, -554, 369, 328, -404, 56, 398, -310, -339, 310, 171, -178, 81, 94, -297, -95, 409, 104, -367, -113, 316, 166, -450, -169, 656, 40, -574, 75, 163, -14, 133, -114, -1, 108, -407, 47, 719, -119, -730, -78, 530, 398, -311, -519, 169, 365, -35, -152, -131, 130, 240, -348, -127, 710, -216, -1089, 612, 1442, -868, -1749, 912, 1938, -768, -1917, 535, 1658, -292, -1216, 61, 728, 172, -324, -388, 74, 557, 19, -650, 2, 664, -57, -619, 92, 569, -100, -543, 97, 530, -74, -486, 29, 396, 38, -273, -104, 149, 142, -45, -117, -26, 33, 77, 50, -93, -75, 70, 43, -23, 1, -6, -18, 7, 14, 19, -8, -43, 10, 45, -1, -22, -25, 2, 61, 0, -65, 11, 9, -3, 84, -30, -144, 57, 151, -42, -124, 0, 91, 36, -60, -43, 34, 25, -1, 0, -28, -5, 34, -3, -8, 10, -19, -7, 30, 9, -24, -16, 8, 25, 20, -31, -49, 39, 59, -35, -36, 8, 7, 38, 4, -67, 10, 52, -28, -4, 40, -37, -36, 54, 22, -41, -3, 23, -1, -10, -8, 2, 28, 10, -50, -12, 71, 4, -77, 2, 65, 2, -37, -3, 2, -1, 32, 6, -42, -6, 28, 21, -5, -48, 3, 68, -13, -54, 24, 16, -27, 25, 29, -42, -23, 30, 9, 0, 5, -15, -9, 18, 7, -15, -4, 16, 10, -14, -19, 16, 24, -16, -17, 13, 12, -6, -5, 5, -2, -7, 14, 11, -23, -16, 31, 23, -37, -23, 41, 20, -39, -17, 38, 19, -35, -11, 37, -8, -41, 29, 50, -34, -57, 29, 61, -20, -55, 9, 45, 15, -28, -44, 14, 57, -4, -38, 0, 0, 4, 30, -1, -23, -3, -5, 10, 27, -9, -19, 0, -4, 21, 19, -40, -3, 40, -22, -12, 40, -17, -37, 30, 32, -14, -40, -9, 65, 18, -76, -10, 57, 9, -23, -12, 6, 4, -6, 18, 21, -28, -37, 22, 42, -3, -23, -16, 0, 39, 23, -58, -36, 72, 43, -69, -31, 53, 14, -30, 0, 25, -17, -32, 60, 22, -99, 20, 97, -56, -42, 55, -20, -18, 46, -16, -29, 33, 4, -31, 5, 25, 5, -19, -22, 20, 32, -27, -16, 33, -17, -20, 48, 0, -52, 16, 48, -20, -50, 24, 45, -27, -15, 21, -10, -5, 12, -2, 10, 0, -33, 14, 39, -26, -15, 22, -16, 0, 24, -6, -6, -13, -9, 46, 25, -59, -35, 51, 29, -25, 0, -6, -13, 30, -3, -22, 36, -1, -61, 25, 71, -39, -52, 46, 17, -35, 15, 11, -34, 17, 45, -35, -41, 31, 31, -2, -30, -23, 40, 33, -37, -28, 25, 17, -19, 7, 29, -34, -40, 46, 48, -38, -54, 33, 61, -31, -59, 22, 52, 1, -40, -28, 26, 47, -4, -46, -20, 37, 31, -21
1791219845.016, MrmDetectionListInfo, 454, 22, 66, 459, 67, 604, 68, 793, 69, 991, 70, 1159, 71, 1279, 72, 1354, 73, 1391, 74, 1391, 75, 1346, 76, 1257, 77, 1132, 78, 982, 79, 816, 80, 642, 81, 482, 82, 367, 83, 308, 89, 333, 90, 344, 91, 346, 95, 334
1791219845.141, MrmFullScanInfo, 455, 107, 2454560, 0, 0, 0, 0, 10000, 39297, 32, 1, 2, 1, 480, -21063, 31840, 24664, -31543, -29335, 29385, 32366, -19914, -32512, -3597, 32454, 28322, -28883, -32125, 10922, 32512, 8872, -32512, -20410, 32121, 21820, -27675, -17682, 5408, 15704, 10589, -106, -14693, -10191, 27342, 8443, -28848, -433, 32085, -9391, -31749, 10864, 31903, -8192, -32170, 3109, 32301, 5089, -28436, -16936, 19857, 24979, -4390, -28059, -11402, 23611, 22765, -15559, -29576, 3966, 28341, 6498, -24274, -10773, 17596, 12193, -9876, -6852, 2600, -180, 1785, 7542, -3160, -13117, 2396, 15658, 219, -13449, -2528, 8315, 3822, -1485, -3015, -5085, 469, 8915, 3867, -9867, -7299, 8113, 8959, -4644, -8221, -16, 5065, 3479, -566, -4828, -3756, 4044, 6909, -1055, -8187, -1803, 6796, 3603, -3935, -3473, 1174, 1759, 851, 851, -1293, -2792, 380, 3594, 860, -3189, -1611, 1559, 1829, 425, -958, -1454, -514, 1840, 1788, -1304, -2409, 81, 2382, 1054, -1568, -1307, 410, 1099, 646, -455, -867, -363, 749, 819, -321, -604, -147, 106, 333, 302, -179, -680, -299, 662, 614, -354, -682, -119, 568, 441, -154, -460, -311, 406, 629, -115, -583, -264, 554, 256, -303, 17, 117, -206, -161, 424, 446, -270, -620, -60, 606, 499, -612, -573, 342, 704, 91, -679, -318, 542, 600, -259, -685, -50, 543, 171, -249, -95, 228, 74, -155, 161, 126, -229, -467, 174, 568, 47, -554, -201, 419, 406, -129, -350, 34, 399, 224, -191, -200, 140, 222, 10, -234, 95, 263, -115, -180, 111, 292, -67, -286, 13, 164, 74, -167, -96, 41, 152, 28, -135, -184, 45, 194, 52, -84, -32, 113, 107, -61, -54, 112, -21, -58, 93, 114, -190, -138, 176, 191, -148, -233, 127, 140, -26, -26, -66, -97, 93, 134, -37, -114, 60, 226, -74, -147, -6, 100, -76, 29, -49, -27, -20, 15, 8, -36, 23, -11, -12, 44, 26, 34, -44, -8, 128, -14, -87, 2, 76, 146, -20, -186, 78, 71, 72, -21, -185, -38, 48, 31, -92, -118, 107, 165, -49, -189, -39, 205, 49, -167, -10, 263, 93, -274, -213, 215, 216, -236, -228, 210, 253, -152, -190, -39, 84, 213, -23, -236, -153, 137, 87, -14, -116, -16, 85, 158, 42, -244, -185, 224, 207, -318, -211, 303, 73, -329, -8, 327, -49, -318, 276, 384, -137, -374, 199, 402, -347, -321, 164, 152, -166, -81, 156, 27, -230, 89, 142, -58, -107, 30, 42, -40, -28, -86, -20, 88, -9, -138, -91, 171, 76, -178, -46, 224, 144, -326, -110, 412, 152, -407, -244, 373, 165, -292, -109, 189, 20, -49, 104, -21, -383, 268, 578, -451, -811, 590, 803, -750, -942, 734, 915, -570, -874, 201, 634, 69, -364, -411, -27, 602, 384, -726, -430, 655, 625, -411, -577, 337, 393, -222, -284, 188, 175, -292, -188, 364, 226, -424, -355, 347, 684, -162, -870, -9, 813, 309, -645, -380, 367, 501, -128, -469, -101, 237, 182, -143, -131, -75, 106, 81, 105, -60, -137, -84, 198, 271, -118, -258, 51, 278, 93, -260, -71, 198, 152, 14, -129, -163
1791219845.141, MrmFullScanInfo, 455, 107, 2454560, 0, 0, 0, 0, 10000, 39297, 32, 2, 2, 1, 480, 0, 0, 0, 0, 0, 0, 10191, -14441, -19188, 29402, 22816, -30674, -24890, 16448, 28431, 4262, -30357, -21414, 25241, 31582, -12697, -36611, -1290, 37129, 10622, -30969, -13659, 17584, 11943, -282, -7731, -16008, 4008, 27708, -4039, -33142, 8496, 32784, -14559, -29421, 18381, 26497, -17852, -25948, 13043, 27085, -4917, -27256, -5243, 23619, 15552, -14974, -23554, 2567, 26994, 10518, -24716, -21011, 17498, 26813, -7935, -27345, -580, 23220, 5403, -15793, -5618, 7019, 2028, 914, 3516, -6219, -8913, 8104, 12345, -6864, -12673, 3654, 9743, -32, -4407, -2500, -1772, 2972, 7097, -1302, -10263, -1643, 10653, 4484, -8371, -5975, 4252, 5487, 334, -3134, -3897, -359, 5414, 3939, -4726, -6496, 2558, 7249, -95, -6076, -1551, 3600, 1793, -865, -738, -1121, -951, 1832, 2430, -1371, -3015, 302, 2482, 684, -1123, -1051, -435, 636, 1574, 320, -1906, -1345, 1430, 1989, -498, -1975, -399, 1336, 901, -388, -880, -442, 465, 867, 44, -819, -349, 445, 331, -15, -54, -214, -304, 158, 553, 98, -559, -370, 329, 493, 16, -381, -318, 86, 462, 258, -406, -509, 231, 590, -79, -494, 56, 315, -146, -187, 262, 205, -286, -349, 163, 534, 67, -633, -318, 561, 526, -316, -648, -13, 652, 324, -526, -520, 320, 562, -112, -471, -11, 324, 20, -201, 67, 169, -178, -241, 236, 371, -189, -464, 48, 463, 135, -357, -289, 188, 363, -11, -341, -126, 258, 212, -174, -245, 136, 239, -137, -216, 148, 203, -135, -196, 93, 184, -24, -153, -49, 99, 111, -16, -135, -69, 119, 131, -68, -149, 8, 141, 33, -121, -30, 101, -18, -78, 97, 64, -170, -68, 214, 93, -215, -111, 175, 97, -89, -44, -12, -19, 95, 76, -132, -117, 134, 141, -115, -132, 86, 87, -45, -26, 5, -15, 23, 31, -29, -21, 24, 2, -16, 12, 22, -14, -45, 19, 76, -19, -89, -3, 90, 56, -83, -97, 58, 99, 1, -68, -70, 29, 117, 15, -131, -65, 125, 119, -98, -164, 65, 199, -34, -223, 10, 248, 26, -269, -73, 287, 121, -290, -151, 265, 159, -186, -144, 52, 115, 97, -71, -192, 19, 198, 38, -126, -80, 15, 86, 106, -43, -217, -24, 308, 76, -362, -72, 377, 14, -353, 79, 313, -178, -277, 259, 264, -312, -267, 344, 258, -348, -208, 311, 128, -241, -39, 182, -36, -140, 91, 107, -108, -70, 84, 40, -27, -21, -38, 17, 100, -11, -145, 4, 180, 7, -213, -16, 262, 22, -327, -23, 394, 28, -429, -35, 416, 35, -342, -12, 223, -38, -65, 136, -126, -275, 360, 425, -607, -536, 826, 598, -960, -619, 965, 623, -813, -603, 525, 539, -150, -402, -240, 206, 579, 6, -786, -189, 826, 319, -720, -375, 547, 352, -382, -270, 285, 178, -275, -114, 335, 122, -402, -233, 432, 435, -391, -645, 273, 764, -87, -735, -127, 579, 310, -351, -399, 124, 371, 48, -247, -131, 91, 122, 31, -39, -68, -73, 18, 169, 85, -204, -185, 172, 253, -92, -265, 3, 210
1791219845.141, MrmFullScanInfo, 455, 107, 2454560, 0, 0, 0, 0, 10000, 39297, 32, 4, 2, 1, 480, 0, 0, 0, 0, 0, 0, 3, 97, -12, -395, 95, 772, -238, -916, 323, 699, -252, -318, 70, 56, 83, -8, -95, 47, 28, -66, -31, 120, 157, -255, -287, 363, 271, -271, -113, 10, -34, 219, 124, -273, -237, 229, 365, -200, -418, 203, 433, -224, -447, 260, 366, -265, -140, 181, -102, 23, 167, -345, 248, 754, -1408, -1155, 3419, 1387, -6099, -1226, 9032, 559, -11662, 488, 13443, -1586, -13994, 2422, 13174, -2816, -11137, 2736, 8333, -2198, -5349, 1294, 2715, -236, -727, -693, -592, 1359, 1402, -1821, -1880, 2210, 2144, -2563, -2239, 2822, 2240, -2920, -2202, 2872, 2100, -2708, -1827, 2409, 1361, -1970, -803, 1472, 283, -1006, 123, 618, -392, -300, 547, 31, -611, 212, 609, -434, -574, 625, 562, -751, -589, 779, 631, -684, -629, 490, 537, -239, -344, 0, 92, 171, 161, -233, -360, 196, 479, -98, -513, 1, 479, 53, -393, -47, 283, -3, -172, 80, 88, -157, -33, 217, 4, -237, 21, 213, -60, -143, 126, 44, -200, 61, 253, -123, -258, 114, 227, -50, -176, -19, 127, 63, -76, -65, 10, 43, 78, -10, -172, -9, 236, 1, -237, 44, 182, -104, -97, 156, 22, -186, 27, 195, -38, -180, 24, 161, -8, -148, 8, 128, -6, -79, -13, 16, 52, 47, -89, -104, 122, 149, -144, -170, 158, 176, -172, -169, 195, 148, -196, -118, 158, 100, -98, -82, 51, 52, -28, 0, 26, -62, -24, 124, 17, -152, -5, 139, 5, -92, -10, 44, 13, -15, -2, 14, -21, -26, 54, 40, -78, -50, 92, 66, -94, -71, 75, 55, -18, -22, -52, 1, 109, 7, -139, -11, 153, 16, -148, -15, 132, 9, -109, 4, 83, -20, -50, 31, 21, -22, -1, -1, -6, 23, 20, -27, -45, 32, 72, -40, -76, 33, 62, 3, -49, -36, 41, 35, -21, -10, 1, -2, 2, 4, 6, -9, -7, 27, 7, -41, -7, 45, 7, -38, 2, 31, -14, -28, 23, 31, -22, -37, 12, 44, 12, -41, -31, 26, 30, -3, -10, -8, -3, 15, 0, -24, 19, 38, -41, -41, 60, 30, -60, -8, 37, -17, 3, 44, -36, -60, 55, 68, -61, -61, 62, 59, -57, -67, 56, 74, -49, -58, 20, 34, 29, -22, -59, 21, 53, -10, -23, -8, 1, 24, 7, -14, -17, -13, 37, 50, -46, -78, 37, 99, -17, -102, 4, 96, 4, -91, -9, 93, 21, -89, -43, 73, 79, -47, -121, 31, 161, -24, -166, 14, 122, 18, -42, -71, -24, 126, 54, -160, -55, 160, 43, -132, -19, 106, -15, -99, 57, 104, -88, -97, 90, 78, -53, -57, 3, 43, 40, -26, -77, 11, 104, 0, -98, -7, 67, 20, -28, -25, -14, 23, 78, -24, -142, 39, 173, -53, -156, 53, 114, -35, -65, 11, 26, 11, 7, -19, -37, 13, 69, -2, -92, 12, 107, -39, -118, 72, 138, -90, -160, 100, 172, -103, -158, 88
1791219845.141, MrmDetectionListInfo, 455, 126, 62, 853, 63, 1330, 64, 1928, 65, 2590, 66, 3271, 67, 3945, 68, 4589, 69, 5174, 70, 5702, 71, 6217, 72, 6763, 73, 7329, 74, 7819, 75, 8100, 76, 8095, 77, 7830, 78, 7371, 79, 6761, 80, 6013, 81, 5147, 82, 4208, 83, 3253, 84, 2329, 85, 1481, 86, 806, 87, 455, 88, 509, 89, 861, 90, 1288, 91, 1628, 92, 1850, 93, 2010, 94, 2159, 95, 2305, 96, 2426, 97, 2505, 98, 2548, 99, 2568, 100, 2568, 101, 2547, 102, 2498, 103, 2417, 104, 2301, 105, 2143, 106, 1942, 107, 1704, 108, 1443, 109, 1177, 110, 922, 111, 698, 112, 530, 113, 432, 114, 400, 115, 401, 116, 392, 117, 357, 118, 324, 119, 339, 120, 408, 121, 491, 122, 546, 123, 573, 124, 598, 125, 633, 126, 670, 127, 693, 128, 695, 129, 679, 130, 646, 131, 593, 132, 517, 133, 420, 134, 309, 135, 195, 139, 202, 140, 276, 141, 311, 142, 315, 143, 308, 144, 296, 145, 276, 146, 253, 147, 238, 148, 231, 149, 220, 150, 190, 151, 146, 158, 114, 159, 118, 160, 123, 163, 121, 167, 123, 168, 148, 169, 177, 170, 196, 171, 195, 172, 176, 173, 147, 174, 119, 186, 114, 187, 122, 188, 125, 189, 127, 190, 128, 191, 127, 197, 108, 198, 115, 214, 115, 215, 132, 216, 145, 217, 156, 218, 163, 219, 168, 220, 171, 221, 174, 222, 176, 223, 176, 224, 171, 225, 161, 226, 145, 227, 127, 475, 113, 476, 123, 477, 130, 478, 135, 479, 137
1791219845.266, MrmFullScanInfo, 456, 107, 2454685, 0, 0, 0, 0, 10000, 39297, 32, 1, 2, 1, 480, -20885, 31834, 24257, -31424, -29563, 28572, 32392, -20686, -32512, -2008, 32484, 28413, -29558, -32404, 11268, 32512, 9302, -32501, -19507, 31953, 21912, -27093, -17073, 4822, 13836, 11570, 139, -15485, -10823, 27142, 8695, -28655, -944, 32122, -9545, -31668, 11266, 32105, -9234, -32418, 4592, 32199, 4813, -28116, -15459, 20280, 24387, -4096, -28001, -12128, 23896, 23573, -15040, -30164, 3141, 28908, 6971, -25316, -13813, 18093, 15312, -9628, -10969, 1894, 4145, 3503, 3830, -5020, -10641, 4022, 14471, -1701, -13814, -1460, 9450, 3713, -3004, -3505, -4075, 685, 8135, 3643, -9592, -7614, 7731, 10036, -4087, -9448, -278, 6373, 4108, -1787, -5740, -3115, 4772, 6538, -1677, -8051, -1628, 6593, 3803, -3951, -3758, 1053, 2014, 1143, 459, -1458, -2413, 460, 3377, 1020, -3045, -1998, 1388, 2163, 495, -1228, -1716, -311, 2135, 1777, -1656, -2735, 255, 2782, 1076, -1985, -1540, 951, 1308, 153, -584, -702, -269, 674, 792, -336, -540, -26, 88, 299, 443, 4, -848, -330, 911, 853, -495, -899, 75, 766, 303, -197, -528, -309, 479, 694, -96, -702, -275, 566, 308, -427, -239, 235, 33, -223, 133, 412, -130, -448, -155, 572, 511, -547, -599, 248, 837, 133, -861, -512, 655, 605, -276, -660, 59, 585, 115, -271, -199, 107, 72, -119, 194, 239, -227, -497, 187, 467, 3, -573, -128, 494, 295, -311, -370, 102, 304, 95, -252, -217, 162, 184, -60, -224, 177, 89, -230, -114, 162, 72, -235, -115, 167, 220, -126, -151, -14, 182, 55, -87, -25, 31, 42, 56, -64, -151, 10, 24, 12, -30, -82, -64, -71, 144, 146, 29, -193, 28, 224, -53, -198, -30, 109, 48, -124, -21, 45, -41, -11, 105, -15, -124, 83, 144, -7, -86, -149, 116, 80, 109, -162, -137, 23, 76, -30, -185, 104, 123, -34, -123, 89, 117, -53, -119, 162, 68, -28, -135, -39, 171, 111, -125, -196, 53, 177, -95, -354, -63, 298, 162, -123, -208, 143, 197, -55, -168, -20, 179, 30, -240, -53, 211, 83, -172, -131, 235, 202, -342, -278, 169, 352, -27, -270, -64, 221, 137, 12, -215, -73, 281, 210, -192, -133, -19, -6, 154, 28, -169, -76, 279, 132, -297, -132, 240, 21, -130, 38, 302, -154, -330, 168, 377, -206, -257, 197, 263, -246, -254, 208, 201, -221, -74, 282, 25, -253, -32, 130, -13, -94, -28, 11, 63, 75, 30, 12, -16, 61, 32, 5, 23, 24, -56, -5, 237, 108, -303, -96, 370, 266, -431, -239, 375, 78, -373, -97, 247, -43, -150, 322, -7, -499, 118, 700, -426, -833, 502, 939, -669, -918, 725, 999, -643, -779, 290, 591, 105, -355, -481, 70, 587, 206, -690, -447, 658, 596, -518, -549, 402, 508, -301, -334, 257, 208, -250, -182, 349, 192, -469, -325, 340, 466, -179, -611, -120, 560, 268, -398, -522, 211, 476, -37, -390, -293, 292, 265, -93, -275, -56, 114, 152, 78, -251, -140, 266, 325, 71, -283, 5, 222, 66, -166, -84, -20, -10, 50, 142, -63, -227
1791219845.266, MrmFullScanInfo, 456, 107, 2454685, 0, 0, 0, 0, 10000, 39297, 32, 2, 2, 1, 480, 0, 0, 0, 0, 0, 0, 10156, -14351, -19187, 29382, 22847, -30980, -24864, 17035, 28380, 3725, -30401, -21150, 25437, 31530, -12994, -36568, -966, 36906, 10247, -30450, -13169, 16732, 11364, 759, -7222, -16902, 3638, 28181, -3725, -33213, 8230, 32672, -14498, -29298, 18743, 26373, -18668, -25722, 14110, 26722, -5973, -26847, -4367, 23234, 14976, -14569, -23358, 2075, 27051, 11112, -24749, -21725, 17190, 27704, -6976, -28441, -2449, 24431, 8282, -16888, -9348, 7730, 6209, 755, -510, -6653, -5689, 9065, 10382, -8166, -12094, 4969, 10324, -1027, -5677, -1960, -362, 2788, 5974, -1213, -9593, -1941, 10391, 5197, -8374, -7098, 4339, 6829, 354, -4442, -4143, 708, 5855, 3205, -5192, -6083, 2849, 7096, -111, -6089, -1772, 3660, 2160, -890, -1166, -1121, -548, 1782, 2135, -1203, -2870, 17, 2458, 1025, -1131, -1370, -496, 869, 1757, 229, -2183, -1436, 1711, 2268, -688, -2416, -329, 1869, 910, -891, -913, -89, 504, 714, -10, -826, -267, 536, 216, -120, 99, -130, -496, 87, 773, 182, -791, -476, 546, 595, -137, -448, -264, 104, 494, 281, -469, -564, 263, 675, -35, -617, -78, 469, 53, -331, 44, 284, -93, -347, 21, 472, 163, -549, -399, 480, 632, -252, -785, -49, 790, 330, -633, -509, 383, 545, -131, -451, -31, 305, 54, -197, 51, 183, -191, -251, 270, 363, -236, -459, 110, 493, 56, -429, -201, 280, 291, -92, -309, -69, 278, 164, -234, -175, 210, 126, -203, -59, 203, 25, -200, -36, 189, 82, -153, -126, 97, 145, -36, -123, -11, 63, 47, 11, -67, -61, 62, 67, -29, -30, 3, -23, -12, 69, 67, -93, -135, 102, 183, -94, -186, 65, 158, -28, -113, 14, 63, -30, -4, 66, -51, -93, 77, 106, -50, -100, -14, 72, 84, -18, -123, -43, 130, 95, -117, -123, 109, 127, -104, -111, 106, 92, -111, -72, 107, 70, -75, -93, 17, 132, 50, -157, -119, 157, 191, -125, -248, 62, 272, 26, -250, -108, 200, 163, -134, -188, 71, 206, -24, -218, -2, 225, 28, -237, -63, 267, 113, -288, -168, 265, 221, -180, -242, 61, 211, 70, -126, -190, 27, 261, 44, -233, -66, 109, 57, 59, -36, -204, 17, 296, -2, -317, 6, 286, -35, -239, 95, 222, -175, -229, 253, 233, -302, -214, 316, 185, -304, -148, 287, 100, -271, -34, 253, -26, -213, 59, 153, -49, -81, 13, 22, 22, 16, -29, -32, 17, 36, -5, -28, 23, 17, -83, -5, 183, 4, -295, -19, 394, 41, -452, -41, 453, 9, -387, 54, 266, -150, -99, 286, -103, -434, 339, 563, -577, -644, 784, 679, -922, -673, 956, 634, -839, -567, 554, 485, -151, -389, -255, 263, 573, -87, -755, -110, 807, 281, -749, -373, 626, 373, -480, -298, 363, 198, -310, -119, 332, 101, -383, -158, 395, 286, -319, -432, 160, 530, 50, -527, -250, 416, 386, -219, -427, 0, 380, 168, -257, -229, 88, 188, 93, -78, -225, -50, 264, 168, -209, -244, 115, 255, -30, -192, -12, 86, 2
1791219845.266, MrmFullScanInfo, 456, 107, 2454685, 0, 0, 0, 0, 10000, 39297, 32, 4, 2, 1, 480, 0, 0, 0, 0, 0, 0, -31, 138, -11, -205, 87, 46, -97, 184, 111, -244, -173, 146, 238, -41, -257, 43, 268, -201, -346, 495, 463, -813, -501, 952, 374, -763, -228, 380, 229, -76, -253, -19, 114, 6, 246, -20, -658, 138, 916, -282, -921, 324, 741, -279, -462, 284, 159, -401, 4, 589, 37, -840, -202, 1175, 382, -1523, -494, 1710, 452, -1504, -152, 831, -431, 159, 1292, -1200, -2320, 2057, 3268, -2535, -3852, 2490, 3908, -1926, -3420, 1085, 2522, -290, -1450, -184, 476, 245, 255, -16, -713, -238, 905, 318, -838, -181, 615, -98, -408, 415, 349, -673, -421, 817, 516, -807, -537, 656, 481, -430, -381, 246, 249, -167, -77, 178, -99, -198, 222, 165, -239, -67, 163, -68, -50, 222, -26, -366, 30, 478, 24, -540, -67, 536, 44, -432, 33, 252, -103, -63, 134, -57, -121, 101, 77, -90, -5, 70, -76, -74, 149, 117, -197, -168, 205, 188, -153, -161, 63, 106, 7, -36, -12, -35, -47, 110, 144, -174, -236, 204, 289, -167, -287, 75, 245, 27, -175, -88, 103, 102, -52, -84, 37, 58, -39, -33, 39, 22, -30, -28, 23, 45, -8, -52, -7, 56, 17, -63, -5, 74, -16, -64, 37, 38, -50, -23, 57, 36, -58, -55, 51, 54, -21, -23, -27, -10, 85, 22, -132, 3, 155, -54, -145, 111, 118, -139, -101, 128, 114, -81, -138, 27, 157, 21, -156, -57, 131, 72, -74, -64, 3, 52, 49, -56, -57, 87, 34, -120, -3, 139, -8, -142, 3, 151, 6, -160, -7, 147, 13, -102, -29, 48, 53, -8, -52, -9, 23, 21, 6, -30, 5, 28, -48, -14, 87, 15, -95, -39, 88, 80, -80, -113, 84, 126, -87, -116, 89, 97, -81, -79, 60, 74, -17, -75, -45, 78, 115, -75, -162, 74, 182, -61, -176, 31, 156, 14, -118, -48, 75, 54, -35, -38, 5, 23, 12, -8, -8, -8, -7, 20, 25, -5, -21, -14, -10, 18, 67, -11, -110, 19, 107, -26, -57, -2, 5, 69, 6, -115, 22, 107, -47, -60, 34, 21, 15, -10, -61, 33, 79, -70, -64, 88, 39, -62, -23, 22, 24, -8, -18, 29, -2, -45, 26, 36, -17, -12, -16, -4, 48, 20, -52, -37, 36, 57, -7, -62, -17, 46, 34, 1, -34, -61, 27, 108, -14, -118, 0, 90, 16, -41, -18, -2, 0, 37, 22, -59, -22, 68, 6, -64, 20, 56, -49, -42, 84, 28, -108, -12, 120, 2, -116, 10, 102, -28, -76, 59, 31, -81, 27, 73, -60, -40, 37, 25, 22, -42, -60, 62, 62, -42, -41, -8, 22, 65, -12, -90, 15, 77, -19, -38, 20, 8, -29, 6, 67, -26, -115, 62, 153, -98, -162, 118, 144, -103, -115, 62, 104, -20, -112, 10, 121, -15, -109, 0, 89, 62, -72, -152, 63, 229, -44, -263, 13, 261, 19, -240, -29, 209, 17, -171
1791219845.266, MrmDetectionListInfo, 456, 100, 62, 776, 63, 906, 64, 1014, 65, 1082, 66, 1091, 67, 1019, 68, 863, 69, 660, 70, 490, 71, 445, 72, 604, 73, 1010, 74, 1593, 75, 2179, 76, 2623, 77, 2913, 78, 3105, 79, 3214, 80, 3202, 81, 3035, 82, 2730, 83, 2337, 84, 1901, 85, 1454, 86, 1036, 87, 696, 88, 459, 93, 399, 94, 553, 95, 641, 96, 623, 97, 531, 98, 425, 101, 322, 102, 389, 103, 477, 104, 556, 105, 612, 106, 650, 107, 672, 108, 668, 109, 632, 110, 567, 111, 488, 112, 407, 113, 330, 129, 172, 130, 210, 131, 239, 132, 259, 133, 277, 134, 293, 135, 303, 136, 295, 137, 265, 138, 221, 139, 178, 153, 134, 154, 155, 155, 173, 156, 188, 157, 194, 158, 184, 159, 159, 160, 125, 169, 156, 170, 196, 171, 224, 172, 239, 173, 239, 174, 225, 175, 199, 176, 165, 177, 134, 178, 114, 225, 118, 226, 126, 227, 125, 228, 121, 230, 114, 285, 104, 286, 106, 287, 105, 288, 101, 302, 125, 303, 124, 304, 120, 451, 121, 454, 135, 455, 126, 470, 117, 471, 134, 472, 144, 473, 148, 474, 146, 475, 140, 476, 135, 477, 132, 478, 131, 479, 126
1791219845.391, MrmFullScanInfo, 457, 107, 2454810, 0, 0, 0, 0, 10000, 39297, 32, 1, 2, 1, 480, -21248, 31534, 25410, -31239, -29381, 29187, 32357, -20511, -32512, -2089, 32512, 28366, -29043, -32256, 11965, 32411, 8928, -32506, -20170, 32147, 21984, -28296, -17063, 5407, 14424, 11090, 40, -14950, -11119, 27027, 8103, -28462, -75, 31805, -9522, -32098, 11908, 31975, -10762, -32217, 3609, 32358, 3936, -29012, -16321, 20493, 24968, -5041, -28771, -10903, 24932, 22914, -17739, -29580, 5875, 28543, 5548, -24903, -11719, 18235, 13741, -9643, -9755, 2747, 3326, 1302, 3889, -1757, -10585, 685, 14437, 2755, -13598, -6024, 9907, 6720, -4273, -4531, -1935, 181, 5935, 4989, -7017, -9107, 5778, 11112, -2393, -10373, -2033, 6693, 5089, -1842, -5987, -3379, 4530, 6693, -939, -8303, -2228, 7025, 4121, -4447, -4057, 1588, 2050, 396, 474, -657, -2374, -155, 3382, 1477, -2890, -2267, 1283, 2272, 439, -1468, -1638, -66, 2047, 1296, -1825, -2035, 905, 2139, 181, -1420, -516, 513, 336, 331, 191, -581, -570, 410, 834, -126, -523, -105, 55, 150, 478, -36, -612, -521, 649, 717, -168, -618, -344, 331, 526, 30, -517, -454, 281, 479, 32, -574, -236, 341, 124, -196, 199, 76, -360, -332, 503, 494, -350, -800, -59, 930, 556, -771, -699, 570, 989, 19, -929, -309, 738, 501, -378, -477, 21, 448, 157, -142, -132, -91, -31, 13, 194, 43, -307, -274, 47, 405, 96, -533, -235, 497, 363, -298, -392, 216, 261, -47, -197, 20, 43, 97, -51, -3, 86, 17, 4, 34, 138, 56, -103, -149, 10, 241, 18, -122, -36, 127, 138, -110, -148, 29, 147, 43, 18, -94, 5, -50, 60, 144, 42, -71, -137, 92, 125, 106, -187, -80, 110, 257, -111, -162, -18, 150, 100, -80, -98, 27, 102, 86, 65, -113, -6, 140, 82, -147, -17, 101, 40, 110, -109, -90, 122, 65, -9, -80, 35, 66, -126, -125, 49, 117, -107, -131, 62, 69, -58, -189, -53, 82, 101, -154, -108, 86, 144, -18, -95, 10, 222, 77, -99, -157, 62, 99, -85, -62, -106, 238, -2, -236, -28, 282, 34, -205, -140, 237, 240, -247, -282, 110, 338, -104, -157, -108, 70, 104, 80, -190, -129, 178, 245, -153, -185, -84, 103, 154, -39, -317, -103, 315, 183, -241, -105, 263, 161, -221, -3, 262, -193, -298, 162, 284, -192, -340, 98, 342, -192, -320, 119, 191, -151, -97, 209, 26, -221, 10, 197, -31, -182, 0, 84, 72, -93, -43, 71, 23, -50, -105, 91, 126, 71, -87, -81, 194, 36, -230, -128, 245, 106, -373, -176, 356, 216, -264, -60, 56, -151, -72, 307, 24, -458, 297, 625, -425, -859, 658, 969, -720, -1017, 726, 1120, -517, -985, 283, 851, 138, -463, -464, 174, 706, 150, -901, -359, 668, 575, -394, -455, 306, 559, -164, -322, 174, 210, -249, -134, 271, 142, -294, -279, 340, 503, -120, -736, -140, 603, 393, -505, -481, 307, 604, -64, -513, -72, 315, 178, -113, -72, -215, -91, 288, 26, -231, -243, 128, 294, 26, -267, -75, 141, 198, -57, -136, -78, 62, 81, 63, -133, -89
1791219845.391, MrmFullScanInfo, 457, 107, 2454810, 0, 0, 0, 0, 10000, 39297, 32, 2, 2, 1, 480, 0, 0, 0, 0, 0, 0, 10306, -14434, -19385, 29547, 22936, -31111, -24819, 17057, 28282, 3759, -30379, -21138, 25531, 31443, -13087, -36562, -976, 37206, 10304, -31095, -13178, 17537, 11306, 37, -7141, -16399, 3657, 27867, -3957, -32980, 8647, 32468, -15042, -29113, 19347, 26174, -19204, -25577, 14421, 26810, -6011, -27275, -4554, 24004, 15349, -15618, -23951, 3296, 28071, 9820, -26330, -20417, 19152, 26471, -8965, -27438, -659, 23793, 6745, -16771, -8069, 8386, 5136, -909, 479, -3953, -6732, 5519, 11592, -4156, -13573, 1145, 12132, 1748, -7729, -3031, 1702, 2096, 4121, 690, -8046, -4249, 9076, 7247, -7157, -8573, 3191, 7686, 1289, -4756, -4661, 596, 5870, 3618, -4825, -6679, 2355, 7764, 265, -6746, -1917, 4287, 2085, -1508, -947, -508, -805, 1213, 2333, -736, -2964, -324, 2476, 1263, -1145, -1569, -440, 1120, 1696, -167, -2227, -837, 1974, 1490, -1206, -1563, 381, 1091, 139, -344, -234, -317, 23, 649, 252, -611, -359, 338, 212, -39, 109, -87, -432, -10, 585, 234, -472, -414, 149, 435, 216, -268, -450, -15, 476, 301, -332, -477, 156, 489, -74, -362, 134, 213, -280, -161, 410, 273, -414, -507, 251, 759, 40, -884, -373, 796, 669, -511, -847, 149, 846, 171, -656, -369, 363, 415, -87, -318, -64, 154, 65, -20, 39, -6, -143, -88, 172, 269, -112, -444, 1, 532, 119, -497, -206, 372, 233, -207, -200, 60, 144, 33, -93, -56, 63, 34, -53, -8, 63, 23, -75, -75, 78, 134, -58, -163, 14, 160, 48, -133, -95, 87, 105, -27, -74, -9, 27, 1, 7, 42, -3, -77, -36, 77, 98, -29, -151, -43, 177, 113, -155, -150, 89, 154, -1, -123, -60, 66, 77, 15, -54, -95, 26, 151, -7, -151, -4, 94, 38, -10, -86, -47, 117, 66, -112, -65, 96, 68, -90, -75, 100, 83, -109, -85, 103, 91, -70, -106, 20, 130, 34, -142, -72, 132, 101, -93, -127, 40, 148, 17, -151, -61, 128, 93, -80, -128, 36, 183, -21, -234, 30, 259, -18, -260, -34, 262, 118, -260, -190, 234, 217, -159, -182, 41, 107, 91, -17, -192, -61, 233, 118, -187, -141, 64, 135, 100, -101, -244, 51, 330, 2, -346, -34, 319, 20, -278, 52, 241, -156, -212, 240, 207, -272, -225, 271, 246, -254, -231, 236, 170, -217, -76, 202, -14, -186, 76, 167, -89, -139, 60, 115, -12, -97, -24, 89, 48, -79, -67, 58, 94, -22, -132, -7, 185, 22, -241, -24, 300, 30, -347, -35, 355, 23, -292, 33, 168, -134, -7, 264, -179, -396, 401, 516, -638, -612, 852, 683, -984, -732, 994, 765, -855, -760, 574, 699, -184, -568, -242, 390, 615, -183, -831, -24, 849, 215, -710, -354, 520, 405, -360, -354, 270, 234, -242, -117, 260, 78, -295, -153, 316, 324, -271, -510, 140, 629, 57, -629, -266, 520, 423, -338, -473, 144, 394, 5, -199, -80, -36, 90, 222, -39, -287, -60, 245, 175, -140, -241, 22, 230, 76, -150, -121, 41, 106
1791219845.391, MrmFullScanInfo, 457, 107, 2454810, 0, 0, 0, 0, 10000, 39297, 32, 4, 2, 1, 480, 0, 0, 0, 0, 0, 0, 133, -29, -199, 99, 119, -153, 17, 154, -69, -114, -37, 99, 194, -115, -213, 31, 109, 211, -77, -439, 166, 473, -257, -328, 243, 177, -83, -144, -146, 205, 335, -231, -517, 210, 724, -222, -829, 212, 715, -39, -447, -281, 151, 646, 156, -932, -515, 1068, 1027, -1069, -1578, 995, 1872, -803, -1757, 459, 1390, -37, -986, -405, 666, 946, -531, -1615, 688, 2295, -1123, -2845, 1724, 3145, -2351, -2978, 2874, 2133, -3101, -715, 2915, -789, -2394, 1868, 1779, -2290, -1302, 2157, 1049, -1707, -918, 1143, 739, -560, -411, 28, -8, 405, 376, -702, -549, 852, 502, -864, -313, 802, 102, -728, 56, 672, -130, -614, 132, 535, -95, -434, 69, 333, -73, -264, 87, 270, -44, -355, -93, 494, 312, -615, -538, 651, 703, -560, -757, 363, 682, -112, -499, -100, 287, 197, -107, -156, -1, 41, 31, 74, 17, -127, -118, 93, 236, 5, -312, -98, 293, 130, -162, -90, -10, 14, 124, 70, -113, -145, 3, 193, 135, -180, -232, 105, 263, 20, -230, -152, 164, 256, -79, -297, 0, 284, 62, -235, -91, 186, 85, -152, -45, 134, -5, -120, 39, 122, -37, -139, 20, 163, -15, -170, 42, 147, -83, -86, 105, 10, -85, 52, 37, -92, 21, 119, -73, -133, 106, 136, -107, -132, 97, 130, -95, -123, 104, 103, -103, -63, 91, 17, -67, 17, 40, -25, -20, 27, 22, -40, -31, 62, 27, -72, -4, 79, -15, -91, 14, 108, 6, -102, -23, 64, 24, 5, -9, -82, -8, 140, 34, -153, -69, 139, 102, -118, -99, 94, 53, -54, 14, 7, -58, 31, 54, -37, -18, 15, -3, 14, -6, -19, 26, 2, -27, 13, 19, -7, -19, -11, 28, 31, -26, -45, 16, 53, 1, -45, -18, 30, 32, -12, -20, 2, -15, 8, 51, -9, -62, -1, 53, 27, -41, -48, 39, 48, -31, -16, 7, -17, 30, 28, -49, -13, 39, -9, -2, 25, -26, -25, 22, 19, 17, -14, -62, 11, 88, -3, -87, 0, 77, 1, -66, -4, 62, 20, -53, -33, 43, 31, -20, -13, -9, 2, 32, 0, -29, -9, 12, 29, -5, -32, 24, 6, -49, 36, 64, -63, -59, 64, 46, -43, -27, 19, 2, 2, 30, -16, -60, 21, 85, -14, -99, 6, 107, 5, -102, -13, 80, 17, -39, -6, 4, -20, 10, 59, -3, -85, -2, 88, -1, -75, 11, 73, -4, -77, -13, 78, 22, -65, -12, 56, 4, -54, -12, 63, 43, -64, -86, 53, 141, -41, -182, 43, 190, -42, -167, 16, 141, 31, -125, -55, 115, 28, -83, 33, 26, -79, 32, 84, -57, -61, 36, 52, 5, -69, -32, 91, 32, -91, -12, 76, -8, -61, 24, 57, -34, -59, 50, 63, -73, -54, 99, 17, -116, 53, 108, -126, -66, 155, 17, -124, 7, 76, -3, -40, 1, 16, -8, 6, 21, -19, -28, 31
1791219845.391, MrmDetectionListInfo, 457, 119, 55, 809, 56, 964, 57, 1105, 58, 1227, 59, 1327, 60, 1387, 61, 1384, 62, 1305, 63, 1157, 64, 965, 65, 761, 66, 600, 67, 539, 68, 589, 69, 701, 70, 827, 71, 966, 72, 1152, 73, 1396, 74, 1674, 75, 1953, 76, 2213, 77, 2446, 78, 2640, 79, 2767, 80, 2799, 81, 2713, 82, 2502, 83, 2190, 84, 1871, 85, 1682, 86, 1694, 87, 1843, 88, 1985, 89, 2006, 90, 1899, 91, 1738, 92, 1585, 93, 1447, 94, 1296, 95, 1119, 96, 923, 97, 718, 98, 503, 103, 491, 104, 678, 105, 731, 106, 696, 107, 651, 108, 616, 109, 568, 110, 494, 111, 418, 112, 373, 113, 366, 114, 379, 115, 387, 116, 376, 117, 348, 118, 313, 119, 279, 120, 247, 127, 187, 128, 219, 129, 278, 130, 364, 131, 461, 132, 549, 133, 613, 134, 650, 135, 660, 136, 643, 137, 597, 138, 524, 139, 432, 140, 338, 141, 266, 142, 225, 143, 204, 144, 181, 154, 139, 155, 149, 156, 157, 157, 173, 158, 197, 159, 207, 160, 183, 167, 124, 171, 158, 172, 197, 173, 202, 174, 179, 175, 150, 176, 137, 177, 148, 178, 173, 179, 193, 180, 194, 181, 179, 182, 161, 183, 149, 184, 149, 185, 156, 186, 160, 187, 152, 188, 135, 190, 104, 215, 101, 216, 118, 217, 126, 218, 124, 219, 119, 220, 115, 221, 113, 261, 109, 262, 114, 263, 115, 264, 110, 265, 98
1791219845.516, MrmFullScanInfo, 458, 107, 2454935, 0, 0, 0, 0, 10000, 39297, 32, 1, 2, 1, 480, -20621, 32052, 25464, -31621, -29865, 28932, 32421, -20380, -32512, -2762, 32365, 27951, -29401, -32349, 10416, 32512, 8072, -32486, -21611, 32180, 21909, -27544, -17239, 5703, 14032, 11789, 343, -15658, -11415, 27747, 8971, -28685, 79, 31899, -8201, -31725, 11763, 31684, -9490, -32385, 5305, 32176, 4597, -28425, -15354, 20177, 25486, -4270, -28903, -11511, 24445, 24000, -17115, -30431, 5304, 29488, 5153, -25829, -12494, 18582, 14124, -10137, -11067, 2307, 4962, 2545, 941, -4249, -6517, 3293, 8746, -852, -7487, -2351, 2787, 3391, 3065, -1914, -8588, -1745, 11074, 6267, -10600, -9811, 7752, 11677, -2603, -10576, -2729, 7092, 6940, -1901, -8261, -2972, 7048, 6317, -4201, -7493, 575, 5928, 1767, -3194, -2014, 160, 610, 1558, 1626, -1763, -3221, 560, 3714, 980, -2876, -2043, 1142, 2494, 681, -1779, -2013, 529, 2182, 870, -1789, -1521, 677, 1716, 343, -1082, -835, 274, 602, 423, -23, -471, -528, 198, 779, 274, -281, -523, -271, 503, 598, -65, -857, -539, 628, 794, -188, -835, -303, 554, 682, -70, -510, -374, 213, 629, 125, -492, -374, 282, 282, -43, 102, -97, -326, -131, 517, 427, -415, -699, 62, 824, 473, -764, -714, 352, 948, 151, -898, -470, 738, 588, -273, -613, -5, 303, 145, -72, -83, -98, -47, 65, 171, 32, -249, -232, 172, 529, 17, -631, -166, 604, 405, -339, -451, 269, 350, 9, -181, -133, 135, 60, -17, 21, -24, -3, 13, -126, 131, 181, -42, -290, 78, 356, -7, -258, -121, 153, 230, -133, -98, 79, 145, -52, -61, -7, 32, 8, 84, 108, -73, -72, -172, 136, 177, -6, -227, -59, 205, 172, -76, -111, 120, 158, 37, -136, -91, 101, 191, -38, -99, -142, 55, 133, -20, -161, -68, 107, -5, -72, -79, 26, 72, -46, -50, 7, 167, 20, -113, -2, 12, -51, -37, 10, 11, 41, 51, -70, -84, 111, 37, -125, -130, 72, 281, -24, -246, 9, 81, 16, -97, -139, 49, 4, -6, -49, 84, 105, -1, -201, -29, 233, 150, -272, -217, 325, 328, -267, -318, 215, 379, -44, -339, -122, 116, 275, -65, -286, -3, 178, 134, -11, -131, -90, 81, 86, 86, -304, -77, 307, 202, -257, -184, 128, 28, -150, -73, 255, -154, -272, 222, 215, -178, -261, 236, 276, -298, -344, 283, 144, -229, -165, 204, 72, -183, 14, 224, -33, -200, 3, 164, 71, -211, -24, 15, 30, -69, -60, -15, 64, 69, -103, -49, 313, 151, -301, -306, 195, 332, -181, -268, 203, 156, -135, -36, 48, -144, 36, 210, -149, -469, 225, 656, -400, -807, 568, 943, -586, -1122, 515, 1019, -394, -932, -9, 744, 260, -460, -587, 112, 819, 336, -797, -474, 635, 592, -506, -656, 252, 564, -322, -437, 154, 93, -212, -158, 364, 195, -411, -293, 314, 468, -156, -562, -103, 416, 371, -455, -493, 283, 533, -27, -459, -127, 260, 34, -93, -77, -131, -124, 127, 307, -166, -275, 133, 401, 24, -307, -155, 197, 164, -47, -179, -46, 89, 64, 63, -165, -165
1791219845.516, MrmFullScanInfo, 458, 107, 2454935, 0, 0, 0, 0, 10000, 39297, 32, 2, 2, 1, 480, 0, 0, 0, 0, 0, 0, 10340, -14485, -19483, 29568, 23068, -31021, -24956, 16902, 28328, 3894, -30243, -21253, 25203, 31590, -12651, -36696, -1419, 37251, 10665, -30998, -13342, 17249, 11266, 557, -6962, -17117, 3436, 28608, -3699, -33534, 8278, 32730, -14472, -29161, 18698, 26151, -18778, -25493, 14399, 26552, -6256, -26790, -4372, 23381, 15391, -14958, -24125, 2587, 28151, 10668, -26270, -21422, 19079, 27503, -8940, -28330, -773, 24451, 7201, -17140, -9127, 8365, 7099, -401, -2714, -4912, -2099, 6766, 5565, -5478, -6433, 2315, 4345, 963, 65, -2754, -5343, 2243, 9765, 372, -11924, -4038, 11162, 7338, -7673, -9023, 2478, 8445, 2866, -5746, -6806, 1774, 8358, 2222, -7428, -5028, 4798, 5898, -1763, -4805, -413, 2447, 1062, 87, -291, -1777, -1189, 2123, 2488, -1266, -2933, -174, 2331, 1458, -976, -2020, -548, 1695, 1674, -732, -2054, -374, 1683, 1156, -857, -1349, 29, 990, 442, -356, -435, -189, 108, 409, 235, -269, -340, -61, 155, 325, 203, -325, -542, 60, 692, 314, -560, -593, 211, 644, 180, -433, -425, 58, 440, 311, -269, -515, 54, 493, 62, -304, -12, 97, -160, -18, 349, 130, -422, -378, 306, 640, -19, -765, -344, 666, 678, -372, -878, 12, 870, 285, -659, -434, 346, 413, -65, -264, -83, 85, 82, 33, 24, -31, -148, -99, 221, 313, -200, -508, 88, 601, 76, -561, -219, 412, 287, -208, -271, 31, 202, 61, -105, -78, 27, 79, -7, -100, 47, 152, -106, -212, 140, 253, -110, -254, 25, 230, 69, -191, -119, 145, 118, -88, -79, 39, 22, -13, 24, 23, -23, -58, -31, 93, 113, -91, -176, 45, 202, 25, -184, -88, 132, 130, -52, -146, -33, 132, 97, -74, -122, -12, 112, 97, -79, -143, 42, 143, -2, -109, -31, 73, 63, -46, -89, 34, 106, -31, -96, 36, 63, -31, -21, 9, -10, 32, 29, -79, -35, 118, 50, -131, -93, 128, 153, -111, -181, 79, 162, -24, -117, -27, 79, 59, -56, -74, 47, 104, -36, -156, 10, 229, 40, -301, -104, 355, 171, -362, -229, 305, 269, -181, -270, 14, 236, 145, -173, -231, 89, 216, 10, -125, -86, 7, 107, 118, -70, -235, 10, 311, 38, -315, -56, 267, 36, -215, 33, 188, -136, -172, 235, 160, -297, -159, 331, 169, -348, -159, 343, 123, -304, -66, 250, 9, -202, 43, 174, -70, -163, 66, 160, -40, -144, 12, 109, 17, -59, -47, 13, 93, 21, -163, -44, 245, 80, -304, -134, 323, 183, -306, -183, 260, 121, -175, -13, 54, -105, 90, 232, -243, -364, 413, 500, -593, -621, 758, 720, -854, -784, 834, 804, -667, -775, 369, 700, 9, -558, -391, 348, 701, -96, -868, -143, 870, 337, -748, -454, 582, 465, -426, -365, 313, 216, -263, -99, 288, 72, -343, -136, 362, 265, -291, -399, 126, 497, 92, -521, -289, 454, 410, -303, -426, 135, 340, -10, -174, -26, -11, -17, 166, 115, -248, -216, 241, 286, -152, -302, 26, 258, 87, -165, -141, 56, 121
1791219845.516, MrmFullScanInfo, 458, 107, 2454935, 0, 0, 0, 0, 10000, 39297, 32, 4, 2, 1, 480, 0, 0, 0, 0, 0, 0, 91, -74, -176, 85, 171, 8, -115, -87, 1, 95, 141, -83, -270, 107, 369, -126, -413, 143, 346, -108, -118, -50, -120, 336, 262, -605, -249, 662, 197, -467, -228, 169, 358, 38, -370, -114, 130, 164, 209, -258, -365, 355, 194, -352, 134, 280, -391, -270, 493, 391, -575, -552, 681, 628, -674, -600, 415, 524, 129, -431, -919, 312, 1952, -173, -3199, 77, 4537, -75, -5738, 152, 6606, -226, -7005, 226, 6847, -97, -6078, -147, 4791, 453, -3192, -742, 1534, 982, -28, -1151, -1163, 1236, 1954, -1245, -2376, 1240, 2538, -1303, -2502, 1454, 2274, -1613, -1878, 1677, 1424, -1582, -1015, 1346, 701, -1023, -445, 677, 205, -326, 8, -14, -139, 325, 163, -561, -91, 698, -27, -731, 128, 694, -157, -617, 123, 511, -60, -357, -4, 156, 67, 72, -103, -280, 82, 427, -9, -469, -69, 387, 113, -212, -103, 25, 54, 109, 16, -164, -74, 155, 90, -99, -43, 28, -39, 21, 111, -7, -140, -61, 126, 148, -74, -202, 7, 196, 63, -138, -116, 65, 133, -9, -98, -5, 32, -11, 35, 42, -68, -59, 61, 51, -22, -7, -17, -54, 38, 109, -33, -130, 25, 126, -20, -99, 12, 53, 13, 6, -42, -57, 50, 88, -25, -97, -5, 86, 24, -54, -24, 29, 6, -28, 39, 33, -86, -2, 100, -55, -65, 110, 12, -135, 27, 129, -26, -103, -6, 80, 40, -71, -44, 81, 29, -88, -7, 79, -12, -47, 26, 19, -18, -14, -3, 34, 25, -52, -26, 48, 19, -22, -13, -6, 14, 37, -8, -71, -14, 104, 43, -111, -59, 85, 60, -38, -48, -8, 42, 56, -46, -95, 57, 117, -47, -117, 16, 113, 13, -110, -9, 114, -30, -107, 82, 81, -111, -41, 104, 13, -61, -5, 23, 11, -19, -7, 35, -10, -22, 33, -19, -43, 62, 48, -69, -57, 42, 76, -1, -87, -12, 72, -7, -18, 40, -46, -57, 90, 55, -89, -49, 59, 56, -12, -73, -33, 97, 60, -116, -38, 117, -21, -77, 70, 26, -64, 0, 30, 6, -4, -22, -5, 30, 24, -29, -47, 33, 59, -33, -53, 28, 52, -9, -60, -11, 67, 39, -59, -69, 45, 84, -21, -67, -6, 34, 30, -11, -29, 18, 9, -47, 18, 81, -37, -88, 40, 64, -26, -21, 9, -12, 12, 28, -36, -36, 53, 63, -37, -110, -13, 150, 81, -145, -129, 101, 150, -48, -148, 24, 131, -25, -91, 31, 34, -20, 23, -6, -70, 47, 110, -80, -145, 93, 179, -88, -193, 81, 180, -58, -144, 14, 102, 39, -64, -76, 36, 92, -24, -91, 28, 75, -27, -35, 14, 0, 2, 18, 0, -17, -9, 26, 11, -58, 6, 102, -32, -115, 52, 87, -41, -40, 9, 0, 26, 36, -47, -68, 47, 104, -24, -140, 2, 167, 0, -156, 12, 114, -13, -63, -2, 26, 25, -8, -37, 5, 36
1791219845.516, MrmDetectionListInfo, 458, 81, 62, 666, 63, 634, 69, 673, 70, 955, 71, 1219, 72, 1467, 73, 1743, 74, 2066, 75, 2408, 76, 2731, 77, 3015, 78, 3257, 79, 3451, 80, 3580, 81, 3629, 82, 3588, 83, 3459, 84, 3255, 85, 3001, 86, 2722, 87, 2430, 88, 2122, 89, 1790, 90, 1440, 91, 1088, 92, 780, 93, 626, 94, 757, 95, 1141, 96, 1544, 97, 1754, 98, 1785, 99, 1785, 100, 1841, 101, 1918, 102, 1955, 103, 1942, 104, 1911, 105, 1879, 106, 1831, 107, 1747, 108, 1627, 109, 1489, 110, 1344, 111, 1198, 112, 1047, 113, 895, 114, 744, 115, 597, 116, 451, 117, 307, 122, 247, 123, 352, 124, 385, 125, 373, 126, 363, 127, 377, 128, 405, 129, 425, 130, 424, 131, 403, 132, 370, 133, 330, 134, 285, 135, 233, 142, 194, 143, 235, 144, 249, 145, 244, 146, 241, 147, 243, 148, 237, 149, 205, 150, 150, 158, 118, 171, 129, 172, 120, 173, 109, 398, 117, 399, 131, 400, 132
1791219845.641, MrmFullScanInfo, 459, 107, 2455060, 0, 0, 0, 0, 10000, 39297, 32, 1, 2, 1, 480, -21224, 31955, 25081, -31519, -29489, 29709, 32420, -21145, -32512, -4221, 32484, 27239, -29218, -32210, 10592, 32512, 8902, -32430, -20353, 32117, 21627, -28006, -17278, 7512, 14295, 10606, -1174, -14743, -10905, 26746, 7644, -29262, 500, 31965, -9079, -32046, 10604, 32052, -8303, -31896, 2617, 32201, 6884, -27833, -17288, 18214, 24944, -2396, -27125, -12965, 22713, 23386, -14971, -29491, 3847, 27896, 4969, -23483, -9825, 16958, 11205, -9726, -8286, 3806, 2543, -183, 3264, -589, -8405, -395, 11305, 2464, -10652, -4642, 7877, 5190, -2715, -3949, -2652, 585, 6329, 3875, -7843, -7230, 6842, 9319, -4407, -8670, 331, 5890, 2528, -2008, -3785, -2317, 3463, 5539, -726, -7066, -1973, 6015, 3610, -3977, -3790, 1362, 1963, 445, 49, -1036, -2006, 338, 2992, 668, -2727, -1483, 1362, 1816, 289, -1281, -1422, -49, 1997, 1295, -1678, -1963, 716, 2178, 391, -1712, -903, 847, 1052, 24, -495, -409, -173, 451, 592, -297, -439, 12, 183, 108, 161, 46, -382, -261, 699, 553, -369, -576, 143, 530, 102, -116, -179, -341, 201, 499, -43, -445, -78, 453, 30, -399, 127, 448, -201, -569, 363, 749, -136, -810, -261, 880, 774, -587, -796, 275, 863, 165, -909, -535, 707, 604, -390, -536, 133, 471, -1, -125, 4, -71, 63, 169, 301, -29, -311, -181, 206, 442, -133, -571, -14, 656, 187, -411, -388, 362, 313, -125, -298, 36, 167, 134, -167, -114, 115, 72, -71, -165, 125, 154, -17, -252, -61, 286, 181, -157, -115, 127, 235, -39, -215, -43, 238, 175, -211, -160, 161, -11, -144, -169, 73, 134, -166, 29, 75, 24, -94, -51, 53, -1, 0, 36, 7, 82, -3, 10, -61, -3, 107, 85, -180, -53, 154, 83, -59, -161, 28, 142, 13, 13, 29, 76, 81, -57, -138, -87, 161, 65, -131, -41, 66, 119, -19, -59, 207, 50, -39, -104, -53, 173, -43, -66, -84, 27, 48, -37, -83, -3, -6, -68, -95, 1, 65, 38, 0, 45, 28, 43, 27, -169, -37, 135, 78, -249, -193, 185, 244, -173, -282, 171, 129, 89, -252, -101, 32, 251, 161, -222, -76, 156, 118, 59, -108, -116, 22, 264, 102, -265, -109, 280, 129, -239, -118, 361, 84, -264, 34, 300, -130, -288, 215, 379, -123, -411, 182, 263, -136, -196, 159, 60, -223, -119, 349, 6, -291, -41, 170, 105, -166, -80, 116, 171, 75, -206, -61, 97, 170, -145, -153, 135, 178, -25, -237, 79, 240, -179, -302, 204, 319, -192, -341, 116, 195, 6, -43, -19, -192, 44, 403, -73, -630, 162, 775, -132, -932, 275, 1038, -401, -1108, 373, 1169, -292, -1116, 89, 860, 183, -546, -498, 214, 694, 67, -661, -459, 761, 559, -554, -583, 359, 561, -173, -414, 200, 276, -253, -201, 392, 246, -440, -351, 384, 527, -175, -531, -33, 555, 245, -364, -373, 287, 478, -107, -391, -80, 308, 29, -124, -17, 154, -119, -61, 132, 189, -234, -200, 242, 314, -127, -327, 26, 175, 52, -111, -230, 12, 232, 182, -145, -212
1791219845.641, MrmFullScanInfo, 459, 107, 2455060, 0, 0, 0, 0, 10000, 39297, 32, 2, 2, 1, 480, 0, 0, 0, 0, 0, 0, 10279, -14591, -19303, 29765, 22832, -31155, -24798, 16897, 28317, 3925, -30264, -21207, 25167, 31513, -12664, -36639, -1224, 37322, 10319, -31422, -13054, 18174, 11212, -767, -7221, -15735, 3966, 27547, -4414, -33000, 9011, 32688, -14897, -29433, 18425, 26601, -17580, -26047, 12410, 27052, -4005, -26882, -6139, 22671, 16124, -13471, -23703, 908, 26810, 11790, -24456, -21512, 17469, 26466, -8287, -26393, -67, 22218, 5276, -15496, -6414, 8073, 3966, -1695, 648, -2412, -5651, 3836, 9414, -2959, -10795, 760, 9373, 1511, -5525, -2718, 339, 2244, 4708, -190, -8240, -2656, 9385, 5193, -7985, -6457, 4681, 5965, -696, -3795, -2582, 528, 4157, 2915, -3765, -5520, 1956, 6542, 213, -5793, -1704, 3742, 1966, -1290, -1063, -615, -450, 1427, 1847, -1152, -2498, 229, 2161, 731, -1041, -1193, -362, 936, 1510, -124, -2003, -845, 1743, 1577, -959, -1804, 72, 1487, 534, -810, -670, 80, 417, 435, -34, -602, -216, 469, 233, -211, -40, 28, -250, -10, 493, 130, -566, -279, 445, 330, -199, -210, -64, -29, 250, 272, -301, -424, 257, 480, -202, -472, 216, 458, -293, -480, 358, 561, -297, -683, 73, 790, 244, -783, -546, 603, 773, -278, -891, -67, 870, 326, -698, -439, 443, 406, -189, -255, 17, 66, 28, 73, 46, -93, -168, -19, 262, 225, -283, -431, 218, 556, -77, -562, -87, 471, 213, -316, -263, 142, 256, 3, -218, -87, 175, 118, -136, -130, 105, 156, -66, -198, 18, 235, 36, -232, -93, 190, 152, -117, -207, 34, 246, 32, -254, -58, 226, 62, -178, -61, 142, 51, -119, -22, 102, -2, -76, 14, 49, -9, -21, -2, 2, 18, 15, -19, -47, 8, 100, 6, -146, -18, 158, 44, -130, -76, 87, 93, -43, -83, 0, 63, 54, -38, -109, 15, 148, 6, -148, -26, 127, 45, -111, -52, 101, 57, -79, -74, 49, 96, -18, -97, -10, 77, 38, -54, -50, 42, 53, -33, -49, 26, 43, -15, -29, -5, 13, 49, -1, -111, -7, 176, 33, -224, -80, 254, 133, -246, -166, 187, 177, -74, -158, -58, 109, 177, -39, -230, -19, 192, 65, -73, -89, -73, 86, 205, -54, -289, 13, 328, 17, -334, -16, 327, -23, -303, 102, 272, -186, -252, 252, 254, -280, -253, 278, 221, -252, -151, 233, 71, -238, 3, 257, -50, -255, 55, 225, -14, -174, -52, 115, 123, -46, -172, -19, 193, 78, -187, -121, 167, 158, -148, -191, 162, 218, -207, -232, 257, 232, -265, -206, 214, 144, -111, -29, -9, -134, 131, 332, -246, -525, 356, 693, -462, -816, 573, 896, -663, -938, 694, 948, -622, -907, 427, 801, -117, -632, -237, 421, 553, -176, -763, -65, 841, 265, -781, -387, 622, 427, -443, -385, 325, 289, -300, -185, 350, 137, -411, -173, 424, 284, -350, -410, 198, 495, 0, -501, -191, 428, 329, -298, -377, 159, 341, -59, -247, 31, 149, -66, -83, 142, 72, -220, -108, 263, 165, -242, -203, 157, 201, -21, -154, -117, 76
1791219845.641, MrmFullScanInfo, 459, 107, 2455060, 0, 0, 0, 0, 10000, 39297, 32, 4, 2, 1, 480, 0, 0, 0, 0, 0, 0, -31, -133, 121, 222, -174, -110, 107, -64, -1, 88, 36, 2, -157, -25, 152, 4, 16, 119, -195, -448, 222, 891, -75, -1188, -178, 1145, 444, -795, -634, 336, 627, 42, -250, -271, -471, 420, 1315, -504, -1966, 406, 2149, 59, -1712, -881, 787, 1646, 294, -1840, -1206, 1332, 1679, -360, -1441, -746, 464, 1681, 839, -2033, -1896, 1507, 2418, -234, -2454, -1257, 2185, 2387, -1802, -2784, 1559, 2391, -1652, -1468, 2094, 511, -2678, 40, 3071, -9, -2984, -499, 2288, 1236, -1073, -1903, -396, 2238, 1803, -2090, -2838, 1524, 3314, -785, -3204, 176, 2658, 109, -1913, -35, 1203, -276, -703, 622, 487, -800, -487, 715, 560, -387, -558, -50, 438, 430, -225, -624, 1, 627, 149, -503, -178, 342, 116, -225, -29, 210, -14, -283, -25, 379, 136, -403, -247, 299, 295, -76, -249, -174, 122, 352, 54, -382, -204, 263, 255, -51, -174, -145, -8, 249, 219, -245, -358, 175, 352, -69, -206, -32, 7, 84, 151, -29, -214, -118, 192, 289, -117, -386, 21, 372, 89, -269, -187, 131, 228, -4, -187, -83, 102, 124, -31, -114, 15, 70, -42, -16, 88, -20, -109, 44, 90, -61, -45, 79, 15, -90, -16, 92, 51, -79, -105, 53, 154, -13, -164, -32, 126, 84, -58, -119, -8, 112, 64, -59, -103, -5, 119, 48, -95, -60, 38, 56, 40, -44, -107, 35, 136, -18, -121, -9, 101, 50, -105, -85, 139, 93, -177, -72, 199, 63, -191, -84, 157, 112, -88, -107, -1, 71, 88, -10, -143, -49, 154, 90, -118, -102, 59, 104, -15, -87, 19, 40, -51, 27, 76, -69, -74, 66, 65, -28, -60, -12, 57, 38, -31, -39, -9, 27, 45, -6, -52, -13, 49, 30, -53, -24, 66, 4, -68, 14, 63, -25, -63, 41, 79, -54, -102, 53, 121, -23, -114, -26, 91, 73, -61, -94, 42, 97, -32, -88, 29, 75, -22, -60, 12, 58, 0, -64, -16, 78, 46, -92, -70, 100, 83, -85, -85, 55, 82, -14, -57, -32, 19, 81, 11, -107, -23, 99, 22, -54, -9, 12, -6, -9, 27, 43, -47, -66, 56, 65, -40, -61, 14, 73, 9, -68, -33, 27, 63, 29, -72, -63, 37, 70, 21, -48, -55, 1, 55, 59, -26, -111, -17, 150, 67, -169, -108, 167, 134, -137, -144, 81, 151, -2, -161, -58, 163, 77, -141, -65, 109, 68, -81, -93, 64, 120, -36, -118, -15, 90, 85, -35, -144, -45, 182, 142, -194, -215, 191, 237, -180, -199, 173, 119, -156, -21, 123, -52, -87, 96, 69, -108, -54, 83, 38, -15, -29, -43, 29, 54, -10, -30, -29, 20, 69, -38, -78, 66, 61, -78, -29, 73, 0, -61, 26, 64, -44, -76, 54, 87, -41, -81, 7, 63, 35, -18, -70, -56, 95, 158, -101, -258, 93, 330, -66, -352, 22, 320, 35, -237, -91, 129, 143, -31, -171, -28
1791219845.641, MrmDetectionListInfo, 459, 163, 45, 956, 46, 1145, 47, 1249, 48, 1254, 49, 1171, 50, 1058, 51, 1000, 52, 1024, 53, 1071, 54, 1090, 55, 1119, 56, 1225, 57, 1379, 58, 1430, 59, 1280, 60, 1016, 61, 827, 62, 809, 63, 933, 64, 1156, 65, 1446, 66, 1731, 67, 1901, 68, 1864, 69, 1646, 70, 1431, 71, 1452, 72, 1747, 73, 2107, 74, 2300, 75, 2284, 76, 2168, 77, 2049, 78, 1931, 79, 1786, 80, 1623, 81, 1491, 82, 1428, 83, 1436, 84, 1484, 85, 1535, 86, 1570, 87, 1589, 88, 1587, 89, 1546, 90, 1452, 91, 1333, 92, 1264, 93, 1341, 94, 1621, 95, 2020, 96, 2336, 97, 2429, 98, 2329, 99, 2154, 100, 1969, 101, 1764, 102, 1530, 103, 1300, 104, 1106, 105, 934, 106, 769, 107, 633, 108, 563, 109, 563, 110, 597, 111, 626, 112, 637, 113, 629, 114, 601, 115, 545, 116, 458, 117, 359, 118, 290, 119, 293, 120, 354, 121, 404, 122, 390, 123, 337, 124, 310, 125, 328, 126, 344, 127, 311, 128, 238, 129, 169, 135, 193, 136, 236, 137, 276, 138, 303, 139, 306, 140, 280, 141, 231, 143, 159, 144, 172, 145, 201, 146, 223, 147, 234, 148, 245, 149, 256, 150, 247, 151, 203, 152, 142, 155, 131, 156, 180, 157, 238, 158, 284, 159, 296, 160, 270, 161, 220, 162, 163, 168, 137, 169, 155, 170, 169, 171, 194, 172, 225, 173, 240, 174, 230, 175, 209, 176, 197, 177, 199, 178, 203, 179, 194, 180, 168, 181, 135, 184, 105, 185, 107, 243, 132, 244, 133, 245, 132, 246, 131, 247, 130, 248, 129, 249, 125, 250, 114, 261, 108, 381, 116, 382, 134, 383, 145, 384, 146, 385, 142, 411, 140, 412, 171, 413, 198, 414, 211, 415, 213, 416, 208, 417, 198, 418, 182, 419, 160, 466, 137, 467, 165, 468, 185, 469, 199, 470, 206, 471, 205, 472, 196, 473, 181, 474, 165, 475, 153, 476, 144, 477, 134, 478, 121, 479, 106
1791219845.766, MrmFullScanInfo, 460, 107, 2455185, 0, 0, 0, 0, 10000, 39297, 32, 1, 2, 1, 480, -20461, 32216, 24117, -31527, -29327, 28884, 32319, -21739, -32512, -3017, 32512, 27585, -29254, -32381, 10247, 32512, 8570, -32496, -19688, 32106, 21920, -27710, -16736, 5460, 14923, 10958, 1818, -15227, -10925, 26722, 8659, -28560, 916, 32067, -8835, -31998, 12096, 31902, -8547, -32093, 3237, 31900, 5498, -28276, -15291, 20243, 25265, -3442, -26991, -12610, 22076, 25049, -13879, -30718, -174, 29546, 10141, -26274, -16673, 18648, 17594, -10706, -13902, 3273, 6759, 1519, -68, -2794, -5327, 2214, 7124, 119, -4822, -2721, -581, 4121, 7421, -2978, -13113, -700, 14717, 4762, -14309, -8461, 11532, 10459, -6155, -10318, 921, 7663, 3517, -3573, -5567, -715, 5274, 4033, -3093, -5265, 232, 3955, 1622, -1610, -1824, -969, 574, 2622, 1546, -2832, -2987, 1711, 3692, -99, -3105, -889, 1614, 1481, 3, -982, -1058, -63, 1662, 1150, -1386, -1889, 430, 2058, 610, -1666, -1289, 758, 1224, 144, -763, -652, 189, 714, 256, -704, -285, 403, 6, -256, 141, 428, -357, -515, 455, 564, -358, -434, 28, 349, 56, 108, -12, -415, 41, 487, 24, -467, -110, 214, -151, -144, 532, 78, -729, -407, 777, 630, -636, -833, 130, 908, 513, -771, -719, 439, 1021, 53, -1122, -459, 920, 612, -592, -692, 232, 562, 24, -236, -31, 87, 44, 27, 64, -96, -221, -46, 257, 314, -10, -319, -190, 382, 297, -329, -507, 157, 484, -2, -375, -173, 391, 271, -172, -205, 45, 208, -47, -205, 19, 115, -34, -156, -17, 185, 13, -200, 2, 189, 68, -212, -84, 130, 142, -123, -103, 158, 197, -103, -128, 3, 110, 108, -51, 29, 14, 3, 36, -4, 114, 42, -106, 1, -30, 6, -76, 30, 75, -61, -74, 47, 117, -94, -59, -17, 1, -108, -3, -30, 49, -7, -42, -8, 40, 40, -88, -70, 93, 91, -140, -94, 40, 92, -159, -99, 104, 79, -43, -87, 6, 133, 102, -185, -107, 30, 151, -50, -174, 144, 240, 68, -218, -31, 188, 166, -109, -182, 69, 212, -50, -263, -10, 281, 24, -328, -155, 316, 222, -303, -247, 306, 202, -201, -284, -57, 135, 218, -34, -213, -108, 273, 226, -103, -230, -40, 61, 81, -51, -197, -181, 219, 282, -271, -143, 217, 92, -184, 23, 317, -57, -236, 174, 287, -244, -289, 286, 393, -269, -305, 284, 81, -203, -98, 213, -21, -218, 74, 95, -7, -73, 67, -29, 92, -48, -60, -41, 50, 58, -40, -22, 75, 102, -136, -117, 124, 135, -290, -109, 226, 128, -359, -207, 238, 47, -150, -17, 160, -2, -79, 360, 17, -571, 199, 597, -391, -768, 514, 833, -658, -890, 587, 845, -502, -745, 156, 554, 228, -221, -545, -56, 745, 241, -795, -613, 682, 630, -497, -599, 487, 343, -250, -274, 231, 114, -275, -89, 393, 142, -401, -329, 375, 534, -241, -593, -148, 578, 343, -527, -477, 294, 574, -52, -526, -105, 339, 140, -217, -264, -20, 66, 116, 112, -111, -224, -13, 148, -59, -111, 1, -15, 101, 39, 2, -114, -124, 130, 161, -151, -179
1791219845.766, MrmFullScanInfo, 460, 107, 2455185, 0, 0, 0, 0, 10000, 39297, 32, 2, 2, 1, 480, 0, 0, 0, 0, 0, 0, 10077, -14463, -19006, 29609, 22612, -31221, -24655, 17208, 28173, 3629, -30134, -21122, 25168, 31580, -12855, -36677, -919, 37106, 10119, -30814, -12993, 17247, 11050, 244, -6730, -16556, 3232, 27996, -3739, -33054, 8653, 32476, -15007, -29100, 18941, 26228, -18330, -25707, 13337, 26888, -5138, -27075, -4922, 23284, 15055, -14188, -22896, 1138, 26043, 12501, -23189, -23357, 15055, 29434, -4429, -30216, -5066, 26220, 10735, -18754, -11662, 9860, 8664, -1822, -3596, -3538, -1387, 5421, 4445, -4114, -4475, 789, 1422, 2832, 3691, -5041, -9163, 4821, 13344, -2255, -15146, -1601, 14185, 5311, -10729, -7623, 5700, 7860, -455, -6047, -3639, 2870, 5662, 565, -5433, -3098, 3557, 3965, -1143, -3080, -671, 1035, 1225, 1212, -530, -2730, -848, 3035, 2144, -2236, -2724, 884, 2358, 355, -1253, -975, -105, 818, 1209, -78, -1680, -848, 1421, 1568, -651, -1799, -215, 1476, 813, -762, -971, -26, 761, 610, -404, -842, 127, 763, -37, -539, 123, 353, -300, -268, 448, 259, -461, -254, 332, 185, -131, -16, -53, -204, 172, 373, -210, -412, 220, 321, -280, -164, 428, 57, -615, -80, 745, 249, -707, -498, 456, 736, -48, -845, -396, 748, 782, -462, -1026, 96, 1070, 234, -901, -441, 599, 490, -277, -394, 43, 222, 57, -49, -29, -47, -66, 33, 141, 85, -130, -245, 27, 376, 130, -421, -281, 363, 389, -215, -429, 39, 404, 106, -318, -189, 207, 216, -113, -201, 60, 171, -35, -150, 31, 155, -34, -172, 36, 189, -18, -191, -14, 185, 57, -176, -90, 165, 110, -130, -112, 71, 102, -13, -76, -14, 45, 21, -30, -14, 41, 3, -53, 12, 54, -26, -49, 43, 54, -63, -58, 81, 57, -83, -39, 70, 17, -43, -7, 19, 18, 0, -38, -7, 62, 18, -87, -30, 113, 44, -127, -52, 135, 57, -134, -54, 120, 58, -81, -79, 29, 117, 24, -141, -69, 144, 113, -130, -154, 110, 189, -71, -206, 11, 202, 62, -178, -134, 147, 197, -115, -244, 84, 285, -38, -318, -19, 349, 80, -362, -122, 336, 148, -239, -160, 83, 155, 87, -110, -213, 28, 258, 66, -214, -128, 105, 132, 34, -70, -168, -20, 276, 89, -326, -89, 317, 32, -272, 54, 230, -145, -202, 234, 193, -307, -200, 360, 201, -375, -162, 347, 87, -283, -3, 211, -59, -144, 91, 84, -79, -36, 33, 12, 24, -6, -62, 4, 75, 9, -78, -30, 96, 55, -135, -68, 193, 64, -253, -48, 301, 35, -315, -20, 287, 1, -219, 41, 135, -132, -24, 279, -136, -432, 347, 539, -567, -588, 748, 603, -848, -600, 839, 583, -690, -542, 401, 467, -10, -353, -389, 204, 706, -20, -873, -175, 892, 327, -795, -375, 630, 322, -446, -213, 311, 107, -265, -40, 305, 51, -376, -145, 411, 299, -347, -458, 177, 575, 51, -598, -266, 509, 421, -334, -479, 134, 435, 36, -303, -128, 132, 120, 27, -31, -125, -70, 154, 127, -120, -113, 49, 56, 17, 15, -31, -85, -7
1791219845.766, MrmFullScanInfo, 460, 107, 2455185, 0, 0, 0, 0, 10000, 39297, 32, 4, 2, 1, 480, 0, 0, 0, 0, 0, 0, -222, 81, 360, -75, -300, -110, 192, 294, -142, -269, 135, 92, -46, 51, -152, -28, 338, -182, -301, 447, 160, -585, -186, 534, 405, -339, -543, 99, 415, 104, -101, -202, -222, 220, 342, -194, -227, 127, 129, 10, -257, -180, 528, 266, -770, -55, 959, -511, -1294, 1244, 1998, -1980, -3064, 2656, 4122, -3137, -4727, 3175, 4735, -2636, -4268, 1668, 3641, -593, -3218, -220, 3306, 538, -4031, -279, 5290, -475, -6718, 1462, 7761, -2280, -7933, 2593, 7178, -2321, -5819, 1630, 4297, -730, -2919, -183, 1829, 979, -1026, -1570, 418, 1962, 74, -2211, -461, 2390, 709, -2505, -768, 2512, 667, -2372, -480, 2112, 290, -1776, -140, 1421, 56, -1090, -48, 831, 114, -646, -221, 503, 320, -364, -368, 233, 361, -144, -326, 125, 302, -154, -306, 177, 346, -134, -414, 14, 477, 161, -478, -338, 396, 467, -244, -506, 76, 442, 56, -278, -113, 64, 94, 132, -12, -248, -86, 267, 157, -201, -156, 86, 85, 45, 34, -163, -169, 246, 289, -268, -362, 229, 385, -153, -360, 76, 295, -5, -193, -56, 72, 107, 48, -131, -143, 118, 203, -63, -218, -9, 193, 81, -135, -129, 65, 141, 9, -100, -67, 18, 94, 83, -98, -170, 111, 211, -130, -190, 142, 134, -142, -80, 152, 58, -169, -60, 175, 82, -145, -107, 87, 118, -23, -91, -22, 29, 44, 40, -28, -74, -17, 60, 83, -9, -135, -49, 155, 113, -136, -165, 93, 190, -34, -163, -12, 97, 24, -18, 9, -36, -59, 53, 83, -31, -65, -9, 31, 56, 4, -90, -42, 112, 99, -114, -155, 98, 187, -58, -170, 0, 121, 60, -71, -89, 42, 84, -19, -62, 0, 49, 16, -43, -17, 43, 0, -39, 30, 31, -49, -17, 52, 5, -34, 0, 8, 11, 17, -29, -27, 46, 34, -54, -56, 58, 93, -45, -125, 10, 139, 45, -135, -96, 122, 118, -101, -106, 82, 85, -68, -67, 63, 64, -62, -80, 65, 109, -59, -123, 34, 111, 8, -71, -32, 14, 20, 55, 12, -113, -33, 140, 34, -134, -6, 100, -37, -46, 67, 4, -58, 9, 34, 2, -22, -12, 23, 22, -11, -27, -22, 22, 67, -6, -93, 0, 81, -8, -26, 22, -37, -30, 89, 37, -119, -39, 132, 39, -115, -35, 75, 40, -24, -50, -11, 55, 32, -41, -43, 16, 61, 4, -93, -12, 134, 20, -161, -29, 162, 45, -124, -70, 60, 108, -5, -129, -15, 102, 32, -29, -77, -46, 149, 92, -218, -95, 271, 73, -302, -30, 311, -23, -293, 76, 251, -104, -190, 102, 133, -71, -89, 42, 45, -30, 29, 30, -113, -16, 162, -4, -154, 18, 113, -17, -60, 3, 15, 16, 17, -21, -41, 7, 66, 17, -77, -37, 64, 58, -29, -77, -15, 90, 75, -82, -130, 50, 157, 5, -147, -65, 132, 123, -134, -159, 147, 162, -137, -136, 93, 116, -35, -100
1791219845.766, MrmDetectionListInfo, 460, 175, 56, 856, 57, 1187, 58, 1561, 59, 1955, 60, 2378, 61, 2826, 62, 3263, 63, 3630, 64, 3883, 65, 3996, 66, 3962, 67, 3788, 68, 3493, 69, 3108, 70, 2680, 71, 2261, 72, 1918, 73, 1719, 74, 1704, 75, 1858, 76, 2104, 77, 2355, 78, 2599, 79, 2916, 80, 3376, 81, 3955, 82, 4531, 83, 4968, 84, 5193, 85, 5210, 86, 5050, 87, 4737, 88, 4290, 89, 3744, 90, 3149, 91, 2550, 92, 1991, 93, 1521, 94, 1203, 95, 1083, 96, 1120, 97, 1184, 98, 1175, 99, 1108, 100, 1065, 101, 1108, 102, 1238, 103, 1408, 104, 1548, 105, 1622, 106, 1641, 107, 1632, 108, 1603, 109, 1544, 110, 1449, 111, 1330, 112, 1203, 113, 1076, 114, 952, 115, 832, 116, 720, 117, 621, 118, 541, 119, 481, 120, 439, 121, 413, 122, 399, 123, 392, 124, 384, 125, 371, 126, 351, 127, 323, 128, 292, 129, 262, 130, 238, 131, 222, 132, 217, 133, 220, 134, 229, 135, 241, 136, 251, 137, 256, 138, 254, 139, 247, 140, 246, 141, 272, 142, 323, 143, 377, 144, 407, 145, 406, 146, 387, 147, 357, 148, 319, 149, 274, 150, 231, 151, 196, 152, 165, 153, 130, 158, 152, 159, 183, 160, 200, 161, 198, 162, 177, 163, 140, 168, 131, 169, 203, 170, 261, 171, 292, 172, 303, 173, 305, 174, 300, 175, 285, 176, 259, 177, 226, 178, 190, 179, 154, 180, 121, 187, 137, 188, 153, 189, 152, 190, 137, 191, 120, 194, 119, 195, 123, 196, 116, 206, 145, 207, 161, 208, 167, 209, 167, 210, 161, 211, 150, 214, 110, 215, 107, 216, 109, 217, 114, 218, 119, 219, 123, 220, 123, 221, 119, 240, 136, 241, 141, 242, 140, 243, 133, 244, 122, 265, 113, 266, 125, 267, 133, 268, 136, 269, 130, 314, 116, 315, 118, 316, 113, 317, 105, 414, 148, 415, 166, 416, 175, 417, 179, 418, 180, 419, 177, 420, 171, 421, 165, 422, 164, 423, 168, 424, 173, 425, 172, 426, 161, 427, 144, 472, 134, 473, 143, 474, 150, 475, 154, 476, 152, 477, 141, 478, 123, 479, 102
1791219845.891, MrmFullScanInfo, 461, 107, 2455310, 0, 0, 0, 0, 10000, 39297, 32, 1, 2, 1, 480, -20141, 32018, 24511, -31163, -29773, 29379, 32456, -21002, -32512, -1933, 32476, 28354, -29340, -32168, 11931, 32511, 7800, -32467, -19833, 32061, 22760, -27953, -18147, 6566, 15252, 11142, 1035, -14614, -10237, 26813, 8145, -28876, 1687, 32109, -9810, -31583, 11363, 31759, -8947, -32353, 4309, 32281, 5733, -28333, -15242, 19499, 23755, -3877, -27586, -11664, 22919, 23301, -14186, -30114, 3252, 28612, 5156, -23513, -10892, 15151, 11036, -5462, -7914, -3273, 2667, 8685, 2075, -10420, -5226, 9336, 5590, -6349, -3103, 2563, -1455, 100, 6776, -402, -11446, -900, 12525, 4517, -12137, -7009, 9084, 8145, -4215, -7434, -1218, 4680, 5757, -1003, -7585, -2649, 7624, 4958, -5980, -5959, 3266, 4254, -1221, -2169, 613, -213, -1365, 1945, 2559, -2057, -3299, 1292, 3325, -157, -2545, -723, 843, 1021, 649, -773, -1785, -218, 2186, 1001, -1909, -1492, 1106, 1581, -361, -1131, -256, 426, 191, 223, -137, -350, -26, 335, 129, -287, 113, 251, -386, -228, 605, 488, -539, -653, 510, 749, -240, -560, -55, 198, 89, 113, -12, -511, -167, 307, 207, -368, -326, 167, 10, -98, 239, 141, -502, -343, 385, 701, -183, -893, -287, 779, 735, -562, -781, 236, 1028, 291, -929, -564, 624, 782, -412, -755, 24, 452, 4, -238, -84, 4, -48, 26, 253, 9, -325, -155, 310, 464, -85, -510, -193, 504, 299, -396, -562, 425, 562, -188, -445, 43, 334, 32, -218, 14, 171, 87, -203, 2, 73, 58, -18, -10, 67, 178, 40, -306, -55, 227, 156, -171, -226, 251, 227, -52, -343, -107, 353, 60, -35, -203, -57, 81, 22, -80, -107, 2, 97, 49, -29, -30, -28, 6, 46, 99, 36, -63, 39, 144, 120, -197, -229, 111, 238, -71, -213, -14, 82, 17, -127, -74, 24, 48, 71, -56, -22, -43, 61, 32, 28, -35, 38, -26, -16, 54, -10, -34, 20, 59, 114, -17, -170, -59, 38, 46, -30, -49, 17, -52, -23, -65, -24, -40, 154, -1, 45, -136, -34, 172, 47, -213, -126, 111, 140, -78, -196, 13, 141, 24, -204, 7, 155, 31, -73, -60, 64, 101, 15, -85, -57, 42, 206, 52, -9, -93, 48, 22, 51, -149, -23, 194, 39, -180, -73, 254, -118, -343, -32, 317, -203, -341, 152, 303, -203, -357, 187, 455, -221, -282, 44, 202, -65, -74, -14, 120, 19, -36, -64, -83, 26, -6, -13, -56, 2, 72, -17, 26, -15, -18, -19, 60, 83, -161, -103, 331, 132, -357, -174, 169, 227, -251, -265, 297, 186, -163, -131, 110, 12, -118, 237, -104, -362, 265, 387, -466, -521, 585, 677, -736, -693, 749, 683, -611, -524, 414, 487, -91, -328, -181, 67, 474, 42, -461, -279, 500, 286, -394, -405, 273, 225, -258, -162, 24, -14, -150, 199, 327, -107, -357, -40, 374, 242, -218, -351, -39, 346, 159, -265, -409, 206, 463, 5, -568, -111, 349, 118, -316, -31, 206, -137, -160, 246, 79, -323, -196, 286, 203, -161, -207, 49, 146, 131, -117, -232, -74, 245, 60, -285, -202
1791219845.891, MrmFullScanInfo, 461, 107, 2455310, 0, 0, 0, 0, 10000, 39297, 32, 2, 2, 1, 480, 0, 0, 0, 0, 0, 0, 10179, -14460, -19231, 29663, 22842, -31337, -24774, 17310, 28279, 3575, -30491, -21034, 25844, 31343, -13519, -36392, -746, 37087, 10570, -31281, -13773, 18082, 11791, -605, -7305, -15980, 3743, 27753, -4337, -32994, 9317, 32371, -15521, -28899, 19203, 26078, -18502, -25708, 13594, 26939, -5503, -27023, -4517, 23149, 14744, -14285, -22811, 1798, 26318, 11271, -24159, -21621, 17246, 26918, -8052, -26397, -457, 20775, 6047, -11809, -7925, 1949, 6711, 6294, -3795, -11130, 751, 11996, 1113, -9492, -1025, 5068, -1108, -500, 4662, -2601, -8495, 3311, 11400, -1712, -12464, -1183, 11213, 4010, -7691, -5687, 2665, 5711, 2545, -4165, -6564, 1625, 8513, 1030, -8248, -2896, 6333, 3413, -3802, -2543, 1735, 768, -753, 1133, 839, -2391, -1506, 2609, 2120, -1895, -2180, 712, 1523, 383, -348, -960, -916, 884, 1852, -314, -2192, -405, 1918, 941, -1245, -1077, 498, 811, 67, -329, -335, -113, 358, 368, -279, -415, 259, 336, -348, -242, 498, 233, -615, -314, 628, 406, -503, -405, 283, 265, -60, -17, -74, -234, 92, 394, -27, -417, -23, 335, -21, -205, 171, 127, -341, -183, 428, 382, -350, -628, 108, 797, 231, -787, -573, 579, 838, -227, -962, -153, 915, 452, -715, -584, 440, 536, -176, -361, 15, 155, 8, 2, 85, -51, -212, -24, 283, 197, -245, -385, 104, 524, 95, -580, -282, 549, 396, -431, -412, 267, 360, -112, -282, 13, 214, 26, -155, -24, 101, 24, -55, -58, 31, 133, -21, -211, 6, 259, 38, -266, -106, 236, 191, -168, -260, 81, 268, 9, -193, -85, 84, 130, 11, -121, -68, 76, 87, -20, -66, -12, 26, 11, 12, 22, -30, -73, 16, 131, 35, -177, -105, 192, 158, -161, -170, 98, 151, -24, -108, -32, 58, 61, -5, -56, -29, 28, 44, 4, -41, -13, 30, 0, -9, 26, -7, -41, -2, 46, 44, -37, -83, 19, 94, 1, -72, -13, 40, 15, -1, -13, -34, 8, 53, 21, -42, -81, 19, 152, 7, -190, -38, 184, 84, -140, -131, 91, 169, -54, -179, 33, 159, -8, -115, -25, 67, 64, -13, -81, -39, 69, 82, -29, -89, -20, 65, 76, -31, -131, 12, 184, -17, -223, 51, 255, -102, -276, 167, 282, -226, -269, 271, 262, -293, -268, 299, 272, -272, -241, 208, 183, -116, -124, 33, 79, 25, -39, -51, 4, 54, 25, -41, -40, 28, 39, -14, -15, 8, -24, -11, 89, 24, -183, -31, 280, 37, -330, -58, 333, 101, -317, -131, 295, 123, -246, -62, 162, -43, -29, 168, -153, -264, 368, 318, -573, -348, 749, 376, -867, -389, 895, 378, -797, -351, 577, 321, -268, -280, -60, 216, 340, -120, -515, 3, 572, 111, -534, -180, 432, 182, -297, -111, 180, -2, -129, 114, 161, -160, -236, 107, 292, 30, -272, -190, 164, 314, 12, -362, -211, 332, 382, -240, -471, 133, 465, -59, -376, 59, 248, -123, -119, 217, 34, -285, -16, 298, 54, -240, -107, 125, 143, 21, -138, -158, 94
1791219845.891, MrmFullScanInfo, 461, 107, 2455310, 0, 0, 0, 0, 10000, 39297, 32, 4, 2, 1, 480, 0, 0, 0, 0, 0, 0, 15, 43, -88, 11, 118, -155, -44, 226, 48, -168, -306, 127, 673, -217, -741, 276, 315, -97, 336, -265, -726, 556, 671, -577, -403, 386, 271, -168, -398, 91, 594, -193, -600, 307, 442, -253, -352, 80, 429, 36, -592, -33, 716, 39, -664, -234, 449, 584, -165, -832, -280, 989, 1064, -1432, -2013, 2484, 2680, -4066, -2696, 5806, 1909, -7225, -386, 7936, -1560, -7792, 3489, 6916, -4934, -5587, 5542, 4135, -5207, -2749, 4099, 1514, -2564, -478, 1005, -339, 287, 978, -1228, -1467, 1909, 1726, -2407, -1638, 2741, 1176, -2924, -432, 3032, -405, -3115, 1122, 3132, -1517, -3003, 1524, 2692, -1219, -2184, 784, 1507, -390, -742, 147, 31, -80, 497, 131, -773, -195, 813, 184, -688, -56, 506, -156, -376, 395, 374, -588, -480, 679, 603, -619, -624, 407, 492, -102, -234, -168, -50, 297, 282, -256, -411, 113, 415, 46, -305, -156, 142, 180, 0, -109, -70, -9, 60, 99, 20, -108, -130, 57, 216, 9, -237, -50, 201, 66, -148, -53, 131, 11, -160, 51, 206, -85, -217, 54, 189, 31, -136, -116, 69, 171, 9, -192, -74, 185, 101, -143, -86, 79, 53, -20, -7, -5, -42, 6, 86, 8, -106, -27, 98, 47, -61, -58, 14, 72, 33, -101, -64, 149, 70, -186, -47, 198, 21, -183, -15, 162, 35, -147, -44, 145, 29, -139, -2, 113, -7, -55, 0, -11, 10, 66, -2, -96, -23, 100, 72, -63, -121, -3, 131, 70, -75, -112, -16, 129, 96, -114, -137, 74, 146, -20, -125, -13, 84, 14, -33, 20, 0, -78, 2, 154, 31, -219, -82, 249, 123, -226, -133, 162, 125, -77, -106, 4, 85, 40, -64, -50, 64, 39, -77, -20, 89, 22, -95, -44, 107, 74, -108, -96, 68, 124, 15, -147, -97, 147, 148, -120, -166, 93, 167, -70, -147, 42, 116, -3, -88, -16, 79, 9, -78, 9, 81, 5, -87, -62, 94, 148, -84, -229, 64, 274, -32, -255, -9, 175, 56, -59, -81, -55, 82, 138, -59, -164, 22, 134, 23, -61, -50, -17, 34, 80, 19, -110, -79, 105, 115, -59, -118, 0, 101, 44, -68, -54, 31, 53, 5, -55, -33, 68, 63, -82, -103, 97, 155, -116, -195, 129, 208, -114, -186, 64, 145, 14, -99, -87, 61, 127, -22, -119, -14, 84, 43, -27, -58, -41, 71, 91, -74, -84, 53, 43, -7, -17, -38, 32, 67, -63, -76, 79, 87, -63, -121, 27, 189, 12, -263, -34, 312, 53, -326, -73, 330, 100, -336, -129, 324, 171, -269, -227, 177, 284, -66, -318, -45, 325, 143, -301, -198, 253, 206, -190, -185, 146, 169, -134, -174, 147, 205, -154, -239, 147, 261, -118, -260, 70, 248, -13, -228, -26, 199, 34, -146, -9, 80, -27, -8, 67, -62, -102, 130, 126, -174, -126, 182, 114, -154, -100, 114, 92, -68, -78, 18, 64, 35, -58, -76, 65
1791219845.891, MrmDetectionListInfo, 461, 187, 59, 656, 60, 883, 61, 1216, 62, 1634, 63, 2105, 64, 2604, 65, 3101, 66, 3555, 67, 3922, 68, 4164, 69, 4254, 70, 4213, 71, 4173, 72, 4338, 73, 4760, 74, 5258, 75, 5589, 76, 5668, 77, 5564, 78, 5366, 79, 5081, 80, 4677, 81, 4149, 82, 3534, 83, 2880, 84, 2216, 85, 1563, 86, 977, 87, 553, 88, 382, 89, 500, 90, 859, 91, 1310, 92, 1679, 93, 1887, 94, 1988, 95, 2058, 96, 2107, 97, 2093, 98, 1991, 99, 1836, 100, 1703, 101, 1668, 102, 1763, 103, 1954, 104, 2159, 105, 2295, 106, 2324, 107, 2263, 108, 2144, 109, 1982, 110, 1771, 111, 1516, 112, 1232, 113, 945, 114, 669, 115, 415, 119, 270, 120, 447, 121, 532, 122, 523, 123, 480, 124, 442, 125, 396, 126, 335, 127, 286, 128, 283, 129, 329, 130, 398, 131, 465, 132, 523, 133, 575, 134, 617, 135, 635, 136, 615, 137, 555, 138, 458, 139, 338, 140, 221, 143, 162, 144, 226, 145, 290, 146, 321, 147, 307, 148, 265, 149, 223, 150, 199, 151, 189, 152, 180, 153, 156, 164, 122, 167, 128, 168, 132, 177, 142, 178, 154, 179, 147, 180, 128, 184, 107, 185, 111, 189, 128, 190, 142, 191, 138, 214, 114, 215, 121, 216, 123, 217, 121, 218, 114, 219, 105, 220, 97, 252, 123, 267, 119, 268, 144, 269, 166, 270, 180, 271, 184, 272, 177, 273, 161, 274, 139, 299, 122, 300, 143, 301, 148, 302, 141, 303, 132, 304, 126, 323, 144, 324, 155, 325, 160, 326, 159, 327, 149, 328, 132, 368, 118, 369, 135, 370, 151, 371, 162, 372, 167, 373, 165, 374, 153, 375, 133, 376, 108, 410, 125, 411, 147, 412, 168, 413, 183, 414, 192, 415, 197, 416, 202, 417, 210, 418, 219, 419, 227, 420, 233, 421, 236, 422, 236, 423, 232, 424, 224, 425, 212, 426, 198, 427, 186, 428, 181, 429, 188, 430, 208, 431, 230, 432, 244, 433, 241, 434, 226, 435, 206, 436, 188, 437, 171, 438, 158, 439, 151, 440, 151, 441, 159, 442, 170, 443, 181, 444, 191, 445, 197, 446, 199, 447, 196, 448, 187, 449, 174, 450, 157, 451, 139, 465, 132, 466, 146, 467, 152, 468, 154, 469, 149, 470, 140
1791219846.016, MrmFullScanInfo, 462, 107, 2455435, 0, 0, 0, 0, 10000, 39297, 32, 1, 2, 1, 480, -19973, 32115, 24618, -31662, -29437, 30058, 32445, -21190, -32512, -2607, 32456, 27219, -29024, -32420, 10804, 32428, 7892, -32471, -20343, 32216, 21505, -27232, -17328, 5963, 15132, 10679, -243, -14393, -10807, 27520, 8964, -28929, 427, 31937, -9793, -31793, 10611, 32143, -8045, -32376, 2498, 32162, 4249, -28272, -15837, 19624, 24185, -4720, -27707, -10960, 24404, 21316, -16578, -27309, 4852, 25649, 4502, -19208, -9147, 11423, 11319, -3025, -8422, -3555, 2879, 5277, 1607, -4544, -5058, 1699, 5578, 1950, -3017, -5344, -1565, 6848, 6876, -5045, -11013, 1450, 11194, 3515, -10089, -6905, 6859, 8709, -1580, -7894, -3382, 4799, 6987, -1064, -8142, -3120, 7241, 5585, -4530, -6237, 1621, 4568, 689, -2180, -1194, -21, 149, 1438, 1123, -1639, -2022, 570, 2082, 535, -1112, -1172, -312, 1403, 1527, -719, -2179, -224, 2112, 1044, -1610, -1384, 520, 1325, 223, -784, -554, -2, 379, 428, -191, -542, -166, 308, 224, -104, 309, -123, -917, 109, 1260, 366, -1203, -775, 951, 825, -322, -664, -203, 260, 361, 299, -314, -649, 35, 745, 320, -456, -486, 223, 420, 1, -47, -305, -189, 272, 394, -13, -315, -188, 80, 268, 360, -310, -572, 77, 749, 260, -738, -436, 595, 552, -283, -537, 51, 464, 80, -227, -114, 154, 256, -114, -145, 27, 174, -120, -291, 296, 330, -404, -426, 358, 559, -400, -629, 249, 478, -139, -359, 128, 132, 3, -219, -31, 120, 127, -97, -133, -11, 252, 146, -246, -163, 289, 298, -326, -261, 312, 355, -140, -429, 169, 426, 50, -361, -132, 329, 56, -143, -191, 136, 197, -47, -155, 40, 86, 63, -34, -12, 37, -63, -57, -17, 85, -61, -52, 2, 85, -3, -162, -150, 193, 13, -74, 21, -48, -37, 31, 90, -25, -102, -78, 96, 83, -177, -62, 202, 91, -89, -98, 109, 117, 4, -132, 16, 99, 65, -101, -99, 168, 44, 2, -119, 82, 233, -24, -192, -119, 121, 136, -119, -198, 141, 254, 91, -153, -52, 127, 98, -72, -145, 56, 119, -84, -111, -27, 61, 18, -38, -9, 59, 24, 7, -60, -76, 122, 39, -101, -118, 57, 182, -76, -56, -21, 51, 51, -93, -125, 79, 189, -17, -157, 69, 187, -34, -224, 110, 241, -178, -261, 140, 309, -139, -304, 141, 317, -166, -316, 138, 207, -204, -177, 182, 199, -123, -100, 203, 158, -41, -135, 38, 116, 4, -83, -82, 104, 98, -85, -166, 14, 199, -75, -88, 209, 206, -113, -164, 67, 158, -106, -258, 66, 137, -34, -54, -32, -114, 10, 358, -92, -549, 111, 740, -263, -1036, 422, 1204, -433, -1467, 467, 1533, -363, -1550, -128, 1425, 382, -997, -746, 518, 931, -117, -978, -336, 905, 717, -726, -770, 409, 677, -211, -530, 181, 243, -198, -125, 380, 165, -593, -265, 421, 507, -384, -570, -27, 532, 317, -317, -599, 151, 604, 153, -386, -417, 270, 503, -83, -371, -173, 141, 209, 102, -175, -291, 36, 422, 164, -399, -291, 264, 241, -130, -227, -38, 113, 154, -55, -122, -141
1791219846.016, MrmFullScanInfo, 462, 107, 2455435, 0, 0, 0, 0, 10000, 39297, 32, 2, 2, 1, 480, 0, 0, 0, 0, 0, 0, 10141, -14618, -19089, 29925, 22627, -31557, -24581, 17457, 28066, 3467, -30129, -21008, 25329, 31467, -13087, -36548, -796, 37010, 10195, -30842, -13323, 17529, 11649, -307, -7413, -15993, 3701, 27760, -3905, -33201, 8636, 32758, -14827, -29355, 18517, 26519, -17803, -26073, 13035, 27154, -5215, -27111, -4617, 23313, 14882, -14819, -23192, 3007, 27061, 9154, -25081, -18566, 17951, 23172, -8228, -22419, -901, 17245, 6957, -9634, -8864, 1999, 7043, 3557, -3039, -5887, -1165, 4996, 3843, -1739, -3996, -2443, 1598, 5904, 2451, -7261, -6708, 5953, 9802, -2494, -10823, -1766, 9419, 5322, -5816, -7116, 934, 6786, 3850, -4620, -7219, 1416, 8408, 1754, -7414, -3879, 4937, 4415, -2101, -3452, -3, 1596, 816, 317, -472, -1528, -412, 1685, 1144, -947, -1244, -160, 646, 1061, 366, -1358, -1356, 1002, 1952, -249, -1957, -520, 1435, 990, -660, -1003, -33, 627, 437, -102, -503, -301, 361, 438, -234, -303, 311, 29, -589, 181, 923, -169, -1126, -45, 1075, 313, -754, -455, 288, 374, 139, -83, -372, -278, 358, 545, -149, -616, -101, 488, 242, -218, -205, -75, 48, 258, 124, -248, -202, 79, 128, 149, 83, -307, -355, 311, 601, -159, -741, -67, 730, 282, -573, -417, 340, 445, -108, -380, -68, 277, 172, -183, -208, 143, 214, -182, -217, 292, 235, -418, -277, 507, 341, -524, -390, 468, 383, -352, -315, 211, 232, -75, -170, -24, 138, 94, -102, -149, 49, 213, 22, -282, -89, 346, 144, -380, -189, 371, 246, -318, -309, 237, 361, -139, -372, 48, 335, 32, -260, -99, 181, 145, -114, -147, 59, 116, -15, -74, -2, 47, -4, -38, 26, 44, -41, -56, 39, 88, -15, -131, 0, 150, -5, -109, 26, 30, -39, 35, 54, -48, -78, 20, 123, 14, -167, -29, 188, 36, -166, -51, 120, 80, -69, -106, 25, 126, 11, -134, -34, 127, 60, -106, -100, 82, 148, -49, -177, -3, 185, 76, -172, -141, 138, 182, -77, -187, 5, 166, 60, -134, -101, 108, 114, -78, -99, 43, 76, -8, -55, -13, 35, 35, -8, -64, -16, 98, 42, -118, -67, 117, 84, -89, -84, 38, 83, 29, -91, -91, 104, 137, -110, -160, 115, 175, -128, -185, 162, 196, -201, -205, 230, 221, -241, -238, 245, 245, -246, -225, 246, 184, -237, -134, 220, 99, -195, -81, 164, 83, -122, -93, 74, 105, -22, -111, -28, 114, 80, -112, -119, 119, 139, -140, -132, 166, 118, -171, -116, 158, 134, -139, -144, 117, 120, -75, -36, 8, -103, 86, 285, -203, -480, 350, 675, -518, -858, 692, 1029, -828, -1175, 871, 1289, -763, -1342, 493, 1303, -100, -1137, -326, 851, 702, -480, -952, 83, 1044, 266, -972, -492, 777, 563, -538, -487, 350, 324, -273, -153, 317, 59, -417, -78, 483, 201, -435, -353, 248, 460, 39, -469, -320, 359, 496, -138, -528, -124, 445, 322, -278, -372, 73, 271, 109, -70, -205, -153, 189, 335, -84, -421, -45, 394, 145, -267, -187, 98, 172
1791219846.016, MrmFullScanInfo, 462, 107, 2455435, 0, 0, 0, 0, 10000, 39297, 32, 4, 2, 1, 480, 0, 0, 0, 0, 0, 0, -17, -143, 81, 269, -144, -272, 159, 219, -184, -158, 232, 69, -243, 36, 148, -45, 50, -105, -214, 313, 144, -310, 138, 59, -288, 136, 89, -44, 260, -187, -450, 324, 477, -341, -529, 344, 556, -331, -362, 219, 29, -86, 184, 171, -92, -644, -265, 1496, 776, -2537, -1182, 3564, 1340, -4454, -1239, 5123, 900, -5307, -418, 4628, 31, -2935, 21, 498, 252, 2093, -634, -4211, 900, 5486, -958, -5796, 899, 5204, -900, -3915, 1104, 2295, -1511, -771, 2024, -310, -2502, 803, 2816, -770, -2842, 405, 2529, 73, -1929, -472, 1186, 675, -458, -658, -125, 524, 502, -422, -672, 451, 705, -596, -710, 787, 790, -933, -955, 975, 1131, -876, -1190, 652, 1056, -369, -738, 133, 327, -24, 62, 62, -315, -201, 378, 363, -274, -450, 99, 406, 57, -232, -123, -8, 58, 259, 139, -448, -392, 510, 591, -418, -641, 225, 514, -20, -257, -107, -25, 126, 235, -47, -304, -72, 226, 170, -39, -199, -178, 143, 360, 2, -458, -214, 467, 440, -391, -608, 250, 674, -80, -628, -64, 497, 163, -319, -213, 144, 233, 3, -226, -91, 197, 110, -146, -63, 100, -19, -91, 111, 147, -177, -254, 198, 379, -175, -456, 126, 450, -69, -369, 24, 253, 7, -126, -16, 7, 3, 87, 25, -130, -40, 116, 33, -69, 2, 38, -61, -40, 132, 73, -181, -119, 196, 164, -177, -194, 140, 213, -89, -219, 36, 204, 11, -163, -44, 119, 60, -91, -63, 86, 66, -86, -66, 76, 64, -50, -58, 20, 56, -2, -48, 2, 36, -9, -23, 18, 28, -28, -49, 61, 62, -104, -38, 136, -7, -136, 36, 118, -19, -101, -20, 102, 47, -112, -37, 113, 20, -87, -24, 49, 59, -12, -99, -15, 129, 45, -129, -74, 105, 105, -65, -134, 31, 154, 3, -150, -50, 124, 109, -84, -151, 42, 152, 5, -97, -51, 11, 91, 64, -102, -104, 72, 124, -5, -140, -61, 157, 106, -152, -122, 120, 125, -68, -113, 16, 88, 18, -49, -20, 9, 0, 17, 27, -3, -46, -45, 67, 103, -88, -128, 105, 113, -105, -74, 92, 36, -69, -3, 42, -27, -18, 56, 8, -69, 0, 56, -16, -5, 41, -57, -59, 111, 75, -141, -89, 147, 106, -126, -113, 84, 110, -32, -98, -18, 82, 65, -54, -91, 19, 92, 25, -73, -75, 55, 124, -43, -157, 39, 172, -38, -166, 32, 149, -7, -128, -24, 99, 67, -45, -138, -10, 253, 42, -390, -38, 532, 13, -667, 13, 792, -15, -877, -16, 891, 76, -799, -149, 618, 230, -383, -304, 140, 349, 75, -334, -232, 267, 315, -181, -317, 116, 265, -86, -191, 94, 126, -120, -81, 142, 65, -131, -59, 77, 50, 17, -21, -94, -34, 108, 136, -63, -260, 2, 354, 64, -371, -129, 316, 181, -205, -195, 61, 164, 92, -96, -218, 25, 287, 33, -282, -78, 231, 111
1791219846.016, MrmDetectionListInfo, 462, 210, 55, 727, 56, 1096, 57, 1512, 58, 1903, 59, 2237, 60, 2517, 61, 2753, 62, 2941, 63, 3065, 64, 3111, 65, 3066, 66, 2917, 67, 2656, 68, 2281, 69, 1811, 70, 1276, 71, 748, 72, 428, 73, 587, 74, 1259, 75, 2116, 76, 2773, 77, 3110, 78, 3251, 79, 3328, 80, 3342, 81, 3229, 82, 2982, 83, 2659, 84, 2325, 85, 2006, 86, 1703, 87, 1433, 88, 1246, 89, 1201, 90, 1316, 91, 1540, 92, 1763, 93, 1875, 94, 1833, 95, 1683, 96, 1494, 97, 1307, 98, 1142, 99, 1024, 100, 947, 101, 860, 102, 720, 103, 546, 104, 404, 106, 389, 107, 478, 108, 551, 109, 579, 110, 585, 111, 609, 112, 661, 113, 725, 114, 789, 115, 851, 116, 915, 117, 976, 118, 1022, 119, 1038, 120, 1017, 121, 960, 122, 866, 123, 742, 124, 596, 125, 440, 126, 290, 131, 219, 132, 317, 133, 362, 134, 357, 135, 331, 136, 302, 137, 266, 138, 222, 139, 179, 145, 281, 146, 392, 147, 471, 148, 517, 149, 534, 150, 519, 151, 469, 152, 386, 153, 286, 154, 190, 158, 115, 159, 152, 160, 182, 161, 187, 162, 175, 163, 159, 164, 144, 166, 140, 167, 172, 168, 211, 169, 232, 170, 241, 171, 272, 172, 340, 173, 417, 174, 464, 175, 472, 176, 459, 177, 438, 178, 408, 179, 369, 180, 331, 181, 305, 182, 291, 183, 277, 184, 252, 185, 213, 186, 172, 187, 138, 189, 124, 190, 143, 191, 156, 192, 145, 198, 116, 199, 161, 200, 202, 201, 236, 202, 265, 203, 289, 204, 303, 205, 304, 206, 290, 207, 265, 208, 232, 209, 195, 210, 157, 229, 125, 230, 143, 231, 160, 232, 172, 233, 179, 234, 180, 235, 176, 236, 170, 237, 161, 238, 150, 239, 136, 326, 128, 327, 138, 328, 136, 329, 127, 330, 117, 375, 122, 376, 122, 377, 116, 378, 106, 398, 105, 411, 147, 412, 190, 413, 231, 414, 264, 415, 290, 416, 316, 417, 347, 418, 381, 419, 412, 420, 436, 421, 451, 422, 460, 423, 464, 424, 462, 425, 451, 426, 427, 427, 393, 428, 353, 429, 311, 430, 268, 431, 231, 432, 210, 433, 213, 434, 237, 435, 268, 436, 282, 437, 272, 438, 247, 439, 219, 440, 196, 441, 174, 442, 152, 443, 133, 446, 109, 447, 107, 448, 104, 460, 134, 461, 150, 462, 169, 463, 192, 464, 219, 465, 239, 466, 245, 467, 235, 468, 215, 469, 188, 470, 155, 474, 125, 475, 143, 476, 152, 477, 155, 478, 161, 479, 167
1791219846.141, MrmFullScanInfo, 463, 107, 2455560, 0, 0, 0, 0, 10000, 39297, 32, 1, 2, 1, 480, -20237, 31920, 25254, -31173, -30020, 28914, 32366, -20693, -32512, -2317, 32479, 28102, -29152, -32295, 11361, 32043, 8128, -32477, -21105, 32208, 21844, -27596, -17104, 5448, 15468, 10567, -332, -14594, -10364, 26837, 7613, -28831, 1407, 31825, -9399, -31523, 11147, 32182, -9037, -32128, 4077, 32319, 5132, -28193, -17291, 18741, 25074, -2990, -28129, -12837, 24152, 24825, -16606, -30949, 6606, 29833, 4064, -27915, -9065, 22874, 11575, -16465, -8243, 10645, 3851, -6381, 1261, 4161, -5768, -4061, 7830, 4641, -6206, -5865, 2345, 5035, 2947, -2150, -8145, -2275, 10879, 7252, -11531, -10873, 9546, 12622, -5870, -11657, 989, 8407, 2847, -3463, -4579, -1595, 3912, 5166, -1607, -7044, -1024, 6070, 2622, -3824, -2519, 1296, 915, 633, 1491, -864, -3047, -35, 3582, 960, -2865, -1812, 977, 1939, 880, -999, -2152, -478, 2497, 1776, -2026, -2602, 976, 2547, 100, -1880, -688, 1052, 617, -81, -169, -130, -213, 16, 456, 181, -48, -464, -643, 459, 1170, -22, -1407, -435, 1283, 838, -936, -850, 266, 675, 36, -170, -223, -407, 201, 678, 200, -685, -555, 516, 440, -282, -225, 25, 17, -110, 191, 246, -196, -420, 2, 534, 315, -491, -397, 254, 613, 128, -726, -333, 639, 656, -335, -710, 149, 667, 27, -515, -73, 279, 117, -210, 7, 65, -134, -168, 48, 151, -15, -253, -31, 221, 149, -216, -187, 109, 200, -34, -109, -92, 106, 134, -68, -7, -17, 50, 30, -83, 66, -11, -38, -27, -10, -13, -112, 55, 106, 41, -11, -49, -50, 37, 51, 33, -166, -91, 156, 55, -82, -211, 90, 201, 31, -153, -32, 90, 158, -33, -99, 40, 65, -121, -154, 62, 151, -86, -223, 113, 158, -34, -260, -7, 258, 154, -191, -206, 49, 178, 15, -41, -55, 46, 167, 73, -140, -120, 129, 52, -11, -90, 29, 90, -52, -10, 124, -8, -64, -28, 63, -29, -81, -99, 4, -24, -21, 44, -57, -3, 94, -61, -168, -43, 115, -4, -84, 48, 22, -32, 40, 24, -71, -5, 229, 91, -162, -66, 96, 176, -120, -206, 120, 70, -4, -120, -52, 91, 67, -60, -128, -31, 152, 49, -179, -76, 39, 161, -94, -81, 11, 195, -37, -225, -36, 319, -87, -441, 71, 382, -95, -389, 123, 409, 7, -334, 151, 349, -102, -361, 180, 226, -157, -303, 8, 174, -125, -232, 79, 258, -78, -162, -73, 137, 168, -47, -191, -154, 138, 120, -191, -172, 145, 145, -251, -71, 100, -24, -243, 97, 193, -79, -158, 116, 126, -186, 25, 115, -192, -120, 211, 108, -321, 97, 412, -223, -452, 352, 420, -499, -444, 499, 503, -456, -402, 215, 417, 123, -290, -372, 133, 477, -12, -475, -224, 431, 291, -468, -265, 247, 289, -81, -240, 134, 33, -102, 51, 257, 32, -293, -217, 327, 313, -170, -399, 24, 406, 251, -234, -300, 59, 321, 42, -252, -145, 200, 219, -36, -238, -116, 66, 115, 87, -112, -212, -25, 190, 46, -149, 2, 63, 39, 47, 72, -94, -179, 176, 290, -160, -363
1791219846.157, MrmFullScanInfo, 463, 107, 2455560, 0, 0, 0, 0, 10000, 39297, 32, 2, 2, 1, 480, 0, 0, 0, 0, 0, 0, 10307, -14424, -19467, 29534, 23075, -31118, -24929, 17088, 28294, 3705, -30304, -21055, 25406, 31345, -12932, -36454, -1157, 37078, 10554, -30989, -13541, 17599, 11789, -304, -7656, -15898, 4189, 27432, -4576, -32677, 9244, 32240, -15245, -28996, 18939, 26285, -18403, -25845, 13552, 26899, -5172, -26833, -5385, 22871, 16058, -13876, -24364, 1205, 28200, 11926, -26495, -22316, 19874, 28277, -10672, -29678, 2115, 27167, 3259, -21722, -4630, 14788, 2731, -8101, 911, 3148, -4645, -671, 7019, 526, -7059, -1769, 4520, 3047, 52, -3143, -5466, 1531, 10245, 1488, -13084, -4977, 13235, 7800, -10680, -9039, 6214, 8257, -1225, -5593, -2780, 1741, 4792, 2231, -4633, -5178, 2954, 6311, -849, -5498, -617, 3338, 870, -860, 11, -939, -1417, 1547, 2559, -1052, -2823, -17, 2053, 991, -562, -1330, -1058, 872, 2243, 138, -2645, -1222, 2252, 1938, -1354, -2052, 403, 1611, 233, -881, -413, 214, 257, 143, -36, -134, 14, -115, -273, 379, 704, -443, -1103, 251, 1293, 90, -1182, -391, 819, 492, -345, -328, -61, -20, 263, 394, -214, -644, 23, 693, 144, -550, -181, 324, 93, -151, 50, 120, -146, -223, 132, 380, -2, -468, -203, 415, 442, -220, -640, -46, 721, 316, -651, -518, 477, 604, -270, -559, 98, 425, -2, -263, -7, 137, -30, -80, 68, 99, -72, -158, 42, 216, 18, -233, -80, 196, 126, -110, -142, 13, 137, 51, -102, -71, 56, 68, -22, -51, 16, 27, -23, 3, 39, -27, -54, 37, 57, -21, -34, -8, -5, 28, 62, -22, -116, -2, 152, 48, -152, -104, 125, 150, -73, -159, 5, 139, 59, -111, -97, 99, 109, -101, -112, 115, 125, -129, -141, 134, 167, -109, -199, 53, 224, 25, -213, -94, 160, 127, -70, -113, -30, 69, 119, -17, -165, -22, 157, 50, -111, -65, 74, 61, -63, -32, 70, -4, -71, 26, 65, -19, -53, 6, 36, 0, -2, 0, -43, 16, 91, -37, -118, 53, 117, -56, -80, 52, 24, -32, 41, 9, -105, 9, 156, -5, -175, -28, 173, 79, -160, -111, 133, 116, -77, -106, 8, 96, 56, -76, -109, 46, 146, -6, -154, -35, 138, 79, -109, -120, 84, 167, -73, -228, 94, 296, -141, -344, 197, 361, -225, -350, 223, 334, -205, -318, 201, 299, -215, -266, 226, 227, -208, -193, 174, 182, -145, -182, 128, 182, -92, -165, 19, 132, 76, -75, -158, 5, 211, 59, -235, -89, 239, 77, -224, -22, 198, -51, -166, 118, 139, -159, -100, 177, 36, -164, 60, 123, -165, -50, 258, -48, -319, 181, 345, -331, -331, 474, 297, -573, -265, 603, 255, -529, -268, 344, 296, -78, -314, -188, 289, 389, -193, -499, 54, 533, 79, -494, -164, 393, 197, -267, -168, 173, 89, -138, -7, 169, -14, -236, -41, 292, 153, -276, -267, 170, 337, -2, -325, -163, 241, 275, -111, -304, -24, 257, 134, -153, -178, 30, 139, 72, -31, -120, -89, 117, 167, -81, -169, 43, 105, -21, -1, 39, -108, -96
1791219846.157, MrmFullScanInfo, 463, 107, 2455560, 0, 0, 0, 0, 10000, 39297, 32, 4, 2, 1, 480, 0, 0, 0, 0, 0, 0, 161, 132, -342, -280, 385, 339, -281, -299, 153, 189, -65, -26, -60, -95, 261, 60, -363, 35, 254, -17, -115, -67, 157, 37, -343, 147, 522, -348, -556, 448, 403, -373, -191, 197, 174, -71, -336, 82, 319, -163, 122, 248, -767, -389, 1200, 720, -1315, -1252, 1463, 1802, -1879, -2353, 2424, 3354, -2876, -5285, 3300, 7966, -3802, -10523, 4232, 12018, -4374, -11941, 4233, 10374, -4032, -7810, 3935, 4829, -3906, -1902, 3751, -628, -3186, 2498, 2023, -3515, -390, 3725, -1336, -3401, 2800, 2873, -3809, -2300, 4284, 1687, -4253, -966, 3884, 117, -3372, 812, 2833, -1671, -2263, 2241, 1666, -2355, -1069, 2047, 484, -1512, 96, 968, -632, -549, 1022, 309, -1149, -222, 973, 204, -551, -128, 41, -75, 395, 391, -644, -703, 674, 905, -518, -946, 295, 844, -130, -644, 86, 432, -142, -290, 229, 257, -262, -309, 189, 398, -11, -446, -211, 400, 414, -245, -531, 29, 529, 170, -397, -271, 189, 237, 3, -87, -95, -107, 70, 268, 33, -341, -151, 326, 228, -242, -226, 130, 151, -31, -22, -22, -116, 37, 221, -20, -247, -9, 196, 30, -98, -11, -1, -48, 81, 127, -124, -182, 131, 190, -113, -148, 95, 72, -88, 33, 100, -143, -126, 233, 174, -282, -228, 298, 266, -284, -261, 252, 213, -196, -150, 121, 116, -41, -111, -17, 97, 66, -49, -125, -16, 205, 81, -290, -130, 347, 166, -340, -191, 282, 213, -202, -217, 130, 194, -72, -139, 40, 73, -25, -18, 26, 0, -32, -13, 44, 46, -58, -79, 74, 109, -82, -137, 85, 164, -77, -175, 48, 172, 14, -172, -85, 184, 133, -179, -137, 140, 112, -71, -74, 3, 40, 41, -10, -46, -9, 20, 23, 13, -24, -20, 8, -4, 29, 45, -73, -69, 101, 70, -96, -66, 79, 75, -64, -81, 46, 66, 3, -37, -71, 16, 135, -1, -178, -2, 203, 1, -197, 15, 172, -40, -138, 66, 116, -74, -116, 68, 137, -60, -146, 49, 122, -21, -67, -16, 9, 46, 41, -59, -70, 64, 78, -63, -62, 56, 35, -37, -8, 20, 3, -10, -32, 19, 83, -35, -122, 44, 136, -22, -125, -18, 103, 58, -74, -70, 50, 51, -41, -18, 53, -2, -74, 10, 105, -20, -131, 37, 139, -31, -119, -13, 79, 82, -13, -137, -65, 160, 142, -156, -197, 143, 231, -127, -225, 110, 176, -73, -106, 25, 51, 28, -10, -72, -22, 97, 56, -77, -91, 9, 133, 92, -173, -208, 208, 346, -240, -492, 269, 617, -272, -689, 237, 697, -163, -627, 63, 487, 64, -306, -203, 133, 314, 21, -353, -146, 329, 222, -265, -226, 190, 179, -122, -114, 91, 55, -99, -6, 122, -11, -126, -5, 101, 47, -45, -90, -34, 124, 119, -124, -179, 77, 202, -2, -191, -44, 157, 40, -101, 2, 39, -49, 5, 95, -6, -135, -35, 167, 98, -173, -153, 152, 196, -111, -227
1791219846.157, MrmDetectionListInfo, 463, 214, 53, 950, 54, 1065, 55, 1186, 56, 1356, 57, 1571, 58, 1811, 59, 2071, 60, 2368, 61, 2732, 62, 3184, 63, 3744, 64, 4416, 65, 5185, 66, 6001, 67, 6791, 68, 7472, 69, 7971, 70, 8241, 71, 8265, 72, 8052, 73, 7634, 74, 7060, 75, 6382, 76, 5645, 77, 4884, 78, 4120, 79, 3381, 80, 2726, 81, 2256, 82, 2076, 83, 2211, 84, 2493, 85, 2619, 86, 2432, 87, 2135, 88, 2087, 89, 2401, 90, 2843, 91, 3128, 92, 3198, 93, 3173, 94, 3150, 95, 3105, 96, 2971, 97, 2731, 98, 2427, 99, 2115, 100, 1879, 101, 1807, 102, 1909, 103, 2071, 104, 2163, 105, 2146, 106, 2062, 107, 1950, 108, 1801, 109, 1594, 110, 1333, 111, 1057, 112, 811, 113, 646, 114, 599, 115, 651, 116, 722, 117, 745, 118, 716, 119, 672, 120, 628, 121, 566, 122, 463, 123, 322, 127, 292, 128, 511, 129, 671, 130, 737, 131, 746, 132, 740, 133, 719, 134, 667, 135, 585, 136, 493, 137, 412, 138, 347, 139, 297, 140, 260, 141, 239, 142, 236, 143, 245, 144, 259, 145, 270, 146, 274, 147, 266, 148, 248, 149, 239, 150, 261, 151, 316, 152, 370, 153, 388, 154, 364, 155, 321, 156, 289, 157, 288, 158, 307, 159, 314, 160, 282, 161, 215, 167, 143, 168, 165, 169, 186, 170, 215, 171, 247, 172, 266, 173, 260, 174, 232, 175, 192, 176, 147, 183, 139, 184, 137, 185, 125, 186, 112, 194, 130, 195, 156, 196, 161, 197, 157, 198, 151, 199, 140, 206, 132, 207, 173, 208, 204, 209, 227, 210, 246, 211, 264, 212, 277, 213, 281, 214, 275, 215, 260, 216, 238, 217, 211, 218, 179, 219, 146, 220, 115, 230, 130, 231, 171, 232, 211, 233, 239, 234, 253, 235, 259, 236, 258, 237, 252, 238, 239, 239, 222, 240, 203, 241, 183, 242, 162, 243, 138, 261, 113, 262, 119, 263, 124, 264, 124, 265, 118, 271, 154, 272, 164, 273, 159, 274, 145, 317, 99, 385, 137, 386, 158, 387, 170, 388, 176, 389, 180, 390, 182, 391, 179, 392, 169, 393, 151, 409, 127, 410, 175, 411, 219, 412, 258, 413, 297, 414, 342, 415, 387, 416, 426, 417, 454, 418, 470, 419, 474, 420, 464, 421, 441, 422, 404, 423, 355, 424, 302, 425, 254, 426, 222, 427, 207, 428, 203, 429, 199, 430, 192, 431, 190, 432, 208, 433, 242, 434, 268, 435, 268, 436, 245, 437, 215, 438, 186, 439, 157, 440, 128, 457, 143, 458, 146, 459, 133, 475, 121, 476, 141, 477, 155, 478, 162, 479, 165
1791219846.266, MrmFullScanInfo, 464, 107, 2455685, 0, 0, 0, 0, 10000, 39297, 32, 1, 2, 1, 480, -20794, 32083, 24894, -31169, -28902, 28813, 32359, -19788, -32512, -3794, 32455, 26465, -28663, -32173, 11881, 32271, 8264, -32491, -19912, 32073, 22775, -26931, -17695, 6577, 15866, 11200, -638, -15151, -11286, 27054, 7443, -28759, 869, 31897, -9142, -31919, 9824, 32392, -8779, -31772, 4204, 32219, 4176, -27785, -16997, 18708, 24457, -3872, -27680, -11110, 23123, 22800, -14969, -28563, 3901, 27177, 4935, -21845, -9613, 14350, 12106, -5894, -8645, -680, 3623, 3978, 190, -4261, -2559, 1877, 1951, 2100, 1998, -5324, -7257, 7552, 13570, -5253, -17485, 942, 16396, 4788, -14504, -9094, 10266, 11379, -4096, -11086, -2048, 8039, 6092, -4059, -7927, -415, 6986, 3030, -4505, -3142, 1368, 901, 644, 1668, -216, -3898, -1490, 4658, 3362, -3581, -4683, 933, 4338, 1580, -2639, -2955, 260, 3327, 1765, -2449, -2760, 757, 2346, 519, -1230, -938, -321, 733, 1653, 100, -1725, -1095, 1077, 1446, -220, -1062, -557, 272, 617, 532, -10, -945, -1058, 718, 1485, -17, -1600, -907, 1086, 1526, -212, -1514, -652, 1051, 1129, -200, -1073, -406, 538, 824, 171, -758, -743, 342, 718, 150, -422, -447, -39, 323, 451, 102, -491, -543, 194, 743, 317, -899, -539, 707, 835, -277, -926, -145, 708, 402, -266, -490, -72, 303, 295, -6, -315, -92, 242, 102, -88, -108, -69, -92, -70, 161, 178, -209, -269, 67, 343, 83, -334, -219, 121, 388, 120, -473, -424, 328, 303, -82, -373, 5, 344, 60, -183, -60, 106, 37, 82, 15, -9, -59, -127, 97, 249, -52, -393, 90, 429, 20, -396, -157, 382, 37, -148, -125, 117, 30, 43, 41, -73, -78, 75, 134, -109, -32, -78, -3, 68, 15, -108, -17, 259, 200, -142, -111, 42, 152, -78, -146, 159, 8, -136, -86, 90, 125, -174, -104, 333, 133, -223, -69, 150, 92, -74, -100, 45, 108, -4, -91, 30, -41, 55, 49, -63, -48, 89, -75, 18, 10, 82, -78, -3, 108, 129, -167, -23, 12, 109, -77, -146, 37, 116, 16, 4, 109, 17, -46, 19, -32, -33, -76, -114, 119, 165, -59, -195, 131, 232, -205, -268, 73, 237, 27, -225, -110, 86, 107, -44, -101, 54, 43, -101, -82, 87, 162, -28, -148, 67, 215, -76, -298, 153, 439, -271, -388, 93, 400, -173, -421, -74, 343, -81, -394, 48, 310, 12, -231, 33, 241, -48, -147, 60, 187, -111, -211, -48, 176, -26, -126, 18, 166, 96, -153, -26, 215, 114, -146, -151, 216, 130, -197, -166, 300, 177, -244, -357, 213, 252, -172, -30, 118, 34, -42, 87, 159, -184, 22, 218, 2, -242, 111, 276, -124, -204, 154, 195, -148, -211, 10, 282, 84, -199, -236, 157, 220, 17, -295, -22, 280, 273, -268, -342, 132, 261, -94, -155, -18, 94, -67, -57, 141, -11, -189, -68, 121, 103, -155, -167, -32, 153, 38, -84, -220, -9, 248, 95, -285, 31, 146, 130, -66, 21, -14, -144, 171, 169, -70, -204, 6, 197, -49, -171, 22, 107, 13, -75, 12, 13, -116, 39, 163, -42, -239
1791219846.266, MrmFullScanInfo, 464, 107, 2455685, 0, 0, 0, 0, 10000, 39297, 32, 2, 2, 1, 480, 0, 0, 0, 0, 0, 0, 10146, -14310, -19132, 29107, 22815, -30452, -24913, 16583, 28392, 3754, -30309, -20783, 25368, 31067, -13005, -36237, -1054, 36925, 10653, -30997, -13903, 17769, 12176, -418, -7850, -16038, 4150, 27764, -4378, -33039, 8914, 32583, -14756, -29342, 18381, 26583, -18014, -25941, 13531, 26694, -5492, -26457, -4883, 22691, 15427, -14278, -23429, 2308, 26672, 10323, -24289, -20312, 17273, 25381, -8008, -24952, -654, 19989, 6441, -12394, -8376, 4445, 6999, 1735, -3930, -4693, 1024, 4059, 290, -563, 708, -4169, -3905, 8118, 8330, -9535, -12519, 7675, 15180, -3173, -15581, -2305, 13495, 6938, -9171, -9491, 3545, 9553, 1940, -7460, -5879, 4166, 7431, -963, -6556, -994, 4055, 1198, -1280, 112, -485, -2123, 659, 3790, 480, -4237, -2089, 3200, 3228, -1118, -3274, -1143, 2198, 2747, -509, -3194, -1045, 2520, 1865, -1214, -1702, -58, 755, 794, 449, -802, -1323, 256, 1533, 425, -1118, -809, 416, 694, 127, -173, -203, -441, -184, 792, 775, -653, -1228, 74, 1306, 661, -944, -1190, 286, 1282, 394, -922, -810, 295, 809, 330, -445, -706, -47, 717, 414, -418, -496, 29, 304, 211, 27, -173, -294, -106, 355, 489, -190, -790, -110, 870, 438, -692, -674, 345, 724, 30, -561, -294, 264, 378, 47, -299, -259, 151, 315, -20, -237, -35, 119, 6, -47, 81, 62, -157, -138, 164, 231, -80, -272, -76, 217, 266, -75, -410, -88, 439, 224, -344, -304, 196, 323, -66, -264, -10, 152, 40, -42, -26, 1, -18, -50, 87, 165, -151, -285, 181, 371, -154, -396, 92, 358, -23, -261, -21, 136, 35, -14, -14, -76, -17, 120, 40, -99, -39, 30, 31, 61, -18, -143, -3, 194, 37, -196, -75, 168, 101, -144, -92, 139, 62, -138, -38, 154, 38, -198, -36, 249, 24, -255, -14, 207, 27, -132, -59, 73, 83, -37, -69, 8, 26, 32, 9, -66, -6, 74, -21, -51, 54, 25, -83, -13, 110, 16, -119, -31, 109, 62, -88, -87, 74, 85, -65, -48, 55, 2, -35, 22, 24, -3, -42, -46, 91, 106, -148, -151, 198, 179, -212, -190, 173, 197, -88, -187, -3, 161, 69, -125, -89, 100, 84, -88, -78, 88, 95, -93, -132, 116, 190, -166, -253, 239, 303, -296, -325, 300, 334, -248, -343, 184, 352, -140, -340, 123, 304, -111, -249, 102, 197, -100, -158, 103, 145, -97, -146, 84, 153, -62, -153, 37, 159, -8, -173, -15, 193, 40, -211, -61, 235, 77, -262, -92, 291, 123, -304, -148, 294, 135, -243, -72, 164, -11, -81, 96, 14, -166, 48, 212, -109, -224, 164, 208, -200, -174, 205, 154, -169, -164, 96, 200, 1, -224, -101, 207, 190, -138, -260, 29, 307, 95, -316, -187, 278, 214, -197, -180, 116, 118, -76, -48, 88, 0, -121, 10, 143, 24, -131, -77, 80, 119, 10, -120, -121, 97, 218, -67, -252, 41, 211, -23, -108, 28, -14, -56, 116, 98, -157, -136, 146, 161, -109, -157, 71, 127, -43, -75, 44, 13, -75
1791219846.266, MrmFullScanInfo, 464, 107, 2455685, 0, 0, 0, 0, 10000, 39297, 32, 4, 2, 1, 480, 0, 0, 0, 0, 0, 0, -98, 176, 198, -557, -101, 820, -103, -637, 168, 133, -38, 256, -58, -313, 32, 239, -46, -133, 205, -22, -403, 143, 429, -82, -301, -103, 152, 201, -26, -172, -154, 175, 391, -248, -457, 248, 219, -40, 130, -285, -273, 479, 184, -339, -145, -78, 428, 503, -997, -705, 1548, 810, -1760, -1227, 1669, 2220, -1606, -3562, 1794, 4710, -2145, -5221, 2576, 4900, -3185, -3702, 4086, 1764, -5185, 592, 6245, -2881, -6985, 4569, 7098, -5210, -6376, 4640, 4952, -3146, -3236, 1329, 1608, 261, -248, -1363, -729, 1992, 1267, -2300, -1388, 2535, 1182, -2931, -726, 3565, 168, -4253, 240, 4701, -286, -4681, -32, 4098, 532, -2976, -963, 1506, 1137, -12, -988, -1156, 620, 1796, -245, -1892, 88, 1608, -251, -1190, 691, 872, -1218, -760, 1585, 838, -1604, -979, 1256, 1018, -684, -835, 118, 440, 248, 40, -330, -413, 191, 535, 26, -359, -166, -30, 145, 472, 42, -777, -319, 848, 566, -697, -653, 414, 535, -109, -268, -92, -28, 121, 257, -1, -342, -154, 268, 243, -82, -209, -110, 67, 227, 136, -236, -337, 175, 470, -90, -489, 29, 409, -18, -288, 73, 200, -168, -171, 260, 186, -299, -201, 265, 192, -179, -155, 95, 112, -51, -84, 59, 102, -90, -169, 108, 275, -78, -389, -12, 481, 146, -508, -275, 442, 365, -294, -400, 125, 383, 12, -299, -92, 166, 128, -42, -126, -6, 94, -28, -37, 109, -23, -178, 69, 207, -82, -188, 71, 139, -63, -72, 80, 0, -110, 62, 137, -90, -143, 80, 131, -33, -111, -35, 103, 120, -102, -202, 99, 266, -82, -295, 47, 298, 4, -293, -58, 277, 100, -236, -123, 191, 124, -162, -90, 141, 37, -102, 5, 52, -13, -10, -3, -9, 23, 23, -20, -39, -3, 72, 30, -99, -28, 97, 5, -51, 29, -9, -66, 62, 100, -93, -117, 95, 119, -54, -111, -11, 108, 67, -110, -91, 109, 100, -91, -113, 66, 144, -47, -190, 52, 238, -80, -257, 119, 239, -126, -197, 80, 152, 1, -97, -72, 40, 103, 2, -77, -13, 20, 7, 35, 5, -64, -13, 75, 20, -65, -32, 37, 56, 0, -77, -25, 70, 41, -23, -53, -39, 72, 91, -88, -107, 94, 97, -79, -70, 50, 43, -20, -17, 11, -10, -21, 55, 46, -103, -77, 142, 123, -160, -172, 162, 203, -147, -197, 116, 171, -80, -147, 49, 139, -9, -135, -31, 124, 65, -96, -90, 72, 124, -73, -160, 120, 196, -201, -228, 303, 267, -402, -315, 479, 376, -506, -423, 457, 435, -315, -400, 106, 334, 116, -242, -287, 134, 376, -28, -383, -42, 325, 78, -233, -90, 154, 78, -109, -32, 101, -9, -123, 7, 169, 49, -205, -130, 192, 208, -113, -252, 0, 252, 94, -188, -132, 65, 136, 80, -123, -194, 105, 241, -79, -209, 52, 117, -26, -7, 20, -69, -39, 95, 70, -66, -88, 4, 91, 65, -78
1791219846.266, MrmDetectionListInfo, 464, 252, 57, 892, 58, 1083, 59, 1201, 60, 1292, 61, 1400, 62, 1548, 63, 1748, 64, 2014, 65, 2347, 66, 2725, 67, 3102, 68, 3429, 69, 3675, 70, 3827, 71, 3886, 72, 3860, 73, 3758, 74, 3591, 75, 3381, 76, 3188, 77, 3126, 78, 3352, 79, 3970, 80, 4852, 81, 5644, 82, 6061, 83, 6096, 84, 5897, 85, 5542, 86, 4999, 87, 4248, 88, 3355, 89, 2442, 90, 1614, 91, 942, 92, 519, 93, 465, 94, 796, 95, 1301, 96, 1687, 97, 1838, 98, 1855, 99, 1874, 100, 1928, 101, 1971, 102, 1980, 103, 1980, 104, 2009, 105, 2090, 106, 2229, 107, 2392, 108, 2511, 109, 2519, 110, 2406, 111, 2232, 112, 2079, 113, 1962, 114, 1809, 115, 1551, 116, 1195, 117, 827, 118, 595, 119, 636, 120, 906, 121, 1164, 122, 1213, 123, 1085, 124, 943, 125, 880, 126, 866, 127, 849, 128, 830, 129, 851, 130, 926, 131, 1032, 132, 1130, 133, 1203, 134, 1244, 135, 1247, 136, 1202, 137, 1102, 138, 949, 139, 757, 140, 547, 141, 357, 142, 233, 143, 190, 144, 205, 145, 259, 146, 327, 147, 360, 148, 328, 149, 251, 150, 182, 151, 146, 152, 142, 153, 182, 154, 274, 155, 393, 156, 506, 157, 599, 158, 662, 159, 684, 160, 657, 161, 585, 162, 480, 163, 357, 164, 236, 165, 141, 169, 156, 170, 192, 171, 212, 172, 226, 173, 231, 174, 210, 175, 167, 176, 127, 178, 127, 179, 159, 180, 202, 181, 245, 182, 281, 183, 302, 184, 303, 185, 288, 186, 263, 187, 234, 188, 205, 189, 178, 190, 160, 191, 154, 192, 160, 193, 178, 194, 200, 195, 223, 196, 240, 197, 248, 198, 243, 199, 227, 200, 200, 201, 168, 210, 144, 211, 171, 212, 194, 213, 211, 214, 224, 215, 243, 216, 278, 217, 327, 218, 372, 219, 391, 220, 384, 221, 360, 222, 329, 223, 292, 224, 250, 225, 208, 226, 174, 227, 157, 228, 151, 229, 139, 240, 138, 241, 146, 242, 142, 243, 130, 261, 115, 262, 141, 263, 160, 264, 172, 265, 180, 266, 183, 267, 180, 268, 171, 269, 159, 270, 152, 271, 156, 272, 170, 273, 182, 274, 183, 275, 175, 276, 164, 277, 154, 278, 145, 279, 132, 317, 107, 325, 122, 326, 138, 327, 155, 328, 170, 329, 181, 330, 185, 331, 181, 332, 168, 333, 146, 383, 126, 384, 143, 385, 159, 386, 171, 387, 178, 388, 179, 389, 173, 390, 162, 391, 146, 392, 129, 407, 133, 408, 157, 409, 186, 410, 217, 411, 251, 412, 286, 413, 322, 414, 357, 415, 391, 416, 420, 417, 443, 418, 456, 419, 455, 420, 437, 421, 402, 422, 351, 423, 289, 424, 232, 425, 197, 426, 196, 427, 218, 428, 239, 429, 243, 430, 227, 431, 206, 432, 195, 433, 194, 434, 191, 435, 178, 436, 156, 437, 132, 447, 126, 448, 152, 449, 173, 450, 184, 451, 183, 452, 169, 453, 149, 455, 135, 456, 149, 457, 154, 458, 136, 462, 133, 463, 161, 464, 172, 465, 166, 466, 150, 467, 128
1791219846.391, MrmFullScanInfo, 465, 107, 2455810, 0, 0, 0, 0, 10000, 39297, 32, 1, 2, 1, 480, -20537, 32263, 25030, -31171, -29260, 29644, 32344, -20145, -32512, -3307, 32402, 27929, -29248, -32219, 10959, 32313, 8076, -32448, -20789, 31869, 21860, -27498, -17664, 5548, 15039, 10816, 86, -14486, -9948, 27047, 7252, -28962, 485, 32122, -8526, -31796, 9714, 32185, -7957, -32379, 3072, 32240, 5140, -28226, -16361, 19053, 24975, -3528, -27320, -11681, 22989, 22992, -14486, -28699, 3681, 27517, 6636, -23283, -11498, 16672, 13492, -8803, -10310, 2206, 5138, 1783, 453, -3176, -5458, 2355, 8146, 681, -7714, -5022, 4717, 8691, -223, -10826, -4058, 11093, 4020, -9159, -5093, 6496, 4258, -3926, -2548, 1649, 366, -805, 1477, 1261, -2354, -2695, 2289, 4203, -840, -5258, -1390, 4560, 3582, -3321, -4816, 1341, 5146, 759, -4743, -2177, 3519, 2859, -2170, -2837, 973, 2106, -15, -1110, -358, 188, 351, 172, 8, -187, -400, -175, 77, 737, 448, -1147, -1066, 1133, 1763, -651, -2108, 147, 1977, 630, -1324, -1157, 631, 1363, 102, -1203, -664, 929, 959, -458, -1000, 4, 718, 444, -454, -443, 172, 454, 150, -457, -181, 433, 143, -533, -166, 562, 108, -683, -57, 681, 209, -693, -300, 762, 482, -783, -758, 622, 803, -574, -674, 445, 670, -162, -708, -81, 600, 194, -463, -570, 362, 653, -212, -660, 102, 617, 128, -562, -106, 465, 94, -354, 2, 418, -5, -458, -122, 385, 223, -407, -386, 350, 439, -47, -558, 1, 465, 182, -338, -178, 372, 309, -111, -205, 13, 134, 52, -70, -59, -4, -33, -105, -133, 77, 205, -158, -254, 165, 348, -137, -562, 94, 654, 6, -508, -150, 390, 322, -275, -185, 205, 166, -180, -104, 87, 101, -169, -108, 84, 91, -145, -183, 31, 193, 131, -236, -136, 177, 209, -198, -93, 75, -60, 5, 56, 83, -105, 43, 179, 86, -196, -191, 59, 137, -9, -82, -31, 130, -1, 31, 24, -46, -70, 2, 64, 29, -77, -33, 56, 44, -49, -14, 34, 163, 98, -88, -113, 38, 114, 63, -31, -9, -140, 82, 55, 86, 33, -113, 79, 73, -9, -173, -90, 213, 83, -175, -19, 37, 146, -130, -2, -40, 35, -146, -2, -53, 113, -15, -45, -80, -1, 50, -38, -57, -15, 215, 32, -202, -105, 147, 61, -130, -38, 102, 60, -68, 5, 114, -65, -133, 107, 130, -179, -168, 56, 88, -73, -235, 121, 224, 37, -131, -32, 145, 58, -171, -102, 132, 226, -82, -185, 51, 162, 26, -234, -107, 218, -23, -172, -46, 334, 4, -304, 35, 361, 42, -308, 12, 317, 47, -114, -117, 41, 20, 58, -61, -215, -38, 315, 57, -266, 136, 171, -78, -98, 147, 30, -76, -81, 21, 124, 0, -81, -109, 169, 277, 14, -378, 22, 181, 148, -52, -252, 57, 239, 28, -97, -99, 140, 49, -56, -108, 43, 73, -61, -8, 19, 76, -130, -49, 42, 138, -108, -291, 35, 164, 129, -243, -147, 97, 185, -18, -187, -61, 114, 94, -62, -144, -19, 135, -1, -37, -39, -16, 23, 56, 59, -59, -85, 12, 60, -36, -50, 64
1791219846.391, MrmFullScanInfo, 465, 107, 2455810, 0, 0, 0, 0, 10000, 39297, 32, 2, 2, 1, 480, 0, 0, 0, 0, 0, 0, 10197, -14468, -19196, 29495, 22789, -30866, -24826, 16704, 28379, 4006, -30408, -21193, 25424, 31375, -12909, -36397, -1191, 36950, 10631, -30862, -13617, 17518, 11776, -231, -7602, -15992, 4180, 27545, -4518, -32858, 8909, 32572, -14517, -29505, 17921, 26892, -17352, -26400, 12807, 27261, -4956, -26966, -5083, 22925, 15377, -14132, -23308, 1889, 26549, 10806, -24065, -20823, 16734, 26211, -7083, -26522, -1745, 22466, 7360, -15502, -8890, 7580, 6871, -664, -2697, -3790, -1973, 5103, 5662, -3358, -7379, -628, 6863, 5496, -4713, -9655, 2062, 11800, 153, -11437, -1565, 9088, 2132, -5861, -1827, 2873, 780, -919, 659, 353, -1977, -1054, 2648, 2494, -2309, -3939, 953, 4751, 1026, -4581, -3004, 3465, 4426, -1751, -4973, -35, 4626, 1424, -3598, -2130, 2253, 2117, -954, -1571, 1, 823, 447, -190, -429, -115, 189, 25, -21, 391, 117, -914, -488, 1281, 1023, -1302, -1509, 942, 1742, -292, -1621, -439, 1194, 1028, -585, -1313, -40, 1267, 539, -945, -813, 474, 854, -6, -703, -330, 442, 510, -172, -573, -9, 583, 71, -582, -34, 597, -37, -624, 84, 665, -58, -724, -48, 799, 213, -859, -382, 874, 499, -807, -547, 648, 569, -420, -589, 169, 602, 82, -584, -311, 534, 490, -444, -586, 316, 611, -175, -580, 74, 515, -37, -443, 48, 397, -57, -384, 22, 403, 69, -418, -193, 393, 327, -305, -430, 178, 477, -40, -457, -76, 381, 156, -259, -183, 124, 166, -15, -122, -42, 85, 71, -77, -99, 113, 144, -172, -207, 230, 303, -262, -417, 257, 505, -191, -519, 69, 472, 61, -390, -136, 302, 143, -218, -110, 157, 76, -126, -60, 120, 72, -109, -110, 73, 168, -9, -222, -51, 249, 75, -221, -46, 146, -8, -51, 64, -15, -109, 34, 146, -2, -161, -52, 142, 99, -93, -114, 45, 92, -16, -40, 12, -11, -23, 35, 45, -26, -63, 7, 73, 17, -62, -47, 31, 84, 15, -101, -56, 85, 68, -35, -37, -16, -7, 38, 39, -10, -53, -44, 58, 103, -45, -155, 23, 187, 0, -181, -18, 143, 34, -96, -36, 62, 30, -36, -31, 18, 43, 4, -51, -24, 49, 53, -38, -94, 27, 147, -13, -184, 3, 190, 5, -162, -9, 125, 4, -97, 22, 88, -73, -87, 130, 86, -161, -87, 160, 107, -138, -139, 113, 166, -76, -171, 30, 170, 20, -167, -73, 164, 123, -145, -158, 108, 185, -58, -207, 27, 228, -23, -245, 46, 270, -77, -294, 104, 309, -110, -299, 91, 255, -44, -175, -11, 72, 56, 45, -75, -163, 88, 248, -110, -256, 142, 189, -154, -90, 134, 26, -89, -20, 42, 63, 8, -110, -80, 141, 172, -137, -233, 84, 231, 22, -180, -137, 119, 205, -58, -202, 0, 161, 47, -111, -70, 76, 68, -59, -49, 61, 38, -75, -52, 96, 99, -105, -156, 84, 201, -21, -209, -57, 178, 127, -110, -162, 29, 158, 50, -119, -104, 71, 118, -26, -84, -5, 26, 16, 30, 0, -62, -24, 74
1791219846.391, MrmFullScanInfo, 465, 107, 2455810, 0, 0, 0, 0, 10000, 39297, 32, 4, 2, 1, 480, 0, 0, 0, 0, 0, 0, 3, -92, 32, 178, -84, -103, 58, -117, 49, 295, -117, -304, 48, 184, 83, -62, -130, -28, 54, 117, 120, -175, -230, 142, 146, 0, 64, -118, -128, 88, -75, 75, 393, -265, -640, 404, 757, -473, -679, 460, 412, -330, -74, 118, -184, 80, 378, -157, -620, 119, 966, -83, -1386, 182, 1746, -405, -1896, 599, 1822, -585, -1588, 277, 1148, 369, -308, -1329, -1077, 2370, 2998, -3003, -5287, 2648, 7690, -878, -9971, -2264, 11885, 6140, -13007, -9729, 12791, 12142, -10876, -12896, 7462, 11992, -3303, -9806, -521, 6970, 3106, -4217, -4088, 2228, 3756, -1400, -2859, 1698, 2259, -2653, -2527, 3578, 3688, -3798, -5218, 2942, 6347, -1128, -6417, -1048, 5190, 2825, -2953, -3622, 439, 3275, 1528, -2063, -2416, 597, 2200, 479, -1293, -765, 320, 283, 188, 581, -10, -1283, -663, 1394, 1379, -796, -1663, -264, 1280, 1325, -333, -1921, -808, 1810, 1720, -1060, -2092, 19, 1851, 871, -1149, -1284, 296, 1170, 369, -716, -609, 212, 418, 97, -2, -89, -353, -186, 458, 558, -272, -831, -91, 892, 454, -736, -647, 452, 606, -160, -384, -29, 113, 77, 81, -16, -120, -58, 5, 62, 199, 38, -380, -200, 449, 365, -381, -469, 240, 482, -121, -404, 79, 289, -95, -200, 121, 189, -108, -247, 33, 333, 121, -396, -309, 399, 466, -311, -543, 154, 534, 8, -436, -113, 273, 144, -101, -119, -19, 75, 72, -39, -66, 31, 31, -46, -2, 90, 26, -148, -107, 198, 211, -194, -290, 124, 334, -19, -347, -64, 340, 101, -306, -93, 247, 66, -176, -44, 114, 45, -55, -64, -4, 97, 60, -130, -92, 157, 95, -162, -68, 134, 31, -70, -12, 0, 27, 34, -50, -13, 58, -33, -47, 64, 36, -53, -32, 16, 32, 22, -15, -37, -22, 35, 69, -28, -97, 29, 103, -22, -91, 7, 70, 14, -39, -26, 16, 17, -17, 16, 47, -57, -66, 71, 50, -32, -12, -36, -12, 98, 19, -124, -7, 110, -9, -56, 29, -13, -48, 69, 78, -80, -108, 51, 120, -5, -105, -25, 79, 36, -60, -23, 56, -1, -60, 26, 76, -20, -105, -30, 161, 112, -227, -183, 270, 223, -247, -234, 161, 238, -64, -238, 12, 219, -5, -160, 14, 81, -21, -16, 47, -13, -86, 21, 119, -20, -137, 22, 140, -19, -129, 0, 119, 39, -115, -73, 118, 95, -127, -104, 153, 113, -176, -120, 180, 134, -165, -149, 151, 158, -145, -147, 140, 113, -117, -49, 80, -29, -49, 107, 63, -167, -127, 220, 211, -256, -270, 248, 292, -167, -276, 41, 232, 69, -154, -128, 52, 168, 42, -217, -84, 255, 73, -242, -38, 194, 5, -155, 31, 162, -64, -205, 75, 254, -45, -271, -18, 243, 87, -176, -121, 90, 112, -2, -82, -61, 66, 86, -62, -69, 69, 28, -88, 22, 123, -51, -161, 47, 196, -23, -206, 14, 182, -25, -130, 49, 71, -82, -9, 131
1791219846.391, MrmDetectionListInfo, 465, 218, 60, 665, 61, 789, 62, 922, 63, 1050, 64, 1155, 65, 1222, 66, 1240, 67, 1206, 68, 1116, 69, 975, 70, 807, 71, 652, 72, 569, 73, 655, 74, 1008, 75, 1625, 76, 2380, 77, 3124, 78, 3766, 79, 4281, 80, 4654, 81, 4902, 82, 5185, 83, 5795, 84, 6892, 85, 8329, 86, 9761, 87, 10900, 88, 11642, 89, 12010, 90, 12020, 91, 11634, 92, 10831, 93, 9659, 94, 8237, 95, 6727, 96, 5337, 97, 4335, 98, 3938, 99, 4002, 100, 4034, 101, 3674, 102, 3038, 103, 2488, 104, 2211, 105, 2140, 106, 2160, 107, 2270, 108, 2532, 109, 2949, 110, 3434, 111, 3878, 112, 4208, 113, 4382, 114, 4367, 115, 4154, 116, 3824, 117, 3542, 118, 3424, 119, 3429, 120, 3380, 121, 3090, 122, 2551, 123, 2017, 124, 1806, 125, 1937, 126, 2077, 127, 1921, 128, 1515, 129, 1145, 130, 973, 131, 898, 132, 738, 133, 458, 134, 215, 136, 343, 137, 595, 138, 848, 139, 1076, 140, 1238, 141, 1282, 142, 1194, 143, 1038, 144, 922, 145, 928, 146, 1027, 147, 1134, 148, 1234, 149, 1372, 150, 1530, 151, 1606, 152, 1513, 153, 1276, 154, 1048, 155, 993, 156, 1097, 157, 1163, 158, 1039, 159, 792, 160, 612, 161, 578, 162, 595, 163, 534, 164, 380, 165, 210, 169, 231, 170, 356, 171, 444, 172, 487, 173, 499, 174, 502, 175, 517, 176, 563, 177, 628, 178, 664, 179, 629, 180, 531, 181, 410, 182, 297, 183, 199, 184, 120, 194, 194, 195, 266, 196, 330, 197, 378, 198, 404, 199, 406, 200, 386, 201, 353, 202, 315, 203, 275, 204, 236, 205, 203, 206, 178, 207, 161, 208, 153, 209, 152, 210, 155, 211, 160, 212, 164, 213, 175, 214, 204, 215, 255, 216, 318, 217, 374, 218, 408, 219, 418, 220, 408, 221, 380, 222, 339, 223, 290, 224, 247, 225, 224, 226, 216, 227, 201, 228, 162, 243, 152, 244, 188, 245, 214, 246, 228, 247, 228, 248, 217, 249, 199, 250, 185, 251, 185, 252, 200, 253, 216, 254, 217, 255, 201, 256, 178, 257, 154, 354, 162, 355, 200, 356, 228, 357, 242, 358, 244, 359, 235, 360, 217, 361, 192, 362, 167, 363, 145, 364, 129, 394, 142, 395, 148, 396, 152, 397, 154, 398, 154, 399, 154, 400, 153, 401, 153, 403, 148, 404, 142, 405, 132, 414, 142, 415, 171, 416, 202, 417, 233, 418, 257, 419, 268, 420, 264, 421, 247, 422, 218, 423, 181, 424, 146, 433, 166, 434, 173, 435, 163, 436, 143, 444, 145, 445, 155, 446, 159, 447, 156, 448, 149, 449, 142, 450, 141, 451, 144, 452, 141, 475, 98
1791219846.516, MrmFullScanInfo, 466, 107, 2455935, 0, 0, 0, 0, 10000, 39297, 32, 1, 2, 1, 480, -21389, 32082, 24261, -31732, -29083, 29102, 32255, -20586, -32494, -2537, 32472, 28717, -29376, -32322, 10656, 32501, 9144, -32493, -19676, 32185, 22418, -27059, -18618, 5616, 14326, 11440, 78, -15144, -10749, 27979, 7803, -28711, 306, 31987, -9648, -32102, 9597, 32015, -8100, -32239, 2734, 32174, 5061, -27908, -15108, 19464, 24808, -3447, -27982, -11921, 23008, 23095, -14994, -29036, 3846, 28036, 5990, -23174, -11346, 16696, 13209, -8528, -10483, 2175, 4927, 1437, 593, -2962, -5039, 2501, 7479, -1020, -6211, -560, 2649, -129, 1783, 4043, -5561, -11400, 9199, 19904, -9222, -27127, 5377, 30085, 407, -31642, -5429, 28944, 10869, -23592, -13947, 14743, 14077, -4904, -14489, -3024, 10041, 7751, -5778, -9172, 3434, 8025, -4176, -6241, 5855, 5786, -8595, -6261, 10238, 7306, -10235, -8661, 7490, 9383, -3655, -8646, -777, 6028, 3809, -2772, -5185, -569, 4556, 2570, -2542, -2865, 778, 1783, 140, 183, 301, -1789, -1716, 2442, 3046, -1940, -3754, 628, 3296, 821, -1866, -1739, -100, 1727, 1821, -776, -2687, -304, 2556, 1319, -1595, -1568, 438, 1144, 386, -194, -574, -603, 330, 981, 243, -1080, -522, 634, 352, -377, -95, 164, -488, -155, 709, 443, -420, -806, 128, 821, 515, -361, -1083, -290, 1293, 1083, -972, -1573, 310, 1704, 314, -1354, -911, 697, 1218, -123, -717, -347, 273, 473, 179, -215, -474, -166, 360, 535, 107, -585, -502, 384, 774, 41, -887, -348, 661, 567, -272, -570, -47, 386, 117, -195, -139, -21, -59, -3, 266, 161, -272, -360, 208, 518, 71, -610, -274, 439, 447, -171, -446, 70, 227, 35, 27, -154, -153, 158, 167, -46, 2, -1, -87, -22, 481, 103, -426, -266, 418, 316, -282, -324, 163, 270, -58, -133, 69, 97, -124, 10, 257, -36, -425, -88, 349, 254, -258, -382, 49, 355, 70, -238, -212, 215, 287, -109, -280, 10, 207, -130, -27, 95, 51, -160, -79, 202, 278, -177, -348, 56, 378, 121, -404, -198, 260, 236, -137, -209, 61, 184, 127, -38, -123, -87, 4, 125, 42, -72, -127, 103, 12, 36, -24, 7, -2, -76, 20, 61, -158, -197, 66, 220, 33, -201, -64, 193, 224, -14, -205, 49, 84, 103, -184, -146, 91, 178, -33, -211, 157, 263, -97, -388, 142, 332, -277, -370, 94, 389, -260, -460, 180, 437, -46, -434, -14, 360, -18, -329, -11, 226, -45, -256, 84, 219, -66, -157, 23, 123, -10, -147, 18, 144, -8, -103, 36, 153, -81, -116, 57, 191, -25, -251, 23, 141, 158, -126, -5, 128, 60, -8, -170, 41, 122, -40, -102, 79, 25, 9, -99, -98, 160, 128, -168, -249, 144, 244, -115, -218, 28, 177, 37, -86, -144, -98, 151, 189, -156, -227, -51, 133, 89, -134, -76, 24, 123, 15, -17, -125, 59, 104, 78, -58, -23, 69, -50, -84, 117, 99, -148, -168, 124, 163, -86, -265, 41, 157, 86, -212, -69, 56, 231, 89, -171, -20, 84, 61, -25, -113, -46, 173, 117, -83, -124, 27, 6, -39, 34, 33, -28, -196, 41, 175, 40, -300
1791219846.516, MrmFullScanInfo, 466, 107, 2455935, 0, 0, 0, 0, 10000, 39297, 32, 2, 2, 1, 480, 0, 0, 0, 0, 0, 0, 10117, -14456, -19019, 29510, 22604, -30958, -24696, 16820, 28322, 4004, -30356, -21360, 25323, 31651, -12810, -36656, -1274, 37080, 10775, -30839, -13837, 17333, 11912, 191, -7535, -16656, 3953, 28247, -4302, -33333, 8885, 32692, -14703, -29347, 18145, 26630, -17432, -26180, 12807, 27137, -5093, -26888, -4758, 22825, 15086, -14014, -23294, 1793, 26825, 10883, -24511, -20913, 17242, 26296, -7562, -26528, -1397, 22366, 7204, -15377, -8870, 7549, 6884, -761, -2736, -3730, -1709, 5523, 4793, -5035, -5459, 3448, 3515, -2453, 554, 3642, -5850, -7653, 11050, 13771, -14461, -20434, 14761, 26062, -11774, -29453, 6467, 29780, -314, -26578, -5416, 20130, 9854, -11720, -12346, 3311, 12541, 3300, -10882, -7057, 8669, 7892, -7243, -6683, 7282, 4801, -8564, -3433, 10155, 3198, -10863, -4072, 9869, 5472, -7094, -6502, 3205, 6410, 725, -4971, -3628, 2621, 4856, -199, -4417, -1423, 2946, 1749, -1363, -839, 438, -726, -462, 2140, 1203, -2734, -2091, 2276, 2538, -1022, -2191, -429, 1086, 1459, 400, -1701, -1715, 1189, 2399, -270, -2274, -564, 1519, 938, -534, -744, -256, 161, 607, 487, -531, -909, 253, 977, -36, -741, 36, 391, -219, -138, 428, 126, -490, -312, 315, 503, 104, -489, -649, 186, 1104, 344, -1254, -924, 1022, 1340, -476, -1438, -170, 1201, 662, -722, -811, 182, 620, 223, -234, -350, -133, 193, 307, 126, -215, -415, -81, 520, 445, -397, -713, 122, 772, 181, -615, -394, 344, 451, -92, -356, -37, 193, 22, -66, 95, 53, -216, -160, 258, 335, -180, -479, 13, 517, 171, -433, -278, 269, 256, -70, -133, -104, 5, 198, 55, -182, -12, 94, -117, -2, 285, -30, -416, -9, 462, 98, -417, -177, 315, 207, -202, -175, 133, 96, -134, 0, 201, -62, -285, 47, 335, 54, -315, -188, 226, 291, -86, -325, -63, 300, 184, -240, -231, 181, 198, -138, -111, 123, 46, -135, -49, 172, 126, -195, -233, 170, 330, -86, -374, -19, 351, 113, -261, -165, 132, 165, -4, -109, -74, 23, 84, 62, -43, -111, -3, 110, 29, -73, -28, 39, 4, -33, 46, 62, -97, -106, 117, 157, -81, -187, 3, 187, 87, -151, -148, 84, 174, 2, -172, -85, 163, 151, -158, -200, 172, 242, -208, -272, 256, 288, -292, -294, 312, 312, -311, -338, 285, 364, -228, -374, 164, 362, -115, -320, 96, 267, -99, -213, 112, 168, -110, -133, 91, 118, -64, -117, 51, 123, -54, -121, 73, 117, -90, -122, 100, 143, -87, -165, 55, 173, -12, -158, -23, 126, 60, -90, -96, 73, 112, -71, -93, 60, 74, -19, -87, -39, 138, 99, -192, -144, 216, 171, -191, -173, 121, 149, -19, -89, -86, 4, 164, 82, -173, -140, 115, 164, -23, -148, -50, 99, 88, -23, -89, -48, 65, 95, -34, -106, 24, 95, -49, -77, 100, 70, -146, -83, 167, 118, -150, -157, 105, 184, -32, -172, -51, 126, 131, -63, -168, 10, 146, 43, -80, -98, 7, 141, 44, -143, -55, 109, 33, -67, 7, 59, -41, -96
1791219846.532, MrmFullScanInfo, 466, 107, 2455935, 0, 0, 0, 0, 10000, 39297, 32, 4, 2, 1, 480, 0, 0, 0, 0, 0, 0, -75, -39, 185, 127, -221, -190, 166, 114, -51, 104, 12, -303, -81, 371, 130, -301, -126, 125, 146, 76, -141, -267, 15, 486, 147, -658, -218, 648, 180, -438, -58, 150, -41, 59, -15, -107, 224, 26, -291, 82, 45, -87, 295, -23, -373, 136, 156, -152, 74, 110, -135, -93, 32, 127, 158, -161, -364, 173, 529, -184, -560, 189, 389, -72, -29, -362, -367, 1311, 607, -2903, -538, 5253, 117, -8490, 878, 12611, -2785, -17189, 5379, 21437, -7538, -24697, 8110, 26718, -6858, -27426, 4314, 26641, -1169, -23992, -2187, 19339, 5557, -13150, -8530, 6492, 10457, -540, -11028, -3791, 10680, 6116, -10183, -6683, 10121, 6188, -10570, -5403, 11090, 4918, -10950, -4997, 9577, 5492, -6885, -5904, 3357, 5681, 200, -4551, -2965, 2745, 4417, -865, -4486, -428, 3596, 743, -2460, -96, 1721, -1070, -1657, 2093, 2142, -2404, -2748, 1804, 2973, -509, -2470, -948, 1242, 1979, 367, -2193, -1826, 1590, 2653, -506, -2623, -560, 1872, 1197, -796, -1232, -144, 788, 640, -154, -646, -354, 370, 536, -101, -354, 52, -47, -243, 431, 538, -581, -732, 456, 697, -187, -412, -6, -28, -13, 453, 254, -669, -596, 574, 873, -196, -940, -291, 746, 673, -341, -784, -129, 610, 496, -255, -622, -109, 488, 332, -186, -327, -116, 125, 288, 171, -282, -417, 138, 499, 69, -397, -237, 201, 292, -30, -220, -34, 94, -10, -4, 130, 13, -254, -111, 327, 243, -312, -328, 225, 322, -128, -227, 103, 88, -168, 46, 272, -128, -331, 136, 302, -79, -170, 0, -28, 63, 231, -74, -359, 27, 383, 49, -320, -96, 227, 82, -154, -7, 134, -88, -157, 158, 208, -158, -254, 78, 258, 63, -186, -204, 52, 287, 103, -287, -226, 227, 291, -147, -288, 94, 226, -89, -128, 122, 58, -161, -63, 192, 148, -193, -265, 143, 360, -32, -384, -104, 328, 214, -205, -254, 61, 219, 52, -126, -97, 23, 72, 52, 0, -74, -60, 41, 75, 36, -45, -108, -11, 131, 90, -94, -163, 25, 195, 58, -164, -130, 89, 173, -1, -173, -64, 129, 101, -61, -110, 6, 112, 18, -113, -26, 126, 42, -147, -64, 170, 86, -183, -103, 186, 126, -171, -150, 132, 176, -67, -193, 9, 184, 22, -142, -19, 91, -8, -43, 50, 4, -83, 28, 108, -38, -127, 23, 151, 10, -183, -39, 226, 52, -262, -52, 288, 48, -292, -34, 276, 12, -249, 15, 211, -33, -136, 26, 25, 19, 88, -75, -175, 107, 255, -104, -334, 93, 393, -82, -398, 66, 351, -30, -279, -15, 211, 60, -147, -86, 79, 102, -11, -117, -30, 127, 51, -119, -73, 104, 105, -94, -118, 97, 104, -101, -75, 104, 48, -107, -19, 114, -12, -118, 41, 114, -50, -92, 40, 56, -18, -10, 1, -28, 11, 59, -26, -69, 48, 51, -60, -5, 55, -28, -34, 23, 15, 14, -5, -51, 12, 68, -24, -70, 30, 80, -19, -108
1791219846.532, MrmDetectionListInfo, 466, 246, 75, 625, 76, 1052, 77, 1493, 78, 1937, 79, 2430, 80, 3023, 81, 3780, 82, 4789, 83, 6101, 84, 7677, 85, 9412, 86, 11192, 87, 12914, 88, 14468, 89, 15740, 90, 16638, 91, 17122, 92, 17206, 93, 16931, 94, 16336, 95, 15449, 96, 14329, 97, 13171, 98, 12258, 99, 11699, 100, 11304, 101, 10764, 102, 9918, 103, 8832, 104, 7662, 105, 6579, 106, 5926, 107, 6131, 108, 7138, 109, 8211, 110, 8665, 111, 8516, 112, 8247, 113, 8179, 114, 8243, 115, 8244, 116, 8141, 117, 8027, 118, 7951, 119, 7852, 120, 7637, 121, 7260, 122, 6730, 123, 6063, 124, 5260, 125, 4341, 126, 3413, 127, 2753, 128, 2666, 129, 3066, 130, 3409, 131, 3256, 132, 2728, 133, 2262, 134, 2078, 135, 2020, 136, 1832, 137, 1450, 138, 1083, 139, 1011, 140, 1304, 141, 1757, 142, 2128, 143, 2335, 144, 2425, 145, 2428, 146, 2301, 147, 2014, 148, 1655, 149, 1398, 150, 1323, 151, 1352, 152, 1373, 153, 1403, 154, 1553, 155, 1819, 156, 1999, 157, 1917, 158, 1642, 159, 1405, 160, 1330, 161, 1329, 162, 1246, 163, 1026, 164, 750, 165, 549, 166, 483, 167, 493, 168, 482, 169, 431, 170, 394, 171, 388, 172, 367, 173, 294, 174, 186, 177, 231, 178, 420, 179, 586, 180, 660, 181, 640, 182, 568, 183, 470, 184, 350, 185, 212, 189, 282, 190, 480, 191, 608, 192, 652, 193, 646, 194, 619, 195, 582, 196, 560, 197, 570, 198, 598, 199, 604, 200, 559, 201, 482, 202, 422, 203, 416, 204, 440, 205, 441, 206, 396, 207, 339, 208, 312, 209, 306, 210, 282, 211, 225, 212, 167, 213, 153, 214, 192, 215, 255, 216, 303, 217, 320, 218, 311, 219, 288, 220, 266, 221, 258, 222, 254, 223, 237, 224, 195, 225, 142, 233, 174, 234, 224, 235, 262, 236, 290, 237, 305, 238, 300, 239, 274, 240, 236, 241, 193, 242, 154, 243, 123, 246, 140, 247, 183, 248, 223, 249, 242, 250, 231, 251, 195, 252, 145, 257, 152, 258, 212, 259, 227, 260, 210, 261, 194, 262, 194, 263, 196, 264, 184, 265, 156, 266, 122, 271, 152, 272, 181, 273, 193, 274, 194, 275, 185, 276, 170, 277, 155, 278, 147, 279, 150, 280, 159, 281, 167, 282, 178, 283, 199, 284, 227, 285, 248, 286, 251, 287, 237, 288, 215, 289, 193, 290, 171, 291, 150, 292, 129, 297, 127, 298, 152, 299, 180, 300, 206, 301, 224, 302, 231, 303, 224, 304, 214, 305, 214, 306, 229, 307, 244, 308, 244, 309, 220, 310, 183, 311, 145, 355, 126, 356, 134, 358, 146, 359, 151, 360, 154, 361, 154, 362, 151, 363, 145, 364, 135, 365, 123, 387, 142, 388, 154, 389, 161, 390, 165, 391, 169, 392, 169, 393, 166, 394, 158, 395, 146, 396, 135, 397, 126, 398, 120, 399, 113, 407, 152, 408, 174, 409, 187, 410, 202, 411, 220, 412, 235, 413, 243, 414, 241, 415, 232, 416, 216, 417, 193, 418, 167
1791219846.641, MrmFullScanInfo, 467, 107, 2456060, 0, 0, 0, 0, 10000, 39297, 32, 1, 2, 1, 480, -20775, 31820, 25995, -31253, -29336, 29075, 32310, -21632, -32512, -3686, 32489, 27912, -28423, -32380, 10808, 32512, 8773, -32512, -21828, 32058, 21388, -27209, -17785, 5339, 15245, 10604, -1110, -14859, -11635, 26917, 8229, -28485, -70, 32033, -8365, -31988, 10534, 31731, -8433, -32217, 2654, 32213, 4870, -27973, -16576, 19022, 24381, -4094, -27974, -12388, 22951, 23056, -14852, -28726, 3471, 27678, 5882, -23403, -11083, 16682, 13963, -8669, -10338, 2129, 5063, 1333, 419, -3040, -4976, 2563, 7578, -463, -6168, -1737, 2439, 2394, 2461, -1396, -7324, -1599, 9664, 5299, -10113, -7249, 8083, 6519, -5023, -2845, 1023, -3588, 2015, 10968, -2056, -16822, 561, 19943, 5970, -20703, -9250, 16442, 11378, -10118, -11283, 3285, 9359, 2677, -6038, -5678, 2997, 6674, -743, -6368, 953, 5405, -2233, -5057, 3871, 5558, -4586, -6621, 3940, 7526, -2469, -7586, 31, 6608, 2532, -4600, -3683, 2396, 3797, -394, -3020, -586, 1720, 603, -1058, -241, 927, -680, -1537, 826, 2346, -193, -2753, -722, 2495, 1652, -1592, -2125, 176, 2055, 1081, -1247, -1830, 66, 1859, 851, -1233, -1366, 443, 1306, 118, -826, -342, 313, 196, -33, 39, 59, -342, -346, 254, 904, 252, -1205, -514, 1163, 950, -773, -1301, 240, 1285, 260, -939, -677, 534, 745, -78, -511, -205, 233, 368, -94, -207, 69, -88, -167, 132, 427, -17, -716, -72, 870, 387, -714, -661, 427, 794, -248, -642, -42, 496, 147, -274, -129, 57, 135, 29, -46, -31, 32, -124, -103, 93, 126, -80, -158, 73, 217, 71, -232, -238, 85, 401, -19, -522, -52, 368, 135, -296, -120, 222, 123, -129, -58, 149, 89, -145, -43, 52, 137, -77, -216, 54, 294, 76, -284, -138, 284, 281, -69, -142, -53, 197, 79, -162, -62, 93, 54, -36, 156, 115, -275, -161, 332, 315, -372, -379, 236, 534, -192, -592, 90, 561, 64, -350, -72, 366, 224, -311, -130, 155, 187, -9, -67, 155, 35, 10, -32, -77, 57, 133, -105, -224, -4, 231, -78, -189, -68, 150, 6, -172, -17, -5, 56, 104, -58, -127, 97, 126, -18, -183, 3, 181, 61, -198, -27, 153, -17, -128, 9, 110, 7, -60, -152, -52, 91, -6, -121, -20, 223, 74, -253, -84, 279, 36, -361, -76, 292, -102, -427, 42, 434, 18, -423, 35, 295, -87, -388, 94, 301, -165, -329, -7, 273, -83, -218, 137, 255, -53, -168, 77, 65, -8, -83, 54, -11, 6, -74, 27, 113, -74, -154, -88, 225, 119, -232, -303, 219, 401, -176, -418, 3, 419, 141, -472, -127, 223, 100, -135, -198, 36, 210, 54, -385, -27, 430, 70, -480, -1, 585, 64, -429, -67, 412, 172, -102, -332, -98, 189, 308, -205, -446, 77, 403, 40, -277, -36, 240, 157, -140, -147, 37, 52, 31, 31, 46, -49, -88, -81, 86, 246, -132, -290, 25, 305, 49, -206, -64, 70, 111, -19, -23, -156, -75, 131, 125, -8, -165, 10, 196, 135, -205, -143, 102, 251, -50, -182, 28, 120, -33, -121, 116, -89, -198, -26, 178, 18, -221
1791219846.641, MrmFullScanInfo, 467, 107, 2456060, 0, 0, 0, 0, 10000, 39297, 32, 2, 2, 1, 480, 0, 0, 0, 0, 0, 0, 10344, -14520, -19430, 29696, 22924, -31175, -24749, 16933, 28111, 4030, -30038, -21448, 24991, 31750, -12449, -36763, -1582, 37173, 10867, -30875, -13802, 17402, 11999, -130, -7661, -16044, 3803, 27618, -3745, -32997, 8160, 32707, -14202, -29478, 18077, 26619, -17674, -26002, 12990, 26944, -4974, -26847, -5105, 22965, 15387, -14194, -23368, 1871, 26713, 10894, -24307, -20911, 17042, 26255, -7417, -26497, -1502, 22394, 7312, -15467, -8982, 7660, 6981, -840, -2820, -3671, -1656, 5362, 4806, -4511, -5562, 2097, 3697, 510, 158, -2027, -4773, 1810, 8746, -177, -10895, -1704, 10554, 2431, -7692, -1019, 3076, -2662, 1872, 7868, -5346, -13362, 5986, 17842, -3699, -20069, -321, 19136, 4458, -14993, -7494, 8753, 8803, -2199, -8344, -3020, 6666, 6035, -4739, -6869, 3522, 6216, -3434, -5058, 4195, 4287, -5089, -4324, 5394, 5017, -4667, -5808, 2918, 6107, -611, -5567, -1525, 4233, 2877, -2505, -3209, 939, 2728, 14, -1925, -192, 1315, -191, -1183, 679, 1513, -821, -2014, 442, 2292, 329, -2048, -1165, 1246, 1702, -115, -1691, -956, 1137, 1619, -271, -1707, -551, 1315, 1041, -701, -1085, 156, 794, 136, -406, -142, 167, -12, -216, 150, 532, -142, -926, -45, 1170, 384, -1124, -766, 807, 1040, -327, -1082, -148, 882, 474, -513, -576, 115, 502, 163, -349, -229, 221, 119, -192, 48, 302, -154, -509, 139, 707, 15, -788, -255, 723, 478, -538, -585, 299, 550, -74, -402, -78, 215, 146, -64, -143, 5, 109, -23, -75, 75, 72, -107, -101, 92, 152, -10, -191, -129, 202, 290, -178, -403, 128, 429, -56, -373, -11, 285, 55, -203, -65, 149, 57, -116, -58, 100, 95, -91, -161, 81, 236, -42, -282, -23, 273, 98, -197, -159, 91, 195, -5, -192, -23, 152, -13, -95, 112, 59, -238, -67, 351, 131, -411, -240, 414, 369, -365, -467, 282, 496, -166, -461, 45, 400, 53, -322, -104, 233, 113, -145, -88, 74, 55, -6, -44, -60, 66, 121, -97, -165, 116, 187, -103, -184, 70, 166, -31, -119, -3, 45, 47, 36, -90, -94, 113, 129, -101, -152, 67, 176, -36, -185, 29, 173, -35, -137, 31, 93, 4, -52, -60, 29, 116, -20, -161, 19, 206, -17, -253, 23, 297, -44, -326, 86, 345, -131, -359, 162, 369, -169, -362, 171, 340, -179, -307, 191, 277, -187, -251, 173, 232, -158, -209, 152, 178, -137, -133, 107, 85, -67, -45, 34, 32, -20, -47, 29, 89, -34, -142, 10, 205, 61, -262, -163, 295, 269, -272, -355, 194, 411, -91, -411, 4, 342, 69, -223, -148, 114, 248, -53, -350, 53, 437, -87, -487, 123, 497, -124, -453, 66, 354, 48, -203, -179, 21, 276, 162, -303, -298, 262, 358, -165, -340, 51, 278, 48, -193, -94, 108, 83, -40, -37, 14, 14, -34, -45, 89, 125, -137, -204, 146, 241, -101, -217, 28, 144, 33, -39, -50, -58, 19, 116, 45, -113, -121, 64, 186, 10, -213, -87, 199, 147, -155, -168, 113, 143, -95, -73, 106, -6, -133
1791219846.641, MrmFullScanInfo, 467, 107, 2456060, 0, 0, 0, 0, 10000, 39297, 32, 4, 2, 1, 480, 0, 0, 0, 0, 0, 0, 201, -74, -346, 230, 243, -294, 8, 171, -235, 50, 329, -195, -366, 241, 410, -226, -354, 147, 147, -12, -23, -29, 101, -133, -74, 351, -236, -369, 629, 165, -734, 62, 451, -83, -23, -84, -207, 220, 110, -185, 118, 22, -236, 123, 180, -117, -55, -2, -13, 90, 48, -84, -50, 76, 46, -128, -74, 236, 138, -350, -154, 411, 89, -357, 24, 173, -140, 112, 203, -425, -142, 635, -80, -477, 406, -361, -629, 2094, 552, -4691, -190, 8060, -291, -12140, 838, 16740, -1392, -21210, 1669, 24455, -915, -25540, -1463, 24223, 5057, -20774, -8536, 15611, 10808, -9395, -11745, 3191, 11756, 1957, -11269, -5466, 10626, 7348, -10075, -8037, 9692, 8139, -9288, -8144, 8503, 8262, -7041, -8365, 4901, 8157, -2376, -7382, -63, 6030, 1958, -4357, -3013, 2774, 3235, -1653, -2907, 1173, 2442, -1250, -2173, 1597, 2232, -1821, -2512, 1608, 2764, -878, -2705, -156, 2166, 1143, -1181, -1757, -9, 1835, 1077, -1413, -1735, 717, 1862, -33, -1529, -402, 966, 498, -412, -309, 28, 5, 146, 235, -152, -288, 85, 135, -26, 145, 21, -417, -58, 586, 107, -635, -131, 610, 125, -561, -97, 529, 82, -513, -98, 492, 149, -416, -212, 260, 259, -38, -253, -193, 180, 386, -63, -494, -37, 494, 101, -405, -120, 301, 91, -234, -20, 213, -47, -214, 81, 216, -75, -190, 36, 131, 17, -55, -47, -2, 35, 17, 1, 20, -27, -90, 38, 163, -46, -194, 60, 175, -71, -119, 88, 46, -110, 33, 127, -84, -117, 86, 75, -39, 7, -27, -107, 95, 193, -140, -237, 157, 255, -141, -253, 94, 242, -17, -240, -50, 268, 70, -312, -35, 340, -22, -331, 81, 302, -131, -272, 175, 258, -199, -265, 202, 301, -180, -348, 137, 386, -63, -398, -27, 377, 123, -298, -199, 169, 231, -21, -200, -107, 130, 210, -68, -277, 40, 299, -34, -271, 36, 210, -39, -146, 52, 108, -71, -77, 80, 28, -52, 34, 5, -79, 25, 116, -11, -159, -31, 206, 78, -225, -100, 193, 97, -110, -85, 12, 87, 65, -94, -99, 91, 103, -73, -95, 62, 91, -64, -92, 76, 96, -88, -87, 105, 72, -119, -61, 122, 64, -98, -56, 61, 20, -21, 33, -1, -65, 8, 71, 2, -64, -13, 65, 12, -66, 11, 67, -49, -59, 84, 48, -89, -42, 60, 49, -8, -52, -40, 30, 82, 25, -113, -98, 130, 171, -113, -235, 61, 285, 1, -293, -52, 254, 103, -189, -163, 135, 229, -96, -282, 69, 319, -49, -334, 38, 334, -32, -305, 16, 242, 22, -152, -71, 53, 115, 42, -143, -117, 164, 160, -167, -165, 141, 155, -87, -141, 38, 125, -15, -103, 21, 91, -22, -100, 1, 136, 44, -177, -85, 204, 100, -202, -82, 182, 46, -158, -6, 141, -13, -130, 2, 128, 34, -134, -64, 134, 85, -106, -99, 64, 113, -32, -117, 33, 105, -58, -69, 85, 24, -89
1791219846.641, MrmDetectionListInfo, 467, 227, 80, 374, 82, 352, 83, 411, 84, 587, 85, 945, 86, 1490, 87, 2141, 88, 2821, 89, 3550, 90, 4424, 91, 5501, 92, 6742, 93, 8056, 94, 9363, 95, 10602, 96, 11705, 97, 12562, 98, 13073, 99, 13258, 100, 13289, 101, 13371, 102, 13590, 103, 13816, 104, 13784, 105, 13318, 106, 12438, 107, 11280, 108, 9956, 109, 8571, 110, 7357, 111, 6667, 112, 6725, 113, 7412, 114, 8292, 115, 8886, 116, 9035, 117, 8940, 118, 8861, 119, 8857, 120, 8827, 121, 8694, 122, 8478, 123, 8226, 124, 7930, 125, 7542, 126, 7026, 127, 6386, 128, 5649, 129, 4843, 130, 4033, 131, 3406, 132, 3192, 133, 3355, 134, 3521, 135, 3368, 136, 2941, 137, 2512, 138, 2236, 139, 2068, 140, 1918, 141, 1786, 142, 1735, 143, 1789, 144, 1908, 145, 2027, 146, 2108, 147, 2137, 148, 2100, 149, 1980, 150, 1775, 151, 1528, 152, 1330, 153, 1275, 154, 1331, 155, 1341, 156, 1199, 157, 1020, 158, 1032, 159, 1270, 160, 1500, 161, 1494, 162, 1269, 163, 1002, 164, 836, 165, 788, 166, 782, 167, 720, 168, 567, 169, 368, 170, 187, 174, 190, 175, 246, 176, 221, 177, 144, 181, 162, 182, 241, 183, 309, 184, 352, 185, 373, 186, 379, 187, 378, 188, 368, 189, 352, 190, 332, 191, 315, 192, 304, 193, 299, 194, 300, 195, 302, 196, 305, 197, 303, 198, 293, 199, 271, 200, 237, 201, 193, 202, 160, 203, 161, 204, 200, 205, 246, 206, 270, 207, 268, 208, 262, 209, 267, 210, 277, 211, 277, 212, 259, 213, 228, 214, 195, 215, 164, 216, 139, 217, 121, 218, 116, 219, 126, 220, 142, 221, 152, 222, 149, 223, 136, 259, 174, 260, 191, 261, 196, 262, 200, 263, 203, 264, 198, 265, 184, 266, 164, 267, 144, 270, 149, 271, 171, 272, 185, 273, 188, 274, 184, 275, 180, 276, 182, 277, 190, 278, 200, 279, 208, 280, 212, 281, 215, 282, 219, 283, 225, 284, 231, 285, 237, 286, 242, 287, 248, 288, 253, 289, 255, 290, 251, 291, 241, 292, 228, 293, 216, 294, 212, 295, 218, 296, 229, 297, 231, 298, 217, 299, 186, 300, 150, 303, 131, 304, 151, 305, 162, 306, 162, 307, 162, 308, 164, 309, 166, 310, 162, 311, 150, 312, 134, 331, 134, 332, 153, 333, 162, 334, 157, 396, 140, 397, 156, 398, 162, 399, 162, 400, 160, 401, 155, 403, 153, 404, 161, 405, 168, 406, 167, 407, 162, 408, 160, 409, 165, 410, 173, 411, 180, 412, 184, 413, 186, 414, 188, 415, 189, 416, 189, 417, 186, 418, 181, 419, 173, 421, 142, 430, 140, 431, 160, 432, 168, 433, 166, 434, 158, 435, 146, 436, 131, 451, 146, 452, 153, 453, 152, 454, 146, 455, 135
1791219846.766, MrmFullScanInfo, 468, 107, 2456185, 0, 0, 0, 0, 10000, 39297, 32, 1, 2, 1, 480, -19716, 32106, 24993, -31617, -29146, 29050, 32353, -21226, -32512, -2892, 32468, 28331, -29530, -32398, 11971, 32512, 7471, -32512, -20400, 32049, 21636, -27315, -16977, 5421, 14097, 10695, -1149, -15245, -9271, 27101, 7246, -28922, 1775, 32038, -8391, -31983, 10581, 31818, -8482, -32219, 3210, 32180, 5349, -28168, -16258, 19615, 25278, -3724, -27501, -11085, 22551, 23623, -14836, -29109, 3431, 27897, 5599, -23400, -11944, 16505, 13183, -9074, -10554, 2398, 4957, 1432, 562, -3033, -5241, 2147, 7607, -317, -6260, -1574, 2668, 2163, 2165, -1229, -6734, -2580, 9004, 6626, -8834, -9919, 6328, 11762, -2431, -11217, -2294, 8246, 5451, -4570, -6350, 1072, 5029, 1062, -2277, 32, -1404, -3345, 3766, 7626, -3965, -11179, 1402, 12922, 1782, -11755, -5448, 7993, 7236, -3506, -7273, -1041, 5520, 4328, -2786, -6120, 812, 5828, 735, -4546, -467, 3131, -817, -2043, 2534, 1604, -3405, -1943, 3331, 2555, -2310, -2678, 463, 2071, 1170, -1142, -2034, -2, 2218, 910, -1810, -1211, 1115, 995, -562, -244, 400, -256, -675, 581, 990, -379, -1221, -197, 1118, 802, -609, -1218, -129, 1219, 642, -974, -917, 280, 852, 5, -520, -259, 188, 215, 23, 79, 32, -280, -188, 425, 414, -213, -747, -105, 767, 530, -571, -781, 162, 845, 192, -550, -432, 234, 734, 119, -492, -273, 341, 258, -138, 3, 137, -300, -67, 536, 353, -464, -606, 396, 539, -183, -515, -77, 310, 180, -16, -312, -206, 114, 406, 5, -263, -54, 202, 18, -112, 64, 85, -214, -85, 182, 172, -288, -305, 94, 333, 17, -345, -123, 222, 268, -43, -271, 21, 226, 87, -111, -12, 97, 66, 12, 76, 126, -184, -222, 81, 230, -21, -305, 18, 187, 33, -269, -141, 181, 140, -18, -137, -40, 101, -11, -121, 170, 32, -258, -67, 307, 48, -362, -148, 312, 178, -213, -248, 11, 164, 32, -87, -54, 118, 89, -107, 61, 83, -1, -118, 26, 262, -2, -299, -148, 195, 224, -229, -264, 185, 180, -36, -191, 18, 56, -24, 39, 7, 28, 22, 107, -28, -5, -37, 12, 32, 22, -81, 28, 20, -47, -3, 35, 28, -125, 128, 115, 168, -53, -38, 74, -51, 10, 2, -65, 27, 103, 61, -127, 114, 135, -89, -180, 140, 164, -222, -318, 286, 382, -303, -337, 174, 343, -196, -333, 94, 294, -3, -321, -38, 317, 40, -203, 51, 185, -45, -194, -26, 146, -9, -157, 45, 191, -87, -175, -29, 230, -44, -188, 43, 285, 121, -344, -190, 337, 258, -200, -331, 181, 321, -172, -195, 77, 123, -63, 84, -91, -211, 208, 281, -323, -425, 497, 466, -619, -616, 724, 541, -681, -537, 458, 442, -74, -402, -206, 228, 304, -16, -482, -84, 580, 364, -383, -243, 381, 197, -162, -118, 190, -47, -91, 15, 271, -62, -256, -109, 205, 194, -191, -227, 171, 428, 28, -283, -162, 302, 271, -57, -196, 22, 154, 31, -69, 53, -61, -115, 93, 178, -107, -227, 46, 309, 49, -258, -26, 204, 79, -141, -136, 50, 52, 3, 10, 28, -59
1791219846.766, MrmFullScanInfo, 468, 107, 2456185, 0, 0, 0, 0, 10000, 39297, 32, 2, 2, 1, 480, 0, 0, 0, 0, 0, 0, 10127, -14480, -19092, 29610, 22679, -31126, -24723, 16987, 28397, 3870, -30719, -21186, 26049, 31365, -13645, -36318, -564, 36816, 10136, -30692, -13235, 17299, 11650, 2, -7880, -16138, 4804, 27513, -5237, -32667, 9536, 32321, -15024, -29253, 18345, 26630, -17682, -26145, 12972, 27119, -4957, -27037, -5163, 23225, 15420, -14523, -23256, 2121, 26461, 10901, -24118, -21168, 17023, 26542, -7486, -26667, -1447, 22479, 7267, -15552, -8897, 7755, 6852, -914, -2653, -3604, -1839, 5279, 4989, -4458, -5737, 2155, 3884, 266, -82, -1494, -4439, 799, 8283, 1677, -10295, -5025, 9884, 8034, -7173, -9661, 3016, 9423, 1229, -7502, -4188, 4712, 4977, -2237, -3454, 1188, 284, -2061, 3207, 4556, -5521, -7732, 5682, 10350, -3640, -11311, 223, 10108, 3296, -6990, -5722, 2805, 6465, 1340, -5661, -4408, 3994, 5796, -2316, -5515, 1333, 4108, -1321, -2352, 2029, 983, -2871, -425, 3267, 646, -2877, -1232, 1735, 1691, -204, -1693, -1194, 1204, 2065, -447, -2259, -222, 1895, 528, -1265, -402, 708, 2, -442, 398, 497, -545, -724, 335, 901, 153, -845, -709, 526, 1096, -55, -1156, -383, 900, 643, -474, -657, 85, 484, 118, -248, -89, 81, -91, -58, 275, 199, -323, -436, 186, 642, 97, -690, -413, 540, 629, -225, -658, -148, 511, 456, -267, -590, 42, 539, 66, -365, -7, 172, -174, -60, 386, 85, -527, -209, 543, 342, -421, -397, 202, 343, 37, -182, -208, -23, 267, 201, -222, -285, 138, 269, -79, -187, 80, 98, -131, -49, 198, 69, -234, -144, 216, 237, -133, -291, 11, 281, 121, -212, -213, 125, 239, -45, -197, -3, 127, 6, -75, 40, 71, -105, -110, 149, 168, -148, -216, 111, 243, -48, -238, -21, 199, 82, -127, -121, 70, 131, -69, -99, 133, 38, -221, 23, 297, -45, -335, 17, 325, 50, -258, -119, 158, 161, -55, -165, -11, 151, 27, -124, 0, 108, -34, -124, 55, 176, -42, -233, -10, 273, 86, -278, -142, 243, 161, -170, -138, 89, 88, -23, -27, -19, -17, 40, 39, -34, -36, 7, 25, 30, -21, -49, 32, 42, -47, -8, 64, -25, -76, 34, 85, -16, -83, 0, 62, 2, -12, -2, -46, 19, 96, -51, -121, 97, 127, -148, -126, 203, 146, -268, -184, 333, 224, -364, -246, 347, 258, -284, -265, 203, 280, -122, -293, 72, 288, -60, -249, 70, 196, -73, -153, 65, 138, -62, -140, 76, 153, -89, -166, 95, 185, -88, -212, 63, 261, -10, -316, -59, 348, 137, -339, -199, 302, 221, -243, -179, 161, 85, -43, 34, -105, -139, 274, 215, -442, -262, 603, 295, -740, -307, 819, 301, -779, -289, 596, 299, -305, -316, 0, 302, 262, -223, -448, 97, 548, 30, -546, -105, 459, 113, -321, -68, 197, 3, -132, 51, 139, -62, -182, 22, 227, 67, -245, -173, 219, 268, -132, -317, 8, 303, 108, -231, -173, 137, 170, -64, -99, 40, -4, -58, 103, 106, -152, -168, 148, 227, -106, -253, 51, 236, 6, -180, -46, 111, 54
1791219846.766, MrmFullScanInfo, 468, 107, 2456185, 0, 0, 0, 0, 10000, 39297, 32, 4, 2, 1, 480, 0, 0, 0, 0, 0, 0, -133, 16, 191, -9, -135, -46, 17, 111, 196, -148, -548, 210, 915, -317, -1041, 376, 886, -306, -679, 171, 559, -93, -299, 47, -262, 85, 919, -285, -1246, 416, 1083, -367, -640, 188, 264, -18, -112, -48, 55, 85, 51, -165, -163, 306, 124, -388, 83, 272, -268, 19, 225, -264, -47, 279, -58, -157, 48, 86, -16, -108, 42, 136, -88, -114, 129, 97, -135, -104, 101, 95, -23, -74, -73, 147, 128, -405, -25, 829, -293, -1203, 737, 1219, -1088, -657, 1157, -500, -846, 2178, 135, -4285, 843, 6796, -1835, -9675, 2699, 12630, -3380, -15008, 3695, 16128, -3324, -15697, 2131, 13850, -320, -10935, -1669, 7375, 3454, -3614, -4801, 86, 5660, 2891, -6050, -5112, 6042, 6488, -5727, -7022, 5204, 6805, -4526, -5995, 3710, 4843, -2790, -3618, 1848, 2531, -932, -1671, 62, 1069, 751, -712, -1474, 534, 2073, -416, -2505, 273, 2724, -79, -2679, -136, 2367, 346, -1839, -507, 1204, 588, -588, -570, 91, 481, 249, -367, -440, 265, 529, -169, -561, 64, 577, 64, -577, -211, 536, 377, -429, -533, 264, 639, -71, -642, -118, 540, 278, -370, -373, 183, 394, -14, -348, -105, 270, 178, -197, -211, 177, 217, -216, -196, 285, 159, -328, -123, 311, 112, -238, -115, 134, 111, -12, -85, -110, 52, 210, -31, -266, 32, 289, -35, -293, 28, 294, -10, -288, 0, 278, -1, -256, 13, 221, -13, -171, -4, 115, 41, -49, -83, -17, 130, 76, -172, -102, 195, 103, -182, -94, 140, 99, -89, -119, 50, 134, -28, -120, 15, 87, -3, -49, -9, 13, 17, 24, 0, -44, -44, 39, 90, -1, -102, -61, 89, 126, -70, -149, 51, 108, -24, -18, 0, -82, 14, 167, -22, -216, 44, 226, -73, -193, 91, 143, -73, -99, 32, 79, 13, -62, -44, 26, 56, 39, -43, -119, 13, 202, 23, -267, -41, 297, 46, -277, -41, 224, 36, -151, -26, 71, 22, 9, -31, -60, 55, 70, -72, -47, 68, 30, -40, -37, 16, 71, -5, -107, 4, 120, 9, -102, -41, 82, 76, -72, -88, 65, 85, -43, -87, 8, 109, 32, -142, -59, 167, 76, -159, -101, 129, 140, -99, -161, 81, 145, -63, -91, 40, 23, -5, 39, -32, -70, 52, 72, -41, -56, 22, 40, -16, -18, 36, -14, -63, 56, 86, -78, -95, 77, 94, -63, -87, 52, 90, -47, -101, 51, 109, -50, -116, 50, 139, -68, -156, 114, 137, -160, -68, 192, -26, -214, 122, 249, -208, -310, 298, 387, -388, -436, 456, 430, -446, -363, 335, 270, -157, -170, -6, 73, 124, 25, -203, -102, 261, 135, -279, -107, 250, 38, -192, 36, 147, -82, -141, 96, 169, -85, -196, 71, 202, -44, -187, 0, 162, 64, -117, -130, 55, 177, 13, -194, -70, 194, 103, -186, -96, 176, 63, -156, -26, 136, 15, -125, -24, 128, 38, -134, -51, 139, 81, -138, -122, 131, 156
1791219846.766, MrmDetectionListInfo, 468, 204, 85, 371, 86, 512, 87, 703, 88, 899, 89, 1038, 90, 1081, 91, 1023, 92, 908, 93, 813, 94, 837, 95, 1045, 96, 1424, 97, 1925, 98, 2568, 99, 3393, 100, 4359, 101, 5362, 102, 6324, 103, 7236, 104, 8099, 105, 8868, 106, 9462, 107, 9803, 108, 9850, 109, 9597, 110, 9055, 111, 8247, 112, 7247, 113, 6254, 114, 5525, 115, 5124, 116, 4829, 117, 4385, 118, 3751, 119, 3125, 120, 2873, 121, 3322, 122, 4357, 123, 5403, 124, 5978, 125, 6115, 126, 6138, 127, 6214, 128, 6246, 129, 6092, 130, 5754, 131, 5331, 132, 4888, 133, 4416, 134, 3892, 135, 3333, 136, 2784, 137, 2272, 138, 1800, 139, 1359, 140, 964, 141, 688, 142, 623, 143, 764, 144, 978, 145, 1133, 146, 1213, 147, 1280, 148, 1366, 149, 1445, 150, 1475, 151, 1449, 152, 1398, 153, 1355, 154, 1322, 155, 1281, 156, 1210, 157, 1105, 158, 975, 159, 834, 160, 688, 161, 543, 162, 407, 163, 307, 164, 277, 165, 315, 166, 372, 167, 398, 168, 387, 169, 363, 170, 346, 171, 334, 172, 322, 173, 315, 174, 325, 175, 355, 176, 394, 177, 426, 178, 441, 179, 443, 180, 437, 181, 422, 182, 395, 183, 365, 184, 348, 185, 352, 186, 365, 187, 368, 188, 350, 189, 315, 190, 272, 191, 230, 192, 198, 193, 187, 194, 197, 195, 211, 196, 212, 197, 200, 198, 192, 199, 194, 200, 206, 201, 217, 202, 226, 203, 232, 204, 234, 205, 232, 206, 223, 207, 208, 208, 189, 209, 167, 210, 143, 216, 116, 217, 136, 218, 144, 219, 148, 220, 155, 221, 162, 222, 166, 223, 164, 224, 159, 225, 154, 226, 150, 227, 145, 228, 141, 229, 137, 230, 133, 231, 129, 244, 140, 245, 151, 246, 151, 247, 145, 248, 136, 249, 126, 250, 115, 276, 108, 285, 105, 286, 119, 287, 126, 288, 134, 289, 142, 290, 144, 291, 138, 292, 125, 308, 134, 309, 153, 310, 168, 311, 173, 312, 168, 313, 157, 314, 142, 315, 125, 359, 126, 360, 126, 361, 123, 404, 137, 405, 133, 409, 143, 410, 181, 411, 222, 412, 260, 413, 295, 414, 333, 415, 375, 416, 413, 417, 439, 418, 449, 419, 441, 420, 413, 421, 368, 422, 307, 423, 238, 424, 167, 430, 146, 431, 174, 432, 196, 433, 207, 434, 202, 435, 183, 436, 154, 445, 135, 446, 137, 447, 135, 448, 128, 460, 133, 461, 147, 462, 150, 463, 144, 464, 135, 479, 122
1791219846.891, MrmFullScanInfo, 469, 107, 2456310, 0, 0, 0, 0, 10000, 39297, 32, 1, 2, 1, 480, -21225, 31725, 24954, -31645, -29963, 29363, 32357, -21888, -32512, -1940, 32361, 27303, -29149, -32391, 11361, 32175, 9324, -32446, -19978, 32103, 21788, -27441, -18098, 6778, 15052, 11303, -1206, -14925, -10834, 27512, 7935, -29464, -128, 32016, -7491, -32192, 10066, 32126, -9096, -32253, 4415, 32043, 5723, -27712, -16153, 18772, 24270, -3366, -27136, -12019, 22732, 23179, -14937, -28647, 4348, 27711, 5669, -22976, -11672, 16346, 13529, -8926, -10060, 2646, 4889, 1471, 445, -2528, -4919, 2340, 7103, -851, -5937, -1523, 2730, 2264, 2055, -1040, -6641, -2164, 9070, 6123, -9085, -9250, 6853, 10799, -3134, -9674, -1521, 6359, 5115, -1761, -6469, -3043, 5805, 6504, -3060, -8238, -66, 7146, 1401, -4991, -1422, 2272, -268, -457, 2604, 316, -4998, -1782, 6487, 3917, -6972, -6001, 6016, 7685, -4740, -8331, 2893, 7911, -812, -6690, -911, 4952, 1990, -3051, -2533, 1288, 2908, 84, -2414, -1439, 1836, 2175, -1010, -2208, 402, 1478, 66, -620, -57, -316, -482, 1039, 1088, -1374, -1482, 926, 1844, -117, -1331, -450, 619, 1006, 101, -916, -743, 492, 899, 40, -681, -292, 57, 220, 635, -11, -919, -678, 695, 1091, -216, -1256, -528, 1024, 1055, -535, -1057, -74, 896, 534, -693, -633, 115, 623, 212, -475, -417, 204, 465, 17, -300, -7, 311, -124, -241, 262, 477, -254, -569, 318, 577, -85, -515, -15, 283, 232, -76, -154, -179, 60, 291, 65, -305, -136, 51, 181, 133, -119, -198, -24, 218, 174, -31, -373, -169, 370, 393, -259, -393, 110, 343, -96, -291, -35, 213, -8, -140, 84, 141, -16, -101, 17, 154, 115, -258, -212, 332, 329, -185, -352, 89, 268, -215, -186, 46, 222, -111, -4, 176, 50, -199, -23, 156, 72, -47, -101, 26, 41, 70, -8, -140, -66, 217, 85, -145, -50, 176, 14, -147, 83, 81, -145, -160, 98, 147, -43, -151, 55, -12, 28, -1, 38, 7, -135, -6, 33, -63, -76, 42, 113, 68, -117, -116, 102, 166, -38, -101, 40, 49, 163, -20, -88, 13, 71, 73, -27, 60, 10, 15, -87, 32, 16, -20, 35, 195, -62, -42, 106, 86, 23, 84, 91, 125, -17, -54, 58, 12, -36, 57, -168, 79, 164, 49, -396, -144, 289, -1, -500, -131, 395, -25, -557, -36, 387, 5, -405, -146, 333, -80, -324, -1, 223, -48, -184, -32, 147, 88, -132, -103, 107, -1, -132, -33, 165, -17, -108, -38, 192, -12, -145, -54, 141, 60, -137, -97, 244, 186, -301, -180, 207, 321, -235, -301, 245, 263, -87, -170, 88, 133, 54, 112, 8, -405, 161, 513, -281, -674, 404, 766, -613, -772, 533, 845, -484, -850, 168, 632, 43, -561, -359, 174, 528, 98, -639, -260, 596, 441, -430, -381, 350, 374, -230, -302, 192, 160, -301, -95, 281, 40, -315, -123, 175, 267, -132, -266, -69, 228, 290, -170, -422, -30, 424, 83, -308, -87, 216, 108, -27, -13, -35, -167, 86, 244, -96, -157, -4, 285, 53, -147, -47, 127, 19, -51, 5, -99, -76, 35, 177, -38, -166
1791219846.891, MrmFullScanInfo, 469, 107, 2456310, 0, 0, 0, 0, 10000, 39297, 32, 2, 2, 1, 480, 0, 0, 0, 0, 0, 0, 10321, -14606, -19398, 29999, 22866, -31792, -24605, 17773, 27955, 3217, -29999, -20868, 25171, 31412, -12849, -36576, -1100, 37164, 10493, -31124, -13612, 17808, 11962, -406, -7838, -16102, 4234, 27957, -4244, -33453, 8408, 33167, -14102, -29906, 17960, 26925, -17893, -26012, 13467, 26631, -5362, -26376, -4939, 22515, 15277, -13851, -23181, 1660, 26528, 10970, -24318, -20828, 17250, 25994, -7615, -26161, -1444, 22180, 7285, -15477, -8835, 7832, 6736, -1068, -2620, -3456, -1682, 5215, 4651, -4483, -5364, 2213, 3654, 224, -53, -1520, -4346, 982, 8198, 1239, -10316, -4255, 10045, 6859, -7394, -8014, 3095, 7217, 1579, -4603, -5230, 849, 6885, 3020, -6388, -5910, 4444, 7030, -2208, -6208, 730, 4027, -562, -1558, 1707, -108, -3713, 379, 5875, 700, -7471, -2602, 8046, 4631, -7485, -6157, 5964, 6823, -3842, -6571, 1592, 5575, 374, -4115, -1801, 2491, 2602, -923, -2803, -421, 2536, 1375, -1969, -1769, 1271, 1568, -618, -895, 201, -15, -122, 888, 352, -1430, -739, 1463, 1079, -999, -1179, 254, 958, 469, -484, -894, -69, 908, 492, -602, -598, 189, 339, 117, 152, -163, -612, -83, 810, 517, -643, -924, 188, 1111, 353, -972, -773, 562, 958, -54, -875, -363, 576, 595, -179, -620, -166, 492, 375, -306, -429, 177, 387, -156, -333, 231, 326, -333, -364, 384, 402, -329, -392, 177, 315, 3, -167, -130, -17, 164, 179, -113, -240, 14, 180, 87, -39, -134, -95, 89, 161, 50, -125, -229, 10, 367, 134, -404, -248, 344, 302, -229, -294, 123, 247, -60, -181, 43, 125, -36, -106, 12, 148, 41, -231, -108, 305, 176, -323, -218, 292, 223, -233, -189, 179, 130, -146, -57, 144, -3, -146, 27, 134, -8, -95, -25, 40, 48, 35, -42, -115, 24, 180, -9, -205, 17, 189, -47, -145, 93, 100, -126, -77, 134, 76, -113, -68, 75, 46, -40, -15, 32, -10, -43, 38, 58, -54, -68, 44, 88, 0, -110, -52, 125, 90, -104, -94, 44, 80, 35, -60, -88, 41, 94, -22, -69, 12, 43, -11, -24, 29, 1, -57, 41, 78, -81, -65, 95, 32, -75, -10, 51, 17, -42, -23, 34, 17, 6, -14, -89, 25, 196, -40, -298, 53, 381, -67, -434, 91, 462, -116, -456, 126, 427, -109, -384, 91, 341, -87, -287, 94, 226, -79, -172, 37, 144, 10, -137, -31, 142, 18, -142, 13, 139, -35, -136, 44, 141, -35, -147, 16, 159, 15, -188, -48, 240, 83, -287, -121, 316, 166, -317, -192, 289, 188, -219, -146, 123, 59, -13, 87, -115, -265, 275, 428, -457, -530, 632, 573, -753, -583, 777, 590, -679, -596, 470, 581, -179, -509, -136, 371, 425, -184, -622, -1, 693, 153, -641, -244, 518, 271, -386, -235, 300, 150, -265, -50, 261, -5, -251, -15, 223, 100, -155, -193, 36, 250, 128, -245, -285, 192, 377, -109, -367, 33, 271, 13, -127, -2, -15, -51, 120, 121, -156, -173, 130, 201, -71, -193, 23, 145, 0, -63, 9, -22, -42
1791219846.891, MrmFullScanInfo, 469, 107, 2456310, 0, 0, 0, 0, 10000, 39297, 32, 4, 2, 1, 480, 0, 0, 0, 0, 0, 0, 129, -116, -210, 373, 122, -667, 123, 818, -347, -713, 479, 415, -487, -96, 354, -90, -158, 215, 74, -362, -146, 475, 181, -387, -57, 59, -184, 339, 452, -620, -649, 693, 643, -576, -283, 299, -238, 94, 507, -436, -385, 589, 166, -591, -99, 522, 113, -353, -44, 72, -103, 238, 199, -436, -141, 441, 14, -262, 10, 32, 85, 127, -156, -191, 92, 181, 89, -113, -263, 48, 293, -53, -136, 157, -106, -379, 334, 725, -500, -1090, 575, 1315, -527, -1296, 395, 1034, -283, -614, 311, 196, -571, 18, 1118, 182, -1970, -933, 3116, 2197, -4382, -3738, 5425, 5251, -5888, -6440, 5667, 7105, -4990, -7152, 4304, 6636, -4007, -5743, 4211, 4797, -4636, -4147, 4774, 4002, -4142, -4270, 2555, 4590, -193, -4515, -2393, 3713, 4488, -2113, -5490, 27, 5182, 1905, -3782, -3002, 1851, 2916, -86, -1787, -936, 151, 998, 1311, -288, -2026, -707, 1776, 1441, -769, -1527, -468, 922, 1361, 86, -1530, -1042, 973, 1538, -27, -1369, -829, 636, 1228, 310, -1038, -1035, 397, 1244, 377, -907, -916, 250, 993, 396, -607, -755, -3, 713, 526, -318, -735, -230, 600, 685, -234, -857, -161, 713, 406, -357, -399, -1, 181, 171, 121, -93, -336, -135, 334, 358, -90, -428, -278, 281, 598, 44, -725, -410, 619, 665, -336, -688, -3, 473, 276, -124, -383, -187, 302, 335, -84, -281, -152, 91, 292, 129, -278, -271, 146, 282, 17, -169, -118, 0, 117, 143, -27, -197, -84, 147, 154, -12, -138, -148, 47, 264, 73, -280, -154, 210, 155, -100, -73, 19, -50, -2, 175, 53, -251, -126, 247, 182, -165, -190, 52, 151, 20, -60, -1, -60, -93, 171, 213, -221, -295, 187, 310, -77, -255, -58, 163, 158, -62, -188, -15, 181, 57, -168, -58, 160, 47, -157, -36, 180, 35, -214, -51, 224, 110, -181, -192, 104, 256, -19, -252, -47, 169, 89, -40, -104, -67, 94, 117, -60, -117, 20, 100, 15, -77, -27, 48, 13, -4, 10, -30, -16, 32, 4, 0, 9, -27, -9, 21, 7, 7, -9, -20, 11, -4, -6, 61, 11, -129, -28, 192, 55, -232, -81, 242, 114, -208, -153, 150, 191, -93, -196, 48, 160, 2, -100, -61, 62, 111, -66, -124, 105, 96, -130, -45, 114, 3, -66, 19, 29, -26, -16, 28, 30, -20, -56, 10, 88, -6, -99, 8, 80, -2, -42, 1, 4, -15, 36, 37, -73, -36, 94, 18, -105, 0, 143, -13, -223, 38, 324, -82, -401, 129, 442, -147, -457, 120, 466, -57, -454, -8, 389, 74, -256, -142, 90, 211, 58, -249, -149, 241, 187, -196, -190, 149, 180, -132, -156, 154, 117, -183, -66, 184, 26, -141, -9, 68, 12, 26, -12, -130, 0, 227, 25, -282, -43, 283, 44, -230, -26, 151, 4, -73, 23, 23, -50, -1, 62, 9, -46, -32, 16, 54, 14, -51, -41, 30, 66, 0, -82, -24
1791219846.907, MrmDetectionListInfo, 469, 238, 85, 473, 86, 623, 87, 751, 88, 848, 89, 914, 90, 941, 91, 924, 92, 861, 93, 763, 94, 645, 95, 524, 96, 416, 100, 461, 101, 667, 102, 968, 103, 1378, 104, 1901, 105, 2518, 106, 3194, 107, 3886, 108, 4552, 109, 5149, 110, 5640, 111, 5997, 112, 6206, 113, 6271, 114, 6208, 115, 6046, 116, 5815, 117, 5550, 118, 5283, 119, 5040, 120, 4837, 121, 4683, 122, 4572, 123, 4494, 124, 4429, 125, 4350, 126, 4229, 127, 4038, 128, 3751, 129, 3350, 130, 2877, 131, 2544, 132, 2642, 133, 3174, 134, 3732, 135, 3894, 136, 3604, 137, 3121, 138, 2787, 139, 2811, 140, 3082, 141, 3220, 142, 2949, 143, 2341, 144, 1668, 145, 1161, 146, 901, 147, 803, 148, 753, 149, 770, 150, 908, 151, 1112, 152, 1281, 153, 1377, 154, 1400, 155, 1334, 156, 1175, 157, 980, 158, 850, 159, 832, 160, 879, 161, 928, 162, 996, 163, 1101, 164, 1152, 165, 1044, 166, 845, 167, 746, 168, 814, 169, 906, 170, 882, 171, 786, 172, 756, 173, 814, 174, 855, 175, 813, 176, 741, 177, 709, 178, 707, 179, 677, 180, 618, 181, 576, 182, 555, 183, 514, 184, 448, 185, 421, 186, 466, 187, 522, 188, 522, 189, 487, 190, 483, 191, 522, 192, 548, 193, 527, 194, 484, 195, 458, 196, 440, 197, 384, 198, 271, 199, 147, 202, 160, 203, 196, 204, 218, 205, 249, 206, 283, 207, 295, 208, 283, 209, 281, 210, 314, 211, 364, 212, 395, 213, 411, 214, 453, 215, 533, 216, 599, 217, 592, 218, 506, 219, 388, 220, 292, 221, 253, 222, 256, 223, 264, 224, 261, 225, 262, 226, 268, 227, 258, 228, 221, 229, 176, 230, 154, 231, 163, 232, 192, 233, 223, 234, 242, 235, 240, 236, 214, 237, 168, 247, 128, 251, 113, 252, 143, 253, 167, 254, 183, 255, 195, 256, 198, 257, 183, 258, 147, 264, 105, 265, 150, 266, 182, 267, 198, 268, 201, 269, 192, 270, 172, 271, 141, 279, 174, 280, 226, 281, 253, 282, 255, 283, 240, 284, 214, 285, 180, 286, 148, 287, 129, 288, 126, 289, 129, 295, 118, 296, 115, 297, 105, 303, 130, 304, 141, 305, 153, 306, 162, 307, 167, 308, 168, 309, 164, 310, 154, 311, 142, 312, 132, 313, 125, 354, 155, 355, 166, 356, 171, 357, 172, 358, 170, 359, 166, 360, 160, 361, 152, 362, 142, 363, 127, 409, 133, 410, 167, 411, 201, 412, 234, 413, 262, 414, 283, 415, 296, 416, 300, 417, 297, 418, 287, 419, 273, 420, 255, 421, 235, 422, 216, 423, 202, 424, 192, 425, 178, 426, 156, 429, 147, 430, 178, 431, 204, 432, 214, 433, 205, 434, 189, 435, 175, 436, 164, 437, 156, 438, 150, 439, 146, 440, 144, 441, 141, 442, 135, 455, 147, 456, 161, 457, 167, 458, 163, 459, 148, 460, 126
1791219847.016, MrmFullScanInfo, 470, 107, 2456435, 0, 0, 0, 0, 10000, 39297, 32, 1, 2, 1, 480, -19516, 32199, 24923, -31664, -29890, 28890, 32357, -21290, -32512, -2370, 32484, 28212, -29243, -32320, 11920, 32401, 7150, -32405, -20491, 32145, 22041, -26808, -16755, 5748, 14822, 10419, -753, -15850, -10037, 27589, 7870, -28622, 630, 31860, -8763, -31882, 10396, 31828, -9036, -32231, 3584, 32104, 5859, -28058, -15339, 20094, 25130, -3538, -27879, -11061, 23446, 23311, -14811, -29670, 3750, 27981, 6393, -23581, -11960, 16720, 14044, -9157, -10519, 2161, 5195, 1963, 314, -3431, -5565, 2490, 7808, -60, -6748, -2176, 2921, 2623, 2117, -1443, -7206, -2093, 9580, 6093, -9447, -9515, 7104, 11210, -2776, -10216, -1624, 7037, 5193, -2432, -6752, -2364, 5948, 5555, -3262, -7091, 174, 5524, 1813, -3232, -2159, 559, 521, 1195, 1504, -1560, -2989, 611, 3595, 433, -2885, -1165, 1285, 1407, 272, -691, -957, -198, 1023, 1071, -18, -761, -1740, -562, 3199, 2417, -3896, -4896, 3792, 6425, -2735, -6992, 1075, 6048, 543, -4368, -1738, 2208, 2332, -117, -2568, -1295, 2557, 1883, -2054, -1940, 1944, 1721, -2037, -1239, 2284, 1021, -2330, -958, 2152, 807, -1844, -716, 1189, 638, -466, -639, 33, 631, 312, -481, -711, 636, 868, -705, -853, 756, 1062, -811, -989, 763, 1102, -519, -1319, 112, 1442, 251, -1149, -674, 723, 859, -277, -698, -181, 509, 462, -316, -470, 54, 231, 100, -154, -7, -24, -169, 145, 359, 149, -491, -418, 488, 568, -309, -761, 63, 793, 238, -525, -514, 295, 590, -95, -451, -105, 467, 356, -204, -260, 171, 273, -85, -263, 109, 391, -117, -665, 156, 649, -38, -726, -113, 756, 147, -490, -275, 360, 227, -102, -228, -72, 96, 248, -57, -245, 84, 105, -54, -166, 116, 42, -107, -77, 203, 97, -109, -51, 158, 137, 45, -92, 24, 110, 89, -23, -141, 42, 120, -167, -238, 161, 82, -276, -163, 176, 151, -225, -142, 212, 74, -197, -73, 143, 46, -77, -40, 52, -10, 31, -19, 239, 114, -60, -58, 68, 111, -77, -41, -91, 67, 134, 4, -111, -19, 112, 65, -165, 1, 161, -68, -144, 59, 129, 41, 93, -39, -11, -73, 85, 23, -116, -91, 130, -47, -142, -60, 121, 137, -185, -112, 60, 215, -98, -211, 58, 231, -24, -208, -13, 296, -20, -352, 73, 367, -20, -311, -6, 301, -48, -350, -12, 330, 109, -203, -105, 113, 39, -84, -20, 53, 39, -20, 63, 25, -46, -50, -4, 89, 23, -150, 9, 76, -9, -92, 0, 116, 45, -105, -72, 306, 153, -265, -164, 260, 181, -319, -304, 159, 340, -108, -231, 111, 38, -48, 194, -157, -381, 192, 505, -311, -730, 501, 825, -497, -852, 555, 889, -333, -807, 220, 652, 144, -413, -508, 208, 526, 75, -510, -213, 560, 384, -449, -415, 261, 251, -225, -156, 83, 210, -236, -169, 405, 106, -251, -182, 298, 222, -66, -302, -55, 247, 180, -45, -323, -98, 279, 187, -272, -135, 73, 125, 3, -87, -95, -91, 72, 245, -117, -310, 76, 264, 9, -198, 136, 152, -151, -128, 148, 49, -168, -101, 244, 58, -210
1791219847.016, MrmFullScanInfo, 470, 107, 2456435, 0, 0, 0, 0, 10000, 39297, 32, 2, 2, 1, 480, 0, 0, 0, 0, 0, 0, 10203, -14500, -19274, 29696, 22872, -31308, -24789, 17224, 28287, 3675, -30528, -21083, 25920, 31315, -13612, -36254, -584, 36726, 10242, -30652, -13418, 17351, 11761, -22, -7759, -16318, 4392, 27890, -4646, -33044, 8969, 32529, -14679, -29258, 18318, 26483, -17874, -25928, 13225, 26944, -5201, -26974, -4921, 23246, 15281, -14598, -23375, 2253, 26808, 10757, -24470, -21129, 17175, 26688, -7371, -26973, -1758, 22836, 7629, -15788, -9224, 7731, 7123, -629, -2858, -4004, -1772, 5582, 5137, -4508, -6094, 1952, 4306, 618, -337, -1933, -4499, 1341, 8639, 1019, -10797, -4268, 10375, 7165, -7536, -8588, 3132, 7954, 1555, -5396, -5189, 1678, 6823, 2078, -6248, -4752, 4083, 5644, -1477, -4715, -398, 2571, 912, -172, -162, -1548, -1197, 2108, 2364, -1602, -2732, 545, 2174, 442, -1028, -886, -112, 686, 692, -146, -363, -221, -854, -12, 2564, 1005, -4158, -2553, 5072, 4163, -4965, -5260, 3838, 5475, -2025, -4742, 45, 3303, 1646, -1592, -2764, 87, 3230, 903, -3164, -1302, 2848, 1220, -2547, -858, 2376, 448, -2286, -150, 2156, 29, -1868, -72, 1398, 243, -829, -462, 292, 654, 141, -785, -445, 883, 623, -964, -697, 1027, 722, -1047, -753, 990, 852, -826, -1022, 563, 1176, -218, -1188, -152, 1003, 466, -644, -642, 216, 660, 150, -537, -345, 332, 358, -131, -240, 32, 77, -69, 34, 217, -20, -398, -118, 524, 329, -519, -533, 367, 658, -101, -655, -190, 540, 415, -341, -515, 109, 503, 97, -415, -226, 304, 283, -214, -320, 183, 388, -211, -486, 257, 586, -259, -653, 199, 661, -89, -586, -32, 435, 134, -234, -188, 27, 201, 134, -187, -204, 164, 188, -137, -124, 123, 61, -126, -20, 141, 10, -145, -23, 123, 55, -77, -85, 21, 100, 38, -104, -93, 124, 127, -168, -123, 221, 94, -252, -63, 259, 50, -249, -41, 233, 29, -203, -13, 158, 5, -100, -2, 59, 10, -56, -20, 87, 32, -113, -38, 108, 46, -61, -53, -10, 61, 80, -56, -123, 40, 147, -27, -156, 41, 152, -65, -119, 68, 64, -37, -2, 1, -45, 12, 84, -6, -116, 7, 138, -7, -146, -6, 153, 43, -155, -91, 154, 141, -144, -179, 129, 206, -106, -232, 94, 270, -105, -303, 131, 317, -142, -310, 136, 302, -113, -297, 77, 283, -30, -240, -7, 178, 27, -110, -24, 56, 6, -21, 19, 11, -33, -27, 35, 66, -33, -98, 38, 110, -37, -105, 25, 116, 1, -160, -27, 232, 48, -297, -67, 331, 104, -324, -159, 288, 198, -230, -166, 148, 48, -16, 122, -156, -289, 346, 430, -522, -535, 670, 606, -755, -642, 752, 652, -639, -630, 413, 576, -99, -487, -220, 364, 463, -199, -593, 17, 623, 138, -570, -220, 455, 224, -317, -187, 230, 143, -227, -92, 279, 52, -310, -51, 280, 108, -188, -184, 59, 218, 86, -175, -219, 81, 304, 11, -299, -71, 211, 93, -78, -66, -42, -12, 134, 122, -182, -209, 192, 239, -177, -209, 166, 145, -163, -75, 170, 25, -185
1791219847.016, MrmFullScanInfo, 470, 107, 2456435, 0, 0, 0, 0, 10000, 39297, 32, 4, 2, 1, 480, 0, 0, 0, 0, 0, 0, -61, 60, 36, -155, 57, 222, -133, -228, 184, 181, -308, -61, 504, -115, -563, 264, 403, -333, -180, 318, 100, -263, -111, 233, 74, -210, 30, 100, -153, 128, 247, -337, -289, 410, 230, -323, -65, 123, -45, 135, 1, -352, 102, 473, -49, -511, -152, 434, 281, -184, -212, -190, 14, 503, 186, -625, -306, 545, 347, -288, -355, -60, 327, 370, -207, -481, -45, 333, 369, -29, -597, -231, 579, 352, -296, -369, -81, 332, 361, -209, -429, -36, 328, 396, -178, -779, 63, 1063, 52, -1170, -259, 1091, 600, -846, -1008, 445, 1364, 131, -1560, -856, 1569, 1599, -1335, -2121, 740, 2212, 297, -1754, -1675, 761, 3115, 644, -4249, -2232, 4741, 3702, -4380, -4713, 3154, 4949, -1251, -4217, -973, 2552, 3098, -227, -4704, -2294, 5487, 4473, -5303, -5809, 4227, 6029, -2533, -5155, 643, 3498, 1024, -1516, -2163, -295, 2652, 1559, -2570, -2092, 2193, 1937, -1831, -1300, 1664, 499, -1681, 171, 1765, -533, -1739, 557, 1469, -303, -945, -77, 301, 403, 302, -551, -719, 531, 865, -423, -750, 334, 500, -343, -266, 453, 179, -583, -289, 645, 534, -571, -765, 359, 853, -64, -750, -203, 506, 351, -235, -328, 55, 158, -10, 68, 83, -225, -199, 232, 275, -75, -236, -163, 70, 367, 190, -437, -462, 345, 645, -113, -668, -171, 549, 401, -337, -487, 98, 420, 94, -245, -183, 52, 184, 78, -165, -97, 188, 16, -253, 98, 338, -164, -416, 156, 459, -97, -421, 25, 281, 33, -61, -56, -169, 52, 338, -27, -401, 0, 369, 26, -284, -28, 199, 2, -138, 43, 103, -69, -80, 60, 68, -22, -53, -26, 25, 87, 4, -158, -1, 223, -45, -257, 109, 265, -146, -258, 147, 241, -120, -198, 90, 131, -65, -59, 45, 17, -21, -11, 10, 36, -27, -63, 59, 81, -69, -83, 33, 81, 41, -75, -120, 64, 169, -31, -179, -14, 174, 37, -163, -8, 150, -40, -119, 63, 79, -41, -42, 17, 19, -28, 7, 60, -55, -71, 109, 65, -136, -65, 138, 94, -135, -123, 140, 130, -133, -95, 106, 39, -64, 9, 31, -25, -15, 27, 6, -37, 21, 55, -55, -57, 79, 44, -98, -32, 126, 42, -143, -69, 130, 107, -85, -139, 34, 157, 2, -150, -8, 117, -2, -66, 14, 30, -14, -23, 13, 38, -15, -43, 22, 31, -18, -10, -3, -3, 40, 8, -62, -4, 52, 5, -21, -16, 16, 25, -46, -2, 82, -39, -98, 74, 114, -79, -143, 66, 183, -32, -212, -9, 220, 48, -191, -82, 133, 120, -69, -139, 23, 113, 8, -54, -36, 7, 55, 12, -46, -20, 23, 30, -16, -19, 44, -23, -73, 79, 73, -100, -44, 69, 16, -7, 4, -42, -35, 59, 89, -53, -138, 42, 151, -21, -126, -4, 93, 23, -65, -19, 29, 13, 17, -20, -45, 50, 36, -86, 0, 126, -26, -155, 24, 168, 6, -162
1791219847.016, MrmDetectionListInfo, 470, 183, 73, 341, 74, 316, 80, 415, 81, 437, 82, 406, 83, 330, 87, 304, 93, 415, 94, 488, 95, 524, 96, 557, 97, 607, 98, 668, 99, 725, 100, 770, 101, 803, 102, 825, 103, 833, 104, 827, 105, 822, 106, 866, 107, 1009, 108, 1239, 109, 1466, 110, 1601, 111, 1624, 112, 1562, 113, 1447, 114, 1309, 115, 1222, 116, 1272, 117, 1466, 118, 1719, 119, 1992, 120, 2355, 121, 2883, 122, 3507, 123, 4032, 124, 4309, 125, 4340, 126, 4197, 127, 3905, 128, 3452, 129, 2899, 130, 2410, 131, 2144, 132, 2119, 133, 2226, 134, 2442, 135, 2932, 136, 3765, 137, 4662, 138, 5247, 139, 5399, 140, 5259, 141, 4977, 142, 4555, 143, 3936, 144, 3151, 145, 2379, 146, 1839, 147, 1593, 148, 1522, 149, 1490, 150, 1514, 151, 1706, 152, 2049, 153, 2324, 154, 2337, 155, 2123, 156, 1854, 157, 1636, 158, 1448, 159, 1245, 160, 1050, 161, 934, 162, 940, 163, 1039, 164, 1148, 165, 1175, 166, 1084, 167, 907, 168, 697, 169, 493, 170, 328, 171, 249, 172, 290, 173, 422, 174, 567, 175, 664, 176, 693, 177, 668, 178, 610, 179, 538, 180, 463, 181, 396, 182, 346, 183, 323, 184, 329, 185, 362, 186, 414, 187, 476, 188, 539, 189, 591, 190, 620, 191, 617, 192, 580, 193, 514, 194, 443, 195, 401, 196, 393, 197, 389, 198, 354, 199, 285, 200, 202, 201, 129, 206, 185, 207, 239, 208, 248, 209, 215, 210, 172, 211, 150, 212, 158, 213, 191, 214, 246, 215, 320, 216, 395, 217, 448, 218, 461, 219, 437, 220, 399, 221, 379, 222, 389, 223, 413, 224, 422, 225, 396, 226, 338, 227, 273, 228, 225, 229, 199, 230, 183, 231, 158, 236, 139, 239, 148, 240, 197, 241, 252, 242, 287, 243, 300, 244, 297, 245, 286, 246, 265, 247, 230, 248, 183, 249, 132, 254, 165, 255, 203, 256, 214, 257, 206, 258, 193, 259, 182, 260, 171, 261, 153, 262, 128, 263, 101, 280, 127, 281, 151, 282, 174, 283, 191, 284, 202, 285, 205, 286, 203, 287, 196, 288, 183, 289, 166, 290, 144, 291, 120, 342, 132, 343, 135, 344, 132, 345, 121, 415, 117, 416, 117, 479, 97
1791219847.141, MrmFullScanInfo, 471, 107, 2456560, 0, 0, 0, 0, 10000, 39297, 32, 1, 2, 1, 480, -20428, 32136, 24882, -31536, -29116, 29394, 32343, -21110, -32512, -1445, 32437, 27602, -28573, -32388, 11058, 32264, 8865, -32496, -20953, 32140, 21725, -27587, -17489, 6159, 14762, 11077, -1130, -15065, -11990, 26982, 7824, -29019, 123, 31776, -8094, -31777, 10174, 32132, -8734, -32285, 3808, 32062, 5101, -27912, -16193, 19034, 25016, -3670, -27576, -11711, 22951, 23091, -14675, -29191, 3794, 27610, 5729, -23125, -11220, 16665, 13490, -8748, -10383, 2208, 4961, 1767, 405, -2785, -5056, 2391, 7484, -387, -6360, -1596, 2577, 2310, 2283, -1238, -6795, -2239, 9212, 6337, -9103, -9451, 6917, 10696, -2977, -9906, -1482, 6688, 5155, -2296, -6441, -2121, 5886, 5385, -3219, -6768, 96, 5518, 1650, -3346, -2111, 903, 638, 869, 1444, -1071, -2804, 66, 3281, 1084, -2669, -1863, 968, 2002, 634, -1252, -1642, -48, 2106, 1290, -1804, -2211, 797, 2323, 43, -1554, -407, 832, 88, 114, 432, -523, -998, 805, 1131, -1131, -624, 1677, -355, -2302, 1274, 3115, -1733, -3647, 1817, 3597, -1061, -3299, 339, 2423, -31, -1330, 28, 309, -104, 324, 488, -420, -494, 412, -99, -243, 884, 254, -1699, -570, 2311, 1178, -2092, -1789, 1338, 1976, -193, -1753, -560, 1105, 1320, -157, -1694, -654, 1611, 1233, -979, -1402, 447, 1217, -35, -836, -160, 226, -13, -144, 407, 179, -514, -486, 513, 849, -302, -1143, -107, 988, 703, -832, -866, 499, 967, -148, -836, -133, 597, 264, -434, -300, 364, 283, -352, -302, 377, 325, -250, -430, 235, 564, 14, -542, -164, 433, 380, -312, -480, -24, 489, 175, -332, -246, 186, 230, -38, -193, -10, 131, 50, 26, 35, 125, -42, -26, 94, 179, -21, -177, -23, 220, -27, -279, -86, 41, 106, 69, -121, -163, 35, 109, 160, -159, -117, 147, 142, 15, -5, 14, -161, 55, 246, -131, -276, 92, 365, 37, -380, -67, 246, 63, -31, -108, -131, -26, 118, 1, -213, -90, 114, 5, -171, -30, 20, -54, 48, 109, 20, -123, 15, 172, -30, -100, 50, 110, 7, -44, 30, 88, -19, -103, 54, 87, -13, -72, 47, 77, -81, -97, -30, -25, 53, 34, 50, 12, -46, 90, -52, 40, -97, -47, -61, 35, -6, -110, -48, 167, 153, -229, -27, 251, -24, -358, 70, 419, -85, -396, -35, 466, -49, -377, 62, 341, -38, -308, -53, 240, -23, -125, -59, 161, 53, -74, 18, 77, 19, -127, -76, 124, 42, -10, -64, -15, 29, -40, 21, 47, -4, -88, -19, 165, 117, -141, -136, 260, 212, -192, -239, 105, 249, -103, -91, 144, -7, 96, 275, -84, -454, 187, 596, -303, -708, 460, 877, -556, -890, 562, 802, -403, -632, 180, 528, 19, -384, -319, 64, 558, 158, -592, -378, 576, 455, -469, -469, 306, 408, -184, -276, 46, 111, -230, -58, 253, 52, -234, -92, 224, 205, -182, -211, -6, 210, 160, -198, -348, 140, 391, 15, -378, -18, 192, -39, -80, 21, -34, -138, 30, 326, -17, -368, 5, 316, -26, -283, 3, 175, 40, -57, 42, 61, -68, 40, 129, -84, -197
1791219847.141, MrmFullScanInfo, 471, 107, 2456560, 0, 0, 0, 0, 10000, 39297, 32, 2, 2, 1, 480, 0, 0, 0, 0, 0, 0, 10151, -14517, -19098, 29761, 22627, -31506, -24515, 17581, 27892, 3305, -29867, -20943, 24985, 31514, -12645, -36705, -1270, 37267, 10526, -31102, -13457, 17622, 11665, -165, -7444, -16231, 3805, 27885, -3933, -33166, 8348, 32732, -14220, -29471, 18034, 26665, -17812, -26013, 13346, 26822, -5318, -26634, -4979, 22807, 15446, -14200, -23430, 1989, 26674, 10825, -24261, -20949, 17093, 26288, -7551, -26439, -1358, 22286, 7187, -15365, -8885, 7571, 6929, -783, -2804, -3654, -1676, 5278, 4871, -4447, -5676, 2132, 3852, 330, -45, -1639, -4498, 1055, 8387, 1257, -10469, -4347, 10125, 7001, -7411, -8228, 3107, 7566, 1507, -5150, -5072, 1652, 6647, 1929, -6065, -4555, 3962, 5531, -1462, -4761, -323, 2789, 807, -541, -87, -1053, -1213, 1503, 2328, -912, -2668, -180, 2068, 1135, -794, -1469, -640, 1048, 1744, -88, -2195, -958, 1959, 1654, -1283, -1743, 574, 1252, -150, -420, 107, -450, -277, 1157, 347, -1637, -35, 1944, -702, -2169, 1649, 2379, -2429, -2564, 2720, 2664, -2420, -2575, 1725, 2203, -954, -1524, 366, 685, -59, 69, -28, -530, 94, 624, -337, -428, 833, 154, -1469, -40, 2011, 232, -2196, -686, 1895, 1197, -1171, -1493, 222, 1404, 725, -932, -1447, 250, 1766, 424, -1636, -904, 1187, 1081, -641, -948, 223, 627, -58, -299, 143, 135, -350, -205, 522, 463, -526, -767, 312, 982, 62, -1023, -451, 880, 722, -595, -815, 263, 760, 20, -632, -192, 512, 255, -430, -253, 385, 259, -345, -311, 286, 400, -183, -474, 29, 484, 156, -401, -327, 244, 431, -61, -429, -89, 335, 181, -195, -200, 72, 166, 0, -108, -7, 65, -23, -56, 61, 86, -80, -141, 82, 191, -62, -189, 18, 124, 49, -20, -96, -70, 84, 137, -18, -170, -46, 162, 63, -104, -12, 9, -79, 97, 173, -174, -245, 191, 297, -148, -307, 78, 250, -4, -126, -50, -16, 75, 128, -67, -184, 45, 186, -26, -139, 26, 65, -40, 9, 69, -55, -99, 78, 118, -81, -113, 73, 92, -53, -73, 40, 68, -40, -70, 51, 71, -62, -66, 68, 57, -56, -38, 28, 16, 0, 7, -8, -24, 5, 27, 3, -9, -10, -20, 14, 60, -3, -110, -10, 173, 11, -234, 26, 286, -92, -321, 156, 349, -185, -370, 185, 382, -174, -368, 159, 331, -128, -278, 88, 224, -43, -172, 11, 133, 4, -105, -4, 94, 4, -94, -8, 90, 19, -66, -27, 41, 25, -30, -8, 45, -4, -79, 0, 133, 28, -194, -68, 242, 113, -253, -144, 231, 143, -178, -81, 92, -39, 37, 197, -193, -353, 358, 485, -519, -579, 669, 633, -769, -632, 774, 583, -650, -512, 418, 441, -122, -355, -184, 235, 454, -81, -633, -78, 696, 212, -641, -290, 504, 303, -340, -249, 219, 154, -170, -52, 182, -7, -209, 4, 222, 54, -190, -131, 98, 202, 47, -243, -199, 242, 307, -200, -326, 141, 254, -87, -126, 70, 2, -108, 87, 196, -136, -277, 154, 309, -138, -273, 100, 196, -56, -105, 36, 22, -48
1791219847.141, MrmFullScanInfo, 471, 107, 2456560, 0, 0, 0, 0, 10000, 39297, 32, 4, 2, 1, 480, 0, 0, 0, 0, 0, 0, -78, 13, 195, -17, -223, -70, 212, 216, -305, -252, 521, 86, -722, 164, 741, -348, -533, 401, 219, -304, 1, 139, -144, -29, 351, 5, -580, 13, 651, -36, -508, 33, 320, -19, -178, 34, 49, -37, 74, -44, -93, 167, -27, -216, 152, 166, -125, -72, -15, -9, 128, 94, -88, -176, -95, 260, 275, -316, -301, 307, 190, -192, -50, 7, -37, 145, 76, -162, -105, 49, 163, 82, -215, -133, 182, 127, -49, -124, -83, 106, 134, -6, -102, -158, 46, 295, -1, -313, -21, 218, 30, -79, -8, 0, -53, -49, 150, 241, -233, -524, 249, 812, -138, -1005, -137, 1039, 597, -886, -1181, 538, 1785, -6, -2296, -653, 2635, 1351, -2761, -1989, 2713, 2522, -2588, -2908, 2492, 3132, -2484, -3191, 2576, 3105, -2679, -2856, 2614, 2416, -2162, -1765, 1202, 906, 243, 111, -1957, -1163, 3571, 2082, -4663, -2730, 4968, 3047, -4524, -3008, 3652, 2603, -2717, -1879, 1956, 1011, -1422, -235, 1030, -235, -617, 312, 64, -70, 651, -278, -1434, 503, 2101, -460, -2425, 158, 2283, 256, -1717, -564, 913, 613, -93, -386, -526, 3, 823, 367, -800, -585, 582, 591, -344, -404, 237, 127, -309, 97, 510, -136, -716, -32, 812, 329, -710, -608, 416, 760, -27, -731, -309, 551, 496, -291, -508, 57, 403, 74, -273, -83, 202, 20, -217, 51, 300, -71, -392, 15, 439, 100, -403, -211, 301, 251, -173, -181, 67, 32, -17, 126, 46, -222, -126, 234, 209, -162, -245, 50, 214, 57, -114, -120, -6, 129, 92, -85, -112, 8, 88, 61, -40, -74, -23, 16, 92, 82, -119, -161, 72, 204, 33, -204, -130, 159, 170, -68, -144, -40, 81, 137, -11, -183, -51, 169, 106, -114, -122, 47, 71, 17, 33, -63, -139, 82, 206, -74, -227, 55, 222, -36, -192, 32, 143, -41, -82, 66, 25, -89, 33, 97, -84, -78, 114, 49, -120, -26, 124, 17, -128, -13, 123, 21, -97, -38, 59, 58, -6, -60, -49, 50, 90, -31, -97, 11, 93, 8, -90, -14, 90, 18, -83, -24, 88, 29, -97, -18, 92, 7, -55, -2, 6, 3, 30, 6, -37, -28, 33, 50, -36, -48, 51, 33, -55, -20, 44, 21, -23, -25, 7, 27, 4, -25, -12, 25, 26, -19, -40, -4, 57, 48, -70, -82, 67, 93, -37, -89, 0, 94, 25, -103, -23, 102, 14, -85, -13, 70, 28, -57, -53, 50, 80, -49, -93, 56, 95, -53, -86, 40, 78, -24, -72, 17, 68, -15, -40, 7, -14, 15, 74, -29, -108, 21, 122, -10, -123, 22, 117, -45, -97, 59, 80, -51, -73, 30, 75, -1, -59, -28, 23, 59, 14, -77, -30, 70, 37, -34, -47, -5, 55, 29, -30, -28, -32, 17, 106, 1, -150, -18, 161, 29, -140, -30, 107, 33, -79, -39, 75, 36, -82, -14, 83, 0, -63, -11, 41, 42, -22, -63, 3, 70
1791219847.141, MrmDetectionListInfo, 471, 152, 108, 411, 109, 478, 110, 523, 111, 549, 112, 573, 113, 618, 114, 699, 115, 809, 116, 915, 117, 988, 118, 1025, 119, 1048, 120, 1116, 121, 1300, 122, 1599, 123, 1913, 124, 2145, 125, 2289, 126, 2399, 127, 2514, 128, 2620, 129, 2696, 130, 2741, 131, 2775, 132, 2809, 133, 2842, 134, 2864, 135, 2870, 136, 2856, 137, 2814, 138, 2726, 139, 2572, 140, 2340, 141, 2019, 142, 1611, 143, 1141, 144, 686, 145, 420, 146, 582, 147, 1245, 148, 2154, 149, 2922, 150, 3378, 151, 3629, 152, 3818, 153, 3951, 154, 3943, 155, 3763, 156, 3466, 157, 3121, 158, 2759, 159, 2374, 160, 1972, 161, 1577, 162, 1218, 163, 912, 164, 677, 165, 535, 166, 469, 167, 413, 168, 307, 169, 187, 170, 183, 171, 382, 172, 717, 173, 1033, 174, 1237, 175, 1338, 176, 1375, 177, 1359, 178, 1290, 179, 1193, 180, 1101, 181, 1013, 182, 896, 183, 718, 184, 496, 185, 309, 186, 246, 187, 311, 188, 424, 189, 523, 190, 600, 191, 651, 192, 651, 193, 591, 194, 495, 195, 395, 196, 308, 197, 237, 198, 193, 199, 196, 200, 250, 201, 329, 202, 394, 203, 424, 204, 440, 205, 479, 206, 547, 207, 604, 208, 606, 209, 549, 210, 465, 211, 405, 212, 406, 213, 457, 214, 495, 215, 471, 216, 393, 217, 305, 218, 241, 219, 208, 220, 192, 221, 176, 222, 152, 226, 154, 227, 192, 228, 218, 229, 227, 230, 229, 231, 240, 232, 262, 233, 283, 234, 286, 235, 267, 236, 231, 237, 184, 243, 126, 244, 171, 245, 194, 246, 202, 247, 203, 248, 193, 249, 171, 250, 141, 251, 117, 270, 140, 271, 132, 274, 138, 275, 155, 276, 159, 277, 143, 284, 106, 285, 115, 286, 124, 287, 125, 288, 115, 296, 142, 297, 152, 298, 148, 299, 142, 300, 137
1791219847.266, MrmFullScanInfo, 472, 107, 2456685, 0, 0, 0, 0, 10000, 39297, 32, 1, 2, 1, 480, -20656, 32048, 25256, -31833, -30076, 29321, 32419, -20471, -32469, -1727, 32448, 27277, -28981, -32309, 10247, 32316, 9051, -32485, -20564, 32012, 23212, -27462, -18726, 5883, 14177, 11295, -845, -14543, -9392, 26963, 8130, -28578, 130, 32178, -9026, -31895, 9143, 32080, -7250, -32330, 3399, 32067, 5569, -28151, -15994, 19447, 24614, -3573, -27668, -11633, 23510, 22659, -14860, -29522, 3240, 27856, 6295, -23191, -11709, 16785, 13833, -9151, -10546, 2000, 5138, 1844, 541, -3291, -5134, 2600, 7474, -413, -6455, -1844, 2642, 2360, 2265, -1186, -6951, -1911, 9491, 6164, -9363, -9314, 6686, 10991, -2848, -10048, -1748, 6831, 5071, -2529, -6700, -2184, 5896, 5372, -3232, -6854, -26, 5490, 1804, -3219, -2030, 855, 679, 897, 1293, -1037, -2824, 247, 3384, 1115, -2772, -1873, 853, 2040, 807, -1336, -1643, -24, 2136, 1284, -1553, -1902, 521, 1904, 365, -1301, -811, 381, 812, 466, -273, -537, -275, 270, 525, 193, -85, -677, -552, 812, 902, -625, -1042, 201, 792, -106, 164, -39, -1356, -235, 2408, 558, -3129, -921, 3399, 952, -3202, -784, 2477, 732, -1833, -480, 1172, 425, -579, -499, 150, 684, 202, -847, -753, 1013, 1263, -1110, -1152, 996, 1355, -669, -1447, 259, 1393, 52, -1065, -182, 713, 367, -412, -289, 276, 256, -149, -333, 220, 207, -340, -385, 181, 529, -67, -786, -16, 755, 64, -627, -323, 485, 489, -337, -288, 96, 242, 92, 143, -110, -405, 143, 469, -2, -426, -180, 461, 133, -235, -149, -17, 125, 61, -93, -236, 95, 137, -31, -127, 90, -8, -134, -101, 148, 151, -174, -303, 194, 234, -146, -213, 61, 79, -51, 42, 93, -268, -107, 238, 249, -155, -309, 137, 225, 57, -113, -42, 106, 226, -56, -156, -145, 282, 221, -312, -145, 147, 120, -271, -88, 279, 63, -257, 56, 320, -30, -307, -75, 169, -59, -50, 14, 153, -152, -152, 40, 31, -180, -147, 82, 152, 25, -233, -25, 211, 159, -143, -202, 175, 115, -100, -194, 54, 181, 51, -176, 108, 243, 48, -196, -91, 206, 68, -233, -108, 255, 154, -162, -198, 104, 153, 31, -70, -13, 44, 98, -62, 27, 60, 32, -88, 28, 49, -113, -145, 190, 93, -281, -82, 232, 45, -237, 118, 267, -54, -352, 92, 417, -128, -345, 158, 352, -19, -291, -22, 259, 79, -163, -83, 92, 117, -93, -87, 165, 128, -125, -85, 288, -25, -294, 40, 209, -51, -249, 53, 256, -3, -328, -169, 265, 93, -206, -168, 153, 289, -123, -259, 142, 255, -92, -142, -36, -26, 125, 179, -160, -425, 259, 690, -422, -909, 590, 1228, -751, -1372, 803, 1355, -545, -1221, 301, 923, 25, -529, -288, 175, 635, 199, -605, -480, 664, 712, -486, -619, 443, 478, -371, -344, 395, 209, -417, -173, 382, 152, -530, -195, 300, 413, -209, -339, -79, 349, 262, -263, -399, 51, 373, 53, -389, -142, 302, 158, -187, -43, 15, -72, 12, 218, -40, -288, -29, 337, 76, -315, -23, 109, -9, -61, 2, 77, -156, -67, 147, 52, -165
1791219847.266, MrmFullScanInfo, 472, 107, 2456685, 0, 0, 0, 0, 10000, 39297, 32, 2, 2, 1, 480, 0, 0, 0, 0, 0, 0, 10344, -14570, -19471, 29805, 23010, -31447, -24797, 17463, 28033, 3370, -29813, -20955, 24763, 31539, -12333, -36752, -1719, 37327, 11173, -31188, -14112, 17716, 12166, -265, -7908, -16020, 4335, 27524, -4420, -32824, 8643, 32584, -14224, -29563, 17636, 26959, -17076, -26434, 12597, 27262, -4887, -26971, -4998, 22958, 15246, -14209, -23317, 2002, 26737, 10747, -24322, -20921, 16956, 26438, -7206, -26767, -1768, 22684, 7517, -15679, -9080, 7671, 7020, -629, -2856, -3968, -1624, 5575, 4832, -4582, -5699, 2104, 3935, 440, -109, -1785, -4531, 1252, 8498, 1039, -10558, -4221, 10117, 7057, -7328, -8447, 3021, 7837, 1564, -5362, -5112, 1752, 6686, 1930, -6080, -4603, 3934, 5568, -1401, -4757, -399, 2756, 885, -504, -152, -1088, -1190, 1545, 2350, -957, -2693, -164, 2051, 1172, -740, -1549, -676, 1142, 1697, -197, -2017, -813, 1637, 1466, -827, -1533, -12, 1075, 550, -383, -636, -180, 373, 383, -42, -186, -88, -258, -45, 693, 325, -892, -528, 791, 432, -467, 100, 72, -1006, 256, 2054, -428, -2941, 456, 3420, -391, -3370, 277, 2867, -126, -2116, -43, 1348, 235, -709, -450, 244, 692, 111, -949, -414, 1197, 665, -1358, -844, 1346, 984, -1137, -1108, 808, 1168, -452, -1096, 143, 894, 87, -631, -224, 403, 278, -273, -272, 249, 256, -273, -290, 288, 412, -274, -572, 233, 681, -136, -687, -17, 605, 171, -456, -238, 259, 176, -40, -3, -145, -201, 244, 363, -224, -443, 125, 430, -9, -321, -80, 152, 142, 17, -170, -126, 170, 154, -146, -116, 124, 65, -119, -49, 146, 87, -194, -139, 234, 165, -228, -139, 176, 62, -103, 54, 50, -172, -43, 249, 89, -257, -149, 205, 182, -102, -177, -18, 144, 129, -81, -219, 2, 287, 60, -317, -79, 310, 61, -285, -18, 270, -36, -263, 86, 258, -108, -233, 100, 183, -82, -128, 79, 92, -95, -69, 121, 60, -132, -72, 117, 118, -74, -174, 17, 216, 44, -227, -92, 211, 122, -166, -142, 114, 166, -77, -187, 60, 203, -42, -212, 15, 227, 13, -241, -39, 245, 70, -215, -98, 155, 111, -73, -104, 3, 91, 33, -79, -29, 72, -3, -64, 57, 60, -127, -49, 204, 26, -256, 16, 271, -70, -258, 124, 254, -166, -273, 204, 301, -230, -308, 224, 294, -171, -270, 91, 241, -11, -200, -45, 164, 77, -144, -83, 155, 62, -191, -8, 232, -62, -245, 121, 232, -141, -218, 120, 233, -67, -264, 9, 284, 48, -269, -109, 240, 173, -214, -208, 190, 193, -134, -119, 33, 5, 104, 145, -259, -324, 437, 527, -643, -729, 871, 900, -1060, -1002, 1126, 1019, -1005, -948, 712, 801, -305, -590, -124, 342, 492, -76, -730, -172, 823, 359, -789, -431, 683, 390, -557, -274, 460, 146, -411, -50, 407, 21, -411, -65, 380, 164, -279, -271, 115, 341, 79, -338, -248, 261, 360, -140, -398, 29, 360, 30, -251, -20, 106, -43, 27, 137, -104, -230, 122, 288, -101, -278, 71, 207, -48, -114, 52, 45, -86
1791219847.266, MrmFullScanInfo, 472, 107, 2456685, 0, 0, 0, 0, 10000, 39297, 32, 4, 2, 1, 480, 0, 0, 0, 0, 0, 0, 160, -48, -289, 39, 286, 29, -190, -29, 16, -36, 266, 23, -520, 95, 623, -194, -671, 232, 735, -218, -650, 157, 442, -118, -329, 225, 311, -368, -241, 334, 103, -130, 122, -112, -475, 322, 763, -446, -724, 422, 400, -260, -39, 48, -132, 75, 72, -32, 38, -71, 7, 70, -176, 59, 298, -195, -281, 243, 188, -175, -97, 26, 53, 136, -53, -228, 82, 212, -95, -112, 71, 18, -33, 34, 25, -68, -47, 119, 55, -144, -5, 93, -74, 21, 119, -132, -92, 189, 35, -192, 11, 172, -37, -151, 72, 147, -111, -146, 141, 135, -157, -91, 184, 28, -221, 19, 269, -26, -342, 1, 475, 40, -645, -104, 793, 214, -854, -374, 827, 557, -750, -728, 681, 889, -645, -1038, 631, 1183, -600, -1338, 535, 1531, -413, -1775, 229, 2061, -18, -2326, -137, 2475, 177, -2434, -74, 2202, -175, -1821, 590, 1352, -1159, -832, 1819, 305, -2427, 180, 2816, -532, -2841, 678, 2451, -592, -1698, 341, 745, -37, 192, -181, -910, 236, 1306, -155, -1360, 60, 1117, -50, -674, 151, 198, -324, 155, 526, -301, -700, 260, 793, -102, -749, -89, 568, 248, -313, -321, 84, 300, 52, -203, -93, 84, 87, -21, -58, 75, 10, -198, 46, 306, -66, -358, 40, 393, 2, -452, -23, 555, 18, -666, -19, 734, 73, -723, -185, 621, 325, -426, -448, 164, 532, 120, -550, -366, 497, 527, -382, -575, 245, 537, -129, -461, 68, 391, -64, -327, 90, 259, -95, -172, 59, 69, 8, 50, -72, -156, 102, 219, -74, -223, 8, 186, 66, -120, -123, 33, 151, 71, -137, -186, 94, 282, -43, -312, 9, 262, 18, -166, -41, 81, 45, -25, -18, -6, -20, 34, 53, -43, -76, 15, 107, 50, -137, -114, 160, 154, -157, -171, 134, 182, -92, -182, 45, 178, 0, -170, -28, 159, 44, -131, -61, 99, 95, -82, -126, 79, 140, -61, -143, 20, 160, 32, -188, -82, 210, 124, -200, -148, 156, 154, -89, -143, 28, 134, 14, -129, -31, 127, 33, -121, -21, 108, 1, -84, 19, 56, -15, -32, -18, 23, 70, -17, -96, 0, 88, 39, -61, -80, 41, 97, -22, -75, -2, 31, 31, 14, -46, -47, 52, 72, -60, -83, 82, 69, -112, -15, 144, -59, -161, 122, 160, -141, -153, 116, 156, -66, -149, 23, 110, 8, -35, -34, -35, 57, 67, -54, -63, 28, 64, -5, -78, 8, 89, -18, -84, 1, 91, 64, -129, -167, 206, 281, -295, -371, 358, 415, -355, -391, 290, 305, -183, -179, 66, 55, 38, 50, -109, -130, 149, 174, -168, -166, 192, 114, -219, -44, 230, -3, -213, 14, 188, 11, -167, -50, 141, 89, -92, -118, 35, 129, 12, -114, -33, 72, 47, -11, -75, -36, 118, 53, -138, -41, 120, 31, -77, -28, 48, 17, -40, 11, 42, -31, -40, 31, 35, -21, -20, 27, 3
1791219847.266, MrmDetectionListInfo, 472, 181, 119, 256, 120, 313, 121, 376, 122, 437, 123, 491, 124, 540, 125, 585, 126, 625, 127, 657, 128, 683, 129, 706, 130, 729, 131, 755, 132, 784, 133, 815, 134, 848, 135, 881, 136, 911, 137, 938, 138, 964, 139, 990, 140, 1014, 141, 1038, 142, 1059, 143, 1079, 144, 1101, 145, 1136, 146, 1198, 147, 1277, 148, 1334, 149, 1333, 150, 1274, 151, 1192, 152, 1124, 153, 1088, 154, 1083, 155, 1095, 156, 1114, 157, 1138, 158, 1167, 159, 1203, 160, 1253, 161, 1334, 162, 1453, 163, 1594, 164, 1711, 165, 1745, 166, 1669, 167, 1498, 168, 1266, 169, 994, 170, 695, 171, 401, 172, 187, 173, 145, 174, 306, 175, 573, 176, 774, 177, 821, 178, 760, 179, 684, 180, 627, 181, 561, 182, 464, 183, 352, 184, 259, 185, 214, 186, 230, 187, 300, 188, 395, 189, 477, 190, 518, 191, 513, 192, 479, 193, 436, 194, 399, 195, 372, 196, 353, 197, 331, 198, 296, 199, 245, 200, 194, 201, 158, 202, 141, 212, 157, 213, 191, 214, 210, 215, 213, 216, 208, 217, 207, 218, 216, 219, 237, 220, 267, 221, 299, 222, 326, 223, 349, 224, 370, 225, 392, 226, 412, 227, 427, 228, 436, 229, 435, 230, 423, 231, 399, 232, 364, 233, 331, 234, 319, 235, 342, 236, 395, 237, 455, 238, 492, 239, 493, 240, 466, 241, 429, 242, 389, 243, 348, 244, 304, 245, 265, 246, 236, 247, 218, 248, 207, 249, 198, 250, 187, 251, 171, 252, 148, 259, 132, 260, 161, 261, 162, 262, 146, 263, 125, 264, 109, 265, 102, 272, 136, 273, 160, 274, 172, 275, 175, 276, 172, 277, 163, 278, 149, 279, 130, 296, 116, 297, 140, 298, 154, 299, 160, 300, 161, 301, 158, 302, 153, 303, 145, 304, 134, 326, 126, 327, 147, 328, 162, 329, 169, 330, 168, 331, 162, 332, 150, 382, 132, 383, 148, 384, 152, 385, 148, 413, 183, 414, 232, 415, 280, 416, 325, 417, 362, 418, 385, 419, 390, 420, 378, 421, 350, 422, 308, 423, 255, 424, 195, 432, 165, 433, 171, 434, 171, 435, 170, 436, 166, 437, 158, 438, 145, 439, 132, 440, 120
1791219847.391, MrmFullScanInfo, 473, 107, 2456810, 0, 0, 0, 0, 10000, 39297, 32, 1, 2, 1, 480, -19645, 32014, 24827, -31229, -30183, 28863, 32414, -21038, -32512, -4014, 32472, 27722, -29456, -32338, 10376, 32512, 7291, -32481, -21244, 31872, 22307, -27086, -18121, 6034, 16303, 10523, -266, -14144, -8853, 27209, 8218, -28488, 849, 32034, -7713, -32137, 10404, 32241, -6782, -32249, 2620, 32079, 4970, -28117, -16655, 19086, 25100, -3109, -27482, -11783, 22268, 23236, -14478, -29181, 2776, 27730, 6402, -23495, -11445, 16513, 13664, -8958, -10422, 2216, 5089, 1459, 283, -2860, -5050, 2175, 7163, -485, -6042, -1602, 2561, 2630, 2241, -967, -6885, -2185, 8949, 6361, -9065, -9259, 6522, 11065, -2908, -9794, -1819, 6862, 5045, -2514, -6498, -2173, 5840, 5507, -3176, -6678, 290, 5549, 1625, -3293, -1930, 814, 440, 951, 1313, -1096, -2854, -97, 3280, 1175, -2606, -1806, 929, 1943, 542, -1347, -1677, 65, 2047, 1206, -1530, -1850, 472, 1902, 461, -1286, -927, 396, 698, 420, -214, -594, -254, 339, 661, 68, -243, -328, -375, 391, 740, -29, -1000, -418, 785, 668, -335, -771, -291, 717, 773, -407, -1021, 166, 1433, -354, -1825, 972, 2656, -1904, -3989, 2588, 5631, -3092, -7153, 2931, 8037, -2225, -8101, 949, 7212, 158, -5404, -1370, 3155, 2032, -1395, -2256, -110, 2099, 1106, -1762, -1519, 1409, 1551, -1247, -1243, 1345, 829, -1556, -1030, 2010, 1125, -1845, -1181, 1421, 1312, -858, -1098, 228, 813, 436, -440, -755, -45, 983, 196, -865, -426, 662, 343, -370, -278, 472, 26, -339, 167, 490, -87, -519, -32, 385, 384, -346, -371, 66, 562, 117, -359, -325, 264, 323, -38, -352, -109, 179, 27, -181, 44, 91, -118, -61, 90, -56, -156, -131, 28, 121, -71, -52, -150, -31, 64, 73, -170, -85, 22, 206, 143, -88, -208, 46, 208, 14, -132, -96, 56, 33, -39, -57, 128, 94, -192, 52, 289, -5, -267, -9, 313, -21, -248, 35, 214, 17, -61, 19, 67, -122, -7, 146, 79, -77, -110, -13, 105, 48, -95, -89, 46, 81, -67, -138, -16, 62, -36, -72, -16, 51, -1, -82, 30, 83, -15, -114, -36, 208, 130, -246, -152, 146, 183, -104, -255, 38, 166, 130, -113, -68, 74, 157, -28, -201, -80, 145, 86, -50, -81, -13, 103, 126, -47, -293, 40, 339, -29, -365, -55, 498, 82, -465, -112, 430, 84, -300, 27, 236, 30, -339, 127, 214, -108, -73, 57, 95, 68, -28, -65, 96, 87, -49, -189, -57, -26, 43, -10, -133, -52, 39, 36, 35, -148, -200, 39, 162, 138, -263, -253, 228, 341, -141, -238, 85, 9, -103, 105, 19, -324, -65, 468, 34, -611, 129, 891, -203, -969, 254, 1076, -448, -1295, 395, 1367, -183, -1330, -133, 1145, 382, -737, -662, 186, 677, 139, -814, -505, 690, 616, -500, -726, 338, 417, -251, -328, 280, 204, -431, -161, 424, 246, -476, -375, 257, 587, -117, -539, -143, 499, 389, -357, -533, 141, 525, 153, -442, -204, 308, 71, -109, 76, 31, -63, -23, 228, 50, -275, -77, 170, 88, -155, -81, 95, -76, 22, 74, -68, -163, -19, 227, -34, -118
1791219847.391, MrmFullScanInfo, 473, 107, 2456810, 0, 0, 0, 0, 10000, 39297, 32, 2, 2, 1, 480, 0, 0, 0, 0, 0, 0, 10240, -14426, -19386, 29473, 23055, -30895, -25032, 16735, 28468, 4042, -30421, -21294, 25436, 31499, -12924, -36466, -1282, 36970, 10979, -30964, -14220, 17843, 12501, -754, -8223, -15456, 4508, 27169, -4497, -32726, 8670, 32666, -14256, -29719, 17667, 27093, -17046, -26516, 12451, 27294, -4648, -26925, -5310, 22817, 15513, -13959, -23314, 1632, 26390, 11168, -23793, -21267, 16492, 26619, -6971, -26764, -1754, 22529, 7371, -15500, -8939, 7652, 6943, -866, -2835, -3551, -1588, 5168, 4711, -4325, -5493, 2006, 3727, 422, -15, -1653, -4453, 1009, 8281, 1326, -10305, -4441, 9926, 7132, -7223, -8391, 2983, 7728, 1543, -5264, -5038, 1681, 6611, 1964, -6079, -4587, 4036, 5509, -1575, -4678, -211, 2669, 736, -441, -70, -1075, -1204, 1442, 2325, -828, -2674, -230, 2073, 1152, -801, -1492, -602, 1113, 1625, -217, -1944, -772, 1556, 1440, -749, -1540, -54, 1100, 538, -390, -586, -220, 310, 489, 25, -386, -157, 68, -2, 232, 348, -318, -673, 150, 793, 180, -617, -520, 200, 744, 329, -813, -851, 845, 1331, -1054, -1807, 1615, 2394, -2528, -3207, 3614, 4258, -4563, -5383, 5040, 6308, -4808, -6741, 3845, 6480, -2334, -5507, 614, 4041, 936, -2416, -2004, 938, 2484, 198, -2469, -893, 2188, 1133, -1868, -1013, 1687, 736, -1706, -494, 1841, 401, -1901, -459, 1732, 608, -1297, -743, 678, 774, -9, -667, -556, 456, 910, -208, -1002, -5, 886, 134, -676, -136, 486, 28, -371, 115, 335, -181, -350, 115, 376, 60, -361, -261, 273, 406, -112, -447, -74, 381, 228, -244, -304, 111, 297, -38, -222, 37, 116, -68, -17, 96, -25, -101, 8, 86, 34, -43, -51, -21, 36, 89, 5, -116, -57, 78, 111, 14, -141, -109, 132, 165, -82, -162, 19, 131, 35, -110, -52, 130, 25, -178, 36, 229, -92, -258, 122, 263, -122, -236, 103, 181, -74, -111, 64, 48, -76, -10, 93, 11, -85, -42, 52, 83, -5, -106, -37, 107, 71, -87, -87, 62, 87, -36, -75, 21, 67, -17, -67, 25, 83, -24, -120, 6, 176, 28, -218, -70, 222, 119, -177, -159, 101, 176, -11, -162, -67, 127, 130, -74, -164, 19, 160, 32, -108, -71, 21, 101, 94, -122, -210, 137, 311, -133, -387, 113, 444, -84, -464, 67, 433, -62, -361, 73, 287, -98, -223, 130, 158, -134, -91, 88, 54, -12, -56, -54, 74, 91, -72, -89, 33, 62, 30, -27, -75, -4, 68, 44, -4, -77, -84, 69, 176, 2, -251, -104, 291, 173, -274, -157, 205, 53, -101, 106, -4, -280, 103, 452, -203, -612, 325, 751, -464, -863, 606, 959, -711, -1048, 730, 1125, -612, -1152, 362, 1078, -24, -866, -329, 543, 637, -181, -833, -137, 884, 360, -795, -452, 626, 420, -459, -304, 366, 174, -359, -85, 401, 87, -427, -186, 396, 340, -284, -472, 97, 531, 131, -488, -335, 351, 466, -169, -489, 31, 402, 18, -238, 7, 73, -72, 35, 150, -68, -207, 51, 223, -18, -187, 8, 111, -27, -15, 68, -60, -111
1791219847.391, MrmFullScanInfo, 473, 107, 2456810, 0, 0, 0, 0, 10000, 39297, 32, 4, 2, 1, 480, 0, 0, 0, 0, 0, 0, -31, 121, -45, -307, 174, 555, -319, -739, 452, 661, -520, -328, 491, -9, -368, 222, 189, -278, 94, 144, -372, 191, 526, -542, -468, 657, 327, -499, -199, 222, 83, 42, 12, -213, -155, 270, 331, -257, -433, 196, 400, -54, -325, -123, 204, 286, 43, -390, -335, 396, 526, -316, -526, 202, 354, -74, -109, -50, -58, 96, 97, 5, -59, -190, 6, 327, 66, -318, -162, 209, 238, -90, -219, -2, 97, 102, 65, -191, -197, 224, 250, -177, -218, 81, 151, 5, -74, -38, -2, 38, 70, -32, -76, 19, 13, 16, 78, -54, -147, 76, 165, -77, -127, 41, 63, 49, -6, -146, -18, 180, 15, -132, 4, 64, -15, -32, 7, 45, 15, -56, -38, 25, 72, 65, -124, -197, 196, 334, -253, -449, 260, 549, -213, -634, 149, 691, -97, -690, 71, 626, -64, -504, 50, 355, 35, -207, -235, 87, 541, 15, -854, -143, 1032, 381, -917, -843, 410, 1616, 506, -2663, -1752, 3816, 3170, -4815, -4530, 5402, 5603, -5381, -6210, 4717, 6230, -3514, -5627, 1982, 4557, -391, -3309, -959, 2140, 1868, -1149, -2303, 374, 2389, 140, -2291, -377, 2171, 405, -2127, -328, 2149, 244, -2129, -225, 1981, 303, -1687, -428, 1260, 537, -734, -601, 202, 614, 230, -560, -497, 436, 615, -264, -647, 121, 651, -57, -635, 61, 598, -41, -553, -48, 517, 191, -463, -325, 352, 419, -173, -457, -33, 435, 217, -362, -334, 267, 376, -174, -355, 102, 296, -50, -220, 21, 162, -17, -136, 42, 133, -74, -124, 87, 119, -71, -117, 51, 102, -47, -49, 60, -14, -67, 55, 57, -66, -16, 66, -36, -53, 72, 36, -64, -27, 33, 30, -6, -26, -1, 19, -6, -17, 21, 23, -26, -26, 24, 33, -17, -41, 3, 41, 24, -20, -48, -7, 45, 28, -9, -31, -35, 19, 72, 3, -86, -27, 80, 50, -56, -63, 30, 70, -6, -63, -1, 35, -6, 12, 33, -49, -66, 58, 99, -37, -116, 4, 121, 29, -110, -61, 85, 102, -42, -148, -4, 178, 51, -175, -91, 149, 121, -100, -130, 37, 110, 35, -52, -105, -21, 155, 86, -158, -124, 108, 139, -35, -115, -16, 46, 47, 50, -71, -116, 92, 115, -89, -60, 64, -4, -47, 56, 74, -84, -139, 97, 208, -95, -238, 77, 220, -26, -169, -35, 115, 67, -56, -39, 0, -11, 41, 26, -37, 27, -5, -124, 56, 220, -66, -276, 31, 294, 26, -281, -78, 247, 130, -198, -184, 168, 231, -192, -252, 273, 249, -366, -230, 408, 205, -356, -177, 231, 159, -90, -144, -11, 120, 68, -71, -83, 20, 73, 9, -46, 2, 26, -38, -29, 74, 72, -85, -143, 73, 214, -39, -250, -6, 244, 61, -194, -104, 113, 128, -26, -122, -21, 89, 18, -41, 5, 13, -12, -20, -2, 53, 35, -86, -66, 102, 83, -80, -85, 35, 92, 9, -96, -26
1791219847.391, MrmDetectionListInfo, 473, 160, 134, 194, 135, 249, 136, 297, 137, 335, 138, 365, 139, 387, 140, 400, 141, 406, 142, 408, 143, 407, 144, 403, 145, 394, 146, 380, 147, 361, 148, 336, 149, 306, 150, 269, 151, 228, 152, 187, 153, 159, 154, 160, 155, 194, 156, 251, 157, 318, 158, 392, 159, 479, 160, 576, 161, 663, 162, 725, 163, 762, 164, 795, 165, 876, 166, 1075, 167, 1452, 168, 2009, 169, 2680, 170, 3361, 171, 3978, 172, 4516, 173, 4981, 174, 5356, 175, 5604, 176, 5697, 177, 5632, 178, 5419, 179, 5069, 180, 4592, 181, 4005, 182, 3341, 183, 2659, 184, 2083, 185, 1759, 186, 1706, 187, 1770, 188, 1767, 189, 1642, 190, 1466, 191, 1328, 192, 1260, 193, 1247, 194, 1264, 195, 1289, 196, 1298, 197, 1279, 198, 1245, 199, 1217, 200, 1203, 201, 1192, 202, 1171, 203, 1140, 204, 1102, 205, 1058, 206, 1003, 207, 932, 208, 842, 209, 734, 210, 616, 211, 497, 212, 404, 213, 370, 214, 402, 215, 465, 216, 512, 217, 514, 218, 480, 219, 437, 220, 402, 221, 379, 222, 361, 223, 348, 224, 340, 225, 333, 226, 323, 227, 308, 228, 295, 229, 295, 230, 314, 231, 343, 232, 368, 233, 374, 234, 361, 235, 333, 236, 300, 237, 268, 238, 251, 239, 264, 240, 301, 241, 333, 242, 336, 243, 313, 244, 284, 245, 260, 246, 237, 247, 209, 248, 176, 249, 144, 250, 118, 344, 127, 345, 132, 346, 128, 359, 133, 360, 118, 381, 139, 382, 154, 383, 164, 384, 163, 385, 151, 403, 156, 404, 169, 405, 165, 406, 158, 407, 156, 408, 160, 409, 166, 410, 173, 411, 177, 412, 178, 413, 179, 414, 183, 415, 192, 416, 206, 417, 225, 418, 247, 419, 270, 420, 291, 421, 307, 422, 314, 423, 310, 424, 293, 425, 264, 426, 227, 427, 186, 428, 146, 447, 116, 448, 130, 449, 138, 450, 139, 451, 136, 454, 138, 455, 139
1791219847.516, MrmFullScanInfo, 474, 107, 2456935, 0, 0, 0, 0, 10000, 39297, 32, 1, 2, 1, 480, -21057, 32110, 24496, -31697, -30014, 29063, 32337, -21245, -32512, -3205, 32512, 27878, -29156, -32201, 11803, 32074, 8934, -32506, -19959, 32115, 22885, -27257, -18116, 6292, 15584, 11084, -920, -14337, -10123, 27585, 8076, -28716, -440, 32025, -8189, -31488, 10648, 32177, -7265, -32281, 2276, 32206, 5077, -27810, -16069, 19094, 24363, -3673, -27560, -11788, 22466, 22797, -14816, -29130, 2448, 27857, 6549, -22995, -11881, 16494, 13180, -9340, -10188, 2280, 5103, 1636, 326, -2738, -4981, 2310, 7132, -304, -6081, -1348, 2689, 2475, 2078, -864, -6749, -2357, 9044, 6138, -8874, -9222, 6854, 10839, -2668, -9985, -1642, 6718, 5023, -2432, -6477, -2161, 5769, 5448, -3406, -6732, 111, 5593, 1733, -3221, -1973, 747, 505, 839, 1477, -1088, -2786, 228, 3258, 990, -2756, -1828, 938, 1962, 736, -1213, -1771, -38, 1988, 1197, -1576, -1899, 478, 1960, 359, -1375, -899, 383, 666, 415, -209, -521, -330, 393, 563, -16, -145, -388, -348, 416, 681, -16, -897, -399, 657, 700, -190, -740, -113, 550, 476, -26, -572, -388, 427, 660, -162, -639, -12, 343, 27, -161, 299, 47, -529, -472, 662, 864, -531, -1618, -49, 2450, 771, -3195, -607, 3660, 1163, -4122, -1672, 4255, 1649, -4501, -1736, 4057, 1552, -3351, -1559, 2371, 1570, -1119, -1671, 25, 1512, 950, -984, -1639, 554, 1969, -349, -1943, 337, 1760, -354, -1629, 513, 1428, -698, -1247, 593, 1068, -551, -898, 140, 621, 110, -162, -231, -267, 160, 474, -203, -589, -42, 451, 91, -224, -96, -154, 52, 217, 194, -435, -339, 380, 374, -242, -248, 265, 50, -148, 5, 210, -35, -239, 0, 308, -35, -295, -95, 200, 151, -148, -163, 37, 107, 103, -1, -221, -93, 136, 19, -8, 37, 64, -77, 44, 211, 99, -305, -126, 278, 209, -324, -107, 378, 108, -322, -24, 280, -32, -318, 95, 352, -35, -238, 68, 143, 55, -101, -56, -92, 15, 121, -29, -117, 84, 104, -15, -66, -12, -30, -73, 78, 73, -18, -74, -96, 138, 91, -135, -244, 117, 210, -115, -19, 205, 96, -165, 97, 197, -58, -159, 100, 60, -177, 0, 65, -99, -121, 100, 138, -118, -107, 19, 50, 77, 90, -160, -77, 277, 247, -379, -223, 312, 227, -358, -146, 327, 78, -322, -88, 401, 55, -356, -34, 293, 5, -102, -117, 108, 91, 157, -105, -274, -5, 239, 26, -218, -184, 105, 236, 14, -274, -179, 288, 239, -146, -313, 140, 207, -81, -295, -90, 299, 149, -276, -34, 253, 241, -251, -123, 170, 127, -301, -18, 223, -58, -156, 192, 104, -417, 95, 720, -187, -813, 247, 1022, -281, -1211, 204, 1033, -134, -939, -97, 647, 447, -159, -565, -117, 612, 333, -666, -555, 533, 669, -327, -590, 233, 493, -153, -197, 215, 205, -274, -169, 369, 138, -329, -167, 262, 293, -19, -366, -172, 331, 307, -203, -372, 87, 355, 69, -257, -60, 138, 97, -19, 45, -14, -135, 87, 279, -38, -279, 42, 277, -142, -289, 46, 124, 60, -35, -39, 21, -101, -69, 155, 55, -222
1791219847.516, MrmFullScanInfo, 474, 107, 2456935, 0, 0, 0, 0, 10000, 39297, 32, 2, 2, 1, 480, 0, 0, 0, 0, 0, 0, 10254, -14534, -19313, 29707, 22894, -31210, -24825, 17047, 28339, 3783, -30429, -21067, 25516, 31305, -12981, -36385, -1263, 37051, 10908, -31118, -14094, 17896, 12332, -588, -8041, -15820, 4272, 27619, -4173, -33104, 8358, 32807, -14095, -29572, 17695, 26790, -17139, -26258, 12522, 27164, -4765, -26891, -5040, 22828, 15143, -14023, -23035, 1788, 26303, 10939, -23808, -21036, 16449, 26455, -6822, -26700, -1890, 22566, 7349, -15580, -8760, 7687, 6753, -833, -2749, -3594, -1568, 5178, 4661, -4333, -5486, 2075, 3778, 267, -87, -1470, -4398, 890, 8257, 1322, -10294, -4337, 9909, 7011, -7211, -8307, 2993, 7675, 1507, -5223, -5009, 1657, 6609, 1965, -6086, -4581, 4015, 5509, -1513, -4688, -281, 2690, 770, -447, -63, -1134, -1216, 1580, 2314, -987, -2643, -118, 2023, 1100, -730, -1471, -678, 1095, 1683, -190, -1983, -811, 1598, 1486, -805, -1575, 5, 1117, 490, -394, -556, -225, 310, 503, -12, -393, -104, 54, -23, 252, 307, -317, -577, 118, 685, 217, -566, -490, 266, 550, 108, -360, -421, 21, 570, 306, -529, -479, 383, 457, -260, -311, 266, 200, -405, -274, 584, 636, -659, -1301, 594, 2183, -464, -3082, 334, 3821, -180, -4336, -2, 4634, 153, -4671, -238, 4378, 325, -3719, -511, 2773, 840, -1683, -1218, 604, 1477, 364, -1508, -1139, 1359, 1645, -1151, -1836, 990, 1759, -914, -1520, 916, 1233, -935, -970, 897, 774, -740, -623, 471, 464, -151, -242, -128, -29, 307, 284, -352, -436, 280, 436, -137, -287, 3, 51, 58, 198, -20, -386, -70, 475, 142, -451, -139, 354, 74, -241, 8, 173, -67, -172, 96, 213, -87, -245, 41, 241, 29, -190, -84, 96, 100, 26, -79, -126, 50, 159, -35, -117, 47, 46, -89, 8, 164, -19, -250, -1, 328, 23, -376, -17, 386, -16, -356, 67, 312, -114, -274, 148, 244, -149, -203, 112, 146, -45, -71, -20, -7, 70, 73, -96, -101, 98, 91, -74, -49, 46, -2, -28, 40, 36, -35, -68, -7, 120, 70, -167, -115, 199, 118, -207, -67, 198, -9, -174, 84, 140, -135, -91, 155, 28, -142, 42, 110, -99, -77, 130, 61, -118, -46, 60, 24, 42, 8, -169, -43, 295, 75, -385, -87, 424, 77, -413, -43, 383, 4, -356, 31, 345, -59, -321, 71, 264, -45, -173, -13, 60, 81, 61, -124, -167, 120, 226, -55, -226, -51, 175, 174, -83, -269, -24, 312, 126, -297, -196, 238, 239, -146, -269, 54, 299, 13, -312, -48, 304, 68, -283, -66, 267, 33, -247, 36, 208, -133, -122, 262, -15, -414, 197, 575, -382, -727, 528, 858, -600, -939, 582, 940, -446, -839, 191, 650, 139, -403, -458, 148, 685, 85, -777, -279, 741, 418, -614, -464, 459, 412, -328, -290, 262, 161, -263, -64, 302, 26, -318, -55, 271, 154, -156, -274, 5, 353, 143, -343, -254, 256, 307, -132, -288, 27, 210, 21, -96, 1, -17, -77, 108, 168, -163, -233, 189, 252, -179, -216, 128, 149, -53, -83, 12, 42, -39
1791219847.516, MrmFullScanInfo, 474, 107, 2456935, 0, 0, 0, 0, 10000, 39297, 32, 4, 2, 1, 480, 0, 0, 0, 0, 0, 0, -7, -55, 69, 106, -104, -87, 85, 9, 60, 16, -245, 90, 327, -207, -262, 191, 150, -54, -83, -72, 17, 113, 15, -39, 9, -116, -113, 272, 244, -304, -270, 159, 148, 76, 0, -219, -6, 183, -62, -72, 22, 18, 143, -30, -282, 35, 291, 9, -218, -67, 190, 96, -242, -76, 278, 32, -170, 15, -46, -39, 215, 38, -211, -46, 88, 92, 40, -122, -101, 81, 87, 26, -22, -150, -40, 221, 83, -196, -99, 89, 104, 28, -93, -84, 62, 85, -13, -68, -37, 60, 55, -41, -27, 15, -7, 8, 17, -19, 0, 22, -2, -16, -17, 23, 34, -57, -14, 101, -18, -111, 36, 87, -42, -55, 52, 36, -49, -19, 24, 8, 8, -7, -22, 17, 21, -16, -15, 9, 17, -3, -23, 6, 40, -21, -48, 59, 20, -102, 62, 122, -163, -96, 228, 47, -191, -15, 16, 58, 276, -193, -609, 408, 936, -690, -1247, 1049, 1569, -1478, -1923, 1950, 2333, -2423, -2775, 2853, 3184, -3159, -3475, 3291, 3571, -3255, -3358, 3105, 2757, -2893, -1859, 2716, 902, -2698, -88, 2876, -492, -3095, 790, 3113, -740, -2732, 350, 1923, 256, -805, -833, -388, 1148, 1414, -1115, -2070, 855, 2254, -569, -1994, 424, 1463, -479, -877, 692, 417, -933, -172, 1053, 138, -949, -207, 618, 235, -158, -117, -263, -137, 511, 431, -516, -627, 312, 638, -7, -446, -248, 121, 350, 232, -262, -503, 68, 627, 99, -585, -134, 426, 45, -231, 84, 97, -173, -77, 200, 149, -155, -228, 45, 248, 102, -184, -221, 48, 254, 125, -189, -259, 68, 300, 46, -233, -98, 108, 76, 13, 3, -74, -94, 65, 158, -10, -175, -43, 151, 68, -96, -51, 47, 7, -31, 48, 55, -78, -84, 55, 91, 21, -56, -105, -13, 157, 102, -159, -172, 121, 201, -52, -178, -16, 123, 61, -67, -64, 44, 31, -60, 20, 110, -63, -152, 82, 149, -63, -80, 17, -24, 36, 132, -71, -222, 83, 278, -80, -281, 71, 240, -56, -181, 39, 129, -9, -77, -32, 24, 85, 33, -132, -88, 160, 139, -157, -177, 128, 188, -71, -164, 5, 124, 42, -88, -43, 65, 25, -56, -29, 78, 70, -127, -128, 170, 195, -164, -261, 104, 314, 3, -326, -125, 286, 231, -182, -289, 38, 295, 98, -254, -168, 176, 167, -78, -131, 10, 95, -5, -60, 53, 33, -98, -28, 105, 64, -70, -127, 17, 191, 37, -218, -72, 204, 86, -164, -81, 141, 68, -163, -50, 221, 53, -270, -98, 288, 187, -280, -280, 259, 329, -204, -303, 110, 226, 5, -137, -105, 72, 164, -34, -171, 12, 148, 0, -116, -2, 92, 6, -78, -31, 83, 75, -102, -103, 117, 104, -96, -87, 37, 75, 41, -56, -110, 32, 158, -14, -164, 10, 135, -3, -93, -9, 70, 17, -76, -12, 106, 1, -123, 7, 91, 1, -16, -28, -47, 63, 58
1791219847.516, MrmDetectionListInfo, 474, 172, 150, 153, 151, 147, 152, 128, 157, 209, 158, 363, 159, 512, 160, 647, 161, 785, 162, 940, 163, 1113, 164, 1293, 165, 1480, 166, 1677, 167, 1888, 168, 2110, 169, 2337, 170, 2563, 171, 2781, 172, 2982, 173, 3157, 174, 3294, 175, 3386, 176, 3429, 177, 3419, 178, 3352, 179, 3225, 180, 3038, 181, 2800, 182, 2526, 183, 2238, 184, 1961, 185, 1718, 186, 1534, 187, 1455, 188, 1530, 189, 1729, 190, 1929, 191, 2010, 192, 1948, 193, 1786, 194, 1562, 195, 1293, 196, 1008, 197, 762, 198, 626, 199, 637, 200, 785, 201, 1033, 202, 1313, 203, 1521, 204, 1589, 205, 1537, 206, 1433, 207, 1320, 208, 1195, 209, 1052, 210, 906, 211, 781, 212, 694, 213, 640, 214, 609, 215, 594, 216, 589, 217, 586, 218, 575, 219, 543, 220, 483, 221, 392, 222, 279, 223, 174, 224, 129, 225, 176, 226, 291, 227, 419, 228, 511, 229, 545, 230, 523, 231, 460, 232, 372, 233, 286, 234, 238, 235, 233, 236, 244, 237, 256, 238, 277, 239, 310, 240, 339, 241, 348, 242, 345, 243, 346, 244, 343, 245, 315, 246, 253, 247, 177, 248, 122, 250, 113, 251, 130, 252, 144, 253, 155, 254, 166, 255, 171, 256, 165, 257, 153, 258, 148, 259, 157, 260, 171, 261, 172, 262, 161, 263, 156, 264, 170, 265, 191, 266, 199, 267, 186, 268, 166, 269, 151, 270, 143, 302, 154, 303, 162, 304, 156, 305, 139, 328, 139, 329, 165, 330, 175, 331, 178, 332, 180, 333, 177, 334, 165, 348, 143, 349, 155, 350, 160, 351, 160, 352, 153, 367, 120, 368, 148, 369, 172, 370, 189, 371, 199, 372, 200, 373, 194, 374, 181, 375, 173, 376, 184, 377, 213, 378, 239, 379, 242, 380, 221, 381, 190, 382, 168, 383, 167, 384, 183, 385, 197, 386, 195, 387, 171, 405, 124, 406, 140, 407, 146, 409, 133, 410, 121, 415, 124, 416, 139, 417, 157, 418, 177, 419, 198, 420, 220, 421, 243, 422, 264, 423, 279, 424, 285, 425, 278, 426, 256, 427, 221, 428, 175
1791219847.641, MrmFullScanInfo, 475, 107, 2457060, 0, 0, 0, 0, 10000, 39297, 32, 1, 2, 1, 480, -20684, 31880, 24394, -31077, -29574, 28905, 32344, -20741, -32512, -2215, 32498, 27723, -28940, -32172, 11599, 32340, 8422, -32504, -19999, 32159, 23632, -27234, -17731, 5552, 14796, 11142, -892, -15021, -12111, 27102, 7622, -28747, 522, 32008, -9071, -31518, 9700, 31879, -7913, -32421, 4113, 32117, 5497, -28097, -15976, 19759, 24682, -4081, -27736, -11200, 23831, 22696, -15465, -29472, 3022, 28320, 5896, -23804, -12585, 16712, 13958, -8839, -10859, 1934, 5180, 2306, 562, -3876, -5390, 2881, 8069, -458, -6815, -1888, 2823, 2835, 2277, -1572, -7121, -1976, 9723, 6234, -9531, -9527, 7111, 11281, -2736, -10384, -1695, 7116, 5545, -2405, -6838, -2325, 5900, 5514, -3193, -7089, 152, 5643, 1902, -3255, -2158, 643, 622, 928, 1330, -1316, -2772, 209, 3541, 1006, -2811, -1934, 974, 2033, 735, -1350, -1782, 115, 2121, 1241, -1690, -1852, 548, 1935, 400, -1405, -877, 456, 813, 494, -313, -593, -184, 432, 663, 3, -273, -218, -281, 362, 670, -19, -868, -304, 795, 723, -298, -714, -201, 482, 431, -90, -682, -442, 512, 720, -242, -596, -82, 398, -57, -183, 305, 42, -508, -175, 525, 451, -456, -684, -15, 859, 372, -705, -662, 419, 918, 148, -921, -571, 778, 981, -360, -1415, -20, 1655, 362, -1851, -418, 2046, 883, -2399, -890, 2292, 783, -2063, -989, 1708, 1225, -1120, -1274, 425, 1373, 313, -1251, -845, 1357, 1020, -966, -1262, 703, 1158, -571, -1044, 263, 864, -288, -703, -18, 463, 142, -294, -233, 204, 200, -30, -325, -9, 235, 98, -420, -42, 308, 170, -366, -187, 199, 14, -172, -254, 11, 340, 34, -190, -287, 126, 392, 62, -406, -356, 384, 456, -272, -499, -41, 380, 148, -220, -96, 146, 115, 125, 2, -54, -100, 53, 116, 68, -58, -200, 83, 267, -16, -148, 161, 85, -31, 24, 180, -166, -292, 99, 421, -3, -545, -144, 487, 271, -308, -192, -56, 25, -32, -119, 65, -92, -70, 245, 140, -185, -281, -92, 309, 192, -190, -400, 23, 392, 128, -241, -262, 241, 307, -172, -186, 261, 153, -132, -76, 197, -7, -208, -128, 203, 42, -134, -114, 43, 193, 30, -62, -35, 20, 67, -89, -2, 7, -128, -125, 191, 193, -281, -82, 328, 133, -389, -3, 206, 39, -283, 108, 312, -163, -222, 226, 197, -282, -197, 193, 150, -234, -98, -3, 110, -86, -92, 81, 3, -92, 42, 43, 51, 25, -228, 0, 58, -43, -147, 19, 162, 73, -141, -26, 217, 163, -197, -247, 234, 277, -251, -293, 192, 212, -154, -73, 72, -42, -146, 201, 28, -402, 34, 798, -259, -923, 311, 1058, -366, -1214, 452, 1163, -313, -852, 179, 703, 116, -276, -292, 78, 615, 197, -436, -532, 526, 593, -402, -573, 291, 387, -222, -251, 297, 110, -315, -43, 329, 168, -451, -243, 131, 296, -56, -349, -227, 336, 304, -332, -404, 125, 427, 30, -392, -129, 319, 55, -50, 15, 25, -200, 124, 216, 12, -222, 31, 304, 207, -252, -90, 251, -15, -147, -72, 83, -107, 6, 42, 90, -155
1791219847.641, MrmFullScanInfo, 475, 107, 2457060, 0, 0, 0, 0, 10000, 39297, 32, 2, 2, 1, 480, 0, 0, 0, 0, 0, 0, 10162, -14358, -19196, 29410, 22841, -31046, -24801, 17160, 28224, 3531, -30234, -20918, 25400, 31317, -12999, -36466, -1221, 37085, 10899, -31014, -14039, 17586, 12088, -110, -7570, -16319, 3766, 27966, -3984, -33156, 8602, 32568, -14491, -29216, 18057, 26498, -17562, -26062, 13054, 27072, -5211, -27002, -4840, 23220, 15202, -14627, -23359, 2427, 26874, 10463, -24543, -20881, 17176, 26653, -7312, -27114, -1845, 22972, 7763, -15778, -9390, 7542, 7285, -296, -2984, -4424, -1687, 6024, 5079, -4888, -6037, 2172, 4244, 609, -300, -2067, -4500, 1481, 8641, 960, -10834, -4296, 10431, 7253, -7559, -8709, 3078, 8081, 1677, -5509, -5309, 1757, 6873, 2053, -6224, -4791, 4028, 5731, -1430, -4827, -435, 2715, 957, -383, -221, -1233, -1154, 1666, 2371, -1032, -2768, -126, 2143, 1166, -803, -1581, -667, 1217, 1730, -292, -2063, -743, 1669, 1458, -836, -1589, -16, 1151, 564, -421, -664, -217, 400, 521, -34, -453, -146, 156, 34, 152, 277, -272, -590, 141, 728, 150, -608, -421, 277, 511, 136, -356, -481, 37, 643, 287, -590, -472, 421, 466, -282, -311, 267, 133, -349, -60, 441, 164, -438, -400, 295, 649, -22, -761, -316, 650, 649, -322, -884, -140, 949, 662, -827, -1170, 596, 1613, -342, -1965, 125, 2241, 25, -2420, -99, 2444, 162, -2269, -306, 1922, 568, -1439, -888, 862, 1198, -265, -1429, -250, 1515, 624, -1427, -843, 1202, 930, -921, -902, 653, 797, -412, -646, 196, 492, -5, -356, -135, 246, 223, -150, -276, 77, 318, -30, -350, 3, 364, 14, -340, -31, 280, 72, -192, -146, 101, 225, 6, -251, -139, 201, 287, -73, -408, -98, 459, 262, -401, -363, 253, 385, -79, -321, -43, 194, 92, -47, -70, -56, 10, 78, 55, -15, -105, -86, 142, 160, -161, -156, 158, 78, -143, 36, 150, -136, -209, 184, 318, -158, -427, 80, 463, 8, -378, -74, 221, 101, -82, -66, 20, -29, -19, 138, 68, -171, -148, 98, 228, 56, -252, -216, 196, 326, -66, -361, -77, 351, 173, -318, -180, 275, 122, -225, -45, 188, -3, -172, 14, 167, 10, -145, -54, 103, 95, -49, -107, 2, 94, 16, -73, 15, 61, -93, -55, 200, 46, -297, -16, 355, -25, -350, 68, 307, -107, -255, 157, 212, -219, -165, 272, 120, -294, -82, 274, 61, -211, -58, 139, 66, -90, -55, 74, 22, -60, -3, 40, 32, -27, -86, 39, 126, -55, -138, 54, 148, -26, -167, -17, 203, 77, -249, -136, 294, 177, -312, -176, 288, 133, -222, -47, 138, -69, -46, 226, -68, -420, 233, 625, -429, -792, 613, 906, -734, -949, 764, 907, -668, -778, 447, 594, -129, -394, -204, 196, 474, 8, -628, -207, 672, 356, -624, -402, 519, 346, -403, -219, 321, 87, -291, -4, 305, 4, -312, -75, 266, 188, -147, -307, -6, 392, 158, -398, -276, 317, 357, -184, -379, 70, 324, -16, -190, 33, 28, -86, 97, 149, -137, -206, 98, 260, -32, -289, -1, 269, -5, -194, 31, 99, -55
1791219847.641, MrmFullScanInfo, 475, 107, 2457060, 0, 0, 0, 0, 10000, 39297, 32, 4, 2, 1, 480, 0, 0, 0, 0, 0, 0, -96, 147, 154, -236, -112, 94, 83, 165, -122, -288, 131, 206, -16, -68, -99, -20, 94, 31, -55, 64, 94, -275, -277, 495, 512, -588, -583, 491, 311, -192, 122, -174, -333, 399, 376, -398, -456, 291, 547, -139, -468, -92, 276, 382, -61, -604, -211, 665, 501, -525, -688, 213, 664, 150, -406, -387, -7, 405, 391, -211, -543, -132, 449, 527, -197, -805, -107, 809, 386, -532, -527, 115, 465, 278, -232, -509, -71, 519, 353, -334, -510, 61, 496, 201, -331, -362, 85, 374, 153, -259, -280, 84, 256, 92, -140, -205, 15, 215, 90, -134, -162, 25, 185, 68, -146, -120, 55, 131, 50, -95, -109, 31, 102, 43, -49, -95, -11, 112, 63, -92, -87, 57, 80, -11, -44, -27, -1, 43, 54, -28, -90, 1, 83, 34, -29, -82, -27, 129, 54, -137, -43, 103, 11, -53, 36, 13, -92, 21, 158, -67, -232, 147, 321, -273, -439, 460, 606, -697, -813, 964, 1047, -1204, -1304, 1359, 1579, -1362, -1825, 1156, 1969, -677, -1963, -79, 1842, 1040, -1644, -2057, 1384, 2994, -1052, -3747, 680, 4251, -306, -4467, -27, 4397, 332, -4112, -640, 3736, 932, -3307, -1131, 2771, 1233, -2076, -1333, 1283, 1510, -482, -1738, -258, 1962, 883, -2113, -1323, 2122, 1553, -1939, -1599, 1589, 1511, -1163, -1312, 756, 1031, -406, -706, 111, 415, 129, -206, -289, 101, 369, -73, -401, 97, 431, -143, -467, 182, 492, -191, -466, 163, 381, -87, -256, -16, 131, 103, 1, -116, -152, 53, 308, 74, -425, -232, 466, 371, -402, -431, 253, 402, -75, -296, -67, 159, 148, -30, -160, -50, 135, 68, -110, -20, 110, -61, -123, 132, 147, -153, -168, 120, 174, -48, -140, -19, 50, 54, 99, -37, -258, -13, 352, 69, -325, -101, 217, 98, -106, -36, 44, -78, -24, 192, 44, -224, -97, 151, 165, -3, -203, -138, 183, 217, -95, -221, -21, 186, 114, -136, -143, 81, 118, -30, -70, 12, 35, -42, -20, 104, 32, -159, -61, 183, 95, -169, -113, 126, 109, -66, -90, 16, 72, 14, -53, -24, 36, 22, -6, -19, -24, 40, 48, -80, -67, 125, 98, -154, -141, 166, 186, -153, -220, 116, 234, -46, -218, -47, 192, 133, -165, -159, 133, 121, -62, -66, -35, 49, 121, -55, -151, 50, 139, -19, -113, -16, 91, 46, -71, -56, 64, 40, -64, 0, 67, -37, -68, 47, 78, -29, -88, 12, 95, -13, -80, 27, 44, -26, 1, 4, -24, 27, 14, -54, 29, 83, -96, -115, 166, 152, -198, -175, 167, 182, -89, -176, 19, 161, 19, -120, -38, 62, 55, -11, -65, -11, 74, 7, -76, 15, 65, -36, -38, 48, 21, -53, -21, 59, 26, -50, -12, 25, -11, 2, 32, -2, -40, -19, 41, 41, -38, -35, 33, 7, -13, 19, -10, -7, 19, -42, 13, 90, -74, -87, 126, 39, -127, -1, 87, 11
1791219847.641, MrmDetectionListInfo, 475, 162, 58, 570, 72, 409, 73, 468, 74, 491, 75, 490, 76, 498, 77, 515, 78, 499, 79, 422, 83, 327, 84, 340, 86, 338, 87, 374, 88, 395, 89, 365, 158, 143, 159, 182, 160, 228, 161, 283, 162, 349, 163, 428, 164, 521, 165, 625, 166, 740, 167, 862, 168, 986, 169, 1109, 170, 1226, 171, 1334, 172, 1427, 173, 1500, 174, 1544, 175, 1552, 176, 1514, 177, 1424, 178, 1288, 179, 1136, 180, 1050, 181, 1133, 182, 1388, 183, 1687, 184, 1904, 185, 2028, 186, 2126, 187, 2236, 188, 2333, 189, 2380, 190, 2373, 191, 2335, 192, 2290, 193, 2257, 194, 2255, 195, 2283, 196, 2307, 197, 2296, 198, 2255, 199, 2202, 200, 2143, 201, 2062, 202, 1943, 203, 1791, 204, 1622, 205, 1454, 206, 1295, 207, 1150, 208, 1044, 209, 1013, 210, 1090, 211, 1270, 212, 1497, 213, 1685, 214, 1782, 215, 1803, 216, 1784, 217, 1741, 218, 1664, 219, 1546, 220, 1397, 221, 1237, 222, 1076, 223, 913, 224, 748, 225, 585, 226, 431, 227, 304, 228, 224, 229, 195, 230, 201, 231, 218, 232, 227, 233, 229, 234, 232, 235, 243, 236, 262, 237, 282, 238, 302, 239, 320, 240, 334, 241, 341, 242, 335, 243, 316, 244, 284, 245, 240, 246, 189, 247, 138, 254, 158, 255, 198, 256, 242, 257, 295, 258, 353, 259, 398, 260, 415, 261, 403, 262, 370, 263, 323, 264, 265, 265, 206, 266, 160, 267, 134, 280, 141, 281, 153, 282, 156, 283, 152, 284, 142, 285, 124, 293, 150, 294, 177, 295, 197, 296, 208, 297, 205, 298, 185, 299, 152, 307, 140, 308, 150, 309, 147, 310, 135, 313, 123, 314, 160, 315, 191, 316, 190, 317, 161, 318, 127, 321, 133, 360, 142, 361, 156, 362, 168, 363, 176, 364, 179, 365, 177, 366, 169, 367, 154, 368, 137, 372, 155, 373, 162, 374, 154, 375, 132, 376, 101, 421, 158, 422, 174, 423, 182, 424, 181, 425, 170
1791219847.766, MrmFullScanInfo, 476, 107, 2457185, 0, 0, 0, 0, 10000, 39297, 32, 1, 2, 1, 480, -20283, 32156, 24152, -31562, -29750, 29421, 32494, -19832, -32512, -3223, 32491, 28043, -28734, -32344, 10887, 32459, 7367, -32512, -20089, 32101, 22359, -27119, -17955, 6903, 15006, 11084, -1166, -14563, -12171, 27344, 7686, -28469, 309, 31952, -9593, -32086, 10547, 32199, -7903, -32251, 3018, 31965, 5749, -28054, -16317, 18836, 24174, -4106, -27456, -11030, 23119, 22689, -15183, -28880, 3238, 27706, 5770, -23341, -12243, 16386, 13429, -8718, -10067, 2556, 4992, 1383, 389, -2825, -4928, 2321, 7107, -157, -6171, -1614, 2488, 2420, 2181, -1077, -6837, -1909, 9225, 5867, -9058, -9505, 6924, 10786, -2570, -9956, -1586, 6800, 5215, -2421, -6461, -2158, 5845, 5314, -3384, -6641, 280, 5447, 1728, -3283, -1854, 855, 632, 886, 1320, -988, -2706, 116, 3294, 1095, -2704, -1774, 1002, 1986, 673, -1324, -1572, -79, 2113, 1238, -1624, -1838, 556, 1929, 446, -1364, -804, 418, 714, 396, -293, -519, -428, 326, 434, 15, -198, -345, -254, 467, 711, -41, -852, -409, 751, 695, -359, -644, -171, 475, 496, -47, -642, -499, 445, 691, -184, -598, -92, 441, -55, -156, 226, 82, -547, -183, 566, 440, -496, -699, 54, 810, 438, -858, -736, 513, 858, -80, -979, -344, 798, 602, -474, -633, 212, 609, -109, -412, 158, 404, -492, -699, 892, 892, -1333, -1400, 1699, 1829, -1833, -2126, 1971, 2208, -1627, -1905, 1233, 1395, -678, -1037, 73, 719, 469, -364, -769, 318, 1067, -428, -1079, 346, 1201, -540, -1245, 549, 1167, -512, -1209, 422, 1078, -313, -979, 238, 659, -27, -426, -91, 176, 102, 70, -83, -148, -8, 217, 7, -75, -14, 37, -37, 23, 10, -7, -214, 32, 111, -46, -213, 23, 65, -99, -129, 221, 88, -361, -190, 282, 122, -249, -131, 123, 155, -152, -108, 140, 114, -233, -53, 363, -42, -482, 72, 549, -35, -689, -104, 545, 154, -592, -156, 618, 191, -350, -190, 250, 41, -162, -98, 168, 119, -97, -200, 87, 284, -19, -343, 77, 168, -26, -295, -136, 263, 237, -195, -218, 166, 217, -179, -203, 202, 141, -134, -226, 56, 125, -20, -141, -101, -70, 159, 64, -38, -145, 10, 183, 53, -146, -80, -20, 84, 146, -224, -149, 253, 231, -268, -127, 309, 126, -299, 16, 404, 77, -431, -131, 436, 31, -477, -6, 440, -24, -256, -37, 43, 6, -79, -50, -6, 23, 3, 104, 55, -101, -43, 54, 23, -54, -19, 7, 107, -36, -38, 139, 82, -89, -171, -9, 191, -29, -287, -39, 260, 152, -215, -125, 267, 126, -245, -131, 90, -71, -45, 305, -102, -464, 170, 724, -210, -983, 322, 1179, -449, -1358, 418, 1316, -185, -1145, -6, 934, 319, -509, -531, 145, 631, 222, -688, -464, 588, 591, -432, -540, 431, 517, -319, -430, 240, 300, -406, -183, 448, 225, -475, -326, 296, 430, -174, -447, -16, 376, 299, -202, -362, 112, 414, 50, -341, -245, 309, 101, -110, -75, 41, 9, 59, 224, -37, -264, 13, 257, 85, -198, -39, 299, 85, -130, 4, 27, -48, -111, 99, -64, -183
1791219847.766, MrmFullScanInfo, 476, 107, 2457185, 0, 0, 0, 0, 10000, 39297, 32, 2, 2, 1, 480, 0, 0, 0, 0, 0, 0, 10139, -14442, -19163, 29429, 22860, -30783, -24932, 16629, 28398, 4101, -30349, -21333, 25471, 31505, -13173, -36417, -873, 36930, 10492, -30996, -13728, 17866, 11939, -594, -7520, -15880, 3734, 27714, -3959, -33112, 8695, 32675, -14811, -29371, 18476, 26590, -17742, -26090, 12809, 27074, -4721, -26938, -5237, 23039, 15284, -14371, -23094, 2216, 26415, 10504, -24113, -20653, 16924, 26168, -7269, -26517, -1676, 22465, 7387, -15552, -8882, 7739, 6800, -922, -2704, -3535, -1638, 5139, 4703, -4264, -5487, 1954, 3742, 442, -26, -1717, -4459, 1177, 8310, 1090, -10349, -4233, 9969, 7016, -7251, -8360, 2990, 7739, 1551, -5285, -5068, 1723, 6657, 1880, -6118, -4479, 4042, 5423, -1541, -4651, -266, 2711, 792, -519, -121, -1023, -1161, 1459, 2297, -900, -2664, -153, 2075, 1099, -804, -1453, -613, 1073, 1668, -186, -2018, -781, 1640, 1439, -827, -1546, 2, 1120, 503, -425, -569, -181, 318, 461, -8, -365, -122, 45, 7, 250, 280, -316, -581, 132, 730, 170, -622, -414, 286, 476, 140, -313, -482, 0, 624, 315, -554, -494, 383, 486, -253, -329, 253, 147, -358, -66, 473, 154, -480, -384, 319, 659, -22, -831, -318, 790, 627, -526, -838, 146, 897, 214, -791, -455, 588, 546, -406, -525, 373, 481, -560, -489, 959, 592, -1473, -788, 1980, 1041, -2351, -1260, 2485, 1356, -2311, -1286, 1838, 1106, -1157, -903, 423, 748, 222, -666, -681, 661, 933, -705, -1022, 771, 1024, -832, -992, 868, 958, -850, -925, 777, 879, -651, -782, 479, 628, -270, -431, 68, 227, 77, -40, -138, -95, 133, 158, -90, -142, 46, 80, -22, -9, 37, -44, -79, 82, 122, -103, -133, 121, 115, -156, -78, 222, 46, -288, -23, 316, 23, -286, -41, 231, 70, -189, -80, 193, 54, -246, 20, 330, -118, -421, 198, 504, -215, -563, 170, 603, -94, -611, 29, 572, 13, -469, -32, 333, 44, -214, -61, 144, 100, -119, -158, 124, 218, -138, -247, 134, 250, -84, -250, -4, 263, 96, -271, -153, 269, 165, -252, -148, 224, 128, -177, -119, 117, 114, -41, -87, -38, 40, 99, 25, -111, -91, 83, 138, -32, -129, -32, 62, 119, 26, -218, -86, 303, 98, -346, -62, 355, 4, -351, 45, 364, -67, -396, 78, 434, -97, -440, 124, 384, -122, -267, 80, 139, -13, -48, -30, 10, 23, -1, 27, 2, -77, 0, 93, 3, -75, -19, 59, 44, -66, -59, 90, 76, -100, -112, 94, 171, -71, -229, 39, 269, 3, -286, -36, 282, 44, -240, -3, 149, -93, -5, 239, -164, -414, 336, 610, -496, -809, 650, 983, -764, -1088, 779, 1105, -646, -1032, 377, 880, -28, -654, -318, 379, 596, -90, -752, -159, 784, 332, -717, -410, 603, 405, -488, -337, 417, 234, -404, -134, 428, 91, -436, -131, 398, 232, -296, -329, 134, 373, 64, -346, -243, 256, 361, -126, -395, 8, 349, 57, -233, -54, 90, -4, 37, 99, -110, -185, 121, 241, -84, -261, 41, 243, -17, -184, 23, 102, -50
1791219847.766, MrmFullScanInfo, 476, 107, 2457185, 0, 0, 0, 0, 10000, 39297, 32, 4, 2, 1, 480, 0, 0, 0, 0, 0, 0, -57, -24, 88, -75, -17, 297, -100, -454, 115, 444, -37, -332, 32, 173, -186, 25, 366, -132, -417, 45, 346, 161, -263, -275, 257, 203, -257, -67, 133, -13, 159, 26, -461, 3, 567, -54, -358, 76, -25, -47, 300, 23, -289, -22, 69, 8, 163, 60, -238, -171, 134, 313, 34, -421, -137, 438, 173, -340, -212, 138, 274, 142, -290, -407, 195, 553, 4, -544, -213, 402, 330, -171, -309, -44, 182, 130, 6, -79, -179, -14, 270, 90, -254, -152, 170, 196, -52, -184, -61, 114, 124, 4, -109, -137, 50, 229, 17, -218, -71, 119, 100, 9, -86, -110, 38, 165, 16, -158, -51, 98, 57, -19, -24, -44, -22, 86, 51, -96, -37, 67, 10, -13, 4, -24, -8, 34, 16, -14, -36, -14, 55, 39, -45, -51, 13, 63, 13, -70, -5, 60, -12, -24, 13, -2, 8, -2, -25, 37, 20, -69, -5, 91, 18, -112, -65, 157, 140, -228, -223, 322, 315, -410, -412, 464, 512, -451, -596, 346, 655, -137, -683, -151, 681, 489, -632, -839, 534, 1169, -400, -1406, 262, 1466, -133, -1285, 20, 881, 54, -346, -26, -186, -159, 598, 536, -793, -1072, 742, 1696, -475, -2272, 86, 2644, 312, -2689, -615, 2376, 796, -1765, -885, 1011, 934, -289, -969, -255, 1015, 584, -1073, -747, 1134, 832, -1177, -894, 1176, 949, -1092, -992, 926, 1004, -701, -946, 446, 807, -178, -603, -52, 378, 202, -162, -265, -5, 282, 103, -275, -135, 251, 145, -207, -164, 151, 193, -87, -199, 18, 154, 55, -49, -117, -92, 141, 232, -103, -322, 27, 328, 51, -249, -92, 136, 82, -39, -23, -2, -51, -18, 116, 96, -151, -202, 145, 293, -86, -331, 5, 321, 53, -282, -58, 246, 29, -218, 9, 202, -28, -181, 2, 155, 89, -123, -214, 88, 300, -38, -288, -20, 197, 82, -91, -121, 25, 118, 2, -73, -9, 29, 13, -19, -17, 55, 32, -110, -59, 145, 108, -126, -157, 59, 175, 41, -136, -137, 61, 192, 18, -173, -75, 96, 109, -4, -112, -50, 85, 60, -30, -38, -15, 10, 21, 6, 21, 4, -89, -32, 161, 58, -208, -67, 204, 78, -143, -92, 69, 102, -22, -84, 15, 42, -29, 5, 49, -33, -42, 26, 6, 16, 36, -55, -61, 56, 76, -17, -82, -32, 78, 81, -57, -121, 39, 146, -26, -140, 13, 105, 8, -50, -22, 3, 4, 16, 49, -19, -98, 24, 105, -12, -77, -29, 64, 86, -71, -131, 73, 166, -49, -197, 15, 220, 10, -209, -25, 163, 42, -102, -58, 63, 70, -42, -78, 16, 91, 32, -101, -87, 109, 116, -113, -102, 114, 72, -110, -50, 118, 39, -132, -14, 127, -20, -86, 44, 32, -45, 8, 41, -32, -44, 52, 59, -66, -75, 72, 78, -56, -55, 28, 29, 1, -12, -8, -3, 3, 25, 4, -40, -5, 36, 5
1791219847.766, MrmDetectionListInfo, 476, 137, 72, 333, 73, 353, 74, 332, 164, 139, 165, 177, 166, 219, 167, 263, 168, 310, 169, 356, 170, 400, 171, 440, 172, 472, 173, 495, 174, 505, 175, 500, 176, 478, 177, 443, 178, 409, 179, 398, 180, 430, 181, 503, 182, 595, 183, 679, 184, 741, 185, 787, 186, 826, 187, 857, 188, 870, 189, 856, 190, 813, 191, 742, 192, 645, 193, 531, 194, 409, 195, 290, 196, 184, 197, 122, 198, 149, 199, 284, 200, 493, 201, 702, 202, 863, 203, 980, 204, 1085, 205, 1183, 206, 1259, 207, 1300, 208, 1331, 209, 1398, 210, 1504, 211, 1593, 212, 1607, 213, 1532, 214, 1402, 215, 1249, 216, 1085, 217, 910, 218, 738, 219, 608, 220, 566, 221, 620, 222, 732, 223, 841, 224, 913, 225, 948, 226, 971, 227, 998, 228, 1027, 229, 1046, 230, 1051, 231, 1042, 232, 1023, 233, 993, 234, 949, 235, 890, 236, 817, 237, 730, 238, 632, 239, 524, 240, 415, 241, 321, 242, 256, 243, 225, 244, 215, 245, 202, 246, 173, 247, 147, 248, 149, 249, 181, 250, 210, 251, 214, 252, 196, 253, 179, 254, 173, 255, 171, 256, 165, 257, 152, 265, 119, 266, 156, 267, 186, 268, 200, 269, 195, 270, 182, 271, 171, 272, 166, 273, 157, 274, 138, 283, 128, 284, 159, 285, 184, 286, 201, 287, 207, 288, 201, 289, 185, 290, 170, 291, 164, 292, 169, 293, 172, 294, 163, 295, 143, 296, 123, 297, 112, 298, 108, 305, 143, 306, 168, 307, 181, 308, 180, 309, 169, 310, 151, 329, 117, 330, 127, 331, 130, 361, 129, 362, 138, 363, 140, 364, 136, 440, 111
1791219847.891, MrmFullScanInfo, 477, 107, 2457310, 0, 0, 0, 0, 10000, 39297, 32, 1, 2, 1, 480, -20754, 31838, 24652, -31733, -29841, 28932, 32450, -21626, -32512, -3340, 32512, 27751, -29125, -32160, 10768, 32512, 9076, -32482, -20398, 31897, 22623, -27046, -17880, 5188, 15602, 10662, -2104, -14902, -11099, 27236, 8079, -28607, 327, 31968, -8521, -31515, 10164, 31838, -8271, -32471, 1964, 31837, 6557, -27911, -15973, 18817, 24671, -3027, -27352, -11708, 22673, 23022, -14786, -28965, 3819, 27789, 6612, -22773, -11809, 16414, 13408, -8609, -10073, 2660, 4907, 1406, 397, -2722, -4816, 2292, 6957, -519, -5778, -1526, 2460, 2237, 2071, -958, -6896, -2098, 9021, 6512, -8990, -9458, 6748, 10765, -2748, -9809, -1762, 6533, 5053, -2371, -6302, -1959, 5734, 5193, -3147, -6742, 245, 5617, 1645, -3250, -1995, 891, 617, 873, 1436, -1063, -2768, 143, 3429, 1025, -2705, -1872, 983, 1923, 738, -1259, -1714, 24, 1869, 1204, -1589, -1852, 497, 1807, 463, -1276, -996, 414, 698, 323, -285, -507, -303, 282, 501, -26, -309, -399, -372, 360, 793, -32, -912, -383, 824, 683, -248, -764, -223, 520, 565, 61, -676, -315, 506, 742, -179, -650, -72, 297, 40, -203, 206, 38, -482, -210, 608, 448, -402, -718, 128, 802, 392, -768, -664, 473, 894, -95, -1042, -276, 853, 551, -467, -633, 113, 492, -20, -220, -161, 153, 216, -40, 34, 162, -72, -381, -360, 463, 722, -595, -1242, 507, 1959, -291, -2594, -101, 3141, 598, -3199, -1149, 2865, 1721, -2087, -2259, 1229, 2439, -210, -2395, -566, 1894, 925, -1223, -1011, 435, 637, -61, -287, -135, 0, -83, 110, 361, 122, -526, -478, 596, 1009, -293, -1149, -36, 1020, 560, -713, -717, 197, 640, 382, -490, -546, 63, 572, 437, -329, -580, 84, 496, 98, -388, -146, 88, -162, -41, 300, 52, -422, -375, 450, 473, -284, -635, 57, 543, 236, -317, -368, -143, 319, 393, -151, -610, -292, 572, 533, -362, -607, 72, 664, 187, -400, -321, 194, 301, 125, -242, -232, 179, 144, -64, -103, 82, 78, -107, 24, 238, 87, -221, -234, 199, 379, -183, -248, 157, 220, -16, -90, -57, -16, 105, 129, -94, -75, 8, 138, -99, -96, 40, 80, -183, -86, 164, 56, -139, -70, 66, 44, 2, -57, -97, -4, 183, 165, -363, -245, 362, 182, -371, -75, 320, 58, -297, -29, 374, -39, -252, -17, 339, -35, -221, -73, 177, 21, -139, -41, 56, -44, 73, 48, -43, 7, -22, 29, 8, -119, -126, 12, 106, -28, -114, -11, 210, 54, -194, -55, 306, 127, -186, -179, 91, 135, -223, -131, 184, 122, -169, 31, 14, -85, 62, 352, -54, -566, 139, 784, -177, -961, 452, 1191, -322, -1185, 266, 1304, -128, -1097, -36, 883, 281, -511, -605, 155, 773, 194, -644, -462, 628, 587, -480, -658, 327, 453, -224, -319, 256, 147, -403, -225, 450, 286, -490, -356, 329, 504, -144, -532, -6, 571, 371, -427, -448, 311, 521, -34, -457, -100, 325, 99, -127, -139, 24, -110, 7, 279, -22, -307, -11, 335, 63, -306, -109, 181, 103, -140, -73, 88, -30, 19, 211, 11, -169
1791219847.891, MrmFullScanInfo, 477, 107, 2457310, 0, 0, 0, 0, 10000, 39297, 32, 2, 2, 1, 480, 0, 0, 0, 0, 0, 0, 10241, -14524, -19303, 29721, 22887, -31267, -24813, 17128, 28252, 3758, -30190, -21185, 25142, 31561, -12609, -36626, -1484, 37050, 10969, -30797, -14172, 17420, 12564, -236, -8308, -15915, 4398, 27538, -4199, -32949, 8431, 32625, -14249, -29387, 17885, 26612, -17226, -26118, 12332, 27131, -4289, -26946, -5562, 22836, 15503, -13887, -23222, 1571, 26463, 11080, -24096, -20972, 16843, 26186, -7131, -26338, -1819, 22247, 7457, -15410, -8867, 7695, 6734, -950, -2652, -3492, -1602, 5135, 4540, -4315, -5246, 2043, 3530, 327, 80, -1535, -4470, 902, 8280, 1405, -10325, -4464, 9955, 7067, -7222, -8245, 2945, 7561, 1570, -5162, -5001, 1697, 6495, 1876, -5932, -4517, 3923, 5500, -1515, -4718, -239, 2737, 748, -500, -66, -1079, -1222, 1531, 2350, -956, -2692, -127, 2062, 1101, -764, -1478, -633, 1109, 1627, -211, -1932, -766, 1543, 1417, -728, -1522, -85, 1118, 564, -452, -596, -141, 313, 431, 16, -362, -141, 67, -15, 226, 352, -314, -660, 149, 769, 170, -606, -453, 236, 539, 196, -377, -527, 49, 653, 287, -564, -481, 369, 476, -213, -325, 201, 156, -314, -83, 449, 173, -479, -390, 343, 634, -58, -777, -298, 740, 641, -518, -873, 190, 920, 146, -770, -384, 500, 468, -205, -408, -24, 289, 129, -195, -119, 188, 105, -290, -212, 488, 505, -714, -980, 890, 1602, -940, -2275, 826, 2854, -520, -3169, 19, 3121, 642, -2708, -1351, 2023, 1941, -1206, -2240, 417, 2151, 205, -1698, -564, 1046, 645, -421, -502, 27, 261, 60, -60, 106, 28, -376, -204, 592, 520, -619, -818, 416, 962, -52, -869, -321, 554, 567, -120, -591, -270, 383, 504, -32, -541, -297, 422, 474, -239, -457, 110, 300, -96, -117, 191, 30, -328, -81, 434, 232, -433, -388, 302, 455, -75, -368, -160, 137, 305, 165, -280, -436, 94, 590, 174, -571, -416, 399, 549, -146, -526, -92, 364, 258, -138, -324, -47, 301, 138, -223, -133, 149, 81, -122, -30, 148, 35, -201, -96, 256, 171, -276, -200, 236, 172, -133, -105, 5, 32, 96, 29, -138, -68, 134, 89, -116, -88, 119, 69, -138, -37, 155, 12, -140, -4, 92, 18, -16, -28, -79, 13, 200, 27, -323, -53, 411, 40, -426, 3, 386, -47, -329, 80, 290, -97, -268, 101, 253, -85, -227, 56, 190, -26, -133, 14, 60, -10, 11, 6, -45, -7, 33, 28, 9, -58, -54, 78, 94, -71, -131, 50, 178, -23, -224, -1, 250, 32, -243, -65, 224, 89, -213, -78, 199, 34, -146, 41, 49, -146, 75, 292, -203, -472, 343, 664, -496, -832, 637, 959, -706, -1037, 673, 1063, -536, -1010, 306, 867, 9, -649, -351, 391, 634, -118, -786, -136, 804, 334, -717, -427, 575, 406, -434, -299, 355, 178, -357, -100, 415, 100, -459, -174, 440, 302, -335, -437, 158, 533, 57, -548, -254, 465, 389, -305, -431, 129, 379, 2, -255, -38, 107, -23, 25, 143, -109, -253, 132, 312, -95, -308, 32, 260, 20, -183, -23, 97, -26
1791219847.891, MrmFullScanInfo, 477, 107, 2457310, 0, 0, 0, 0, 10000, 39297, 32, 4, 2, 1, 480, 0, 0, 0, 0, 0, 0, 83, -97, -114, 270, 30, -362, 69, 297, -87, -139, 132, -2, -311, 133, 493, -196, -467, 61, 314, 216, -313, -364, 541, 212, -720, 91, 601, -241, -210, 176, -201, -30, 394, -42, -386, 30, 402, -18, -521, 49, 583, 7, -463, -235, 257, 526, -53, -665, -78, 545, 116, -211, -108, -155, 106, 377, -70, -379, -38, 213, 156, 21, -206, -224, 141, 315, 43, -272, -270, 143, 406, 11, -366, -147, 195, 262, -3, -337, -124, 331, 164, -201, -146, -19, 117, 214, -71, -273, -13, 183, 134, -29, -222, -64, 215, 66, -110, -23, -10, -9, 79, 27, -90, -29, 79, 18, -57, -1, 29, -7, 1, 14, -27, -17, 32, 15, 3, -9, -59, 7, 96, 6, -101, -31, 99, 40, -82, -10, 44, -31, 0, 55, -27, -51, 34, 33, -12, -12, -28, 5, 69, -10, -76, 16, 44, 1, 6, -28, -44, 46, 60, -46, -51, 36, 28, -18, -1, 5, -24, 0, 50, -2, -57, 7, 46, 2, -25, -32, 6, 91, 3, -173, 8, 258, -45, -311, 88, 327, -104, -318, 82, 286, -22, -197, -63, 29, 192, 219, -369, -503, 580, 764, -812, -936, 1092, 977, -1444, -877, 1862, 657, -2303, -357, 2721, 63, -3040, 114, 3188, -68, -3084, -253, 2701, 826, -2069, -1523, 1283, 2150, -455, -2505, -286, 2475, 838, -2068, -1126, 1439, 1148, -813, -947, 391, 630, -237, -330, 306, 185, -469, -252, 601, 474, -592, -710, 404, 836, -82, -778, -256, 538, 499, -191, -567, -124, 437, 314, -164, -350, -117, 264, 287, -113, -300, -14, 199, 52, -76, 18, 28, -150, -80, 262, 197, -262, -313, 111, 373, 158, -331, -444, 187, 637, 28, -658, -254, 523, 418, -306, -452, 99, 347, 52, -151, -123, -48, 99, 194, 7, -256, -130, 241, 207, -161, -223, 66, 209, 0, -183, -21, 165, 21, -151, -11, 126, 12, -73, -49, 9, 135, 45, -231, -80, 288, 107, -279, -122, 220, 122, -145, -101, 99, 60, -92, -3, 108, -43, -109, 49, 101, 0, -96, -63, 96, 87, -70, -52, 12, -2, 49, 38, -68, -39, 37, 24, 21, -16, -67, 32, 78, -61, -39, 81, -24, -72, 82, 36, -92, 3, 51, -8, 6, -26, -31, 63, 16, -56, 6, 21, -13, 0, 18, 15, -33, -43, 63, 60, -79, -57, 56, 51, 0, -43, -55, 27, 81, 3, -82, -34, 89, 54, -101, -55, 105, 54, -81, -55, 52, 54, -31, -35, 10, 11, 33, -5, -81, 34, 97, -72, -73, 96, 52, -97, -52, 90, 65, -74, -67, 49, 58, -13, -38, -14, 12, 18, 12, -1, -16, -4, 0, -11, 36, 42, -71, -67, 95, 91, -97, -119, 79, 157, -42, -185, 0, 191, 34, -160, -50, 101, 51, -29, -47, -15, 46, 13, -36, 23, 14, -56, 11, 64, -16, -42, -4, 18, 38, -6, -47, 2, 24
1791219847.891, MrmDetectionListInfo, 477, 120, 181, 122, 182, 148, 183, 174, 184, 195, 185, 209, 186, 215, 187, 213, 188, 204, 189, 186, 190, 161, 191, 131, 195, 157, 196, 267, 197, 405, 198, 537, 199, 654, 200, 763, 201, 870, 202, 973, 203, 1066, 204, 1146, 205, 1217, 206, 1282, 207, 1338, 208, 1385, 209, 1421, 210, 1448, 211, 1471, 212, 1504, 213, 1557, 214, 1618, 215, 1652, 216, 1638, 217, 1601, 218, 1580, 219, 1592, 220, 1616, 221, 1624, 222, 1600, 223, 1548, 224, 1480, 225, 1416, 226, 1388, 227, 1418, 228, 1493, 229, 1557, 230, 1545, 231, 1431, 232, 1252, 233, 1059, 234, 878, 235, 709, 236, 551, 237, 417, 238, 324, 239, 276, 240, 269, 241, 295, 242, 348, 243, 419, 244, 495, 245, 562, 246, 604, 247, 613, 248, 585, 249, 526, 250, 462, 251, 431, 252, 441, 253, 456, 254, 435, 255, 379, 256, 326, 257, 306, 258, 308, 259, 302, 260, 268, 261, 227, 262, 207, 263, 216, 264, 230, 265, 218, 266, 175, 267, 125, 274, 161, 275, 218, 276, 251, 277, 260, 278, 252, 279, 241, 280, 241, 281, 267, 282, 314, 283, 361, 284, 383, 285, 375, 286, 363, 287, 376, 288, 416, 289, 442, 290, 425, 291, 367, 292, 298, 293, 235, 294, 184, 295, 142, 302, 162, 303, 189, 304, 210, 305, 211, 306, 190, 307, 159, 324, 158, 325, 184, 326, 196, 327, 198, 328, 194, 329, 184, 330, 167, 331, 146
1791219848.016, MrmFullScanInfo, 478, 107, 2457435, 0, 0, 0, 0, 10000, 39297, 32, 1, 2, 1, 480, -21424, 31840, 25159, -31399, -29923, 29244, 32386, -20097, -32512, -2649, 32489, 27808, -29020, -32222, 11469, 32147, 7870, -32490, -20847, 32003, 22591, -26877, -17555, 5831, 15542, 11351, -458, -14719, -11170, 26704, 7111, -29154, 193, 31909, -8293, -31743, 10729, 32273, -7589, -32149, 3275, 32290, 5325, -28248, -16508, 19203, 25351, -3103, -27359, -11373, 23404, 23055, -15594, -29102, 3890, 27895, 6289, -23551, -12649, 16613, 13786, -8762, -11112, 2070, 5089, 2047, 310, -3292, -5492, 2788, 7719, -428, -6422, -1835, 2808, 2868, 2260, -1154, -6929, -2352, 9405, 6238, -9255, -9475, 7069, 11206, -2899, -10185, -1757, 6897, 5343, -2546, -6656, -2335, 5795, 5659, -3266, -6944, -41, 5643, 1806, -3290, -2082, 736, 742, 1124, 1336, -1179, -2855, 307, 3438, 1083, -2771, -1977, 1054, 2054, 640, -1292, -1870, 120, 2095, 1241, -1710, -1938, 656, 1959, 465, -1348, -928, 512, 778, 375, -270, -533, -325, 404, 591, -9, -244, -225, -207, 456, 716, -152, -803, -416, 794, 791, -304, -707, -153, 495, 467, -55, -599, -424, 395, 812, -210, -619, -109, 347, 103, -187, 173, -4, -446, -185, 518, 502, -416, -702, 116, 774, 399, -743, -636, 432, 951, -143, -1013, -322, 805, 545, -478, -581, 191, 516, 69, -246, -215, 60, 225, 4, 128, 150, -123, -209, 111, 424, -104, -420, -84, 529, 364, -463, -375, 380, 451, -308, -488, 253, 507, -302, -407, 217, 555, -231, -594, 203, 645, -123, -760, 82, 965, 11, -1157, -37, 1179, 50, -990, -254, 907, 470, -565, -657, 234, 831, 45, -980, -227, 778, 381, -610, -499, 547, 593, -256, -542, 157, 381, -29, -288, 46, 284, 0, -292, 9, 207, -96, -261, 26, 255, -45, -220, -8, 225, -7, -68, 12, -31, -69, 79, 44, -113, 4, 100, -161, -248, 309, 343, -425, -347, 415, 417, -405, -349, 323, 555, -183, -365, -51, 194, 210, -136, -280, 21, 302, 104, -293, -113, 350, 114, -390, -118, 354, 103, -457, -283, 415, 477, -195, -389, 21, 394, 79, -381, -117, 205, 212, -151, -174, 35, 190, 126, -203, -110, 88, 48, -101, -97, 153, 55, -122, -148, 94, 169, 35, -138, -63, 136, 261, -13, -440, 30, 439, 44, -487, -86, 580, 179, -419, -151, 295, 65, -307, -42, 281, -142, -270, 109, 160, -6, -187, 18, 62, -35, 12, 45, -70, 39, 19, 11, 17, -40, -27, 104, 82, -113, -145, 149, 132, -21, -294, -8, 250, 173, -220, -156, 195, 120, -268, -109, 209, 114, -125, -9, 165, -46, -177, 269, 20, -368, 64, 696, -246, -926, 332, 1088, -405, -1264, 434, 1220, -249, -1075, -20, 942, 311, -550, -542, 115, 669, 285, -672, -485, 584, 592, -375, -663, 294, 491, -192, -403, 250, 230, -436, -160, 421, 225, -429, -271, 263, 397, -92, -463, -176, 438, 388, -309, -563, 156, 579, 79, -461, -102, 241, 17, -117, 72, 37, -216, 15, 240, -62, -318, -30, 357, 72, -218, -165, 139, 65, -27, -24, -78, -11, 75, 104, -55, -151
1791219848.016, MrmFullScanInfo, 478, 107, 2457435, 0, 0, 0, 0, 10000, 39297, 32, 2, 2, 1, 480, 0, 0, 0, 0, 0, 0, 10355, -14472, -19491, 29547, 23075, -31010, -24952, 16925, 28338, 3795, -30342, -21048, 25464, 31280, -13001, -36318, -1208, 36889, 10836, -30820, -13975, 17473, 12136, -170, -7774, -16089, 4068, 27670, -4213, -32975, 8647, 32628, -14460, -29448, 18060, 26734, -17528, -26227, 12870, 27180, -4881, -27001, -5257, 23018, 15604, -14228, -23612, 1973, 26986, 10751, -24630, -20839, 17239, 26325, -7271, -26731, -1986, 22733, 7901, -15743, -9461, 7699, 7281, -595, -2930, -4079, -1711, 5741, 4992, -4715, -5849, 2108, 4061, 536, -220, -1840, -4457, 1167, 8505, 1227, -10672, -4417, 10308, 7200, -7499, -8536, 3080, 7894, 1610, -5377, -5192, 1685, 6752, 2082, -6136, -4787, 3983, 5715, -1425, -4815, -418, 2704, 945, -371, -224, -1241, -1140, 1658, 2351, -1004, -2765, -160, 2171, 1177, -840, -1564, -652, 1189, 1749, -266, -2105, -760, 1710, 1465, -851, -1601, -22, 1190, 552, -482, -610, -165, 330, 498, 10, -447, -156, 133, 36, 201, 258, -314, -559, 140, 712, 189, -623, -458, 310, 521, 96, -336, -435, -9, 594, 347, -541, -521, 358, 492, -190, -324, 157, 150, -257, -87, 398, 188, -450, -400, 336, 624, -57, -752, -305, 717, 650, -507, -872, 187, 911, 143, -763, -377, 493, 460, -185, -399, -54, 270, 146, -153, -82, 106, -53, -140, 168, 239, -190, -364, 107, 480, 43, -546, -193, 549, 309, -503, -375, 447, 401, -401, -408, 373, 432, -360, -485, 355, 573, -344, -702, 333, 870, -329, -1018, 324, 1086, -264, -1042, 109, 911, 141, -720, -440, 503, 718, -291, -887, 98, 914, 89, -819, -262, 667, 391, -493, -438, 328, 409, -190, -341, 100, 282, -65, -242, 76, 219, -102, -206, 120, 203, -114, -195, 94, 164, -67, -95, 45, 5, -20, 74, -15, -122, 83, 149, -193, -166, 332, 184, -455, -197, 523, 219, -516, -260, 443, 303, -305, -311, 120, 278, 76, -215, -229, 139, 321, -60, -365, 5, 388, 16, -400, -18, 415, 45, -427, -118, 415, 223, -346, -319, 230, 376, -96, -375, -18, 318, 106, -218, -164, 103, 199, -4, -204, -50, 185, 64, -155, -57, 137, 59, -122, -77, 97, 110, -44, -136, -49, 149, 185, -151, -326, 149, 440, -130, -506, 92, 521, -45, -478, 13, 401, -14, -320, 59, 251, -117, -190, 145, 142, -124, -103, 83, 61, -41, -10, 5, -25, 18, 30, -10, -8, -29, -19, 89, 46, -136, -77, 150, 128, -119, -191, 58, 248, 11, -278, -57, 286, 68, -269, -51, 233, 20, -186, 34, 139, -121, -69, 250, -47, -409, 221, 586, -424, -758, 618, 902, -748, -990, 768, 1012, -638, -966, 373, 854, -27, -656, -319, 380, 603, -77, -762, -189, 779, 379, -680, -468, 533, 457, -410, -357, 359, 216, -371, -94, 403, 51, -402, -104, 342, 231, -213, -371, 31, 462, 179, -461, -366, 370, 476, -230, -471, 106, 362, -46, -195, 60, 31, -120, 88, 198, -139, -261, 123, 291, -59, -268, -7, 195, 48, -88, -49, -15, 20
1791219848.016, MrmFullScanInfo, 478, 107, 2457435, 0, 0, 0, 0, 10000, 39297, 32, 4, 2, 1, 480, 0, 0, 0, 0, 0, 0, 152, 11, -239, -55, 201, 90, -104, -55, 45, -42, -99, 155, 198, -238, -183, 230, 66, -128, 17, 59, 50, -96, -192, 161, 224, -144, -67, 36, -106, 44, 120, -6, -17, -82, -18, 140, -112, -122, 322, 72, -369, -51, 135, 83, 197, -121, -413, 123, 497, -94, -483, 28, 338, 98, -80, -260, -206, 348, 434, -253, -537, 6, 472, 281, -228, -480, -88, 516, 349, -357, -450, 78, 396, 146, -230, -196, 13, 125, 180, -38, -288, -39, 301, 130, -234, -209, 108, 228, 35, -142, -139, -25, 171, 187, -117, -253, 13, 215, 89, -105, -150, -22, 163, 123, -125, -162, 57, 135, 15, -56, -73, -24, 97, 70, -59, -83, -21, 80, 99, -53, -134, 8, 126, 37, -81, -64, 29, 68, 7, -40, -14, -3, 7, 49, 6, -74, -19, 64, 40, -24, -64, -3, 71, -2, -40, 21, -11, -19, 55, 3, -76, 20, 74, -42, -48, 51, 23, -36, -20, 14, 42, 1, -65, 0, 73, -10, -56, 22, 25, -10, 5, -18, -12, 40, 1, -28, 12, -5, -8, 44, -4, -74, 19, 107, -42, -145, 94, 200, -163, -271, 234, 353, -288, -428, 309, 498, -267, -557, 155, 586, 39, -546, -343, 430, 763, -252, -1206, 17, 1542, 296, -1658, -678, 1513, 1076, -1126, -1393, 587, 1533, -3, -1434, -527, 1127, 935, -726, -1150, 359, 1152, -93, -996, -66, 795, 159, -643, -236, 593, 343, -619, -481, 638, 639, -545, -783, 302, 872, 49, -847, -391, 680, 626, -386, -714, 57, 679, 190, -557, -281, 418, 228, -334, -93, 339, -30, -397, 74, 447, -13, -430, -113, 333, 246, -178, -320, 13, 314, 130, -247, -208, 170, 187, -114, -63, 100, -97, -129, 215, 187, -243, -221, 183, 193, -61, -101, -59, -9, 123, 113, -105, -197, 41, 250, 24, -261, -62, 245, 75, -209, -78, 150, 98, -62, -144, -27, 206, 91, -248, -115, 248, 124, -194, -134, 111, 149, -32, -139, -9, 99, 21, -48, -16, 24, 21, -27, -44, 50, 88, -71, -132, 73, 173, -45, -201, 1, 202, 52, -153, -110, 70, 150, 14, -136, -73, 75, 96, -9, -65, -27, 0, 35, 60, -19, -83, -2, 70, 16, -32, -10, -13, 0, 52, 11, -59, -18, 31, 28, 21, -35, -67, 33, 88, -15, -71, -5, 32, 27, 6, -38, -15, 41, -2, -24, 25, 1, -26, -4, 15, 51, 1, -108, -19, 131, 40, -107, -57, 66, 63, -20, -58, -21, 54, 54, -47, -55, 27, 32, 11, -11, -30, 7, 13, -2, 20, -1, -38, -4, 44, 28, -48, -44, 57, 38, -54, -10, 31, -5, 7, -3, -36, 35, 47, -67, -37, 91, 21, -103, -8, 110, 11, -111, -16, 99, 10, -55, 20, -2, -62, 47, 97, -62, -96, 53, 68, -26, -32, -1, 6, 26, 24, -38, -60, 42, 97, -45, -113, 57
1791219848.016, MrmDetectionListInfo, 478, 122, 73, 329, 74, 329, 78, 393, 195, 142, 196, 174, 197, 210, 198, 247, 199, 284, 200, 319, 201, 349, 202, 374, 203, 390, 204, 398, 205, 396, 206, 383, 207, 359, 208, 333, 209, 323, 210, 353, 211, 426, 212, 513, 213, 587, 214, 640, 215, 685, 216, 747, 217, 847, 218, 980, 219, 1104, 220, 1182, 221, 1209, 222, 1201, 223, 1168, 224, 1105, 225, 1004, 226, 878, 227, 780, 228, 779, 229, 873, 230, 964, 231, 968, 232, 892, 233, 799, 234, 725, 235, 659, 236, 583, 237, 508, 238, 458, 239, 437, 240, 431, 241, 427, 242, 427, 243, 443, 244, 479, 245, 526, 246, 572, 247, 607, 248, 626, 249, 625, 250, 602, 251, 558, 252, 507, 253, 478, 254, 501, 255, 566, 256, 614, 257, 598, 258, 523, 259, 436, 260, 377, 261, 367, 262, 390, 263, 406, 264, 386, 265, 335, 266, 278, 267, 233, 268, 205, 269, 194, 270, 201, 271, 223, 272, 247, 273, 254, 274, 244, 275, 235, 276, 241, 277, 255, 278, 254, 279, 232, 280, 198, 281, 173, 282, 174, 283, 198, 284, 218, 285, 213, 286, 185, 287, 147, 288, 111, 292, 150, 293, 195, 294, 224, 295, 229, 296, 215, 297, 187, 298, 146, 305, 142, 306, 144, 307, 136, 310, 153, 311, 160, 312, 159, 313, 150, 314, 138, 315, 126, 321, 134, 322, 164, 323, 185, 324, 190, 325, 183, 326, 170, 327, 156, 328, 140, 329, 121
1791219848.172, MrmFullScanInfo, 479, 107, 2457560, 0, 0, 0, 0, 10000, 39297, 32, 1, 2, 1, 480, -19993, 32033, 24399, -31561, -29253, 29170, 32486, -21098, -32512, -3116, 32501, 27224, -29153, -32221, 11186, 32480, 7782, -32512, -19631, 31820, 22456, -27378, -17159, 5425, 15048, 10169, -1359, -15254, -10645, 27079, 7636, -28764, 687, 31969, -9313, -31923, 9408, 32167, -8434, -32306, 2803, 32165, 4452, -28208, -16116, 18831, 24135, -4211, -27140, -11212, 23369, 22975, -14340, -28967, 3825, 27739, 6591, -23269, -11743, 16757, 13653, -9017, -10271, 2355, 4899, 1620, 443, -2838, -4910, 2442, 7268, -449, -6068, -1781, 2692, 2548, 2069, -1286, -6956, -1758, 9137, 6363, -9225, -9138, 6975, 10718, -3083, -9976, -1643, 6900, 5165, -2473, -6491, -2089, 5947, 5219, -3063, -6848, -4, 5489, 1916, -3241, -1972, 822, 553, 1063, 1410, -1226, -2791, 200, 3288, 1036, -2696, -1865, 941, 2030, 861, -1195, -1720, -32, 2081, 1312, -1471, -1821, 548, 1802, 419, -1360, -913, 407, 785, 336, -222, -492, -276, 283, 568, -57, -248, -445, -339, 364, 679, -42, -944, -368, 789, 674, -266, -836, -220, 489, 437, -102, -666, -460, 432, 731, -175, -610, -101, 417, 110, -157, 182, 76, -462, -72, 474, 472, -497, -708, 74, 899, 529, -718, -611, 603, 891, -70, -1004, -249, 812, 441, -468, -589, 133, 500, 24, -304, -187, 121, 84, -97, 113, 15, -263, -186, 87, 432, -1, -493, -141, 442, 290, -386, -298, 229, 340, -98, -350, -209, 288, 383, 33, -638, 1, 904, 238, -1194, -441, 1413, 749, -1564, -921, 1519, 1211, -1090, -1550, 340, 1622, 453, -1506, -1093, 1199, 1630, -701, -1796, -145, 1611, 690, -1258, -1059, 734, 1141, -220, -980, -112, 572, 235, -131, -186, -175, -107, 27, 297, -3, -411, -296, 241, 499, 6, -503, -265, 461, 423, -229, -569, -126, 530, 290, -273, -108, 26, -151, 65, 329, -125, -401, 54, 499, 48, -474, -163, 308, 212, -134, -216, -111, 63, 85, 73, -63, -171, -44, 191, 108, -63, -158, -26, 207, 105, -54, -218, -92, 104, 65, -50, -188, 105, 312, -105, -199, 81, 203, -148, -231, 142, 151, -125, -129, 161, 119, -10, 21, 34, -16, 167, 127, -217, -121, 113, 167, -35, -106, 38, 151, 90, -48, -159, -51, 185, 90, -297, -65, 193, 76, -390, 21, 366, -49, -350, 101, 326, -119, -406, 112, 308, -146, -217, 98, 67, -124, -82, 128, 13, -137, -8, 99, -46, -4, 41, 152, 52, -85, -43, 15, 9, -8, -56, 39, 176, -25, -239, -46, 261, 185, -262, -238, 333, 240, -368, -200, 239, 209, -202, -150, 147, -111, -209, 291, 101, -578, -13, 749, -40, -970, 219, 987, -339, -1124, 361, 1151, -244, -982, 39, 707, 251, -404, -457, 120, 619, 245, -623, -495, 553, 527, -415, -521, 393, 325, -354, -287, 255, 213, -325, -129, 438, 134, -459, -352, 294, 472, -59, -440, -123, 444, 393, -306, -475, 195, 594, 109, -429, -121, 349, 22, -111, -110, -49, -212, 24, 242, -8, -225, 34, 278, -54, -247, -68, 197, 112, -75, 7, -32, -69, -18, 83, -73, -71
1791219848.188, MrmFullScanInfo, 479, 107, 2457560, 0, 0, 0, 0, 10000, 39297, 32, 2, 2, 1, 480, 0, 0, 0, 0, 0, 0, 10089, -14460, -19047, 29565, 22684, -31124, -24742, 17136, 28272, 3578, -30326, -20934, 25527, 31292, -13264, -36346, -731, 36830, 10286, -30738, -13549, 17497, 11980, -317, -7906, -15903, 4354, 27536, -4536, -32890, 8936, 32568, -14653, -29435, 18107, 26780, -17520, -26281, 12981, 27136, -5214, -26839, -4692, 22862, 14929, -14211, -22936, 2083, 26356, 10641, -24061, -20790, 16846, 26292, -7192, -26656, -1725, 22633, 7395, -15693, -8882, 7769, 6813, -832, -2729, -3693, -1610, 5308, 4687, -4384, -5510, 1977, 3821, 524, -144, -1826, -4363, 1234, 8296, 1079, -10446, -4193, 10150, 6914, -7443, -8257, 3129, 7703, 1492, -5335, -5048, 1810, 6602, 1845, -5981, -4549, 3850, 5562, -1367, -4762, -369, 2710, 818, -386, -109, -1230, -1167, 1642, 2281, -983, -2630, -169, 2019, 1161, -720, -1508, -697, 1097, 1705, -180, -1997, -795, 1586, 1438, -760, -1536, -62, 1125, 552, -454, -591, -143, 308, 436, 21, -364, -151, 63, 9, 231, 312, -315, -624, 144, 751, 181, -615, -471, 278, 559, 129, -379, -458, 28, 605, 322, -539, -515, 352, 508, -192, -346, 167, 155, -265, -65, 397, 160, -436, -399, 311, 668, -36, -828, -299, 787, 615, -552, -833, 217, 880, 113, -738, -354, 477, 460, -198, -425, 1, 303, 59, -159, 3, 71, -100, -93, 158, 222, -142, -376, 69, 474, 40, -473, -153, 375, 252, -197, -309, -33, 310, 303, -260, -596, 187, 904, -94, -1208, -26, 1483, 185, -1664, -395, 1666, 683, -1413, -1036, 912, 1380, -245, -1596, -452, 1575, 1057, -1259, -1468, 699, 1634, -43, -1538, -522, 1222, 869, -774, -936, 325, 748, 12, -414, -158, 94, 105, 96, 76, -107, -252, -30, 318, 244, -233, -428, 39, 498, 199, -414, -400, 229, 491, -55, -421, -5, 218, -50, 24, 173, -198, -301, 249, 397, -184, -428, 58, 374, 69, -242, -140, 84, 130, 40, -43, -90, -66, 70, 140, 1, -140, -87, 78, 140, 18, -129, -101, 63, 148, 35, -161, -135, 169, 203, -179, -216, 188, 193, -189, -152, 187, 114, -172, -75, 139, 40, -76, -4, -16, -23, 119, 43, -185, -57, 188, 79, -134, -101, 56, 111, 32, -91, -123, 53, 206, -18, -267, 13, 310, -39, -333, 96, 338, -157, -321, 203, 302, -225, -280, 230, 240, -214, -169, 182, 90, -144, -22, 119, -20, -98, 47, 78, -53, -65, 41, 68, -15, -71, -5, 61, 31, -46, -72, 44, 135, -42, -203, 18, 267, 37, -328, -91, 377, 118, -387, -114, 346, 89, -272, -20, 193, -113, -99, 309, -20, -523, 175, 712, -344, -841, 510, 910, -630, -931, 665, 910, -574, -830, 354, 693, -40, -508, -287, 290, 555, -51, -708, -162, 739, 305, -675, -344, 565, 298, -446, -210, 364, 123, -344, -60, 376, 59, -401, -134, 366, 264, -247, -388, 63, 463, 151, -454, -339, 360, 460, -218, -478, 88, 389, -10, -222, 5, 46, -58, 82, 140, -143, -206, 151, 241, -115, -237, 57, 197, -7, -124, -4, 40, -12
1791219848.188, MrmFullScanInfo, 479, 107, 2457560, 0, 0, 0, 0, 10000, 39297, 32, 4, 2, 1, 480, 0, 0, 0, 0, 0, 0, -209, 24, 355, -21, -312, -59, 166, 179, -45, -235, -28, 184, 159, -94, -363, 74, 527, -111, -554, 93, 461, 1, -264, -84, 3, 113, 221, -98, -352, 90, 349, -63, -220, -11, 57, 97, -60, -100, 279, -18, -526, 139, 655, -102, -612, -70, 507, 206, -415, -183, 357, 70, -242, 24, 37, -63, 180, 73, -320, -67, 343, 68, -255, -97, 95, 156, 61, -191, -140, 166, 122, -95, -48, 61, -33, -89, 98, 145, -121, -187, 89, 220, -17, -227, -51, 174, 98, -75, -99, -31, 74, 118, -63, -154, 92, 127, -120, -58, 97, 7, -19, -4, -52, 39, 57, -59, 0, 41, -64, -3, 103, -19, -109, 14, 93, 19, -54, -55, 1, 62, 47, -30, -66, -9, 51, 36, -22, -35, 1, 13, 10, 16, -15, -37, 11, 49, -2, -40, -8, 18, 24, 0, -31, 2, 19, 0, 3, -18, -7, 37, -1, -32, 10, 19, -9, -3, 10, -8, -11, 21, 12, -20, -12, 3, 19, 18, -23, -19, 25, -2, -24, 38, 18, -59, 6, 56, -29, -39, 36, 33, -32, -37, 30, 33, -27, -10, 15, -10, 4, 6, -10, 40, -6, -107, 47, 157, -76, -171, 55, 183, 50, -215, -233, 266, 461, -312, -673, 351, 825, -382, -887, 418, 865, -480, -772, 609, 661, -826, -597, 1128, 645, -1441, -843, 1636, 1194, -1558, -1624, 1128, 2006, -376, -2187, -542, 2042, 1428, -1522, -2084, 723, 2367, 152, -2224, -880, 1739, 1302, -1082, -1344, 454, 1048, -10, -573, -150, 140, 43, 99, 218, -99, -451, -74, 525, 313, -399, -492, 145, 527, 131, -385, -330, 133, 388, 90, -283, -160, 86, 70, 83, 100, -111, -249, -18, 320, 242, -281, -449, 130, 560, 100, -529, -319, 357, 432, -84, -400, -193, 263, 381, -81, -433, -79, 380, 165, -281, -149, 200, 70, -169, 7, 181, -34, -182, 8, 139, 50, -47, -100, -65, 119, 174, -99, -246, 58, 268, -11, -232, -19, 146, 29, -37, -17, -38, -2, 51, 26, -15, -40, -26, 33, 53, -2, -47, -31, 5, 54, 60, -53, -113, 25, 134, 35, -126, -108, 105, 163, -69, -177, 37, 152, -24, -105, 39, 70, -65, -60, 84, 68, -76, -72, 50, 70, -24, -65, 13, 57, -13, -27, 24, -21, -29, 63, 20, -68, -1, 46, -9, -25, 26, 28, -64, -40, 111, 50, -132, -55, 119, 62, -92, -52, 80, 13, -79, 47, 85, -94, -94, 101, 109, -55, -116, -16, 107, 83, -75, -126, 34, 156, 1, -167, -23, 145, 42, -93, -55, 39, 61, 8, -47, -54, 19, 107, 12, -138, -20, 128, 0, -83, 26, 39, -32, -9, 22, -6, -10, 11, 11, -1, -16, -11, 20, 22, -18, -26, 21, 24, -26, -15, 23, 11, -4, -13, -13, 22, 18, -31, -15, 45, 25, -51, -41, 42, 48, -21, -40, 2, 30, 10, -11
1791219848.188, MrmDetectionListInfo, 479, 101, 209, 136, 210, 182, 211, 252, 212, 330, 213, 402, 214, 464, 215, 519, 216, 568, 217, 608, 218, 634, 219, 648, 220, 654, 221, 655, 222, 655, 223, 658, 224, 669, 225, 696, 226, 741, 227, 808, 228, 897, 229, 1003, 230, 1120, 231, 1239, 232, 1350, 233, 1438, 234, 1492, 235, 1501, 236, 1456, 237, 1365, 238, 1275, 239, 1259, 240, 1352, 241, 1512, 242, 1645, 243, 1678, 244, 1603, 245, 1466, 246, 1334, 247, 1267, 248, 1302, 249, 1400, 250, 1451, 251, 1371, 252, 1183, 253, 964, 254, 760, 255, 568, 256, 390, 257, 257, 258, 179, 262, 150, 263, 235, 264, 296, 265, 325, 266, 349, 267, 384, 268, 407, 269, 391, 270, 342, 271, 299, 272, 287, 273, 294, 274, 292, 275, 265, 276, 228, 277, 203, 278, 187, 279, 160, 284, 147, 285, 176, 286, 188, 287, 214, 288, 270, 289, 327, 290, 350, 291, 338, 292, 322, 293, 329, 294, 359, 295, 383, 296, 373, 297, 322, 298, 261, 299, 233, 300, 250, 301, 279, 302, 284, 303, 262, 304, 240, 305, 236, 306, 246, 307, 246, 308, 224, 309, 184, 310, 144, 324, 147, 325, 163, 326, 166, 327, 158, 328, 145, 329, 130
1791219848.297, MrmFullScanInfo, 480, 107, 2457685, 0, 0, 0, 0, 10000, 39297, 32, 1, 2, 1, 480, -21951, 31868, 24106, -31743, -29459, 29035, 32340, -20526, -32512, -3707, 32494, 26995, -28686, -32424, 11775, 32351, 9677, -32419, -19468, 32046, 22832, -27305, -18004, 6265, 16534, 11412, -858, -15567, -11184, 27226, 5995, -28744, -925, 31969, -9020, -31987, 10371, 32133, -8478, -32366, 1983, 32188, 5119, -28215, -17077, 19001, 24864, -3903, -27498, -11899, 22903, 23221, -14926, -29058, 3745, 27917, 6790, -23248, -11522, 16550, 13933, -8393, -10514, 2163, 5181, 1599, 374, -3044, -5147, 2380, 7461, -315, -6314, -1564, 2560, 2618, 2235, -1190, -6932, -2123, 9187, 6336, -9474, -9140, 7013, 10891, -2704, -10032, -1798, 6842, 5074, -2445, -6530, -2040, 5930, 5444, -3295, -6796, 157, 5634, 1740, -3175, -2079, 711, 648, 997, 1333, -1073, -2818, 51, 3262, 910, -2608, -1815, 940, 2013, 582, -1359, -1740, 74, 2084, 1275, -1636, -1803, 497, 1937, 440, -1342, -800, 330, 688, 307, -301, -453, -216, 342, 534, 14, -134, -323, -280, 434, 712, -16, -907, -390, 722, 614, -315, -721, -108, 483, 583, 30, -631, -408, 549, 704, -234, -558, -61, 366, 2, -133, 240, 30, -465, -58, 510, 498, -524, -623, 69, 922, 497, -749, -674, 464, 975, -67, -1021, -293, 840, 373, -530, -613, 177, 377, 74, -292, -218, 32, 177, -220, 7, 43, -112, -222, 117, 389, -77, -544, -47, 395, 258, -490, -393, 264, 313, -21, -198, -43, 252, 130, -100, -237, -160, 337, 166, -624, -400, 772, 598, -974, -876, 1018, 941, -927, -852, 695, 601, -239, -128, -161, -734, 882, 1406, -1298, -2124, 1377, 2683, -1179, -2601, 683, 2104, -302, -1421, -289, 739, 483, -108, -378, -518, 361, 749, -271, -827, 161, 506, -206, -57, 241, -158, -518, 318, 600, -140, -479, 160, 524, -65, -220, 141, -92, -273, 144, 380, -215, -527, 161, 709, -62, -474, -6, 447, 105, -205, -32, 123, 96, -26, 100, 27, -123, -91, 34, 148, 32, -224, -146, 72, 262, -84, -275, 67, 347, 49, -372, -192, 225, 283, -203, -244, 219, 141, -81, -110, 77, 70, 20, 29, -57, 85, 34, 9, -161, -119, 89, 112, -31, -43, 184, 27, -92, -58, -5, 33, 45, -27, -111, -13, 131, 45, -255, -45, 298, -21, -338, 64, 409, -48, -454, 81, 379, -11, -435, -14, 323, -45, -341, 67, 155, -38, -95, 65, 16, -102, -20, -17, -22, -35, -3, 21, 53, -45, -42, -14, 59, 92, -96, -44, 144, 18, -204, -71, 184, 106, -322, -168, 283, 222, -236, -219, 194, 89, -151, -19, 72, -72, -84, 288, -37, -493, 2, 666, -154, -796, 268, 1155, -336, -1198, 351, 1093, -254, -1014, -15, 701, 248, -449, -488, 143, 685, 210, -695, -410, 522, 530, -380, -449, 310, 489, -270, -316, 335, 182, -439, -121, 460, 121, -258, -239, 314, 278, 2, -357, -135, 366, 345, -309, -382, 121, 377, -74, -358, 53, 290, 79, -196, 138, 16, -241, -55, 329, 22, -318, -126, 360, 176, -210, -205, 78, 57, -57, -90, -54, -35, 111, 149, -23, -64
1791219848.297, MrmFullScanInfo, 480, 107, 2457685, 0, 0, 0, 0, 10000, 39297, 32, 2, 2, 1, 480, 0, 0, 0, 0, 0, 0, 10184, -14455, -19156, 29450, 22776, -30843, -24815, 16786, 28325, 3842, -30260, -21059, 25220, 31372, -12737, -36491, -1321, 37092, 10859, -31062, -14147, 17734, 12521, -300, -8315, -16169, 4629, 27837, -4624, -33089, 8801, 32690, -14461, -29504, 18051, 26777, -17480, -26264, 12698, 27231, -4617, -27095, -5454, 23149, 15615, -14309, -23400, 1894, 26633, 10993, -24234, -21102, 16945, 26454, -7200, -26630, -1828, 22429, 7632, -15411, -9224, 7549, 7128, -731, -2874, -3721, -1684, 5338, 4896, -4454, -5693, 2068, 3868, 444, -63, -1755, -4509, 1162, 8462, 1139, -10576, -4239, 10173, 6981, -7351, -8351, 2997, 7785, 1580, -5359, -5092, 1770, 6662, 1915, -6107, -4596, 4016, 5552, -1491, -4710, -352, 2677, 890, -432, -187, -1118, -1139, 1540, 2285, -952, -2637, -144, 2041, 1138, -779, -1525, -625, 1152, 1664, -242, -2000, -761, 1620, 1438, -815, -1542, 0, 1115, 510, -437, -594, -144, 354, 418, -41, -343, -97, 51, -19, 229, 311, -303, -602, 138, 730, 158, -605, -412, 266, 483, 163, -326, -517, 25, 668, 273, -593, -440, 396, 431, -233, -282, 204, 109, -294, -38, 419, 141, -452, -384, 317, 654, -24, -809, -337, 762, 676, -533, -897, 216, 931, 89, -769, -309, 480, 403, -165, -381, -65, 301, 146, -209, -82, 151, -42, -160, 150, 245, -185, -360, 127, 452, 2, -473, -135, 401, 223, -247, -255, 71, 235, 88, -157, -241, 44, 422, 75, -639, -188, 875, 310, -1082, -424, 1203, 494, -1162, -472, 918, 320, -454, -8, -199, -436, 950, 953, -1619, -1451, 2018, 1829, -2034, -1970, 1672, 1830, -1038, -1455, 338, 944, 229, -379, -557, -146, 668, 524, -633, -651, 520, 513, -387, -196, 300, -139, -283, 366, 326, -433, -368, 383, 349, -291, -224, 222, 22, -207, 180, 264, -313, -367, 356, 463, -311, -488, 210, 428, -91, -309, 2, 178, 27, -71, 1, 17, -45, -25, 61, 81, -26, -140, -51, 177, 152, -178, -245, 147, 312, -73, -339, -30, 336, 125, -306, -163, 256, 144, -177, -94, 86, 53, -4, -34, -50, 29, 85, -11, -103, -21, 118, 45, -127, -41, 125, 23, -94, -12, 37, 21, 30, -32, -94, 38, 160, -40, -227, 61, 289, -102, -333, 153, 362, -188, -374, 194, 375, -172, -363, 147, 334, -132, -271, 122, 181, -104, -83, 79, 12, -48, 23, 23, -23, -11, 3, 19, 21, -23, -43, 11, 71, 9, -109, -14, 153, 7, -194, -4, 239, 22, -283, -54, 313, 86, -306, -89, 262, 56, -185, 14, 94, -119, 4, 263, -109, -428, 231, 599, -372, -763, 526, 900, -650, -970, 688, 952, -585, -856, 345, 713, -15, -534, -322, 330, 591, -107, -729, -104, 728, 271, -629, -360, 510, 361, -426, -275, 399, 141, -397, -26, 387, -5, -344, -53, 267, 174, -151, -303, 6, 391, 138, -400, -251, 339, 320, -238, -334, 148, 292, -103, -196, 124, 74, -189, 30, 264, -72, -314, 47, 324, 15, -280, -69, 195, 90, -86, -67, -14, 19
1791219848.297, MrmFullScanInfo, 480, 107, 2457685, 0, 0, 0, 0, 10000, 39297, 32, 4, 2, 1, 480, 0, 0, 0, 0, 0, 0, 0, 15, 50, -124, -44, 261, -2, -285, 35, 181, 57, -64, -248, 57, 382, -125, -370, 222, 339, -293, -407, 251, 435, -35, -408, -208, 356, 261, -218, -166, 2, 98, 94, -69, -18, 28, 13, -14, -183, 83, 404, -196, -505, 243, 425, -124, -232, -103, 77, 275, 1, -278, -17, 162, 10, 17, -14, -194, 79, 268, -169, -191, 183, 42, -92, 68, -43, -81, 132, 22, -107, 45, 5, -63, 81, 46, -106, -18, 104, -17, -73, 48, -4, -33, 87, -10, -97, 39, 45, -28, -4, 9, 26, -3, -83, 21, 119, -49, -90, 64, 18, -33, 41, -38, -46, 101, 25, -95, -23, 34, 40, 18, -27, -21, -17, -2, 53, 26, -45, -32, 23, 20, 1, -5, -29, 12, 54, -28, -42, 25, 3, 6, 39, -35, -59, 46, 55, -33, -34, 8, 11, 11, 6, -4, -10, -23, 11, 54, -17, -61, 37, 40, -58, 7, 62, -52, -50, 74, 41, -67, -39, 55, 37, -43, -26, 36, 16, -27, -6, 14, -3, 2, 20, -8, -35, 1, 48, 3, -47, 11, 38, -35, -20, 55, -3, -56, 30, 34, -46, 10, 54, -48, -47, 58, 23, -32, 27, -7, -92, 47, 152, -65, -194, 69, 242, -70, -305, 74, 359, -44, -382, -36, 392, 139, -399, -205, 398, 203, -386, -125, 389, -13, -390, 198, 325, -368, -126, 448, -220, -346, 682, 19, -1168, 486, 1579, -1012, -1835, 1366, 1908, -1426, -1780, 1190, 1474, -741, -1066, 234, 639, 183, -225, -442, -150, 578, 436, -628, -556, 602, 490, -501, -291, 374, 66, -260, 107, 175, -200, -99, 231, 18, -215, 73, 173, -148, -131, 177, 131, -149, -167, 90, 198, -20, -181, -39, 121, 79, -43, -85, -18, 55, 51, 1, -47, -54, 11, 79, 43, -67, -83, 33, 104, 10, -113, -51, 118, 84, -111, -94, 96, 84, -80, -66, 83, 51, -101, -21, 120, -20, -113, 57, 73, -70, -18, 58, -15, -20, 17, -19, -6, 44, 14, -43, -42, 36, 72, -34, -80, 26, 66, 2, -39, -38, 14, 64, 14, -69, -43, 61, 68, -34, -75, -5, 61, 44, -22, -71, -18, 89, 40, -89, -35, 65, 22, -25, -17, 1, 23, -2, -25, 21, 23, -32, -20, 33, 34, -28, -59, 30, 86, -29, -90, 16, 71, 7, -31, -20, -5, 22, 24, -21, -13, 28, 2, -35, -5, 49, 12, -67, 0, 77, -25, -61, 56, 26, -70, 11, 53, -28, -12, 23, -10, -7, -3, 5, 33, -9, -45, 16, 33, -17, 3, 14, -40, 3, 64, -29, -59, 52, 29, -45, 5, 8, -11, 37, -14, -43, 48, 0, -66, 63, 76, -98, -82, 95, 85, -55, -77, -11, 65, 87, -34, -137, -7, 138, 51, -87, -82, 21, 107, 26, -115, -47, 106, 66, -86, -92, 61, 112, -26, -104, -7, 78, 33, -46, -42, 23
1791219848.297, MrmDetectionListInfo, 480, 77, 211, 136, 212, 146, 213, 160, 214, 177, 215, 193, 216, 206, 217, 212, 218, 212, 219, 211, 220, 218, 221, 239, 222, 270, 223, 296, 224, 309, 225, 306, 226, 292, 227, 272, 228, 248, 229, 225, 230, 214, 231, 233, 232, 276, 233, 312, 234, 313, 235, 291, 236, 286, 237, 324, 238, 393, 239, 467, 240, 558, 241, 719, 242, 967, 243, 1239, 244, 1453, 245, 1579, 246, 1640, 247, 1659, 248, 1627, 249, 1529, 250, 1367, 251, 1160, 252, 933, 253, 704, 254, 498, 255, 347, 256, 270, 257, 261, 258, 299, 259, 366, 260, 448, 261, 531, 262, 588, 263, 599, 264, 564, 265, 501, 266, 424, 267, 339, 268, 252, 269, 181, 270, 145, 271, 147, 272, 166, 273, 174, 274, 162, 275, 139, 276, 121, 278, 132, 279, 147, 280, 154, 281, 153, 282, 150, 283, 148, 284, 147, 285, 143, 286, 134, 287, 121, 288, 107
1791219848.391, MrmFullScanInfo, 481, 107, 2457810, 0, 0, 0, 0, 10000, 39297, 32, 1, 2, 1, 480, -20736, 32176, 24834, -31522, -30051, 28956, 32435, -20702, -32512, -3185, 32483, 26258, -29261, -32347, 11469, 32466, 8139, -32509, -19933, 32046, 22417, -27378, -17547, 5650, 17007, 11373, -936, -14365, -9786, 27206, 7214, -29094, -111, 31891, -8649, -32170, 9754, 32038, -8261, -32308, 2711, 32125, 4832, -27804, -15846, 19395, 25141, -3382, -27538, -11716, 23473, 22859, -14526, -29031, 3799, 27510, 6608, -23461, -11345, 16682, 13219, -8727, -10306, 2201, 4941, 1724, 400, -3021, -5097, 2632, 7269, -601, -6487, -1788, 2621, 2610, 2209, -1351, -6852, -2183, 9379, 6216, -9095, -9434, 6635, 10971, -2900, -9932, -1621, 6911, 5313, -2390, -6603, -2021, 5793, 5429, -3212, -6863, 176, 5602, 1641, -3287, -2051, 836, 608, 978, 1328, -1194, -2787, 166, 3282, 1009, -2755, -1871, 1087, 2059, 761, -1318, -1640, -64, 2009, 1178, -1628, -1898, 552, 1978, 438, -1356, -971, 456, 705, 214, -282, -518, -231, 255, 592, -49, -347, -330, -240, 367, 713, -61, -912, -430, 782, 687, -307, -796, -269, 488, 392, 71, -662, -415, 454, 675, -186, -598, -45, 491, 24, -159, 220, -15, -356, -119, 609, 432, -440, -648, 20, 787, 410, -827, -746, 461, 990, -135, -939, -206, 884, 458, -454, -535, 232, 418, 75, -200, -89, 59, 45, -45, 106, 9, -163, -216, 199, 414, -45, -526, -153, 442, 295, -485, -366, 262, 279, -164, -287, -18, 246, 26, -202, -42, 40, 79, -73, -102, 42, 23, -109, -50, 367, 40, -614, -18, 949, 72, -1138, -95, 1364, 220, -1467, -246, 1042, 577, -420, -992, -220, 1195, 1019, -1412, -1530, 1350, 1965, -1098, -2027, 586, 1818, -312, -1462, -124, 1039, 128, -633, -132, 355, 87, -233, -73, 84, 145, -74, -163, 84, 395, 77, -403, -128, 457, 280, -268, -492, 115, 564, 12, -566, -113, 539, 201, -360, -199, 174, 125, -74, 8, 202, -128, -196, 265, 126, -276, -191, 197, 66, 42, 43, -49, -34, 19, 152, -74, -184, 109, 147, -49, -150, 79, 32, -48, -20, 9, -163, -11, 143, 58, -238, 124, 207, -51, -289, 106, 208, -73, -233, 150, 366, -175, -247, -40, 68, 13, -31, -98, -164, 126, 144, -258, -202, 273, 177, -315, -154, 443, -2, -401, 2, 492, -26, -514, -62, 508, -54, -483, 68, 495, -156, -401, 92, 178, -54, -187, 64, 65, 13, -64, -34, 33, 46, -100, 23, 41, 10, 20, 58, 153, 17, -52, 51, 115, -41, -199, -80, 269, 67, -214, -123, 297, 91, -271, -167, 134, 14, -136, 62, 46, -150, -69, 303, -196, -575, 105, 645, -242, -896, 362, 1118, -452, -1218, 469, 1101, -271, -1050, 91, 976, 285, -509, -525, 210, 739, 205, -745, -471, 663, 589, -489, -638, 455, 519, -392, -437, 354, 182, -349, -211, 535, 185, -425, -356, 296, 421, -13, -474, -71, 349, 430, -220, -545, 231, 495, 69, -526, -170, 353, 189, -80, 22, 33, -133, -2, 266, -33, -356, -6, 320, 69, -259, -66, 163, 130, -129, -52, -50, -86, 102, 191, -111, -178
1791219848.391, MrmFullScanInfo, 481, 107, 2457810, 0, 0, 0, 0, 10000, 39297, 32, 2, 2, 1, 480, 0, 0, 0, 0, 0, 0, 10289, -14482, -19411, 29571, 23033, -31120, -24939, 17207, 28311, 3396, -30263, -20732, 25409, 31199, -13118, -36405, -882, 37002, 10530, -30908, -14025, 17616, 12687, -443, -8644, -15730, 4873, 27385, -4685, -32907, 8730, 32784, -14315, -29718, 17870, 26961, -17405, -26284, 12883, 27040, -5047, -26748, -4985, 22787, 15359, -14110, -23434, 1959, 26775, 10713, -24293, -20790, 16909, 26263, -7228, -26603, -1596, 22503, 7209, -15470, -8769, 7528, 6819, -643, -2788, -3836, -1593, 5445, 4751, -4523, -5612, 2079, 3897, 474, -152, -1797, -4418, 1185, 8361, 1179, -10447, -4360, 10066, 7124, -7327, -8427, 3020, 7780, 1583, -5329, -5119, 1751, 6664, 1929, -6081, -4621, 4004, 5593, -1522, -4762, -285, 2721, 825, -436, -158, -1157, -1130, 1585, 2287, -968, -2685, -153, 2112, 1141, -833, -1505, -599, 1114, 1655, -199, -2006, -799, 1631, 1477, -807, -1600, -28, 1196, 535, -516, -590, -99, 313, 420, 33, -387, -187, 118, 50, 170, 286, -272, -616, 123, 755, 182, -621, -448, 277, 512, 140, -327, -477, 2, 624, 313, -559, -495, 385, 490, -234, -327, 198, 133, -277, -44, 393, 132, -423, -361, 289, 630, -4, -802, -344, 785, 664, -574, -864, 252, 894, 75, -747, -305, 486, 390, -206, -339, 8, 219, 59, -100, -7, 51, -95, -102, 177, 236, -179, -387, 96, 496, 33, -517, -147, 444, 220, -300, -253, 149, 253, -36, -211, -28, 148, 62, -93, -68, 89, 48, -162, 3, 331, -82, -572, 178, 844, -259, -1097, 303, 1277, -276, -1297, 123, 1097, 212, -685, -703, 151, 1236, 412, -1657, -922, 1846, 1313, -1746, -1535, 1404, 1567, -931, -1419, 474, 1141, -138, -799, -40, 478, 105, -235, -116, 101, 136, -56, -191, 59, 282, -55, -371, 3, 415, 120, -389, -292, 312, 460, -209, -558, 104, 556, -7, -455, -57, 310, 68, -187, -5, 118, -113, -81, 235, 54, -285, -26, 230, 5, -103, 10, -19, -32, 98, 70, -134, -107, 145, 123, -133, -102, 105, 50, -60, 22, 12, -97, 35, 161, -79, -198, 124, 212, -155, -207, 171, 204, -182, -210, 194, 213, -180, -182, 120, 114, -18, -26, -93, -48, 201, 95, -285, -100, 347, 71, -386, -6, 412, -72, -424, 137, 438, -167, -456, 179, 471, -194, -462, 224, 414, -237, -322, 213, 215, -149, -125, 75, 73, -11, -54, -21, 60, 21, -62, 2, 53, -25, -44, 39, 52, -48, -74, 54, 113, -49, -167, 33, 227, -10, -272, -7, 292, 20, -273, -15, 216, -14, -133, 76, 37, -168, 77, 294, -205, -436, 343, 592, -484, -749, 634, 881, -751, -948, 777, 952, -660, -906, 410, 815, -65, -653, -301, 421, 614, -148, -803, -114, 852, 318, -789, -423, 677, 417, -557, -319, 466, 189, -423, -89, 423, 69, -414, -136, 355, 259, -227, -368, 39, 425, 180, -415, -368, 343, 478, -210, -490, 69, 407, 17, -251, -13, 81, -66, 56, 178, -131, -269, 141, 306, -94, -285, 26, 224, 26, -130, -27, 18, -17
1791219848.391, MrmFullScanInfo, 481, 107, 2457810, 0, 0, 0, 0, 10000, 39297, 32, 4, 2, 1, 480, 0, 0, 0, 0, 0, 0, 117, -23, -254, 76, 254, -175, -131, 302, 0, -361, 25, 288, 72, -139, -195, 26, 250, 9, -154, 32, -74, -20, 367, -150, -505, 351, 383, -344, -127, 110, -95, 137, 204, -239, -198, 187, 92, -18, 82, -156, -223, 260, 221, -262, -48, 162, -151, 1, 190, -149, -70, 193, -35, -128, -23, 44, 217, -16, -378, 59, 377, -101, -229, 105, 48, -87, 71, 76, -91, -63, 42, 35, 24, -2, -49, -11, 42, 1, -54, 50, 100, -116, -113, 141, 67, -84, -24, 9, 26, 24, -29, -21, 11, 18, -7, -19, 41, 22, -74, -25, 78, 32, -48, -24, 9, 7, 18, 3, -2, -1, -36, 0, 65, -7, -64, 19, 50, -24, -29, 26, 4, -27, 12, 37, -5, -53, -7, 70, 7, -69, 5, 47, -23, -11, 51, -26, -67, 55, 56, -56, -19, 36, -11, -16, 20, 14, -10, -13, 3, 2, -6, 16, 14, -20, -17, 18, 12, -24, 6, 30, -17, -20, 10, 6, 5, 7, -16, -19, 24, 29, -27, -24, 27, 7, -21, 20, 9, -37, 11, 38, -19, -26, 12, 24, 6, -35, -29, 58, 53, -79, -60, 89, 49, -70, -33, 36, 23, -1, -6, -21, -11, 34, 16, -36, 0, 36, -19, -41, 30, 71, -20, -139, 2, 258, 22, -425, -61, 642, 154, -886, -334, 1119, 618, -1270, -972, 1268, 1330, -1057, -1598, 639, 1671, -34, -1435, -720, 852, 1554, 4, -2316, -941, 2827, 1743, -2944, -2254, 2635, 2428, -1997, -2281, 1230, 1879, -529, -1325, 32, 769, 225, -351, -284, 157, 253, -169, -238, 293, 307, -405, -455, 428, 631, -344, -732, 194, 678, -18, -466, -140, 189, 235, 57, -230, -217, 140, 280, -13, -253, -80, 154, 97, -8, -43, -138, -19, 236, 43, -244, -9, 174, -57, -76, 128, 24, -180, -36, 215, 84, -213, -128, 152, 162, -30, -188, -107, 213, 218, -220, -279, 208, 301, -185, -295, 168, 278, -149, -247, 123, 213, -94, -185, 69, 166, -32, -133, -25, 71, 91, 19, -141, -105, 177, 156, -186, -154, 170, 117, -136, -62, 102, 14, -73, 8, 68, -2, -87, 0, 115, -21, -127, 60, 116, -81, -89, 71, 66, -30, -57, -16, 66, 51, -81, -58, 93, 46, -79, -28, 46, 13, -14, 5, -4, -25, 21, 35, -31, -28, 29, 25, -20, -36, 23, 58, -36, -72, 54, 78, -68, -76, 78, 71, -90, -50, 111, 18, -128, 18, 130, -38, -114, 37, 103, -21, -96, 12, 88, 6, -72, -46, 59, 94, -40, -114, 10, 98, 32, -59, -77, 16, 116, 26, -140, -56, 148, 65, -126, -55, 82, 46, -43, -45, 38, 50, -46, -52, 50, 52, -40, -32, 13, 5, 34, 7, -77, -5, 101, 21, -98, -56, 78, 88, -46, -95, 19, 77, 5, -40, -30, 8, 55, 11, -63, -18, 52, 28, -30, -32, 19, 16, -26
1791219848.391, MrmDetectionListInfo, 481, 100, 222, 146, 223, 194, 224, 253, 225, 321, 226, 399, 227, 490, 228, 594, 229, 710, 230, 831, 231, 951, 232, 1063, 233, 1159, 234, 1229, 235, 1265, 236, 1261, 237, 1211, 238, 1110, 239, 967, 240, 840, 241, 816, 242, 906, 243, 1015, 244, 1061, 245, 1117, 246, 1347, 247, 1777, 248, 2221, 249, 2483, 250, 2544, 251, 2510, 252, 2450, 253, 2341, 254, 2145, 255, 1870, 256, 1564, 257, 1264, 258, 979, 259, 713, 260, 496, 261, 367, 262, 324, 263, 308, 264, 268, 265, 213, 266, 183, 267, 199, 268, 246, 269, 299, 270, 351, 271, 403, 272, 454, 273, 496, 274, 519, 275, 517, 276, 491, 277, 440, 278, 370, 279, 294, 280, 238, 281, 208, 282, 190, 283, 170, 284, 157, 285, 166, 286, 192, 287, 205, 288, 185, 289, 148, 291, 125, 297, 118, 298, 148, 299, 149, 300, 131, 310, 155, 311, 161, 312, 157, 313, 144, 314, 124, 317, 154, 318, 198, 319, 231, 320, 246, 321, 249, 322, 249, 323, 247, 324, 242, 325, 234, 326, 224, 327, 213, 328, 202, 329, 188, 330, 172, 331, 155, 343, 135, 344, 164, 345, 177, 346, 175, 347, 163, 348, 147, 349, 129
1791219848.547, MrmFullScanInfo, 482, 107, 2457935, 0, 0, 0, 0, 10000, 39297, 32, 1, 2, 1, 480, -20572, 31848, 24627, -31722, -29346, 29535, 32328, -20892, -32512, -2400, 32432, 27626, -29084, -32345, 10838, 32349, 8162, -32500, -20133, 31972, 21991, -27601, -16734, 6131, 15448, 10700, -736, -15213, -10362, 27057, 8084, -28258, 695, 31918, -8995, -31674, 9675, 32130, -8899, -31909, 3781, 32087, 5396, -28163, -16899, 19036, 24931, -3223, -27645, -11593, 23258, 22840, -14702, -29157, 3645, 27540, 5705, -23393, -11727, 16488, 13575, -8890, -10033, 2175, 5128, 1347, 260, -2781, -4785, 2541, 7213, -451, -6028, -1506, 2632, 2269, 2265, -937, -6992, -2337, 9115, 6244, -9225, -9358, 6857, 10580, -2944, -9941, -1689, 6763, 5228, -2293, -6579, -2279, 5684, 5444, -3326, -6788, 188, 5504, 1654, -3236, -2046, 678, 602, 889, 1309, -1256, -2773, 118, 3095, 1062, -2612, -1812, 999, 2035, 641, -1299, -1705, -33, 2000, 1167, -1638, -1757, 463, 1915, 416, -1326, -875, 424, 692, 352, -218, -616, -330, 323, 510, 100, -180, -317, -360, 439, 760, -30, -911, -404, 788, 667, -271, -741, -176, 444, 616, -80, -675, -460, 468, 596, -155, -640, -65, 335, -3, -145, 200, 52, -490, -205, 480, 460, -447, -650, 86, 845, 434, -877, -685, 557, 979, -96, -1074, -176, 874, 593, -515, -455, 231, 537, -53, -284, -145, 78, 171, 29, 2, 89, -144, -158, 176, 317, -107, -550, -34, 541, 211, -423, -403, 334, 388, -152, -285, 75, 191, 104, -80, -72, 73, 155, -48, -153, 92, 183, -97, -139, -36, 120, 40, -112, -75, 102, 8, -211, -66, 192, 154, -337, -251, 491, 338, -677, -460, 800, 664, -1072, -935, 1239, 1270, -1286, -1477, 1277, 1795, -1148, -1697, 919, 1750, -795, -1431, 306, 1019, 9, -686, -397, 194, 699, -154, -817, -166, 827, 156, -813, -261, 740, 126, -643, -124, 559, 251, -572, -276, 373, 342, -340, -413, 293, 439, -226, -439, 82, 440, -17, -376, 106, 213, 88, -61, -43, 249, -109, -75, 123, 159, -72, -183, -183, 255, 213, -231, -274, 84, 304, 18, -143, -164, 238, 233, 41, -71, -103, -36, 206, 42, -333, -24, 275, 133, -148, -29, 57, -23, -243, 89, 22, -92, -79, 195, 96, -60, -1, 20, -49, -2, 184, -5, -363, 32, 368, -140, -303, 192, 327, -86, -459, 15, 466, 14, -526, 85, 370, -144, -280, -6, 287, 12, -234, -138, 273, 14, -47, 10, 11, -3, -55, -17, 22, 44, -144, 73, 113, 4, -126, 7, 80, 137, -288, -160, 180, 437, -292, -83, 149, 144, 10, -191, 45, 46, -149, -44, 79, -68, 27, 243, -84, -573, 295, 580, -232, -904, 426, 1241, -493, -1236, 416, 1055, -241, -1085, -64, 808, 337, -386, -636, 91, 548, 258, -780, -629, 668, 757, -384, -542, 330, 613, -231, -358, 238, 133, -201, -166, 449, 271, -410, -316, 366, 421, -266, -472, -137, 395, 262, -351, -425, 69, 484, -108, -298, -56, 264, 63, -89, -3, 119, -137, 76, 162, -33, -282, -118, 442, 164, -155, -182, 118, 78, -73, -35, -73, -117, 57, 126, -21, -195
1791219848.547, MrmFullScanInfo, 482, 107, 2457935, 0, 0, 0, 0, 10000, 39297, 32, 2, 2, 1, 480, 0, 0, 0, 0, 0, 0, 10157, -14531, -19112, 29727, 22663, -31315, -24633, 17260, 28122, 3580, -30161, -21042, 25314, 31439, -13008, -36511, -897, 37030, 10241, -30937, -13314, 17608, 11711, -292, -7720, -15983, 4244, 27530, -4414, -32762, 8754, 32388, -14502, -29250, 18154, 26547, -17777, -25973, 13179, 26874, -5046, -26765, -5274, 22922, 15688, -14238, -23610, 2005, 26792, 10760, -24291, -20872, 17015, 26276, -7386, -26516, -1533, 22408, 7282, -15478, -8879, 7673, 6901, -889, -2851, -3557, -1508, 5215, 4609, -4416, -5418, 2143, 3675, 250, 55, -1505, -4569, 943, 8441, 1276, -10482, -4281, 10075, 6924, -7304, -8211, 2978, 7610, 1608, -5192, -5120, 1635, 6666, 1994, -6094, -4606, 4011, 5510, -1505, -4659, -322, 2643, 861, -404, -189, -1145, -1084, 1542, 2207, -912, -2588, -197, 2038, 1155, -800, -1495, -603, 1108, 1643, -225, -1973, -742, 1586, 1411, -778, -1535, -22, 1120, 502, -418, -556, -197, 310, 470, -11, -358, -104, 31, -34, 264, 341, -332, -636, 145, 754, 173, -607, -443, 241, 524, 196, -371, -526, 59, 638, 266, -542, -459, 355, 459, -215, -311, 204, 146, -301, -82, 419, 178, -444, -403, 312, 670, -34, -841, -316, 820, 656, -593, -891, 253, 946, 86, -808, -329, 548, 427, -253, -382, 12, 257, 111, -135, -90, 76, -25, -101, 151, 209, -207, -354, 165, 471, -34, -510, -122, 465, 236, -345, -266, 185, 231, -27, -171, -87, 126, 149, -109, -162, 110, 147, -95, -124, 56, 114, -9, -121, -15, 147, 21, -186, -27, 255, 58, -369, -104, 536, 162, -737, -236, 967, 355, -1211, -525, 1447, 742, -1626, -970, 1709, 1170, -1670, -1291, 1508, 1298, -1216, -1181, 805, 968, -313, -719, -175, 499, 573, -330, -816, 207, 905, -114, -881, 61, 796, -35, -690, 10, 600, 40, -532, -112, 483, 198, -440, -275, 399, 334, -339, -367, 266, 372, -192, -327, 121, 249, -55, -176, 30, 133, -57, -108, 91, 109, -68, -151, -9, 219, 106, -255, -177, 217, 217, -105, -224, -25, 193, 111, -106, -121, -31, 91, 183, -59, -283, 43, 296, -28, -237, 23, 162, -39, -99, 79, 54, -119, -20, 136, -2, -110, 29, 53, -78, 15, 162, -87, -250, 167, 302, -232, -305, 256, 310, -227, -350, 187, 413, -175, -433, 193, 387, -190, -303, 140, 246, -61, -224, 8, 200, 3, -140, 5, 67, -2, -25, -2, 36, -6, -73, 35, 104, -49, -121, 25, 155, 41, -214, -117, 282, 156, -300, -142, 243, 115, -147, -98, 87, 71, -66, -5, 41, -104, 43, 249, -189, -402, 364, 564, -535, -738, 690, 895, -793, -973, 780, 968, -609, -896, 309, 769, 51, -575, -386, 320, 648, -24, -803, -246, 837, 430, -744, -496, 584, 456, -422, -336, 312, 199, -282, -106, 330, 91, -402, -141, 423, 233, -338, -333, 155, 404, 71, -410, -262, 351, 366, -242, -364, 124, 290, -37, -182, 18, 66, -59, 31, 145, -75, -239, 59, 302, -5, -292, -44, 214, 60, -100, -31, -9, -24
1791219848.547, MrmFullScanInfo, 482, 107, 2457935, 0, 0, 0, 0, 10000, 39297, 32, 4, 2, 1, 480, 0, 0, 0, 0, 0, 0, -79, -58, 186, 193, -257, -277, 249, 187, -188, 31, 107, -191, -49, 178, 10, -85, 101, 18, -362, 1, 700, -30, -854, 96, 751, -102, -503, -5, 237, 198, -17, -345, -108, 375, 206, -339, -337, 305, 342, -232, -111, 96, -176, 19, 296, -57, -235, 53, 102, -28, -38, 12, 101, -47, -168, 100, 145, -85, -71, -2, 38, 115, -10, -199, -42, 230, 114, -183, -177, 73, 208, 78, -205, -220, 181, 282, -128, -238, 57, 119, 3, 26, -30, -135, 42, 176, -45, -162, 35, 147, -15, -126, 9, 78, -15, 0, 19, -66, -7, 87, -7, -63, 17, 26, -26, 8, 52, -34, -78, 53, 77, -44, -42, 13, 6, 17, 14, -15, -19, -14, 30, 45, -36, -50, 26, 41, 0, -44, -26, 68, 35, -79, -14, 49, -20, 13, 52, -61, -58, 70, 45, -46, -23, 16, 8, 0, 9, -2, -32, 16, 50, -38, -38, 48, 3, -35, 25, 22, -29, -14, 14, 4, 7, 18, -19, -37, 18, 41, -10, -31, 12, 29, -20, -34, 22, 41, -5, -33, -19, 16, 43, 3, -55, -17, 65, 26, -59, -21, 27, 6, 26, 4, -61, -6, 54, 17, -15, -27, -29, 24, 63, -8, -59, -10, 22, 40, 12, -70, -5, 78, -22, -62, 29, 61, 6, -104, -66, 191, 115, -292, -109, 365, 25, -363, 118, 261, -276, -62, 445, -207, -631, 526, 811, -833, -922, 1041, 939, -1084, -871, 990, 752, -840, -607, 729, 485, -712, -407, 796, 385, -928, -404, 1013, 447, -950, -494, 699, 530, -291, -543, -171, 524, 573, -456, -818, 344, 887, -218, -812, 153, 657, -173, -484, 253, 356, -332, -292, 363, 289, -313, -323, 187, 365, -17, -359, -137, 283, 240, -145, -260, -15, 221, 136, -159, -139, 105, 26, -63, 111, 62, -174, -127, 155, 234, -88, -310, 21, 302, 37, -193, -78, 32, 91, 107, -54, -174, -28, 183, 127, -168, -188, 155, 176, -147, -94, 159, -1, -185, 66, 207, -73, -202, 33, 166, 37, -97, -103, 16, 134, 59, -114, -116, 77, 152, -62, -153, 82, 118, -95, -54, 68, 1, -11, 16, -19, -8, 14, 13, -11, -42, 54, 74, -121, -72, 154, 35, -118, 3, 43, -4, 6, -16, 0, 22, -32, 2, 48, -17, -36, -6, 27, 73, -34, -138, 48, 152, -18, -112, -63, 65, 147, -50, -155, 54, 96, -52, -28, 44, 6, -36, -30, 40, 71, -42, -97, 24, 101, 5, -84, -19, 41, 20, 20, -12, -75, -2, 99, 28, -80, -60, 47, 102, -31, -129, 33, 127, -13, -99, -31, 68, 85, -40, -123, 30, 126, -38, -77, 46, -10, -29, 94, -1, -130, 18, 123, -13, -92, 4, 68, 8, -62, -22, 78, 30, -79, -15, 50, -11, -8, 43, -19, -54, 39, 37, -54, -2, 58, -12, -44, 2, 18, 16, 6, -19, -17
1791219848.562, MrmDetectionListInfo, 482, 93, 226, 155, 227, 191, 228, 213, 229, 221, 230, 217, 231, 207, 232, 205, 233, 215, 234, 226, 235, 230, 236, 239, 237, 287, 238, 391, 239, 532, 240, 672, 241, 790, 242, 883, 243, 955, 244, 1001, 245, 1014, 246, 993, 247, 945, 248, 882, 249, 811, 250, 739, 251, 674, 252, 621, 253, 586, 254, 572, 255, 578, 256, 600, 257, 632, 258, 668, 259, 701, 260, 721, 261, 722, 262, 700, 263, 652, 264, 581, 265, 492, 266, 406, 267, 354, 268, 364, 269, 437, 270, 539, 271, 614, 272, 631, 273, 605, 274, 564, 275, 524, 276, 483, 277, 437, 278, 393, 279, 359, 280, 339, 281, 329, 282, 325, 283, 323, 284, 322, 285, 321, 286, 315, 287, 303, 288, 283, 289, 256, 290, 224, 291, 200, 292, 199, 293, 222, 294, 241, 295, 233, 296, 198, 297, 155, 298, 130, 299, 132, 300, 151, 301, 159, 302, 136, 308, 145, 309, 158, 310, 167, 311, 178, 312, 184, 313, 181, 314, 168, 315, 153, 316, 137, 317, 117, 326, 148, 327, 172, 328, 182, 329, 173, 330, 155, 331, 136
1791219848.672, MrmFullScanInfo, 483, 107, 2458060, 0, 0, 0, 0, 10000, 39297, 32, 1, 2, 1, 480, -20895, 31778, 24572, -31195, -29172, 29477, 32432, -20417, -32512, -2077, 32499, 28095, -29156, -32279, 11102, 32483, 8099, -32507, -19901, 32147, 21439, -27302, -17310, 6126, 15671, 10635, -1218, -15179, -11335, 27223, 8523, -28751, 1174, 31903, -8998, -31771, 10809, 31779, -9476, -32281, 2938, 32222, 4954, -28271, -16548, 19112, 24437, -3273, -28263, -11619, 22990, 22715, -15302, -28931, 3789, 27658, 6213, -23479, -12315, 16578, 13751, -8785, -10560, 2238, 4952, 1522, 443, -2696, -5066, 2491, 7179, -299, -6107, -1649, 2659, 2514, 2243, -1285, -6839, -2160, 9270, 6433, -9152, -9378, 6974, 10919, -2991, -10143, -1753, 6779, 5132, -2327, -6553, -2252, 5826, 5407, -3318, -6819, 10, 5544, 1791, -3153, -2073, 865, 636, 965, 1315, -1147, -2738, 155, 3254, 1113, -2665, -1997, 950, 2014, 682, -1231, -1647, -71, 2142, 1111, -1596, -1902, 481, 1906, 360, -1370, -979, 541, 732, 457, -199, -426, -301, 491, 531, 111, -269, -299, -191, 388, 803, -160, -906, -434, 806, 647, -250, -793, -182, 458, 556, 40, -555, -453, 457, 693, -273, -492, -112, 410, 111, -183, 199, 54, -354, -181, 634, 437, -406, -689, 96, 759, 556, -834, -771, 457, 881, -94, -1041, -291, 757, 457, -477, -479, 145, 426, 43, -262, -187, 99, 98, 31, -91, 236, -239, -173, 198, 350, -71, -526, -85, 520, 224, -438, -377, 265, 338, -255, -185, -96, 205, 91, -160, -119, 81, 78, -82, -206, 149, 96, 31, -208, -43, 176, -32, 17, -14, 8, 161, -21, -168, -72, 107, 103, -242, -136, -4, 253, -17, -382, -40, 362, 42, -617, -205, 653, 443, -727, -445, 522, 645, -350, -520, -117, 322, 522, -8, -860, -277, 1109, 904, -1199, -1071, 1054, 1052, -709, -915, 366, 428, -86, -212, -198, -326, 247, 442, -96, -526, 73, 366, 1, -80, 58, -106, -204, 238, 393, -302, -469, 134, 580, 146, -671, -253, 298, 472, -243, -374, -33, 349, 102, -169, -229, 252, 156, -162, -114, 2, 173, -71, -152, -59, 196, -43, -261, -74, 254, 11, -167, -159, 99, 152, -50, 41, -124, -250, 147, 201, -107, -94, -2, 110, 98, 41, -168, -83, 9, 84, -84, -163, 182, 129, -174, -154, 268, 95, -231, 13, 329, 63, -404, 171, 578, 0, -486, -40, 474, 10, -401, -25, 468, 1, -462, -172, 291, 46, -197, -16, 120, 5, -52, 67, 21, 39, 13, 81, -96, 39, 86, 58, 68, 130, -141, -49, 56, 116, -304, -157, 248, 351, -238, -252, 107, 73, -172, -5, 116, -236, -94, 362, 100, -606, 54, 803, -199, -1032, 436, 1137, -428, -1229, 349, 1187, -261, -868, 3, 724, 288, -469, -560, 143, 662, 422, -921, -526, 596, 743, -361, -636, 185, 471, -108, -217, 171, 159, -377, -156, 420, 113, -290, -168, 291, 317, -162, -317, -59, 466, 243, -280, -528, 40, 533, 200, -598, -204, 173, 153, -108, 132, -92, -231, 109, 270, -66, -281, -82, 306, 80, -347, -117, 404, 116, -169, -116, 83, 15, -78, 73, 40, -74
1791219848.672, MrmFullScanInfo, 483, 107, 2458060, 0, 0, 0, 0, 10000, 39297, 32, 2, 2, 1, 480, 0, 0, 0, 0, 0, 0, 10153, -14420, -19132, 29514, 22737, -31101, -24745, 17111, 28246, 3665, -30296, -21086, 25468, 31454, -13203, -36495, -684, 36960, 10118, -30843, -13406, 17583, 11942, -367, -7819, -15954, 4093, 27703, -4195, -33086, 8767, 32620, -14866, -29212, 18684, 26314, -18177, -25793, 13345, 26902, -5155, -26914, -5079, 23030, 15490, -14263, -23557, 2032, 26925, 10651, -24487, -20712, 17081, 26197, -7209, -26610, -1894, 22629, 7668, -15696, -9145, 7783, 6974, -866, -2751, -3653, -1681, 5283, 4769, -4385, -5536, 1994, 3782, 486, -63, -1744, -4455, 1092, 8384, 1267, -10517, -4399, 10187, 7106, -7444, -8384, 3096, 7720, 1547, -5238, -5124, 1654, 6703, 1983, -6102, -4610, 3954, 5547, -1408, -4726, -402, 2718, 896, -461, -181, -1118, -1127, 1530, 2272, -891, -2652, -232, 2077, 1183, -802, -1500, -636, 1096, 1693, -204, -2022, -772, 1620, 1453, -790, -1584, -33, 1174, 524, -466, -572, -175, 311, 482, 11, -404, -154, 86, 26, 228, 295, -331, -614, 169, 746, 156, -609, -438, 262, 512, 153, -329, -485, 2, 629, 299, -554, -458, 351, 454, -176, -329, 152, 176, -269, -101, 419, 171, -452, -374, 290, 631, 24, -803, -379, 780, 680, -547, -862, 210, 878, 109, -718, -322, 449, 405, -165, -364, -42, 261, 124, -165, -64, 125, -75, -145, 195, 231, -215, -358, 139, 468, -4, -505, -125, 452, 203, -310, -225, 130, 222, 20, -202, -99, 174, 125, -141, -126, 107, 132, -68, -138, 41, 124, -15, -79, -29, 36, 95, -11, -151, -5, 180, 39, -171, -104, 138, 205, -102, -322, 82, 444, -50, -566, -12, 680, 114, -736, -232, 684, 337, -480, -388, 129, 364, 320, -241, -776, 18, 1157, 265, -1378, -512, 1375, 639, -1135, -613, 730, 456, -272, -211, -113, -50, 343, 269, -393, -376, 319, 341, -198, -181, 114, -37, -109, 239, 187, -343, -319, 316, 460, -171, -541, -26, 519, 213, -392, -329, 210, 363, -26, -339, -97, 285, 146, -209, -145, 124, 144, -59, -160, 32, 193, -32, -222, 38, 226, -16, -196, -23, 141, 38, -52, 6, -60, -75, 157, 114, -174, -105, 100, 73, 17, -33, -105, -8, 144, 55, -160, -89, 189, 97, -227, -67, 262, 14, -287, 54, 323, -125, -375, 183, 430, -204, -459, 184, 460, -146, -446, 111, 432, -77, -400, 49, 336, -28, -239, 24, 137, -22, -51, 20, -6, -12, 46, 3, -63, 12, 43, -29, 20, 40, -99, -44, 179, 59, -248, -95, 296, 134, -299, -134, 258, 71, -184, 50, 97, -209, -1, 389, -113, -571, 272, 739, -470, -865, 660, 946, -768, -969, 751, 932, -593, -834, 316, 703, 27, -533, -373, 305, 671, -34, -849, -220, 858, 409, -706, -487, 489, 446, -309, -316, 237, 163, -262, -39, 319, -10, -342, -27, 315, 138, -233, -272, 96, 369, 92, -370, -303, 273, 473, -130, -519, 19, 414, 14, -198, 29, -26, -105, 172, 180, -195, -246, 131, 314, -49, -363, -1, 358, 21, -280, -18, 169, 1
1791219848.672, MrmFullScanInfo, 483, 107, 2458060, 0, 0, 0, 0, 10000, 39297, 32, 4, 2, 1, 480, 0, 0, 0, 0, 0, 0, -46, 89, 74, -137, -47, 108, -1, -85, 47, 114, -94, -134, 135, 94, -188, -17, 252, -67, -270, 98, 205, -39, -142, -28, 238, -27, -377, 186, 321, -247, 15, 83, -423, 204, 626, -379, -541, 303, 302, -57, -151, -119, 126, 126, -91, -56, -20, 52, 154, -117, -200, 158, 105, -92, 111, -55, -311, 190, 372, -226, -264, 166, 75, -66, 83, 4, -129, -12, 88, 67, -32, -122, 21, 149, -44, -126, 62, 55, -34, 34, -35, -97, 105, 117, -128, -93, 103, 41, -49, 12, -6, -29, 38, 17, -9, 0, -55, 8, 100, -30, -87, 48, 43, -44, 0, 28, -23, -24, 33, 41, -29, -53, 16, 34, 6, 1, -31, -17, 44, 15, -35, -10, 17, 19, 1, -28, -11, 32, 11, -15, -1, -11, -4, 33, 12, -37, -25, 27, 34, -4, -26, -19, 13, 31, -5, -17, 1, 3, 8, -3, -22, 24, 25, -35, -7, 18, -1, 10, -16, -11, 47, -15, -49, 38, 24, -33, 7, 11, -13, 14, -14, -24, 49, 23, -51, -23, 20, 34, 22, -38, -50, 26, 68, -2, -73, -7, 65, 5, -45, 10, 25, -33, 1, 49, -27, -37, 36, 10, -18, 7, 0, -8, 6, 3, 6, 0, -26, 12, 36, -32, -15, 39, -19, -13, 49, -24, -54, 56, 33, -57, 7, 43, -49, -38, 112, 56, -225, -65, 380, 55, -517, -54, 579, 129, -532, -327, 392, 657, -188, -1069, -57, 1501, 358, -1884, -705, 2147, 1063, -2205, -1366, 2022, 1553, -1594, -1562, 964, 1378, -202, -1017, -580, 540, 1267, -50, -1734, -333, 1890, 541, -1726, -566, 1336, 447, -851, -248, 415, 51, -128, 81, 20, -103, -37, 9, 99, 169, -128, -373, 82, 547, 29, -620, -171, 544, 317, -338, -418, 90, 425, 124, -323, -253, 167, 289, -29, -250, -26, 172, 8, -84, 35, 28, -50, -23, 23, 57, 48, -83, -150, 73, 261, -17, -343, -46, 364, 72, -290, -35, 147, -23, -9, 70, -47, -94, 19, 108, 45, -105, -79, 70, 64, -1, -17, -71, -28, 133, 62, -171, -71, 186, 57, -155, -30, 80, 9, -1, 4, -22, -23, -12, 70, 52, -140, -48, 201, 15, -219, 13, 193, -21, -141, 25, 81, -25, -17, 19, -46, 1, 109, -30, -148, 56, 149, -59, -121, 30, 99, 17, -81, -33, 42, -1, 31, 50, -97, -61, 115, 28, -84, 30, 52, -83, -50, 125, 73, -155, -72, 163, 33, -121, 3, 55, 0, -3, -18, -29, 29, 61, -26, -73, 18, 62, -18, -45, 39, 35, -53, -27, 27, 28, 40, -26, -115, 11, 154, 9, -129, -26, 74, 54, -44, -84, 58, 104, -72, -96, 53, 68, -8, -39, -17, 41, -10, -73, 78, 102, -119, -90, 88, 41, 6, 10, -97, -30, 133, 14, -102, 10, 49, 9, -18, -74, 24, 142, -31, -172, 15, 171, 19
1791219848.672, MrmDetectionListInfo, 483, 75, 235, 154, 236, 194, 237, 232, 238, 266, 239, 293, 240, 316, 241, 336, 242, 357, 243, 381, 244, 411, 245, 447, 246, 491, 247, 546, 248, 618, 249, 724, 250, 878, 251, 1072, 252, 1268, 253, 1433, 254, 1559, 255, 1657, 256, 1728, 257, 1760, 258, 1740, 259, 1665, 260, 1540, 261, 1368, 262, 1153, 263, 911, 264, 701, 265, 604, 266, 643, 267, 743, 268, 818, 269, 861, 270, 939, 271, 1073, 272, 1195, 273, 1221, 274, 1142, 275, 1009, 276, 868, 277, 721, 278, 559, 279, 388, 280, 233, 281, 121, 289, 148, 290, 218, 291, 266, 292, 289, 293, 302, 294, 323, 295, 354, 296, 386, 297, 399, 298, 384, 299, 346, 300, 299, 301, 260, 302, 241, 303, 245, 304, 253, 305, 248, 306, 221, 307, 181, 308, 145, 324, 160, 325, 170, 326, 185, 327, 203, 328, 212, 329, 201, 330, 166, 479, 100
1791219848.797, MrmFullScanInfo, 484, 107, 2458185, 0, 0, 0, 0, 10000, 39297, 32, 1, 2, 1, 480, -21106, 32260, 25281, -31553, -29745, 29099, 32362, -21038, -32512, -2727, 32474, 27846, -28809, -32286, 10511, 32161, 8680, -32510, -21167, 32081, 22228, -26647, -17436, 5787, 14817, 10975, -436, -14734, -10448, 26896, 8054, -28366, 596, 32124, -7720, -32059, 9507, 32269, -8576, -32012, 3135, 32220, 5271, -28090, -16990, 18933, 24978, -3043, -27670, -11425, 22722, 22909, -14637, -29091, 3679, 27681, 5836, -23227, -11705, 16337, 13664, -8848, -10231, 2346, 5025, 1571, 429, -2860, -4931, 2231, 7320, -180, -6151, -1604, 2472, 2563, 2233, -966, -6699, -2166, 9210, 6126, -9105, -9217, 6702, 10844, -2936, -9958, -1787, 6729, 5216, -2270, -6487, -2185, 5746, 5386, -3352, -6677, 362, 5507, 1746, -3189, -2026, 735, 556, 987, 1365, -1182, -2704, 253, 3294, 1058, -2530, -1777, 1049, 2020, 663, -1338, -1718, -48, 2088, 1293, -1603, -1857, 611, 1904, 573, -1264, -840, 398, 729, 289, -168, -509, -274, 347, 540, -57, -236, -428, -378, 346, 797, -114, -979, -437, 867, 813, -270, -834, -244, 465, 569, -62, -636, -366, 430, 761, -131, -607, -69, 444, 58, -146, 143, 63, -446, -104, 545, 509, -463, -665, 138, 836, 445, -762, -695, 531, 949, -52, -1006, -226, 909, 598, -426, -551, 122, 426, 90, -214, -118, 67, 77, -58, 154, 100, -190, -212, 85, 357, -8, -547, -65, 533, 310, -294, -459, 351, 373, -181, -278, -27, 191, 87, -78, -71, 65, 149, 41, -161, 39, 87, 18, -180, -133, 223, -24, -83, -76, -10, 80, -45, -92, -58, 80, 134, -49, -77, 135, 104, 51, -98, -79, 97, 19, -144, -89, 56, 6, -57, -57, 275, 15, -428, -76, 708, 39, -1064, -258, 1540, 378, -1982, -325, 2110, 557, -2060, -464, 1618, 722, -952, -728, 266, 804, 467, -946, -802, 915, 1176, -926, -1137, 694, 949, -663, -721, 614, 355, -626, -118, 675, -8, -624, -24, 427, -65, -323, -18, -109, -32, 432, 146, -416, -356, 488, 443, -318, -243, 189, 197, -88, 21, -63, -228, 107, 571, -52, -521, -24, 434, 5, -280, -30, 238, -25, -73, 143, -168, -270, 135, 380, 2, -379, 128, 320, 53, -266, -127, 61, 341, 92, -197, -187, 363, 206, -344, -12, 413, 92, -507, -40, 553, -53, -563, -6, 489, 97, -498, -80, 384, 53, -340, 0, 313, 24, -275, -89, 219, 73, -209, -66, 177, 116, -40, -136, 117, 96, -10, -79, -12, 81, 12, 52, 94, 25, -101, -66, 290, 80, -289, -212, 282, 307, -300, -361, 135, 231, -140, -123, 99, -136, 19, 292, -34, -514, 162, 702, -286, -879, 376, 1070, -438, -1272, 477, 1167, -272, -1134, 30, 798, 181, -486, -520, 111, 589, 292, -657, -471, 570, 634, -406, -598, 303, 539, -256, -227, 107, 138, -281, -64, 385, 214, -386, -191, 228, 361, -159, -357, -134, 350, 408, -258, -507, 68, 469, 77, -305, -135, 250, 74, -36, 20, -19, -164, 61, 384, 71, -416, -120, 302, 165, -200, -116, 87, 75, -87, -118, -57, -72, 21, 172, -117, -139
1791219848.797, MrmFullScanInfo, 484, 107, 2458185, 0, 0, 0, 0, 10000, 39297, 32, 2, 2, 1, 480, 0, 0, 0, 0, 0, 0, 10325, -14544, -19413, 29727, 22948, -31261, -24793, 17129, 28131, 3751, -30009, -21184, 24961, 31555, -12457, -36613, -1564, 37049, 10869, -30779, -13734, 17315, 11825, -27, -7566, -16104, 3979, 27532, -4114, -32795, 8389, 32590, -14080, -29626, 17749, 26967, -17451, -26303, 12940, 27052, -4894, -26780, -5362, 22828, 15723, -14124, -23549, 1919, 26630, 10829, -24103, -20932, 16885, 26295, -7320, -26469, -1590, 22329, 7364, -15429, -8951, 7656, 6902, -867, -2765, -3569, -1656, 5162, 4779, -4280, -5562, 1957, 3782, 441, -41, -1659, -4463, 1051, 8331, 1214, -10376, -4284, 9986, 6993, -7252, -8297, 2967, 7662, 1596, -5209, -5103, 1654, 6667, 1944, -6117, -4529, 4038, 5437, -1519, -4617, -313, 2629, 845, -396, -163, -1169, -1114, 1588, 2233, -968, -2601, -155, 2035, 1140, -787, -1497, -626, 1097, 1683, -186, -2030, -789, 1634, 1434, -788, -1532, -48, 1121, 531, -445, -564, -164, 295, 464, 9, -386, -114, 66, -46, 250, 376, -337, -687, 141, 808, 214, -651, -508, 273, 586, 168, -402, -496, 49, 615, 313, -531, -524, 350, 520, -200, -351, 176, 157, -273, -71, 411, 161, -461, -382, 339, 635, -49, -792, -317, 765, 662, -543, -888, 206, 926, 129, -759, -359, 467, 435, -167, -373, -27, 246, 73, -125, 0, 72, -102, -113, 164, 244, -159, -394, 84, 492, 51, -505, -191, 446, 273, -319, -273, 155, 225, -2, -159, -100, 100, 150, -57, -158, 30, 156, -7, -160, -2, 157, 6, -122, -20, 70, 54, -19, -84, -22, 106, 56, -111, -73, 91, 84, -44, -99, -2, 119, 26, -124, -25, 121, 16, -145, 4, 242, -41, -424, 95, 697, -144, -1057, 188, 1477, -231, -1859, 270, 2082, -257, -2047, 141, 1737, 96, -1207, -424, 580, 779, 14, -1080, -467, 1260, 733, -1279, -806, 1163, 718, -975, -511, 795, 247, -660, 3, 570, -170, -490, 231, 383, -197, -207, 111, -29, -27, 277, 9, -457, -61, 530, 134, -483, -161, 343, 119, -151, -1, -37, -171, 181, 344, -248, -442, 236, 438, -171, -352, 105, 219, -77, -55, 105, -98, -171, 201, 249, -229, -300, 193, 303, -92, -249, -51, 157, 202, -49, -320, -26, 395, 41, -431, 0, 451, -65, -471, 132, 494, -173, -499, 172, 490, -131, -462, 88, 420, -65, -363, 59, 307, -46, -260, 24, 232, 1, -205, -26, 174, 55, -137, -78, 101, 89, -63, -79, 34, 54, -25, -20, 56, -1, -125, 5, 218, 19, -300, -74, 350, 147, -350, -193, 306, 175, -219, -76, 102, -81, 38, 265, -191, -442, 352, 603, -510, -747, 656, 875, -760, -963, 779, 987, -665, -927, 419, 788, -80, -575, -272, 316, 566, -42, -735, -197, 767, 371, -685, -444, 544, 407, -388, -283, 276, 144, -242, -47, 281, 26, -325, -75, 318, 175, -222, -284, 44, 363, 170, -372, -341, 299, 419, -167, -393, 44, 291, 19, -144, 6, 5, -107, 86, 242, -107, -339, 71, 355, -8, -291, -47, 190, 78, -87, -61, 0, 2
1791219848.797, MrmFullScanInfo, 484, 107, 2458185, 0, 0, 0, 0, 10000, 39297, 32, 4, 2, 1, 480, 0, 0, 0, 0, 0, 0, 158, -83, -259, 143, 203, -92, -61, -35, -84, 139, 243, -146, -454, 131, 679, -122, -795, 63, 673, 98, -292, -278, -121, 325, 306, -163, -236, -86, 196, 176, -369, 24, 622, -350, -693, 518, 529, -406, -308, 144, 218, 73, -233, -145, 187, 116, 12, -96, -240, 139, 306, -163, -158, 68, -55, 112, 166, -220, -141, 179, 77, -67, -34, -16, 20, 74, -35, -116, 60, 128, -53, -89, 21, 27, -4, 18, 22, -5, -67, -46, 123, 75, -154, -60, 138, 39, -85, -30, 26, 24, 19, -3, -20, -36, -19, 81, 62, -102, -69, 93, 53, -66, -33, 46, 18, -38, 0, 48, -20, -61, 35, 59, -33, -29, 17, 2, -2, -3, 9, 24, -23, -22, 22, -8, 0, 39, -18, -38, 13, 11, 5, 10, -15, -8, 3, 2, 29, -5, -56, 18, 68, -11, -66, -15, 58, 50, -40, -67, 16, 70, 3, -60, 0, 30, -15, 23, 19, -61, -4, 61, -6, -27, 3, -5, 7, 18, -4, -8, -13, 0, 42, -7, -52, 23, 39, -26, -9, 21, -16, -20, 26, 31, -10, -36, -15, 25, 29, -5, -6, -9, -40, 24, 67, -30, -39, 15, -14, 19, 50, -34, -57, 20, 61, 3, -64, -8, 58, 0, -31, 7, -1, -2, 35, -10, -56, 24, 69, -26, -75, 28, 78, -39, -76, 56, 76, -55, -82, 30, 100, 13, -112, -67, 111, 132, -86, -192, 29, 253, 73, -319, -199, 383, 307, -402, -371, 376, 392, -355, -363, 426, 286, -635, -174, 998, 71, -1487, -4, 2027, -1, -2489, -47, 2724, 155, -2607, -309, 2119, 504, -1343, -716, 463, 905, 328, -1023, -884, 1041, 1151, -963, -1153, 843, 971, -737, -693, 687, 408, -674, -188, 653, 90, -573, -104, 406, 173, -135, -231, -198, 235, 506, -141, -704, -34, 772, 209, -709, -295, 533, 274, -281, -163, 25, -1, 168, 169, -251, -280, 234, 320, -168, -301, 116, 235, -92, -129, 90, 27, -112, 39, 171, -76, -242, 105, 284, -94, -266, 22, 200, 87, -107, -172, 32, 199, 2, -180, -7, 162, 3, -164, 8, 163, -12, -123, -11, 61, 63, -10, -101, -12, 104, 28, -70, -47, 33, 59, -14, -36, 19, -13, -39, 66, 67, -92, -89, 89, 101, -64, -95, 36, 66, -7, -15, -13, -33, 16, 64, 3, -60, -33, 26, 70, 30, -99, -81, 103, 113, -74, -112, 28, 92, 18, -71, -45, 65, 45, -67, -18, 68, -9, -48, 13, 6, 16, 42, -59, -66, 96, 53, -105, -16, 97, -4, -91, 0, 95, 20, -82, -34, 40, 39, 7, -38, -20, 40, -6, -32, 42, 17, -51, -1, 42, -3, -32, -2, 42, 15, -63, -21, 76, 14, -43, -3, -22, 4, 77, -11, -84, 20, 54, -15, -6, -18, -31, 72, 46, -92, -38, 45, 32, 43, -36, -110, 45, 125, -37, -100, 11
1791219848.797, MrmDetectionListInfo, 484, 88, 243, 126, 244, 128, 246, 152, 247, 188, 248, 238, 249, 290, 250, 333, 251, 363, 252, 378, 253, 384, 254, 382, 255, 376, 256, 371, 257, 372, 258, 384, 259, 409, 260, 451, 261, 509, 262, 587, 263, 684, 264, 797, 265, 922, 266, 1051, 267, 1176, 268, 1285, 269, 1369, 270, 1420, 271, 1432, 272, 1403, 273, 1332, 274, 1223, 275, 1084, 276, 925, 277, 762, 278, 634, 279, 592, 280, 663, 281, 819, 282, 987, 283, 1090, 284, 1105, 285, 1060, 286, 999, 287, 933, 288, 856, 289, 765, 290, 671, 291, 588, 292, 519, 293, 463, 294, 414, 295, 375, 296, 344, 297, 318, 298, 291, 299, 257, 300, 214, 301, 179, 302, 178, 303, 224, 304, 299, 305, 366, 306, 400, 307, 404, 308, 406, 309, 431, 310, 472, 311, 492, 312, 465, 313, 396, 314, 310, 315, 220, 316, 130, 320, 200, 321, 275, 322, 291, 323, 269, 324, 245, 325, 231, 326, 216, 327, 191, 328, 158, 329, 126, 337, 175, 338, 189, 339, 192, 340, 183, 346, 122
1791219848.922, MrmFullScanInfo, 485, 107, 2458310, 0, 0, 0, 0, 10000, 39297, 32, 1, 2, 1, 480, -21617, 32174, 25075, -31088, -29783, 28902, 32271, -21261, -32512, -2652, 32437, 27371, -29257, -32054, 11361, 32512, 8734, -32483, -20756, 31900, 22003, -27173, -18091, 6541, 16031, 10960, -593, -14781, -10348, 26936, 7839, -28596, 733, 32263, -7686, -32191, 9702, 31714, -9205, -32354, 1317, 32205, 4519, -27810, -15821, 19248, 25022, -3192, -27267, -11844, 22549, 23412, -14491, -28775, 4589, 27626, 6972, -22766, -11032, 16769, 12943, -8962, -9981, 2549, 4899, 1385, 169, -2711, -4811, 2367, 7274, -608, -5830, -1512, 2677, 2431, 2150, -1001, -6807, -2341, 9023, 6415, -8845, -9372, 6651, 10719, -3082, -10022, -1687, 6634, 4907, -2534, -6369, -2072, 5709, 5459, -3202, -6753, 314, 5548, 1649, -3204, -2003, 778, 459, 855, 1443, -1168, -2842, 91, 3091, 852, -2641, -1714, 1027, 1907, 627, -1261, -1651, -9, 2037, 1356, -1616, -2003, 436, 1953, 431, -1177, -912, 457, 697, 327, -299, -508, -267, 296, 608, 100, -118, -421, -290, 398, 760, -64, -959, -398, 834, 642, -385, -648, -261, 491, 597, -108, -596, -480, 424, 627, -163, -668, -34, 473, -14, -89, 189, -43, -473, -240, 514, 423, -492, -755, 78, 842, 414, -883, -619, 442, 951, -47, -1024, -334, 839, 551, -453, -530, 187, 575, 128, -308, -182, 70, 111, -17, 44, 74, -201, -155, 54, 431, -92, -505, -72, 451, 274, -320, -333, 286, 347, -155, -323, 4, 158, 79, -85, -29, 11, 136, -105, -88, 68, 204, 62, -152, 15, 160, 113, -132, -42, 91, 170, -99, -106, -38, 59, 56, -132, -79, -59, 27, -76, -99, -87, 171, 42, -156, -18, 132, 21, -101, 0, 162, 77, -159, -25, 136, 254, -101, -457, 92, 789, -117, -1145, -20, 1474, 222, -1680, -428, 1757, 487, -1439, -621, 1102, 661, -669, -756, 180, 531, 206, -332, -384, 63, 431, 154, -412, -173, 120, 20, -135, 210, 40, -377, -2, 589, 180, -463, -247, 353, 275, -101, -307, -42, 189, 270, 5, -203, -208, 113, 80, -1, 60, -182, -213, 252, 406, -151, -603, 29, 548, 113, -432, -121, 218, 88, -69, -192, -45, 121, 106, 20, -87, -51, -3, -19, 106, 39, -178, -4, 51, -35, -51, -25, -21, -129, 85, 188, 106, -308, 107, 414, -81, -473, 49, 397, -25, -377, 32, 345, 48, -314, -35, 268, -89, -330, -11, 309, 23, -274, 37, 285, -26, -266, 48, 166, -76, -196, 96, 134, -91, -262, 66, 130, -49, -251, -80, 266, 123, -287, -221, 296, 236, -232, -362, 154, 212, -147, -110, 112, -70, 5, 337, -40, -458, 158, 647, -183, -858, 471, 1030, -490, -1102, 484, 1210, -217, -955, 101, 900, 213, -444, -520, 120, 726, 238, -764, -378, 624, 585, -439, -457, 306, 441, -221, -274, 132, 79, -420, -80, 398, 141, -426, -244, 274, 378, -119, -404, -178, 389, 322, -440, -454, 50, 607, 44, -489, -149, 431, 126, -202, -15, 2, -267, -85, 261, 17, -352, -164, 299, 224, -257, -203, 176, 141, -116, -100, 2, -12, 31, 144, -53, -212
1791219848.922, MrmFullScanInfo, 485, 107, 2458310, 0, 0, 0, 0, 10000, 39297, 32, 2, 2, 1, 480, 0, 0, 0, 0, 0, 0, 10328, -14466, -19426, 29614, 22965, -31236, -24802, 17267, 28192, 3484, -30196, -20897, 25277, 31340, -12824, -36505, -1274, 37105, 10812, -31089, -13988, 17851, 12274, -580, -7996, -15769, 4281, 27488, -4321, -32954, 8557, 32769, -14252, -29673, 17841, 26894, -17335, -26248, 12729, 27083, -4893, -26803, -5015, 22745, 15224, -13901, -23152, 1602, 26495, 11086, -24195, -20961, 17004, 26124, -7370, -26289, -1480, 22259, 7056, -15453, -8553, 7729, 6620, -977, -2696, -3467, -1541, 5144, 4566, -4371, -5352, 2105, 3655, 294, -18, -1520, -4410, 886, 8237, 1410, -10289, -4457, 9956, 7072, -7305, -8281, 3097, 7615, 1418, -5188, -4917, 1658, 6511, 1957, -6022, -4573, 4020, 5488, -1568, -4653, -226, 2655, 741, -427, -64, -1136, -1179, 1575, 2247, -998, -2574, -80, 1999, 1048, -767, -1416, -615, 1033, 1646, -117, -1989, -865, 1613, 1492, -790, -1550, -45, 1110, 554, -436, -605, -143, 326, 406, 8, -312, -142, 7, -2, 272, 332, -338, -661, 170, 799, 126, -641, -395, 252, 503, 187, -373, -498, 56, 605, 295, -532, -509, 377, 499, -247, -315, 219, 118, -295, -54, 414, 174, -456, -421, 344, 685, -75, -824, -278, 756, 635, -498, -885, 159, 939, 160, -778, -386, 485, 480, -176, -434, -39, 295, 112, -145, -57, 68, -50, -102, 144, 229, -173, -366, 120, 447, 6, -452, -147, 396, 244, -287, -264, 153, 222, -24, -151, -65, 102, 115, -79, -134, 69, 145, -48, -152, 22, 156, 11, -149, -46, 133, 76, -97, -93, 45, 98, 8, -86, -44, 62, 72, -28, -103, 6, 140, -1, -158, 14, 153, -23, -137, 20, 136, 2, -145, -61, 162, 192, -195, -407, 258, 699, -326, -1030, 359, 1357, -325, -1609, 233, 1707, -91, -1600, -92, 1311, 298, -905, -465, 465, 533, -60, -470, -246, 311, 418, -129, -438, 17, 336, -20, -166, 135, 4, -300, 93, 439, -90, -486, 2, 423, 120, -270, -212, 79, 223, 93, -144, -193, 40, 189, 16, -76, 11, -94, -112, 246, 260, -308, -402, 271, 481, -169, -454, 50, 335, 60, -174, -134, 35, 149, 53, -104, -75, 42, 36, 6, 40, -36, -97, 54, 103, -56, -55, 59, -3, -86, 53, 158, -95, -257, 147, 348, -195, -393, 213, 391, -188, -362, 139, 331, -93, -306, 78, 292, -86, -281, 100, 275, -104, -267, 110, 253, -115, -222, 123, 183, -127, -148, 131, 136, -129, -142, 118, 166, -84, -206, 30, 263, 32, -313, -95, 338, 153, -324, -184, 281, 164, -209, -70, 110, -79, 21, 254, -168, -420, 323, 573, -486, -705, 652, 812, -768, -880, 776, 907, -649, -874, 403, 768, -67, -584, -302, 353, 622, -112, -804, -97, 817, 257, -696, -341, 520, 337, -363, -252, 285, 126, -291, -19, 341, -6, -371, -59, 339, 191, -227, -335, 57, 439, 136, -447, -317, 355, 460, -209, -519, 83, 465, -24, -311, 49, 124, -130, 21, 226, -71, -298, 36, 334, 39, -323, -95, 266, 107, -171, -72, 62, 5
1791219848.937, MrmFullScanInfo, 485, 107, 2458310, 0, 0, 0, 0, 10000, 39297, 32, 4, 2, 1, 480, 0, 0, 0, 0, 0, 0, 71, 40, -127, -48, 109, -16, -39, 131, 27, -223, -85, 243, 129, -172, -87, 62, -40, 85, 231, -274, -393, 426, 425, -423, -337, 278, 242, -94, -152, -74, 18, 190, 106, -208, -228, 164, 366, -130, -355, 93, 95, 15, 253, -152, -424, 276, 406, -358, -238, 317, 42, -100, 47, -139, -76, 227, 195, -167, -390, 61, 449, 33, -302, -107, 74, 125, 107, -58, -192, -45, 188, 118, -115, -140, 20, 149, 61, -165, -120, 174, 140, -138, -98, 52, 10, 34, 90, -59, -163, 28, 194, 6, -166, -3, 88, -11, 9, 10, -82, 1, 115, -1, -120, -10, 107, 15, -63, 10, 5, -58, 41, 102, -48, -105, 25, 81, 11, -64, -35, 78, 33, -85, -11, 55, -1, -1, -3, -25, 28, 12, -38, 27, 25, -62, 0, 77, -16, -60, 21, 27, -15, -2, 0, 21, 15, -65, -6, 85, -13, -53, 21, 4, -1, 20, -15, -8, 7, -10, 26, 5, -52, 26, 47, -43, -19, 27, 0, 9, 0, -38, 22, 47, -49, -22, 57, -18, -31, 51, -3, -52, 25, 41, -26, -39, 16, 55, 0, -62, -10, 44, 19, -6, -28, -19, 37, 20, -28, -7, 8, 13, 11, -34, -19, 54, 18, -53, -3, 32, -6, 3, -2, -26, 21, 33, -21, -26, 9, 15, 8, -2, -13, -2, 5, 13, 13, -39, -22, 65, 13, -63, 5, 35, -25, 0, 42, -22, -49, 34, 52, -43, -52, 57, 51, -58, -39, 39, 29, 0, -28, -46, 55, 103, -131, -172, 288, 262, -544, -363, 905, 460, -1321, -533, 1699, 572, -1906, -559, 1845, 502, -1488, -437, 911, 393, -242, -347, -375, 265, 832, -130, -1066, -15, 1086, 103, -937, -63, 698, -104, -442, 353, 237, -589, -109, 726, 60, -711, -56, 564, 64, -348, -57, 131, 22, 43, 38, -150, -76, 179, 49, -140, 62, 79, -228, -37, 408, 35, -543, -55, 580, 83, -503, -95, 366, 80, -236, -33, 159, -34, -126, 95, 128, -108, -155, 59, 186, 26, -177, -112, 111, 192, -14, -250, -48, 266, 56, -220, -36, 143, 26, -75, -29, 55, 36, -72, -30, 96, 11, -96, 9, 75, -4, -45, -28, 18, 69, 16, -97, -58, 118, 100, -141, -121, 165, 121, -176, -116, 175, 125, -160, -126, 137, 111, -98, -79, 53, 51, -11, -28, -6, 15, 13, -8, -17, 11, 30, -15, -38, 16, 43, -4, -46, 0, 57, -5, -66, 15, 77, -8, -85, -1, 86, 6, -60, -11, 22, 26, 8, -31, -21, 12, 40, 17, -73, -26, 111, 16, -130, 1, 121, -11, -85, 5, 46, 17, -28, -38, 31, 44, -28, -32, 8, 12, 21, 10, -49, -12, 70, 0, -71, 5, 59, 30, -44, -90, 38, 138, -36, -146, 35, 122, -27, -84, 13, 58, 3, -51, -2, 60, -9, -61, 24, 48, -23, -26, 12, 6
1791219848.937, MrmDetectionListInfo, 485, 78, 261, 151, 262, 205, 263, 276, 264, 363, 265, 464, 266, 577, 267, 699, 268, 825, 269, 949, 270, 1061, 271, 1153, 272, 1216, 273, 1242, 274, 1226, 275, 1166, 276, 1066, 277, 933, 278, 777, 279, 605, 280, 435, 281, 305, 282, 267, 283, 332, 284, 449, 285, 544, 286, 581, 287, 572, 288, 554, 289, 550, 290, 545, 291, 511, 292, 441, 293, 366, 294, 321, 295, 319, 296, 343, 297, 368, 298, 384, 299, 393, 300, 397, 301, 394, 302, 377, 303, 343, 304, 296, 305, 243, 306, 186, 307, 129, 313, 133, 314, 132, 319, 151, 320, 194, 321, 234, 322, 269, 323, 299, 324, 319, 325, 325, 326, 314, 327, 289, 328, 255, 329, 216, 330, 175, 331, 137, 344, 129, 345, 135, 346, 131, 348, 132, 349, 150, 350, 163, 351, 156, 376, 120, 377, 132, 378, 140, 380, 147, 381, 147, 382, 147, 383, 146, 384, 145, 385, 142
1791219849.047, MrmFullScanInfo, 486, 107, 2458435, 0, 0, 0, 0, 10000, 39297, 32, 1, 2, 1, 480, -20568, 32094, 25004, -31220, -29190, 28709, 32300, -20500, -32512, -3073, 32512, 27577, -29332, -32259, 9788, 32198, 8590, -32447, -19791, 32022, 21872, -27484, -17431, 6002, 16113, 11342, -1014, -14752, -9862, 26876, 7399, -28967, 1162, 31979, -9117, -31964, 10380, 31414, -8091, -32226, 2119, 32153, 4451, -28132, -16738, 19366, 25243, -3289, -27568, -11805, 23245, 22803, -15209, -28745, 3059, 27750, 6335, -23263, -11693, 16714, 13417, -8822, -10593, 2279, 4956, 1887, 357, -3005, -4993, 2578, 7159, -567, -6061, -1392, 2828, 2643, 2232, -1143, -7044, -2158, 9190, 6175, -9312, -9323, 7038, 10776, -2784, -9967, -1868, 6629, 5125, -2573, -6455, -2177, 5862, 5491, -3291, -6847, 276, 5675, 1658, -3246, -1916, 801, 652, 964, 1300, -1290, -2783, 217, 3191, 924, -2636, -1747, 965, 1902, 621, -1358, -1575, 77, 2070, 1229, -1608, -1915, 567, 2006, 544, -1360, -840, 503, 752, 306, -301, -536, -291, 282, 571, -37, -289, -372, -274, 347, 726, -28, -857, -382, 825, 650, -358, -803, -253, 525, 532, -1, -538, -413, 415, 590, -195, -607, 17, 394, -60, -117, 168, 91, -405, -76, 593, 484, -402, -678, 48, 799, 388, -735, -732, 472, 951, -63, -991, -215, 860, 529, -467, -483, 153, 517, 55, -269, -122, 131, 139, -113, 18, 98, -156, -209, 144, 450, 7, -486, -30, 550, 344, -345, -369, 347, 424, -89, -209, -88, 220, 120, -123, -152, 3, 2, -24, -217, -48, 197, -49, -93, -32, 173, -23, -114, -77, 36, -13, -52, -23, -74, 32, 59, -8, -92, -4, 118, 89, -96, -37, 214, 106, -32, -169, 1, 44, -69, 129, 40, -187, -45, 393, 3, -531, 134, 684, -379, -928, 558, 1082, -890, -1139, 1165, 1250, -1390, -1167, 1152, 1102, -929, -575, 529, 313, -75, -84, -467, -157, 708, 347, -746, -584, 712, 590, -618, -364, 370, 266, -365, 88, 348, -235, -529, 390, 540, -182, -480, -67, 390, 378, -64, -600, -263, 542, 410, -415, -584, 293, 638, -1, -462, 118, 236, -142, -69, 178, -25, -343, 21, 328, 65, -276, -174, 149, 177, 95, -176, -204, 66, 190, 62, -111, -129, 86, -13, -28, 96, -57, -257, 8, 320, 79, -454, -77, 444, -2, -465, -45, 487, -62, -406, 26, 360, -184, -291, 54, 415, -141, -408, 29, 354, 25, -336, -119, 236, 121, -117, -122, 86, 150, -38, -27, 77, 25, -113, -14, 100, -18, -144, -94, 76, 2, -101, -38, 140, 226, -178, -149, 167, 91, -106, -157, 37, 22, 10, -125, 51, -156, -10, 346, -57, -536, 183, 681, -264, -975, 392, 1137, -442, -1255, 406, 1225, -278, -1144, 59, 774, 305, -546, -530, 207, 685, 285, -731, -589, 641, 630, -392, -752, 334, 520, -175, -427, 119, 274, -314, -171, 405, 131, -329, -345, 356, 425, -248, -398, -1, 481, 261, -375, -384, 198, 364, 61, -312, -49, 155, 80, -64, -3, -109, -166, 87, 272, -102, -336, -32, 403, 49, -305, -196, 217, 167, -125, -154, -3, -25, 100, 69, -84, -38
1791219849.047, MrmFullScanInfo, 486, 107, 2458435, 0, 0, 0, 0, 10000, 39297, 32, 2, 2, 1, 480, 0, 0, 0, 0, 0, 0, 10180, -14358, -19198, 29304, 22835, -30766, -24880, 16806, 28320, 3798, -30104, -21071, 24956, 31438, -12577, -36545, -1165, 37043, 10403, -30869, -13587, 17506, 12176, -286, -8279, -15852, 4788, 27369, -4914, -32715, 9232, 32421, -14902, -29234, 18242, 26506, -17421, -26063, 12639, 27127, -4733, -27019, -5254, 23044, 15539, -14225, -23540, 1958, 26842, 10730, -24312, -20776, 16846, 26246, -7081, -26620, -1793, 22571, 7422, -15579, -8943, 7623, 6931, -681, -2861, -3837, -1501, 5454, 4613, -4545, -5458, 2138, 3768, 378, -66, -1702, -4473, 1137, 8419, 1140, -10534, -4231, 10147, 6947, -7336, -8280, 2970, 7705, 1612, -5296, -5100, 1716, 6652, 1973, -6117, -4649, 4078, 5588, -1599, -4731, -238, 2679, 819, -397, -191, -1194, -1067, 1628, 2192, -1024, -2572, -86, 2023, 1083, -804, -1479, -572, 1117, 1610, -209, -1971, -803, 1616, 1495, -814, -1617, -9, 1195, 519, -492, -589, -134, 326, 443, 12, -385, -160, 99, 28, 189, 294, -283, -617, 133, 761, 167, -629, -443, 278, 531, 135, -369, -451, 45, 584, 278, -537, -456, 395, 444, -260, -290, 222, 123, -292, -63, 401, 165, -428, -390, 299, 633, -17, -773, -338, 738, 671, -526, -882, 215, 909, 100, -746, -333, 472, 438, -190, -410, -10, 306, 87, -191, -41, 131, -62, -156, 152, 263, -170, -393, 104, 485, 31, -501, -171, 430, 258, -279, -277, 97, 249, 46, -189, -116, 114, 144, -50, -158, 25, 164, -29, -151, 38, 129, -31, -100, 16, 66, 3, -23, -20, -19, 36, 59, -37, -86, 22, 114, 2, -138, -27, 144, 54, -122, -63, 87, 27, -48, 70, 3, -206, 63, 356, -172, -497, 342, 623, -575, -720, 861, 781, -1169, -786, 1439, 745, -1573, -659, 1502, 531, -1206, -370, 732, 221, -171, -117, -346, 41, 716, 53, -894, -162, 903, 239, -784, -226, 602, 115, -428, 72, 326, -271, -300, 394, 323, -358, -346, 154, 328, 149, -231, -435, 62, 606, 149, -621, -345, 518, 465, -371, -452, 251, 314, -185, -117, 177, -45, -208, 119, 246, -91, -246, 0, 182, 105, -62, -166, -61, 157, 143, -88, -164, 21, 132, -10, -57, 70, -26, -174, 85, 294, -108, -395, 117, 460, -128, -474, 147, 450, -169, -392, 191, 329, -203, -291, 205, 296, -193, -319, 162, 333, -102, -316, 28, 270, 42, -202, -88, 138, 99, -94, -70, 79, 23, -82, 16, 94, -29, -103, 22, 112, 3, -124, -41, 156, 80, -189, -94, 198, 84, -159, -70, 98, 56, -43, -6, 2, -108, 64, 281, -179, -463, 339, 634, -512, -788, 671, 918, -772, -1000, 779, 1016, -655, -949, 396, 814, -43, -621, -320, 373, 618, -81, -795, -200, 831, 413, -738, -514, 575, 503, -405, -405, 302, 266, -284, -134, 322, 76, -366, -112, 382, 214, -328, -326, 188, 412, 4, -427, -182, 352, 293, -211, -312, 74, 246, 7, -117, -7, -24, -59, 136, 166, -180, -268, 156, 335, -79, -343, -12, 293, 82, -194, -95, 71, 64
1791219849.047, MrmFullScanInfo, 486, 107, 2458435, 0, 0, 0, 0, 10000, 39297, 32, 4, 2, 1, 480, 0, 0, 0, 0, 0, 0, -128, 127, 195, -333, -101, 463, -86, -403, 141, 216, 47, -68, -245, 22, 174, -7, 137, -30, -355, 103, 267, -156, 70, 107, -429, 36, 616, -153, -667, 205, 704, -279, -639, 379, 344, -350, 33, 156, -214, 72, 186, -211, -127, 246, 139, -220, -228, 218, 264, -234, -114, 151, -129, 64, 258, -243, -238, 254, 212, -108, -210, -89, 191, 252, -138, -320, 88, 291, -36, -199, -24, 89, 63, 21, -36, -117, -41, 181, 139, -196, -195, 168, 159, -103, -32, 16, -86, 66, 127, -95, -105, 60, 75, 18, -57, -85, 60, 110, -60, -81, 32, 26, 32, 24, -84, -49, 88, 54, -52, -45, 17, 31, 6, -4, -26, -29, 49, 59, -51, -61, 33, 30, -2, 25, -24, -68, 36, 75, -24, -49, 0, 19, 10, 12, 3, -41, -24, 66, 41, -70, -47, 55, 47, -27, -35, 12, 12, -8, 19, 2, -42, 9, 45, -3, -26, -22, -2, 52, 28, -56, -33, 38, 23, -11, -5, 1, -12, -3, 29, 15, -37, -30, 41, 39, -37, -22, 23, -8, 2, 37, -19, -45, 21, 38, -3, -20, -16, -1, 26, 29, -13, -49, 0, 56, 6, -45, -2, 30, 2, -19, -6, 23, 12, -26, -12, 13, 10, 20, -13, -53, 26, 59, -29, -35, 5, 17, 29, -16, -35, 17, 9, 2, 22, -23, -38, 34, 53, -37, -67, 42, 76, -39, -72, 33, 66, -26, -55, 26, 43, -13, -37, -19, 52, 67, -62, -108, 25, 152, 79, -218, -228, 327, 403, -491, -605, 746, 836, -1095, -1072, 1500, 1291, -1871, -1471, 2111, 1604, -2121, -1651, 1847, 1573, -1297, -1369, 561, 1094, 214, -801, -846, 499, 1209, -181, -1276, -102, 1123, 268, -858, -253, 595, 79, -426, 185, 392, -425, -450, 513, 529, -371, -552, 32, 467, 378, -257, -693, -23, 810, 299, -727, -480, 542, 497, -361, -327, 261, 44, -263, 222, 344, -362, -443, 347, 490, -200, -427, -14, 255, 222, -23, -332, -179, 307, 290, -181, -284, 43, 187, 38, -44, -36, -78, -27, 136, 121, -128, -191, 92, 204, -52, -149, 14, 61, 12, 31, -5, -95, -29, 110, 77, -74, -102, 19, 87, 22, -28, -29, -43, 2, 108, 44, -148, -79, 154, 85, -122, -60, 75, 22, -38, 9, 31, -14, -39, -5, 51, 47, -57, -84, 49, 114, -4, -139, -64, 170, 112, -187, -101, 166, 53, -104, -15, 40, 10, -8, -20, 12, 36, -20, -53, 17, 74, -6, -85, 5, 83, -5, -62, -2, 46, 19, -44, -18, 36, 8, 3, -7, -60, 25, 107, -43, -127, 51, 134, -39, -137, 24, 131, -9, -104, 1, 74, -11, -51, 52, 33, -101, -11, 131, 3, -136, -9, 141, 22, -155, -22, 169, 9, -161, 15, 133, -41, -97, 61, 80, -60, -84, 37, 100, -2, -95, -24, 59, 40, -6, -37, -31, 18, 60
1791219849.047, MrmDetectionListInfo, 486, 89, 258, 200, 259, 272, 260, 349, 261, 434, 262, 531, 263, 646, 264, 777, 265, 922, 266, 1077, 267, 1235, 268, 1392, 269, 1539, 270, 1668, 271, 1773, 272, 1846, 273, 1881, 274, 1870, 275, 1808, 276, 1694, 277, 1529, 278, 1319, 279, 1081, 280, 845, 281, 660, 282, 576, 283, 615, 284, 726, 285, 810, 286, 802, 287, 728, 288, 662, 289, 638, 290, 638, 291, 619, 292, 558, 293, 462, 294, 357, 295, 279, 296, 255, 297, 290, 298, 363, 299, 437, 300, 488, 301, 505, 302, 489, 303, 440, 304, 364, 305, 297, 306, 289, 307, 349, 308, 419, 309, 444, 310, 436, 311, 455, 312, 520, 313, 581, 314, 580, 315, 519, 316, 437, 317, 362, 318, 289, 319, 213, 321, 171, 322, 250, 323, 348, 324, 409, 325, 419, 326, 399, 327, 367, 328, 319, 329, 251, 330, 184, 331, 150, 333, 183, 334, 216, 335, 250, 336, 275, 337, 272, 338, 236, 339, 181, 348, 135, 349, 150, 350, 153, 351, 146, 376, 122, 378, 109, 398, 137, 399, 152, 400, 150
1791219849.172, MrmFullScanInfo, 487, 107, 2458560, 0, 0, 0, 0, 10000, 39297, 32, 1, 2, 1, 480, -20825, 31847, 25221, -31457, -29361, 29298, 32382, -20081, -32512, -3309, 32493, 27619, -29487, -32419, 10123, 32467, 8630, -32475, -20459, 31951, 22122, -27452, -17775, 5536, 15191, 10963, -701, -15254, -10903, 27229, 7892, -28733, 481, 31849, -9409, -31614, 10037, 32312, -7164, -32306, 3556, 31981, 4830, -28367, -16758, 19159, 25051, -3299, -27196, -12399, 23623, 23100, -15498, -29070, 2977, 27669, 6308, -23337, -12082, 16601, 13823, -8696, -10375, 2250, 5019, 1631, 552, -2902, -5117, 2561, 7223, -682, -6361, -1882, 2629, 2563, 2296, -1126, -6828, -2138, 9336, 6258, -9194, -9507, 6846, 11108, -2797, -9940, -1662, 6910, 5244, -2395, -6619, -2277, 5676, 5467, -3219, -6701, 204, 5525, 1704, -3373, -1949, 691, 640, 930, 1328, -1143, -2784, 163, 3324, 1062, -2714, -1869, 952, 1882, 678, -1285, -1795, -69, 2105, 1321, -1490, -1881, 440, 1903, 519, -1334, -968, 471, 708, 381, -277, -515, -283, 285, 525, -14, -309, -424, -366, 390, 759, -48, -798, -357, 779, 607, -315, -763, -240, 542, 620, 78, -620, -486, 467, 649, -145, -587, -40, 390, 9, -124, 170, -51, -568, -124, 558, 360, -372, -670, 2, 768, 485, -817, -630, 502, 1055, -18, -979, -265, 871, 518, -500, -608, 151, 487, 19, -272, -162, 77, 143, 55, -9, 71, -281, -201, 112, 390, 15, -509, -113, 534, 169, -509, -424, 259, 397, -227, -252, 59, 216, 102, -31, -107, 42, 82, -84, -157, 84, 174, -51, -164, 144, 231, -129, -106, 213, 164, -254, -114, 306, 198, -240, -193, 237, 131, -262, -100, 184, 122, 16, 10, -49, -9, 77, 146, -72, -215, -91, 350, 153, -466, -239, 607, 174, -854, -180, 823, 153, -902, -85, 885, 159, -748, -324, 425, 395, -45, -597, -312, 759, 659, -806, -683, 731, 678, -568, -557, 496, 404, -460, -218, 389, 86, -306, -65, 334, 36, -225, -147, 123, 159, 150, -74, -279, 6, 338, 18, -322, -195, 361, 201, -304, -332, 53, 231, -89, -220, 73, 160, -53, -88, -47, 93, 113, -96, -329, 53, 500, 89, -574, -257, 630, 350, -597, -404, 339, 391, -161, -205, -55, 103, 100, -33, -260, -23, 104, -19, -53, 131, 13, -135, -9, 365, 86, -501, -84, 528, -30, -454, -78, 494, -34, -437, 69, 346, -68, -330, 53, 321, -146, -262, 7, 128, 80, -106, 17, 86, 28, -26, 61, 22, -101, -73, 183, 157, -65, -164, 75, 237, 95, -141, -220, 128, 335, -93, -341, 120, 421, -85, -295, 41, 177, -107, 34, 68, -179, 55, 92, -74, -442, 114, 761, -313, -1002, 510, 1302, -476, -1319, 428, 1316, -320, -1180, 18, 861, 317, -523, -600, 78, 779, 277, -697, -621, 571, 756, -531, -760, 328, 638, -154, -474, 173, 331, -289, -203, 309, 233, -263, -323, 319, 433, -53, -512, -145, 540, 287, -335, -397, 270, 491, -40, -358, -46, 304, 126, -112, 50, 41, -94, 80, 327, -64, -326, -6, 323, 93, -307, -150, 211, 95, -16, -27, -13, 69, 34, 31, -68, -143
1791219849.172, MrmFullScanInfo, 487, 107, 2458560, 0, 0, 0, 0, 10000, 39297, 32, 2, 2, 1, 480, 0, 0, 0, 0, 0, 0, 10254, -14452, -19302, 29457, 22903, -30830, -24928, 16718, 28417, 3967, -30282, -21231, 25130, 31552, -12593, -36631, -1385, 37113, 10717, -30902, -13736, 17439, 11982, -40, -7767, -16277, 4134, 27842, -4309, -33024, 8792, 32511, -14586, -29272, 18039, 26646, -17413, -26246, 12840, 27201, -4985, -26968, -5093, 22911, 15469, -14004, -23580, 1658, 27028, 11024, -24581, -20964, 17036, 26317, -7059, -26632, -2014, 22584, 7697, -15612, -9108, 7674, 6917, -738, -2711, -3807, -1706, 5454, 4796, -4526, -5575, 2067, 3823, 472, -84, -1759, -4467, 1126, 8407, 1239, -10515, -4412, 10145, 7165, -7383, -8457, 3039, 7784, 1582, -5283, -5121, 1665, 6669, 1994, -6078, -4623, 3987, 5546, -1498, -4706, -301, 2681, 829, -425, -151, -1138, -1149, 1552, 2301, -947, -2673, -142, 2064, 1100, -752, -1454, -691, 1071, 1715, -165, -1995, -826, 1555, 1496, -713, -1602, -96, 1168, 565, -459, -598, -162, 320, 450, 12, -363, -148, 52, 11, 246, 300, -330, -596, 161, 718, 156, -581, -437, 230, 519, 194, -343, -519, 11, 639, 309, -551, -481, 362, 456, -215, -281, 203, 83, -302, 3, 409, 97, -404, -351, 252, 643, 22, -815, -352, 774, 672, -530, -892, 189, 934, 141, -783, -371, 507, 455, -207, -393, -22, 252, 120, -117, -70, 59, -52, -101, 152, 232, -169, -394, 114, 513, -1, -540, -130, 477, 229, -346, -253, 181, 215, -20, -154, -90, 112, 142, -98, -149, 107, 145, -128, -136, 161, 124, -199, -97, 241, 70, -277, -55, 300, 59, -305, -65, 295, 62, -258, -47, 183, 33, -76, -16, -25, -13, 87, 80, -90, -188, 50, 336, 0, -505, -13, 674, -19, -804, 86, 877, -146, -887, 163, 837, -103, -712, -44, 508, 275, -236, -550, -42, 810, 264, -967, -384, 977, 409, -860, -360, 692, 260, -529, -135, 402, 26, -313, 36, 256, -33, -199, -15, 109, 81, 27, -125, -174, 131, 293, -87, -363, 5, 381, 92, -340, -172, 263, 216, -180, -209, 117, 167, -57, -119, -18, 100, 128, -108, -267, 116, 422, -84, -561, 9, 648, 88, -640, -172, 521, 218, -318, -213, 94, 175, 90, -127, -184, 94, 178, -83, -100, 106, 12, -173, 49, 290, -87, -416, 121, 495, -146, -506, 161, 470, -167, -406, 171, 340, -170, -287, 168, 245, -149, -199, 104, 154, -43, -114, 6, 81, -6, -48, 42, 27, -93, -30, 135, 64, -141, -115, 100, 164, -5, -196, -118, 215, 237, -226, -314, 228, 329, -210, -270, 172, 148, -108, -2, 20, -121, 78, 235, -181, -387, 323, 600, -520, -821, 732, 994, -869, -1083, 871, 1086, -710, -1005, 408, 851, -12, -630, -382, 356, 685, -47, -841, -250, 861, 476, -773, -580, 616, 565, -445, -460, 327, 318, -281, -191, 289, 137, -308, -173, 297, 283, -224, -411, 92, 497, 71, -494, -226, 408, 338, -266, -373, 123, 327, -31, -211, 21, 63, -82, 73, 178, -150, -260, 147, 308, -81, -305, 7, 244, 44, -139, -64, 33, 54
1791219849.172, MrmFullScanInfo, 487, 107, 2458560, 0, 0, 0, 0, 10000, 39297, 32, 4, 2, 1, 480, 0, 0, 0, 0, 0, 0, 15, -42, -12, 17, 18, 127, -79, -257, 154, 268, -159, -200, 77, 131, 46, -90, -146, 51, 145, 24, -13, -150, -187, 308, 356, -424, -420, 421, 347, -229, -152, -31, 39, 133, -32, -22, -14, -103, 144, 94, -187, -36, 100, -20, 6, 114, -155, -189, 312, 177, -325, -116, 139, 103, 133, -126, -334, 131, 391, -85, -281, 17, 83, 50, 91, -107, -177, 122, 180, -58, -138, -42, 87, 113, -33, -115, -12, 73, 52, 11, -69, -107, 71, 176, -64, -174, 31, 110, 30, -27, -75, -26, 58, 29, 10, -8, -69, 4, 83, -9, -58, 14, 31, -18, 0, 36, -42, -55, 88, 64, -96, -50, 47, 21, 40, 8, -100, -18, 87, 14, -12, -5, -61, 8, 91, -12, -72, 6, 34, 12, -5, -21, -1, 16, 1, 0, 2, -15, 0, 26, -13, -24, 41, 16, -58, -3, 54, -1, -39, -8, 40, 30, -49, -37, 46, 23, -15, -1, -22, -11, 36, 22, -12, -41, -11, 65, 4, -70, 36, 48, -64, -5, 60, -24, -33, 28, 13, -10, -8, -7, 15, 20, -25, -18, 31, 5, -22, 20, -1, -43, 27, 54, -28, -46, 10, 34, 1, -18, 1, -8, 7, 39, -26, -52, 36, 56, -25, -60, 20, 61, -22, -39, 21, 9, 3, 6, -37, 2, 69, -12, -95, 16, 132, -15, -184, 19, 248, -15, -307, -9, 350, 60, -366, -109, 355, 136, -300, -145, 196, 157, -61, -156, -59, 120, 123, -29, -100, -103, 1, 269, 127, -457, -218, 659, 236, -844, -183, 997, 99, -1119, -22, 1223, -12, -1273, -23, 1209, 150, -989, -346, 651, 561, -265, -720, -94, 782, 384, -738, -567, 618, 632, -459, -587, 311, 467, -211, -319, 180, 200, -194, -144, 206, 149, -160, -184, 42, 215, 137, -203, -343, 126, 522, 14, -612, -187, 589, 355, -481, -465, 341, 485, -191, -416, 39, 308, 119, -206, -269, 131, 400, -66, -505, -1, 581, 75, -595, -136, 517, 178, -351, -192, 152, 170, 24, -104, -136, 16, 169, 70, -131, -127, 74, 133, -36, -77, 25, -6, -23, 72, 31, -102, -34, 106, 24, -76, -1, 21, -19, 33, 42, -72, -57, 101, 55, -113, -37, 108, 29, -94, -35, 90, 55, -84, -77, 70, 94, -36, -90, -7, 53, 42, 17, -46, -102, 21, 178, 12, -221, -26, 218, 18, -153, -1, 48, 3, 30, -23, -23, 30, -35, -4, 61, -11, -12, -15, -61, 68, 112, -98, -121, 92, 105, -55, -80, 7, 54, 42, -24, -72, -4, 71, 40, -48, -80, 41, 114, -51, -124, 61, 121, -53, -112, 33, 106, 1, -99, -34, 91, 55, -79, -64, 80, 63, -86, -41, 82, 10, -65, 12, 60, -16, -58, 9, 50, 11, -29, -32, 10, 41, 3, -22, -13, -9, 24, 35, -28, -44, 27, 49, -30, -45, 38, 21, -27, 14
1791219849.172, MrmDetectionListInfo, 487, 96, 234, 122, 236, 152, 237, 165, 238, 177, 239, 193, 240, 213, 241, 231, 242, 240, 243, 240, 244, 230, 245, 214, 246, 192, 247, 164, 248, 134, 258, 174, 259, 259, 260, 346, 261, 416, 262, 466, 263, 506, 264, 538, 265, 563, 266, 577, 267, 585, 268, 592, 269, 603, 270, 619, 271, 636, 272, 645, 273, 644, 274, 636, 275, 625, 276, 608, 277, 580, 278, 541, 279, 494, 280, 453, 281, 430, 282, 444, 283, 500, 284, 577, 285, 634, 286, 642, 287, 611, 288, 565, 289, 519, 290, 468, 291, 407, 292, 342, 293, 284, 294, 239, 295, 207, 296, 186, 297, 175, 298, 171, 299, 170, 300, 168, 301, 158, 302, 142, 303, 131, 304, 141, 305, 179, 306, 229, 307, 271, 308, 293, 309, 301, 310, 313, 311, 347, 312, 400, 313, 446, 314, 462, 315, 450, 316, 427, 317, 399, 318, 362, 319, 310, 320, 249, 321, 196, 322, 171, 323, 179, 324, 204, 325, 228, 326, 242, 327, 252, 328, 262, 329, 273, 330, 287, 331, 307, 332, 335, 333, 355, 334, 355, 335, 333, 336, 297, 337, 253, 338, 206, 396, 123
1791219849.297, MrmFullScanInfo, 488, 107, 2458685, 0, 0, 0, 0, 10000, 39297, 32, 1, 2, 1, 480, -20507, 31737, 24650, -31454, -29182, 28962, 32275, -20631, -32512, -1620, 32488, 27445, -29397, -32372, 11276, 32382, 7211, -32510, -21249, 31847, 22027, -27762, -17994, 5994, 15949, 11519, -882, -14643, -11255, 27546, 7740, -28649, 1611, 31994, -8218, -31857, 9834, 31873, -7135, -32094, 1786, 32232, 5668, -27987, -16518, 18834, 24783, -3420, -27833, -11514, 23344, 22736, -14695, -28913, 2981, 27926, 6854, -22916, -11513, 16468, 13536, -8903, -10242, 2220, 5083, 1528, 373, -3209, -5231, 2526, 7410, -451, -6095, -1647, 2523, 2524, 2222, -824, -7026, -2162, 9222, 6379, -9202, -9523, 7138, 10734, -2974, -10030, -1637, 6658, 5025, -2420, -6530, -2355, 5751, 5491, -3142, -6650, 326, 5498, 1578, -3393, -1865, 710, 547, 1010, 1294, -1102, -2702, 223, 3230, 1027, -2613, -1771, 973, 1900, 680, -1252, -1554, -50, 2060, 1290, -1530, -1905, 442, 1909, 628, -1278, -827, 461, 637, 411, -272, -488, -504, 418, 521, 60, -270, -335, -232, 416, 774, -70, -851, -344, 787, 646, -359, -663, -112, 456, 499, -58, -577, -399, 563, 688, -143, -556, -77, 375, -44, -99, 244, 142, -517, -42, 634, 432, -423, -723, 68, 761, 501, -846, -635, 508, 938, -134, -994, -289, 868, 429, -551, -530, 186, 349, 34, -235, -212, 107, 70, 68, -35, -30, -112, -183, 165, 421, -37, -511, -84, 531, 221, -420, -328, 275, 381, -94, -256, -17, 168, -6, -64, -143, -9, 184, -27, -249, -3, 232, 56, -309, -143, 283, 106, -280, -255, 311, 345, -191, -396, 176, 388, -213, -348, 104, 295, -165, -405, 240, 504, -517, -623, 696, 831, -837, -858, 698, 954, -316, -1013, -77, 985, 583, -762, -849, 491, 1020, -196, -954, -188, 650, 247, -274, -150, 13, 93, 26, 100, 56, -32, -72, -50, 313, 192, -427, -590, 297, 735, -191, -902, 69, 808, 66, -621, -293, 580, 325, -197, -137, -23, 269, 29, -165, 157, 211, -10, -274, 207, 443, -196, -428, 108, 452, 13, -521, -188, 352, 318, -166, -367, 145, 316, -10, -322, 3, 289, 109, -204, -122, 34, 208, -14, -149, -15, 188, 161, -202, -145, 177, 192, -64, -133, -58, 67, 143, -1, -139, -68, 219, 126, -304, -12, 284, 27, -429, -27, 465, 137, -441, -29, 528, 92, -460, -93, 383, 130, -325, -57, 177, 31, -38, -109, 56, 42, 51, -30, 39, -41, -30, -35, 88, -54, -51, 15, 73, 12, -91, 71, -4, 41, -75, 3, 163, 131, -206, -208, 67, 136, -42, -121, 145, 44, -94, 12, 32, -104, -9, 357, -98, -684, 217, 749, -265, -1099, 445, 1102, -542, -1147, 427, 1234, -179, -974, 18, 843, 316, -427, -459, 246, 671, 280, -731, -440, 741, 577, -619, -592, 416, 508, -373, -443, 298, 168, -347, -219, 457, 222, -405, -170, 266, 259, -69, -361, 0, 363, 285, -306, -301, 155, 373, -111, -363, 68, 220, -39, -100, 64, 12, -147, 98, 234, -38, -366, 1, 404, 23, -284, -97, 319, 110, -192, -46, 111, 61, -38, 35, 42, 9
1791219849.297, MrmFullScanInfo, 488, 107, 2458685, 0, 0, 0, 0, 10000, 39297, 32, 2, 2, 1, 480, 0, 0, 0, 0, 0, 0, 10130, -14390, -19099, 29476, 22700, -31166, -24694, 17358, 28183, 3314, -30307, -20770, 25576, 31230, -13226, -36404, -967, 37079, 10688, -31103, -13994, 17782, 12330, -366, -8014, -16090, 4273, 27811, -4443, -33089, 8892, 32598, -14521, -29344, 17703, 26701, -16763, -26349, 11969, 27380, -4208, -27107, -5523, 22948, 15584, -14082, -23469, 1899, 26699, 10738, -24087, -20820, 16586, 26310, -6859, -26620, -1926, 22485, 7449, -15479, -8894, 7580, 6839, -699, -2736, -3807, -1662, 5436, 4764, -4512, -5532, 2094, 3744, 388, 21, -1639, -4570, 1008, 8493, 1300, -10599, -4372, 10242, 7020, -7478, -8263, 3121, 7611, 1513, -5160, -5068, 1602, 6644, 2004, -6091, -4592, 4038, 5495, -1582, -4652, -210, 2633, 766, -390, -147, -1153, -1090, 1553, 2207, -947, -2582, -133, 2021, 1077, -782, -1419, -604, 1028, 1627, -132, -1944, -837, 1539, 1483, -723, -1570, -64, 1125, 509, -409, -523, -218, 246, 508, 65, -410, -177, 78, 29, 240, 291, -339, -604, 181, 746, 120, -632, -382, 302, 469, 119, -331, -465, 39, 616, 264, -551, -440, 375, 438, -241, -294, 243, 117, -351, -33, 464, 124, -462, -366, 298, 650, -9, -827, -324, 797, 636, -563, -856, 230, 917, 81, -782, -284, 502, 363, -186, -331, -44, 227, 136, -105, -98, 45, -10, -94, 123, 234, -174, -388, 138, 490, -25, -496, -113, 414, 223, -277, -257, 133, 219, 0, -144, -109, 84, 194, -57, -243, 47, 270, -27, -287, -6, 308, 59, -326, -130, 336, 214, -332, -281, 320, 311, -295, -305, 271, 302, -285, -325, 389, 378, -584, -437, 809, 495, -951, -562, 917, 667, -678, -807, 296, 928, 134, -952, -515, 836, 772, -589, -850, 288, 743, -27, -497, -119, 227, 144, -34, -89, -25, 28, -46, -26, 209, 120, -377, -302, 481, 523, -486, -693, 395, 763, -225, -721, 34, 587, 117, -383, -205, 186, 244, -73, -244, 65, 235, -126, -245, 212, 284, -269, -336, 257, 392, -163, -425, 16, 413, 141, -351, -260, 263, 321, -166, -326, 77, 291, 7, -222, -84, 143, 148, -69, -189, 7, 214, 49, -220, -90, 198, 112, -128, -112, 25, 95, 82, -61, -172, 26, 246, -11, -301, 32, 346, -62, -385, 83, 429, -87, -465, 87, 482, -78, -465, 59, 413, -34, -323, 10, 214, 19, -108, -48, 37, 60, -5, -43, 7, 10, -25, 24, 45, -45, -56, 53, 60, -47, -53, 35, 53, -12, -78, -19, 130, 57, -169, -88, 175, 102, -155, -82, 128, 34, -88, 44, 26, -162, 75, 327, -218, -516, 394, 698, -578, -835, 740, 917, -821, -947, 777, 942, -600, -891, 326, 782, -3, -605, -315, 368, 593, -104, -791, -129, 874, 291, -829, -371, 697, 374, -542, -307, 430, 207, -382, -111, 384, 57, -375, -62, 316, 138, -206, -252, 73, 348, 65, -376, -188, 339, 274, -263, -293, 186, 240, -123, -130, 95, 9, -110, 89, 175, -140, -259, 145, 326, -111, -343, 58, 313, -9, -244, -15, 156, 20
1791219849.297, MrmFullScanInfo, 488, 107, 2458685, 0, 0, 0, 0, 10000, 39297, 32, 4, 2, 1, 480, 0, 0, 0, 0, 0, 0, -108, 35, 184, 49, -187, -314, 208, 559, -181, -553, -87, 380, 483, -265, -614, 188, 341, -11, 55, -191, -276, 282, 261, -197, -69, 8, -71, 146, 49, -164, -8, 89, 126, -42, -376, 72, 645, -157, -799, 213, 692, -139, -388, 14, 118, -21, 56, 157, -219, -203, 375, 87, -389, 33, 238, -25, -31, -61, -100, 107, 110, -83, -52, 46, 19, -24, -33, 13, 46, 4, -14, 1, -45, -37, 94, 79, -106, -96, 100, 74, -100, -9, 115, -70, -116, 123, 97, -132, -61, 117, 26, -77, -2, 20, -5, 34, 20, -57, -46, 56, 65, -44, -50, 27, 7, 2, 37, -24, -55, 28, 51, -12, -24, -12, -12, 39, 43, -51, -49, 42, 44, -13, -40, -11, 28, 32, 1, -44, -40, 57, 73, -65, -75, 65, 53, -45, -25, 16, 14, 8, -9, -21, 5, 27, 7, -36, -30, 52, 55, -51, -55, 23, 31, 13, -2, -33, -5, 36, 2, -17, -9, -6, 32, 18, -52, -11, 57, 0, -44, 3, 23, 6, -9, -22, 16, 36, -31, -36, 32, 36, -9, -49, -10, 77, 8, -88, 12, 71, -23, -45, 27, 38, -37, -35, 45, 24, -27, -7, -3, 2, 27, -7, -34, 23, 31, -40, -16, 42, 4, -19, -5, 0, 21, -13, -27, 55, 25, -92, -30, 119, 63, -144, -116, 180, 188, -221, -275, 261, 372, -282, -445, 286, 473, -273, -462, 264, 444, -298, -432, 422, 431, -630, -438, 871, 461, -1040, -513, 1059, 615, -894, -745, 595, 836, -233, -810, -116, 639, 393, -355, -543, 59, 555, 135, -468, -154, 372, 7, -333, 241, 371, -476, -454, 578, 538, -477, -572, 207, 530, 117, -405, -368, 219, 494, -6, -499, -165, 416, 253, -285, -263, 194, 242, -198, -217, 278, 218, -360, -264, 407, 343, -389, -419, 295, 471, -138, -469, -31, 407, 181, -306, -289, 216, 362, -160, -416, 129, 467, -80, -504, -11, 521, 137, -495, -259, 407, 352, -250, -388, 66, 349, 101, -240, -210, 109, 234, 0, -170, -64, 66, 89, 13, -69, -37, 18, 38, 32, -47, -37, 71, -4, -87, 63, 102, -97, -118, 86, 136, -24, -147, -61, 149, 134, -129, -163, 85, 151, -31, -107, -3, 54, 8, -12, 17, 1, -46, -20, 59, 61, -42, -95, -1, 97, 61, -71, -112, 55, 138, -54, -135, 51, 119, -32, -87, 11, 55, 2, -48, 7, 77, -38, -102, 67, 90, -63, -34, 35, -34, 9, 91, -55, -103, 88, 84, -77, -48, 24, 18, 40, 8, -65, -40, 33, 91, 27, -143, -74, 166, 103, -149, -117, 116, 115, -75, -98, 46, 80, -46, -42, 81, -10, -114, 49, 125, -43, -116, 8, 93, 34, -46, -62, -19, 77, 82, -75, -104, 63, 79, -33, -29, 2, -3, 11, 7, 7, 7, -41, -24, 68, 52, -71, -84, 59, 109, -31
1791219849.297, MrmDetectionListInfo, 488, 114, 230, 123, 231, 147, 232, 174, 233, 204, 234, 236, 235, 270, 236, 302, 237, 331, 238, 354, 239, 370, 240, 377, 241, 377, 242, 371, 243, 364, 244, 359, 245, 361, 246, 374, 247, 401, 248, 440, 249, 491, 250, 551, 251, 615, 252, 677, 253, 731, 254, 773, 255, 800, 256, 809, 257, 801, 258, 777, 259, 735, 260, 675, 261, 601, 262, 521, 263, 456, 264, 421, 265, 420, 266, 432, 267, 420, 268, 372, 269, 314, 270, 289, 271, 302, 272, 314, 273, 288, 274, 229, 275, 185, 276, 206, 277, 293, 278, 399, 279, 478, 280, 518, 281, 536, 282, 535, 283, 508, 284, 449, 285, 374, 286, 313, 287, 290, 288, 305, 289, 333, 290, 338, 291, 306, 292, 267, 293, 263, 294, 296, 295, 325, 296, 315, 297, 273, 298, 232, 299, 213, 300, 212, 301, 220, 302, 231, 303, 250, 304, 277, 305, 307, 306, 337, 307, 361, 308, 378, 309, 386, 310, 383, 311, 365, 312, 335, 313, 298, 314, 262, 315, 240, 316, 242, 317, 262, 318, 281, 319, 283, 320, 274, 321, 269, 322, 273, 323, 282, 324, 288, 325, 287, 326, 281, 327, 274, 328, 273, 329, 290, 330, 323, 331, 355, 332, 367, 333, 357, 334, 332, 335, 300, 336, 260, 337, 220, 338, 194, 339, 189, 340, 194, 341, 190, 342, 168, 436, 134
1791219849.422, MrmFullScanInfo, 489, 107, 2458810, 0, 0, 0, 0, 10000, 39297, 32, 1, 2, 1, 480, -20988, 32146, 25336, -31875, -29749, 29369, 32233, -21178, -32512, -623, 32481, 27997, -29176, -32118, 11658, 32494, 8964, -32498, -21296, 32236, 22230, -27356, -17090, 6240, 15432, 11242, -354, -14607, -10093, 27372, 7003, -28483, 185, 32182, -9935, -31576, 10511, 32114, -9266, -32241, 3657, 32043, 4028, -28195, -16576, 19585, 25104, -4047, -27528, -11552, 23656, 22875, -15030, -29525, 4217, 27941, 5862, -23426, -11336, 16971, 13954, -8909, -10518, 1949, 5061, 1984, 520, -3570, -5599, 2635, 7558, -591, -6339, -1672, 2839, 2841, 2295, -1329, -7200, -1936, 9462, 6109, -9562, -9585, 6998, 11196, -3054, -10155, -1702, 6746, 5335, -2432, -6769, -2274, 5854, 5495, -3105, -6909, 101, 5654, 1931, -3151, -2077, 641, 668, 1099, 1362, -1247, -2847, 364, 3358, 976, -2646, -1838, 1031, 2014, 647, -1355, -1717, 13, 2159, 1343, -1619, -1932, 668, 2024, 520, -1409, -951, 438, 839, 362, -216, -569, -391, 313, 509, -141, -271, -317, -285, 252, 746, 7, -877, -417, 764, 645, -355, -633, -152, 459, 465, -73, -617, -411, 444, 678, -189, -608, -40, 368, -8, -196, 255, -22, -396, -231, 535, 487, -392, -693, -43, 807, 467, -827, -691, 566, 948, -53, -1011, -199, 822, 463, -461, -482, 149, 381, 93, -170, -225, 95, 187, -55, 80, 113, -144, -302, 160, 433, -37, -493, -68, 564, 358, -483, -282, 327, 361, -105, -364, 5, 142, 11, -144, -145, 101, 149, -27, -217, -7, 124, -62, -231, 60, 235, -101, -246, 118, 252, -268, -344, 223, 411, -352, -491, 218, 632, -140, -477, -237, 200, 646, 211, -1111, -813, 1646, 1319, -1858, -1801, 1909, 1833, -1576, -1861, 994, 1482, -497, -925, -24, 349, 253, 32, -324, -275, 425, 334, -360, -219, 434, 80, -666, 202, 785, -129, -1010, 104, 1174, 180, -989, -371, 690, 461, -316, -348, -142, 296, 426, 39, -473, -149, 509, 239, -329, -201, 239, 128, -251, 116, 235, -242, -381, 254, 413, -141, -543, -76, 424, 218, -342, -287, 209, 375, 98, -279, -225, 263, 309, -169, -305, 105, 388, 63, -334, -92, 343, 45, -228, -77, 261, 32, -171, -57, 61, 154, 12, -120, -167, 137, 97, -175, -129, 132, 165, -126, -21, 276, 22, -330, -44, 530, -36, -449, -6, 510, -44, -417, 25, 399, 25, -348, -55, 263, 59, -259, 5, 121, 74, -130, -24, 92, 111, -143, -117, 41, 36, -33, -57, 63, 20, 6, -70, 48, 9, -177, -154, 257, 291, -221, -316, 177, 342, -150, -276, 88, 184, -25, -89, 1, -68, 21, 325, -100, -612, 80, 747, -234, -847, 281, 1091, -404, -1095, 401, 1063, -276, -895, 63, 707, 204, -474, -318, 37, 576, 294, -529, -574, 466, 650, -315, -690, 88, 476, -78, -337, 114, 193, -183, -176, 357, 176, -391, -231, 323, 328, -103, -296, -139, 320, 349, -135, -443, -44, 391, 127, -332, -99, 165, 42, 14, -16, 31, -86, 31, 230, -95, -245, -19, 252, 157, -116, -36, 132, -11, -19, 71, 71, -15, -9, 104, -23, -126
1791219849.422, MrmFullScanInfo, 489, 107, 2458810, 0, 0, 0, 0, 10000, 39297, 32, 2, 2, 1, 480, 0, 0, 0, 0, 0, 0, 10320, -14622, -19366, 30006, 22813, -31819, -24564, 17859, 27951, 3120, -30080, -20833, 25288, 31450, -12815, -36711, -1336, 37343, 10747, -31198, -13670, 17697, 11847, -229, -7769, -16095, 4385, 27612, -4718, -32802, 9203, 32361, -15063, -29138, 18739, 26399, -18293, -25866, 13669, 26830, -5559, -26816, -4802, 23141, 15370, -14601, -23497, 2344, 26921, 10604, -24640, -20914, 17466, 26448, -7777, -26744, -1343, 22636, 7336, -15622, -9092, 7597, 7084, -516, -2854, -4141, -1705, 5795, 4929, -4768, -5758, 2155, 3968, 551, -135, -1978, -4531, 1404, 8566, 1001, -10732, -4287, 10385, 7154, -7588, -8501, 3142, 7832, 1617, -5326, -5249, 1700, 6795, 2008, -6125, -4704, 3933, 5650, -1371, -4761, -450, 2652, 947, -317, -214, -1299, -1124, 1723, 2286, -1070, -2665, -106, 2087, 1144, -814, -1531, -625, 1131, 1708, -189, -2080, -833, 1699, 1518, -840, -1629, -43, 1193, 572, -473, -615, -177, 323, 511, 11, -464, -135, 172, -14, 132, 335, -243, -638, 119, 759, 143, -622, -381, 278, 462, 135, -327, -458, 32, 596, 281, -538, -466, 382, 459, -248, -305, 222, 140, -297, -89, 395, 202, -403, -434, 257, 691, 17, -843, -344, 800, 650, -564, -854, 234, 886, 79, -725, -291, 438, 372, -127, -340, -91, 256, 152, -173, -63, 139, -82, -177, 192, 280, -203, -409, 120, 516, 11, -543, -138, 467, 230, -316, -266, 153, 249, -12, -197, -89, 143, 153, -100, -180, 81, 187, -87, -188, 117, 192, -162, -197, 222, 212, -289, -241, 356, 296, -396, -365, 377, 416, -240, -395, -56, 270, 528, -33, -1120, -282, 1722, 621, -2179, -913, 2352, 1111, -2169, -1180, 1681, 1101, -1022, -871, 364, 550, 155, -219, -466, -30, 589, 150, -594, -118, 576, -32, -596, 230, 684, -373, -817, 393, 936, -275, -951, 72, 809, 140, -511, -285, 132, 325, 223, -257, -462, 130, 549, -2, -502, -63, 391, 36, -281, 77, 219, -215, -220, 300, 282, -279, -365, 165, 423, -1, -408, -153, 304, 272, -128, -338, -57, 350, 203, -306, -291, 220, 341, -119, -358, 46, 345, -11, -302, 6, 241, 0, -168, -28, 88, 82, -11, -140, -45, 185, 76, -201, -79, 202, 61, -208, -18, 251, -40, -325, 104, 405, -158, -451, 192, 453, -191, -420, 161, 375, -109, -329, 62, 286, -31, -232, 17, 176, 0, -131, -25, 114, 49, -107, -57, 97, 50, -73, -36, 50, 30, -42, -31, 76, 49, -149, -87, 237, 145, -294, -200, 304, 232, -263, -221, 189, 169, -98, -72, 7, -74, 90, 272, -201, -478, 330, 656, -464, -786, 593, 869, -684, -895, 698, 861, -590, -778, 370, 656, -80, -479, -217, 243, 475, 27, -637, -275, 670, 453, -579, -523, 422, 488, -271, -372, 194, 234, -206, -118, 281, 60, -347, -69, 339, 140, -226, -232, 37, 296, 168, -283, -326, 201, 400, -94, -368, 13, 254, 26, -112, -14, -6, -43, 87, 127, -116, -194, 93, 221, -40, -200, 7, 145, -7, -77, 29, 20, -53
1791219849.422, MrmFullScanInfo, 489, 107, 2458810, 0, 0, 0, 0, 10000, 39297, 32, 4, 2, 1, 480, 0, 0, 0, 0, 0, 0, 147, -215, -196, 553, 39, -792, 219, 747, -315, -437, 199, 105, -91, 103, 156, -224, -223, 258, 79, -178, 206, 45, -363, 31, 197, 27, 102, -163, -267, 230, 307, -193, -484, 173, 882, -265, -1269, 424, 1372, -470, -1064, 240, 565, 194, -173, -527, 12, 511, 109, -218, -382, -54, 720, 142, -835, -119, 596, 112, -184, -92, -128, -14, 213, 192, -112, -330, -45, 352, 170, -248, -219, 65, 198, 139, -115, -295, -1, 347, 106, -264, -164, 83, 182, 98, -151, -177, 61, 160, 73, -115, -161, 68, 143, 9, -34, -96, -93, 131, 187, -84, -209, 0, 157, 84, -61, -145, -18, 163, 53, -114, -56, 24, 53, 59, -38, -94, 2, 81, 56, -39, -117, -2, 148, 30, -110, -44, 25, 49, 46, -40, -62, 15, 47, 27, -32, -70, 32, 100, -37, -104, 41, 87, -34, -50, 20, 8, -4, 24, 0, -27, -7, 12, 22, 0, -23, 2, 11, -11, 8, 15, -12, -15, -5, 33, 34, -62, -45, 82, 38, -69, -26, 44, 19, -24, -9, 16, 1, -14, 15, 18, -35, -20, 54, 24, -62, -25, 66, 17, -56, 14, 26, -55, 21, 81, -53, -73, 58, 44, -30, -17, -7, 19, 25, -32, -13, 32, 2, -17, -7, 9, 28, -9, -45, 15, 48, -19, -30, 26, 17, -33, -28, 41, 69, -42, -135, 37, 227, -16, -334, -21, 437, 88, -494, -173, 476, 243, -346, -221, 83, 40, 328, 307, -855, -751, 1405, 1160, -1817, -1402, 1929, 1417, -1663, -1212, 1093, 836, -394, -354, -225, -118, 625, 471, -767, -610, 716, 519, -583, -249, 473, -90, -429, 379, 461, -497, -533, 401, 583, -136, -516, -179, 283, 443, 80, -571, -469, 531, 773, -349, -903, 113, 832, 93, -619, -204, 388, 189, -232, -67, 192, -74, -253, 151, 374, -111, -477, -32, 505, 223, -415, -385, 222, 478, 20, -490, -225, 432, 343, -315, -364, 169, 324, -34, -251, -45, 175, 65, -108, -53, 62, 52, -32, -74, 9, 104, 16, -116, -41, 101, 62, -54, -72, -6, 75, 64, -63, -88, 37, 78, 4, -45, -44, 19, 72, -9, -73, 10, 54, -4, -17, -16, -10, 50, 12, -75, 12, 80, -26, -73, 8, 71, 35, -68, -77, 54, 103, -22, -110, -14, 104, 35, -84, -15, 58, -31, -35, 79, 32, -105, -43, 111, 64, -91, -83, 51, 99, -8, -97, -14, 70, 15, -22, 2, -5, -36, -5, 90, 40, -137, -70, 146, 98, -107, -130, 49, 153, 12, -149, -69, 135, 118, -121, -147, 112, 170, -102, -195, 94, 224, -74, -238, 44, 228, -8, -191, -11, 136, 19, -68, -21, 7, 31, 22, -49, -1, 75, -53, -102, 108, 133, -127, -159, 105, 165, -48, -142, -11, 109, 42, -76, -28, 54, -1, -46, 31, 66, -53, -99, 59, 132, -28, -144, -23, 130, 67, -90, -88
1791219849.422, MrmDetectionListInfo, 489, 98, 236, 158, 237, 184, 238, 216, 239, 253, 240, 290, 241, 321, 242, 339, 243, 341, 244, 322, 245, 275, 246, 200, 247, 127, 248, 123, 249, 247, 250, 489, 251, 776, 252, 1041, 253, 1262, 254, 1446, 255, 1592, 256, 1677, 257, 1680, 258, 1599, 259, 1446, 260, 1236, 261, 983, 262, 705, 263, 442, 264, 254, 265, 195, 266, 275, 267, 451, 268, 627, 269, 716, 270, 702, 271, 629, 272, 545, 273, 461, 274, 374, 275, 299, 276, 271, 277, 314, 278, 406, 279, 488, 280, 519, 281, 501, 282, 460, 283, 408, 284, 351, 285, 305, 286, 284, 287, 289, 288, 308, 289, 343, 290, 414, 291, 516, 292, 606, 293, 636, 294, 605, 295, 543, 296, 483, 297, 437, 298, 401, 299, 369, 300, 334, 301, 287, 302, 229, 303, 170, 304, 128, 306, 146, 307, 193, 308, 240, 309, 269, 310, 278, 311, 275, 312, 279, 313, 304, 314, 343, 315, 369, 316, 362, 317, 325, 318, 284, 319, 265, 320, 287, 321, 337, 322, 376, 323, 372, 324, 333, 325, 284, 326, 239, 327, 198, 328, 158, 329, 129, 330, 116, 435, 153, 436, 147, 455, 133, 457, 137
1791219849.547, MrmFullScanInfo, 490, 107, 2458935, 0, 0, 0, 0, 10000, 39297, 32, 1, 2, 1, 480, -20947, 31860, 25118, -31326, -29220, 29069, 32308, -21139, -32512, -2500, 32384, 27826, -29917, -32072, 11927, 32471, 8811, -32478, -20489, 32010, 21920, -26973, -17596, 5750, 16012, 10707, -205, -15062, -10194, 27369, 7341, -28773, -898, 32115, -8811, -32082, 9946, 32306, -8482, -32324, 3083, 32223, 5892, -27979, -14953, 19254, 24353, -3821, -27517, -11930, 23065, 23143, -15157, -28827, 3833, 27779, 5876, -23437, -12244, 16248, 13149, -9160, -9950, 2092, 4894, 1415, 266, -2716, -4901, 2528, 7271, -443, -6187, -1781, 2644, 2497, 2076, -1369, -7041, -2059, 9287, 6144, -9098, -9217, 6827, 10814, -2970, -10055, -1477, 6898, 5330, -2316, -6458, -1958, 5698, 5266, -3212, -6735, 110, 5432, 1667, -3148, -2022, 795, 721, 956, 1380, -1286, -2870, 74, 3245, 977, -2574, -1790, 1008, 1919, 719, -1198, -1723, -52, 2048, 1251, -1680, -1922, 485, 1903, 413, -1286, -926, 414, 807, 348, -205, -509, -324, 363, 503, 35, -211, -307, -394, 406, 796, -42, -927, -473, 699, 747, -348, -739, -238, 491, 580, -44, -656, -506, 487, 655, -176, -566, -40, 390, -6, -179, 197, 16, -405, -195, 502, 415, -475, -661, 91, 832, 597, -770, -670, 540, 961, -69, -968, -260, 866, 415, -463, -553, 103, 445, 76, -220, -147, 22, 158, -64, 45, 122, -117, -197, 184, 395, -52, -424, -99, 513, 261, -392, -344, 299, 381, -142, -259, 84, 245, 55, -86, -5, 13, -94, 34, 54, 45, -265, -73, 396, 85, -633, 95, 854, -261, -747, 577, 555, -684, -448, 695, 350, -620, -199, 353, 421, -3, -525, -239, 589, 416, -586, -555, 313, 775, -79, -655, -194, 674, 446, -546, -539, 376, 369, -233, -250, 293, 135, -183, -229, 221, 111, -251, -272, 14, 327, 208, -216, -242, 50, 369, 114, -344, -383, 163, 540, -14, -604, -129, 587, 276, -481, -241, 209, 268, -135, -206, 163, 88, -172, -41, 222, 139, -306, -22, 251, 289, -178, -233, 50, 411, 61, -317, -99, 183, 184, -109, -162, 77, 92, -134, -16, 82, -43, -166, 70, 120, 19, -188, 31, 179, -63, -102, 12, 109, -156, -165, 57, 69, -130, -38, 7, 52, 171, -79, -106, -96, 153, 85, -337, -27, 438, 42, -386, -144, 362, 59, -472, -17, 340, -11, -235, 13, 288, -61, -280, -25, 211, 23, -189, -57, 113, 94, -108, -10, 140, 68, -75, 16, 108, -20, -97, -23, 130, -127, -189, 33, 229, -26, -240, -141, 373, 63, -374, -291, 317, 227, -295, -326, 250, 266, -199, -207, 122, -67, -6, 263, -83, -574, 178, 719, -273, -916, 483, 1147, -470, -1203, 406, 1248, -183, -991, -12, 764, 377, -434, -634, 46, 783, 254, -803, -470, 712, 671, -556, -676, 459, 517, -360, -407, 391, 307, -232, -209, 264, 342, -405, -434, 252, 530, -122, -411, -124, 482, 318, -218, -371, 140, 557, -60, -479, -108, 253, 85, -138, 106, 88, -171, -25, 218, 99, -309, -228, 359, 216, -158, -135, 118, 92, 4, -77, -3, 0, 61, 36, -10, -130
1791219849.547, MrmFullScanInfo, 490, 107, 2458935, 0, 0, 0, 0, 10000, 39297, 32, 2, 2, 1, 480, 0, 0, 0, 0, 0, 0, 10224, -14458, -19232, 29598, 22773, -31194, -24736, 17197, 28350, 3540, -30571, -20869, 25714, 31228, -13148, -36387, -1080, 36975, 10672, -30874, -13863, 17548, 12171, -259, -7970, -16052, 4299, 27721, -4297, -33119, 8498, 32870, -14241, -29742, 17983, 26955, -17592, -26287, 13001, 27089, -5133, -26840, -4766, 22840, 14957, -14041, -23048, 1793, 26626, 10869, -24452, -20829, 17227, 26166, -7440, -26467, -1606, 22449, 7315, -15538, -8786, 7675, 6742, -826, -2712, -3628, -1604, 5237, 4692, -4359, -5525, 1993, 3822, 485, -107, -1785, -4435, 1214, 8356, 1083, -10436, -4218, 10080, 6989, -7379, -8340, 3103, 7739, 1486, -5320, -5021, 1779, 6570, 1851, -5990, -4501, 3918, 5456, -1443, -4647, -350, 2652, 860, -411, -154, -1161, -1150, 1586, 2275, -978, -2619, -120, 2013, 1084, -734, -1438, -682, 1059, 1714, -168, -2033, -801, 1629, 1448, -785, -1544, -61, 1126, 564, -445, -601, -163, 320, 459, -2, -383, -104, 70, -54, 234, 370, -310, -655, 115, 761, 217, -611, -485, 250, 544, 186, -358, -525, 26, 656, 295, -571, -470, 380, 461, -223, -313, 191, 147, -275, -78, 398, 167, -428, -383, 283, 644, 14, -814, -359, 787, 666, -559, -863, 227, 890, 96, -727, -325, 447, 415, -154, -366, -52, 250, 127, -144, -67, 104, -59, -135, 166, 229, -185, -349, 111, 449, 20, -481, -149, 435, 235, -323, -257, 187, 222, -72, -146, 13, 60, -18, 6, 87, -35, -217, 61, 400, -136, -579, 296, 672, -514, -612, 713, 431, -813, -222, 784, 86, -636, -85, 414, 229, -174, -447, -31, 627, 202, -675, -363, 574, 522, -356, -651, 93, 719, 142, -699, -280, 599, 299, -453, -235, 319, 157, -234, -107, 202, 108, -172, -154, 103, 217, 17, -237, -156, 176, 278, -25, -342, -183, 330, 398, -246, -556, 125, 613, 1, -551, -105, 416, 169, -277, -172, 195, 123, -176, -53, 204, 8, -242, -14, 259, 82, -233, -190, 176, 287, -97, -321, 12, 285, 67, -214, -109, 155, 94, -119, -29, 103, -41, -98, 84, 111, -94, -130, 92, 139, -92, -126, 101, 106, -114, -78, 121, 50, -91, -32, 24, 38, 59, -44, -134, 36, 215, -28, -305, 42, 379, -58, -414, 67, 422, -75, -399, 92, 348, -105, -284, 107, 241, -96, -218, 75, 203, -41, -181, 7, 158, 17, -136, -20, 121, 6, -105, 16, 94, -39, -94, 65, 113, -91, -144, 101, 192, -78, -257, 34, 332, 20, -386, -77, 404, 136, -385, -174, 341, 172, -267, -99, 156, -44, 0, 239, -183, -440, 377, 623, -561, -772, 716, 892, -796, -968, 762, 980, -593, -912, 300, 770, 71, -569, -442, 334, 734, -84, -889, -151, 909, 341, -826, -437, 696, 429, -557, -341, 433, 241, -347, -187, 324, 206, -346, -270, 350, 346, -269, -401, 106, 420, 101, -390, -294, 321, 422, -225, -442, 128, 360, -65, -220, 67, 84, -119, 0, 203, -10, -285, -24, 326, 63, -290, -81, 194, 83, -80, -69, -5, 38
1791219849.547, MrmFullScanInfo, 490, 107, 2458935, 0, 0, 0, 0, 10000, 39297, 32, 4, 2, 1, 480, 0, 0, 0, 0, 0, 0, -31, 77, 47, -194, -15, 330, -95, -397, 283, 277, -401, -15, 355, -165, -231, 224, 150, -265, -53, 266, -88, -148, 166, -7, -127, 60, -26, 26, 297, -207, -569, 423, 612, -528, -375, 441, 154, -237, -74, 58, -35, 78, 281, -219, -486, 344, 449, -348, -238, 183, 16, 62, 68, -226, -9, 228, -20, -135, -90, 40, 248, 76, -251, -231, 92, 379, 88, -415, -173, 308, 148, -134, -63, -8, -23, 69, 101, -43, -171, -31, 235, 108, -238, -125, 155, 85, -21, -21, -95, -47, 160, 112, -166, -153, 120, 162, -50, -136, 4, 76, 13, 3, -20, -60, 33, 78, -33, -67, 11, 43, 22, -2, -50, -35, 64, 51, -56, -34, 30, 1, -2, 33, -6, -56, 7, 64, -6, -43, 12, 8, -15, 25, 20, -44, -29, 55, 45, -61, -55, 59, 51, -28, -30, -26, 10, 80, 9, -97, -29, 74, 51, -28, -58, -5, 50, 16, -26, -10, 2, 8, 19, -12, -34, 19, 38, -14, -18, -1, -7, 22, 15, -29, 4, 22, -20, -8, 18, 2, -3, 0, -9, 10, 21, -27, -16, 37, -1, -22, 18, 2, -16, 2, 7, 1, -1, 9, -1, -31, 6, 52, -13, -58, 21, 47, -18, -16, 8, -14, 6, 37, -13, -62, 30, 110, -61, -182, 94, 283, -108, -425, 136, 614, -220, -800, 396, 898, -632, -847, 851, 682, -971, -501, 960, 401, -801, -422, 494, 558, -60, -729, -453, 824, 1009, -747, -1553, 478, 2008, -64, -2267, -402, 2263, 812, -1985, -1048, 1500, 1058, -931, -884, 418, 633, -57, -395, -132, 239, 224, -201, -313, 271, 457, -363, -655, 388, 874, -284, -1037, 54, 1079, 247, -958, -520, 694, 679, -346, -681, 8, 557, 245, -387, -365, 261, 358, -219, -267, 268, 175, -371, -136, 471, 188, -499, -316, 436, 463, -296, -552, 119, 544, 57, -451, -183, 317, 230, -179, -199, 66, 131, 16, -60, -68, 11, 98, 19, -111, -37, 117, 51, -105, -69, 81, 100, -45, -119, -1, 113, 56, -85, -89, 47, 86, 10, -61, -71, 38, 96, -6, -61, -31, 0, 61, 62, -64, -115, 50, 148, -23, -141, -3, 105, 18, -56, -13, 10, 2, 26, 3, -44, 6, 42, -25, -27, 39, 19, -45, -29, 58, 59, -81, -90, 100, 114, -103, -123, 105, 130, -107, -136, 101, 146, -66, -159, 10, 172, 45, -170, -68, 142, 61, -83, -44, 20, 40, 29, -39, -56, 32, 65, -3, -51, -37, 23, 72, 12, -76, -59, 57, 122, -36, -178, 42, 202, -64, -184, 77, 158, -65, -151, 46, 173, -32, -186, 21, 155, 7, -80, -63, 12, 139, 5, -191, 22, 192, -48, -144, 52, 88, -26, -57, -18, 58, 66, -62, -96, 52, 103, -40, -92, 45, 79, -51, -85, 56, 117, -63, -138, 65, 130, -36, -103, -11, 86, 53, -75, -67, 59
1791219849.547, MrmDetectionListInfo, 490, 99, 224, 141, 225, 172, 226, 206, 227, 244, 228, 289, 229, 346, 230, 414, 231, 492, 232, 574, 233, 654, 234, 724, 235, 776, 236, 806, 237, 813, 238, 799, 239, 770, 240, 729, 241, 683, 242, 632, 243, 580, 244, 524, 245, 465, 246, 409, 247, 391, 248, 465, 249, 632, 250, 825, 251, 973, 252, 1056, 253, 1103, 254, 1134, 255, 1149, 256, 1165, 257, 1225, 258, 1342, 259, 1459, 260, 1508, 261, 1468, 262, 1367, 263, 1236, 264, 1084, 265, 908, 266, 717, 267, 532, 268, 374, 269, 260, 270, 204, 271, 198, 272, 215, 273, 231, 274, 247, 275, 280, 276, 337, 277, 409, 278, 480, 279, 541, 280, 588, 281, 617, 282, 623, 283, 605, 284, 582, 285, 588, 286, 630, 287, 677, 288, 687, 289, 649, 290, 576, 291, 489, 292, 398, 293, 325, 294, 302, 295, 329, 296, 363, 297, 358, 298, 317, 299, 275, 300, 254, 301, 249, 302, 248, 303, 250, 304, 262, 305, 287, 306, 320, 307, 353, 308, 381, 309, 402, 310, 415, 311, 416, 312, 401, 313, 371, 314, 332, 315, 297, 316, 276, 317, 272, 318, 275, 319, 265, 320, 234, 321, 188, 396, 115
1791219849.672, MrmFullScanInfo, 491, 107, 2459060, 0, 0, 0, 0, 10000, 39297, 32, 1, 2, 1, 480, -20715, 31793, 25008, -31369, -29639, 29331, 32328, -21173, -32512, -3102, 32497, 28303, -29237, -32420, 10907, 32512, 7480, -32512, -20472, 32153, 22184, -27589, -18289, 6407, 14969, 11172, -38, -14867, -10131, 27233, 7672, -28242, 784, 32053, -8737, -31914, 9963, 31885, -7437, -32080, 2583, 32162, 5830, -28224, -15575, 19583, 24895, -3493, -27671, -11435, 23286, 22669, -14334, -29171, 3335, 27974, 6312, -23087, -11558, 16656, 13153, -8927, -10462, 2290, 4994, 1754, 450, -2701, -5087, 2175, 7186, -748, -6256, -1823, 2416, 2494, 2219, -1252, -6916, -2189, 9113, 6461, -9324, -9164, 6859, 10837, -2996, -9872, -1642, 6784, 5301, -2323, -6486, -1980, 5754, 5375, -3157, -6747, 245, 5603, 1849, -3354, -1955, 709, 639, 915, 1295, -1180, -2843, 301, 3379, 1031, -2663, -1825, 1030, 1892, 665, -1315, -1620, -76, 2144, 1294, -1651, -1881, 544, 1790, 517, -1322, -845, 304, 683, 405, -293, -533, -281, 280, 390, 2, -250, -361, -306, 421, 650, -59, -848, -539, 893, 775, -393, -800, -200, 570, 610, -31, -682, -439, 416, 657, -164, -645, -48, 323, -6, -153, 277, -21, -470, -213, 521, 478, -353, -710, 127, 736, 475, -802, -725, 532, 897, -156, -1036, -265, 895, 491, -513, -569, 269, 510, -75, -245, -70, 73, 133, -40, 26, 128, -146, -186, 6, 415, -25, -508, -222, 519, 361, -412, -396, 213, 407, -6, -280, -324, -73, 535, 522, -848, -690, 1195, 892, -1323, -761, 1473, 400, -1309, -180, 1023, -221, -640, 298, 267, -497, 39, 456, -130, -286, 193, 40, -209, -2, 266, -54, -403, 167, 517, -238, -535, 369, 409, -281, -397, 286, 15, -311, 161, 332, -135, -308, 236, 202, -193, -91, 125, 25, -25, 286, 33, -444, -70, 521, 198, -474, -123, 529, 209, -466, -202, 337, 190, -187, -62, 90, -73, -104, 98, -45, -194, 159, 293, -55, -362, 68, 295, -6, -250, 13, 293, 144, -170, -184, 189, 172, -98, -219, 21, 286, 36, -224, -120, 138, 103, -142, -28, 157, 48, -121, 18, 162, 26, -156, 51, 234, -132, -274, 126, 300, -222, -306, 180, 259, -112, -119, 64, 207, 54, -87, -129, 9, 159, 36, -281, -245, 260, 101, -438, -149, 439, 198, -422, -79, 396, 36, -400, -139, 337, 153, -347, -32, 301, 39, -171, 1, 220, -21, -135, 4, 180, 8, -122, 24, 203, -41, -115, 36, 64, -130, -30, 114, 134, -120, -42, 77, 202, -15, -233, 77, 294, 204, -426, -293, 346, 432, -296, -441, 109, 279, -73, -66, -64, -79, -2, 334, -50, -577, 203, 831, -289, -987, 354, 1209, -562, -1276, 505, 1151, -452, -1151, 170, 795, 60, -678, -268, 292, 587, 75, -604, -500, 633, 512, -445, -475, 264, 480, -264, -305, 363, 197, -493, -122, 481, 176, -475, -277, 390, 359, -87, -371, -92, 297, 295, -190, -471, 3, 365, -18, -334, -155, 221, 183, -4, -20, -58, -255, 136, 201, -38, -327, 6, 319, 34, -253, -107, 108, 34, -114, 66, 154, -64, -5, 184, 20, -164
1791219849.672, MrmFullScanInfo, 491, 107, 2459060, 0, 0, 0, 0, 10000, 39297, 32, 2, 2, 1, 480, 0, 0, 0, 0, 0, 0, 10253, -14505, -19304, 29679, 22858, -31182, -24791, 16969, 28298, 3971, -30418, -21357, 25624, 31575, -13248, -36523, -923, 37078, 10605, -31120, -13774, 17849, 11938, -415, -7663, -16040, 4151, 27659, -4453, -32863, 8881, 32437, -14539, -29291, 17880, 26672, -17102, -26270, 12394, 27306, -4645, -27153, -5107, 23129, 15225, -14299, -23206, 2033, 26541, 10737, -24085, -20914, 16776, 26410, -7188, -26675, -1600, 22507, 7238, -15488, -8816, 7605, 6847, -794, -2767, -3625, -1643, 5230, 4762, -4378, -5531, 2027, 3742, 462, -8, -1737, -4491, 1098, 8392, 1235, -10498, -4315, 10147, 6975, -7386, -8247, 3033, 7642, 1587, -5263, -5097, 1751, 6609, 1886, -6008, -4572, 3932, 5565, -1469, -4758, -311, 2724, 828, -432, -146, -1178, -1151, 1628, 2296, -1025, -2666, -92, 2079, 1081, -804, -1450, -630, 1069, 1698, -182, -2045, -770, 1637, 1402, -785, -1490, -57, 1065, 559, -389, -620, -184, 365, 435, -41, -335, -112, 33, 14, 233, 278, -270, -611, 63, 799, 253, -698, -502, 326, 560, 150, -386, -513, 53, 645, 285, -556, -477, 375, 462, -237, -292, 224, 114, -308, -61, 412, 180, -430, -409, 293, 653, -9, -805, -337, 784, 656, -569, -872, 240, 929, 96, -809, -334, 572, 419, -294, -360, 58, 240, 69, -140, -65, 110, -15, -162, 91, 281, -99, -418, 30, 511, 91, -505, -211, 383, 280, -148, -242, -172, 89, 560, 127, -969, -303, 1334, 352, -1565, -238, 1593, 10, -1395, 239, 1019, -416, -564, 488, 144, -456, 157, 347, -300, -190, 311, 37, -267, 82, 252, -174, -296, 275, 359, -381, -378, 455, 323, -459, -188, 401, 10, -314, 158, 232, -264, -163, 294, 101, -252, -27, 160, -74, -47, 214, -42, -361, 85, 478, -76, -539, 38, 548, 8, -500, -44, 402, 54, -271, -24, 140, -32, -17, 101, -87, -165, 164, 223, -194, -262, 182, 278, -133, -271, 62, 259, 21, -241, -94, 215, 150, -170, -193, 111, 226, -45, -232, -6, 215, 34, -184, -27, 157, 2, -137, 27, 137, -60, -153, 107, 184, -167, -210, 230, 223, -268, -208, 264, 176, -204, -144, 111, 126, -6, -108, -90, 71, 180, -14, -267, -32, 355, 48, -426, -30, 464, -2, -459, 36, 427, -44, -388, 29, 363, -13, -336, 22, 293, -42, -232, 59, 177, -61, -142, 56, 133, -52, -137, 62, 136, -79, -108, 100, 67, -114, -33, 123, 29, -119, -59, 112, 124, -95, -208, 58, 303, 21, -389, -130, 436, 232, -411, -276, 315, 237, -169, -117, 22, -57, 110, 272, -239, -495, 389, 699, -554, -860, 719, 965, -845, -999, 880, 967, -778, -885, 551, 775, -237, -625, -99, 421, 410, -163, -640, -86, 739, 269, -692, -353, 563, 353, -448, -272, 409, 147, -427, -36, 459, 2, -458, -57, 397, 171, -260, -279, 68, 336, 138, -319, -300, 245, 380, -132, -361, 17, 269, 50, -127, -30, -23, -55, 137, 161, -179, -244, 155, 283, -92, -264, 34, 210, -9, -143, 35, 77, -87
1791219849.672, MrmFullScanInfo, 491, 107, 2459060, 0, 0, 0, 0, 10000, 39297, 32, 4, 2, 1, 480, 0, 0, 0, 0, 0, 0, 10, -4, -43, -28, 80, 197, -110, -441, 85, 580, -20, -507, 51, 280, -191, -36, 222, -16, -91, -125, 44, 233, -150, -153, 251, 28, -170, -37, -14, 158, 132, -253, -22, 230, -301, -90, 618, -102, -703, 266, 523, -292, -254, 188, 81, -84, 19, 64, -180, -39, 387, -59, -458, 146, 295, -108, -40, -1, -95, 69, 73, -37, -7, -72, -9, 175, -2, -193, -7, 119, 65, -24, -115, -32, 94, 92, -13, -151, -40, 155, 43, -60, -40, -66, 66, 133, -82, -111, 59, 43, -1, 13, -35, -26, 33, -1, -2, 47, -32, -75, 55, 73, -48, -50, 26, 23, -14, 4, 24, -22, -36, 26, 43, -19, -40, 15, 27, -7, -4, -10, -5, 44, -3, -69, 10, 82, 0, -80, -1, 61, -21, -10, 51, -43, -49, 75, 9, -67, 49, 29, -72, 23, 34, -59, 40, 68, -81, -58, 62, 48, -14, -38, -13, 25, 11, -2, 2, -10, -4, 4, -4, 17, 18, -27, -18, 15, 8, 7, -5, -11, 16, -5, -21, 19, 15, -7, -1, -8, -12, 10, 38, 7, -76, -22, 122, 22, -143, -4, 122, -8, -65, 9, 4, 1, 47, -17, -77, 37, 90, -47, -85, 38, 78, -3, -68, -59, 47, 169, 17, -343, -140, 608, 289, -939, -391, 1280, 384, -1538, -246, 1641, 2, -1549, 286, 1279, -551, -875, 744, 414, -818, 4, 757, -287, -572, 399, 336, -367, -123, 262, -20, -147, 98, 51, -122, 31, 107, -112, -61, 208, 20, -310, -13, 398, 55, -440, -120, 428, 180, -352, -206, 217, 177, -47, -80, -102, -67, 191, 229, -192, -361, 115, 434, 19, -418, -167, 315, 285, -153, -332, -6, 308, 130, -220, -203, 91, 233, 48, -216, -146, 159, 183, -75, -171, -15, 150, 95, -142, -138, 149, 146, -148, -137, 123, 138, -75, -150, 29, 165, 0, -160, -8, 128, 21, -80, -42, 47, 48, -36, -9, 37, -65, -38, 146, 43, -190, -41, 180, 36, -113, -37, 27, 58, 36, -73, -64, 53, 81, -3, -108, -32, 141, 48, -149, -52, 127, 51, -73, -43, 10, 57, 33, -91, -29, 115, 7, -96, -4, 51, 30, -5, -51, -28, 47, 52, -17, -69, -14, 87, 28, -99, -10, 105, -22, -101, 51, 90, -59, -68, 45, 57, -18, -62, 0, 66, 20, -39, -51, -14, 85, 71, -85, -96, 41, 80, 29, -40, -75, 8, 75, 14, -46, -35, 24, 59, -19, -77, 37, 77, -79, -54, 136, 26, -185, -15, 227, 37, -255, -78, 263, 111, -230, -110, 164, 100, -94, -100, 60, 103, -50, -87, 22, 75, 48, -88, -117, 123, 142, -144, -108, 132, 53, -92, -9, 56, -13, -39, 20, 38, -6, -41, -20, 57, 44, -81, -47, 94, 52, -75, -72, 40, 102, -15, -123, 11, 128, -10, -107, 4, 75, 19, -55, -47, 70, 59, -96
1791219849.672, MrmDetectionListInfo, 491, 80, 216, 115, 217, 157, 218, 227, 219, 329, 220, 449, 221, 570, 222, 681, 223, 780, 224, 862, 225, 917, 226, 938, 227, 920, 228, 872, 229, 822, 230, 807, 231, 832, 232, 853, 233, 826, 234, 751, 235, 658, 236, 568, 237, 482, 238, 417, 239, 406, 240, 445, 241, 475, 242, 441, 243, 353, 244, 259, 245, 191, 246, 145, 257, 147, 258, 166, 259, 193, 260, 222, 261, 249, 262, 269, 263, 284, 264, 290, 265, 286, 266, 268, 267, 237, 268, 192, 274, 177, 275, 227, 276, 257, 277, 266, 278, 259, 279, 244, 280, 235, 281, 242, 282, 263, 283, 276, 284, 264, 285, 229, 286, 191, 287, 168, 288, 171, 289, 190, 290, 200, 291, 186, 292, 156, 293, 135, 294, 135, 295, 152, 296, 167, 297, 167, 298, 149, 304, 138, 305, 148, 306, 149, 307, 145, 424, 160, 425, 173, 426, 181, 427, 179, 428, 169, 429, 150, 443, 135, 444, 141
1791219849.812, MrmFullScanInfo, 492, 107, 2459185, 0, 0, 0, 0, 10000, 39297, 32, 1, 2, 1, 480, -20424, 32107, 25089, -31327, -30000, 29187, 32359, -22033, -32512, -2547, 32512, 28265, -28869, -32433, 10765, 32307, 8219, -32483, -20085, 32112, 21863, -27081, -17186, 6740, 15255, 10484, -479, -14792, -10438, 27073, 8862, -29072, 568, 32140, -8752, -32052, 10871, 31951, -9068, -32225, 2781, 32015, 5417, -28295, -16186, 19092, 24705, -3839, -27683, -11624, 22657, 23097, -14853, -28972, 3889, 27687, 5863, -23387, -11757, 16432, 13388, -9182, -10319, 2144, 5029, 1658, 352, -2692, -5125, 2422, 7390, -518, -6135, -1696, 2511, 2431, 2149, -1013, -6805, -1974, 9130, 5959, -8993, -9279, 7020, 10807, -3048, -9823, -1712, 6795, 5064, -2467, -6587, -2262, 5824, 5405, -3296, -6687, 155, 5653, 1649, -3156, -2015, 839, 614, 938, 1218, -1216, -2730, 247, 3303, 1008, -2602, -1767, 1072, 2003, 673, -1230, -1739, 66, 1978, 1196, -1481, -1932, 682, 1858, 482, -1320, -999, 387, 760, 439, -292, -642, -355, 309, 523, 48, -237, -251, -308, 341, 790, -96, -903, -487, 843, 649, -357, -759, -206, 446, 442, 66, -657, -394, 567, 623, -155, -639, -90, 425, 40, -128, 154, 6, -487, -136, 458, 481, -373, -713, 18, 837, 498, -853, -672, 579, 924, -155, -1043, -179, 929, 529, -511, -498, 200, 474, 82, -268, 79, 180, -112, -42, 379, 84, -617, -181, 740, 451, -935, -422, 1148, 404, -1372, -120, 1420, -44, -1444, 246, 1155, -349, -781, 386, 331, -287, -6, 298, -291, -419, 233, 426, -194, -410, 64, 331, 142, -41, -181, -205, 210, 463, -134, -573, -33, 467, 1, -267, 45, 100, -187, -6, 410, 41, -521, -83, 659, 380, -517, -575, 230, 571, 72, -462, -319, 177, 385, 22, -313, -200, 307, 266, -119, -228, 151, 141, -131, -52, 135, 84, -353, -16, 394, 172, -416, -260, 508, 298, -412, -242, 292, 151, -274, -96, 209, 102, -150, -41, 183, -21, -213, 16, 255, 2, -270, -74, 205, 57, -164, -126, 97, 239, -52, -262, 49, 283, 55, -313, -223, 321, 208, -152, -176, 131, 167, -92, -134, 110, -18, 43, 53, -65, -42, 120, 150, 46, -220, -43, 90, 10, -81, -43, 14, -27, 81, -6, -132, -36, 71, -100, -34, 59, 77, -183, -50, 321, 53, -359, 44, 414, 5, -471, -9, 381, 35, -399, 20, 346, -1, -329, -31, 291, 37, -270, -125, 257, 53, -128, -95, 105, 153, -148, -143, 4, 172, 14, -42, -44, 18, -85, 55, 145, 18, -185, -188, 175, 228, -269, -316, 152, 375, -118, -301, 86, 176, 32, 26, -36, -245, 31, 419, -20, -684, 44, 662, -221, -906, 458, 1157, -509, -1026, 670, 1123, -478, -1089, 339, 816, -87, -495, -225, 167, 504, 274, -648, -516, 623, 653, -541, -733, 470, 528, -296, -390, 346, 228, -300, -73, 415, 17, -443, -118, 244, 229, -109, -171, -248, 266, 354, -84, -482, -24, 370, 72, -352, -223, 205, 116, -47, -70, -82, -204, 76, 237, -58, -292, 66, 328, 24, -136, 68, 84, -35, -35, 183, -35, -213, 9, 311, 10, -221
1791219849.812, MrmFullScanInfo, 492, 107, 2459185, 0, 0, 0, 0, 10000, 39297, 32, 2, 2, 1, 480, 0, 0, 0, 0, 0, 0, 10294, -14564, -19394, 29895, 22913, -31581, -24705, 17402, 28063, 3698, -30095, -21298, 25297, 31645, -13030, -36570, -893, 36976, 10302, -30908, -13391, 17732, 11678, -549, -7482, -15804, 3853, 27639, -4032, -33186, 8608, 32894, -14727, -29552, 18579, 26572, -18037, -25903, 13133, 26906, -4934, -26917, -5189, 23109, 15384, -14361, -23232, 2008, 26516, 10848, -24213, -20950, 17087, 26287, -7483, -26500, -1486, 22426, 7282, -15532, -8895, 7705, 6891, -859, -2770, -3628, -1666, 5284, 4794, -4441, -5562, 2093, 3774, 381, -43, -1694, -4429, 1156, 8271, 1102, -10347, -4199, 10041, 6917, -7376, -8230, 3098, 7633, 1506, -5229, -5072, 1696, 6669, 1926, -6110, -4561, 4019, 5511, -1513, -4699, -309, 2695, 858, -442, -200, -1144, -1079, 1589, 2225, -994, -2617, -108, 2055, 1090, -796, -1474, -606, 1111, 1630, -211, -1966, -779, 1600, 1439, -782, -1534, -67, 1100, 587, -397, -639, -213, 352, 490, -3, -403, -136, 99, -10, 198, 344, -292, -664, 136, 797, 163, -657, -416, 296, 478, 149, -317, -509, 23, 655, 276, -565, -462, 359, 473, -197, -325, 173, 144, -261, -71, 372, 180, -390, -428, 261, 704, 0, -869, -319, 837, 634, -605, -864, 266, 930, 69, -793, -310, 527, 418, -263, -387, 121, 258, -138, -95, 289, -18, -513, 41, 767, 0, -1019, -17, 1241, -63, -1382, 250, 1401, -470, -1269, 635, 998, -675, -631, 583, 249, -416, 72, 272, -280, -212, 363, 233, -328, -268, 208, 249, -37, -134, -133, -60, 258, 273, -300, -419, 271, 441, -208, -336, 170, 165, -197, 0, 300, -89, -442, 67, 557, 68, -571, -257, 452, 413, -220, -457, -43, 376, 260, -203, -374, 13, 385, 130, -326, -182, 245, 156, -187, -85, 190, 15, -252, 22, 352, -8, -448, -38, 508, 82, -499, -92, 428, 77, -323, -50, 232, 26, -175, 4, 163, -41, -181, 70, 212, -74, -229, 51, 223, 1, -193, -77, 160, 163, -132, -235, 98, 287, -38, -316, -35, 317, 97, -277, -128, 216, 126, -148, -85, 77, 28, 5, 23, -74, -60, 99, 100, -79, -132, 44, 137, -15, -98, 0, 30, 12, 47, -27, -93, 53, 94, -82, -60, 124, 21, -186, 23, 268, -73, -342, 123, 392, -150, -408, 149, 401, -132, -375, 114, 344, -95, -312, 71, 289, -37, -267, 8, 238, 20, -196, -51, 157, 89, -122, -115, 85, 117, -46, -85, 29, 33, -45, 11, 95, -7, -161, -46, 232, 131, -281, -208, 291, 254, -251, -240, 171, 155, -62, -8, -46, -179, 140, 379, -223, -553, 329, 693, -477, -791, 663, 847, -827, -855, 902, 834, -844, -779, 651, 673, -343, -497, -32, 270, 405, -21, -686, -205, 826, 374, -818, -449, 708, 426, -555, -319, 424, 172, -351, -28, 331, -52, -317, 45, 261, 41, -131, -158, -48, 247, 229, -263, -354, 200, 404, -86, -374, -20, 281, 72, -140, -40, -7, -48, 124, 156, -180, -230, 181, 245, -144, -194, 105, 107, -91, -15, 119, -55, -171
1791219849.812, MrmFullScanInfo, 492, 107, 2459185, 0, 0, 0, 0, 10000, 39297, 32, 4, 2, 1, 480, 0, 0, 0, 0, 0, 0, 43, -60, -104, 208, 85, -330, 47, 276, -215, -58, 335, -138, -320, 187, 145, -68, 119, -97, -336, 146, 399, -10, -320, -198, 284, 246, -365, -33, 400, -251, -189, 335, -224, -140, 582, -156, -668, 331, 430, -287, -50, 108, -213, 65, 225, -108, -43, 16, -88, 85, 37, -60, 106, -53, -160, 119, 91, -75, 11, -15, -60, 80, 52, -83, -10, 49, -28, -4, 37, -29, -9, 63, -14, -96, 7, 82, 50, -6, -127, -63, 156, 84, -108, -79, 28, 70, 33, -56, -52, 57, 17, -57, 52, 38, -95, 3, 91, -29, -60, 26, 27, 0, 9, -27, -44, 41, 69, -35, -63, 22, 35, -5, -5, 3, -11, -19, 39, 39, -73, -32, 79, 6, -40, 12, 8, -13, -9, 4, 26, 17, -25, -35, 5, 40, 21, -40, -23, 41, -1, -24, 32, -12, -36, 52, 13, -67, 7, 69, -1, -66, -9, 55, 2, -19, 12, -11, -5, 12, -17, 12, 38, -25, -40, 17, 36, -1, -33, 2, 36, -23, -24, 50, 0, -57, 25, 50, -23, -38, 4, 31, 17, -24, -16, 17, 6, 5, -27, -26, 112, 13, -233, 50, 355, -129, -477, 198, 643, -264, -883, 379, 1178, -556, -1444, 753, 1588, -877, -1531, 853, 1248, -642, -776, 270, 237, 170, 223, -537, -483, 718, 510, -676, -343, 468, 94, -207, 140, 22, -294, 16, 347, 74, -300, -202, 190, 265, -76, -191, 21, -15, -34, 284, 92, -489, -161, 525, 221, -359, -234, 54, 172, 267, -29, -477, -141, 509, 281, -382, -334, 181, 291, 8, -164, -118, -2, 135, 141, -78, -185, 0, 126, 47, 2, -28, -149, -43, 276, 132, -340, -204, 337, 250, -299, -266, 271, 259, -264, -227, 276, 187, -293, -154, 306, 148, -289, -168, 236, 211, -154, -261, 68, 306, 13, -327, -86, 328, 155, -315, -208, 292, 242, -255, -255, 220, 250, -191, -218, 157, 179, -106, -154, 66, 141, -70, -109, 110, 61, -144, -24, 142, 29, -100, -69, 36, 123, 33, -143, -90, 108, 139, -43, -173, -5, 181, 30, -148, -49, 90, 71, -30, -84, -10, 85, 33, -72, -45, 53, 58, -29, -73, 6, 93, 15, -103, -29, 93, 47, -59, -80, 28, 131, -14, -174, 7, 193, 9, -175, -26, 130, 38, -82, -43, 68, 56, -82, -72, 97, 98, -86, -121, 51, 137, 0, -138, -54, 130, 100, -107, -123, 65, 117, -4, -75, -49, 21, 70, 35, -42, -86, -12, 124, 76, -126, -139, 103, 194, -87, -213, 96, 182, -107, -108, 100, 28, -79, 43, 65, -96, -53, 119, 37, -90, -15, 29, -11, 30, 61, -69, -121, 96, 168, -115, -178, 128, 153, -124, -108, 99, 73, -52, -63, 9, 70, 12, -70, -13, 59, 14, -40, -17, 25, 33, -13, -57, 21, 86, -44, -103, 72, 109, -91, -109, 103, 116, -102, -125
1791219849.812, MrmDetectionListInfo, 492, 111, 199, 141, 200, 185, 201, 236, 202, 290, 203, 343, 204, 397, 205, 460, 206, 537, 207, 631, 208, 739, 209, 856, 210, 974, 211, 1081, 212, 1166, 213, 1219, 214, 1228, 215, 1189, 216, 1099, 217, 958, 218, 772, 219, 555, 220, 341, 221, 190, 222, 165, 223, 276, 224, 459, 225, 608, 226, 657, 227, 613, 228, 524, 229, 422, 230, 312, 231, 203, 235, 156, 236, 185, 237, 200, 238, 208, 239, 216, 240, 221, 241, 215, 242, 190, 243, 149, 248, 171, 249, 274, 250, 339, 251, 358, 252, 349, 253, 325, 254, 279, 255, 209, 258, 168, 259, 236, 260, 295, 261, 337, 262, 362, 263, 368, 264, 346, 265, 297, 266, 233, 267, 167, 282, 145, 283, 198, 284, 238, 285, 264, 286, 279, 287, 286, 288, 285, 289, 280, 290, 272, 291, 265, 292, 259, 293, 253, 294, 246, 295, 239, 296, 234, 297, 229, 298, 227, 299, 225, 300, 224, 301, 221, 302, 216, 303, 209, 304, 201, 305, 192, 306, 183, 307, 175, 308, 169, 309, 171, 310, 185, 311, 209, 312, 232, 313, 247, 314, 253, 315, 256, 316, 259, 317, 258, 318, 253, 319, 244, 320, 233, 321, 222, 322, 209, 323, 192, 324, 171, 325, 149, 326, 129, 446, 128, 447, 140, 448, 148, 449, 151, 450, 147, 479, 108
1791219849.922, MrmFullScanInfo, 493, 107, 2459310, 0, 0, 0, 0, 10000, 39297, 32, 1, 2, 1, 480, -20794, 31820, 24750, -31263, -29420, 28787, 32317, -20114, -32512, -3244, 32510, 28251, -29328, -32339, 11210, 32366, 8880, -32504, -21346, 31981, 21859, -27181, -17742, 5796, 15345, 11033, -276, -14950, -10386, 27442, 7443, -28866, 816, 31983, -7581, -31809, 10473, 31925, -8951, -32164, 2401, 32062, 6191, -28292, -16323, 19272, 24443, -4148, -27603, -11420, 23078, 22665, -15223, -28905, 3521, 27964, 6242, -23443, -12019, 16472, 13729, -8870, -10437, 2203, 4910, 1625, 375, -3221, -5045, 2488, 7291, -611, -6342, -1799, 2454, 2625, 2144, -1281, -7117, -1849, 9449, 6103, -9406, -9094, 6977, 10865, -2639, -10045, -1881, 6711, 5304, -2315, -6634, -2312, 5907, 5340, -3105, -6829, 133, 5433, 1755, -3274, -2079, 727, 637, 1018, 1290, -1188, -2701, 191, 3299, 1050, -2575, -1841, 910, 2093, 705, -1323, -1760, -83, 2204, 1232, -1557, -1850, 530, 1869, 508, -1310, -975, 389, 778, 517, -339, -504, -318, 410, 617, -34, -287, -268, -238, 427, 711, -57, -880, -408, 885, 712, -357, -665, -166, 458, 475, 28, -592, -434, 498, 578, -164, -548, 8, 404, 55, -117, 193, 34, -444, -171, 542, 442, -440, -694, 18, 837, 420, -845, -581, 611, 846, -75, -823, -126, 499, 343, -48, -386, -562, 178, 938, 117, -1268, -502, 1248, 736, -801, -1119, 324, 1502, 272, -1911, -561, 2074, 699, -2303, -636, 2324, 315, -2221, -34, 2042, 58, -1883, 110, 1538, -71, -1277, -182, 753, 395, -350, -637, -127, 834, 537, -731, -947, 531, 1167, -399, -1056, 82, 668, -15, -296, -2, -38, -144, 278, 400, -426, -456, 273, 506, -59, -480, 66, 274, 125, -135, -209, 3, 256, -4, -107, 54, -33, -121, -147, 137, 184, -112, -256, -20, 312, 183, -187, -176, 206, 310, -80, -318, -15, 303, 36, -280, -153, 228, -33, -204, 86, 169, -195, -186, 172, 200, -151, -243, 58, 232, -105, -159, -109, 264, 57, -142, -152, 181, 201, -196, -96, 169, 75, -187, -82, 122, 77, -126, -16, 62, -11, -125, -67, 89, -10, -171, 55, 147, 8, -122, 40, 54, -39, -136, -41, 118, 18, -92, -24, 63, -137, -2, 106, 180, -58, -12, 23, 35, 14, -65, -55, 4, 156, -5, -276, 51, 373, -23, -606, -32, 431, 26, -635, -75, 532, 111, -559, -27, 468, 151, -320, -93, 325, 170, -332, -211, 258, 230, -334, -49, 182, 62, -168, -127, 2, 64, -53, -66, 13, 16, 17, 64, 37, -14, -35, -41, 141, 108, -115, -387, 175, 345, -80, -362, 61, 355, 32, -79, -120, -16, 38, 328, -237, -501, 241, 806, -260, -997, 429, 1117, -471, -1259, 546, 1110, -398, -923, 150, 762, 139, -512, -522, 210, 709, 137, -775, -410, 647, 547, -574, -689, 396, 522, -295, -437, 336, 314, -223, -151, 348, 178, -243, -207, 181, 232, 43, -148, -255, 108, 248, 31, -436, -89, 374, 280, -356, -124, 191, 63, -79, 71, 27, -203, -4, 227, 52, -240, -33, 290, 166, -116, -59, 12, 24, -15, 109, -92, -92, 2, 114, 75, -128
1791219849.922, MrmFullScanInfo, 493, 107, 2459310, 0, 0, 0, 0, 10000, 39297, 32, 2, 2, 1, 480, 0, 0, 0, 0, 0, 0, 10193, -14338, -19236, 29242, 22903, -30607, -24974, 16529, 28524, 4111, -30502, -21271, 25364, 31480, -12642, -36556, -1560, 37122, 10943, -30970, -13841, 17516, 11957, -98, -7734, -16249, 4248, 27828, -4497, -33044, 8801, 32616, -14446, -29408, 18015, 26642, -17483, -26090, 12687, 27110, -4603, -27113, -5352, 23297, 15370, -14553, -23166, 2236, 26510, 10600, -24223, -20787, 17003, 26312, -7283, -26669, -1744, 22599, 7527, -15618, -9064, 7674, 6967, -711, -2812, -3853, -1603, 5486, 4729, -4531, -5547, 2047, 3807, 540, -55, -1905, -4520, 1362, 8482, 928, -10569, -4091, 10125, 6925, -7273, -8349, 2888, 7771, 1721, -5303, -5225, 1691, 6727, 1975, -6079, -4616, 3930, 5546, -1408, -4703, -395, 2670, 905, -401, -211, -1170, -1088, 1577, 2230, -941, -2601, -197, 2018, 1191, -745, -1542, -682, 1132, 1729, -214, -2042, -772, 1609, 1437, -742, -1541, -114, 1109, 624, -406, -661, -211, 351, 512, 21, -446, -182, 137, 49, 183, 281, -295, -620, 150, 785, 138, -668, -387, 313, 456, 128, -308, -477, 27, 621, 255, -548, -421, 364, 424, -211, -294, 189, 139, -287, -77, 412, 174, -437, -404, 307, 675, -52, -841, -246, 804, 510, -567, -646, 232, 570, 93, -255, -321, -221, 400, 737, -310, -1132, 75, 1285, 290, -1151, -772, 817, 1330, -441, -1860, 171, 2258, -78, -2453, 165, 2436, -353, -2249, 535, 1979, -629, -1692, 610, 1412, -469, -1121, 210, 813, 139, -483, -503, 140, 792, 217, -935, -557, 922, 803, -774, -861, 541, 711, -288, -410, 108, 59, -52, 253, 111, -441, -224, 472, 331, -369, -376, 201, 338, -13, -243, -141, 151, 210, -94, -178, 80, 107, -91, -69, 114, 100, -114, -169, 74, 240, 6, -273, -105, 260, 201, -206, -272, 131, 309, -59, -306, 27, 271, -49, -211, 115, 149, -181, -110, 214, 112, -207, -140, 172, 175, -113, -200, 45, 217, 23, -224, -73, 228, 94, -226, -76, 213, 44, -185, -18, 151, 5, -118, 3, 98, -6, -94, 15, 110, -33, -125, 59, 126, -72, -107, 69, 92, -48, -90, 25, 100, -18, -93, 41, 70, -77, -43, 101, 29, -92, -25, 56, 32, -2, -42, -61, 57, 145, -80, -248, 116, 361, -149, -455, 166, 520, -155, -552, 131, 561, -104, -534, 78, 474, -39, -402, -11, 352, 64, -334, -94, 333, 83, -311, -43, 250, 18, -161, -27, 85, 52, -38, -54, 18, 28, -8, 6, 13, -17, -42, -16, 100, 100, -170, -200, 227, 281, -236, -306, 187, 267, -90, -157, -28, -8, 160, 211, -297, -429, 438, 640, -577, -816, 716, 933, -822, -961, 843, 905, -725, -794, 462, 674, -98, -544, -281, 387, 597, -183, -785, -49, 838, 266, -779, -407, 661, 441, -525, -375, 411, 257, -331, -141, 286, 80, -244, -79, 173, 119, -52, -157, -97, 165, 245, -125, -358, 53, 416, 15, -392, -38, 292, 9, -146, 57, 15, -132, 65, 198, -80, -238, 49, 239, -2, -188, -23, 101, 14, -5, 20, -56, -60
1791219849.922, MrmFullScanInfo, 493, 107, 2459310, 0, 0, 0, 0, 10000, 39297, 32, 4, 2, 1, 480, 0, 0, 0, 0, 0, 0, -81, 198, 114, -558, 20, 815, -239, -722, 362, 347, -262, 2, -72, -102, 466, -18, -638, 115, 513, 0, -287, -232, 151, 382, -148, -349, 261, 175, -311, 38, 122, -137, 176, 85, -293, 2, 229, -38, -210, 65, 264, -132, -229, 209, 77, -242, 39, 242, -23, -216, -23, 139, -3, 0, 107, -119, -211, 146, 254, -97, -202, 2, 104, 125, -48, -225, 50, 223, -45, -116, 2, -16, 38, 124, -15, -188, -71, 218, 166, -211, -167, 145, 48, -16, 106, -102, -190, 125, 193, -53, -150, -29, 86, 69, -10, -57, -52, 24, 85, 9, -80, -29, 56, 34, -31, -13, 20, -22, -20, 61, 31, -92, -39, 104, 47, -78, -61, 39, 70, -15, -44, 6, -4, 8, 41, -18, -50, 16, 47, -5, -30, -11, -1, 41, 36, -64, -55, 60, 57, -28, -44, -7, 27, 38, -8, -56, -2, 62, 12, -52, -24, 34, 35, -5, -29, -24, 15, 47, -1, -43, 0, 20, 0, 4, -9, -7, 25, -4, -30, 14, 34, -7, -49, 3, 83, -11, -133, 22, 220, -21, -355, 13, 536, -2, -754, -17, 999, 67, -1217, -176, 1335, 404, -1298, -805, 1136, 1368, -945, -1968, 831, 2430, -843, -2612, 966, 2486, -1115, -2125, 1190, 1675, -1129, -1254, 940, 902, -642, -582, 252, 251, 202, 105, -645, -455, 980, 756, -1118, -954, 1040, 986, -789, -806, 452, 457, -130, -46, -75, -307, 125, 544, -56, -639, -36, 606, 72, -486, -16, 342, -95, -208, 185, 106, -175, -49, 60, 34, 107, -10, -258, -65, 354, 192, -369, -311, 316, 375, -224, -365, 133, 302, -65, -214, 39, 130, -50, -74, 85, 66, -119, -96, 137, 139, -124, -161, 77, 154, 0, -118, -73, 61, 119, 18, -128, -99, 118, 167, -99, -202, 87, 190, -80, -120, 64, 21, -28, 71, -3, -142, 6, 194, 27, -213, -75, 201, 124, -172, -147, 143, 126, -96, -68, 25, 12, 56, 22, -112, -40, 119, 61, -74, -74, 5, 67, 57, -31, -88, -17, 98, 63, -94, -89, 82, 100, -57, -104, 22, 108, 23, -98, -70, 74, 115, -43, -150, 24, 177, -10, -179, -7, 155, 41, -122, -78, 105, 110, -112, -116, 134, 86, -138, -28, 103, -11, -44, 10, 4, 20, 9, -45, -18, 54, 52, -43, -99, 24, 143, -9, -163, 13, 154, -27, -118, 46, 76, -61, -43, 85, 24, -106, -22, 121, 43, -121, -72, 96, 86, -47, -68, -5, 31, 46, 7, -51, -37, 17, 74, 30, -123, -39, 171, -1, -188, 66, 158, -112, -91, 115, 30, -71, 1, 13, -1, 37, -1, -67, -8, 86, 42, -93, -82, 90, 118, -62, -137, 9, 132, 62, -99, -125, 56, 168, -25, -172, 17, 129, -14, -43, 6, -41, -1, 84, 19, -73, -50, 36, 83, 1, -103, -24, 106, 37, -88, -45, 65, 55, -54, -45, 65
1791219849.922, MrmDetectionListInfo, 493, 98, 187, 131, 188, 163, 189, 199, 190, 241, 191, 288, 192, 341, 193, 401, 194, 469, 195, 541, 196, 615, 197, 688, 198, 759, 199, 827, 200, 895, 201, 967, 202, 1046, 203, 1135, 204, 1236, 205, 1345, 206, 1456, 207, 1560, 208, 1651, 209, 1721, 210, 1763, 211, 1775, 212, 1754, 213, 1701, 214, 1618, 215, 1510, 216, 1384, 217, 1246, 218, 1102, 219, 953, 220, 797, 221, 633, 222, 463, 223, 303, 224, 195, 225, 180, 226, 280, 227, 473, 228, 692, 229, 864, 230, 961, 231, 1005, 232, 1019, 233, 1001, 234, 936, 235, 820, 236, 665, 237, 491, 238, 314, 239, 156, 242, 190, 243, 308, 244, 362, 245, 351, 246, 325, 247, 319, 248, 322, 249, 308, 250, 264, 251, 211, 252, 176, 253, 170, 254, 175, 255, 168, 262, 107, 263, 157, 264, 207, 265, 253, 266, 291, 267, 319, 268, 334, 269, 333, 270, 318, 271, 293, 272, 260, 273, 224, 274, 187, 275, 152, 276, 121, 284, 118, 285, 130, 286, 137, 287, 138, 288, 129, 298, 110, 299, 134, 300, 146, 301, 147, 302, 143, 303, 140, 304, 132, 317, 147, 318, 154, 319, 156, 321, 149
1791219850.047, MrmFullScanInfo, 494, 107, 2459435, 0, 0, 0, 0, 10000, 39297, 32, 1, 2, 1, 480, -20944, 32181, 24468, -31353, -29658, 29105, 32356, -20670, -32512, -2406, 32488, 28817, -29257, -32187, 10727, 32512, 8527, -32492, -19079, 32096, 22239, -27524, -17245, 5521, 15203, 10554, -1021, -14367, -11119, 27726, 8445, -28782, 426, 32001, -8340, -31999, 10836, 32163, -7643, -32243, 3315, 32179, 6342, -27978, -16165, 18822, 24449, -3416, -27658, -11803, 22612, 23557, -14331, -28941, 3282, 27536, 5881, -23287, -12092, 16298, 13084, -8896, -10110, 2284, 5040, 1412, 364, -2601, -4917, 2038, 6858, -396, -6257, -1891, 2519, 2396, 1977, -979, -6907, -2162, 9150, 6233, -8967, -9393, 6882, 10802, -2809, -9835, -1415, 6990, 5223, -2306, -6258, -1980, 5779, 5465, -3333, -6733, 287, 5490, 1641, -3276, -1924, 922, 562, 855, 1329, -1053, -2839, 70, 3391, 1058, -2460, -1758, 980, 1989, 692, -1191, -1636, -24, 1938, 1191, -1531, -1909, 482, 1880, 429, -1348, -980, 337, 739, 343, -183, -474, -340, 306, 576, 68, -300, -362, -338, 401, 726, -109, -924, -369, 716, 676, -273, -764, -278, 438, 514, -4, -601, -459, 533, 704, -217, -569, 4, 355, 44, -114, 240, 47, -510, -138, 717, 547, -582, -717, 462, 857, -211, -928, 102, 656, -171, -80, 51, -525, -429, 1298, 696, -1983, -759, 2620, 655, -2752, -266, 2688, 246, -2579, 54, 1791, -621, -1125, 760, 461, -816, -25, 709, -205, -447, 367, 51, -149, 327, 48, -893, 2, 1342, 40, -1745, -154, 1839, 561, -1636, -705, 1120, 668, -477, -507, 6, 282, 319, 175, -367, -421, 356, 366, -129, -311, 26, -62, -58, 386, 191, -578, -269, 492, 495, -441, -409, 177, 313, 26, -135, -114, -30, 126, 178, -231, -176, 216, 118, -169, -143, 106, 58, -86, -81, 159, 190, 33, -140, -144, 154, 121, -187, -226, 111, 269, -74, -167, 197, 70, -184, -10, 334, -93, -371, 40, 453, -9, -407, -65, 393, 112, -130, -135, -8, 80, 20, -133, -4, -63, 18, 63, 63, -24, -61, 2, 4, 28, 31, -70, -38, 132, 8, -36, -51, -21, -20, 5, 69, -11, -43, -56, 104, 55, -49, -74, 71, 97, -11, -6, 27, 86, 53, -7, 60, -96, -14, 112, 44, -138, -41, 57, 94, 124, -69, -156, 103, 196, -223, -339, 144, 414, -168, -443, 163, 519, -91, -510, 133, 560, 20, -526, -158, 353, 116, -332, -140, 240, 185, -253, -188, 214, 173, -117, -85, 143, 44, -114, -72, 122, -39, -181, -39, 137, -32, -191, -33, 222, 222, -142, -313, 84, 275, -27, -331, -43, 202, 57, 85, -120, -190, 114, 482, -210, -657, 116, 937, -167, -1132, 362, 1350, -355, -1357, 309, 1173, -151, -1191, 14, 846, 313, -439, -598, 84, 708, 292, -631, -677, 506, 653, -362, -472, 204, 464, -260, -226, 200, 128, -228, 44, 346, 121, -333, -126, 312, 157, -213, -187, 117, 10, 268, 36, -195, -74, 269, 114, -108, -65, 127, -47, -38, 163, -59, -234, -218, 324, 128, -324, -195, 273, 157, -155, -168, 119, 93, -59, -38, 58, -153, 105, 178, 182, -116
1791219850.047, MrmFullScanInfo, 494, 107, 2459435, 0, 0, 0, 0, 10000, 39297, 32, 2, 2, 1, 480, 0, 0, 0, 0, 0, 0, 10198, -14446, -19227, 29541, 22840, -31050, -24827, 16917, 28324, 3955, -30329, -21347, 25428, 31604, -13118, -36546, -780, 36941, 10206, -30766, -13436, 17495, 11863, -332, -7679, -15920, 3947, 27684, -4003, -33183, 8474, 32872, -14442, -29601, 18158, 26753, -17579, -26159, 12739, 27088, -4654, -26905, -5361, 22882, 15462, -13989, -23240, 1604, 26424, 11188, -23978, -21173, 16739, 26379, -7142, -26470, -1694, 22298, 7316, -15372, -8804, 7614, 6775, -914, -2725, -3420, -1605, 4971, 4682, -4120, -5501, 1881, 3799, 423, -92, -1583, -4431, 962, 8331, 1300, -10396, -4348, 10032, 7017, -7331, -8295, 3085, 7674, 1445, -5250, -4956, 1697, 6559, 1929, -6073, -4547, 4058, 5478, -1589, -4681, -219, 2723, 753, -519, -73, -1038, -1210, 1487, 2311, -921, -2621, -149, 1998, 1102, -741, -1452, -624, 1062, 1612, -160, -1923, -818, 1549, 1465, -749, -1548, -62, 1114, 544, -429, -569, -163, 272, 439, 65, -357, -188, 52, 27, 249, 307, -342, -612, 169, 722, 162, -571, -447, 225, 523, 183, -342, -508, 10, 653, 303, -590, -460, 403, 431, -239, -276, 221, 115, -352, -59, 544, 156, -679, -364, 698, 584, -614, -685, 479, 554, -327, -145, 196, -491, -106, 1261, 33, -2016, 102, 2583, -317, -2832, 553, 2742, -747, -2352, 890, 1727, -968, -976, 946, 278, -802, 223, 562, -457, -262, 436, -66, -229, 420, -50, -800, 299, 1192, -433, -1528, 407, 1718, -227, -1670, -25, 1362, 253, -858, -371, 307, 333, 154, -156, -434, -60, 507, 204, -409, -195, 233, 29, -74, 231, 2, -466, -30, 588, 125, -556, -213, 397, 243, -173, -193, -35, 91, 192, 16, -277, -78, 292, 92, -243, -76, 175, 67, -119, -76, 78, 107, -30, -148, -28, 187, 91, -207, -141, 210, 165, -204, -135, 211, 55, -231, 50, 269, -138, -315, 180, 360, -164, -376, 105, 336, -22, -234, -57, 116, 110, -29, -103, -9, 48, 15, 19, -2, -51, -7, 41, 9, 6, -4, -60, 5, 90, -6, -74, 9, 32, -12, 6, 28, -16, -50, 4, 74, 21, -87, -40, 83, 50, -60, -49, 32, 38, -11, -3, 4, -50, 1, 103, -3, -112, -8, 65, 47, 21, -108, -108, 181, 183, -242, -248, 284, 315, -298, -375, 298, 428, -281, -466, 241, 486, -168, -475, 78, 434, 4, -373, -63, 319, 101, -275, -111, 238, 97, -195, -63, 155, 28, -128, 4, 124, -29, -132, 48, 151, -42, -172, -2, 195, 92, -204, -189, 190, 259, -147, -263, 80, 187, 10, -33, -117, -161, 231, 374, -330, -590, 424, 808, -531, -998, 654, 1118, -736, -1144, 718, 1096, -575, -987, 321, 819, 15, -588, -364, 309, 637, -5, -772, -261, 762, 423, -642, -451, 480, 377, -337, -237, 251, 86, -224, 20, 249, -53, -290, 27, 309, 20, -258, -49, 123, 56, 60, -49, -208, 37, 263, -21, -228, 22, 139, -53, -43, 120, -10, -208, 11, 296, 18, -344, -48, 329, 73, -260, -84, 175, 67, -88, -9, 17, -66
1791219850.062, MrmFullScanInfo, 494, 107, 2459435, 0, 0, 0, 0, 10000, 39297, 32, 4, 2, 1, 480, 0, 0, 0, 0, 0, 0, -30, -22, 63, 60, -61, -92, 47, 82, -39, -17, 42, -59, 59, 65, -298, 11, 516, -132, -510, 200, 263, -119, -7, -66, -26, 175, -172, -70, 350, -113, -276, 191, 98, -161, -12, 129, 32, -106, -52, 20, 52, 153, -82, -341, 102, 481, -50, -543, -89, 500, 228, -323, -266, 65, 192, 148, -41, -239, -107, 207, 184, -61, -157, -149, 71, 342, 21, -428, -69, 368, 49, -177, 9, -60, -44, 242, 59, -311, -78, 290, 99, -202, -69, 89, -15, 8, 119, -41, -197, 26, 211, -1, -137, -21, 8, 48, 101, -58, -143, 26, 141, 41, -129, -102, 128, 125, -117, -98, 76, 44, -8, 11, -37, -46, 26, 61, 29, -57, -83, 51, 96, -43, -59, 31, 10, -13, 32, 12, -61, -27, 81, 46, -79, -57, 58, 65, -26, -62, 0, 57, 8, -49, 21, 32, -67, 4, 96, -39, -83, 50, 47, -22, -17, -18, 20, 39, -35, -20, 40, -11, -29, 27, 34, -22, -70, 15, 144, -19, -256, 48, 406, -96, -581, 161, 757, -257, -888, 434, 932, -734, -820, 1175, 506, -1696, 21, 2176, -651, -2493, 1191, 2596, -1483, -2483, 1501, 2185, -1302, -1770, 972, 1367, -588, -1084, 234, 983, 43, -1049, -252, 1223, 452, -1413, -697, 1535, 1007, -1511, -1334, 1302, 1600, -929, -1704, 485, 1579, -59, -1236, -281, 782, 491, -345, -541, 22, 460, 151, -319, -180, 206, 106, -169, 15, 207, -123, -276, 181, 335, -191, -343, 183, 294, -171, -217, 169, 145, -174, -58, 171, -48, -136, 141, 85, -169, -43, 136, 23, -71, -15, -5, 8, 91, 8, -167, -37, 218, 86, -231, -135, 203, 163, -135, -143, 55, 72, 11, 37, -49, -150, 57, 232, -30, -255, -21, 202, 84, -77, -133, -63, 146, 168, -100, -215, 15, 219, 67, -193, -110, 162, 112, -133, -78, 102, 33, -64, -4, 39, 2, -33, -11, 38, 12, -35, 10, 22, -48, -5, 89, 6, -108, -28, 113, 56, -113, -68, 110, 59, -75, -34, 1, 14, 87, -1, -144, -9, 154, 34, -138, -70, 139, 107, -159, -130, 174, 144, -157, -155, 118, 172, -64, -177, 0, 158, 69, -111, -116, 58, 119, -16, -78, -14, 35, 50, -15, -76, 27, 67, -50, -21, 72, -26, -88, 50, 101, -43, -107, 30, 102, -20, -77, 15, 35, -8, 22, 7, -76, -9, 111, 20, -114, -42, 100, 75, -88, -96, 82, 106, -60, -117, 23, 146, 14, -184, -45, 208, 90, -210, -146, 207, 191, -187, -206, 136, 201, -49, -174, -45, 117, 128, -30, -160, -61, 124, 140, -36, -184, -50, 189, 111, -162, -133, 123, 118, -66, -86, -1, 68, 87, -80, -161, 120, 190, -150, -168, 137, 143, -78, -145, 8, 156, 50, -146, -85, 99, 102, -14, -108, -78, 114, 139, -106, -147, 84, 128, -62, -104, 61, 87, -66, -61, 60, 30
1791219850.062, MrmDetectionListInfo, 494, 118, 176, 119, 177, 158, 178, 203, 179, 255, 180, 313, 181, 375, 182, 438, 183, 502, 184, 567, 185, 634, 186, 702, 187, 771, 188, 837, 189, 897, 190, 945, 191, 976, 192, 1001, 193, 1067, 194, 1242, 195, 1520, 196, 1796, 197, 1965, 198, 2017, 199, 2006, 200, 1970, 201, 1898, 202, 1769, 203, 1592, 204, 1394, 205, 1199, 206, 1016, 207, 847, 208, 702, 209, 593, 210, 533, 211, 533, 212, 597, 213, 707, 214, 828, 215, 933, 216, 1025, 217, 1117, 218, 1214, 219, 1300, 220, 1360, 221, 1388, 222, 1384, 223, 1348, 224, 1276, 225, 1169, 226, 1030, 227, 872, 228, 726, 229, 635, 230, 600, 231, 577, 232, 517, 233, 421, 234, 321, 235, 255, 236, 239, 237, 251, 238, 254, 239, 222, 240, 170, 244, 138, 245, 184, 246, 230, 247, 259, 248, 268, 249, 266, 250, 260, 251, 249, 252, 231, 253, 209, 254, 186, 255, 167, 261, 112, 262, 124, 263, 126, 264, 115, 276, 143, 277, 161, 278, 175, 279, 180, 280, 176, 281, 162, 282, 139, 283, 109, 291, 147, 292, 141, 293, 133, 295, 120, 300, 128, 301, 148, 302, 153, 303, 139, 307, 147, 308, 149, 354, 157, 355, 156, 356, 152, 415, 143, 416, 156, 417, 168, 418, 180, 419, 191, 420, 196, 421, 193, 422, 182, 423, 164, 439, 147, 440, 147, 451, 157, 452, 164, 454, 157, 455, 142, 470, 132
1791219850.171, MrmFullScanInfo, 495, 107, 2459560, 0, 0, 0, 0, 10000, 39297, 32, 1, 2, 1, 480, -20893, 31857, 24897, -31060, -29462, 29719, 32222, -20653, -32512, -1822, 32434, 27505, -28830, -32386, 10324, 32512, 10022, -32504, -20856, 32078, 22284, -26902, -17577, 5906, 15464, 11092, -82, -14512, -10924, 27375, 7716, -28557, 50, 32262, -8861, -32146, 10014, 31935, -7773, -31979, 4135, 31927, 5074, -28162, -15781, 19620, 24747, -3523, -27633, -11337, 23656, 22739, -14954, -29394, 3462, 27761, 5709, -23649, -11888, 16550, 13810, -8328, -10627, 2173, 5178, 1797, 505, -3465, -5240, 2726, 7320, -735, -6657, -1649, 2800, 3009, 2250, -1390, -6999, -1952, 9535, 6272, -9534, -9486, 6999, 10970, -2656, -9956, -1692, 7022, 5510, -2293, -6619, -2285, 5741, 5524, -3471, -6933, 129, 5540, 1959, -3346, -2138, 677, 689, 1048, 1410, -1279, -2877, 330, 3564, 969, -2753, -1683, 1035, 2096, 651, -1391, -1934, -11, 2000, 1211, -1643, -1824, 550, 1922, 445, -1414, -876, 438, 781, 455, -310, -588, -238, 415, 613, -35, -218, -316, -252, 432, 724, -32, -980, -480, 822, 701, -359, -665, -112, 445, 413, 146, -509, -464, 313, 773, -25, -726, -318, 228, 403, -16, -270, -412, 354, 387, -437, -304, 612, 53, -765, 8, 785, -44, -453, -232, -18, 602, 513, -625, -1057, 675, 1575, -309, -1810, -199, 1742, 730, -1316, -978, 678, 1134, 147, -985, -845, 678, 1356, -339, -1458, 94, 1323, 15, -1094, -89, 549, 235, -487, -122, 206, 108, 35, -8, 68, 138, -106, -142, 15, 127, 14, -221, 92, 358, -18, -384, -54, 451, 131, -288, -174, 214, 118, -47, -148, -63, 47, 112, 50, -135, -40, 158, 124, 26, -58, -77, 74, 147, 13, -188, -21, 180, 129, -171, -61, 228, 181, -53, -77, 142, 88, -120, -57, 30, 89, -13, -169, -4, 184, 16, -121, 5, 232, 32, -331, -138, 407, 25, -485, -169, 382, 131, -489, -73, 416, 206, -360, -128, 309, 81, -133, -89, 102, -47, -91, -41, 52, 21, -46, -13, 42, 4, -75, 4, -26, 109, 35, -13, -26, 8, -15, 9, 4, 60, -100, -93, 31, 86, -119, -26, 37, 163, -6, -98, -66, 38, 99, 95, -100, -233, 118, 276, -38, -289, -21, 209, 74, -46, -164, -193, 99, 174, 77, -303, -137, 459, 93, -380, -67, 405, 71, -455, 59, 444, -158, -400, -33, 440, -72, -381, -198, 383, 137, -375, -224, 289, 155, -202, -220, 160, 159, -85, -133, -60, -61, 18, 77, 33, -106, -9, 94, -5, -160, -151, 4, 157, 116, -55, -117, 147, 218, -34, -111, -45, 42, 37, 58, 72, -178, -75, 354, 102, -609, -2, 792, -253, -960, 574, 1147, -766, -1427, 781, 1543, -562, -1350, 217, 1124, 260, -869, -593, 295, 851, 243, -948, -629, 875, 849, -641, -747, 319, 531, -396, -277, 242, 134, -348, 20, 469, 28, -548, -55, 466, 133, -301, -336, -7, 267, 243, -145, -430, 70, 338, 70, -308, -73, 184, -88, 0, 247, -116, -470, 38, 496, 18, -421, -44, 361, 159, -263, -113, 41, -64, 55, 173, -29, -143, -50, 173, 73, -173
1791219850.171, MrmFullScanInfo, 495, 107, 2459560, 0, 0, 0, 0, 10000, 39297, 32, 2, 2, 1, 480, 0, 0, 0, 0, 0, 0, 10221, -14478, -19228, 29668, 22758, -31346, -24630, 17390, 27969, 3454, -29771, -21077, 24614, 31717, -12093, -36930, -1800, 37342, 10971, -30964, -13819, 17421, 11903, -69, -7564, -16177, 3885, 27745, -4068, -33065, 8563, 32738, -14439, -29541, 18099, 26710, -17662, -26017, 13148, 26850, -5295, -26725, -4769, 22933, 15167, -14348, -23327, 2197, 26798, 10573, -24453, -20808, 17171, 26387, -7455, -26707, -1602, 22531, 7525, -15463, -9230, 7509, 7185, -565, -2943, -4022, -1608, 5704, 4844, -4748, -5726, 2175, 4005, 539, -222, -1971, -4433, 1377, 8507, 1024, -10698, -4253, 10304, 7075, -7427, -8453, 2967, 7850, 1708, -5359, -5251, 1693, 6791, 2033, -6179, -4706, 4014, 5638, -1418, -4780, -445, 2711, 948, -380, -187, -1269, -1195, 1747, 2387, -1143, -2753, -25, 2117, 1106, -787, -1559, -664, 1208, 1707, -284, -2025, -748, 1631, 1460, -809, -1590, -24, 1153, 552, -424, -639, -215, 382, 517, -36, -432, -129, 109, 15, 203, 305, -293, -643, 130, 805, 159, -688, -386, 342, 419, 82, -225, -408, -106, 521, 421, -400, -570, 133, 493, 158, -243, -386, -36, 543, 199, -645, -169, 705, 2, -703, 166, 605, -176, -389, -34, 79, 402, 297, -757, -718, 942, 1146, -864, -1492, 536, 1650, -54, -1521, -441, 1088, 837, -423, -1058, -310, 1085, 927, -951, -1285, 725, 1336, -462, -1134, 209, 816, -5, -498, -104, 247, 132, -83, -119, 23, 106, -29, -105, 58, 132, -85, -192, 112, 276, -120, -350, 97, 384, -42, -353, -22, 264, 79, -137, -106, 11, 98, 89, -56, -143, 6, 138, 41, -74, -74, -18, 89, 108, -75, -170, 41, 207, 4, -216, -42, 205, 66, -177, -69, 145, 60, -109, -55, 73, 80, -45, -120, 38, 157, -42, -185, 43, 231, -37, -305, 36, 389, -38, -448, 41, 473, -34, -468, 19, 442, 1, -390, -16, 312, 19, -214, -11, 126, 4, -67, 0, 41, 3, -38, 0, 43, -1, -36, -9, 18, 32, 0, -42, -5, 35, -3, -25, 27, 30, -58, -38, 88, 46, -97, -55, 81, 74, -40, -79, -12, 47, 73, 31, -128, -128, 163, 209, -153, -237, 97, 197, -3, -94, -86, -35, 125, 173, -98, -303, 56, 406, -38, -454, 56, 455, -101, -428, 159, 395, -194, -366, 183, 361, -121, -375, 39, 397, 34, -397, -77, 360, 103, -289, -117, 205, 115, -112, -82, 30, 24, 26, 41, -47, -91, 41, 119, -4, -110, -50, 65, 107, 7, -144, -78, 150, 120, -115, -113, 57, 61, -8, 37, -11, -182, 29, 369, -92, -566, 248, 732, -500, -846, 797, 937, -1040, -1020, 1137, 1084, -1019, -1095, 690, 1033, -219, -869, -277, 585, 708, -210, -995, -158, 1088, 424, -985, -524, 763, 464, -523, -298, 357, 105, -300, 53, 340, -138, -406, 132, 420, -36, -333, -106, 156, 231, 62, -279, -245, 245, 340, -163, -327, 102, 220, -110, -49, 193, -112, -302, 207, 388, -204, -414, 131, 379, -39, -282, -6, 144, -8, -7, 61, -70, -115
1791219850.171, MrmFullScanInfo, 495, 107, 2459560, 0, 0, 0, 0, 10000, 39297, 32, 4, 2, 1, 480, 0, 0, 0, 0, 0, 0, 15, -51, 18, 182, -107, -375, 230, 541, -388, -521, 587, 242, -781, 147, 873, -377, -774, 343, 534, -122, -265, -103, 31, 215, 112, -169, -142, 22, 85, 77, -22, -59, 32, -2, -58, 8, -65, 95, 385, -226, -627, 244, 572, -95, -258, -151, -109, 363, 339, -404, -377, 227, 318, 37, -235, -173, 86, 130, 149, 0, -338, -131, 341, 282, -187, -450, 3, 548, 136, -471, -205, 223, 206, 85, -145, -279, 25, 276, 137, -144, -254, 3, 244, 96, -108, -147, -59, 150, 174, -95, -201, 0, 171, 91, -100, -137, -1, 137, 110, -90, -163, 6, 139, 96, -59, -180, -34, 223, 108, -207, -137, 134, 107, -21, -38, -77, -23, 120, 58, -102, -61, 53, 59, 6, -58, -45, 55, 42, -20, -4, -34, -32, 78, 51, -81, -43, 52, 26, -14, -20, 2, 30, -22, -29, 57, 5, -78, 40, 83, -79, -80, 104, 91, -122, -122, 135, 175, -120, -253, 60, 385, 43, -592, -161, 867, 265, -1132, -333, 1284, 385, -1240, -457, 990, 574, -570, -691, 59, 720, 460, -558, -917, 151, 1283, 473, -1540, -1175, 1646, 1777, -1525, -2135, 1165, 2172, -640, -1860, 77, 1268, 416, -560, -753, -83, 898, 554, -887, -808, 822, 854, -783, -731, 816, 528, -919, -341, 1056, 241, -1130, -240, 1047, 314, -788, -409, 423, 461, -44, -407, -267, 251, 464, -52, -514, -98, 442, 145, -306, -67, 179, -90, -108, 252, 112, -355, -162, 379, 211, -323, -213, 210, 171, -80, -103, -11, 44, 49, -13, -39, 13, 10, -20, 9, 16, 0, 0, -26, -10, 39, 19, -13, -33, -36, 46, 87, -22, -117, -45, 114, 130, -65, -195, -13, 225, 96, -212, -147, 169, 160, -104, -131, 42, 71, 5, 2, -29, -60, 41, 79, -42, -53, 40, 20, -34, 0, 37, -5, -42, -1, 43, 25, -33, -47, 20, 42, 1, 0, -25, -44, 43, 70, -37, -79, 7, 83, 45, -72, -102, 30, 151, 44, -182, -126, 193, 181, -167, -180, 100, 121, -1, -30, -77, -48, 85, 105, -11, -144, -88, 161, 159, -133, -175, 71, 140, 3, -74, -69, 19, 111, 3, -106, 1, 62, -10, 2, 16, -45, -11, 45, 15, -11, -31, -28, 43, 65, -23, -96, -19, 120, 64, -130, -85, 128, 87, -108, -77, 82, 77, -62, -89, 57, 116, -60, -144, 69, 160, -63, -146, 18, 106, 73, -64, -171, 44, 218, -26, -169, -13, 39, 76, 123, -98, -268, 40, 363, 72, -372, -185, 293, 272, -164, -302, 29, 256, 106, -149, -227, 34, 297, 53, -283, -85, 206, 63, -107, -10, 41, -40, -30, 86, 72, -123, -126, 136, 157, -87, -149, -13, 116, 123, -69, -185, 23, 187, 17, -145, -35, 102, 21, -87, 34, 107, -109, -132, 168, 135, -173, -112, 127, 85, -68, -49, 41, 0, -43, 49, 49, -58, -39
1791219850.171, MrmDetectionListInfo, 495, 127, 163, 131, 164, 145, 165, 157, 166, 169, 167, 180, 168, 197, 169, 228, 170, 284, 171, 367, 172, 470, 173, 575, 174, 667, 175, 740, 176, 795, 177, 828, 178, 838, 179, 823, 180, 785, 181, 730, 182, 659, 183, 572, 184, 478, 185, 415, 186, 437, 187, 540, 188, 648, 189, 691, 190, 698, 191, 774, 192, 971, 193, 1236, 194, 1475, 195, 1634, 196, 1720, 197, 1753, 198, 1734, 199, 1649, 200, 1492, 201, 1276, 202, 1029, 203, 802, 204, 656, 205, 598, 206, 573, 207, 532, 208, 506, 209, 564, 210, 707, 211, 840, 212, 883, 213, 846, 214, 797, 215, 772, 216, 756, 217, 727, 218, 689, 219, 663, 220, 658, 221, 667, 222, 677, 223, 678, 224, 669, 225, 648, 226, 611, 227, 557, 228, 487, 229, 405, 230, 318, 231, 253, 232, 241, 233, 280, 234, 322, 235, 324, 236, 292, 237, 268, 238, 273, 239, 282, 240, 260, 241, 205, 245, 144, 246, 187, 247, 226, 248, 255, 249, 274, 250, 284, 251, 282, 252, 265, 253, 232, 254, 190, 255, 142, 283, 114, 284, 120, 285, 119, 286, 120, 287, 134, 288, 157, 289, 175, 290, 175, 291, 161, 292, 140, 336, 164, 337, 181, 338, 184, 354, 154, 415, 158, 416, 186, 417, 196, 418, 205, 419, 225, 420, 251, 421, 267, 422, 265, 423, 247, 424, 219, 425, 187, 429, 159, 430, 163, 434, 176, 435, 166, 436, 137, 446, 133, 447, 140, 448, 135, 467, 144, 468, 156, 469, 156, 470, 146
1791219850.296, MrmFullScanInfo, 496, 107, 2459685, 0, 0, 0, 0, 10000, 39297, 32, 1, 2, 1, 480, -19573, 31892, 25124, -31535, -29247, 29296, 32280, -21091, -32512, -1828, 32512, 27444, -29454, -32261, 10592, 32512, 7564, -32512, -20096, 32026, 23117, -27419, -16906, 6031, 15098, 10990, -515, -15287, -10502, 27138, 7387, -28751, 513, 31912, -8427, -31756, 10081, 31910, -10038, -32205, 3770, 32187, 4404, -27999, -15861, 19238, 24797, -3668, -27538, -11711, 23360, 22413, -14833, -28942, 3987, 27586, 5973, -23366, -11587, 16461, 13437, -8846, -10455, 2419, 4894, 1661, 444, -3400, -5180, 2594, 7427, -395, -6291, -1600, 2763, 2527, 2074, -1238, -6864, -2093, 9398, 6347, -9285, -9247, 6763, 10919, -2893, -9989, -1450, 6848, 5046, -2474, -6398, -2010, 5692, 5446, -3164, -6747, 206, 5485, 1692, -3270, -2082, 717, 542, 1029, 1419, -1176, -2800, 318, 3270, 1055, -2556, -1793, 939, 1918, 724, -1410, -1699, -96, 2155, 1197, -1668, -1943, 470, 1983, 486, -1348, -944, 422, 646, 444, -253, -549, -472, 420, 705, -66, -331, -283, -117, 351, 514, -121, -840, -466, 747, 905, -346, -1026, -215, 907, 627, -852, -1018, 595, 1082, -477, -789, 413, 511, -90, -255, -601, 157, 1603, 63, -2784, -579, 3886, 1144, -4438, -1957, 4263, 2586, -3566, -2090, 2258, 2296, -790, -2146, -221, 1442, 985, -654, -1289, 127, 1314, 235, -812, -84, 485, -180, -473, 619, 468, -1088, -587, 995, 1035, -827, -1061, 296, 1133, -7, -888, -423, 491, 538, -98, -392, -145, 464, 315, -184, -433, 67, 363, 30, -427, 6, 474, -44, -432, 4, 470, 110, -277, 100, 246, 118, -72, -194, 50, 307, 111, -450, -281, 358, 492, -339, -594, 299, 494, -213, -392, 108, 337, -4, -210, -165, 122, 95, -36, -7, -13, 59, -41, -107, 15, 326, -79, -182, 9, 268, 23, -205, -113, 315, 115, -218, -156, 283, 168, -333, -140, 339, 160, -392, -135, 495, 137, -544, -133, 506, 63, -292, -209, 121, 233, -5, -125, 29, 198, 44, -86, -63, 100, -37, 23, -9, 109, -158, -94, 176, 93, -42, -48, -146, 153, 61, -237, -10, 90, 135, -117, -32, -133, 51, 16, 61, -56, -73, -33, 75, -176, -167, 136, 62, -31, -96, 69, 21, 117, -114, -137, 18, 102, -95, -169, 84, 177, 2, -177, 22, 141, -51, -479, 87, 306, -100, -374, 158, 506, -57, -448, -65, 412, -26, -362, -36, 328, 149, -360, -115, 252, 235, -220, -241, 155, 218, -171, -58, 83, 5, -39, -74, 46, -135, -42, 60, 177, -137, -208, 46, 107, 195, -165, -239, 92, 260, -120, -340, 118, 214, 115, -40, -86, -112, -26, 317, 14, -496, 112, 676, -307, -761, 520, 996, -814, -995, 881, 1107, -768, -1184, 506, 1160, -229, -742, -350, 416, 652, -157, -768, -308, 858, 512, -809, -595, 555, 590, -439, -392, 334, 84, -154, -38, 375, -10, -367, 104, 376, 32, -82, -92, 36, 198, 154, -178, -303, 133, 203, -70, -175, -64, 170, -95, 21, 165, -110, -266, 146, 282, -81, -375, 152, 370, 17, -203, -28, 186, -90, -186, 97, 143, -60, -145, 51, 180, -223
1791219850.296, MrmFullScanInfo, 496, 107, 2459685, 0, 0, 0, 0, 10000, 39297, 32, 2, 2, 1, 480, 0, 0, 0, 0, 0, 0, 10147, -14488, -19125, 29698, 22679, -31409, -24634, 17503, 28106, 3296, -30168, -20851, 25406, 31373, -13129, -36520, -925, 37079, 10492, -31002, -13611, 17613, 11838, -171, -7702, -16216, 4257, 27786, -4514, -32964, 8844, 32508, -14579, -29285, 18356, 26494, -18195, -25842, 13794, 26684, -5771, -26561, -4578, 22789, 15187, -14258, -23373, 2190, 26774, 10469, -24382, -20581, 17107, 26091, -7443, -26458, -1511, 22436, 7290, -15540, -8895, 7676, 6871, -725, -2753, -3880, -1651, 5546, 4785, -4602, -5629, 2137, 3920, 410, -185, -1726, -4409, 1140, 8405, 1161, -10533, -4278, 10158, 7020, -7417, -8349, 3142, 7734, 1408, -5293, -4926, 1718, 6512, 1937, -5996, -4581, 3963, 5511, -1494, -4669, -305, 2641, 821, -369, -132, -1218, -1143, 1637, 2244, -1002, -2581, -141, 1988, 1145, -732, -1518, -672, 1125, 1711, -200, -2037, -812, 1630, 1498, -789, -1600, -39, 1144, 524, -404, -547, -250, 244, 572, 109, -505, -260, 187, 139, 138, 174, -238, -517, 45, 719, 336, -662, -722, 347, 987, 111, -1089, -532, 1051, 757, -891, -731, 602, 550, -123, -381, -587, 337, 1528, -383, -2607, 392, 3643, -215, -4386, -159, 4612, 630, -4183, -1091, 3169, 1497, -1850, -1746, 576, 1704, 427, -1351, -1051, 848, 1266, -406, -1126, 185, 794, -245, -451, 529, 239, -869, -220, 1083, 391, -1064, -648, 822, 855, -437, -894, 33, 737, 291, -442, -473, 115, 509, 158, -426, -335, 288, 429, -169, -462, 116, 461, -109, -433, 116, 384, -108, -307, 70, 218, 17, -136, -148, 69, 293, 9, -408, -123, 479, 264, -499, -372, 473, 406, -387, -369, 253, 303, -96, -232, -27, 166, 85, -98, -88, 45, 92, -26, -126, 52, 177, -90, -210, 102, 228, -69, -246, 16, 273, 34, -300, -61, 328, 66, -355, -51, 388, 29, -430, -1, 483, -29, -509, 51, 471, -29, -359, -41, 224, 131, -113, -185, 47, 188, -12, -148, 0, 92, -8, -48, 46, 32, -100, -28, 126, 36, -86, -72, 19, 137, 22, -184, -26, 172, 25, -99, -31, 12, 33, 47, -11, -69, -30, 91, 69, -120, -81, 138, 69, -112, -52, 46, 57, 34, -79, -93, 108, 122, -121, -132, 116, 141, -95, -165, 89, 219, -114, -281, 170, 328, -223, -354, 241, 379, -215, -398, 166, 399, -111, -381, 58, 359, -1, -337, -55, 312, 110, -280, -142, 245, 130, -193, -79, 127, 23, -61, 23, 27, -64, -35, 106, 76, -118, -116, 73, 150, 32, -178, -148, 205, 229, -206, -244, 158, 193, -64, -82, -29, -72, 101, 260, -179, -442, 311, 586, -513, -671, 761, 706, -988, -718, 1113, 749, -1080, -798, 880, 813, -519, -745, 56, 596, 404, -378, -754, 124, 945, 119, -967, -290, 853, 348, -655, -285, 445, 150, -289, -5, 232, -104, -236, 153, 227, -115, -165, 2, 63, 133, 48, -226, -132, 241, 174, -184, -171, 117, 122, -92, -21, 118, -100, -167, 198, 224, -239, -266, 222, 277, -165, -252, 111, 208, -89, -160, 94, 126, -110
1791219850.296, MrmFullScanInfo, 496, 107, 2459685, 0, 0, 0, 0, 10000, 39297, 32, 4, 2, 1, 480, 0, 0, 0, 0, 0, 0, -64, -32, 104, 110, -117, -225, 89, 341, -24, -373, -155, 327, 473, -286, -673, 258, 544, -119, -245, -95, 96, 161, -57, -20, -86, -108, 317, 51, -421, 134, 284, -257, -137, 261, 248, -221, -575, 225, 815, -262, -736, 257, 427, -164, -88, 3, -87, 167, 117, -290, -93, 335, 82, -285, -99, 174, 133, -31, -171, -88, 191, 119, -168, -40, 112, -54, -44, 83, 2, -63, 12, 63, -2, -94, -17, 122, 32, -110, -45, 64, 61, -12, -46, -22, -33, 47, 148, -54, -221, 28, 234, 23, -202, -58, 141, 69, -54, -69, -25, 73, 67, -68, -64, 55, 24, -27, 46, -14, -103, 54, 117, -61, -82, 32, 37, 7, -17, -31, 30, 40, -40, -39, 25, 38, -4, -27, 5, 7, -32, 20, 73, -50, -101, 78, 110, -93, -107, 92, 118, -76, -128, 70, 114, -98, -58, 178, -10, -316, 44, 534, -5, -820, -86, 1110, 186, -1261, -258, 1125, 313, -591, -383, -328, 484, 1502, -574, -2701, 575, 3680, -391, -4237, 22, 4270, 457, -3787, -976, 2943, 1496, -1990, -1918, 1155, 2110, -525, -2022, 105, 1736, 129, -1374, -212, 1046, 229, -802, -277, 631, 433, -473, -712, 287, 1064, -68, -1376, -140, 1516, 305, -1393, -400, 1035, 410, -561, -318, 116, 141, 219, 65, -409, -229, 480, 283, -485, -190, 487, 1, -509, 190, 550, -304, -571, 303, 536, -175, -426, -44, 251, 276, -11, -439, -271, 501, 535, -471, -679, 377, 656, -240, -497, 93, 291, 32, -104, -94, -36, 88, 133, -46, -175, 34, 160, -72, -97, 133, 28, -161, 11, 148, -5, -119, -23, 102, 53, -98, -58, 96, 46, -79, -34, 64, 41, -70, -52, 103, 51, -122, -35, 86, 39, 2, -79, -81, 138, 106, -165, -84, 151, 59, -108, -43, 67, 33, -46, 0, 45, -56, -32, 97, 14, -73, -29, 11, 90, 36, -147, -55, 147, 77, -83, -105, -2, 118, 72, -91, -115, 29, 149, 42, -162, -97, 130, 130, -38, -142, -87, 146, 201, -136, -247, 109, 213, -62, -124, 21, 16, 4, 74, -10, -115, -3, 111, 35, -91, -56, 71, 43, -41, -2, 15, -23, -9, 16, 27, 13, -43, -29, 47, 20, -32, 10, 7, -34, 26, 30, -50, -7, 54, -4, -34, 3, 17, -2, -19, 20, 32, -37, -30, 37, 17, -9, -12, -23, 35, 51, -68, -65, 81, 73, -52, -78, 15, 86, -1, -94, 5, 118, -7, -159, 5, 218, 15, -283, -60, 334, 131, -320, -223, 235, 324, -119, -381, 7, 360, 113, -271, -232, 154, 303, -19, -288, -104, 201, 185, -86, -186, 2, 114, 36, -7, -28, -74, -12, 119, 74, -134, -111, 118, 97, -57, -38, -31, -31, 113, 77, -150, -81, 133, 53, -79, -10, 37, -38, -31, 89, 64, -116, -113, 109, 154, -71, -163, 15, 143, 59, -105, -128, 59, 169, -14
1791219850.296, MrmDetectionListInfo, 496, 131, 155, 138, 156, 183, 157, 242, 158, 306, 159, 373, 160, 452, 161, 549, 162, 646, 163, 719, 164, 750, 165, 736, 166, 676, 167, 575, 168, 461, 169, 391, 170, 448, 171, 688, 172, 1072, 173, 1471, 174, 1776, 175, 1977, 176, 2117, 177, 2210, 178, 2238, 179, 2215, 180, 2200, 181, 2225, 182, 2243, 183, 2193, 184, 2072, 185, 1930, 186, 1803, 187, 1688, 188, 1562, 189, 1416, 190, 1258, 191, 1105, 192, 970, 193, 870, 194, 805, 195, 753, 196, 692, 197, 620, 198, 553, 199, 507, 200, 487, 201, 487, 202, 500, 203, 524, 204, 558, 205, 596, 206, 634, 207, 678, 208, 739, 209, 814, 210, 878, 211, 901, 212, 870, 213, 793, 214, 687, 215, 563, 216, 425, 217, 282, 218, 164, 219, 111, 220, 136, 221, 212, 222, 296, 223, 357, 224, 387, 225, 385, 226, 362, 227, 325, 228, 285, 229, 263, 230, 287, 231, 352, 232, 422, 233, 456, 234, 447, 235, 415, 236, 372, 237, 316, 238, 250, 239, 194, 240, 173, 241, 189, 242, 229, 243, 293, 244, 382, 245, 476, 246, 540, 247, 561, 248, 548, 249, 515, 250, 464, 251, 394, 252, 308, 253, 220, 254, 147, 262, 109, 263, 105, 296, 128, 297, 141, 298, 133, 341, 190, 342, 184, 343, 167, 344, 140, 414, 140, 415, 166, 416, 194, 417, 220, 418, 239, 419, 251, 420, 255, 421, 254, 422, 247, 423, 234, 424, 215, 425, 198, 426, 196, 427, 210, 428, 226, 429, 227, 430, 211, 431, 185, 434, 169, 435, 176, 436, 164, 479, 108
1791219850.421, MrmFullScanInfo, 497, 107, 2459810, 0, 0, 0, 0, 10000, 39297, 32, 1, 2, 1, 480, -20632, 32345, 24405, -31341, -29616, 29693, 32293, -20776, -32512, -3527, 32508, 27303, -29473, -32354, 10885, 32475, 8769, -32504, -19957, 32209, 21311, -27198, -17992, 5156, 14810, 11246, -573, -15091, -10941, 27545, 7319, -28205, -208, 32132, -9220, -31886, 10827, 32013, -7643, -32118, 2322, 32037, 5138, -28185, -16093, 18977, 24452, -3631, -27560, -11820, 23029, 22793, -14712, -28827, 3507, 27733, 6089, -22998, -11194, 16326, 12980, -8825, -9960, 2733, 4952, 1403, 262, -2692, -4896, 2016, 7243, -577, -5891, -1430, 2315, 2488, 2140, -1060, -6900, -2215, 9127, 6352, -9139, -9125, 6825, 10819, -2801, -9948, -1676, 6691, 5087, -2383, -6266, -2099, 5631, 5289, -3171, -6736, 330, 5444, 1625, -3195, -1868, 879, 621, 806, 1413, -1007, -2689, 252, 3226, 958, -2648, -1874, 945, 1911, 709, -1185, -1662, -66, 2039, 1396, -1438, -2000, 549, 1945, 566, -1348, -1049, 491, 835, 365, -239, -465, -288, 524, 471, -283, -279, 209, -417, -471, 882, 990, -1133, -1718, 1227, 2085, -1081, -2031, 993, 1619, -1039, -701, 1553, -174, -1886, 865, 2470, -1189, -2640, 800, 2313, -543, -1674, 184, 736, -41, 29, 137, -465, -294, 567, 363, -393, -264, -17, 84, 334, 312, -678, -816, 694, 1032, -537, -1105, 281, 1067, -13, -721, -65, 554, 46, -352, -90, 127, -244, -249, 138, 405, 44, -528, -252, 372, 424, -332, -627, 142, 537, 89, -545, -165, 365, 352, -200, -400, 0, 226, 7, -186, -94, -1, 79, 42, -63, 2, 101, -12, -118, -20, 316, 20, -403, -40, 405, 180, -392, -220, 409, 281, -138, -315, 17, 321, 72, -261, -121, 221, 68, -228, -86, 218, 24, -229, -55, 294, 65, -283, -62, 158, 193, -104, -142, 16, 210, 131, -186, -45, 122, 213, -110, -143, 168, 71, -365, -141, 358, 87, -470, -83, 654, 326, -446, -310, 375, 318, -259, -271, 136, 155, 61, -98, 8, 25, -57, -78, 138, 57, -144, 41, 73, 268, 16, -361, -170, 368, 265, -253, -394, 271, 358, -131, -405, 3, 316, 4, -215, -127, 24, 9, 162, -102, -124, 83, 169, -7, -126, 112, 75, -23, -108, 66, 52, -43, -54, 97, 51, 78, 6, -116, 64, 87, -4, -191, 17, 249, -117, -317, 5, 389, -85, -344, 161, 396, -74, -414, 159, 300, -49, -417, 85, 346, 75, -323, -162, 235, 245, -240, -120, 262, 193, -222, -202, 47, 199, 5, -82, -78, -67, 8, 145, 43, -175, -111, 89, 95, -99, -168, 34, 269, 146, -236, -253, 174, 204, -27, -106, 18, -63, 37, 227, -78, -388, 136, 520, -296, -651, 542, 728, -771, -754, 786, 734, -638, -699, 536, 786, -172, -548, -179, 221, 379, -122, -627, -155, 780, 414, -665, -438, 585, 455, -489, -242, 329, 71, -337, -143, 369, -8, -338, -118, 308, 56, -170, -156, -23, 152, 133, -170, -315, 117, 351, 58, -314, -44, 242, 83, -85, 85, -97, -156, 97, 285, -112, -298, 34, 284, 25, -207, -35, 150, 58, -100, 1, 34, -47, 13, 136, 4, -193
1791219850.421, MrmFullScanInfo, 497, 107, 2459810, 0, 0, 0, 0, 10000, 39297, 32, 2, 2, 1, 480, 0, 0, 0, 0, 0, 0, 10164, -14526, -19141, 29645, 22731, -31098, -24778, 16967, 28363, 3784, -30384, -21090, 25371, 31447, -12940, -36555, -973, 37000, 10322, -30680, -13473, 17142, 11879, 227, -7787, -16413, 4211, 27821, -4322, -32951, 8711, 32510, -14575, -29304, 18176, 26582, -17477, -26116, 12660, 27128, -4753, -26961, -5106, 22926, 15235, -14081, -23179, 1835, 26540, 10823, -24163, -20803, 16920, 26131, -7353, -26328, -1418, 22210, 7024, -15353, -8577, 7674, 6646, -1007, -2670, -3369, -1624, 5024, 4648, -4279, -5358, 2048, 3566, 357, 111, -1615, -4529, 1016, 8349, 1256, -10387, -4310, 10001, 6982, -7269, -8269, 3011, 7642, 1492, -5211, -4938, 1666, 6477, 1942, -5964, -4538, 3980, 5443, -1563, -4624, -214, 2674, 743, -494, -87, -1054, -1159, 1509, 2245, -946, -2582, -128, 1992, 1080, -737, -1417, -649, 1002, 1658, -71, -1973, -916, 1572, 1555, -726, -1632, -124, 1195, 618, -482, -642, -187, 359, 592, -59, -684, 4, 588, -268, -514, 751, 634, -1263, -944, 1646, 1278, -1813, -1397, 1795, 1140, -1695, -489, 1629, -392, -1655, 1227, 1754, -1734, -1826, 1782, 1742, -1428, -1411, 872, 865, -341, -239, 1, -280, 109, 552, -61, -519, -21, 230, 26, 199, 106, -614, -347, 884, 614, -924, -809, 761, 879, -491, -810, 233, 640, -69, -429, 31, 257, -72, -190, 113, 246, -82, -360, -34, 450, 210, -455, -383, 368, 501, -204, -530, 9, 473, 169, -351, -278, 207, 293, -72, -221, -29, 116, 95, -31, -123, -2, 138, -3, -173, 30, 247, -56, -333, 58, 402, -17, -429, -55, 396, 146, -299, -233, 171, 296, -57, -315, -9, 298, 31, -262, -17, 237, -4, -233, 24, 245, -24, -242, -3, 211, 61, -150, -128, 78, 184, -7, -207, -51, 203, 92, -202, -98, 238, 68, -305, -14, 393, -26, -480, 27, 542, 25, -545, -102, 486, 166, -369, -186, 223, 169, -88, -128, 19, 85, -26, -38, 76, 6, -109, -28, 100, 131, -52, -270, -19, 375, 113, -407, -208, 371, 286, -285, -324, 177, 309, -72, -226, -12, 96, 81, 36, -126, -119, 144, 142, -131, -123, 105, 91, -78, -63, 65, 45, -57, -30, 36, 26, 11, -35, -67, 55, 119, -78, -167, 105, 222, -134, -273, 168, 314, -200, -332, 229, 332, -239, -321, 229, 315, -196, -316, 143, 322, -61, -320, -27, 316, 93, -309, -116, 288, 120, -234, -123, 151, 121, -59, -85, -10, 9, 42, 81, -32, -144, -4, 163, 64, -136, -137, 72, 213, 16, -256, -94, 243, 125, -168, -85, 60, -17, 59, 161, -181, -307, 322, 429, -498, -497, 705, 506, -878, -472, 950, 446, -885, -456, 698, 481, -412, -468, 72, 395, 274, -269, -567, 114, 760, 44, -823, -162, 768, 200, -631, -157, 474, 78, -354, -4, 300, -37, -284, 45, 259, -10, -187, -57, 71, 142, 67, -200, -192, 206, 279, -154, -303, 88, 253, -46, -131, 53, -18, -99, 143, 163, -196, -216, 179, 240, -115, -227, 47, 185, -5, -122, 4, 52, -39
1791219850.421, MrmFullScanInfo, 497, 107, 2459810, 0, 0, 0, 0, 10000, 39297, 32, 4, 2, 1, 480, 0, 0, 0, 0, 0, 0, -9, -44, 26, -27, 12, 256, -125, -443, 277, 375, -318, -120, 201, -52, -122, 91, 201, -143, -284, 287, 183, -401, 19, 384, -127, -237, 97, 57, 7, 65, -11, -103, -51, 89, -82, -2, 496, -189, -833, 354, 764, -315, -392, 85, 26, 177, 167, -298, -205, 250, 199, -94, -169, -76, 64, 206, 138, -239, -339, 147, 409, 54, -309, -309, 137, 507, 9, -511, -143, 319, 287, -73, -366, -92, 299, 171, -110, -177, -78, 123, 182, -31, -187, -53, 142, 106, -72, -120, -9, 98, 88, -41, -123, -22, 94, 77, -7, -101, -81, 79, 124, 4, -108, -106, 55, 161, 7, -145, -48, 90, 55, -20, -34, -48, 12, 107, 16, -141, -40, 150, 49, -122, -49, 72, 65, -40, -86, 52, 83, -69, -65, 44, 71, 50, -120, -215, 219, 438, -359, -683, 525, 900, -698, -1027, 900, 1012, -1151, -803, 1462, 370, -1805, 266, 2122, -992, -2331, 1605, 2373, -1877, -2236, 1666, 1948, -974, -1520, -44, 968, 1170, -335, -2148, -294, 2777, 789, -2936, -1017, 2611, 954, -1919, -689, 1111, 324, -416, 88, -50, -460, 282, 690, -299, -710, 165, 523, 22, -173, -174, -247, 258, 639, -285, -909, 269, 1022, -210, -984, 122, 840, -25, -641, -49, 434, 97, -239, -128, 73, 154, 51, -149, -127, 90, 179, 19, -209, -127, 214, 183, -187, -160, 158, 82, -158, 12, 193, -74, -226, 78, 236, -28, -205, -31, 126, 78, 2, -109, -137, 130, 219, -126, -212, 101, 131, -68, -22, 57, -58, -81, 98, 127, -108, -148, 101, 119, -69, -50, 22, -13, 13, 52, -7, -69, -26, 75, 54, -60, -48, 23, 20, 19, 23, -37, -63, 11, 83, 67, -67, -157, 35, 200, 1, -166, -37, 87, 67, -7, -58, -39, 4, 61, 64, -53, -93, 0, 60, 117, 19, -253, -101, 343, 166, -344, -218, 269, 275, -158, -317, 62, 313, -2, -236, -31, 111, 70, 11, -108, -79, 118, 97, -77, -90, 18, 86, 24, -78, -24, 57, -1, -11, 23, -37, -21, 64, 16, -55, -19, 20, 34, 17, -49, -29, 56, 21, -50, -6, 47, 7, -55, -23, 74, 50, -80, -76, 73, 88, -55, -70, 39, 35, -10, -13, -25, 16, 55, -2, -63, -44, 50, 98, -16, -111, -24, 79, 65, -22, -91, -35, 98, 100, -76, -166, 33, 204, 26, -182, -83, 113, 122, -26, -127, -43, 94, 97, -32, -142, -12, 186, 18, -222, 13, 259, -56, -309, 100, 379, -130, -437, 126, 450, -69, -398, -36, 299, 159, -168, -243, 22, 261, 114, -209, -195, 117, 214, -19, -185, -47, 127, 75, -51, -67, -19, 34, 71, 9, -88, -33, 67, 37, -21, -24, -12, 13, 24, -18, -15, 46, 7, -79, -14, 100, 47, -99, -87, 77, 113, -39, -117, 7, 102, 11, -72, -10, 35, -8, 0, 44, -14, -69, -3, 68
1791219850.421, MrmDetectionListInfo, 497, 128, 73, 289, 144, 211, 145, 301, 146, 396, 147, 493, 148, 593, 149, 692, 150, 784, 151, 865, 152, 932, 153, 986, 154, 1025, 155, 1047, 156, 1049, 157, 1033, 158, 1022, 159, 1055, 160, 1175, 161, 1392, 162, 1663, 163, 1903, 164, 2049, 165, 2098, 166, 2075, 167, 1989, 168, 1826, 169, 1578, 170, 1260, 171, 921, 172, 676, 173, 652, 174, 852, 175, 1120, 176, 1324, 177, 1478, 178, 1657, 179, 1854, 180, 1972, 181, 1937, 182, 1769, 183, 1537, 184, 1285, 185, 1016, 186, 731, 187, 457, 188, 238, 189, 124, 190, 147, 191, 287, 192, 456, 193, 550, 194, 534, 195, 452, 196, 358, 197, 269, 198, 185, 199, 134, 200, 156, 201, 251, 202, 379, 203, 492, 204, 568, 205, 610, 206, 629, 207, 628, 208, 607, 209, 563, 210, 502, 211, 434, 212, 368, 213, 314, 214, 274, 215, 241, 216, 205, 217, 166, 218, 130, 219, 103, 223, 127, 227, 134, 228, 168, 229, 196, 230, 200, 231, 182, 232, 156, 239, 161, 240, 161, 249, 124, 250, 169, 251, 188, 252, 178, 253, 154, 261, 111, 262, 122, 263, 125, 264, 124, 265, 116, 310, 168, 311, 214, 312, 249, 313, 267, 314, 271, 315, 264, 316, 253, 317, 240, 318, 224, 319, 205, 320, 184, 321, 161, 413, 149, 414, 174, 415, 204, 416, 232, 417, 255, 418, 274, 419, 286, 420, 286, 421, 271, 422, 245, 423, 214, 424, 192, 425, 185, 426, 188, 427, 186, 428, 169, 429, 149, 431, 167, 432, 188, 433, 187
1791219850.546, MrmFullScanInfo, 498, 107, 2459935, 0, 0, 0, 0, 10000, 39297, 32, 1, 2, 1, 480, -21173, 32025, 24820, -31607, -29855, 29038, 32283, -21034, -32512, -1696, 32452, 27518, -29490, -32379, 11710, 32243, 8982, -32512, -20248, 32139, 22351, -27405, -17032, 6289, 14978, 11388, 51, -15297, -10297, 27442, 8006, -28594, 698, 31854, -9027, -31531, 9614, 31987, -8460, -32311, 3548, 32259, 4527, -28238, -15493, 20025, 24844, -4587, -28126, -10971, 24138, 22839, -15348, -29833, 3847, 28269, 6282, -23834, -12011, 16891, 14348, -9047, -11028, 1641, 5573, 2343, 248, -3905, -5833, 3047, 8348, -437, -7027, -1806, 3073, 3129, 2306, -1846, -7524, -1639, 9951, 6033, -9667, -9751, 7510, 11408, -2876, -10551, -1788, 6943, 5575, -2257, -7015, -2292, 6036, 5756, -2956, -7113, -18, 5699, 2013, -3208, -2204, 643, 589, 1268, 1450, -1213, -3013, 261, 3553, 978, -2803, -2191, 1004, 2158, 654, -1435, -1753, 135, 2119, 1280, -1726, -2005, 683, 2021, 191, -1521, -524, 961, 46, -343, 712, 386, -1808, -593, 2612, 1200, -2592, -1178, 2226, 1172, -1951, -481, 1666, -15, -1638, 275, 2133, -230, -2403, -266, 2233, 946, -1637, -1441, 521, 1691, 656, -1362, -1389, 726, 1575, -133, -1198, -278, 613, 96, -38, 422, -67, -1146, -129, 1704, 812, -1842, -1156, 1289, 1571, -494, -1739, -442, 1269, 1010, -645, -1323, -95, 1052, 404, -521, -572, 24, 393, 191, 132, -247, -452, -101, 712, 506, -669, -635, -12, 840, 402, -603, -657, 265, 715, 173, -494, -304, 180, 403, 65, -294, -163, 148, 218, -191, -157, 102, 5, -48, 150, 117, -66, -144, -182, 144, 322, -81, -396, 17, 134, 305, -224, -342, 107, 158, -5, -13, 56, 48, 84, -27, -63, 73, -30, -123, 221, 15, 16, -326, 14, 230, 145, -352, -195, 209, 120, -83, -67, 43, -41, -21, 60, 65, -62, -54, -100, 157, 184, -85, -337, 37, 560, 11, -673, 0, 678, 205, -730, -118, 548, 90, -463, -102, 303, 21, -183, -27, 130, 40, 42, -105, -39, 23, 72, -166, -25, 97, 29, -100, -98, 27, 187, 27, 47, 0, 105, -65, -132, -15, -48, -31, 112, 29, -65, -43, 29, 11, -119, 114, 158, -45, -320, -14, 252, 35, -206, -109, 174, 77, -64, -155, 28, 144, 91, -132, -121, 74, 127, -120, -7, 331, -163, -420, 195, 463, -136, -586, 128, 513, 64, -490, -160, 480, 96, -293, -112, 206, 193, -200, -62, 93, 87, -170, -74, 102, -44, -115, 20, 25, -5, -40, 74, 40, -142, 40, 220, 4, -192, -79, 46, 116, -59, -196, -165, 256, 331, -361, -380, 215, 421, -117, -284, -35, 172, -128, 64, 52, -200, 11, 355, -212, -513, 310, 540, -262, -575, 315, 450, -188, -298, 77, 279, 89, -215, -355, 21, 479, 145, -466, -342, 335, 466, -288, -423, 162, 171, -137, -170, 169, 87, -168, -58, 144, 39, -248, -61, 99, 86, -145, -106, -139, 229, 74, -56, -245, -57, 190, 150, -160, -114, 169, -4, 17, -11, -38, -236, 165, 138, -47, -270, 48, 190, -38, -203, 65, 38, -166, -45, 78, 86, -252, -21, 221, 76, -389
1791219850.546, MrmFullScanInfo, 498, 107, 2459935, 0, 0, 0, 0, 10000, 39297, 32, 2, 2, 1, 480, 0, 0, 0, 0, 0, 0, 10279, -14512, -19344, 29734, 22882, -31438, -24735, 17504, 28178, 3305, -30277, -20814, 25442, 31309, -12997, -36521, -1095, 37165, 10495, -31071, -13431, 17572, 11592, 3, -7481, -16462, 4097, 27992, -4445, -33036, 8869, 32420, -14539, -29153, 18022, 26522, -17585, -26115, 13233, 27111, -5557, -27038, -4460, 23325, 14996, -14857, -23380, 2698, 27065, 10295, -24831, -20852, 17498, 26695, -7581, -27183, -1711, 23063, 7800, -15872, -9601, 7615, 7575, -333, -3183, -4448, -1702, 6137, 5282, -5052, -6302, 2278, 4445, 666, -363, -2320, -4568, 1836, 8791, 666, -11039, -4176, 10675, 7279, -7779, -8769, 3182, 8100, 1728, -5480, -5458, 1705, 6999, 2128, -6238, -4893, 3934, 5836, -1304, -4882, -524, 2678, 976, -268, -169, -1371, -1246, 1761, 2459, -1034, -2840, -222, 2221, 1305, -892, -1689, -595, 1250, 1716, -252, -2135, -820, 1837, 1553, -1127, -1739, 475, 1430, -258, -847, 612, 290, -1371, 38, 2180, -95, -2680, 0, 2729, 61, -2419, 41, 1996, -292, -1717, 557, 1710, -663, -1875, 486, 1967, -5, -1751, -645, 1150, 1234, -291, -1526, -546, 1417, 1095, -990, -1207, 497, 926, -213, -439, 308, 6, -747, 177, 1315, -45, -1698, -343, 1666, 852, -1191, -1273, 443, 1410, 332, -1185, -891, 703, 1083, -154, -906, -251, 511, 378, -99, -206, -150, -150, 168, 494, 20, -620, -313, 456, 585, -95, -699, -278, 591, 523, -307, -569, -20, 441, 269, -221, -376, 11, 363, 118, -281, -130, 178, 53, -86, 32, 45, -39, -64, -50, 125, 174, -156, -252, 95, 273, 45, -256, -162, 217, 182, -140, -125, 44, 67, 34, -50, -42, 61, -16, -71, 88, 96, -108, -156, 73, 242, -12, -297, -35, 284, 51, -199, -34, 96, 1, -21, 26, 3, -18, -38, -34, 101, 139, -153, -286, 186, 455, -196, -600, 181, 687, -144, -694, 105, 623, -73, -491, 48, 341, -25, -201, 0, 90, 36, -11, -73, -27, 107, 31, -124, -16, 122, 19, -97, -43, 65, 71, -39, -81, 30, 77, -32, -49, 33, -4, -20, 59, 3, -86, 16, 93, -41, -106, 74, 147, -95, -197, 92, 233, -59, -230, 8, 193, 51, -131, -105, 61, 145, 8, -159, -55, 170, 50, -201, 32, 259, -163, -323, 280, 384, -325, -433, 284, 472, -181, -488, 76, 464, 0, -391, -45, 295, 71, -210, -72, 157, 52, -129, -12, 109, -27, -79, 52, 46, -62, -15, 84, -13, -121, 41, 155, -45, -156, 8, 119, 73, -44, -182, -55, 299, 164, -375, -243, 370, 278, -286, -250, 178, 153, -81, 1, -13, -173, 141, 317, -289, -400, 416, 426, -474, -400, 448, 343, -340, -281, 172, 240, 33, -207, -238, 150, 404, -40, -489, -106, 496, 237, -438, -283, 344, 240, -245, -151, 175, 66, -145, -6, 149, -18, -160, 13, 150, 25, -100, -87, 23, 138, 64, -132, -141, 71, 200, 0, -215, -32, 171, 15, -68, 34, -54, -88, 146, 136, -175, -167, 159, 178, -133, -148, 121, 90, -123, -30, 145, -7, -190
1791219850.546, MrmFullScanInfo, 498, 107, 2459935, 0, 0, 0, 0, 10000, 39297, 32, 4, 2, 1, 480, 0, 0, 0, 0, 0, 0, 115, -1, -198, 70, 164, -221, -14, 335, -67, -299, -19, 203, 136, -141, -84, 60, -52, 107, 57, -265, 118, 261, -276, -74, 258, -131, -95, 190, -90, -68, 133, -111, 23, 169, -199, -46, 127, -91, 184, 144, -444, -219, 454, 439, -217, -695, -127, 720, 429, -395, -572, -114, 496, 551, -190, -777, -246, 753, 646, -452, -862, -42, 807, 545, -460, -859, -70, 888, 573, -629, -825, 191, 729, 275, -352, -635, -84, 747, 409, -537, -576, 119, 597, 276, -448, -457, 136, 410, 239, -229, -491, 21, 481, 178, -241, -324, -43, 353, 224, -228, -259, 11, 189, 177, -58, -245, -87, 189, 200, -50, -241, -99, 218, 203, -151, -227, 62, 190, 37, -120, -136, 48, 242, 24, -372, -120, 564, 254, -841, -393, 1226, 499, -1697, -539, 2187, 511, -2591, -420, 2847, 309, -2952, -237, 2974, 248, -3001, -326, 3066, 430, -3090, -535, 2943, 638, -2527, -713, 1864, 724, -1084, -609, 371, 335, 149, 67, -422, -480, 468, 753, -348, -768, 169, 502, -35, -47, 16, -411, -115, 703, 276, -740, -410, 555, 441, -258, -339, -2, 141, 123, 97, -76, -294, -66, 385, 210, -341, -270, 184, 240, 8, -149, -122, 25, 96, 105, 23, -178, -139, 150, 186, -41, -133, -74, 13, 133, 115, -118, -196, 69, 207, -22, -138, -10, 18, 35, 83, -33, -99, -8, 37, 77, 23, -107, -15, 53, -45, 52, 114, -100, -158, 30, 188, 113, -203, -224, 193, 251, -121, -219, 1, 173, 103, -116, -131, 35, 89, 61, -31, -125, 12, 127, -43, -71, 112, 12, -185, 8, 237, 26, -237, -99, 195, 175, -125, -211, 34, 207, 63, -184, -137, 161, 170, -146, -166, 150, 146, -163, -121, 175, 109, -167, -91, 133, 52, -71, 15, -5, -77, 75, 104, -93, -94, 34, 84, 75, -70, -173, 29, 231, 38, -236, -100, 197, 151, -127, -191, 57, 196, 2, -143, -40, 67, 48, -21, -31, 42, 15, -106, -15, 171, 34, -192, -64, 165, 100, -98, -118, 13, 111, 75, -74, -136, 39, 136, -20, -62, 20, -43, -29, 123, 52, -127, -84, 58, 119, 46, -138, -128, 120, 163, -48, -152, -45, 105, 123, -31, -162, -46, 170, 112, -156, -149, 131, 159, -85, -144, 36, 124, -10, -98, 23, 63, -47, -22, 51, -6, -20, 27, -31, -46, 94, 73, -147, -101, 171, 139, -164, -177, 152, 205, -149, -209, 158, 200, -169, -189, 214, 184, -314, -182, 453, 201, -569, -257, 617, 341, -579, -395, 459, 384, -271, -323, 47, 256, 177, -196, -351, 132, 444, -45, -448, -29, 383, 59, -278, -35, 184, -7, -134, 50, 121, -72, -114, 70, 95, -42, -53, -8, 3, 83, 38, -148, -52, 165, 51, -130, -38, 82, 22, -51, 0, 51, -19, -67, 34, 84, -27, -87, -10, 92, 60, -97, -92, 92, 108, -69, -121
1791219850.546, MrmDetectionListInfo, 498, 183, 66, 576, 67, 625, 68, 623, 69, 555, 71, 481, 72, 559, 73, 618, 74, 591, 75, 528, 76, 536, 77, 628, 78, 697, 79, 647, 80, 511, 81, 399, 82, 375, 83, 404, 84, 429, 85, 439, 86, 466, 87, 512, 88, 526, 89, 468, 90, 378, 92, 370, 93, 412, 94, 392, 132, 180, 133, 235, 134, 313, 135, 407, 136, 511, 137, 624, 138, 748, 139, 883, 140, 1021, 141, 1157, 142, 1283, 143, 1393, 144, 1484, 145, 1551, 146, 1593, 147, 1612, 148, 1615, 149, 1609, 150, 1604, 151, 1607, 152, 1622, 153, 1650, 154, 1689, 155, 1732, 156, 1768, 157, 1788, 158, 1783, 159, 1747, 160, 1674, 161, 1563, 162, 1415, 163, 1236, 164, 1032, 165, 812, 166, 587, 167, 380, 168, 224, 169, 152, 170, 188, 171, 323, 172, 491, 173, 601, 174, 613, 175, 555, 176, 472, 177, 378, 178, 264, 179, 136, 182, 221, 183, 393, 184, 504, 185, 539, 186, 535, 187, 518, 188, 481, 189, 408, 190, 305, 191, 195, 196, 153, 197, 183, 198, 221, 199, 264, 200, 295, 201, 297, 202, 265, 203, 209, 204, 147, 213, 157, 214, 165, 215, 143, 216, 104, 221, 122, 222, 146, 223, 152, 224, 139, 248, 153, 249, 195, 250, 222, 251, 223, 252, 201, 253, 168, 254, 131, 274, 142, 275, 151, 276, 160, 277, 167, 278, 168, 279, 159, 280, 141, 281, 125, 283, 128, 284, 145, 285, 159, 286, 164, 287, 161, 288, 158, 289, 155, 290, 153, 291, 150, 292, 148, 293, 145, 295, 139, 296, 131, 297, 117, 313, 126, 314, 131, 315, 139, 316, 152, 317, 162, 318, 164, 319, 157, 363, 131, 364, 137, 375, 141, 376, 150, 377, 148, 378, 140, 399, 137, 403, 169, 404, 174, 405, 178, 406, 180, 407, 182, 408, 182, 409, 182, 410, 184, 411, 191, 412, 205, 413, 228, 414, 258, 415, 294, 416, 333, 417, 371, 418, 407, 419, 439, 420, 463, 421, 476, 422, 473, 423, 453, 424, 414, 425, 359, 426, 292, 427, 222, 428, 170, 429, 158, 430, 192, 431, 241, 432, 273, 433, 276, 434, 262, 435, 245, 436, 232, 437, 221, 438, 207, 439, 186, 440, 158
1791219850.687, MrmFullScanInfo, 499, 107, 2460060, 0, 0, 0, 0, 10000, 39297, 32, 1, 2, 1, 480, -20233, 32025, 24635, -31418, -30215, 28890, 32350, -20175, -32512, -2898, 32509, 28567, -29004, -32403, 11534, 32209, 7985, -32382, -20675, 32124, 23015, -26915, -18064, 6659, 14868, 11014, -541, -14925, -10398, 27032, 6584, -29209, 1383, 31800, -7964, -31920, 8793, 32115, -7545, -32317, 2445, 32031, 5440, -28004, -16427, 18774, 25415, -2883, -26996, -11365, 22605, 23092, -14691, -28725, 2640, 27643, 6285, -22967, -11733, 16209, 13575, -8582, -10114, 2391, 4957, 1242, 530, -2635, -4885, 2442, 6945, -194, -6078, -1557, 2506, 2273, 2253, -885, -6780, -2536, 8820, 6163, -9243, -9321, 6550, 10709, -2802, -9873, -1481, 6827, 5105, -2324, -6334, -2068, 5658, 5419, -3336, -6595, 346, 5347, 1856, -3178, -1758, 933, 540, 935, 1310, -1186, -2715, 154, 3225, 942, -2490, -1851, 860, 1969, 925, -1205, -1984, -149, 2692, 1453, -2633, -2341, 1946, 2531, -1465, -2154, 1069, 1550, -1149, -409, 1104, 102, -780, 80, -147, -229, 1397, 496, -2356, -847, 2740, 1866, -2451, -2819, 1748, 3120, -408, -3062, -640, 2205, 1305, -1053, -1667, -18, 1534, 797, -1115, -841, 864, 892, -669, -619, 937, 431, -1316, -440, 1428, 853, -1321, -1244, 925, 1506, -78, -1600, -384, 1203, 910, -708, -1219, 199, 1231, 244, -877, -452, 600, 515, -367, -359, 312, 151, -351, -312, 488, 313, -312, -549, 145, 780, 138, -861, -350, 683, 653, -538, -848, 251, 588, 191, -567, -290, 351, 344, -148, -449, 92, 329, -41, -236, 43, 276, 83, -262, -17, 271, 155, -261, -274, 98, 215, 104, -443, -137, 284, 202, -188, -392, 152, 234, -30, -252, -65, 288, 100, -202, -33, 144, 43, -210, 9, 143, 15, -193, -98, 208, 123, -293, -299, 115, 264, -83, -283, 21, 322, 136, -193, -16, 199, 90, -139, -106, 84, 10, -149, 55, 227, -5, -278, 3, 308, -87, -277, 49, 345, 6, -229, 10, 110, 27, -57, 41, 77, 65, -29, -20, 90, 127, -69, -188, 33, 211, -38, -178, -114, 151, 35, -173, -40, 163, 81, -122, -131, 44, 53, -81, -40, 86, 37, -74, -13, 16, 39, -3, -20, -42, 59, 117, 83, -182, -160, 118, 108, -97, -50, 75, 25, -11, -66, -165, -67, 71, 45, -106, -22, 150, 29, -281, 83, 423, -96, -445, 167, 548, -112, -502, 47, 414, 7, -415, 73, 268, -36, -168, -69, 51, 23, -51, 67, 65, -74, 9, 176, 118, -94, -84, 94, 139, -42, -57, 59, 131, 29, -159, -193, 194, 140, -234, -123, 244, 275, -213, -270, 198, 177, -214, -178, 245, -22, -186, 114, 149, -234, -174, 433, 101, -396, -82, 599, 123, -670, -174, 536, 270, -416, -313, 320, 403, -172, -361, -114, 392, 232, -350, -475, 303, 551, -189, -590, 63, 530, -77, -470, -47, 318, -25, -293, 76, 234, -156, -182, 113, 116, -20, -97, -72, 55, 185, -40, -179, -122, 187, 148, -144, -231, 60, 45, -101, 27, 41, -279, 8, 365, 27, -364, -31, 318, 114, -236, -30, 248, 108, -200, 18, 82, -62, -81, 65, -103, -143
1791219850.687, MrmFullScanInfo, 499, 107, 2460060, 0, 0, 0, 0, 10000, 39297, 32, 2, 2, 1, 480, 0, 0, 0, 0, 0, 0, 10250, -14406, -19386, 29413, 23061, -30823, -25023, 16664, 28469, 4120, -30499, -21335, 25595, 31436, -13045, -36362, -1307, 36964, 11021, -31075, -14068, 17868, 12060, -484, -7730, -15993, 4358, 27681, -4854, -32913, 9217, 32500, -14480, -29457, 17460, 26988, -16684, -26580, 12192, 27373, -4506, -26891, -5386, 22679, 15554, -13842, -23341, 1673, 26401, 10940, -23775, -20926, 16412, 26255, -6823, -26424, -1916, 22237, 7458, -15301, -8880, 7583, 6758, -903, -2638, -3473, -1678, 5081, 4673, -4250, -5398, 1996, 3638, 315, 45, -1459, -4489, 821, 8309, 1409, -10323, -4384, 9924, 6996, -7218, -8249, 3011, 7615, 1467, -5187, -4939, 1654, 6526, 1921, -6025, -4475, 3993, 5372, -1523, -4585, -256, 2647, 760, -445, -102, -1116, -1127, 1548, 2192, -941, -2500, -173, 1868, 1151, -534, -1500, -1021, 1093, 2318, -164, -3029, -845, 3085, 1547, -2664, -1703, 2063, 1321, -1482, -636, 952, 5, -363, 316, -388, -305, 1283, 168, -2132, -217, 2714, 660, -2867, -1420, 2528, 2190, -1747, -2617, 708, 2497, 343, -1853, -1168, 945, 1617, -94, -1665, -463, 1451, 665, -1202, -575, 1098, 356, -1167, -209, 1307, 285, -1354, -588, 1191, 994, -797, -1307, 249, 1375, 336, -1166, -825, 773, 1097, -322, -1104, -61, 919, 288, -668, -338, 471, 280, -378, -214, 365, 233, -354, -368, 293, 579, -160, -759, -45, 828, 289, -744, -494, 522, 605, -220, -606, -65, 519, 270, -383, -365, 251, 366, -145, -314, 71, 268, -22, -252, -16, 255, 64, -237, -137, 175, 235, -81, -321, -19, 357, 118, -325, -198, 248, 250, -147, -271, 56, 272, -1, -247, -8, 210, -6, -174, 23, 160, -19, -175, -13, 216, 72, -247, -139, 244, 205, -192, -253, 118, 276, -46, -264, -2, 224, 30, -174, -30, 142, 3, -142, 42, 177, -87, -223, 127, 261, -149, -275, 149, 263, -120, -216, 78, 151, -34, -89, 0, 56, 26, -53, -52, 71, 88, -92, -129, 98, 163, -75, -179, 37, 186, -2, -182, -16, 168, 34, -140, -47, 112, 50, -91, -34, 78, 16, -60, -5, 35, 12, -1, -24, -40, 22, 94, 5, -144, -38, 168, 52, -150, -43, 92, 32, -7, -24, -70, 19, 121, -12, -149, 20, 190, -56, -253, 130, 331, -216, -394, 280, 429, -287, -430, 246, 408, -186, -355, 135, 274, -81, -176, 30, 97, -3, -45, 24, 18, -73, -6, 121, 16, -139, -38, 131, 65, -103, -87, 59, 119, 1, -167, -54, 225, 87, -269, -105, 291, 129, -290, -145, 284, 129, -270, -63, 240, -40, -183, 165, 112, -285, -36, 391, -27, -480, 69, 556, -74, -598, 37, 585, 47, -517, -156, 410, 264, -263, -348, 83, 411, 112, -445, -290, 441, 425, -393, -496, 313, 502, -222, -450, 148, 369, -112, -279, 122, 195, -142, -123, 133, 78, -70, -64, -24, 69, 116, -56, -178, 9, 205, 56, -197, -91, 165, 58, -104, 51, 22, -190, 64, 303, -114, -348, 112, 336, -67, -294, 21, 247, -4, -189, 23, 113, -56
1791219850.687, MrmFullScanInfo, 499, 107, 2460060, 0, 0, 0, 0, 10000, 39297, 32, 4, 2, 1, 480, 0, 0, 0, 0, 0, 0, 19, 107, -124, -289, 245, 510, -284, -678, 242, 672, -200, -434, 178, 80, -51, 170, -265, -142, 578, -127, -606, 421, 357, -537, -134, 429, 211, -238, -437, 90, 397, 45, 74, -244, -641, 451, 930, -491, -924, 300, 831, 76, -720, -472, 468, 723, -21, -714, -476, 469, 810, -115, -873, -209, 676, 430, -312, -507, -57, 382, 343, -55, -467, -328, 348, 594, -3, -662, -368, 525, 554, -198, -490, -232, 249, 590, 52, -698, -310, 516, 470, -157, -496, -168, 371, 328, -115, -310, -157, 193, 310, -40, -267, -132, 106, 281, 42, -313, -122, 199, 154, -25, -129, -98, 39, 145, 82, -124, -181, 63, 237, 13, -260, -70, 296, 90, -401, -69, 620, 28, -952, 3, 1348, 0, -1691, -9, 1820, -8, -1564, 57, 833, -86, 327, 58, -1689, 7, 2916, -25, -3702, -113, 3923, 469, -3633, -966, 2993, 1440, -2163, -1727, 1260, 1764, -339, -1593, -553, 1346, 1349, -1114, -1943, 912, 2273, -706, -2343, 506, 2213, -356, -1944, 281, 1604, -263, -1252, 266, 936, -237, -676, 136, 496, 51, -383, -298, 298, 554, -184, -748, 20, 822, 185, -751, -387, 561, 533, -297, -559, 19, 427, 223, -155, -390, -144, 454, 343, -398, -390, 256, 327, -98, -215, -15, 112, 70, -57, -67, 62, 41, -101, -21, 154, 17, -177, -32, 148, 81, -71, -147, -9, 191, 58, -166, -61, 69, 55, 44, -54, -100, 43, 95, 0, -71, -47, 71, 76, -88, -67, 102, 34, -85, -5, 54, 4, -29, -20, 15, 39, 0, -55, -6, 78, 6, -104, 5, 139, -18, -172, 26, 197, -23, -192, 9, 147, 23, -62, -55, -44, 69, 156, -59, -252, 35, 324, 10, -361, -67, 356, 112, -303, -122, 225, 109, -142, -82, 69, 58, -7, -38, -36, 18, 65, 13, -77, -40, 74, 47, -60, -36, 57, 30, -70, -28, 93, 25, -99, -16, 82, 22, -42, -47, 1, 79, 36, -99, -71, 106, 116, -98, -162, 69, 186, -5, -168, -73, 124, 139, -82, -167, 52, 155, -22, -110, -6, 59, 25, -29, -9, 38, -38, -53, 93, 51, -105, -25, 61, 1, 17, 8, -85, -1, 115, -4, -115, 12, 114, -34, -104, 79, 87, -122, -73, 153, 81, -158, -105, 131, 134, -69, -140, -5, 105, 74, -26, -121, -68, 149, 150, -158, -182, 147, 152, -100, -78, 27, 3, 32, 54, -26, -93, -40, 120, 118, -119, -162, 90, 193, -43, -248, 13, 347, -22, -467, 78, 572, -143, -627, 171, 626, -131, -557, 40, 420, 76, -232, -184, 46, 255, 94, -272, -178, 258, 213, -248, -208, 263, 180, -283, -143, 291, 110, -272, -79, 229, 63, -160, -57, 77, 63, 5, -65, -69, 53, 106, -22, -118, -16, 122, 40, -109, -25, 72, -21, 2, 71, -89, -85, 150, 74, -155, -59, 129, 63, -111, -75, 117, 80, -118, -74, 90, 81
1791219850.703, MrmDetectionListInfo, 499, 154, 58, 586, 72, 362, 73, 406, 74, 405, 77, 451, 78, 511, 79, 485, 84, 372, 85, 401, 86, 424, 87, 450, 88, 455, 89, 410, 124, 229, 125, 256, 126, 296, 127, 354, 128, 427, 129, 512, 130, 605, 131, 702, 132, 793, 133, 865, 134, 907, 135, 906, 136, 855, 137, 752, 138, 600, 139, 423, 140, 281, 141, 274, 142, 489, 143, 888, 144, 1307, 145, 1605, 146, 1777, 147, 1901, 148, 2020, 149, 2120, 150, 2172, 151, 2173, 152, 2138, 153, 2074, 154, 1977, 155, 1839, 156, 1659, 157, 1442, 158, 1208, 159, 1012, 160, 932, 161, 1000, 162, 1165, 163, 1334, 164, 1447, 165, 1502, 166, 1526, 167, 1532, 168, 1513, 169, 1460, 170, 1379, 171, 1285, 172, 1190, 173, 1095, 174, 1000, 175, 905, 176, 814, 177, 729, 178, 649, 179, 570, 180, 490, 181, 410, 182, 336, 183, 275, 184, 246, 185, 263, 186, 318, 187, 380, 188, 418, 189, 428, 190, 423, 191, 424, 192, 447, 193, 490, 194, 527, 195, 535, 196, 510, 197, 464, 198, 405, 199, 335, 200, 268, 201, 233, 202, 236, 203, 254, 204, 273, 205, 299, 206, 343, 207, 387, 208, 398, 209, 362, 210, 295, 211, 225, 212, 165, 282, 142, 283, 159, 284, 167, 285, 174, 286, 184, 287, 199, 288, 216, 289, 226, 290, 223, 291, 208, 292, 187, 293, 163, 376, 126, 378, 123, 389, 158, 390, 171, 391, 169, 392, 154, 410, 142, 411, 161, 412, 189, 413, 226, 414, 269, 415, 313, 416, 353, 417, 383, 418, 399, 419, 401, 420, 385, 421, 354, 422, 309, 423, 259, 424, 217, 425, 189, 427, 156, 429, 151, 430, 178, 431, 212, 432, 233, 433, 236, 434, 231, 435, 228, 436, 229, 437, 230, 438, 226, 439, 220, 440, 213, 441, 204, 442, 193, 443, 178, 444, 161, 446, 123
1791219850.796, MrmFullScanInfo, 500, 107, 2460185, 0, 0, 0, 0, 10000, 39297, 32, 1, 2, 1, 480, -20166, 32115, 24745, -31031, -29913, 29172, 32344, -20575, -32512, -2832, 32473, 27831, -29054, -32361, 11184, 32512, 7935, -32497, -20216, 32115, 22183, -27231, -17291, 6222, 14942, 10941, -1927, -14395, -10495, 27146, 8176, -28913, 1043, 32229, -8739, -31877, 9971, 32293, -8921, -32293, 2877, 32254, 5789, -28152, -16540, 19494, 24501, -3299, -27625, -11739, 23437, 22440, -14800, -29159, 4297, 27840, 6294, -23380, -12247, 16710, 13850, -8694, -10420, 2181, 5229, 1691, 379, -3246, -5191, 2792, 7521, -513, -6287, -1666, 2707, 2576, 2438, -1212, -6884, -2178, 9224, 6285, -9196, -9366, 6858, 10998, -3175, -10005, -1542, 6795, 5375, -2347, -6647, -2166, 5633, 5472, -3187, -6931, 104, 5699, 1977, -3248, -1967, 779, 824, 938, 1229, -1157, -2665, 153, 3048, 1256, -2141, -1564, 155, 1517, 1979, -430, -3447, -1086, 4083, 2379, -3452, -2872, 2007, 2418, 148, -1308, -1678, -258, 2732, 1393, -2925, -1760, 2468, 1469, -2128, -973, 1624, 146, -1241, 301, 1114, -280, -726, -17, 375, 525, 137, -862, -746, 1076, 1216, -1059, -1653, 829, 1626, -577, -1472, 398, 1262, 59, -922, -280, 722, 460, -508, -751, 91, 1024, 197, -1189, -623, 1093, 1009, -970, -832, 643, 872, -239, -792, -29, 652, 215, -418, -286, 271, 352, -39, -210, 51, 295, -178, -301, 233, 368, -269, -388, 225, 724, -55, -671, -167, 688, 327, -535, -388, 288, 610, -58, -502, -96, 346, 341, -244, -481, 78, 475, 60, -437, -113, 399, 217, -332, -244, 307, 191, -105, -170, 69, 188, -65, -264, -61, 374, 119, -295, -227, 304, 252, -144, -422, 95, 242, 21, -187, -24, 198, 70, -115, -80, 18, 37, -25, 9, 166, -50, -108, -54, 128, 133, -136, -207, 105, 77, -85, -145, 58, 128, 50, -81, 57, 74, -81, -119, 152, 155, -205, -173, 164, 254, -199, -285, 148, 194, -125, -212, -9, 106, 24, -164, -56, -35, 148, 14, -214, -74, 184, 3, -32, -72, 81, 46, -148, -59, 32, 31, -53, 43, 128, -89, -14, 123, 79, -6, -50, 23, 165, -20, -61, -35, 37, -52, -61, 25, 28, -43, 12, 65, -17, 4, -83, 55, 2, -30, -30, -63, 35, 48, -67, -53, 103, 145, -121, 7, 243, -22, -301, 60, 305, -86, -422, 71, 512, -238, -396, 198, 334, -214, -409, 150, 275, -80, -384, 42, 235, -87, -286, 59, 259, -161, -281, -20, 199, 3, -165, 37, 267, -42, -289, -84, 286, 16, -291, -223, 348, 269, -326, -383, 175, 372, -304, -403, 187, 350, -170, -316, 185, -1, -99, 120, 175, -305, -186, 427, 225, -529, -190, 682, 194, -763, -290, 833, 326, -643, -423, 507, 473, -150, -519, -128, 439, 299, -374, -617, 209, 641, -19, -614, -47, 543, 109, -458, 6, 334, -116, -238, 164, 243, -240, -293, 58, 371, 69, -255, -282, 44, 326, -85, -342, -122, 315, 231, -305, -291, 279, 167, 10, 34, 51, -89, 41, 151, -4, -189, -6, 175, 4, -202, -11, 173, 28, -148, 26, 80, -90, -102, 210, 44, -119
1791219850.796, MrmFullScanInfo, 500, 107, 2460185, 0, 0, 0, 0, 10000, 39297, 32, 2, 2, 1, 480, 0, 0, 0, 0, 0, 0, 10222, -14412, -19317, 29475, 22956, -31001, -24897, 16954, 28314, 3817, -30314, -21173, 25466, 31475, -13132, -36488, -896, 36991, 10386, -30909, -13566, 17644, 12016, -464, -7991, -15732, 4410, 27411, -4494, -32919, 8861, 32725, -14681, -29591, 18305, 26825, -17744, -26233, 12939, 27171, -4804, -27066, -5285, 23121, 15483, -14292, -23399, 1997, 26760, 10722, -24430, -20785, 17149, 26245, -7334, -26619, -1802, 22613, 7648, -15664, -9204, 7706, 7093, -698, -2876, -3930, -1624, 5622, 4808, -4683, -5627, 2172, 3847, 439, -69, -1788, -4486, 1176, 8402, 1191, -10511, -4358, 10196, 7088, -7493, -8355, 3142, 7691, 1548, -5245, -5137, 1677, 6677, 2004, -6046, -4707, 3916, 5680, -1401, -4830, -415, 2764, 950, -472, -285, -1095, -971, 1487, 2012, -873, -2166, -160, 1209, 994, 556, -1212, -2466, 741, 3819, 155, -4104, -1044, 3194, 1553, -1392, -1506, -695, 990, 2421, -285, -3356, -282, 3432, 516, -2878, -385, 2062, 36, -1290, 300, 734, -406, -401, 202, 195, 244, 12, -766, -300, 1199, 663, -1427, -1006, 1423, 1229, -1210, -1277, 854, 1185, -430, -1020, 22, 834, 332, -629, -645, 398, 933, -126, -1160, -160, 1274, 410, -1216, -575, 981, 665, -629, -698, 273, 670, 7, -564, -182, 405, 267, -249, -290, 166, 285, -180, -270, 256, 279, -322, -344, 334, 468, -265, -598, 133, 668, 41, -630, -228, 495, 391, -296, -475, 69, 466, 160, -386, -348, 273, 460, -147, -489, 29, 465, 66, -409, -121, 328, 144, -229, -157, 139, 191, -72, -247, 27, 310, 20, -344, -84, 333, 168, -281, -237, 204, 262, -116, -241, 37, 197, 19, -138, -44, 89, 38, -67, -4, 77, -19, -99, 7, 129, 41, -153, -84, 162, 104, -138, -105, 95, 102, -57, -95, 55, 88, -93, -82, 155, 88, -210, -109, 246, 143, -254, -168, 234, 172, -176, -159, 98, 140, -16, -109, -57, 69, 131, -33, -178, 18, 177, -5, -139, -11, 105, 28, -87, -25, 80, 1, -70, 44, 54, -86, -32, 99, 27, -79, -48, 54, 78, -36, -86, 32, 71, -34, -41, 41, 11, -41, 10, 37, -9, -33, -4, 32, 19, -18, -30, -5, 52, 33, -81, -47, 123, 36, -170, 12, 218, -82, -258, 149, 301, -202, -345, 258, 369, -309, -349, 334, 305, -312, -271, 259, 263, -197, -265, 157, 265, -145, -250, 152, 231, -148, -207, 124, 193, -90, -196, 73, 222, -67, -255, 54, 289, -13, -324, -57, 359, 148, -378, -229, 380, 285, -363, -302, 333, 273, -285, -180, 222, 33, -148, 144, 85, -313, -43, 465, 18, -591, 2, 701, -10, -780, -5, 805, 64, -744, -164, 589, 295, -360, -418, 97, 497, 164, -501, -388, 433, 543, -314, -605, 193, 583, -116, -491, 107, 362, -147, -237, 197, 172, -211, -177, 162, 221, -46, -246, -104, 227, 244, -158, -334, 52, 377, 61, -369, -123, 302, 108, -176, -34, 37, -49, 62, 116, -102, -158, 96, 183, -70, -188, 49, 177, -43, -144, 66, 98, -107
1791219850.796, MrmFullScanInfo, 500, 107, 2460185, 0, 0, 0, 0, 10000, 39297, 32, 4, 2, 1, 480, 0, 0, 0, 0, 0, 0, -28, 38, 32, -56, -17, 35, 14, 8, -56, -24, 107, -18, -59, 75, -111, -58, 314, -36, -407, 125, 252, -61, 114, -196, -329, 444, 145, -377, 184, 34, -199, 248, -173, -240, 605, 17, -710, 161, 387, -98, 42, -123, -204, 223, 128, -120, -61, 0, 145, -12, -298, 107, 360, -129, -230, 23, 3, 131, 131, -186, -136, 104, 101, 44, -71, -174, 56, 230, -44, -188, 38, 86, -25, 15, 1, -54, 31, 31, -54, 20, 33, -43, 39, 8, -101, 52, 79, -71, 0, 33, -42, 6, 14, 19, 37, -99, -57, 161, 60, -151, -81, 105, 127, -75, -164, 91, 195, -120, -264, 96, 445, 23, -777, -195, 1219, 337, -1609, -388, 1748, 337, -1448, -198, 635, 4, 617, 201, -2062, -350, 3327, 398, -4047, -353, 4026, 255, -3292, -104, 2096, -122, -802, 464, -242, -877, 846, 1236, -970, -1364, 730, 1143, -342, -558, 36, -264, 58, 1088, 79, -1646, -366, 1764, 661, -1432, -801, 807, 678, -117, -292, -421, -230, 670, 713, -593, -983, 289, 955, 79, -644, -346, 188, 418, 240, -288, -499, 39, 546, 203, -433, -318, 247, 266, -63, -99, -59, -67, 96, 159, -57, -153, -1, 90, 25, -12, 27, -48, -123, 72, 189, -31, -179, -51, 112, 114, -24, -98, -54, 12, 98, 102, -87, -193, 29, 239, 54, -227, -109, 161, 104, -66, -42, -6, -26, 28, 54, 4, -25, -61, -28, 89, 80, -50, -119, -12, 140, 49, -119, -45, 57, 23, 25, 14, -83, -58, 83, 108, -21, -149, -56, 162, 102, -123, -103, 37, 91, 55, -80, -103, 66, 101, -46, -72, 40, 54, -62, -55, 119, 75, -193, -95, 252, 113, -272, -123, 259, 123, -220, -98, 155, 55, -74, -5, 14, -44, 6, 95, 4, -120, -24, 92, 52, -21, -74, -41, 73, 76, -32, -87, -28, 92, 100, -91, -158, 90, 175, -67, -139, 20, 79, 31, -29, -62, 4, 75, 2, -77, -2, 78, 17, -84, -44, 103, 65, -114, -61, 101, 50, -58, -45, 12, 49, 15, -47, -12, 37, -2, -19, 4, 14, 18, -29, -43, 45, 54, -17, -62, -57, 88, 141, -109, -180, 91, 178, -21, -163, -64, 164, 128, -167, -153, 154, 158, -108, -155, 48, 155, 0, -162, -21, 188, 30, -218, -34, 235, 47, -225, -76, 195, 123, -147, -156, 95, 157, -50, -132, 28, 99, -19, -58, 19, 13, -19, 28, 41, -59, -96, 92, 171, -133, -234, 189, 265, -253, -257, 307, 226, -303, -191, 223, 168, -92, -144, -36, 102, 136, -29, -192, -56, 212, 136, -205, -174, 190, 154, -159, -81, 113, 0, -67, 49, 64, -48, -111, 12, 168, 45, -175, -103, 130, 149, -64, -165, 5, 166, 43, -155, -66, 127, 73, -79, -80, 43, 102, -33, -121, 39, 122, -35, -95, 22, 55, -4, -16, -2, -8, 8, 27, -12
1791219850.796, MrmDetectionListInfo, 500, 128, 119, 274, 120, 348, 121, 468, 122, 627, 123, 793, 124, 929, 125, 1017, 126, 1056, 127, 1042, 128, 961, 129, 802, 130, 580, 131, 359, 132, 262, 133, 397, 134, 775, 135, 1268, 136, 1701, 137, 1979, 138, 2130, 139, 2210, 140, 2222, 141, 2136, 142, 1935, 143, 1645, 144, 1315, 145, 989, 146, 702, 147, 497, 148, 419, 149, 495, 150, 709, 151, 974, 152, 1162, 153, 1196, 154, 1102, 155, 946, 156, 764, 157, 553, 158, 333, 159, 172, 160, 161, 161, 330, 162, 603, 163, 849, 164, 1001, 165, 1082, 166, 1131, 167, 1140, 168, 1076, 169, 929, 170, 722, 171, 492, 172, 300, 173, 221, 174, 286, 175, 442, 176, 604, 177, 712, 178, 747, 179, 712, 180, 628, 181, 526, 182, 437, 183, 380, 184, 347, 185, 316, 186, 291, 187, 292, 188, 316, 189, 331, 190, 323, 191, 315, 192, 329, 193, 347, 194, 332, 195, 270, 196, 183, 213, 129, 214, 116, 225, 125, 226, 135, 227, 133, 228, 133, 229, 143, 230, 154, 231, 153, 263, 107, 264, 124, 265, 127, 283, 146, 284, 167, 285, 183, 286, 193, 287, 197, 288, 196, 289, 189, 290, 178, 291, 160, 292, 136, 317, 129, 318, 130, 364, 143, 366, 132, 372, 153, 373, 160, 374, 158, 375, 151, 376, 142, 378, 113, 389, 141, 396, 124, 413, 178, 414, 205, 415, 229, 416, 248, 417, 263, 418, 272, 419, 274, 420, 266, 421, 249, 422, 223, 423, 189, 434, 176, 435, 188, 436, 187, 437, 175, 438, 157
1791219850.921, MrmFullScanInfo, 501, 107, 2460310, 0, 0, 0, 0, 10000, 39297, 32, 1, 2, 1, 480, -19460, 31830, 25762, -31638, -29969, 28749, 32310, -20308, -32512, -2928, 32506, 28046, -28916, -32438, 11171, 32242, 7226, -32499, -20434, 32127, 22051, -26815, -17087, 5949, 15265, 11784, -1098, -14791, -10732, 27179, 7113, -28630, 543, 32032, -8742, -32045, 10162, 32297, -8123, -32343, 2321, 32279, 5604, -27984, -16186, 18988, 24885, -3147, -27452, -11438, 23524, 22898, -14352, -29077, 3741, 27665, 6482, -23019, -11830, 16346, 13329, -8750, -10092, 2475, 4761, 1575, 284, -2998, -4905, 2358, 6950, -470, -6088, -1572, 2557, 2374, 2198, -990, -6871, -2280, 9165, 6102, -8995, -9377, 6604, 10804, -2949, -9804, -1892, 6589, 5163, -2376, -6469, -2221, 5749, 5412, -3176, -6863, 372, 5426, 1455, -2992, -1612, 472, 143, 1604, 1881, -2062, -3582, 1388, 4245, -404, -3728, -445, 1820, 687, 684, -228, -2636, -795, 4404, 1823, -5130, -2859, 4990, 3450, -4339, -3500, 3354, 3401, -2559, -2905, 1655, 2477, -800, -2067, 31, 1459, 804, -949, -1463, 382, 1754, 53, -1873, -247, 1766, 50, -1541, 363, 1502, -548, -1502, 933, 1522, -888, -1418, 742, 1172, -277, -851, 12, 127, 92, 505, -92, -690, -219, 568, 422, -188, -524, -406, 349, 715, -150, -836, -160, 908, 524, -728, -520, 524, 535, -305, -311, 139, 276, -45, -198, 92, 241, -49, -297, -33, 426, 54, -484, -195, 468, 205, -425, -246, 267, 151, -370, -167, 363, 125, -379, -125, 305, 327, -181, -394, 70, 383, 45, -439, -219, 203, 288, -122, -305, -17, 244, 95, -212, -78, 110, 21, -24, -17, 119, -11, -17, -80, -49, 150, 142, -124, -153, 69, 150, -110, -290, -23, 257, 21, -251, -39, 207, 52, 13, 45, 18, 28, -27, 72, -17, -11, -7, -86, -21, 28, 71, -104, -143, 100, 171, -174, -184, -10, 90, -139, -65, 65, -54, -54, 136, 100, -228, -121, 259, 147, -296, -148, 258, 216, -284, -108, 186, 162, -155, -53, 74, 70, 17, -9, -41, 63, 136, -93, -114, 88, 91, -121, -145, 143, 146, -66, -94, 203, 170, -135, -121, 42, 25, -21, -85, 154, -17, -74, -116, 147, -10, -79, -71, 80, 66, -84, -155, -54, 95, 64, -45, -120, -24, 76, -15, -59, 144, 138, -257, 28, 252, -40, -299, 82, 381, -74, -436, 24, 466, -98, -374, 5, 312, 8, -312, -11, 240, -79, -119, -27, 144, -28, -95, 192, 218, -81, -185, 150, 195, -56, -239, 63, 211, 62, -170, -21, 284, 62, -270, -68, 312, 224, -256, -346, 227, 386, -264, -329, 159, 309, -183, -226, 164, 177, -128, 120, 134, -120, -288, 428, 310, -595, -240, 713, 230, -1018, -313, 897, 387, -721, -561, 692, 550, -340, -616, 29, 544, 328, -400, -536, 316, 665, -208, -602, 69, 484, -77, -420, 139, 353, -242, -310, 269, 316, -396, -297, 176, 365, -51, -337, -145, 260, 459, 42, -504, -49, 373, 121, -333, -139, 173, 141, -75, -38, 47, -48, -22, 110, 21, -215, 43, 171, -57, -143, -49, 84, 42, -51, 35, -88, -34, 140, 60, -145, -182
1791219850.921, MrmFullScanInfo, 501, 107, 2460310, 0, 0, 0, 0, 10000, 39297, 32, 2, 2, 1, 480, 0, 0, 0, 0, 0, 0, 10318, -14440, -19487, 29478, 23106, -30904, -24996, 16777, 28363, 3992, -30362, -21253, 25563, 31416, -13264, -36320, -783, 36764, 10348, -30614, -13586, 17238, 12027, 35, -8000, -16189, 4484, 27617, -4615, -32833, 8914, 32524, -14592, -29481, 18079, 26886, -17418, -26415, 12648, 27312, -4666, -27001, -5317, 22877, 15526, -14038, -23447, 1837, 26699, 10816, -24195, -20848, 16817, 26228, -7101, -26462, -1791, 22348, 7388, -15418, -8808, 7591, 6728, -766, -2703, -3680, -1548, 5259, 4562, -4357, -5358, 2029, 3668, 358, 2, -1577, -4479, 983, 8323, 1274, -10338, -4334, 9930, 7004, -7188, -8256, 2905, 7600, 1637, -5164, -5101, 1619, 6622, 1999, -6077, -4583, 4080, 5406, -1691, -4403, -37, 2173, 515, 335, 204, -2200, -1544, 2919, 2722, -2536, -3041, 1489, 2202, -336, -387, -451, -1865, 643, 3943, -265, -5357, -465, 5886, 1274, -5593, -1915, 4749, 2262, -3652, -2308, 2526, 2146, -1468, -1875, 506, 1566, 357, -1248, -1078, 941, 1591, -676, -1842, 525, 1837, -535, -1647, 698, 1398, -939, -1187, 1159, 1047, -1237, -945, 1101, 824, -770, -601, 353, 247, 16, 163, -212, -469, 181, 547, 33, -362, -294, 0, 465, 404, -453, -725, 267, 902, 0, -913, -225, 779, 337, -549, -340, 312, 293, -141, -246, 64, 237, -52, -277, 61, 358, -54, -440, 24, 485, 21, -474, -59, 433, 76, -395, -63, 377, 49, -359, -71, 326, 152, -272, -264, 197, 356, -92, -383, -34, 340, 161, -240, -249, 127, 280, -33, -248, -16, 178, 29, -102, -22, 47, 27, -4, -59, -32, 110, 67, -148, -100, 157, 146, -136, -197, 104, 241, -70, -242, 46, 188, -24, -100, 8, 25, -1, 15, 0, -24, 8, 20, -30, -20, 63, 42, -103, -76, 143, 105, -160, -109, 151, 83, -120, -25, 84, -52, -48, 141, 28, -222, -23, 285, 34, -318, -51, 324, 66, -300, -68, 251, 61, -178, -48, 97, 42, -14, -50, -49, 78, 86, -110, -92, 138, 85, -150, -79, 156, 80, -162, -81, 168, 78, -154, -64, 121, 48, -91, -30, 87, 18, -100, -6, 112, 4, -110, -16, 97, 48, -69, -82, 28, 99, 23, -86, -65, 69, 89, -80, -79, 135, 32, -204, 48, 257, -128, -288, 181, 324, -200, -361, 203, 381, -188, -365, 156, 327, -115, -277, 88, 219, -71, -157, 67, 116, -83, -103, 125, 113, -162, -130, 176, 154, -156, -175, 113, 197, -63, -222, 29, 256, -7, -286, -26, 310, 97, -326, -186, 341, 254, -340, -269, 315, 241, -269, -172, 215, 69, -164, 68, 137, -239, -125, 436, 102, -637, -50, 813, -3, -923, 9, 948, 65, -885, -199, 752, 349, -539, -467, 255, 540, 60, -557, -334, 524, 507, -444, -555, 343, 509, -261, -415, 237, 316, -271, -233, 329, 185, -352, -181, 302, 223, -165, -267, -34, 273, 250, -225, -406, 146, 452, -55, -391, -22, 275, 65, -150, -53, 54, -5, 13, 87, -61, -149, 93, 167, -90, -143, 56, 97, -17, -31, -1, -45, 0
1791219850.937, MrmFullScanInfo, 501, 107, 2460310, 0, 0, 0, 0, 10000, 39297, 32, 4, 2, 1, 480, 0, 0, 0, 0, 0, 0, 82, -19, -146, -4, 126, 87, -76, -144, 17, 135, 3, -66, 60, -30, -171, 134, 256, -235, -239, 361, 117, -464, 40, 460, -137, -304, 120, 67, -17, 96, -54, -103, 14, 26, 56, 42, -7, -88, -96, 86, 123, 10, -83, -131, 70, 175, -67, -132, 17, 72, 78, -14, -144, -64, 105, 155, 36, -196, -217, 158, 338, -68, -311, -42, 133, 165, 100, -250, -252, 233, 268, -100, -176, -65, 67, 166, 16, -152, -90, 70, 169, 13, -232, -74, 251, 109, -200, -109, 95, 87, 9, -53, -41, 8, -17, 73, 139, -196, -261, 359, 341, -547, -380, 780, 424, -1070, -498, 1386, 611, -1625, -706, 1660, 694, -1408, -471, 895, -19, -253, 784, -283, -1772, 496, 2860, -276, -3845, -326, 4500, 1128, -4634, -1861, 4193, 2285, -3281, -2283, 2132, 1899, -996, -1320, 62, 821, 578, -634, -940, 860, 1134, -1394, -1301, 2010, 1553, -2456, -1884, 2572, 2177, -2310, -2283, 1733, 2120, -991, -1692, 270, 1110, 274, -545, -568, 166, 653, -39, -642, 119, 653, -278, -728, 402, 839, -420, -899, 317, 847, -118, -665, -92, 396, 239, -123, -276, -61, 224, 120, -151, -68, 132, -40, -180, 135, 261, -139, -313, 28, 291, 144, -171, -274, -25, 277, 250, -135, -419, -84, 453, 307, -327, -476, 105, 553, 116, -514, -263, 382, 314, -216, -278, 81, 202, 3, -135, -32, 123, 29, -172, -17, 248, 27, -293, -56, 270, 95, -185, -127, 79, 135, 13, -99, -69, 26, 89, 54, -78, -98, 57, 77, -29, 8, 8, -109, -9, 180, 42, -203, -82, 191, 100, -162, -81, 141, 36, -132, 17, 135, -46, -143, 41, 154, 0, -149, -66, 119, 144, -61, -204, -10, 230, 89, -209, -168, 159, 237, -97, -277, 44, 286, -6, -268, -10, 227, 13, -158, -22, 86, 57, -37, -106, 24, 147, -24, -157, 22, 143, -5, -128, -16, 128, 25, -120, -5, 94, -22, -65, 38, 60, -30, -72, 11, 80, 19, -72, -59, 50, 104, -14, -131, -25, 128, 61, -84, -77, 26, 76, 6, -50, 9, 9, -37, 32, 43, -45, -24, 25, 5, 18, 7, -63, -15, 101, 22, -125, -24, 128, 31, -102, -50, 65, 76, -28, -86, 0, 73, 27, -41, -48, 3, 61, 29, -53, -43, 22, 46, 20, -46, -36, 51, 16, -42, 13, 19, -12, 0, -10, -3, 28, 3, -19, -6, 11, 12, -19, -7, 46, -11, -67, 53, 52, -101, 8, 129, -97, -113, 183, 73, -234, -42, 254, 47, -255, -70, 252, 89, -223, -87, 157, 78, -67, -73, -3, 83, 31, -94, -14, 99, -15, -99, 30, 111, -17, -133, -5, 159, 25, -166, -39, 150, 64, -106, -91, 34, 102, 62, -99, -137, 105, 144, -109, -87, 83, 27, -17, -6, -51, 31, 90, -57, -86, 52, 67, -13, -60, -14, 73, 8, -92, 23, 115, -63, -137, 101
1791219850.937, MrmDetectionListInfo, 501, 155, 108, 357, 109, 414, 110, 475, 111, 544, 112, 618, 113, 701, 114, 794, 115, 896, 116, 999, 117, 1092, 118, 1160, 119, 1192, 120, 1174, 121, 1097, 122, 957, 123, 754, 124, 511, 125, 311, 126, 282, 127, 489, 128, 852, 129, 1221, 130, 1509, 131, 1719, 132, 1905, 133, 2114, 134, 2367, 135, 2655, 136, 2932, 137, 3129, 138, 3196, 139, 3132, 140, 2965, 141, 2716, 142, 2393, 143, 2010, 144, 1592, 145, 1175, 146, 800, 147, 538, 148, 469, 149, 585, 150, 770, 151, 914, 152, 1018, 153, 1151, 154, 1347, 155, 1575, 156, 1789, 157, 1971, 158, 2125, 159, 2248, 160, 2322, 161, 2327, 162, 2256, 163, 2115, 164, 1912, 165, 1659, 166, 1368, 167, 1061, 168, 783, 169, 586, 170, 489, 171, 458, 172, 439, 173, 402, 174, 360, 175, 338, 176, 351, 177, 392, 178, 444, 179, 499, 180, 554, 181, 604, 182, 639, 183, 650, 184, 632, 185, 584, 186, 511, 187, 427, 188, 350, 189, 294, 190, 259, 191, 230, 192, 198, 193, 167, 194, 150, 195, 147, 196, 145, 197, 130, 201, 135, 202, 183, 203, 215, 204, 219, 205, 199, 206, 175, 207, 169, 208, 182, 209, 194, 210, 189, 211, 176, 212, 185, 213, 220, 214, 257, 215, 275, 216, 284, 217, 309, 218, 348, 219, 371, 220, 357, 221, 322, 222, 306, 223, 322, 224, 351, 225, 362, 226, 340, 227, 294, 228, 242, 229, 193, 230, 148, 239, 137, 240, 157, 241, 170, 242, 175, 243, 170, 244, 160, 245, 143, 264, 114, 265, 125, 266, 133, 267, 140, 284, 116, 285, 123, 286, 121, 287, 118, 288, 121, 289, 136, 290, 157, 291, 176, 292, 183, 293, 183, 294, 179, 295, 176, 296, 171, 297, 163, 298, 151, 299, 140, 300, 132, 414, 135, 415, 146, 416, 146, 421, 158, 422, 163, 423, 165, 424, 163
1791219851.046, MrmFullScanInfo, 502, 107, 2460435, 0, 0, 0, 0, 10000, 39297, 32, 1, 2, 1, 480, -20706, 32118, 25528, -31544, -30085, 29406, 32391, -22433, -32512, -3515, 32506, 27192, -28898, -32216, 10623, 32512, 8327, -32408, -20606, 32014, 22702, -26778, -17104, 7300, 16125, 11099, -2803, -14885, -10488, 26869, 8676, -28425, -119, 32047, -7385, -32032, 9058, 32005, -8992, -32350, 2903, 32245, 4899, -28119, -16273, 19246, 24710, -3831, -27041, -11960, 22910, 23179, -13981, -29568, 4603, 27825, 6148, -23417, -11482, 16897, 13551, -8819, -10427, 2074, 5107, 1539, 481, -3288, -5155, 2303, 7131, -904, -6309, -1586, 2796, 2242, 2166, -1276, -7053, -2147, 9297, 6255, -8954, -9557, 6567, 11089, -3209, -9939, -1662, 6911, 5294, -2413, -6472, -1768, 5634, 5037, -2823, -5854, -492, 4093, 2599, -936, -2996, -2031, 1732, 4254, 696, -4343, -2813, 2911, 4107, -808, -4279, -1124, 3201, 2389, -1668, -2503, 481, 1598, 408, -687, -484, -233, -115, 449, 823, 40, -1179, -858, 1116, 1666, -464, -1712, -492, 1436, 1177, -949, -1218, 228, 892, 325, -601, -339, 253, 79, -23, 20, 182, -238, -610, 290, 941, 70, -991, -436, 872, 758, -498, -863, -11, 826, 300, -432, -277, -11, 117, 40, 71, 44, -231, -231, 170, 476, 173, -595, -290, 526, 649, -122, -777, -215, 699, 426, -362, -622, 36, 650, 210, -424, -423, 85, 540, 128, -342, -237, 188, 191, 81, 13, 29, -21, -34, 249, 287, -253, -509, 218, 530, 6, -593, -176, 499, 309, -179, -386, -46, 430, 83, -210, -222, 213, 179, -56, -132, 271, 167, -122, -46, 200, 194, -125, -275, 166, 340, -57, -373, -110, 409, 173, -228, -302, 186, 365, -54, -337, 28, 321, 142, -231, -16, 202, -15, -170, 0, 125, -47, -179, 154, 105, 2, -111, -13, 80, 58, -24, -8, -20, -14, 20, 57, 113, 2, -100, -87, 194, 178, -155, -330, 230, 420, -275, -254, 222, 300, -175, -170, 104, 94, -140, -72, -22, 32, -65, -31, 25, -22, 14, 11, -101, -29, 189, -95, -305, 17, 209, -48, -212, -36, 233, -58, -199, 50, 80, 2, -81, 61, 33, -254, -86, 100, 100, -111, -65, -61, 31, 43, 76, -53, -80, 168, -68, -55, 35, 142, -7, -17, 34, -37, -149, -33, 126, 54, -168, -126, 220, 62, -181, 50, 286, -2, -201, 28, 254, -59, -245, 93, 251, -44, -294, 9, 332, 34, -352, -78, 247, 126, -234, -127, 164, 150, -152, -135, 100, 152, -79, -67, 43, 93, -188, -105, 187, 74, -310, -138, 202, 205, -121, -330, -28, 357, 16, -223, -85, 269, 102, -30, -55, -93, -16, 412, 96, -461, -261, 591, 224, -776, -372, 872, 298, -1019, -458, 974, 489, -852, -501, 539, 665, -236, -818, -12, 808, 407, -622, -604, 436, 617, -204, -681, -15, 581, -73, -552, 76, 428, -168, -375, 126, 392, -146, -274, 48, 342, 140, -407, -384, 217, 286, -148, -341, 7, 331, -19, -298, 44, 206, 52, -222, 145, 96, -233, -32, 132, 105, -177, -197, 68, 177, -32, -88, 42, 23, -20, 41, 15, -156, -100, 224, 139, -214
1791219851.046, MrmFullScanInfo, 502, 107, 2460435, 0, 0, 0, 0, 10000, 39297, 32, 2, 2, 1, 480, 0, 0, 0, 0, 0, 0, 10382, -14677, -19507, 30083, 22964, -31723, -24702, 17498, 28031, 3563, -30009, -21131, 25128, 31555, -12749, -36582, -1289, 37076, 10772, -31063, -13986, 17904, 12511, -757, -8474, -15495, 4610, 27249, -4148, -32891, 7954, 32909, -13534, -29936, 17376, 27134, -17340, -26329, 13075, 27007, -5228, -26760, -4869, 22880, 15168, -14166, -23068, 1807, 26378, 11119, -24158, -21260, 17160, 26553, -7644, -26663, -1354, 22483, 7258, -15515, -8976, 7639, 6999, -747, -2859, -3796, -1585, 5485, 4726, -4643, -5547, 2273, 3807, 260, -55, -1639, -4489, 1113, 8364, 1220, -10402, -4425, 10056, 7197, -7389, -8463, 3118, 7787, 1487, -5372, -4986, 1927, 6395, 1511, -5539, -3845, 3078, 4350, -168, -2991, -2000, 452, 2693, 2183, -1837, -3897, -32, 4159, 2075, -3086, -3495, 1276, 3862, 509, -3219, -1648, 1984, 1892, -709, -1402, -122, 602, 296, 47, 82, -227, -670, -94, 1076, 691, -1025, -1243, 522, 1513, 167, -1395, -711, 950, 941, -388, -863, -31, 600, 188, -330, -104, 228, -98, -343, 267, 593, -264, -823, 60, 905, 264, -774, -567, 484, 709, -158, -621, -74, 378, 152, -133, -83, 23, -44, -83, 126, 269, -88, -460, -73, 531, 322, -425, -561, 184, 677, 116, -604, -389, 380, 550, -81, -539, -204, 382, 401, -160, -443, -24, 342, 118, -174, -103, 47, 1, -29, 149, 123, -283, -274, 331, 422, -260, -509, 98, 496, 102, -377, -278, 208, 377, -43, -373, -75, 307, 140, -237, -143, 199, 110, -183, -84, 181, 105, -187, -172, 188, 259, -155, -331, 77, 365, 40, -346, -166, 289, 271, -209, -325, 123, 327, -53, -288, 23, 229, -27, -168, 54, 126, -86, -97, 104, 82, -84, -74, 39, 68, 0, -49, -13, 26, 4, -17, 11, 45, -6, -100, -31, 171, 110, -246, -195, 318, 245, -356, -236, 338, 188, -269, -129, 183, 78, -102, -44, 49, 27, -21, -10, 4, -3, 31, 1, -93, 33, 165, -86, -210, 124, 222, -124, -211, 106, 194, -87, -160, 76, 112, -74, -62, 98, 27, -131, -10, 143, 14, -106, -22, 40, 20, 35, -7, -93, 12, 123, -36, -114, 58, 77, -64, -27, 71, -10, -89, 21, 127, -5, -172, -3, 215, -14, -234, 56, 232, -92, -218, 117, 209, -131, -209, 138, 225, -129, -256, 108, 294, -75, -312, 35, 302, 13, -266, -56, 224, 89, -183, -102, 147, 99, -119, -82, 118, 63, -152, -40, 209, 28, -249, -47, 246, 118, -198, -215, 137, 291, -78, -301, 27, 239, 15, -102, -42, -90, 52, 304, -36, -502, 6, 673, 26, -821, -44, 949, 59, -1031, -83, 1037, 144, -934, -262, 738, 447, -485, -644, 215, 776, 56, -784, -299, 672, 484, -490, -589, 321, 611, -225, -551, 206, 445, -220, -338, 229, 269, -200, -254, 118, 291, 9, -341, -136, 349, 232, -290, -287, 203, 309, -126, -293, 87, 247, -90, -171, 131, 84, -170, -20, 182, 18, -166, -63, 140, 104, -107, -98, 72, 44, -35, 41, 13, -133
1791219851.046, MrmFullScanInfo, 502, 107, 2460435, 0, 0, 0, 0, 10000, 39297, 32, 4, 2, 1, 480, 0, 0, 0, 0, 0, 0, 100, -247, -80, 612, -92, -797, 267, 679, -327, -388, 352, 106, -408, 119, 453, -207, -419, 224, 345, -313, -357, 481, 484, -591, -502, 537, 161, -311, 455, -23, -974, 328, 1074, -423, -708, 256, 102, 47, 386, -268, -535, 249, 446, -49, -347, -71, 355, -60, -309, 319, 66, -422, 284, 317, -500, -157, 453, 67, -214, -34, -41, 13, 159, 13, -110, -61, 0, 135, 79, -197, -103, 204, 89, -117, -40, -10, -7, 89, 18, -42, -12, -77, 47, 169, -106, -178, 131, 158, -106, -180, 109, 287, -233, -481, 523, 764, -944, -1134, 1419, 1559, -1827, -1944, 2023, 2169, -1863, -2136, 1299, 1807, -380, -1208, -769, 449, 1991, 298, -3100, -863, 3947, 1174, -4453, -1272, 4627, 1280, -4502, -1337, 4123, 1544, -3517, -1880, 2689, 2226, -1628, -2446, 411, 2452, 765, -2188, -1672, 1672, 2189, -1022, -2309, 430, 2113, -44, -1744, -74, 1388, -25, -1162, 222, 1073, -345, -1033, 282, 942, -23, -719, -314, 345, 560, 119, -580, -531, 371, 740, -27, -661, -304, 346, 501, 55, -491, -374, 308, 510, -60, -451, -120, 278, 160, -100, -55, 5, -123, -20, 266, 145, -270, -339, 126, 524, 108, -593, -346, 508, 523, -318, -592, 131, 542, -29, -393, 37, 218, -117, -95, 215, 67, -263, -110, 213, 191, -64, -255, -112, 258, 245, -173, -295, 44, 267, 60, -180, -92, 81, 58, -12, 15, 7, -95, -51, 154, 114, -169, -159, 142, 174, -75, -157, -7, 128, 78, -91, -109, 51, 103, -16, -83, 7, 73, -21, -70, 52, 66, -86, -52, 116, 35, -121, -21, 109, 21, -95, -27, 106, 44, -134, -66, 153, 97, -137, -122, 80, 136, 15, -142, -110, 147, 159, -130, -143, 82, 90, -13, -28, -48, -17, 86, 38, -84, -35, 44, 34, 5, -40, -21, 43, -8, -19, 65, -20, -110, 45, 128, -33, -124, 0, 113, 32, -86, -48, 46, 37, 1, 12, -32, -67, 40, 81, -20, -36, -5, -36, 18, 112, -10, -163, 1, 179, -1, -145, 8, 73, -12, 10, 15, -71, -9, 82, -2, -34, 16, -38, -23, 93, 42, -109, -84, 110, 141, -110, -172, 103, 157, -79, -103, 52, 27, -35, 56, 35, -119, -54, 143, 107, -124, -179, 86, 239, -41, -257, -4, 235, 49, -185, -72, 132, 66, -80, -42, 37, 36, -8, -69, 7, 138, -23, -210, 40, 264, -34, -289, 0, 290, 62, -262, -137, 214, 204, -155, -235, 98, 233, -37, -213, -22, 195, 72, -182, -90, 168, 81, -127, -77, 69, 123, -27, -203, 24, 262, -39, -254, 47, 183, -25, -88, -24, 26, 81, -10, -108, 17, 110, -1, -98, -39, 87, 89, -79, -125, 84, 130, -99, -81, 110, -2, -101, 74, 98, -95, -116, 72, 146, -24, -167, -17, 169, 38, -133, -52, 65, 98, 6, -159, -48, 187, 64, -148, -63, 68, 46, 20, 0, -95
1791219851.046, MrmDetectionListInfo, 502, 153, 101, 338, 102, 466, 103, 623, 104, 806, 105, 1010, 106, 1229, 107, 1451, 108, 1663, 109, 1848, 110, 1988, 111, 2067, 112, 2070, 113, 1987, 114, 1816, 115, 1559, 116, 1239, 117, 934, 118, 757, 119, 773, 120, 953, 121, 1230, 122, 1560, 123, 1923, 124, 2288, 125, 2593, 126, 2791, 127, 2890, 128, 2933, 129, 2947, 130, 2934, 131, 2889, 132, 2820, 133, 2743, 134, 2662, 135, 2573, 136, 2463, 137, 2319, 138, 2137, 139, 1912, 140, 1662, 141, 1458, 142, 1405, 143, 1528, 144, 1725, 145, 1854, 146, 1851, 147, 1745, 148, 1600, 149, 1449, 150, 1288, 151, 1115, 152, 956, 153, 839, 154, 767, 155, 710, 156, 654, 157, 625, 158, 643, 159, 685, 160, 706, 161, 681, 162, 613, 163, 522, 164, 438, 165, 395, 166, 396, 167, 405, 168, 395, 169, 385, 170, 418, 171, 488, 172, 527, 173, 485, 174, 398, 175, 350, 176, 367, 177, 390, 178, 363, 179, 311, 180, 305, 181, 357, 182, 398, 183, 366, 184, 285, 185, 223, 186, 210, 187, 208, 188, 173, 194, 187, 195, 232, 196, 261, 197, 280, 198, 296, 199, 318, 200, 356, 201, 409, 202, 460, 203, 486, 204, 474, 205, 436, 206, 387, 207, 338, 208, 289, 209, 239, 210, 194, 211, 159, 213, 130, 214, 133, 215, 145, 216, 160, 217, 174, 218, 181, 219, 178, 220, 165, 221, 154, 222, 160, 223, 188, 224, 221, 225, 238, 226, 228, 227, 196, 228, 162, 229, 140, 230, 133, 242, 156, 243, 158, 244, 153, 285, 125, 286, 150, 287, 156, 288, 142, 360, 140, 361, 134, 375, 145, 376, 150, 377, 151, 378, 146, 396, 128, 397, 144, 398, 155, 399, 158, 403, 169, 404, 185, 405, 194, 406, 195, 407, 192, 408, 186, 409, 177, 410, 163, 411, 145, 416, 129, 474, 126, 475, 121
1791219851.171, MrmFullScanInfo, 503, 107, 2460560, 0, 0, 0, 0, 10000, 39297, 32, 1, 2, 1, 480, -20037, 32113, 25149, -31682, -29373, 29681, 32413, -20975, -32512, -2901, 32511, 27970, -29117, -32463, 11154, 32400, 7707, -32449, -20607, 32195, 21141, -27456, -18047, 6096, 15857, 11105, -335, -15572, -10998, 26575, 7552, -28846, 899, 31821, -8518, -31961, 10780, 31532, -7679, -32223, 3036, 32300, 5067, -27815, -16579, 19527, 25364, -3198, -27037, -11183, 23069, 23095, -15146, -28684, 3499, 27633, 5935, -23026, -11442, 16294, 13376, -9101, -10377, 2328, 4856, 1623, 357, -2704, -5063, 2268, 6970, -526, -6385, -1412, 2792, 2265, 2121, -816, -6359, -2382, 8709, 6230, -8559, -9449, 6346, 10936, -1780, -10110, -2946, 7003, 7090, -2520, -9169, -2308, 8585, 5898, -6001, -7809, 2286, 7019, 1541, -5324, -3851, 3340, 4800, -1615, -4935, 1332, 4492, -1871, -4220, 2462, 4211, -2429, -4209, 2317, 4381, -1411, -3876, -40, 3324, 1595, -2440, -2628, 1024, 3489, 233, -3585, -1334, 3110, 1673, -2648, -1764, 2223, 1507, -1874, -1184, 1601, 1199, -1214, -1134, 779, 1152, -195, -820, -351, 666, 613, -279, -612, 24, 438, 92, -148, -94, -122, -97, 202, 288, -137, -282, -34, 301, 190, -31, -180, -120, 148, 199, 260, -159, -425, 14, 392, 354, -483, -424, 295, 617, -7, -667, -262, 555, 301, -271, -412, 61, 326, 67, -221, -163, 74, 143, -49, -19, 129, -41, -265, -45, 313, 198, -333, -265, 327, 336, -269, -578, 209, 449, 47, -452, -84, 265, 118, -190, -175, 110, 174, -104, -225, -98, 238, 79, -198, 59, 258, 46, -214, -56, 353, 79, -311, -379, 152, 269, -105, -290, 1, 340, -11, -229, -128, 157, 196, 38, -236, -93, 229, 229, -211, -130, 190, 51, -21, -200, -73, 19, 138, -40, -214, -38, 193, 159, -195, -207, 273, 223, -77, -142, 97, 104, -8, -97, -118, 30, 119, -26, -130, 27, 96, 20, 2, 50, -5, -130, -3, 196, 16, -109, -90, 91, 43, -74, -62, -2, 23, 61, -41, -80, 16, -28, 74, 33, 61, -69, -112, 106, 86, -129, -196, 135, 163, -96, -205, 12, 175, 179, -91, -90, 78, 143, 95, -122, -95, 193, 81, -158, -87, 61, 137, -195, -204, 108, 123, 11, -233, -82, 213, 4, -266, -165, 324, 250, -219, -221, 228, 282, -251, -188, 192, 211, -270, -185, 197, 69, -118, -62, 239, 53, -206, 15, 234, -19, -301, -28, 348, 77, -325, -42, 387, 105, -371, -141, 320, 161, -340, -173, 280, 140, -186, -122, 218, 86, -211, -53, 125, 126, -154, -232, -13, 250, -21, -286, -51, 260, 169, -204, -189, 74, 187, 144, -73, -325, -49, 450, 144, -562, -336, 633, 275, -620, -389, 478, 386, -343, -370, 230, 430, -105, -435, -157, 415, 309, -270, -396, 102, 341, -90, -362, 13, 327, -27, -269, 29, 228, -8, -249, 109, 231, 10, -155, -70, 285, 175, -119, -145, 127, 165, -235, -69, 136, -55, -116, 141, 164, -224, -270, 149, 351, -78, -291, -3, 351, 37, -291, -66, 265, 158, -142, -120, 270, 40, -234, -87, 330, 132, -348, -79, 311, 223
1791219851.171, MrmFullScanInfo, 503, 107, 2460560, 0, 0, 0, 0, 10000, 39297, 32, 2, 2, 1, 480, 0, 0, 0, 0, 0, 0, 10202, -14582, -19196, 29803, 22740, -31309, -24708, 17100, 28251, 3831, -30389, -21232, 25589, 31494, -13246, -36475, -787, 36986, 10353, -30928, -13645, 17611, 12064, -253, -7866, -16111, 4213, 27716, -4373, -32942, 8824, 32485, -14633, -29214, 18146, 26477, -17500, -26026, 12791, 27067, -4825, -26961, -5247, 23053, 15491, -14311, -23361, 2043, 26613, 10703, -24226, -20748, 16999, 26088, -7369, -26319, -1543, 22273, 7274, -15446, -8840, 7699, 6809, -905, -2722, -3556, -1635, 5209, 4730, -4424, -5548, 2202, 3846, 133, -190, -1339, -4214, 741, 7979, 1523, -9925, -4603, 9395, 7355, -6420, -8766, 1761, 8288, 3289, -5964, -7310, 2388, 9235, 1476, -8679, -4610, 6051, 6347, -2362, -6574, -1171, 5702, 3652, -4429, -4763, 3431, 4737, -3016, -4108, 3064, 3443, -3220, -3071, 3127, 3014, -2528, -3100, 1384, 3110, 109, -2844, -1623, 2212, 2848, -1294, -3564, 325, 3721, 450, -3436, -877, 2919, 973, -2348, -878, 1833, 773, -1385, -741, 962, 768, -514, -784, 66, 730, 296, -577, -483, 355, 469, -133, -293, -5, 54, 25, 140, 53, -211, -154, 154, 203, -20, -160, -91, 46, 95, 86, 29, -161, -218, 127, 392, 21, -484, -229, 453, 438, -301, -581, 92, 601, 111, -484, -258, 288, 323, -86, -300, -57, 226, 111, -158, -80, 142, 20, -183, 7, 263, 26, -342, -112, 395, 231, -396, -342, 334, 411, -217, -412, 83, 357, 35, -271, -120, 186, 177, -106, -212, 48, 236, -24, -242, 32, 242, -41, -254, 22, 281, 40, -296, -128, 278, 215, -222, -271, 150, 290, -65, -258, -29, 184, 133, -85, -222, -9, 277, 68, -276, -85, 214, 86, -102, -91, -17, 98, 118, -81, -184, 34, 229, 38, -255, -101, 257, 131, -215, -125, 137, 106, -37, -89, -51, 83, 110, -74, -119, 62, 89, -48, -37, 56, -9, -85, 38, 119, -35, -132, 12, 120, 16, -83, -36, 32, 49, 17, -47, -35, 31, 20, -12, 19, 14, -69, -37, 122, 70, -161, -101, 175, 129, -143, -148, 70, 160, 18, -146, -88, 100, 134, -31, -168, -24, 189, 52, -185, -67, 172, 89, -157, -113, 131, 144, -84, -185, 37, 237, 5, -283, -49, 314, 101, -323, -142, 317, 160, -303, -152, 290, 125, -267, -84, 235, 42, -203, -4, 192, -28, -201, 60, 229, -79, -267, 81, 311, -69, -349, 51, 375, -25, -382, -6, 377, 38, -354, -56, 317, 61, -271, -51, 230, 37, -195, -37, 165, 75, -134, -144, 109, 219, -78, -265, 34, 274, 32, -229, -98, 124, 140, 42, -139, -240, 100, 436, -32, -593, -37, 687, 99, -691, -152, 615, 213, -487, -278, 344, 347, -188, -401, 25, 420, 133, -384, -255, 307, 327, -218, -345, 149, 325, -106, -280, 92, 237, -94, -202, 95, 186, -67, -188, 11, 203, 52, -215, -90, 220, 83, -208, -22, 175, -68, -129, 160, 115, -219, -147, 232, 211, -200, -274, 143, 314, -78, -315, 17, 290, 32, -261, -48, 253, 36, -269, -10, 303, 0
1791219851.171, MrmFullScanInfo, 503, 107, 2460560, 0, 0, 0, 0, 10000, 39297, 32, 4, 2, 1, 480, 0, 0, 0, 0, 0, 0, -143, -2, 285, -37, -265, 95, 101, -126, 92, 113, -243, -59, 297, -10, -303, 19, 311, 11, -252, -14, 179, -67, -251, 237, 417, -383, -338, 340, -49, -65, 492, -289, -666, 551, 466, -550, -95, 320, -141, -47, 192, -97, -201, 150, 184, -169, -145, 208, 100, -285, -29, 341, -56, -336, 81, 279, -12, -182, -61, 55, 108, 68, -117, -156, 92, 219, -56, -221, 45, 137, -49, 12, 77, -174, -150, 296, 272, -339, -375, 289, 469, -211, -636, 226, 919, -374, -1294, 567, 1751, -666, -2274, 579, 2743, -230, -2927, -456, 2589, 1547, -1613, -2974, 82, 4503, 1787, -5792, -3693, 6539, 5318, -6536, -6370, 5765, 6670, -4416, -6170, 2823, 5007, -1282, -3484, -18, 1971, 1015, -752, -1740, -50, 2282, 473, -2701, -626, 3001, 659, -3129, -684, 3049, 757, -2744, -842, 2239, 887, -1584, -853, 884, 735, -251, -551, -224, 358, 496, -221, -557, 172, 471, -198, -339, 275, 247, -356, -226, 399, 274, -382, -333, 327, 346, -247, -287, 158, 186, -67, -87, -12, 36, 68, -35, -87, 49, 90, -43, -91, 17, 100, 22, -105, -60, 99, 96, -73, -120, 30, 127, 29, -102, -94, 49, 142, 21, -136, -87, 72, 133, 18, -141, -89, 109, 130, -44, -135, -26, 104, 76, -37, -80, -32, 40, 73, 22, -71, -67, 49, 71, -10, -42, -42, 16, 93, 6, -111, -45, 93, 105, -50, -145, 6, 148, 21, -129, -20, 122, 4, -126, 22, 124, -56, -98, 93, 56, -118, -10, 120, -16, -108, 11, 106, 36, -125, -107, 152, 182, -144, -239, 78, 283, 32, -306, -131, 288, 182, -217, -181, 122, 158, -37, -139, -7, 146, 0, -174, 65, 205, -167, -218, 268, 222, -321, -226, 313, 229, -252, -213, 166, 179, -81, -124, 17, 56, 35, 5, -78, -20, 116, -21, -147, 102, 177, -182, -203, 241, 228, -275, -247, 285, 254, -249, -242, 170, 222, -81, -185, 22, 125, 19, -52, -71, -3, 127, 38, -168, -58, 196, 68, -207, -65, 189, 77, -135, -116, 74, 169, -17, -196, -33, 185, 92, -140, -155, 90, 216, -49, -255, 23, 262, 7, -241, -40, 209, 67, -166, -71, 115, 62, -56, -38, 7, -5, 25, 69, -36, -132, 33, 183, -14, -211, -9, 223, 35, -210, -48, 165, 50, -86, -40, 0, 23, 73, 5, -111, -38, 121, 64, -113, -60, 106, 26, -110, 31, 133, -97, -159, 154, 173, -174, -166, 164, 139, -144, -80, 150, 4, -196, 66, 283, -104, -371, 101, 413, -43, -383, -55, 301, 167, -189, -256, 65, 303, 64, -295, -169, 241, 235, -165, -252, 119, 224, -112, -160, 134, 95, -160, -48, 180, 37, -166, -60, 101, 95, 12, -93, -155, 49, 305, 4, -427, -42, 491, 83, -479, -122, 399, 153, -270, -165, 146, 167, -60, -154, 17, 137, 4, -134, -11, 163, 19, -223, -41, 299, 90
1791219851.171, MrmDetectionListInfo, 503, 179, 87, 352, 88, 362, 89, 370, 90, 391, 91, 440, 92, 525, 93, 642, 94, 782, 95, 934, 96, 1090, 97, 1240, 98, 1378, 99, 1491, 100, 1565, 101, 1591, 102, 1586, 103, 1597, 104, 1659, 105, 1768, 106, 1880, 107, 1946, 108, 1982, 109, 2153, 110, 2685, 111, 3583, 112, 4553, 113, 5289, 114, 5739, 115, 6027, 116, 6231, 117, 6299, 118, 6153, 119, 5794, 120, 5284, 121, 4683, 122, 4013, 123, 3288, 124, 2539, 125, 1832, 126, 1286, 127, 1026, 128, 1032, 129, 1116, 130, 1126, 131, 1110, 132, 1217, 133, 1469, 134, 1722, 135, 1846, 136, 1857, 137, 1852, 138, 1878, 139, 1905, 140, 1888, 141, 1823, 142, 1735, 143, 1633, 144, 1511, 145, 1357, 146, 1174, 147, 976, 148, 776, 149, 584, 150, 424, 151, 330, 152, 316, 153, 352, 154, 391, 155, 398, 156, 373, 157, 338, 158, 312, 159, 296, 160, 286, 161, 281, 162, 283, 163, 294, 164, 310, 165, 326, 166, 338, 167, 345, 168, 343, 169, 331, 170, 308, 171, 274, 172, 231, 173, 183, 174, 133, 262, 131, 263, 156, 264, 173, 265, 180, 266, 178, 267, 171, 268, 166, 269, 171, 270, 189, 271, 214, 272, 229, 273, 222, 274, 196, 275, 165, 276, 135, 284, 135, 285, 169, 286, 201, 287, 229, 288, 250, 289, 265, 290, 274, 291, 275, 292, 267, 293, 252, 294, 230, 295, 203, 296, 172, 297, 139, 310, 169, 311, 197, 312, 218, 313, 233, 314, 248, 315, 260, 316, 267, 317, 268, 318, 260, 319, 244, 320, 221, 321, 193, 322, 163, 349, 131, 376, 103, 378, 113, 404, 151, 405, 166, 406, 173, 407, 173, 408, 167, 409, 156, 416, 154, 417, 198, 418, 230, 419, 246, 420, 248, 421, 240, 422, 225, 423, 208, 424, 198, 425, 199, 426, 203, 427, 203, 428, 191, 429, 177, 430, 173, 431, 184, 432, 206, 433, 223, 434, 228, 435, 219, 436, 203, 437, 188, 438, 176, 439, 163, 440, 150, 455, 153, 456, 181, 457, 200, 458, 225, 459, 257, 460, 284, 461, 296, 462, 291, 463, 278, 464, 261, 465, 238, 466, 208, 467, 176, 468, 147, 479, 133
1791219851.296, MrmFullScanInfo, 504, 107, 2460685, 0, 0, 0, 0, 10000, 39297, 32, 1, 2, 1, 480, -21872, 31691, 25018, -31454, -29705, 29030, 32387, -21592, -32512, -2780, 32494, 27331, -28928, -32331, 9994, 32284, 9694, -32510, -20378, 31939, 21793, -27960, -17166, 6122, 15888, 11059, -613, -14823, -11756, 27014, 8896, -29119, -620, 31902, -8135, -32063, 11553, 31701, -8125, -32344, 3753, 32220, 5493, -28200, -16626, 18717, 24380, -3329, -26995, -11630, 23153, 22895, -15483, -28473, 3473, 27480, 6186, -22854, -11208, 15629, 13050, -7290, -9890, 297, 4159, 3480, 1220, -5002, -6060, 4349, 8231, -2054, -7779, -637, 4695, 2318, -318, -1649, -3658, -497, 5675, 3801, -5408, -6282, 3482, 6966, -12, -5029, -3347, 804, 5802, 4622, -6295, -9816, 5233, 13089, -1257, -14934, -1396, 12761, 3301, -9025, -3955, 5062, 3339, -1629, -2514, -226, 1437, 839, -856, -523, 1060, 359, -1703, -155, 2530, 398, -3020, -979, 3648, 1526, -3189, -1875, 2423, 2142, -1576, -1926, 557, 1678, -165, -1140, -152, 889, 240, -497, -501, 292, 760, 11, -838, -86, 765, 249, -644, -397, 530, 215, -217, -135, 188, 71, -36, 97, 125, -286, -171, 314, 204, -361, -252, 516, 237, -558, -126, 535, 133, -584, -404, 574, 299, -373, -562, 341, 549, -184, -452, 40, 263, -17, -308, -58, 328, -5, -255, -90, 185, 102, -214, -149, 59, 259, 22, -300, -159, 390, 307, -341, -258, 300, 254, -351, -141, 289, 68, -344, -116, 249, 143, -121, -90, 94, 156, 152, -283, -319, 269, 407, -218, -640, 28, 478, 138, -323, -252, 139, 137, -64, -137, -86, 13, 103, -158, -80, 156, 98, -198, -1, 361, -58, -374, -48, 288, 128, -157, -166, 129, 125, -67, -113, 108, 80, -137, -14, 67, 87, -242, -176, 108, 112, -92, -234, -82, 237, 45, -193, -116, 21, 114, 44, 22, -39, -2, 76, 93, 65, -81, -52, -49, 85, 89, -66, -182, 31, 192, 102, -137, -86, 83, 111, -36, -26, -114, 72, 25, 1, -41, -83, -59, 25, 60, -77, 3, -91, -55, 74, 68, -158, -114, -4, 184, 2, -198, -32, -9, 72, -9, -102, -184, 54, 102, 81, -273, -119, 141, 32, -79, -107, 23, -53, -72, 74, 133, -31, -38, 78, 139, -57, -117, -15, 90, 154, -8, -169, 17, 165, 27, -118, 11, 193, -8, -223, -19, 221, -94, -219, 32, 217, -17, -245, -42, 255, 135, -222, -264, 201, 183, -135, -210, 146, 109, -187, -112, 209, 87, -197, -103, 161, 70, -107, -30, 187, 74, -98, -78, 99, -35, -107, -2, 31, 80, 52, -178, -81, 29, 54, 72, 23, -84, -34, 44, 48, -72, -186, 164, 193, -56, -194, 46, 221, 7, -177, -3, 123, -51, -122, 95, 148, -100, -138, 186, 155, -146, -248, 118, 268, -54, -267, 65, 357, -76, -374, -51, 337, 25, -447, -156, 381, 266, -366, -352, 366, 416, -197, -484, 24, 354, 83, -269, -186, 107, 202, 12, -147, -43, 72, 125, -55, -80, -20, -165, 32, 255, 55, -255, -59, 183, 25, -77, -114, 43, -87, 79, 153, -115, -152, 189, 285, -178, -283
1791219851.296, MrmFullScanInfo, 504, 107, 2460685, 0, 0, 0, 0, 10000, 39297, 32, 2, 2, 1, 480, 0, 0, 0, 0, 0, 0, 10334, -14523, -19416, 29753, 22932, -31396, -24747, 17354, 28037, 3534, -29796, -21098, 24630, 31647, -12196, -36838, -1521, 37352, 10553, -31129, -13449, 17658, 11735, -264, -7482, -16116, 3603, 27891, -3470, -33389, 7917, 33051, -14147, -29624, 18274, 26556, -18018, -25842, 13282, 26819, -5089, -26770, -5116, 22875, 15353, -14084, -23256, 1849, 26631, 10737, -24311, -20593, 17027, 25819, -7322, -25900, -1591, 21476, 7292, -14074, -8863, 5786, 6833, 1346, -2670, -5918, -1866, 7449, 5258, -6298, -6530, 3517, 5441, -521, -2488, -1372, -1239, 1447, 4467, 160, -6142, -2521, 5734, 4339, -3325, -4512, -398, 2581, 4348, 1114, -7296, -5653, 8334, 9861, -7308, -12563, 4854, 12955, -1941, -11004, -590, 7556, 2232, -3854, -2843, 972, 2633, 592, -2049, -950, 1596, 582, -1576, -24, 2017, -324, -2700, 309, 3291, 28, -3479, -540, 3146, 1059, -2408, -1420, 1524, 1529, -740, -1384, 182, 1075, 184, -723, -447, 432, 655, -238, -784, 114, 810, -13, -735, -65, 585, 105, -393, -92, 214, 31, -88, 81, 33, -217, -30, 351, 53, -461, -63, 546, 42, -590, -10, 602, 17, -595, -81, 577, 194, -537, -313, 470, 391, -368, -394, 241, 354, -120, -314, 45, 289, -11, -261, -5, 228, 41, -183, -105, 128, 199, -52, -303, -29, 390, 101, -433, -135, 432, 121, -398, -72, 353, 24, -300, -6, 244, 26, -170, -75, 73, 160, 50, -262, -187, 341, 321, -343, -418, 255, 448, -102, -394, -46, 282, 136, -140, -158, 11, 157, 71, -162, -83, 191, 37, -235, 40, 281, -98, -299, 95, 279, -28, -231, -53, 183, 105, -148, -104, 130, 69, -123, -35, 133, 32, -152, -56, 156, 103, -123, -162, 70, 205, -12, -192, -32, 126, 58, -34, -52, -32, 19, 54, 22, -30, -41, -16, 19, 65, 40, -90, -106, 79, 155, -32, -165, -19, 132, 58, -66, -73, -1, 68, 39, -34, -35, -13, 12, 51, 4, -44, 1, -7, -15, 77, 37, -114, -72, 108, 114, -69, -126, 18, 90, 40, -16, -83, -66, 86, 143, -51, -192, 8, 194, 19, -147, -18, 92, -5, -55, 45, 45, -76, -52, 90, 70, -73, -84, 19, 90, 61, -84, -130, 74, 166, -61, -174, 53, 182, -56, -192, 77, 200, -101, -198, 109, 201, -85, -216, 31, 242, 42, -261, -108, 263, 143, -243, -136, 221, 103, -206, -60, 202, 29, -194, -12, 179, 8, -161, -9, 146, 12, -131, -3, 112, -6, -78, -3, 36, 48, 3, -87, -21, 78, 23, -17, -15, -47, -2, 95, 41, -127, -91, 149, 140, -147, -170, 122, 183, -88, -173, 70, 148, -74, -119, 104, 99, -144, -92, 181, 110, -196, -148, 191, 203, -174, -257, 159, 305, -141, -339, 112, 371, -60, -400, -12, 428, 106, -440, -203, 420, 291, -343, -346, 217, 354, -65, -304, -68, 214, 154, -105, -176, 6, 150, 50, -92, -31, 24, -56, 37, 163, -70, -222, 67, 211, -35, -142, 13, 47, -23, 59, 66, -158, -117
1791219851.296, MrmFullScanInfo, 504, 107, 2460685, 0, 0, 0, 0, 10000, 39297, 32, 4, 2, 1, 480, 0, 0, 0, 0, 0, 0, 67, 73, -97, -100, 88, -2, -11, 167, -158, -232, 477, 106, -817, 143, 903, -345, -583, 361, 75, -191, 292, -3, -458, 111, 579, -180, -756, 325, 860, -472, -654, 435, 152, -166, 366, -158, -573, 313, 420, -253, -158, 135, 25, -108, -43, 155, 26, -102, 80, -101, -107, 318, -1, -421, 103, 537, -79, -867, 11, 1389, 15, -1884, -24, 2191, 91, -2276, -254, 2152, 546, -1814, -1000, 1311, 1624, -714, -2357, 81, 3084, 570, -3661, -1246, 3968, 2002, -3911, -2933, 3463, 4112, -2680, -5487, 1765, 6822, -903, -7826, 212, 8323, 169, -8185, -107, 7301, -304, -5721, 717, 3782, -817, -1885, 545, 304, -44, 862, -479, -1609, 883, 1983, -1112, -2019, 1213, 1732, -1248, -1152, 1244, 410, -1199, 299, 1142, -790, -1096, 978, 1056, -900, -968, 701, 764, -516, -408, 419, -19, -405, 369, 433, -513, -440, 449, 373, -260, -213, 63, 12, 49, 158, -35, -236, -67, 220, 179, -144, -221, 77, 171, -86, -56, 206, -56, -393, 92, 565, -8, -629, -162, 550, 341, -351, -427, 107, 365, 106, -161, -216, -95, 188, 294, -42, -351, -146, 265, 300, -90, -346, -92, 262, 217, -75, -234, -131, 146, 277, -7, -314, -89, 257, 90, -145, 10, 28, -158, 62, 288, -93, -352, 74, 331, -39, -216, 26, 40, -50, 131, 111, -227, -175, 216, 198, -105, -152, -35, 49, 131, 92, -144, -228, 99, 315, -31, -311, -17, 218, 33, -68, -12, -77, -25, 173, 66, -204, -103, 198, 142, -183, -166, 172, 170, -145, -164, 87, 172, 2, -184, -98, 174, 192, -119, -278, 38, 340, 42, -336, -96, 256, 117, -122, -103, -11, 61, 108, -5, -145, -37, 135, 46, -97, -6, 61, -66, -44, 147, 57, -192, -85, 182, 111, -117, -123, 35, 114, 28, -75, -48, 7, 39, 65, -25, -94, 26, 56, -25, 25, 17, -85, -22, 103, 52, -90, -80, 66, 86, -29, -68, -7, 35, 32, 11, -37, -48, 31, 58, -17, -35, 26, 8, -67, 9, 132, -1, -190, -26, 230, 63, -243, -93, 224, 121, -178, -145, 136, 156, -114, -140, 107, 110, -93, -83, 70, 73, -42, -67, 23, 55, -13, -17, 9, -45, -5, 120, 9, -174, -25, 189, 57, -162, -82, 108, 91, -42, -82, -6, 72, 35, -65, -40, 70, 31, -79, -17, 90, 35, -91, -96, 95, 167, -104, -195, 108, 189, -81, -181, 26, 168, 35, -101, -84, -27, 123, 192, -140, -357, 141, 519, -129, -654, 106, 728, -57, -704, -28, 587, 147, -398, -277, 169, 389, 76, -428, -299, 373, 468, -235, -566, 65, 600, 85, -570, -181, 488, 231, -367, -250, 234, 269, -104, -304, 4, 348, 59, -361, -87, 316, 90, -210, -69, 72, 34, 58, 16, -145, -86, 180, 160, -165, -192, 114, 160, -43, -88, -22, 32, 67, -21, -77, 60, 67, -135, -56, 235, 60, -339, -76
1791219851.296, MrmDetectionListInfo, 504, 242, 67, 597, 68, 730, 69, 869, 70, 990, 71, 1079, 72, 1141, 73, 1189, 74, 1228, 75, 1257, 76, 1273, 77, 1281, 78, 1286, 79, 1294, 80, 1308, 81, 1329, 82, 1357, 83, 1397, 84, 1493, 85, 1705, 86, 2031, 87, 2383, 88, 2669, 89, 2876, 90, 3048, 91, 3220, 92, 3388, 93, 3534, 94, 3656, 95, 3771, 96, 3889, 97, 4003, 98, 4097, 99, 4158, 100, 4186, 101, 4198, 102, 4210, 103, 4204, 104, 4123, 105, 3930, 106, 3647, 107, 3322, 108, 2979, 109, 2600, 110, 2158, 111, 1657, 112, 1134, 113, 643, 114, 289, 116, 485, 117, 927, 118, 1298, 119, 1479, 120, 1528, 121, 1553, 122, 1578, 123, 1560, 124, 1465, 125, 1312, 126, 1135, 127, 957, 128, 803, 129, 718, 130, 732, 131, 835, 132, 964, 133, 1044, 134, 1046, 135, 995, 136, 928, 137, 854, 138, 763, 139, 648, 140, 519, 141, 392, 142, 285, 143, 231, 144, 265, 145, 374, 146, 478, 147, 511, 148, 471, 149, 402, 150, 332, 151, 256, 152, 165, 157, 146, 158, 162, 159, 158, 160, 161, 161, 175, 162, 181, 163, 166, 164, 137, 168, 135, 169, 186, 170, 247, 171, 298, 172, 324, 173, 331, 174, 346, 175, 377, 176, 405, 177, 404, 178, 367, 179, 308, 180, 248, 181, 203, 182, 176, 183, 161, 184, 157, 185, 164, 186, 182, 187, 201, 188, 211, 189, 217, 190, 228, 191, 241, 192, 240, 193, 222, 194, 202, 195, 195, 196, 197, 197, 190, 198, 169, 199, 152, 200, 155, 201, 171, 202, 179, 203, 173, 204, 169, 205, 174, 206, 174, 207, 146, 212, 157, 213, 206, 214, 222, 215, 217, 216, 204, 217, 184, 218, 153, 219, 111, 224, 162, 225, 201, 226, 211, 227, 198, 228, 171, 229, 136, 234, 129, 235, 165, 236, 185, 237, 191, 238, 186, 239, 175, 240, 159, 249, 142, 250, 152, 251, 156, 252, 160, 253, 166, 254, 171, 255, 172, 256, 169, 257, 162, 258, 152, 263, 109, 264, 139, 265, 168, 266, 182, 267, 181, 268, 176, 269, 177, 270, 185, 271, 195, 272, 201, 273, 196, 274, 177, 275, 146, 293, 133, 295, 139, 296, 130, 297, 114, 343, 156, 344, 164, 345, 167, 346, 165, 347, 161, 348, 155, 349, 149, 376, 107, 396, 148, 397, 153, 398, 150, 399, 141, 409, 167, 410, 226, 411, 273, 412, 305, 413, 334, 414, 366, 415, 393, 416, 408, 417, 405, 418, 388, 419, 363, 420, 339, 421, 322, 422, 312, 423, 300, 424, 278, 425, 254, 426, 241, 427, 257, 428, 301, 429, 357, 430, 395, 431, 399, 432, 376, 433, 346, 434, 326, 435, 324, 436, 336, 437, 352, 438, 358, 439, 348, 440, 325, 441, 295, 442, 265, 443, 237, 444, 211, 445, 188, 446, 173, 447, 170, 448, 183, 449, 206, 450, 223, 451, 220, 452, 198, 463, 172, 464, 171, 465, 161, 478, 128, 479, 155
1791219851.437, MrmFullScanInfo, 505, 107, 2460810, 0, 0, 0, 0, 10000, 39297, 32, 1, 2, 1, 480, -20769, 31986, 24357, -31606, -30039, 28317, 32294, -20339, -32512, -3419, 32512, 27318, -28826, -32356, 10827, 32512, 9170, -32451, -20371, 32064, 23895, -27268, -18305, 5718, 15181, 10744, -673, -15720, -11033, 27118, 7796, -28465, 169, 32052, -8612, -31693, 9608, 32085, -8155, -32254, 2955, 32271, 5701, -27877, -15735, 19184, 24739, -3483, -27576, -12125, 23046, 23052, -14648, -29663, 3795, 28238, 6000, -23914, -10990, 17183, 12477, -9474, -9660, 2539, 4965, 2340, 42, -4666, -4391, 5161, 6844, -3818, -5952, 2345, 3595, -1151, 251, 1371, -4026, -3739, 6271, 6723, -6198, -9254, 3977, 10663, -974, -9874, -3049, 6902, 6162, -2792, -7864, -1686, 7470, 5180, -5672, -7064, 2500, 6569, 16, -4836, -1134, 2667, 491, -719, 1085, -57, -2485, -291, 3320, 1413, -3203, -2502, 1835, 2989, -185, -2849, -1287, 1807, 2363, -464, -2332, -644, 1633, 1273, -664, -1279, -99, 727, 349, 5, -34, -294, -571, 459, 1004, -93, -1067, -244, 722, 662, -316, -613, -270, 273, 475, 27, -406, -362, 146, 413, 288, -132, -368, -225, 359, 563, 44, -701, -571, 581, 961, -308, -953, 80, 887, 169, -779, -77, 431, 65, -348, -76, 221, -174, -210, 119, 245, -32, -331, -166, 315, 174, -73, -334, -172, 251, 200, -174, -423, 41, 296, 16, -132, -70, 110, 37, -147, 2, -8, -30, -66, 16, 118, 55, -116, -226, 46, 214, 23, -246, -169, 107, 280, 1, -237, -76, 287, 119, -105, -188, 4, 50, 8, 49, 18, -125, -214, 127, 375, -230, -446, -64, 487, 70, -488, -294, 283, 419, -86, -425, -5, 330, 252, -124, -369, 117, 266, 112, -289, -189, -176, 195, 171, 0, -249, -32, 141, 112, -110, -169, 16, 99, 12, -22, -73, -47, 65, 171, 15, -154, -47, 133, 161, -1, -211, -107, 230, 235, -167, -299, 5, 302, 31, -285, -123, 131, 267, -36, -269, 3, 179, 123, -181, -41, 170, 103, -203, -155, 171, 171, -39, -30, 145, 118, -82, -23, 9, 84, 2, 13, -46, -21, 33, 20, 103, -33, 19, -3, 71, -62, 36, -15, -3, 31, -44, 51, 2, 60, -80, -102, 8, 12, -75, -71, 4, 173, -109, -311, -8, 209, -2, -152, -25, 135, 33, -204, 94, 42, -2, -7, -84, 1, 168, -64, -45, 106, 88, -61, -132, 47, 122, 35, -274, -200, 180, 172, -106, -129, 106, 137, 48, -28, -26, -76, 36, 34, 14, -67, -3, 44, 112, -56, -78, -23, 70, 249, 21, -335, -57, 365, 94, -352, -180, 244, 186, -244, -217, 208, 242, 8, -238, -182, 315, 159, -206, -244, 106, 293, -86, -401, 40, 291, 2, -348, -142, 204, 240, -270, -347, 85, 411, -32, -533, -118, 428, 210, -333, -251, 193, 221, -148, -260, -13, 143, 31, -44, -176, 19, 145, 70, -125, -39, 331, 66, -295, -76, 318, 69, -362, -200, 382, 225, -386, -189, 397, 212, -353, -134, 297, 88, -209, -60, 177, 25, -66, -109, 41, 84, 36, -177, -45, 86, 76, -126, -311, 135, 264, -176
1791219851.437, MrmFullScanInfo, 505, 107, 2460810, 0, 0, 0, 0, 10000, 39297, 32, 2, 2, 1, 480, 0, 0, 0, 0, 0, 0, 10217, -14352, -19316, 29258, 23018, -30668, -25016, 16692, 28376, 3901, -30141, -21159, 24983, 31527, -12396, -36678, -1806, 37273, 11374, -31197, -14385, 17764, 12342, -211, -7823, -16315, 4042, 27977, -4138, -33148, 8493, 32633, -14226, -29392, 17795, 26704, -17302, -26222, 12746, 27143, -4913, -26899, -5037, 22842, 15282, -13987, -23295, 1658, 26687, 11158, -24369, -21313, 17223, 26773, -7771, -27029, -895, 22841, 6467, -15694, -8173, 7487, 6631, -100, -3203, -5078, -571, 7482, 3359, -7345, -4300, 5514, 3201, -3202, -492, 1632, -2939, -1573, 5977, 3069, -7613, -5457, 7295, 7691, -5036, -8757, 1386, 8088, 2706, -5738, -6127, 2304, 7976, 1301, -7858, -4135, 6071, 5555, -3507, -5392, 1288, 3974, -191, -1986, 347, 258, -1316, 584, 2416, -373, -3012, -579, 2767, 1706, -1726, -2439, 262, 2461, 1119, -1791, -1966, 737, 2085, 284, -1594, -911, 840, 989, -207, -611, -47, 55, -89, 388, 432, -518, -722, 320, 790, 47, -592, -352, 226, 441, 144, -296, -349, 35, 320, 182, -105, -219, -150, 52, 283, 244, -186, -538, -113, 712, 480, -703, -761, 541, 875, -321, -812, 138, 631, -37, -415, 25, 244, -70, -154, 109, 158, -93, -213, 21, 242, 87, -184, -200, 50, 277, 111, -283, -233, 226, 274, -127, -240, 33, 177, 18, -112, -20, 64, 2, -45, 0, 64, 37, -92, -104, 98, 172, -52, -202, -42, 185, 158, -126, -242, 50, 262, 26, -209, -73, 120, 70, -47, -10, 40, -85, -109, 185, 228, -234, -348, 202, 437, -86, -460, -77, 408, 245, -288, -349, 120, 366, 67, -305, -224, 198, 289, -61, -233, -72, 90, 159, 69, -164, -173, 98, 204, 2, -172, -83, 110, 109, -33, -72, -33, -2, 74, 85, -67, -135, 15, 136, 75, -82, -172, -6, 236, 112, -237, -207, 179, 269, -80, -275, -38, 232, 153, -158, -227, 81, 248, -14, -233, -31, 215, 62, -198, -78, 179, 81, -151, -66, 121, 48, -85, -35, 45, 28, -3, -18, -18, 4, 18, 14, 2, -30, -17, 40, 17, -32, -6, 15, 4, 1, -14, -12, 32, 25, -49, -35, 62, 47, -67, -76, 78, 135, -94, -189, 103, 207, -86, -190, 60, 163, -45, -125, 41, 75, -10, -33, -45, 35, 90, -69, -94, 102, 80, -103, -85, 69, 129, -7, -189, -51, 226, 91, -206, -101, 139, 87, -51, -51, -19, 7, 54, 30, -44, -54, 7, 67, 38, -49, -68, -20, 79, 144, -77, -274, 66, 360, -34, -377, -19, 348, 85, -294, -143, 214, 199, -103, -253, -10, 293, 102, -287, -176, 244, 248, -190, -302, 140, 326, -74, -318, -19, 301, 137, -274, -259, 234, 371, -166, -445, 77, 462, 24, -412, -114, 320, 177, -209, -195, 95, 172, 15, -119, -104, 65, 171, -23, -222, 8, 271, -13, -311, 22, 342, -7, -371, -26, 407, 61, -434, -73, 437, 61, -400, -33, 332, 8, -244, 1, 161, 14, -91, -51, 45, 99, -14, -131, -17, 150, 78, -170
1791219851.437, MrmFullScanInfo, 505, 107, 2460810, 0, 0, 0, 0, 10000, 39297, 32, 4, 2, 1, 480, 0, 0, 0, 0, 0, 0, -81, 205, 43, -542, 140, 735, -284, -599, 275, 275, -144, -16, 16, -63, 170, 25, -527, 58, 859, -134, -823, 95, 431, 98, -126, -262, 156, 202, -329, 57, 301, -233, 6, 140, -350, 113, 492, -275, -367, 231, 111, -72, 93, -85, -93, 174, -26, -244, 87, 393, -97, -606, 191, 800, -402, -926, 658, 1025, -815, -1063, 695, 942, -210, -561, -497, -80, 1198, 902, -1687, -1774, 1837, 2516, -1597, -2955, 1063, 3022, -482, -2775, 67, 2394, 90, -2120, 30, 2162, -375, -2573, 785, 3274, -1038, -4079, 942, 4787, -433, -5209, -315, 5171, 1036, -4556, -1616, 3482, 2195, -2315, -2895, 1436, 3666, -964, -4314, 719, 4671, -413, -4653, -90, 4249, 732, -3518, -1321, 2614, 1671, -1717, -1700, 987, 1489, -495, -1209, 231, 1033, -104, -1035, -5, 1181, 209, -1341, -544, 1376, 948, -1187, -1276, 784, 1389, -270, -1223, -186, 843, 442, -392, -437, 37, 245, 120, -3, -70, -153, -85, 161, 203, -34, -156, -140, -76, 268, 410, -279, -699, 169, 836, 21, -780, -218, 568, 359, -277, -400, 12, 342, 159, -223, -217, 112, 206, -51, -178, 50, 178, -79, -211, 100, 256, -76, -271, 0, 232, 118, -153, -240, 76, 322, -15, -347, -20, 344, 34, -344, -31, 365, 42, -383, -82, 366, 168, -280, -295, 134, 435, 50, -524, -232, 505, 379, -369, -444, 175, 404, -14, -272, -38, 93, -12, 76, 111, -168, -194, 151, 232, -26, -203, -154, 116, 321, 3, -381, -130, 316, 253, -173, -343, 19, 364, 113, -288, -201, 142, 228, 11, -190, -102, 106, 124, -11, -100, -46, 53, 56, 4, -28, -52, -15, 77, 67, -69, -108, 31, 129, 40, -113, -135, 63, 226, 14, -270, -105, 251, 191, -166, -239, 38, 236, 106, -185, -218, 116, 271, -41, -265, -24, 232, 82, -195, -109, 167, 95, -149, -44, 140, -8, -132, 33, 127, -24, -115, 0, 92, 26, -49, -51, -2, 61, 61, -40, -123, 6, 170, 20, -172, -26, 126, 20, -64, 1, 18, -24, 7, 44, -17, -68, 28, 102, -43, -107, 62, 64, -65, 2, 59, -52, -55, 94, 50, -143, -4, 184, -78, -176, 152, 132, -172, -97, 153, 112, -132, -173, 136, 260, -151, -332, 159, 369, -133, -368, 76, 344, -3, -300, -57, 242, 87, -183, -74, 139, 33, -110, 17, 113, -49, -161, 49, 252, -10, -342, -56, 390, 128, -376, -171, 323, 175, -250, -142, 169, 98, -81, -54, 14, 5, 26, 61, -58, -129, 103, 173, -144, -189, 158, 211, -136, -259, 93, 330, -33, -396, -34, 444, 117, -453, -204, 420, 294, -345, -374, 247, 436, -136, -466, 16, 463, 117, -427, -251, 370, 376, -290, -486, 198, 578, -102, -624, 14, 617, 69, -572, -128, 522, 149, -481, -122, 460, 65, -458, 3, 466, -54, -455, 66, 406, -24, -319, -50, 220, 116, -126, -132, 31, 110, 82, -85
1791219851.452, MrmDetectionListInfo, 505, 293, 63, 668, 64, 761, 65, 841, 66, 902, 67, 932, 68, 911, 69, 822, 70, 665, 71, 491, 72, 380, 73, 394, 74, 554, 75, 859, 76, 1256, 77, 1633, 78, 1904, 79, 2062, 80, 2147, 81, 2177, 82, 2138, 83, 2019, 84, 1841, 85, 1641, 86, 1450, 87, 1291, 88, 1182, 89, 1122, 90, 1097, 91, 1110, 92, 1199, 93, 1390, 94, 1655, 95, 1936, 96, 2196, 97, 2421, 98, 2604, 99, 2726, 100, 2774, 101, 2766, 102, 2759, 103, 2798, 104, 2886, 105, 2964, 106, 2953, 107, 2831, 108, 2649, 109, 2488, 110, 2390, 111, 2356, 112, 2371, 113, 2425, 114, 2504, 115, 2584, 116, 2629, 117, 2615, 118, 2536, 119, 2413, 120, 2298, 121, 2251, 122, 2270, 123, 2275, 124, 2196, 125, 2033, 126, 1838, 127, 1644, 128, 1449, 129, 1244, 130, 1042, 131, 865, 132, 730, 133, 637, 134, 579, 135, 549, 136, 545, 137, 575, 138, 648, 139, 761, 140, 889, 141, 1001, 142, 1085, 143, 1137, 144, 1154, 145, 1126, 146, 1046, 147, 920, 148, 778, 149, 659, 150, 585, 151, 543, 152, 497, 153, 413, 154, 294, 155, 178, 162, 159, 163, 154, 164, 126, 167, 173, 168, 259, 169, 361, 170, 446, 171, 487, 172, 483, 173, 454, 174, 429, 175, 425, 176, 436, 177, 431, 178, 389, 179, 317, 180, 243, 181, 194, 182, 185, 183, 205, 184, 217, 185, 199, 186, 160, 187, 126, 190, 117, 191, 125, 193, 154, 194, 169, 195, 175, 196, 169, 197, 152, 198, 135, 199, 133, 200, 151, 201, 173, 202, 185, 203, 184, 204, 179, 205, 177, 206, 180, 207, 185, 208, 188, 209, 189, 210, 191, 211, 194, 212, 201, 213, 212, 214, 224, 215, 235, 216, 245, 217, 252, 218, 255, 219, 254, 220, 254, 221, 261, 222, 284, 223, 328, 224, 382, 225, 419, 226, 420, 227, 388, 228, 340, 229, 286, 230, 227, 231, 170, 238, 169, 239, 198, 240, 188, 241, 155, 243, 129, 244, 155, 245, 185, 246, 198, 247, 200, 248, 211, 249, 238, 250, 261, 251, 259, 252, 236, 253, 208, 254, 193, 255, 199, 256, 218, 257, 226, 258, 211, 259, 175, 260, 136, 263, 116, 264, 115, 283, 116, 284, 128, 285, 135, 286, 143, 287, 160, 288, 186, 289, 205, 290, 206, 291, 189, 292, 163, 293, 143, 295, 157, 296, 178, 297, 189, 298, 185, 299, 170, 300, 154, 302, 137, 303, 140, 304, 145, 305, 148, 306, 145, 307, 134, 360, 152, 361, 158, 363, 138, 366, 129, 367, 140, 368, 158, 369, 182, 370, 209, 371, 232, 372, 250, 373, 259, 374, 259, 375, 250, 376, 233, 377, 210, 378, 184, 379, 163, 381, 157, 382, 159, 396, 189, 397, 220, 398, 248, 399, 265, 400, 267, 401, 259, 402, 244, 403, 224, 404, 198, 405, 167, 416, 136, 417, 152, 419, 176, 420, 181, 421, 182, 422, 184, 423, 189, 424, 194, 425, 199, 426, 204, 427, 216, 428, 236, 429, 263, 430, 291, 431, 315, 432, 329, 433, 337, 434, 340, 435, 339, 436, 334, 437, 323, 438, 308, 439, 288, 440, 265, 441, 249, 442, 253, 443, 280, 444, 314, 445, 338, 446, 349, 447, 355, 448, 361, 449, 366, 450, 367, 451, 361, 452, 350, 453, 335, 454, 322, 455, 319, 456, 328, 457, 338, 458, 341, 459, 332, 460, 319, 461, 305, 462, 290, 463, 273, 464, 256, 465, 241, 466, 234, 467, 240, 468, 254, 469, 261, 470, 249, 471, 221, 472, 189, 473, 165, 474, 153, 475, 147
1791219851.546, MrmFullScanInfo, 506, 107, 2460935, 0, 0, 0, 0, 10000, 39297, 32, 1, 2, 1, 480, -21665, 31795, 24733, -31072, -29864, 29312, 32125, -21405, -32512, -3437, 32490, 28029, -29263, -32394, 9747, 32511, 8553, -32400, -21151, 31929, 22674, -27559, -17749, 6021, 15332, 11367, -1003, -14262, -9791, 27264, 9119, -28506, -111, 32062, -8437, -31827, 9785, 31944, -8151, -32349, 3006, 32172, 6006, -27857, -16288, 19267, 24314, -3882, -26651, -10929, 22369, 21556, -13286, -26835, 1358, 24954, 9184, -18634, -15562, 10762, 16801, -2353, -12692, -4374, 5693, 7315, 1389, -7487, -6629, 5373, 8967, -2076, -6505, -1225, 366, 2905, 7241, -1168, -13918, -3457, 16212, 9242, -16001, -14046, 11798, 16451, -6358, -15693, -1201, 11731, 6931, -5805, -9840, -261, 9846, 4775, -7823, -6602, 4579, 5020, -2124, -2307, 1877, -734, -3277, 2493, 4947, -2011, -5986, -120, 5793, 2316, -4071, -3849, 1367, 4186, 1583, -3242, -3172, 1411, 3817, 235, -2952, -1101, 1441, 1281, -144, -596, -227, -136, -37, 863, 577, -556, -1050, -121, 1123, 929, -253, -1390, -901, 1362, 1744, -650, -2013, -328, 1735, 849, -863, -1126, -55, 703, 623, -8, -776, -777, 464, 1014, 153, -880, -640, 377, 741, 50, -397, -466, -162, 328, 358, -28, -528, -268, 310, 491, 102, -572, -361, 425, 621, 38, -692, -273, 602, 427, -298, -311, 53, 266, -60, 18, 153, -156, -427, 93, 623, 109, -498, -297, 391, 357, -115, -345, -136, 296, 252, -23, -434, -75, 437, 188, -284, -271, 78, 130, -14, 99, 160, -136, -105, 137, 156, 22, -82, -59, 34, 141, 38, -222, -65, 141, 167, -302, -274, 223, 233, -81, -125, -32, 256, -24, -111, -31, 71, 43, -96, 132, 90, -43, -150, 51, 192, 17, -351, -71, 324, 246, -332, -304, 287, 219, -175, -248, -7, 200, 97, -156, -70, -83, 8, 149, 59, -198, -81, 87, 82, -85, -79, -24, 85, 113, -58, -220, -53, 286, 44, -287, -145, 174, 122, -212, -133, 64, 31, -212, -72, 111, 26, -157, -130, 127, 157, 46, -302, -26, 263, -21, -107, 76, 113, 9, -132, -20, 153, -161, 28, 99, 73, -113, -73, 247, -26, -82, -5, 142, 55, -3, -49, 130, -89, 49, 25, 123, 55, 10, 121, 55, 8, -22, 77, 21, 43, 87, 80, -101, 80, -91, -160, -76, 179, 119, -88, -188, 34, 141, -60, -120, -57, 120, 18, -68, -130, 57, 188, 20, -200, -149, 11, 100, 53, -55, -53, 10, 249, -19, -355, -159, 464, 217, -548, -269, 381, 508, -435, -483, 307, 538, -194, -368, 44, 302, 110, -148, -218, 121, 225, 12, -314, -70, 165, 78, -102, -29, 71, -20, -125, 163, -36, -127, 53, 111, -94, -183, 137, 220, -45, -231, 81, 154, -8, -248, -40, 239, 129, -196, -154, 90, 224, 13, -237, -26, 191, 95, -190, -312, 106, 300, -8, -430, -23, 457, 281, -508, -253, 501, 431, -520, -538, 431, 610, -228, -493, 230, 489, -144, -515, 101, 370, -68, -259, -138, 118, 216, -15, -322, -44, 358, 130, -418, -124, 400, 133, -384, -259, 264, 125, -65, -120, 35, 30, 6
1791219851.546, MrmFullScanInfo, 506, 107, 2460935, 0, 0, 0, 0, 10000, 39297, 32, 2, 2, 1, 480, 0, 0, 0, 0, 0, 0, 10291, -14490, -19344, 29653, 22869, -31157, -24771, 16955, 28205, 3973, -30105, -21402, 24986, 31730, -12389, -36761, -1710, 37263, 11083, -31112, -14004, 17688, 12180, -331, -7947, -15926, 4162, 27539, -3988, -32982, 8151, 32771, -13971, -29625, 17749, 26829, -17367, -26200, 12734, 27077, -4754, -26924, -5171, 23054, 15094, -14434, -22585, 2434, 25361, 9906, -22281, -19424, 14118, 24098, -3444, -23476, -6324, 18440, 12334, -10691, -13359, 2347, 10042, 4534, -4302, -8513, -1485, 9124, 5195, -6813, -5472, 2799, 2134, 1166, 3740, -3293, -10254, 2506, 15427, 1015, -17828, -5922, 16815, 10374, -12534, -12830, 5994, 12552, 1107, -9713, -6913, 5275, 10138, -687, -10439, -2606, 8467, 3751, -5573, -2763, 3209, 477, -2225, 1826, 2614, -2979, -3712, 2503, 4611, -746, -4542, -1432, 3249, 3141, -1094, -3785, -1152, 3279, 2720, -1996, -3165, 552, 2572, 500, -1457, -849, 445, 543, 74, 44, -43, -440, -307, 367, 600, 148, -511, -827, -13, 1299, 761, -1296, -1391, 818, 1626, -106, -1360, -495, 723, 721, 16, -496, -562, -13, 727, 527, -495, -800, 51, 742, 327, -419, -442, 18, 281, 255, 24, -284, -284, 95, 366, 199, -237, -440, -31, 505, 340, -368, -578, 127, 658, 99, -558, -226, 362, 222, -197, -103, 159, -55, -244, 157, 382, -138, -470, 15, 447, 148, -305, -272, 90, 307, 142, -245, -332, 127, 424, 0, -389, -85, 273, 91, -146, -17, 64, -75, -34, 120, 40, -87, -54, 0, 60, 101, -43, -184, 0, 246, 65, -281, -121, 270, 153, -201, -168, 112, 173, -41, -156, 12, 123, -20, -90, 53, 79, -80, -105, 86, 175, -63, -265, 12, 346, 59, -384, -122, 360, 163, -265, -185, 132, 188, -16, -141, -44, 38, 56, 83, -37, -163, 9, 172, 25, -117, -59, 27, 86, 78, -91, -180, 75, 255, -39, -284, -4, 268, 43, -224, -57, 183, 47, -153, -26, 142, 24, -132, -56, 113, 130, -88, -204, 81, 229, -87, -189, 81, 133, -64, -94, 65, 65, -87, -32, 122, 2, -149, 23, 161, -39, -142, 35, 109, -15, -76, 8, 52, -15, -34, 27, 26, -34, -22, 45, 18, -48, -6, 40, -16, -17, 41, -19, -38, 73, 16, -122, -5, 148, 35, -144, -84, 119, 123, -80, -133, 34, 125, 23, -104, -87, 76, 141, -31, -150, -21, 110, 68, -28, -87, -76, 84, 204, -58, -342, 18, 465, 42, -539, -130, 559, 242, -533, -336, 469, 377, -352, -355, 189, 299, -10, -233, -140, 170, 236, -106, -263, 47, 231, -3, -167, -1, 101, -34, -33, 87, -37, -119, 104, 128, -145, -133, 160, 149, -149, -166, 123, 186, -79, -208, 28, 225, 32, -212, -97, 167, 163, -102, -211, 29, 232, 62, -222, -170, 195, 285, -144, -388, 71, 479, 22, -550, -123, 600, 230, -609, -328, 572, 401, -489, -435, 390, 439, -300, -411, 219, 349, -118, -259, -15, 173, 166, -105, -297, 61, 389, -30, -433, 6, 436, 25, -393, -56, 305, 79, -186
1791219851.562, MrmFullScanInfo, 506, 107, 2460935, 0, 0, 0, 0, 10000, 39297, 32, 4, 2, 1, 480, 0, 0, 0, 0, 0, 0, 40, -63, -9, 192, -94, -206, 133, 24, -56, 190, -42, -253, 48, 171, 32, -54, -90, -4, 57, 37, 26, -27, 48, -99, -220, 309, 235, -385, -26, 218, -201, 28, 272, -180, -224, 192, 170, -110, -176, 38, 203, -56, -89, 181, -229, -385, 705, 680, -1301, -1080, 2056, 1616, -3023, -2319, 4152, 3144, -5155, -3933, 5539, 4492, -4911, -4650, 3332, 4282, -1306, -3335, -418, 1879, 1129, -73, -377, -1783, -1803, 3232, 4802, -3726, -7696, 2942, 9703, -1025, -10424, -1430, 9779, 3723, -7872, -5344, 5105, 6095, -2149, -6008, -316, 5350, 1929, -4574, -2663, 4105, 2764, -4102, -2649, 4431, 2731, -4743, -3145, 4618, 3735, -3768, -4186, 2277, 4188, -543, -3557, -936, 2369, 1812, -965, -1971, -189, 1572, 750, -940, -656, 435, 156, -272, 351, 480, -547, -880, 376, 1170, 18, -1087, -405, 586, 563, 147, -351, -808, -178, 1140, 797, -1028, -1228, 567, 1290, 10, -974, -439, 431, 555, 119, -358, -481, 15, 564, 261, -404, -316, 154, 136, 6, 182, 34, -477, -253, 618, 528, -543, -704, 301, 697, 4, -502, -239, 203, 322, 95, -245, -297, 91, 366, 39, -320, -78, 235, 12, -200, 128, 267, -272, -404, 340, 544, -289, -609, 153, 554, 4, -382, -119, 151, 161, 74, -137, -240, 83, 316, -29, -293, 5, 215, -37, -134, 127, 90, -219, -77, 251, 84, -200, -92, 100, 99, 0, -104, -64, 112, 104, -121, -132, 149, 147, -187, -137, 205, 131, -184, -152, 132, 197, -50, -244, -52, 275, 160, -258, -241, 182, 286, -61, -291, -61, 274, 150, -243, -176, 199, 150, -127, -109, 42, 86, 18, -65, -27, 24, 7, 30, 8, -67, 3, 80, -33, -69, 64, 49, -67, -16, 44, -24, -5, 71, -28, -112, 56, 138, -74, -148, 86, 155, -91, -161, 98, 167, -95, -160, 62, 142, 19, -121, -115, 122, 168, -135, -160, 131, 144, -103, -143, 84, 130, -80, -76, 85, 4, -90, 63, 101, -105, -103, 114, 100, -95, -88, 80, 72, -79, -56, 90, 45, -98, -42, 110, 56, -119, -89, 122, 119, -101, -132, 47, 147, 29, -162, -92, 152, 123, -92, -132, 20, 132, 19, -108, -11, 59, -15, 4, 42, -51, -60, 59, 78, -12, -100, -61, 121, 131, -130, -188, 132, 254, -125, -343, 108, 443, -60, -520, -22, 563, 135, -563, -247, 515, 340, -404, -404, 252, 442, -86, -441, -66, 400, 197, -325, -286, 239, 320, -145, -319, 62, 316, -10, -297, -12, 239, 41, -147, -84, 65, 115, -6, -111, -33, 88, 69, -58, -100, 25, 127, 10, -144, -29, 138, 30, -93, -17, 23, -7, 50, 68, -102, -173, 133, 312, -129, -454, 84, 580, 0, -663, -97, 693, 193, -657, -269, 570, 308, -461, -294, 367, 240, -300, -164, 241, 86, -150, -30, 17, 19, 136, -39, -268, 63, 359, -67, -394, 48, 378, -4, -310, -36, 196, 50, -49
1791219851.562, MrmDetectionListInfo, 506, 270, 56, 924, 57, 1183, 58, 1474, 59, 1812, 60, 2201, 61, 2635, 62, 3105, 63, 3589, 64, 4057, 65, 4465, 66, 4767, 67, 4919, 68, 4895, 69, 4683, 70, 4293, 71, 3749, 72, 3098, 73, 2423, 74, 1830, 75, 1400, 76, 1119, 77, 876, 78, 649, 79, 695, 80, 1309, 81, 2412, 82, 3606, 83, 4567, 84, 5233, 85, 5676, 86, 5907, 87, 5897, 88, 5736, 89, 5655, 90, 5813, 91, 6125, 92, 6343, 93, 6260, 94, 5859, 95, 5266, 96, 4611, 97, 3963, 98, 3389, 99, 3030, 100, 3031, 101, 3319, 102, 3589, 103, 3610, 104, 3453, 105, 3337, 106, 3369, 107, 3489, 108, 3611, 109, 3717, 110, 3836, 111, 3958, 112, 4027, 113, 3987, 114, 3816, 115, 3522, 116, 3122, 117, 2650, 118, 2204, 119, 1924, 120, 1845, 121, 1831, 122, 1713, 123, 1451, 124, 1151, 125, 954, 126, 909, 127, 928, 128, 862, 129, 649, 130, 377, 131, 198, 132, 200, 133, 348, 134, 530, 135, 658, 136, 709, 137, 705, 138, 666, 139, 618, 140, 592, 141, 586, 142, 548, 143, 449, 144, 350, 145, 356, 146, 494, 147, 687, 148, 855, 149, 975, 150, 1038, 151, 1021, 152, 911, 153, 741, 154, 583, 155, 508, 156, 508, 157, 493, 158, 410, 159, 305, 160, 262, 161, 290, 162, 333, 163, 351, 164, 354, 165, 341, 166, 287, 167, 190, 171, 203, 172, 334, 173, 449, 174, 531, 175, 576, 176, 586, 177, 557, 178, 491, 179, 397, 180, 309, 181, 263, 182, 261, 183, 260, 184, 233, 185, 199, 186, 194, 187, 216, 188, 232, 189, 219, 190, 191, 191, 172, 192, 162, 193, 147, 196, 175, 197, 251, 198, 327, 199, 383, 200, 418, 201, 436, 202, 435, 203, 409, 204, 360, 205, 295, 206, 233, 207, 191, 208, 170, 209, 152, 210, 130, 213, 170, 214, 197, 215, 194, 216, 169, 217, 142, 218, 123, 219, 113, 220, 107, 223, 136, 224, 153, 225, 164, 226, 164, 227, 155, 228, 139, 239, 146, 240, 160, 241, 169, 242, 170, 243, 167, 244, 164, 245, 160, 246, 155, 247, 150, 248, 143, 249, 139, 250, 145, 251, 163, 252, 191, 253, 220, 254, 236, 255, 235, 256, 220, 257, 197, 258, 176, 259, 167, 260, 173, 261, 189, 262, 205, 263, 210, 264, 198, 265, 176, 266, 148, 297, 120, 298, 123, 300, 129, 302, 132, 303, 128, 311, 156, 312, 154, 313, 146, 314, 137, 375, 138, 376, 152, 377, 165, 378, 180, 379, 198, 380, 217, 381, 237, 382, 255, 383, 268, 384, 277, 385, 283, 386, 294, 387, 318, 388, 354, 389, 387, 390, 406, 391, 407, 392, 398, 393, 383, 394, 360, 395, 330, 396, 294, 397, 262, 398, 244, 399, 245, 400, 262, 401, 281, 402, 291, 403, 285, 404, 268, 405, 247, 406, 226, 407, 204, 408, 184, 409, 167, 410, 155, 411, 147, 440, 163, 441, 198, 442, 233, 443, 265, 444, 291, 445, 307, 446, 316, 447, 327, 448, 352, 449, 392, 450, 430, 451, 449, 452, 448, 453, 438, 454, 424, 455, 405, 456, 377, 457, 342, 458, 306, 459, 272, 460, 240, 461, 206, 470, 180, 471, 203, 472, 215, 473, 224, 474, 226, 475, 218, 476, 197, 477, 173, 478, 152, 479, 135
1791219851.671, MrmFullScanInfo, 507, 107, 2461060, 0, 0, 0, 0, 10000, 39297, 32, 1, 2, 1, 480, -20663, 32062, 23841, -31396, -29237, 28581, 32390, -19996, -32512, -2414, 32500, 28089, -29229, -32275, 11164, 32173, 8752, -32465, -19763, 32119, 21931, -27864, -18705, 5873, 14963, 10836, -361, -14644, -10765, 27738, 7155, -28761, -22, 32109, -9319, -32010, 10811, 32088, -7208, -32153, 2946, 32225, 5785, -28352, -16388, 20445, 24993, -5604, -27668, -8928, 23854, 19408, -15558, -25869, 2656, 26425, 6821, -23784, -12862, 19767, 14630, -14112, -9735, 9198, 2989, -4575, 5040, 606, -12542, 1967, 17132, -1683, -17610, 1247, 14550, 524, -9176, -2125, 2280, 1619, 4087, -177, -7972, -1637, 9485, 3392, -8818, -4457, 6139, 2873, -2192, -654, -514, -2469, 1976, 5229, -1271, -7192, -427, 6601, 2220, -4506, -3404, 1685, 3184, 1200, -1885, -2841, 70, 3227, 1402, -2548, -2146, 1532, 1843, -301, -892, -375, -124, 321, 995, 272, -1271, -722, 675, 1087, 45, -817, -350, 193, 417, 374, -119, -681, -467, 702, 740, -381, -718, -150, 275, 553, 95, -385, -462, 112, 749, 136, -512, -369, 134, 526, 200, -209, -418, -161, 354, 532, 25, -725, -269, 625, 581, -332, -618, 145, 511, 52, -238, 17, -54, -43, 62, 205, -48, -292, -98, 227, 189, -194, -425, 12, 371, 156, -196, -203, 97, 263, 56, -136, -98, -16, -113, -8, 130, 143, -152, -249, 60, 409, 142, -398, -124, 332, 307, -225, -295, 144, 284, -26, -148, 0, 113, 49, -108, 95, 48, -82, -210, 32, 216, -5, -239, -27, 170, 188, 76, -225, -136, 198, 298, -178, -491, -35, 458, 176, -465, -196, 296, 200, -80, -159, 167, 157, -147, -54, -12, 50, -3, 4, 15, 169, 44, -33, -178, 44, 159, -52, -163, -103, 67, 86, -29, -71, -45, 4, 112, -18, -83, -24, 21, 16, -8, 11, -48, 110, 10, -86, -87, 30, -39, -52, -35, 20, -1, 11, 35, -6, -31, -10, 29, -131, -112, 109, 98, -123, -140, 40, 236, 27, -127, -56, 70, 118, 51, -57, -192, 55, 217, 59, -233, -60, 84, 113, -99, -59, 50, 46, -35, -38, 44, 27, -3, -131, 9, 142, 9, -86, -88, 96, 91, -170, -147, 159, 41, -224, -132, 171, -105, -167, -7, 177, -85, -157, 98, 229, -137, -214, -22, 270, -12, -162, -39, 75, 105, -38, -68, 47, -33, -7, 140, 59, -169, -149, 151, 157, -199, -286, 179, 411, -143, -453, 187, 570, -109, -579, 98, 669, -32, -531, -4, 364, 44, -272, -181, 76, 284, -23, -307, -210, 260, 312, -183, -290, 53, 270, 25, -255, -93, 215, 303, 2, -237, -174, 298, 252, -65, -304, 182, 249, 11, -279, -22, 268, 115, -265, -46, 94, 68, -152, -100, 109, 122, -114, -150, 75, 119, 47, -214, -157, 209, 284, -300, -293, 233, 391, 1, -318, -138, 447, 311, -390, -436, 308, 525, -305, -592, 192, 495, -89, -510, 71, 348, -95, -383, 73, 240, 42, -223, -110, 213, 160, -148, -268, 128, 308, -76, -351, 55, 306, 38, -209, 13, 212, 81, -78, -102, 19, 171, -38
1791219851.671, MrmFullScanInfo, 507, 107, 2461060, 0, 0, 0, 0, 10000, 39297, 32, 2, 2, 1, 480, 0, 0, 0, 0, 0, 0, 10045, -14282, -19002, 29152, 22737, -30632, -24888, 16747, 28431, 3802, -30375, -21022, 25354, 31323, -12922, -36458, -1083, 37108, 10568, -31120, -13728, 17833, 11967, -433, -7703, -16053, 4137, 27829, -4423, -33176, 8967, 32732, -14809, -29430, 18269, 26657, -17446, -26208, 12558, 27352, -4594, -27548, -5255, 24144, 15221, -16075, -22933, 4533, 26035, 7793, -23346, -18191, 15788, 24892, -6119, -27231, -2253, 25466, 6775, -20427, -6567, 13306, 2467, -5493, 3638, -1548, -9657, 6534, 13868, -8679, -15264, 7966, 13678, -5181, -9626, 1652, 4095, 1257, 1678, -2695, -6439, 2539, 9255, -1317, -9683, -61, 7839, 767, -4436, -373, 685, -1068, 2167, 3118, -3352, -5000, 2809, 5907, -1093, -5377, -904, 3545, 2326, -1027, -2673, -1343, 1975, 2890, -689, -3319, -540, 2748, 1215, -1595, -1165, 420, 554, 324, 257, -466, -858, 141, 1002, 333, -721, -615, 257, 528, 121, -132, -235, -345, 84, 661, 183, -651, -374, 339, 384, 77, -195, -362, -114, 408, 402, -239, -513, -29, 400, 253, -133, -295, -143, 117, 302, 203, -273, -511, 88, 672, 168, -637, -375, 465, 441, -252, -341, 90, 152, -24, 19, 58, -94, -145, 56, 222, 71, -238, -216, 180, 306, -58, -299, -78, 215, 171, -107, -180, 38, 125, -33, -68, 76, 75, -116, -156, 120, 278, -75, -371, -5, 397, 106, -350, -187, 261, 221, -153, -201, 65, 157, -23, -112, 33, 95, -64, -114, 87, 157, -78, -178, 25, 148, 73, -61, -182, -60, 255, 202, -253, -341, 181, 444, -71, -464, -28, 398, 101, -287, -133, 189, 123, -113, -82, 53, 50, -7, -46, -18, 65, 47, -84, -86, 89, 122, -65, -131, 17, 111, 34, -63, -61, 0, 64, 55, -49, -77, 29, 61, 0, -24, -35, -5, 72, 18, -88, -10, 78, 1, -49, 6, 19, -8, 4, 14, -21, -23, 49, 37, -88, -50, 126, 71, -133, -102, 109, 135, -57, -139, -1, 95, 58, -5, -93, -98, 100, 179, -72, -205, 23, 183, 26, -134, -53, 88, 56, -52, -47, 32, 55, -23, -78, 24, 104, -13, -119, -13, 139, 44, -169, -54, 201, 35, -212, 11, 198, -60, -165, 99, 141, -124, -135, 142, 152, -140, -178, 117, 193, -73, -174, 19, 132, 30, -86, -38, 50, -6, -24, 86, 20, -160, -44, 214, 106, -247, -195, 273, 299, -294, -395, 309, 475, -307, -529, 286, 544, -239, -499, 164, 403, -50, -283, -88, 171, 221, -61, -306, -49, 330, 155, -286, -228, 198, 266, -81, -265, -42, 219, 163, -119, -252, -9, 291, 134, -276, -218, 221, 260, -140, -275, 62, 275, -7, -247, -18, 200, 37, -154, -59, 131, 83, -116, -104, 86, 136, -19, -190, -68, 265, 153, -316, -217, 295, 276, -184, -346, 22, 425, 144, -482, -284, 495, 388, -460, -445, 388, 459, -298, -433, 225, 382, -171, -314, 121, 255, -51, -220, -29, 211, 113, -210, -189, 206, 252, -187, -284, 154, 281, -104, -244, 48, 189, 16, -129
1791219851.671, MrmFullScanInfo, 507, 107, 2461060, 0, 0, 0, 0, 10000, 39297, 32, 4, 2, 1, 480, 0, 0, 0, 0, 0, 0, -227, 170, 341, -391, -182, 402, -45, -169, 191, -105, -290, 277, 404, -337, -550, 286, 637, -166, -548, 19, 334, 125, -216, -144, 161, 9, 67, 124, -441, -102, 736, -25, -743, 125, 453, -106, -32, -36, -233, 281, 241, -646, -128, 1171, 45, -1809, -67, 2390, 149, -2570, -235, 1917, 447, -179, -988, -2446, 1969, 5402, -3293, -7896, 4786, 9074, -6230, -8318, 7448, 5675, -8407, -1929, 9218, -1757, -10037, 4281, 10893, -4867, -11474, 3276, 11254, 81, -9817, -4240, 7156, 7982, -3595, -10283, -318, 10715, 3867, -9448, -6347, 7064, 7401, -4358, -7141, 2154, 6000, -938, -4577, 694, 3497, -1001, -3157, 1311, 3496, -1140, -4061, 270, 4335, 1154, -3975, -2663, 2929, 3724, -1406, -3989, -192, 3456, 1438, -2411, -2038, 1266, 1979, -357, -1480, -157, 872, 310, -414, -247, 213, 164, -213, -204, 278, 397, -261, -627, 83, 764, 234, -726, -554, 522, 726, -208, -674, -96, 447, 266, -150, -236, -102, 60, 235, 132, -215, -220, 74, 176, 97, -41, -176, -114, 119, 231, 8, -249, -103, 162, 114, -16, -43, -115, -63, 177, 161, -136, -215, 22, 226, 93, -189, -142, 117, 118, -39, -48, -3, -21, 0, 71, 37, -93, -77, 109, 103, -127, -100, 152, 76, -168, -38, 177, 0, -184, 40, 192, -65, -188, 55, 170, -9, -138, -45, 101, 95, -65, -137, 49, 171, -48, -171, 43, 131, -11, -60, -31, -10, 51, 79, -20, -147, -32, 202, 71, -201, -75, 144, 62, -76, -44, 51, 29, -56, -17, 54, 29, -16, -68, -66, 118, 192, -135, -328, 100, 420, -15, -424, -91, 335, 187, -182, -227, 22, 191, 96, -84, -138, -42, 110, 141, -36, -184, -45, 171, 110, -101, -135, -8, 124, 130, -81, -222, 23, 261, 46, -249, -109, 226, 147, -215, -152, 216, 153, -205, -177, 171, 228, -106, -271, 32, 263, 30, -177, -63, 37, 74, 93, -53, -158, -2, 162, 76, -129, -134, 88, 163, -53, -164, 36, 156, -23, -149, 13, 148, 0, -145, -23, 153, 49, -178, -56, 208, 34, -209, 9, 169, -47, -100, 70, 48, -77, -41, 73, 77, -46, -119, 11, 131, 21, -94, -46, 28, 62, 35, -41, -75, -36, 91, 161, -70, -287, 3, 373, 109, -395, -238, 366, 361, -300, -450, 209, 505, -98, -523, -7, 492, 96, -388, -171, 223, 257, -53, -348, -59, 409, 117, -396, -150, 312, 187, -183, -215, 55, 224, 53, -203, -133, 157, 195, -91, -224, 23, 209, 37, -152, -76, 73, 91, 12, -86, -82, 73, 112, -39, -96, -11, 59, 62, -15, -84, -27, 76, 69, -56, -82, 60, 44, -81, 44, 97, -130, -93, 156, 93, -100, -120, 0, 163, 100, -186, -172, 168, 203, -111, -190, 44, 147, 4, -81, -15, 6, 8, 62, -3, -89, 10, 59, -11, 13, 7, -89, -3, 144, 8, -162, -4, 151, -10, -119, 33, 82, -45, -38, 46
1791219851.671, MrmDetectionListInfo, 507, 207, 54, 986, 55, 1144, 56, 1275, 57, 1357, 58, 1360, 59, 1255, 60, 1032, 61, 751, 63, 1054, 64, 2044, 65, 3307, 66, 4461, 67, 5385, 68, 6175, 69, 6884, 70, 7423, 71, 7662, 72, 7562, 73, 7185, 74, 6615, 75, 5954, 76, 5413, 77, 5294, 78, 5752, 79, 6628, 80, 7527, 81, 8067, 82, 8108, 83, 7742, 84, 7094, 85, 6270, 86, 5584, 87, 5520, 88, 6138, 89, 6830, 90, 6952, 91, 6468, 92, 5850, 93, 5640, 94, 6095, 95, 6952, 96, 7571, 97, 7528, 98, 6955, 99, 6243, 100, 5593, 101, 4950, 102, 4236, 103, 3511, 104, 2910, 105, 2500, 106, 2257, 107, 2134, 108, 2112, 109, 2178, 110, 2300, 111, 2414, 112, 2456, 113, 2407, 114, 2351, 115, 2428, 116, 2682, 117, 2983, 118, 3150, 119, 3105, 120, 2887, 121, 2581, 122, 2261, 123, 2024, 124, 1974, 125, 2077, 126, 2129, 127, 1958, 128, 1606, 129, 1234, 130, 954, 131, 767, 132, 627, 133, 511, 134, 415, 135, 332, 136, 255, 137, 195, 138, 171, 139, 190, 140, 239, 141, 300, 142, 355, 143, 394, 144, 413, 145, 422, 146, 447, 147, 502, 148, 566, 149, 604, 150, 592, 151, 532, 152, 449, 153, 373, 154, 320, 155, 287, 156, 257, 157, 213, 158, 159, 160, 113, 161, 145, 162, 189, 163, 207, 164, 186, 165, 142, 170, 138, 171, 151, 172, 148, 173, 139, 174, 138, 175, 144, 176, 137, 181, 119, 182, 159, 183, 171, 184, 162, 185, 143, 186, 129, 187, 130, 188, 145, 189, 157, 190, 150, 191, 123, 214, 126, 215, 131, 216, 125, 217, 113, 243, 140, 259, 175, 260, 210, 261, 232, 262, 242, 263, 239, 264, 230, 265, 227, 266, 233, 267, 235, 268, 223, 269, 191, 270, 151, 283, 121, 284, 113, 289, 139, 291, 142, 292, 139, 293, 150, 294, 167, 295, 179, 296, 183, 297, 182, 298, 182, 299, 184, 300, 184, 301, 184, 302, 183, 303, 184, 304, 185, 305, 183, 306, 177, 307, 166, 308, 151, 367, 125, 368, 155, 369, 173, 370, 186, 371, 210, 372, 251, 373, 296, 374, 327, 375, 342, 376, 348, 377, 353, 378, 352, 379, 343, 380, 325, 381, 301, 382, 278, 383, 262, 384, 258, 385, 263, 386, 261, 387, 242, 388, 213, 389, 188, 390, 180, 391, 195, 392, 225, 393, 254, 394, 269, 395, 267, 396, 252, 397, 232, 398, 209, 399, 185, 400, 159, 405, 161, 406, 165, 447, 137, 448, 172, 449, 188, 450, 182, 451, 165
1791219851.796, MrmFullScanInfo, 508, 107, 2461185, 0, 0, 0, 0, 10000, 39297, 32, 1, 2, 1, 480, -21568, 32149, 24702, -31176, -28737, 29255, 32470, -20655, -32512, -1939, 32498, 27139, -28489, -32422, 11253, 32284, 9200, -32470, -21074, 32151, 22448, -27796, -17867, 5663, 14149, 10994, -2036, -14661, -11801, 27299, 6800, -28933, -402, 32029, -8438, -32077, 9880, 31676, -8023, -32199, 3139, 32134, 5922, -27943, -19038, 17447, 27202, -772, -30004, -16274, 25256, 27857, -17477, -31983, 4197, 32209, 6421, -31820, -13974, 28514, 18335, -23580, -13783, 18187, 8917, -12077, -1192, 8508, -6127, -5622, 10068, 5192, -9060, -5014, 3941, 4139, 3300, -621, -10846, -5135, 15520, 11262, -17298, -15642, 15523, 17687, -10940, -16788, 5475, 12527, 401, -6756, -3415, 189, 3674, 4394, -1401, -6515, -1669, 5077, 3039, -2183, -2558, -1279, -33, 3488, 3210, -3652, -5519, 2310, 6390, -192, -5443, -1476, 2954, 2225, -327, -1561, -1529, 176, 2101, 1208, -1595, -1698, 511, 1544, 549, -945, -1041, -209, 648, 816, 82, -704, -720, 209, 897, 561, -117, -1041, -572, 893, 898, -336, -1164, -344, 808, 800, -8, -772, -611, 352, 934, 275, -638, -777, 52, 870, 648, -524, -1248, 14, 1243, 646, -675, -953, 132, 961, 298, -752, -488, 351, 484, -37, -176, -62, -266, 64, 402, 170, -491, -389, 222, 366, 16, -254, -281, 231, 415, -108, -212, -12, 244, 125, -190, 81, 237, -108, -256, 259, 381, -196, -401, 137, 346, 53, -273, -42, 96, 141, 183, -78, -232, 60, 361, 45, -268, -101, 206, 148, -2, -149, -16, 118, 225, 40, -270, -75, 315, 180, -304, -266, 98, 338, -29, -221, -84, 176, 173, -86, -151, 1, 43, -88, -25, 105, -45, -185, 149, 185, -194, -372, 40, 415, 100, -254, -299, 170, 403, 50, -384, -171, 360, 158, -274, -244, 195, 149, -111, -82, 119, 166, -83, -45, 146, 83, -51, -198, 26, 132, 104, -171, -124, 126, 318, -45, -149, -13, 230, 33, -84, 7, 113, -28, -84, 8, 146, -28, 10, -37, -11, 68, -38, -137, -53, 130, 93, -151, -151, 127, 149, -91, -189, 64, 98, 22, -49, -80, 21, 138, 20, -55, -30, 37, -16, -35, -70, 15, 95, -88, -92, 77, 32, 121, 12, -8, -85, 49, 145, 12, -196, -25, 226, -3, -215, 134, 164, 100, -84, -99, 57, 129, 42, -133, -32, 81, 142, -84, -150, 117, 116, -127, -148, 135, 90, -205, -60, 239, -116, -201, 121, 330, -258, -265, 282, 265, -180, -167, 213, 182, -120, -156, -64, 138, 215, -74, -234, 12, 184, -37, -64, 77, 64, 9, 13, 59, -78, -108, 12, 159, 34, -147, 31, 94, 10, 67, 75, -32, -82, -51, 222, -40, -242, 6, 141, 12, 28, -170, 47, 33, 74, 46, -168, -167, 170, 205, -180, -251, 96, 294, -1, -295, -156, 151, 200, -138, -308, 33, 450, 26, -514, -38, 629, 276, -464, -235, 390, 301, -347, -322, 170, 334, -35, -387, -45, 304, 71, -296, -115, 339, 100, -393, -218, 412, 102, -303, -182, 290, 166, -210, -279, 125, 300, 32, -330, -152, 218, 225, -114, -295
1791219851.796, MrmFullScanInfo, 508, 107, 2461185, 0, 0, 0, 0, 10000, 39297, 32, 2, 2, 1, 480, 0, 0, 0, 0, 0, 0, 10153, -14425, -19087, 29513, 22664, -31177, -24626, 17337, 28014, 3363, -29912, -20870, 24915, 31441, -12455, -36727, -1578, 37386, 10863, -31233, -13730, 17693, 11877, -204, -7714, -16145, 4179, 27754, -4302, -33084, 8590, 32756, -14256, -29558, 17816, 26756, -17306, -26137, 12502, 26977, -3995, -26603, -6953, 22153, 18128, -12495, -26765, -730, 30391, 14084, -27704, -24646, 19506, 31344, -8632, -34317, -1147, 33824, 6958, -29991, -7857, 23423, 4764, -15508, 419, 8080, -5627, -2698, 8943, 118, -9033, 3, 5569, 968, 706, -1314, -8231, -88, 15083, 3219, -19486, -7089, 20353, 10358, -17560, -11883, 12010, 11076, -5374, -8051, -403, 3605, 3812, 985, -4380, -4330, 2810, 5457, -541, -4201, -982, 1316, 981, 1878, 452, -4076, -2541, 4566, 4274, -3444, -4850, 1451, 4024, 451, -2176, -1502, 85, 1458, 1479, -623, -2062, -415, 1680, 1123, -739, -1218, -182, 757, 653, -66, -552, -440, 106, 503, 299, -124, -386, -432, 130, 810, 304, -778, -677, 377, 776, 161, -517, -549, 26, 601, 439, -302, -630, -177, 439, 595, 60, -743, -629, 555, 995, -103, -1004, -420, 710, 803, -282, -903, -92, 731, 285, -405, -243, 87, 28, 97, 229, -100, -390, -22, 381, 178, -208, -291, -27, 332, 211, -282, -286, 172, 286, -76, -258, 65, 234, -136, -226, 234, 239, -285, -259, 256, 268, -157, -230, 35, 129, 76, 22, -146, -171, 161, 271, -117, -290, 34, 237, 59, -132, -124, 3, 138, 131, -100, -251, 33, 324, 54, -324, -145, 258, 220, -146, -248, 25, 227, 71, -172, -112, 118, 92, -88, -21, 91, -73, -116, 164, 168, -206, -235, 171, 295, -49, -307, -120, 257, 286, -157, -392, 44, 420, 52, -374, -106, 289, 123, -197, -111, 135, 89, -108, -69, 100, 71, -85, -97, 50, 138, 11, -167, -88, 174, 157, -146, -192, 98, 188, -52, -155, 29, 118, -25, -88, 30, 61, -21, -33, -10, 17, 62, -10, -110, 0, 148, 29, -166, -68, 169, 104, -149, -117, 104, 105, -32, -78, -43, 53, 93, -32, -98, 14, 74, 11, -49, -42, 51, 65, -61, -60, 50, 34, -6, 6, -39, -54, 65, 113, -69, -169, 75, 205, -87, -197, 82, 158, -31, -109, -45, 70, 110, -32, -137, -12, 141, 63, -139, -99, 149, 108, -164, -87, 186, 40, -203, 36, 211, -129, -207, 225, 197, -297, -174, 327, 145, -303, -118, 238, 110, -136, -120, 10, 139, 109, -147, -176, 138, 174, -109, -117, 72, 45, -39, 17, 33, -52, -59, 65, 101, -60, -116, 55, 84, -48, -21, 53, -29, -86, 59, 141, -75, -168, 69, 144, -20, -85, -38, 23, 58, 48, -16, -131, -54, 205, 127, -232, -186, 199, 232, -107, -253, -13, 246, 146, -212, -276, 173, 404, -131, -507, 81, 563, -9, -557, -73, 499, 155, -405, -227, 292, 290, -176, -333, 84, 351, -22, -354, -12, 368, 29, -388, -31, 397, 32, -372, -48, 323, 98, -258, -171, 182, 248, -88, -291, -18
1791219851.796, MrmFullScanInfo, 508, 107, 2461185, 0, 0, 0, 0, 10000, 39297, 32, 4, 2, 1, 480, 0, 0, 0, 0, 0, 0, 17, -72, 49, 199, -139, -383, 240, 533, -343, -499, 359, 280, -291, -24, 255, -155, -234, 216, 60, -106, 147, -88, -191, 176, 73, -103, 44, -2, -37, 31, -84, 22, 244, -73, -248, 42, 102, 70, -127, -271, 679, 693, -1744, -1533, 2939, 2878, -3899, -4345, 4493, 5320, -4574, -5772, 4075, 6502, -3150, -8232, 2191, 10728, -1453, -12957, 909, 13986, -391, -13562, -152, 12072, 670, -10104, -1272, 8104, 2197, -6167, -3597, 4048, 5410, -1481, -7317, -1436, 8850, 4224, -9512, -6290, 9026, 7268, -7486, -7121, 5370, 6042, -3314, -4338, 1872, 2434, -1326, -809, 1549, -134, -2022, 232, 2137, 393, -1531, -1350, 272, 2146, 1238, -2402, -2481, 2023, 3063, -1191, -2861, 290, 2044, 296, -975, -374, 72, 34, 397, 435, -401, -739, 98, 745, 290, -502, -554, 179, 579, 61, -392, -106, 157, -41, -33, 273, 64, -419, -174, 370, 253, -136, -212, -156, 33, 367, 234, -386, -462, 215, 525, 46, -359, -248, 12, 290, 392, -142, -686, -141, 748, 475, -569, -759, 274, 910, -3, -885, -161, 721, 205, -502, -139, 314, 19, -197, 69, 162, -65, -170, -23, 175, 157, -156, -269, 135, 324, -114, -333, 91, 353, -69, -394, 58, 428, -48, -420, 25, 370, 19, -278, -73, 156, 123, -8, -149, -140, 151, 266, -138, -342, 129, 366, -119, -342, 90, 290, -30, -217, -43, 115, 116, 30, -173, -204, 207, 372, -191, -488, 114, 534, 10, -502, -135, 401, 218, -259, -244, 136, 230, -69, -192, 67, 156, -106, -142, 172, 177, -224, -248, 213, 327, -108, -361, -60, 324, 237, -217, -362, 88, 408, 22, -366, -95, 273, 142, -175, -162, 117, 153, -97, -113, 89, 71, -60, -51, 8, 56, 62, -63, -131, 59, 182, -35, -195, 8, 174, 0, -137, 20, 109, -52, -98, 71, 95, -53, -77, 0, 44, 81, 9, -163, -76, 226, 154, -247, -220, 230, 257, -180, -244, 115, 194, -37, -131, -28, 80, 70, -40, -84, 19, 87, 2, -88, -35, 108, 75, -136, -90, 147, 72, -124, -21, 90, -53, -64, 147, 54, -233, -41, 294, 24, -310, -30, 285, 90, -228, -178, 159, 243, -74, -257, -15, 240, 86, -217, -109, 206, 91, -206, -46, 224, -24, -254, 130, 299, -264, -350, 411, 400, -538, -436, 617, 457, -620, -460, 549, 455, -403, -441, 197, 416, 28, -360, -210, 267, 309, -141, -318, 14, 264, 84, -170, -129, 66, 115, 36, -50, -128, -33, 202, 101, -242, -138, 259, 155, -274, -159, 288, 160, -267, -172, 201, 210, -108, -244, 11, 241, 101, -186, -227, 96, 342, 18, -409, -146, 418, 276, -368, -381, 264, 448, -98, -480, -123, 511, 380, -537, -618, 538, 794, -487, -885, 387, 897, -251, -835, 99, 720, 41, -577, -145, 440, 221, -323, -293, 238, 394, -181, -507, 151, 600, -126, -641, 83, 629, 0, -568, -114, 461, 239, -308, -332, 132
1791219851.796, MrmDetectionListInfo, 508, 327, 50, 1074, 51, 1564, 52, 2130, 53, 2743, 54, 3361, 55, 3941, 56, 4436, 57, 4806, 58, 5029, 59, 5114, 60, 5107, 61, 5082, 62, 5115, 63, 5260, 64, 5540, 65, 5932, 66, 6381, 67, 6809, 68, 7139, 69, 7311, 70, 7298, 71, 7110, 72, 6799, 73, 6435, 74, 6081, 75, 5755, 76, 5434, 77, 5108, 78, 4809, 79, 4584, 80, 4435, 81, 4326, 82, 4209, 83, 4083, 84, 4060, 85, 4325, 86, 4988, 87, 5959, 88, 6962, 89, 7688, 90, 7996, 91, 7950, 92, 7675, 93, 7223, 94, 6586, 95, 5782, 96, 4885, 97, 3986, 98, 3147, 99, 2402, 100, 1777, 101, 1304, 102, 1013, 103, 909, 104, 957, 105, 1084, 106, 1198, 107, 1232, 108, 1191, 109, 1132, 110, 1106, 111, 1168, 112, 1401, 113, 1806, 114, 2228, 115, 2475, 116, 2473, 117, 2288, 118, 2009, 119, 1681, 120, 1334, 121, 1024, 122, 784, 123, 583, 124, 370, 127, 218, 128, 441, 129, 578, 130, 549, 131, 444, 132, 395, 133, 432, 134, 478, 135, 461, 136, 384, 137, 303, 138, 251, 139, 217, 145, 235, 146, 292, 147, 304, 148, 283, 149, 241, 150, 192, 151, 152, 152, 139, 153, 166, 154, 236, 155, 325, 156, 389, 157, 399, 158, 361, 159, 301, 160, 249, 161, 217, 162, 198, 163, 192, 164, 220, 165, 294, 166, 380, 167, 438, 168, 473, 169, 516, 170, 572, 171, 610, 172, 603, 173, 556, 174, 498, 175, 460, 176, 454, 177, 466, 178, 458, 179, 406, 180, 323, 181, 239, 182, 173, 183, 128, 184, 107, 185, 108, 186, 118, 190, 125, 191, 162, 192, 199, 193, 219, 194, 223, 195, 221, 196, 220, 197, 219, 198, 218, 199, 217, 200, 221, 201, 229, 202, 237, 203, 241, 204, 237, 205, 225, 206, 207, 207, 187, 208, 168, 209, 153, 210, 139, 215, 143, 216, 192, 217, 223, 218, 233, 219, 236, 220, 241, 221, 244, 222, 238, 223, 220, 224, 195, 225, 166, 226, 138, 233, 204, 234, 266, 235, 307, 236, 322, 237, 320, 238, 310, 239, 293, 240, 276, 241, 272, 242, 284, 243, 292, 244, 278, 245, 243, 246, 205, 247, 176, 248, 155, 249, 138, 250, 125, 251, 118, 254, 147, 255, 170, 256, 197, 257, 223, 258, 243, 259, 251, 260, 246, 261, 230, 262, 214, 263, 211, 264, 226, 265, 252, 266, 268, 267, 262, 268, 239, 269, 217, 270, 205, 271, 204, 272, 204, 273, 197, 274, 180, 275, 160, 276, 144, 312, 179, 313, 207, 314, 225, 315, 234, 316, 235, 317, 228, 318, 213, 319, 189, 348, 158, 349, 165, 350, 168, 351, 168, 353, 169, 354, 175, 355, 182, 356, 187, 357, 186, 358, 177, 359, 162, 360, 145, 361, 135, 363, 152, 364, 164, 365, 164, 366, 154, 367, 142, 372, 167, 373, 212, 374, 264, 375, 314, 376, 361, 377, 407, 378, 452, 379, 491, 380, 520, 381, 537, 382, 542, 383, 537, 384, 521, 385, 494, 386, 456, 387, 409, 388, 355, 389, 297, 390, 245, 391, 214, 392, 219, 393, 251, 394, 276, 395, 266, 396, 226, 397, 180, 398, 149, 399, 140, 409, 141, 410, 168, 411, 189, 412, 202, 413, 207, 414, 211, 415, 217, 416, 222, 417, 224, 418, 221, 419, 213, 420, 203, 421, 191, 422, 178, 423, 163, 427, 157, 428, 180, 429, 194, 430, 196, 431, 197, 432, 210, 433, 242, 434, 288, 435, 328, 436, 350, 437, 353, 438, 347, 439, 333, 440, 312, 441, 290, 442, 287, 443, 319, 444, 388, 445, 471, 446, 547, 447, 601, 448, 637, 449, 659, 450, 669, 451, 661, 452, 635, 453, 595, 454, 544, 455, 486, 456, 426, 457, 373, 458, 336, 459, 320, 460, 317, 461, 314, 462, 302, 463, 288, 464, 283, 465, 289, 466, 305, 467, 323, 468, 341, 469, 358, 470, 371, 471, 377, 472, 372, 473, 355, 474, 329, 475, 305, 476, 297, 477, 308, 478, 320, 479, 317
1791219851.921, MrmFullScanInfo, 509, 107, 2461310, 0, 0, 0, 0, 10000, 39297, 32, 1, 2, 1, 480, -20611, 32062, 24615, -31728, -29531, 29549, 32362, -21039, -32512, -3084, 32440, 27655, -29592, -32319, 10829, 32371, 8070, -32507, -20777, 32003, 22131, -27746, -17846, 6795, 15514, 11267, -629, -14900, -10566, 27803, 7382, -28682, 775, 31731, -8917, -31961, 10472, 31949, -10391, -32257, 6429, 31714, 41, -26731, -9639, 17679, 18368, -3529, -20021, -7609, 15707, 14458, -6355, -16755, -5039, 12687, 14799, -4797, -19932, -2577, 20603, 8936, -17219, -12027, 12074, 10905, -7389, -8774, 2842, 6106, 495, -3063, -2386, 831, 2435, -251, -1749, 1344, 884, -3933, 718, 6475, -130, -8850, -1559, 9933, 3616, -9348, -5669, 7167, 7384, -3759, -7755, -43, 6654, 3420, -4825, -5272, 2250, 5254, 115, -4524, -1199, 3089, 950, -1637, -37, 1065, -822, -1024, 1539, 1232, -1396, -1617, 782, 1962, 259, -1812, -994, 1044, 1503, -211, -1637, -643, 1151, 1156, -342, -1261, -216, 994, 455, -596, -568, 391, 477, -183, -286, 26, 257, -94, -422, 31, 323, 176, -201, -340, 134, 485, 121, -518, -406, 456, 518, -246, -532, -47, 449, 228, -244, -271, -54, 229, 168, -265, -266, 165, 330, -180, -394, 247, 371, -184, -262, 160, 307, -203, -253, 189, 277, -79, -291, -39, 271, -46, -95, -57, 109, 142, -14, -238, -139, 181, 82, -155, -174, 158, 250, -186, -412, 221, 450, -223, -547, 81, 447, 119, -596, -78, 467, 119, -399, -180, 278, 330, -61, -262, -68, 229, 123, -256, -190, 188, 291, -91, -265, 58, 286, 80, -254, -27, 220, -59, -184, -11, 231, 42, -148, -199, 246, 201, -49, -243, -36, 282, 89, -256, -118, 141, 182, 140, -150, -31, -35, 142, 185, -200, -334, 166, 474, -21, -269, -24, 316, -2, -101, -104, 160, 85, 1, 53, -96, -24, 1, 7, -49, 4, -48, -32, 158, 223, -101, -268, 8, 302, -25, -373, -34, 235, 122, -270, -125, 188, 97, -99, -91, 44, 93, 4, -100, 87, 116, -93, -120, -68, 153, -22, -134, 88, 99, -79, -149, 111, 50, -83, -24, -10, 80, -53, -38, 77, 117, -28, -54, 84, -10, -2, 2, 93, 62, 22, -11, -32, 63, 39, -158, -12, 142, 65, -285, -66, 342, 224, -191, -110, 241, 284, -178, -273, 76, 53, 10, -56, 66, -9, 27, 201, 68, -144, -63, 91, 180, -184, -100, 18, 112, 74, -112, -112, 114, 184, -105, -235, 209, 393, -219, -344, 71, 370, -121, -268, -132, 199, 174, -165, -402, 22, 262, 47, -304, -180, 252, 93, -121, -91, 5, 70, -117, -104, 65, -28, -65, -7, -37, -108, -33, 142, -74, -96, 3, 74, -179, -113, 110, 158, -78, -136, -53, 246, -68, -52, -123, -19, 54, 92, -66, -173, 97, 171, -64, -67, 66, 33, 99, -37, -94, 57, 94, 39, -223, 81, 258, -23, -315, -28, 242, -107, -130, -43, 76, -75, 47, 181, -63, -137, 51, 266, -110, -117, 85, 249, -129, -149, 71, 46, -130, 72, 153, -201, -220, 171, 97, -209, -122, 248, 115, -158, -49, 168, -38, -141
1791219851.921, MrmFullScanInfo, 509, 107, 2461310, 0, 0, 0, 0, 10000, 39297, 32, 2, 2, 1, 480, 0, 0, 0, 0, 0, 0, 10184, -14563, -19162, 29758, 22719, -31264, -24725, 17112, 28304, 3726, -30405, -21086, 25480, 31410, -12968, -36520, -1184, 37199, 10700, -31281, -13766, 17991, 11980, -491, -7807, -16103, 4343, 27867, -4659, -33092, 9104, 32542, -14935, -29212, 18887, 26310, -19265, -25328, 15967, 25417, -9390, -24296, 384, 20040, 9126, -12410, -16167, 2904, 18008, 6113, -13676, -12408, 4530, 14591, 6389, -12549, -15681, 7448, 20933, -1243, -21447, -4056, 18085, 7154, -12532, -7841, 6558, 6745, -1539, -4787, -1701, 2884, 2963, -1794, -2496, 1935, 904, -3245, 932, 5298, -2070, -7493, 1932, 9188, -518, -9777, -1722, 8907, 4122, -6604, -5982, 3325, 6792, 148, -6345, -2969, 4819, 4588, -2772, -4883, 971, 4111, 28, -2774, -113, 1464, -418, -613, 1089, 385, -1459, -678, 1321, 1198, -733, -1563, -78, 1513, 856, -1018, -1350, 265, 1418, 486, -1086, -1002, 549, 1172, -28, -1036, -319, 736, 454, -414, -437, 179, 376, -56, -326, 0, 290, 81, -245, -215, 174, 376, -48, -500, -118, 533, 288, -436, -404, 239, 430, -12, -344, -172, 175, 289, 15, -335, -171, 338, 273, -327, -311, 316, 296, -296, -252, 271, 215, -247, -197, 216, 205, -168, -220, 116, 214, -59, -173, -11, 113, 103, -50, -183, -1, 227, 52, -233, -114, 237, 200, -263, -292, 306, 369, -314, -422, 260, 470, -164, -506, 77, 505, -3, -442, -77, 330, 168, -192, -245, 62, 289, 45, -292, -127, 262, 193, -203, -239, 133, 266, -76, -265, 54, 241, -53, -205, 42, 186, 3, -188, -70, 190, 143, -158, -208, 95, 255, -20, -249, -48, 177, 106, -66, -115, -43, 51, 144, 77, -223, -213, 257, 306, -225, -324, 149, 282, -55, -210, -16, 129, 46, -44, -35, -25, 17, 59, -8, -36, 18, -27, -51, 104, 113, -150, -191, 157, 265, -129, -304, 78, 308, -15, -278, -33, 226, 62, -154, -76, 90, 89, -58, -96, 60, 100, -64, -105, 63, 116, -68, -117, 91, 103, -114, -72, 118, 41, -93, -23, 62, 31, -48, -48, 58, 55, -70, -37, 71, 11, -55, 2, 34, 7, -9, -35, -5, 80, 7, -131, 4, 192, -8, -251, -2, 293, 36, -300, -87, 280, 137, -235, -150, 167, 119, -87, -52, 22, -29, 16, 107, -19, -155, -9, 172, 52, -152, -85, 95, 111, -9, -134, -74, 164, 148, -204, -209, 249, 257, -272, -281, 248, 282, -164, -264, 30, 241, 123, -210, -245, 159, 311, -79, -318, 2, 276, 50, -197, -73, 122, 76, -78, -53, 58, 11, -34, 40, 0, -82, 42, 103, -76, -95, 108, 78, -130, -69, 133, 87, -111, -120, 78, 137, -36, -106, -13, 36, 71, 46, -116, -103, 142, 115, -126, -86, 66, 57, 17, -48, -87, 58, 141, -74, -186, 94, 228, -110, -244, 118, 219, -107, -149, 89, 59, -79, 29, 96, -98, -123, 142, 147, -162, -155, 168, 145, -160, -102, 146, 21, -128, 85, 111, -183, -85, 245, 58, -261, -33, 246, 13, -209
1791219851.921, MrmFullScanInfo, 509, 107, 2461310, 0, 0, 0, 0, 10000, 39297, 32, 4, 2, 1, 480, 0, 0, 0, 0, 0, 0, 49, -174, -74, 339, 13, -251, -5, -9, 145, 171, -333, -116, 427, -24, -379, 130, 259, -90, -95, -93, -8, 257, 46, -204, -72, -7, 179, 112, -351, 9, 445, -207, -540, 314, 941, -423, -1910, 837, 3425, -1681, -5138, 2623, 6651, -2799, -7826, 1353, 9030, 1740, -10572, -5665, 12178, 9780, -13320, -14092, 13749, 18559, -13684, -22329, 13492, 23949, -13425, -22336, 13482, 17655, -13445, -11373, 12980, 5492, -11585, -1572, 8845, 212, -4695, -937, -405, 2557, 5640, -3819, -10162, 4074, 13336, -3408, -14737, 2331, 14176, -1345, -11879, 776, 8567, -689, -5253, 954, 2841, -1308, -1666, 1390, 1443, -832, -1561, -472, 1511, 2210, -1035, -3775, 155, 4611, 885, -4470, -1729, 3523, 2067, -2230, -1782, 1092, 1031, -409, -180, 213, -380, -304, 461, 417, -147, -336, -280, -1, 538, 505, -464, -960, 87, 1148, 396, -951, -731, 435, 772, 183, -517, -640, 89, 788, 334, -645, -574, 362, 551, -112, -326, 24, 63, -116, 73, 312, 3, -483, -248, 507, 522, -319, -664, -39, 589, 450, -312, -758, -41, 860, 335, -736, -465, 477, 413, -211, -227, 40, 12, 0, 137, 64, -171, -159, 97, 210, 29, -169, -125, 51, 143, 92, -84, -182, -20, 189, 142, -135, -237, 67, 279, -3, -273, -42, 264, 60, -277, -34, 319, -2, -355, 0, 359, 70, -306, -183, 202, 296, -58, -366, -99, 369, 250, -293, -368, 162, 440, -22, -441, -79, 369, 138, -245, -170, 126, 194, -46, -209, 10, 221, 11, -240, -28, 274, 35, -284, -27, 241, 20, -162, -2, 85, -38, -8, 98, -71, -139, 135, 138, -152, -95, 131, 36, -86, 16, 42, -56, -16, 92, 14, -121, -19, 131, 27, -97, -33, 24, 31, 68, 0, -148, -57, 201, 129, -216, -189, 190, 229, -125, -238, 54, 217, 2, -161, -41, 98, 80, -64, -110, 72, 119, -91, -106, 104, 95, -119, -85, 153, 78, -187, -64, 195, 50, -154, -43, 86, 52, -23, -66, 1, 69, -13, -41, 40, 0, -49, 31, 34, -26, -11, -14, 12, 79, -46, -150, 90, 227, -106, -304, 90, 367, -55, -383, 10, 349, 40, -275, -77, 183, 85, -92, -57, 24, 1, 23, 62, -49, -98, 50, 100, -28, -66, 1, 0, 38, 83, -92, -149, 163, 192, -243, -216, 315, 225, -342, -211, 299, 186, -181, -166, 7, 168, 186, -175, -330, 158, 386, -108, -349, 53, 250, -15, -124, 1, 29, -12, 5, 57, 9, -114, -29, 147, 31, -125, -12, 67, -21, 0, 83, -47, -157, 72, 200, -51, -180, -16, 124, 82, -53, -74, -27, -15, 122, 136, -198, -222, 224, 244, -166, -208, 28, 158, 142, -113, -283, 75, 377, -35, -442, -2, 488, 40, -484, -83, 414, 136, -282, -177, 125, 196, 28, -184, -150, 158, 227, -121, -260, 84, 268, -64, -258, 80, 239, -129, -215, 195, 200, -248, -191, 273, 191, -257, -191, 212, 176, -140
1791219851.921, MrmDetectionListInfo, 509, 268, 44, 994, 45, 1381, 46, 1902, 47, 2523, 48, 3192, 49, 3851, 50, 4432, 51, 4860, 52, 5073, 53, 5080, 54, 5049, 55, 5283, 56, 6034, 57, 7328, 58, 8928, 59, 10494, 60, 11844, 61, 13039, 62, 14214, 63, 15397, 64, 16506, 65, 17441, 66, 18142, 67, 18566, 68, 18655, 69, 18348, 70, 17622, 71, 16514, 72, 15103, 73, 13491, 74, 11783, 75, 10070, 76, 8429, 77, 6908, 78, 5531, 79, 4299, 80, 3203, 81, 2249, 82, 1551, 83, 1490, 84, 2523, 85, 4504, 86, 6537, 87, 7814, 88, 8323, 89, 8541, 90, 8741, 91, 8788, 92, 8473, 93, 7811, 94, 6981, 95, 6120, 96, 5251, 97, 4370, 98, 3524, 99, 2797, 100, 2245, 101, 1867, 102, 1626, 103, 1476, 104, 1371, 105, 1268, 106, 1153, 107, 1069, 108, 1113, 109, 1368, 110, 1778, 111, 2143, 112, 2313, 113, 2357, 114, 2473, 115, 2720, 116, 2936, 117, 2939, 118, 2707, 119, 2348, 120, 1962, 121, 1568, 122, 1156, 123, 747, 124, 402, 125, 193, 127, 277, 128, 405, 129, 442, 130, 374, 131, 270, 132, 210, 133, 213, 134, 269, 135, 377, 136, 519, 137, 632, 138, 662, 139, 636, 140, 642, 141, 708, 142, 765, 143, 732, 144, 611, 145, 477, 146, 407, 147, 416, 148, 454, 149, 474, 150, 483, 151, 512, 152, 549, 153, 543, 154, 472, 155, 359, 156, 245, 157, 155, 162, 197, 163, 249, 164, 307, 165, 383, 166, 458, 167, 491, 168, 467, 169, 407, 170, 361, 171, 373, 172, 435, 173, 487, 174, 488, 175, 466, 176, 485, 177, 548, 178, 591, 179, 554, 180, 449, 181, 330, 182, 229, 183, 143, 188, 132, 189, 163, 190, 157, 191, 137, 203, 149, 204, 169, 205, 175, 206, 166, 207, 151, 209, 143, 210, 153, 211, 163, 212, 167, 213, 165, 214, 165, 215, 168, 216, 173, 217, 179, 218, 185, 219, 195, 220, 206, 221, 217, 222, 222, 223, 220, 224, 211, 225, 205, 226, 213, 227, 240, 228, 275, 229, 301, 230, 309, 231, 299, 232, 279, 233, 256, 234, 238, 235, 232, 236, 237, 237, 238, 238, 224, 239, 197, 240, 167, 249, 145, 250, 155, 251, 159, 252, 156, 253, 145, 263, 130, 264, 146, 265, 145, 288, 126, 289, 155, 290, 179, 291, 193, 292, 200, 293, 199, 294, 192, 295, 177, 296, 158, 297, 136, 298, 113, 317, 129, 343, 171, 344, 192, 345, 208, 346, 217, 347, 220, 348, 215, 349, 204, 350, 190, 351, 178, 352, 171, 375, 179, 376, 202, 377, 230, 378, 257, 379, 275, 380, 282, 381, 278, 382, 264, 383, 240, 384, 205, 385, 164, 389, 173, 390, 236, 391, 270, 392, 269, 393, 252, 394, 230, 395, 205, 396, 170, 431, 210, 432, 234, 433, 232, 434, 214, 435, 186, 436, 148, 440, 173, 441, 204, 442, 215, 443, 217, 444, 222, 445, 232, 446, 242, 447, 254, 448, 265, 449, 273, 450, 271, 451, 258, 452, 237, 453, 211, 454, 181, 455, 150, 459, 158, 460, 185, 461, 193, 462, 186, 463, 176, 464, 171, 465, 169, 466, 166, 467, 164, 468, 165, 469, 171, 470, 181, 471, 192, 472, 204, 473, 214, 474, 223, 475, 229, 476, 231, 477, 229, 478, 221, 479, 209
1791219852.046, MrmFullScanInfo, 510, 107, 2461435, 0, 0, 0, 0, 10000, 39297, 32, 1, 2, 1, 480, -20480, 31792, 24836, -31118, -29343, 29253, 32250, -19998, -32512, -1865, 32498, 26582, -29162, -32337, 11497, 32366, 8817, -32490, -20166, 31964, 22506, -27666, -18035, 5650, 15864, 11201, -1961, -14172, -9953, 27522, 8044, -28458, 460, 31701, -9361, -31642, 11259, 32117, -9477, -31989, 5861, 32136, -830, -29188, -5121, 21896, 10067, -9398, -8596, -3912, 1755, 14221, 8559, -18696, -18138, 16293, 23173, -9756, -21716, 2045, 15699, 6527, -4862, -11839, -7062, 13012, 15430, -10951, -20892, 7032, 21671, -2593, -18633, -898, 12591, 2306, -5290, -1215, -1572, -3052, 6213, 7409, -6561, -10427, 4227, 11452, -422, -9441, -3696, 5011, 6336, 250, -6696, -5185, 4778, 8182, -872, -8934, -2134, 6634, 3561, -3495, -2735, 622, 529, 1343, 2058, -1308, -3721, -42, 3895, 1129, -2848, -1973, 833, 1931, 1084, -1011, -2091, -281, 2154, 1250, -1560, -1821, 315, 1480, 569, -739, -830, -243, 710, 785, -229, -944, -235, 573, 192, -279, 158, 216, -641, -291, 804, 665, -688, -1108, 364, 1207, 281, -902, -694, 600, 817, 129, -471, -589, 158, 559, 297, -458, -661, 215, 470, 32, -262, -119, -127, -103, 198, 344, -183, -599, -152, 682, 257, -486, -301, 232, 295, 9, -323, -211, 93, 278, 81, -220, -240, 83, 182, 132, -58, -13, -128, -30, 171, 209, -175, -332, 78, 412, 142, -309, -321, 90, 441, 4, -424, -143, 342, 269, -190, -312, 75, 238, -135, -145, 134, 43, -225, -38, 121, -33, -165, -20, -10, 129, 108, -75, -192, 67, 298, -78, -425, -42, 498, 159, -558, -252, 453, 365, -248, -370, 73, 375, 30, -183, -149, 184, 233, 3, -308, -43, 165, 184, -6, -173, -24, 159, 154, -29, -279, 19, 124, 36, -48, -61, 45, 2, -12, 135, -5, -108, -20, 142, 23, -131, -104, 22, 209, -5, -192, -58, 113, 48, -68, -61, 60, 74, 31, -56, -54, 76, 117, -26, -122, 11, 50, -105, 9, 17, 96, -80, 22, 82, 18, -103, 123, 82, 25, -69, 20, 117, 107, 70, -198, -26, 189, 66, -158, -81, 84, 67, -50, -120, 14, 49, 52, 48, -61, 0, -5, -6, 16, -18, -52, 15, 81, -52, -142, 3, 231, -38, -154, 19, 162, 61, -24, -13, -24, -9, -26, -194, -142, 134, 262, -67, -238, 75, 159, -120, -197, 162, 58, -98, -148, 49, 78, -15, 127, 71, -108, -122, 119, 131, -155, -231, 107, 263, -52, -264, 36, 213, 95, -104, -192, 52, 260, 49, -168, -118, 163, 252, -145, -213, 161, 185, -74, -77, -5, 89, 29, 103, 8, -83, -59, 73, 55, -70, -109, 114, 36, -110, 80, 84, 86, -77, -83, 119, 70, -172, -44, 90, 129, -155, -163, 102, -53, -36, 2, 38, -121, 33, 44, -185, -150, 136, 16, -162, -116, 277, -10, -291, -24, 293, -74, -253, 223, 210, -229, -132, 237, 38, -317, -24, 331, -18, -318, 75, 314, -147, -302, -16, 95, -46, 45, -83, -162, 102, 180, -101, -206, 5, 174, -47, -159, -34, 1, 132, 47, -70
1791219852.046, MrmFullScanInfo, 510, 107, 2461435, 0, 0, 0, 0, 10000, 39297, 32, 2, 2, 1, 480, 0, 0, 0, 0, 0, 0, 10173, -14366, -19189, 29384, 22808, -31036, -24776, 17310, 28187, 3201, -30125, -20603, 25210, 31184, -12850, -36496, -1175, 37168, 10719, -31088, -14041, 17752, 12606, -512, -8556, -15685, 4785, 27309, -4611, -32727, 8858, 32428, -14839, -29182, 18912, 26276, -19224, -25505, 16193, 26194, -11056, -25906, 4993, 22132, 654, -13869, -4133, 2286, 3938, 9690, 154, -18624, -6638, 22058, 12853, -19344, -16154, 11661, 14991, -1451, -9469, -8333, 1190, 15150, 7492, -17689, -14374, 16149, 17983, -11857, -17739, 6643, 13979, -2287, -7777, 74, 768, -392, 5173, 2677, -8479, -5701, 8486, 8063, -5624, -8640, 1154, 6980, 3313, -3443, -6291, -980, 6940, 5018, -5388, -7487, 2637, 7737, -29, -5918, -1379, 2931, 1235, -16, 91, -1785, -1781, 2087, 2971, -1203, -3101, -143, 2139, 1225, -538, -1574, -1025, 1134, 1991, -212, -2106, -713, 1496, 1232, -543, -1161, -309, 617, 773, 82, -795, -600, 546, 772, -295, -636, 244, 384, -400, -227, 627, 296, -746, -549, 645, 826, -316, -941, -106, 790, 443, -393, -562, -84, 434, 454, -129, -601, -191, 533, 366, -329, -325, 130, 133, -54, 82, 148, -198, -346, 184, 523, -76, -558, -65, 429, 197, -197, -264, -35, 233, 198, -110, -249, -34, 199, 123, -97, -108, 18, 9, -7, 115, 75, -192, -187, 178, 287, -56, -319, -129, 277, 310, -175, -413, 41, 416, 98, -344, -197, 257, 221, -196, -162, 169, 64, -153, 25, 131, -59, -85, 28, 21, 45, 58, -116, -147, 158, 252, -157, -365, 118, 472, -41, -532, -55, 513, 166, -407, -258, 254, 305, -89, -289, -61, 226, 182, -136, -239, 33, 220, 70, -139, -146, 30, 174, 81, -153, -156, 104, 168, -42, -126, 1, 69, -2, -14, 45, -24, -94, 39, 124, -14, -122, -48, 99, 125, -65, -169, 32, 164, 3, -120, -35, 66, 63, -9, -80, -38, 86, 75, -82, -81, 77, 62, -69, -31, 64, 9, -65, 15, 73, -43, -74, 64, 71, -56, -63, 11, 53, 64, -38, -143, 24, 190, -9, -184, -13, 141, 45, -84, -64, 31, 60, 14, -34, -38, 12, 33, 5, -1, -22, -38, 43, 82, -62, -125, 79, 158, -83, -160, 67, 128, -32, -74, -12, 22, 67, 28, -123, -81, 165, 138, -179, -172, 180, 168, -175, -129, 162, 87, -129, -50, 87, 9, -50, 50, 36, -111, -48, 159, 88, -182, -141, 182, 194, -154, -218, 94, 206, 4, -166, -113, 113, 197, -42, -231, -42, 234, 123, -224, -161, 198, 148, -138, -100, 62, 40, 2, 21, -28, -67, 17, 97, 14, -114, -28, 123, 14, -113, 6, 97, 0, -96, -20, 119, 34, -144, -41, 158, 48, -153, -38, 126, 4, -71, 38, 0, -64, 81, 65, -148, -43, 191, 15, -218, 16, 246, -52, -265, 106, 259, -173, -214, 238, 137, -278, -46, 293, -31, -293, 91, 294, -136, -286, 169, 261, -171, -201, 130, 105, -42, 5, -61, -92, 142, 143, -166, -159, 139, 153, -78, -119, 3
1791219852.046, MrmFullScanInfo, 510, 107, 2461435, 0, 0, 0, 0, 10000, 39297, 32, 4, 2, 1, 480, 0, 0, 0, 0, 0, 0, 13, 128, -64, -239, 104, 139, -64, 167, -42, -423, 129, 412, -87, -225, -39, 80, 117, -78, -16, 162, -289, -133, 659, -112, -786, 425, 511, -519, -82, 370, -77, -195, -120, 156, 409, -201, -728, 154, 1606, 116, -3763, -591, 7374, 1048, -11781, -1066, 15890, 309, -18586, 1018, 19007, -1965, -16787, 1411, 12222, 1204, -6175, -5501, -333, 10335, 6413, -14256, -11335, 16060, 14522, -15253, -15654, 12258, 14837, -8152, -12481, 4115, 9163, -982, -5528, -856, 2286, 1455, -78, -1196, -746, 668, 295, -424, 923, 798, -2199, -1763, 2896, 2972, -2648, -3949, 1505, 4322, 68, -3905, -1377, 2757, 1906, -1189, -1576, -284, 691, 1188, 291, -1306, -964, 796, 1105, -68, -716, -446, 18, 531, 671, -226, -1058, -242, 1008, 633, -590, -762, 41, 570, 402, -132, -609, -365, 583, 737, -414, -874, 233, 804, -140, -641, 172, 515, -282, -477, 382, 517, -384, -573, 268, 576, -80, -472, -83, 265, 152, -11, -115, -186, 14, 263, 86, -223, -115, 125, 41, -33, 116, 7, -287, -73, 388, 220, -363, -385, 249, 476, -122, -421, 39, 248, -1, -42, 6, -115, -39, 187, 86, -146, -115, 21, 101, 115, -24, -181, -104, 162, 254, -93, -371, 27, 409, 6, -342, -7, 203, 5, -63, 6, -21, -41, 52, 93, -64, -113, 95, 74, -150, 16, 210, -113, -240, 174, 232, -170, -184, 106, 110, -11, -18, -61, -79, 84, 185, -56, -284, 8, 360, 38, -380, -78, 338, 122, -250, -155, 151, 167, -58, -158, -15, 150, 70, -141, -105, 124, 134, -96, -162, 72, 183, -50, -174, 28, 145, -1, -120, -18, 112, 37, -99, -62, 79, 97, -55, -131, 39, 154, -21, -161, -7, 168, 48, -182, -81, 203, 96, -209, -89, 191, 75, -148, -53, 98, 24, -49, 7, 5, -16, 28, 1, -38, 22, 37, -41, -44, 73, 63, -112, -67, 136, 56, -115, -37, 45, 25, 56, -15, -146, 2, 186, 27, -165, -71, 115, 112, -63, -121, 18, 98, 27, -58, -60, 23, 68, 11, -53, -45, 36, 74, -17, -96, -2, 119, 24, -141, -28, 160, 5, -154, 33, 106, -56, -9, 67, -107, -87, 211, 130, -276, -175, 311, 204, -321, -201, 302, 182, -237, -150, 143, 104, -49, -36, -19, -26, 57, 68, -60, -85, 36, 96, 6, -102, -42, 100, 58, -67, -52, 9, 45, 41, -29, -61, -5, 71, 56, -90, -81, 100, 66, -67, -23, 12, -18, 25, 43, -18, -42, -22, 29, 73, -26, -89, 33, 64, -21, -28, -2, 24, 7, -39, 28, 45, -81, -41, 129, 37, -152, -18, 142, -24, -82, 74, -11, -98, 108, 91, -170, -63, 193, 33, -190, 5, 186, -51, -174, 113, 142, -175, -81, 223, -1, -238, 99, 231, -198, -219, 283, 215, -341, -206, 374, 186, -365, -134, 297, 49, -155, 52, -25, -125, 184, 150, -263, -132, 266, 94, -218, -41, 148
1791219852.046, MrmDetectionListInfo, 510, 204, 48, 1525, 49, 2303, 50, 3320, 51, 4481, 52, 5673, 53, 6800, 54, 7781, 55, 8561, 56, 9160, 57, 9660, 58, 10066, 59, 10224, 60, 9919, 61, 9049, 62, 7731, 63, 6260, 64, 5010, 65, 4279, 66, 4193, 67, 4935, 68, 6817, 69, 9654, 70, 12459, 71, 14275, 72, 15006, 73, 15158, 74, 15060, 75, 14607, 76, 13606, 77, 12118, 78, 10400, 79, 8658, 80, 6946, 81, 5286, 82, 3803, 83, 2688, 84, 1990, 85, 1541, 86, 1139, 87, 775, 88, 601, 89, 638, 90, 675, 91, 575, 92, 504, 93, 722, 94, 1255, 95, 1889, 96, 2408, 97, 2752, 98, 2966, 99, 3069, 100, 3026, 101, 2806, 102, 2464, 103, 2169, 104, 2101, 105, 2221, 106, 2248, 107, 1958, 108, 1430, 109, 925, 110, 644, 111, 623, 112, 757, 113, 901, 114, 977, 115, 983, 116, 909, 117, 737, 118, 520, 119, 366, 120, 320, 121, 345, 122, 411, 123, 510, 124, 606, 125, 663, 126, 683, 127, 696, 128, 697, 129, 646, 130, 521, 131, 378, 132, 308, 133, 328, 134, 384, 135, 437, 136, 496, 137, 571, 138, 630, 139, 639, 140, 594, 141, 526, 142, 464, 143, 419, 144, 387, 145, 368, 146, 368, 147, 386, 148, 414, 149, 442, 150, 460, 151, 463, 152, 448, 153, 413, 154, 359, 155, 299, 156, 247, 157, 209, 158, 175, 159, 132, 163, 144, 164, 165, 165, 167, 166, 157, 167, 136, 172, 114, 173, 177, 174, 233, 175, 278, 176, 314, 177, 340, 178, 351, 179, 344, 180, 320, 181, 281, 182, 231, 183, 173, 184, 113, 190, 136, 191, 136, 198, 125, 199, 148, 200, 174, 201, 198, 202, 212, 203, 216, 204, 213, 205, 204, 206, 189, 207, 166, 224, 172, 225, 204, 226, 215, 227, 204, 228, 181, 229, 152, 239, 159, 240, 173, 241, 192, 242, 210, 243, 222, 244, 224, 245, 217, 246, 205, 247, 189, 248, 172, 249, 151, 250, 128, 261, 123, 262, 123, 263, 120, 264, 113, 285, 112, 286, 130, 287, 142, 288, 149, 289, 152, 290, 150, 291, 144, 292, 133, 360, 176, 361, 201, 362, 220, 363, 239, 364, 255, 365, 264, 366, 264, 367, 255, 368, 241, 369, 220, 370, 193, 440, 132, 447, 116, 448, 131, 457, 200, 458, 225, 459, 239, 460, 252, 461, 266, 462, 280, 463, 287, 464, 285, 465, 275, 466, 256, 467, 225, 468, 181, 474, 164, 475, 207, 476, 217, 477, 201, 478, 179, 479, 159
1791219852.171, MrmFullScanInfo, 511, 107, 2461560, 0, 0, 0, 0, 10000, 39297, 32, 1, 2, 1, 480, -20755, 31925, 24576, -31305, -29663, 29446, 32378, -20666, -32512, -2614, 32451, 26362, -29060, -32260, 10371, 32366, 8671, -32497, -19831, 32289, 22223, -27170, -17744, 6686, 15842, 11082, -624, -14632, -10890, 26568, 7954, -28361, 1444, 31975, -10068, -31567, 9626, 32049, -7467, -32319, 16, 32003, 8775, -28321, -23505, 20307, 30383, -6105, -32252, -7107, 29489, 15318, -25351, -20873, 12418, 19662, 744, -15258, -11569, 10029, 17986, -4174, -17940, -1150, 13461, 3728, -7472, -4514, 593, 4328, 5118, -1910, -7499, -279, 6427, 2577, -2933, -2259, -1731, 60, 5425, 3962, -7110, -7538, 6448, 9920, -2980, -10244, -1144, 7779, 4958, -3792, -7308, -1603, 7356, 6067, -5062, -8775, 1446, 8455, 1181, -6360, -2356, 3281, 1209, -519, 744, -772, -2836, 696, 4069, 387, -3827, -1311, 2163, 1974, -45, -1752, -1986, 323, 3060, 1082, -2930, -2325, 1818, 2756, -469, -2320, -595, 1095, 891, 120, -544, -804, -164, 993, 685, -825, -624, 328, 176, 80, 383, -26, -956, -373, 1156, 643, -850, -875, 165, 883, 238, -400, -561, -69, 740, 512, -504, -653, 106, 520, 118, -264, -11, -193, -212, 283, 483, -122, -614, -66, 608, 287, -289, -450, 55, 412, 320, -191, -595, -63, 619, 222, -482, -382, 300, 358, 5, -151, -130, -99, 190, 132, -55, -241, 87, 168, 21, -27, 92, -104, -247, 96, 398, -4, -529, 42, 375, 112, -333, -227, 184, 218, 35, -243, -72, 113, 189, -76, -205, -58, 210, 37, -35, 196, 25, -177, -127, 160, 208, -200, -320, 102, 319, -87, -381, 63, 290, 84, -140, -136, -39, 159, 38, -142, -128, 45, 189, -74, -21, 31, 69, 57, -10, 3, -146, -88, 85, 61, -34, -84, 90, 112, -63, -103, 38, 90, -74, -88, 60, 89, -97, -105, 29, 33, 5, 2, 87, 149, -3, -80, -24, 69, -3, -110, -52, 163, 223, -148, -184, 201, 336, -87, -359, -62, 349, 168, -244, -120, 186, 220, 20, -149, -42, 141, 97, 15, -100, 16, 43, 17, -73, -19, 55, -16, -26, -53, 26, 66, -37, -135, -18, 62, 107, -44, -88, 93, 117, -17, -100, -13, 48, 81, -60, -180, 31, 118, 95, -40, -32, 84, 81, -75, 1, 148, -27, -211, 77, 253, -98, -349, -90, 281, 80, -382, -53, 273, 15, -271, -52, 231, 162, -101, -124, 167, 107, -129, -96, 57, 53, -10, -160, 53, 134, -45, -143, 64, 89, -81, -107, 128, 44, -51, -88, 37, 77, -23, -30, 15, 57, 22, -114, -25, -61, 30, 20, 92, -97, -359, 45, 361, 43, -388, -118, 431, 0, -343, -61, 336, 12, -265, 50, 366, -114, -329, 35, 386, -32, -396, -9, 411, 83, -399, -209, 277, 249, -116, -178, -75, 195, 74, -222, -224, 162, 261, -139, -159, 143, 202, -174, -248, 147, 283, -118, -224, 72, 352, 67, -219, -115, 104, 429, -37, -305, -145, 265, 206, -317, -303, 218, 348, -85, -277, 62, 226, -38, -101, 30, 2, -39, -132, 44, 114, 53, -141, 15, 160, 72, -244
1791219852.171, MrmFullScanInfo, 511, 107, 2461560, 0, 0, 0, 0, 10000, 39297, 32, 2, 2, 1, 480, 0, 0, 0, 0, 0, 0, 10205, -14472, -19238, 29603, 22833, -31240, -24759, 17381, 28090, 3261, -29889, -20731, 24890, 31353, -12648, -36624, -1109, 37202, 10450, -31104, -13645, 17806, 12032, -553, -7810, -15710, 4116, 27323, -4370, -32626, 9045, 32226, -14941, -29060, 18097, 26561, -16585, -26495, 10550, 28110, -1058, -28899, -10113, 26190, 20633, -18898, -28341, 8380, 31676, 2420, -29472, -10865, 21545, 15782, -9566, -17259, -2996, 15896, 12480, -12310, -16689, 7309, 15572, -2022, -10674, -2330, 4179, 4876, 1800, -5267, -5642, 3820, 6533, -1500, -4586, -393, 714, 811, 3693, 541, -7124, -3139, 8398, 5941, -7067, -7829, 3591, 7965, 887, -6049, -4964, 2473, 7430, 1775, -7676, -5418, 5960, 7388, -3278, -7221, 890, 5243, 305, -2386, -92, -192, -1086, 1651, 2425, -1749, -3118, 827, 2734, 438, -1358, -1330, -490, 1412, 2133, -680, -3002, -478, 2893, 1522, -2005, -1981, 811, 1697, 187, -864, -664, -104, 603, 825, -255, -1070, -41, 852, 80, -397, 168, 14, -568, 109, 895, 39, -946, -325, 688, 554, -229, -563, -254, 337, 602, 5, -696, -302, 552, 430, -306, -336, 127, 91, -97, 160, 211, -277, -375, 219, 477, -28, -437, -192, 244, 340, 55, -355, -360, 250, 563, -73, -596, -100, 468, 203, -236, -196, -1, 103, 165, 21, -218, -114, 190, 135, -137, -71, 121, -33, -172, 131, 276, -183, -366, 168, 398, -81, -354, -44, 257, 160, -128, -219, 1, 212, 108, -153, -177, 95, 183, -77, -126, 106, 61, -151, -44, 192, 97, -217, -184, 227, 266, -207, -299, 152, 270, -54, -185, -59, 87, 148, 1, -178, -63, 160, 94, -111, -86, 52, 53, -3, 0, -12, -56, 3, 97, 23, -109, -51, 107, 74, -98, -83, 91, 81, -87, -72, 89, 63, -84, -49, 69, 39, -50, -42, 41, 60, -35, -78, 28, 95, -4, -118, -37, 159, 98, -202, -164, 222, 232, -187, -291, 108, 325, -11, -306, -71, 232, 133, -124, -160, 20, 148, 53, -102, -87, 50, 93, -11, -79, -4, 60, 15, -41, -31, 34, 58, -28, -79, 9, 90, 28, -92, -65, 88, 86, -65, -87, 17, 83, 49, -73, -102, 55, 121, -18, -112, -17, 103, 28, -109, 0, 136, -57, -173, 114, 218, -131, -264, 105, 311, -66, -335, 49, 325, -38, -280, 11, 228, 36, -187, -73, 165, 82, -139, -72, 103, 75, -71, -95, 65, 115, -79, -112, 103, 90, -116, -58, 113, 38, -90, -35, 63, 44, -39, -52, 22, 58, -6, -48, 0, 16, -19, 36, 93, -90, -203, 125, 314, -125, -388, 107, 414, -88, -389, 82, 343, -90, -302, 119, 286, -149, -293, 164, 322, -152, -357, 115, 386, -47, -382, -35, 326, 116, -215, -179, 81, 225, 41, -250, -126, 253, 167, -236, -171, 217, 169, -204, -175, 199, 195, -181, -220, 138, 240, -49, -233, -81, 196, 222, -128, -320, 33, 363, 80, -357, -179, 316, 244, -244, -253, 167, 209, -99, -135, 52, 77, -25, -61, 20, 87, -22, -128
1791219852.171, MrmFullScanInfo, 511, 107, 2461560, 0, 0, 0, 0, 10000, 39297, 32, 4, 2, 1, 480, 0, 0, 0, 0, 0, 0, 31, -40, -66, 94, 66, -121, -12, 128, -114, -113, 298, 44, -371, 76, 198, -97, 109, 3, -276, 57, 282, -11, -312, -77, 437, 146, -474, -197, 225, 246, 140, -268, -131, 168, -697, 227, 2459, -979, -5205, 2071, 8792, -3405, -12528, 4683, 15690, -5603, -18334, 6211, 20871, -6635, -22691, 6496, 22219, -4963, -18331, 1544, 11515, 3282, -3489, -8067, -3787, 11184, 8956, -11708, -11451, 9827, 11399, -6566, -9421, 3272, 6416, -1030, -3299, 313, 758, -886, 805, 2030, -1197, -2975, 534, 3238, 692, -2688, -1780, 1476, 2214, -2, -1799, -1196, 645, 1703, 847, -1378, -2101, 398, 2651, 823, -2374, -1785, 1525, 2119, -541, -1731, -158, 847, 361, 126, -111, -798, -334, 972, 652, -701, -597, 233, 140, 131, 534, -185, -1126, -87, 1402, 524, -1278, -861, 850, 899, -332, -596, -35, 79, 129, 436, 23, -728, -262, 682, 406, -341, -325, -109, 20, 466, 378, -584, -689, 444, 786, -139, -625, -165, 267, 335, 168, -322, -520, 184, 677, -31, -629, -27, 474, -46, -330, 211, 284, -370, -335, 444, 414, -383, -431, 208, 340, 8, -147, -175, -95, 239, 321, -192, -457, 82, 458, 20, -315, -53, 93, 7, 115, 104, -226, -237, 223, 341, -133, -358, 21, 281, 57, -137, -77, -12, 56, 117, -15, -146, -16, 112, 21, -38, 20, -36, -89, 84, 164, -86, -204, 65, 176, -46, -80, 49, -28, -61, 91, 76, -93, -92, 71, 121, -58, -158, 74, 185, -101, -179, 118, 146, -102, -102, 64, 61, -4, -16, -62, -25, 112, 69, -111, -118, 66, 173, 1, -203, -71, 199, 121, -163, -119, 112, 78, -68, -18, 57, -44, -77, 99, 106, -114, -114, 79, 100, -4, -75, -69, 52, 110, -23, -108, -2, 91, 9, -80, 19, 90, -64, -114, 100, 157, -88, -210, 31, 255, 50, -254, -126, 195, 185, -100, -212, 12, 199, 46, -155, -77, 106, 98, -64, -118, 36, 143, -14, -157, -6, 154, 40, -125, -75, 70, 101, 5, -106, -70, 95, 101, -63, -90, 11, 56, 62, -11, -125, -46, 155, 121, -151, -182, 135, 194, -115, -140, 106, 42, -117, 62, 146, -128, -185, 151, 235, -153, -273, 153, 278, -126, -241, 62, 193, 18, -156, -80, 136, 113, -107, -138, 58, 181, 1, -235, -46, 274, 75, -266, -86, 208, 83, -109, -70, -1, 58, 95, -36, -149, -3, 164, 58, -152, -102, 141, 122, -140, -134, 149, 175, -151, -240, 141, 301, -112, -330, 89, 327, -79, -288, 76, 240, -73, -204, 93, 194, -130, -197, 162, 213, -163, -244, 139, 282, -84, -298, 1, 269, 95, -188, -184, 85, 256, 1, -293, -46, 292, 56, -260, -34, 223, 6, -190, 9, 153, 5, -86, -52, -9, 116, 140, -158, -294, 158, 446, -112, -547, 35, 586, 61, -563, -157, 482, 236, -348, -273, 200, 258, -71, -197, -16, 129, 69, -85, -86, 69, 75, -65
1791219852.171, MrmDetectionListInfo, 511, 243, 44, 1012, 45, 1728, 46, 2657, 47, 3732, 48, 4908, 49, 6159, 50, 7444, 51, 8686, 52, 9807, 53, 10779, 54, 11628, 55, 12408, 56, 13154, 57, 13848, 58, 14400, 59, 14670, 60, 14491, 61, 13722, 62, 12277, 63, 10229, 64, 7956, 65, 6043, 66, 4914, 67, 4738, 68, 5555, 69, 7179, 70, 9104, 71, 10679, 72, 11426, 73, 11278, 74, 10509, 75, 9419, 76, 8142, 77, 6707, 78, 5194, 79, 3757, 80, 2537, 81, 1594, 82, 938, 83, 617, 84, 699, 85, 1122, 86, 1639, 87, 1978, 88, 2033, 89, 1911, 90, 1812, 91, 1834, 92, 1918, 93, 1922, 94, 1742, 95, 1401, 96, 1079, 97, 977, 98, 1090, 99, 1217, 100, 1243, 101, 1251, 102, 1347, 103, 1486, 104, 1567, 105, 1604, 106, 1684, 107, 1813, 108, 1880, 109, 1778, 110, 1512, 111, 1183, 112, 888, 113, 661, 114, 484, 115, 336, 117, 265, 118, 444, 119, 674, 120, 805, 121, 778, 122, 640, 123, 460, 124, 282, 127, 338, 128, 549, 129, 702, 130, 777, 131, 839, 132, 930, 133, 1002, 134, 984, 135, 862, 136, 682, 137, 492, 138, 314, 139, 163, 142, 252, 143, 382, 144, 462, 145, 497, 146, 499, 147, 453, 148, 355, 149, 232, 151, 158, 152, 294, 153, 486, 154, 622, 155, 647, 156, 589, 157, 502, 158, 418, 159, 347, 160, 291, 161, 256, 162, 249, 163, 274, 164, 327, 165, 386, 166, 416, 167, 397, 168, 348, 169, 302, 170, 272, 171, 250, 172, 230, 173, 226, 174, 251, 175, 300, 176, 352, 177, 391, 178, 413, 179, 417, 180, 398, 181, 353, 182, 282, 183, 197, 184, 125, 186, 122, 187, 179, 188, 237, 189, 279, 190, 301, 191, 299, 192, 274, 193, 237, 194, 196, 195, 156, 200, 142, 201, 215, 202, 259, 203, 268, 204, 256, 205, 235, 206, 208, 207, 173, 225, 136, 226, 143, 227, 137, 228, 125, 243, 127, 244, 137, 246, 145, 247, 139, 264, 115, 265, 136, 266, 154, 267, 156, 298, 122, 300, 136, 302, 138, 303, 144, 304, 156, 305, 171, 306, 180, 307, 177, 308, 164, 309, 145, 345, 144, 346, 158, 347, 165, 348, 164, 349, 155, 358, 174, 359, 185, 360, 196, 361, 206, 362, 215, 363, 215, 364, 207, 365, 188, 366, 162, 367, 132, 376, 105, 381, 173, 382, 181, 383, 173, 384, 158, 404, 168, 405, 183, 406, 198, 407, 210, 408, 216, 409, 217, 410, 214, 411, 208, 412, 201, 413, 191, 414, 179, 415, 166, 416, 153, 417, 145, 422, 176, 423, 185, 424, 192, 425, 197, 426, 200, 427, 200, 428, 195, 429, 184, 434, 167, 435, 166, 436, 154, 439, 153, 440, 169, 441, 177, 442, 169, 443, 150, 455, 147, 456, 204, 457, 248, 458, 276, 459, 296, 460, 309, 461, 313, 462, 311, 463, 311, 464, 320, 465, 335, 466, 344, 467, 340, 468, 322, 469, 295, 470, 261, 471, 223, 472, 182
1791219852.296, MrmFullScanInfo, 512, 107, 2461685, 0, 0, 0, 0, 10000, 39297, 32, 1, 2, 1, 480, -20410, 32225, 24076, -31352, -29504, 29068, 32348, -21115, -32512, -1848, 32488, 27588, -29482, -32095, 10049, 32469, 8559, -32484, -20150, 32123, 22143, -27512, -17508, 5831, 15010, 10799, -1191, -15134, -10315, 27702, 8606, -28588, -9, 32082, -8667, -31980, 10287, 32130, -8236, -32356, 3354, 32070, 4125, -27014, -15346, 17450, 23680, -244, -25820, -16439, 19740, 28513, -9511, -32265, -5239, 31505, 17666, -28768, -24803, 23827, 28799, -16642, -26738, 10369, 22795, -5410, -15104, 1263, 6598, 67, 84, -337, -2441, -115, 1812, -105, 1432, 2239, -5516, -6078, 8712, 10852, -9085, -14554, 6968, 16700, -2862, -16000, -2443, 11993, 6093, -6780, -8175, 431, 7188, 4383, -4264, -6836, 419, 5991, 2544, -3784, -2896, 1226, 1351, 656, 1334, -667, -3425, -1023, 4155, 2719, -3474, -3928, 1129, 3942, 1174, -2552, -2797, 239, 3264, 2157, -2517, -3608, 792, 4110, 875, -3107, -1786, 1547, 1576, -130, -832, -616, -195, 642, 836, -206, -650, -273, -10, 508, 977, -231, -1650, -429, 1784, 909, -1512, -1213, 826, 1061, -131, -435, -138, -130, 252, 621, 28, -765, -289, 459, 292, 13, 40, -252, -448, 283, 740, 43, -896, -335, 650, 663, -80, -678, -406, 524, 786, -40, -983, -394, 1007, 707, -502, -816, 92, 621, 263, -308, -279, 101, 289, 88, -44, -85, -140, -73, 179, 256, -72, -486, -198, 528, 343, -514, -493, 328, 468, -106, -430, -15, 355, 203, -200, -202, 112, 202, -75, -205, 99, 195, 33, -382, -172, 278, 203, -256, -318, 188, 365, -106, -314, 31, 366, 54, -169, -140, 46, 46, 4, -26, -66, 121, 11, -126, 117, 15, -84, -107, 85, 45, -77, -92, -3, 160, -2, -57, -52, 129, 47, 63, -42, -50, 100, 21, 137, -150, -11, 124, 8, 25, -48, 109, 130, 35, -14, 1, 52, 4, -110, -136, 11, 158, 70, -52, -77, 51, 175, -16, -126, -43, 82, 150, -131, -73, 32, 107, -60, -130, 51, 82, -69, -111, -125, -51, 33, -70, -50, -47, 122, -37, -150, 53, 134, 67, -123, -52, 37, 115, -72, -139, -118, 86, 69, -124, -46, 135, 122, -26, -86, 63, 181, -63, -79, -26, 37, 75, -123, -50, 19, 146, -50, -267, 39, 170, -58, -312, 125, 359, -93, -390, 67, 464, -51, -444, 78, 329, -76, -291, 83, 244, -25, -115, 49, 52, -79, -46, 75, 0, -82, -149, 43, 192, 34, -121, 10, 191, 133, -133, -71, 268, 87, -362, -155, 350, 301, -423, -176, 344, 266, -228, -275, 361, 260, -312, -246, 309, 275, -332, -80, 236, 44, -105, 33, 186, -174, -72, 260, 28, -353, -98, 323, 199, -256, -206, 150, 306, 90, -248, -151, 198, 368, -88, -676, 127, 525, 31, -472, -70, 360, -22, -305, -94, 286, -36, -156, 84, 214, 43, -154, -31, 183, 91, -242, -90, 94, 200, 92, -59, -296, -6, 338, -14, -294, -219, 166, 305, -40, -293, -219, 309, 314, -232, -206, 69, 255, -78, -186, 80, 211, -28, 10, 104, 25, 19, -32, -13, 126, 120
1791219852.296, MrmFullScanInfo, 512, 107, 2461685, 0, 0, 0, 0, 10000, 39297, 32, 2, 2, 1, 480, 0, 0, 0, 0, 0, 0, 10095, -14433, -19060, 29587, 22681, -31306, -24685, 17451, 28124, 3303, -30021, -20862, 25021, 31461, -12676, -36687, -1166, 37209, 10456, -31004, -13525, 17561, 11924, -175, -7884, -16171, 4271, 27835, -4237, -33193, 8475, 32845, -14296, -29614, 18051, 26788, -17741, -26060, 13340, 26587, -5579, -25715, -4438, 20761, 14741, -10741, -22500, -2761, 24959, 16398, -20703, -27122, 10748, 33515, 1677, -35446, -12694, 33295, 19709, -27858, -21966, 20460, 19975, -12662, -14915, 5807, 8441, -803, -2520, -1955, -1145, 2754, 1734, -2521, 531, 2498, -4561, -3611, 8746, 6061, -11469, -9271, 11642, 12161, -9070, -13581, 4487, 12771, 716, -9663, -4984, 4958, 7157, 70, -6833, -4007, 4551, 5897, -1573, -5576, -661, 3667, 1267, -1284, -265, -413, -1586, 774, 3238, 107, -3819, -1547, 3018, 2690, -1165, -2861, -980, 1875, 2626, -77, -3227, -1840, 2701, 3171, -1427, -3474, 45, 2765, 882, -1470, -1093, 186, 711, 622, -121, -783, -243, 440, 144, 72, 378, -404, -1061, 384, 1583, -61, -1709, -340, 1404, 584, -816, -529, 202, 211, 217, 204, -346, -500, 254, 533, -108, -305, 70, -24, -195, 264, 431, -285, -631, 89, 650, 225, -424, -501, 18, 599, 447, -461, -826, 149, 990, 212, -873, -489, 545, 602, -154, -533, -142, 346, 260, -134, -201, -4, 46, 14, 94, 109, -135, -309, 67, 497, 72, -581, -218, 529, 332, -363, -388, 156, 382, 29, -322, -150, 241, 204, -164, -220, 99, 242, -32, -281, -37, 319, 115, -323, -192, 294, 260, -232, -297, 150, 290, -57, -229, -19, 135, 70, -41, -99, -5, 113, -9, -98, 61, 62, -100, -28, 108, 27, -86, -53, 57, 91, -27, -105, 2, 84, 26, -35, -47, -15, 45, 64, -22, -100, 5, 109, 9, -87, -30, 58, 53, -32, -65, 8, 71, 25, -68, -66, 51, 99, -7, -106, -50, 93, 103, -58, -132, 8, 140, 43, -130, -77, 112, 94, -93, -95, 74, 84, -38, -62, -7, 45, 51, -32, -81, 35, 106, -44, -121, 48, 123, -24, -111, -20, 90, 72, -52, -112, 10, 139, 26, -144, -45, 132, 65, -107, -87, 87, 100, -63, -96, 26, 87, 20, -82, -70, 85, 126, -94, -176, 116, 219, -147, -256, 181, 298, -203, -342, 211, 377, -210, -376, 204, 335, -183, -265, 150, 190, -109, -116, 79, 55, -64, -17, 65, 23, -68, -64, 70, 119, -57, -157, 30, 184, 4, -217, -25, 272, 38, -339, -52, 402, 73, -430, -95, 420, 124, -391, -151, 377, 164, -377, -149, 375, 105, -340, -37, 268, -32, -175, 102, 89, -176, -16, 252, -26, -307, 24, 327, 32, -294, -118, 209, 207, -77, -265, -92, 287, 287, -285, -450, 266, 523, -216, -495, 145, 416, -79, -326, 48, 251, -50, -191, 61, 156, -50, -154, 23, 176, 12, -180, -49, 124, 85, 6, -112, -162, 118, 278, -72, -306, -31, 252, 171, -131, -292, -9, 355, 126, -336, -189, 259, 210, -170, -194, 111, 143, -75, -71, 46, 22, -8
1791219852.296, MrmFullScanInfo, 512, 107, 2461685, 0, 0, 0, 0, 10000, 39297, 32, 4, 2, 1, 480, 0, 0, 0, 0, 0, 0, -98, 16, 156, 34, -132, -124, 76, 118, -16, 14, -8, -133, -23, 153, 64, -111, -28, 17, -99, 112, 251, -246, -274, 360, 150, -428, -67, 462, 234, -488, -519, 527, 614, -501, -369, 338, -95, 21, 555, -677, -687, 1825, 93, -3596, 1253, 6000, -2638, -8766, 2971, 11428, -1697, -13774, -639, 15969, 2922, -18032, -4481, 19514, 5631, -19911, -6966, 18981, 8467, -16709, -9504, 13297, 9590, -9248, -8841, 5241, 7732, -1819, -6675, -754, 5866, 2518, -5310, -3656, 4885, 4403, -4443, -4928, 3865, 5259, -3090, -5313, 2159, 5008, -1221, -4339, 480, 3436, -61, -2514, 23, 1787, -297, -1314, 680, 1020, -878, -768, 711, 429, -225, 91, -357, -780, 783, 1480, -871, -1933, 604, 1940, -115, -1433, -370, 537, 664, 496, -658, -1365, 374, 1840, 48, -1836, -403, 1445, 541, -871, -424, 355, 141, -61, 164, 31, -328, -180, 249, 379, 60, -509, -470, 505, 836, -370, -1041, 188, 1035, -38, -840, -29, 565, 10, -316, 67, 144, -120, -36, 86, -35, 29, 109, -151, -204, 218, 311, -195, -375, 92, 334, 58, -160, -192, -87, 244, 335, -171, -508, -1, 560, 203, -464, -353, 263, 410, -43, -367, -108, 256, 153, -121, -92, 18, -29, 16, 152, 36, -227, -161, 252, 309, -233, -401, 176, 408, -81, -343, -27, 250, 118, -149, -166, 55, 184, 28, -188, -105, 179, 177, -135, -222, 56, 228, 35, -189, -94, 126, 102, -48, -56, -25, -29, 79, 129, -86, -199, 39, 208, 35, -143, -92, 19, 121, 123, -119, -222, 86, 244, -9, -189, -86, 91, 165, 19, -185, -110, 139, 172, -50, -189, -41, 163, 116, -110, -152, 67, 143, -33, -98, 2, 51, 20, -20, -17, 9, 0, -1, 19, -9, -30, 14, 45, 6, -55, -51, 49, 115, -18, -172, -27, 197, 77, -174, -110, 128, 110, -77, -77, 30, 42, 5, -18, -14, 12, -1, -22, 36, 54, -65, -96, 72, 132, -47, -146, 6, 130, 35, -83, -70, 34, 97, -1, -101, -10, 86, 24, -70, -40, 76, 43, -86, -26, 75, 11, -32, -8, -26, 19, 86, -33, -121, 50, 134, -66, -132, 89, 135, -123, -141, 171, 145, -213, -131, 228, 101, -209, -61, 177, 20, -148, 26, 128, -69, -103, 89, 78, -64, -59, 14, 55, 28, -44, -38, 19, 36, 12, -54, -21, 118, 2, -213, 27, 314, -42, -386, 37, 420, -8, -429, -34, 434, 83, -417, -121, 355, 135, -231, -109, 69, 51, 86, 29, -198, -119, 261, 201, -277, -244, 246, 241, -177, -193, 99, 108, -34, 8, 4, -147, 4, 294, -14, -405, 43, 438, -76, -386, 106, 293, -134, -197, 174, 121, -213, -67, 237, 40, -235, -37, 219, 49, -193, -41, 158, -14, -107, 114, 49, -204, 0, 243, -10, -216, -25, 137, 88, -11, -147, -122, 180, 227, -172, -278, 143, 287, -113, -259, 91, 201, -53, -125, -6, 70, 89
1791219852.296, MrmDetectionListInfo, 512, 227, 49, 1049, 50, 1294, 51, 1613, 52, 2228, 53, 3194, 54, 4318, 55, 5343, 56, 6138, 57, 6701, 58, 7075, 59, 7321, 60, 7576, 61, 8060, 62, 8949, 63, 10143, 64, 11272, 65, 12046, 66, 12493, 67, 12816, 68, 13118, 69, 13333, 70, 13355, 71, 13141, 72, 12705, 73, 12055, 74, 11181, 75, 10101, 76, 8881, 77, 7610, 78, 6370, 79, 5227, 80, 4279, 81, 3655, 82, 3450, 83, 3640, 84, 4037, 85, 4370, 86, 4500, 87, 4499, 88, 4500, 89, 4540, 90, 4553, 91, 4482, 92, 4327, 93, 4122, 94, 3878, 95, 3583, 96, 3232, 97, 2844, 98, 2449, 99, 2070, 100, 1724, 101, 1424, 102, 1185, 103, 1020, 104, 928, 105, 894, 106, 897, 107, 910, 108, 905, 109, 862, 110, 764, 111, 606, 112, 407, 115, 364, 116, 707, 117, 1057, 118, 1277, 119, 1348, 120, 1326, 121, 1247, 122, 1107, 123, 917, 124, 737, 125, 612, 126, 548, 127, 547, 128, 627, 129, 785, 130, 959, 131, 1059, 132, 1049, 133, 988, 134, 965, 135, 985, 136, 967, 137, 845, 138, 644, 139, 434, 140, 261, 145, 219, 146, 269, 147, 278, 148, 271, 149, 290, 150, 371, 151, 502, 152, 620, 153, 677, 154, 673, 155, 642, 156, 604, 157, 553, 158, 484, 159, 408, 160, 336, 161, 271, 162, 211, 163, 160, 164, 128, 172, 161, 173, 217, 174, 253, 175, 268, 176, 268, 177, 254, 178, 225, 179, 187, 180, 152, 181, 135, 182, 145, 183, 178, 184, 227, 185, 279, 186, 310, 187, 309, 188, 296, 189, 307, 190, 349, 191, 383, 192, 373, 193, 320, 194, 257, 195, 212, 196, 197, 197, 200, 198, 194, 199, 165, 206, 138, 207, 177, 208, 213, 209, 251, 210, 285, 211, 305, 212, 305, 213, 289, 214, 259, 215, 222, 216, 186, 217, 159, 218, 148, 219, 150, 220, 148, 221, 135, 225, 127, 226, 150, 227, 166, 228, 172, 229, 167, 230, 156, 231, 141, 244, 136, 254, 155, 255, 173, 262, 110, 263, 108, 264, 116, 265, 134, 266, 145, 267, 138, 302, 136, 303, 129, 359, 161, 360, 171, 361, 178, 362, 177, 363, 170, 364, 157, 392, 184, 393, 207, 394, 219, 395, 222, 396, 222, 397, 221, 398, 224, 399, 234, 400, 247, 401, 258, 402, 260, 403, 253, 404, 235, 405, 206, 406, 165, 413, 191, 414, 225, 415, 245, 416, 253, 417, 253, 418, 242, 419, 221, 420, 190, 429, 171, 430, 198, 431, 219, 432, 238, 433, 251, 434, 250, 435, 237, 436, 218, 437, 200, 438, 184, 439, 172, 440, 162, 441, 155, 442, 150, 443, 146, 446, 134, 447, 132, 468, 191, 469, 217, 470, 222, 471, 216, 472, 210, 473, 203, 474, 192, 475, 175, 476, 154
1791219852.437, MrmFullScanInfo, 513, 107, 2461810, 0, 0, 0, 0, 10000, 39297, 32, 1, 2, 1, 480, -20173, 32059, 25901, -31249, -28758, 29280, 32332, -20551, -32512, -3826, 32466, 28139, -29340, -32335, 10061, 32283, 7494, -32420, -21016, 32120, 22293, -27002, -17836, 6121, 14751, 10783, -16, -15092, -11092, 27445, 7831, -28965, 1353, 31951, -7949, -31940, 9611, 31967, -7627, -32252, 2620, 32074, 5365, -27919, -15465, 20083, 24868, -4222, -27493, -9082, 23133, 19532, -14515, -24296, 3150, 21838, 7258, -14554, -13425, 5890, 15491, 2383, -13120, -8247, 7527, 9730, -2182, -9117, -2436, 6413, 5573, -2238, -4988, -963, 2377, 2872, 1322, -2238, -4705, -852, 5993, 4926, -5304, -7864, 2457, 9563, 1474, -8817, -5579, 5547, 8364, -1344, -8826, -2911, 7102, 5767, -3671, -6850, -82, 5213, 2417, -3001, -2824, 671, 1246, 618, 675, -461, -2128, -814, 2453, 2082, -1623, -2728, -129, 2572, 1580, -1374, -2324, -301, 2014, 1665, -1046, -2307, -361, 2084, 1465, -1282, -1744, 219, 1149, 585, -310, -735, -561, 370, 959, -16, -597, -471, -66, 351, 711, 55, -915, -792, 750, 1123, -118, -1257, -447, 874, 988, -395, -1017, -134, 794, 395, -327, -285, 121, 30, -95, 278, 436, -452, -790, 169, 867, 277, -606, -614, 245, 911, 340, -960, -714, 606, 966, -145, -965, -265, 647, 558, -245, -538, -103, 347, 360, -35, -346, -161, 133, 158, 173, -101, -351, -231, 369, 530, -201, -762, 3, 670, 306, -598, -486, 291, 405, -81, -282, -273, 145, 243, -76, -276, -133, 273, -27, -176, 84, 80, -161, -153, 160, 102, -80, -101, 56, 165, 33, -16, -156, -48, 55, 29, -202, -60, 119, -42, -134, 32, 152, -6, -134, -3, 80, 45, -178, -105, 46, 129, -56, -213, -13, 217, 110, -193, -131, 98, 164, -3, -163, 10, 55, 106, 46, -55, -81, 4, 103, -24, -179, 9, 119, -6, -139, -54, 149, 72, -91, -82, 43, 30, -69, 4, 107, -27, -110, -32, 78, -23, -10, -86, 58, 102, 100, -70, -27, 43, 104, 11, -162, -63, 20, 78, 23, -62, -147, 60, 92, -28, -15, 83, 106, -51, -30, 82, 81, -21, -60, -2, 22, 37, -55, -53, -15, 132, 11, -183, -151, 127, 218, -70, -82, -3, 55, 36, -145, -125, 42, 198, 81, -141, -111, 193, -32, -246, 180, 176, -108, -301, 187, 296, -175, -238, 208, 301, -173, -271, 139, 168, -162, -103, 24, 57, -130, -102, -29, 69, -6, -143, -45, 96, 92, -178, -138, 235, 171, -95, -244, 200, 267, -217, -345, 170, 221, -182, -235, 148, 161, -122, -252, 45, 130, -54, -45, 43, -29, 52, 305, -46, -357, 76, 432, 9, -471, 56, 562, -12, -482, -128, 513, 120, -474, -179, 351, 212, -251, -296, 78, 436, 44, -316, -160, 284, 317, -220, -342, 64, 239, -149, -339, 147, 268, -129, -233, 208, 329, -253, -352, 228, 342, -68, -506, 11, 391, 191, -328, -266, 296, 305, -262, -352, 160, 269, -90, -304, 249, 220, -130, -279, 214, 196, -113, -146, 50, 231, -7, -113, -59, 134, 107, -67, -73, 17, 118, 56, -100, 92
1791219852.437, MrmFullScanInfo, 513, 107, 2461810, 0, 0, 0, 0, 10000, 39297, 32, 2, 2, 1, 480, 0, 0, 0, 0, 0, 0, 10222, -14455, -19218, 29455, 22778, -30770, -24833, 16541, 28396, 4208, -30382, -21373, 25345, 31505, -12805, -36460, -1327, 36979, 10809, -30926, -13751, 17602, 11732, -190, -7317, -16294, 3794, 28010, -4250, -33224, 8826, 32682, -14469, -29424, 17741, 26767, -17023, -26312, 12473, 27257, -4838, -27102, -4883, 23367, 14951, -15203, -22753, 3932, 25757, 7617, -22807, -16420, 14749, 20393, -4083, -19080, -5994, 13606, 12791, -6063, -14986, -1256, 12890, 6577, -8020, -9002, 2404, 8559, 2107, -5960, -4286, 2392, 3820, 760, -1307, -2278, -2070, 1591, 4991, 970, -6355, -4353, 5607, 7257, -2867, -8601, -1068, 7876, 4987, -5280, -7637, 1597, 8215, 2080, -6683, -4694, 3793, 5607, -771, -4819, -1225, 2947, 1659, -926, -760, -369, -704, 545, 1874, 209, -2148, -1293, 1436, 2040, -126, -1999, -1160, 1140, 1893, 171, -1818, -1387, 1047, 2058, 10, -1995, -850, 1319, 1145, -389, -862, -378, 253, 718, 309, -602, -518, 223, 306, 117, 167, -174, -623, -95, 824, 540, -663, -914, 211, 1038, 332, -864, -734, 496, 855, -112, -709, -111, 452, 102, -265, 90, 260, -299, -400, 347, 561, -151, -605, -229, 464, 643, -157, -906, -229, 904, 586, -637, -795, 227, 790, 168, -576, -414, 242, 453, 82, -322, -266, 121, 249, 46, -63, -93, -176, -16, 357, 245, -401, -490, 294, 649, -78, -662, -144, 526, 292, -275, -335, 2, 294, 205, -203, -305, 117, 304, -77, -228, 93, 130, -126, -56, 144, 33, -127, -48, 80, 69, -11, -67, -61, 44, 125, -22, -159, 25, 164, -42, -144, 59, 122, -54, -109, 32, 111, 6, -117, -53, 115, 108, -92, -163, 53, 203, 1, -203, -60, 166, 109, -102, -123, 32, 93, 31, -29, -69, -39, 81, 100, -75, -135, 63, 148, -39, -145, 8, 136, 21, -117, -33, 97, 24, -82, 2, 80, -26, -76, 33, 66, -10, -46, -31, 25, 73, 0, -88, -33, 74, 72, -37, -93, -3, 76, 46, -17, -78, -40, 98, 70, -98, -66, 90, 51, -78, -39, 65, 37, -44, -38, 17, 42, 17, -40, -59, 29, 110, 3, -152, -49, 166, 88, -137, -102, 72, 105, 11, -101, -87, 80, 149, -40, -192, 28, 214, -68, -209, 144, 193, -209, -183, 251, 187, -271, -193, 273, 195, -257, -178, 225, 137, -175, -88, 119, 58, -67, -56, 33, 78, -7, -109, -11, 148, 37, -185, -68, 214, 109, -232, -157, 252, 200, -271, -214, 276, 198, -254, -167, 214, 149, -164, -136, 121, 110, -78, -42, 25, -66, 50, 196, -128, -310, 184, 395, -205, -451, 196, 487, -157, -502, 98, 503, -30, -476, -34, 413, 117, -314, -218, 202, 313, -82, -363, -40, 360, 157, -314, -237, 260, 274, -222, -268, 213, 242, -225, -218, 259, 216, -289, -240, 288, 292, -234, -353, 135, 398, -7, -408, -116, 394, 206, -350, -250, 296, 256, -250, -236, 232, 205, -229, -169, 218, 143, -180, -131, 122, 138, -56, -144, -1, 137, 47, -106, -78, 68
1791219852.437, MrmFullScanInfo, 513, 107, 2461810, 0, 0, 0, 0, 10000, 39297, 32, 4, 2, 1, 480, 0, 0, 0, 0, 0, 0, 86, -16, -91, -115, 39, 490, -115, -874, 276, 927, -390, -575, 345, 104, -119, 189, -176, -223, 328, 117, -138, -51, -291, 132, 611, -309, -481, 381, 65, -246, 142, 65, 75, -18, -409, 98, 519, -176, -314, 253, -67, -411, 314, 841, -148, -1702, -336, 2847, 885, -3916, -1558, 4975, 2501, -6655, -3505, 9300, 4137, -12305, -4277, 14490, 4147, -14891, -3885, 13267, 3382, -10018, -2476, 5963, 1282, -2020, -131, -1070, -577, 2952, 527, -3666, 375, 3555, -1882, -3095, 3512, 2722, -4746, -2628, 5257, 2761, -4953, -2873, 3960, 2677, -2527, -2020, 998, 1004, 259, 84, -988, -920, 1159, 1285, -957, -1118, 684, 562, -582, 115, 751, -623, -1093, 791, 1390, -598, -1408, 172, 1035, 274, -322, -521, -520, 444, 1230, -67, -1590, -423, 1523, 800, -1089, -910, 482, 744, 72, -397, -408, 20, 488, 253, -383, -333, 235, 217, -172, 34, 259, -303, -458, 483, 678, -517, -826, 442, 847, -337, -722, 276, 500, -281, -279, 339, 153, -399, -145, 408, 213, -324, -266, 146, 231, 88, -93, -313, -86, 465, 236, -492, -306, 399, 281, -233, -164, 66, 4, 44, 138, -64, -220, 11, 233, 66, -169, -118, 43, 122, 111, -63, -241, -46, 324, 173, -350, -262, 319, 284, -235, -241, 138, 154, -67, -41, 38, -57, -37, 118, 49, -132, -44, 112, 4, -52, 74, -37, -152, 133, 203, -193, -220, 203, 224, -179, -221, 154, 209, -125, -175, 79, 121, -2, -48, -85, -22, 163, 74, -197, -94, 173, 100, -100, -102, 11, 100, 73, -78, -136, 33, 167, 32, -158, -98, 125, 142, -75, -143, 23, 108, 18, -50, -33, -14, 33, 70, -32, -95, 31, 97, -19, -85, 6, 68, -5, -48, 26, 42, -63, -64, 105, 115, -135, -166, 137, 199, -90, -207, 7, 199, 80, -170, -134, 117, 147, -42, -121, -34, 75, 79, -17, -70, -34, 40, 68, -21, -73, 24, 67, -25, -69, 20, 88, -8, -103, -12, 104, 42, -86, -66, 49, 75, 8, -56, -68, 25, 108, 3, -111, -18, 83, 28, -30, -33, -18, 18, 51, 23, -59, -53, 45, 44, -1, 0, -57, -50, 114, 101, -148, -138, 151, 153, -120, -152, 83, 145, -60, -128, 51, 99, -32, -54, 1, 10, 30, 22, -44, -40, 48, 55, -51, -70, 54, 96, -44, -134, 34, 165, -23, -159, 4, 121, 20, -70, -39, 33, 60, -8, -88, -12, 139, 50, -217, -107, 312, 181, -385, -249, 413, 300, -392, -320, 335, 313, -256, -291, 186, 270, -145, -254, 134, 241, -115, -225, 63, 228, 9, -245, -62, 244, 90, -192, -112, 109, 149, -35, -194, -3, 237, 20, -264, -33, 296, 55, -333, -80, 353, 117, -326, -173, 253, 258, -144, -369, 26, 487, 80, -554, -176, 547, 280, -481, -379, 393, 452, -297, -468, 205, 425, -117, -343, 35, 267, 30, -217, -63, 188, 69, -152, -72, 112
1791219852.452, MrmDetectionListInfo, 513, 226, 54, 1038, 55, 1390, 56, 1834, 57, 2298, 58, 2736, 59, 3175, 60, 3686, 61, 4325, 62, 5100, 63, 5970, 64, 6873, 65, 7740, 66, 8498, 67, 9084, 68, 9445, 69, 9546, 70, 9372, 71, 8923, 72, 8210, 73, 7260, 74, 6116, 75, 4839, 76, 3504, 77, 2212, 78, 1142, 79, 549, 80, 607, 81, 1189, 82, 1864, 83, 2213, 84, 2184, 85, 2082, 86, 2225, 87, 2627, 88, 3064, 89, 3361, 90, 3541, 91, 3706, 92, 3880, 93, 3993, 94, 3982, 95, 3842, 96, 3597, 97, 3261, 98, 2826, 99, 2294, 100, 1700, 101, 1112, 102, 623, 105, 644, 106, 1048, 107, 1286, 108, 1254, 109, 1062, 110, 864, 111, 708, 112, 566, 113, 440, 114, 404, 115, 526, 116, 768, 117, 991, 118, 1088, 119, 1061, 120, 969, 121, 846, 122, 702, 123, 555, 124, 437, 125, 382, 126, 417, 127, 534, 128, 675, 129, 779, 130, 836, 131, 898, 132, 994, 133, 1079, 134, 1079, 135, 971, 136, 796, 137, 607, 138, 439, 139, 316, 140, 261, 141, 263, 142, 285, 143, 306, 144, 330, 145, 344, 146, 322, 147, 259, 148, 184, 151, 211, 152, 339, 153, 472, 154, 568, 155, 619, 156, 643, 157, 653, 158, 644, 159, 609, 160, 554, 161, 489, 162, 426, 163, 368, 164, 319, 165, 283, 166, 264, 167, 260, 168, 269, 169, 281, 170, 291, 171, 291, 172, 276, 173, 243, 174, 196, 175, 152, 176, 129, 177, 143, 178, 195, 179, 265, 180, 329, 181, 373, 182, 390, 183, 378, 184, 340, 185, 281, 186, 209, 187, 132, 193, 150, 194, 133, 196, 124, 197, 130, 198, 118, 203, 158, 204, 185, 205, 218, 206, 260, 207, 296, 208, 309, 209, 298, 210, 272, 211, 239, 212, 201, 213, 157, 229, 127, 230, 166, 231, 195, 232, 211, 233, 215, 234, 212, 235, 206, 236, 199, 237, 191, 238, 181, 239, 169, 250, 144, 251, 143, 264, 111, 265, 122, 295, 157, 296, 161, 297, 157, 298, 143, 303, 144, 304, 145, 360, 138, 361, 145, 363, 146, 404, 159, 405, 199, 406, 240, 407, 278, 408, 311, 409, 335, 410, 350, 411, 355, 412, 351, 413, 339, 414, 321, 415, 297, 416, 272, 417, 248, 418, 226, 419, 210, 420, 199, 421, 193, 422, 188, 423, 181, 424, 170, 442, 151, 443, 162, 444, 174, 445, 188, 446, 204, 447, 218, 448, 228, 449, 233, 450, 234, 451, 234, 452, 232, 453, 229, 454, 227, 455, 228, 456, 239, 457, 266, 458, 309, 459, 352, 460, 381, 461, 395, 462, 401, 463, 406, 464, 408, 465, 406, 466, 395, 467, 376, 468, 350, 469, 318, 470, 280, 471, 239, 472, 197, 473, 161, 474, 138, 475, 129, 479, 119
1791219852.546, MrmFullScanInfo, 514, 107, 2461935, 0, 0, 0, 0, 10000, 39297, 32, 1, 2, 1, 480, -20867, 31982, 25673, -31741, -29054, 29236, 32372, -20918, -32512, -2652, 32512, 27755, -29152, -32295, 10595, 32351, 8482, -32464, -20717, 32002, 21932, -27676, -17954, 6585, 15221, 10934, -452, -14431, -10897, 27184, 9178, -28832, 11, 31800, -8458, -31903, 9351, 31928, -7751, -32232, 2522, 32194, 5553, -27968, -16355, 18955, 24626, -4189, -28052, -10002, 24563, 20476, -17321, -26021, 6973, 24146, 1868, -17515, -6882, 9086, 8786, -175, -6561, -6599, 2223, 9274, 1706, -9371, -5236, 7089, 6923, -3453, -5975, -241, 2496, 2527, 2154, -2250, -6614, -16, 8221, 3797, -7885, -6725, 5127, 8453, -1371, -7751, -3355, 4742, 6665, -581, -7805, -3694, 6791, 6563, -3710, -7684, 776, 6115, 1464, -3412, -1536, 653, 291, 1115, 1541, -1329, -2685, 306, 2972, 796, -2057, -1668, 374, 1638, 1362, -847, -2423, -419, 2629, 1552, -1956, -2009, 921, 1624, 184, -975, -641, -59, 402, 823, 128, -967, -583, 594, 528, -164, -147, -256, -575, 254, 870, 86, -1042, -647, 927, 874, -374, -860, -177, 453, 577, 87, -586, -595, 461, 865, -164, -719, 0, 438, -126, -186, 494, 52, -831, -260, 867, 526, -649, -695, 144, 781, 619, -617, -767, 219, 986, 156, -1070, -578, 825, 655, -487, -655, 101, 370, -63, -99, 3, -82, -208, -82, 424, 72, -321, -329, 72, 511, 232, -530, -385, 544, 659, -498, -727, 229, 479, 86, -351, -174, 9, 229, -15, -132, -133, 131, -43, -139, 52, 156, -35, -324, 125, 357, -67, -279, 10, 198, 142, -168, -259, 95, 260, 116, -160, -111, 43, 224, -24, -128, -70, 171, 13, -35, -51, 18, -9, 19, 144, -86, -210, 33, 85, 111, -27, -87, -89, 63, 16, 16, -231, 24, 235, 104, -169, -58, 72, 4, 3, 80, -60, -104, 127, 118, -114, -171, 63, 156, -94, -122, 21, 114, -118, -70, 175, 70, -249, -113, 207, 120, 36, -67, 16, 26, 99, -62, -113, 58, 173, 31, -115, -88, -7, 140, 69, -85, -6, 124, 84, -121, -70, 82, 202, -132, -124, 134, 195, -204, -124, 55, 158, -25, -105, -78, 31, 144, -18, -255, -107, 176, 107, -100, -125, -7, 23, 7, 39, -219, -5, 101, 89, -192, -73, 95, -26, -234, 50, 285, -224, -337, 207, 321, -282, -337, 269, 365, -276, -268, 183, 148, -99, -106, 129, 76, 66, -112, -7, 35, 29, -90, -85, 114, 58, -115, -184, 70, 100, -144, -159, 53, 133, -55, -153, 178, 248, -78, -105, 174, 116, -77, -152, 107, 40, -90, 116, 24, -165, -137, 251, 44, -317, -1, 446, -45, -485, 112, 485, -187, -465, 200, 461, -104, -410, 26, 289, 207, -103, -260, 91, 346, 81, -427, -309, 379, 335, -355, -436, 282, 330, -170, -147, 163, 126, -220, -155, 239, 228, -194, -297, 93, 312, 57, -414, -271, 380, 414, -282, -571, 148, 691, 74, -550, -98, 430, 273, -220, -236, 133, 223, 61, -207, -27, 86, 157, 31, 34, 14, -26, -81, 69, 150, -33, -171, -56, 204, -44, -148, -59
1791219852.546, MrmFullScanInfo, 514, 107, 2461935, 0, 0, 0, 0, 10000, 39297, 32, 2, 2, 1, 480, 0, 0, 0, 0, 0, 0, 10274, -14547, -19282, 29717, 22789, -31236, -24717, 17131, 28184, 3700, -30164, -21115, 25178, 31492, -12723, -36599, -1290, 37203, 10675, -31202, -13665, 17926, 11814, -572, -7443, -15887, 3622, 27727, -3639, -33216, 8056, 32881, -13947, -29608, 17585, 26804, -17061, -26249, 12462, 27159, -4636, -26959, -5273, 23123, 15514, -14826, -23662, 3438, 27406, 8205, -25603, -17086, 18966, 21134, -9752, -19821, 827, 14162, 5473, -6193, -8047, -1701, 7130, 7537, -3898, -10263, -75, 9873, 3273, -7111, -4548, 3196, 3445, 489, -378, -2702, -3502, 2759, 6792, -785, -8376, -2302, 7729, 5196, -4954, -6727, 788, 6300, 3568, -4028, -6794, 631, 8000, 2831, -7066, -5268, 4676, 5960, -1966, -4848, 12, 2577, 637, -178, -104, -1404, -1001, 1745, 1933, -1034, -2116, -129, 1389, 1087, -31, -1390, -1400, 968, 2368, -98, -2553, -762, 1984, 1242, -998, -1170, 70, 629, 450, 104, -492, -673, 244, 844, 2, -603, -33, 156, -176, 205, 519, -270, -823, 42, 935, 302, -759, -540, 341, 539, 154, -284, -538, -105, 697, 453, -637, -608, 481, 534, -384, -309, 437, 84, -593, 5, 723, 94, -676, -329, 400, 582, 31, -708, -477, 619, 833, -336, -1028, -15, 1020, 307, -816, -444, 509, 410, -224, -255, 73, 86, -83, 18, 186, -6, -251, -124, 204, 337, -50, -545, -153, 675, 343, -665, -453, 502, 456, -234, -367, -26, 234, 196, -104, -249, 26, 223, -9, -178, 42, 170, -98, -202, 153, 240, -165, -245, 105, 227, 16, -193, -141, 142, 213, -55, -210, -47, 159, 136, -91, -178, 36, 165, 0, -108, -8, 36, -16, 36, 66, -82, -102, 77, 99, -19, -61, -46, 7, 82, 63, -79, -140, 57, 195, -31, -191, 16, 128, -18, -27, 35, -71, -53, 140, 75, -163, -95, 153, 111, -126, -109, 114, 91, -128, -58, 170, 28, -198, -14, 179, 24, -107, -45, 19, 71, 57, -86, -106, 81, 125, -39, -106, -26, 66, 94, -23, -135, -4, 147, 31, -142, -63, 143, 98, -158, -117, 183, 115, -182, -102, 142, 94, -64, -89, -30, 79, 126, -55, -191, 18, 204, 25, -158, -50, 73, 53, 31, -39, -121, 23, 175, -10, -187, 13, 189, -51, -198, 131, 219, -231, -230, 319, 232, -369, -226, 379, 210, -345, -173, 275, 124, -181, -85, 91, 71, -20, -75, -16, 87, 31, -99, -39, 115, 56, -128, -76, 139, 95, -139, -104, 134, 118, -135, -130, 154, 130, -170, -109, 170, 84, -151, -50, 120, -2, -80, 83, 40, -172, 1, 259, -48, -335, 113, 396, -187, -425, 262, 422, -311, -395, 313, 362, -249, -322, 122, 275, 43, -218, -206, 147, 338, -46, -427, -75, 473, 189, -468, -248, 414, 237, -325, -174, 246, 116, -208, -97, 210, 127, -211, -191, 171, 281, -68, -371, -81, 432, 257, -428, -424, 355, 542, -228, -567, 78, 500, 66, -367, -173, 217, 225, -81, -214, -13, 154, 57, -78, -47, 33, 3, -35, 46, 78, -72, -130, 77
1791219852.546, MrmFullScanInfo, 514, 107, 2461935, 0, 0, 0, 0, 10000, 39297, 32, 4, 2, 1, 480, 0, 0, 0, 0, 0, 0, 92, -96, -108, 208, 34, -258, 64, 233, -98, -140, 61, 40, -23, 16, 27, -53, -32, 133, 7, -234, 8, 316, -5, -349, 94, 312, -346, -160, 619, -60, -686, 196, 518, -162, -283, 52, 134, 6, -77, 18, 46, -93, 0, 255, 57, -591, -426, 1069, 1296, -1525, -2760, 1989, 4738, -2734, -6848, 3986, 8532, -5578, -9361, 7033, 9203, -7816, -8152, 7592, 6455, -6370, -4468, 4491, 2585, -2421, -1068, 552, -19, 940, 706, -2045, -962, 2807, 805, -3240, -409, 3405, 33, -3400, 194, 3290, -275, -3053, 272, 2643, -220, -2061, 181, 1384, -238, -706, 439, 88, -703, 439, 857, -815, -768, 1002, 441, -1039, 6, 1022, -404, -1016, 630, 1029, -650, -987, 530, 801, -360, -419, 230, -110, -193, 669, 257, -1096, -375, 1267, 486, -1161, -519, 866, 420, -491, -180, 144, -120, 100, 355, -195, -411, 153, 289, -45, -74, -25, -123, -7, 246, 142, -274, -313, 223, 450, -132, -500, 59, 459, -37, -359, 78, 270, -161, -237, 247, 262, -284, -298, 236, 299, -85, -240, -120, 132, 297, 5, -369, -136, 342, 220, -266, -221, 193, 150, -147, -38, 154, -62, -203, 117, 276, -99, -327, 28, 307, 62, -178, -132, -23, 164, 219, -155, -332, 124, 342, -74, -263, 11, 142, 48, -14, -70, -82, 48, 127, 1, -115, -41, 76, 40, -24, 10, -30, -76, 91, 114, -129, -103, 119, 78, -63, -61, 4, 48, 25, -3, -16, -71, -6, 146, 27, -177, -43, 149, 69, -80, -87, -2, 75, 88, -25, -160, -26, 192, 50, -166, -47, 107, 33, -44, 1, -1, -62, 36, 136, -61, -175, 81, 159, -92, -99, 101, 27, -103, 28, 105, -51, -98, 46, 85, -32, -61, 38, 38, -75, -15, 141, 0, -193, 3, 196, 6, -144, -20, 73, 40, -8, -60, -27, 73, 37, -55, -25, 11, 21, 38, -33, -67, 53, 73, -52, -68, 21, 75, 25, -105, -55, 153, 62, -183, -59, 174, 65, -125, -75, 58, 82, 11, -85, -60, 83, 76, -65, -62, 47, 32, -41, 6, 49, -36, -48, 37, 40, -7, -37, -18, 40, 21, -20, -7, -30, 9, 94, -24, -136, 36, 150, -39, -131, 41, 94, -37, -46, 22, 3, 4, 31, -22, -48, 23, 49, -6, -43, -15, 40, 38, -32, -54, 19, 77, 4, -109, -16, 138, 17, -138, -14, 115, 24, -86, -47, 66, 81, -64, -119, 81, 150, -96, -155, 94, 141, -82, -126, 93, 117, -131, -92, 189, 46, -243, 8, 278, -49, -268, 67, 209, -51, -121, 8, 40, 42, 26, -77, -84, 87, 145, -72, -192, 61, 206, -74, -171, 109, 116, -129, -73, 115, 54, -71, -39, 19, 9, 33, 48, -86, -124, 143, 212, -179, -297, 176, 364, -123, -382, 25, 352, 105, -284, -237, 200, 335, -110, -358, 27, 303, 38, -204, -66, 120, 49, -75, -7, 70, -30, -88, 52
1791219852.546, MrmDetectionListInfo, 514, 162, 56, 1047, 57, 1445, 58, 1910, 59, 2447, 60, 3064, 61, 3762, 62, 4527, 63, 5330, 64, 6129, 65, 6873, 66, 7509, 67, 7992, 68, 8287, 69, 8368, 70, 8222, 71, 7852, 72, 7272, 73, 6516, 74, 5628, 75, 4662, 76, 3673, 77, 2708, 78, 1807, 79, 1016, 80, 443, 82, 552, 83, 1126, 84, 1641, 85, 1885, 86, 1913, 87, 1891, 88, 1893, 89, 1881, 90, 1815, 91, 1732, 92, 1703, 93, 1740, 94, 1774, 95, 1742, 96, 1644, 97, 1519, 98, 1389, 99, 1247, 100, 1081, 101, 903, 102, 734, 103, 591, 104, 476, 105, 391, 107, 446, 108, 616, 109, 789, 110, 875, 111, 859, 112, 787, 113, 698, 114, 609, 115, 551, 116, 575, 117, 686, 118, 811, 119, 870, 120, 856, 121, 810, 122, 760, 123, 696, 124, 594, 125, 458, 126, 317, 127, 210, 128, 182, 129, 269, 130, 449, 131, 639, 132, 767, 133, 824, 134, 846, 135, 851, 136, 826, 137, 755, 138, 641, 139, 502, 140, 354, 145, 252, 146, 317, 147, 312, 148, 249, 149, 166, 155, 169, 156, 220, 157, 264, 158, 295, 159, 311, 160, 314, 161, 307, 162, 290, 163, 268, 164, 242, 165, 219, 166, 201, 167, 193, 168, 195, 169, 207, 170, 228, 171, 251, 172, 272, 173, 284, 174, 281, 175, 260, 176, 222, 177, 180, 178, 151, 179, 149, 180, 166, 181, 184, 182, 196, 183, 214, 184, 243, 185, 268, 186, 270, 187, 246, 188, 212, 189, 178, 190, 147, 191, 116, 195, 156, 196, 187, 197, 203, 198, 203, 199, 192, 200, 177, 201, 162, 202, 149, 207, 184, 208, 236, 209, 254, 210, 237, 211, 207, 212, 176, 213, 143, 261, 115, 415, 133, 416, 135, 436, 135, 454, 197, 455, 224, 456, 246, 457, 258, 458, 258, 459, 246, 460, 224, 461, 202, 462, 195, 463, 208, 464, 231, 465, 246, 466, 248, 467, 240, 468, 225, 469, 205, 470, 179, 471, 155
1791219852.671, MrmFullScanInfo, 515, 107, 2462060, 0, 0, 0, 0, 10000, 39297, 32, 1, 2, 1, 480, -21086, 32031, 24235, -31545, -29590, 29524, 32421, -21063, -32512, -3274, 32475, 27357, -28747, -32267, 10857, 32098, 8387, -32478, -20313, 32011, 22159, -27697, -17292, 6163, 15460, 11256, -1918, -14901, -10284, 27336, 8250, -28323, 560, 31980, -9186, -31785, 10189, 32036, -9261, -32245, 2378, 32202, 4645, -28373, -16699, 19153, 25562, -2563, -29009, -11825, 24578, 23406, -18950, -29222, 9993, 27780, -1587, -22869, -1858, 14633, 1931, -4664, 1482, -3647, -6431, 8188, 10080, -9061, -12441, 7784, 12137, -4124, -8889, 9, 3265, 2262, 2905, -2224, -8681, 22, 10654, 4062, -10518, -6803, 8072, 7905, -3412, -7086, -1768, 4069, 5443, 173, -6760, -4355, 5695, 7105, -2606, -7994, -319, 6191, 2225, -3488, -2223, 912, 598, 867, 1514, -1026, -3079, -39, 3466, 1258, -2699, -1984, 852, 1860, 877, -1088, -1959, -489, 2129, 1670, -1783, -2348, 623, 2244, 379, -1515, -729, 531, 423, 240, 201, -534, -730, 258, 886, -54, -469, -176, -153, 285, 726, 61, -845, -497, 681, 821, -306, -783, -298, 436, 473, -16, -580, -527, 516, 680, -214, -676, 18, 358, -141, -175, 442, 62, -693, -284, 707, 488, -614, -781, 157, 779, 459, -662, -737, 258, 882, 166, -952, -429, 725, 527, -360, -519, 39, 363, 92, -136, -163, 10, -25, -46, 101, 141, -61, -308, -25, 455, 301, -434, -478, 400, 644, -237, -681, 38, 465, 88, -327, -138, 140, 65, 4, -68, -19, 38, 22, -34, -20, 90, 46, -204, -91, 202, 94, -201, -232, 179, 265, -123, -313, -31, 182, 179, -179, -156, 35, 184, 30, -86, -80, 24, 91, 22, 14, -18, -24, -25, 205, 143, -73, -61, 121, 128, 24, -149, -69, -8, 121, -48, -179, -91, 195, 197, -101, -207, 75, 201, -29, -76, 19, 23, 34, 87, -145, -39, 96, 90, -88, -85, 55, -9, -55, -45, 59, 75, 14, -158, 13, 74, 50, -55, -91, 28, 55, 42, 10, 7, 89, 67, -39, -116, 36, 62, -96, -60, 28, 78, -14, -119, -25, 174, 94, -173, -198, 192, 208, -155, -304, 47, 245, -66, -244, -59, 21, 114, 59, -132, -77, 174, 219, -160, -140, -33, 15, 172, 70, -221, -48, 258, 88, -292, -33, 293, 8, -252, 49, 393, -165, -320, 74, 427, -207, -379, 170, 288, -132, -323, -16, 232, -122, -52, 73, 29, -21, 88, 0, -14, 9, 26, -35, -24, 200, -20, -149, 31, 116, 11, -194, -19, 127, -74, -187, 125, 170, -198, -168, 187, 47, -212, -136, 164, 45, -152, 69, 79, -241, -99, 330, -23, -464, 92, 515, -149, -585, 241, 614, -392, -559, 466, 622, -353, -472, 193, 404, 14, -244, -265, 163, 435, 4, -490, -146, 512, 326, -337, -390, 321, 286, -319, -272, 281, 208, -251, -149, 427, 89, -558, -278, 359, 298, -247, -356, 45, 211, 130, -242, -357, 125, 376, 35, -433, -47, 372, 125, -175, -142, -7, 26, 48, 79, -254, -123, 165, 145, -47, -179, -8, 92, 119, -48, -162, -20, 107, 120, 12, -204, -19
1791219852.671, MrmFullScanInfo, 515, 107, 2462060, 0, 0, 0, 0, 10000, 39297, 32, 2, 2, 1, 480, 0, 0, 0, 0, 0, 0, 10173, -14531, -19154, 29696, 22740, -31214, -24716, 17103, 28165, 3700, -30111, -21051, 25155, 31378, -12778, -36472, -1157, 37076, 10499, -31029, -13612, 17681, 12121, -343, -8198, -15926, 4613, 27503, -4557, -32827, 8776, 32507, -14599, -29333, 18318, 26580, -17846, -26056, 13130, 27063, -5002, -26941, -5363, 22955, 16125, -14153, -24755, 2002, 29058, 10373, -28088, -19768, 22574, 24153, -14692, -23023, 7257, 17115, -2395, -8160, 778, -1321, -1812, 8806, 4251, -12670, -6703, 12585, 7953, -9333, -7197, 4449, 4260, 258, 279, -3229, -5203, 3665, 9138, -1796, -11004, -1244, 10266, 4051, -7050, -5533, 2279, 5165, 2580, -3025, -6060, -238, 7286, 3585, -6266, -5904, 3823, 6473, -1173, -5259, -590, 2923, 940, -472, -55, -1164, -1376, 1558, 2535, -894, -2808, -227, 2052, 1142, -609, -1381, -924, 855, 2007, 154, -2325, -1168, 1891, 1774, -1022, -1769, 189, 1221, 259, -419, -242, -272, -57, 614, 344, -561, -375, 254, 116, 71, 289, -192, -630, 43, 752, 258, -602, -503, 250, 536, 167, -323, -500, -26, 654, 347, -611, -500, 469, 454, -367, -275, 391, 99, -511, -46, 629, 160, -619, -385, 413, 609, -43, -703, -373, 603, 722, -340, -910, 29, 888, 231, -672, -377, 362, 394, -82, -306, -72, 182, 88, -95, -18, 101, -44, -198, 35, 347, 69, -475, -238, 528, 405, -474, -501, 330, 494, -149, -394, -1, 246, 88, -100, -111, 2, 101, 40, -88, -43, 106, 32, -149, -26, 199, 49, -229, -104, 231, 172, -185, -219, 94, 233, 20, -204, -109, 142, 149, -56, -134, -18, 88, 58, -36, -40, 5, -22, 0, 98, 16, -139, -41, 127, 71, -67, -91, -13, 89, 97, -56, -160, -3, 194, 80, -191, -137, 160, 150, -107, -109, 37, 44, 45, 10, -113, -34, 143, 38, -129, -29, 96, 23, -60, -32, 40, 62, -30, -89, 21, 97, 2, -78, -29, 48, 48, -14, -56, -15, 62, 44, -70, -60, 80, 62, -80, -57, 66, 69, -37, -103, 3, 154, 42, -201, -94, 228, 151, -220, -197, 183, 216, -117, -183, 30, 110, 71, -22, -158, -48, 203, 88, -173, -87, 64, 61, 88, -36, -220, 30, 298, -38, -317, 59, 305, -92, -288, 141, 286, -195, -295, 245, 302, -277, -290, 273, 266, -226, -230, 167, 178, -116, -96, 71, 11, -21, 42, -19, -51, 52, 29, -83, 10, 116, -49, -134, 70, 141, -69, -144, 73, 148, -102, -141, 157, 117, -207, -75, 233, 35, -224, -2, 192, -36, -139, 110, 70, -212, 22, 321, -128, -407, 239, 464, -341, -484, 443, 476, -528, -440, 564, 395, -508, -347, 352, 309, -120, -277, -129, 240, 345, -169, -480, 55, 530, 82, -512, -188, 465, 228, -408, -200, 363, 137, -355, -67, 393, 29, -435, -47, 427, 115, -340, -193, 184, 253, 12, -272, -199, 249, 340, -183, -401, 99, 372, -14, -260, -42, 103, 56, 59, -28, -176, -16, 213, 67, -163, -107, 64, 123, 41, -102, -109, 43, 124
1791219852.671, MrmFullScanInfo, 515, 107, 2462060, 0, 0, 0, 0, 10000, 39297, 32, 4, 2, 1, 480, 0, 0, 0, 0, 0, 0, -66, -22, 86, 70, -34, -110, 33, 117, -76, -112, 104, 116, -57, -114, -34, 94, 132, -59, -193, 70, 65, -111, 321, 74, -748, 112, 875, -319, -674, 389, 447, -310, -459, 220, 640, -210, -727, 194, 577, -68, -210, -63, -289, -4, 857, 378, -1481, -963, 2391, 1525, -3812, -1877, 5696, 2004, -7783, -1861, 9829, 1206, -11487, 161, 12300, -1969, -11954, 3577, 10488, -4391, -8222, 4174, 5609, -3082, -3067, 1539, 873, -10, 846, -1174, -2024, 1893, 2691, -2221, -2925, 2370, 2782, -2459, -2309, 2442, 1678, -2254, -1128, 1943, 806, -1592, -694, 1256, 662, -934, -575, 625, 396, -346, -163, 126, -65, 41, 262, -168, -404, 270, 489, -347, -511, 393, 486, -390, -435, 339, 363, -254, -243, 170, 74, -109, 116, 95, -282, -120, 398, 172, -442, -217, 421, 226, -351, -169, 262, 60, -175, 50, 116, -94, -109, 62, 157, 9, -213, -78, 223, 129, -157, -157, 56, 160, 22, -132, -41, 88, 18, -51, 20, 50, -45, -86, 44, 141, -15, -179, -15, 179, 31, -127, -30, 45, 28, 44, -19, -98, 2, 99, 28, -44, -59, -24, 78, 63, -69, -47, 43, -2, -21, 60, 37, -106, -90, 134, 154, -119, -203, 60, 234, 30, -240, -120, 216, 182, -163, -180, 100, 111, -33, -1, -20, -93, 56, 144, -72, -143, 86, 109, -106, -59, 132, 17, -157, 13, 176, -34, -172, 44, 140, -25, -86, -18, 39, 66, -6, -86, -15, 73, 46, -35, -76, -4, 92, 29, -74, -24, 33, -3, 13, 31, -41, -33, 46, 13, -27, 9, 0, -17, 23, 26, -34, -45, 45, 83, -64, -116, 95, 127, -121, -98, 124, 52, -88, -18, 35, 19, 4, -37, -10, 53, -6, -48, 42, 12, -80, 44, 101, -84, -92, 85, 67, -45, -35, -7, 3, 54, 27, -77, -41, 71, 25, -36, 19, -11, -65, 51, 89, -52, -87, 16, 73, 37, -44, -80, 0, 101, 62, -104, -118, 104, 146, -98, -119, 81, 59, -50, 3, 13, -35, 22, 37, -30, -16, -3, -10, 64, 26, -113, -15, 136, -10, -128, 31, 106, -26, -80, 1, 67, 27, -67, -42, 69, 47, -58, -56, 47, 77, -46, -80, 43, 56, -6, -26, -53, 17, 106, -25, -129, 43, 129, -63, -114, 77, 99, -71, -95, 52, 105, -31, -109, 13, 94, 7, -58, -27, 14, 50, 24, -71, -44, 84, 46, -84, -29, 88, 1, -98, 40, 110, -87, -109, 133, 98, -176, -75, 228, 51, -290, -21, 344, -6, -352, 18, 301, 0, -202, -43, 86, 100, 19, -144, -86, 158, 111, -130, -114, 81, 124, -37, -138, 17, 147, -29, -157, 75, 183, -126, -215, 155, 236, -157, -229, 153, 198, -137, -148, 106, 101, -65, -58, 31, 22, -5, 0, -4, 13, 4, -58, -8, 124, 21, -177, -35, 192, 57, -158, -90, 95, 131, -19, -156, -38, 143, 58
1791219852.671, MrmDetectionListInfo, 515, 108, 54, 861, 55, 1193, 56, 1561, 57, 1973, 58, 2434, 59, 2940, 60, 3472, 61, 4010, 62, 4536, 63, 5032, 64, 5468, 65, 5810, 66, 6030, 67, 6143, 68, 6274, 69, 6593, 70, 7083, 71, 7483, 72, 7537, 73, 7225, 74, 6693, 75, 6049, 76, 5288, 77, 4386, 78, 3384, 79, 2367, 80, 1424, 81, 676, 83, 581, 84, 1276, 85, 2002, 86, 2412, 87, 2507, 88, 2512, 89, 2570, 90, 2639, 91, 2620, 92, 2497, 93, 2323, 94, 2144, 95, 1963, 96, 1765, 97, 1562, 98, 1379, 99, 1234, 100, 1121, 101, 1025, 102, 934, 103, 842, 104, 746, 105, 639, 106, 522, 107, 398, 115, 346, 116, 383, 117, 406, 118, 427, 119, 446, 120, 451, 121, 441, 122, 418, 123, 391, 124, 357, 125, 316, 126, 265, 127, 207, 133, 208, 134, 252, 135, 283, 136, 305, 137, 321, 138, 328, 139, 321, 140, 300, 141, 267, 142, 224, 143, 176, 153, 125, 154, 152, 155, 169, 156, 167, 157, 148, 158, 124, 203, 145, 206, 141, 209, 154, 210, 176, 211, 190, 212, 188, 213, 171, 214, 146, 215, 114, 413, 141, 414, 148, 415, 157, 416, 166, 417, 173, 418, 179, 419, 181, 421, 169, 445, 168, 446, 184, 447, 194, 448, 198, 449, 196, 450, 190, 451, 181, 452, 167
1791219852.796, MrmFullScanInfo, 516, 107, 2462185, 0, 0, 0, 0, 10000, 39297, 32, 1, 2, 1, 480, -20820, 31863, 25083, -31525, -29265, 29563, 32454, -20864, -32512, -3220, 32469, 27596, -29772, -32010, 11605, 32382, 8736, -32479, -20221, 32060, 22195, -27570, -17767, 6221, 15528, 10955, -1056, -14820, -10052, 27210, 6661, -28690, 356, 31894, -9098, -31848, 11025, 31893, -8026, -32324, 3788, 32090, 4322, -27820, -16004, 19189, 24945, -2591, -27579, -13208, 23230, 24363, -15401, -30540, 4326, 29722, 3733, -26789, -6272, 20517, 5595, -12667, -714, 5409, -5773, 380, 11266, -2784, -14771, 2908, 15116, -1494, -11529, -801, 5614, 1220, 1534, 82, -7703, -3737, 11492, 7313, -12002, -9983, 9990, 10912, -5835, -9383, 954, 5489, 2626, -787, -4399, -3788, 4040, 6785, -1526, -7935, -748, 6341, 1818, -3617, -1335, 1005, -236, 828, 2350, -1035, -3630, 146, 3860, 910, -2851, -1483, 1035, 1550, 783, -504, -1832, -769, 1999, 1852, -1503, -2366, 523, 2057, 547, -1262, -946, 103, 611, 509, -74, -713, -474, 498, 627, -138, -249, -263, -273, 264, 830, 208, -1033, -524, 813, 689, -387, -721, -155, 427, 421, 23, -510, -490, 430, 610, -78, -629, -163, 363, 59, -62, 244, 31, -561, -102, 534, 405, -527, -529, 87, 711, 469, -595, -638, 308, 862, 127, -835, -400, 707, 572, -418, -620, 100, 385, 78, -272, -40, 59, 9, -117, 83, 221, -75, -303, -8, 449, 146, -511, -324, 400, 428, -213, -568, 92, 352, 33, -240, -146, 74, 80, -14, 22, -83, -79, 15, 56, 18, 40, 5, -106, 87, 160, 43, -130, -8, 104, 161, 49, -125, -93, -18, 115, 71, -97, -166, 172, 229, -137, -137, 31, 51, 34, -34, 96, 20, -87, 173, 52, -58, -78, -16, 170, -39, -161, -115, -31, 207, 85, -180, -190, 153, 247, 4, -258, 1, 206, 134, -186, -7, 168, 19, -81, -41, -1, 87, -57, -133, 4, 62, -50, -130, -85, 112, 72, -156, 52, 209, 5, -6, -43, 69, 7, -19, 58, 16, -11, -36, 24, 89, -30, -9, 35, -80, -93, 15, 107, 29, -83, -62, 107, 51, -78, -227, 166, 160, -116, -263, 111, 153, -76, -73, -132, -9, 232, 84, -190, -85, 236, 95, -153, -78, -58, 147, 97, 10, -112, -132, 277, 197, -236, -72, 172, 75, -297, 27, 348, -147, -392, 159, 352, -191, -427, 164, 456, -131, -301, 1, 184, -101, -96, 100, -54, -141, 28, 122, -11, 8, 83, 37, -77, -4, 102, -26, -134, 29, 46, -107, -37, 113, -23, -92, 171, 130, -228, -123, 208, 96, -336, -98, 305, 117, -235, 152, 220, -263, -155, 368, -110, -490, 64, 516, -272, -523, 416, 743, -523, -606, 555, 612, -424, -598, 220, 477, 61, -420, -453, 154, 615, -42, -743, -302, 715, 314, -632, -474, 462, 508, -339, -382, 266, 285, -332, -318, 356, 267, -482, -397, 421, 597, -377, -493, 13, 595, 158, -567, -402, 423, 533, -273, -431, 68, 437, -5, -227, 7, -15, -149, 11, 142, -160, -249, -18, 239, -68, -120, -21, 65, 108, 59, -67, -232, -44, 117, 135, -226, -215
1791219852.796, MrmFullScanInfo, 516, 107, 2462185, 0, 0, 0, 0, 10000, 39297, 32, 2, 2, 1, 480, 0, 0, 0, 0, 0, 0, 10228, -14533, -19233, 29688, 22786, -31168, -24795, 17047, 28424, 3683, -30573, -20924, 25632, 31222, -13058, -36399, -1128, 37108, 10651, -31148, -13783, 17850, 12131, -494, -8109, -15851, 4700, 27460, -4916, -32749, 9233, 32394, -14906, -29236, 18431, 26539, -17918, -26003, 13364, 26864, -5452, -26570, -4763, 22446, 15363, -13428, -23700, 877, 27373, 12094, -25367, -22373, 18832, 28041, -10653, -28485, 4004, 24154, -796, -16341, 1205, 7095, -4110, 1265, 7855, -6871, -10853, 8897, 11915, -7707, -10399, 4602, 6370, -1318, -589, -627, -5629, 554, 10764, 1260, -13528, -3847, 13286, 6031, -10253, -6834, 5443, 5803, -325, -3133, -3635, -430, 5504, 3860, -5196, -6124, 3469, 6563, -1457, -5180, 140, 2688, 38, -145, 771, -1517, -1978, 1917, 2869, -1266, -2917, 168, 2027, 726, -538, -969, -969, 497, 1979, 400, -2211, -1265, 1701, 1711, -772, -1573, -111, 963, 596, -180, -586, -440, 264, 697, 68, -561, -168, 208, -26, 108, 406, -201, -757, 62, 884, 195, -711, -411, 327, 453, 110, -278, -438, -29, 559, 329, -470, -490, 288, 462, -168, -285, 193, 86, -325, 7, 458, 65, -469, -269, 302, 506, 5, -640, -351, 582, 646, -342, -822, 23, 839, 258, -687, -420, 433, 443, -177, -357, 12, 238, 35, -155, 4, 156, -63, -234, 81, 356, -28, -456, -89, 483, 237, -420, -347, 294, 371, -136, -303, 0, 187, 68, -63, -61, -27, 22, 67, 2, -48, 14, 0, -56, 48, 99, -57, -113, 19, 93, 45, -40, -84, -23, 68, 90, 0, -149, -76, 192, 120, -185, -113, 132, 80, -69, -30, 37, -28, -28, 81, 35, -97, -60, 78, 97, -28, -105, -45, 69, 134, 4, -196, -88, 203, 167, -154, -219, 82, 240, -23, -224, 0, 175, 9, -107, -29, 55, 64, -36, -91, 40, 103, -32, -109, 16, 130, -11, -146, 27, 136, -35, -95, 27, 52, -14, -22, 15, 14, -22, -20, 34, 23, -45, -3, 56, -27, -63, 42, 76, -27, -90, -9, 112, 60, -141, -110, 173, 148, -189, -153, 168, 127, -85, -80, -42, 41, 170, -15, -244, 2, 243, 17, -168, -49, 57, 75, 55, -56, -156, 4, 239, 37, -283, -33, 293, -15, -291, 101, 294, -197, -295, 272, 302, -305, -313, 295, 312, -246, -271, 182, 190, -127, -82, 98, -15, -77, 76, 55, -92, -25, 88, 0, -82, 25, 84, -50, -76, 78, 50, -99, 3, 105, -78, -89, 161, 62, -230, -31, 281, 8, -308, 19, 305, -71, -258, 165, 161, -277, -15, 371, -145, -421, 299, 444, -436, -453, 567, 454, -665, -437, 688, 414, -597, -401, 393, 403, -99, -396, -223, 352, 509, -248, -703, 97, 786, 71, -759, -216, 659, 304, -532, -316, 431, 275, -387, -218, 409, 196, -463, -227, 497, 307, -447, -408, 295, 510, -73, -577, -145, 570, 310, -471, -386, 319, 369, -173, -263, 85, 105, -62, 47, 89, -140, -131, 163, 157, -122, -138, 46, 77, 35, 12, -76, -102, 55
1791219852.796, MrmFullScanInfo, 516, 107, 2462185, 0, 0, 0, 0, 10000, 39297, 32, 4, 2, 1, 480, 0, 0, 0, 0, 0, 0, 20, -4, -34, 10, 27, 8, -66, -7, 231, -67, -418, 178, 451, -202, -292, 110, 86, 4, 68, -76, -140, 104, 141, -96, -225, 100, 465, -160, -665, 235, 668, -242, -514, 189, 390, -127, -389, 136, 499, -246, -575, 393, 525, -600, -460, 1032, 527, -1747, -859, 2647, 1447, -3744, -1877, 5169, 1496, -6816, 1, 8276, -2280, -8980, 4652, 8524, -6451, -6936, 7277, 4710, -7048, -2471, 5951, 622, -4287, 734, 2399, -1695, -513, 2349, -1248, -2630, 2744, 2477, -3776, -1974, 4247, 1317, -4249, -635, 3946, 26, -3442, 418, 2803, -636, -2088, 652, 1352, -531, -606, 331, -86, -88, 613, -133, -882, 284, 912, -360, -781, 404, 581, -440, -382, 473, 235, -489, -150, 477, 122, -419, -124, 320, 132, -196, -132, 68, 139, 39, -161, -89, 191, 78, -206, -36, 200, 3, -168, 16, 119, -13, -73, -7, 60, 13, -68, 33, 69, -103, -55, 144, 53, -133, -69, 87, 97, -30, -127, -2, 159, 3, -181, 19, 194, -36, -197, 32, 200, 0, -192, -43, 166, 84, -111, -98, 38, 85, 39, -55, -95, 27, 112, -12, -79, 11, 18, -18, 39, 39, -68, -64, 61, 90, -17, -107, -33, 107, 57, -76, -36, 23, -14, 42, 70, -101, -100, 130, 104, -107, -91, 51, 77, 9, -59, -64, 49, 111, -48, -135, 54, 132, -44, -113, 23, 100, 4, -95, -24, 102, 42, -119, -61, 135, 96, -126, -147, 97, 202, -72, -225, 66, 197, -56, -125, 35, 56, -17, -14, 23, 2, -33, -8, 39, 26, -41, -32, 39, 30, -15, -32, -25, 46, 72, -44, -105, 19, 125, 21, -134, -47, 148, 39, -161, 12, 159, -74, -132, 103, 104, -80, -94, 36, 94, 1, -75, -25, 53, 47, -54, -61, 82, 63, -99, -59, 91, 61, -72, -68, 59, 83, -43, -102, 24, 108, 0, -78, -13, 30, 19, 8, -18, -20, 24, 15, -31, 0, 35, -14, -24, 19, 2, 0, 14, -34, 2, 60, -44, -51, 79, 14, -76, 32, 44, -51, -2, 28, -9, 12, -7, -11, 21, -28, -6, 68, -17, -75, 32, 62, -37, -36, 38, 10, -30, 4, 32, 0, -50, -9, 70, 19, -63, -22, 33, 14, 9, 16, -49, -50, 79, 69, -95, -65, 111, 62, -138, -64, 171, 61, -182, -45, 157, 34, -105, -38, 51, 56, -6, -66, -29, 64, 69, -52, -111, 50, 142, -59, -142, 79, 104, -91, -34, 81, -40, -45, 103, 8, -154, 10, 203, -6, -238, -3, 245, 18, -214, -48, 149, 94, -51, -132, -61, 144, 169, -123, -249, 91, 290, -49, -279, -4, 230, 69, -166, -116, 118, 134, -89, -126, 84, 119, -109, -117, 161, 124, -198, -144, 195, 189, -156, -244, 113, 275, -77, -257, 50, 207, -29, -159, 27, 140, -42, -140, 54, 150, -44, -149, 31, 128, -23, -78, 22, 14, -16, 46, 22, -81, -48
1791219852.796, MrmDetectionListInfo, 516, 92, 55, 1023, 56, 1300, 57, 1636, 58, 2021, 59, 2438, 60, 2861, 61, 3256, 62, 3578, 63, 3786, 64, 3896, 65, 4091, 66, 4638, 67, 5553, 68, 6482, 69, 7047, 70, 7182, 71, 7061, 72, 6813, 73, 6420, 74, 5831, 75, 5076, 76, 4251, 77, 3444, 78, 2734, 79, 2204, 80, 1880, 81, 1686, 82, 1518, 83, 1406, 84, 1508, 85, 1893, 86, 2410, 87, 2818, 88, 3008, 89, 3031, 90, 2985, 91, 2904, 92, 2764, 93, 2555, 94, 2300, 95, 2046, 96, 1843, 97, 1734, 98, 1702, 99, 1657, 100, 1529, 101, 1325, 102, 1101, 103, 891, 104, 684, 105, 469, 110, 504, 111, 608, 112, 625, 113, 608, 114, 593, 115, 576, 116, 541, 117, 491, 118, 442, 119, 404, 120, 377, 121, 353, 122, 331, 123, 311, 124, 296, 125, 281, 126, 264, 127, 241, 128, 215, 129, 185, 171, 117, 172, 114, 173, 107, 177, 116, 178, 113, 243, 143, 244, 145, 429, 176, 430, 183, 431, 182, 447, 129, 448, 144, 449, 158, 450, 169, 451, 176, 452, 181, 454, 187, 455, 188, 456, 187, 457, 181, 458, 170
1791219852.921, MrmFullScanInfo, 517, 107, 2462310, 0, 0, 0, 0, 10000, 39297, 32, 1, 2, 1, 480, -19383, 31958, 24886, -31626, -29794, 28987, 32215, -20699, -32512, -3432, 32474, 28914, -29503, -32308, 11841, 32275, 7148, -32484, -20486, 32180, 22145, -26714, -17953, 5916, 14738, 11667, 977, -14935, -11210, 26978, 8636, -28356, 1863, 31353, -9530, -31861, 10791, 32050, -9820, -32049, 3708, 32372, 5105, -27977, -16095, 20194, 25315, -4352, -27884, -10725, 23630, 23274, -15207, -29830, 4129, 29028, 6803, -25646, -11841, 19783, 12747, -12740, -8633, 6749, 2018, -3031, 4386, 1179, -9333, -1905, 11366, 3552, -9321, -4895, 4578, 5088, 1536, -2354, -6882, -1928, 9454, 7205, -9597, -11067, 7360, 12894, -3536, -11981, -826, 8257, 4136, -3345, -4988, -1602, 4246, 5130, -1537, -6672, -1379, 5799, 2790, -3559, -2420, 1261, 680, 364, 1569, -426, -3135, -562, 3831, 1639, -3117, -2246, 1496, 2305, 282, -1315, -1257, -20, 1630, 1308, -1202, -1921, 91, 1892, 665, -1364, -909, 345, 767, 435, -205, -651, -497, 369, 756, -81, -446, -205, -94, 188, 458, 61, -728, -537, 567, 845, -257, -676, -104, 421, 516, -78, -473, -420, 368, 538, -137, -559, -5, 285, -64, -13, 493, -52, -587, -61, 626, 291, -589, -510, 176, 673, 325, -677, -618, 330, 850, 47, -935, -336, 789, 467, -391, -432, 164, 394, 47, -235, -118, 56, 106, 1, 26, 223, -45, -299, -30, 456, 174, -509, -230, 529, 393, -309, -426, 181, 436, -7, -389, -115, 118, 82, -69, -29, 102, -13, -84, 21, 122, 47, -134, -165, 26, 200, 13, -221, 9, 44, 93, -72, -141, 7, 88, 48, 35, -223, -38, 83, 257, 4, -77, 9, -13, 40, 47, 86, 64, -62, 167, 208, -149, -197, -40, 189, 146, -137, -53, -62, 134, 90, -106, -218, -1, 286, -1, -282, -66, 274, 100, -232, -75, 205, 45, -113, -47, 58, 142, -23, -110, 27, 41, 9, -76, 3, 79, 90, -133, -32, 186, 179, -97, -135, 86, 142, -88, -173, 107, 146, -123, -14, -40, -122, 127, 52, 5, -137, 37, 148, -62, -146, 9, 154, 68, -183, -78, 208, 98, -164, -152, 157, 141, -53, -163, -96, 154, 153, 94, -189, -111, 111, 124, -64, -169, -79, 66, 141, 29, -240, -53, 284, 248, -304, -245, 264, 81, -321, 0, 353, 79, -331, 108, 430, -119, -368, 195, 340, -209, -225, 281, 168, -249, -3, 246, -15, -178, 25, 177, -155, -77, 40, 125, -62, -169, 39, -21, -23, -54, -44, 22, 48, -18, -109, 2, 139, 55, -244, -85, 248, 89, -331, -120, 350, 54, -238, 104, 185, -137, -130, 264, 47, -429, 98, 461, -324, -528, 502, 652, -683, -782, 741, 729, -588, -804, 323, 682, 66, -301, -516, 141, 713, 245, -781, -491, 835, 616, -684, -690, 430, 675, -330, -488, 161, 449, -200, -356, 316, 305, -332, -435, 418, 562, -162, -554, -38, 491, 273, -413, -453, 307, 566, -55, -606, -179, 490, 251, -363, -111, 194, -77, -47, 228, 21, -320, -64, 364, 54, -277, -11, 261, 112, -47, -93, -69, -27, 166, 195, -212, -260
1791219852.921, MrmFullScanInfo, 517, 107, 2462310, 0, 0, 0, 0, 10000, 39297, 32, 2, 2, 1, 480, 0, 0, 0, 0, 0, 0, 10171, -14448, -19216, 29492, 22848, -30848, -24900, 16571, 28564, 4263, -30850, -21385, 26113, 31350, -13613, -36186, -770, 36708, 10593, -30684, -13751, 17334, 11724, 103, -7126, -16492, 3414, 27961, -3916, -32888, 8881, 32124, -15162, -28742, 19026, 26060, -18548, -25698, 13725, 26892, -5432, -27099, -4956, 23582, 15437, -15095, -23491, 2717, 26904, 10551, -24638, -21385, 17457, 27639, -7886, -28783, -696, 25457, 5637, -18991, -6057, 11211, 2816, -4072, 2219, -850, -6994, 2840, 9845, -2173, -9803, -22, 6813, 2200, -1725, -2947, -3992, 1567, 8773, 1635, -11417, -5533, 11377, 8704, -8804, -10016, 4564, 9010, 6, -5985, -3529, 1847, 5094, 2229, -4576, -5140, 2676, 6206, -547, -5378, -768, 3285, 811, -950, 239, -666, -1758, 1122, 2989, -576, -3342, -422, 2668, 1257, -1285, -1476, -226, 979, 1319, -19, -1673, -970, 1317, 1595, -568, -1627, -158, 1113, 567, -345, -546, -307, 212, 614, 164, -552, -323, 271, 186, 7, 143, -91, -476, -52, 650, 302, -574, -482, 280, 487, 101, -304, -403, 11, 526, 267, -475, -405, 356, 353, -287, -160, 324, -39, -428, 117, 523, -19, -518, -212, 363, 478, -68, -640, -286, 612, 620, -405, -837, 125, 867, 130, -702, -299, 427, 362, -153, -321, -32, 227, 101, -152, -66, 156, -5, -239, 51, 369, -36, -484, -36, 531, 148, -481, -266, 356, 347, -198, -347, 59, 274, 29, -174, -50, 101, 29, -70, -4, 75, 18, -87, -71, 94, 134, -81, -158, 43, 138, 19, -94, -73, 39, 87, 34, -50, -102, -14, 134, 73, -113, -86, 65, 57, -23, -9, 21, -47, -55, 108, 104, -132, -143, 94, 160, -16, -132, -60, 59, 115, 45, -137, -151, 128, 239, -95, -287, 55, 296, -16, -268, -3, 215, 18, -147, -42, 89, 74, -54, -90, 38, 86, -21, -78, 2, 93, 21, -125, -43, 157, 67, -164, -91, 155, 113, -145, -115, 135, 82, -93, -18, 14, -38, 65, 74, -103, -94, 105, 115, -85, -134, 53, 160, -14, -186, -18, 207, 46, -205, -70, 172, 101, -99, -122, 2, 113, 94, -60, -158, -11, 170, 76, -117, -110, 19, 109, 102, -69, -217, 7, 308, 55, -359, -74, 372, 39, -355, 29, 336, -101, -324, 175, 319, -242, -295, 294, 242, -319, -158, 315, 59, -279, 30, 226, -91, -165, 122, 114, -125, -82, 111, 74, -88, -68, 63, 54, -27, -36, -13, 32, 57, -31, -100, 28, 154, -16, -215, 6, 279, -3, -324, 25, 327, -71, -270, 135, 172, -206, -52, 283, -84, -350, 252, 396, -446, -418, 647, 435, -810, -453, 879, 480, -799, -500, 557, 491, -176, -425, -252, 298, 627, -114, -872, -95, 963, 288, -906, -425, 746, 488, -548, -474, 389, 410, -312, -327, 326, 272, -379, -275, 406, 337, -345, -418, 186, 484, 34, -499, -258, 441, 439, -301, -543, 130, 553, -4, -460, -18, 289, -49, -94, 159, -50, -257, 118, 312, -115, -304, 70, 238, -5, -123, -34, -11, 19
1791219852.921, MrmFullScanInfo, 517, 107, 2462310, 0, 0, 0, 0, 10000, 39297, 32, 4, 2, 1, 480, 0, 0, 0, 0, 0, 0, -45, 86, 0, -200, 76, 341, -135, -501, 242, 573, -455, -403, 670, 54, -671, 254, 383, -399, -13, 433, -30, -472, -371, 561, 944, -614, -1151, 462, 765, -68, -96, -352, -443, 560, 714, -516, -736, 345, 521, -61, -196, -378, 38, 916, -169, -1309, 522, 1246, -977, -637, 1569, -321, -2510, 1455, 3889, -2801, -5359, 4414, 6287, -6118, -6209, 7521, 5113, -8226, -3379, 8100, 1536, -7259, -17, 5963, -949, -4437, 1368, 2865, -1416, -1330, 1296, -140, -1105, 1497, 838, -2620, -446, 3351, -41, -3582, 536, 3349, -928, -2794, 1149, 2114, -1193, -1445, 1128, 832, -1019, -269, 876, -206, -676, 537, 442, -702, -195, 734, -57, -669, 313, 556, -537, -442, 698, 370, -775, -340, 772, 327, -706, -295, 606, 215, -468, -87, 301, -34, -154, 106, 86, -121, -71, 107, 46, -71, 20, 13, -105, 55, 185, -99, -238, 115, 250, -106, -198, 78, 110, -30, -24, 0, -29, -11, 64, 47, -74, -79, 53, 100, -4, -113, -37, 125, 47, -129, -20, 126, -12, -115, 16, 97, 17, -65, -61, 26, 84, 20, -67, -64, 32, 105, -4, -124, -5, 111, 8, -62, 0, 10, -25, 21, 62, -31, -82, 33, 71, -26, -27, 17, -34, -12, 104, 16, -149, -19, 137, 30, -69, -47, -9, 62, 65, -57, -95, 45, 115, -36, -121, 38, 113, -38, -86, 28, 57, -8, -44, 3, 53, -9, -60, 5, 57, 11, -44, -19, 32, 25, -26, -38, 27, 56, -15, -56, -7, 39, 22, -5, -21, -41, 24, 86, -20, -102, 0, 83, 27, -37, -28, -16, 0, 68, 42, -103, -70, 119, 74, -115, -54, 108, 32, -104, -6, 103, -14, -92, 26, 76, -21, -54, 16, 34, -14, -18, 18, 8, -13, 7, -8, -30, 51, 57, -96, -79, 131, 100, -151, -111, 154, 92, -111, -47, 32, 10, 37, 12, -60, -25, 61, 35, -60, -34, 64, 32, -72, -24, 88, 17, -99, -6, 91, 1, -48, -5, -10, 22, 48, -41, -38, 55, 0, -57, 37, 51, -49, -41, 40, 39, -20, -44, -6, 58, 46, -74, -73, 86, 82, -73, -86, 51, 99, -35, -93, 24, 61, 2, -2, -44, -68, 92, 128, -120, -149, 118, 137, -92, -110, 71, 89, -62, -85, 60, 104, -52, -124, 41, 133, -16, -135, -8, 146, 19, -150, -8, 137, -4, -101, 3, 59, 24, -27, -56, 20, 74, -16, -64, -4, 51, 41, -49, -61, 46, 58, -9, -48, -62, 42, 148, -22, -221, -18, 266, 77, -263, -122, 203, 129, -84, -81, -58, 0, 184, 90, -262, -162, 285, 202, -249, -213, 170, 213, -73, -206, -2, 193, 47, -166, -58, 133, 50, -105, -36, 90, 31, -77, -37, 58, 49, -27, -68, -10, 98, 59, -133, -98, 171, 97, -187, -38, 174, -51, -132, 136, 88, -188, -48, 205, 12, -192, 23, 158, -43, -107, 52, 50, -57
1791219852.921, MrmDetectionListInfo, 517, 96, 54, 851, 55, 950, 56, 1000, 57, 999, 58, 985, 59, 1046, 60, 1289, 61, 1779, 62, 2478, 63, 3256, 64, 4005, 65, 4699, 66, 5350, 67, 5931, 68, 6372, 69, 6613, 70, 6640, 71, 6472, 72, 6137, 73, 5663, 74, 5082, 75, 4437, 76, 3792, 77, 3264, 78, 2975, 79, 2890, 80, 2790, 81, 2494, 82, 2038, 83, 1575, 84, 1198, 85, 910, 86, 756, 87, 850, 88, 1190, 89, 1570, 90, 1777, 91, 1797, 92, 1765, 93, 1796, 94, 1905, 95, 2025, 96, 2073, 97, 2017, 98, 1891, 99, 1744, 100, 1594, 101, 1433, 102, 1254, 103, 1069, 104, 891, 105, 726, 106, 587, 107, 500, 108, 479, 109, 507, 110, 544, 111, 549, 112, 510, 113, 451, 114, 404, 115, 389, 116, 413, 117, 463, 118, 510, 119, 534, 120, 541, 121, 547, 122, 557, 123, 565, 124, 562, 125, 549, 126, 527, 127, 499, 128, 464, 129, 417, 130, 358, 131, 290, 132, 220, 148, 168, 149, 178, 150, 180, 151, 177, 152, 164, 153, 140, 303, 131, 367, 129, 421, 179, 429, 168, 430, 214, 431, 235, 432, 237, 433, 233, 434, 225, 435, 210, 436, 186
1791219853.046, MrmFullScanInfo, 518, 107, 2462435, 0, 0, 0, 0, 10000, 39297, 32, 1, 2, 1, 480, -20020, 32219, 25091, -31748, -30209, 29472, 32459, -21029, -32512, -3905, 32432, 27130, -29093, -32320, 10494, 32457, 8326, -32469, -19097, 32219, 22411, -27259, -17809, 6857, 15528, 11521, -883, -15408, -10330, 27056, 8288, -28659, -225, 32140, -8938, -31905, 10345, 32176, -7930, -32060, 2549, 32150, 5871, -27766, -16876, 19062, 24844, -3557, -27357, -11631, 22695, 23055, -14277, -28873, 1776, 28040, 8380, -24031, -15120, 17929, 17107, -11888, -14550, 6905, 9377, -4253, -4145, 3011, -986, -3505, 3830, 4770, -3818, -5746, 827, 5413, 3163, -2844, -6702, -1472, 8284, 6107, -7470, -9884, 5117, 11772, -1393, -11349, -2488, 8642, 5642, -4247, -6472, -115, 5458, 3521, -2850, -5208, -265, 4674, 2431, -2939, -2558, 1121, 1350, 341, 656, -360, -2050, -672, 2805, 1792, -2314, -2538, 906, 2539, 348, -1703, -1270, 350, 1671, 1005, -1336, -1587, 261, 1758, 477, -1254, -895, 523, 641, 241, -54, -377, -522, 234, 761, 4, -480, -283, 27, 283, 387, 74, -589, -527, 586, 766, -192, -766, -230, 602, 488, -21, -471, -427, 342, 564, -54, -469, -148, 283, 5, -156, 341, -21, -528, -52, 673, 379, -450, -627, 178, 793, 279, -709, -551, 489, 844, -37, -939, -364, 766, 429, -466, -490, 194, 456, 40, -217, -111, 28, 47, -57, -50, 172, -9, -253, -105, 461, 249, -501, -398, 454, 407, -288, -443, 148, 372, 11, -219, 5, 289, 49, -42, -45, 43, 80, -125, 1, 180, 130, -142, -114, 52, 198, -6, -166, -80, 27, 82, -4, -109, -70, 8, 134, 18, -65, -36, 37, 149, -34, -133, 61, 40, -95, -92, 29, 79, -150, -20, 171, 28, -190, -79, 188, 232, -77, -99, -50, 217, 192, -88, -84, 194, 209, 64, -272, -96, 206, 108, -162, -197, 78, 57, -157, -138, -14, 118, -61, -67, 2, 126, 14, -94, -6, 107, 17, 18, -64, 115, 136, -17, -141, -33, 97, 23, -94, 4, 21, 27, 3, -47, 2, 181, 77, 7, -108, 38, 127, -33, -202, -69, 162, 78, -216, -119, 296, 183, -295, -151, 198, 215, -89, -123, -11, 57, 219, -48, -148, -153, 153, 186, -78, -211, -10, 141, 142, -36, -193, -146, 244, 256, -149, -219, 168, 128, -213, -109, 263, -68, -133, 96, 258, -205, -271, 288, 340, -296, -178, 232, 132, -222, -105, 299, -3, -211, 18, 182, -32, -112, 12, 80, -47, -71, -42, 91, 62, -81, -102, 12, 26, 42, -87, -55, 190, 93, -263, -78, 367, 184, -239, -182, 339, 81, -319, -40, 219, -93, -112, 301, 58, -323, 177, 527, -361, -654, 646, 864, -758, -861, 767, 931, -585, -943, 236, 673, 94, -413, -433, 64, 826, 289, -778, -592, 773, 761, -503, -760, 388, 733, -162, -440, 113, 355, -120, -324, 339, 371, -340, -498, 294, 643, -194, -639, -48, 578, 284, -430, -510, 239, 595, 43, -560, -216, 413, 225, -242, -250, 171, 81, -49, 50, 57, -198, -118, 235, 158, -207, -113, 99, 120, 15, 58, -115, -55, 141, 172, -62, -202
1791219853.046, MrmFullScanInfo, 518, 107, 2462435, 0, 0, 0, 0, 10000, 39297, 32, 2, 2, 1, 480, 0, 0, 0, 0, 0, 0, 10304, -14607, -19427, 29808, 23005, -31237, -24897, 17003, 28283, 3852, -30175, -21200, 25237, 31512, -12993, -36515, -853, 37012, 10328, -30984, -13618, 17712, 12091, -336, -8011, -16088, 4335, 27777, -4263, -33133, 8497, 32802, -14325, -29572, 18004, 26746, -17415, -26141, 12563, 27062, -4431, -26928, -5617, 23011, 15663, -14225, -23283, 1878, 26229, 11004, -23384, -21315, 15523, 27149, -5192, -28143, -4296, 25126, 10315, -19560, -11839, 13135, 9509, -7390, -4967, 3399, 91, -1555, 3497, 1596, -4725, -2697, 3347, 3714, 12, -3565, -4100, 1713, 7535, 1594, -9252, -5435, 8791, 8632, -6306, -10189, 2519, 9637, 1465, -7145, -4481, 3449, 5725, 405, -5042, -3379, 3003, 4798, -653, -4537, -964, 3058, 1312, -1202, -506, -156, -872, 538, 2095, -20, -2593, -911, 2189, 1666, -1111, -1809, -179, 1263, 1203, -285, -1609, -708, 1340, 1367, -651, -1499, -40, 1130, 416, -486, -373, -115, 55, 443, 278, -432, -401, 201, 258, 34, 63, -87, -399, -69, 584, 334, -520, -542, 247, 561, 103, -353, -379, 17, 484, 284, -409, -432, 263, 404, -184, -239, 241, 47, -379, 43, 499, 53, -510, -299, 379, 572, -118, -729, -217, 687, 556, -460, -800, 153, 868, 127, -737, -313, 477, 379, -198, -330, -6, 227, 99, -148, -94, 150, 50, -236, -27, 373, 60, -492, -132, 533, 219, -468, -285, 333, 316, -181, -298, 66, 239, 5, -159, -41, 105, 52, -99, -46, 125, 47, -137, -71, 118, 108, -68, -124, 6, 103, 51, -47, -80, -17, 76, 71, -40, -92, -16, 93, 73, -92, -97, 95, 88, -96, -60, 104, 30, -124, -1, 156, -5, -177, -19, 175, 71, -127, -126, 44, 174, 41, -192, -107, 164, 165, -94, -215, 13, 239, 51, -224, -85, 184, 96, -131, -94, 85, 94, -50, -93, 32, 97, -21, -93, 14, 81, 6, -67, -43, 64, 86, -58, -112, 45, 114, -26, -89, 7, 53, 25, -18, -64, -5, 91, 32, -91, -70, 75, 119, -50, -163, 22, 206, 12, -249, -41, 291, 63, -300, -79, 258, 94, -159, -101, 29, 96, 95, -61, -171, -7, 190, 92, -153, -148, 71, 151, 45, -90, -162, -6, 248, 96, -283, -133, 282, 107, -257, -27, 219, -73, -179, 173, 161, -262, -161, 332, 152, -356, -115, 335, 62, -290, -5, 247, -45, -201, 78, 152, -83, -105, 67, 74, -34, -66, 0, 75, 32, -76, -50, 54, 69, -12, -111, -18, 186, 29, -266, -26, 326, 27, -352, -23, 349, -4, -307, 69, 220, -157, -86, 254, -85, -341, 294, 419, -533, -486, 772, 539, -944, -577, 983, 611, -850, -623, 563, 585, -162, -472, -273, 291, 656, -56, -894, -192, 954, 413, -856, -549, 666, 576, -452, -504, 291, 395, -234, -306, 280, 281, -363, -326, 410, 420, -363, -509, 209, 554, 26, -526, -276, 418, 470, -248, -554, 65, 524, 76, -408, -134, 259, 99, -121, 6, 32, -130, 2, 220, 6, -235, -25, 171, 34, -52, -18, -67, -19
1791219853.046, MrmFullScanInfo, 518, 107, 2462435, 0, 0, 0, 0, 10000, 39297, 32, 4, 2, 1, 480, 0, 0, 0, 0, 0, 0, 116, -124, -211, 237, 186, -256, -46, 236, -198, -179, 518, 14, -635, 197, 369, -236, 63, 147, -272, -126, 129, 189, 205, -215, -482, 156, 416, 12, 17, -292, -478, 559, 704, -622, -771, 490, 874, -315, -993, 161, 964, -2, -678, -166, 179, 275, 397, -214, -1030, 8, 1818, 205, -2857, -261, 4205, -25, -5805, 894, 7412, -2445, -8644, 4412, 9235, -6207, -9079, 7238, 8215, -7187, -6779, 6146, 4996, -4508, -3076, 2764, 1196, -1285, 504, 240, -1871, 415, 2757, -836, -3047, 1194, 2757, -1575, -2079, 1974, 1301, -2311, -666, 2493, 289, -2448, -110, 2132, -24, -1541, 230, 770, -486, -11, 720, -540, -875, 816, 914, -865, -812, 795, 569, -684, -224, 580, -117, -494, 339, 440, -382, -408, 291, 371, -149, -279, 24, 125, 69, 51, -127, -182, 154, 229, -145, -195, 124, 124, -118, -49, 143, -9, -173, 47, 177, -61, -146, 68, 98, -78, -43, 80, -7, -54, 44, 22, -64, -9, 78, 7, -83, 8, 76, -29, -50, 34, 27, -24, -14, 30, 3, -51, 30, 72, -74, -81, 97, 85, -81, -79, 40, 69, 8, -51, -41, 30, 55, -10, -44, 1, 17, 1, 19, 0, -53, 0, 77, -2, -86, 10, 84, -17, -59, 17, 19, -5, 29, -1, -52, -6, 40, 31, -5, -40, -25, 18, 52, 19, -81, -34, 99, 22, -87, 3, 50, -21, -6, 27, -14, -30, 9, 39, 11, -42, -19, 21, 11, 25, 1, -58, 0, 45, -9, 8, 24, -57, -40, 80, 70, -82, -100, 81, 117, -68, -111, 43, 97, -6, -75, -20, 55, 19, -34, 10, 6, -36, 29, 37, -60, -24, 79, 15, -86, -1, 78, -11, -48, 18, 16, -10, 1, 0, 4, 0, -6, 12, -17, -8, 55, -16, -72, 46, 69, -56, -59, 46, 62, -22, -72, 12, 81, -21, -72, 38, 45, -34, -12, 11, -6, 20, 12, -44, -6, 61, 0, -74, 12, 91, -22, -97, 29, 86, -26, -62, 15, 37, 5, -19, -17, 13, 3, -4, 32, -14, -57, 35, 57, -40, -27, 37, -15, -37, 56, 49, -84, -59, 98, 73, -88, -98, 67, 134, -37, -150, 3, 139, 39, -113, -67, 84, 75, -47, -72, 11, 75, 13, -76, -21, 69, 25, -52, -28, 39, 42, -43, -58, 71, 65, -91, -49, 79, 27, -39, -16, 5, 30, 9, -47, -12, 51, 24, -42, -43, 42, 64, -52, -72, 62, 71, -51, -57, 22, 37, 29, 2, -100, -50, 170, 94, -205, -130, 193, 159, -139, -166, 76, 139, -14, -70, -41, -17, 93, 103, -112, -169, 87, 210, -33, -210, -25, 169, 77, -103, -107, 52, 105, -37, -77, 56, 47, -87, -25, 114, 12, -115, -9, 86, 27, -25, -57, -41, 80, 93, -72, -118, 45, 133, -26, -144, 44, 142, -84, -112, 122, 65, -138, -19, 130, 0, -87, -5, 23, 28, 36, -33, -59
1791219853.046, MrmDetectionListInfo, 518, 81, 58, 802, 59, 1023, 60, 1322, 61, 1666, 62, 2001, 63, 2321, 64, 2700, 65, 3236, 66, 3952, 67, 4758, 68, 5545, 69, 6263, 70, 6902, 71, 7441, 72, 7825, 73, 8000, 74, 7945, 75, 7670, 76, 7197, 77, 6553, 78, 5771, 79, 4895, 80, 3973, 81, 3047, 82, 2163, 83, 1390, 84, 825, 85, 565, 86, 662, 87, 1047, 88, 1508, 89, 1840, 90, 1990, 91, 2039, 92, 2062, 93, 2060, 94, 2008, 95, 1908, 96, 1792, 97, 1689, 98, 1602, 99, 1522, 100, 1443, 101, 1363, 102, 1278, 103, 1177, 104, 1053, 105, 910, 106, 771, 107, 644, 108, 524, 109, 410, 110, 359, 111, 443, 112, 651, 113, 852, 114, 933, 115, 901, 116, 836, 117, 785, 118, 728, 119, 636, 120, 515, 121, 402, 122, 334, 123, 322, 124, 353, 125, 397, 126, 421, 127, 407, 128, 368, 129, 322, 130, 276, 131, 224, 138, 167, 139, 193, 140, 196, 415, 152, 416, 163, 417, 167, 418, 167
1791219853.171, MrmFullScanInfo, 519, 107, 2462560, 0, 0, 0, 0, 10000, 39297, 32, 1, 2, 1, 480, -20454, 32164, 23917, -31456, -29812, 29154, 32399, -21242, -32512, -1799, 32459, 28191, -29783, -32301, 10995, 32512, 8976, -32507, -19865, 32045, 20214, -27316, -17813, 6869, 17041, 11463, 368, -14725, -9691, 27031, 7641, -29248, 166, 32071, -9671, -31874, 11674, 32080, -7320, -32114, 2152, 32282, 5575, -27779, -16056, 19242, 24446, -3621, -27174, -11110, 23017, 22143, -14455, -28106, 2013, 26553, 8778, -21580, -15521, 14778, 18874, -7375, -17235, 2080, 13077, 794, -8305, -1345, 3463, 114, 55, 1757, -162, -3382, -1259, 4123, 4209, -2623, -7367, -1035, 8319, 4810, -7589, -8502, 4725, 10562, -945, -10149, -3688, 7532, 7012, -3638, -8043, -449, 6932, 3761, -4442, -5131, 895, 4291, 1624, -2551, -2408, 440, 1525, 1128, 84, -940, -1453, -35, 1943, 1368, -1595, -2140, 288, 2564, 943, -1821, -1816, 647, 2168, 650, -1474, -1528, 435, 1633, 555, -1204, -992, 426, 969, 183, -474, -383, -2, 120, 317, 135, -249, -450, -260, 504, 567, -156, -704, -253, 668, 471, -111, -552, -273, 351, 420, 80, -558, -524, 403, 621, -189, -516, -6, 245, -78, -58, 243, -57, -427, -64, 602, 370, -367, -593, 66, 743, 512, -761, -611, 530, 902, -5, -993, -267, 823, 447, -498, -539, 139, 419, 116, -156, -91, 47, 129, -73, -82, 71, -6, -223, -137, 360, 281, -448, -277, 412, 445, -257, -411, 117, 312, -175, -341, 42, 189, 67, -122, -79, 20, 108, -170, -156, 182, 164, -40, -249, -4, 248, -19, -222, 7, 94, 25, -88, -88, -35, 24, 29, 11, -125, -56, 94, 88, -50, -180, 93, 3, 85, -42, 45, 20, 22, 38, 96, 89, -15, -110, 61, 89, 16, -20, -95, 95, 109, 3, -120, 91, 202, -27, -209, -18, 135, 90, -46, -105, 150, 58, -80, -102, -33, 63, -54, -68, 10, 74, 0, -52, -50, -24, -9, -182, -6, 104, 157, 44, -115, 112, 23, 2, -91, -10, -8, -44, 104, -51, -141, 35, 168, -96, -160, -72, 217, 25, -247, 8, 215, 90, -189, -50, 245, 231, -150, -197, 200, 288, -66, -121, -73, 98, 230, 18, -217, -138, 113, 127, -62, -110, -29, 64, 174, 78, -234, -127, 244, 207, -221, -154, 165, 132, -170, -39, 187, -144, -223, 120, 279, -265, -218, 265, 250, -360, -238, 291, 175, -261, -51, 158, -51, -186, 13, 229, 43, -160, -46, 158, -29, -117, -120, 33, 115, -33, -71, 75, 110, -6, -214, -47, 174, 162, -304, -146, 334, 273, -353, -142, 376, 137, -254, -42, 236, -81, -9, 126, -1, -399, 253, 500, -424, -755, 616, 806, -805, -967, 768, 1056, -607, -950, 315, 763, 187, -392, -440, 53, 721, 352, -779, -553, 758, 771, -593, -755, 346, 617, -112, -463, 130, 318, -139, -266, 341, 391, -323, -466, 256, 525, 8, -763, -154, 616, 375, -453, -484, 194, 495, 44, -448, -396, 326, 354, -227, -258, 20, 96, -8, 22, 76, -129, -71, 230, 219, -153, -111, 37, 150, 34, -19, -94, -31, 57, 127, -41, -190
1791219853.171, MrmFullScanInfo, 519, 107, 2462560, 0, 0, 0, 0, 10000, 39297, 32, 2, 2, 1, 480, 0, 0, 0, 0, 0, 0, 10120, -14470, -19117, 29682, 22736, -31393, -24725, 17417, 28261, 3467, -30346, -21024, 25439, 31505, -13106, -36592, -681, 37036, 10034, -30887, -13392, 17642, 12072, -463, -8105, -15819, 4502, 27551, -4610, -33025, 9093, 32710, -15069, -29385, 18603, 26535, -17630, -26073, 12515, 27174, -4481, -27073, -5293, 23069, 15214, -14287, -22952, 2166, 26092, 10330, -23304, -20202, 15258, 25556, -4458, -25979, -5819, 22337, 12935, -16247, -15700, 9601, 14445, -4050, -10504, 586, 5622, 610, -1477, 11, -714, -1601, 536, 3081, 1598, -3434, -4660, 2120, 7367, 715, -8634, -4280, 7899, 7453, -5195, -9203, 1185, 8998, 2985, -6916, -6078, 3585, 7271, 7, -6416, -2817, 4067, 4152, -1275, -3878, -850, 2446, 1670, -682, -1207, -556, 14, 818, 1168, -183, -1734, -876, 1465, 1782, -539, -2080, -601, 1637, 1476, -659, -1744, -435, 1370, 1228, -597, -1467, -188, 1176, 678, -602, -743, 72, 473, 196, -104, -156, -114, -72, 76, 297, 162, -349, -426, 195, 542, 78, -426, -316, 137, 382, 199, -223, -461, -62, 573, 316, -515, -414, 364, 341, -230, -165, 206, 7, -285, 33, 392, 86, -403, -330, 260, 605, 9, -775, -326, 742, 627, -511, -842, 190, 892, 111, -742, -313, 461, 383, -161, -332, -54, 228, 147, -141, -136, 123, 89, -186, -62, 309, 81, -426, -134, 474, 207, -433, -269, 342, 297, -235, -277, 130, 222, -26, -159, -55, 130, 106, -139, -126, 153, 144, -139, -173, 110, 201, -83, -194, 55, 149, -14, -82, -25, 18, 45, 40, -32, -84, -3, 112, 47, -112, -70, 85, 67, -41, -44, 9, 24, -5, -16, 25, 31, -49, -51, 56, 64, -25, -68, -27, 76, 84, -87, -127, 96, 157, -86, -162, 49, 150, 6, -134, -49, 121, 69, -96, -69, 65, 68, -38, -64, 23, 57, -8, -51, 0, 62, 7, -79, -19, 91, 46, -86, -67, 74, 67, -52, -42, 25, -3, 9, 64, -52, -113, 91, 143, -96, -165, 75, 195, -49, -220, 34, 231, -11, -229, -30, 230, 91, -230, -143, 212, 165, -140, -150, 15, 113, 119, -61, -198, 1, 199, 55, -129, -84, 17, 77, 112, -35, -222, -18, 286, 64, -292, -81, 260, 56, -215, 14, 182, -112, -162, 216, 152, -300, -140, 359, 124, -380, -96, 360, 53, -296, 4, 220, -47, -165, 61, 149, -50, -152, 33, 148, -7, -124, -30, 96, 70, -77, -97, 66, 124, -44, -162, 7, 224, 38, -299, -72, 371, 79, -407, -53, 391, 6, -313, 50, 191, -109, -38, 186, -138, -284, 347, 398, -582, -497, 812, 578, -977, -637, 1022, 681, -896, -682, 599, 623, -177, -484, -270, 278, 649, -29, -887, -215, 957, 411, -863, -520, 657, 533, -425, -467, 265, 367, -222, -283, 274, 256, -339, -304, 341, 425, -253, -562, 98, 636, 88, -585, -269, 412, 409, -161, -481, -77, 472, 220, -372, -232, 220, 153, -78, -26, 3, -100, 3, 189, 31, -204, -68, 145, 86, -47, -69, -39, 17
1791219853.171, MrmFullScanInfo, 519, 107, 2462560, 0, 0, 0, 0, 10000, 39297, 32, 4, 2, 1, 480, 0, 0, 0, 0, 0, 0, -135, 82, 227, -19, -199, -278, 163, 539, -120, -490, 72, 204, -99, 71, 80, -186, 175, 105, -405, 24, 282, 29, 87, -242, -349, 366, 407, -249, -385, -3, 407, 152, -434, -94, 250, 15, 175, -78, -476, 183, 353, -129, 40, -56, -350, 119, 435, 137, -453, -646, 654, 1240, -1175, -1828, 2088, 2390, -3432, -2790, 5135, 2820, -6899, -2351, 8306, 1479, -8974, -510, 8751, -197, -7720, 477, 6101, -436, -4152, 325, 2168, -348, -438, 566, -861, -857, 1695, 1025, -2116, -939, 2255, 599, -2239, -67, 2137, -519, -1966, 1004, 1758, -1290, -1497, 1366, 1116, -1244, -572, 975, -55, -642, 635, 339, -1052, -110, 1264, -32, -1272, 128, 1116, -219, -850, 332, 567, -454, -328, 536, 160, -521, -55, 407, 0, -241, 41, 78, -105, 68, 198, -188, -295, 278, 350, -322, -327, 325, 240, -295, -132, 264, 40, -249, 32, 247, -91, -232, 130, 194, -127, -145, 95, 107, -68, -72, 69, 33, -79, 16, 70, -52, -16, 54, -54, -17, 103, -27, -109, 54, 105, -59, -106, 68, 101, -81, -74, 89, 43, -78, -27, 58, 27, -29, -20, 6, 3, 2, 22, -1, -41, 0, 54, 8, -60, -28, 67, 51, -68, -60, 59, 60, -34, -52, 7, 34, 17, 6, -33, -52, 37, 72, -22, -45, -4, -9, 40, 64, -64, -97, 61, 109, -29, -103, 7, 86, -11, -60, 37, 36, -55, -20, 53, 20, -33, -21, 7, 17, 18, -2, -30, -3, 26, -4, -10, 31, -2, -62, 23, 89, -56, -102, 85, 106, -75, -106, 30, 101, 30, -78, -75, 45, 89, -8, -60, -30, 14, 75, 17, -105, -16, 103, 2, -71, 5, 37, 3, -17, -16, 11, 28, -10, -36, 14, 39, -10, -26, -1, 13, 17, -7, -21, 7, 25, -4, -33, 9, 45, -20, -57, 24, 77, -20, -93, 17, 96, -6, -87, -4, 82, 9, -72, 7, 49, -20, -9, 11, -23, 24, 30, -58, -11, 66, -5, -44, 1, 18, 17, -4, -22, 9, 10, -24, 15, 43, -36, -52, 49, 45, -43, -16, 21, -13, 14, 25, -49, -17, 75, 12, -79, -18, 72, 32, -69, -39, 77, 42, -70, -46, 47, 46, -21, -24, 6, -5, 9, 13, -29, 18, 47, -61, -48, 82, 48, -66, -56, 40, 67, -27, -68, 34, 65, -37, -57, 20, 51, 20, -51, -54, 63, 63, -67, -48, 53, 37, -21, -48, -8, 74, 31, -88, -47, 67, 65, -16, -83, -34, 98, 78, -100, -111, 99, 129, -85, -118, 55, 84, -16, -33, -7, -20, 16, 64, -18, -80, 18, 70, 0, -40, -31, 11, 63, 9, -68, -19, 51, 21, -31, -13, 39, -2, -75, 41, 113, -90, -112, 108, 70, -62, -10, -27, -35, 126, 53, -187, -45, 193, 38, -155, -32, 115, 18, -86, 13, 68, -49, -51, 74, 43, -78, -36, 64, 20, -40, 14, 17
1791219853.171, MrmDetectionListInfo, 519, 91, 58, 615, 59, 887, 60, 1177, 61, 1478, 62, 1824, 63, 2236, 64, 2702, 65, 3192, 66, 3677, 67, 4136, 68, 4542, 69, 4861, 70, 5066, 71, 5141, 72, 5087, 73, 4921, 74, 4682, 75, 4418, 76, 4160, 77, 3897, 78, 3582, 79, 3166, 80, 2649, 81, 2090, 82, 1557, 83, 1085, 84, 695, 85, 461, 86, 489, 87, 776, 88, 1156, 89, 1440, 90, 1560, 91, 1571, 92, 1545, 93, 1496, 94, 1402, 95, 1266, 96, 1152, 97, 1148, 98, 1263, 99, 1406, 100, 1483, 101, 1480, 102, 1438, 103, 1387, 104, 1310, 105, 1180, 106, 996, 107, 782, 108, 577, 109, 438, 110, 424, 111, 523, 112, 637, 113, 682, 114, 663, 115, 640, 116, 648, 117, 670, 118, 672, 119, 642, 120, 593, 121, 544, 122, 504, 123, 469, 124, 437, 125, 404, 126, 372, 127, 337, 128, 297, 129, 250, 130, 199, 137, 171, 138, 232, 139, 284, 140, 317, 141, 332, 142, 333, 143, 323, 144, 300, 145, 267, 146, 230, 147, 194, 148, 164, 151, 140, 152, 153, 153, 168, 154, 175, 155, 172, 158, 124
1791219853.296, MrmFullScanInfo, 520, 107, 2462685, 0, 0, 0, 0, 10000, 39297, 32, 1, 2, 1, 480, -19871, 31878, 25016, -31884, -29113, 28871, 32361, -20760, -32512, -2898, 32494, 27861, -28863, -32367, 10602, 32347, 7976, -32490, -20489, 32293, 22235, -27396, -17789, 6266, 16480, 10801, 364, -14495, -11735, 27158, 7351, -28958, 1234, 31754, -8839, -31586, 9843, 31613, -8202, -32246, 2849, 32219, 4865, -28267, -16207, 19049, 24891, -3683, -27621, -11079, 22955, 22132, -14585, -27824, 2925, 25937, 7963, -20093, -14497, 12506, 17993, -3992, -16528, -2165, 12029, 5338, -7465, -5799, 3073, 4336, 108, -1654, -203, -1151, -1149, 3030, 4359, -2052, -7509, -1015, 8443, 4670, -7755, -7847, 4810, 9629, -495, -9042, -4195, 6081, 7674, -2564, -9025, -1744, 7796, 4799, -5438, -5961, 1539, 4781, 1130, -2570, -2199, 27, 1321, 1629, 337, -1748, -1754, 714, 2173, 605, -1738, -1591, 177, 2094, 1322, -1474, -2273, 330, 2424, 922, -1866, -1509, 618, 1759, 507, -1188, -1109, 446, 1085, 378, -672, -666, 161, 490, 116, -121, -4, -269, -449, 416, 814, -149, -825, -323, 766, 494, -240, -545, -29, 340, 473, 45, -530, -468, 420, 550, -198, -501, -104, 340, 28, -16, 310, -101, -589, -104, 587, 326, -356, -507, 23, 599, 433, -582, -651, 389, 901, -2, -1108, -315, 921, 573, -582, -555, 222, 381, -66, -231, -153, 19, 200, 52, -117, 28, 47, -217, -158, 346, 235, -392, -332, 431, 431, -289, -395, 220, 390, -102, -244, -26, 135, 61, -193, -6, 86, 100, -57, -166, 108, 173, -37, -203, 38, 304, 11, -209, -52, 183, 67, -1, -88, 120, 103, 41, 32, 44, -142, 8, 110, 19, -28, -41, 19, 63, 93, -3, -114, -7, 128, -71, -65, -37, 29, -8, 17, -101, -28, -102, 97, 127, -139, -116, 182, 144, -24, -87, -1, 163, -2, -89, -45, 55, 88, 6, -65, -89, 110, 150, 16, 65, -35, -57, -20, 29, 107, 11, -43, -60, 51, 1, -31, -144, 47, 166, 119, -9, 28, -39, 75, 45, 15, -136, 57, 195, 57, -73, -44, 183, 20, -268, 76, 293, 166, -322, -32, 328, 184, -340, -162, 250, 245, -104, -147, -134, 126, 273, -68, -113, -53, 156, 145, -166, -83, 85, 122, 105, 27, -273, -151, 249, 159, -177, -149, 139, 119, -159, 109, 164, -102, -210, 229, 254, -290, -338, 284, 385, -331, -326, 238, 206, -290, -120, 119, 72, -233, 42, 245, -19, -197, 19, 152, 12, -57, -83, 115, 62, -61, -67, 62, 170, -58, -185, 6, 284, 152, -357, -271, 321, 275, -411, -211, 329, 161, -344, -155, 275, 25, -111, 213, 22, -393, 195, 605, -428, -860, 623, 935, -650, -1071, 718, 1028, -504, -1016, 211, 792, 176, -419, -581, 77, 667, 307, -819, -534, 653, 671, -509, -636, 195, 533, -106, -413, 29, 196, -178, -200, 267, 330, -255, -442, 151, 621, -11, -646, -175, 691, 329, -468, -466, 234, 565, 72, -454, -272, 324, 318, -39, -268, 44, 100, 18, -67, -18, -153, -123, 117, 138, -56, -173, 43, 83, 26, -48, -111, 9, 44, 130, 29, -125
1791219853.296, MrmFullScanInfo, 520, 107, 2462685, 0, 0, 0, 0, 10000, 39297, 32, 2, 2, 1, 480, 0, 0, 0, 0, 0, 0, 10136, -14453, -19107, 29510, 22718, -30986, -24749, 16919, 28225, 3847, -30180, -21199, 25238, 31523, -12867, -36586, -1129, 37144, 10662, -31120, -13875, 17884, 12056, -586, -7539, -15887, 3753, 27729, -4135, -33065, 8886, 32491, -14757, -29091, 18140, 26362, -17409, -26015, 12774, 27124, -4977, -26997, -4977, 23040, 15270, -14376, -23238, 2365, 26415, 10056, -23643, -19753, 15692, 24677, -4961, -24389, -5431, 19857, 12854, -12873, -15999, 5508, 15073, 441, -11382, -3902, 6679, 4674, -2584, -3256, 246, 660, -123, 1805, 1931, -2939, -4754, 2148, 7339, 340, -8520, -3643, 7625, 6604, -4655, -8223, 337, 7993, 4084, -5978, -7324, 2768, 8539, 672, -7572, -3289, 4988, 4380, -1874, -3829, -572, 2123, 1622, -125, -1263, -1286, 90, 1629, 1083, -962, -1593, -238, 1211, 1344, -163, -1832, -1045, 1525, 1908, -626, -2097, -430, 1594, 1221, -672, -1475, -247, 1172, 836, -535, -971, -85, 754, 414, -416, -364, 197, 62, -198, 252, 373, -362, -572, 223, 656, 53, -539, -288, 244, 355, 127, -222, -433, -26, 562, 266, -489, -390, 318, 357, -198, -192, 221, 8, -338, 68, 435, 23, -407, -241, 228, 490, 60, -645, -389, 630, 704, -440, -930, 155, 989, 124, -848, -309, 565, 365, -239, -307, -31, 199, 187, -110, -212, 100, 161, -171, -103, 295, 94, -410, -134, 472, 204, -455, -262, 369, 281, -237, -257, 104, 216, -6, -170, -46, 133, 83, -109, -116, 104, 154, -104, -190, 99, 219, -77, -214, 40, 176, 11, -122, -52, 76, 54, -38, -4, 2, -58, 26, 91, -28, -73, 4, 23, 30, 38, -56, -85, 69, 100, -62, -78, 34, 42, 5, -3, -18, -37, -5, 95, 48, -150, -72, 168, 84, -132, -95, 74, 109, -20, -107, -19, 79, 55, -24, -82, -25, 90, 44, -62, -20, 22, -12, -3, 28, 17, -20, -41, 0, 60, 36, -61, -75, 47, 95, -19, -71, -11, 17, 40, 49, -58, -103, 61, 139, -44, -160, 32, 190, -35, -231, 47, 277, -42, -317, 18, 345, 21, -341, -66, 287, 110, -163, -144, 6, 161, 122, -136, -182, 67, 195, 16, -171, -68, 98, 73, 32, -41, -174, -2, 268, 42, -281, -53, 240, 22, -184, 55, 144, -156, -131, 258, 153, -342, -189, 397, 215, -410, -199, 378, 144, -307, -70, 235, 1, -188, 56, 172, -87, -156, 82, 134, -41, -111, -9, 100, 52, -96, -84, 94, 124, -81, -182, 44, 261, 21, -348, -86, 420, 118, -449, -103, 431, 65, -367, -6, 265, -78, -116, 200, -81, -343, 329, 487, -592, -605, 822, 689, -960, -738, 968, 763, -821, -748, 522, 677, -116, -530, -308, 316, 658, -63, -858, -178, 884, 366, -750, -468, 529, 482, -314, -412, 186, 303, -164, -216, 215, 213, -271, -300, 283, 448, -223, -586, 101, 651, 68, -596, -254, 428, 410, -195, -477, -28, 433, 184, -303, -236, 154, 193, -39, -82, -9, -38, 0, 125, 45, -146, -83, 108, 96, -35, -75, -31, 26
1791219853.296, MrmFullScanInfo, 520, 107, 2462685, 0, 0, 0, 0, 10000, 39297, 32, 4, 2, 1, 480, 0, 0, 0, 0, 0, 0, -44, 56, 113, -189, -109, 305, 45, -287, -72, 184, 165, -85, -207, 32, 256, -56, -386, 148, 485, -223, -378, 252, 13, -217, 439, 80, -590, 69, 301, -20, -6, -187, 98, 286, -325, -188, 248, 41, 124, 12, -415, 35, 379, -62, -100, -26, -132, 230, 200, -497, -181, 901, 135, -1564, 60, 2520, -579, -3628, 1434, 4643, -2420, -5313, 3271, 5496, -3810, -5188, 3978, 4491, -3730, -3524, 3073, 2433, -2130, -1376, 1141, 486, -328, 206, -218, -730, 578, 1109, -888, -1327, 1235, 1357, -1585, -1197, 1853, 914, -1979, -601, 1949, 323, -1752, -70, 1379, -169, -858, 397, 304, -590, 145, 740, -410, -838, 519, 865, -544, -788, 559, 604, -591, -350, 622, 106, -607, 66, 530, -142, -400, 140, 238, -85, -60, 18, -105, 16, 247, 7, -357, -63, 432, 102, -453, -85, 419, 18, -340, 63, 243, -117, -149, 132, 91, -123, -69, 112, 59, -90, -32, 48, -1, 5, 20, -35, -9, 28, -14, -3, 24, -4, -6, -5, -9, 24, -1, -42, 40, 67, -77, -91, 97, 103, -99, -82, 99, 45, -101, -16, 107, 6, -110, 3, 103, -13, -67, 23, 6, -28, 59, 34, -95, -34, 93, 35, -62, -38, 31, 42, -9, -25, 0, -5, 12, 29, -26, -21, 33, 0, -16, 5, -9, 4, 13, 0, 12, -25, -32, 52, 29, -57, -11, 52, 1, -44, 1, 42, 2, -48, -4, 66, -4, -86, 32, 91, -49, -82, 34, 78, 7, -81, -48, 86, 85, -95, -104, 116, 100, -134, -82, 132, 69, -96, -61, 49, 47, -8, -13, -18, -25, 51, 48, -83, -42, 95, 35, -81, -37, 68, 36, -69, -16, 87, -8, -99, 13, 88, 13, -47, -49, 2, 64, 24, -53, -28, 39, 30, -28, -24, 25, 8, -26, 9, 35, -6, -42, -4, 37, 18, -8, -29, -27, 36, 51, -29, -45, 25, 18, -35, 15, 61, -37, -85, 51, 99, -56, -92, 50, 65, -26, -20, -11, -11, 53, 13, -74, 4, 70, 1, -51, -35, 38, 65, -28, -58, 14, 29, 10, -8, -30, 15, 43, -36, -47, 57, 52, -63, -55, 52, 59, -18, -58, -27, 53, 71, -43, -90, 30, 88, -14, -73, 6, 52, -11, -16, 25, -19, -24, 31, 15, -17, -9, 3, 15, 3, -23, -8, 36, 23, -47, -40, 43, 55, -8, -66, -35, 72, 63, -67, -66, 60, 70, -59, -70, 67, 55, -61, -15, 35, -35, 7, 83, -37, -118, 39, 137, -9, -136, -26, 123, 52, -101, -61, 79, 56, -54, -38, 32, 9, -16, 29, 18, -72, -33, 115, 51, -139, -59, 132, 67, -98, -76, 70, 78, -65, -51, 79, 7, -84, 33, 72, -54, -38, 55, 4, -36, 16, 11, -19, 6, 32, -14, -62, 30, 88, -54, -84, 77, 53, -84, -15, 86, -14, -85, 36, 77, -40, -53, 34, 21, -24, 14, 20
1791219853.296, MrmDetectionListInfo, 520, 79, 62, 905, 63, 1157, 64, 1502, 65, 1951, 66, 2460, 67, 2969, 68, 3436, 69, 3848, 70, 4190, 71, 4440, 72, 4580, 73, 4607, 74, 4531, 75, 4361, 76, 4103, 77, 3761, 78, 3345, 79, 2871, 80, 2362, 81, 1844, 82, 1341, 83, 879, 84, 496, 88, 583, 89, 837, 90, 1012, 91, 1118, 92, 1211, 93, 1316, 94, 1410, 95, 1464, 96, 1471, 97, 1448, 98, 1406, 99, 1346, 100, 1267, 101, 1169, 102, 1055, 103, 928, 104, 801, 105, 692, 106, 610, 107, 541, 108, 469, 109, 403, 110, 377, 111, 416, 112, 510, 113, 617, 114, 690, 115, 711, 116, 698, 117, 678, 118, 656, 119, 624, 120, 576, 121, 518, 122, 458, 123, 403, 124, 356, 125, 324, 126, 310, 127, 307, 128, 297, 129, 268, 130, 218, 138, 177, 139, 204, 140, 234, 141, 264, 142, 281, 143, 277, 144, 257, 145, 226, 146, 197, 147, 177, 148, 168, 149, 164, 151, 137
