Timestamp, Config, NodeId, ScanStartPs, ScanStopPs, ScanResolutionBins, BaseIntegrationIndex, Segment1NumSamples, Segment2NumSamples, Segment3NumSamples, Segment4NumSamples, Segment1AdditionalIntegration, Segment2AdditionalIntegration, Segment3AdditionalIntegration, Segment4AdditionalIntegration, AntennaMode, TransmitGain, CodeChannel
1791219472.493, Config, 100, 10000, 39297, 32, 12, 0, 0, 0, 0, 0, 0, 0, 0, 0, 63, 4
Timestamp, MrmFullScanInfo, MessageId, SourceId, EmbeddedTimestamp, Reserved, Reserved, Reserved, Reserved, ScanStartPs, ScanStopPs, ScanStepBins, Filtering, AntennaId, Reserved, NumSamplesTotal, ScanData
1791219472.587, MrmFullScanInfo, 834, 107, 2081981, 0, 0, 0, 0, 10000, 39297, 32, 1, 2, 1, 480, -420446, 491736, 422464, -478397, -452212, 444520, 504018, -366463, -519684, 116574, 520141, 342690, -495251, -498436, 371349, 517565, -109561, -520192, -178208, 519713, 326104, -511914, -475132, 481712, 520164, 512758, -146873, -519984, -417211, 495832, 367275, -502015, -443741, 504432, 279562, -517979, -283393, 518482, 207615, -516292, -283877, 515836, 429231, -506481, -515901, 376986, 520192, 102981, -519929, -490339, 449755, 518523, -210251, -520120, -102234, 520147, 341177, -518313, -476706, 495470, 514402, -402537, -519789, 136258, 450097, 63052, 363579, -185573, -520054, 52344, 520110, 368550, -474379, -513271, -282918, 492765, 520169, -113748, -520162, -385125, 514757, 511998, -411940, -519615, 204618, 520154, 100240, -518498, -454320, 447083, 519900, 42862, -520139, -478050, 460194, 519921, -40988, -519654, -274550, 509107, 401977, -332074, -355503, -32021, 44103, 253896, 326222, -241312, -518551, -5903, 516318, 326123, -391573, -447687, 72030, 430994, 241420, -288295, -435926, 6770, 419789, 244577, -270023, -344505, 94877, 346117, 93739, -251268, -195950, 91725, 144972, 37712, -47595, -91487, -58372, 64645, 141773, 15368, -124410, -76896, 29646, 84588, 55769, -36314, -96425, -51721, 88426, 118657, -27249, -120139, -43204, 81203, 78091, -25108, -66641, -35330, 33366, 68874, 6018, -60897, -35326, 41309, 30574, -29195, 6035, 22250, -48969, -38257, 66373, 80289, -47757, -112296, 504, 117047, 67410, -92005, -100135, 36487, 126874, 31250, -119402, -80373, 88431, 98460, -39266, -86853, -5028, 57892, 22189, -23024, -15357, -682, -1182, 1946, 23052, 18207, -32197, -43099, 13879, 63243, 20407, -69338, -49510, 54350, 67588, -22369, -69363, -4366, 53398, 19428, -20589, -25066, -7072, 21055, 23548, -9975, -29296, 7030, 25122, -12278, -14198, 17710, 9252, -23133, -12861, 27580, 18479, -22075, -22090, 9063, 25704, 5628, -24025, -16557, 12885, 23672, 789, -23835, -9236, 16098, 13352, -5964, -10040, 1101, 1041, 128, 8162, 2772, -9349, -10033, 6701, 16121, -799, -14342, -7974, 7191, 15865, 2657, -17640, -16737, 13905, 29795, -6333, -36383, -3396, 37521, 13512, -33996, -16810, 29133, 13939, -22428, -1789, 18930, -3535, -18969, 10230, 20521, -13262, -21577, 12729, 22119, -9353, -19245, 1863, 13730, 6974, -6452, -14297, -2272, 14547, 9213, -11611, -17239, 7420, 16200, -2776, -10874, 1074, 3710, -1960, 5731, 5209, -14087, -8437, 20197, 14299, -23495, -19977, 29260, 24301, -29722, -27302, 29771, 33299, -27722, -40234, 23875, 45206, -16088, -43954, 2728, 35686, 12559, -16189, -31692, -4928, 42915, 24633, -45355, -35667, 36078, 37680, -19167, -26811, -627, 7204, 18532, 14130, -26596, -34694, 30764, 43770, -27297, -39680, 27384, 23083, -29733, -475, 38176, -22182, -50631, 34354, 60212, -41043, -69091, 41756, 70790, -35482, -68299, 27662, 58183, -20558, -46413, 13533, 37117, -7789, -29877, 8475, 27888, -4277, -28836, -1980, 30546, 4828, -31368, -8010, 32046, 11605, -31852, -14976, 31471, 18505, -31021, -32182, 32390, 38452, -27885, -44584, 20809, 48543, -12391, -48001, 4625, 39660, 1729, -21968, -6911, -4768, 10596, 28679, -21185, -65606, 33251, 106608, -47102, -143651, 62888, 176763, -72770, -196545, 72152, 198867, -53809, -178129, 19369, 142418, 23683, -83900, -64530, 17379, 91351, 44213, -99327, -90301, 90305, 113173, -73011, -113597, 54878, 97468, -44232, -76700, 40018, 59283, -44403, -53080, 47357, 56323, -39158, -65940, 13115, 73319, 25834, -71852, -69266, 57580, 104098, -36047, -131485, 7414, 131763, 13671, -117769, -19269, 93891, 12156, -66600, 5394, 44668, -20987, -33068, 30486, 29767, -30849, -30954, 22750, 30929, -9978, -25984, -3051, 15044, 13807, 83, -18498, -14601, 16833, 24400, -13273, -27763
1791219472.587, MrmFullScanInfo, 834, 107, 2081981, 0, 0, 0, 0, 10000, 39297, 32, 2, 2, 1, 480, 0, 0, 0, 0, 0, 0, 168530, -228081, -312696, 478445, 362265, -534772, -380567, 347730, 435515, -30241, -507961, -257019, 506697, 433073, -370168, -523176, 132531, 580507, 111928, -567696, -280210, 391496, 323897, -45629, -237464, -340673, 66539, 614677, 98354, -727300, -185422, 714233, 187938, -643476, -144173, 574230, 111662, -540476, -130293, 543572, 201069, -531977, -297401, 419839, 401736, -178626, -496048, -113057, 525476, 347380, -426682, -490941, 203395, 577229, 59780, -631348, -266328, 632714, 375427, -543462, -365460, 350221, 214624, -89129, 43493, -133837, -305333, 192567, 443879, -47214, -386805, -202240, 152193, 373979, 157424, -335884, -427061, 107484, 589411, 170622, -601851, -380378, 445820, 503127, -165399, -546290, -140377, 470805, 385723, -248471, -523153, -57139, 515795, 334190, -350893, -514585, 94397, 566831, 124995, -463076, -203096, 217145, 116951, 71833, 76849, -255349, -286050, 239887, 425888, -54273, -436573, -183124, 298235, 349260, -53886, -373309, -199576, 252386, 365133, -45074, -392940, -160176, 294092, 289100, -127916, -308433, -27572, 229414, 112431, -99008, -109125, -21062, 41965, 84020, 40285, -78391, -88751, 27674, 80055, 26019, -26260, -45676, -38334, 20197, 79017, 31626, -77376, -77368, 39251, 92156, 10834, -69638, -46834, 22114, 55621, 27469, -40314, -59230, 16143, 66232, -1992, -54345, 8649, 37299, -31459, -30500, 54318, 42564, -59826, -69047, 39516, 94521, 2473, -101395, -53127, 80237, 97269, -35990, -121880, -14975, 118813, 54949, -89713, -73319, 47324, 68863, -9359, -48273, -10981, 23493, 10508, -6947, 3967, 5961, -19320, -20144, 23247, 42287, -11363, -61119, -11566, 66442, 36017, -55019, -52111, 31887, 53066, -5957, -38561, -14856, 15202, 26222, 7424, -28518, -21604, 25782, 24351, -22432, -18343, 21016, 10038, -21943, -5234, 23514, 6081, -22569, -11412, 16872, 18039, -6876, -21866, -4909, 20030, 15276, -12838, -21159, 3441, 20947, 4170, -15625, -6947, 8235, 4294, -2260, 1498, 295, -6830, -2810, 8891, 7540, -6429, -10847, -142, 9918, 8637, -3729, -15892, -6874, 19334, 19340, -17846, -30271, 12052, 37061, -4347, -38671, -1602, 35435, 2960, -28876, 468, 21559, -6620, -16065, 12888, 13602, -17301, -13598, 18484, 14456, -15657, -14572, 8908, 13013, 256, -9565, -9025, 4279, 14745, 2295, -16344, -8449, 14453, 11784, -10532, -10623, 6262, 5001, -3011, 3625, 1563, -13081, -2247, 21639, 4929, -28584, -8806, 33743, 12979, -36921, -17370, 38084, 22539, -37435, -28386, 34590, 33455, -28225, -35329, 16666, 31930, 543, -22885, -21070, 10012, 39658, 3563, -50145, -14628, 48561, 20476, -34858, -19459, 12982, 11514, 10858, 1392, -30597, -15240, 42515, 24747, -46111, -25249, 43662, 14912, -39024, 4088, 35845, -26355, -36292, 45909, 40350, -58584, -46112, 62889, 50791, -59543, -51933, 50733, 48661, -39204, -42086, 27811, 34646, -18874, -28678, 13129, 25607, -9655, -25678, 7156, 27952, -4912, -30870, 2526, 33242, 327, -34700, -4308, 35763, 10173, -37164, -17784, 38617, 25923, -38528, -33193, 35435, 38446, -29255, -39880, 20800, 34996, -10721, -22237, -1179, 2022, 15828, 24094, -34247, -54323, 56827, 86398, -82295, -116900, 107065, 141848, -125145, -157437, 129308, 161018, -113822, -151467, 77630, 128685, -25885, -93613, -31154, 49350, 81272, -1964, -114422, -40635, 126210, 71031, -118987, -84910, 100137, 82790, -78795, -69864, 62410, 53886, -53880, -42228, 50305, 39551, -44528, -46512, 29396, 59616, -2087, -72518, -34569, 78662, 73338, -74215, -105149, 60042, 122325, -41408, -121294, 25465, 103879, -17365, -76422, 17862, 47701, -23764, -25691, 30239, 14448, -33131, -12928, 30225, 16346, -21500, -18934, 8788, 16699, 4854, -8866, -16125, -2346
1791219472.602, MrmFullScanInfo, 834, 107, 2081981, 0, 0, 0, 0, 10000, 39297, 32, 4, 2, 1, 480, 0, 0, 0, 0, 0, 0, -163, 504, 250, -536, -368, -503, 751, 1576, -903, -1448, 175, 526, 982, -27, -1202, -111, 171, 419, 940, -876, -877, 967, -429, -432, 1903, -480, -2677, 1285, 2463, -1537, -1721, 1163, 883, -456, 113, -288, -1172, 1093, 1645, -1662, -1043, 1452, 64, -624, 330, -42, 405, -22, -2134, 798, 3599, -1643, -3542, 1640, 2253, -385, -1175, -1184, 1893, 89, -5009, 6064, 8015, -14728, -7085, 18801, 2002, -14301, 3350, 4907, -5495, 2893, 4320, -5680, -1706, 4442, -75, -1935, -442, 402, 2826, -501, -4832, 1692, 4395, -2541, -1828, 2090, -493, -739, 1083, -347, -688, 540, 567, -498, -1286, 988, 2522, -1957, -3404, 2627, 3177, -2257, -1931, 1394, 606, -1250, 13, 2157, 328, -3497, -1576, 4789, 3340, -5753, -4867, 5736, 5534, -4228, -5027, 1779, 3430, 318, -1220, -1297, -913, 1323, 2447, -1004, -3251, 770, 3383, -818, -2727, 1273, 1371, -1968, 77, 2519, -858, -2575, 713, 2153, 42, -1574, -798, 1133, 1093, -776, -873, 237, 425, 455, -117, -998, 144, 1081, -458, -657, 810, 32, -907, 414, 671, -472, -241, 247, -208, 19, 628, -118, -1014, 118, 1280, -161, -1252, 206, 920, -104, -490, -140, 202, 388, -118, -520, 163, 453, -193, -210, 80, 0, 186, -44, -488, 398, 761, -982, -1088, 1644, 1586, -2215, -2107, 2620, 2291, -2807, -1844, 2656, 905, -2025, -19, 990, -331, 101, 174, -932, 94, 1450, -178, -1771, 53, 2005, 232, -2187, -587, 2299, 781, -2261, -635, 2035, 253, -1683, 59, 1340, -152, -1106, 179, 956, -233, -841, 156, 806, 254, -913, -940, 1089, 1586, -1072, -1906, 632, 1887, 99, -1684, -653, 1377, 743, -903, -543, 338, 428, 77, -471, -189, 490, 135, -380, -65, 224, -29, -82, 101, -44, 13, 117, -319, -105, 592, 103, -703, -213, 802, 376, -1018, -465, 1217, 384, -1130, -188, 719, -1, -182, 177, -266, -364, 568, 528, -726, -532, 762, 443, -708, -406, 569, 529, -338, -761, 101, 930, 30, -908, -69, 760, 110, -673, -136, 647, 144, -598, -128, 405, 117, -33, -169, -397, 314, 715, -455, -894, 463, 1053, -404, -1108, 299, 999, -162, -709, 118, 307, -265, 110, 505, -385, -677, 459, 748, -445, -704, 353, 605, -191, -459, 39, 195, 27, 199, 1, -577, -67, 793, 72, -816, 109, 610, -459, -219, 790, -248, -922, 667, 876, -884, -796, 831, 775, -586, -772, 355, 732, -230, -580, 160, 252, -41, 166, -164, -444, 383, 470, -483, -378, 469, 347, -478, -382, 622, 376, -763, -220, 714, -23, -439, 190, 130, -170, 39, 70, -104, -30, 184, -46, -200, 216, -66, -336, 560, 264, -905, -95, 846, 29, -483, -170, 138, 509, -50, -793, 156, 819, -182, -585, -14, 254, 335, 16, -563, -120, 542, 79, -337, -31, 138, -1, -37, 64, 2, -131, 98, 70, -399, 287, 884, -923, -1226, 1572, 1204, -1939, -986, 2047, 869, -2035, -893, 1870, 886, -1400, -710, 706, 322, -93, 205, -203, -676, 205, 911, -136
1791219472.711, MrmFullScanInfo, 835, 107, 2082106, 0, 0, 0, 0, 10000, 39297, 32, 1, 2, 1, 480, -423668, 492981, 424668, -477224, -452232, 444398, 505451, -368913, -520101, 108179, 520174, 343476, -493541, -499250, 368210, 517239, -110008, -520190, -182470, 519231, 323996, -512073, -475567, 481791, 520112, 512984, -146831, -520180, -417365, 495042, 361199, -500299, -440631, 504517, 283751, -517896, -280135, 517879, 214058, -517603, -286180, 516364, 428494, -508522, -515468, 377337, 520192, 102092, -519920, -489469, 448417, 518988, -207264, -520076, -116718, 519890, 351362, -517804, -477695, 495501, 513979, -403278, -519704, 153006, 467670, 28453, 334972, -161843, -520027, 39227, 520043, 362559, -477800, -513452, -266833, 488827, 520192, -100688, -520186, -388864, 512997, 510992, -404383, -519731, 198472, 520096, 100313, -518974, -457011, 446654, 519834, 34022, -520159, -476100, 463833, 519909, -39204, -519705, -282140, 510007, 404758, -339709, -362245, -27303, 35367, 240578, 330428, -226193, -518512, -21558, 516486, 328219, -394685, -455979, 66781, 438214, 245638, -297793, -446356, 9436, 424355, 243969, -268856, -339308, 90363, 335834, 91806, -243674, -200201, 89789, 150102, 42431, -52954, -93312, -52512, 66010, 138111, 19395, -118945, -83855, 20771, 90702, 62947, -40983, -99483, -46057, 91311, 114186, -28244, -118575, -44601, 79185, 80621, -24053, -69821, -37421, 35253, 71491, 6287, -61733, -34920, 39980, 29658, -27543, 6189, 21589, -48487, -36804, 66534, 77823, -47244, -111089, 1920, 115465, 66193, -91431, -100255, 35634, 127455, 30810, -118950, -81444, 87320, 98664, -38415, -86070, -5963, 56755, 22556, -22698, -15892, -1608, -728, 2772, 23164, 18113, -31895, -43469, 14380, 63551, 19752, -70099, -48041, 54827, 67113, -22432, -68044, -5117, 49859, 20061, -17204, -26113, -10407, 21125, 24750, -10335, -28732, 7252, 23755, -11750, -12492, 18085, 7212, -23213, -10948, 27604, 16228, -22228, -20332, 8575, 24531, 6739, -22020, -17586, 12530, 24843, 554, -24327, -7942, 17670, 13210, -7997, -11121, 2602, 1945, -513, 7130, 2600, -8146, -8989, 6020, 14773, -684, -13831, -8043, 6777, 15340, 4331, -16446, -17555, 12365, 30196, -5393, -36153, -4217, 36458, 12529, -33649, -16674, 27837, 13186, -21467, -2353, 18430, -3190, -18231, 10030, 20009, -13289, -20966, 12756, 21566, -9065, -19196, 2648, 12808, 5459, -6019, -13693, -1396, 14447, 10080, -11580, -15240, 7667, 15284, -3802, -10846, 1483, 3086, -2741, 5593, 6028, -14147, -10534, 19523, 15263, -23673, -21007, 28265, 25185, -29834, -27796, 28785, 33518, -26583, -40568, 22272, 44678, -15410, -43716, 2164, 34035, 14028, -16170, -31366, -5861, 43502, 26420, -44372, -36670, 35458, 37817, -18491, -26863, -543, 7334, 18067, 15794, -27650, -34190, 28266, 44357, -28060, -40759, 27225, 23375, -29920, -133, 38212, -22233, -50783, 34507, 62115, -42854, -68936, 42395, 72348, -36531, -67917, 27133, 58967, -20063, -45802, 13005, 35830, -7092, -28768, 7985, 25917, -3271, -27032, -813, 29825, 4635, -30411, -8667, 30268, 11623, -31404, -14593, 31983, 18020, -31238, -31336, 33715, 38117, -29425, -44316, 21901, 48490, -13582, -48424, 5714, 39108, 1755, -20521, -5670, -5634, 10342, 30051, -20578, -67699, 31811, 107812, -46351, -144791, 63431, 177874, -71917, -198159, 72338, 199776, -53384, -180385, 19795, 141988, 23782, -84154, -64758, 17774, 90998, 43242, -99056, -89677, 89587, 111599, -72787, -113822, 55173, 97466, -44515, -76582, 39987, 59861, -44832, -52639, 48131, 55808, -38779, -65404, 12331, 72230, 25209, -69615, -69306, 55705, 104136, -33406, -131616, 3738, 132514, 15147, -119031, -22134, 95157, 16311, -68325, 1894, 46515, -18024, -34118, 28923, 29526, -30433, -31138, 22281, 30642, -9346, -24881, -3825, 12959, 13977, 2658, -16680, -15173, 15855, 24720, -12462, -26516
1791219472.711, MrmFullScanInfo, 835, 107, 2082106, 0, 0, 0, 0, 10000, 39297, 32, 2, 2, 1, 480, 0, 0, 0, 0, 0, 0, 169090, -228323, -313670, 478640, 363282, -534101, -381482, 345768, 436118, -27667, -507892, -259096, 505669, 434256, -368458, -523659, 130867, 580621, 112899, -567596, -280364, 391239, 323648, -45355, -237534, -340576, 67701, 613739, 96314, -725606, -183628, 712599, 187493, -642782, -145356, 574818, 113858, -542179, -132312, 545702, 201846, -533666, -297001, 420733, 400870, -178912, -495049, -113114, 523426, 347939, -421939, -492547, 195795, 580051, 67771, -634517, -271601, 635830, 377857, -549551, -368367, 364694, 219946, -113619, 38329, -106336, -304085, 172936, 447188, -41051, -392162, -196863, 156634, 362860, 155893, -324968, -427812, 100666, 589219, 173058, -598632, -380839, 440674, 503661, -160922, -547692, -142585, 473296, 385776, -251716, -522093, -54149, 514313, 332607, -348771, -515313, 91289, 570423, 127837, -469460, -203182, 225675, 112891, 61731, 83975, -244462, -293691, 229694, 431779, -45867, -439344, -190396, 297482, 356870, -50331, -381308, -204139, 259533, 368434, -50650, -393419, -155389, 291675, 284194, -123433, -303667, -33240, 225780, 118642, -97045, -115227, -21267, 47424, 82156, 35587, -74048, -84463, 20982, 75940, 34034, -22669, -53587, -40801, 26801, 80070, 27001, -77076, -74813, 37765, 91179, 13212, -69356, -49544, 21726, 57990, 28198, -41925, -59827, 16949, 66116, -2103, -53449, 8223, 35941, -30714, -28949, 53550, 40934, -59369, -67430, 39537, 93018, 2180, -100190, -52929, 79504, 97209, -35640, -121690, -15192, 118295, 55106, -88904, -73276, 46379, 68548, -8435, -47748, -11765, 22882, 11098, -6423, 3625, 5702, -19314, -20208, 23682, 42561, -12244, -61396, -10408, 66504, 34679, -54667, -50433, 30952, 50834, -4440, -35943, -16654, 12838, 27794, 8816, -29380, -21689, 25756, 23330, -21738, -16674, 20087, 8085, -21114, -3193, 22840, 4110, -21895, -9662, 15992, 16652, -5701, -20989, -6228, 19830, 16463, -13332, -22128, 4292, 21919, 3471, -16852, -6748, 9638, 4647, -3431, 702, 820, -5764, -2584, 7796, 6818, -5588, -9938, -497, 8907, 8419, -2571, -15197, -8069, 18380, 20242, -16930, -30584, 11435, 36687, -4130, -37730, -1570, 34221, 2989, -27741, 197, 20752, -6175, -15578, 12472, 13242, -17011, -13221, 18322, 14023, -15707, -14044, 9292, 12397, -399, -8972, -8361, 3961, 14300, 2086, -16167, -7690, 14490, 10738, -10758, -9678, 6690, 4354, -3714, 3980, 2627, -13277, -3601, 21785, 6332, -28682, -10023, 33722, 13915, -36672, -18055, 37492, 23059, -36475, -28792, 33447, 33640, -27078, -35166, 15595, 31475, 1489, -22234, -21759, 9144, 39987, 4661, -50127, -15742, 48288, 21316, -34530, -19794, 12705, 11305, 11019, 1955, -30564, -15943, 42294, 25495, -45914, -25926, 43694, 15298, -39199, 4080, 36103, -26720, -36664, 46675, 40832, -59725, -46559, 64123, 51095, -60421, -52131, 50977, 48746, -38824, -41942, 27007, 34097, -17818, -27671, 12012, 24270, -8750, -24247, 6631, 26588, -4647, -29634, 2278, 32256, 559, -34146, -4284, 35725, 9722, -37588, -16977, 39409, 24987, -39576, -32382, 36602, 37881, -30374, -39428, 21707, 34387, -11301, -21304, -914, 754, 15721, 25639, -34118, -56045, 56639, 88104, -82164, -118414, 107087, 143147, -125291, -158665, 129546, 162239, -114174, -152505, 78007, 129331, -26132, -93934, -31050, 49654, 81102, -2473, -113983, -39957, 125552, 70417, -118406, -84542, 99910, 82682, -78949, -69882, 62809, 53855, -54339, -41989, 50562, 39066, -44401, -45793, 28957, 58560, -1526, -70977, -35197, 76568, 74149, -71716, -106302, 57471, 123877, -38987, -123195, 23071, 106115, -14790, -78964, 15259, 50237, -21566, -27672, 28738, 15484, -32257, -13037, 29634, 15762, -20852, -17807, 8062, 15150, 5364, -7153, -16115, -3775
1791219472.711, MrmFullScanInfo, 835, 107, 2082106, 0, 0, 0, 0, 10000, 39297, 32, 4, 2, 1, 480, 0, 0, 0, 0, 0, 0, 509, -52, -890, 25, 871, 412, -595, -1315, 219, 2050, 156, -1955, -651, 1239, 1239, -551, -1582, 279, 1325, -253, -471, 152, -510, 93, 854, -140, -63, -352, -1000, 1047, 1166, -1204, -205, 583, -1032, 419, 1657, -1253, -1316, 1506, 323, -1235, 476, 882, -827, -601, 1285, 185, -2988, 743, 6167, -2219, -8909, 3459, 8773, -3278, -5682, 2481, 3177, -5542, -4871, 15788, 8462, -28755, -8018, 33426, 2207, -24382, 4475, 7932, -7524, 6192, 6310, -12786, -2461, 12013, -522, -7011, -515, 2243, 4297, -512, -6866, 1171, 6000, -2344, -2816, 3091, -94, -3148, 1343, 2457, -1683, -1108, 2506, -1057, -4041, 4025, 4463, -7076, -2114, 9288, -2212, -10492, 5950, 10805, -7168, -10082, 5822, 8819, -2713, -8434, -1211, 9478, 4732, -10378, -6469, 9556, 5625, -7326, -2714, 5461, -779, -4681, 3788, 4159, -5961, -3075, 7260, 1611, -7544, -43, 6938, -1944, -5837, 4536, 4793, -7150, -3970, 8744, 3103, -8755, -2044, 7397, 959, -5300, 60, 3128, -1094, -1413, 2037, 448, -2517, -211, 2295, 298, -1551, -127, 662, -411, 143, 930, -714, -1188, 961, 1320, -859, -1446, 434, 1506, 157, -1417, -560, 1141, 578, -738, -446, 435, 464, -305, -650, 165, 867, 136, -1005, -468, 1025, 657, -906, -650, 665, 489, -300, -250, -168, 80, 727, -115, -1292, 380, 1743, -804, -2115, 1356, 2537, -2014, -2932, 2572, 2951, -2642, -2344, 2033, 1243, -910, -20, -286, -958, 1148, 1564, -1512, -1892, 1520, 2088, -1454, -2150, 1516, 1998, -1716, -1570, 1931, 905, -1946, -102, 1696, -620, -1403, 975, 1364, -828, -1584, 288, 1745, 434, -1546, -1152, 965, 1675, -214, -1812, -442, 1534, 906, -973, -1209, 312, 1367, 316, -1303, -772, 965, 882, -414, -614, -235, 194, 818, 63, -1128, -17, 1087, -208, -800, 439, 512, -541, -386, 525, 404, -426, -505, 230, 672, 32, -802, -220, 747, 247, -387, -171, -220, 99, 844, -48, -1201, -26, 1143, 171, -813, -438, 461, 820, -282, -1153, 293, 1277, -353, -1169, 317, 937, -99, -705, -280, 566, 659, -471, -840, 257, 867, 96, -887, -395, 930, 576, -854, -747, 615, 936, -322, -966, 115, 729, -71, -271, 72, -212, -71, 545, 116, -746, -154, 898, 38, -910, 211, 658, -342, -262, 383, -150, -425, 602, 473, -1061, -421, 1285, 309, -1063, -242, 518, 132, 77, 180, -550, -740, 930, 1337, -1154, -1704, 1097, 1755, -802, -1633, 527, 1489, -423, -1244, 328, 813, -30, -253, -413, -329, 803, 866, -992, -1237, 934, 1363, -715, -1263, 590, 1024, -751, -703, 1138, 384, -1530, -162, 1787, 86, -1855, -71, 1721, 18, -1465, 88, 1226, -174, -1119, 213, 1103, -240, -1033, 206, 859, -97, -696, 20, 670, -121, -725, 347, 745, -437, -645, 246, 455, 121, -222, -407, 24, 519, 58, -471, 48, 229, -284, 141, 572, -435, -949, 539, 1438, -564, -1981, 705, 2419, -1063, -2605, 1604, 2639, -2203, -2741, 2790, 2916, -3231, -2869, 3263, 2445, -2709, -1794, 1728, 1201, -655, -870, -276, 786, 1042, -670, -1574, 287, 1735, 305, -1424
1791219472.836, MrmFullScanInfo, 836, 107, 2082231, 0, 0, 0, 0, 10000, 39297, 32, 1, 2, 1, 480, -425869, 491175, 422726, -479842, -456123, 443035, 504068, -370131, -520047, 112732, 520135, 340335, -495611, -500238, 368402, 516901, -108009, -520184, -176864, 519458, 329940, -511311, -473646, 482296, 520159, 513331, -150433, -519920, -417358, 496951, 363576, -501406, -439026, 503872, 279780, -517963, -282060, 518226, 210492, -516615, -282996, 515091, 427925, -507353, -516334, 382635, 520192, 101981, -519877, -493454, 445448, 519046, -195569, -520087, -120774, 520163, 358096, -517807, -480466, 494303, 515072, -405949, -519730, 172216, 490374, -22552, 289359, -119673, -520057, 26792, 520145, 351709, -486697, -513576, -239580, 482935, 520192, -88163, -520071, -403409, 512904, 513917, -398733, -519854, 193059, 520185, 100799, -518827, -453093, 452360, 519975, 25801, -520175, -477260, 462734, 519839, -31526, -519875, -277012, 509402, 408138, -348007, -366561, -17603, 42149, 238532, 330360, -230519, -518564, -15211, 517222, 341849, -389138, -463018, 61468, 442555, 259148, -301900, -458742, 11117, 441114, 245905, -280148, -342215, 99925, 338123, 94090, -243801, -202965, 82061, 153394, 46180, -57851, -94548, -45525, 64603, 131692, 19870, -117428, -88756, 20973, 99462, 65106, -51911, -103951, -39137, 95669, 109709, -29804, -115884, -45363, 75977, 80923, -21688, -70279, -36864, 36131, 69796, 5031, -60100, -36159, 38271, 31133, -24801, 3892, 18325, -46409, -33368, 64928, 74957, -47372, -108455, 1776, 113785, 66092, -89982, -100193, 34759, 126986, 30728, -118684, -81385, 86329, 98226, -36480, -84697, -7067, 55520, 24018, -20831, -17415, -3034, 751, 4358, 21707, 16573, -31398, -42781, 14995, 63507, 18046, -70716, -45982, 55911, 63364, -24846, -64181, -1628, 46027, 17488, -14169, -23734, -12503, 20094, 26269, -10091, -28882, 6745, 23386, -11698, -11890, 18071, 6178, -23441, -9278, 28351, 14854, -23068, -18072, 9036, 21754, 6106, -19929, -17649, 10139, 25638, 2101, -26641, -9178, 19163, 14247, -9101, -11018, 3301, 2012, -739, 7740, 2046, -9529, -8172, 6762, 13519, -2171, -12180, -5320, 4653, 13240, 4919, -15095, -17566, 11271, 29938, -5374, -35957, -4294, 36384, 13063, -33057, -16253, 27749, 13253, -21239, -1593, 18004, -4069, -17801, 10605, 18921, -13929, -20022, 12971, 20572, -10099, -17769, 3362, 12607, 4733, -5234, -12965, -2195, 13885, 10945, -10880, -15982, 6363, 15473, -4254, -9907, 2063, 2747, -2302, 6521, 7271, -14792, -10657, 19757, 16429, -23582, -21053, 27427, 24712, -29221, -27797, 28996, 33304, -26991, -40035, 23468, 44025, -15245, -44084, 2639, 34927, 13985, -16564, -31248, -5905, 43382, 25551, -45477, -37260, 36360, 38632, -19150, -27713, -178, 7660, 16838, 16243, -26081, -35176, 28389, 45684, -26066, -41094, 25640, 25081, -28989, -1160, 37606, -21437, -50926, 34538, 61169, -41954, -69095, 41840, 72189, -35331, -68162, 27834, 58129, -20603, -46111, 13102, 35664, -7935, -28251, 7998, 25759, -3980, -25735, -349, 28039, 3600, -28930, -7387, 29929, 10318, -30912, -13978, 32030, 18064, -31721, -32001, 34060, 38411, -29713, -45196, 22579, 48841, -13773, -47079, 6419, 39102, 1345, -21255, -5525, -5832, 9948, 29756, -20260, -66876, 32205, 107582, -46674, -144243, 63313, 175649, -73848, -196818, 71284, 199820, -53272, -179254, 19923, 142476, 22772, -84510, -64704, 18490, 90727, 43182, -99322, -88549, 90545, 112921, -71747, -113717, 54805, 98637, -44480, -77082, 39904, 60031, -44088, -53135, 47149, 56409, -38158, -65316, 12212, 71668, 24796, -68456, -67962, 53876, 103975, -30913, -130928, 2223, 131756, 19345, -119722, -25850, 96214, 19364, -70730, -4317, 49640, -12880, -37043, 24397, 31566, -26280, -31285, 19681, 29992, -7732, -23476, -3800, 12408, 12846, 2359, -15460, -15543, 15382, 24100, -13441, -26449
1791219472.852, MrmFullScanInfo, 836, 107, 2082231, 0, 0, 0, 0, 10000, 39297, 32, 2, 2, 1, 480, 0, 0, 0, 0, 0, 0, 169395, -228553, -314176, 479422, 363553, -535718, -381193, 348105, 435522, -29962, -507373, -257657, 505662, 433790, -368961, -523653, 131388, 580683, 112849, -567691, -280928, 391439, 324632, -45600, -238629, -340570, 68457, 614229, 95763, -726334, -182780, 712949, 186236, -642486, -143848, 573959, 112158, -540804, -130718, 544363, 200896, -533393, -296652, 421636, 400486, -179753, -493637, -113654, 520124, 350085, -416677, -495636, 189674, 583073, 73210, -636729, -275364, 638243, 380663, -557328, -373633, 385806, 229003, -150257, 29979, -65241, -302189, 144574, 452771, -33896, -401425, -187040, 164933, 345556, 152154, -308227, -428889, 89131, 591428, 178544, -598377, -382325, 437843, 504106, -158204, -549198, -142937, 476314, 383688, -255115, -518655, -52078, 510890, 332489, -346480, -516700, 90313, 573425, 128397, -474666, -204153, 232142, 114075, 57071, 82858, -243128, -292349, 229292, 429941, -42825, -436796, -196996, 293310, 365253, -43162, -389490, -214796, 266188, 381403, -55099, -406007, -153211, 300663, 283530, -126844, -303234, -35263, 224765, 124368, -95958, -122585, -21211, 54457, 80319, 30573, -70448, -82374, 15619, 76318, 41220, -23973, -62014, -40003, 35090, 80136, 20255, -77431, -70207, 37744, 88565, 13779, -68408, -50399, 22203, 58656, 26683, -41886, -57868, 15878, 64157, -19, -51546, 5459, 33936, -27801, -26750, 51071, 38595, -57680, -65125, 38621, 90983, 2562, -98650, -52976, 78577, 96980, -35285, -121094, -15130, 117227, 54780, -87391, -72727, 44582, 67763, -6510, -46769, -13736, 21811, 13000, -5387, 2039, 4821, -18430, -19571, 23851, 42196, -13627, -61328, -7826, 66849, 31038, -55528, -46052, 32241, 46281, -5847, -31888, -15496, 9829, 27066, 10516, -28997, -22171, 25485, 22952, -21439, -15806, 19806, 6917, -20966, -1735, 22865, 2277, -21978, -7435, 15927, 14175, -5301, -18571, -7131, 17822, 17954, -11980, -24033, 3650, 23808, 3559, -18287, -6516, 10392, 4239, -3465, 1237, 189, -6407, -1391, 8589, 5148, -6639, -7893, 822, 6789, 7014, -873, -13947, -8994, 17437, 20425, -16312, -30307, 11073, 36253, -3940, -37328, -1592, 33887, 2786, -27393, 634, 20239, -6742, -14797, 12969, 12221, -17324, -12057, 18518, 12829, -15934, -12919, 9646, 11396, -867, -8057, -7859, 3046, 13808, 3004, -15707, -8449, 14157, 11074, -10612, -9435, 6694, 3635, -3792, 4894, 2811, -14114, -3950, 22321, 6769, -28773, -10402, 33395, 14131, -36190, -18072, 37240, 22804, -36620, -28263, 33831, 33093, -27477, -34968, 15944, 31718, 1144, -22713, -21500, 9608, 40015, 4366, -50595, -15709, 49140, 21553, -35570, -20120, 13806, 11382, 9973, 2428, -29710, -16955, 41616, 26820, -45218, -27399, 42907, 16825, -38539, 2709, 35728, -25739, -36493, 46065, 40726, -59225, -46530, 63581, 51173, -59996, -52194, 50872, 48647, -39061, -41650, 27415, 33681, -18234, -27147, 12358, 23538, -9026, -23146, 6895, 25133, -5004, -28107, 2831, 30990, -135, -33354, -3687, 35488, 9446, -37860, -17067, 40023, 25334, -40324, -32719, 37307, 37913, -30899, -39126, 22017, 34031, -11510, -21155, -662, 849, 15400, 25365, -33832, -55631, 56492, 87487, -82214, -117431, 107238, 141804, -125307, -157303, 129295, 161296, -113851, -152132, 77976, 129394, -26512, -94219, -30471, 50021, 80683, -2844, -113881, -39696, 125630, 70455, -118450, -85002, 99890, 83426, -78936, -70646, 62715, 54493, -54008, -42552, 50021, 39553, -43884, -45992, 28725, 58159, -1629, -69767, -34968, 74642, 74053, -69318, -106498, 54712, 124529, -35911, -124579, 19742, 108471, -11237, -82353, 11495, 54427, -17769, -31974, 25202, 18979, -29150, -15049, 27068, 16211, -19031, -17199, 7232, 14163, 5167, -6281, -15323, -4291
1791219472.852, MrmFullScanInfo, 836, 107, 2082231, 0, 0, 0, 0, 10000, 39297, 32, 4, 2, 1, 480, 0, 0, 0, 0, 0, 0, 527, -299, -885, 863, 637, -1460, 19, 1730, -470, -1374, 598, 599, -376, 60, 123, -233, -160, 167, 427, -154, -673, 208, 760, -176, -819, -34, 865, 277, -1098, -202, 1431, -229, -1410, 584, 1109, -693, -986, 817, 983, -631, -767, -336, 548, 1342, -751, -1126, 1921, -437, -4373, 2386, 7492, -3872, -9435, 4296, 8785, -3482, -5962, 3442, 3980, -9917, -6931, 26893, 11974, -47000, -11152, 53083, 2691, -37103, 7155, 10009, -11968, 12059, 10627, -21962, -4696, 21154, -1221, -14127, 2018, 6311, 1754, -1639, -5197, 796, 4772, -2265, -1331, 4079, -2086, -4538, 3884, 2998, -4049, -537, 3297, -1810, -2591, 4567, 2277, -7918, -1664, 10007, 115, -8688, 1398, 5523, -1576, -4302, 490, 6388, 1449, -9736, -4558, 11886, 8842, -11995, -12920, 10132, 14856, -7100, -13360, 4216, 8486, -2518, -1855, 2160, -4329, -2331, 8483, 1808, -10195, -19, 9617, -2556, -7181, 5326, 3908, -8085, -1200, 10503, -12, -11743, -72, 11098, 459, -8767, -284, 5800, -534, -3143, 1449, 1115, -1894, 371, 1586, -1340, -580, 1843, -781, -2078, 2085, 2270, -2980, -2503, 3240, 2756, -2797, -2931, 1874, 2898, -897, -2579, 226, 1973, 101, -1202, -323, 516, 715, -58, -1285, -246, 1840, 578, -2192, -939, 2331, 1211, -2330, -1313, 2175, 1224, -1728, -972, 854, 643, 407, -353, -1822, 124, 3161, 161, -4331, -490, 5236, 672, -5603, -552, 5180, 230, -3948, 27, 2223, 2, -506, -310, -761, 648, 1502, -758, -1926, 616, 2276, -407, -2649, 368, 2970, -598, -3056, 1033, 2755, -1566, -2045, 2081, 1111, -2397, -263, 2378, -227, -2018, 339, 1401, -252, -591, 132, -314, -69, 1170, 190, -1881, -566, 2398, 1047, -2552, -1368, 2179, 1425, -1380, -1258, 510, 948, 163, -575, -567, 239, 753, 24, -796, -223, 786, 359, -828, -397, 978, 298, -1168, -132, 1320, 65, -1384, -185, 1376, 437, -1299, -640, 1194, 679, -1058, -612, 826, 516, -427, -337, -123, 98, 666, 121, -1001, -305, 1054, 562, -904, -848, 603, 969, -172, -849, -262, 583, 497, -288, -403, -36, 148, 347, 26, -448, -33, 237, -17, 90, 23, -252, -55, 159, 228, 103, -539, -388, 834, 570, -1002, -472, 1071, 19, -1030, 667, 884, -1278, -754, 1642, 745, -1790, -738, 1744, 553, -1431, -244, 878, 17, -334, 74, 63, -135, -47, 200, 51, -159, 37, -42, -146, 352, 154, -684, -44, 1015, -82, -1358, 106, 1744, 12, -2047, -210, 2064, 430, -1710, -592, 1070, 603, -300, -456, -423, 238, 959, -39, -1225, 8, 1226, -214, -1005, 499, 693, -618, -460, 557, 377, -456, -366, 374, 314, -270, -177, 31, -41, 422, 187, -867, -85, 921, -161, -506, 214, -23, 71, 372, -434, -516, 589, 592, -457, -633, 237, 542, -115, -201, 95, -297, -18, 667, -110, -749, 88, 638, 158, -507, -460, 340, 585, 47, -415, -776, 111, 1763, 17, -2686, 165, 3327, -592, -3747, 1249, 4052, -2190, -4327, 3363, 4627, -4555, -4839, 5365, 4718, -5260, -4205, 4076, 3546, -2196, -2881, 307, 2118, 1016, -1099, -1586, -57, 1531, 871, -1050
Timestamp, MrmDetectionListInfo, MessageId, NumDetections, DetIndex, DetMagnitude, DetIndex, DetMagnitude,...
1791219472.852, MrmDetectionListInfo, 836, 2, 80, 11461, 81, 14079
1791219472.961, MrmFullScanInfo, 837, 107, 2082356, 0, 0, 0, 0, 10000, 39297, 32, 1, 2, 1, 480, -425165, 492411, 422420, -479208, -452723, 444102, 506190, -367616, -519815, 106683, 520164, 338256, -496658, -496589, 368470, 516877, -110716, -520183, -182016, 519392, 323092, -512119, -477841, 482047, 520053, 512382, -169913, -519955, -412298, 498719, 362982, -502398, -437503, 504926, 286691, -517832, -287077, 518067, 225021, -518330, -297967, 517252, 434636, -506414, -517033, 369494, 520192, 125855, -519863, -498268, 434596, 519697, -164979, -520062, -165710, 519620, 388024, -516130, -486352, 486955, 514808, -394411, -519701, 207013, 509318, -134688, 153281, 17080, -518093, -37640, 519802, 332259, -495093, -503826, -177681, 430772, 520159, -16215, -520033, -440129, 507807, 516300, -366080, -519802, 163147, 520192, 122361, -518377, -451520, 450711, 519814, 6274, -520155, -471515, 464845, 519645, -37704, -519772, -275361, 510587, 395355, -375480, -345909, 29717, 24328, 186812, 332473, -183538, -518528, -45643, 514093, 358996, -371157, -466120, 33885, 439722, 281581, -291523, -471810, 835, 454349, 256156, -285367, -337889, 103511, 321849, 86076, -221330, -192338, 57967, 144425, 64458, -49582, -99505, -42316, 59741, 119019, 30747, -97361, -104744, -4577, 115951, 91091, -62912, -124896, -31869, 109666, 105598, -35763, -112823, -48313, 71515, 88049, -13755, -75600, -45013, 39957, 76020, 6809, -61965, -40716, 35002, 36546, -19135, -2614, 9522, -41819, -22413, 62971, 65591, -48120, -100966, 5470, 108920, 63007, -87700, -97395, 34947, 125751, 30957, -117438, -81658, 84980, 96463, -34872, -83654, -9153, 52932, 25417, -17998, -18727, -5941, 1815, 7188, 21006, 13645, -31272, -40801, 16198, 62188, 16899, -69987, -43867, 56341, 61271, -25881, -61349, -852, 43486, 15764, -11794, -21315, -14013, 17771, 26822, -7227, -29046, 5636, 22565, -11893, -11719, 19781, 5643, -26106, -8572, 31665, 14459, -26527, -18564, 12403, 22687, 3647, -20982, -16511, 11099, 25769, 882, -28105, -8741, 21939, 14378, -12118, -11053, 6137, 1548, -3777, 8213, 5212, -10855, -10219, 9444, 15987, -3878, -14089, -4197, 7060, 11084, 3678, -13589, -15590, 10793, 28290, -5376, -34068, -3544, 34762, 12296, -32441, -15695, 27081, 12735, -19385, -1875, 15446, -4063, -16233, 11768, 17332, -15592, -19060, 15437, 20816, -11407, -18589, 5376, 13595, 4653, -6540, -12944, -1636, 13561, 10522, -11168, -16864, 7292, 16857, -2687, -10747, 459, 3088, -2112, 5994, 6099, -14637, -10743, 19402, 16162, -23088, -21479, 26327, 24926, -28843, -28735, 28041, 33120, -27021, -39947, 24052, 44494, -16728, -43617, 4114, 33289, 12158, -14473, -29751, -6939, 44330, 27257, -46523, -37858, 37835, 39350, -21717, -28587, 2606, 7776, 14739, 16541, -23912, -36093, 26004, 46394, -25187, -42451, 24208, 25909, -27155, -2424, 36721, -21733, -49882, 35337, 61376, -43834, -69658, 43170, 72792, -36816, -68457, 29223, 58455, -21037, -45510, 13533, 34987, -8176, -27003, 8149, 23858, -3585, -24426, -474, 25536, 4359, -27315, -8140, 28435, 10900, -29934, -14205, 31320, 18233, -32883, -31698, 35019, 37008, -31648, -44488, 24075, 47867, -15780, -47327, 7220, 38595, -270, -20058, -5319, -7468, 9954, 31856, -19835, -69864, 29698, 108798, -45767, -146241, 60282, 178617, -71016, -197402, 70005, 200228, -52105, -180216, 19366, 142694, 23280, -83662, -63251, 19934, 89222, 41105, -98093, -87145, 89902, 111373, -72161, -113347, 55878, 99348, -45617, -78645, 39687, 63152, -44224, -55714, 47589, 57706, -39541, -65437, 13654, 70101, 24835, -66284, -67001, 50179, 102118, -25804, -130639, -6515, 134016, 29113, -120871, -38349, 99381, 35008, -73625, -20355, 52308, 2698, -39071, 10083, 31554, -17934, -29540, 12155, 26054, -4399, -19124, -4576, 7699, 10904, 6747, -12009, -20278, 9831, 27868, -6379, -30374
1791219472.961, MrmFullScanInfo, 837, 107, 2082356, 0, 0, 0, 0, 10000, 39297, 32, 2, 2, 1, 480, 0, 0, 0, 0, 0, 0, 168993, -228389, -313526, 478528, 363318, -533888, -381864, 346255, 436744, -29476, -508414, -256508, 505876, 432159, -368564, -522710, 131098, 580606, 112714, -568068, -281814, 392282, 328798, -47462, -245959, -337732, 76111, 611694, 91100, -725507, -182369, 714165, 190004, -645325, -151527, 578135, 122754, -546063, -141685, 548846, 209250, -532926, -301835, 413438, 403906, -166327, -494105, -126736, 511835, 360341, -394850, -505167, 158074, 593213, 103282, -644243, -294470, 640879, 388551, -565075, -381881, 422763, 246500, -233421, 11580, 45578, -298917, 53180, 468853, 1178, -424148, -162263, 178671, 283320, 155920, -240403, -444072, 41214, 599775, 200287, -586873, -388497, 410633, 507197, -130929, -554309, -157928, 482972, 384906, -261495, -512857, -47417, 505873, 329964, -346665, -516808, 97232, 579557, 113477, -491863, -180984, 262422, 86123, 17553, 109192, -202301, -310578, 195141, 435116, -19528, -426989, -209951, 271803, 370479, -17344, -389135, -237853, 262418, 397984, -51845, -415541, -150891, 304487, 272166, -127226, -283338, -36179, 201071, 125482, -75563, -124220, -31947, 58079, 78342, 23242, -56640, -70517, -6130, 60619, 65519, -6532, -83711, -56317, 50932, 92451, 10908, -83616, -65814, 37258, 86483, 19469, -66237, -58245, 18916, 65198, 30475, -44543, -60695, 13722, 64677, 6149, -49059, -2834, 28484, -19571, -19068, 44798, 29963, -54445, -56955, 38402, 84451, 731, -94429, -50371, 76592, 94532, -34901, -119138, -14624, 115568, 53820, -85665, -71471, 42601, 66193, -4330, -44828, -15934, 19550, 15009, -2959, 471, 2440, -17570, -17446, 23885, 40495, -14569, -60178, -6079, 66283, 28637, -55450, -43229, 32564, 43340, -6608, -29157, -14185, 7572, 25261, 12114, -27072, -23021, 24063, 23044, -21106, -15187, 20801, 5701, -23127, -164, 25790, 762, -25237, -6381, 19105, 13779, -7953, -18822, -5440, 18605, 17533, -13104, -24970, 4895, 25913, 2326, -21123, -5286, 13469, 2904, -6392, 2873, 2700, -8499, -3336, 11024, 6614, -9119, -9134, 3150, 7984, 4894, -2074, -12161, -7721, 16192, 18959, -15699, -28657, 10993, 34621, -4192, -35895, -1262, 32543, 2664, -25887, 410, 18510, -6408, -12997, 13041, 10542, -18144, -10702, 20039, 12013, -17798, -12769, 11373, 11856, -2120, -8895, -7164, 3871, 13616, 2616, -15899, -8718, 14414, 11926, -10563, -10590, 6222, 4769, -3112, 4007, 2197, -13524, -3586, 21907, 6753, -28369, -10752, 32927, 14764, -35717, -18754, 36905, 23292, -36608, -28410, 34321, 32772, -28475, -33974, 17208, 30005, 83, -20604, -21138, 7689, 40588, 5619, -51989, -16205, 51103, 21481, -37901, -19685, 16283, 10645, 7608, 3467, -27674, -18256, 40041, 28260, -44069, -28853, 41996, 18178, -37680, 1662, 34902, -25318, -35795, 46513, 40242, -60479, -46267, 65305, 51045, -61742, -52070, 52263, 48404, -39889, -41191, 27689, 32910, -18072, -26028, 11864, 22105, -8263, -21501, 5896, 23437, -3824, -26569, 1621, 29784, 878, -32598, -4311, 35295, 9498, -38285, -16423, 40948, 24072, -41531, -31190, 38609, 36543, -32196, -38077, 23212, 33104, -12389, -20015, -322, -712, 15502, 27355, -33947, -57917, 56161, 89976, -81208, -120079, 105690, 144419, -123601, -159488, 127833, 162773, -112817, -152892, 77422, 129616, -26537, -94273, -29735, 50333, 79273, -3604, -112197, -38650, 124294, 69448, -117977, -84369, 100357, 83515, -79998, -71720, 63975, 56451, -55335, -44747, 51453, 41034, -45255, -46087, 29653, 56762, -1920, -67079, -35174, 70632, 74820, -63688, -108361, 47266, 128041, -26609, -129864, 8586, 115258, 1576, -90106, -2342, 62266, -4062, -38759, 12916, 23517, -19175, -16575, 19663, 14781, -14114, -13551, 4736, 9201, 5343, -687, -13357, -10140
1791219472.961, MrmFullScanInfo, 837, 107, 2082356, 0, 0, 0, 0, 10000, 39297, 32, 4, 2, 1, 480, 0, 0, 0, 0, 0, 0, -222, 48, 350, -561, -24, 1251, -646, -1110, 1044, -174, -825, 1517, 108, -1698, 367, 897, -247, -40, -58, -404, -1126, 897, 4534, -1931, -7775, 2850, 8072, -2432, -5086, 706, 930, 1192, 3221, -2650, -7193, 3892, 10136, -4878, -10530, 4160, 8052, 407, -5003, -7746, 3180, 13061, 197, -13303, -9814, 11171, 24406, -10926, -34808, 11630, 33047, -8714, -21137, 3913, 9253, -11466, -10645, 46849, 21653, -100267, -22254, 130008, 4155, -104700, 18646, 38553, -26963, 29244, 17502, -70269, 2117, 75612, -15688, -53212, 9211, 24182, 11928, -6811, -28856, 3322, 28810, -5853, -15351, 8114, 388, -8063, 7279, 5788, -6533, -2729, 944, -734, 6218, 7693, -14411, -19917, 22771, 33719, -27883, -42391, 26600, 42449, -18455, -35330, 5029, 25355, 10549, -16321, -23250, 9341, 29041, -3717, -27775, -392, 22098, 917, -14616, 3670, 7177, -12119, -1297, 20546, -2291, -24463, 4026, 21026, -5187, -10733, 6981, -2897, -9806, 15682, 13121, -24563, -15958, 27975, 17279, -25857, -16240, 19818, 12446, -12507, -6295, 6490, -642, -3225, 6154, 2579, -8458, -3134, 7045, 3259, -2801, -2102, -2503, -275, 6992, 3337, -9441, -6389, 9470, 8717, -7341, -9730, 3957, 9254, -582, -7495, -1706, 4957, 2606, -2429, -2545, 561, 2213, 510, -2137, -1073, 2411, 1480, -2793, -1915, 3043, 2385, -3063, -2750, 2829, 2895, -2236, -2758, 1214, 2373, 144, -1819, -1582, 1149, 2895, -421, -3990, -230, 4744, 745, -4985, -1171, 4615, 1594, -3696, -1938, 2418, 1992, -1050, -1532, -161, 522, 1134, 790, -1878, -2018, 2359, 2867, -2445, -3224, 2120, 3065, -1524, -2374, 803, 1198, -39, 294, -631, -1795, 1074, 2958, -1267, -3532, 1343, 3518, -1462, -3057, 1771, 2311, -2241, -1444, 2643, 726, -2815, -332, 2820, 247, -2702, -405, 2355, 783, -1717, -1302, 951, 1730, -285, -1842, -153, 1689, 325, -1599, -199, 1759, -75, -2014, 151, 2162, 229, -2122, -915, 1858, 1584, -1335, -1959, 653, 1907, -2, -1504, -412, 962, 427, -432, -41, 10, -496, 128, 882, 85, -962, -427, 782, 578, -485, -433, 236, 89, -184, 299, 357, -622, -600, 813, 690, -756, -494, 438, 49, 24, 530, -521, -1042, 1089, 1297, -1661, -1103, 1982, 397, -1819, 617, 1245, -1579, -593, 2276, 106, -2714, 271, 2890, -727, -2767, 1285, 2381, -1774, -1868, 2045, 1447, -2110, -1222, 2002, 1106, -1595, -950, 777, 730, 281, -477, -1167, 230, 1631, -66, -1662, 79, 1373, -274, -884, 591, 357, -991, 101, 1429, -466, -1858, 743, 2228, -945, -2413, 1064, 2272, -1012, -1810, 759, 1129, -383, -290, -102, -575, 688, 1250, -1216, -1609, 1475, 1701, -1413, -1618, 1215, 1410, -1129, -1019, 1293, 468, -1650, -36, 2035, 12, -2292, -407, 2413, 999, -2405, -1484, 2208, 1685, -1762, -1537, 1222, 1128, -714, -527, 312, -201, -199, 978, 490, -1593, -958, 1769, 1218, -1369, -1052, 514, 485, 436, 376, -1071, -1380, 1263, 2210, -1239, -2395, 1241, 1628, -1151, -102, 791, -1662, -276, 3326, -177, -4988, 810, 6839, -2055, -8806, 3928, 10775, -6028, -12726, 7953, 14493, -9361, -15602, 9769, 15445, -8703, -13850, 6039, 11305, -2341, -8490, -1307, 5711, 4003, -2900, -5511, 148, 6114, 2284, -6197
1791219472.961, MrmDetectionListInfo, 837, 28, 57, 11288, 58, 15089, 59, 18817, 60, 21605, 61, 23139, 62, 23115, 63, 21163, 64, 17368, 65, 12687, 66, 8875, 71, 51128, 72, 64822, 73, 65535, 74, 65535, 75, 63613, 76, 52387, 77, 41052, 78, 31355, 79, 25652, 80, 26210, 81, 32346, 82, 39558, 83, 43001, 86, 31519, 91, 15829, 92, 18085, 93, 17033, 94, 13623
1791219473.086, MrmFullScanInfo, 838, 107, 2082481, 0, 0, 0, 0, 10000, 39297, 32, 1, 2, 1, 480, -423168, 492187, 421033, -478820, -454141, 445551, 505256, -369692, -520030, 107557, 520160, 341156, -495984, -498211, 365464, 516190, -112478, -520027, -178642, 519792, 324539, -511298, -476119, 481132, 520160, 513286, -157765, -520135, -421370, 496446, 366541, -499633, -441461, 504604, 283014, -518169, -284975, 517133, 218269, -517152, -290335, 516908, 431438, -508346, -515928, 381877, 520192, 108167, -519791, -499775, 429300, 519410, -137440, -520058, -220822, 519593, 429542, -512935, -503978, 463921, 518106, -339318, -519951, 129190, 519932, -55711, -127190, 32186, -509970, -31354, 519879, 314561, -508713, -498411, 3021, 426675, 520040, -34487, -519988, -446080, 500794, 518289, -312926, -519956, 102356, 519916, 183558, -516433, -470656, 441105, 519854, 14079, -520168, -481770, 461138, 520054, 2710, -519605, -323317, 507134, 436014, -394225, -411967, 67407, 58394, 146927, 326020, -149239, -518051, -70928, 513740, 387883, -368484, -486975, 2268, 446267, 324214, -287669, -505648, -24874, 489346, 302053, -314246, -376575, 122062, 342617, 62965, -230162, -176071, 45399, 127245, 87689, -36248, -120668, -42432, 81148, 109250, 15875, -83038, -103220, -29340, 123656, 123411, -73984, -158728, -23010, 140381, 101027, -59813, -110444, -35327, 65703, 83832, -4663, -73499, -51150, 39226, 79294, 5930, -59055, -40114, 27149, 35088, -7042, 907, -2019, -43971, -11318, 65838, 56513, -52599, -94747, 9526, 105887, 57944, -88202, -93423, 36426, 124178, 31283, -116986, -81403, 84978, 96549, -34871, -81698, -9097, 50293, 24374, -14001, -16023, -9137, -1595, 9759, 23576, 11325, -33197, -37729, 17894, 59990, 14383, -68067, -41797, 54223, 59193, -23288, -60395, -3069, 43321, 17082, -11440, -21663, -13240, 16438, 24902, -6021, -26100, 3198, 20239, -10140, -9900, 18829, 4503, -25915, -10291, 32504, 16261, -28571, -21070, 14216, 25908, 2713, -25018, -16706, 16028, 27907, -2344, -31727, -6085, 27358, 12773, -18355, -11385, 12675, 3042, -9007, 6458, 8781, -8140, -13567, 7688, 18725, -3818, -16724, -4254, 10003, 14474, -2334, -18358, -10568, 17177, 23120, -12192, -30318, 2983, 32902, 6833, -31914, -11342, 26790, 9771, -19673, 258, 17408, -6035, -17188, 13287, 18253, -17187, -20068, 16913, 21693, -13360, -19980, 6056, 15330, 3673, -8733, -13280, -746, 13555, 9185, -10739, -16369, 6932, 17120, -882, -12665, -1472, 4966, 959, 5057, 2051, -12834, -6760, 18810, 13876, -22084, -19042, 27112, 24205, -29120, -27338, 29941, 33795, -28981, -40823, 26383, 45903, -19465, -44705, 5514, 34403, 11506, -16212, -29755, -7373, 44976, 28368, -47771, -40312, 40061, 41802, -24215, -31319, 5992, 10927, 11519, 13674, -19743, -34461, 22146, 45205, -20914, -42661, 20461, 25063, -24455, -946, 35236, -22114, -50226, 35834, 62730, -43386, -71859, 43499, 74992, -37929, -70713, 28935, 59266, -22297, -46383, 14922, 34771, -8348, -26558, 6577, 23754, -2843, -23366, -1817, 24754, 5535, -26190, -8893, 26836, 12585, -28710, -16369, 30634, 19948, -32263, -33716, 35259, 39792, -33064, -46823, 26205, 49163, -16881, -46962, 8302, 36997, -1389, -17867, -4087, -8130, 8572, 34287, -18056, -71326, 27908, 110219, -41748, -147297, 56610, 179164, -66902, -199069, 66274, 200355, -47145, -181272, 16451, 145601, 25665, -87809, -64532, 24307, 89503, 37423, -99329, -85000, 92387, 110680, -75340, -114936, 55935, 100102, -45580, -82234, 39579, 65700, -43361, -58936, 46046, 60678, -37172, -68610, 11787, 71282, 24568, -65769, -66138, 47933, 97724, -20404, -126292, -14208, 126833, 41463, -115147, -54935, 95773, 54701, -72517, -42541, 51709, 27716, -38496, -9671, 29573, -2288, -25334, 4348, 21998, -2066, -15418, -2459, 6420, 5232, 5665, -5545, -16418, 4070, 25279, -1880, -27137
1791219473.086, MrmFullScanInfo, 838, 107, 2082481, 0, 0, 0, 0, 10000, 39297, 32, 2, 2, 1, 480, 0, 0, 0, 0, 0, 0, 168831, -228580, -313262, 479221, 362922, -534838, -381338, 346633, 436190, -28786, -507961, -257838, 505854, 433193, -369199, -522851, 132148, 579918, 111833, -566973, -280712, 391001, 325884, -45834, -240316, -339712, 68796, 613460, 97578, -726397, -185966, 713912, 189958, -643903, -148194, 575647, 117387, -543060, -135996, 547052, 204643, -535185, -298260, 420819, 400022, -175825, -487777, -120394, 498950, 361122, -370787, -513990, 123719, 606384, 139213, -651277, -322861, 627684, 409302, -523337, -419037, 366545, 327419, -197251, -101521, 49653, -204144, 27304, 440037, 12789, -464614, -142719, 253547, 244488, 92008, -207676, -411411, 28964, 582349, 198660, -560214, -388611, 367270, 517636, -83683, -570165, -192084, 492809, 399839, -259190, -512197, -58792, 492435, 344210, -319902, -531934, 57673, 599784, 160108, -523236, -223485, 305501, 112328, -28957, 104032, -162775, -319910, 166585, 446209, 1017, -427843, -227062, 256158, 385108, 13476, -396808, -277839, 256984, 441209, -32696, -457634, -176080, 341530, 291955, -156009, -289109, -17297, 190778, 116674, -53630, -124742, -57444, 66688, 99338, 8328, -67428, -51189, -7970, 38183, 78678, 18114, -103641, -81912, 71795, 116924, -6448, -104156, -53331, 51250, 77858, 12918, -60057, -57636, 14817, 67561, 31766, -47005, -58159, 14608, 57943, 7096, -38923, -4895, 16651, -17494, -7430, 43743, 19949, -55098, -49433, 40873, 79768, -3033, -92278, -46352, 76109, 91417, -35156, -117544, -14077, 115262, 52882, -85939, -69810, 42931, 63589, -4736, -41396, -15132, 15686, 13695, 903, 2037, -1150, -19054, -14241, 25207, 37665, -15859, -57566, -4799, 63671, 27623, -52846, -42764, 30305, 43460, -5189, -29694, -14420, 8440, 24230, 10887, -24964, -21523, 21361, 21548, -18507, -14085, 19024, 5355, -22702, -723, 26882, 2080, -27504, -8255, 21786, 16285, -10207, -22133, -4264, 22626, 17887, -17411, -27128, 8952, 29876, -1008, -26518, -3008, 19532, 1840, -12241, 2789, 7738, -7679, -7423, 10175, 9888, -8646, -12076, 2687, 11476, 6123, -6916, -14646, -1482, 19894, 12150, -20249, -22467, 15909, 29972, -9001, -33041, 3008, 31257, -811, -25795, 3134, 19165, -8620, -13893, 14954, 11303, -19906, -11251, 21731, 12510, -19413, -13489, 12820, 12961, -3278, -10293, -6335, 5287, 13038, 1508, -15356, -8278, 13687, 12497, -9512, -12213, 4715, 7129, -985, 1354, -527, -10922, -642, 19699, 4115, -26907, -8703, 32431, 13305, -36220, -17825, 38293, 22872, -38732, -28446, 36915, 33094, -31091, -34481, 19328, 30665, -1198, -21244, -20805, 7906, 41267, 6161, -53727, -17477, 53841, 23193, -41427, -21527, 20336, 12360, 3247, 2158, -23196, -17651, 35658, 28459, -40037, -29544, 38554, 18810, -35051, 1485, 33321, -25604, -35469, 47092, 41167, -61304, -48105, 66387, 53188, -62999, -53913, 53541, 49563, -41052, -41553, 28484, 32681, -18146, -25603, 11120, 21778, -6964, -21265, 4412, 23089, -2340, -25949, 60, 28961, 2694, -31871, -6390, 34973, 11692, -38562, -18607, 41981, 26083, -43315, -32683, 40757, 37105, -34080, -37505, 24407, 31615, -12949, -18068, 17, -2772, 14960, 29435, -32906, -60034, 54402, 92107, -78622, -122260, 102431, 146661, -119970, -161731, 124096, 165061, -109297, -155525, 74631, 132945, -25006, -98258, -29917, 54448, 78707, -7167, -111964, -36119, 125132, 68096, -119678, -84242, 102135, 84669, -81289, -74052, 64694, 59603, -55502, -48280, 51064, 44586, -44519, -49152, 29023, 58596, -1935, -66848, -34180, 67667, 72809, -57497, -105661, 37455, 125520, -12996, -128844, -8508, 116930, 21364, -94728, -23682, 68933, 17254, -45649, -6357, 28578, -3896, -18441, 9577, 13434, -9498, -10238, 5066, 5737, 1153, 1497, -6822, -10583
1791219473.086, MrmFullScanInfo, 838, 107, 2082481, 0, 0, 0, 0, 10000, 39297, 32, 4, 2, 1, 480, 0, 0, 0, 0, 0, 0, -291, -147, 474, 413, -462, -379, 287, -127, -124, 655, 88, -725, 63, 335, -525, 237, 986, -712, -939, 934, 691, -923, -1148, 859, 2602, -843, -4177, 801, 4558, -630, -3347, 268, 1335, 315, 413, -903, -1298, 1037, 1462, -134, -1360, -2044, 1537, 4192, -2554, -4210, 6283, 1055, -16530, 5098, 33320, -12944, -47607, 17530, 48504, -10260, -36409, -11898, 24187, 37862, -40981, -39323, 88823, -758, -121296, 52513, 96271, -65269, -21824, 26356, -50480, 30437, 81201, -65456, -62779, 61531, 26480, -32569, -13866, 7618, 31286, -2731, -54529, 11720, 58428, -18050, -40187, 12802, 15212, -586, 3323, -9302, -15786, 13224, 26918, -15308, -36888, 22980, 40719, -38771, -33329, 55838, 15142, -62784, 5262, 55990, -16488, -42255, 12978, 30169, 3323, -22951, -24664, 17557, 41865, -8348, -50273, -6276, 51154, 20005, -47164, -24042, 39472, 15177, -29275, 2230, 18314, -19870, -7789, 30200, -1911, -29785, 10761, 20021, -18346, -4903, 24280, -11075, -28677, 23598, 31493, -29451, -32039, 28028, 29405, -21770, -23048, 14701, 13796, -9718, -4218, 7143, -2614, -5366, 5046, 2656, -3520, 1601, -82, -6720, 3623, 11321, -5654, -14214, 5660, 14931, -3811, -13699, 810, 11020, 2292, -7498, -4459, 3993, 5057, -1369, -4116, -66, 2436, 755, -1076, -1353, 568, 2219, -642, -3309, 658, 4306, -273, -4875, -320, 4938, 780, -4631, -1051, 4119, 1353, -3545, -1805, 3079, 2237, -2803, -2337, 2549, 2032, -2000, -1511, 974, 962, 405, -335, -1825, -417, 2916, 1110, -3297, -1496, 2763, 1437, -1406, -948, -423, 215, 2265, 528, -3578, -1229, 3946, 2100, -3274, -3169, 1762, 4133, 335, -4621, -2722, 4491, 4994, -3818, -6671, 2793, 7369, -1638, -7022, 624, 5979, -80, -4744, 204, 3693, -623, -3233, 600, 3758, 241, -5152, -1644, 6656, 3110, -7376, -4242, 6877, 4847, -5344, -4889, 3468, 4401, -1856, -3545, 729, 2678, -87, -2134, -97, 1992, -12, -2121, 110, 2320, 51, -2382, -547, 2173, 1189, -1705, -1641, 1158, 1655, -703, -1170, 512, 256, -657, 945, 1086, -2060, -1694, 2742, 2391, -2916, -2951, 2754, 3054, -2319, -2600, 1614, 1872, -714, -1183, -265, 655, 1229, -250, -2133, -41, 2829, 139, -3053, -89, 2661, 0, -1741, 156, 504, -503, 911, 1013, -2341, -1467, 3609, 1707, -4562, -1699, 5153, 1428, -5411, -845, 5377, -15, -5080, 907, 4561, -1419, -3884, 1326, 3038, -732, -1948, -18, 622, 697, 721, -1275, -1729, 1718, 2100, -1912, -1799, 1823, 1052, -1518, -148, 945, -578, -50, 925, -906, -972, 1577, 1004, -1856, -1171, 1920, 1388, -1989, -1432, 2152, 1108, -2268, -422, 2187, -473, -1934, 1465, 1541, -2341, -914, 2739, 17, -2455, 1022, 1704, -1895, -931, 2418, 501, -2674, -533, 2849, 1023, -2989, -1906, 3065, 2983, -3141, -3862, 3154, 4311, -2980, -4346, 2785, 3966, -2899, -3015, 3423, 1483, -4034, 171, 4276, -1170, -3904, 916, 2976, 312, -1750, -1516, 334, 1963, 1264, -1714, -2838, 1213, 4000, -663, -4467, 130, 4193, 239, -3122, -281, 1235, -141, 1426, 935, -4761, -1713, 8683, 1934, -13064, -1050, 17642, -1232, -21890, 4622, 25269, -8061, -27250, 10222, 27179, -10032, -24541, 7226, 19580, -2677, -13303, -1873, 6764, 4833, -750, -5546, -4138, 4510, 7400, -2833
1791219473.086, MrmDetectionListInfo, 838, 42, 57, 10662, 58, 16204, 59, 22732, 60, 28691, 61, 32614, 62, 33498, 63, 31115, 64, 26572, 65, 22318, 66, 21251, 67, 25385, 68, 34252, 69, 44730, 70, 53036, 71, 57495, 72, 61161, 73, 65535, 74, 65535, 75, 65535, 76, 62884, 79, 30329, 80, 51781, 81, 65535, 82, 65535, 83, 64144, 84, 48511, 89, 17556, 90, 24621, 91, 31867, 92, 36525, 93, 37071, 94, 33408, 95, 26456, 96, 17714, 101, 14966, 102, 20156, 103, 22674, 104, 24598, 105, 27918, 107, 36740, 108, 39527, 109, 40543
1791219473.211, MrmFullScanInfo, 839, 107, 2082606, 0, 0, 0, 0, 10000, 39297, 32, 1, 2, 1, 480, -422984, 490693, 420969, -478912, -455123, 444242, 505784, -367320, -519723, 102411, 520168, 339935, -495406, -497210, 368081, 517315, -108056, -520192, -179055, 519669, 329804, -512004, -477179, 480895, 520186, 512952, -163339, -520164, -411807, 498276, 361894, -500714, -438658, 505797, 285203, -517588, -291632, 518544, 224616, -517981, -296548, 515081, 429609, -507009, -515961, 376446, 520192, 107124, -520070, -502194, 422873, 519848, -102116, -519845, -272996, 519300, 462466, -503463, -511216, 430390, 519375, -272472, -520174, 41585, 520095, 92305, -302441, -5439, -467304, -23461, 519666, 301719, -512110, -491082, 126458, 403459, 489239, 23365, -519217, -475064, 486178, 519717, -246879, -520165, 17711, 519827, 265137, -511722, -488963, 413251, 520022, 44854, -520145, -485556, 452288, 520032, 57284, -518956, -370353, 502054, 463184, -399468, -454532, 119685, 106372, 77972, 300672, -80729, -512034, -116348, 509067, 413250, -349249, -498303, -24415, 441890, 339424, -257063, -508880, -72091, 486760, 356465, -300337, -421724, 109570, 377433, 54614, -253942, -156067, 58920, 99776, 86555, -3475, -122136, -65091, 86910, 114192, 3240, -74332, -87942, -50808, 107643, 154171, -55854, -189243, -40365, 166452, 114643, -81060, -119532, -23629, 66821, 75537, 2198, -68744, -61801, 37029, 88204, 4177, -65083, -35842, 27015, 26012, -3501, 12451, -8214, -54214, -3461, 75537, 47734, -60946, -89464, 14342, 103251, 54495, -87767, -94102, 38105, 127311, 29633, -122037, -80886, 90910, 96400, -42941, -81675, -1009, 50311, 17237, -14435, -10217, -9221, -7040, 10041, 25664, 10632, -33388, -35559, 17686, 56387, 14271, -64467, -40234, 51620, 57431, -22273, -59116, -3093, 43092, 15305, -13754, -19509, -8348, 13728, 18499, -3094, -18765, 1297, 13617, -8086, -4419, 17034, 1956, -24387, -8344, 31634, 16179, -27718, -21760, 12443, 26771, 4766, -27359, -19475, 17584, 31766, -5276, -36227, -4271, 30715, 11943, -22173, -12409, 16673, 4313, -11599, 3561, 10535, -4974, -14251, 3836, 17977, 1439, -15705, -9172, 9283, 17738, 59, -21609, -10811, 21193, 22423, -16766, -28179, 7534, 30288, 2039, -29378, -7080, 25937, 6229, -21280, 3008, 18469, -8552, -20048, 15209, 22886, -17933, -24443, 16916, 24962, -12121, -22473, 4467, 16626, 5587, -9050, -14308, 30, 14796, 9542, -10912, -15641, 5213, 16046, 555, -11660, -4088, 3934, 3318, 5343, -215, -13772, -4590, 18466, 10597, -22043, -17469, 26060, 22934, -28400, -28464, 28767, 35110, -28057, -42944, 26148, 47611, -19180, -47088, 7354, 36383, 8866, -17470, -27285, -5717, 42080, 27683, -45968, -39822, 38658, 42509, -23592, -32255, 5279, 12410, 10659, 11323, -19677, -31686, 20989, 42457, -20306, -39505, 20654, 22552, -24828, 117, 36213, -22562, -50884, 35678, 63357, -43511, -73313, 44235, 76814, -38619, -71527, 29986, 61014, -20715, -46247, 13111, 34461, -5990, -25933, 5527, 22157, 99, -22075, -3327, 24195, 7087, -24402, -9960, 26067, 13642, -27315, -17392, 30092, 21435, -32015, -37004, 35421, 42943, -32546, -48568, 25562, 50754, -16780, -48364, 8213, 37449, -1199, -18593, -3009, -8507, 6126, 34169, -15495, -72292, 23989, 111911, -35667, -149298, 50830, 182804, -60949, -203143, 59821, 206884, -42589, -187773, 10204, 151924, 30571, -93946, -69439, 27038, 94772, 35706, -101201, -84289, 92119, 111972, -73874, -116492, 56818, 104418, -44706, -83976, 38368, 67044, -42753, -61594, 43866, 61187, -36103, -68406, 12634, 70918, 22612, -63084, -61423, 43470, 92565, -17745, -119800, -18761, 120005, 50896, -107771, -66506, 88985, 69874, -64539, -58486, 44869, 40706, -30778, -23626, 22458, 5496, -20789, -756, 19223, 20, -14751, -1540, 6657, 2390, 3905, -1281, -14686, -508, 23540, 1863, -29185
1791219473.227, MrmFullScanInfo, 839, 107, 2082606, 0, 0, 0, 0, 10000, 39297, 32, 2, 2, 1, 480, 0, 0, 0, 0, 0, 0, 168972, -228239, -313720, 478133, 363723, -532894, -382334, 344514, 437192, -27461, -508542, -258143, 505556, 433164, -367773, -523224, 129776, 580904, 114399, -568271, -282949, 392143, 328373, -46692, -244300, -338814, 74422, 612356, 91961, -725402, -182720, 713699, 190547, -645131, -152364, 578271, 123101, -545968, -140735, 548426, 207180, -534063, -299150, 417963, 400070, -172779, -484887, -123288, 487231, 365909, -345609, -522776, 88872, 616083, 172728, -650797, -347347, 603310, 427336, -465416, -450180, 282199, 394599, -116773, -199761, 4712, -113923, 34184, 401056, 16426, -487181, -126416, 311171, 198434, 40661, -148737, -387000, -16981, 568101, 221967, -527020, -400533, 307422, 530862, -16932, -582275, -241186, 492913, 422750, -244626, -513112, -79618, 474909, 362994, -286500, -547217, 15132, 616409, 202896, -550696, -259318, 352423, 134640, -93440, 99564, -95271, -329119, 112617, 456058, 34011, -426077, -240862, 240629, 382527, 35870, -377320, -298927, 220525, 456724, 15551, -468089, -226140, 351114, 333194, -169814, -314291, 3229, 198172, 91155, -46779, -99457, -72115, 48434, 115563, 13852, -81163, -41625, 1797, 15101, 72369, 50072, -99257, -116693, 67973, 148827, -2966, -129189, -55378, 67685, 76769, 4741, -54931, -56073, 6694, 70557, 40055, -52699, -63400, 21729, 58052, -675, -33644, 2901, 7303, -24689, 3821, 49836, 9168, -59886, -41111, 44325, 74992, -5047, -91048, -46041, 77586, 93058, -38077, -121210, -10849, 120840, 49899, -92984, -67123, 50580, 61150, -12012, -39239, -8992, 13846, 9236, 2476, 4490, -2662, -19597, -12432, 24496, 35285, -14843, -54731, -5330, 60904, 27403, -50846, -42159, 29676, 43286, -6271, -30831, -11605, 11392, 20030, 6259, -20025, -15908, 16420, 15954, -14161, -9495, 15657, 2354, -20473, 643, 25623, 2021, -26731, -9183, 20931, 18001, -8861, -24555, -6296, 25661, 20556, -20781, -30176, 12071, 33108, -3198, -29927, -2123, 23072, 2279, -15619, 1161, 10538, -4941, -9374, 6361, 11056, -4010, -12700, -2160, 11730, 10614, -7022, -18681, -996, 23687, 10638, -23943, -19678, 19474, 26305, -12361, -29470, 6181, 28807, -3918, -24982, 6274, 19965, -11729, -16078, 17827, 14546, -22238, -14998, 23184, 16112, -19763, -16456, 12147, 15103, -1970, -11656, -7758, 6061, 14035, 1075, -15478, -7981, 12703, 12240, -7533, -12055, 2133, 7144, 1745, 1152, -3142, -10528, 1810, 19030, 1910, -25904, -7085, 31226, 12711, -35101, -18446, 37569, 24484, -38555, -30562, 37331, 35266, -32205, -36356, 21251, 31998, -3834, -21955, -17839, 8109, 38454, 6316, -51485, -17923, 52396, 23929, -40818, -22597, 20493, 13819, 2432, 286, -21864, -15421, 34059, 25998, -38515, -27058, 37473, 16600, -34634, 3119, 33567, -26563, -36223, 47581, 42265, -61729, -49377, 67104, 54437, -63949, -54961, 54200, 50353, -40807, -42138, 27171, 33054, -16085, -25666, 8714, 21505, -4506, -20767, 2146, 22479, -444, -25238, -1483, 28182, 4043, -31183, -7831, 34623, 13546, -38754, -20951, 42640, 28615, -44096, -34977, 41335, 38911, -34370, -38788, 24553, 32394, -13287, -18331, 938, -3108, 13217, 30500, -30252, -61957, 50817, 95046, -74250, -126319, 97646, 151887, -115305, -168100, 119979, 172361, -105865, -163327, 71710, 140585, -22229, -104956, -32788, 59560, 81473, -10334, -113982, -35012, 126051, 69006, -119913, -86718, 102322, 87790, -81601, -76960, 64794, 61940, -55097, -50079, 50279, 45810, -43889, -49478, 29255, 57481, -3458, -63905, -31377, 63036, 68974, -51455, -101136, 29718, 120853, -2790, -124728, -21637, 113846, 36888, -92622, -40279, 67236, 33304, -43771, -20363, 26370, 6872, -16221, 2759, 11620, -6639, -9067, 5641, 5202, -1987, 1584, -2181, -10668
1791219473.227, MrmFullScanInfo, 839, 107, 2082606, 0, 0, 0, 0, 10000, 39297, 32, 4, 2, 1, 480, 0, 0, 0, 0, 0, 0, 36, 281, -286, -899, 619, 1747, -852, -2152, 902, 1650, -502, -721, -284, 222, 1212, -335, -1981, 704, 2200, -897, -1884, 715, 1740, -392, -2459, 389, 3465, -650, -3491, 721, 1848, -192, 948, -942, -3604, 2047, 4627, -2232, -3559, 1105, 1529, 265, 22, -722, -1163, 589, 5375, -1664, -17701, 6124, 36986, -13267, -51748, 15982, 50895, -3083, -37752, -29387, 27123, 73842, -46829, -103137, 101297, 86629, -145320, -32228, 128458, -12608, -48898, 11789, -41025, 26598, 88949, -67809, -76533, 78811, 35957, -55637, -20382, 24831, 45008, -12584, -79914, 17711, 88377, -18962, -64262, 4705, 29006, 14849, -70, -24909, -23403, 24230, 44089, -21343, -57672, 25329, 59949, -41728, -50515, 67181, 29999, -87038, -3897, 87397, -14764, -68804, 14804, 43542, 2405, -21939, -23937, 3794, 37304, 16454, -39387, -39009, 34463, 56233, -28245, -59903, 24784, 48018, -25355, -25499, 27988, 908, -28929, 17664, 24913, -25943, -14447, 24426, -1173, -16668, 18481, 6856, -33626, 1385, 43561, -5757, -46650, 6108, 42924, -4395, -33867, 3385, 21983, -4746, -10227, 7816, 1022, -10090, 4595, 9184, -6944, -4509, 7260, -2532, -6775, 9582, 6144, -14625, -5540, 16675, 5044, -15649, -4725, 12148, 4419, -7302, -3702, 2513, 2179, 1085, 150, -2984, -2832, 3497, 5290, -3453, -6981, 3477, 7583, -3636, -7219, 3724, 6241, -3611, -4783, 3361, 2923, -3185, -1050, 3303, -179, -3682, 406, 3995, 156, -3868, -865, 3050, 1073, -1499, -419, -590, -1078, 2852, 3073, -4792, -4958, 5975, 6130, -6163, -6182, 5419, 5093, -3977, -3260, 2183, 1301, -528, 317, -458, -1572, 535, 2679, 180, -3770, -1392, 4722, 2769, -5205, -4004, 4866, 5028, -3646, -5849, 1920, 6273, -119, -6009, -1497, 5067, 2857, -3780, -3909, 2625, 4577, -1924, -4799, 1771, 4771, -2162, -4850, 3109, 5150, -4382, -5452, 5430, 5524, -5689, -5308, 4855, 4914, -3097, -4509, 1000, 4207, 889, -3960, -2363, 3645, 3380, -3118, -3830, 2282, 3719, -1182, -3239, 78, 2630, 720, -2005, -1021, 1423, 746, -914, 76, 446, -1248, 56, 2404, -605, -3231, 1072, 3649, -1351, -3766, 1494, 3666, -1593, -3261, 1629, 2403, -1449, -1113, 965, -316, -201, 1493, -670, -2144, 1502, 2269, -2259, -1978, 2897, 1426, -3254, -755, 3135, 98, -2483, 497, 1407, -1004, -152, 1414, -1034, -1763, 2026, 2071, -2795, -2290, 3327, 2341, -3508, -2237, 3250, 2064, -2549, -1821, 1555, 1459, -468, -1030, -553, 766, 1419, -879, -1980, 1322, 2093, -1626, -1772, 1309, 1229, -302, -682, -967, 204, 2048, 219, -2752, -546, 3054, 757, -2958, -918, 2607, 1113, -2288, -1227, 2177, 1054, -2334, -497, 2737, -344, -3152, 1164, 3211, -1614, -2737, 1567, 1894, -1172, -948, 744, 91, -649, 630, 1091, -1315, -1948, 2096, 3059, -2997, -4321, 4041, 5507, -5195, -6243, 6384, 6288, -7484, -5758, 8363, 4944, -8930, -4092, 8994, 3387, -8297, -2869, 6789, 2399, -4667, -1756, 2224, 1121, 269, -867, -2361, 945, 3592, -934, -3947, 514, 3794, 205, -3431, -797, 2793, 787, -1561, 73, -520, -1557, 3304, 3180, -6217, -4561, 9081, 5419, -12405, -5324, 16581, 3995, -21081, -1736, 24721, -517, -26516, 1753, 25948, -1556, -22944, 270, 17878, 1321, -11592, -2495, 5197, 2861, 458, -2416, -4798, 1521, 7452, -846
1791219473.227, MrmDetectionListInfo, 839, 51, 57, 12164, 58, 18361, 59, 25002, 60, 30738, 61, 34138, 62, 33994, 63, 30268, 64, 25670, 65, 24937, 66, 31042, 67, 43132, 68, 58460, 69, 65535, 70, 65535, 71, 65535, 72, 65535, 73, 65535, 74, 65535, 75, 65535, 79, 29852, 80, 48241, 81, 65535, 82, 65535, 83, 65535, 84, 65533, 85, 48641, 86, 35391, 88, 27332, 89, 31558, 90, 39447, 91, 48085, 92, 53752, 93, 53634, 94, 47099, 95, 35907, 96, 23866, 97, 15088, 99, 12323, 100, 17238, 101, 24671, 102, 31670, 103, 35978, 104, 38137, 105, 40251, 106, 43430, 107, 47139, 108, 50418, 109, 52815, 110, 54091, 111, 53671, 112, 51126
1791219473.336, MrmFullScanInfo, 840, 107, 2082731, 0, 0, 0, 0, 10000, 39297, 32, 1, 2, 1, 480, -425418, 492156, 419577, -480178, -455068, 445851, 505594, -366342, -520079, 109196, 520175, 342895, -495709, -500028, 369980, 517891, -110077, -520191, -175468, 519414, 326491, -511148, -476677, 482264, 520023, 513065, -153309, -520081, -418475, 497218, 361279, -500407, -439955, 504746, 278971, -517918, -287248, 518222, 212309, -517235, -284155, 515761, 427732, -508374, -516173, 379013, 520192, 96580, -519896, -498029, 438627, 519832, -107576, -520100, -301014, 518930, 486333, -492823, -517286, 375858, 519946, -165575, -520148, -112326, 519451, 327623, -331356, -227151, -477282, 46912, 520002, 324565, -510891, -506629, 157697, 478923, 408209, -71891, -519652, -474316, 489661, 519783, -218383, -520182, -58484, 519626, 336450, -502591, -504754, 370012, 520124, 93983, -520169, -496824, 437246, 520184, 101939, -518969, -408523, 491889, 488193, -371315, -492243, 131423, 184353, 24812, 232125, -19907, -476248, -158920, 493952, 428831, -322962, -499773, -26295, 427848, 314957, -217817, -478358, -119585, 436617, 400276, -225516, -454183, 34175, 406997, 99682, -281439, -170287, 89412, 93704, 60307, 14934, -99869, -82328, 75362, 121679, -5345, -73617, -61279, -57529, 64877, 163696, -2794, -195898, -93189, 170626, 159572, -82807, -155764, -21813, 90531, 73103, -8975, -62473, -60895, 29007, 93899, 10521, -74120, -38644, 37168, 24295, -12682, 19248, 938, -62461, -9948, 84273, 51033, -68121, -88671, 19669, 99492, 53087, -80671, -95322, 30458, 129904, 36445, -126724, -87216, 97850, 101343, -52186, -86059, 11765, 55408, 4623, -20687, 1545, -1496, -16074, 2965, 28943, 15433, -31674, -36654, 13314, 53617, 18710, -58320, -43156, 44514, 57417, -15740, -57730, -7175, 39951, 17810, -11238, -19446, -9803, 12888, 17296, -2030, -16815, -254, 10856, -6716, -2495, 16353, 1815, -25022, -7975, 32404, 15908, -28766, -19952, 13745, 24881, 3676, -23363, -19031, 13521, 32787, -116, -39049, -9646, 35668, 18186, -27524, -17991, 21471, 9770, -15928, -1171, 13347, -2108, -13736, 1842, 15258, 921, -10904, -7869, 3083, 17031, 4458, -22237, -15670, 22446, 26286, -19973, -31728, 12836, 32403, -4850, -30515, 1418, 26493, -3594, -20622, 11768, 19309, -16292, -20505, 21772, 22812, -23044, -25073, 20631, 26569, -15115, -25164, 5349, 20649, 5267, -13308, -17196, 5761, 19010, 3796, -16056, -10539, 11716, 12500, -5531, -8060, 477, 1528, 766, 8038, 823, -16543, -3928, 21248, 10889, -24929, -18460, 27888, 24206, -27857, -30120, 25624, 38291, -22800, -45971, 19180, 50234, -11517, -47837, 253, 36727, 14907, -17373, -31334, -7983, 43051, 27668, -45697, -40702, 37110, 43418, -21237, -33698, 2421, 15150, 13652, 6105, -23013, -25387, 25220, 36147, -25777, -33574, 26482, 18984, -31127, 2536, 42121, -22507, -56542, 33482, 67634, -39947, -76732, 38948, 78561, -32092, -71914, 23837, 58907, -15134, -43808, 7635, 30234, -2186, -21529, 1965, 18330, 1798, -18080, -3537, 21701, 6643, -23696, -8686, 25147, 11543, -27058, -15961, 29547, 21501, -31305, -37155, 34971, 44417, -30883, -49452, 24407, 52786, -14832, -49823, 6079, 39086, 533, -20341, -3900, -7722, 4650, 31933, -11277, -69423, 17982, 108762, -27685, -147293, 39808, 181846, -47406, -202979, 47324, 208138, -28815, -189525, -3106, 154918, 43896, -97104, -80246, 31011, 102165, 35486, -106243, -86205, 93603, 114423, -74252, -120648, 53834, 109157, -42358, -89701, 35390, 71890, -38736, -64283, 42198, 64630, -33594, -70181, 10815, 72372, 22797, -65044, -59793, 45691, 89917, -17174, -115274, -21237, 114211, 53587, -102075, -72599, 80029, 76595, -55904, -65619, 35600, 48437, -22074, -30196, 16864, 13561, -15175, -7403, 15033, 6572, -12757, -7396, 7287, 8856, 2254, -8041, -13029, 5208, 23039, -3267, -29857
1791219473.336, MrmFullScanInfo, 840, 107, 2082731, 0, 0, 0, 0, 10000, 39297, 32, 2, 2, 1, 480, 0, 0, 0, 0, 0, 0, 168916, -228619, -313419, 479078, 363226, -534385, -381734, 345919, 436815, -27847, -509037, -258896, 507367, 433998, -370657, -523140, 132915, 579876, 111921, -567081, -281020, 391402, 325591, -46106, -239850, -339859, 69466, 613644, 95148, -726052, -182764, 713059, 187190, -643095, -145754, 575072, 114304, -542206, -132141, 545398, 201325, -533708, -296498, 421424, 399841, -179144, -487024, -116324, 490089, 360833, -343978, -521262, 78652, 615139, 189552, -637927, -367015, 559341, 451698, -372649, -488283, 134521, 454628, 66199, -276962, -165518, -41766, 142826, 361847, -14264, -497607, -155226, 366683, 252946, -34044, -198382, -325349, 11261, 532511, 215562, -502533, -408798, 275025, 545004, 24336, -589418, -279223, 482160, 448600, -218199, -523245, -108787, 466223, 384763, -259358, -558892, -23855, 620038, 247876, -555360, -309412, 374029, 186379, -141702, 57152, -30050, -304805, 53350, 446808, 69319, -423141, -247309, 240408, 363080, 30440, -337055, -282963, 166185, 426042, 76182, -423153, -286260, 301328, 387507, -130478, -358588, -13913, 229888, 84814, -65907, -78160, -63894, 24980, 116895, 28413, -92299, -41678, 23869, 1038, 39245, 73615, -57520, -143415, 22611, 173219, 40031, -148124, -90806, 80728, 101186, -3820, -67047, -50242, 7564, 66601, 47344, -50935, -74706, 23007, 69558, -5496, -42879, 10869, 13281, -34458, 1140, 59531, 8860, -67658, -38229, 48768, 70102, -5565, -84999, -49088, 71388, 98704, -32624, -128579, -15002, 129655, 52582, -103401, -68587, 62603, 62117, -25030, -40641, 3672, 16295, -1206, -906, 10888, 834, -21079, -14822, 21679, 35433, -9569, -52129, -10839, 56002, 31363, -44877, -43724, 24109, 42642, -2251, -28981, -13557, 9655, 19985, 6886, -18458, -15185, 14020, 14428, -11775, -7982, 14111, 1320, -20178, 1375, 26363, 1066, -27882, -7527, 21845, 15412, -9019, -21082, -7314, 21578, 23112, -16460, -34474, 7841, 38949, 729, -36636, -5706, 29726, 5529, -21260, -1725, 14244, -2512, -10413, 4481, 9164, -2627, -8347, -3353, 6062, 12062, -1389, -20724, -5656, 26601, 13946, -28036, -21498, 24991, 26580, -19326, -28227, 14296, 26333, -12561, -21908, 14694, 17025, -19332, -13744, 24272, 12994, -27420, -14382, 27183, 16662, -22758, -18346, 14195, 18391, -2888, -16330, -8205, 11981, 15909, -5635, -18609, -1193, 16723, 6023, -11776, -6796, 5732, 2955, -481, 4378, -2512, -13072, 2349, 21219, 1039, -27865, -6677, 32630, 13323, -35258, -20461, 35903, 28011, -34951, -35179, 32131, 40093, -26020, -40517, 14851, 34899, 1903, -23393, -22108, 8235, 40771, 7125, -51853, -19331, 51248, 25862, -38779, -25267, 18185, 17644, 4559, -4977, -23732, -8866, 35999, 18781, -41039, -20048, 40947, 10638, -39108, 7387, 38784, -28754, -41740, 47564, 47594, -59583, -54087, 63097, 58143, -58560, -57325, 48032, 51156, -34442, -41380, 21058, 31013, -10588, -22799, 4204, 18316, -1318, -17725, 458, 19961, -214, -23402, -531, 26881, 2498, -30164, -6468, 33786, 12988, -38095, -21377, 42103, 29856, -43524, -36764, 40556, 41004, -33314, -41030, 23337, 34609, -12318, -20327, 903, -1452, 11527, 29193, -26258, -61055, 44332, 94852, -65373, -127314, 86765, 154462, -103142, -172267, 107384, 177798, -93439, -169633, 59812, 147434, -11387, -111796, -41850, 65284, 88236, -13679, -118496, -34679, 128665, 71411, -120966, -91156, 102189, 93496, -80681, -83071, 63460, 67620, -53588, -54770, 48763, 49367, -42540, -52082, 28386, 59441, -3586, -65326, -29824, 63503, 65972, -50294, -97100, 26490, 116231, 2555, -119695, -28922, 108372, 45756, -86751, -50106, 61351, 43392, -38477, -30110, 22180, 15878, -13344, -5321, 10146, 479, -9182, -642, 6966, 3656, -1428, -7356, -7301
1791219473.336, MrmFullScanInfo, 840, 107, 2082731, 0, 0, 0, 0, 10000, 39297, 32, 4, 2, 1, 480, 0, 0, 0, 0, 0, 0, -15, -262, 144, 579, -215, -808, 254, 595, -31, 213, -681, -1007, 1690, 926, -2376, -79, 2296, -702, -1539, 781, 1145, -411, -2077, 406, 3421, -882, -3436, 1024, 1588, -340, 895, -749, -3125, 1687, 5275, -2397, -7047, 2900, 7267, -2656, -5300, 578, 2654, 3056, -597, -6095, -348, 6441, -3117, -3082, 14108, -2882, -27593, 4252, 33823, 12358, -32300, -55037, 33651, 120109, -54275, -187037, 94993, 218781, -127806, -187799, 117723, 108806, -57682, -28074, -23498, -20333, 86049, 32207, -101635, -22796, 74681, 8639, -43030, 2754, 40430, -13043, -60671, 20477, 72694, -13571, -61092, -9727, 36507, 32483, -10432, -38636, -17039, 30707, 43179, -19299, -59959, 12302, 66759, -18785, -68677, 44682, 63284, -78705, -44714, 96174, 19697, -83708, -4200, 50560, 3557, -13678, -7996, -19016, 6610, 47293, 3530, -69466, -20152, 81846, 36545, -82662, -42247, 72788, 30936, -54946, -7043, 33644, -17428, -14194, 31359, -196, -29893, 9922, 15279, -17708, 5706, 25796, -25539, -34331, 38791, 41498, -43193, -44804, 39600, 42655, -31001, -34997, 21016, 23119, -12487, -9446, 6517, -2788, -2520, 10734, -759, -13147, 4215, 10877, -7835, -6109, 10881, 1056, -12438, 2984, 12027, -5621, -9751, 6963, 6070, -7268, -1699, 6757, -2520, -5654, 5991, 4259, -8675, -2806, 11016, 1395, -13261, -222, 15115, -268, -15968, -195, 15202, 1327, -12356, -2367, 7536, 2533, -1846, -1345, -2968, -1085, 5552, 3997, -5592, -6269, 3771, 7029, -1276, -6044, -700, 3729, 1342, -848, -468, -1827, -1346, 3753, 3118, -4646, -3912, 4384, 3459, -3070, -2268, 1229, 1223, 346, -846, -1068, 1097, 840, -1651, 155, 2173, -1712, -2466, 3660, 2542, -5732, -2576, 7530, 2718, -8611, -3000, 8676, 3319, -7577, -3546, 5329, 3606, -2228, -3490, -1096, 3284, 3809, -3178, -5216, 3367, 5107, -3905, -3841, 4801, 2022, -6025, -84, 7435, -1655, -8789, 2957, 9811, -3582, -10232, 3408, 9949, -2554, -9067, 1371, 7785, -178, -6290, -936, 4749, 2040, -3296, -3148, 1923, 4256, -509, -5358, -933, 6371, 2215, -6993, -3125, 6950, 3553, -6262, -3345, 5160, 2415, -3945, -921, 2879, -687, -2126, 1815, 1700, -2015, -1413, 1260, 872, 228, 240, -2169, -1816, 4129, 3462, -5466, -4773, 5728, 5478, -4961, -5418, 3500, 4555, -1785, -3048, 229, 1259, 925, 355, -1713, -1452, 2398, 1930, -3282, -1839, 4581, 1365, -6143, -886, 7507, 862, -8180, -1511, 7935, 2697, -6782, -4044, 4903, 5157, -2602, -5785, 237, 5861, 1893, -5401, -3611, 4420, 4883, -2966, -5775, 1235, 6347, 488, -6558, -1914, 6314, 2885, -5546, -3330, 4302, 3264, -2742, -2796, 1137, 2183, 178, -1694, -822, 1367, 578, -1008, 403, 554, -1581, -169, 2455, 81, -2853, -333, 2872, 752, -2697, -1037, 2377, 778, -1906, 368, 1316, -2441, -672, 5160, -78, -8094, 1195, 10884, -2836, -13120, 4889, 14392, -6938, -14615, 8586, 14151, -9690, -13345, 10238, 12106, -9917, -10227, 8180, 7813, -4967, -5296, 1029, 3065, 2634, -1316, -5414, 119, 7069, 666, -7506, -1222, 6929, 1654, -5763, -1868, 4401, 1675, -3039, -838, 1698, -738, -220, 2773, -1681, -4736, 4196, 6115, -7302, -6739, 10789, 6782, -14245, -6539, 17057, 6251, -18599, -5896, 18640, 5357, -17276, -4566, 14842, 3578, -11815, -2333, 8725, 685, -6020, 1204, 3968, -2758, -2664, 3289
1791219473.336, MrmDetectionListInfo, 840, 54, 61, 16431, 62, 19334, 63, 21887, 64, 25990, 65, 34167, 66, 47765, 67, 65535, 68, 65535, 69, 65535, 70, 65535, 71, 65535, 72, 65535, 73, 65535, 74, 65535, 75, 65535, 76, 65535, 77, 53934, 78, 26938, 79, 19130, 80, 32378, 81, 55627, 82, 65535, 83, 65535, 84, 55389, 86, 28449, 88, 21504, 89, 24462, 90, 31657, 91, 40275, 92, 45932, 93, 45911, 94, 40915, 95, 34053, 96, 28632, 97, 26250, 98, 25891, 99, 25592, 100, 25265, 101, 26548, 102, 30162, 103, 34604, 104, 37628, 105, 38614, 106, 39030, 107, 40834, 108, 44939, 109, 50959, 110, 57737, 111, 63769, 112, 65535, 129, 61563, 130, 62151, 423, 11402, 424, 10977
1791219473.461, MrmFullScanInfo, 841, 107, 2082856, 0, 0, 0, 0, 10000, 39297, 32, 1, 2, 1, 480, -422022, 490286, 422541, -479564, -451191, 445863, 505397, -366897, -519804, 107187, 520059, 339721, -495327, -500141, 367785, 517708, -111677, -520010, -183623, 519486, 324702, -511618, -474846, 481155, 520170, 513789, -147534, -519920, -422531, 495327, 369232, -500042, -439810, 503916, 286470, -518293, -279274, 518604, 213944, -517640, -288399, 517797, 429889, -508212, -514838, 383357, 520192, 80029, -519951, -493130, 444107, 519661, -126808, -519918, -309368, 519458, 496448, -484756, -518529, 333647, 520085, -105027, -520185, -203012, 518160, 388856, -292055, -229341, -490607, -37399, 519648, 418171, -486759, -513035, 66030, 516529, 423617, -299514, -520192, -408175, 510016, 519320, -247753, -520112, -59618, 519699, 364722, -496078, -509291, 331980, 520192, 137899, -520085, -502279, 417056, 520179, 156408, -518284, -445375, 475096, 504625, -309491, -511949, 43032, 254248, 101485, 178740, -71225, -433052, -124354, 480754, 404681, -310459, -490280, -29989, 416588, 293671, -205876, -432434, -116406, 383675, 395343, -168939, -453776, -33012, 401647, 165709, -280316, -224297, 101847, 141713, 46713, -16106, -85552, -65952, 60420, 112195, -4663, -76641, -46224, -40295, 39988, 133824, 27055, -156952, -120469, 127009, 182881, -44332, -177891, -51950, 113212, 95177, -28206, -74377, -44702, 33148, 83256, 11785, -70530, -45478, 38603, 34897, -18594, 6533, 11973, -47012, -23695, 66198, 64717, -51019, -99671, 4877, 103428, 60771, -77796, -96311, 23018, 125783, 46259, -118492, -98509, 86270, 113413, -39391, -98032, -754, 65970, 15705, -28771, -6906, 5195, -7630, -4124, 24824, 21778, -30627, -43493, 13434, 60934, 17315, -65562, -43090, 52057, 58462, -22800, -60803, -2595, 45965, 16354, -17569, -21099, -2823, 18001, 11940, -7981, -12333, 4942, 6178, -11230, 2774, 19004, -2799, -25757, -4814, 33626, 12800, -30620, -18699, 18153, 23856, -2727, -22941, -12879, 13206, 25903, 871, -32981, -12385, 33303, 21219, -26173, -22976, 22145, 15894, -17282, -5942, 14089, 1306, -14065, 1541, 15049, -1900, -9790, -2563, 904, 7533, 10432, -11400, -23027, 11540, 35996, -9323, -42277, 2854, 44082, 3769, -40165, -6087, 32864, 1548, -23923, 10376, 16500, -18292, -13948, 26796, 15042, -30276, -16452, 28607, 19809, -22349, -19977, 10956, 16884, 4615, -11514, -18456, 3459, 23482, 6879, -21070, -14365, 15632, 14829, -7790, -9852, 2031, 240, 425, 10901, 2052, -21188, -6254, 26399, 14091, -28919, -21753, 29732, 28632, -27341, -33740, 23151, 38944, -17307, -44467, 12553, 46535, -6098, -42404, -4002, 30246, 16858, -10629, -30426, -12795, 40836, 32130, -41224, -42882, 32373, 43565, -16728, -32948, -1251, 14244, 15749, 8294, -23638, -26408, 26162, 36638, -24814, -33743, 25337, 18350, -30891, 1993, 42954, -21851, -58550, 31343, 70402, -35988, -79967, 33681, 81644, -26844, -73866, 19430, 59763, -11076, -43125, 5635, 28284, -1812, -18442, 3096, 15290, -863, -16471, -1560, 19865, 2865, -23596, -5505, 27307, 9444, -29981, -14385, 32500, 20395, -33304, -37585, 35005, 45441, -29681, -51072, 21965, 54132, -11078, -50374, 1881, 39029, 4697, -19779, -7103, -6900, 6438, 31861, -11468, -68494, 15898, 106394, -23259, -143983, 32909, 177022, -37970, -198340, 35430, 201640, -17852, -181836, -14680, 145254, 54510, -86961, -88073, 19767, 108342, 43562, -110699, -93466, 97299, 121078, -76288, -125535, 56396, 112907, -43085, -92917, 35738, 74984, -38483, -66102, 38019, 67344, -27630, -72216, 3999, 73222, 31063, -63642, -67759, 42289, 96882, -14436, -121981, -23254, 120984, 54255, -107853, -71309, 85506, 72916, -61586, -62658, 40006, 44576, -24871, -27602, 17742, 13074, -15709, -9498, 14168, 12096, -10253, -16097, 4168, 18208, 4483, -17541, -13981, 13527, 21284, -9688, -24810
1791219473.461, MrmFullScanInfo, 841, 107, 2082856, 0, 0, 0, 0, 10000, 39297, 32, 2, 2, 1, 480, 0, 0, 0, 0, 0, 0, 168592, -228365, -312732, 478536, 362413, -533807, -381164, 345745, 436340, -28227, -508366, -258306, 506161, 433760, -368776, -523557, 130909, 580725, 113061, -567596, -280588, 390962, 323640, -44861, -236408, -341346, 64834, 614964, 100227, -727108, -186992, 713845, 189287, -643427, -145825, 575011, 113911, -542365, -132649, 546539, 202298, -536787, -296589, 427203, 398447, -186840, -486068, -108926, 492044, 355367, -347826, -517742, 80346, 610782, 192763, -625544, -375490, 529134, 466226, -320383, -507439, 69595, 471520, 119786, -282033, -180403, -53298, 111076, 380495, 46442, -504839, -231937, 357036, 350620, -25248, -311179, -317729, 107169, 517720, 164370, -496482, -398220, 278628, 551569, 20916, -590380, -283410, 467654, 459683, -193845, -531352, -131512, 458119, 400334, -231168, -565231, -63455, 609422, 292121, -519507, -362905, 317844, 254315, -83604, -16865, -73658, -242654, 79109, 408398, 54965, -408679, -236423, 244913, 350878, 9962, -322365, -247646, 149902, 377821, 93158, -365455, -303926, 238791, 406678, -68902, -380377, -68111, 254396, 126373, -91106, -104847, -41902, 37997, 102857, 25761, -90721, -46420, 37326, 11992, 11767, 56273, -20455, -119762, -18183, 145181, 79664, -119716, -126405, 56642, 131378, 12567, -90997, -57987, 24533, 66985, 37809, -46327, -72463, 15599, 73879, 3339, -52766, 1142, 27631, -23923, -16172, 48357, 26771, -56574, -53492, 39049, 79443, 1502, -86505, -52726, 65327, 98736, -20939, -125236, -29921, 123542, 68725, -95549, -84392, 54297, 76328, -17293, -52554, -2904, 26005, 3693, -9021, 8261, 7936, -21023, -21299, 23742, 41624, -12673, -58378, -7968, 62480, 29878, -51293, -44452, 29685, 45947, -6013, -34596, -12337, 16756, 21367, -696, -21704, -7873, 17863, 7722, -14922, -2086, 15806, -3511, -20580, 5000, 26478, -1552, -29024, -5408, 24885, 13254, -13957, -18562, -1212, 18589, 16999, -12992, -29602, 3969, 36281, 4913, -36455, -10116, 31577, 9928, -24162, -5560, 17001, 0, -12017, 3990, 8987, -4654, -5944, 1325, 981, 5177, 6659, -12684, -16432, 18625, 26668, -20973, -35126, 19160, 39874, -14657, -39807, 10650, 34762, -10007, -25880, 13470, 15810, -19608, -7701, 26066, 3624, -30582, -3756, 31317, 6703, -27049, -10405, 17488, 13086, -4108, -13501, -9578, 10784, 19617, -5038, -23682, -1842, 21807, 6756, -15703, -7125, 7954, 2199, -1191, 6727, -2576, -17026, 2330, 26160, 1793, -32669, -8537, 36137, 16202, -36608, -23666, 34561, 30532, -30858, -36211, 25956, 39230, -19064, -37677, 8557, 30374, 6403, -17825, -24183, 2440, 40334, 12350, -49292, -23356, 47276, 28378, -34300, -26320, 14110, 17501, 7619, -4054, -25581, -10040, 36685, 19732, -40760, -20625, 40168, 10968, -38591, 7060, 39260, -28125, -43603, 46262, 50833, -57302, -58317, 59872, 62656, -54769, -61242, 44185, 53710, -31024, -42120, 18482, 29879, -9152, -20199, 3982, 15005, -2225, -14513, 2344, 17518, -2855, -22228, 2536, 27226, -601, -31795, -3739, 35964, 11080, -39914, -20723, 42908, 30614, -43064, -38634, 38851, 43363, -30512, -43244, 19747, 36369, -8504, -21673, -2357, -381, 13465, 28290, -26285, -60185, 42032, 93801, -60448, -125979, 79061, 152913, -92867, -170520, 95204, 175526, -80232, -166264, 46420, 142539, 1413, -105453, -53317, 58157, 97821, -6656, -125977, -40965, 134218, 76720, -125014, -95440, 105100, 96892, -82657, -85867, 64421, 70169, -53121, -57488, 46387, 52583, -38148, -55652, 22307, 62620, 3694, -67312, -37787, 64095, 74093, -50079, -104888, 26472, 123243, 1449, -125620, -26236, 113119, 41657, -90386, -45283, 63898, 38841, -39953, -26911, 22804, 15000, -13501, -7443, 10166, 5831, -9315, -8784, 7518, 13419, -2785, -17157, -4698
1791219473.461, MrmFullScanInfo, 841, 107, 2082856, 0, 0, 0, 0, 10000, 39297, 32, 4, 2, 1, 480, 0, 0, 0, 0, 0, 0, -331, 136, 762, -272, -931, 176, 711, 176, -524, -401, 415, 257, -510, 92, 870, -419, -987, 536, 406, -167, 979, -621, -2813, 1393, 4823, -1815, -6051, 1725, 5792, -1216, -3920, 508, 813, 360, 2156, -1078, -3340, 1055, 2456, 68, -1114, -2823, 881, 6878, -1480, -9936, 390, 9894, 1926, -7016, -676, 3247, -5878, -3763, 13292, 17579, -18790, -50230, 26076, 95165, -37511, -132431, 47622, 134824, -45774, -87470, 26353, 12395, -932, 48794, -13658, -86604, 18319, 114874, -26220, -126760, 34721, 102610, -30451, -51422, 19165, 6079, -15339, 13545, 19763, -5030, -24311, -18796, 23715, 36382, -12250, -36474, -13329, 26157, 42387, -12537, -59449, -7501, 66516, 31241, -77113, -42849, 90863, 32345, -91428, -10768, 70955, -3344, -41125, 3069, 15813, 6928, 2863, -20238, -20410, 32745, 39594, -41664, -58941, 46053, 74627, -46719, -81492, 45020, 75930, -42026, -59001, 37934, 36471, -32164, -15638, 23813, 1810, -11882, 3725, -4249, -3806, 23263, 3021, -41358, -4728, 54198, 9486, -59321, -15090, 57180, 18330, -49974, -17225, 39851, 12145, -28283, -5255, 16504, -898, -5790, 4744, -2803, -6184, 8934, 6131, -13052, -5759, 15806, 5908, -17260, -6686, 16710, 7496, -13277, -7596, 6908, 6660, 1037, -4824, -8392, 2454, 13575, 29, -16256, -2029, 16918, 2980, -16121, -2730, 14354, 1803, -12257, -896, 10506, 277, -9310, 178, 8350, -590, -7251, 865, 6012, -892, -4924, 614, 4240, 77, -3827, -1293, 3286, 3030, -2261, -4989, 721, 6701, 944, -7794, -2124, 8162, 2389, -7874, -1757, 6960, 740, -5545, -61, 4055, 285, -3006, -1524, 2689, 3320, -3022, -4866, 3667, 5492, -4318, -4823, 4860, 2848, -5251, -8, 5536, -2843, -5754, 4867, 5743, -5495, -5151, 4520, 3757, -2213, -1623, -816, -1009, 4082, 3717, -7322, -5855, 10292, 6819, -12590, -6430, 13894, 5056, -14076, -3266, 13037, 1547, -10725, -82, 7194, -1213, -2659, 2458, -2309, -3627, 6758, 4660, -9666, -5467, 10497, 5879, -9378, -5523, 6888, 4045, -3775, -1456, 823, -1693, 1248, 4557, -2130, -6337, 2096, 6594, -1778, -5425, 1790, 3403, -2430, -1326, 3619, -73, -4931, 442, 5749, 185, -5487, -1534, 3948, 3064, -1300, -4072, -2080, 4093, 5552, -3089, -8212, 1285, 9319, 988, -8660, -3230, 6532, 4922, -3485, -5724, 208, 5564, 2638, -4632, -4575, 3362, 5355, -2227, -4982, 1533, 3830, -1368, -2462, 1671, 1302, -2181, -577, 2475, 503, -2274, -1230, 1544, 2587, -343, -4144, -1259, 5480, 3097, -6240, -4755, 6120, 5852, -4967, -6248, 2954, 5988, -494, -5151, -1912, 3841, 3741, -2265, -4613, 614, 4478, 984, -3510, -2358, 1980, 3295, -253, -3582, -1153, 3130, 1808, -1945, -1574, 249, 657, 1507, 611, -2813, -1958, 3377, 3195, -3238, -4062, 2724, 4168, -2170, -3182, 1700, 1088, -1319, 1836, 1038, -5251, -834, 8913, 531, -12534, 4, 15607, -556, -17629, 633, 18520, 66, -18442, -1390, 17416, 2938, -15378, -4326, 12567, 5369, -9487, -6042, 6690, 6362, -4492, -6306, 2876, 5990, -1638, -5530, 437, 5055, 1111, -4773, -3060, 4761, 4994, -4643, -6402, 3851, 7077, -2259, -7060, 315, 6537, 1284, -5720, -2082, 4697, 2053, -3499, -1540, 2249, 1001, -1075, -766, 24, 1090, 829, -2099, -1271, 3801, 1216, -6036, -751, 8486, -61, -10597, 1204, 11706, -2552, -11406, 3942
1791219473.461, MrmDetectionListInfo, 841, 43, 64, 19724, 65, 28597, 66, 39899, 67, 53229, 68, 65535, 69, 65535, 70, 65535, 71, 65535, 72, 65535, 73, 65535, 79, 44588, 80, 60088, 81, 65535, 82, 65535, 83, 65535, 84, 65535, 85, 65535, 86, 65535, 87, 50278, 88, 33081, 89, 18824, 92, 12808, 93, 16625, 94, 17419, 95, 17610, 96, 20624, 97, 25609, 98, 28452, 99, 27003, 100, 23623, 101, 22551, 102, 25669, 103, 30894, 104, 34669, 105, 35997, 107, 42848, 108, 51758, 109, 60562, 110, 65432, 111, 65274, 112, 61062, 129, 61812, 130, 63740
1791219473.586, MrmFullScanInfo, 842, 107, 2082981, 0, 0, 0, 0, 10000, 39297, 32, 1, 2, 1, 480, -422445, 491073, 422452, -478835, -453821, 448771, 505231, -369580, -519890, 107329, 520190, 343575, -494656, -497939, 369109, 517347, -110803, -520192, -182598, 519558, 323075, -511594, -474982, 483678, 520121, 513336, -153549, -520143, -417639, 495715, 363901, -501435, -438692, 505167, 283366, -517957, -285794, 518274, 210309, -516547, -289591, 516481, 427394, -507789, -516018, 380318, 520192, 70627, -520138, -490148, 452597, 519288, -147643, -519846, -286292, 519370, 497350, -481979, -519438, 294183, 520192, 1961, -519927, -341926, 508623, 486938, -257232, -405164, -395789, 19580, 519562, 451408, -457191, -515343, -67365, 517740, 477048, -381624, -520192, -353706, 513683, 519698, -254305, -520187, -102603, 519269, 402575, -485813, -514774, 295634, 520161, 130972, -520067, -493748, 431807, 520120, 129884, -518465, -448885, 464611, 507605, -263850, -514832, -2994, 278375, 129781, 145144, -69616, -397706, -143566, 449208, 414821, -284355, -491430, -30489, 432481, 276400, -238407, -391353, -59041, 338238, 332235, -130550, -404726, -74483, 345014, 208480, -231998, -254498, 81498, 171671, 46233, -45071, -77200, -45777, 47106, 98477, 3840, -76218, -44318, -21342, 36643, 100495, 30878, -113294, -117961, 80206, 168872, -1190, -155811, -86610, 92150, 120808, -10272, -92018, -56664, 44541, 86983, 4160, -70231, -36412, 35583, 25050, -15272, 16290, 10930, -53641, -26797, 65591, 68573, -44014, -102284, -7927, 103014, 76383, -72031, -108515, 13066, 134593, 57734, -121067, -109128, 81017, 121291, -27219, -101511, -14594, 65800, 30236, -25200, -18506, 37, -626, -1803, 21760, 23442, -29504, -50944, 13180, 74422, 20352, -84381, -48504, 70583, 66174, -40789, -70495, 12176, 56663, 7811, -28009, -17695, 5970, 18281, 5494, -11499, -6758, 9578, 1775, -14452, 6709, 21942, -8029, -27273, -870, 34489, 10759, -31484, -17877, 20155, 23604, -5528, -23317, -7583, 12753, 17918, 2964, -23377, -15983, 19216, 27658, -11190, -29493, 6510, 21530, -3745, -9304, 5567, 1479, -11638, 4124, 19701, -6899, -20899, 3552, 16536, 3412, -7315, -7346, -6915, 7450, 22182, -4171, -31802, -3635, 35640, 10893, -32953, -9853, 25967, 3001, -14958, 11816, 8621, -23966, -4804, 37982, 5797, -45534, -8819, 46917, 13418, -40643, -16126, 27091, 14811, -9430, -9845, -6183, 2190, 15942, 6896, -17755, -13453, 16156, 12766, -11108, -5626, 7447, -4654, -7026, 17119, 9834, -26873, -14632, 32947, 20844, -33833, -26176, 34642, 30100, -30680, -31245, 26382, 34527, -21858, -37008, 17287, 39247, -11324, -35299, 1366, 25391, 11107, -7190, -24217, -14554, 34377, 31848, -35188, -41099, 27278, 39945, -12538, -28284, -3477, 8511, 16338, 12359, -22780, -30146, 22145, 38311, -21015, -33951, 21901, 18982, -27014, 1648, 39372, -20451, -55546, 28516, 68672, -33533, -77798, 31664, 79604, -27180, -71575, 21437, 57640, -17427, -41567, 13876, 27901, -11745, -18279, 11118, 15779, -8081, -18345, 5298, 22955, -1817, -27123, -2670, 30091, 9132, -32000, -16793, 33282, 26090, -32798, -46701, 33584, 55519, -27797, -61941, 19764, 62637, -9232, -56109, -1018, 39943, 6717, -17364, -9610, -11470, 8775, 35542, -13748, -69306, 17996, 105450, -24609, -138220, 35519, 169140, -41355, -187864, 37148, 190077, -17120, -169712, -14343, 133917, 57290, -75529, -93029, 7705, 112298, 54507, -113375, -100903, 96864, 126243, -70257, -126605, 45692, 108560, -32609, -85466, 23766, 65424, -26352, -54897, 30191, 54750, -22710, -61600, 3487, 65748, 29016, -60022, -63341, 43460, 90987, -15754, -115568, -22575, 111611, 56022, -96609, -76778, 71091, 81403, -43173, -71162, 20298, 51460, -3651, -28993, -4139, 15970, 5427, -6911, -3580, 5309, 2496, -8850, -1475, 11492, 2899, -13456, -7552, 11500, 13555, -9257, -21541
1791219473.602, MrmFullScanInfo, 842, 107, 2082981, 0, 0, 0, 0, 10000, 39297, 32, 2, 2, 1, 480, 0, 0, 0, 0, 0, 0, 168946, -228975, -313302, 480083, 362665, -535530, -380900, 346509, 436061, -27930, -508489, -258799, 506560, 433820, -369224, -523285, 131409, 580507, 112450, -567796, -280298, 391736, 324552, -46125, -239203, -339820, 69150, 613532, 95629, -726159, -183625, 713568, 188011, -643705, -146268, 575400, 114831, -542290, -133087, 545624, 202360, -535742, -296598, 427589, 398718, -189498, -488052, -104542, 498817, 349955, -360293, -511325, 94280, 601973, 183999, -607009, -377147, 486248, 481538, -243223, -535194, -39800, 511427, 245855, -336254, -292434, 9888, 176771, 320206, 37051, -451918, -265514, 308944, 410118, 10167, -378724, -329729, 160866, 509036, 139613, -477119, -399856, 255583, 563599, 43174, -597130, -300993, 464474, 471639, -186997, -540416, -134287, 467220, 396566, -239666, -554413, -59900, 589745, 298657, -490759, -382840, 287184, 286939, -64450, -55535, -72249, -207403, 60483, 383290, 79096, -396400, -257204, 247545, 368882, -10879, -344093, -207269, 179601, 321962, 56728, -302401, -264935, 176678, 369904, -13227, -351631, -114111, 239558, 161109, -92231, -128343, -28708, 51277, 85706, 21747, -78124, -51738, 34706, 27641, 3973, 29714, -6497, -83422, -31581, 102164, 86628, -74603, -124798, 14511, 123210, 47435, -80553, -83264, 15948, 82899, 42074, -55409, -71981, 21431, 69786, -2054, -47213, 6818, 23195, -28577, -14871, 49750, 29094, -52888, -58120, 29985, 83831, 14452, -87999, -66827, 62402, 110843, -13814, -132434, -39670, 123890, 79024, -88894, -93308, 42404, 82450, -3137, -55411, -16168, 26371, 13601, -8813, 2899, 9628, -19955, -27162, 25589, 52907, -15559, -74704, -5827, 81946, 29780, -71161, -47058, 47210, 51234, -19139, -41890, -4487, 24976, 18467, -8810, -22496, -520, 20574, 1331, -17835, 3437, 17780, -8228, -21301, 8694, 26445, -3978, -29205, -4105, 26198, 12485, -17022, -17457, 3866, 16208, 9861, -8500, -20493, -3128, 25478, 14439, -24600, -20967, 19768, 20221, -13837, -13208, 9736, 3340, -9167, 5719, 11331, -11029, -13459, 10884, 12730, -5715, -7546, -1902, -2020, 8602, 14083, -11723, -25497, 10613, 33117, -7154, -34681, 4846, 29527, -6483, -19184, 12746, 7077, -22351, 3023, 32856, -8623, -41385, 9104, 45174, -5545, -42311, 81, 32484, 4952, -17555, -7650, 1316, 6954, 12091, -3222, -19897, -1407, 21445, 3899, -17965, -1962, 11945, -4790, -6200, 14861, 2896, -25579, -2995, 34418, 6199, -39938, -11159, 41821, 16369, -40512, -21068, 37032, 25278, -32598, -28852, 27627, 30770, -21137, -29364, 11397, 23229, 2540, -12378, -19248, -1203, 34586, 14225, -43207, -23476, 41400, 26755, -29137, -23158, 10088, 13327, 10046, 402, -26013, -14103, 35093, 23007, -37647, -23044, 36330, 12808, -34730, 5278, 35934, -25935, -41198, 43575, 49363, -54554, -57327, 57802, 61467, -54195, -59326, 45851, 50903, -35375, -38614, 25299, 26100, -17432, -16758, 12475, 12603, -10067, -13661, 9174, 18234, -8398, -24050, 6314, 29516, -1972, -34064, -5413, 38026, 16111, -41832, -28801, 44800, 40687, -44913, -49099, 40368, 52452, -31190, -49469, 19091, 38983, -6302, -20970, -5869, -3025, 17603, 30972, -30076, -61184, 44663, 92030, -61682, -121013, 79116, 144895, -91852, -160171, 92969, 163979, -76680, -154656, 41582, 131562, 7486, -95307, -60339, 48898, 104852, 1503, -131350, -47697, 135948, 81721, -121706, -98382, 96715, 97375, -70390, -83677, 50116, 65414, -38817, -50516, 34036, 44083, -29217, -46807, 17541, 54955, 4204, -62018, -34526, 61313, 67913, -48693, -96717, 24561, 113760, 5813, -115041, -34225, 101269, 53133, -76911, -58648, 48457, 51904, -22402, -38002, 3589, 23144, 6080, -11963, -7877, 6393, 5067, -5907, -1332, 8332, -329, -11264, -1740
1791219473.602, MrmFullScanInfo, 842, 107, 2082981, 0, 0, 0, 0, 10000, 39297, 32, 4, 2, 1, 480, 0, 0, 0, 0, 0, 0, 220, -545, -264, 1425, -122, -1640, 552, 835, -506, 106, 95, -331, 97, 48, 15, 113, 12, 19, -402, -287, 656, 524, -146, -706, -972, 826, 1967, -774, -2247, 461, 1671, -25, -772, -206, 190, 44, -116, 387, 218, -760, -133, -151, 220, 3044, -308, -6372, -1815, 8039, 7841, -8105, -13842, 7976, 13590, -10645, -5796, 24775, -7013, -59365, 23559, 107344, -39227, -150133, 52666, 165801, -63968, -135007, 65790, 63859, -56750, 11823, 48986, -67141, -46398, 104019, 31463, -117627, -2786, 94885, -18159, -45873, 24232, 1769, -24842, 16070, 25018, -7848, -23061, -10057, 18974, 19232, -13319, -14781, 4991, 4637, 5493, 7115, -16183, -23559, 28732, 42623, -46341, -50973, 64972, 37567, -72517, -9511, 62543, -14249, -41396, 21920, 18358, -17071, 4412, 11178, -29575, -11824, 56100, 17752, -78215, -23576, 90627, 25913, -92106, -23674, 84239, 15601, -69392, -1863, 50725, -13117, -32040, 22814, 16142, -22632, -3617, 12114, -7219, 4969, 18625, -22097, -31140, 32958, 43129, -34251, -51792, 27117, 54582, -16174, -50460, 6351, 40567, -346, -27792, -1709, 15672, 1180, -7061, 249, 2997, -1213, -2340, 675, 2582, 1902, -1416, -5891, -2106, 9457, 7342, -10445, -12506, 7636, 15725, -1491, -15860, -5968, 12685, 12344, -6597, -16131, -1214, 17025, 8754, -15383, -14012, 11903, 15949, -7762, -14627, 4495, 10824, -3375, -5772, 4882, 942, -8691, 2391, 13774, -3599, -18564, 2739, 21567, -295, -21837, -3053, 19199, 6545, -14227, -9354, 8143, 10887, -2350, -11083, -1932, 10350, 4008, -9225, -3933, 8033, 2497, -6752, -851, 5217, 87, -3568, -752, 2316, 2621, -1890, -5055, 2461, 7418, -3984, -9327, 6311, 10629, -9069, -11285, 11593, 11257, -12972, -10402, 12378, 8600, -9470, -5791, 4589, 2104, 1345, 2084, -7047, -6118, 11312, 9150, -13501, -10422, 13794, 9636, -12921, -7164, 11666, 3996, -10327, -1411, 8674, 619, -6450, -2110, 3681, 5415, -371, -9513, -3612, 13376, 8152, -16150, -12585, 17173, 15911, -16177, -17277, 13475, 16518, -9926, -14025, 6516, 10301, -3716, -5854, 1384, 1443, 854, 2074, -3185, -4257, 5558, 5239, -7711, -5515, 9396, 5511, -10388, -5279, 10453, 4621, -9385, -3324, 7227, 1380, -4459, 1114, 1767, -3892, 258, 6484, -1318, -8321, 1328, 9033, -317, -8664, -1489, 7530, 3678, -5949, -5691, 4046, 7072, -1870, -7579, -423, 7159, 2474, -5882, -3848, 3864, 4300, -1358, -3876, -1123, 2934, 2971, -1948, -3801, 1375, 3621, -1485, -2613, 2223, 1108, -3208, 358, 3875, -1173, -3759, 987, 2629, 113, -488, -1704, -2346, 3286, 5175, -4436, -7155, 4767, 7954, -4044, -7886, 2441, 7416, -512, -6576, -1168, 5101, 2298, -2764, -2818, -445, 2849, 4212, -2579, -7858, 2160, 10500, -1607, -11391, 757, 10242, 548, -7334, -2213, 3539, 3825, -34, -4819, -2049, 4744, 2190, -3401, -559, 1063, -2209, 1624, 5400, -4114, -8379, 6342, 10631, -8365, -11911, 10077, 12326, -11384, -12249, 12277, 11999, -12515, -11537, 11541, 10634, -8816, -9212, 4212, 7366, 1584, -5099, -7232, 2412, 11569, 460, -14053, -3167, 14642, 5416, -13452, -6857, 10823, 7157, -7284, -6197, 3410, 4358, 231, -2497, -3232, 1588, 5460, -2240, -7139, 4456, 8713, -7641, -10498, 10723, 12608, -12417, -15009, 12252, 17490, -10785, -19384, 8693, 19807, -6176, -18182, 3414, 14318, -1007, -8453, -617, 1612, 1455, 4336
1791219473.602, MrmDetectionListInfo, 842, 53, 64, 17204, 65, 26759, 66, 40919, 67, 57830, 68, 65535, 69, 65535, 70, 65535, 71, 65535, 72, 65535, 73, 65535, 74, 65535, 75, 65535, 76, 58500, 77, 40960, 78, 33167, 79, 39459, 80, 56063, 81, 65535, 82, 65535, 83, 65535, 84, 63373, 85, 54588, 86, 47578, 87, 40957, 88, 32301, 89, 21693, 92, 17186, 93, 21112, 94, 19481, 95, 15127, 96, 13464, 97, 15576, 98, 17788, 99, 16433, 100, 11551, 107, 33963, 108, 42128, 109, 49315, 110, 54341, 111, 55853, 112, 53071, 285, 15048, 286, 15971, 287, 16514, 288, 16514, 289, 15955, 290, 14962, 292, 12191, 422, 11937, 423, 12120, 424, 12223, 427, 11707, 428, 11091
1791219473.704, MrmFullScanInfo, 843, 107, 2083106, 0, 0, 0, 0, 10000, 39297, 32, 1, 2, 1, 480, -422206, 490943, 422062, -479185, -453144, 444793, 504818, -368589, -519876, 111740, 520156, 337172, -495846, -497453, 367188, 517627, -110540, -520187, -179504, 519667, 323692, -511594, -474394, 483787, 520182, 512941, -145022, -520024, -416549, 495145, 369914, -499343, -439255, 505437, 279028, -518060, -281226, 518792, 209465, -518072, -283814, 516535, 421111, -508240, -515159, 384254, 520192, 85684, -520109, -490224, 450811, 519347, -186336, -519684, -209803, 519625, 466310, -503298, -518392, 357546, 520192, 4435, -520073, -469558, 443446, 518802, 134140, -508401, -518244, 191725, 520192, 431119, -466168, -514565, -157122, 517236, 508317, -411638, -520192, -216909, 519595, 517590, -341246, -520192, -89434, 519663, 440784, -465474, -519120, 171376, 520192, 275965, -519098, -506126, 400528, 520128, 103144, -519227, -426325, 463312, 506528, -192562, -513733, -101393, 231626, 214299, 164250, -123765, -401101, -138241, 413126, 400812, -214735, -473236, -79660, 411501, 330450, -215837, -434969, -63182, 369650, 300879, -188381, -378505, -16649, 329926, 176468, -205696, -240094, 37463, 167066, 92394, -53167, -128818, -40958, 89162, 93919, -26722, -67652, -15674, -13061, 18953, 74424, 24776, -84068, -93077, 55960, 129046, 6298, -111390, -74083, 60726, 103323, 1670, -82390, -54721, 43704, 73998, -7430, -51578, -13007, 21730, -4959, -6877, 51247, 13392, -87290, -43705, 85412, 95668, -46219, -130216, -19443, 130636, 95887, -96621, -122185, 30509, 141943, 41428, -126024, -94749, 84841, 109509, -27757, -91823, -19215, 55953, 37018, -17145, -28068, -8026, 10181, 7133, 12098, 18328, -20497, -48079, 3704, 72830, 29799, -82663, -57974, 69296, 75261, -38507, -78759, 7757, 64912, 17841, -32861, -35268, 3346, 41158, 17626, -36768, -30264, 33484, 32982, -33545, -28656, 32698, 25033, -29459, -28125, 28283, 27478, -20198, -22919, 8033, 18956, 3123, -12619, -10380, 1358, 15867, 12071, -18180, -19122, 15149, 23981, -10300, -23200, 9255, 17294, -8345, -10215, 9514, 7795, -13509, -6625, 17442, 6086, -16510, -7399, 10932, 10607, -3340, -10052, -7106, 9395, 17333, -8188, -24174, 5906, 28237, -3013, -30267, 4192, 29366, -9188, -26055, 20373, 22790, -25879, -22098, 31096, 21785, -33236, -21140, 31513, 21387, -25408, -19224, 16550, 14963, -3479, -9932, -9598, 3287, 17404, 4950, -19452, -11032, 19505, 13503, -16191, -10750, 11897, 4014, -9279, 5605, 7130, -15394, -6490, 21922, 7492, -27008, -11911, 31557, 15488, -33388, -18566, 32181, 26219, -28481, -33424, 24061, 38316, -16221, -37732, 5132, 28931, 8513, -10989, -24076, -10489, 35475, 28589, -35785, -38529, 28311, 39510, -13789, -28892, -3368, 11700, 18127, 9546, -26426, -26767, 27917, 37374, -27423, -36225, 27377, 23114, -29922, -4035, 39151, -14592, -52744, 25009, 66174, -31655, -76013, 31623, 80382, -27996, -75008, 22239, 62704, -17755, -46536, 13616, 31227, -10960, -19385, 11159, 14986, -8770, -14961, 6017, 18425, -4365, -21542, 54, 23822, 6607, -26216, -14651, 27589, 24545, -27653, -44467, 27265, 54633, -22834, -59650, 15851, 58804, -8713, -51517, 4101, 34274, -3202, -11964, 4396, -15821, -6314, 38092, -903, -69682, 8059, 100017, -21208, -130860, 35485, 159089, -47666, -178323, 43337, 182295, -24566, -164556, -10243, 130963, 54905, -74741, -92364, 10653, 114982, 50848, -115520, -94945, 99480, 118600, -71867, -115212, 48140, 97456, -33496, -73238, 27070, 55019, -32558, -48002, 38203, 52734, -33292, -63366, 13917, 70594, 20240, -66862, -54475, 49868, 80712, -21576, -103082, -17468, 94184, 48870, -69836, -68735, 37385, 71026, -3644, -55929, -21626, 29185, 34731, 2111, -36399, -11604, 25764, 24903, -15569, -27960, 7801, 21713, -5294, -12046, 6849, 894, -13048, 6614, 19758, -11277, -25712
1791219473.704, MrmFullScanInfo, 843, 107, 2083106, 0, 0, 0, 0, 10000, 39297, 32, 2, 2, 1, 480, 0, 0, 0, 0, 0, 0, 168754, -228370, -313096, 478948, 362682, -535210, -380923, 348238, 435488, -31112, -507116, -256052, 505151, 432668, -368812, -523309, 132210, 580746, 111206, -567824, -278939, 391550, 322649, -45675, -236442, -340478, 65868, 614122, 98428, -726416, -184685, 713303, 186640, -642905, -143033, 574351, 110605, -541283, -128459, 544862, 198078, -534668, -293805, 425204, 398153, -185764, -491545, -107499, 512574, 347954, -390251, -502211, 135924, 592785, 144572, -609820, -349915, 496264, 464946, -236591, -502745, -89182, 426486, 356323, -203413, -455985, -110526, 343619, 369725, -68748, -431109, -246901, 259077, 460208, 46848, -460549, -338342, 238210, 506575, 89232, -483578, -377808, 269493, 550324, 37682, -564486, -314968, 398634, 503239, -105561, -576444, -197770, 493274, 424505, -251491, -549745, -58926, 557740, 304601, -432566, -391922, 207904, 296587, 18708, -67108, -136807, -188286, 93248, 351649, 74746, -351586, -266914, 194117, 379554, 44049, -352743, -258191, 192534, 366978, 33044, -342206, -230825, 210491, 330389, -36919, -310512, -105000, 197767, 167505, -50233, -146426, -69093, 74424, 122003, 414, -108652, -38347, 58689, 27244, -11970, 14995, -1700, -56741, -22097, 71727, 62647, -50092, -91113, 2098, 89050, 47952, -55928, -77294, 7289, 77551, 34222, -56525, -52307, 32265, 45768, -23031, -26510, 35471, 12008, -59644, -16915, 76395, 44777, -69342, -84611, 34514, 115988, 18656, -119883, -74039, 89261, 116526, -33796, -134963, -25610, 123369, 68796, -85519, -85223, 36074, 75755, 6039, -49875, -27503, 21891, 25945, -5437, -9215, 7621, -8890, -26671, 15692, 53659, -6435, -76128, -14632, 83314, 38547, -71434, -55847, 44739, 59671, -11803, -48778, -18526, 28136, 39774, -5653, -49819, -11857, 50920, 20900, -47031, -22279, 41460, 19941, -36102, -17549, 31014, 16323, -24644, -15783, 15786, 14914, -5126, -12185, -5561, 6476, 14610, 1600, -20579, -9859, 22648, 15848, -21282, -17837, 18011, 15624, -14636, -10839, 12782, 5796, -13157, -2081, 14697, 505, -15143, -1399, 12664, 4369, -6763, -8301, -1727, 11969, 11031, -14415, -19195, 15268, 24909, -15221, -27514, 16051, 26691, -19197, -22776, 24440, 17271, -30188, -12254, 34718, 9172, -36815, -8243, 35629, 8750, -30590, -9623, 21572, 10042, -9465, -9486, -3425, 7468, 14242, -3806, -21012, -630, 23213, 3979, -21406, -4356, 16776, 885, -10791, 5808, 4933, -13931, -636, 21699, -1019, -28223, -29, 33240, 3139, -36400, -7893, 37444, 14204, -36452, -21296, 33318, 27188, -27181, -29288, 16725, 25616, -1395, -16078, -16978, 2898, 33755, 10457, -43312, -20696, 42008, 25486, -29905, -23666, 10545, 15546, 10536, -3073, -28032, -10289, 38872, 20065, -42833, -22081, 41935, 14378, -39429, 1406, 38700, -20755, -41819, 38527, 48523, -50951, -56270, 56336, 61457, -54807, -61103, 47877, 54322, -37846, -42723, 27333, 29633, -18576, -18632, 12751, 12208, -9805, -10938, 8817, 13537, -8300, -17972, 6542, 22758, -2312, -27315, -5154, 31680, 16005, -35898, -28836, 39207, 40640, -39891, -48397, 36669, 50284, -29984, -45159, 21554, 32328, -12946, -12489, 4329, -12074, 5511, 38707, -18244, -65521, 34941, 91448, -55221, -115276, 76289, 135221, -92300, -148748, 95719, 153215, -80385, -146401, 45015, 126815, 5160, -94279, -59383, 51230, 104998, -3502, -131934, -40630, 136225, 72917, -121144, -88102, 95231, 86122, -68639, -72281, 49415, 54918, -40649, -42029, 39318, 38442, -37799, -44348, 28314, 55445, -7470, -64640, -22560, 64768, 55286, -51729, -81998, 26446, 94670, 5331, -89368, -34930, 68099, 53928, -37241, -57158, 4852, 45546, 21450, -25436, -36307, 4422, 38602, 12104, -31948, -21234, 22158, 21736, -13937, -14729, 9659, 3466, -9615
1791219473.704, MrmFullScanInfo, 843, 107, 2083106, 0, 0, 0, 0, 10000, 39297, 32, 4, 2, 1, 480, 0, 0, 0, 0, 0, 0, -81, 387, 46, -569, 37, -311, 140, 2017, -731, -3100, 1391, 2609, -1369, -1151, 421, 44, 800, 237, -1374, -158, 1519, 80, -1732, 69, 1987, -195, -2017, 148, 1468, 17, -135, -296, -1671, 655, 3051, -898, -3897, 1022, 4403, -1013, -4159, 1185, 2781, -1651, -595, 1901, -4190, -463, 16661, -4712, -35328, 12033, 47387, -13147, -42610, 5841, 25722, -10158, -9014, 42722, 19432, -99632, -67288, 166254, 110646, -209852, -96292, 189952, 27269, -103485, 41254, -2488, -70068, 83657, 51727, -120122, -12649, 108414, -7413, -65402, 1892, 22451, 5053, -7806, 3069, 29848, -21426, -68561, 37491, 86610, -40464, -66864, 28883, 27989, -12404, 8361, -1563, -40936, 12983, 73278, -22404, -97161, 29491, 96631, -34442, -68355, 39432, 27891, -45524, 3867, 51172, -16932, -51924, 16654, 44545, -15872, -31239, 23185, 17851, -36557, -8813, 47939, 2714, -52306, 4735, 50439, -14709, -45275, 24447, 39029, -30150, -32907, 29760, 28033, -23203, -25330, 10790, 24280, 6957, -21809, -27075, 14086, 43583, 46, -50447, -17231, 45397, 30768, -31672, -34407, 16103, 26407, -4914, -10395, 1056, -7099, -4287, 20090, 12426, -25222, -22250, 21935, 29951, -11525, -31874, -3254, 26085, 18403, -13870, -29868, -67, 34846, 10091, -32631, -13216, 25083, 10529, -15963, -5072, 8668, -992, -4494, 6823, 2937, -11917, -2823, 15613, 3202, -17298, -3361, 16797, 2648, -14522, -619, 11498, -2501, -8951, 5884, 7659, -8578, -7660, 9803, 8579, -8861, -9903, 5097, 10882, 1709, -10366, -10776, 7158, 20285, -847, -27964, -7663, 31815, 16342, -30675, -22916, 24638, 25800, -15128, -24403, 4568, 19070, 4374, -10944, -9582, 1906, 10176, 5966, -6785, -10983, 1283, 12244, 4045, -9957, -7417, 5638, 8078, -1650, -6295, -39, 3041, -1073, 416, 4043, -3009, -7157, 4286, 8783, -4448, -7992, 4125, 5039, -4093, -1281, 4980, -1439, -6812, 1714, 8790, 652, -9581, -4598, 8059, 8520, -4086, -11048, -1310, 11282, 6580, -8961, -10383, 4758, 11960, -66, -11140, -3588, 8400, 5187, -4715, -4583, 1306, 2589, 787, -520, -1137, -487, 202, -107, 886, 2132, -988, -4738, -361, 6650, 2805, -6664, -5563, 4220, 7831, 227, -8921, -5380, 8327, 9895, -5956, -12874, 2416, 13894, 1267, -12923, -4139, 10396, 5742, -7051, -6177, 3685, 5835, -922, -5030, -963, 4037, 2065, -3173, -2495, 2586, 2330, -2138, -1665, 1745, 651, -1558, 535, 1766, -1600, -2375, 2072, 3211, -1536, -3912, -61, 3991, 2339, -3102, -4616, 1483, 6119, 154, -6252, -1103, 4930, 1030, -2615, -34, -2, -1401, 2308, 2551, -3868, -2779, 4503, 1908, -4312, -236, 3651, -1686, -2964, 3385, 2563, -4654, -2382, 5466, 2046, -5806, -1197, 5678, -137, -5303, 1715, 4985, -3200, -4755, 4058, 4328, -3670, -3261, 1704, 1215, 1598, 1841, -5432, -5381, 8627, 8467, -9999, -10242, 8718, 10313, -4649, -8899, -1394, 6459, 7857, -3574, -13035, 985, 15737, 638, -15609, -962, 13235, 159, -9627, 1384, 5720, -2998, -2083, 3917, -1038, -3481, 3746, 1525, -6272, 1480, 8675, -4546, -10719, 6460, 11992, -6326, -12142, 3936, 11004, 104, -8718, -4570, 5640, 8259, -2257, -10742, -702, 12474, 2401, -14286, -2459, 17208, 1119, -22182, 1153, 29312, -3631, -37434, 4976, 44697, -3373, -49526, -1587, 50726, 8450, -47520, -15551, 40339, 22048, -31286, -26867, 22831, 27980, -16089, -24119, 10836, 16108, -6431
1791219473.704, MrmDetectionListInfo, 843, 61, 57, 10817, 58, 16826, 59, 23275, 60, 28478, 61, 30847, 62, 29623, 63, 25285, 64, 19581, 65, 15008, 66, 14079, 67, 18973, 68, 31242, 69, 51335, 70, 65535, 71, 65535, 72, 65535, 73, 65535, 74, 65535, 75, 65535, 76, 65535, 77, 65535, 78, 54761, 79, 37435, 80, 35594, 81, 49287, 82, 65535, 83, 65535, 84, 65535, 85, 65273, 86, 49972, 87, 40747, 88, 33036, 89, 22277, 94, 23987, 95, 38041, 96, 52068, 97, 61827, 98, 64253, 99, 59065, 100, 48228, 101, 34606, 102, 21237, 107, 38879, 108, 50587, 109, 57898, 110, 62197, 111, 64404, 112, 63609, 224, 22828, 225, 25128, 226, 25726, 230, 19551, 231, 16110, 467, 26588, 468, 27603, 469, 29002, 470, 30067, 471, 30215, 472, 29546, 473, 28558, 475, 26402
1791219473.837, MrmFullScanInfo, 844, 107, 2083231, 0, 0, 0, 0, 10000, 39297, 32, 1, 2, 1, 480, -424781, 491672, 421116, -480560, -452422, 444978, 505726, -370148, -519938, 108071, 520190, 341632, -494558, -498429, 371167, 518570, -112892, -520192, -178148, 519459, 323017, -511819, -474379, 482382, 520173, 512140, -156829, -520164, -420874, 495753, 363143, -500706, -437349, 505519, 285950, -517973, -287298, 517481, 224828, -516613, -293220, 515333, 432820, -509082, -515047, 383624, 520192, 90370, -519936, -495506, 439055, 519439, -147618, -520178, -234118, 519608, 455822, -507457, -513116, 421090, 519854, -217471, -520192, -128581, 518129, 230417, 119646, -179329, -520007, 16026, 520096, 345371, -496346, -504693, -77853, 440698, 520122, -51320, -520018, -457670, 498396, 519278, -280014, -520029, 22746, 520067, 278161, -511030, -504099, 356271, 520169, 160821, -519987, -503716, 423999, 520130, 36730, -519590, -322825, 507201, 438544, -385075, -409385, 73408, 85451, 127086, 269166, -132167, -491762, -78306, 496292, 356290, -308642, -439457, -4131, 372524, 283829, -200601, -449217, -87510, 413026, 325344, -244713, -389358, 79098, 356201, 79316, -245423, -170853, 68598, 121782, 64268, -40473, -113503, -32381, 92754, 89192, -23600, -54991, -35639, -52494, 40573, 134776, 7635, -163970, -85374, 142436, 141686, -72858, -132348, -7830, 80995, 46286, -18522, -41650, -42406, 17749, 74636, 13773, -60257, -31983, 35613, 19068, -23070, 21488, 20607, -61407, -40684, 72218, 86195, -44543, -117707, -12643, 115261, 87366, -79863, -126797, 14393, 156005, 65208, -144697, -124821, 104295, 144242, -42861, -127432, -13998, 86819, 42801, -36627, -43878, -3256, 33448, 17314, -7722, -3327, -6745, -23410, -5689, 51964, 37963, -67782, -69827, 58366, 92539, -28779, -99340, -3559, 85011, 28611, -48236, -44512, 11264, 44822, 16403, -31630, -29738, 19745, 30425, -15550, -17337, 13930, 5959, -18231, -3298, 29057, 3435, -31559, -8456, 25248, 19834, -12911, -28119, -3359, 26758, 23871, -14628, -38054, 165, 42954, 15840, -38686, -27414, 29528, 26628, -16597, -17174, 5931, 7374, -1811, 3825, 4357, -12092, -5644, 11815, 5698, -1640, -3079, -6536, -7239, 12065, 19291, -12684, -29163, 5740, 35221, 2654, -33622, -7329, 26910, 2395, -15540, 10156, 6640, -21553, -3585, 34931, 5987, -43721, -11738, 44923, 18880, -38264, -24571, 24039, 23125, -5976, -17053, -11731, 6907, 21135, 6821, -20828, -16662, 17085, 19421, -9925, -15498, 4365, 6051, -2656, 5400, 4180, -15351, -7207, 21478, 12492, -25751, -18860, 32229, 24337, -34120, -28031, 35754, 35598, -34886, -43251, 30993, 49150, -22203, -47123, 9368, 36415, 8460, -16931, -25913, -8404, 36959, 29086, -36835, -40478, 26694, 40087, -8893, -26386, -9077, 4930, 25233, 19002, -31066, -38395, 29162, 47005, -25095, -42138, 24923, 24743, -28484, -2607, 39100, -17584, -54439, 27210, 65482, -31621, -73799, 31261, 73704, -25469, -66882, 21150, 52354, -18818, -37400, 16617, 25157, -14960, -17357, 14477, 15133, -9927, -15300, 8143, 18188, -5158, -19747, 2010, 20394, 1540, -23596, -6838, 26683, 13816, -30238, -31312, 35087, 42387, -34760, -49365, 29200, 52916, -22061, -48827, 15963, 37100, -13008, -15922, 11296, -8969, -12526, 31843, 3408, -62219, 5273, 97304, -18547, -133516, 34537, 167854, -44695, -193466, 40838, 204556, -17007, -188324, -21884, 153853, 69391, -91275, -109448, 17385, 132008, 52103, -130775, -104737, 108490, 129192, -76301, -128456, 49048, 106899, -29703, -78906, 25202, 55605, -30594, -49693, 37673, 56905, -33676, -71535, 11387, 81816, 22740, -82329, -60481, 66377, 89767, -40031, -110066, 5699, 97329, 18383, -71209, -25205, 34731, 15159, 136, 10129, -23989, -42083, 28417, 67123, -18198, -68368, 1892, 75155, 17639, -67078, -30961, 52626, 33647, -34954, -26904, 20166, 13693, -9443, -1210, 3788, -9631
1791219473.837, MrmFullScanInfo, 844, 107, 2083231, 0, 0, 0, 0, 10000, 39297, 32, 2, 2, 1, 480, 0, 0, 0, 0, 0, 0, 168740, -228696, -312940, 479397, 362520, -534993, -380989, 346712, 436162, -28635, -508770, -258197, 507644, 433471, -371369, -522852, 133962, 579773, 110518, -567026, -279691, 391410, 325028, -46449, -239882, -339143, 69405, 613010, 95817, -725992, -184118, 713686, 189710, -644221, -150380, 576670, 121251, -544472, -139843, 548362, 207003, -537146, -298522, 425036, 398742, -182452, -487044, -113278, 500120, 355796, -371038, -511652, 118169, 605083, 151716, -639721, -340538, 579515, 435501, -407323, -450330, 170678, 351003, 49094, -111392, -178005, -201031, 168535, 434664, -23498, -457390, -177229, 246619, 298938, 96325, -245791, -411264, 39260, 574034, 209507, -533506, -410369, 316553, 539222, -19693, -570515, -251700, 453321, 444949, -188497, -538142, -128378, 495427, 387898, -303544, -547980, 34956, 598491, 178655, -517255, -238818, 306477, 131100, -43401, 80061, -140033, -292771, 150578, 415488, -4077, -394689, -193658, 230121, 323640, 19597, -316395, -258238, 174885, 399586, 34857, -405918, -222477, 296182, 320038, -129913, -305786, -21884, 202180, 108136, -62118, -116158, -54395, 69292, 107778, -11200, -93584, -15713, 38463, -6511, 15969, 62897, -34984, -119802, 9997, 146327, 38641, -128885, -78490, 76824, 86240, -15796, -58160, -28707, 9003, 44691, 37386, -36000, -62356, 17942, 62001, -8845, -45596, 18504, 28715, -41378, -26100, 60944, 43652, -60066, -73583, 31034, 98203, 20851, -99673, -80825, 69753, 131429, -15171, -157515, -45438, 149887, 91757, -110583, -111157, 54057, 101866, -469, -71676, -34147, 34967, 43750, -7185, -33205, -1540, 15708, -10230, -5901, 35377, 11598, -60803, -30969, 73203, 55653, -66029, -74842, 42006, 79367, -9866, -66171, -20136, 40149, 39775, -10998, -45912, -11691, 41260, 22038, -31644, -20044, 22950, 10884, -19138, -1209, 20534, -3982, -23668, 2197, 24049, 6009, -18832, -16572, 7379, 23933, 8711, -24269, -25563, 17119, 38375, -5221, -43604, -6619, 40203, 13836, -29895, -14402, 16860, 9169, -5817, -794, -568, -6819, 2462, 9760, -1907, -6394, 1748, -1598, -4488, 10419, 10934, -16234, -19598, 16987, 27477, -13607, -31207, 9591, 28506, -8567, -19673, 12202, 7966, -19920, 2048, 29722, -6994, -38719, 5927, 43635, -213, -41866, -7265, 32505, 13357, -17090, -15633, -346, 12942, 14930, -5883, -23218, -2893, 24413, 9618, -20031, -11269, 12890, 6961, -5927, 1847, 1286, -12306, -39, 22047, 2145, -30152, -6426, 36580, 11456, -41253, -16716, 44001, 22583, -44617, -28953, 42385, 34237, -35833, -35854, 23432, 31611, -5151, -21114, -16109, 6323, 34709, 9079, -44470, -21001, 41715, 26230, -26962, -23220, 4695, 12615, 18373, 2738, -35977, -18271, 44904, 28586, -45840, -29147, 42150, 18452, -38052, 751, 36955, -22601, -40247, 41069, 46771, -52325, -53484, 55440, 56892, -51768, -54540, 43932, 46267, -34667, -34370, 26120, 22519, -19513, -13878, 15145, 9940, -12637, -10270, 11297, 13096, -10251, -16612, 8562, 20062, -5614, -23752, 714, 28467, 6830, -34612, -16568, 41178, 26571, -45592, -34564, 45544, 38861, -40823, -37739, 32995, 29461, -23868, -13640, 14047, -8128, -2706, 33486, -11617, -60857, 30075, 89404, -52373, -117760, 75622, 143555, -93496, -163415, 97687, 173591, -81424, -170500, 43323, 151317, 10860, -115281, -69517, 65418, 118770, -9341, -147219, -42635, 150278, 80708, -131647, -98769, 101142, 96609, -70320, -80248, 48259, 59759, -38500, -45095, 37711, 42124, -37502, -50813, 29152, 65885, -8552, -79158, -22166, 82928, 55560, -73317, -81475, 52198, 91008, -26477, -80387, 5247, 52694, 4070, -16429, 1375, -17440, -18273, 39378, 39335, -44584, -57641, 34641, 69099, -16286, -71767, -2153, 65090, 14295, -50800, -17574, 32733, 13119
1791219473.837, MrmFullScanInfo, 844, 107, 2083231, 0, 0, 0, 0, 10000, 39297, 32, 4, 2, 1, 480, 0, 0, 0, 0, 0, 0, -55, -145, 181, 150, -129, 173, -48, -756, 416, 1234, -1116, -1094, 1970, 348, -2436, 475, 2122, -898, -1245, 767, -178, -136, 1709, -720, -2614, 1224, 2656, -1018, -1950, 416, 480, 249, 2394, -1023, -6096, 1938, 9048, -2778, -9576, 3104, 7219, -1943, -3599, -1083, 391, 4539, 2906, -6522, -6273, 6500, 5983, -5153, 296, 7741, -9502, -29171, 20104, 82969, -34549, -160363, 62619, 229169, -105468, -250434, 139735, 201357, -132351, -101774, 78718, 1991, -12665, 73760, -37213, -135283, 67691, 175273, -77566, -162642, 65606, 97647, -50574, -23905, 50319, -15209, -57346, 6353, 55920, 28033, -44453, -49676, 22985, 43721, 13485, -25807, -57632, 4714, 94628, 25981, -122913, -58536, 147478, 63795, -158364, -26930, 138673, -28907, -93312, 68573, 48672, -78150, -23949, 67294, 14896, -49844, -4564, 30715, -16377, -9505, 45029, -11303, -73328, 25891, 93005, -29834, -96903, 24048, 82161, -13786, -53336, 4802, 20685, -136, 5455, -1420, -20548, 4116, 27459, -10894, -32349, 20783, 39358, -29968, -48753, 34549, 58123, -32901, -64476, 26258, 65548, -17290, -60054, 8662, 48447, -2607, -33407, 449, 19171, -2130, -9405, 6217, 5256, -10248, -4937, 11788, 5374, -9872, -4652, 5381, 3063, -30, -2573, -4483, 5172, 7307, -11080, -9056, 18386, 11345, -24283, -15178, 26345, 19900, -23047, -23591, 14262, 24045, -1421, -19871, -12504, 11320, 23733, -376, -29371, -9794, 29132, 16051, -25368, -16852, 21395, 13122, -19644, -7617, 20603, 3309, -22770, -1968, 23599, 3559, -20876, -6440, 14099, 8234, -4892, -7100, -3633, 2749, 8326, 3418, -7498, -8839, 1739, 10972, 6211, -8655, -12427, 2782, 13440, 4230, -8009, -9253, -2167, 9678, 13326, -4712, -21379, -4107, 23577, 13514, -19553, -19808, 11385, 20308, -2597, -14545, -3379, 4570, 4689, 6029, -1660, -13684, -3348, 16181, 7203, -13423, -7818, 7404, 5222, -1202, -1204, -2575, -1969, 3081, 2726, -1390, -862, -312, -2558, 157, 5897, 2336, -7631, -6100, 6859, 9264, -3571, -10273, -1156, 8518, 5574, -4469, -8112, -474, 8067, 4538, -5733, -6295, 2272, 5297, 796, -2128, -2273, -1908, 1871, 5385, -226, -7354, -1554, 7647, 2527, -6767, -2284, 5429, 1008, -3912, 717, 2030, -2207, 476, 3042, -3597, -3293, 6969, 3425, -9880, -3897, 11511, 4771, -11276, -5703, 9122, 6235, -5715, -5970, 2271, 4701, 47, -2697, -591, 795, -636, 74, 3153, 559, -6069, -2460, 8275, 4867, -8795, -6862, 7384, 7671, -4769, -6922, 2074, 4887, -116, -2382, -970, 445, 1565, 254, -2234, 343, 3308, -1689, -4686, 2852, 6043, -2967, -6967, 1755, 7059, 282, -6078, -2222, 4348, 3353, -2665, -3511, 1842, 3020, -2247, -2465, 3610, 2489, -5169, -3574, 6035, 5805, -5544, -8713, 3467, 11446, -77, -13079, -3876, 13067, 7547, -11381, -10424, 8521, 12361, -5267, -13358, 2312, 13447, 63, -12640, -1858, 10981, 2829, -8491, -2454, 5309, 307, -1792, 3662, -1273, -9062, 2845, 14915, -2165, -19635, -801, 21506, 5377, -19575, -10453, 14195, 14534, -7025, -16054, 149, 14337, 4769, -9947, -6848, 4479, 6035, 246, -3188, -2865, 168, 2846, 1026, -728, 575, -2242, -4596, 4670, 9869, -5700, -15036, 5507, 19264, -5393, -22663, 7227, 26315, -12245, -31564, 20308, 39096, -29857, -48391, 38028, 57793, -41278, -65056, 37224, 68690, -26156, -68737, 11006, 66170, 4229, -61527, -16036, 54699, 22306, -45803, -22992, 35749, 19881
1791219473.837, MrmDetectionListInfo, 844, 95, 63, 14635, 64, 26537, 65, 42291, 66, 61802, 67, 65535, 68, 65535, 69, 65535, 70, 65535, 71, 65535, 72, 65535, 73, 65535, 74, 65535, 75, 65535, 76, 65535, 77, 52930, 79, 17424, 80, 41229, 81, 65535, 82, 65535, 83, 65535, 84, 65535, 85, 65535, 86, 65535, 87, 65535, 88, 65535, 89, 48528, 90, 32788, 91, 28412, 92, 31789, 93, 35528, 94, 35854, 95, 35434, 96, 37776, 97, 41522, 98, 41966, 99, 36788, 100, 28997, 101, 24644, 102, 27663, 103, 36529, 104, 47084, 105, 58023, 106, 65535, 107, 65535, 108, 65535, 109, 65535, 110, 65535, 111, 65535, 112, 65535, 113, 65535, 114, 65535, 115, 65535, 116, 65535, 117, 62608, 118, 54942, 119, 46505, 120, 39652, 155, 47085, 157, 42707, 192, 20854, 198, 15242, 199, 15658, 200, 15184, 204, 22791, 248, 17871, 386, 5491, 394, 8513, 396, 10383, 398, 10082, 399, 9813, 400, 9503, 423, 12149, 424, 13180, 425, 13926, 426, 13959, 427, 13279, 428, 12165, 462, 38193, 463, 42732, 464, 46785, 465, 49986, 466, 52022, 467, 52688, 468, 51917, 469, 49795, 470, 46540, 471, 42545, 472, 38510, 473, 35390, 474, 34082, 475, 34850, 476, 36673, 477, 37640, 478, 36559, 479, 33845
1791219473.962, MrmFullScanInfo, 845, 107, 2083356, 0, 0, 0, 0, 10000, 39297, 32, 1, 2, 1, 480, -422203, 491538, 421388, -478970, -453989, 446984, 504760, -369454, -520008, 107675, 520166, 346536, -494939, -499066, 368438, 516982, -112862, -520192, -177174, 519571, 321985, -511766, -474142, 485068, 520094, 511711, -164730, -520174, -417956, 496907, 365596, -500797, -434149, 504864, 283672, -517117, -286609, 518136, 222481, -516014, -301574, 517182, 436156, -505525, -516267, 375778, 520192, 88758, -519979, -494432, 440995, 519907, -153602, -519696, -240373, 519638, 470527, -502324, -517093, 374795, 520186, -67912, -520148, -415109, 478458, 516160, 123070, -491703, -518298, 211407, 520192, 358381, -495554, -515638, -81297, 516767, 516089, -331916, -520190, -295099, 518297, 517302, -343568, -520158, -20105, 519669, 397081, -484731, -518837, 172251, 520192, 348600, -516993, -516440, 340881, 520192, 177977, -518267, -433492, 479543, 502144, -275218, -511123, -37054, 234499, 204254, 167318, -168278, -420463, -77158, 437731, 352427, -234836, -444642, -78060, 367570, 337723, -174496, -458154, -113052, 391266, 344902, -210224, -406947, 21987, 357623, 128175, -229705, -182067, 60563, 97934, 67355, 16855, -91320, -99196, 38877, 125740, 33741, -62009, -69213, -59611, 46050, 141094, 33438, -154963, -120793, 116609, 174561, -36302, -159890, -49428, 97230, 86809, -17882, -66029, -52553, 21730, 83917, 28186, -59985, -53816, 21037, 34183, 5922, 20581, -12044, -72747, -13149, 88966, 67253, -60368, -109354, -3876, 113540, 87789, -81266, -127693, 17361, 157220, 56414, -146613, -111458, 105360, 126128, -44479, -103217, -5556, 59877, 24106, -8961, -10866, -24934, -22527, 29223, 54255, -2432, -66754, -33440, 45583, 64394, -592, -77669, -43135, 64856, 76185, -28836, -88979, -4573, 81202, 26780, -51793, -41392, 23382, 42003, -4595, -31282, -5739, 24488, 3991, -26000, 2467, 29250, -4806, -34128, -4857, 38427, 16505, -32870, -25608, 15514, 33325, 5280, -31696, -23706, 19866, 37379, -1401, -41207, -14523, 33370, 26668, -20386, -29085, 8520, 20325, -890, -7579, -1697, -191, -3840, 3595, 10955, -96, -12429, -10155, 5211, 24344, 5065, -30174, -20603, 27822, 36790, -19772, -44686, 5818, 45558, 7297, -39766, -12237, 31385, 10410, -18971, 930, 13724, -7775, -12175, 14459, 13547, -15915, -15022, 10979, 15481, -1831, -10923, -9734, 589, 21769, 10361, -27383, -23184, 22531, 32846, -12144, -35414, 3730, 30480, 5554, -18577, -9334, 4545, 8902, 10466, -4954, -22561, 3468, 30256, 1303, -35423, -3855, 39151, 8047, -41768, -11900, 41373, 20125, -37625, -30184, 32398, 38001, -22775, -38223, 7858, 30166, 8282, -14394, -22791, -6845, 36062, 25015, -36325, -35154, 26277, 35696, -8755, -24322, -10709, 6578, 25983, 16504, -33174, -33511, 34349, 41664, -33008, -37543, 32065, 20674, -37055, 261, 48688, -19701, -64351, 31179, 75354, -35480, -83348, 35575, 82265, -33329, -72425, 29207, 56763, -25961, -39432, 21889, 26851, -18353, -19010, 16349, 16095, -10763, -19661, 8036, 23662, -4075, -28955, 536, 32491, 4523, -34844, -11173, 36760, 20554, -38468, -42861, 42184, 54664, -40214, -64462, 33654, 68700, -23119, -63791, 13471, 49950, -4864, -25889, 71, -4899, 4762, 32621, -12766, -70083, 23678, 107613, -40744, -142784, 57776, 175404, -71319, -196584, 72651, 200418, -54930, -180083, 17800, 142863, 31236, -81261, -77846, 10287, 110520, 57229, -119362, -110240, 107787, 136906, -82486, -139299, 55627, 118010, -36466, -88975, 26814, 62464, -31039, -47628, 37105, 46994, -34600, -56916, 15476, 68151, 16733, -70207, -55759, 61944, 87413, -41936, -114889, 9127, 111609, 18784, -90971, -37628, 58460, 39469, -21979, -25523, -4648, 909, 15852, 22520, -12638, -35199, -1082, 42493, 17440, -38597, -28766, 26585, 31865, -8907, -25571, -3741, 12204, 10106, 1611, -8623, -10342
1791219473.962, MrmFullScanInfo, 845, 107, 2083356, 0, 0, 0, 0, 10000, 39297, 32, 2, 2, 1, 480, 0, 0, 0, 0, 0, 0, 168779, -228720, -313083, 479523, 362599, -534800, -381044, 345617, 436380, -26852, -509006, -259771, 507581, 434177, -371074, -522788, 133854, 579503, 110227, -567107, -279547, 392131, 326060, -47751, -242270, -337671, 72143, 611899, 93676, -725395, -182537, 713280, 188296, -643718, -149558, 576310, 122006, -544697, -142506, 548735, 210666, -536595, -301859, 423375, 401116, -180805, -488718, -113847, 501405, 355280, -370741, -510757, 114384, 602094, 159466, -622588, -353260, 519752, 458331, -273342, -492819, -47470, 420629, 323316, -204488, -444066, -105226, 357536, 367634, -101408, -439755, -206223, 276734, 413640, 33909, -408072, -341959, 190643, 526799, 116157, -515180, -379779, 305743, 537463, 5930, -546704, -296778, 377975, 497963, -81679, -570021, -222144, 471233, 447548, -216444, -576354, -87836, 594685, 311001, -479071, -375887, 249207, 271368, 3959, -47780, -158843, -194631, 142888, 347096, 16942, -341688, -215430, 181268, 337446, 61975, -316393, -283827, 159308, 400548, 62326, -382390, -253565, 256796, 345161, -90193, -318104, -43904, 201027, 99572, -54312, -76239, -57215, 10584, 96189, 46614, -67852, -56244, 9688, 11247, 32758, 62172, -30044, -124271, -16508, 144638, 78477, -114911, -120354, 51283, 119901, 14848, -77258, -55117, 12895, 58630, 43524, -34173, -69586, 3545, 61287, 10301, -31866, 2882, 3193, -34286, 4683, 62722, 15779, -67276, -54639, 39032, 90067, 15214, -100638, -78102, 76827, 130342, -26180, -156376, -31131, 147827, 73736, -108566, -88671, 55207, 74722, -9808, -40901, -11369, 2971, 5135, 22452, 18451, -25030, -41730, 4821, 48815, 28391, -33617, -59245, 1393, 73728, 36035, -66422, -65738, 42149, 78184, -11134, -71338, -16496, 51250, 33859, -27922, -39388, 10071, 36782, -2009, -31717, 2293, 28559, -5128, -28946, 4788, 31157, 1052, -30823, -11172, 24079, 22063, -10421, -29063, -7263, 28482, 24300, -19750, -35889, 5723, 39027, 8578, -33878, -17929, 23369, 19438, -11792, -14118, 3433, 5927, -766, 563, 2896, -1663, -6264, -4131, 7087, 14879, -2918, -25914, -6657, 32494, 19647, -32018, -32178, 24900, 40441, -14379, -42105, 5204, 36956, -963, -27148, 2334, 16540, -7395, -8783, 13008, 5490, -16124, -5932, 14570, 7737, -7595, -8188, -3780, 5494, 16532, 758, -26323, -9752, 29822, 19401, -26469, -26457, 18193, 27876, -7925, -22408, -1520, 11125, 8331, 3140, -12028, -17004, 12999, 28007, -11855, -35485, 9243, 40092, -5560, -42617, 488, 43482, 6574, -42716, -15205, 39664, 23243, -32830, -27716, 20877, 26352, -3934, -18719, -15525, 6661, 32685, 6433, -41813, -16994, 39068, 22363, -24741, -21031, 3166, 12988, 19328, -224, -37132, -13205, 47278, 22091, -49953, -22055, 47896, 11583, -45126, 7028, 45051, -28548, -48884, 47218, 55297, -59141, -61145, 63220, 62887, -60435, -58276, 52756, 47783, -42492, -34452, 32068, 22235, -23396, -14187, 17389, 11557, -13929, -13792, 12289, 19058, -11372, -25204, 9867, 30796, -6615, -35477, 267, 40053, 10051, -45557, -23315, 51509, 36648, -55293, -47072, 54068, 52681, -46972, -51827, 35305, 42868, -21121, -25362, 5749, 725, 10733, 28603, -29368, -60130, 51385, 91449, -76613, -119953, 102151, 142981, -122031, -157585, 128303, 161096, -113816, -151815, 76141, 129048, -19987, -93296, -43410, 47199, 99824, 3540, -136969, -50899, 148839, 86446, -137388, -104059, 110873, 102518, -80337, -86311, 55643, 63999, -41871, -44896, 37344, 35942, -34930, -39334, 26378, 51867, -6989, -66443, -22449, 74936, 56089, -71467, -84971, 54827, 100360, -29175, -97321, 2575, 77004, 16321, -45922, -21836, 13564, 13755, 10916, 3180, -21849, -22073, 18895, 36705, -6619, -42768, -8072, 38685, 18972, -26404, -22452, 10765, 18176
1791219473.962, MrmFullScanInfo, 845, 107, 2083356, 0, 0, 0, 0, 10000, 39297, 32, 4, 2, 1, 480, 0, 0, 0, 0, 0, 0, 14, -93, -59, 191, 16, 311, -82, -1532, 431, 2455, -760, -2156, 793, 913, -685, 244, 673, -634, -690, 236, -21, 646, 1793, -1565, -3487, 1940, 3824, -1496, -2905, 741, 1702, -279, -322, 57, -1792, 463, 4591, -1399, -6753, 1697, 6805, -332, -4943, -1965, 2553, 3345, -222, -3175, -2320, 2421, 4987, -1969, -6721, 1012, 6665, 4891, -6246, -25460, 9393, 66351, -18277, -119142, 30939, 162377, -43003, -171223, 47562, 135652, -36102, -70389, 9203, 736, 20146, 55203, -38956, -84559, 39274, 79537, -20497, -50277, -2290, 19771, 9405, -7526, 2125, 24664, -21168, -60054, 32858, 81786, -20160, -72357, -20727, 47801, 65096, -27200, -85142, 9294, 82561, 10127, -76735, -25768, 75038, 30833, -70130, -26556, 58258, 18518, -46019, -10943, 40241, 6560, -39793, -7492, 38090, 13677, -30698, -21343, 18506, 25826, -5936, -24337, -1727, 17031, 153, -6315, 12137, -3566, -31671, 7251, 50218, -978, -58445, -13649, 51036, 28706, -30137, -34466, 4217, 26371, 16964, -7893, -27024, -12719, 25107, 27836, -15091, -33445, 3108, 29121, 5197, -17528, -6377, 3711, 260, 6619, 9925, -9281, -19042, 3377, 22724, 8166, -19543, -19957, 11292, 26906, -1738, -26753, -5144, 20705, 7059, -12034, -4337, 3931, -711, 1956, 5443, -5557, -8134, 7781, 8495, -9859, -7670, 12921, 7710, -17368, -11024, 22608, 18987, -27212, -30257, 29276, 40850, -27355, -46492, 21677, 45090, -14222, -37089, 7545, 24948, -3381, -11898, 1742, 628, -1197, 7539, 241, -12812, 1592, 16222, -3784, -18746, 5355, 20696, -5307, -21635, 3163, 20661, 573, -16817, -4501, 9910, 6888, -1056, -6308, -7344, 2294, 12735, 4119, -13718, -10409, 10558, 13704, -4818, -12327, -1276, 6660, 5513, 1129, -6509, -8131, 4427, 11920, -903, -11491, -1646, 7588, 1093, -2304, 3379, -1853, -10655, 3160, 17977, -1183, -22274, -3243, 21791, 8368, -16779, -12110, 9066, 13171, -932, -11658, -5850, 8892, 10585, -6592, -13593, 5871, 15849, -6638, -18525, 7798, 22290, -7925, -26816, 5795, 30933, -949, -33003, -6027, 31382, 13750, -25219, -20452, 15382, 24396, -4244, -24390, -5562, 20521, 12312, -14142, -15481, 7162, 15745, -1196, -14569, -2883, 13514, 4827, -13456, -4932, 14225, 3990, -15013, -2893, 14994, 2145, -13764, -1749, 11441, 1475, -8532, -1061, 5519, 661, -2621, -678, 10, 1158, 2118, -1725, -3573, 2183, 4163, -2703, -3696, 3322, 2317, -3822, -577, 4140, -985, -4534, 2254, 5165, -3380, -5833, 4362, 6392, -5082, -6991, 5628, 7674, -6167, -8069, 6660, 7742, -7005, -6439, 7275, 4168, -7512, -1287, 7448, -1363, -6799, 2848, 5666, -2775, -4372, 1406, 3229, 671, -2398, -2982, 1949, 5316, -1890, -7439, 2135, 8980, -2355, -9624, 1926, 9666, -459, -9836, -1842, 10561, 4445, -11477, -6904, 11704, 9034, -10363, -10688, 7133, 11595, -2285, -11334, -3390, 9528, 8944, -6197, -13916, 2159, 18392, 1170, -22454, -2612, 25980, 1792, -29057, 1106, 31679, -5420, -33177, 9871, 32484, -12942, -28799, 13687, 22149, -12309, -13422, 10046, 4077, -8358, 4210, 7974, -9885, -8528, 11947, 8979, -10513, -8109, 6852, 5127, -2694, -177, -481, -5272, 1833, 9139, -1361, -9792, -36, 6645, 1071, -382, -624, -7088, -1814, 13118, 5978, -15469, -10773, 13328, 14831, -7612, -17200, 351, 17727, 5865, -16905, -8989, 15435, 8870, -14078, -7188, 13525, 6023, -13934, -6298, 14709, 7661, -14772, -8787, 13364
1791219473.962, MrmDetectionListInfo, 845, 85, 65, 11547, 66, 19285, 67, 30403, 68, 44403, 69, 60249, 70, 65535, 71, 65535, 72, 65535, 73, 65535, 74, 65535, 75, 65535, 76, 65535, 77, 63937, 78, 40044, 79, 18303, 81, 17198, 82, 40786, 83, 62566, 84, 65535, 85, 62509, 86, 50149, 87, 38377, 88, 27520, 89, 17282, 94, 19714, 95, 32621, 96, 46686, 97, 55726, 98, 56311, 99, 50420, 100, 43526, 101, 40686, 102, 43704, 103, 49921, 104, 53987, 105, 52649, 106, 47728, 107, 43870, 108, 43999, 109, 47396, 110, 51223, 111, 52986, 112, 51914, 197, 23220, 198, 26953, 199, 30448, 200, 33347, 201, 35289, 202, 36002, 203, 35380, 204, 33492, 205, 30535, 206, 26771, 207, 22497, 266, 12945, 267, 13827, 285, 15452, 286, 16473, 287, 17179, 288, 17417, 289, 17243, 290, 17135, 291, 17781, 292, 19289, 293, 20882, 317, 9196, 318, 8955, 385, 5945, 386, 5931, 394, 8884, 396, 9937, 398, 10089, 399, 9668, 413, 13726, 414, 14558, 416, 15403, 419, 19313, 421, 21866, 422, 22105, 423, 21724, 424, 20765, 425, 19177, 426, 16962, 427, 14276, 428, 11366
1791219474.097, MrmFullScanInfo, 846, 107, 2083481, 0, 0, 0, 0, 10000, 39297, 32, 1, 2, 1, 480, -422385, 491329, 420268, -480680, -453206, 447766, 504459, -369182, -520069, 107763, 520176, 340356, -495769, -498883, 370104, 517201, -110656, -520106, -175362, 519493, 317625, -511893, -474934, 481836, 520146, 513678, -144958, -520102, -420418, 495876, 364430, -499962, -443268, 504800, 279534, -518170, -276974, 519026, 210179, -518348, -287311, 516804, 430510, -508146, -514829, 383635, 520192, 83542, -520120, -492295, 449136, 519630, -170192, -519945, -229580, 519954, 470871, -504128, -516914, 389064, 519922, -143346, -520192, -282977, 492909, 498681, 400492, -395792, -520192, 17914, 520105, 347974, -506091, -501277, 291731, 504773, 117526, -290823, -519719, -386626, 506510, 519449, -277776, -520063, 30899, 519982, 265000, -511006, -482750, 408258, 520077, 123973, -520005, -514257, 345340, 520192, 245105, -517679, -467388, 471494, 507673, -315405, -513637, 67638, 288402, 131356, 160624, -151642, -448323, -31077, 500351, 309444, -346846, -421729, 29935, 353703, 236006, -198332, -400229, -74453, 387983, 331258, -217002, -411032, 31409, 380269, 129551, -276391, -219878, 94197, 162043, 59907, -54611, -113050, -37380, 93824, 96466, -36052, -72623, -15073, -22679, 14953, 94801, 33636, -118647, -103517, 94181, 144206, -33116, -126580, -40089, 66849, 68455, 6101, -48403, -71587, 12748, 104081, 24326, -86810, -40485, 48676, 20430, -23250, 31845, 16508, -77873, -36036, 93277, 84310, -67234, -119829, 7712, 118606, 66748, -83998, -107578, 14744, 136178, 62973, -126798, -119762, 88825, 134766, -33830, -111959, -14571, 65099, 34619, -9349, -25609, -32419, -1950, 45373, 32069, -26203, -47495, -7677, 32783, 42986, 4266, -65088, -40892, 64267, 69937, -42136, -83986, 15604, 75010, 7770, -43782, -25863, 10175, 32812, 18446, -26342, -39127, 18896, 48942, -11256, -47985, 926, 45255, 8509, -46882, -9774, 40671, 15611, -31097, -22541, 24076, 23388, -16532, -19951, 6658, 17742, 2145, -14484, -7490, 11093, 14988, -10457, -17488, 13222, 16387, -15768, -15690, 18770, 17830, -22031, -19025, 23292, 17502, -18484, -16193, 10148, 12305, -1520, -7669, -8250, 2500, 16455, 1346, -20242, -5443, 20919, 9607, -20531, -9746, 19421, 7836, -17492, 588, 20081, -1661, -23779, 4095, 28145, -4556, -32056, 3351, 36771, -34, -37478, -5260, 34187, 13321, -26270, -25267, 18617, 25504, -3577, -20755, -9450, 14246, 17352, -5697, -17382, -363, 12747, 2573, -3133, 9, -7800, -6680, 19153, 12497, -26156, -21079, 31218, 26149, -32091, -28718, 30284, 33276, -27997, -38566, 24461, 41084, -18774, -41327, 6050, 32102, 6118, -15598, -21054, -3759, 32772, 20740, -36364, -32212, 31088, 35250, -18873, -26447, 4688, 10209, 9616, 12213, -17790, -31556, 19589, 43151, -21019, -42266, 23138, 28445, -28156, -7211, 40737, -14715, -55953, 29035, 69670, -37113, -76530, 38475, 79092, -33504, -71027, 28479, 55269, -23483, -38781, 19227, 23499, -16626, -13576, 11804, 11609, -8891, -12889, 5224, 17344, -3072, -22431, 1367, 27820, 891, -32853, -5033, 38259, 9603, -42039, -26505, 48053, 36077, -44765, -44535, 37155, 50849, -27085, -50853, 16533, 44002, -8125, -27503, 3355, 3307, -162, 18397, -7421, -52704, 15361, 89573, -27715, -125002, 44776, 158861, -56706, -181806, 59731, 187965, -46175, -171398, 17553, 138573, 24608, -83395, -60725, 19476, 83903, 41775, -87953, -87476, 77771, 111500, -57266, -111771, 39602, 95634, -30485, -73730, 25889, 54684, -32521, -49564, 37716, 54053, -31089, -66494, 9622, 75433, 24028, -73273, -60858, 58038, 88545, -30668, -112227, -6571, 104033, 38127, -79594, -54654, 45372, 54638, -11038, -37807, -13327, 12125, 21867, 12417, -15622, -20169, 1444, 27859, 14406, -24121, -24374, 13466, 23471, -1236, -15030, -7507, 1245, 10439, 13298, -8505, -23215
1791219474.097, MrmFullScanInfo, 846, 107, 2083481, 0, 0, 0, 0, 10000, 39297, 32, 2, 2, 1, 480, 0, 0, 0, 0, 0, 0, 168527, -228928, -312487, 479829, 361926, -535346, -380573, 346904, 436130, -28908, -508778, -257762, 507345, 433067, -371281, -522516, 134953, 579223, 108579, -566024, -277274, 390004, 322051, -44702, -236388, -340983, 65989, 614385, 98363, -726551, -184706, 713376, 186483, -642889, -142603, 574261, 111060, -541516, -130928, 545891, 201872, -536400, -296979, 426813, 399396, -186358, -490222, -108395, 507303, 350688, -380384, -506865, 124150, 600157, 152971, -628957, -348935, 547851, 450294, -330263, -459324, 24719, 340419, 255428, -87789, -385807, -218133, 305896, 462146, -69697, -563227, -187496, 466077, 324984, -176942, -272913, -194439, 70038, 473909, 175090, -529544, -376978, 355966, 516898, -61786, -570183, -222217, 475277, 422527, -217375, -500686, -115702, 418051, 405275, -184454, -586142, -100595, 632973, 311266, -534984, -371606, 317757, 264476, -59521, -33465, -128041, -223107, 159788, 394116, -38432, -408711, -146915, 263420, 281986, -21620, -289641, -216091, 161027, 360687, 46062, -370740, -241656, 262401, 351583, -96181, -345575, -53610, 240102, 133510, -88118, -131307, -45046, 73282, 114101, -5727, -112220, -28912, 66196, 13947, -17799, 35299, 551, -86080, -21559, 108798, 60778, -90882, -87957, 42204, 82284, 11810, -41884, -46901, -16803, 53533, 67816, -38295, -90504, 18008, 80952, -10637, -51720, 24473, 23508, -52413, -14762, 76702, 31824, -79404, -64792, 52385, 92958, -970, -96423, -59767, 66945, 111951, -12822, -140083, -45594, 135069, 87195, -99369, -99518, 47766, 81847, -872, -43534, -25057, 517, 25086, 30316, -6429, -37795, -15835, 20586, 26900, 12891, -19840, -47985, -2473, 70215, 30895, -72055, -54178, 55066, 62963, -26750, -54003, -3411, 31440, 26955, -3536, -39171, -21618, 40086, 38801, -32703, -47186, 21279, 49311, -10076, -47739, 1366, 43509, 5261, -37327, -10681, 30140, 14546, -22244, -16368, 13622, 16544, -4744, -15966, -3417, 15627, 9670, -16313, -12924, 18095, 13148, -20457, -11774, 22972, 10387, -25066, -9553, 25404, 9105, -22448, -8825, 15720, 8520, -6166, -7953, -4319, 6958, 13566, -5277, -19947, 2798, 23094, -69, -23614, -1433, 22476, 482, -20813, 2761, 19957, -6970, -20906, 10726, 23803, -13166, -27942, 13720, 32024, -11831, -34460, 6738, 34218, 1504, -30964, -10785, 24346, 17861, -14202, -20635, 2042, 19128, 8709, -14591, -14568, 8827, 13755, -3829, -6610, 1084, -4813, -1145, 17555, 3708, -28779, -7831, 36559, 12495, -40237, -17250, 40438, 22210, -38481, -27165, 34926, 30975, -28906, -31806, 18935, 28032, -4381, -19397, -13219, 7575, 29926, 4691, -40696, -14607, 41907, 19805, -33006, -18576, 16567, 10559, 2782, 2576, -20164, -17024, 32311, 27578, -38424, -29409, 39932, 20236, -39623, -1691, 40463, -21253, -44009, 42496, 49703, -57142, -55321, 62978, 57922, -60517, -55123, 52125, 46437, -40866, -33842, 29476, 21000, -19859, -11557, 13027, 7574, -9200, -8835, 7919, 13558, -8182, -19714, 8757, 26005, -8525, -32033, 6232, 38171, -791, -44737, -7631, 50715, 17511, -53687, -27006, 51670, 34610, -44718, -38340, 34479, 35681, -22812, -25076, 10579, 6842, 2618, 17509, -17989, -46163, 36899, 76896, -59576, -106576, 83720, 131609, -103838, -148316, 112444, 153709, -102805, -146141, 72507, 125257, -25844, -91879, -26887, 48770, 73219, -1586, -103210, -41743, 112709, 73289, -104267, -88011, 85207, 85831, -64325, -71958, 48730, 54809, -41349, -42581, 39658, 40278, -36925, -48036, 26222, 61275, -4506, -72545, -26241, 74557, 59748, -63193, -87190, 39424, 100181, -9169, -94417, -18783, 71948, 36235, -40027, -38772, 8361, 27801, 14236, -9354, -22768, -9467, 17796, 23269, -4867, -28936, -8510, 25644, 16361, -15456, -16073, 2632, 8471
1791219474.097, MrmFullScanInfo, 846, 107, 2083481, 0, 0, 0, 0, 10000, 39297, 32, 4, 2, 1, 480, 0, 0, 0, 0, 0, 0, -237, -250, 555, 401, -656, -446, 442, 696, -95, -1094, -31, 1164, -11, -747, -343, 344, 1231, -485, -1832, 1130, 2255, -1851, -3357, 2451, 4583, -2588, -4704, 1930, 3569, -874, -1479, -27, -2071, 899, 6549, -1960, -9578, 2772, 9375, -2344, -6435, 167, 3073, 2756, -711, -4562, -1722, 4647, 5167, -4013, -7602, 3306, 6476, -1902, -2680, -2505, 173, 12519, -1849, -20401, 21741, 10917, -59907, 11078, 88662, -20366, -83635, 6452, 74193, 5072, -119045, 14097, 200143, -58901, -230870, 91722, 167949, -79946, -65037, 33620, -12026, 11781, 50605, -22378, -63204, -14556, 62856, 72632, -60058, -101261, 60414, 75875, -62643, -22073, 61625, -20960, -52487, 40841, 40609, -49107, -35235, 55499, 32666, -50747, -22104, 22955, 332, 19557, 26047, -54849, -50132, 67131, 66212, -55528, -69089, 30387, 57496, -6276, -36214, -5094, 14690, 309, -1580, 15436, 601, -31924, -10202, 39055, 24576, -31872, -36073, 12510, 38701, 11854, -30376, -32567, 13383, 42975, 6428, -41047, -22372, 29244, 30098, -12443, -29054, -4165, 21739, 16913, -11822, -24433, 2845, 27512, 2511, -27969, -2806, 27063, -1338, -24813, 7272, 21003, -11860, -16269, 13645, 11777, -13463, -8049, 13146, 4783, -14084, -1471, 16204, -2141, -18219, 5851, 18746, -9002, -17335, 10817, 14493, -10722, -10929, 8546, 7497, -4444, -5182, -1121, 4549, 7497, -5240, -13944, 6285, 19544, -6616, -23076, 5379, 23430, -2187, -20122, -2505, 13416, 7445, -4313, -11275, -5248, 13302, 12701, -13723, -15928, 13529, 14380, -14167, -9270, 17082, 3218, -22967, 547, 31306, 523, -40320, -6887, 47129, 16643, -48494, -26589, 42441, 33321, -29704, -33921, 13608, 26962, 1384, -13667, -11293, -2110, 14226, 15294, -11001, -21565, 4505, 19223, 1604, -9787, -4227, -2949, 2102, 14576, 3501, -21545, -9445, 22367, 12099, -17913, -9134, 10774, 1074, -4262, 8905, 1194, -16860, -2605, 20245, 7158, -18764, -11904, 14163, 13762, -9038, -10918, 5550, 3655, -4743, 5916, 6462, -15024, -9466, 21690, 11806, -25336, -11674, 26571, 8345, -26404, -2901, 25910, -2340, -25780, 5455, 25568, -5934, -23697, 4313, 18848, -1432, -11298, -1685, 2694, 4195, 4903, -5970, -9628, 7422, 10475, -8868, -8033, 10280, 4380, -11446, -1793, 12081, 1349, -11739, -2595, 10071, 4179, -7226, -4919, 4039, 4261, -1491, -2292, 176, -335, -223, 2627, 1392, -3472, -2937, 2064, 3959, 1751, -4029, -7081, 3375, 12204, -2572, -15379, 2196, 15711, -2589, -13414, 3742, 9583, -5223, -5643, 6313, 2811, -6274, -1523, 4732, 1578, -2007, -2358, -864, 3038, 2780, -3023, -3244, 2314, 2504, -1544, -1185, 1412, -333, -2059, 1891, 2982, -3224, -3563, 3930, 3616, -3724, -3158, 2546, 2188, -385, -766, -2640, -888, 6373, 2432, -10471, -3429, 14212, 3536, -16512, -2843, 16446, 1899, -13685, -1289, 8594, 1242, -2110, -1684, -4516, 2483, 10053, -3560, -13567, 4941, 14724, -6448, -13939, 7626, 12252, -7885, -10767, 6659, 10135, -3415, -10346, -2049, 10738, 9324, -10247, -17626, 8111, 25953, -4297, -32805, -557, 36331, 5650, -35299, -10082, 29774, 12865, -21182, -13273, 11837, 11131, -4074, -7009, -610, 2088, 2007, 2232, -935, -4756, -1181, 4845, 3000, -2467, -3865, -1759, 3898, 6856, -3563, -11775, 3195, 15746, -2971, -18409, 3127, 19828, -3820, -20366, 4970, 20476, -6271, -20519, 7348, 20627, -7793, -20693, 7185, 20378, -5236, -19267, 2082, 17100, 1704, -13993, -5408
1791219474.097, MrmDetectionListInfo, 846, 73, 67, 11394, 77, 40694, 78, 49307, 79, 65535, 80, 65535, 81, 65535, 82, 65535, 83, 65535, 84, 65535, 85, 65535, 86, 65535, 87, 53208, 88, 25594, 90, 16975, 91, 31363, 92, 44004, 93, 47060, 94, 45194, 95, 49827, 96, 64301, 97, 65535, 98, 65535, 99, 65535, 100, 64252, 101, 51375, 102, 41744, 103, 37158, 104, 37866, 105, 41468, 106, 44378, 107, 44732, 108, 43602, 109, 43097, 110, 43477, 118, 50233, 119, 62896, 120, 65535, 121, 63887, 122, 59624, 200, 13273, 229, 30364, 230, 33578, 231, 35720, 232, 36591, 233, 36118, 234, 34229, 235, 30908, 236, 26302, 237, 20809, 258, 16704, 259, 15831, 270, 13614, 272, 14340, 273, 13522, 285, 18116, 286, 18786, 287, 18888, 288, 18314, 289, 17139, 290, 15668, 292, 13774, 394, 9736, 413, 9929, 414, 9477, 423, 12548, 424, 14264, 425, 15437, 426, 16352, 427, 17145, 428, 17781, 431, 20866, 433, 21712, 435, 18567
1791219474.222, MrmFullScanInfo, 847, 107, 2083606, 0, 0, 0, 0, 10000, 39297, 32, 1, 2, 1, 480, -419794, 491384, 419309, -478870, -454463, 444880, 505061, -368842, -519962, 107722, 520192, 343696, -495673, -497839, 369079, 517803, -116985, -520184, -178496, 519519, 325789, -511266, -476234, 481759, 520138, 512786, -172765, -520042, -406367, 498308, 358812, -501797, -437750, 505816, 282611, -518104, -288605, 517616, 227135, -516340, -300119, 516298, 440607, -505464, -515928, 370514, 520192, 101377, -519926, -493768, 446473, 519057, -167980, -519995, -227340, 519452, 465555, -504695, -516859, 382281, 519969, -98603, -520172, -383544, 448959, 516655, 337435, -433163, -520139, 56362, 520086, 430983, -473166, -514723, -28957, 518630, 500848, -416389, -520192, -189207, 519781, 504550, -440105, -519663, 187361, 520155, 164180, -515487, -487285, 300621, 520186, 305979, -515941, -516279, 328866, 520145, 117082, -519547, -309909, 505400, 378512, -303277, -269650, -72076, -20969, 285061, 347850, -260246, -506342, 51211, 490572, 201694, -220386, -278316, -86710, 216981, 333124, -72155, -442766, -134817, 404030, 310520, -260754, -363274, 86316, 325179, 85519, -212057, -171077, 26840, 122666, 88993, -39226, -118027, -25523, 81912, 53209, -37249, -11018, 13177, -79979, -28453, 140218, 82620, -160702, -153625, 125610, 182937, -60337, -159282, -7977, 103480, 40787, -40420, -37244, -19109, 21612, 51732, -3317, -41184, -34635, 25684, 9487, -6939, 47604, 5090, -98390, -25299, 117021, 67283, -95492, -94074, 48456, 90196, 16450, -60839, -71591, -45, 93803, 55262, -88961, -92237, 65985, 96929, -29573, -77856, -595, 47612, 6322, -14225, 10314, -7072, -39114, 4013, 61426, 20281, -65052, -48870, 37769, 72146, 12477, -81097, -59932, 67406, 97932, -34317, -117209, -443, 112871, 25727, -84984, -48550, 52391, 58028, -24485, -51720, 4396, 43351, 4121, -36465, -1848, 29856, 1715, -27879, -5927, 30668, 15905, -29317, -28338, 18770, 43622, -1717, -52942, -18596, 51193, 39247, -38089, -54112, 19783, 54812, -3141, -38497, -9026, 25218, 11403, -10286, -5248, 2289, -144, -4669, 3118, 14782, 4, -20918, -12225, 21189, 30657, -15599, -47038, -739, 55590, 23476, -51151, -43087, 34115, 53915, -9312, -53916, -12925, 42927, 25816, -24216, -19263, 8363, 17536, -1487, -10666, 3061, 5948, -11837, -6565, 23612, 12877, -29942, -24328, 28095, 37615, -17124, -53099, 2562, 48685, 15290, -36303, -28976, 17600, 32521, -2621, -26357, -10716, 16295, 15588, -3381, -14076, -7641, 9585, 12750, -3081, -18662, -2914, 24032, 7853, -28632, -13876, 29724, 21676, -30777, -32716, 30639, 42656, -24968, -47897, 19846, 41966, -6376, -27200, -8062, 6391, 18359, 13200, -21263, -22501, 13197, 23317, -1547, -12853, -10850, -1565, 20028, 22919, -20796, -39353, 16841, 45960, -12702, -38074, 12311, 20398, -17068, 1498, 28795, -20264, -44697, 28505, 56503, -31663, -64917, 29308, 66635, -25532, -58828, 23135, 48031, -25022, -34438, 27492, 24808, -29286, -19508, 32042, 20314, -29484, -22558, 23644, 24896, -17931, -25538, 10381, 23482, -3150, -21830, -3907, 19857, 12396, -19703, -28807, 21642, 39927, -22324, -49955, 21613, 54403, -20253, -51106, 19614, 37727, -19525, -16324, 19724, -12679, -17139, 36509, 4243, -68807, 12148, 101893, -35374, -133826, 62786, 163584, -84395, -184990, 91612, 192591, -76447, -179590, 38482, 151479, 13340, -100570, -64829, 39431, 103386, 24027, -119830, -76754, 113467, 109197, -93469, -118534, 68764, 107539, -49387, -81156, 37115, 58972, -38497, -46242, 40745, 45848, -34907, -56492, 14431, 68191, 17449, -73741, -55463, 67095, 86976, -52656, -112071, 21782, 109283, 6332, -90538, -25394, 57535, 28732, -21812, -16983, -5985, -4449, 19736, 26583, -18836, -28332, 9186, 33543, 4758, -27840, -12960, 14265, 11829, 652, -1098, -9536, -14172, 10760, 27533, -5393, -33792
1791219474.222, MrmFullScanInfo, 847, 107, 2083606, 0, 0, 0, 0, 10000, 39297, 32, 2, 2, 1, 480, 0, 0, 0, 0, 0, 0, 168438, -228262, -312787, 478603, 362726, -534072, -381447, 345814, 436675, -27980, -509245, -258382, 508165, 433138, -371825, -522261, 133856, 579336, 111532, -566968, -282087, 391842, 330189, -47754, -248585, -336668, 79626, 610053, 87642, -723932, -179784, 713245, 188644, -645038, -151583, 578084, 124483, -546041, -144745, 549023, 212482, -534870, -303517, 419105, 403342, -175381, -492778, -117432, 508302, 354921, -380067, -507089, 123827, 598083, 152512, -623090, -349003, 529702, 452349, -292097, -467655, -28449, 359768, 307107, -115952, -417381, -190772, 307574, 427503, -39762, -475722, -257485, 298883, 453875, 16706, -452039, -329554, 241916, 538315, 66063, -584824, -332176, 441863, 493879, -154884, -524988, -168763, 395114, 427780, -127568, -549022, -175823, 489951, 417628, -276072, -560259, 18999, 576590, 153536, -435114, -178722, 159038, 70454, 139849, 108558, -318238, -275347, 301750, 352416, -130227, -295637, -81717, 116751, 221213, 117432, -230393, -319248, 118678, 421451, 53364, -400393, -208387, 277470, 286819, -108372, -266509, -40162, 166416, 120871, -37175, -125372, -65031, 81069, 108815, -32407, -97684, 16857, 59310, -45388, -27739, 99556, 26285, -147115, -55438, 161643, 94766, -134753, -118655, 78972, 112060, -18756, -75955, -24689, 25337, 41517, 19278, -34576, -43223, 19070, 43520, -15605, -26977, 35012, 6998, -69023, 1232, 98100, 9836, -104552, -34266, 80775, 56212, -31737, -60270, -27378, 40407, 77889, -3196, -105259, -36169, 103903, 62973, -78909, -69655, 44470, 56985, -17545, -32086, 9181, 6248, -19568, 8808, 38970, -6018, -52659, -14048, 48535, 43694, -23451, -70761, -16091, 83537, 58476, -76725, -91596, 53222, 106452, -20710, -100761, -11971, 79762, 36948, -52638, -49680, 28081, 50630, -11474, -43986, 3492, 35247, -652, -29097, -1836, 27164, 7538, -27115, -17872, 24701, 31633, -16747, -44899, 2639, 52665, 15384, -51686, -32207, 41984, 42015, -26548, -41838, 10368, 33185, 1496, -20730, -6406, 10110, 5254, -5646, -1624, 8078, 327, -14566, -5360, 20650, 17547, -21991, -33637, 15625, 47770, -1402, -54044, -17391, 49121, 35281, -33983, -46665, 14131, 47874, 3465, -39053, -14295, 24830, 17669, -12194, -15407, 6660, 10333, -9610, -5932, 18245, 5539, -27372, -11412, 32221, 22935, -30253, -35639, 21137, 43313, -6507, -42133, -9713, 32660, 22284, -18347, -27237, 3560, 23770, 8003, -14175, -14227, 2210, 14953, 9026, -11616, -18256, 6381, 25430, -825, -30728, -4969, 34520, 11880, -37191, -20214, 38669, 28502, -37741, -33696, 32264, 32926, -20727, -25403, 4324, 13162, 12261, -16, -22918, -10119, 23514, 14665, -14137, -12533, -1168, 3906, 16743, 9362, -27941, -23170, 32799, 31845, -32088, -30710, 28428, 18643, -25245, 1100, 25445, -22539, -30097, 39884, 37926, -49871, -45797, 52347, 50135, -49383, -48495, 43971, 40808, -38649, -29481, 34873, 18317, -32975, -10712, 32303, 8164, -31541, -9982, 29428, 14002, -25332, -17924, 19269, 20468, -11674, -21720, 2737, 22862, 7684, -25302, -19161, 29448, 30171, -34111, -38613, 37431, 42432, -38099, -39646, 35663, 28808, -30038, -10232, 20723, -13674, -6719, 39780, -12961, -65757, 38742, 90297, -69609, -112185, 101972, 130027, -128909, -142139, 141334, 146947, -131325, -143134, 96226, 129389, -40875, -104527, -23426, 68788, 82577, -25463, -124351, -18940, 142342, 56236, -137519, -79144, 116735, 84362, -89655, -74494, 65499, 57145, -49751, -41560, 41910, 34921, -36257, -39906, 25734, 53821, -6128, -70039, -21992, 80704, 53400, -79650, -80066, 64975, 94199, -40309, -91246, 13665, 71869, 6248, -41712, -13685, 9577, 8722, 15606, 3497, -27778, -16515, 26134, 25545, -15375, -27741, 3013, 22038, 4384, -10285, -3661, -3044, -4330
1791219474.222, MrmFullScanInfo, 847, 107, 2083606, 0, 0, 0, 0, 10000, 39297, 32, 4, 2, 1, 480, 0, 0, 0, 0, 0, 0, -185, 580, -75, -1090, 538, 1075, -690, -684, 466, 284, -399, 26, 719, -301, -597, 370, -667, -25, 2265, -517, -3888, 1059, 6638, -1962, -10082, 3138, 11449, -3447, -9059, 2216, 4213, -132, 1294, -1766, -6115, 2967, 9120, -3274, -9451, 2031, 7459, 1663, -4919, -6498, 3496, 8921, -3324, -6912, 3487, 2345, -3509, 1422, 3205, -3147, -2281, 5032, 390, -12885, 1123, 28796, 819, -46108, -5772, 51946, 9208, -34876, -8220, -77, -3540, 34829, 39880, -65397, -88445, 104899, 103067, -141290, -69175, 138774, 38526, -94788, -59191, 48982, 104905, -31420, -117621, 38185, 78771, -48776, -19619, 46210, -23789, -26920, 48208, 1409, -70110, 19130, 102213, -41447, -144388, 81324, 180889, -137025, -182751, 178715, 134966, -179756, -53815, 147953, -29731, -111842, 91565, 90427, -118692, -81575, 109852, 69949, -78621, -43218, 44916, 3543, -22639, 34924, 13373, -59682, -10613, 66846, 7364, -58170, 79, 38202, -12099, -15398, 26996, 720, -41835, -636, 52649, 12840, -56478, -28484, 53435, 38466, -46205, -38550, 38340, 30892, -32862, -21925, 30582, 18096, -28717, -21830, 22857, 30651, -12660, -38206, 2253, 38190, 5408, -29637, -11428, 18174, 17614, -10935, -23151, 11294, 27167, -18356, -30719, 28359, 34531, -36401, -37804, 37743, 39996, -29782, -41526, 13869, 41455, 5070, -36474, -20639, 24341, 27773, -6156, -24725, -14032, 13472, 31041, 1549, -40535, -15397, 40613, 24322, -32209, -26823, 18341, 23904, -2621, -18115, -11928, 11969, 23563, -6962, -31883, 3337, 37282, -333, -40340, -2961, 41508, 6640, -41039, -9769, 39200, 11418, -36355, -11683, 33121, 11617, -29788, -12453, 25492, 14943, -18484, -18657, 7656, 21481, 6329, -20465, -21175, 13902, 33554, -2702, -40487, -9304, 40606, 17094, -34401, -17525, 24164, 11297, -13606, -1928, 6334, -6387, -3672, 10205, 4018, -7975, -3954, 536, 198, 9283, 8611, -17590, -20930, 20663, 32805, -16529, -39648, 6191, 38274, 6545, -28266, -16744, 12472, 20452, 4322, -16453, -17872, 7098, 26063, 2779, -28717, -8569, 26943, 8342, -22898, -3268, 19104, -3512, -17570, 8706, 18782, -10338, -21235, 8161, 22156, -3218, -19489, -2711, 13284, 7733, -5210, -10646, -2568, 11483, 8395, -11336, -11397, 11430, 11745, -12113, -10499, 12672, 8950, -12190, -7799, 10324, 6906, -7186, -5676, 3174, 3542, 1576, -479, -6964, -2711, 12296, 5040, -16402, -6037, 18524, 5987, -18969, -5668, 18490, 5843, -17520, -6549, 15785, 7244, -12528, -7586, 7438, 7610, -1104, -7165, -5260, 5813, 10536, -3533, -14113, 1181, 15872, -67, -16043, 1037, 14998, -3885, -13161, 7389, 11088, -9948, -9172, 10235, 7516, -7523, -6015, 2085, 4597, 4955, -3205, -12089, 1866, 17756, -840, -20578, 483, 19860, -1159, -15985, 3127, 10198, -6380, -4012, 10519, -1153, -14902, 4461, 18669, -5930, -20551, 6012, 19249, -4830, -14344, 1976, 6906, 2680, 1085, -8406, -7627, 13786, 11247, -17184, -11239, 17345, 7805, -13933, -1820, 7785, -5642, -477, 13533, -6187, -20647, 10468, 25608, -10966, -27354, 7145, 25547, 389, -20457, -9882, 12680, 18825, -3177, -24639, -6612, 25639, 15037, -21741, -20577, 14757, 22234, -7552, -19926, 2598, 14742, -915, -8529, 1967, 3141, -4240, 127, 5797, -827, -5092, -471, 1337, 2704, 5197, -4830, -12961, 5886, 19653, -5117, -23407, 2639, 23639, 330, -20795, -2276, 15992, 2235, -10257, -147, 4223, -3103, 1551, 6325, -6337, -8840, 9627, 10758, -11462, -12553, 11990, 14476, -11126, -16177
1791219474.222, MrmDetectionListInfo, 847, 138, 29, 2676, 30, 3422, 31, 4337, 67, 11610, 78, 26951, 79, 51388, 80, 65535, 81, 65535, 82, 65535, 83, 65535, 84, 65535, 85, 65535, 86, 65535, 87, 65535, 88, 65535, 89, 63048, 90, 65535, 91, 65535, 92, 65535, 93, 65535, 94, 65535, 95, 58402, 96, 45377, 97, 33703, 98, 27783, 99, 28334, 100, 31398, 101, 33025, 102, 34285, 103, 40239, 104, 53603, 105, 65535, 106, 65535, 107, 65535, 108, 65535, 109, 65535, 110, 65535, 111, 65535, 112, 65535, 113, 65535, 114, 65535, 115, 65535, 116, 65535, 117, 65535, 118, 65535, 119, 65535, 120, 65535, 121, 65535, 122, 65535, 123, 65535, 124, 65535, 177, 28009, 178, 31483, 179, 34598, 180, 36938, 181, 38203, 182, 38220, 183, 36930, 184, 34400, 191, 24761, 192, 21600, 197, 20165, 198, 21249, 199, 23627, 200, 27809, 201, 31390, 202, 31768, 203, 28892, 204, 24586, 221, 24941, 224, 24470, 225, 23842, 230, 19901, 231, 19188, 232, 18296, 237, 14343, 241, 21626, 242, 21226, 244, 24913, 245, 27530, 246, 28028, 247, 25963, 248, 22284, 264, 18055, 265, 22167, 266, 24671, 267, 26136, 268, 26523, 269, 25425, 270, 23146, 271, 20878, 272, 19569, 273, 18989, 274, 18037, 275, 15982, 284, 17840, 285, 18318, 286, 16806, 287, 13980, 288, 11454, 289, 10372, 290, 10795, 292, 13587, 317, 9330, 331, 11966, 333, 12545, 335, 12194, 336, 11995, 339, 11563, 340, 11175, 341, 10552, 342, 9658, 362, 9988, 363, 9946, 364, 9644, 377, 10564, 378, 10553, 380, 9515, 381, 8722, 382, 7926, 383, 7187, 384, 6575, 385, 6245, 386, 6434, 390, 12551, 392, 13338, 394, 11948, 416, 15616, 419, 18742, 422, 14194, 423, 12140, 424, 11552, 426, 13872, 427, 14020, 428, 13495, 431, 18644, 433, 20268, 435, 17665
1791219474.347, MrmFullScanInfo, 848, 107, 2083731, 0, 0, 0, 0, 10000, 39297, 32, 1, 2, 1, 480, -424003, 491063, 417119, -482383, -453743, 445330, 505807, -367421, -520147, 108047, 520087, 336299, -495110, -497118, 367992, 517366, -108367, -520192, -169323, 519640, 324771, -512015, -477675, 479891, 520115, 513015, -160130, -520010, -414004, 498357, 364573, -500314, -439930, 504673, 274240, -518419, -286029, 518289, 217123, -518085, -292470, 515853, 434036, -508023, -515988, 381763, 520192, 91051, -520032, -491904, 451041, 518706, -161425, -519920, -241431, 519883, 472464, -501985, -517715, 381539, 520004, -119035, -520172, -280887, 515444, 441601, -267627, -376656, -322202, 184623, 520056, 278409, -474782, -510643, -314373, 379171, 520192, 125786, -518775, -492296, 489443, 519574, -257769, -520100, -34650, 519636, 333023, -504870, -508313, 346484, 520192, 96267, -520143, -474940, 474711, 519883, -67281, -519566, -265567, 510980, 392536, -411856, -338387, 82024, 6700, 144288, 357806, -154894, -519622, -65888, 515163, 360198, -412206, -446947, 87074, 404156, 228637, -225744, -425597, -79887, 403500, 330418, -234855, -393565, 70548, 352134, 82702, -238158, -184363, 98374, 134122, 49286, -45418, -107927, -32130, 93862, 91277, -23701, -52711, -39355, -67383, 42166, 166031, 17742, -197540, -100728, 180637, 169992, -96109, -168534, -2121, 111965, 55548, -36680, -57134, -35204, 34425, 72236, -4752, -54950, -4693, 26117, -10900, -6870, 52123, -5461, -94757, -7988, 110638, 53236, -84344, -93096, 22470, 102449, 64494, -75757, -117890, 20457, 155717, 55243, -151018, -111906, 116429, 128848, -61718, -110723, 11818, 71527, 9620, -27232, -7056, -5770, -11321, 11781, 32272, 7352, -39470, -34572, 18007, 58560, 21265, -67404, -57155, 55580, 79871, -24995, -83245, 138, 70099, 9773, -36777, -10309, 11517, 519, -493, 13110, 3163, -15412, -13999, 4046, 25326, 13310, -23755, -30352, 9822, 46427, 10993, -45818, -30424, 28715, 45519, -3752, -45534, -19788, 26031, 37846, 1968, -43532, -29653, 34078, 46071, -17268, -51858, 1813, 41553, 9761, -22313, -11537, 5022, 3197, 9122, 9847, -15953, -18566, 12027, 20643, 2153, -15105, -9409, 2555, 12320, 12924, -8732, -23611, -727, 27715, 14523, -25511, -22456, 16585, 25407, -4914, -26013, -5380, 22041, 10674, -14389, -11707, 7448, 8401, -4136, -1252, 5279, -4684, -9748, 7927, 19039, -7848, -30553, 4945, 32153, 2138, -28084, -10152, 20465, 13236, -11121, -11578, 2137, 6115, 2643, 1952, -2538, -10044, -1780, 17211, 9232, -20943, -16667, 20346, 21785, -18714, -25585, 15057, 29516, -11505, -33414, 9196, 34436, -4969, -38130, -3872, 30719, 15830, -15634, -27724, -267, 36171, 15709, -37992, -24399, 30031, 27913, -15433, -21866, -649, 8088, 13153, 8864, -20559, -23236, 25120, 32145, -25094, -30222, 25305, 18124, -26770, -654, 32015, -16388, -40149, 27867, 47045, -34969, -51069, 34198, 51750, -31046, -44971, 28280, 35186, -26821, -23709, 25190, 14458, -23715, -8681, 21825, 11386, -18548, -16058, 14211, 20373, -11729, -25045, 9279, 28329, -7101, -30712, 3284, 33393, 2342, -36053, -17452, 41484, 28259, -40424, -37965, 36146, 44930, -28851, -46098, 21122, 38326, -13391, -20562, 6069, -3522, -1057, 22136, -13669, -53608, 26147, 87018, -43152, -120707, 62813, 154946, -75572, -180129, 77160, 194069, -58224, -183883, 19340, 155252, 27194, -101277, -77426, 32912, 112557, 35138, -123261, -90782, 110700, 121361, -81636, -123441, 52987, 103329, -32413, -76363, 23554, 50802, -29740, -39947, 39819, 43408, -42130, -59074, 27723, 75387, 3412, -83035, -42515, 72869, 77239, -38108, -111853, -1015, 109239, 37946, -88824, -58386, 52366, 58902, -13997, -39402, -15107, 9168, 25700, 21046, -19678, -28518, 8811, 37705, 8897, -32613, -19491, 17641, 18920, -664, -6725, -11116, -12313, 14107, 28710, -10701, -37054
1791219474.347, MrmFullScanInfo, 848, 107, 2083731, 0, 0, 0, 0, 10000, 39297, 32, 2, 2, 1, 480, 0, 0, 0, 0, 0, 0, 168353, -228637, -312420, 479069, 362364, -534678, -381220, 347246, 436130, -30340, -507522, -256248, 505511, 432400, -369998, -522622, 134212, 579551, 109714, -566367, -279968, 390626, 327054, -46041, -243273, -338949, 72784, 612498, 93350, -725531, -181925, 713168, 186428, -643375, -145844, 575576, 116788, -543483, -136938, 547720, 206317, -536804, -299412, 425015, 400702, -183182, -490893, -111136, 506011, 352304, -375764, -508212, 117353, 601304, 159032, -627270, -352986, 541029, 454870, -323975, -505624, 41390, 490249, 194513, -339281, -298158, 44142, 244475, 249343, -64076, -342665, -148494, 171785, 257405, 152507, -184795, -450074, -22118, 589204, 249859, -517361, -429469, 274007, 548304, 29215, -579976, -284942, 469469, 455829, -212121, -542502, -101283, 517699, 360823, -353477, -522635, 102176, 578641, 107181, -503757, -166059, 291520, 59261, -18148, 141111, -172857, -338152, 179395, 457687, -21911, -451664, -184616, 302406, 319049, -49752, -314380, -209665, 174544, 376124, 34175, -399851, -220831, 296008, 319412, -127534, -311021, -27730, 215974, 113663, -79976, -118003, -40813, 68157, 102334, -10876, -93560, -10601, 38841, -20676, 17577, 87538, -36749, -153084, 7429, 182900, 49699, -161303, -98846, 98315, 112036, -23130, -83097, -34530, 28543, 60244, 23318, -57734, -49865, 42955, 45853, -34618, -21882, 43286, -3735, -64996, 13071, 84392, 2682, -83815, -37189, 53654, 72126, 2199, -87129, -68488, 70546, 126032, -26312, -158529, -27855, 156835, 70755, -123556, -88666, 73432, 79590, -26670, -51648, -1157, 19173, 5540, 3165, 6517, -6547, -20675, -8887, 23281, 35026, -9040, -59131, -17230, 69614, 45174, -62522, -63944, 43107, 66257, -21045, -52122, 4691, 29426, 1916, -9290, -174, -241, -4119, -2320, 4608, 11861, 2242, -19946, -15785, 19916, 31110, -9922, -40837, -7233, 39250, 25227, -25548, -36169, 3602, 34300, 19984, -19453, -37929, -2996, 44962, 25043, -40121, -39236, 26865, 41445, -11212, -32183, -618, 15786, 4811, 1733, -1682, -14275, -5137, 17724, 11120, -12160, -12587, 1791, 7778, 7779, 2299, -12190, -14250, 9673, 23976, -1570, -28261, -8712, 25809, 17772, -17857, -23341, 7664, 24302, 1227, -20880, -6350, 14910, 6770, -9123, -3069, 6066, -2920, -7427, 8997, 13113, -13231, -20639, 13986, 26341, -10434, -27692, 3677, 24340, 3331, -17463, -7449, 9117, 6976, -1718, -2015, -2643, -5937, 2952, 14621, 430, -21767, -6085, 25859, 12416, -26602, -18442, 24906, 23757, -22106, -28204, 18825, 31409, -14263, -32268, 6743, 29337, 4752, -22084, -19019, 11851, 32333, -995, -39901, -8258, 38359, 14114, -27620, -15106, 10863, 10557, 7307, -1496, -22802, -9011, 33144, 16647, -37616, -17523, 37136, 10035, -33954, 4222, 30813, -21300, -29668, 36666, 30856, -46859, -33089, 50556, 34178, -48638, -32088, 43288, 26136, -36674, -17559, 30312, 9141, -25078, -3948, 21401, 3631, -19301, -7579, 18416, 13627, -18112, -19609, 17631, 24417, -16192, -28153, 12784, 31934, -6525, -36857, -2363, 42566, 12438, -46951, -21926, 47735, 29214, -44063, -32206, 36340, 28548, -25422, -17400, 11801, 100, 4531, 21293, -23907, -45416, 46730, 71393, -72510, -97656, 98694, 121945, -119695, -141339, 127680, 152639, -115619, -152769, 80863, 139050, -27247, -110255, -35152, 68152, 92487, -18383, -131461, -30369, 144571, 68565, -132938, -89046, 105198, 90005, -73578, -75854, 49114, 55358, -37571, -38211, 37321, 31679, -40518, -38083, 37553, 53903, -22182, -70426, -6416, 77519, 43359, -68941, -78758, 45416, 100852, -13692, -101611, -16481, 81016, 35795, -46540, -38803, 9878, 26597, 17937, -5902, -30410, -14966, 27426, 29614, -14498, -34451, -159, 28605, 9129, -14702, -8563, -1884, -732
1791219474.347, MrmFullScanInfo, 848, 107, 2083731, 0, 0, 0, 0, 10000, 39297, 32, 4, 2, 1, 480, 0, 0, 0, 0, 0, 0, -145, -128, 306, 6, -108, -150, -74, 1125, -350, -2193, 1559, 2087, -2348, -819, 1589, -231, 28, 232, -800, 332, 421, -692, -280, 797, 1021, -885, -2002, 961, 1889, -666, -388, -119, -1532, 886, 2843, -1183, -3419, 1066, 3438, -333, -2800, -1302, 1978, 3171, -1232, -3964, 712, 3226, -1300, -1382, 3465, -823, -5626, 2198, 5687, -2468, -3577, 6877, 2539, -22303, -37951, 55791, 130200, -98710, -222924, 112419, 234569, -67591, -182566, -9168, 155712, 82869, -175040, -153778, 192175, 209110, -159813, -207343, 71363, 146079, 43915, -79091, -128474, 43161, 140089, -39257, -87340, 52020, 22607, -62198, -5880, 61136, 51190, -56090, -110852, 46999, 129739, -16673, -109420, -34285, 90245, 75850, -89490, -84597, 90794, 72383, -86548, -63879, 93293, 66061, -117499, -69967, 135202, 67981, -119922, -57611, 75094, 39098, -25006, -17893, -10153, 2055, 25126, 7329, -24636, -15632, 16841, 23991, -8869, -25803, 4236, 17441, -3527, -6803, 5625, 5501, -6417, -17572, 1247, 36286, 10997, -49680, -26563, 48811, 38811, -33240, -41695, 10770, 33143, 8125, -16904, -17232, -134, 17092, 13411, -12946, -22082, 10178, 25755, -10672, -23094, 13006, 14649, -15306, -4428, 16292, -3750, -14344, 9465, 8273, -14429, 1504, 20011, -11975, -26320, 18536, 32679, -17929, -37710, 10638, 39190, -560, -35542, -8150, 26899, 13373, -14900, -15245, 1988, 14972, 9242, -13459, -16780, 10905, 19844, -7116, -18791, 2103, 14344, 3645, -6972, -8944, -2783, 11772, 13841, -9560, -24320, 519, 31670, 14547, -32987, -31725, 26146, 45324, -11611, -50201, -6874, 43983, 23693, -28145, -33834, 7590, 34862, 11287, -27603, -23063, 15805, 25226, -5001, -18821, 350, 7656, -4233, 3360, 14957, -10225, -27734, 11162, 37214, -6736, -39786, -810, 34660, 8542, -23395, -13919, 8925, 15796, 5517, -14439, -17036, 10964, 24001, -6694, -26732, 2749, 26951, 365, -26219, -2892, 25021, 5386, -23128, -8164, 20278, 11033, -17281, -13353, 15645, 14534, -15825, -14875, 16531, 15695, -16154, -18035, 14273, 21512, -11136, -24397, 7052, 24660, -2223, -21150, -2751, 14134, 6612, -5024, -7986, -4208, 6426, 11539, -2813, -15438, -1284, 15504, 4485, -12524, -6204, 8159, 6771, -4118, -6975, 1139, 7474, 1369, -8488, -4375, 9719, 8167, -10334, -12285, 9309, 16025, -6405, -18820, 2691, 20336, 263, -20383, -1463, 18896, 849, -16095, 1016, 12730, -3035, -9759, 3895, 7771, -2862, -6761, 90, 6278, 3747, -5505, -7864, 3725, 11319, -956, -12942, -1840, 11932, 3309, -8378, -2407, 3367, -1097, 1455, 6481, -4734, -12339, 6120, 17100, -6067, -19567, 5190, 19374, -4007, -17057, 3025, 13727, -2660, -10371, 3004, 7365, -3627, -4694, 3776, 2440, -2845, -746, 679, -419, 2456, 1255, -5967, -1962, 9246, 2760, -11903, -3698, 13754, 4532, -14582, -4848, 14051, 4369, -11895, -3091, 8265, 1067, -3727, 1556, -1201, -4380, 6180, 6704, -10687, -7796, 13900, 7277, -14998, -5209, 13623, 2180, -9850, 1006, 4198, -3683, 2249, 5399, -7864, -6238, 10934, 7030, -10644, -8688, 7528, 10993, -2982, -12189, -1392, 10469, 4192, -5406, -4750, -1491, 3387, 7547, -938, -10368, -1771, 8872, 3989, -3456, -4951, -4193, 4205, 11609, -1957, -16453, 6, 16897, -763, -12214, 4954, 3936, -10878, 4242, 16162, -8805, -19303, 8609, 19544, -4911, -16776, 267, 11649, 3211, -5511, -4727, -8, 4517, 3635, -3150, -4847, 1393, 3821, -306, -1254, 701, -1923, -2493
1791219474.362, MrmDetectionListInfo, 848, 111, 67, 11700, 68, 24102, 69, 45719, 70, 65535, 71, 65535, 72, 65535, 73, 65535, 74, 65535, 75, 65535, 76, 65535, 77, 65535, 78, 65535, 79, 65535, 80, 65535, 81, 65535, 82, 65535, 83, 65535, 84, 65535, 85, 65535, 86, 65535, 87, 65535, 88, 65535, 89, 65535, 90, 65535, 91, 65535, 92, 65535, 93, 65535, 94, 65535, 95, 59784, 96, 47697, 97, 39442, 98, 34810, 99, 35714, 100, 43856, 101, 57760, 102, 65535, 103, 65535, 104, 65535, 105, 65535, 106, 65535, 107, 63490, 108, 64950, 109, 65535, 110, 65535, 111, 65535, 112, 65535, 113, 65535, 114, 65535, 115, 65535, 116, 65535, 117, 65535, 118, 65535, 119, 65535, 120, 65535, 121, 65535, 122, 65535, 123, 65535, 124, 65535, 187, 25736, 200, 14071, 219, 29380, 220, 32697, 221, 33132, 223, 29912, 224, 28459, 225, 27914, 226, 28478, 227, 29332, 228, 28705, 229, 25677, 230, 21767, 231, 19739, 232, 20558, 234, 22652, 235, 20405, 236, 16558, 245, 20951, 246, 23113, 247, 23442, 248, 22633, 250, 19586, 252, 17991, 259, 15187, 260, 16787, 266, 13653, 267, 13643, 269, 14731, 270, 15037, 272, 14901, 273, 14870, 275, 14854, 276, 14823, 277, 14885, 285, 17035, 286, 17149, 287, 17025, 288, 16544, 289, 15599, 290, 14173, 292, 10967, 318, 9553, 319, 10551, 320, 11367, 321, 11907, 331, 9211, 362, 11854, 363, 12331, 364, 12614, 365, 12477, 386, 5249, 394, 9596
1791219474.472, MrmFullScanInfo, 849, 107, 2083856, 0, 0, 0, 0, 10000, 39297, 32, 1, 2, 1, 480, -421316, 490610, 423522, -480361, -454564, 446817, 502854, -368626, -520012, 109039, 520104, 337154, -495313, -499593, 369266, 517595, -111715, -520182, -179420, 519687, 323520, -511713, -474017, 482679, 520192, 513219, -147168, -520123, -419384, 494097, 362500, -501036, -439176, 504651, 280960, -517687, -282953, 518982, 214747, -517630, -283052, 516548, 428511, -508400, -515214, 384280, 520192, 80727, -520008, -490263, 451879, 519436, -162574, -520192, -232832, 519561, 468548, -503335, -516713, 383824, 520145, -122011, -520166, -283084, 511577, 458650, -21041, -393281, -519922, 68525, 520171, 402724, -489712, -512815, 57318, 517082, 391661, -421130, -520192, -322222, 499364, 520110, -181115, -520131, -136072, 518921, 365102, -494706, -489252, 405792, 516394, -127729, -519900, -311340, 308374, 519489, 275665, -507537, -492098, 384906, 512794, -168813, -494491, -29814, 130436, 114873, 272457, -52528, -492793, -155829, 496686, 386790, -368257, -412887, 112044, 311080, 118204, -123838, -253638, -143705, 233175, 360758, -92975, -413210, -49860, 362710, 148932, -265086, -197664, 117918, 132130, -5924, -53628, -30643, 6741, 23370, 20980, 256, 1351, -17620, -70208, 3117, 114526, 45301, -129018, -131196, 81570, 159399, -14848, -131632, -45987, 74262, 62050, -17614, -36533, -23276, 11383, 35286, 1395, -16184, -27270, 366, -10946, -3279, 61884, 27484, -91129, -62678, 80757, 107194, -34705, -126338, -34810, 107859, 109634, -62439, -160908, 4333, 175080, 67721, -151273, -111229, 106617, 110411, -53512, -82882, 15197, 44644, -4562, -9658, 13634, -8000, -30887, 3984, 41933, 17467, -40828, -38852, 20401, 54770, 12526, -59529, -33727, 48603, 47932, -22035, -47707, -1468, 20220, 20695, 9302, -25146, -27855, 22356, 34246, -14960, -32666, 14203, 23660, -20279, -15030, 27195, 17355, -32364, -26866, 38988, 41396, -34674, -53161, 18989, 62023, -1134, -59948, -15142, 44303, 28268, -20351, -31140, -3162, 22810, 31721, -2768, -38559, -11180, 31008, 22321, -17374, -23953, 6570, 15200, -1834, -4148, 1523, -3330, -9626, 3452, 20504, 7823, -23168, -22258, 17196, 38301, -4571, -47668, -14023, 48174, 36360, -40407, -48463, 25276, 49874, -7395, -37425, -1014, 31376, 7044, -22634, -9253, 17480, 8930, -15813, -7827, 16259, 9653, -19207, -14320, 23122, 19834, -21876, -27506, 13505, 32171, -517, -32676, -10024, 28525, 20545, -18602, -26820, 7267, 28929, 5099, -26633, -16200, 22293, 18996, -17377, -23949, 10719, 29845, -4750, -33797, -2497, 35660, 11234, -36160, -21267, 35971, 27977, -31771, -27659, 23345, 26003, -15404, -18330, 5210, 7211, 2043, 1659, -4777, -6701, 2169, 8432, 3392, -5076, -9653, 2353, 13660, 7759, -16813, -15550, 20552, 20861, -25761, -19643, 31995, 12778, -40747, -4196, 50809, -3589, -59512, 11597, 61415, -13755, -62627, 12390, 60156, -10457, -51175, 9438, 39290, -10353, -26037, 12165, 14387, -15444, -6791, 17101, 8587, -17511, -10323, 16376, 13410, -16354, -15605, 14362, 17320, -10775, -19019, 5140, 21432, 3715, -23965, -21558, 29959, 35113, -31223, -46860, 31448, 54222, -29136, -54196, 25587, 45676, -22348, -27630, 18137, 4536, -12125, 17832, -9699, -50831, 28430, 85235, -53476, -118524, 78465, 148922, -96890, -167546, 102280, 170864, -85524, -155133, 49622, 124786, -590, -74149, -47654, 17250, 81974, 36129, -94455, -75581, 86405, 92411, -66485, -86955, 44988, 67955, -32200, -40390, 23248, 21747, -33754, -18357, 44890, 30236, -45036, -52281, 28953, 71326, 2403, -79384, -39698, 68234, 68806, -40469, -93709, 2497, 87718, 28579, -65572, -45585, 31529, 43716, 1068, -23815, -23232, -4150, 29462, 30888, -20359, -32942, 10998, 39148, 3208, -33004, -8827, 20914, 3966, -10352, 10063, 7621, -27376, -12647, 40840, 22385, -46084
1791219474.472, MrmFullScanInfo, 849, 107, 2083856, 0, 0, 0, 0, 10000, 39297, 32, 2, 2, 1, 480, 0, 0, 0, 0, 0, 0, 168971, -228857, -313220, 479714, 362391, -535446, -380477, 347507, 435475, -29800, -507855, -257171, 506460, 433087, -370098, -523089, 132959, 580300, 111011, -567396, -279165, 391200, 323092, -45513, -237133, -340373, 67100, 613732, 96735, -725779, -183402, 712721, 186957, -642845, -145029, 575035, 113601, -542472, -131741, 546178, 200999, -536100, -295685, 426860, 398593, -187411, -489638, -106759, 505919, 349637, -377918, -507048, 121715, 600684, 154189, -627126, -349540, 541724, 453074, -324125, -490355, 33679, 430240, 216869, -223038, -323872, -96228, 247734, 386512, -32549, -492372, -223887, 355202, 397342, -48151, -383881, -272702, 172152, 460539, 133393, -439456, -403650, 236677, 578333, 36166, -637613, -268898, 556874, 410555, -327208, -439069, -931, 333868, 324807, -113126, -538497, -140913, 579969, 320988, -454964, -349934, 231247, 206921, -8588, 52106, -116763, -314669, 97921, 475243, 30159, -479020, -174388, 333196, 244745, -101285, -197854, -122436, 47719, 257189, 144397, -270025, -302308, 182278, 373113, -51670, -345113, -59249, 243393, 112862, -115738, -107798, 11609, 69196, 40823, -30324, -43369, 17069, 19285, -36841, 237, 75708, 7890, -108477, -44276, 113729, 87279, -85098, -110406, 35576, 100885, 11290, -64204, -37672, 18679, 39568, 15687, -25510, -29019, 12159, 25234, -15806, -15998, 39668, 13888, -69261, -27452, 83476, 55942, -67733, -87929, 20530, 107538, 46424, -102804, -112932, 70801, 159097, -20090, -172994, -31405, 153637, 65369, -110780, -72965, 61686, 57326, -23853, -29680, 6945, 3955, -9698, 8820, 22567, -4670, -33015, -12921, 32015, 35624, -18327, -53294, -2396, 57716, 21426, -46298, -30668, 23100, 26279, 3563, -11248, -24876, -6679, 35507, 20158, -36136, -25319, 31913, 22623, -28355, -16350, 28654, 12377, -33106, -14597, 39010, 23250, -41679, -35704, 37391, 47451, -25707, -53169, 9190, 48984, 7894, -34145, -20518, 11553, 24916, 12485, -20381, -30180, 9346, 36400, 3524, -31817, -12888, 21357, 15123, -10858, -10539, 4931, 3260, -5644, 1322, 11615, 763, -18576, -10341, 21692, 24780, -17603, -39340, 5737, 49220, 11023, -51089, -27007, 44204, 36997, -30928, -39226, 15858, 35456, -3449, -29001, -3973, 22782, 6596, -18755, -6466, 17864, 6155, -19892, -7524, 23082, 11317, -24443, -17243, 21529, 23976, -13956, -29214, 3274, 30606, 8232, -26917, -18414, 18573, 25644, -7602, -29122, -3299, 28824, 12376, -25438, -19626, 20218, 25847, -14276, -31288, 7860, 35772, -696, -39055, -6719, 40439, 12954, -38703, -16575, 32986, 16849, -23640, -13834, 12363, 8494, -1880, -2491, -4848, -2542, 6076, 5707, -2202, -6523, -4647, 4564, 12232, 62, -19438, -5773, 26142, 9580, -32387, -8772, 38132, 2581, -43419, 7574, 48101, -18893, -51590, 28216, 53368, -33225, -53207, 33494, 50662, -30386, -44890, 25858, 35632, -21503, -24008, 18247, 12613, -16441, -4444, 16088, 1187, -16918, -2253, 18332, 5556, -19360, -9194, 18939, 12443, -16265, -15681, 10663, 19964, -1731, -26174, -9820, 33946, 22007, -41368, -32429, 46112, 39067, -46810, -40080, 43224, 34021, -35677, -20829, 23789, 2072, -6373, 20060, -17441, -43834, 47125, 67931, -80290, -90561, 112648, 109250, -137557, -121227, 147033, 124503, -134585, -118227, 98718, 102150, -44793, -76571, -15910, 43303, 69583, -6610, -104653, -27154, 115871, 51309, -105797, -61207, 82729, 56439, -57211, -41637, 38697, 24903, -32170, -14535, 35660, 15806, -41051, -29065, 39003, 49316, -24203, -67750, -2648, 75294, 35440, -66911, -64641, 44105, 80560, -14058, -77531, -13362, 56849, 29403, -25855, -29604, -5144, 16174, 27091, 3503, -35272, -21392, 30702, 32346, -19186, -34537, 8340, 28712, -4292, -18322, 9362, 8340, -21593
1791219474.487, MrmFullScanInfo, 849, 107, 2083856, 0, 0, 0, 0, 10000, 39297, 32, 4, 2, 1, 480, 0, 0, 0, 0, 0, 0, 575, -302, -682, 709, -37, -882, 746, 725, -817, -311, 310, -130, -30, 399, 577, -585, -1219, 846, 865, -883, 1169, 271, -4402, 909, 7045, -1904, -7056, 1778, 4596, -625, -1841, -490, -141, 981, 2212, -1161, -4922, 1582, 6938, -1749, -6722, 84, 4716, 3438, -2770, -6250, 1753, 5992, -907, -3290, -400, 692, 1741, 461, -2281, -941, 1846, 3411, -582, -9083, -750, 14908, -5880, -17513, 24096, 18818, -43668, -21812, 62441, 24795, -87733, -38794, 115858, 74238, -126972, -110100, 115653, 105845, -101868, -53850, 99362, -8617, -95881, 49497, 71281, -75112, -25081, 109131, -33528, -139927, 101207, 124156, -165540, -57502, 200226, 1776, -197858, -3489, 179492, 31323, -159521, -23151, 123781, -33701, -61781, 95227, -6862, -116219, 55495, 86218, -78458, -24411, 90385, -41246, -104501, 88856, 120746, -108713, -130988, 103277, 127077, -83127, -104807, 60262, 66980, -43990, -25200, 39873, -4947, -47787, 13745, 60112, -3346, -64631, -13503, 53294, 21265, -28431, -12213, -206, -10210, 21999, 36116, -29946, -55383, 22952, 61198, -6705, -51324, -8182, 29615, 12629, -4856, -4367, -14386, -10867, 23333, 22917, -21134, -23428, 10710, 10396, 745, 11679, -4314, -34187, -4259, 48200, 21862, -48856, -41132, 38102, 54723, -22803, -57648, 9656, 48916, -2061, -32290, 718, 14858, -4694, -3035, 11083, -490, -15707, -2499, 15289, 7391, -9474, -9660, 1247, 7608, 4843, -3228, -5433, 797, 211, -3883, 8212, 13017, -16135, -26310, 21438, 40595, -24237, -51706, 25079, 55653, -23758, -51407, 20577, 41878, -17210, -31437, 15188, 23578, -14654, -19796, 14607, 19610, -13897, -21221, 12058, 22592, -9568, -22268, 7499, 19811, -6808, -15773, 7874, 11243, -10365, -6492, 13498, 1098, -16228, 4457, 17875, -8456, -18537, 9770, 18517, -9407, -17847, 9271, 16437, -10455, -14493, 12488, 12958, -13787, -13116, 12795, 15530, -8764, -19263, 1997, 22465, 6452, -23578, -15081, 21941, 22168, -17771, -25875, 12109, 25247, -6416, -21208, 1815, 16271, 1563, -12923, -4540, 12052, 8212, -12873, -13300, 13745, 19565, -12685, -26010, 8183, 31429, -288, -34410, -9055, 33610, 17362, -28710, -23039, 21051, 25674, -12818, -25835, 5881, 24658, -1478, -23375, 82, 22681, -859, -22581, 1789, 22738, -952, -22727, -2084, 22142, 6429, -20735, -10785, 18984, 14051, -17539, -15932, 16075, 17368, -13433, -19834, 8977, 23800, -3322, -27951, -2357, 30037, 6910, -28183, -9141, 21911, 8158, -12470, -3997, 2547, -2105, 4642, 8286, -6814, -12719, 3652, 13896, 3329, -11055, -11510, 4880, 17934, 2774, -20358, -9997, 18507, 15566, -14082, -18841, 9323, 19663, -5576, -18517, 3064, 16183, -1243, -13349, -465, 10484, 2294, -7746, -4198, 5045, 6173, -2337, -8176, -74, 9920, 1704, -10947, -2195, 10929, 1548, -9871, -42, 8005, -1890, -5498, 3742, 2404, -4988, 1075, 5348, -4470, -5027, 7274, 4682, -9130, -4811, 9433, 5430, -7337, -6399, 2591, 7759, 3775, -9683, -9942, 12345, 14468, -16085, -16683, 21049, 16781, -26534, -15534, 30988, 14082, -32621, -13597, 30128, 14897, -23100, -18003, 12217, 21850, 924, -24844, -14029, 25648, 24765, -23929, -31455, 20265, 33420, -15293, -30935, 9432, 25117, -3270, -17705, -2170, 10561, 6129, -5298, -8604, 2772, 10424, -2884, -12569, 4668, 15352, -6578, -18228, 7167, 20250, -5694, -20515, 2428, 18585, 1660, -14780, -5180, 10224, 6931, -6415, -6511, 4626, 4587, -5386, -2650, 8382, 2373, -12721, -4868, 17206, 10122, -20701
1791219474.487, MrmDetectionListInfo, 849, 151, 77, 45258, 78, 52567, 79, 62295, 80, 65535, 81, 65535, 82, 65535, 83, 65535, 84, 65535, 85, 65535, 86, 65535, 87, 65535, 88, 65535, 89, 60072, 90, 54153, 91, 57162, 92, 65089, 93, 65535, 94, 65535, 95, 61284, 96, 65535, 97, 65535, 98, 65535, 99, 65535, 100, 65535, 101, 65535, 102, 65535, 103, 65535, 104, 65535, 105, 65535, 106, 65535, 107, 65535, 108, 65535, 109, 65535, 110, 65535, 111, 65535, 112, 62179, 115, 64639, 116, 65535, 117, 65535, 118, 65535, 119, 65535, 120, 57831, 121, 55505, 122, 65535, 123, 65535, 124, 65535, 125, 65535, 126, 65535, 127, 65535, 128, 65535, 129, 65535, 130, 65535, 131, 65535, 132, 65535, 175, 27096, 176, 31799, 177, 36422, 178, 40932, 179, 43799, 180, 44012, 181, 42041, 182, 38929, 183, 35172, 212, 28697, 213, 32888, 214, 36550, 215, 39064, 216, 40168, 217, 39936, 218, 38523, 219, 36077, 220, 32858, 221, 29282, 225, 18657, 231, 17125, 252, 13957, 269, 15055, 270, 17705, 271, 19817, 272, 20918, 273, 21174, 274, 20877, 275, 20067, 276, 18636, 277, 16611, 287, 12187, 288, 13825, 289, 15505, 290, 16978, 291, 18031, 292, 18537, 293, 18430, 301, 23512, 302, 22196, 303, 20767, 304, 18980, 316, 11989, 317, 12004, 318, 12427, 319, 13238, 320, 14190, 321, 15002, 325, 16363, 326, 16419, 327, 16322, 328, 16103, 329, 15825, 330, 15526, 331, 15216, 332, 14927, 333, 14826, 334, 15171, 335, 16073, 336, 17292, 337, 18234, 338, 18238, 339, 17001, 340, 14705, 341, 11713, 357, 11641, 361, 16370, 362, 15685, 363, 14823, 364, 14046, 365, 13212, 383, 6073, 384, 6677, 385, 6781, 386, 6397, 413, 13224, 414, 14961, 416, 17985, 417, 19440, 419, 21732, 421, 22978, 422, 23188, 423, 23062, 424, 22577, 425, 21750, 426, 20604, 427, 19155, 428, 17421, 431, 13236, 433, 19644, 434, 24024, 435, 26411, 436, 26804, 437, 26457, 438, 26072, 439, 25291, 440, 23561
1791219474.597, MrmFullScanInfo, 850, 107, 2083981, 0, 0, 0, 0, 10000, 39297, 32, 1, 2, 1, 480, -425383, 491215, 421352, -479624, -453941, 444202, 505027, -368948, -520002, 111648, 520141, 339332, -497536, -496226, 373783, 517631, -108962, -520189, -175867, 519489, 324898, -511597, -475121, 482029, 520192, 513343, -159548, -520045, -415204, 498037, 358249, -501864, -438626, 506100, 282083, -517513, -286683, 517992, 214219, -517334, -291458, 515238, 427449, -508686, -515545, 383117, 520192, 85326, -520033, -491015, 444899, 519418, -161749, -519824, -236946, 519449, 471514, -502351, -517193, 384560, 519884, -129084, -520154, -274212, 511820, 449309, -57435, -340156, -519320, 71189, 520186, 407742, -480656, -514734, -87147, 516678, 514789, -288506, -520189, -371970, 516169, 516896, -351256, -520050, 96720, 520180, 204065, -515885, -470726, 423616, 519493, 35213, -520156, -480217, 448364, 519836, -40758, -519495, -151028, 515043, 116857, -395205, 94963, 100298, -428613, -8948, 518130, 116853, -517906, -332599, 483933, 488455, -316756, -515224, -85735, 475166, 422089, -304692, -518338, 1029, 515301, 258687, -409994, -334592, 244149, 316029, -90346, -237268, -21501, -28288, -38723, 83906, 106592, -50638, -129216, -30850, 113954, 128046, -13586, -179672, -139503, 153791, 232946, -64506, -180834, -3588, 138604, 73712, -40782, -65984, -56852, 7226, 95957, 57407, -73158, -101832, 30969, 106022, 6845, -60224, -32257, 23994, 6534, 9164, 53320, -13146, -106820, -20466, 120404, 87067, -79256, -138618, -3988, 145564, 106683, -103647, -162309, 18123, 197834, 77126, -180653, -144719, 125759, 162574, -51053, -133072, -14044, 77692, 41723, -13742, -32338, -33024, -728, 49323, 38538, -29607, -59323, -4201, 47757, 37943, -10098, -57778, -27963, 52478, 56961, -26524, -69434, 672, 64066, 17847, -40046, -29720, 19547, 34647, -6019, -31828, -2570, 34640, 7747, -39548, -9668, 41672, 17389, -39082, -26742, 35136, 37106, -22814, -41155, 4477, 42686, 11558, -38667, -21419, 26548, 28221, -14057, -30450, 4719, 27361, 477, -19104, -833, 19301, -3086, -22099, 4705, 28274, 346, -35882, -7639, 41292, 15802, -37418, -23015, 27003, 23262, -10312, -23798, -8085, 19740, 25783, -10117, -36471, -1882, 40538, 13520, -39080, -19164, 33955, 17602, -26403, -523, 16851, -3467, -17336, 7126, 21702, -5761, -25910, -307, 28657, 8868, -24711, -19029, 14583, 27522, -1072, -33702, -11484, 24863, 23314, -10747, -27965, -3793, 24248, 16157, -14774, -22204, 4129, 21684, 6177, -17064, -13533, 10527, 13104, -4528, -14430, -2417, 14745, 6533, -15254, -10240, 16321, 17031, -16374, -24078, 16376, 29533, -13142, -34880, 9955, 30647, -617, -20802, -7975, 6755, 14135, 5157, -12751, -12642, 5099, 15102, 7492, -9333, -18861, 3412, 27194, 11536, -32503, -23352, 32273, 30493, -30881, -30211, 30617, 20656, -32689, -7723, 39171, -3504, -48264, 7660, 50563, -9982, -54966, 8109, 57047, -3501, -52217, 1212, 42803, -1475, -32626, 4059, 22670, -8421, -15727, 16817, 15120, -18882, -16092, 19978, 20135, -19940, -24475, 18639, 28374, -13409, -33075, 5592, 37438, 5378, -41064, -27382, 45938, 41565, -44901, -52603, 39872, 57559, -32398, -55560, 25602, 45513, -20760, -27302, 15639, 4917, -10068, 13325, -4973, -42684, 26278, 76724, -52799, -115787, 83714, 159396, -106076, -197214, 110851, 221661, -92481, -221330, 49737, 199062, -6291, -146499, -50798, 76730, 91373, -3408, -105531, -59247, 96415, 98584, -70887, -106717, 47978, 92838, -32627, -66868, 28338, 40035, -40792, -31115, 55429, 38210, -58848, -59891, 42073, 80125, -6651, -90717, -38134, 81128, 78615, -54961, -114411, 16530, 115062, 21598, -97860, -44213, 64899, 47796, -28740, -32176, 3992, 6770, 6901, 17103, -4002, -29850, -7187, 31884, 18100, -23042, -22516, 9848, 17965, 2037, -7023, -8400, -8406, 5949, 18964, 1044, -25051
1791219474.612, MrmFullScanInfo, 850, 107, 2083981, 0, 0, 0, 0, 10000, 39297, 32, 2, 2, 1, 480, 0, 0, 0, 0, 0, 0, 168962, -228454, -313424, 479092, 363003, -535225, -381257, 347997, 436403, -30906, -509042, -255683, 507710, 431646, -371064, -522179, 133457, 579953, 111015, -567394, -280337, 391529, 326329, -46316, -242521, -339229, 73247, 612853, 91848, -725694, -181050, 713411, 187190, -643923, -147219, 576024, 116938, -543213, -135198, 546655, 203497, -535889, -296800, 425485, 398575, -185061, -488585, -109275, 503770, 351605, -374894, -508273, 118441, 601351, 156963, -627908, -351037, 543806, 452842, -328617, -490565, 43905, 433621, 197606, -228114, -298633, -93308, 226028, 377698, -18921, -455728, -230429, 280693, 393357, 46031, -364705, -364067, 146078, 555977, 142899, -563350, -379184, 386306, 526793, -99129, -577528, -189050, 490788, 406328, -250633, -522859, -66752, 514766, 344167, -385164, -513064, 214791, 546812, -124604, -432608, 166396, 211133, -291776, -1004, 419393, -73257, -501144, -16492, 510081, 197336, -408935, -370868, 187105, 464314, 97115, -434500, -348083, 281545, 495874, -64701, -517367, -128574, 427263, 228489, -273678, -212421, 122421, 112831, -27220, -490, 5612, -58283, -33152, 40835, 61114, 32261, -46882, -116680, -15114, 168222, 91639, -161721, -140484, 102746, 139140, -24432, -90628, -33138, 16614, 45853, 51284, -16451, -87711, -30858, 85474, 66848, -56155, -74050, 23423, 53246, -11094, -18841, 28501, -8416, -63950, 9417, 92867, 22011, -91940, -72954, 51855, 116851, 18750, -127697, -98877, 94579, 164564, -28198, -196132, -45332, 183516, 99117, -132085, -117418, 62386, 99332, -1158, -56056, -31559, 6012, 30720, 31657, -6330, -44376, -22691, 30492, 38445, 998, -32791, -34518, 9342, 55018, 21256, -55442, -47000, 38851, 59077, -13964, -55526, -10272, 41403, 27919, -24524, -37538, 10845, 41438, -2503, -42666, -2049, 42841, 6331, -42042, -12898, 39071, 21745, -32181, -31028, 20931, 38073, -7138, -40232, -6428, 36331, 17541, -27829, -24481, 17999, 26475, -10046, -24723, 5936, 22143, -5609, -21695, 6971, 24898, -7309, -31023, 4993, 36992, -51, -38708, -6475, 33302, 13312, -20642, -19066, 3297, 22034, 14761, -20567, -29839, 14473, 39603, -5838, -43193, -1180, 40539, 3085, -32692, 106, 22982, -5293, -16105, 9234, 14966, -10315, -18596, 7839, 23277, -1591, -24984, -7999, 21605, 18857, -13403, -26977, 2032, 28471, 10152, -22198, -20088, 10392, 24820, 2977, -23022, -14019, 15633, 20261, -5469, -21171, -4105, 17672, 10934, -11466, -14867, 4569, 17008, 1576, -18428, -6799, 19816, 11811, -21309, -17153, 22467, 22320, -22178, -25654, 18901, 25248, -11638, -20383, 1406, 12232, 8351, -2986, -13385, -5133, 11082, 10587, -1962, -12271, -10919, 9435, 23861, -2386, -34077, -6729, 40233, 14145, -42368, -16193, 41690, 11227, -40138, -739, 39477, -11429, -40515, 21271, 43094, -26431, -46301, 26798, 48432, -23803, -47376, 19452, 42012, -15534, -33088, 13451, 22905, -13915, -14167, 16551, 8933, -20084, -7950, 23240, 10561, -25183, -15367, 25150, 21196, -22386, -27578, 15981, 34719, -5424, -42793, -8230, 50802, 22249, -56297, -33665, 57010, 40517, -52588, -41370, 44343, 35160, -33769, -22206, 21210, 4417, -5523, 16158, -15317, -38689, 43112, 63419, -77665, -90360, 115183, 118424, -147757, -144765, 165000, 165173, -158644, -174700, 126257, 168478, -72086, -143719, 6331, 101925, 56633, -49308, -102288, -4557, 122252, 48910, -117442, -75034, 96414, 79583, -71067, -66347, 52069, 44954, -45074, -27092, 48378, 21766, -53779, -31688, 51171, 52396, -34001, -74251, 1978, 86822, 38621, -83293, -76846, 63156, 101244, -32311, -104765, 917, 87850, 20812, -57614, -26929, 24751, 18006, 751, -275, -13101, -17758, 12241, 29098, -3085, -30520, -7250, 22979, 12675, -10620, -10402, -1218, 1482
1791219474.612, MrmFullScanInfo, 850, 107, 2083981, 0, 0, 0, 0, 10000, 39297, 32, 4, 2, 1, 480, 0, 0, 0, 0, 0, 0, 230, 277, -486, -316, 587, -146, -459, 738, 611, -1125, -1147, 1332, 1365, -1240, -822, 688, 32, -24, 341, -348, -638, 438, 1339, -419, -2399, 347, 3189, -140, -2961, -172, 1547, 503, 223, -699, -1289, 523, 1293, -79, -597, -269, -245, 299, 786, -45, -1124, -121, 1744, -134, -2415, 640, 2593, -870, -2175, 741, 1489, -1142, -516, 3493, -697, -7738, 2101, 14126, -7574, -21579, 19089, 26876, -29736, -26711, 28238, 23807, -9933, -25800, -13851, 32343, 27499, -33733, -32468, 25231, 49061, -18700, -85985, 25064, 117911, -34085, -114104, 31531, 74648, -23688, -19530, 22085, -41764, -18225, 110140, -726, -183637, 22850, 266787, -32419, -364705, 35009, 444048, -30974, -440752, -4390, 334940, 80481, -183361, -159238, 52387, 198837, 43540, -202678, -115209, 199631, 161069, -198434, -179795, 188682, 186578, -166928, -195357, 139899, 201347, -119883, -193577, 114604, 170306, -114638, -141123, 96663, 118231, -46502, -103223, -25240, 85813, 96120, -55628, -145834, 17732, 165581, 9998, -158058, -14760, 132628, -131, -101186, 22297, 74625, -42122, -59494, 53325, 54596, -52278, -53162, 39508, 48513, -20071, -37355, 1334, 19997, 10336, 20, -11786, -16328, 4007, 21844, 7655, -13341, -15700, -5613, 15364, 25069, -6589, -33847, -7833, 26894, 23507, -7930, -34250, -14514, 33893, 32372, -20659, -40072, -1101, 35360, 22910, -19544, -36297, -2737, 36835, 24535, -25722, -39007, 8586, 42317, 7398, -35253, -16736, 22274, 17559, -8848, -10999, -1233, -255, 6737, 12788, -7716, -23063, 4443, 28606, 2345, -28568, -10835, 23302, 18463, -14232, -22635, 3853, 21451, 4954, -14532, -9931, 3616, 10018, 7789, -5648, -15748, -1128, 17625, 7010, -13286, -8616, 5272, 3662, 2429, 7767, -6163, -22395, 3726, 34779, 5157, -40032, -18372, 36358, 31806, -25385, -40975, 11151, 43014, 1239, -37666, -7869, 27108, 8237, -15124, -5094, 5606, 1909, -656, -943, -220, 3217, -649, -8582, 605, 16225, 1486, -24790, -4872, 32074, 8685, -35625, -13184, 34440, 18589, -29490, -23623, 22424, 26253, -14684, -25064, 7305, 20199, -1219, -13199, -2555, 6069, 3320, -451, -1302, -2691, -2139, 3229, 5112, -1913, -6061, 19, 4590, 1114, -1482, -565, -2002, -1780, 4829, 5265, -6373, -8800, 6500, 11399, -5484, -12570, 3914, 12475, -2639, -11310, 2274, 9097, -2658, -6139, 3045, 3193, -2916, -737, 2264, -1445, -1190, 3786, -118, -6422, 1462, 9059, -2571, -11272, 3139, 12655, -2910, -12778, 1756, 11324, 218, -8441, -2601, 4828, 4803, -1374, -6660, -1171, 8551, 2350, -10646, -1976, 12549, 129, -13698, 2768, 13958, -5965, -13446, 8711, 12236, -10466, -10077, 10763, 6770, -9244, -2752, 6315, -988, -3325, 3773, 1739, -5600, -2175, 6571, 4358, -6601, -7550, 5474, 10874, -3195, -13500, 287, 14719, 2296, -13979, -3768, 11279, 4070, -7472, -3695, 3941, 3302, -1732, -3464, 1323, 4511, -2386, -6243, 3615, 7812, -3056, -7786, -776, 4492, 7788, 3287, -16422, -15412, 24343, 29985, -30073, -43618, 33145, 52534, -32948, -54246, 28766, 48619, -21119, -37280, 12376, 22740, -4875, -8067, -329, -3680, 3544, 10282, -5701, -11158, 7567, 7690, -9525, -2751, 11594, -712, -13366, 1166, 13930, 1253, -12211, -5468, 7692, 10320, -990, -14498, -6426, 16571, 13232, -15737, -18637, 12513, 22249, -8192, -23967, 3843, 23917, -549, -22444, -955, 19963, 1218, -17020, -1747, 14314, 3311, -12507, -5033, 12074, 5812, -13084, -5352, 15092
1791219474.612, MrmDetectionListInfo, 850, 145, 79, 17593, 80, 17277, 81, 21264, 82, 27318, 83, 31965, 86, 32778, 87, 36620, 88, 44822, 89, 55966, 90, 65535, 91, 65535, 92, 65535, 93, 65535, 94, 61504, 95, 46747, 96, 31683, 97, 21434, 98, 21321, 99, 32337, 100, 49556, 101, 65535, 102, 65535, 103, 65535, 104, 65535, 105, 65535, 106, 65535, 107, 65535, 108, 65535, 109, 65535, 110, 65535, 111, 65535, 112, 65535, 113, 65535, 114, 65535, 115, 65535, 116, 65535, 117, 65535, 118, 65535, 119, 65535, 120, 65535, 121, 65535, 122, 65535, 123, 65535, 124, 65535, 125, 65535, 126, 65535, 127, 65535, 128, 65535, 129, 65535, 130, 65535, 131, 65535, 132, 65535, 133, 65535, 134, 65535, 135, 65535, 136, 65535, 137, 65535, 138, 65535, 139, 65535, 140, 65535, 141, 63930, 143, 65535, 144, 65535, 145, 65535, 146, 65535, 147, 65535, 148, 65535, 149, 65535, 150, 65535, 151, 65535, 152, 65535, 153, 57926, 155, 51689, 157, 55615, 158, 54702, 159, 53655, 160, 53307, 161, 52378, 162, 49302, 163, 43850, 189, 28650, 190, 30623, 191, 29134, 192, 24815, 193, 20855, 195, 23714, 196, 26096, 197, 24821, 198, 22041, 199, 22348, 200, 26541, 201, 30316, 202, 29724, 203, 25773, 204, 22542, 205, 22173, 206, 23165, 207, 22790, 248, 18120, 250, 22605, 251, 25936, 252, 29364, 253, 31599, 254, 31998, 255, 30861, 256, 28807, 257, 26229, 258, 23415, 259, 20981, 260, 19605, 261, 18943, 277, 14734, 278, 17624, 279, 20195, 280, 22228, 281, 23697, 282, 24688, 283, 25277, 284, 25475, 285, 25254, 286, 24580, 287, 23432, 288, 21794, 289, 19670, 290, 17108, 292, 11188, 363, 7461, 364, 8410, 385, 6470, 386, 7079, 394, 8601, 417, 19429, 418, 25275, 419, 30608, 420, 35114, 421, 38818, 422, 41664, 423, 43361, 424, 43593, 425, 42261, 426, 39504, 427, 35564, 428, 30706, 429, 25223, 431, 13731
1791219474.722, MrmFullScanInfo, 851, 107, 2084106, 0, 0, 0, 0, 10000, 39297, 32, 1, 2, 1, 480, -424645, 490913, 421333, -478924, -454089, 443759, 506691, -366152, -519994, 109616, 520189, 340760, -494628, -500012, 370949, 517903, -110744, -520192, -180939, 519604, 326599, -511630, -477632, 481571, 520192, 512524, -162702, -520167, -412708, 498165, 357724, -501823, -439923, 505725, 286806, -518059, -283361, 517744, 217849, -517326, -296681, 515191, 435556, -505824, -515606, 378486, 520192, 94408, -519857, -493065, 447466, 519211, -166015, -519938, -239986, 519778, 470693, -501386, -517104, 382506, 520031, -131307, -520156, -262704, 513320, 426392, -50176, -369423, -519606, 93596, 520057, 410347, -479587, -514338, -74638, 517407, 511399, -289385, -520192, -373195, 515246, 518790, -314157, -520073, 9939, 519942, 329941, -504040, -509454, 331669, 520182, 151011, -519946, -500029, 428798, 520130, 53694, -519627, -328729, 508191, 405663, -454410, -272916, 244367, -212052, -53324, 515242, 89760, -520022, -288141, 513713, 433048, -514228, -332174, 498843, 289218, -482898, -193787, 324824, 38641, -80178, 83185, -94852, -89550, 211788, 46524, -262192, 14081, 180909, -245642, -222810, 323881, 232960, -370787, -218603, 402224, 214653, -415216, -195629, 412221, 167549, -386411, -161158, 331865, 57798, -324101, -119841, 222406, 161523, -84228, -166272, -41217, 124686, 110037, -67110, -126086, 48046, 106693, -72580, -78636, 115419, 31949, -171331, -66553, 201931, 125696, -173301, -179763, 89230, 207925, 19994, -182187, -117690, 106399, 182486, -8765, -200973, -62959, 183437, 135720, -126177, -152805, 63259, 117231, -17000, -56762, 3458, 5673, -24880, 22685, 56677, -22614, -86128, 2509, 79209, 26448, -52879, -41607, 9178, 42438, 35622, -30955, -62666, 10911, 76530, 14120, -82052, -28723, 83963, 36006, -61215, -43301, 42155, 48542, -24990, -50114, 3085, 52859, 19181, -52147, -37602, 39494, 51351, -20093, -50216, 22000, 51761, -9013, -45171, -1500, 40912, 3270, -38561, 214, 35985, -348, -33338, -3490, 29194, 7867, -7206, -11308, -528, 16190, 5994, -17436, -10456, 15733, 14706, -15173, -13979, 15545, 9001, -16386, -4242, 19839, -4242, -21387, 4194, 20233, -181, -14521, -3308, 6820, 2695, 3912, 4789, -14908, -14216, 22413, 21975, -24033, -12009, 27991, 12783, -24331, -10171, 19070, 6617, -15482, -3460, 14654, 1422, -14924, -1493, 14265, 5842, -11758, -12540, 8087, 10533, 838, -5489, -9009, -1163, 13031, 9319, -11625, -16418, 8173, 19993, -1406, -20005, -5819, 13253, 4557, -9736, -8497, 4268, 14832, 2019, -19694, -7847, 24274, 16726, -27926, -27634, 30333, 37017, -28479, -38604, 31077, 40121, -20209, -36131, 5009, 25661, 7836, -14581, -13600, 5905, 10541, -500, -1933, 2141, -8128, -8326, 20537, 20116, -27688, -32091, 30810, 39342, -31889, -39773, 31623, 33073, -32945, -22201, 37641, 11657, -42983, -5802, 45812, 2139, -46085, 678, 43043, -2587, -35919, 5534, 28170, -10197, -21161, 14513, 18957, -17443, -19664, 21261, 21468, -18917, -26838, 15392, 32281, -12089, -33926, 10071, 33177, -9195, -32146, 8085, 34309, -4589, -37931, -9756, 45643, 24122, -47374, -39716, 44788, 52037, -35275, -57952, 23753, 52881, -11905, -36065, 1613, 10355, 6211, 13079, -19345, -49295, 35422, 87318, -58200, -125456, 83076, 162447, -105841, -191573, 112728, 205374, -97283, -196394, 56830, 169627, -3786, -116415, -55041, 51285, 99591, 15554, -119170, -68402, 112303, 98612, -87099, -100888, 58629, 81923, -37521, -53361, 26611, 30208, -32587, -21857, 42263, 29785, -41661, -48900, 23937, 67888, 10872, -76736, -52243, 67931, 86920, -49597, -115820, 12163, 112535, 20018, -91794, -38465, 58389, 38587, -22970, -21958, -3076, -3380, 13303, 27674, -11249, -31428, 923, 35165, 6821, -30662, -5738, 23507, -3938, -19261, 20570, 21992, -35885, -28727, 43245, 34547, -39260
1791219474.722, MrmFullScanInfo, 851, 107, 2084106, 0, 0, 0, 0, 10000, 39297, 32, 2, 2, 1, 480, 0, 0, 0, 0, 0, 0, 169033, -228140, -313846, 478238, 363890, -533837, -382225, 346123, 436738, -28574, -508554, -258194, 506694, 433714, -369646, -523435, 131468, 580657, 113386, -567945, -282536, 392098, 328200, -46926, -244228, -338589, 74715, 612276, 91313, -725452, -181761, 713745, 188605, -644665, -148871, 576810, 119412, -543930, -139128, 547145, 208120, -535154, -300758, 422485, 401488, -180398, -491219, -113389, 506361, 353446, -376695, -508081, 118834, 600328, 157625, -626975, -351882, 544068, 453207, -332435, -489207, 50768, 429700, 194214, -223889, -304614, -93638, 238535, 373969, -29499, -452915, -225792, 282622, 392594, 40605, -364613, -356871, 144725, 541231, 147875, -527214, -391760, 321915, 544011, -19903, -580392, -260107, 459647, 456024, -191042, -545383, -127642, 495349, 389046, -299218, -554763, 42851, 621729, 121023, -567665, -90335, 383259, -104827, -139756, 338606, -27163, -507696, 40159, 595975, 49955, -629222, -132532, 613886, 139519, -529782, -76515, 361663, -5480, -134064, 49886, -86893, -31814, 230915, -40593, -268649, 144517, 223707, -255175, -148931, 349883, 89327, -414563, -59081, 449901, 49147, -461317, -45099, 451005, 35000, -420734, -17698, 373408, 7163, -310375, -22195, 230796, 65206, -136799, -113353, 40281, 140551, 40229, -139634, -88287, 125107, 95983, -117767, -70364, 128727, 35137, -154376, -19377, 178913, 39273, -180975, -87851, 145177, 140682, -71647, -169251, -23665, 156706, 116331, -105069, -182445, 31171, 206885, 41455, -188301, -90070, 138806, 101098, -79681, -76987, 33450, 33667, -14688, 8730, 23124, -34409, -44747, 36656, 60815, -18875, -58047, -8274, 34458, 32453, 1910, -44528, -39134, 41419, 68471, -26896, -85663, 8333, 88981, 8867, -79455, -23300, 61475, 35330, -40328, -45205, 19169, 52422, 807, -55163, -18660, 52317, 33002, -45134, -42143, 35800, 45504, -25722, -44639, 16463, 41862, -10390, -38589, 8145, 35105, -7621, -30508, 5808, 23563, -848, -14563, -6830, 5843, 14644, 547, -19804, -4656, 21504, 6989, -20934, -7204, 19766, 4572, -18926, 583, 18391, -6136, -17544, 9160, 15734, -8179, -12359, 4679, 6636, -1854, 1980, 2071, -12686, -4553, 23045, 6419, -30013, -5874, 31727, 3719, -28610, -1704, 22972, 375, -17633, 618, 14322, -1358, -13052, 995, 12811, 1183, -12192, -4321, 9602, 6425, -4063, -6018, -3513, 2847, 10545, 2540, -14509, -8940, 14226, 14490, -10368, -17376, 4788, 16792, 1052, -13315, -6965, 8446, 13337, -3335, -20026, -1984, 26578, 8236, -32523, -15429, 37435, 22224, -40299, -26895, 39103, 28590, -31948, -27498, 19261, 24188, -4867, -19237, -5943, 13392, 9445, -7873, -4960, 4475, -5553, -4846, 18776, 9323, -31243, -16277, 40362, 22521, -45046, -24798, 45825, 21430, -44419, -13179, 42770, 2793, -41967, 6609, 41832, -13095, -41181, 16402, 38622, -17423, -33454, 17502, 26354, -17781, -19218, 18962, 14088, -21051, -12154, 23237, 13645, -24443, -17905, 24269, 23256, -23146, -27538, 21598, 29660, -19764, -30406, 16957, 31989, -11847, -36402, 3525, 43600, 7660, -50939, -20247, 54740, 32053, -52570, -40008, 44111, 40693, -30624, -32177, 13682, 14952, 5896, 9017, -28614, -37397, 55713, 67659, -87386, -96927, 120904, 122448, -149639, -141569, 164069, 152051, -155387, -152095, 119969, 140105, -61833, -115115, -7736, 78310, 73175, -34209, -119584, -9763, 138344, 45009, -130135, -64542, 103718, 66027, -71846, -53318, 46439, 35020, -34065, -20862, 33265, 17956, -35716, -28244, 31364, 47695, -14131, -68091, -15538, 80281, 51108, -77772, -82536, 59635, 100178, -31405, -98584, 3053, 78727, 15755, -47335, -19734, 14317, 10293, 10898, 5918, -22829, -21353, 22181, 31124, -15171, -33614, 9805, 29753, -11477, -22679, 20770, 16295, -33710
1791219474.722, MrmFullScanInfo, 851, 107, 2084106, 0, 0, 0, 0, 10000, 39297, 32, 4, 2, 1, 480, 0, 0, 0, 0, 0, 0, 129, 453, -583, -1037, 1134, 1400, -1205, -1651, 640, 1943, -20, -2007, -421, 1560, 1021, -938, -1914, 640, 2502, -652, -2587, 758, 2769, -878, -3248, 956, 3358, -804, -2151, 251, 82, 566, 1561, -1119, -2446, 1128, 3490, -912, -4792, 526, 5091, 889, -4031, -3365, 2695, 5180, -2086, -4682, 1722, 2361, -805, -181, -479, -817, 1287, 635, -1098, 1165, 92, -5629, 2801, 10183, -8568, -8860, 13818, 1543, -13198, 4150, 6463, -1973, 2500, -5518, -9532, 11637, 12181, -12145, -11612, 7645, 10563, -2867, -5630, -207, -8271, -394, 25803, 15406, -37513, -48834, 43478, 78712, -45696, -77182, 34559, 49021, 1166, -33111, -53966, 61787, 88771, -121235, -68586, 158053, 2236, -134762, 57227, 69106, -78793, 2738, 101585, -75302, -194988, 160767, 371423, -244397, -552690, 274979, 628211, -206177, -546357, 41971, 344520, 158105, -109727, -321562, -76187, 406606, 170803, -417488, -177823, 392897, 130100, -378993, -66764, 402920, 22664, -458307, -21030, 511344, 57189, -523496, -104148, 471749, 139305, -359482, -158087, 214302, 161243, -73909, -143825, -28699, 108707, 77672, -72252, -78230, 55928, 48836, -70646, -12241, 106729, -8965, -139516, -1083, 145584, 40530, -115326, -86572, 55974, 110425, 12218, -95380, -66302, 47121, 90934, 11103, -82389, -53870, 47814, 67033, -2869, -50663, -33077, 14941, 45160, 24219, -29830, -51088, -4169, 56433, 40092, -41120, -60824, 14699, 57192, 9806, -32459, -21803, -541, 17665, 27987, -1914, -42298, -15867, 44772, 26511, -41867, -26217, 39025, 18281, -37552, -10142, 35695, 7735, -30731, -11823, 20282, 18398, -4245, -21517, -13710, 17792, 27485, -8397, -32016, -2455, 26475, 10174, -14586, -11236, 2260, 4160, 5118, 8885, -4818, -22512, -1621, 30446, 9598, -28704, -14785, 18130, 15259, -4131, -11150, -6722, 3924, 10493, 3389, -7337, -7116, 901, 4552, 3834, 4390, -3098, -16392, -4128, 25995, 16080, -28685, -28880, 23520, 37768, -13227, -38944, 2424, 31383, 5128, -17119, -8308, 666, 8163, 12414, -6171, -18034, 3544, 15820, -1760, -9131, 2453, 2603, -6368, 384, 12507, 1206, -18366, -6221, 21261, 12157, -19750, -16303, 14257, 16937, -6804, -13861, 31, 8125, 4083, -1423, -5187, -4603, 4327, 8835, -2752, -10683, 1153, 10020, 248, -7207, -1239, 3078, 1581, 1467, -1016, -5809, -300, 9941, 1805, -13953, -3302, 17193, 5452, -18348, -8908, 16611, 13115, -12547, -16598, 7533, 18061, -2862, -17348, -359, 15306, 1306, -12931, 59, 10886, -2684, -9605, 5066, 9496, -6147, -10697, 5658, 12916, -3914, -15429, 1572, 17449, 785, -18284, -3119, 17417, 5871, -14780, -9053, 10839, 11647, -6254, -12156, 1658, 9593, 2386, -4352, -5260, -1925, 6340, 7566, -5386, -11700, 2984, 13890, -416, -13598, -936, 10768, 166, -6339, 2891, 1975, -7419, 812, 11647, -1320, -13534, -54, 11874, 1926, -6898, -2567, 58, 903, 6536, 2883, -10864, -7360, 11670, 10670, -8824, -11800, 3508, 11036, 2089, -9448, -5776, 8131, 6424, -7748, -4207, 8191, 332, -8263, 3470, 6513, -5531, -2418, 5113, -3246, -2651, 9072, -802, -13668, 4154, 15774, -6585, -14636, 7744, 10530, -7654, -4683, 6567, -1321, -4958, 6388, 3575, -10191, -3012, 12918, 3297, -14794, -3927, 15748, 3827, -15289, -2151, 12968, -827, -9159, 3968, 5179, -6431, -2304, 8160, 861, -9132, -355, 9185, 22, -8021, 526, 5623, -1345, -2783, 2882, 1000, -6114, -1494, 11669, 4491, -18707, -9339, 25059, 14713, -28048
1791219474.722, MrmDetectionListInfo, 851, 141, 93, 17858, 94, 27384, 95, 37581, 96, 47692, 97, 56645, 98, 62594, 99, 63368, 100, 57695, 101, 46078, 102, 31839, 103, 22692, 104, 27714, 105, 48425, 106, 65535, 107, 65535, 108, 65535, 109, 65535, 110, 65535, 111, 65535, 112, 65535, 113, 65535, 114, 65535, 117, 65535, 118, 65535, 119, 65535, 120, 65535, 121, 65535, 122, 65535, 123, 65535, 124, 65535, 125, 65535, 126, 65535, 127, 65535, 128, 65535, 129, 65535, 130, 65535, 131, 65535, 132, 65535, 133, 65535, 134, 65535, 135, 65535, 136, 65535, 137, 65535, 138, 65535, 139, 65535, 140, 65535, 141, 65535, 142, 65535, 143, 65535, 144, 65535, 145, 65535, 146, 65535, 147, 65535, 148, 65535, 149, 65535, 150, 65535, 151, 65535, 152, 65535, 153, 65535, 154, 65535, 155, 65535, 156, 65535, 157, 65535, 158, 65535, 159, 65535, 160, 65535, 161, 65535, 162, 65535, 163, 58537, 164, 50652, 165, 49071, 166, 52346, 167, 58910, 168, 65535, 169, 65535, 170, 65535, 171, 65535, 172, 65535, 173, 65535, 174, 65535, 175, 65535, 176, 65535, 177, 60292, 178, 60803, 179, 65535, 180, 65535, 181, 60280, 182, 51972, 183, 50445, 184, 55264, 185, 56561, 186, 47473, 187, 33431, 190, 31942, 191, 33056, 192, 31894, 193, 31779, 194, 32948, 195, 34457, 196, 37620, 197, 43094, 198, 47242, 199, 45576, 200, 38418, 201, 30423, 204, 17726, 208, 22498, 211, 33556, 212, 35343, 213, 35106, 214, 32940, 215, 29968, 217, 24935, 230, 20023, 231, 17711, 245, 19896, 246, 20827, 265, 18818, 266, 23116, 267, 26591, 268, 28563, 269, 28862, 270, 27730, 271, 25439, 272, 22244, 273, 18733, 274, 15746, 331, 13517, 332, 13887, 333, 13947, 334, 13681, 335, 13113, 336, 12280, 362, 11194, 363, 11083, 364, 10840, 365, 10466, 377, 7986, 381, 7095, 382, 6797, 383, 6356
1791219474.847, MrmFullScanInfo, 852, 107, 2084231, 0, 0, 0, 0, 10000, 39297, 32, 1, 2, 1, 480, -421247, 489864, 422387, -478594, -453602, 444767, 504966, -371151, -519774, 110064, 520164, 340349, -493726, -498897, 368520, 517413, -108147, -520132, -176623, 519466, 325499, -511684, -474193, 482106, 520172, 512461, -162098, -520178, -415908, 497221, 361902, -500325, -438887, 503640, 280540, -518169, -282494, 517833, 214485, -517475, -288824, 516664, 428907, -508185, -515549, 375753, 520192, 92681, -520014, -490965, 450754, 519037, -161800, -519967, -237973, 519132, 470135, -504016, -516260, 384262, 520118, -124958, -520150, -271572, 512210, 459852, -50588, -372127, -519491, 76135, 520108, 406553, -481792, -514371, -71588, 517396, 510623, -296132, -520192, -371732, 516462, 518777, -319204, -519918, 7008, 520045, 328469, -504857, -508362, 338089, 520182, 128095, -520106, -492351, 434242, 520153, 60369, -519166, -380358, 493306, 482995, -313159, -486401, 21885, 223815, 150554, 115386, -138616, -308145, -44810, 290985, 271654, 90562, -442791, -501518, 245582, 520182, 129287, -519085, -444679, 472612, 515702, -257697, -519870, 41610, 520057, 170089, -518378, -58065, 518675, 200703, -508602, -318723, 361559, 399730, -201022, -428499, 100559, 443062, -73028, -483558, 78618, 510340, -82521, -503074, 178160, 502998, -131451, -493026, 76111, 438629, 2296, -317665, -84865, 163186, 125596, -3175, -120965, -121327, 87691, 157709, -103974, -189860, 34859, 172765, 10875, -117064, -20560, 46850, 7559, 6781, 26039, -29005, -62214, 38768, 74521, -83483, -89344, 65105, 71042, -63406, -40779, 84269, 16483, -108702, -18466, 123032, 40985, -121945, -67273, 100714, 82094, -60406, -89802, 18209, 81522, 8674, -64138, -24015, 53706, 33930, -58100, -38667, 66962, 53174, -70591, -79853, 66445, 71522, -53041, -77570, 28122, 76112, 4421, -60268, -29497, 31286, 46148, -1237, -49600, -15750, 41267, 20381, -30248, -21425, 24395, 10349, -20028, 1617, 18202, -2526, -17776, -4754, 13337, 12357, 3100, -13795, -24846, 5614, 40530, 15785, -55685, -32872, 52215, 43181, -35855, -40414, 15033, 27297, 343, -4938, -4660, -16887, 2150, 29064, 5487, -19571, 7424, 14717, -8849, -3563, 16565, -7105, -26935, 7280, 34856, 1384, -36646, -12388, 29119, 19012, -13150, -22003, 1683, 18217, 8342, -5846, -9171, -7474, 1699, 15156, 12032, -12559, -22843, 949, 24777, 15261, -16844, -32964, 5240, 31381, 9418, -19119, -18540, 1810, 15325, 13916, -2980, -20848, -11385, 17827, 23635, -6748, -27610, 3746, 23053, 9761, -17789, -18108, 13484, 19426, -11656, -17392, 14722, 19245, -20778, -25825, 26855, 34077, -26751, -37460, 25644, 42030, -12899, -39456, -4131, 29703, 20904, -17093, -29683, 4451, 26872, 4363, -16624, -5402, 3210, -2776, 6380, 12264, -15681, -22058, 19448, 28803, -21601, -28181, 23145, 18896, -26580, -5725, 34110, -7066, -44230, 13646, 43161, -20415, -48726, 21066, 50197, -18246, -46225, 14294, 39548, -10428, -30322, 7157, 22422, -5013, -16574, 11357, 15624, -10390, -16945, 12181, 20481, -15410, -24102, 19514, 29436, -21576, -35186, 19991, 41907, -12425, -46591, -6687, 51440, 23877, -46049, -38829, 34988, 47018, -21160, -46741, 7836, 36160, 1132, -16886, -4949, -7569, 7018, 20505, -17791, -51213, 32157, 85492, -56432, -123094, 86859, 165898, -110720, -202251, 118951, 224173, -102203, -220128, 60677, 197262, -10473, -142028, -54497, 72158, 102325, 171, -124485, -61597, 118989, 96067, -96343, -103115, 69326, 86831, -49836, -56314, 43475, 35749, -52664, -29789, 64673, 39826, -65090, -61175, 47507, 82387, -12814, -92538, -32255, 84939, 71017, -62408, -98915, 25336, 101340, 8940, -86822, -30146, 60417, 35053, -31502, -23864, 11619, 5101, -3422, 12149, 6985, -23730, -15804, 21942, 21723, -9802, -17735, -5706, 6534, 16851, 11151, -21259, -29217, 15200, 44145, -2336, -51765
1791219474.847, MrmFullScanInfo, 852, 107, 2084231, 0, 0, 0, 0, 10000, 39297, 32, 2, 2, 1, 480, 0, 0, 0, 0, 0, 0, 168813, -228397, -313264, 479221, 362790, -535447, -380794, 347709, 435296, -29605, -507081, -257806, 505317, 433794, -369026, -523557, 132252, 580373, 111423, -567218, -280361, 391297, 326445, -46443, -242631, -338663, 72743, 612029, 93113, -724821, -182132, 712558, 187045, -643047, -145758, 575212, 114999, -542684, -133723, 546136, 202994, -534261, -297500, 422077, 400678, -181019, -491856, -111860, 507005, 351937, -376753, -507465, 118763, 600814, 157159, -627798, -351005, 543525, 452728, -327427, -490438, 39473, 433720, 207903, -229665, -313371, -89651, 239247, 374515, -26134, -457020, -228578, 287178, 394084, 37781, -366016, -356296, 146605, 542280, 145982, -528796, -390483, 323168, 544048, -20803, -583359, -258683, 467144, 453408, -201994, -541673, -117359, 488511, 383176, -281514, -547213, -5605, 592647, 243140, -502405, -335204, 293817, 262561, -49254, -80466, -114893, -99863, 114467, 162243, 42204, -64386, -238601, -137497, 315991, 350763, -199904, -507752, -41405, 564797, 281570, -494121, -448285, 327696, 540784, -148979, -580076, 17560, 576880, 72474, -533088, -157552, 453175, 251013, -355304, -342186, 270678, 414283, -223151, -457245, 219258, 469431, -245961, -456794, 274593, 431646, -274119, -402553, 228031, 363476, -142244, -299182, 37248, 201960, 60080, -83353, -129563, -30328, 162478, 113676, -157737, -155348, 121496, 157315, -69687, -126756, 24280, 75137, -1091, -17954, 3195, -32757, -21845, 71398, 42103, -94977, -51330, 102607, 44741, -99635, -25716, 96635, 4253, -100363, 7874, 109516, -4032, -116373, -13971, 111831, 38548, -91851, -60751, 60638, 73903, -27291, -76756, -38, 74125, 17871, -72513, -28506, 75041, 36327, -79761, -43554, 81044, 50156, -72968, -55894, 53479, 59484, -25590, -57050, -4639, 45914, 30533, -28249, -46647, 9815, 50801, 3829, -45216, -9509, 34795, 7412, -24167, -1465, 16234, -2648, -11352, 1535, 6794, 3911, 1374, -9379, -15258, 10082, 33138, -4059, -49457, -6517, 57161, 17072, -52029, -23001, 36018, 21072, -15875, -10825, -990, -3896, 10966, 16265, -14861, -20547, 15497, 15495, -15494, -4484, 16704, -6859, -20319, 13211, 25691, -12105, -29935, 4764, 29653, 5234, -23497, -13523, 13269, 16293, -2754, -11926, -4061, 2307, 4476, 7775, 1491, -12946, -10721, 9669, 18627, 1477, -21440, -15138, 17460, 23988, -7739, -23333, -3597, 13644, 10955, 579, -10525, -13304, 2490, 20215, 9159, -20041, -19067, 13665, 23969, -3375, -24240, -7150, 22380, 14259, -20896, -17060, 21604, 17684, -25066, -18792, 30168, 21554, -34137, -25512, 33540, 29333, -25968, -31431, 11789, 30456, 5087, -25876, -18795, 18350, 24532, -9976, -20968, 3776, 10263, -2080, 3640, 5103, -16828, -10790, 26647, 15693, -32114, -16288, 33926, 10650, -33985, 388, 33994, -13718, -34565, 25612, 35647, -33388, -36996, 36166, 37926, -34455, -37096, 29553, 33651, -23017, -27979, 16814, 21533, -12821, -16004, 11834, 12695, -13367, -12141, 16610, 13950, -21010, -17232, 25673, 21420, -29059, -26520, 28945, 32925, -23311, -40529, 11881, 47630, 3283, -51133, -18729, 48523, 30854, -39687, -36352, 26767, 32866, -12618, -20639, -1083, 2377, 14819, 19232, -31196, -43202, 53796, 69458, -84432, -97132, 120434, 124425, -153679, -148353, 172657, 165256, -167403, -171323, 133790, 162987, -75281, -138329, 2712, 98846, 67787, -50136, -119864, 810, 143706, 39457, -139468, -62717, 116039, 66147, -86684, -53886, 63870, 35507, -54336, -21670, 56308, 19829, -61005, -31814, 57931, 53288, -40564, -75518, 9304, 88822, 28921, -86471, -63841, 67798, 86099, -38761, -90548, 9329, 77910, 11195, -54146, -17979, 28139, 11863, -8176, 1762, -1255, -15369, 878, 22194, 4537, -18967, -8924, 7201, 7689, 7915, 779, -20151, -15002
1791219474.847, MrmFullScanInfo, 852, 107, 2084231, 0, 0, 0, 0, 10000, 39297, 32, 4, 2, 1, 480, 0, 0, 0, 0, 0, 0, -192, -90, 393, 579, -683, -1031, 966, 885, -1214, -207, 1549, -467, -1657, 763, 1091, -532, 37, -36, -1013, 507, 1178, -539, -682, 159, 376, 296, -769, -565, 1097, 736, -419, -984, -970, 1214, 2233, -1184, -3089, 886, 3487, -764, -3026, 1208, 1563, -1745, 353, 1480, -1584, -367, 1466, -575, -475, 571, -240, 143, 76, -527, 389, -230, -355, 3032, -708, -7527, 2790, 10406, -4592, -8625, 4147, 3545, -1826, 496, 685, -1585, -2122, 786, 4424, 551, -5681, -1268, 4694, 1048, 483, -1306, -9539, 1770, 17261, 1896, -19013, -11567, 16840, 20542, -13678, -20654, 3484, 14017, 24878, -6586, -81662, -2430, 175809, 13473, -295928, -22602, 392298, 35760, -414658, -64941, 386565, 85527, -395890, -49985, 483730, -30382, -595280, 68511, 649628, -3858, -608080, -127352, 470755, 256609, -259771, -360392, 42741, 459283, 99481, -568548, -147465, 671797, 158713, -731296, -202052, 718237, 289488, -641577, -386976, 542128, 453701, -460679, -470026, 421209, 444988, -422278, -408098, 434423, 391848, -413994, -405978, 331093, 422946, -190257, -400026, 24467, 315822, 120443, -188016, -208776, 59730, 229815, 28197, -197316, -57812, 140375, 37450, -92115, 7940, 76912, -48176, -97698, 59390, 135425, -36167, -161678, -8668, 153735, 55446, -105486, -86802, 30337, 89485, 45066, -57066, -92677, -1849, 96589, 64561, -59764, -104827, 575, 106731, 56995, -73248, -93123, 23792, 99009, 17646, -79646, -35448, 50791, 28396, -30110, -7588, 27912, -13274, -42360, 25011, 62079, -23582, -74455, 9562, 73029, 10846, -58714, -27511, 37359, 33691, -16543, -30245, 2086, 23261, 3693, -19108, -2211, 21105, -2306, -28738, 5088, 38197, -3662, -43932, -404, 42076, 2917, -32948, -104, 20689, -9346, -10610, 23213, 6444, -35902, -8786, 40797, 14787, -33990, -19117, 16935, 16936, 4480, -6914, -22893, -7117, 33609, 18422, -36018, -22020, 32141, 17577, -24889, -8356, 17214, -1735, -11414, 9409, 7700, -12698, -4255, 10552, -755, -3242, 7412, -6107, -14247, 12104, 19588, -10773, -21937, 2898, 19976, 6928, -13437, -13440, 3990, 13461, 5211, -7198, -11234, -2007, 12814, 9439, -10744, -11666, 7459, 8491, -5878, -2660, 7778, -1892, -12592, 2879, 17782, -351, -20378, -4593, 18820, 10597, -13638, -15611, 6690, 17216, -223, -14616, -3864, 9269, 4746, -3715, -3076, 229, 565, -20, 1109, 2919, -943, -7433, -1425, 11424, 5690, -13188, -10728, 12109, 14932, -8998, -17182, 5425, 17336, -2458, -16006, 219, 14085, 1572, -12253, -3020, 10863, 4325, -9888, -5833, 9049, 7761, -8321, -10076, 7929, 12444, -7717, -14278, 6923, 14937, -4842, -13820, 1679, 10630, 1671, -5537, -4120, -422, 4948, 5628, -4016, -8681, 1710, 9016, 1212, -6756, -3727, 2369, 4821, 3275, -3978, -8857, 1565, 12911, 1319, -14402, -3232, 13217, 2835, -10187, 456, 6761, -6034, -4438, 12313, 4072, -17324, -5499, 19455, 7412, -18034, -8125, 13576, 6968, -7688, -4773, 2722, 3045, -671, -2811, 2071, 4505, -5812, -7858, 10012, 12023, -13118, -15832, 14059, 18166, -12074, -18486, 7046, 16952, -66, -14156, -6960, 10752, 12436, -7352, -15574, 4639, 16611, -2987, -16535, 2173, 16516, -1481, -17156, 429, 18270, 945, -19335, -2454, 19861, 4021, -19463, -5612, 18299, 7077, -16873, -8128, 15198, 8660, -12436, -8818, 7785, 8558, -1365, -7441, -5874, 4900, 12638, -1331, -17649, -2055, 19900, 4910, -19172, -8443, 16484, 13811, -13466, -20415, 11203, 26541, -9498, -30396, 6939
1791219474.847, MrmDetectionListInfo, 852, 163, 94, 11474, 95, 12694, 96, 14851, 97, 17143, 98, 18198, 99, 17163, 100, 14361, 103, 19659, 104, 32253, 105, 49801, 106, 65535, 107, 65535, 108, 65535, 109, 65535, 110, 65535, 111, 65535, 112, 65535, 113, 65535, 114, 65535, 115, 65535, 116, 65535, 117, 65535, 118, 65535, 119, 65535, 120, 65535, 121, 65535, 122, 65535, 123, 65535, 124, 65535, 125, 65535, 126, 65535, 127, 65535, 128, 65535, 129, 65535, 130, 65535, 131, 65535, 132, 65535, 133, 65535, 134, 65535, 135, 65535, 136, 65535, 137, 65535, 138, 65535, 139, 65535, 140, 65535, 141, 65535, 142, 65535, 143, 65535, 144, 65535, 145, 65535, 146, 65535, 147, 65535, 148, 65535, 149, 65535, 150, 65535, 151, 65535, 152, 65535, 153, 65535, 154, 65535, 155, 65535, 156, 65535, 157, 65535, 158, 65535, 159, 65535, 160, 65535, 161, 65535, 162, 65535, 163, 65535, 164, 65535, 165, 65535, 166, 65535, 167, 65535, 168, 65535, 169, 65535, 170, 65535, 171, 65535, 172, 51353, 173, 43298, 174, 50086, 175, 65535, 176, 65535, 177, 65535, 178, 65535, 179, 65535, 180, 65535, 181, 65535, 182, 65535, 183, 65535, 184, 65535, 185, 65535, 186, 62453, 187, 54282, 188, 56469, 189, 62157, 190, 62394, 191, 57859, 192, 58106, 193, 65535, 194, 65535, 195, 65535, 196, 61265, 197, 58487, 198, 65535, 199, 65535, 200, 65535, 201, 63029, 202, 52225, 203, 49822, 204, 51749, 205, 50225, 206, 42227, 207, 30894, 212, 32972, 213, 40663, 214, 45511, 215, 46935, 216, 45460, 217, 42450, 218, 39663, 219, 38201, 220, 37768, 221, 36887, 223, 29016, 224, 22993, 235, 22283, 236, 23147, 237, 22858, 248, 22077, 249, 24619, 250, 26418, 251, 26704, 252, 25029, 253, 21494, 254, 16743, 259, 19986, 260, 25007, 261, 27823, 262, 28680, 263, 27928, 264, 25672, 265, 22114, 266, 17791, 267, 13442, 287, 11381, 288, 11638, 289, 10993, 316, 11248, 317, 9757, 336, 12236, 339, 12541, 340, 12007, 341, 11229, 342, 10290, 362, 10754, 363, 10280, 364, 9404, 385, 6090, 386, 6834, 400, 11215, 422, 15753, 423, 15722, 424, 15034, 427, 9720
1791219474.972, MrmFullScanInfo, 853, 107, 2084356, 0, 0, 0, 0, 10000, 39297, 32, 1, 2, 1, 480, -422839, 490388, 420486, -480675, -454128, 443937, 505806, -371274, -519904, 109951, 520141, 342540, -495349, -500417, 370541, 518104, -108246, -520192, -177833, 519427, 323446, -511698, -475202, 481459, 520160, 512851, -154653, -519949, -418391, 495715, 362293, -501304, -436973, 504688, 279960, -517384, -290549, 518015, 223936, -517898, -288475, 517257, 428291, -508566, -515713, 378932, 520192, 83746, -519926, -493187, 442028, 519553, -148104, -519931, -244907, 519836, 469251, -503157, -517220, 384155, 520094, -121529, -520192, -282918, 513084, 419596, -72573, -305584, -518094, 40840, 520108, 409966, -483775, -515620, -70557, 518066, 510948, -315345, -520192, -356577, 514344, 518572, -307309, -520116, -4675, 519890, 327869, -504815, -508680, 340964, 520147, 131499, -520116, -494895, 434280, 520129, 68546, -519351, -383134, 493474, 484934, -307964, -484840, 7093, 175497, 163508, 211823, -146193, -458386, -77305, 482642, 361491, -308114, -458874, -175, 409730, 271679, -250664, -425216, -1022, 416579, 206455, -304963, -231300, 222224, 130054, -206545, 29476, 123676, -398770, -338161, 447737, 497652, -367533, -519260, 191702, 520159, 32212, -518876, -244234, 458807, 379303, -236906, -413465, 245264, 288368, -136275, -231633, 99884, 186221, -117241, -174646, 120625, 194863, -77857, -233833, -3091, 256611, 112296, -224593, -153787, 200334, 232977, -131825, -249971, 48558, 206068, 9990, -129390, -10289, 56408, -30281, -23974, 77417, 51837, -102765, -63286, 74466, 116343, -23174, -159690, -54676, 169805, 127853, -130079, -173008, 57408, 173773, 14895, -125885, -58090, 50235, 67974, 15041, -12765, -45867, -60169, 29753, 101249, 25359, -89388, -87808, 34062, 118504, 46528, -100431, -115640, 48151, 133458, -11495, -121922, -46220, 74559, 78882, -12228, -72890, -40839, 43615, 63805, -6593, -47101, -19731, 11958, 22132, -2141, -3343, -20443, -19265, 23283, 38707, -1294, -44340, -29183, 31538, 48155, 3, -43832, -31833, 21681, 47799, 7231, -41609, -32442, 30258, 42595, -8340, -34276, -11803, 16065, 18383, 7047, -9971, -24228, -2170, 26030, 13312, -16055, -3966, 3259, -4109, 8290, 22121, -9730, -39767, -1244, 50959, 20205, -51858, -36143, 41665, 39848, -21610, -22488, 16367, 12481, -6281, 3778, 5141, -17585, -11244, 24097, 22850, -20573, -32086, 8524, 33170, 7432, -26301, -24331, 14662, 22991, 1708, -12825, -15328, -2322, 18274, 16127, -14045, -24261, 3915, 24205, 8764, -17736, -17201, 9036, 13672, 3861, -14080, -15930, 12966, 23615, -10741, -27217, 6857, 27263, -5966, -25730, 7743, 21875, -9247, -13087, 12400, 8334, -10020, -2017, 6776, -1503, -4634, 2393, 5185, 291, -7101, -4374, 9869, 9081, -12692, -12822, 14076, 17930, -14768, -18312, 17743, 17445, -22451, -11536, 32977, 4886, -44606, -454, 56090, -1467, -63493, 3053, 56225, -3383, -53028, 1489, 46206, -339, -34308, 1853, 23422, -5026, -15432, 8561, 13806, -11127, -16236, 18275, 23079, -20142, -30803, 21159, 39548, -22403, -45640, 21039, 49526, -17968, -51477, 12797, 51867, -4365, -49949, -15895, 49730, 29742, -42123, -40995, 32013, 48624, -21502, -49040, 13419, 40962, -8133, -25616, 5165, 4196, -1653, 12065, -8987, -42845, 24043, 78296, -45250, -118569, 65562, 158986, -77761, -188689, 73787, 199991, -49805, -183931, 6282, 153505, 43341, -92531, -87828, 24103, 113899, 40096, -116490, -86282, 99385, 104035, -73401, -97255, 51161, 74630, -38953, -43785, 37663, 26328, -49120, -26974, 56827, 41379, -49977, -60882, 24450, 74595, 14022, -73722, -52500, 56446, 80643, -31359, -98286, -3870, 86857, 30025, -60561, -38892, 28731, 29446, -1002, -7340, -12980, -16993, 12236, 34122, -757, -32950, -12960, 26759, 24229, -11576, -26595, -6854, 17882, 20999, -2633, -25361, -15072, 22115, 29693, -12924, -38637
1791219474.972, MrmFullScanInfo, 853, 107, 2084356, 0, 0, 0, 0, 10000, 39297, 32, 2, 2, 1, 480, 0, 0, 0, 0, 0, 0, 168772, -228574, -313219, 479465, 362897, -535491, -381151, 347300, 436114, -28734, -508498, -258737, 506908, 434361, -370142, -523729, 132678, 580317, 111452, -567023, -280158, 390914, 325124, -45759, -239957, -339648, 69821, 613069, 94752, -725500, -182536, 712727, 188215, -643294, -149293, 576462, 119853, -544931, -137335, 548405, 204109, -536305, -296698, 424437, 398454, -183422, -487588, -110945, 500128, 353707, -368567, -511151, 112067, 604288, 160580, -629151, -351771, 541770, 452846, -325279, -492131, 46333, 436370, 182247, -228444, -271975, -98431, 199204, 387518, -2644, -466473, -235391, 289297, 395312, 39786, -370839, -356095, 154957, 536202, 139889, -518592, -390076, 313811, 547650, -16042, -587065, -258965, 468256, 451984, -200386, -540458, -120112, 487214, 385601, -279170, -548665, -8726, 591977, 243225, -496918, -322708, 279682, 222677, -24781, 1675, -143981, -244089, 143901, 398541, 7753, -400585, -210768, 249251, 351717, -7200, -363597, -229952, 250921, 383680, -83602, -426715, -43108, 376527, 53395, -279105, 68649, 194079, -265691, -170041, 435622, 218198, -489810, -312260, 403345, 417850, -215154, -496690, -3980, 516855, 183789, -470969, -278188, 378101, 283100, -270834, -234909, 182349, 180408, -134116, -148561, 117677, 149669, -103477, -178421, 68014, 217770, -7550, -246166, -66342, 246755, 135409, -213490, -180225, 153896, 185874, -88893, -152006, 43181, 96233, -31216, -44481, 48063, 17864, -72710, -25895, 81671, 65238, -62390, -119143, 16764, 161067, 43144, -168246, -99389, 134561, 133015, -72920, -131292, 8672, 94931, 31123, -39097, -30781, -12599, -3968, 37458, 48536, -24150, -74494, -19676, 64524, 70287, -20119, -102567, -40187, 102788, 90855, -71445, -112504, 20535, 99656, 30903, -60110, -63944, 10920, 69021, 28268, -49589, -45097, 19494, 39357, 4372, -19309, -11350, -3841, 1799, 18762, 15963, -17549, -31207, 1299, 34776, 20142, -22797, -34606, -564, 34441, 25240, -19747, -41184, -2276, 43002, 21418, -31361, -29706, 12426, 24648, 4936, -9540, -13918, -8166, 13663, 20172, -8612, -21328, 4777, 12226, -6385, 1303, 14632, -11440, -27913, 12594, 42036, -4420, -51360, -7779, 51676, 16764, -42635, -17992, 27960, 11396, -13316, 87, 3774, -12608, -2220, 22128, 8042, -25260, -17417, 20232, 25392, -8413, -28012, -5164, 23245, 14227, -11675, -15064, -2940, 8244, 14955, 2716, -19721, -13374, 15893, 20204, -6157, -21263, -4586, 16058, 12691, -5811, -17460, -6359, 19663, 16756, -19776, -23101, 18354, 25088, -16458, -23272, 15128, 18411, -14368, -11633, 13195, 4666, -10736, 711, 7339, -3444, -4578, 3439, 4032, -1399, -6168, -1631, 10161, 4890, -14549, -7979, 18266, 10459, -21215, -11356, 24240, 9385, -28484, -3913, 34621, -4235, -42345, 12995, 49768, -20060, -54193, 23653, 54084, -23178, -49878, 19675, 42797, -15227, -33731, 11740, 24003, -10188, -15750, 11003, 11075, -14327, -10880, 19635, 14662, -25640, -21074, 30924, 28410, -34475, -35089, 35574, 40213, -33725, -43682, 28170, 46176, -18159, -48520, 4332, 50447, 10926, -50299, -24739, 46623, 34765, -39643, -38883, 30748, 35378, -21112, -24263, 10708, 7308, 1782, 13651, -18503, -37938, 41255, 65390, -69533, -94721, 99033, 123025, -121792, -145790, 128356, 158498, -111698, -157816, 71166, 141703, -13775, -109880, -47818, 65411, 99407, -15754, -129899, -29050, 135256, 59756, -119615, -71120, 92903, 64012, -66609, -45532, 49617, 26363, -44864, -16083, 47920, 19222, -49296, -34048, 40154, 53705, -17362, -69256, -15410, 73261, 49664, -62585, -75379, 39702, 84817, -12090, -75627, -10510, 51905, 20564, -22273, -16046, -3446, 1222, 17862, 15926, -18464, -27878, 8138, 30476, 6401, -23328, -17738, 9101, 20800, 7330, -14360, -20680, 779
1791219474.972, MrmFullScanInfo, 853, 107, 2084356, 0, 0, 0, 0, 10000, 39297, 32, 4, 2, 1, 480, 0, 0, 0, 0, 0, 0, -121, -248, 236, 552, -243, -548, 119, 39, 275, 692, -778, -1026, 939, 806, -725, -346, 540, -98, -517, 430, 853, -646, -1835, 816, 3142, -950, -3563, 884, 2305, -401, -622, -271, 687, 326, -2454, 689, 3336, -1819, -1842, 1914, -472, -1612, 1710, 1897, -2256, -2185, 3750, 1115, -6360, 1350, 7982, -3419, -6685, 3566, 3301, -1587, -499, -1945, -36, 3769, -2048, 3029, 3866, -20519, -666, 37295, -7217, -38506, 12849, 23778, -10812, -7462, 4134, 1747, 333, -5373, 1151, 8968, -7132, -6352, 13185, -339, -15295, 5339, 12323, -5178, -6817, 997, 2499, 3187, 447, -4728, -5972, 4565, 18020, -2601, -39697, -4810, 73495, 18086, -111124, -32698, 125767, 46799, -93565, -59570, 18252, 64822, 71395, -52288, -132292, 9239, 128873, 73835, -68435, -177250, 1009, 249254, 35434, -261040, -52437, 248264, 67908, -281745, -81754, 394582, 104189, -546550, -166124, 650559, 285371, -631517, -441828, 477474, 602307, -242392, -727041, 6277, 782214, 161632, -756481, -226461, 664077, 201183, -537077, -137233, 413383, 87944, -319857, -79884, 249893, 116897, -173991, -184897, 71947, 260029, 51592, -315138, -175508, 325532, 276041, -278690, -331138, 184769, 322616, -78047, -249928, -568, 137694, 24937, -22912, 2474, -61748, -53681, 95712, 93660, -74846, -98851, 16741, 63749, 43093, 351, -70915, -69275, 52578, 115401, 1426, -119922, -62207, 81523, 96586, -16809, -84776, -46841, 32090, 82946, 34378, -78461, -82510, 40641, 92434, 7335, -64582, -41096, 16344, 47777, 28160, -28927, -49577, -3534, 41383, 32866, -11328, -43844, -23463, 30831, 45227, -784, -45183, -30965, 26526, 49247, 330, -46874, -24114, 27235, 36137, -808, -32325, -20565, 15978, 28899, 3630, -23089, -17042, 9296, 19523, 2964, -11937, -6987, -712, 2098, 11571, 7967, -15205, -18125, 10640, 23844, -1382, -22953, -7194, 16633, 10886, -8542, -8489, 2807, 2088, -2138, 4245, 6842, -6671, -14728, 3777, 22067, 2806, -25273, -9153, 22917, 11390, -16263, -8126, 8182, 1034, -1469, 6831, -2176, -13073, 2243, 16493, 523, -16925, -4569, 14932, 8212, -11539, -10150, 7913, 9685, -4939, -6827, 2961, 2280, -1835, 2736, 1309, -6750, -1306, 8568, 1702, -7995, -1907, 5828, 1054, -3098, 1356, 660, -5059, 533, 9043, 612, -11589, -4563, 10825, 10469, -5652, -16449, -3420, 20422, 14308, -20549, -24034, 15593, 29858, -5652, -30197, -7005, 25035, 18432, -15914, -24829, 5657, 24427, 2509, -17948, -6220, 8063, 4838, 1663, 674, -7879, -8201, 8536, 14919, -3650, -18176, -4613, 16790, 12593, -11523, -16811, 4176, 15837, 3427, -10694, -9625, 3612, 13053, 3300, -13186, -8294, 10510, 10112, -6118, -8361, 1072, 3786, 3909, 2058, -8278, -7622, 11353, 12007, -12406, -14951, 11176, 16344, -8121, -15890, 4117, 13353, -75, -9001, -3030, 3709, 4434, 1292, -4059, -4613, 2585, 5199, -931, -2979, -64, -976, -4, 5133, 954, -8325, -2208, 10330, 3071, -12046, -2924, 15109, 1672, -21016, -206, 30083, 169, -40958, -2787, 51225, 8076, -57723, -14968, 57152, 22024, -47758, -27580, 31120, 29521, -11875, -26151, -4694, 17689, 14850, -6622, -17476, -3442, 14062, 9430, -7843, -9941, 2464, 5886, -681, -237, 3399, -3317, -9130, 2184, 14616, 3907, -16528, -12797, 13117, 20958, -4628, -25182, -7020, 23819, 18754, -17115, -27244, 7039, 30176, 3355, -27099, -10784, 19424, 13121, -9551, -10474, -266, 4913, 8539, 1189, -14599, -6442, 18362, 10447, -20018, -13356, 19746
1791219474.987, MrmDetectionListInfo, 853, 180, 107, 45552, 108, 58975, 109, 65535, 110, 65535, 111, 65535, 112, 65535, 113, 65535, 117, 62945, 118, 65535, 119, 65535, 120, 65535, 121, 65535, 122, 65535, 123, 65535, 124, 65535, 125, 65535, 126, 65535, 127, 65535, 128, 65535, 129, 65535, 130, 65535, 131, 65535, 132, 65535, 133, 65535, 134, 65535, 135, 65535, 136, 65535, 137, 65535, 138, 65535, 139, 65535, 140, 65535, 141, 65535, 142, 65535, 143, 65535, 144, 65535, 145, 65535, 146, 65535, 147, 65535, 148, 65535, 149, 65535, 150, 65535, 151, 65535, 152, 65535, 153, 65535, 154, 65535, 155, 65535, 156, 65535, 157, 65535, 158, 65535, 159, 65535, 160, 65535, 161, 65535, 162, 65535, 163, 65535, 164, 65535, 165, 65535, 166, 65535, 167, 65535, 168, 65535, 169, 65535, 170, 65535, 171, 65535, 172, 65535, 173, 65535, 174, 65535, 175, 65535, 176, 65535, 177, 59127, 178, 38887, 181, 38172, 182, 65535, 183, 65535, 184, 65535, 185, 65535, 186, 65535, 187, 48171, 188, 37884, 189, 34400, 190, 37186, 191, 48250, 192, 65159, 193, 65535, 194, 65535, 195, 65535, 196, 65535, 197, 65535, 198, 65535, 199, 65535, 200, 59072, 201, 46846, 202, 46882, 203, 53247, 204, 58470, 205, 61938, 206, 65535, 207, 65535, 208, 65535, 209, 56578, 210, 44124, 211, 36915, 212, 35692, 213, 35398, 214, 33561, 215, 32210, 216, 32365, 217, 31745, 218, 29018, 220, 26724, 221, 28292, 223, 31004, 224, 31577, 225, 30134, 226, 27456, 227, 27294, 228, 31080, 229, 34526, 230, 32852, 231, 27659, 232, 25165, 233, 27523, 234, 29693, 235, 26528, 236, 20073, 237, 16927, 254, 16840, 272, 12681, 273, 13969, 275, 16842, 276, 16891, 277, 15323, 292, 10929, 327, 18047, 328, 20820, 329, 21938, 330, 21394, 331, 19839, 332, 18167, 333, 17248, 334, 17495, 335, 18552, 336, 19436, 337, 19160, 338, 17482, 339, 15093, 340, 12954, 341, 11486, 342, 10369, 351, 11375, 352, 10544, 356, 13633, 357, 13378, 362, 8177, 363, 8212, 364, 8056, 378, 9334, 379, 11327, 380, 12608, 381, 13254, 382, 13486, 383, 13386, 384, 12885, 385, 11928, 386, 10568, 413, 10070, 414, 11490, 416, 15884, 417, 18814, 418, 22137, 419, 25701, 420, 29276, 421, 32578, 422, 35303, 423, 37167, 424, 37940, 425, 37476, 426, 35732, 427, 32767, 428, 28737, 429, 23963, 431, 15195
1791219475.097, MrmFullScanInfo, 854, 107, 2084481, 0, 0, 0, 0, 10000, 39297, 32, 1, 2, 1, 480, -420801, 491916, 421259, -477148, -455952, 447185, 504673, -369208, -520010, 109738, 520149, 339407, -495801, -499273, 367974, 516720, -112892, -520160, -177327, 519516, 320643, -511888, -473000, 479823, 520190, 513467, -147532, -520043, -420884, 496746, 368170, -499770, -439055, 505463, 277243, -518278, -279569, 517475, 208237, -517256, -287187, 515978, 425169, -508758, -515648, 382716, 520192, 83307, -520035, -489999, 452765, 519326, -171759, -519654, -229495, 519567, 468746, -502597, -516941, 385864, 520132, -119402, -520155, -289048, 512535, 463218, -50988, -384887, -519651, 97592, 520069, 403483, -484971, -515529, -59744, 517484, 510107, -318153, -520192, -346650, 516503, 518479, -322220, -520184, 15966, 519964, 321413, -504659, -508649, 339495, 520101, 127570, -520011, -496655, 432112, 520100, 66810, -519265, -391258, 490247, 484768, -309636, -485951, 6155, 182329, 171795, 210510, -148993, -460527, -66639, 486037, 359224, -315968, -457608, -3912, 399454, 273129, -219040, -420118, -63418, 386936, 315194, -211591, -390331, 32837, 353974, 123508, -243785, -201889, 76255, 137387, 73375, -17924, -137433, -103190, 137114, 220582, -94407, -279393, 40928, 282930, 3188, -281254, -49405, 313880, -92245, -358061, -40450, 353362, 237548, -260209, -413181, 58463, 496192, 195735, -468555, -403176, 359040, 490979, -168454, -447422, 197909, 380308, -49399, -212675, -34814, 27147, 27721, 86891, 49460, -94095, -118294, 13772, 119412, 106078, -44609, -219375, -55347, 260212, 197867, -216248, -294848, 115261, 307547, 7230, -242579, -94126, 131646, 110756, -16749, -64356, -57498, -18777, 69467, 86934, -25702, -104595, -29462, 59277, 63132, 19522, -55806, -83271, 5977, 110719, 61748, -97039, -107598, 100714, 122624, -34665, -114645, -18554, 78535, 41640, -30490, -39583, 1119, 23716, 3248, -10009, 7244, 15294, -20990, -29792, 36048, 50819, -33614, -67660, 13072, 74874, 11843, -65607, -29903, 42203, 36316, -15951, -28444, 25, 9132, 14103, 13260, -6372, -21068, -11680, 15797, 28396, 395, -30805, -22314, 22398, 40085, -7546, -42565, -9305, 32517, 20020, -18893, -22699, -3410, 14960, 23503, -1039, -32363, -13494, 32665, 22701, -28501, -21894, 22682, 11964, -16601, 9920, 23652, -23516, -26502, 33378, 28444, -35736, -27175, 32977, 23217, -26520, -16168, 19024, 8137, -9689, -685, 3628, -6660, 795, 15007, -827, -22187, -1359, 27245, 9110, -26120, -19317, 19322, 27529, -4403, -30743, -14224, 24316, 14742, -20101, -30198, 7973, 38646, 5692, -39099, -17602, 31270, 23288, -21977, -21832, 15143, 13834, -13188, 377, 11714, -6825, -16696, 8400, 20788, -3118, -20985, -8476, 17518, 19320, -9491, -24074, 1283, 23246, 2754, -24473, -356, 20330, -3623, -15734, 14502, 15119, -29678, -16285, 42913, 17425, -49614, -15373, 51616, 10713, -51470, -14104, 44728, 6768, -37600, 1666, 34519, -8081, -32878, 10555, 31516, -8632, -29295, 5249, 24617, -3650, -18357, 5676, 15133, -7089, -11613, 13619, 11266, -23238, -15199, 31014, 24172, -31882, -33325, 23961, 40590, -9225, -40901, -15439, 38175, 31753, -27912, -40863, 16279, 44979, -8561, -43478, 5843, 38026, -6456, -28014, 8240, 12876, -5095, 9477, -2686, -39686, 19162, 77869, -40518, -121899, 65270, 168172, -80460, -203848, 80920, 217568, -62957, -203013, 26187, 175529, 23910, -112182, -65723, 39339, 92628, 29430, -95621, -79865, 80623, 103630, -57369, -101240, 38248, 81446, -30293, -55507, 33634, 33594, -48653, -29041, 61668, 35339, -63140, -50165, 46435, 63105, -14151, -66346, -25834, 55903, 60875, -30422, -86450, 2125, 85071, 22646, -68814, -32467, 43148, 28627, -17986, -11770, 1684, -9549, 2497, 26203, 3306, -33363, -11375, 32753, 20401, -22383, -22773, 9730, 14911, -94, -1784, -4850, -13556, 2361, 26027, 1989, -30552
1791219475.097, MrmFullScanInfo, 854, 107, 2084481, 0, 0, 0, 0, 10000, 39297, 32, 2, 2, 1, 480, 0, 0, 0, 0, 0, 0, 168930, -228567, -313567, 479464, 363171, -535568, -381221, 347693, 435858, -29719, -507939, -257395, 506553, 433103, -370667, -522720, 134280, 579408, 109322, -565967, -277926, 389625, 322704, -44253, -236913, -341291, 66096, 614695, 98308, -726878, -184124, 713378, 185525, -642328, -141936, 573250, 110603, -540348, -130078, 544756, 200574, -535405, -295810, 426272, 399030, -186671, -490830, -107167, 508571, 349016, -381798, -505324, 125320, 598787, 152253, -626095, -349222, 541308, 453643, -322945, -493270, 32006, 437744, 218004, -234175, -325317, -85201, 251038, 371610, -34774, -457719, -225475, 291868, 398292, 30615, -377494, -348573, 161082, 536489, 134707, -527969, -384840, 327894, 542098, -27942, -582834, -253158, 467050, 451100, -201871, -541299, -117946, 487397, 384354, -277815, -548622, -11268, 592729, 246211, -497441, -325848, 278857, 226087, -21820, -1431, -149062, -242557, 150175, 399002, 1252, -401830, -202969, 249239, 337132, -5397, -331642, -228775, 186676, 366120, 31289, -369237, -228492, 257799, 333223, -93518, -321154, -49431, 212325, 117468, -56895, -96731, -86480, 9207, 176217, 104655, -201167, -205057, 174342, 271506, -130123, -307145, 101304, 323918, -82444, -329509, 29599, 321557, 89861, -282254, -255349, 187119, 411386, -32397, -501547, -147990, 504031, 297807, -434961, -368173, 322489, 341074, -189470, -236149, 63179, 98678, 17394, 19446, -30098, -78127, -9441, 60386, 58421, 22973, -74265, -135751, 35458, 230178, 50722, -267522, -151740, 233983, 225203, -145213, -240822, 39017, 193793, 41976, -104914, -70338, 10475, 45639, 54187, 7329, -70459, -52425, 43397, 61940, 2879, -30639, -37979, -24634, 40705, 80204, -10273, -116979, -35708, 122966, 75366, -96162, -94635, 48372, 89760, -832, -66215, -29420, 36555, 37930, -14209, -32041, 7100, 23895, -14803, -22530, 29308, 30367, -39364, -44159, 37158, 57175, -22674, -62128, 2477, 55156, 14609, -37804, -21612, 16069, 16724, 2011, -4117, -9394, -8708, 3959, 14826, 9531, -10568, -22678, -2968, 28587, 19940, -24762, -32732, 13163, 35861, 1180, -27782, -12547, 10849, 17059, 9524, -13926, -26935, 5549, 36952, 3395, -38424, -7556, 33337, 3529, -25462, 8162, 18377, -23213, -13834, 35972, 11635, -42444, -10662, 41553, 9581, -34632, -7450, 24204, 4052, -12967, 436, 3222, -5917, 3576, 12306, -6757, -18937, 5919, 24352, -904, -26564, -7584, 23627, 17380, -15451, -25452, 3983, 29083, 8645, -27060, -21167, 20077, 31960, -9998, -38264, -667, 38376, 9122, -33168, -12604, 25297, 9815, -17601, -2332, 12371, -5852, -10870, 10481, 12718, -9066, -15878, 1867, 17831, 8189, -16919, -17386, 13494, 23160, -9751, -24507, 8294, 21748, -10938, -16308, 18336, 10130, -29453, -4527, 41298, -187, -50288, 3762, 54170, -5840, -52746, 6884, 47363, -8348, -40083, 11278, 33078, -14922, -27842, 17472, 24672, -17614, -22697, 15610, 20620, -12920, -17609, 11272, 13782, -12109, -9985, 16261, 7497, -23230, -7724, 30636, 11586, -34912, -18723, 32592, 27501, -22114, -35567, 5345, 40375, 13089, -40117, -28437, 35091, 37914, -27858, -40533, 21344, 36330, -16571, -25803, 11911, 9612, -3918, 11635, -10901, -37417, 34460, 67126, -65692, -99399, 99657, 131136, -127932, -157092, 140683, 171884, -130166, -171800, 94636, 154866, -40153, -120895, -20901, 73139, 73928, -19490, -107252, -29550, 116313, 64290, -104935, -79121, 82866, 74345, -61356, -56103, 48802, 34092, -47773, -17849, 54229, 13313, -59579, -21053, 55153, 36632, -36566, -52310, 5542, 60263, 30710, -55986, -62033, 40244, 79350, -18546, -78528, -1286, 61959, 12382, -36879, -11713, 12279, 1146, 4607, 13854, -10598, -26884, 6992, 33172, 1573, -31048, -9190, 22038, 11096, -9886, -5604, -1179, -5425
1791219475.097, MrmFullScanInfo, 854, 107, 2084481, 0, 0, 0, 0, 10000, 39297, 32, 4, 2, 1, 480, 0, 0, 0, 0, 0, 0, 120, -88, -271, 196, 206, -255, -69, 388, -72, -738, 140, 1009, 144, -1022, -909, 928, 1851, -959, -2314, 1206, 2531, -1522, -3122, 1828, 4274, -2043, -5090, 2017, 4391, -1586, -1786, 600, -2377, 1029, 6254, -2871, -7748, 3808, 6353, -2841, -3601, 172, 1535, 2738, -394, -4271, -1597, 4298, 5757, -4133, -9962, 4414, 10568, -4062, -7004, 2432, 2331, -1217, 796, 3693, -1938, -12711, 2836, 26863, -5820, -37658, 10116, 35888, -10652, -22396, 4562, 6912, 3875, 3620, -8651, -8724, 7659, 9654, -2038, -7808, -5452, 5527, 10466, -4107, -10085, 2452, 5836, -11, -1714, -1936, 16, 2094, -1019, -863, 4064, 218, -8635, -2424, 15232, 8198, -22628, -15422, 24195, 21800, -12156, -25489, -15374, 25479, 51607, -21056, -79240, 8325, 79549, 17352, -53327, -45860, 25355, 49094, -20119, -8008, 43718, -64959, -89517, 143009, 145504, -202772, -193517, 224194, 212645, -193330, -189317, 112909, 127168, -4188, -48313, -107145, -26817, 198576, 95066, -264100, -163622, 304665, 233380, -303645, -294282, 229702, 326394, -73112, -299491, -127567, 192213, 306387, -16936, -403689, -176303, 402640, 323213, -328968, -375343, 218244, 321871, -95886, -193099, -12178, 43278, 72231, 73591, -69748, -123315, 25255, 99269, 20467, -20797, -32762, -73475, -1261, 139565, 70589, -147315, -145077, 94472, 187931, -6187, -175852, -77918, 111828, 122109, -22819, -111403, -54606, 58995, 92206, 1526, -83182, -36051, 44777, 29384, -8112, 8505, 34, -50883, -28120, 74531, 77886, -71233, -122527, 44507, 139238, -3945, -120670, -35414, 75363, 56382, -21936, -51663, -19259, 29364, 35055, -6060, -25067, -4168, 651, -3877, 22100, 25898, -30620, -50512, 21064, 64314, 495, -59510, -21241, 38387, 28637, -11175, -17276, -9975, -8276, 16535, 36113, -6657, -53122, -14067, 51233, 34721, -30979, -44488, 926, 38281, 26612, -19150, -42327, -3878, 43648, 20755, -33543, -25447, 17756, 18441, -3029, -5472, -4754, -5785, 3825, 9472, 2641, -3862, -8868, -8741, 10169, 23603, -5551, -35310, -2156, 39669, 8292, -35608, -8909, 25882, 2877, -15456, 7521, 9064, -18052, -8480, 24895, 11295, -26062, -12797, 22040, 9883, -15741, -3405, 11038, -2961, -10123, 5326, 11921, -2255, -13466, -4943, 11976, 13669, -6265, -21228, -2721, 25194, 12114, -23995, -18127, 18510, 18225, -12059, -12520, 8540, 3427, -9919, 5291, 14991, -9518, -20310, 6557, 22234, 2852, -18554, -14170, 9491, 21645, 2185, -21522, -12626, 14184, 18645, -3544, -18611, -5634, 13010, 9963, -4629, -8237, -2460, 1777, 5187, 5765, -2983, -10243, -2833, 9834, 10032, -5663, -15652, 35, 16884, 5060, -13016, -7839, 6293, 6870, -188, -2460, -2817, -2931, 2068, 6106, 1628, -5064, -6382, -188, 9730, 8092, -9702, -16058, 6073, 21253, -569, -21933, -3982, 18482, 5311, -13280, -3039, 9344, -1170, -8542, 4783, 10496, -5950, -12912, 4593, 13091, -2296, -9545, 1174, 2944, -1835, 4443, 3019, -10023, -3226, 12421, 2046, -12003, 289, 10096, -3733, -7982, 7749, 6211, -10955, -4534, 12004, 2612, -10503, -196, 6938, -3120, -1956, 7750, -3592, -13369, 8424, 18605, -11386, -21785, 12098, 21688, -11178, -18059, 9492, 11799, -7285, -4772, 4120, -1146, 388, 5258, -5964, -8127, 11745, 10545, -16345, -12566, 18709, 13551, -18367, -12875, 15283, 10601, -9879, -7387, 3477, 3870, 1916, -429, -4890, -2537, 5282, 4473, -4174, -4746, 3178, 3140, -3410, -371, 5116, -2110, -7999, 3150, 11442, -2542, -14390, 701, 15645, 1978
1791219475.097, MrmDetectionListInfo, 854, 164, 118, 46044, 119, 48374, 120, 46567, 130, 65535, 131, 65535, 132, 65535, 133, 65535, 134, 65535, 135, 65535, 136, 65535, 137, 65535, 138, 65535, 139, 65535, 140, 65535, 141, 65535, 144, 63471, 145, 65535, 146, 65535, 147, 65535, 148, 65535, 149, 65535, 150, 65535, 151, 65535, 152, 65535, 153, 65535, 154, 65535, 155, 65535, 156, 65535, 157, 65535, 158, 65535, 159, 65535, 160, 65535, 161, 65535, 162, 65535, 163, 65535, 164, 65535, 165, 65535, 166, 65535, 167, 65535, 168, 65535, 169, 65535, 170, 65535, 171, 65535, 172, 55013, 173, 34337, 174, 47428, 175, 65535, 176, 65535, 177, 65535, 178, 65535, 179, 49428, 180, 35206, 183, 46163, 184, 65535, 185, 65535, 186, 65535, 187, 65535, 188, 65535, 189, 65535, 190, 65535, 191, 65535, 192, 65535, 193, 65535, 194, 65535, 195, 65535, 196, 65535, 197, 61697, 198, 62497, 199, 65535, 200, 62721, 201, 50607, 202, 42166, 203, 41750, 204, 40415, 205, 29371, 209, 32339, 210, 54822, 211, 65535, 212, 65535, 213, 65535, 214, 65535, 215, 65535, 216, 65535, 217, 65535, 218, 63097, 219, 62247, 220, 60567, 221, 52137, 222, 39172, 223, 29302, 224, 26453, 225, 27185, 233, 29389, 234, 37985, 235, 40929, 236, 39525, 237, 36201, 238, 33219, 239, 32393, 240, 33143, 241, 31974, 242, 26154, 248, 25235, 249, 29513, 250, 32071, 251, 34501, 252, 37129, 253, 38183, 254, 35512, 255, 29227, 256, 23062, 257, 21726, 258, 25390, 259, 28976, 260, 28430, 261, 25577, 262, 25094, 263, 27816, 264, 29506, 265, 26335, 266, 19075, 281, 19780, 283, 22056, 284, 22926, 285, 22253, 286, 19434, 287, 15146, 288, 11089, 292, 13839, 315, 15995, 316, 18647, 317, 20365, 318, 20156, 319, 18296, 320, 15719, 321, 13037, 328, 14251, 329, 14941, 330, 14209, 331, 12957, 333, 12641, 334, 13783, 335, 14391, 336, 13804, 339, 14692, 340, 15451, 341, 14139, 342, 11628, 362, 9638, 363, 9941, 364, 8862, 378, 9117, 379, 11517, 380, 12819, 381, 12787, 382, 12043, 383, 11437, 384, 11463, 385, 11838, 386, 11698, 394, 8459, 428, 10297, 431, 16412, 433, 17033
1791219475.222, MrmFullScanInfo, 855, 107, 2084606, 0, 0, 0, 0, 10000, 39297, 32, 1, 2, 1, 480, -424293, 490831, 423727, -479145, -455399, 443263, 506025, -367593, -519949, 107466, 520132, 336169, -496123, -497310, 369374, 518279, -108931, -520189, -181894, 519639, 325427, -511057, -477294, 482108, 520177, 512192, -173071, -520190, -406204, 499845, 362485, -501545, -437367, 505210, 285715, -517741, -291555, 518314, 222836, -516997, -296837, 515681, 431250, -507205, -516360, 383655, 520192, 93531, -520076, -493078, 443135, 518887, -154573, -519783, -237088, 519445, 470902, -502071, -515811, 384598, 519984, -135644, -520188, -260511, 514265, 417615, -69174, -311501, -518588, 50933, 520034, 406814, -478296, -515083, -73156, 517084, 511424, -287214, -520192, -371081, 514975, 518813, -304975, -520088, -3342, 519819, 324375, -505005, -507932, 338701, 519981, 119608, -520076, -490404, 435488, 520156, 50093, -519197, -376326, 492873, 481158, -310064, -487337, 973, 177463, 170039, 213393, -144917, -460174, -73211, 484099, 357249, -295949, -446279, -12531, 383841, 276988, -211303, -424000, -67830, 386741, 314193, -210506, -388170, 29667, 353248, 127235, -245068, -196957, 84213, 138778, 39838, -46158, -76491, -31240, 48887, 81899, 14756, -50192, -67520, -50468, 71105, 133264, -18228, -161506, -57848, 149376, 108960, -104077, -110556, 65242, 86256, -78727, -71291, 147840, 82027, -229351, -132168, 291371, 219889, -461242, -53126, 437037, 89508, -356265, -97867, 247719, 68306, -144938, -13586, 71530, -31358, -31541, 35745, 14039, -7768, -46077, -106960, 9260, 182229, 69269, -208415, -159660, 173272, 236377, -90597, -263498, -1927, 227857, 73667, -139194, -104985, 35388, 82441, 56828, -20731, -97030, -41814, 78147, 76879, -26114, -74249, -14260, 35435, 27103, 17158, -7774, -46445, -1921, 99934, 62790, -78198, -100156, 31756, 100239, 18287, -69055, -45243, 22451, 42830, 21085, -21510, -39454, -4386, 21894, 5928, -8100, -10335, -6649, -4656, 13170, 27964, -4693, -45577, -19103, 52491, 44437, -43022, -57656, 20920, 59229, -14592, -49787, -5501, 26821, 14371, -2361, -8311, -10311, -6791, 11706, 22215, -4348, -27043, -8501, 21560, 28194, -9763, -34903, -9759, 33637, 30844, -25287, -44026, 12750, 50692, -1022, -51577, -2908, 49725, -2169, -44233, 27277, 42380, -43886, -43738, 60406, 47559, -71114, -51431, 72905, 55511, -65879, -53087, 50844, 47400, -30383, -36925, 10787, 25527, 1064, -9958, -5991, -2499, 5591, 8025, -2409, -5049, -1447, -3987, -67, 16563, 6393, -28468, -6304, 34621, 14209, -37575, -22847, 36828, 29101, -31020, -29574, 22732, 27325, -15561, -21803, 10712, 13237, -6772, -1523, 9953, -152, -5150, 763, -2197, -2158, 9235, 890, -13350, 1095, 14305, -2702, -10684, 5718, 4843, -15549, 1236, 16981, -10050, -18655, 20336, 21429, -29133, -20783, 37422, 17027, -43229, -9753, 49041, 2696, -55612, -3543, 57934, 694, -57867, -272, 56181, 3104, -49546, -6642, 39630, 8743, -28047, -8038, 17952, 2444, -11580, -6315, 3769, 384, -3878, 7282, 8539, -13895, -17663, 15616, 27737, -11449, -37691, 604, 42422, 14263, -41393, -39984, 39429, 51741, -28993, -57153, 17491, 57701, -9679, -52183, 5327, 43165, -5903, -30435, 7479, 12939, -5059, 16498, -4857, -47316, 17517, 84129, -34681, -126103, 54099, 171364, -62992, -205875, 57418, 222787, -34150, -208977, -2373, 176860, 48054, -113504, -84570, 38592, 107081, 34004, -108247, -88500, 92520, 114982, -68249, -114379, 48839, 93245, -41603, -56676, 34794, 34932, -49550, -28974, 61814, 36201, -61078, -51824, 41644, 64252, -4438, -64403, -37885, 50643, 72536, -31198, -82728, 2150, 81517, 22427, -65447, -32417, 39202, 26961, -13137, -7261, -3137, -16115, 7031, 35233, -1599, -43483, -3824, 41698, 13943, -31098, -17295, 17055, 11023, -5446, 1054, 783, -14852, -4024, 25031, 9861, -27622
1791219475.237, MrmFullScanInfo, 855, 107, 2084606, 0, 0, 0, 0, 10000, 39297, 32, 2, 2, 1, 480, 0, 0, 0, 0, 0, 0, 169455, -228339, -314532, 478602, 364342, -534264, -382332, 346927, 436568, -30070, -507893, -256446, 505393, 432686, -368173, -523408, 130606, 581061, 113353, -568188, -282606, 392248, 330138, -47571, -248309, -337209, 79067, 610781, 88640, -724608, -181342, 713774, 190402, -645570, -152488, 578491, 123122, -545811, -140903, 548661, 207549, -536391, -298984, 423777, 399569, -181604, -488744, -112937, 502688, 354196, -372597, -509651, 116132, 601785, 158069, -628006, -350810, 545241, 451695, -334689, -488958, 58169, 431329, 174665, -224160, -272397, -98950, 205152, 383616, -8703, -460515, -230971, 284099, 389072, 43856, -360168, -360280, 142757, 540399, 148372, -521430, -393026, 314818, 546751, -15988, -585437, -259085, 468790, 451363, -203902, -539913, -115118, 489330, 380811, -285338, -544532, -757, 588526, 237467, -494032, -321146, 277172, 224295, -22544, -523, -146214, -242318, 147113, 395163, 1882, -392840, -199703, 236807, 330824, 6508, -324869, -236879, 181920, 369052, 33267, -367551, -228726, 253884, 333684, -90455, -324956, -50922, 225629, 122238, -89883, -116164, -22064, 60174, 71921, 1271, -56925, -27950, 4151, 4537, 46183, 53350, -61929, -113912, 36372, 150354, 11116, -154620, -52534, 141001, 70715, -136874, -67051, 163414, 57995, -229977, -47355, 325803, 20718, -410658, 23056, 435837, -56065, -385397, 55036, 286021, -32786, -176080, 14562, 83588, -10049, -24180, 6016, 2309, 18457, -7311, -71216, 13815, 138374, 4841, -192320, -57767, 209181, 130312, -180352, -191933, 114884, 212957, -34601, -180409, -34063, 104314, 69837, -12883, -65416, -60179, 30279, 91720, 14257, -80182, -44677, 43601, 46444, -5450, -18703, -16777, -26295, 15136, 68297, 8417, -87773, -42236, 76013, 68576, -40827, -73294, 261, 53576, 28349, -19804, -37269, -10882, 29433, 25589, -14186, -22531, 2221, 9124, -1116, 4323, 12416, -9249, -30857, 2234, 47310, 13847, -54386, -31828, 49850, 43804, -35992, -44568, 17589, 34041, -1011, -17019, -7164, 303, 4322, 10498, 6118, -12105, -17175, 4132, 22625, 10181, -19240, -24970, 7076, 34787, 10710, -37073, -29028, 32613, 43260, -25042, -50767, 20049, 50910, -22581, -44838, 33697, 35545, -50112, -26995, 66677, 22207, -78978, -21858, 83914, 24469, -79817, -27590, 66813, 29195, -47400, -28033, 26188, 23337, -8045, -15287, -3946, 5914, 9082, 1247, -8538, -2998, 4878, -1915, -720, 12113, -2195, -24119, 2701, 34309, 115, -40620, -5921, 42470, 12600, -39936, -17622, 33829, 19332, -25745, -17065, 17696, 11405, -11106, -4470, 6066, -960, -1554, 3069, -3305, -1834, 8095, -1484, -11390, 5211, 11820, -8424, -8832, 11140, 2704, -13304, 5740, 14373, -15398, -13894, 25199, 11874, -34148, -8148, 41395, 2482, -46582, 4443, 50049, -11006, -52420, 15737, 53919, -18017, -54096, 17740, 52214, -14906, -47666, 10135, 40416, -5002, -31264, 977, 21537, 1377, -12810, -1767, 6625, -549, -4074, 5936, 5596, -12864, -10966, 18325, 19355, -19292, -29146, 13512, 38484, -636, -45729, -16541, 49210, 33098, -47486, -44846, 40815, 50101, -31744, -48777, 23370, 41324, -17070, -27917, 11267, 8652, -2305, 15672, -12957, -43618, 35335, 74130, -62944, -106483, 91194, 138723, -112864, -166402, 119740, 183627, -105639, -185061, 69624, 167366, -17404, -130302, -40003, 77977, 89729, -19332, -121252, -34084, 130024, 71783, -119100, -87258, 96700, 80495, -72524, -58944, 55125, 34537, -49187, -17885, 52511, 14244, -56178, -23007, 50069, 38851, -28973, -54207, -3927, 61911, 38933, -57329, -65688, 40579, 77894, -17458, -74060, -2906, 56573, 12897, -31334, -9829, 6336, -3474, 11507, 20556, -18814, -34402, 16239, 40300, -7706, -37167, -1051, 27174, 4809, -14509, -1300, 3695, -7955
1791219475.237, MrmFullScanInfo, 855, 107, 2084606, 0, 0, 0, 0, 10000, 39297, 32, 4, 2, 1, 480, 0, 0, 0, 0, 0, 0, 584, 213, -1099, -838, 1292, 1269, -1174, -649, 689, -657, 127, 1392, -1142, -863, 2173, -301, -2990, 1283, 3182, -1778, -3766, 2069, 6334, -2647, -9910, 3327, 11189, -3159, -8081, 1651, 2107, 673, 3918, -2880, -7961, 4081, 9304, -3854, -8282, 2673, 5673, -830, -2738, -1524, 547, 3527, 1216, -4166, -3192, 3481, 4727, -2364, -4555, 1145, 2827, -823, -644, 3572, -1616, -10594, 3687, 21118, -5599, -31601, 7845, 35723, -9334, -29156, 6943, 15568, -239, -2209, -6528, -7904, 9773, 14181, -8677, -15038, 3417, 10984, 3808, -6049, -8378, 2792, 7670, -1281, -3632, 1369, -232, -2463, 1171, 3419, 1876, -3798, -6745, 3962, 9182, -3968, -7540, 3748, 4695, -3427, -4415, 2908, 7879, -2092, -13570, 2391, 19975, -5414, -25127, 9169, 26238, -8569, -23168, 3186, 20147, -1220, -22203, 11418, 31418, -33869, -46521, 63653, 64285, -94850, -81242, 120254, 95522, -133123, -107829, 131450, 123227, -119281, -152657, 101253, 202663, -76944, -267698, 47195, 331986, -14658, -376014, -26549, 386146, 91242, -362004, -183377, 314241, 282718, -254531, -362509, 193700, 406443, -153251, -402149, 152417, 339297, -181219, -228689, 206104, 109515, -205371, -22071, 183728, -18982, -149659, 19777, 103391, 4661, -43791, -41270, -23973, 80620, 91406, -111859, -154123, 122184, 211062, -103732, -256141, 60691, 277951, -6829, -266663, -40892, 221285, 69132, -151990, -72682, 76779, 55130, -14110, -26750, -24804, 679, 39999, 12363, -41237, -8735, 41876, -6568, -51169, 26206, 69822, -43810, -90914, 51808, 105456, -42499, -107104, 15445, 92814, 18549, -63509, -45430, 25162, 56416, 11968, -52457, -37409, 41526, 45852, -31845, -40340, 27717, 30138, -29823, -24451, 36520, 27484, -43456, -37292, 45247, 47850, -39722, -52810, 28930, 48928, -16220, -37596, 4198, 23533, 4705, -11525, -8152, 4409, 6210, -2709, -1570, 5592, -2731, -11442, 5178, 17927, -5553, -22659, 4032, 24609, -1063, -24599, -2460, 24184, 5909, -24542, -9310, 26441, 12440, -30251, -14419, 35549, 14804, -41232, -14423, 46260, 14500, -49959, -15241, 51566, 16158, -50164, -16822, 45254, 17283, -37243, -17747, 27318, 18168, -16858, -18393, 6961, 18519, 1693, -18945, -8868, 19910, 14772, -21108, -19231, 22315, 21460, -23226, -20931, 22918, 18432, -20257, -15344, 15157, 12147, -8954, -8584, 3136, 4565, 1600, -641, -5037, -2161, 7179, 2970, -8668, -1782, 10785, -289, -14317, 1593, 18488, -1048, -21418, -1117, 21370, 3494, -17880, -4600, 11894, 4002, -5079, -2323, -787, 376, 4261, 1411, -4719, -2627, 2837, 2800, -306, -1750, -781, -111, -1057, 1949, 5711, -2716, -11382, 1454, 15735, 2061, -17131, -6824, 15047, 10924, -10122, -13370, 3689, 14711, 2620, -15604, -7312, 15744, 9454, -14757, -8819, 13517, 5918, -13295, -1802, 14679, -2154, -17388, 4838, 20411, -5779, -22236, 5089, 21638, -3212, -18488, 922, 13838, 832, -9156, -1337, 5625, 468, -3091, 1016, 455, -1970, 2673, 2255, -5465, -3096, 7292, 5775, -8713, -10352, 10691, 15801, -13573, -20442, 16422, 22710, -17504, -21886, 15637, 18348, -10967, -13387, 4585, 8771, 2101, -5944, -7719, 5289, 11336, -6307, -12177, 7506, 10069, -7058, -6234, 4571, 2622, -1629, -183, -32, -1493, 460, 3020, -861, -4568, 2232, 5507, -3560, -5106, 2716, 3686, 530, -2257, -3769, 1172, 4800, 85, -3964, -1819, 2890, 3811, -2810, -5714, 4202, 7289, -6789, -8370, 9514, 9034, -11023, -9642, 10676, 10501, -8857, -11567, 6292, 12622, -3433
1791219475.237, MrmDetectionListInfo, 855, 180, 29, 3041, 30, 3624, 31, 4567, 133, 65535, 134, 65535, 135, 65535, 136, 65535, 137, 65535, 138, 65535, 139, 65535, 140, 65535, 141, 65535, 142, 65535, 143, 65535, 144, 65535, 145, 65535, 146, 65535, 147, 65535, 148, 65535, 149, 65535, 150, 65535, 151, 65535, 152, 65535, 153, 65535, 154, 65535, 155, 65535, 156, 65535, 157, 65535, 158, 65535, 159, 65535, 160, 65535, 161, 65535, 162, 65535, 163, 65535, 164, 65535, 165, 65535, 166, 65535, 167, 65535, 168, 65535, 169, 65535, 170, 65535, 171, 65535, 172, 65535, 173, 65535, 174, 65535, 175, 65535, 176, 65535, 177, 54260, 178, 37480, 179, 29154, 180, 33631, 181, 49505, 182, 65535, 183, 65535, 184, 65535, 185, 65535, 186, 65535, 187, 65535, 188, 65535, 189, 65535, 190, 65535, 191, 65535, 192, 65535, 193, 65535, 194, 65535, 195, 65535, 196, 65535, 197, 65535, 198, 65535, 199, 63135, 200, 42815, 201, 26002, 204, 18701, 205, 23530, 206, 26795, 207, 27426, 208, 25995, 211, 34525, 212, 45211, 213, 56314, 214, 65455, 215, 65535, 216, 65535, 217, 65535, 218, 65535, 219, 65535, 220, 57714, 221, 50428, 222, 46830, 223, 45608, 224, 43729, 225, 39696, 226, 35281, 227, 33809, 228, 36725, 229, 41595, 230, 44003, 231, 41896, 232, 37150, 233, 32853, 234, 30314, 235, 29033, 236, 28497, 237, 29052, 238, 31208, 239, 34750, 240, 38757, 241, 42252, 242, 44642, 243, 45652, 244, 45116, 245, 42930, 246, 39162, 247, 34091, 248, 28141, 250, 16149, 266, 13957, 267, 13569, 272, 15492, 273, 16572, 274, 17736, 275, 19136, 276, 20772, 277, 22494, 278, 24150, 279, 25674, 280, 27071, 281, 28363, 282, 29564, 283, 30686, 284, 31724, 285, 32632, 286, 33323, 287, 33689, 288, 33637, 289, 33112, 290, 32103, 291, 30642, 292, 28796, 293, 26651, 304, 16812, 306, 19667, 307, 20610, 308, 21595, 309, 22321, 310, 22451, 311, 21949, 312, 20979, 313, 19661, 314, 17999, 315, 15993, 316, 13718, 317, 11308, 318, 8869, 339, 11523, 340, 10844, 341, 9473, 363, 8063, 364, 8767, 365, 9721, 377, 12548, 378, 12568, 379, 11960, 380, 11113, 381, 10229, 382, 9317, 383, 8438, 384, 7903, 385, 8125, 386, 9205, 390, 13827, 392, 13461, 394, 11378, 413, 8820, 414, 10596, 419, 19487, 421, 19957, 422, 19055, 423, 17442, 424, 15233
1791219475.362, MrmFullScanInfo, 856, 107, 2084731, 0, 0, 0, 0, 10000, 39297, 32, 1, 2, 1, 480, -422472, 491703, 422623, -479653, -452233, 445408, 505436, -367092, -519873, 104833, 520169, 339431, -496379, -499666, 368714, 517312, -113541, -520006, -179496, 519425, 323745, -512533, -474614, 483526, 520190, 512631, -164474, -520073, -415491, 497916, 363209, -501357, -437304, 505653, 282960, -518277, -281902, 517853, 216387, -516749, -292748, 516314, 431539, -508603, -515251, 379613, 520192, 92359, -520106, -492049, 443662, 519716, -158477, -519938, -237214, 519597, 468730, -501555, -516292, 386910, 519949, -125393, -520178, -271668, 513631, 435328, -57744, -336646, -519112, 60851, 520141, 408226, -478622, -515843, -67001, 517256, 510422, -301060, -520192, -369286, 515367, 518543, -307835, -520080, -148, 519954, 328464, -504058, -506979, 338779, 520116, 121721, -520021, -491988, 435129, 520103, 54146, -519481, -378558, 493785, 484845, -309496, -477203, 12536, 169094, 157873, 213049, -133161, -452279, -78550, 478672, 356731, -296404, -448422, -9405, 388418, 277478, -213613, -417246, -67784, 378166, 313512, -204395, -384537, 25990, 346024, 126778, -239614, -197967, 81530, 140144, 45660, -43841, -84949, -37119, 54583, 87491, 7772, -54532, -56428, -46191, 55528, 125274, -935, -146552, -79753, 121914, 128859, -54601, -118916, -21292, 65874, 53497, 1125, -34650, -60509, -532, 89337, 37496, -76555, -55483, 55052, 37411, -56413, 3322, 83469, -30574, -141099, 10040, 226953, 64674, -290875, -183656, 300716, 322763, -243080, -234543, 238003, 337576, -97816, -391538, -62216, 384434, 187802, -325349, -264784, 234036, 280213, -143477, -249992, 73044, 195224, -16242, -163599, 8967, 151217, -11782, -170850, -9518, 209046, 67692, -234889, -144102, 222049, 219116, -161756, -267301, 74999, 210512, -62909, -184295, -16665, 124084, 63862, -52535, -70693, -4402, 52388, 25778, -28188, -5971, 16157, -27413, -26066, 63821, 26272, -79762, -61393, 71477, 91259, -38211, -105566, -991, 100916, 25989, -77859, -27926, 53157, 18512, -40146, 25703, 35223, -19520, -34733, -2108, 30370, 31723, -11604, -54131, -22377, 57407, 59778, -38186, -79888, -1311, 74225, 26225, -47004, -59512, 5472, 69209, 43686, -52297, -77250, 18324, 86989, 13987, -72955, -24694, 45130, 7879, -18768, 17479, 3206, -52004, -6438, 84638, 26818, -100057, -51387, 93541, 70297, -67614, -72688, 33348, 57840, -1522, -34576, -22795, 13407, 26253, 2495, -21454, -6383, 18032, -789, -19546, 10147, 25007, -14225, -31041, 13214, 31794, -7364, -33519, 8479, 27100, 644, -16439, -3787, 5532, 1725, 2308, 3831, -2863, -8952, 314, 12829, 3081, -13054, -859, 11289, 632, -9072, 2997, 7756, -5293, -6904, 3917, 8065, 1398, -9633, -7931, 9901, 13720, -9259, -12073, 9523, 15563, -10862, -14881, 14970, 13299, -23721, -10151, 35429, 7351, -46500, -6910, 55900, 8498, -62408, -14662, 63929, 17390, -59200, -17709, 51153, 14641, -40382, -8303, 32346, 2558, -27668, -363, 27140, 289, -28856, 3675, 19635, -2587, -21791, 1967, 22666, -3449, -21928, 5069, 22066, -6358, -22966, 5909, 26098, -1677, -29251, -13129, 32350, 26324, -29058, -38945, 21715, 48051, -10114, -48814, -779, 41733, 8922, -24981, -12470, 1968, 12585, 16871, -21323, -49947, 25362, 83561, -32811, -117486, 40951, 149799, -42831, -171247, 38365, 177611, -15854, -160392, -17721, 120454, 63529, -63354, -94907, 1586, 109355, 56468, -103633, -98618, 81188, 114065, -53522, -107625, 29831, 84509, -17853, -60622, 11783, 36684, -21802, -26439, 32140, 29819, -34128, -40878, 21216, 49841, 2961, -50420, -32288, 38384, 56515, -10153, -82565, -17791, 74827, 37932, -55194, -43398, 27733, 32987, -1504, -9473, -14854, -17912, 17382, 39312, -10507, -31722, 7596, 36142, 425, -32688, -2556, 24365, 283, -15892, 7664, 13820, -15227, -16278, 20664, 21432, -20920
1791219475.362, MrmFullScanInfo, 856, 107, 2084731, 0, 0, 0, 0, 10000, 39297, 32, 2, 2, 1, 480, 0, 0, 0, 0, 0, 0, 168760, -228470, -313057, 478560, 362792, -533508, -381603, 345197, 436961, -27861, -509221, -258129, 507368, 433071, -370477, -522625, 132914, 580031, 111283, -567689, -280385, 392209, 326711, -47278, -243171, -338271, 73376, 612307, 92639, -725771, -181888, 713818, 187100, -644090, -146437, 575770, 116668, -543019, -136221, 546883, 205304, -535743, -298565, 423789, 400004, -181914, -489531, -112490, 503795, 353776, -374073, -509243, 117677, 601459, 156906, -627429, -350332, 543043, 452282, -328873, -490432, 46941, 433190, 191230, -226523, -290683, -95808, 219177, 381045, -15006, -460796, -231421, 287649, 393423, 38806, -365781, -356141, 147475, 538881, 145644, -522518, -391819, 316832, 546304, -17203, -585296, -259075, 468545, 451979, -203263, -540390, -116111, 488912, 382009, -283640, -545893, -2725, 590429, 237209, -497260, -316833, 282485, 217246, -30017, 5354, -137705, -244325, 139366, 394006, 7528, -391122, -203162, 236721, 332654, 3899, -325269, -231585, 181017, 362165, 34375, -360885, -228210, 248711, 330629, -86860, -320077, -53372, 220037, 123560, -83820, -115932, -28983, 58330, 80045, 3966, -66709, -30497, 16339, 6888, 30713, 49394, -42399, -104356, 12813, 128406, 36440, -109862, -73463, 59716, 76407, -4466, -43020, -30995, -10731, 37094, 60514, -21177, -88505, 968, 93476, 5766, -89140, 6858, 95524, -27399, -128823, 33579, 191282, -4581, -265988, -56858, 326178, 127642, -345818, -192158, 308982, 255643, -218420, -322654, 95208, 374138, 29804, -384386, -130167, 343534, 190903, -263663, -210679, 170942, 200873, -93098, -179766, 46576, 165011, -27899, -168217, 17316, 190922, 6339, -221489, -52777, 239299, 112854, -229646, -164221, 190686, 186839, -129253, -175660, 56956, 139216, 10076, -89908, -54588, 41874, 68835, -9290, -58414, 1509, 36446, -17677, -16692, 46419, 9920, -71898, -21173, 81779, 46847, -72347, -75027, 49082, 92411, -22843, -91944, 5347, 75851, -2654, -52641, 9991, 32068, -14652, -20393, 6571, 16411, 13723, -11899, -37558, -1413, 53637, 24356, -53950, -48786, 36707, 62843, -6173, -58086, -28636, 33727, 56094, 3458, -66164, -41813, 56637, 68902, -35301, -76266, 15343, 62915, -7677, -36121, 16457, 8365, -39063, 8690, 67812, -9418, -92007, -4042, 101772, 23749, -92311, -40199, 65835, 46899, -30763, -42700, -1667, 30952, 22739, -17298, -30352, 7527, 28673, -5061, -24007, 9120, 20922, -15504, -20951, 20026, 23035, -20669, -24555, 17331, 23015, -11133, -17627, 4445, 9848, -259, -2295, 254, -2746, -3855, 4721, 8703, -4728, -12091, 4292, 12580, -4352, -10575, 4944, 7696, -5282, -5774, 4201, 5976, -1118, -8197, -3168, 11217, 7143, -13685, -9771, 15272, 10829, -16998, -10176, 20469, 7371, -26650, -2455, 35188, -3463, -44692, 8352, 53557, -10413, -60302, 9334, 63496, -6395, -61960, 3546, 55584, -2209, -45883, 2694, 35702, -4269, -28042, 6210, 23875, -8175, -21866, 9647, 20536, -10130, -19711, 10018, 19608, -10272, -19762, 11188, 19964, -12075, -20743, 11333, 23040, -7132, -27227, -1269, 32178, 12862, -35348, -25324, 34300, 35860, -28281, -41459, 18471, 39470, -7045, -28972, -4575, 11044, 16443, 12392, -29526, -39668, 44680, 69205, -61507, -98621, 77796, 124737, -88959, -143646, 88804, 151277, -71556, -144574, 35489, 122742, 13969, -87549, -65088, 42945, 104755, 4842, -124163, -47557, 121526, 76923, -101832, -88083, 74060, 81734, -47787, -63587, 30307, 42024, -24341, -25170, 26952, 18346, -30850, -22193, 28335, 32647, -15240, -42458, -8075, 44570, 36841, -35892, -62462, 18654, 75516, 1239, -70808, -16767, 50447, 22200, -22048, -15426, -4899, 58, 23039, 16532, -29407, -28290, 25865, 33399, -17566, -32695, 10101, 27459, -7071, -19953, 9179, 13311, -14767
1791219475.362, MrmFullScanInfo, 856, 107, 2084731, 0, 0, 0, 0, 10000, 39297, 32, 4, 2, 1, 480, 0, 0, 0, 0, 0, 0, -468, -37, 1054, -386, -1054, 1270, 278, -1996, 651, 1969, -1252, -1168, 1476, 93, -1358, 609, 999, -459, -669, -282, 572, 881, -694, -883, 884, 406, -875, 124, 487, -392, 408, 268, -1619, 280, 2566, -944, -2371, 1065, 1077, -580, 191, 343, -761, -802, 708, 1391, -276, -1482, -401, 1183, 882, -739, -804, 323, 331, 118, 97, -670, -112, 1352, 137, -2195, -567, 2806, 1070, -2451, -1034, 855, 641, 912, -523, -1656, 699, 961, -670, 652, 208, -1999, 75, 2220, 590, -1543, -1807, 860, 2376, -476, -1779, 330, 634, -321, -6, 355, 374, -343, -1174, 279, 1983, 297, -3456, -1916, 5880, 4556, -7424, -7465, 5931, 9140, -1757, -8343, -2646, 5247, 5190, -1371, -5058, -2151, 2334, 5505, 2170, -9229, -7470, 13388, 13088, -18115, -18611, 25112, 23379, -35621, -27397, 47531, 31981, -56383, -39033, 59180, 50690, -56307, -69977, 49311, 97459, -38055, -128970, 23662, 156624, -7814, -170994, -12585, 164130, 44382, -131792, -86941, 73203, 125439, 9754, -141171, -108976, 122777, 212677, -84057, -305246, 54169, 364450, -41778, -371598, 22688, 326965, 28160, -247203, -105479, 148594, 187256, -40919, -254003, -56017, 300236, 117579, -327341, -144455, 332907, 171777, -310422, -233387, 254446, 322497, -167579, -402184, 60230, 433533, 50533, -396738, -145314, 299422, 208676, -172490, -234015, 55185, 226659, 24333, -203150, -61151, 183919, 71090, -181320, -78000, 192193, 94075, -205085, -115042, 206897, 131782, -185697, -140611, 135957, 140081, -65549, -124792, -3832, 93585, 50809, -55641, -66202, 27514, 54729, -22251, -30348, 39756, 10775, -67104, -10876, 87676, 34773, -90339, -72554, 73141, 106705, -42744, -122433, 11842, 115023, 8178, -90092, -14919, 59018, 15135, -32634, -17182, 15707, 24046, -5672, -33401, -3609, 39717, 16095, -38441, -30027, 28262, 39371, -10502, -38685, -11112, 26865, 29973, -7288, -38597, -13523, 34146, 27657, -20852, -29141, 6359, 17200, 3136, 2684, -4409, -21270, -3171, 30370, 17006, -26610, -30625, 12493, 36745, 5390, -31504, -19667, 16463, 25628, 2408, -23209, -17830, 16401, 25072, -10649, -24451, 9955, 20624, -14610, -18884, 20861, 21608, -23031, -27753, 18010, 34115, -6933, -36507, -7116, 31645, 21335, -19461, -32590, 3612, 37159, 10789, -33391, -19591, 23188, 21069, -11015, -16356, 1290, 8838, 3909, -2486, -5307, -112, 5130, -1116, -5410, 4188, 7058, -6561, -9596, 7265, 11453, -6976, -10927, 6361, 7513, -5364, -2355, 4188, -2574, -3730, 5523, 4183, -5499, -4473, 2579, 3257, 2300, -50, -7606, -4538, 11527, 9238, -12489, -12448, 10052, 12734, -5556, -9801, 1650, 5036, -898, -158, 3660, -3693, -7809, 5363, 10960, -3603, -12163, -1513, 11160, 7863, -7356, -12554, 854, 13347, 6729, -9368, -12918, 1700, 15733, 6619, -14505, -12015, 10208, 12589, -5378, -9050, 3087, 3855, -5028, 239, 10280, -2054, -15979, 2239, 18824, -1866, -16630, 1521, 9016, -1949, 2920, 4561, -16720, -10139, 29318, 17901, -38079, -26314, 42047, 33784, -41791, -38307, 37836, 37889, -30034, -32323, 18799, 23865, -6245, -15336, -4907, 8591, 13070, -4879, -18109, 4733, 20795, -6835, -22369, 8438, 23990, -7474, -25615, 3883, 25660, 1332, -22266, -7023, 14850, 12685, -5839, -17981, -697, 21560, 3099, -21736, -3506, 18487, 4750, -13586, -7274, 8691, 10044, -4409, -12040, 1677, 12967, -1549, -13092, 3204, 13210, -3779, -14054, 1253, 15263, 3633, -15365, -9014, 13077, 13516, -8443
1791219475.362, MrmDetectionListInfo, 856, 191, 141, 55690, 143, 63005, 144, 65535, 145, 65535, 146, 65535, 147, 65535, 148, 65535, 149, 65535, 150, 65535, 151, 65535, 152, 65535, 153, 65535, 154, 65535, 155, 65535, 156, 65535, 157, 65535, 158, 65535, 159, 65535, 160, 65535, 161, 65535, 162, 65535, 163, 65535, 164, 65535, 165, 65535, 166, 65535, 167, 65535, 168, 65535, 169, 65535, 170, 65535, 171, 65535, 172, 65535, 173, 65535, 174, 65535, 175, 65535, 176, 65535, 177, 65535, 178, 65535, 179, 65535, 180, 65535, 181, 65535, 182, 65535, 183, 65535, 184, 65535, 185, 65535, 186, 65535, 187, 65535, 188, 65535, 189, 65535, 190, 65535, 191, 65535, 192, 65535, 193, 65535, 194, 65535, 195, 65535, 196, 65535, 197, 65535, 198, 65535, 199, 65535, 200, 65535, 201, 65535, 202, 65535, 203, 65535, 204, 65535, 205, 65535, 206, 65535, 207, 65535, 208, 65535, 209, 65535, 210, 65535, 211, 65535, 212, 65535, 213, 65535, 214, 65535, 215, 65535, 216, 65535, 217, 65535, 218, 65535, 219, 65535, 220, 65535, 221, 65535, 222, 56897, 223, 52239, 224, 56752, 225, 60425, 226, 55447, 227, 44107, 228, 34167, 229, 29859, 230, 29721, 231, 31077, 232, 33689, 233, 38915, 234, 47091, 235, 56797, 236, 65535, 237, 65535, 238, 65535, 239, 65535, 240, 65535, 241, 65535, 242, 65535, 243, 65170, 244, 58581, 245, 53464, 246, 48728, 247, 42889, 248, 35638, 249, 28198, 250, 22285, 252, 17280, 254, 17573, 256, 21415, 257, 24906, 258, 28702, 259, 31562, 260, 32528, 261, 31399, 262, 28615, 263, 25245, 264, 22746, 265, 22029, 266, 22667, 267, 23257, 268, 23135, 269, 23363, 270, 25014, 271, 27216, 272, 27738, 273, 25121, 274, 19866, 281, 17661, 282, 21486, 283, 23842, 284, 25216, 285, 25322, 286, 23908, 287, 21755, 288, 20334, 289, 20449, 290, 21100, 291, 20254, 292, 17318, 302, 17649, 303, 18923, 304, 20574, 305, 22485, 306, 24074, 307, 24769, 308, 24365, 309, 23068, 310, 21536, 312, 21062, 313, 22399, 314, 23631, 315, 23575, 316, 22020, 317, 20371, 318, 20554, 319, 22719, 320, 24766, 321, 24534, 322, 21760, 323, 17715, 340, 9351, 341, 9166, 362, 11958, 363, 11801, 364, 11161, 365, 9933, 381, 8482, 382, 8984, 383, 8538, 384, 7699, 385, 7671, 386, 8753, 394, 11511, 414, 12594, 415, 18718, 416, 23759, 417, 27589, 418, 30965, 419, 34225, 420, 36970, 421, 38701, 422, 39314, 423, 38949, 424, 37633, 425, 35220, 426, 31633, 427, 27050, 428, 21852
1791219475.472, MrmFullScanInfo, 857, 107, 2084856, 0, 0, 0, 0, 10000, 39297, 32, 1, 2, 1, 480, -422260, 491526, 419958, -479287, -453262, 446107, 505525, -371871, -519990, 111405, 520184, 344506, -494962, -498752, 366938, 517729, -110837, -520190, -176543, 519472, 326310, -511894, -475183, 482017, 520181, 513182, -149220, -520170, -418906, 495688, 367758, -500938, -440332, 505133, 278989, -517574, -284552, 518758, 213034, -517227, -292112, 516770, 430838, -509011, -514646, 380033, 520192, 83970, -520086, -490335, 449972, 519714, -165420, -520192, -233881, 519712, 469184, -501892, -517283, 381505, 520103, -121638, -520173, -290203, 511538, 461184, -48788, -378544, -519691, 86289, 520184, 403070, -484226, -514971, -71876, 517790, 510027, -318046, -520192, -352912, 516295, 518241, -316754, -520105, 5362, 519861, 322185, -505077, -508158, 340293, 520111, 132718, -520026, -492456, 431632, 520152, 71676, -519642, -389127, 491869, 484619, -309073, -486455, 4142, 179988, 169629, 210960, -141613, -454557, -76544, 483321, 355560, -310742, -457334, -7004, 398218, 277189, -217247, -423725, -68093, 385577, 313917, -207689, -386452, 27753, 350226, 123602, -243479, -202798, 86447, 142675, 46489, -39262, -87051, -42636, 60783, 94184, 1851, -63231, -50695, -36239, 51543, 114533, 1973, -135297, -80812, 114359, 133491, -49413, -126418, -24331, 73117, 52924, -7215, -32677, -52439, -4142, 80885, 40562, -65486, -63187, 36863, 48209, -22266, -5475, 21259, -33768, -41316, 43311, 84822, -12797, -115517, -49509, 111412, 134594, -71476, -183456, 26726, 241980, 47717, -272418, -107529, 278108, 136218, -254034, -147917, 208501, 159828, -148794, -181742, 72951, 217942, 60870, -271242, -167914, 287545, 253398, -266578, -307157, 215934, 323410, -145346, -287298, 85864, 227395, -43399, -164179, 37631, 86690, -51267, -57284, 63404, 68094, -57608, -100490, 21989, 122298, 48236, -110452, -121980, 63029, 167151, 7793, -165842, -35033, 150065, 89663, -80457, -93429, -1419, 52104, 58381, 15202, -67605, -74109, 39370, 94409, 7714, -66004, -43939, 46608, 51363, 21374, -45066, -80262, 7927, 100060, 40593, -72615, -72473, 19481, 71785, 30916, -36398, -56223, -14094, 66502, 42672, -36788, -79417, -12421, 89340, 57058, -68862, -77401, 34254, 69673, -7697, -37916, -2328, -2328, -4813, 26930, 14281, -53223, -38496, 63026, 56893, -55229, -62412, 40121, 54225, -27427, -36207, 19099, 19325, -12673, -7132, 8410, 1821, -744, 2089, -8024, -5285, 19873, 9810, -26333, -11992, 26804, 12595, -22462, -6860, 15539, -3514, -14604, 11168, 11524, -17868, -14085, 23884, 18628, -21824, -22386, 13106, 19848, -1202, -10280, -9012, -5183, 15552, 12710, -17417, -24118, 17446, 29607, -14407, -29515, 9753, 19875, -6316, -6716, 4945, -5236, -4052, 13831, 4574, -16628, 1099, 16206, -6748, -14984, 16245, 12561, -29599, -9916, 42124, 7694, -54139, -8631, 63509, 10752, -69334, -20272, 70843, 25361, -64213, -28213, 51891, 29541, -36820, -27281, 20671, 22751, -7643, -18566, -495, 12984, 3306, -13928, -3506, 5715, -828, 2659, 7008, -9235, -12228, 14991, 19319, -16414, -25044, 13372, 30724, -6060, -34352, -10194, 37871, 21166, -34306, -31797, 24593, 35347, -13357, -30737, 3091, 18897, 4548, 1338, -5861, -24049, 5743, 36520, -11717, -62786, 18045, 89399, -27702, -114420, 40519, 139629, -49034, -157913, 48891, 163307, -28508, -151030, -6131, 126642, 50514, -80503, -90400, 24974, 115237, 31632, -119490, -78074, 105535, 102690, -82418, -108966, 56250, 96181, -38217, -71647, 34891, 55405, -38882, -48759, 43232, 53000, -36622, -62324, 16643, 68648, 15192, -65871, -52413, 50484, 80793, -32168, -96858, 4266, 94398, 20741, -79253, -32743, 53731, 31705, -28919, -17831, 10308, 1541, -2367, 13222, 2958, -20164, -10646, 15545, 15487, -5183, -13007, -7302, 4333, 16793, 8390, -19276, -19372, 15265, 28744, -8207, -30684
1791219475.472, MrmFullScanInfo, 857, 107, 2084856, 0, 0, 0, 0, 10000, 39297, 32, 2, 2, 1, 480, 0, 0, 0, 0, 0, 0, 168543, -228700, -312722, 479886, 362269, -536122, -380582, 347815, 435538, -28968, -507782, -258717, 506299, 434346, -369941, -523611, 132691, 580227, 111666, -567186, -280238, 391174, 324291, -45624, -237905, -340439, 66805, 614351, 98020, -726922, -184769, 713805, 187587, -643292, -145457, 574915, 115130, -542573, -134661, 546881, 204104, -536518, -297706, 425904, 399472, -185267, -489993, -108865, 506190, 350779, -378129, -507118, 121608, 599992, 154799, -626027, -350450, 540157, 454025, -321727, -492991, 31872, 436666, 215976, -232156, -320844, -87950, 245643, 373541, -30584, -456826, -227883, 288089, 399417, 35026, -377288, -351206, 159421, 536054, 137304, -524307, -387723, 322574, 544802, -23588, -584416, -255123, 466908, 451297, -200677, -540583, -118985, 486042, 384903, -276281, -549109, -12190, 593065, 246160, -497305, -325155, 278799, 225392, -23556, -1254, -144622, -241938, 144513, 397353, 5570, -398873, -204769, 245038, 336913, -817, -330332, -232277, 185319, 366980, 31775, -366950, -227909, 253611, 332807, -89434, -324064, -52814, 224160, 123405, -85730, -114474, -31097, 55087, 86211, 8607, -75337, -36324, 25375, 14069, 22699, 40945, -35752, -95560, 6854, 120905, 42702, -105280, -80492, 58831, 83864, -6996, -50316, -26102, -3698, 30795, 52874, -13344, -77987, -9634, 75657, 20140, -56518, -9862, 37479, -13787, -33771, 32828, 51070, -29128, -81177, -5608, 107497, 66764, -114787, -141126, 96363, 213770, -57083, -271090, 10192, 300923, 31797, -296546, -66003, 260119, 99206, -198410, -142050, 118215, 200563, -27952, -267542, -60805, 322336, 137411, -343082, -195047, 321052, 228059, -264013, -232277, 191212, 207353, -124492, -159571, 78888, 103707, -57699, -60323, 53546, 45364, -52123, -59188, 37370, 86625, 315, -106034, -56543, 102775, 114326, -74974, -152545, 30826, 155501, 15937, -119711, -48972, 56542, 54157, 10873, -29146, -57922, -12867, 69869, 51348, -48525, -69038, 9642, 57222, 26975, -18252, -46431, -32659, 41822, 72166, -15436, -82330, -20131, 60509, 46505, -18184, -50231, -26292, 29671, 54877, 7125, -56625, -47744, 32920, 78479, 3463, -88349, -35633, 75553, 50152, -48580, -42358, 20401, 16856, -1794, 16526, -2325, -47582, -6317, 68380, 21040, -74629, -33454, 67191, 37588, -51128, -32329, 32731, 21202, -16669, -9539, 4708, 1217, 4109, 2785, -11799, -3600, 19239, 2937, -25266, -1895, 27736, 394, -25656, 2384, 20054, -6927, -13382, 12851, 8269, -19021, -6370, 23652, 7725, -24491, -10516, 19928, 11809, -10221, -9454, -2278, 3368, 14156, 4937, -22561, -13387, 26243, 19635, -25328, -21225, 20741, 16986, -13941, -8014, 6732, -2629, -496, 11470, -4430, -16165, 8772, 16228, -13866, -12597, 20923, 6648, -30293, 204, 41148, -6416, -52004, 10222, 61508, -10277, -68471, 6628, 71456, -678, -68925, -5812, 60311, 11579, -46827, -15811, 31188, 18006, -16650, -18232, 5884, 16729, -137, -13187, -974, 7045, -945, 1405, 4226, -10427, -8016, 17797, 12380, -21727, -17668, 20959, 24050, -15130, -31076, 5301, 37042, 6211, -39327, -16658, 36069, 23510, -27498, -24418, 15710, 17764, -3348, -4055, -7906, -14210, 18080, 34562, -28667, -55865, 41609, 77558, -57658, -98366, 75102, 116425, -89013, -129443, 92166, 135396, -78089, -132832, 44914, 120367, 2685, -96686, -54785, 62032, 99637, -20095, -127817, -22097, 135204, 56316, -123838, -76045, 100886, 79184, -75874, -69175, 56981, 53747, -47531, -41344, 44734, 37451, -41638, -42782, 31074, 53487, -9621, -63450, -20453, 66931, 52116, -60338, -77025, 43693, 89097, -21305, -86174, 450, 70204, 12333, -46532, -14318, 22322, 7273, -4160, 3838, -4256, -13231, 3504, 16561, 2133, -12377, -7041, 2393, 7245, 9431, -1780, -18688, -7595
1791219475.472, MrmFullScanInfo, 857, 107, 2084856, 0, 0, 0, 0, 10000, 39297, 32, 4, 2, 1, 480, 0, 0, 0, 0, 0, 0, -442, -259, 828, 1224, -1024, -2180, 1201, 1850, -1193, -258, 912, -1165, -395, 1388, -135, -741, 333, -50, -41, 481, 567, -787, -3046, 1439, 6181, -2184, -7549, 2263, 6014, -1388, -2820, 44, -345, 1066, 2345, -1418, -2866, 1017, 2350, -322, -1399, -613, 709, 1870, -303, -2969, -567, 3226, 2249, -2646, -3726, 1855, 3631, -1297, -1989, 1442, -84, -3371, 1784, 8298, -2716, -16943, 3579, 27038, -5575, -32183, 7740, 27487, -7331, -15491, 3578, 2808, 1083, 6812, -4474, -12018, 5420, 12001, -3042, -8064, -1569, 3760, 5240, -1215, -5674, 675, 3364, -1560, -408, 2638, -244, -2987, -2843, 3019, 7285, -3350, -9200, 2977, 7973, -994, -6126, -1729, 5147, 3400, -4166, -3227, 1608, 1742, 2500, 363, -6164, -2663, 7039, 4361, -4569, -4545, 615, 3465, 2353, -1958, -3228, 484, 2440, 1002, -829, -2415, -570, 3216, 850, -2783, -391, 1560, 1116, -1013, -4618, 1883, 10865, -3107, -18575, 3429, 26019, -1863, -31164, -3500, 31706, 14543, -25132, -29639, 8926, 42341, 18034, -45527, -53289, 35497, 92331, -19630, -128160, 12397, 149800, -19593, -148177, 32733, 125256, -42663, -93021, 51618, 63560, -65057, -43643, 82374, 29722, -95855, -12810, 94593, -10062, -71206, 33223, 27384, -52197, 25938, 70372, -71359, -90486, 90285, 107677, -69179, -108296, 5229, 76807, 89210, -7950, -186052, -85618, 250001, 177447, -255575, -239146, 201935, 251374, -113918, -211227, 29629, 133255, 19934, -44307, -24063, -25233, -8172, 52163, 55168, -30331, -89948, -25732, 88993, 86431, -44719, -120325, -28578, 111015, 102929, -63491, -149879, -2448, 150874, 62799, -103736, -96360, 25053, 90551, 54433, -49607, -104359, -5346, 109383, 47766, -75558, -59503, 24599, 37885, 18944, 4849, -38600, -47210, 30797, 68085, -5090, -57617, -20282, 22319, 28062, 20294, -12532, -50873, -18407, 55409, 50529, -30697, -71188, -12878, 72239, 55677, -51858, -79954, 17538, 78507, 16252, -56823, -35954, 27885, 35876, -4273, -19845, -6788, -2049, 4092, 18865, 8513, -23404, -23200, 15039, 31667, 813, -29233, -16101, 17305, 24447, -2469, -23762, -7477, 16519, 8271, -7997, -1280, 3165, -8209, -3811, 14478, 7909, -14606, -11719, 9437, 12312, -2366, -8704, -2868, 1962, 3975, 5048, -963, -8528, -3785, 5790, 6745, 3132, -5907, -15339, 1802, 26504, 3936, -33166, -9902, 34142, 14699, -30226, -16598, 23366, 14724, -15893, -9724, 9796, 3538, -5926, 1526, 3945, -3859, -2942, 3244, 2046, -691, -751, -2349, -1112, 4575, 3487, -5063, -6184, 3502, 8942, -142, -11288, -4380, 12447, 9399, -11511, -14389, 7989, 18870, -2212, -22215, -4824, 23830, 11824, -23812, -16963, 22514, 18587, -19572, -16661, 14500, 13102, -8012, -9967, 1918, 7904, 2523, -6562, -5202, 5394, 6847, -4068, -8448, 2536, 10491, -1064, -12743, 139, 14834, -264, -16827, 1779, 19144, -4518, -21947, 7657, 24283, -9731, -24394, 9298, 21262, -5973, -15236, 754, 7084, 4698, 2692, -8898, -13146, 11015, 22375, -11105, -27646, 9553, 26611, -6729, -18973, 3540, 7024, -1640, 5558, 2473, -15251, -6217, 19618, 11650, -17801, -16515, 10895, 19154, -1438, -19308, -7729, 17379, 14763, -13392, -19091, 7387, 20839, -316, -20458, -6462, 18580, 11872, -16481, -14983, 15589, 15260, -16004, -13637, 16302, 12484, -14955, -13618, 11512, 16768, -6093, -20214, -941, 22134, 8167, -21896, -13632, 20092, 16752, -17585, -18884, 14828, 21495, -11867, -24437, 8936, 26745, -6337, -27665, 4194
1791219475.472, MrmDetectionListInfo, 857, 155, 160, 41496, 161, 50048, 162, 56974, 163, 62283, 164, 65535, 165, 65535, 166, 65535, 167, 65535, 168, 65535, 169, 65535, 170, 65535, 171, 65535, 172, 65535, 173, 65535, 174, 63125, 175, 59679, 176, 58233, 177, 58377, 178, 59180, 179, 59397, 180, 57946, 181, 54680, 182, 50531, 183, 46679, 184, 43465, 185, 40260, 186, 37487, 187, 38218, 188, 46014, 189, 61059, 190, 65535, 191, 65535, 192, 65535, 193, 65535, 194, 65535, 195, 65535, 196, 55132, 197, 51764, 198, 63857, 199, 65535, 200, 65535, 201, 65535, 202, 65535, 203, 65535, 204, 65535, 205, 65535, 206, 65535, 207, 65535, 208, 65535, 209, 65535, 210, 65535, 211, 64850, 212, 44647, 213, 31249, 217, 38329, 218, 51542, 219, 58860, 220, 60137, 221, 61741, 222, 65535, 223, 65535, 224, 65535, 225, 65535, 226, 65535, 227, 65535, 228, 65535, 229, 65535, 230, 65535, 231, 65535, 232, 65535, 233, 65535, 234, 65535, 235, 65535, 236, 64104, 237, 53057, 238, 56971, 239, 65535, 240, 65535, 241, 63910, 242, 61475, 243, 64882, 244, 65535, 245, 55797, 246, 37302, 250, 30591, 251, 42180, 252, 47896, 253, 44616, 254, 36176, 255, 29407, 256, 26714, 257, 25334, 258, 23115, 259, 21693, 260, 24248, 261, 31405, 262, 40028, 263, 46255, 264, 48426, 265, 47322, 266, 45308, 267, 45668, 268, 50703, 269, 58307, 270, 62305, 271, 58598, 272, 49869, 273, 42577, 274, 40044, 275, 40036, 276, 38171, 277, 32163, 278, 23260, 285, 16890, 286, 21035, 287, 22396, 288, 21360, 289, 19057, 290, 17063, 292, 18607, 293, 19469, 327, 17963, 328, 20387, 329, 22517, 330, 23752, 331, 23784, 332, 22797, 333, 21130, 334, 18952, 335, 16303, 336, 13298, 362, 12011, 363, 12199, 364, 12209, 365, 12052, 368, 14232, 371, 19788, 372, 20293, 373, 20204, 374, 19577, 375, 18314, 376, 16389, 377, 13985, 378, 11407, 385, 5778, 386, 5919, 394, 7126, 399, 11523, 400, 12974, 403, 16804, 405, 16930, 419, 18900, 422, 14347, 423, 11004, 431, 15036
1791219475.597, MrmFullScanInfo, 858, 107, 2084981, 0, 0, 0, 0, 10000, 39297, 32, 1, 2, 1, 480, -426221, 487965, 420037, -479231, -453561, 445859, 504466, -368360, -520060, 98391, 520180, 337227, -496591, -498299, 370225, 517427, -105379, -520191, -177252, 519639, 321805, -511470, -475612, 481144, 520167, 512956, -171489, -520191, -408444, 497708, 361110, -500833, -440310, 504207, 284017, -518083, -285258, 517905, 224707, -515876, -299704, 515164, 430585, -508482, -515477, 379458, 520192, 92139, -520044, -494725, 443598, 519576, -156863, -520192, -245344, 519083, 472679, -501625, -516911, 384811, 519937, -131353, -520144, -263954, 513134, 429680, -66681, -323643, -518935, 52854, 520011, 410098, -478635, -514438, -73816, 516759, 510806, -293107, -520182, -370883, 515675, 518669, -308127, -520169, -3428, 519832, 331559, -504075, -507609, 334194, 520147, 123160, -520099, -490866, 437407, 520134, 55290, -519467, -372413, 494480, 477719, -315545, -474378, 14262, 161407, 151676, 214649, -126210, -449952, -87283, 476162, 357684, -289304, -447756, -14231, 383590, 277014, -203743, -415606, -74010, 375949, 312488, -202907, -383387, 24635, 345334, 122542, -238879, -192897, 82017, 129305, 43937, -28485, -81382, -50770, 52467, 99011, 9012, -64813, -55624, -35757, 52584, 112662, 3954, -132705, -87699, 108258, 139698, -40634, -130505, -31963, 77972, 60573, -10708, -38373, -49148, 105, 76861, 38931, -60270, -63703, 31662, 48926, -15193, -4653, 13684, -37903, -34223, 50773, 77703, -26142, -109020, -26677, 105957, 94426, -70169, -126175, 2172, 149588, 76273, -135451, -138336, 95021, 165962, -41382, -165316, -8192, 149811, 33431, -125240, -38051, 100914, 62980, -89773, -66832, 69042, 77163, -36988, -93283, -7572, 97177, 59642, -67377, -111830, 6769, 150004, 69304, -147183, -91475, 175909, 173094, -124367, -224838, 51843, 240704, 18007, -230833, -58407, 203976, 68180, -168340, -63898, 134421, 55496, -135048, -9507, 105882, 38956, -68202, -72223, 24663, 93889, 23767, -95866, -69497, 81733, 102142, -56609, -113105, 26719, 98985, -25238, -76899, 10116, 45704, -3581, -16316, 2096, -2384, -515, 14790, -5491, -24123, 19219, 31396, -31363, -26052, 46350, 32810, -46217, -34976, 39668, 29426, -28115, -16640, 21048, 1614, -23098, 11441, 32796, -17659, -42896, 38435, 48215, -34943, -57229, 26942, 55457, -16612, -43974, 9776, 30415, -7563, -17113, 7059, 8801, -4705, -4693, -273, 3829, 7209, 1658, -14429, -11011, 18141, 20308, -14690, -26475, 3651, 26837, 10393, -19112, -21277, 5494, 16597, -4302, -15722, -5039, 8205, 10199, 234, -9904, -5246, 5660, 3683, -200, 3867, -1773, -14888, 330, 26724, -3970, -29757, 28, 27231, 992, -19121, 2416, 8768, -9061, 497, 15066, -3898, -17331, 3838, 12704, -4605, 2347, 4795, -18311, -6389, 36627, 11675, -52423, -15860, 62675, 17268, -67252, -16875, 67792, 14689, -66318, -15656, 60954, 12638, -55051, -12332, 49927, 13695, -40754, -14736, 30708, 16018, -19139, -16842, 9348, 13025, -2277, -6558, 167, -748, -2023, 8331, 7799, -13822, -15771, 14877, 23506, -10981, -29951, 2822, 34075, 8250, -33809, -28100, 34028, 38000, -28113, -42865, 20670, 43124, -12415, -36981, 6945, 26610, -2673, -10569, 239, -7805, 2532, 20767, -12997, -46418, 24200, 76329, -42216, -110941, 60713, 145392, -73723, -172736, 73242, 184522, -53364, -173769, 16422, 144970, 29942, -93833, -74505, 33028, 104052, 27565, -112051, -76829, 100753, 103242, -78085, -107452, 54072, 91795, -38250, -65873, 30875, 44338, -35516, -32833, 42009, 34369, -41400, -43294, 26004, 54002, 1916, -57171, -35540, 48819, 66547, -27016, -91062, 42, 89911, 23780, -73912, -35228, 48333, 31451, -21761, -14170, 2410, -9584, 3248, 30376, 2279, -35372, -9438, 36577, 20795, -28628, -26177, 14125, 22686, 1616, -10983, -11013, -4498, 12574, 18914, -7530, -28186
1791219475.597, MrmFullScanInfo, 858, 107, 2084981, 0, 0, 0, 0, 10000, 39297, 32, 2, 2, 1, 480, 0, 0, 0, 0, 0, 0, 168775, -228327, -313036, 478194, 362784, -532642, -381789, 344036, 437510, -27214, -509437, -257958, 506369, 432869, -368624, -522923, 131546, 580254, 111511, -567071, -280591, 390995, 328587, -46644, -247242, -337385, 78119, 610183, 89656, -723683, -181876, 712928, 189735, -644678, -151010, 577394, 122239, -544941, -141205, 548312, 208277, -536188, -299422, 423217, 399751, -180677, -489089, -113856, 502994, 354901, -371930, -510269, 113958, 602616, 160942, -628737, -353035, 544916, 452859, -332116, -489525, 52361, 432149, 183292, -225872, -281148, -96696, 210691, 382051, -10088, -460466, -232292, 285242, 391406, 42374, -362525, -359327, 144543, 540570, 147338, -522153, -392546, 314705, 546542, -14417, -584925, -261403, 467406, 453551, -201898, -541391, -116883, 489767, 381978, -285260, -545573, 582, 590441, 231966, -498041, -310427, 284362, 211105, -33505, 9825, -132388, -246163, 133264, 392913, 12434, -387614, -204921, 232207, 330274, 7825, -319612, -234023, 174831, 362820, 38401, -360138, -229307, 247914, 329638, -87990, -318088, -48508, 217733, 114196, -81395, -102928, -31589, 43981, 82881, 17346, -69889, -41988, 20291, 17076, 25133, 39447, -34210, -94164, 1507, 118421, 50436, -101156, -88834, 53409, 91538, -1249, -56791, -31068, 1688, 34017, 48115, -14288, -73365, -10750, 70712, 22212, -50780, -11255, 30569, -14787, -25517, 37957, 41382, -40752, -69912, 15991, 92787, 30600, -91733, -84756, 58699, 130315, -673, -153854, -64396, 147952, 118060, -115515, -149584, 69750, 157335, -25716, -146727, -8177, 126912, 31289, -105200, -47338, 82641, 61413, -55593, -75776, 20226, 85032, 25121, -78626, -77271, 51827, 129087, -8845, -170413, -43797, 189903, 101806, -179446, -159580, 140287, 206194, -86160, -230598, 35332, 227702, -115, -202993, -14951, 168709, 13172, -133994, -7217, 101309, 13434, -70346, -37897, 40262, 70637, -8639, -96431, -25537, 105378, 58244, -97282, -81347, 78628, 87605, -56429, -75662, 34775, 51277, -15740, -23661, 1035, 514, 9523, 14786, -18311, -22022, 27959, 22596, -38619, -19368, 47582, 15809, -51376, -13566, 48237, 11244, -39683, -6396, 30039, -2070, -24095, 14133, 23857, -28496, -27828, 41591, 33294, -48591, -38033, 46895, 39964, -38290, -37198, 26937, 29644, -16569, -19473, 8764, 10057, -3044, -3848, -1939, 711, 7316, 1626, -13112, -5417, 17693, 11145, -18328, -17360, 13115, 21497, -3206, -21707, -7391, 17840, 14396, -10960, -15811, 2677, 12465, 4910, -6787, -9307, 1832, 9146, -246, -5147, 3471, -795, -10804, 6753, 19201, -11009, -24761, 12445, 24943, -11499, -19498, 10087, 10194, -9774, -183, 10490, -7367, -10268, 10646, 6355, -9568, 2972, 5500, -17233, -586, 34077, -3364, -50294, 5763, 62807, -7012, -69811, 7532, 71310, -7449, -68589, 6836, 63367, -5724, -56992, 4003, 50060, -1405, -42399, -2142, 33747, 6161, -24423, -9365, 15369, 10117, -7803, -7385, 2859, 1412, -1303, 6369, 3302, -13744, -8364, 18380, 15495, -18606, -23350, 13491, 30747, -3232, -36843, -9998, 40631, 22551, -40724, -31208, 36434, 34531, -28703, -32176, 19409, 24246, -10032, -11727, 672, -3732, 9865, 21156, -23552, -40943, 42243, 63724, -66120, -88635, 92164, 113086, -113649, -133179, 121874, 144897, -109674, -145070, 75125, 131828, -23274, -104945, -34975, 66492, 86401, -21512, -120059, -22414, 130987, 56921, -121353, -75541, 98745, 76415, -72913, -63345, 52384, 44363, -41573, -28223, 39106, 21087, -38660, -24703, 32696, 36144, -16604, -48944, -9393, 55856, 40284, -52184, -67735, 37875, 83323, -17470, -82407, -1725, 66184, 12701, -40740, -11803, 14633, 566, 4453, 15313, -12331, -29210, 9360, 36488, 257, -35268, -10464, 26103, 15879, -11988, -13819, -2390, 4879
1791219475.597, MrmFullScanInfo, 858, 107, 2084981, 0, 0, 0, 0, 10000, 39297, 32, 4, 2, 1, 480, 0, 0, 0, 0, 0, 0, 76, 268, -31, -1165, 151, 2510, -725, -2904, 1442, 1532, -1211, 356, -159, -928, 1301, 372, -1002, 3, -208, 366, -71, -595, 2985, -328, -6716, 2080, 8117, -3197, -5810, 2662, 1686, -876, 2012, -918, -4556, 1865, 5848, -1909, -5451, 1253, 3469, 85, -1329, -1839, 110, 3218, 640, -3495, -2126, 2881, 4429, -2259, -5922, 2005, 5184, -2091, -2584, 3385, -409, -6948, 2295, 13339, -2939, -21128, 3795, 25803, -5287, -22961, 5251, 13635, -2079, -3038, -2315, -5178, 5332, 9599, -5731, -9627, 3233, 6426, 1330, -3063, -5370, 1095, 6495, -142, -4698, -180, 2043, -121, -931, 853, 2535, -1646, -5865, 2113, 8790, -1379, -10639, -1075, 11830, 4621, -11733, -8111, 9024, 10318, -3470, -9964, -3216, 6645, 8330, -1140, -9512, -4751, 6495, 8655, -1492, -8857, -2922, 5697, 5053, -1225, -4254, -2602, 774, 4869, 4284, -5336, -9138, 4177, 12152, -2029, -12587, -50, 10865, 1018, -8248, -250, 6115, -2317, -5273, 6154, 5870, -10086, -7678, 12771, 10433, -13246, -13903, 11226, 17976, -6989, -22448, 1327, 27409, 2972, -32507, -2093, 35806, -5030, -35184, 15479, 31145, -26078, -26897, 36671, 25795, -48100, -30258, 59596, 38832, -70166, -47982, 79038, 58298, -84690, -76021, 85266, 105111, -79841, -139065, 69123, 164697, -52895, -170188, 29052, 151133, 5167, -112347, -50280, 65559, 102271, -23539, -153721, -6644, 197694, 26885, -231107, -45686, 254444, 72213, -268432, -105894, 274548, 137842, -272322, -163586, 256469, 189857, -219883, -224340, 160937, 261822, -88123, -287805, 14467, 288752, 48500, -263130, -90753, 220086, 106764, -168975, -102075, 115570, 91391, -66408, -85764, 29041, 85380, -4951, -86315, -11187, 86309, 24446, -85483, -35945, 83651, 45893, -78635, -55858, 66993, 65498, -45655, -69375, 14584, 61149, 21595, -38659, -54132, 6284, 74452, 26946, -77537, -51461, 62657, 60873, -33555, -53625, -958, 32723, 28773, -5269, -40288, -19066, 33010, 32940, -12348, -34049, -11431, 23369, 28625, -3310, -34150, -21143, 27945, 41987, -13726, -52300, -2480, 49783, 14743, -37306, -19652, 20927, 17489, -6882, -11637, -1166, 6673, 3468, -6106, -3359, 10777, 4888, -18659, -10290, 26104, 18545, -30357, -26115, 30609, 29522, -27301, -27688, 21492, 22168, -14861, -15636, 9459, 10593, -6269, -8441, 4717, 9435, -3808, -12547, 2998, 15398, -1852, -15326, 27, 11372, 1719, -4994, -1433, -1108, -2062, 4440, 7728, -3996, -12452, 507, 12849, 4393, -7446, -8922, -2273, 11414, 12863, -10751, -20708, 7192, 23422, -2371, -20542, -1551, 13333, 2941, -4173, -1514, -3946, -1596, 8360, 4653, -8022, -6199, 4229, 5522, 282, -2860, -2893, -386, 2522, 2395, 120, -2189, -3378, 279, 5585, 1927, -5674, -3118, 3471, 2512, 143, -17, -3610, -3835, 5557, 8049, -5456, -11144, 3831, 11656, -1774, -9131, 422, 4656, -545, -209, 2104, -2385, -4202, 2189, 5663, 615, -5684, -4865, 3802, 8838, 340, -10984, -6777, 10618, 14645, -8062, -22266, 4221, 27959, -85, -30789, -3491, 30568, 6049, -27335, -7638, 21423, 8592, -13780, -8974, 6006, 8519, 404, -7123, -4590, 5236, 6325, -3665, -5799, 3131, 3591, -3945, -833, 5922, -1070, -8311, 1195, 9925, 544, -9626, -3361, 7283, 5694, -3864, -5931, 519, 3787, 2005, -578, -3312, -2054, 3325, 3270, -2647, -3072, 2398, 2076, -3467, -1112, 5995, 926, -9343, -2125, 12502, 5018, -14316, -9164, 13712, 13173, -10209, -15373, 4460, 14663
1791219475.597, MrmDetectionListInfo, 858, 148, 174, 32018, 175, 35147, 176, 39091, 177, 43617, 178, 48501, 179, 53513, 180, 58412, 181, 63060, 182, 65535, 183, 65535, 184, 65535, 185, 65535, 186, 65535, 187, 65535, 188, 65535, 189, 65535, 190, 65535, 191, 65535, 192, 65535, 193, 65535, 194, 65535, 195, 65535, 196, 65535, 197, 64488, 198, 65535, 199, 65535, 200, 65535, 201, 65535, 202, 65535, 203, 65535, 204, 65535, 205, 65535, 206, 65535, 207, 65535, 208, 65535, 209, 65535, 210, 65535, 211, 65535, 212, 65535, 213, 65535, 214, 65535, 215, 65535, 216, 65535, 217, 65535, 218, 65535, 219, 65535, 220, 65535, 221, 65535, 222, 65535, 223, 65535, 224, 65535, 225, 65535, 226, 65535, 227, 65535, 228, 65535, 229, 65535, 230, 65535, 231, 65535, 232, 65535, 233, 65535, 234, 65535, 235, 65535, 236, 62082, 237, 54360, 238, 48800, 239, 45509, 240, 45457, 241, 48611, 242, 53097, 243, 56813, 244, 59159, 245, 60858, 246, 62564, 247, 64120, 248, 64942, 249, 64640, 250, 63081, 251, 60022, 252, 54966, 253, 47860, 254, 40404, 255, 35631, 256, 35086, 257, 37121, 258, 38842, 259, 40069, 260, 43892, 261, 51722, 262, 59967, 263, 63421, 264, 60248, 265, 52403, 266, 42459, 267, 31922, 268, 23031, 269, 19065, 270, 20443, 271, 23774, 272, 26352, 273, 28120, 274, 29032, 275, 27875, 276, 24456, 277, 20894, 278, 19514, 279, 20219, 280, 20906, 281, 20771, 282, 21834, 283, 25700, 284, 30537, 285, 32980, 286, 31889, 287, 29085, 288, 27215, 289, 27446, 290, 28475, 291, 27764, 292, 24130, 293, 18719, 306, 21361, 307, 24605, 308, 27188, 309, 28934, 310, 29649, 311, 29224, 312, 27726, 313, 25363, 314, 22408, 315, 19150, 316, 15880, 317, 12881, 318, 10386, 349, 14809, 350, 15766, 351, 14961, 352, 13421, 363, 7041, 364, 7029, 413, 11307, 414, 12933, 421, 17051, 422, 17878, 423, 17870, 424, 16978, 425, 15636, 427, 12601, 428, 10786
1791219475.722, MrmFullScanInfo, 859, 107, 2085106, 0, 0, 0, 0, 10000, 39297, 32, 1, 2, 1, 480, -423719, 491540, 421843, -479231, -454210, 444663, 506037, -365170, -519969, 103543, 520152, 336742, -495267, -498471, 368818, 518530, -107660, -520163, -177016, 519449, 324818, -511637, -475517, 479058, 520185, 513650, -153208, -520153, -419286, 494620, 364854, -500165, -441238, 505161, 279627, -517808, -286035, 518318, 211979, -517501, -290364, 515538, 423019, -509342, -515153, 384750, 520192, 82226, -520037, -491617, 448545, 519123, -159466, -520192, -234275, 519506, 468505, -502874, -516016, 386161, 519872, -121989, -520159, -289358, 511122, 463604, -42653, -381899, -519701, 78836, 520153, 410620, -481994, -514382, -65429, 516884, 510089, -322134, -520192, -353134, 516036, 518849, -318177, -520150, 3670, 519992, 329505, -503478, -508069, 337643, 520154, 128697, -520055, -495431, 430150, 520099, 68586, -519151, -389336, 490745, 486406, -308838, -488508, 1332, 180397, 172507, 210508, -146238, -456833, -71518, 486080, 356611, -307960, -457346, -9498, 396955, 278733, -217845, -426093, -66455, 389369, 313121, -211641, -390995, 30123, 353316, 123528, -248814, -200596, 87329, 138968, 44185, -36685, -84905, -45484, 59703, 99115, 2462, -70005, -51465, -28984, 52300, 107553, 1089, -129286, -82772, 108167, 134628, -42624, -128212, -29333, 76897, 58302, -11875, -36792, -47020, -123, 74852, 37517, -58465, -60824, 30530, 46050, -16279, -2640, 15598, -39106, -35800, 50429, 79516, -25533, -110636, -26717, 107561, 94379, -71674, -123850, 5047, 143164, 70025, -125910, -122121, 83856, 134695, -26186, -112145, -20151, 70519, 33961, -21464, -17834, -15460, -19768, 26768, 67528, -11540, -106781, -13381, 122591, 36827, -117623, -43755, 107098, 21901, -95081, 32264, 88475, -102331, 6595, 253682, -17031, -324311, 11825, 382838, 3335, -407068, -30542, 394759, 74950, -331502, -111343, 220567, 139047, -70841, -156608, -14906, 188008, 132051, -160238, -213502, 104441, 234839, -48802, -206436, 10043, 147842, -6109, -84618, 30001, 36262, -67089, 35885, 80422, -23600, -75140, -5278, 43269, 27400, 7682, -30425, -52847, 11434, 73842, 21974, -64154, -48799, 55419, 42198, -7732, -46670, -36424, 30522, 56833, -2734, -51031, -19514, 24468, 22634, 10370, -6971, -37652, -16892, 47692, 32198, -54486, -49156, 48159, 50768, -35111, -36663, 25016, 15567, -21519, 3262, 24410, -12886, -25430, 11771, 28080, -6997, -18302, 2802, 3715, -3768, 9543, 6673, -16098, -12409, 12680, 13098, -3479, -6140, -6437, -6843, 10667, 5072, -13337, -14009, 7748, 20580, 1081, -19576, -6208, 12807, 7122, -4749, -1915, -455, -6411, 2387, 15054, -4923, -20264, 1361, 22428, 753, -19622, -520, 13143, -512, -6307, 1845, 2448, -1350, -1017, -3694, 765, 9438, 1826, -21657, -4622, 36035, 10080, -47502, -15357, 55251, 16851, -57744, -16054, 57883, 14108, -57259, -18156, 56599, 15030, -54964, -13665, 52227, 14216, -48166, -16294, 40714, 18396, -32062, -19815, 22037, 16905, -14664, -5379, 13342, 741, -11861, 5714, 15717, -11634, -21451, 15045, 27193, -13600, -32360, 7512, 35916, 1676, -36538, -20501, 36624, 31639, -29578, -38814, 21107, 42558, -12064, -41180, 4438, 33443, 592, -19546, -3520, 185, 6944, 19859, -14065, -50475, 24102, 85030, -36988, -124118, 47914, 162430, -53070, -189171, 42625, 197067, -16718, -179772, -21549, 149261, 72343, -91340, -108691, 25920, 125278, 36306, -119958, -80203, 97543, 102213, -66630, -101127, 40436, 83217, -24092, -62200, 20840, 44770, -28500, -38351, 36452, 44168, -33193, -54730, 17439, 62868, 9977, -62536, -39343, 51927, 61393, -26622, -80279, 881, 72927, 19998, -54825, -28163, 29219, 23141, -7374, -7721, -6349, -9379, 7489, 23086, 59, -25684, -12649, 22862, 22814, -13151, -25355, 1345, 19940, 8004, -7143, -11823, -7316, 8102, 20170, -2327, -26893
1791219475.722, MrmFullScanInfo, 859, 107, 2085106, 0, 0, 0, 0, 10000, 39297, 32, 2, 2, 1, 480, 0, 0, 0, 0, 0, 0, 169023, -228279, -313741, 478029, 363772, -532830, -382428, 344902, 437162, -28188, -508359, -257714, 505573, 433280, -368589, -523369, 131721, 580342, 111816, -566775, -280281, 390123, 325119, -44753, -239579, -340319, 68575, 613305, 96991, -725723, -184784, 713203, 188316, -643434, -146071, 575283, 114584, -542421, -132496, 546097, 201051, -535961, -295012, 426409, 397739, -186552, -488641, -107857, 504446, 350735, -376026, -507949, 120059, 601325, 154988, -627577, -349401, 541695, 452495, -322789, -491434, 31759, 435078, 217153, -230600, -321434, -89268, 243899, 375027, -27053, -459086, -230964, 290765, 400862, 32933, -377621, -350370, 159443, 536210, 137298, -524322, -387740, 321277, 544916, -20978, -584739, -257773, 467337, 452688, -200860, -540726, -119300, 485895, 385377, -276425, -549083, -12209, 592408, 247015, -496216, -326796, 277198, 227154, -21014, -2419, -148107, -241483, 148036, 397033, 3253, -398031, -204190, 243530, 337711, 1132, -331951, -234584, 187044, 369723, 30904, -370054, -228727, 256823, 335279, -92667, -327169, -49454, 226723, 119940, -87220, -110996, -30522, 51328, 86345, 13222, -76135, -42116, 26768, 20744, 20802, 34088, -33377, -89116, 4003, 115114, 46059, -100145, -84483, 54405, 88694, -3423, -56030, -28742, 2752, 32504, 45936, -14215, -70894, -9352, 68755, 19857, -49941, -8714, 31001, -16809, -26938, 39121, 43346, -41210, -71993, 16306, 94719, 29515, -93608, -81659, 61408, 123879, -6570, -142785, -51109, 131050, 91737, -92450, -104245, 42568, 88443, -1972, -52783, -13820, 11120, 420, 22205, 35097, -38122, -77863, 36108, 112165, -23942, -128295, 15093, 124785, -23510, -100270, 59937, 51538, -124871, 16569, 205773, -84632, -283961, 129110, 344113, -138519, -377620, 114424, 377459, -65385, -336729, 1376, 256740, 69444, -151907, -137532, 42333, 188481, 56463, -208050, -133999, 191517, 179758, -148460, -186780, 98004, 157316, -59619, -101008, 42809, 33565, -42884, 23301, 47646, -49411, -46655, 39764, 34296, -9079, -9722, -20057, -21560, 30735, 50140, -20273, -66158, -1916, 61959, 24175, -36701, -39060, 42, 42405, 31668, -32723, -45261, 14462, 36694, 3014, -11312, -11336, -20209, 7786, 47317, 4345, -63251, -18167, 65912, 26468, -57268, -24877, 42593, 14105, -28140, 703, 18499, -13130, -14657, 19015, 13800, -18045, -11444, 12802, 4943, -6861, 4289, 3110, -12012, -2347, 14210, 2905, -9656, -2697, 548, 990, 8703, 2251, -13949, -7128, 13665, 12757, -9228, -16426, 3631, 15747, 169, -10690, -298, 3259, -3408, 3939, 9403, -8797, -15277, 10431, 18785, -9401, -18539, 7095, 14626, -4590, -8790, 2132, 3553, 693, -644, -4773, 193, 11309, -1186, -21070, 2451, 33394, -3313, -45897, 3747, 55691, -4113, -60993, 4313, 62090, -3932, -60793, 3155, 58772, -2647, -56482, 2459, 53504, -1639, -49301, -663, 43582, 4252, -36451, -7384, 28593, 7852, -21025, -4723, 14958, -1109, -11562, 8075, 11463, -14796, -14372, 19737, 19304, -21287, -25130, 18010, 31057, -9453, -36389, -2879, 39907, 15920, -39968, -26724, 35783, 33572, -28248, -35338, 19161, 31041, -9865, -20375, 389, 3929, 10495, 17413, -24517, -42994, 42747, 72113, -64358, -103050, 85685, 132474, -100213, -155512, 100375, 167563, -80506, -165679, 40300, 148587, 13448, -116459, -68415, 72003, 111356, -21719, -133163, -25259, 131708, 60049, -111890, -77246, 83257, 76882, -56325, -64174, 38844, 47287, -32941, -34243, 34584, 30222, -36043, -35819, 30193, 47196, -14181, -57631, -10033, 60454, 36887, -52369, -58895, 35060, 69076, -14072, -64223, -3752, 46803, 12992, -23527, -11757, 2461, 2321, 10067, 10284, -11547, -20736, 3981, 25377, 7330, -22980, -16290, 14712, 18625, -3748, -13194, -6011, 1929
1791219475.722, MrmFullScanInfo, 859, 107, 2085106, 0, 0, 0, 0, 10000, 39297, 32, 4, 2, 1, 480, 0, 0, 0, 0, 0, 0, 319, 175, -796, -709, 1141, 943, -1018, -383, 298, -382, 559, 489, -874, -51, 615, -268, -305, 118, 281, 393, 184, -1046, -1991, 1649, 4454, -1928, -5675, 1659, 4527, -858, -2039, -77, -510, 770, 2816, -1204, -4964, 1617, 6247, -1642, -5675, 281, 3809, 2329, -1953, -4373, 763, 4365, 413, -2816, -2021, 1272, 3434, -387, -3706, 216, 2588, -1605, -656, 5886, -777, -13912, 1470, 23262, -2777, -27423, 4715, 21873, -4369, -10323, 321, -81, 4429, 6851, -6879, -10340, 6202, 10143, -2835, -6859, -1485, 3286, 3998, -1079, -3530, 71, 1513, -32, -29, 808, 322, -1862, -2668, 2519, 5980, -2416, -8628, 1181, 10267, 1526, -11308, -5306, 11149, 9158, -8473, -11516, 3229, 10787, 2678, -6630, -6687, 509, 7023, 5207, -3706, -8556, -1327, 8449, 5721, -5106, -7797, 51, 7120, 4592, -4356, -7089, 832, 6832, 2045, -4281, -3303, 658, 2580, 2748, -163, -4929, -2975, 5347, 5589, -4158, -6802, 2114, 6486, -238, -5050, -656, 3119, 312, -1260, 971, -127, -2558, 829, 3922, -853, -4845, 479, 5372, -107, -5716, -88, 6396, 312, -8136, -1060, 11386, 3140, -15932, -7562, 20906, 14080, -25819, -21638, 30450, 30749, -33618, -44005, 32801, 63120, -25049, -85411, 8381, 104262, 18323, -111670, -54809, 99347, 98936, -61472, -145282, -657, 183565, 77085, -200909, -153145, 189211, 214414, -151486, -248366, 101374, 246922, -58440, -204857, 42797, 121139, -65357, -6947, 122067, -110053, -198052, 197328, 274570, -235487, -331675, 222609, 349281, -169266, -313854, 92190, 227769, -7520, -112377, -71025, -977, 130104, 86434, -159328, -132907, 158347, 141616, -139440, -120785, 119472, 82323, -110504, -35666, 112595, -11240, -113613, 45860, 99985, -54307, -68280, 35020, 25471, -3879, 18423, -19590, -53948, 25334, 74205, -17101, -75498, 6069, 57735, -703, -26335, 2716, -7301, -10425, 30500, 21773, -36396, -33116, 26421, 39673, -8618, -38062, -7399, 28634, 15759, -15769, -15915, 5679, 10479, -2879, -2704, 7882, -3902, -17331, 6370, 26106, -3161, -30214, -4753, 28456, 13719, -21933, -19340, 12721, 19386, -3283, -14965, -3951, 8965, 7725, -4071, -8559, 2060, 7609, -3335, -5568, 6536, 3239, -9244, -1914, 9860, 2271, -8458, -3468, 5917, 4256, -2950, -4149, -16, 3550, 2537, -3149, -4026, 3318, 4031, -3850, -2565, 4327, 55, -4601, 2994, 4859, -6163, -5360, 9080, 5882, -11187, -5889, 11761, 5367, -10437, -4869, 7600, 4624, -4025, -3967, 473, 2144, 2365, 964, -4107, -4503, 4662, 6932, -3867, -7034, 1631, 4587, 1446, -183, -4048, -5224, 5096, 10407, -4419, -13998, 3083, 15219, -2418, -14114, 2699, 11482, -3057, -8525, 2830, 6253, -2393, -4972, 2252, 4297, -2397, -3745, 2494, 3090, -2261, -2237, 1656, 1198, -759, -200, -469, -327, 2215, 51, -4560, 956, 7217, -2136, -9224, 2815, 9328, -2492, -6887, 1167, 2298, 450, 3691, -1237, -10496, 76, 17221, 3576, -22406, -9278, 24878, 15880, -24329, -21798, 21105, 25211, -15731, -24485, 9204, 19148, -3267, -10365, -425, 401, 1309, 8257, -298, -13661, -895, 14964, 944, -12710, 342, 8696, -2388, -4995, 4500, 2729, -5942, -1580, 6199, 191, -4982, 2546, 2404, -6601, 632, 11100, -2638, -15198, 2677, 18154, -1174, -19012, -548, 17081, 1163, -12524, -205, 6339, -1708, 69, 3588, -5272, -4823, 8293, 5163, -8909, -4412, 7631, 2611, -5285, -301, 2757
1791219475.722, MrmDetectionListInfo, 859, 104, 183, 32762, 184, 36398, 185, 40192, 186, 43990, 187, 47491, 188, 50266, 189, 52176, 190, 54244, 191, 58431, 192, 65535, 193, 65535, 194, 65535, 195, 65535, 196, 65535, 197, 65535, 198, 65535, 199, 65535, 200, 65535, 201, 65535, 202, 65535, 203, 65535, 204, 65535, 205, 65535, 206, 65535, 207, 65535, 208, 65535, 209, 65535, 210, 65535, 211, 65535, 212, 65535, 213, 65535, 214, 62562, 215, 59931, 216, 65535, 217, 65535, 218, 65535, 219, 65535, 220, 65535, 221, 65535, 222, 65535, 223, 65535, 224, 65535, 225, 65535, 226, 65535, 227, 65535, 228, 65535, 229, 65535, 230, 59412, 231, 53129, 232, 62859, 233, 65535, 234, 65535, 235, 65535, 236, 65535, 237, 65535, 238, 65535, 239, 65535, 240, 65535, 241, 65535, 242, 65535, 243, 65535, 244, 65535, 245, 64504, 246, 63987, 247, 65535, 248, 65535, 249, 65535, 250, 65535, 251, 53750, 252, 35159, 253, 19042, 256, 26214, 257, 41340, 258, 50219, 259, 50431, 260, 45734, 261, 40342, 262, 35001, 263, 28318, 264, 20006, 269, 23497, 270, 31250, 271, 34253, 272, 33137, 273, 30331, 274, 27239, 275, 24112, 276, 21412, 277, 19800, 278, 19126, 288, 12090, 289, 14948, 290, 16339, 292, 16725, 342, 8867, 419, 19430, 421, 21878, 422, 22464, 423, 22412, 424, 21582, 425, 19974, 426, 17677, 427, 14815, 428, 11553
1791219475.847, MrmFullScanInfo, 860, 107, 2085231, 0, 0, 0, 0, 10000, 39297, 32, 1, 2, 1, 480, -425046, 490599, 420432, -478749, -451939, 445537, 505528, -369279, -519971, 108288, 520109, 341615, -495005, -498066, 368946, 517350, -109133, -520192, -176308, 519489, 322810, -511680, -476131, 481131, 520132, 512256, -174899, -520108, -411407, 498655, 360505, -500448, -438483, 505196, 280652, -517675, -288437, 518778, 223550, -517234, -298883, 516500, 433928, -506668, -515219, 373914, 520192, 104066, -519938, -491105, 446840, 519422, -158070, -520078, -245259, 519786, 470908, -500832, -516691, 381770, 519839, -131499, -520187, -255399, 512927, 417032, -66225, -324702, -519326, 61693, 520042, 410285, -478843, -514954, -75267, 517628, 511037, -276068, -520192, -377920, 514189, 519102, -313618, -520157, 1332, 519803, 329381, -503255, -507854, 343015, 520088, 121192, -520002, -489664, 438076, 520099, 45712, -519146, -364670, 494477, 473011, -320108, -462306, 31361, 157786, 135646, 210483, -123203, -445428, -85020, 470226, 351512, -285313, -442461, -14732, 374930, 274314, -196377, -407584, -77144, 366858, 308649, -200920, -381875, 27431, 344680, 118188, -237780, -186474, 80592, 122976, 41521, -24320, -76709, -52972, 46575, 97474, 13410, -63321, -56327, -35736, 52267, 114656, 3087, -133445, -89453, 107122, 141469, -38870, -131336, -34978, 77660, 62865, -10251, -39358, -49249, 529, 76452, 38920, -60001, -64031, 30622, 49360, -13711, -4496, 11677, -38151, -32234, 51808, 76869, -27227, -108998, -25468, 106840, 92637, -72406, -122004, 6962, 142156, 67238, -124726, -120758, 82307, 133819, -26271, -112687, -21335, 73228, 36705, -27997, -24810, -4466, 562, 9922, 29812, 8278, -43853, -35583, 28448, 59352, 7781, -68535, -41453, 53601, 65666, -19939, -70012, -12185, 55490, 51548, -9733, -72814, -43646, 81219, 94620, -76664, -136989, 71280, 163318, -71427, -170241, 72962, 164485, -84301, -75594, 185216, 44670, -200350, -12811, 216021, -4110, -220487, 6622, 201760, 6571, -145392, -29470, 54889, 49870, 49242, -93971, -91074, 124513, 149639, -117751, -178961, 82675, 171055, -44355, -130870, 24913, 74742, -33959, -20693, 60319, -12015, -69359, 69090, 76538, -58981, -63594, 41282, 29649, -26829, 15303, 31443, -50776, -56235, 64729, 87117, -54286, -106223, 78414, 85005, -55637, -84258, 36199, 66012, -24521, -42284, 26034, 26718, -33921, -23619, 37348, 31390, -26731, -40831, 218, 45021, 28155, -30891, -46169, 7383, 50127, 15226, -36945, -25367, 16039, 21260, 1824, -4101, -5383, -16396, -3014, 24297, 17868, -30508, -36763, 25533, 46812, -13352, -43371, 1013, 29435, 5735, -8644, -3831, -9389, -3135, 23849, 6007, -26406, -11386, 23571, 10302, -16538, -2775, 9087, -5319, -5807, 10850, 6005, -10404, -5197, 3484, -4227, 6633, 9142, -18764, -15403, 29665, 21834, -38886, -23834, 44528, 20616, -47770, -15115, 52548, 8494, -58820, -11811, 62359, 10571, -64213, -13657, 63277, 17604, -55582, -19367, 43795, 19153, -30288, -15878, 18989, 10030, -11492, -3683, 10570, -155, -11500, 3674, 14739, -6789, -17102, 7663, 20150, -6021, -21629, 2384, 22793, 2452, -24032, -14417, 25872, 22860, -24216, -30472, 20036, 35377, -14354, -35700, 8439, 28360, -3301, -14308, 388, -6974, 2182, 32495, -11685, -60715, 21373, 91551, -34812, -123823, 50894, 154852, -60616, -176015, 59517, 181458, -41091, -165889, 7332, 136993, 36525, -83800, -75689, 24285, 100079, 35799, -105058, -81956, 90922, 105202, -68624, -107273, 46043, 91215, -31409, -67267, 29593, 49033, -35954, -42799, 41255, 47662, -36661, -58934, 17757, 68245, 12126, -67275, -46519, 54463, 74799, -27473, -97943, -5942, 91812, 33541, -71503, -47290, 41349, 42220, -11223, -22773, -8213, -1820, 14135, 24135, -8203, -29980, 476, 33558, 11932, -27584, -16896, 15755, 13355, -5459, -1873, -648, -12530, -1330, 24352, 8095, -30799
1791219475.847, MrmFullScanInfo, 860, 107, 2085231, 0, 0, 0, 0, 10000, 39297, 32, 2, 2, 1, 480, 0, 0, 0, 0, 0, 0, 168597, -228368, -312750, 478832, 362423, -534496, -381023, 346494, 436141, -28769, -508182, -257903, 506248, 433365, -369736, -523031, 132900, 579910, 110923, -566817, -281007, 391248, 329516, -47286, -247973, -336854, 78392, 610162, 89290, -723976, -180936, 713089, 188637, -644735, -150323, 577770, 122073, -545727, -141436, 548773, 208975, -534803, -300756, 419335, 401959, -175925, -491989, -116855, 505600, 355232, -373396, -509187, 114387, 601326, 160913, -627520, -353079, 544274, 452841, -333722, -488823, 57161, 430086, 177591, -223042, -278331, -98479, 211842, 381640, -12764, -458563, -229764, 283169, 387752, 44286, -356545, -361754, 137885, 544015, 151580, -526191, -393138, 318214, 545200, -16518, -584583, -260376, 469490, 452656, -205314, -540898, -113961, 491349, 379901, -289945, -543844, 7839, 589882, 223252, -500995, -301281, 291881, 203201, -43283, 14099, -124573, -245347, 130138, 387769, 10839, -380875, -199867, 227163, 323141, 8889, -312062, -230860, 168837, 357400, 41470, -355594, -229306, 246656, 327317, -90503, -314599, -43388, 214628, 108201, -80323, -97552, -29759, 40130, 78776, 19447, -65309, -42546, 16933, 16446, 26670, 40734, -34225, -95329, 457, 118704, 52100, -100235, -90554, 51525, 92857, 934, -57559, -32823, 2023, 34937, 47971, -14377, -73136, -11226, 70128, 22916, -49651, -11893, 28953, -14439, -23764, 38063, 39986, -41438, -69285, 17471, 93203, 27774, -93486, -79612, 62481, 121718, -8235, -140742, -49644, 129418, 91158, -91335, -105189, 41532, 91863, 474, -60242, -20696, 24727, 16442, 249, 3901, -6086, -25126, -7157, 33068, 31480, -22178, -53915, -2875, 62273, 31512, -50566, -51835, 20798, 54201, 19375, -34704, -60148, -3155, 93090, 50067, -114489, -94584, 125513, 126729, -129962, -136589, 135743, 116157, -149922, -66644, 170985, 3702, -189881, 50035, 198867, -79748, -195430, 81783, 175756, -59504, -134064, 17346, 72197, 39690, -3857, -100745, -54914, 148084, 96788, -165965, -121557, 151418, 127791, -116055, -112704, 78722, 77199, -53841, -27196, 44120, -26049, -42345, 67215, 39402, -83431, -29718, 73484, 11129, -50438, 15215, 32216, -44011, -30633, 69832, 43614, -88848, -58756, 96722, 65549, -89955, -62409, 71342, 52669, -50657, -39353, 36791, 26202, -32012, -17786, 31428, 17457, -27271, -24485, 14765, 33183, 4835, -35898, -25364, 28409, 39297, -13073, -41498, -2819, 32073, 11456, -16580, -9054, 3053, -2539, 2018, 17739, 3294, -30375, -15553, 35884, 27918, -32488, -33700, 22139, 29573, -9588, -16499, -461, -1038, 5635, 17027, -6130, -26601, 3938, 27946, -1829, -22491, 1966, 13752, -4445, -5627, 7332, 190, -7775, 2875, 3472, -4763, 5970, 6190, -18764, -7264, 32032, 7699, -43078, -6728, 50382, 3680, -54178, 928, 56136, -5515, -58037, 8555, 60487, -9327, -62510, 7855, 62221, -4494, -57914, 125, 49219, 3946, -37536, -6304, 25521, 6070, -15902, -3328, 10354, -1084, -8892, 6045, 10251, -10338, -12891, 12810, 15781, -12741, -18574, 9804, 21494, -4023, -24857, -3884, 28274, 12521, -30442, -20339, 30042, 25933, -26640, -27651, 20678, 23699, -12882, -12836, 3332, -4762, 8811, 27381, -24500, -52652, 43963, 78654, -66205, -103763, 88454, 125776, -105404, -141545, 110003, 148079, -96206, -143381, 62442, 126429, -13546, -97155, -40246, 57436, 86703, -12299, -115930, -30616, 123730, 63180, -112606, -79699, 90330, 79270, -66667, -66359, 49583, 49140, -42072, -36082, 41182, 32627, -40020, -39285, 31649, 51804, -12686, -62986, -15562, 65722, 47468, -56127, -74520, 35328, 88359, -9206, -84522, -13806, 64718, 26297, -35841, -25016, 7240, 12333, 13073, 5380, -21133, -21247, 17839, 30643, -8020, -31871, -1845, 25670, 6357, -15042, -3287, 4351, -6064
1791219475.847, MrmFullScanInfo, 860, 107, 2085231, 0, 0, 0, 0, 10000, 39297, 32, 4, 2, 1, 480, 0, 0, 0, 0, 0, 0, -302, -32, 678, 567, -901, -1393, 1028, 1561, -963, -795, 443, -15, 363, 102, -1000, 229, 1134, -393, -785, 88, -637, 758, 3440, -1878, -6261, 2597, 7131, -2310, -5602, 1254, 2975, -90, -31, -941, -2831, 1891, 5138, -2534, -6110, 1933, 5451, 1283, -4151, -6065, 3444, 8736, -3078, -7097, 1415, 3242, 1611, -624, -3996, -252, 4158, 250, -2482, 1766, 83, -8240, 2194, 19210, -4271, -29285, 6295, 30959, -7113, -22268, 4654, 9552, 711, 1291, -5670, -10128, 8311, 16514, -8613, -17085, 6513, 11269, -2520, -3957, -1220, -192, 2753, 179, -1778, 2175, -151, -4160, 13, 4582, 4278, -4408, -10883, 4188, 16210, -2000, -19162, -4122, 20440, 12374, -18961, -18267, 12728, 18470, -2414, -13113, -8059, 4601, 14116, 4600, -13120, -12258, 5944, 16025, 3325, -14370, -9977, 8230, 11175, -486, -7172, -6022, 438, 9535, 6119, -9141, -10361, 5001, 11371, 1141, -9369, -6515, 5449, 8873, -1046, -7752, -2529, 4379, 4353, -359, -4053, -3081, 2019, 5064, 727, -5164, -3023, 3793, 4063, -1871, -3646, 235, 2151, 687, -226, -791, -1425, 95, 2325, 1199, -2301, -2565, 1461, 3431, -78, -3542, -1572, 3002, 3451, -2213, -5790, 1677, 8922, -1609, -13079, 1617, 18194, -678, -23689, -2480, 28444, 8833, -30944, -18323, 29214, 29651, -21772, -40074, 9598, 45241, 3124, -40238, -10572, 22163, 8007, 7673, 6484, -44106, -30931, 80440, 55390, -112805, -64146, 138956, 47028, -155289, -8434, 158708, -37283, -150250, 77240, 134195, -102721, -111592, 108254, 77765, -86794, -25247, 31375, -47474, 52991, 132200, -141373, -215818, 200867, 284982, -212153, -325564, 176366, 322547, -109358, -267053, 30510, 166840, 45313, -48549, -107017, -54663, 144021, 120646, -150088, -144875, 130722, 134473, -102142, -101513, 81172, 59602, -75500, -18396, 79666, -16280, -79198, 37723, 62344, -39807, -28965, 25721, -11591, -10063, 47854, 6971, -70422, -20354, 76616, 41218, -69858, -54899, 54202, 53187, -32668, -39467, 10888, 22695, 2654, -9922, -3564, 5087, -5043, -9132, 14427, 20198, -15896, -33786, 6596, 43676, 9096, -44345, -23215, 34512, 29491, -18576, -26264, 3987, 16839, 3224, -7259, -1161, 2936, -7792, -6183, 18391, 15580, -24998, -26854, 24391, 34719, -17390, -35377, 7954, 28365, -607, -16416, -1950, 3911, -169, 5131, 4707, -8667, -8678, 7228, 9794, -3394, -7390, 220, 2635, 504, 2233, 531, -5060, -1077, 4873, -392, -2583, 3629, 435, -7299, -319, 10031, 2578, -10725, -5988, 8895, 8562, -4940, -8661, 107, 5863, 3948, -931, -5953, -4630, 5760, 9069, -4247, -10930, 2747, 9827, -2253, -6672, 2760, 3166, -3348, -931, 3040, 619, -1546, -1468, -851, 1960, 3705, -956, -6325, -1687, 7786, 5276, -7144, -8768, 4131, 11137, 312, -11562, -4416, 9689, 6724, -5964, -6920, 1670, 5646, 1788, -3974, -3618, 3313, 3688, -4579, -2253, 7130, 142, -8986, 1481, 8513, -1987, -5505, 1884, 724, -2279, 4660, 3999, -9466, -7191, 12831, 11233, -14308, -14901, 13872, 16773, -11915, -15993, 9195, 12767, -6525, -8110, 4443, 3317, -3084, 663, 2298, -3410, -1933, 4863, 2084, -5081, -2934, 4226, 4423, -2631, -6104, 617, 7294, 1766, -7379, -4678, 6000, 8039, -3016, -11159, -1439, 13007, 6609, -12648, -11081, 9761, 13459, -4848, -12988, -858, 10043, 6114, -5767, -10078, 1280, 12292, 2815, -12708, -6264, 11772, 8773, -10304, -10139, 8953, 10544, -7926
1791219475.847, MrmDetectionListInfo, 860, 115, 192, 20280, 193, 22920, 194, 25222, 195, 27015, 196, 28143, 197, 28427, 198, 27769, 199, 26364, 200, 24694, 201, 23229, 208, 32046, 209, 51871, 210, 65535, 211, 65535, 212, 65535, 213, 65535, 214, 65535, 215, 65535, 216, 65535, 217, 65535, 218, 65535, 219, 65535, 220, 65535, 221, 65535, 222, 65535, 223, 65535, 224, 65535, 225, 65535, 226, 65535, 227, 63530, 228, 42038, 229, 31271, 230, 42460, 231, 65535, 232, 65535, 233, 65535, 234, 65535, 235, 65535, 236, 65535, 237, 65535, 238, 65535, 239, 65535, 240, 65535, 241, 65535, 242, 65535, 243, 65535, 244, 65535, 245, 65535, 246, 64121, 247, 65535, 248, 65535, 249, 65535, 250, 65535, 251, 65535, 252, 65535, 253, 65535, 254, 65535, 255, 65535, 256, 65535, 257, 65535, 258, 63810, 259, 53495, 260, 47025, 261, 45368, 262, 48109, 263, 52529, 264, 54508, 265, 50804, 266, 41246, 267, 29031, 268, 18818, 270, 18167, 271, 27489, 272, 37646, 273, 45043, 274, 49909, 275, 54136, 276, 58040, 277, 59996, 278, 58479, 279, 53449, 280, 45944, 281, 37059, 282, 27652, 292, 19536, 293, 22556, 296, 25028, 297, 27475, 298, 30288, 299, 31813, 300, 30830, 301, 27307, 302, 22210, 303, 16736, 312, 15910, 313, 20583, 314, 24232, 315, 26782, 316, 28094, 317, 27910, 318, 26139, 319, 23032, 320, 19061, 321, 14746, 363, 6524, 364, 7337, 386, 6660, 394, 7876, 422, 12839, 423, 14071, 424, 14846, 425, 15054, 426, 14750, 427, 14019, 428, 12903
1791219475.971, MrmFullScanInfo, 861, 107, 2085356, 0, 0, 0, 0, 10000, 39297, 32, 1, 2, 1, 480, -426022, 490171, 419632, -480417, -453581, 444550, 505916, -372741, -520114, 108414, 520128, 339747, -497417, -497947, 366542, 517883, -109863, -520192, -177415, 519645, 328413, -511686, -474737, 482127, 520176, 513750, -147835, -520062, -416123, 497076, 367175, -499614, -439834, 505507, 286659, -517926, -287483, 518938, 210842, -515894, -285371, 515674, 425233, -508064, -515069, 389356, 520192, 79148, -519793, -496590, 441876, 519495, -160663, -519831, -234332, 520042, 469176, -502703, -516044, 387170, 519922, -128637, -520071, -286297, 513631, 416853, -70271, -309687, -519015, 71824, 520124, 403312, -486092, -514984, -60696, 516908, 509269, -326679, -520192, -350091, 514504, 519208, -303993, -520126, 5568, 519852, 326209, -504515, -508105, 338443, 520156, 131038, -520049, -493225, 432862, 520118, 67362, -519455, -384377, 492091, 483514, -310728, -482598, 6681, 173285, 161389, 212000, -136604, -451099, -78175, 476552, 354048, -311766, -455509, -7813, 395788, 278850, -215544, -421528, -67269, 381560, 314591, -208514, -385863, 28671, 348105, 122557, -240745, -198586, 89125, 138195, 43263, -35424, -84401, -46442, 56685, 98250, 6317, -65995, -54742, -34543, 51815, 113134, 3972, -130539, -82129, 110128, 135321, -44002, -128324, -28567, 77524, 58893, -11032, -37417, -48085, -872, 76818, 39711, -59477, -61593, 30243, 46181, -15634, -2711, 14203, -38789, -34293, 51004, 78619, -26364, -110381, -26133, 106720, 93681, -70691, -122878, 5292, 143215, 68523, -125107, -122228, 81844, 133962, -24185, -113405, -21577, 73402, 37789, -27492, -25443, -4930, 710, 10933, 29398, 8846, -43725, -34895, 28535, 60080, 8248, -69954, -43419, 56158, 69821, -24206, -80550, -6318, 70650, 26612, -40907, -37291, 14226, 36085, 4973, -25477, -13082, 18771, 12073, -18824, -2612, 20018, -5680, -21440, 9212, 13503, -24411, -3197, 55643, -10476, -101858, 18198, 168187, -10952, -244991, -8446, 310231, 50954, -341631, -107388, 397836, 8366, -370789, -72919, 303426, 128539, -212474, -159007, 120777, 156606, -39581, -134086, -26014, 109815, 70839, -93306, -59981, 122999, 88985, -142590, -117879, 154500, 142143, -147019, -154923, 119887, 150362, -79556, -117904, 36161, 60536, -2791, -2697, -10545, -46195, 12343, 86226, 6885, -104601, -32541, 96322, 52730, -68481, -58388, 31277, 48912, 6461, -30024, -37527, 11907, 47635, 2704, -47401, -8248, 46186, 4292, -45684, 3161, 48768, -7051, -52549, 7467, 52014, -3562, -54574, 7731, 47378, 2186, -36376, -7772, 23542, 9499, -14688, -10216, 9072, 10973, -7232, -12965, 4593, 18006, -2666, -15601, -2372, 22436, 11964, -27458, -21763, 28551, 28636, -24476, -29292, 16711, 23975, -8259, -13956, 1485, -1307, 2372, 10593, -7108, -15759, 13141, 14923, -21476, -8794, 32663, 670, -46300, 5810, 60999, -6960, -73025, -775, 74491, 7732, -74368, -13999, 66104, 17386, -51796, -15769, 33992, 10114, -17777, -2795, 7209, -4741, -2416, 11728, 6667, -13304, -11741, 12951, 18589, -10563, -22784, 5584, 26765, 504, -29087, -7990, 30778, 16502, -32454, -34003, 35947, 42562, -34042, -48040, 29054, 49132, -21624, -43675, 14285, 31592, -8533, -13701, 4413, -9866, -1160, 30732, -11702, -61064, 22183, 94493, -37004, -129708, 51224, 163749, -58903, -187878, 56796, 196649, -34036, -180650, -928, 147730, 53217, -90719, -94280, 24693, 119405, 40482, -122169, -93859, 104279, 119950, -78044, -123203, 50093, 103756, -33630, -78933, 25203, 55201, -30204, -41678, 38390, 43138, -35878, -52654, 19019, 62668, 12974, -65734, -49915, 57204, 81951, -39981, -106626, 9162, 105580, 19008, -88628, -35920, 59913, 37499, -28214, -24298, 3430, 2809, 8301, 19197, -9419, -23519, 1488, 27998, 8262, -22835, -12638, 11586, 8955, -750, 2794, -5461, -19150, 4506, 36584, 1803, -51133
1791219475.971, MrmFullScanInfo, 861, 107, 2085356, 0, 0, 0, 0, 10000, 39297, 32, 2, 2, 1, 480, 0, 0, 0, 0, 0, 0, 168786, -228696, -313107, 479736, 362693, -535898, -381077, 348039, 436072, -30003, -508066, -257274, 506050, 433398, -369140, -523546, 131642, 580784, 112555, -567811, -280625, 391414, 324277, -45345, -238050, -340916, 67496, 614530, 97475, -726792, -185725, 714024, 190182, -644268, -147790, 575856, 114865, -542114, -131596, 545181, 200128, -535762, -294508, 427475, 396870, -187702, -486921, -108113, 502517, 352311, -374850, -509538, 119835, 602132, 154840, -628142, -349201, 543194, 452133, -328350, -491736, 48897, 435709, 183518, -228248, -279761, -96635, 212168, 383980, -15333, -464145, -228072, 290680, 394614, 35188, -374941, -350497, 160395, 532154, 136076, -518132, -388261, 316935, 546412, -20393, -585532, -256085, 466918, 451190, -200054, -540714, -119441, 487392, 384636, -278997, -548102, -8776, 592023, 242496, -497366, -321024, 280730, 220935, -27147, 2051, -140461, -242583, 141123, 395509, 7246, -395997, -204495, 242496, 335346, 497, -328468, -231928, 183782, 365512, 32637, -365621, -227646, 253353, 331363, -90559, -322318, -50172, 223275, 119321, -86233, -109421, -29402, 49728, 83710, 13663, -72565, -40566, 23205, 17305, 23390, 38394, -34621, -93019, 4235, 117863, 46318, -101667, -84860, 54898, 88900, -3203, -55803, -29157, 1899, 32591, 47314, -13834, -72302, -9952, 69533, 20442, -49725, -9254, 29939, -16345, -25524, 38892, 42044, -41358, -70946, 16792, 93852, 28895, -92995, -81064, 61253, 123199, -6858, -141720, -50826, 129496, 92127, -90603, -105988, 40452, 92402, 1482, -60353, -21492, 24443, 17035, 689, 3487, -6406, -24887, -7176, 32879, 32090, -21669, -55552, -4495, 65555, 35459, -57300, -59720, 34846, 68530, -7060, -59904, -17165, 39496, 31890, -16741, -35925, -58, 32509, 6553, -26287, -3392, 20006, -5528, -13565, 17361, 4847, -33352, 8587, 58178, -27079, -96939, 47782, 151618, -64833, -217423, 70344, 285866, -66886, -345183, 65186, 377864, -63702, -369277, 43595, 321570, 5863, -251485, -67899, 174507, 116788, -98893, -139246, 31818, 141108, 18178, -138129, -47378, 142800, 61509, -156897, -70687, 172156, 80686, -177011, -90599, 163079, 94078, -128958, -83777, 80830, 56947, -30099, -17472, -10732, -26620, 32682, 66353, -33274, -93363, 16970, 101468, 6856, -88832, -28062, 58967, 39948, -20261, -41065, -16349, 34068, 41938, -23613, -53615, 14736, 54624, -10966, -50767, 12624, 46791, -16980, -45002, 20927, 45157, -22550, -45088, 20740, 42366, -15082, -36212, 6794, 27989, 1385, -19915, -7343, 13716, 10876, -9911, -12908, 7815, 14607, -5793, -17236, 2221, 21764, 3364, -27613, -9870, 32160, 15392, -32503, -18144, 27455, 16905, -18153, -11482, 7040, 3282, 3671, 4778, -12847, -9417, 20520, 8541, -27475, -2038, 34818, -8088, -43420, 18252, 53090, -24681, -62394, 25280, 69241, -20624, -71509, 13271, 67541, -6037, -56854, 892, 41118, 1301, -23934, -464, 9588, -2899, -1246, 7717, -203, -12517, -3788, 15843, 10536, -16643, -17653, 14491, 23868, -9629, -28989, 2283, 33651, 7331, -38588, -18021, 43339, 27590, -45913, -34051, 44333, 36399, -38264, -33899, 28936, 25751, -18002, -11809, 6047, -6988, 7702, 29266, -24476, -54074, 44864, 80819, -67906, -108164, 90609, 133504, -107388, -152939, 111083, 162394, -95251, -158862, 57812, 140955, -3863, -108933, -54994, 64998, 104851, -14427, -135061, -34432, 141541, 72115, -127384, -91697, 100895, 91883, -72303, -77353, 50390, 56696, -39277, -39013, 36838, 30924, -35879, -34449, 28306, 46564, -9651, -60753, -18990, 69473, 51587, -66931, -79610, 51661, 95231, -27651, -94156, 2939, 77172, 14228, -49701, -18961, 19921, 11983, 4003, 1345, -16603, -14577, 17137, 23116, -9746, -24767, 1127, 19382, 2832, -9200, 907, -1842, -12159
1791219475.971, MrmFullScanInfo, 861, 107, 2085356, 0, 0, 0, 0, 10000, 39297, 32, 4, 2, 1, 480, 0, 0, 0, 0, 0, 0, 43, -357, -30, 1209, -169, -2086, 444, 2268, -511, -1563, 295, 578, -7, 108, 141, -424, -768, 710, 1305, -981, 123, 529, -3827, 1117, 7332, -2969, -7923, 3423, 5838, -2320, -3540, 917, 1532, 71, 1326, -1129, -4977, 2543, 7135, -2742, -6399, -472, 4391, 5629, -3601, -8112, 3774, 5743, -2475, -1537, -810, -613, 3789, 677, -4298, -482, 2771, -370, -605, 1932, -2058, -162, 3919, -6511, -2654, 11783, -1096, -9175, 4283, 1450, -5234, 2305, 5025, 2564, -5500, -11475, 7599, 15377, -9174, -10794, 7094, 3199, -1846, 1163, -2746, -867, 3613, -1717, -1564, 3582, 182, -3585, -2161, 2884, 6424, -2512, -9875, 1328, 11244, 1900, -11173, -5994, 9758, 8478, -6664, -8045, 1686, 5303, 4447, -1476, -9300, -2825, 9918, 7120, -5958, -9683, 365, 8884, 3874, -5355, -5234, 1486, 3521, 1425, 342, -3598, -4452, 4708, 6999, -3733, -7296, 769, 5853, 2252, -3705, -3549, 1795, 2985, -493, -1365, -216, -651, 329, 2609, 264, -3802, -1366, 3700, 2321, -2575, -2612, 1220, 2266, -308, -1523, -60, 486, 185, 664, -240, -1485, 126, 1621, 210, -1159, -632, 523, 911, -56, -785, -180, 236, 316, 353, -323, -527, -26, 121, 946, 733, -2264, -1895, 3484, 3358, -4212, -4981, 4361, 6300, -4110, -6420, 3916, 4398, -4647, 418, 7407, -8154, -13033, 18363, 21623, -30243, -32342, 42972, 41451, -57849, -43195, 76870, 35419, -99407, -23871, 122057, 18615, -141226, -25845, 154670, 45425, -159568, -72638, 152720, 98447, -136966, -112927, 120643, 112007, -109721, -102249, 104234, 97607, -102409, -110571, 104050, 147951, -104609, -208568, 93050, 287519, -70172, -373705, 49569, 442417, -32101, -464855, -3131, 430019, 68443, -350259, -141954, 247006, 189476, -141137, -192955, 51283, 160712, 9294, -118062, -38621, 90461, 47297, -89982, -51511, 110521, 63384, -132961, -85509, 136407, 109685, -109073, -123696, 55677, 119169, 5601, -93859, -54695, 51187, 79382, -914, -76812, -41958, 51766, 63922, -16060, -59524, -15654, 33684, 32408, 804, -31693, -29154, 19500, 41738, -6077, -38568, 292, 27990, -5169, -20430, 16756, 21973, -26874, -31835, 29340, 43900, -23107, -50349, 10518, 46156, 5013, -32225, -19053, 14685, 26738, -967, -26265, -4052, 20352, -269, -13529, 10541, 9369, -20751, -9817, 25241, 15028, -21533, -22544, 11136, 27843, 1733, -27481, -12112, 21368, 16463, -12669, -14078, 5753, 7039, -3600, 870, 6455, -5735, -12124, 5253, 17170, 298, -18399, -8361, 14365, 15648, -6348, -19447, -2473, 18517, 8981, -13661, -11358, 7421, 9151, -2707, -3074, 1231, -4862, -2957, 11966, 6470, -15838, -9908, 15383, 11870, -11189, -11674, 5146, 9156, 617, -4627, -4770, -953, 7059, 6262, -7969, -10351, 8363, 12905, -9072, -13826, 10340, 13046, -11584, -10709, 11930, 7314, -10935, -3488, 8841, -205, -6309, 3178, 3864, -4936, -1718, 5498, -65, -5489, 1438, 5620, -2263, -6126, 2615, 6987, -2716, -8040, 2781, 8789, -2407, -8622, 745, 7339, 2557, -5207, -6823, 2286, 10782, 1620, -13547, -6242, 14692, 10501, -14117, -13148, 11845, 13615, -8113, -11950, 3749, 8589, 6, -4268, -2156, 173, 2812, 2338, -3010, -2291, 3876, -776, -5703, 6317, 8012, -12325, -10455, 16159, 13160, -16157, -15934, 12521, 17683, -6717, -17063, 756, 13375, 3831, -7305, -6499, 774, 7313, 4303, -6530, -7159, 4777, 8169, -3044, -8157, 2148, 8220, -2409, -9586
1791219475.971, MrmDetectionListInfo, 861, 132, 207, 24822, 208, 30259, 209, 36148, 210, 42079, 211, 47529, 212, 52253, 213, 56287, 214, 59747, 215, 62779, 216, 65535, 217, 65535, 218, 65535, 219, 65535, 220, 65535, 221, 65535, 222, 65535, 223, 65535, 224, 65535, 225, 65535, 226, 65535, 227, 65535, 228, 65535, 229, 65535, 230, 65535, 231, 65535, 232, 65535, 233, 65535, 234, 65535, 235, 65535, 236, 65535, 237, 65535, 238, 65535, 239, 65535, 240, 65535, 241, 65535, 242, 65535, 243, 65535, 244, 65535, 245, 65535, 246, 65535, 247, 65535, 248, 65535, 249, 65535, 250, 65535, 251, 65535, 252, 65535, 253, 65535, 254, 65535, 255, 65535, 256, 65535, 257, 65535, 258, 65535, 259, 65535, 260, 65535, 261, 65535, 262, 65109, 263, 65535, 264, 65535, 265, 65535, 266, 65535, 267, 65535, 268, 65535, 269, 65535, 270, 65535, 271, 65535, 272, 65535, 273, 65535, 274, 65535, 275, 65535, 276, 65535, 277, 65535, 278, 57422, 279, 54651, 280, 59046, 281, 61179, 282, 54442, 283, 44057, 284, 41279, 285, 48434, 286, 55303, 287, 52109, 288, 40854, 289, 31043, 290, 27724, 291, 27454, 292, 24870, 293, 20404, 296, 29637, 297, 29446, 303, 16433, 304, 18983, 305, 23064, 306, 27749, 307, 31786, 308, 34462, 309, 35613, 310, 35152, 311, 32961, 312, 29328, 313, 25220, 314, 21967, 315, 20421, 316, 20027, 317, 19139, 318, 16845, 319, 14124, 320, 12625, 327, 16125, 328, 17873, 329, 18807, 330, 19555, 331, 20004, 332, 19609, 333, 18223, 334, 16444, 335, 15421, 336, 16049, 337, 17733, 338, 18497, 339, 16965, 340, 13663, 341, 10103, 352, 10496, 356, 12250, 357, 11078, 362, 10755, 363, 8449, 377, 9406, 385, 7076, 386, 8656, 394, 11654, 396, 10198
1791219476.096, MrmFullScanInfo, 862, 107, 2085481, 0, 0, 0, 0, 10000, 39297, 32, 1, 2, 1, 480, -421999, 492109, 421529, -480245, -454084, 445640, 504104, -372154, -520016, 108518, 520172, 343859, -494943, -500734, 369315, 517628, -105901, -520185, -177773, 519465, 325969, -512165, -474181, 482317, 520168, 513815, -146502, -520098, -421829, 495109, 362109, -500442, -445160, 503459, 280313, -517819, -282206, 518296, 212097, -515475, -287004, 516950, 424758, -507187, -515905, 380704, 520192, 80406, -519805, -491277, 451243, 519567, -167262, -519939, -230808, 519068, 469223, -502541, -517253, 384132, 520076, -120231, -520132, -289933, 510578, 467934, -46569, -398366, -519496, 93301, 520155, 405192, -486084, -514189, -72379, 516656, 510511, -322438, -520192, -352724, 516278, 518503, -326042, -519980, 9543, 520081, 324681, -504134, -508798, 339290, 520156, 135649, -520102, -495292, 430779, 520024, 69849, -519226, -388987, 492268, 484004, -306225, -488664, -1028, 179276, 172957, 212255, -146335, -457757, -73165, 481184, 357460, -309552, -456359, -8046, 396343, 279540, -218512, -427202, -65818, 389764, 315227, -213539, -389041, 30210, 353125, 123371, -245786, -200260, 88020, 138438, 43334, -37429, -85460, -44506, 58295, 97461, 3264, -67480, -52701, -31680, 52068, 110714, 2265, -130858, -82127, 110190, 134545, -44999, -128652, -28848, 76744, 57268, -11864, -35820, -46694, -1551, 74977, 39600, -57944, -61377, 29636, 45648, -15277, -2206, 14612, -38366, -35526, 50464, 79558, -25598, -110609, -26459, 106935, 92440, -71871, -123209, 4859, 143066, 68364, -125139, -121823, 81756, 134757, -24335, -113616, -22389, 73868, 38514, -27387, -25478, -5442, 1555, 11208, 29155, 8220, -43586, -34732, 29245, 59944, 7083, -69752, -43161, 56655, 69791, -25151, -81063, -5056, 70191, 27329, -41855, -37674, 14501, 37082, 3672, -26598, -12775, 20528, 13402, -21270, -6857, 23230, 4113, -27219, -9501, 31201, 14538, -27727, -18007, 14401, 22686, 1652, -21187, -15387, 10745, 26525, 4405, -30726, -17328, 26890, 21478, -21301, -12120, 18215, -12894, -20193, 45820, 32811, -65802, -62581, 58161, 110955, -13470, -170790, -67244, 227355, 94472, -258655, -161937, 271418, 213909, -234234, -229224, 157644, 209480, -53167, -154295, -47492, 82838, 117984, -11703, -146651, 26748, 141855, -12518, -129953, 22199, 115057, -50567, -107402, 80464, 113310, -95651, -122702, 85661, 123270, -50633, -106151, -2777, 73208, 37817, -17170, -47830, -37199, 35424, 71004, -9701, -75156, -14251, 54090, 18385, -21712, -1618, -6000, -26044, 26712, 57145, -22456, -79247, 4827, 79786, 16552, -60083, -28233, 30176, 24808, -2704, -7337, -13563, -13673, 20571, 28729, -14523, -34576, 8008, 28949, -4843, -15501, 8609, 5350, -17000, -3024, 24469, 11980, -23142, -26283, 16037, 34360, 1649, -42026, -22356, 41137, 39003, -34098, -44076, 25284, 37782, -20411, -24208, 25096, 10989, -37808, -10470, 51192, 10017, -60969, -18203, 62358, 28730, -51924, -35501, 34514, 36704, -14548, -30420, 3, 17833, 4637, -5869, -157, -4613, -8641, 14433, 19804, -18693, -28626, 18137, 32043, -14308, -31936, 9329, 30346, -3811, -27956, -6169, 28834, 13483, -27121, -20895, 23030, 27378, -16854, -31485, 7727, 27798, 1946, -14342, -9662, -8237, 15800, 29841, -23767, -62856, 31273, 97895, -40436, -131312, 50675, 161162, -54451, -179130, 47428, 179673, -25055, -160750, -10159, 125898, 54190, -72742, -92097, 10782, 115401, 48111, -118506, -94043, 101590, 118212, -74936, -118405, 47592, 98069, -28914, -69423, 21033, 44434, -27466, -32179, 35999, 35534, -37310, -49747, 24491, 66014, 4247, -73416, -40395, 67324, 72872, -45339, -99652, 13333, 99789, 16685, -82314, -36790, 52387, 38533, -20487, -23654, -2950, 1067, 11173, 21195, -7046, -29243, -3608, 32295, 17107, -25704, -24273, 10595, 21166, 3624, -9008, -10667, -9080, 8471, 28290, 3207, -40040
1791219476.096, MrmFullScanInfo, 862, 107, 2085481, 0, 0, 0, 0, 10000, 39297, 32, 2, 2, 1, 480, 0, 0, 0, 0, 0, 0, 168752, -228897, -312930, 480003, 362250, -535732, -380501, 346875, 435809, -27874, -508304, -259535, 506357, 434889, -369044, -524133, 131339, 580820, 112478, -567582, -280051, 391089, 323152, -45044, -236475, -341140, 65828, 614541, 98569, -726399, -185433, 713041, 188321, -642630, -145328, 574122, 113363, -541158, -131510, 544789, 200897, -534641, -295741, 425372, 398871, -186210, -490169, -107384, 506997, 349528, -379584, -506184, 123282, 599495, 153512, -626188, -349754, 540821, 453679, -321954, -492730, 29544, 436819, 222724, -233712, -330807, -84811, 254586, 370411, -35308, -455488, -227164, 288680, 400840, 33568, -379254, -350431, 161060, 537483, 135975, -527952, -386226, 326421, 543224, -25500, -583194, -255396, 465952, 452604, -199551, -541947, -120279, 487127, 385868, -277066, -549268, -11872, 592104, 246620, -495089, -326370, 275476, 226719, -19505, -2097, -148668, -241415, 147503, 396703, 4247, -397902, -204767, 243647, 337687, 1226, -331724, -235168, 186981, 370692, 30632, -371045, -227945, 257409, 334045, -92691, -325997, -49740, 226112, 120246, -87328, -111334, -29846, 51963, 85210, 12060, -74655, -40343, 25274, 18466, 21973, 36597, -34158, -91552, 4561, 117233, 45584, -101814, -84094, 55609, 88428, -4336, -55859, -27779, 2589, 31294, 46122, -12925, -70949, -10330, 68416, 20364, -49156, -8969, 30082, -16566, -26296, 38918, 43089, -41291, -71890, 16838, 94486, 28656, -93282, -80773, 61302, 123024, -6806, -141682, -50926, 129511, 92337, -90537, -106339, 40222, 92785, 1871, -60592, -21991, 24427, 17595, 918, 2999, -6732, -24713, -6814, 33159, 31721, -22263, -55302, -3921, 65682, 35086, -57867, -59526, 35522, 68526, -7389, -60247, -17371, 40286, 32540, -17738, -36979, 501, 34202, 7478, -29248, -7276, 25862, 3643, -25463, -1330, 26660, 2580, -25865, -7260, 20065, 13436, -9064, -17625, -4876, 16551, 18515, -9763, -28621, 634, 32976, 4830, -31270, -604, 25394, -15641, -19763, 39543, 21862, -60464, -40982, 65722, 83938, -50316, -148316, 19738, 219930, 17962, -278496, -58648, 306192, 99023, -291533, -131410, 231534, 147320, -135484, -142018, 24791, 120444, 72813, -95102, -134321, 76195, 152770, -66647, -139274, 66570, 113070, -76991, -89946, 94696, 77566, -109926, -75587, 110131, 78426, -87835, -78056, 46813, 66401, -646, -39246, -35222, 680, 51228, 37071, -46888, -60171, 30182, 60769, -13308, -40300, 6586, 8292, -13939, 21939, 32067, -38963, -52451, 38134, 65161, -23244, -63526, 3852, 47359, 9809, -22381, -11931, -2909, 3370, 21060, 9954, -28589, -20728, 26944, 23900, -21006, -18963, 16073, 10066, -15119, -3545, 17720, 3995, -20629, -11929, 19596, 24365, -11880, -36941, -1600, 45631, 16255, -47948, -26302, 44343, 27881, -38345, -21262, 34842, 10333, -37190, -136, 45065, -5369, -54509, 4364, 60198, 2596, -58161, -12569, 47702, 21304, -31737, -24983, 15444, 21825, -3833, -12499, -421, -476, -2234, 13679, 9079, -23689, -16749, 28249, 22756, -27100, -26183, 21513, 27670, -13301, -28555, 4231, 29583, 4382, -30191, -11997, 29070, 18393, -25177, -22435, 18124, 21726, -8077, -14104, -4513, -1009, 19192, 22797, -35720, -49659, 54066, 79213, -73499, -108007, 91366, 132093, -102565, -147713, 100801, 152200, -81242, -144371, 43425, 124088, 7344, -92033, -61054, 50513, 106019, -4428, -132802, -38989, 137388, 71792, -122317, -87906, 95260, 85861, -66150, -69906, 43906, 48535, -33161, -31155, 32403, 24667, -34821, -31001, 31952, 46555, -18061, -63657, -7369, 73667, 39359, -70654, -69075, 53855, 87181, -28005, -87868, 1607, 71479, 16556, -44055, -21179, 14876, 12834, 7191, 2922, -16862, -18875, 14042, 29190, -3338, -30746, -8279, 23526, 14495, -10823, -11750, -1911, 136
1791219476.096, MrmFullScanInfo, 862, 107, 2085481, 0, 0, 0, 0, 10000, 39297, 32, 4, 2, 1, 480, 0, 0, 0, 0, 0, 0, 0, -341, 133, 708, -469, -560, 695, -386, -392, 1577, -173, -2027, 295, 1513, 220, -758, -687, 342, 487, -172, 654, -145, -2780, 824, 4704, -1501, -5044, 1444, 3598, -558, -1238, -620, -1210, 1695, 3051, -2250, -3636, 2070, 3128, -1560, -1977, 853, 692, 446, 387, -2155, -1555, 3326, 3362, -3500, -5052, 3090, 5059, -2314, -3164, 1710, 630, -2545, 1298, 7452, -1897, -20117, 2860, 37621, -6789, -47307, 11640, 39342, -11971, -19572, 6477, 1705, 244, 7660, -4123, -9562, 3430, 7513, 1365, -4874, -6782, 3446, 8668, -2674, -6210, 1974, 2144, -1779, 824, 2161, -1175, -2494, -1302, 2579, 4958, -2344, -7737, 684, 9445, 3250, -10691, -8245, 10482, 11870, -7316, -12208, 1888, 8984, 3363, -3676, -6237, -1690, 5647, 5766, -1851, -7828, -3294, 7356, 7192, -4481, -7988, 307, 5718, 3505, -1938, -5509, -1674, 5086, 4199, -2768, -5315, -224, 4955, 2717, -3293, -3908, 972, 3595, 1075, -2141, -2068, 220, 1770, 1483, -607, -2442, -728, 2437, 1772, -1637, -2351, 494, 2436, 568, -1991, -1250, 1110, 1462, -55, -1217, -761, 568, 1023, 333, -746, -1157, 251, 1532, 76, -1336, -108, 742, 36, -78, -83, -334, 201, 436, -148, -425, -116, 540, 471, -764, -765, 940, 1036, -1029, -1504, 1231, 2399, -1789, -3772, 2749, 5543, -3971, -7704, 5417, 10221, -7304, -12839, 10017, 14385, -14310, -13296, 20862, 9491, -29542, -5429, 39368, 4624, -48932, -8860, 56684, 17469, -60702, -27933, 59186, 35598, -52537, -34830, 42844, 21999, -31776, 2634, 20300, -36372, -9946, 76373, 2919, -118285, -25, 155057, 797, -180524, -48, 191557, -8333, -187375, 21095, 171772, -24857, -154128, 9209, 141580, 25173, -129379, -75238, 103598, 141253, -58268, -222794, 2211, 310815, 52897, -386758, -103704, 429266, 150347, -421112, -186327, 356145, 201642, -244442, -188931, 111055, 150893, 12365, -100594, -99412, 52930, 139110, -17363, -138343, -1235, 114588, -49, -85834, 18519, 64182, -44209, -53483, 63472, 50533, -66030, -47972, 50814, 37810, -26115, -15588, 4062, -15997, 6235, 47262, -2777, -66665, -8934, 67230, 19633, -49870, -21478, 22485, 11638, 3949, 7055, -20088, -27424, 22017, 40916, -12686, -41829, 42, 30240, 7229, -11454, -4373, -6945, -7478, 18488, 23015, -20413, -36011, 14664, 41958, -6482, -39558, 1249, 31361, -1665, -22431, 7164, 17151, -14538, -16717, 19037, 19241, -16485, -21495, 5985, 20370, 9152, -13949, -23435, 2769, 32041, 10060, -32923, -20061, 27191, 23737, -18186, -20502, 10069, 12798, -6200, -4342, 7731, -1744, -13076, 3907, 18914, -2470, -22074, -824, 20959, 3787, -15658, -4900, 7470, 3862, 1552, -1464, -9121, -851, 13738, 1770, -15371, -704, 15401, -2074, -15547, 5694, 16498, -8892, -17519, 10486, 17208, -10119, -14582, 8598, 9734, -7356, -3937, 7575, -1129, -9180, 4219, 10878, -4717, -11232, 2880, 9684, -85, -6457, -1674, 1896, 1011, 3510, 2065, -8886, -6415, 12821, 10529, -14023, -13272, 12382, 14119, -9141, -12916, 5962, 10090, -3669, -6618, 2174, 3564, -914, -1252, -701, -737, 2864, 2831, -5086, -4952, 6321, 6502, -5512, -6696, 2317, 5036, 2455, -1643, -7045, -2546, 9697, 6222, -9522, -8419, 6936, 8754, -3372, -7245, 404, 4361, 1080, -1169, -1128, -1121, 505, 1712, -139, -526, 595, -1680, -1989, 3590, 4182, -4026, -6772, 2724, 9027, -415, -9988, -1510, 9058
1791219476.096, MrmDetectionListInfo, 862, 130, 220, 28597, 221, 32158, 223, 39437, 224, 42547, 225, 44837, 226, 45962, 227, 45634, 228, 43650, 229, 39901, 230, 34423, 231, 27516, 232, 20291, 235, 25503, 236, 36391, 237, 45884, 238, 53655, 239, 61752, 240, 65535, 241, 65535, 242, 65535, 243, 65535, 244, 65535, 245, 65535, 246, 65535, 247, 65535, 248, 65535, 249, 65535, 250, 65535, 251, 65535, 252, 65535, 253, 65535, 254, 65535, 255, 65535, 256, 65535, 257, 65535, 258, 65535, 259, 65535, 260, 65535, 261, 65535, 262, 65535, 263, 65535, 264, 65535, 265, 65535, 266, 65535, 267, 65535, 268, 65535, 269, 65535, 270, 65535, 271, 65535, 272, 65535, 273, 65535, 274, 65535, 275, 65535, 276, 65535, 277, 65535, 278, 65535, 279, 65535, 280, 65535, 281, 65535, 282, 65535, 283, 59486, 284, 55652, 285, 50967, 286, 46250, 287, 44797, 288, 47502, 289, 52085, 290, 55895, 291, 57926, 292, 58245, 293, 56638, 294, 52393, 295, 45077, 296, 35068, 302, 27957, 303, 34700, 304, 37583, 305, 38847, 306, 39747, 307, 39021, 308, 34822, 309, 27054, 314, 17476, 315, 26575, 316, 31316, 317, 30463, 318, 26436, 319, 21910, 320, 18024, 321, 14931, 327, 17041, 328, 23563, 329, 27151, 330, 27719, 331, 26773, 332, 25371, 333, 23486, 334, 20874, 335, 17886, 336, 15290, 339, 13353, 340, 14339, 341, 15801, 342, 17380, 343, 18583, 344, 18926, 345, 18086, 346, 16126, 350, 14832, 351, 16306, 352, 17274, 353, 18776, 354, 21517, 355, 24490, 356, 25925, 357, 25060, 358, 22522, 359, 19326, 362, 9313, 363, 6614, 382, 6996, 383, 8225, 384, 8477, 385, 8291, 386, 8168, 394, 14013, 396, 12864, 422, 13178, 423, 13350, 424, 13044
1791219476.221, MrmFullScanInfo, 863, 107, 2085606, 0, 0, 0, 0, 10000, 39297, 32, 1, 2, 1, 480, -420161, 490318, 422212, -481078, -452754, 444248, 505046, -367068, -520153, 107881, 520151, 339019, -495558, -498784, 367444, 516422, -111394, -520176, -179216, 519601, 323407, -511873, -474689, 480773, 520139, 512517, -175046, -520161, -412654, 499332, 360424, -501218, -434860, 504726, 283857, -517281, -285728, 518965, 223909, -516266, -296658, 515656, 434579, -506239, -516537, 372183, 520192, 100994, -519940, -492976, 445162, 519212, -155825, -520180, -245796, 519542, 471512, -501677, -517017, 381704, 520122, -130656, -520151, -258813, 513046, 431242, -65279, -320503, -518783, 53509, 520010, 408529, -478285, -513144, -75271, 516433, 511728, -274308, -520181, -380422, 515620, 518489, -307650, -520185, -1473, 519898, 326582, -502567, -506287, 340733, 520173, 120461, -520098, -488881, 436119, 520012, 47677, -518964, -363523, 495692, 477082, -316530, -469773, 21523, 160308, 141063, 209911, -117925, -442316, -85952, 475347, 352944, -283301, -443445, -15735, 376998, 277506, -201385, -412099, -78566, 369666, 310731, -198178, -380811, 25579, 341472, 120225, -240376, -188139, 79021, 124166, 42719, -28459, -79805, -50881, 49366, 95922, 12781, -60463, -56996, -38976, 52046, 115034, 3673, -134603, -90259, 109594, 140695, -41605, -130518, -32882, 77171, 62152, -9423, -38834, -50716, 23, 79073, 39688, -60126, -64713, 31217, 49486, -14627, -4432, 12379, -38846, -32850, 51427, 77400, -27462, -109577, -25272, 107663, 91980, -72208, -121933, 6661, 142439, 67610, -125092, -121867, 82084, 133972, -25232, -113551, -21911, 73354, 37149, -28228, -25216, -5074, 739, 11147, 28960, 8623, -43408, -35367, 28496, 59804, 6997, -69790, -42982, 56860, 69396, -25626, -81048, -5081, 70668, 26062, -41473, -37489, 14267, 36691, 4124, -26379, -13098, 20292, 13170, -21112, -6762, 23910, 4536, -26183, -9283, 31966, 14955, -28569, -19442, 15982, 24740, -1129, -23697, -11702, 14685, 22429, -1740, -26227, -8541, 21623, 16598, -12900, -16210, 7340, 7613, -3809, 2862, 4270, -4731, -8118, -1317, 7607, 17392, 6904, -42089, -38575, 63729, 60206, -80673, -109038, 85445, 155423, -70093, -181029, 36791, 176294, 12406, -136388, -53659, 66002, 76099, 21033, -88864, -81686, 70017, 127770, -26035, -139054, -21140, 113564, 53441, -60745, -57468, -1151, 30415, 49548, 18020, -68030, -82452, 61176, 102511, -24203, -83096, -13629, 32785, 30438, 31563, -16514, -83091, -20650, 103623, 66440, -88125, -93224, 66348, 70661, -12654, -39963, -34767, -10926, 55673, 66287, -44825, -105881, 10248, 114525, 34332, -91771, -66982, 47934, 72456, -8292, -63888, -28970, 40404, 47693, -10980, -46580, -15063, 32605, 27581, -14622, -25702, 321, 14200, 4572, -3411, -1072, -2471, -7898, 3921, 20158, -1138, -30760, -1042, 39346, 745, -46490, 901, 53232, -2695, -60608, -2581, 66575, 6554, -69926, -12810, 68976, 20555, -61610, -26593, 51748, 27858, -40533, -25150, 33102, 17561, -29774, -1720, 30042, -3155, -31788, 6480, 34252, -7494, -33443, 5367, 30757, -2492, -26442, -325, 23611, 3321, -22574, -13576, 25047, 22364, -26416, -32910, 25128, 43656, -22290, -50860, 16250, 49412, -9045, -38159, 585, 15573, 6811, 10757, -18924, -48017, 30153, 88131, -43856, -127315, 55648, 162707, -61817, -185234, 60695, 189887, -39820, -171869, 6376, 138088, 37406, -82110, -76759, 19091, 102691, 44802, -107907, -95128, 95426, 122223, -72592, -125224, 48015, 107198, -30862, -75478, 23150, 49591, -30120, -36325, 39429, 36918, -38475, -46773, 24865, 58708, 5309, -64208, -40012, 56772, 70526, -36869, -98910, 6218, 96566, 21033, -77966, -33378, 46323, 27720, -15382, -4991, -6980, -24389, 14513, 51185, -8161, -53694, -4998, 54161, 20425, -43478, -30591, 25298, 28927, -7193, -17811, -5369, 3172, 10976, 9675, -12553, -15825
1791219476.221, MrmFullScanInfo, 863, 107, 2085606, 0, 0, 0, 0, 10000, 39297, 32, 2, 2, 1, 480, 0, 0, 0, 0, 0, 0, 168616, -228372, -312915, 478545, 362727, -533922, -381438, 346167, 436408, -29022, -508120, -257316, 505902, 432864, -369170, -522858, 132248, 580097, 111350, -567071, -280974, 391238, 329178, -46947, -247586, -337416, 78311, 610730, 88875, -724224, -180231, 712892, 188049, -644266, -149882, 577162, 121572, -544954, -141068, 547851, 209079, -534101, -301335, 419215, 402434, -176233, -491724, -116703, 504514, 355616, -371963, -509932, 113191, 602083, 161595, -627989, -353354, 544119, 453019, -331929, -489377, 53165, 431440, 181974, -224780, -280162, -97601, 210550, 382185, -10763, -459635, -230313, 283523, 386644, 45101, -354734, -362980, 136336, 544190, 152621, -524743, -393938, 316287, 545628, -15629, -584148, -260104, 468347, 451966, -204289, -540045, -114366, 490245, 379975, -288638, -543868, 6013, 589298, 226453, -498901, -306187, 288677, 208745, -40873, 10050, -124783, -244266, 128754, 389135, 12420, -382603, -201486, 227370, 325403, 10543, -314828, -233404, 171072, 359372, 40420, -355931, -229264, 245287, 327881, -88264, -315357, -45748, 214969, 110641, -79735, -100350, -31100, 43262, 80137, 16292, -65911, -39746, 16606, 14341, 27359, 42172, -34684, -96638, 753, 120418, 51480, -102253, -89394, 53275, 91401, -109, -56048, -32481, 523, 34981, 49372, -14464, -74295, -11255, 71020, 22950, -50375, -11755, 29554, -14751, -24263, 38426, 40454, -41806, -69746, 17891, 93534, 27369, -93538, -79423, 62220, 121863, -7771, -141053, -50209, 129563, 91792, -91134, -105860, 41083, 92443, 969, -60486, -21188, 24539, 17023, 659, 3237, -6356, -24627, -7246, 32924, 32085, -22105, -55525, -3873, 65794, 34902, -58002, -59341, 35832, 68353, -7886, -59977, -16857, 39874, 32193, -17297, -36818, 195, 34168, 7586, -29250, -7262, 25846, 3643, -25506, -1480, 27011, 3013, -26888, -8082, 22072, 14684, -12228, -19418, -566, 19295, 13110, -13715, -21998, 4725, 25012, 4000, -22280, -8670, 15948, 7644, -9015, -2999, 4187, -415, -2205, -2640, 368, 15648, 5355, -38600, -18072, 67297, 39886, -94771, -70992, 113430, 106696, -115807, -136452, 96660, 148224, -56834, -133268, 4130, 90871, 48974, -30151, -88123, -33832, 101227, 86447, -84624, -116616, 46487, 117401, -3237, -88452, -27723, 38220, 33967, 17938, -13417, -62723, -22684, 82284, 54315, -71551, -63531, 38197, 43619, -403, -678, -22435, -49731, 19835, 90159, 3379, -107238, -30534, 94257, 44828, -53958, -38465, 477, 12623, 45344, 25926, -66519, -65779, 57393, 93604, -25013, -99676, -15412, 82218, 48187, -47746, -63477, 7946, 59269, 25116, -39980, -43340, 14244, 45065, 8238, -34418, -20563, 18696, 21285, -5308, -13885, -654, 3801, -2236, 4745, 11970, -10192, -24617, 13230, 36461, -15355, -45609, 17242, 52280, -18349, -57769, 17793, 62880, -15097, -66944, 10227, 68358, -3568, -65843, -3613, 59447, 9251, -50664, -10876, 41612, 7142, -34002, 688, 28883, -9268, -26607, 15482, 26511, -18013, -27064, 17001, 26924, -13457, -25808, 8341, 24684, -1997, -25055, -5496, 27601, 13924, -31415, -22893, 34614, 31569, -35404, -37948, 32495, 39045, -25154, -32316, 13121, 16819, 3490, 6759, -24228, -36505, 48151, 69597, -73273, -102358, 96291, 130580, -112204, -149882, 114817, 156907, -98815, -150130, 63010, 129557, -12320, -96240, -43158, 52733, 91358, -4144, -122418, -41905, 131829, 76937, -121405, -94400, 97959, 92530, -70829, -75681, 49001, 52808, -37653, -33592, 35683, 24744, -36307, -28175, 31260, 40767, -15569, -55565, -10600, 64452, 42141, -61659, -70497, 46524, 86507, -23982, -84475, 2695, 65118, 8849, -34985, -6207, 3805, -8465, 19092, 27814, -27853, -43888, 22179, 51795, -7328, -50059, -8553, 39505, 18400, -23178, -19102, 5612, 12134
1791219476.221, MrmFullScanInfo, 863, 107, 2085606, 0, 0, 0, 0, 10000, 39297, 32, 4, 2, 1, 480, 0, 0, 0, 0, 0, 0, -129, 412, 50, -1260, 327, 1736, -710, -1018, 488, -419, 101, 1377, -350, -1424, -27, 988, 662, -620, -995, 503, -654, 35, 5052, -1587, -9487, 3228, 10727, -3369, -8436, 2050, 4839, -448, -861, -934, -3315, 2156, 6887, -3051, -8538, 2546, 7605, 892, -5461, -6183, 3855, 9396, -2346, -8152, -998, 4683, 5582, -2441, -8166, 1614, 6945, -1080, -3432, 2241, -112, -6879, 2664, 15053, -4371, -24474, 6225, 30083, -7874, -27035, 6580, 16298, -1241, -2616, -5205, -11019, 9975, 20955, -11395, -22206, 7653, 15055, 87, -6409, -6466, 1250, 7441, -112, -4003, 1752, -217, -4010, 1427, 5030, 2616, -4926, -9704, 4508, 14986, -2559, -16592, -2537, 16071, 9984, -13886, -16696, 9284, 19014, -2107, -15097, -6316, 6614, 13025, 2709, -14282, -10126, 8770, 13953, 360, -13134, -8435, 8103, 11942, -1271, -9829, -4686, 3569, 8396, 3487, -9143, -8122, 6564, 9032, -1395, -6846, -3979, 3012, 7182, 884, -7212, -3574, 4491, 4622, -379, -4267, -3299, 2849, 5024, -640, -4423, -1711, 2388, 3360, -34, -3783, -1802, 2933, 2707, -1120, -2721, -948, 2097, 2307, -998, -2407, -371, 1536, 1548, -397, -2010, -479, 1600, 1003, -632, -1270, -321, 1322, 815, -1082, -806, 547, 558, 66, -363, -497, 259, 662, -133, -645, 0, 523, 77, -288, -123, 1, 214, 180, -289, -141, 277, -28, -286, 116, 491, 61, -1034, -525, 1985, 1258, -3271, -2386, 4730, 4169, -6206, -6638, 7596, 9371, -8656, -11539, 9181, 11781, -9246, -8498, 8834, 774, -7536, 11101, 5043, -26182, -1728, 43680, -1580, -62506, 4234, 80542, -5695, -95351, 8021, 103930, -13942, -102182, 21084, 87667, -22045, -62844, 13239, 33579, -1339, -4883, -1381, -20277, -15939, 41677, 54733, -60309, -105985, 74968, 157422, -81975, -199294, 78194, 222621, -62280, -217225, 33927, 177370, 4554, -106391, -49986, 18573, 97836, 65347, -138270, -128829, 158197, 166448, -151606, -179743, 125758, 170214, -94175, -139669, 68083, 93770, -52944, -42847, 48089, -1120, -47343, 28905, 41638, -37329, -23776, 30527, -7433, -18048, 46835, 10162, -85084, -12677, 113303, 22187, -125041, -28490, 115946, 23668, -86237, -7524, 44368, -15883, -4940, 42707, -19058, -68101, 21905, 85415, -6960, -88597, -15907, 75250, 35587, -47934, -44329, 13461, 39299, 19244, -22165, -41806, -1391, 49221, 23317, -41261, -36286, 22523, 36821, -609, -26151, -16971, 8877, 25659, 9257, -24767, -23277, 16702, 30297, -5627, -30025, -4157, 24432, 9835, -16592, -10932, 9435, 9020, -4754, -6534, 2842, 5755, -2865, -8098, 3648, 13569, -4315, -20687, 4883, 26917, -5689, -29738, 6206, 28162, -5118, -23240, 1917, 16878, 2227, -10429, -5575, 4532, 6966, 456, -6231, -4162, 4187, 6140, -2240, -5977, 1765, 3518, -3445, 868, 7020, -6154, -11551, 10872, 15914, -13618, -19027, 13682, 19998, -11216, -18436, 6997, 14778, -2143, -10041, -2180, 5272, 5443, -1303, -7907, -1217, 10012, 2061, -11873, -1510, 13367, 175, -14213, 1376, 13997, -2816, -12379, 4070, 9374, -5119, -5438, 5909, 1461, -6177, 1502, 5522, -2781, -3894, 2582, 1765, -1765, 413, 1072, -2596, -648, 4688, 432, -6314, -568, 7153, 1075, -7162, -1696, 6425, 2283, -4819, -3205, 2037, 4945, 2230, -7393, -7982, 9943, 14690, -11820, -20994, 12269, 25119, -10641, -26064, 6829, 24282, -1598, -20993, -3739, 17008, 8218, -12419, -11995, 6877, 16307
1791219476.237, MrmDetectionListInfo, 863, 125, 236, 19870, 237, 23709, 238, 28651, 239, 34293, 240, 39761, 241, 44494, 242, 48507, 243, 52063, 244, 55259, 245, 57876, 246, 59489, 247, 59600, 248, 57718, 249, 53466, 250, 46749, 251, 37895, 252, 27667, 258, 28360, 259, 43174, 260, 58500, 261, 65535, 262, 65535, 263, 65535, 264, 65535, 265, 65535, 266, 65535, 267, 65535, 268, 65535, 269, 65535, 270, 65535, 271, 65535, 272, 65535, 273, 65535, 274, 57670, 275, 51529, 276, 54123, 277, 65535, 278, 65535, 279, 65535, 280, 65535, 281, 65535, 282, 65535, 283, 65535, 284, 65535, 285, 65535, 286, 65535, 287, 65535, 288, 65535, 289, 65535, 290, 65535, 291, 55857, 292, 41929, 293, 30898, 296, 34581, 297, 39823, 298, 37339, 299, 28575, 302, 20774, 303, 31028, 304, 42501, 305, 51963, 306, 59513, 307, 65535, 308, 65535, 309, 65535, 310, 65535, 311, 65535, 312, 59926, 313, 47391, 314, 34214, 315, 23452, 316, 17686, 317, 18519, 318, 26261, 319, 38075, 320, 48245, 321, 52457, 322, 51093, 323, 48150, 324, 47343, 325, 48951, 326, 50286, 327, 48623, 328, 43189, 329, 35298, 330, 27848, 331, 23876, 332, 24062, 333, 26063, 334, 27068, 335, 27134, 336, 28943, 337, 33269, 338, 36691, 339, 35375, 340, 29254, 341, 21545, 342, 15944, 343, 14391, 344, 15767, 345, 17231, 346, 17546, 347, 17951, 348, 19714, 349, 22004, 350, 22714, 351, 20940, 352, 17982, 353, 15840, 356, 14975, 357, 13536, 372, 16491, 373, 17510, 374, 17930, 375, 17656, 376, 16655, 377, 14981, 378, 12814, 380, 8643, 381, 7411, 383, 6155, 399, 11005, 400, 13291, 403, 16543, 405, 16197
1791219476.346, MrmFullScanInfo, 864, 107, 2085731, 0, 0, 0, 0, 10000, 39297, 32, 1, 2, 1, 480, -424353, 491719, 421982, -479227, -452245, 443358, 505150, -367986, -520008, 106355, 520151, 338542, -495024, -498265, 368608, 517206, -113035, -520186, -181311, 519529, 321453, -511779, -474544, 479900, 520143, 513077, -170977, -520127, -408726, 498571, 355256, -501854, -438439, 505565, 285513, -517487, -283331, 518064, 223453, -516712, -300570, 516100, 432277, -508142, -515089, 376049, 520192, 97114, -520033, -492784, 445516, 519049, -159763, -519684, -245358, 519585, 471095, -502408, -517120, 383237, 520019, -127998, -520168, -256448, 512950, 436650, -60108, -333835, -519232, 65419, 520018, 411361, -478313, -515399, -74114, 515859, 510837, -280121, -520175, -374690, 515044, 518197, -314595, -519954, 1457, 519802, 329841, -502753, -506406, 342080, 520070, 123215, -520097, -493542, 437723, 520110, 63505, -519381, -385900, 491747, 476852, -316722, -473174, 19015, 164349, 148912, 210031, -126514, -452870, -77616, 481109, 354955, -302884, -453200, -14139, 390181, 276179, -208353, -415698, -74228, 375013, 313481, -204894, -381045, 28907, 349927, 122575, -244303, -195882, 85583, 134548, 44056, -30641, -81845, -50235, 51509, 97274, 10326, -62603, -56120, -34368, 52402, 112802, 2679, -133014, -83222, 109435, 137360, -42158, -130397, -33247, 76961, 61777, -10396, -39010, -51223, -342, 76840, 39170, -59377, -62103, 30597, 47423, -14368, -3664, 12938, -37738, -33335, 50957, 77843, -26872, -109756, -25017, 107877, 93405, -71565, -122911, 6771, 142324, 68899, -124914, -121774, 82008, 134883, -24687, -113932, -21889, 73974, 38335, -28113, -26284, -5068, 1041, 11195, 29207, 8134, -43304, -35339, 29274, 59425, 7006, -69585, -42947, 56566, 69527, -23896, -80772, -5677, 70823, 27502, -42045, -37625, 14048, 37254, 3650, -26731, -12905, 20756, 13084, -20991, -7274, 23383, 5084, -26858, -9042, 32322, 15258, -28671, -19642, 16320, 24915, -1743, -24887, -11874, 15774, 23154, -1695, -27855, -8341, 22595, 16590, -13438, -16178, 8491, 7458, -5844, 3516, 7974, -7663, -15297, 7075, 21789, 1891, -17857, -17524, 3737, 41546, 21685, -57607, -63674, 62836, 118840, -52406, -174642, 23881, 224608, 22685, -260873, -77340, 274434, 128600, -260245, -67620, 231829, 101702, -187118, -124032, 136854, 129464, -90589, -121911, 58140, 110275, -33664, -104746, 14196, 109529, 7571, -135913, -36548, 143180, 72199, -139013, -114758, 123073, 143278, -92949, -158288, 58108, 152509, -26424, -129992, 11686, 96414, -15626, -61903, 36378, 39657, -62820, -31638, 85771, 28005, -95133, -30134, 88560, 28331, -68273, -23573, 39144, 15775, -9906, -11140, -7208, 10622, 16430, -14698, -18033, 22920, 14653, -29800, -10558, 31495, 6881, -27559, 375, 18741, -14088, -5115, 27114, -4780, -40915, 11344, 50697, -15049, -50848, 14691, 40418, -15434, -21534, 21480, 2577, -30455, 10794, 39237, -19123, -48049, 17592, 54243, -10606, -52393, 1850, 46338, 5274, -37666, -8757, 29476, 8012, -24363, 109, 23009, -4880, -24647, 9257, 27385, -12454, -27780, 13395, 28638, -11722, -27918, 7163, 27877, 670, -27876, -17405, 28879, 29613, -27732, -40784, 24110, 47468, -18913, -48024, 13771, 40040, -9423, -24866, 5344, 4306, -939, 16629, -12063, -46366, 24651, 78181, -41411, -113775, 60756, 147990, -72682, -173601, 71096, 184661, -51429, -171996, 16687, 141605, 29868, -89176, -73033, 24767, 100857, 39124, -107513, -88572, 94760, 114922, -71468, -116791, 48071, 97953, -34559, -71164, 30747, 51165, -37656, -41768, 44572, 45682, -40844, -57001, 21930, 67438, 11599, -68081, -48432, 54009, 78614, -27101, -104236, -7626, 100511, 37318, -81241, -52293, 51515, 48999, -20935, -30788, 558, 7795, 6315, 14541, -2011, -21280, -7967, 23238, 17251, -16301, -20688, 4487, 14614, 6000, -1402, -9972, -13128, 6549, 24710, 721, -29238
1791219476.346, MrmFullScanInfo, 864, 107, 2085731, 0, 0, 0, 0, 10000, 39297, 32, 2, 2, 1, 480, 0, 0, 0, 0, 0, 0, 168764, -228200, -313093, 478147, 362882, -533463, -381519, 345813, 436430, -28854, -508271, -257289, 506268, 432733, -369622, -522721, 132638, 579931, 111022, -566747, -280489, 390663, 328567, -46275, -247510, -337750, 79297, 610425, 87487, -723672, -179549, 712736, 188088, -644533, -150111, 577489, 121896, -545362, -141349, 548748, 208765, -535796, -300134, 421560, 400801, -178574, -490603, -114990, 504698, 354545, -373369, -509192, 114902, 601721, 160416, -628085, -352853, 544480, 452967, -332016, -489261, 51626, 431008, 187031, -224782, -288642, -96162, 218939, 379844, -15305, -458316, -230307, 284324, 389519, 42703, -358718, -360595, 140127, 543582, 149754, -526338, -392041, 318646, 544692, -17024, -584155, -259972, 468510, 452610, -203578, -540317, -116247, 487320, 382801, -280447, -547536, -5455, 593069, 236603, -500854, -312509, 287006, 211554, -35056, 10060, -133324, -247499, 136829, 396108, 8384, -392379, -203312, 237251, 332052, 3741, -323107, -231493, 177815, 362327, 36933, -361693, -229433, 250546, 331462, -90027, -321464, -48321, 221665, 115827, -84654, -105386, -29551, 46317, 81755, 15630, -69171, -41117, 19770, 17011, 25745, 39074, -35495, -93779, 3685, 118117, 47963, -100761, -86963, 52755, 90577, -429, -56386, -31749, 1439, 34446, 48199, -14662, -72987, -10190, 69754, 21522, -49462, -10736, 29323, -14998, -24746, 38138, 41304, -41369, -70479, 17383, 93899, 28034, -93544, -80161, 61967, 122426, -7322, -141298, -50807, 129545, 92466, -90952, -106525, 40729, 93002, 1540, -60903, -21868, 24783, 17561, 634, 3010, -6568, -24696, -6861, 33137, 31640, -22278, -55041, -3859, 65189, 35067, -57184, -59691, 34883, 68853, -7033, -60516, -17464, 40325, 32572, -17625, -37068, 402, 34306, 7578, -29300, -7485, 25936, 3961, -25748, -1699, 27366, 3089, -27263, -8157, 22447, 14963, -12575, -19985, -422, 20042, 13406, -14457, -22769, 5357, 26040, 3502, -23382, -8235, 17279, 6912, -11087, -998, 7845, -5532, -8738, 8281, 11839, -3533, -12896, -10614, 7197, 32633, 9602, -57427, -40664, 78184, 86066, -88343, -141579, 82928, 199514, -60241, -250247, 28928, 282821, -2901, -287475, -13896, 262949, 30560, -219708, -54199, 172228, 78841, -129853, -95304, 95192, 101290, -67122, -103346, 43750, 110309, -23081, -125007, 1689, 142338, 24438, -154052, -56196, 154131, 89072, -140399, -115117, 115215, 126996, -85294, -120950, 59578, 98548, -45638, -66553, 46518, 34167, -59482, -9002, 76954, -5485, -89580, 9901, 90112, -7284, -76179, 1144, 51253, 6049, -23136, -12982, 177, 19144, 12593, -24444, -14894, 28688, 10015, -31080, -2389, 30411, -5048, -25471, 11818, 15761, -18698, -2378, 26177, -11918, -33582, 23861, 38847, -31045, -39006, 32889, 31918, -30979, -17956, 28258, 233, -27428, 16658, 29825, -28511, -34974, 32982, 40800, -30153, -44609, 22264, 44603, -12696, -40772, 5036, 34605, -1850, -28146, 3600, 23185, -8677, -20592, 14638, 20108, -19395, -20778, 21548, 21828, -20399, -23107, 15503, 25080, -6734, -28318, -4978, 32531, 17524, -36186, -28479, 37442, 35863, -35344, -37946, 30004, 33419, -21985, -22143, 11380, 5273, 2424, 15573, -20210, -39204, 42327, 64829, -67919, -91111, 93892, 115680, -114151, -135094, 120959, 145647, -107975, -144253, 73462, 129005, -22137, -99615, -35481, 58275, 86336, -10581, -119437, -35067, 129708, 69718, -119413, -86921, 96580, 85533, -71479, -70497, 52758, 50749, -44139, -35356, 43036, 30217, -42113, -36296, 33577, 49448, -13538, -62028, -16595, 66127, 50841, -57216, -80419, 36240, 96690, -9224, -94817, -15114, 76188, 29157, -47633, -29489, 18656, 18188, 2342, -1374, -11067, -13983, 8431, 22874, 448, -23315, -8883, 16234, 11673, -5133, -6982, -5262, -3450
1791219476.362, MrmFullScanInfo, 864, 107, 2085731, 0, 0, 0, 0, 10000, 39297, 32, 4, 2, 1, 480, 0, 0, 0, 0, 0, 0, 90, 362, -154, -953, 301, 1200, -397, -753, 235, -78, -101, 689, 214, -791, -492, 589, 724, -451, -786, 552, 173, -546, 1687, -58, -4210, 1134, 5812, -1827, -5155, 1462, 2792, -313, -255, -756, -1804, 1369, 3458, -1830, -4094, 2083, 3035, -1366, -1159, -327, -7, 1799, 174, -1941, -360, 1086, 1169, -423, -1980, 410, 1922, -620, -994, 1442, -160, -3437, 1357, 5974, -2472, -7321, 3025, 6673, -2494, -4983, 1012, 3279, 526, -1162, -1461, -2179, 2053, 5393, -2627, -6031, 2608, 3782, -1292, -983, -745, -292, 2042, -154, -1681, 1024, 530, -1133, 365, 401, -1703, 593, 3755, -1623, -4623, 2657, 2496, -3249, 1217, 3084, -3802, -1965, 4455, 193, -4255, 1213, 4065, -1066, -3846, -540, 3486, 1969, -3001, -1845, 2292, 699, -1054, 228, -257, -726, 816, 1383, -204, -2218, -932, 2523, 1436, -1990, -833, 1003, -201, -260, 870, 29, -1109, -95, 1136, 399, -1047, -974, 972, 1441, -1089, -1232, 1302, 388, -1381, 318, 1257, -418, -1010, 159, 811, 8, -722, 106, 658, -335, -400, 482, -65, -427, 457, 252, -482, -98, 238, 30, -81, 47, 126, -136, -168, 119, 81, 68, 11, -320, 5, 477, -49, -508, -31, 460, 250, -397, -407, 287, 365, -104, -179, -93, -16, 248, 148, -335, -168, 419, 90, -547, 54, 707, -256, -756, 430, 621, -464, -421, 366, 305, -250, -290, 140, 294, 128, -346, -605, 669, 1235, -1448, -2147, 2676, 3842, -4228, -6947, 5893, 11816, -7296, -18208, 7864, 25241, -7048, -31885, 5704, 36850, -5378, -38133, 5737, 34076, -4266, -25139, -335, 14087, 5565, -4593, -6799, 39, 362, -1008, 14274, 4807, -34125, -8395, 54940, 10879, -74236, -12511, 92293, 12495, -111466, -10204, 134917, 7057, -164827, -1304, 198371, -9450, -226077, 17866, 238492, -7519, -233062, -30030, 211605, 83382, -175006, -131917, 124309, 159786, -64571, -162662, 5465, 146737, 42076, -123805, -71007, 105749, 81505, -100004, -80791, 107128, 79289, -120848, -84866, 131320, 98562, -130896, -112980, 117430, 116636, -93501, -102106, 65037, 70444, -40411, -28695, 27400, -14206, -28619, 48947, 40097, -67477, -53464, 65821, 60592, -45752, -57787, 14402, 46619, 18418, -31387, -43922, 16383, 57165, -4892, -57888, -982, 49381, 283, -36071, 6384, 21822, -16573, -9662, 26983, 1791, -35007, 937, 39232, 858, -38849, -5771, 33577, 12232, -23748, -18870, 10611, 24630, 3496, -28345, -15779, 28696, 24209, -25028, -28186, 18030, 28114, -9487, -24768, 1540, 19104, 4046, -12393, -6469, 6165, 6002, -1721, -3577, -338, 424, 184, 2251, 1423, -3539, -3231, 3132, 3816, -1396, -2278, -859, -1147, 2762, 5097, -3688, -7738, 3519, 7764, -2721, -5056, 2176, 899, -2668, 2659, 4257, -3815, -6197, 1752, 7490, 3004, -7269, -8773, 4885, 13522, -352, -15645, -5319, 14442, 10720, -10396, -14787, 5022, 16847, -50, -16562, -3367, 14229, 4982, -10769, -5323, 7360, 5216, -4758, -5193, 2863, 5261, -862, -4931, -1905, 3618, 5146, -1165, -7670, -1952, 8222, 4878, -6294, -6644, 2404, 6365, 2187, -3515, -6124, -1590, 8591, 7668, -9436, -12997, 9108, 16332, -8355, -17507, 7956, 17458, -8455, -17514, 9919, 18219, -11670, -19074, 12364, 19469, -10802, -19271, 6822, 18421, -1379, -16464, -3997, 12940, 7914, -7871, -9556
1791219476.362, MrmDetectionListInfo, 864, 108, 245, 21287, 246, 21744, 248, 20807, 250, 16242, 262, 23118, 263, 28712, 264, 33967, 265, 39398, 266, 44788, 267, 49724, 268, 54196, 269, 58557, 270, 63167, 271, 65535, 272, 65535, 273, 65535, 274, 65535, 275, 65535, 276, 65535, 277, 65535, 278, 65535, 279, 65535, 280, 65535, 281, 65535, 282, 65535, 283, 65535, 284, 65535, 285, 65535, 286, 65535, 287, 65535, 288, 65535, 289, 65535, 290, 65535, 291, 65535, 292, 65535, 293, 65535, 294, 65535, 295, 65535, 296, 65535, 297, 65535, 298, 65535, 299, 65535, 300, 65535, 301, 65535, 302, 65535, 303, 65535, 304, 65535, 305, 65535, 306, 65535, 307, 65535, 308, 65535, 309, 65535, 310, 65535, 311, 65535, 312, 65535, 313, 65535, 314, 56055, 315, 40759, 316, 28036, 317, 20760, 318, 21287, 319, 29732, 320, 42580, 321, 54077, 322, 60432, 323, 61919, 324, 60572, 325, 57161, 326, 50987, 327, 42059, 328, 32929, 329, 27491, 330, 27491, 331, 30996, 332, 34369, 333, 35197, 334, 33571, 335, 31068, 336, 28837, 337, 26762, 338, 24209, 339, 21196, 340, 18521, 341, 16864, 342, 16173, 343, 15962, 344, 15934, 345, 16167, 346, 16875, 347, 18079, 348, 19414, 349, 20341, 350, 20697, 351, 20830, 352, 21030, 353, 21086, 354, 20567, 355, 19323, 356, 17627, 357, 16032, 361, 22461, 362, 25590, 363, 26638, 364, 25836, 365, 24242, 366, 22427, 367, 20214, 368, 17361
1791219476.471, MrmFullScanInfo, 865, 107, 2085856, 0, 0, 0, 0, 10000, 39297, 32, 1, 2, 1, 480, -424854, 489964, 420243, -478873, -453593, 446991, 505734, -366320, -520029, 106251, 520176, 342092, -496121, -500285, 370884, 516959, -109074, -520008, -176237, 519373, 325243, -512437, -477468, 480929, 520179, 513687, -159381, -520066, -418877, 497022, 362934, -500796, -438345, 503782, 281666, -517505, -286314, 518492, 213348, -518348, -290289, 515734, 431163, -508001, -516446, 378689, 520192, 84193, -519976, -491021, 448242, 519468, -161074, -519938, -234898, 519631, 468046, -502498, -516695, 384526, 520083, -124286, -520192, -289406, 512110, 457200, -51218, -366709, -519219, 75513, 520137, 405939, -483059, -514350, -75419, 517988, 511931, -298483, -520179, -351991, 516259, 519039, -316178, -520100, 5783, 519999, 328023, -504292, -509095, 337192, 520192, 129351, -520101, -495764, 433478, 520032, 66610, -519539, -379653, 491191, 480450, -309776, -475584, 15273, 171073, 160333, 211200, -140168, -450662, -80090, 476246, 356560, -308163, -456459, -13780, 388859, 279492, -207097, -418500, -71633, 381786, 312705, -209844, -386163, 28470, 347484, 122485, -239969, -198247, 86841, 132740, 44027, -32225, -82381, -48519, 53537, 97208, 5957, -65610, -53621, -36028, 51882, 114619, 3602, -132259, -81516, 110546, 137687, -41679, -129861, -31973, 76504, 60642, -10011, -37768, -48909, -561, 76957, 39335, -60182, -61379, 30165, 47304, -14646, -3455, 12204, -38482, -32703, 51172, 78765, -26719, -110156, -25646, 106890, 93411, -71191, -123204, 5830, 142641, 68151, -124151, -121796, 82823, 133862, -24673, -113734, -22133, 74010, 38096, -28051, -26282, -5502, 661, 11185, 29113, 7892, -43994, -34838, 28587, 59642, 7773, -69965, -43689, 56565, 70133, -24676, -80999, -6324, 70783, 26853, -41893, -38420, 14938, 37701, 4202, -26706, -12565, 20279, 13531, -20576, -6450, 23741, 4109, -26439, -9331, 31836, 15514, -28991, -19563, 16250, 25142, -1239, -24921, -11604, 15404, 22718, -2578, -26978, -8473, 22034, 16568, -13390, -16226, 8526, 7634, -5403, 3464, 6973, -9710, -13565, 10866, 18954, -7624, -16855, 416, 6549, 4864, 9519, -888, -28466, -11506, 42265, 28122, -38388, -43283, 10656, 46725, 41706, -27741, -113886, -17591, 189539, 33177, -219411, -103725, 236442, 185973, -215813, -257824, 162799, 307509, -86109, -320081, 7853, 295593, 58213, -235077, -100937, 173299, 122023, -93436, -119815, 40711, 106166, -19542, -93916, 24090, 91141, -40757, -96440, 54338, 106762, -52470, -112088, 29652, 108347, -6365, -83218, -16543, 44558, 31202, -2691, -33202, -31787, 27667, 49047, -21266, -45266, 17360, 28027, -14063, -8489, 23759, -8143, -31155, 14319, 33260, -8734, -28499, -1156, 18445, 10027, -6587, -12708, -1961, 8855, 2177, -537, 4192, -9608, -12704, 16885, 19187, -19375, -17340, 21976, 7913, -26173, 5715, 35169, -16490, -48560, 16397, 58616, -12829, -67130, 3434, 67632, 8732, -58643, -18655, 43576, 22659, -27638, -21776, 15647, 15112, -10040, -4091, 10514, -1315, -14956, 4158, 20943, -5532, -25086, 4123, 26746, -2856, -27326, -164, 28263, 2965, -30051, -14896, 35551, 22993, -36112, -31278, 34266, 38604, -28334, -39718, 20566, 32772, -10463, -18864, 2119, -5294, 5690, 27446, -19132, -59856, 31056, 95213, -44585, -131677, 56204, 163810, -63546, -184402, 56540, 188547, -36109, -169212, -1512, 134561, 45786, -79013, -85556, 15525, 110201, 45307, -111199, -89994, 95222, 111363, -68352, -109439, 44660, 90176, -28629, -63674, 25174, 44082, -32469, -37775, 39523, 43988, -36425, -56454, 19075, 69269, 10925, -70859, -43492, 60219, 69135, -35350, -91473, 5426, 84530, 21498, -63866, -33251, 34841, 29556, -7435, -12749, -8501, -8757, 12290, 28305, -3212, -29874, -9092, 28483, 20136, -18497, -23315, 6492, 16891, 3545, -4360, -7501, -10603, 3199, 20877, 1613, -23912
1791219476.471, MrmFullScanInfo, 865, 107, 2085856, 0, 0, 0, 0, 10000, 39297, 32, 2, 2, 1, 480, 0, 0, 0, 0, 0, 0, 168797, -228429, -313203, 478695, 363026, -533767, -381766, 345164, 437186, -27361, -509546, -258812, 507585, 433551, -370412, -522820, 132495, 579919, 112146, -567228, -281414, 391411, 326855, -46195, -241777, -339442, 71044, 613117, 94688, -725738, -183258, 713026, 188087, -643314, -146919, 575614, 116124, -543175, -134808, 546690, 204109, -535598, -298193, 424867, 400170, -184546, -490008, -109327, 504926, 351305, -376007, -507850, 119833, 600868, 155328, -627088, -349791, 541525, 452841, -323477, -492046, 34639, 436226, 210858, -231554, -313077, -89550, 237358, 375646, -24692, -457742, -229287, 286573, 396044, 38790, -371132, -355666, 153823, 539228, 140175, -524887, -388367, 320605, 544537, -20282, -584188, -258112, 466873, 452972, -200532, -541506, -119335, 487921, 384883, -280327, -547901, -6077, 591301, 238522, -497030, -316480, 281242, 217036, -27947, 4100, -139797, -242507, 140107, 393767, 8641, -393124, -204882, 239138, 333151, 3576, -323933, -234261, 179117, 366986, 35318, -366181, -227989, 253078, 330284, -90157, -320639, -49635, 221445, 117326, -84789, -106533, -29882, 47120, 83244, 15071, -71768, -40463, 22539, 15998, 23994, 40205, -35199, -94460, 4358, 118214, 47074, -100712, -86261, 53056, 90139, -1232, -56281, -30678, 1609, 33530, 47984, -14267, -72881, -10018, 69645, 21037, -49181, -10241, 28899, -15332, -24426, 38261, 41272, -41311, -70603, 17182, 93860, 28373, -93269, -80550, 61671, 122714, -7259, -141393, -50541, 129467, 91999, -90781, -106093, 40561, 92746, 1586, -60758, -21774, 24629, 17388, 865, 3167, -6853, -24684, -6658, 32833, 31702, -21715, -55435, -4475, 65752, 35530, -57674, -59912, 35116, 68932, -6950, -60628, -17758, 40548, 32866, -17847, -37148, 493, 34149, 7527, -29022, -7303, 25600, 3675, -25387, -1526, 27094, 3128, -27161, -8311, 22456, 15100, -12617, -20069, -279, 20093, 13035, -14470, -22192, 5287, 25473, 3662, -23025, -8407, 17076, 6934, -10709, -539, 6792, -7164, -6584, 12446, 8560, -12981, -9107, 8803, 4723, -2644, 6075, -1253, -21332, -541, 34905, 8926, -37486, -21536, 19709, 32823, 23962, -38427, -89312, 35817, 161089, -19362, -221155, -19333, 257943, 82200, -266774, -158065, 245921, 228247, -197510, -274732, 129332, 286951, -53888, -264181, -15176, 214474, 67247, -152356, -97456, 95296, 107043, -57958, -102091, 45705, 91126, -53026, -81859, 66963, 78560, -74078, -80358, 66940, 81360, -46052, -73967, 17411, 54132, 11173, -24567, -32923, -6337, 44242, 28616, -45030, -35820, 38317, 28040, -29215, -10986, 22479, -7157, -19865, 18985, 19880, -20618, -19819, 13210, 17655, -1869, -13142, -7243, 7934, 9736, -4385, -4587, 3859, -5743, -5656, 16904, 7291, -25138, -5753, 29254, -719, -30919, 11152, 33158, -22125, -38280, 29720, 46330, -31403, -54833, 26676, 60054, -16850, -59005, 4742, 51226, 6091, -39036, -12348, 26218, 12380, -16210, -7127, 11033, -508, -10922, 7516, 14425, -12113, -19182, 13756, 23282, -12781, -26134, 9584, 28605, -4296, -32037, -2638, 36671, 10298, -40952, -17638, 42630, 23542, -40147, -26295, 33062, 23741, -21890, -14459, 7371, -1506, 10049, 23059, -30167, -48860, 52539, 77421, -75881, -106210, 97230, 131576, -111420, -149282, 111974, 155808, -93658, -149198, 55716, 129023, -3546, -96182, -52130, 53510, 98724, -6647, -126168, -36557, 130619, 68137, -115489, -82747, 89465, 79976, -62954, -64909, 44299, 46228, -36723, -32586, 37144, 29404, -38064, -37180, 31911, 51572, -15125, -65012, -10866, 69940, 40463, -62267, -65447, 43140, 77808, -18374, -73438, -3882, 54464, 16495, -27959, -16233, 2933, 5244, 13158, 10233, -16928, -23314, 10038, 29528, 1773, -27688, -11609, 19251, 14557, -7777, -9439, -2461, -1251
1791219476.471, MrmFullScanInfo, 865, 107, 2085856, 0, 0, 0, 0, 10000, 39297, 32, 4, 2, 1, 480, 0, 0, 0, 0, 0, 0, 78, -107, -178, 243, 253, 61, -373, -860, 825, 1446, -1316, -1290, 1418, 563, -982, 84, 104, -150, 880, -299, -822, 533, -1353, 158, 4653, -1453, -6609, 2189, 5676, -1627, -2915, 212, -11, 949, 2645, -1440, -4820, 1644, 5473, -1392, -3962, -425, 1862, 3629, -927, -5909, 888, 5416, 53, -3059, -2438, 1263, 4606, -737, -4750, 778, 2902, -2480, -212, 7507, -2402, -15240, 4507, 21775, -5879, -22761, 5909, 17371, -3956, -8749, 687, 708, 2054, 6255, -3718, -11555, 4627, 12740, -3925, -9061, 1134, 3662, 1889, -287, -2828, -130, 1442, -1331, 556, 2857, -1106, -3249, -256, 2623, 2239, -1292, -3420, -539, 3963, 2662, -4481, -5111, 4808, 7298, -4741, -7500, 3414, 4633, -308, -539, -3124, -1971, 4211, 2531, -1953, -2447, -1826, 2408, 4709, -2030, -5280, 1244, 3424, -361, -391, -553, -1943, 1344, 2614, -1342, -2062, 164, 1155, 1629, -400, -3026, 165, 3168, -357, -1858, 450, -80, -46, 1465, -503, -1705, 602, 1144, -140, -469, -508, -48, 893, 329, -761, -358, 162, 295, 506, -354, -797, 524, 624, -567, -250, 331, -40, 45, 181, -201, -298, 12, 477, 247, -549, -305, 397, 147, -129, 98, -78, -251, 184, 214, -223, -66, 184, -11, -97, -44, -14, 195, 90, -332, -6, 314, -242, -79, 510, -221, -604, 333, 511, -176, -341, -115, 261, 374, -299, -485, 362, 412, -308, -162, 143, -105, -43, 258, 95, -301, -158, 260, 70, -94, 112, -149, -265, 359, 373, -497, -489, 632, 624, -792, -705, 931, 592, -952, -121, 816, -804, -614, 2058, 624, -2994, -1356, 2326, 3418, 1698, -7047, -10523, 11855, 24779, -16165, -44209, 16197, 67499, -6254, -91383, -19589, 109816, 65244, -115023, -130917, 100220, 211612, -69067, -293547, 32376, 356053, 7793, -384051, -61372, 377761, 133450, -346433, -211616, 297608, 276932, -235846, -316196, 165699, 327755, -93362, -317558, 25295, 291603, 34909, -253988, -86729, 210310, 129234, -168645, -159120, 134838, 172945, -110253, -170084, 92423, 154147, -78312, -131156, 67440, 105650, -60982, -79031, 58203, 51933, -55118, -26729, 47133, 7071, -31777, 3925, 10419, -5410, 12479, -591, -31895, 10132, 44275, -18954, -47896, 23727, 42912, -22932, -31709, 17333, 18130, -9435, -5716, 2031, -3479, 3065, 9040, -5399, -11798, 5773, 13230, -5565, -14584, 5669, 16312, -5851, -18051, 5185, 18880, -2964, -17793, -773, 14401, 5065, -9229, -8314, 3382, 9047, 2052, -6669, -6275, 1861, 8803, 3801, -9608, -8572, 9166, 11262, -8243, -11500, 7526, 9638, -7278, -6500, 7297, 3079, -7097, -166, 6206, -1907, -4371, 3385, 1673, -4674, 1575, 5914, -4830, -6796, 7516, 6873, -9285, -5801, 10101, 3499, -10196, -344, 9932, -2941, -9615, 5628, 9408, -7199, -9419, 7291, 9723, -5797, -10034, 2871, 9784, 988, -8489, -5125, 6127, 8896, -3170, -11606, 344, 12698, 1662, -11787, -2326, 8914, 1387, -4499, 953, -492, -3953, 4812, 6516, -7396, -7688, 7797, 7084, -6445, -4916, 4372, 1821, -2622, 1384, 1578, -3849, -807, 5017, -525, -4759, 3008, 3561, -6619, -2373, 10861, 2054, -14875, -2844, 17582, 4217, -17931, -5308, 15522, 5441, -10889, -4411, 5307, 2422, -245, 130, -3077, -2653, 4037, 4393, -2885, -4692, 584, 3338, 1656, -796, -2834
1791219476.471, MrmDetectionListInfo, 865, 75, 260, 16106, 261, 21468, 262, 26850, 263, 32176, 264, 37143, 265, 41497, 266, 46126, 267, 53126, 268, 64086, 269, 65535, 270, 65535, 271, 65535, 272, 65535, 273, 65535, 274, 65535, 275, 65535, 276, 65535, 277, 65535, 278, 65535, 279, 65535, 280, 65535, 281, 65535, 282, 65535, 283, 65535, 284, 65535, 285, 65535, 286, 65535, 287, 65535, 288, 65535, 289, 65535, 290, 65535, 291, 65535, 292, 65535, 293, 65535, 294, 65535, 295, 65535, 296, 65535, 297, 65535, 298, 65535, 299, 65535, 300, 65535, 301, 65535, 302, 65535, 303, 65535, 304, 65535, 305, 65535, 306, 65535, 307, 65535, 308, 65535, 309, 65535, 310, 65535, 311, 65535, 312, 65535, 313, 65535, 314, 65535, 315, 59272, 316, 51902, 317, 44405, 318, 36743, 319, 29039, 320, 21769, 321, 15564, 327, 19190, 328, 26048, 329, 31428, 330, 34330, 331, 35097, 332, 34448, 333, 32592, 334, 29356, 335, 24813, 336, 19487, 351, 11165, 352, 11557, 377, 8981
1791219476.596, MrmFullScanInfo, 866, 107, 2085981, 0, 0, 0, 0, 10000, 39297, 32, 1, 2, 1, 480, -424957, 490670, 421834, -479695, -452138, 445068, 506143, -366790, -520079, 109472, 520191, 337183, -494763, -499665, 369688, 516582, -112161, -520189, -176844, 519435, 322386, -512499, -477005, 481208, 520144, 512850, -158964, -520157, -420546, 495139, 361320, -500299, -437339, 505550, 279611, -517901, -283247, 517962, 212264, -516924, -292969, 517076, 429165, -508010, -515530, 383396, 520192, 77983, -520140, -489919, 450442, 519592, -162483, -520081, -231953, 519535, 471416, -503653, -516018, 386256, 520020, -119936, -520139, -284850, 511549, 457735, -53940, -365679, -519300, 78081, 520080, 402497, -482964, -514854, -70893, 515994, 511568, -317367, -520192, -350870, 515329, 518690, -315657, -520140, 7539, 519938, 322354, -503987, -508085, 339156, 520062, 127118, -519899, -496474, 433588, 520029, 65852, -519428, -381231, 491888, 482360, -310447, -486294, 2267, 183202, 173717, 210205, -147549, -457285, -71531, 484938, 353764, -305521, -453868, -9740, 393320, 278923, -214649, -424932, -66362, 389790, 313568, -215918, -389914, 32115, 353401, 118867, -247816, -196551, 86702, 134593, 43870, -34342, -83524, -45539, 57684, 97261, 3522, -67703, -53479, -31921, 53236, 111172, 1214, -133014, -82862, 109835, 137308, -43965, -128656, -28745, 76696, 58498, -11410, -36390, -47753, -943, 75500, 39390, -59108, -63082, 29958, 48146, -14515, -4010, 12804, -38379, -33113, 50485, 78765, -26395, -109466, -26058, 107073, 93275, -70825, -121660, 6388, 142801, 68549, -124388, -121171, 81676, 134870, -23830, -114094, -22284, 74104, 38701, -28008, -25874, -5238, 2079, 11669, 28667, 7163, -43522, -34130, 29775, 58938, 7008, -69188, -42242, 56625, 69594, -24588, -81104, -5853, 70769, 26804, -42686, -38262, 15806, 37817, 3135, -27161, -12881, 21096, 13524, -21267, -6776, 23799, 4617, -26452, -10089, 31678, 15242, -28345, -19294, 15967, 24407, -1210, -24274, -11326, 15580, 22532, -2318, -26856, -7678, 21916, 15501, -13811, -15787, 8914, 7216, -7400, 3707, 10510, -7256, -19330, 4254, 27578, 5495, -25949, -21522, 13203, 45346, 20146, -57323, -60908, 57959, 109368, -45172, -148967, 16451, 170829, 30548, -169670, -83519, 143987, 126232, -100379, -124554, 35916, 115520, 7307, -71220, -36997, 4275, 44689, 61036, -29721, -102748, -1268, 107307, 34981, -72270, -54909, 11231, 55842, 53372, -28532, -93287, -15918, 98715, 57412, -68575, -82014, 17176, 79201, 34308, -51004, -65266, 11669, 69208, 28086, -40283, -38791, -1044, 25524, 36278, 4696, -52267, -35218, 46998, 50816, -23836, -41342, -3435, 10749, 21827, 30149, -19916, -65553, 2756, 82000, 21350, -74643, -43708, 50795, 54035, -20190, -50826, -6457, 38723, 21916, -21897, -24629, 15401, 17456, -16874, -7133, 22589, -2132, -26107, 9036, 23113, -15228, -12627, 25401, 1409, -40475, 5514, 53951, -7149, -67534, -84, 72666, 12881, -66652, -25343, 49914, 32206, -28452, -30655, 8711, 21485, 4603, -8041, -7063, -3654, 627, 11630, 10219, -15470, -20617, 13483, 28268, -7567, -31409, 558, 32573, 6743, -31876, -20908, 34903, 28853, -34432, -34929, 31694, 39996, -26987, -40864, 19659, 34413, -11408, -20575, 2312, -1290, 5856, 24978, -18033, -58400, 28229, 94011, -39219, -130074, 49326, 159423, -54520, -176207, 50400, 176889, -31439, -155949, 710, 120841, 37168, -69872, -70409, 12533, 91147, 41509, -93859, -82123, 82142, 102680, -63270, -103153, 45739, 88304, -37477, -69353, 33607, 54462, -41414, -49425, 46551, 54849, -40858, -63538, 20241, 69291, 12907, -65970, -47680, 49731, 75509, -22434, -94981, -11171, 88324, 37158, -66244, -48675, 35896, 41915, -6453, -22435, -11095, -1962, 13650, 23698, -5579, -29990, -5926, 33119, 18606, -26730, -24290, 14538, 20451, -2087, -9296, -4303, -5517, 4006, 19108, 1817, -25822
1791219476.596, MrmFullScanInfo, 866, 107, 2085981, 0, 0, 0, 0, 10000, 39297, 32, 2, 2, 1, 480, 0, 0, 0, 0, 0, 0, 168835, -228372, -313228, 478663, 363016, -534422, -381482, 347037, 436163, -29879, -507987, -256827, 506439, 432636, -370503, -522574, 133766, 579765, 110457, -566992, -280051, 391291, 326036, -46422, -241267, -338841, 70735, 612386, 94538, -725225, -182241, 712809, 186157, -642973, -144838, 574907, 114904, -542539, -134573, 546871, 204027, -537183, -297463, 427859, 398836, -188098, -488836, -106485, 504881, 349736, -377168, -507282, 121240, 601059, 154538, -627718, -349673, 542153, 452973, -323921, -492263, 35152, 436548, 210228, -232024, -312958, -88917, 238208, 375138, -26368, -457816, -228444, 287681, 398110, 36371, -376138, -352261, 159195, 536106, 137057, -523802, -387481, 322282, 544449, -23666, -584096, -254910, 467001, 451111, -201119, -540968, -118569, 488110, 384355, -280487, -547895, -7050, 591315, 242278, -495533, -324024, 277032, 226697, -21171, -3423, -148072, -239989, 148651, 395345, 1645, -396128, -201631, 241655, 334750, 2562, -329377, -235593, 185569, 370815, 30972, -371785, -227575, 259392, 333362, -95961, -324991, -45765, 224798, 116481, -86142, -108489, -30335, 50277, 84881, 12773, -73787, -40477, 24162, 18271, 23082, 37057, -34863, -92152, 4461, 117768, 46445, -102088, -85139, 55488, 89045, -3757, -55871, -28700, 2134, 32166, 46843, -13197, -71769, -11054, 69116, 21951, -49353, -10815, 29480, -15094, -24977, 38126, 41519, -41074, -70555, 16946, 93688, 28344, -93076, -80212, 61499, 122256, -7120, -140921, -50751, 128960, 92400, -90290, -106623, 40213, 93194, 1821, -60995, -22079, 24650, 17911, 1029, 2537, -7213, -24291, -6052, 32945, 30860, -22318, -54514, -3674, 65029, 34862, -57365, -59585, 35235, 68999, -7333, -61075, -17334, 41252, 32613, -18557, -37243, 988, 34613, 7324, -29658, -7392, 26143, 4005, -25669, -1932, 27054, 3380, -26837, -8256, 22001, 14773, -12242, -19634, -437, 19764, 12961, -14444, -21969, 5651, 25225, 2989, -22976, -7622, 17624, 6274, -12427, -470, 10442, -5657, -12979, 7770, 18138, -2531, -20832, -11538, 15111, 32704, 3248, -55703, -34835, 73437, 75558, -78892, -117503, 66492, 151469, -34574, -169843, -10621, 167064, 56120, -140956, -88275, 95785, 97227, -42322, -78429, -6812, 34863, 41548, 20718, -55297, -69387, 46371, 93616, -19435, -84366, -14626, 44951, 41533, 10184, -49030, -61258, 32771, 90728, 994, -89510, -38217, 59943, 63651, -14464, -67376, -29272, 49222, 55082, -18790, -54421, -9399, 29742, 23297, 6836, -19074, -39309, 2188, 54747, 15929, -48307, -23716, 24807, 14881, 3899, 9015, -24827, -39421, 29727, 64724, -17995, -75572, -4112, 68820, 27004, -48117, -42185, 21574, 45986, 1814, -40578, -15412, 31676, 16970, -24413, -8869, 20411, -3635, -17813, 15516, 13466, -24526, -5529, 31514, -5204, -38708, 15708, 47470, -22209, -56915, 21923, 63986, -14404, -64908, 2034, 57522, 10794, -42717, -19437, 24326, 20981, -7625, -15321, -2756, 4823, 4757, 6908, 488, -16271, -9696, 20747, 19341, -19647, -27069, 13689, 32448, -4342, -36484, -6258, 39982, 15838, -42375, -23030, 42334, 27511, -38970, -28721, 32041, 25313, -21680, -16016, 8091, 425, 8517, 21036, -27779, -47358, 49013, 76655, -70793, -105584, 90346, 129802, -103037, -144973, 103199, 148153, -86442, -138413, 52457, 116471, -6362, -84093, -42436, 44248, 83372, -1774, -108405, -36828, 114699, 64940, -105257, -78210, 87041, 76631, -68111, -64807, 54845, 50076, -49512, -39417, 49121, 36988, -46770, -42922, 35776, 53463, -13610, -62278, -17057, 62883, 49581, -51701, -75469, 30113, 87192, -4187, -81269, -17771, 60125, 28869, -31196, -26372, 4013, 12771, 13694, 5752, -18689, -22419, 12737, 32424, -1226, -33700, -9379, 26819, 14137, -14966, -11130, 2848, 1659
1791219476.596, MrmFullScanInfo, 866, 107, 2085981, 0, 0, 0, 0, 10000, 39297, 32, 4, 2, 1, 480, 0, 0, 0, 0, 0, 0, 66, -16, -86, 148, 63, -730, 177, 1578, -718, -1903, 1034, 1378, -582, -599, -452, 220, 1253, -175, -1270, 76, 1042, 121, -1564, -126, 2811, -109, -3511, 315, 2592, -257, -397, -115, -1926, 802, 3335, -1423, -3496, 1469, 2824, -552, -1975, -1675, 1626, 4550, -1748, -6174, 1522, 5279, 65, -2971, -2355, 1179, 3551, -185, -2943, -240, 1393, -516, 77, 2963, -1319, -6435, 2366, 9406, -3178, -10502, 3421, 9057, -2420, -5884, 287, 1251, 2088, 4963, -4223, -10369, 5615, 11229, -4924, -7235, 1505, 2545, 2696, -243, -4826, 78, 3959, -510, -1651, 703, 35, -657, 137, 587, 707, -505, -2368, -315, 5538, 2831, -9764, -6682, 12135, 10201, -9906, -11718, 4191, 10662, 1339, -7296, -4279, 2440, 4260, 2704, -1759, -6602, -2247, 7647, 5988, -5340, -7974, 975, 7853, 2965, -6031, -4632, 3087, 3935, 273, -1898, -2917, -430, 3784, 2394, -2587, -3383, 111, 3047, 2135, -1773, -3005, 374, 2322, 666, -636, -1336, -1206, 1646, 2501, -1351, -2877, 418, 2480, 685, -1783, -1344, 1208, 1286, -859, -698, 577, 31, -273, 388, 80, -470, -114, 319, 304, -74, -366, -150, 174, 302, 108, -315, -286, 209, 409, -162, -539, 281, 578, -423, -450, 401, 310, -220, -334, -16, 508, 254, -589, -494, 391, 726, 12, -861, -394, 812, 557, -557, -466, 194, 204, 117, 149, -263, -545, 246, 838, -97, -830, -151, 552, 415, -223, -528, -37, 418, 248, -161, -358, -112, 276, 328, -13, -413, -243, 324, 344, -86, -232, -192, -52, 377, 400, -370, -658, 81, 760, 600, -723, -1773, 453, 3594, 342, -6186, -1917, 9414, 4753, -12033, -9775, 11926, 17771, -7265, -28245, -2736, 38963, 18126, -46163, -38892, 44870, 64967, -30512, -95818, 3343, 126718, 30603, -148351, -63676, 152977, 89537, -139820, -103027, 113246, 101401, -78788, -87314, 43496, 67837, -14912, -50946, -2021, 42391, 7676, -43962, -7549, 53465, 9267, -65867, -18414, 74902, 35568, -74745, -56113, 62168, 72685, -38069, -78565, 8025, 70927, 19185, -52123, -35348, 28577, 37093, -7743, -27487, -5280, 13971, 9598, -4570, -8415, 4066, 7400, -12017, -11979, 23551, 24277, -32019, -41664, 31942, 58154, -21456, -67473, 3350, 65711, 16305, -52677, -30727, 31692, 35552, -8223, -30948, -11880, 21127, 24216, -11418, -27367, 5402, 23223, -3981, -15549, 5858, 7880, -8557, -2086, 9836, -1733, -8899, 4436, 6696, -6827, -4998, 8877, 5109, -9537, -7128, 7461, 10023, -1997, -12451, -5947, 13394, 13945, -12193, -19219, 8659, 20150, -3540, -16849, -1382, 10753, 4329, -3868, -4511, -1875, 2453, 5292, 455, -6260, -2631, 5460, 3009, -3806, -1613, 2062, -529, -737, 2234, -46, -2860, 564, 2534, -1057, -1933, 1412, 1852, -1192, -2629, -23, 3794, 2439, -4289, -5788, 3095, 9281, 113, -11754, -4716, 12027, 9395, -9312, -12600, 3639, 13124, 3802, -10613, -10898, 5803, 15369, -182, -15767, -4550, 12001, 6954, -5406, -6267, -1811, 2855, 7538, 1834, -10470, -5899, 10356, 7806, -7667, -6907, 3430, 3609, 1083, 894, -4497, -5364, 5837, 8990, -5024, -11294, 2850, 12003, -312, -11176, -1920, 9340, 3368, -7164, -3724, 5015, 3188, -2755, -2426, 153, 1967, 2665, -1691, -5086, 1107, 6448, 61, -6441, -1461, 5343, 2231
1791219476.596, MrmDetectionListInfo, 866, 85, 265, 17206, 266, 20032, 267, 25044, 268, 31996, 269, 39249, 270, 45235, 271, 49661, 272, 53075, 273, 55763, 274, 58030, 275, 62080, 276, 65535, 277, 65535, 278, 65535, 279, 65535, 280, 65535, 281, 65535, 282, 65535, 283, 65535, 284, 65535, 285, 65535, 286, 65535, 287, 65535, 288, 56500, 289, 44338, 290, 34010, 291, 26569, 292, 22768, 293, 22535, 296, 29347, 297, 31770, 298, 35528, 299, 40769, 300, 46691, 301, 52382, 302, 57312, 303, 61138, 304, 63371, 305, 63424, 306, 60898, 307, 55771, 308, 48758, 309, 42049, 310, 38508, 311, 38647, 312, 39535, 313, 37708, 314, 32314, 315, 25166, 316, 18720, 317, 14329, 318, 11799, 326, 16519, 327, 22202, 328, 28203, 329, 33933, 330, 38723, 331, 41946, 332, 43164, 333, 42183, 334, 39372, 335, 36362, 336, 35411, 337, 36860, 338, 38238, 339, 36786, 340, 32033, 341, 25742, 342, 20437, 343, 17951, 344, 18273, 345, 19673, 346, 20237, 347, 19216, 348, 17125, 349, 14879, 351, 11267, 364, 6895, 374, 14074, 375, 14992, 376, 14891, 377, 14046, 378, 12639, 380, 8891, 381, 7242
1791219476.721, MrmFullScanInfo, 867, 107, 2086106, 0, 0, 0, 0, 10000, 39297, 32, 1, 2, 1, 480, -420789, 491062, 422629, -479191, -452576, 445614, 504427, -367579, -519799, 108403, 520159, 341658, -495135, -497603, 370367, 517448, -111859, -520192, -177765, 519652, 323580, -512328, -475406, 481631, 520192, 512820, -158447, -520030, -413393, 498304, 361141, -502267, -439770, 505051, 281666, -517623, -284875, 518492, 216997, -517359, -296163, 516157, 430395, -508137, -516128, 380463, 520192, 88933, -520031, -491048, 449477, 519426, -159749, -519976, -236763, 519431, 471120, -502625, -516308, 386424, 520060, -127923, -520192, -274491, 511671, 464140, -43851, -378998, -519439, 70087, 520139, 411404, -480202, -514656, -76005, 518183, 511042, -295677, -520192, -371847, 516134, 518158, -315334, -520183, 718, 519889, 330133, -503619, -508398, 339197, 520157, 125225, -520106, -493701, 430062, 520105, 62559, -519260, -377633, 492033, 478483, -313390, -472096, 16975, 161983, 148314, 212320, -122815, -444757, -85661, 470186, 357724, -294577, -450122, -18794, 383873, 278419, -202559, -415597, -74731, 372921, 313490, -200059, -382757, 26950, 343735, 121662, -237758, -190938, 82804, 127759, 43743, -25198, -78787, -52148, 49492, 98188, 11972, -61870, -58541, -39369, 53341, 117889, 4330, -136373, -86452, 111342, 139370, -43929, -131168, -30765, 77784, 60756, -9877, -38301, -51173, -1196, 78885, 41629, -61851, -64197, 31204, 49616, -14154, -5049, 12174, -38377, -31810, 52061, 76946, -27709, -108685, -24113, 106323, 91563, -70413, -121956, 5015, 141495, 68685, -124561, -121283, 82664, 134389, -25126, -113320, -22302, 74267, 38312, -28535, -25788, -4563, 861, 10894, 28498, 7734, -42988, -35328, 28737, 58982, 7234, -69341, -42472, 55904, 69956, -24024, -80614, -5579, 70203, 27717, -41335, -38428, 14152, 36704, 3505, -26771, -12486, 21452, 13136, -21090, -7716, 23887, 4451, -26432, -9653, 32677, 15503, -28779, -19929, 17271, 24747, -1705, -24017, -11299, 14887, 22127, -765, -26097, -10147, 20504, 19439, -9551, -20760, 218, 13700, 8432, -2126, -13856, -7324, 15241, 16891, -15967, -29954, 18935, 47825, -20905, -73180, 5979, 100603, 2968, -123723, -18376, 125902, 43182, -96599, -73193, 30832, 99271, 68617, -111814, -176257, 100945, 235824, -23210, -284472, -35137, 299220, 89545, -273647, -123395, 218714, 128408, -145790, -100457, 75910, 55644, -24064, -12453, 4327, -15610, -8733, 13798, 23840, 13909, -30708, -57949, 22617, 102194, 983, -130133, -30623, 135302, 50005, -119465, -72837, 91136, 55465, -63344, -29987, 44664, 7028, -34341, 1845, 27805, 9260, -17641, -34925, 586, 61941, 25404, -64908, -68499, 60294, 93483, -36971, -104852, 6019, 100718, 21269, -80784, -35705, 52297, 37377, -22613, -27246, 99, 15102, 19012, -2042, -27192, -4519, 33870, 3746, -42116, 1191, 53143, -5286, -64399, 3079, 71924, 5978, -73151, -23847, 61974, 28384, -46328, -26466, 26412, 17500, -8473, -3061, -3876, -11185, 8256, 20878, -5375, -24329, -1103, 20963, 7595, -17404, -13246, 14977, 16606, -14021, -18594, 14791, 20701, -15435, -23517, 14295, 28950, -8651, -33169, -6077, 38900, 18812, -36973, -29572, 31440, 34999, -22598, -33866, 14777, 23265, -8618, -5572, 5535, -15222, -4571, 31819, -2902, -57770, 11585, 86872, -24230, -118555, 39960, 151144, -48249, -172949, 47905, 179951, -27887, -162490, -6321, 129236, 47461, -75993, -83100, 14297, 102019, 43069, -100706, -85562, 81949, 103343, -57437, -99268, 36363, 77657, -24636, -51532, 25738, 33578, -35961, -29842, 43562, 38528, -39205, -54435, 17762, 65396, 17305, -66520, -55608, 52516, 87107, -23534, -112191, -11146, 107618, 40404, -86205, -54635, 54669, 52663, -20892, -34328, -3471, 11297, 14280, 10064, -13001, -14972, 5898, 16884, 4649, -9986, -8657, -2068, 4133, 11646, 7208, -15124, -22385, 11912, 35959, -4937, -43973
1791219476.721, MrmFullScanInfo, 867, 107, 2086106, 0, 0, 0, 0, 10000, 39297, 32, 2, 2, 1, 480, 0, 0, 0, 0, 0, 0, 168650, -228393, -312858, 478707, 362443, -534090, -381004, 346018, 436261, -28562, -508675, -257699, 507141, 432848, -370609, -522560, 133282, 579887, 110979, -567252, -280111, 391475, 326061, -46346, -242257, -339217, 72822, 612969, 92569, -725929, -181784, 713619, 187563, -643994, -147635, 576188, 118276, -543873, -137624, 547716, 206133, -536432, -298783, 424683, 400075, -183290, -490138, -110779, 505242, 352118, -375703, -508123, 118507, 601245, 157056, -628147, -350866, 544157, 452474, -327845, -489743, 38254, 432551, 211124, -228495, -316605, -90389, 239998, 374739, -24002, -456778, -231820, 286452, 396634, 38718, -367191, -356809, 146608, 541530, 146749, -526315, -391744, 319635, 545455, -17711, -584598, -260259, 468076, 453245, -202451, -540067, -117655, 486349, 384034, -280251, -547776, -4180, 591691, 234871, -498330, -311263, 284769, 211041, -34895, 9133, -130165, -244214, 130868, 390575, 14438, -385857, -206240, 231079, 330806, 8564, -319360, -233999, 173927, 361948, 39498, -359102, -229827, 247557, 329122, -88552, -316883, -47189, 216676, 112232, -81188, -100599, -30626, 41977, 80726, 18164, -66846, -41081, 16975, 14460, 28113, 43212, -36601, -98223, 3315, 122002, 49205, -103798, -88140, 54918, 91100, -1755, -56144, -31002, 443, 33804, 49910, -13752, -75095, -11455, 71600, 22932, -50422, -11888, 29149, -14447, -23609, 38214, 39626, -41886, -68656, 18157, 92095, 27175, -91863, -79415, 60664, 121949, -6704, -141115, -50649, 129541, 91822, -90944, -105902, 40673, 92793, 1488, -61140, -21625, 25187, 17318, 336, 2981, -6463, -24325, -6823, 32625, 31492, -21860, -54778, -4094, 64883, 35129, -56948, -59542, 34679, 68498, -6746, -60145, -17781, 40164, 32776, -17720, -37147, 610, 34404, 7388, -29481, -7364, 26135, 3940, -25911, -1820, 27575, 3297, -27619, -8231, 22892, 14685, -12983, -19290, -26, 18956, 12807, -12895, -21716, 2993, 24151, 7222, -19834, -13909, 10636, 14644, 591, -9636, -11052, 780, 19112, 10464, -25076, -24177, 29690, 41627, -32718, -63835, 33337, 88932, -30249, -110153, 20424, 117167, 706, -99816, -35490, 52489, 80386, 20475, -122135, -105300, 141746, 186504, -127622, -251975, 84962, 291371, -30643, -295635, -18305, 262279, 49959, -198883, -59460, 122097, 49273, -52428, -27849, 6588, 6841, 9095, 2458, -345, 7050, -19168, -35156, 34912, 73931, -37931, -110636, 26625, 133249, -6200, -135595, -13499, 118984, 23035, -90413, -19518, 59403, 8967, -34197, -1779, 18568, 6375, -10834, -23716, 4382, 47141, 8569, -67083, -30950, 75811, 58115, -69635, -81233, 49960, 92712, -23227, -88826, -2042, 70718, 19210, -43544, -25847, 14285, 23753, 10886, -17351, -28706, 11562, 39519, -9871, -46191, 12818, 51794, -17763, -57862, 20153, 63746, -16611, -67058, 7675, 64812, 2548, -55053, -9372, 38449, 10293, -18509, -5460, 338, -2928, 11564, 11743, -15141, -18301, 11362, 21519, -3372, -22037, -5133, 21357, 11542, -20710, -15155, 20563, 17061, -20514, -19105, 19189, 22912, -14897, -28922, 7043, 35732, 3154, -40519, -13308, 40817, 20772, -36064, -22930, 27485, 17907, -17027, -5786, 6082, -11472, 5249, 31749, -18129, -54026, 34206, 78006, -53951, -102612, 75168, 125318, -92217, -142179, 97250, 149196, -83614, -143740, 49836, 124851, -1593, -93183, -49930, 51553, 92134, -5784, -115638, -35949, 117584, 65392, -102025, -77243, 77677, 71677, -54404, -54627, 39665, 35409, -35605, -22859, 38124, 21978, -39021, -32372, 30447, 48771, -9045, -63033, -22953, 67398, 58777, -57876, -89030, 36079, 104762, -8373, -101209, -16672, 80072, 31674, -48471, -33286, 16132, 23609, 8214, -8734, -19684, -4729, 18602, 12364, -9910, -12574, 610, 6194, 3426, 3740, 411, -13178, -11060
1791219476.721, MrmFullScanInfo, 867, 107, 2086106, 0, 0, 0, 0, 10000, 39297, 32, 4, 2, 1, 480, 0, 0, 0, 0, 0, 0, -166, -21, 349, 86, -562, 39, 567, -334, -235, 459, -191, -229, 375, -71, -221, 102, 10, 59, -41, -213, 393, 211, -473, -6, -212, -303, 1138, 559, -1308, -704, 494, 753, 633, -762, -1644, 811, 2307, -860, -2302, 712, 1608, 137, -833, -1647, 642, 2789, -773, -2590, 365, 1430, 737, -478, -1676, 177, 1693, -581, -838, 1959, -458, -3246, 2155, 1609, -3345, 3027, 2664, -6042, -556, 3972, -1021, 757, 1066, -2936, -560, 3, 988, 5703, -2692, -9068, 3740, 7487, -1933, -3540, -1779, 955, 4276, -468, -3881, 963, 1426, -1261, 997, 912, -1625, -323, 184, 85, 2419, 205, -5711, -1814, 9346, 5476, -11242, -10302, 8952, 13950, -2717, -14037, -4371, 10021, 8994, -3464, -9380, -3194, 5579, 7757, 785, -8930, -6868, 6626, 9993, -1941, -9056, -3125, 5074, 6449, -6, -6802, -4436, 4399, 6993, -504, -6956, -3349, 4416, 5874, -543, -6260, -3002, 4491, 5009, -1573, -5215, -1037, 4065, 2420, -2255, -2481, 433, 1574, 912, -97, -1403, -1462, 1001, 2589, -87, -2870, -798, 2262, 1298, -1109, -1252, -140, 709, 1179, 46, -1797, -710, 1905, 1097, -1665, -1146, 1318, 894, -932, -460, 478, -14, 44, 370, -463, -440, 553, 304, -246, -233, -224, 341, 530, -400, -603, 207, 578, 124, -507, -305, 301, 272, 65, -160, -378, 46, 492, 152, -484, -465, 442, 740, -306, -784, 92, 531, 49, -170, -38, -22, -49, 10, 176, 39, -318, -32, 478, 22, -641, 32, 710, -204, -595, 510, 363, -933, -220, 1558, 400, -2519, -1229, 3980, 3198, -5990, -6788, 8109, 12370, -9092, -20139, 6878, 29750, 1240, -39711, -18410, 46212, 46971, -43922, -85927, 28605, 128474, 1118, -161871, -43988, 170660, 96613, -141543, -152235, 69412, 200128, 35483, -223861, -149427, 206741, 246669, -145041, -307567, 54944, 319189, 36253, -277017, -104025, 190905, 132872, -84959, -119370, -9822, 72726, 66415, -12211, -72223, -38421, 34457, 58670, 23226, -39104, -71630, -14031, 88947, 81036, -69511, -136968, 23744, 162202, 27628, -150875, -62067, 112506, 64853, -65999, -36638, 30086, -6181, -14832, 40641, 18167, -48756, -28248, 26395, 29244, 15636, -9376, -58344, -31764, 83946, 82001, -82771, -123318, 56283, 141373, -15814, -130973, -23302, 97109, 48969, -51768, -57001, 8700, 51286, 21748, -40132, -35973, 31265, 37383, -28189, -33363, 29133, 30419, -28819, -30772, 21921, 32064, -6873, -29606, -12331, 19449, 28146, -956, -33827, -22038, 27007, 42598, -10330, -54003, -9962, 52983, 26607, -41062, -34418, 23615, 32491, -7346, -23911, -2651, 13494, 4911, -5373, -1504, 1833, -3710, -2851, 7287, 6550, -7645, -10328, 5411, 12088, -2511, -11189, 810, 8649, -1116, -6382, 2896, 5985, -4658, -7744, 4746, 10376, -2121, -11802, -3117, 10652, 9610, -7032, -15196, 2303, 18081, 1712, -17597, -3604, 14446, 3099, -10357, -1002, 7145, -1506, -5698, 3361, 5502, -3910, -5281, 3124, 3860, -1666, -800, 622, -3392, -984, 7718, 3199, -11044, -6846, 12497, 10780, -11806, -13579, 9533, 14103, -6795, -12057, 4671, 8165, -3948, -3722, 5012, 40, -7799, 2074, 11805, -2452, -16072, 1445, 19435, 573, -20934, -3332, 20039, 6488, -16601, -9643, 10979, 12554, -4183, -15118, -2284, 17115, 7106, -18234, -9750, 18284, 10609, -17295, -10590, 15567, 10620, -13622, -11334
1791219476.721, MrmDetectionListInfo, 867, 123, 258, 24941, 259, 32581, 260, 41509, 261, 49923, 262, 57222, 263, 63680, 264, 65535, 265, 65535, 266, 65535, 267, 65535, 268, 65535, 269, 65535, 270, 65535, 271, 65535, 272, 65535, 273, 65535, 274, 65535, 275, 65535, 276, 65535, 277, 65535, 278, 65535, 279, 65535, 280, 65535, 281, 65535, 282, 65535, 283, 65535, 284, 65535, 285, 65535, 286, 65535, 287, 65535, 288, 65535, 289, 65535, 290, 65535, 291, 51608, 292, 45242, 293, 47485, 294, 49224, 295, 46897, 296, 43599, 297, 41894, 298, 41037, 299, 40429, 300, 41905, 301, 47029, 302, 55681, 303, 65535, 304, 65535, 305, 65535, 306, 65535, 307, 65535, 308, 65535, 309, 65535, 310, 65535, 311, 65535, 312, 65535, 313, 65535, 314, 53851, 315, 35856, 316, 21464, 317, 13810, 318, 15864, 319, 25752, 320, 35698, 321, 38611, 322, 34020, 323, 26651, 324, 21098, 325, 19818, 326, 25116, 327, 38441, 328, 57116, 329, 65535, 330, 65535, 331, 65535, 332, 65535, 333, 65535, 334, 65535, 335, 65535, 336, 65535, 337, 65535, 338, 64627, 339, 60340, 340, 51655, 341, 40431, 342, 31358, 343, 28618, 344, 31812, 345, 36081, 346, 37140, 347, 34938, 348, 32202, 349, 30862, 350, 30668, 351, 30496, 352, 29861, 353, 28944, 354, 27752, 355, 25783, 356, 22700, 357, 19382, 358, 17592, 360, 19330, 361, 19563, 362, 19179, 363, 20925, 364, 25810, 365, 30897, 366, 32697, 367, 31425, 368, 30409, 369, 31990, 370, 35275, 371, 37485, 372, 36584, 373, 32680, 374, 27284, 375, 21758, 376, 16749, 377, 12604, 378, 9580, 386, 6532, 413, 9831, 414, 10010
1791219476.846, MrmFullScanInfo, 868, 107, 2086231, 0, 0, 0, 0, 10000, 39297, 32, 1, 2, 1, 480, -423570, 491747, 422692, -479654, -454170, 445645, 506254, -369363, -520002, 108097, 520173, 340790, -495637, -498271, 368628, 516491, -110810, -520192, -178742, 519516, 323664, -512017, -475092, 482557, 520167, 513932, -149563, -520102, -416932, 497367, 364335, -500137, -438123, 505272, 281644, -517934, -288593, 517991, 213640, -518251, -289389, 516877, 425506, -508326, -516253, 385311, 520192, 85542, -520090, -492282, 446399, 519120, -155706, -520180, -238390, 519492, 470461, -503150, -517037, 387818, 520075, -126017, -520181, -281014, 513723, 439599, -49002, -349039, -519579, 61015, 520059, 412002, -484005, -515767, -67792, 517040, 509967, -317063, -520192, -353927, 515878, 518807, -308513, -520160, -519, 519963, 328076, -503518, -509249, 337032, 520171, 133142, -520005, -493865, 432851, 520149, 66311, -519151, -388981, 493101, 485033, -306487, -488210, 2665, 181647, 171703, 210135, -149344, -457094, -72159, 485517, 355417, -304646, -452389, -10034, 396317, 280365, -217880, -426988, -65823, 388516, 315515, -214931, -389146, 31831, 353558, 121129, -247922, -194853, 87025, 135873, 42850, -35067, -84135, -46638, 57006, 98930, 4535, -68084, -53540, -32208, 54086, 111766, 688, -133975, -83674, 111527, 136293, -45978, -128763, -27363, 77634, 56816, -11592, -36139, -48321, -2273, 75914, 40287, -59643, -63493, 30959, 47976, -15174, -3765, 13548, -37511, -33533, 50600, 78686, -26629, -109696, -25333, 106694, 92882, -71412, -121930, 5527, 143096, 69676, -124828, -122216, 81536, 135202, -24793, -114099, -22433, 74281, 38416, -28352, -26427, -4856, 1826, 11099, 28330, 7141, -43701, -34636, 29555, 59124, 6778, -69344, -42389, 56007, 70013, -23523, -80992, -6283, 71123, 27551, -42415, -38291, 15495, 37981, 2963, -27331, -12588, 21079, 13166, -21565, -7204, 23564, 4805, -26979, -9791, 31750, 15833, -27917, -19924, 16431, 24285, -1467, -24960, -11191, 16318, 23305, -3385, -27478, -6658, 23238, 12336, -15083, -10356, 10030, -2242, -5506, 21286, 4501, -39757, -7318, 60731, 11025, -86885, -9267, 112282, 4610, -130186, -34213, 150415, 30875, -154356, -27940, 131668, 28223, -77010, -32604, -3500, 36375, 95851, -35776, -175684, 26640, 200373, 61632, -208797, -77385, 186455, 86077, -138945, -78842, 83746, 59935, -36116, -32936, 6784, 5989, 5216, 10520, -1937, -12192, -4644, -1255, 3793, 24517, 11050, -47647, -35643, 61347, 63741, -62064, -85949, 52975, 94279, -39736, -89358, 20439, 66443, -25699, -41197, 37377, 20739, -48287, -10031, 49360, 8568, -37547, -12913, 15401, 14664, 12046, -9973, -40934, -7084, 55003, 25926, -55048, -38689, 41713, 38368, -20327, -25032, -1786, 4169, 19243, 19271, -28128, -44683, 25325, 52094, -25322, -48097, 29153, 37382, -36830, -23036, 46949, 10685, -57266, -5326, 65381, 5077, -69053, -12198, 63796, 11878, -57847, -12118, 48768, 8283, -38468, -3735, 30293, 798, -21979, -190, 16075, 128, -11578, -122, 8909, -1844, -6586, 7938, 8134, -14335, -10803, 20328, 16508, -22223, -23127, 18397, 29421, -8277, -32473, -10611, 34887, 27445, -29974, -40266, 22592, 45897, -14565, -43424, 8569, 32971, -6056, -15755, 6302, -5411, -7866, 19394, 1392, -45667, 8765, 74904, -23960, -107424, 40670, 140412, -49889, -164523, 47522, 172284, -26573, -156400, -6976, 121497, 48652, -69183, -83753, 7031, 104024, 49765, -101487, -92424, 81813, 110074, -56489, -105395, 34929, 83134, -23317, -56733, 21410, 37765, -31659, -33102, 39862, 40549, -36611, -54383, 17985, 65405, 12299, -65433, -46503, 50297, 72671, -22135, -91788, -12416, 84591, 40507, -63212, -55243, 32763, 50654, -3673, -31276, -15533, 5809, 22089, 16751, -18279, -22721, 9925, 28232, 1195, -26248, -6913, 19761, 5859, -13152, 498, 10153, -8671, -12448, 16277, 16914, -19980
1791219476.846, MrmFullScanInfo, 868, 107, 2086231, 0, 0, 0, 0, 10000, 39297, 32, 2, 2, 1, 480, 0, 0, 0, 0, 0, 0, 169136, -228762, -313806, 479587, 363435, -535248, -381610, 346975, 436340, -29013, -508278, -257697, 506336, 433096, -369582, -522849, 132388, 580118, 111457, -567344, -279632, 391214, 323936, -45426, -238452, -340671, 68537, 614223, 95719, -726338, -183358, 713239, 188104, -643432, -147264, 575836, 116226, -543469, -133787, 547135, 201933, -536429, -295733, 425997, 398292, -185403, -488651, -109283, 503300, 352078, -373515, -509230, 116862, 602666, 157724, -629136, -350835, 543998, 452538, -327624, -490544, 42477, 433074, 198505, -226339, -298297, -96039, 224127, 381915, -16289, -462775, -233128, 290228, 398429, 35984, -374286, -352819, 156988, 535535, 138943, -520445, -389342, 316563, 546455, -17877, -585283, -258858, 466367, 452981, -199088, -541468, -120511, 487365, 385446, -278127, -548499, -10804, 591802, 246176, -495950, -326591, 277255, 227442, -21101, -2945, -148356, -240702, 148838, 395726, 1897, -396046, -202611, 241188, 336603, 3073, -331587, -235740, 187070, 370503, 30733, -371175, -228217, 258745, 334197, -95460, -325668, -46088, 225258, 116673, -86459, -108459, -30091, 49779, 84703, 13674, -73633, -41327, 23914, 18627, 23496, 37358, -35417, -93092, 5117, 119201, 45749, -103763, -84563, 57132, 88704, -5173, -55636, -27594, 1781, 31361, 47433, -12690, -72565, -11193, 69975, 21784, -50121, -10573, 30076, -15224, -25390, 38194, 41717, -41245, -70539, 17241, 93513, 28088, -92761, -80213, 61001, 122596, -6450, -141525, -51408, 129645, 92829, -90857, -106789, 40516, 93273, 1784, -61200, -22162, 25025, 17959, 594, 2576, -6835, -24378, -6337, 33041, 31023, -22355, -54453, -3781, 64676, 35166, -56785, -60011, 34609, 69368, -6824, -61247, -17681, 41250, 32820, -18552, -37347, 1081, 34635, 7213, -29665, -7361, 26229, 4055, -25828, -2057, 27221, 3615, -27010, -8586, 22241, 15136, -12506, -20080, -301, 20443, 13083, -15568, -22358, 7615, 25679, -496, -22896, -1542, 15750, -4195, -6655, 17604, -2076, -36736, 9267, 59552, -15817, -83833, 21623, 107417, -24560, -128794, 24006, 144804, -22094, -147819, 19057, 128483, -10167, -82215, -9168, 13065, 37934, 65305, -63776, -135468, 69444, 185254, -48992, -209370, 14345, 205189, 16870, -173243, -35478, 121919, 40098, -65995, -33243, 20137, 19490, 7095, -5144, -15447, -2886, 11570, -489, -5223, 16087, 4779, -39490, -14057, 62856, 31431, -78602, -51158, 82262, 65921, -74451, -69770, 60913, 60457, -49154, -40623, 43366, 17307, -41956, 1065, 39956, -8773, -32646, 5589, 17765, 3304, 3719, -10387, -27653, 10157, 47753, -2136, -57823, -9186, 54344, 17476, -37931, -18139, 13307, 9884, 12361, 5168, -32568, -21926, 44265, 34012, -48477, -36705, 48695, 29344, -48446, -15217, 49924, -252, -53655, 11837, 58560, -16814, -62500, 15848, 63316, -11908, -59778, 8129, 52113, -6074, -41769, 5582, 30876, -5521, -21400, 5001, 14473, -4076, -10120, 3728, 7603, -5187, -6126, 9101, 5460, -14906, -6053, 20857, 8620, -24602, -13488, 23736, 20329, -16739, -28090, 4166, 34928, 11140, -38614, -25198, 37742, 34417, -32664, -36310, 25075, 29859, -16862, -16164, 8845, -2110, -205, 22627, -11155, -44581, 27372, 68019, -48584, -92216, 71583, 115051, -89751, -132856, 95004, 141356, -81102, -137205, 47048, 118926, 1414, -87260, -53177, 45463, 95484, 403, -118701, -42178, 119921, 71646, -103477, -83428, 78228, 77631, -53932, -60236, 38072, 40565, -33155, -27250, 35545, 25109, -37359, -33785, 30937, 48126, -12878, -60149, -14852, 62330, 45920, -50996, -71672, 27989, 84166, 75, -79457, -24332, 59458, 37232, -30844, -35640, 2361, 22347, 18417, -4125, -27418, -12313, 25176, 23119, -16249, -27225, 6781, 25264, -1517, -19467, 2192, 13104, -7721
1791219476.846, MrmFullScanInfo, 868, 107, 2086231, 0, 0, 0, 0, 10000, 39297, 32, 4, 2, 1, 480, 0, 0, 0, 0, 0, 0, 415, -370, -801, 895, 762, -1090, -386, 737, 16, -174, 277, -147, -638, 241, 975, -258, -959, 265, 518, -171, 591, -199, -2196, 928, 3459, -1544, -3480, 1414, 2347, -639, -1288, -77, 910, 188, -539, 89, -822, -65, 2640, -224, -3365, 145, 2595, 343, -1420, -544, 1083, 63, -1801, 756, 2658, -1385, -2597, 1514, 1597, -1222, -434, 705, -121, -1392, 186, 5515, -1042, -12323, 3520, 16861, -6174, -15069, 6965, 8492, -5588, -2573, 3395, 1411, -2037, -4016, 2512, 5883, -4136, -4240, 4973, 786, -3962, 1394, 1877, -876, -417, -1265, 404, 2771, -986, -2412, 330, 1231, 2203, -674, -5573, 262, 8718, 1410, -10976, -4840, 11105, 8982, -7808, -11854, 2073, 11712, 3401, -8123, -6380, 2111, 6130, 4380, -3191, -8763, -1236, 9131, 5391, -5788, -7559, 751, 7086, 3687, -4524, -5976, 918, 5668, 2657, -3423, -4898, 374, 4798, 2478, -2562, -4211, -488, 4226, 2870, -2695, -3706, 522, 2933, 1353, -1151, -2414, -786, 2489, 2229, -1683, -2868, 440, 2685, 714, -1924, -1363, 947, 1310, -1, -684, -663, -143, 828, 853, -494, -1288, 2, 1359, 340, -1117, -454, 764, 442, -392, -444, -13, 479, 434, -439, -739, 286, 816, -124, -651, -6, 364, 186, -141, -385, 55, 456, -2, -289, -107, -26, 238, 299, -299, -371, 311, 225, -337, 77, 361, -418, -279, 676, 119, -773, -35, 721, 84, -567, -170, 369, 194, -168, -175, 5, 145, 122, -41, -231, -149, 310, 329, -338, -340, 383, 218, -608, -125, 1131, 207, -2050, -517, 3596, 1073, -6093, -1799, 9931, 2373, -15557, -2210, 23582, 743, -34790, 2353, 49698, -7068, -67268, 10969, 85022, -9934, -100039, 2422, 108281, 8639, -103704, -19354, 80958, 28408, -40119, -35285, -11337, 38259, 60050, -31683, -92706, 10574, 101770, 20961, -85419, -49728, 45676, 63978, 9486, -61550, -64488, 46463, 101624, -24411, -109900, 1146, 90280, 17471, -54332, -26175, 18294, 22490, 3832, -8678, -5141, -8485, -12722, 20850, 41510, -23129, -69489, 14670, 85831, 175, -84889, -12975, 67568, 15310, -39575, -4677, 8759, -13258, 17219, 28793, -33447, -33785, 38814, 25833, -36253, -8689, 31614, -10689, -30128, 25427, 32714, -30398, -35751, 23451, 34628, -6601, -26780, -14501, 12328, 32740, 6087, -42657, -23566, 42816, 34535, -35770, -35753, 25955, 28414, -17126, -16989, 11268, 6438, -8487, 289, 7542, -3072, -6824, 3559, 5555, -3633, -4187, 4509, 3843, -6244, -5290, 7774, 8294, -7610, -11619, 5022, 13638, -627, -13028, -3873, 9350, 6639, -3380, -6536, -3053, 3612, 7867, 920, -9746, -5121, 8709, 7158, -6012, -6068, 3412, 2082, -2171, 3466, 2505, -8540, -3710, 11347, 4680, -11305, -4333, 9147, 2047, -6441, 2031, 4796, -6914, -5038, 11072, 6928, -13109, -9522, 12612, 11647, -10344, -12237, 7632, 10872, -5502, -8187, 4365, 5482, -4161, -3827, 4634, 3496, -5274, -4093, 5320, 5071, -4179, -5903, 1899, 6116, 864, -5343, -3437, 3638, 5439, -1526, -6609, -325, 6734, 1549, -5779, -2113, 3891, 2233, -1255, -2332, -1855, 2855, 5124, -3967, -8266, 5467, 10932, -7005, -12628, 8193, 12993, -8608, -12069, 7917, 10393, -6132, -8815, 3825, 8065, -1633, -8307, -417, 9190, 3021, -10112, -6800, 10390, 11576, -9269, -16444, 6228, 20403, -1457
1791219476.846, MrmDetectionListInfo, 868, 92, 254, 15877, 256, 23528, 257, 28761, 258, 34451, 259, 40067, 260, 45143, 261, 49312, 262, 52269, 263, 53944, 264, 54922, 265, 56160, 266, 57729, 267, 58286, 268, 56182, 269, 50788, 270, 42868, 271, 34288, 272, 27758, 273, 26886, 274, 34321, 275, 47431, 276, 58262, 277, 60890, 278, 57485, 279, 54957, 280, 56667, 281, 59511, 282, 58425, 283, 51846, 284, 43232, 285, 39230, 286, 45017, 287, 58273, 288, 65535, 289, 65535, 290, 65535, 291, 57421, 292, 50271, 293, 45879, 294, 42526, 295, 37375, 296, 29290, 304, 24851, 305, 34574, 306, 42231, 307, 46357, 308, 47269, 309, 46129, 310, 44455, 311, 43603, 312, 43111, 313, 40388, 314, 33326, 315, 22763, 316, 12529, 318, 10649, 319, 19813, 320, 29618, 321, 35486, 322, 36447, 323, 34160, 324, 30335, 325, 25735, 326, 21351, 327, 19085, 328, 20322, 329, 24424, 330, 29108, 331, 32153, 332, 32741, 333, 31268, 334, 28201, 335, 23794, 336, 19132, 338, 16290, 339, 18464, 340, 21330, 341, 24537, 342, 28748, 343, 33698, 344, 37401, 345, 38024, 346, 35695, 347, 31905, 348, 27771, 349, 23429, 350, 18762, 351, 14087, 385, 7095, 386, 7648, 413, 11593, 414, 11090
1791219476.971, MrmFullScanInfo, 869, 107, 2086356, 0, 0, 0, 0, 10000, 39297, 32, 1, 2, 1, 480, -420361, 490492, 423339, -480056, -453897, 445018, 504103, -369881, -519972, 104716, 520149, 347673, -496380, -498210, 370350, 517679, -110724, -520192, -180244, 519540, 325779, -511674, -474419, 483014, 520192, 512997, -156533, -520128, -414294, 498145, 361030, -501756, -437087, 504832, 285148, -517729, -284536, 517848, 211941, -516817, -290522, 514605, 435831, -507398, -515242, 382279, 520192, 85411, -520011, -491488, 445865, 519650, -160919, -520086, -235240, 519337, 469335, -502389, -517353, 382225, 519775, -129481, -520145, -267774, 511898, 457204, -52231, -354077, -519594, 74799, 520145, 406393, -482281, -516153, -74564, 516421, 510819, -300136, -520190, -362846, 515687, 518821, -309144, -520135, 5050, 519781, 327967, -504249, -509023, 337197, 520181, 129082, -520083, -493912, 433726, 520134, 57918, -518994, -378559, 492334, 482382, -311719, -477870, 12888, 168174, 155217, 210328, -131899, -448288, -82380, 474254, 355086, -296023, -449260, -13250, 386949, 278323, -209060, -418334, -72028, 378616, 312477, -206705, -384656, 27686, 346544, 120776, -239017, -191822, 83907, 129484, 43042, -30043, -80249, -49512, 51161, 98134, 9956, -64061, -56852, -37899, 53635, 116587, 3130, -135479, -86556, 111938, 137847, -43472, -130609, -31146, 77322, 59835, -10302, -37794, -49925, -1071, 78571, 40788, -61169, -64929, 30958, 49351, -14682, -4805, 12598, -37510, -33058, 51651, 76482, -27507, -109278, -24358, 106656, 91868, -71592, -121556, 5590, 142132, 68654, -124217, -122401, 81318, 134736, -25464, -113827, -22663, 73658, 38535, -28105, -26017, -4979, 1241, 11167, 28545, 8361, -43818, -34551, 28953, 58927, 8044, -69208, -42706, 56000, 69526, -23625, -80862, -7487, 70473, 27097, -41628, -38427, 14965, 38055, 3181, -27528, -13030, 20809, 13303, -21006, -6597, 23118, 4009, -26902, -9307, 32561, 15558, -28916, -19734, 16149, 24843, -1389, -24933, -11787, 15979, 23680, -1303, -29871, -11276, 29286, 25535, -22310, -35442, 21941, 44786, -24720, -59805, 31972, 86624, -42315, -114866, 46459, 136704, -30227, -141777, -7342, 86746, 69384, -22351, -102894, -68622, 119720, 170496, -108703, -262666, 74045, 322852, -28955, -329953, -17773, 278633, 51178, -131605, -89800, 40628, 52595, 35862, -2145, -75281, -44280, 75708, 68983, -48094, -57760, 7208, 13632, 26191, 47690, -27059, -113352, 3283, 153158, 37650, -159366, -74450, 132079, 92306, -86975, -83061, 38461, 47112, -2412, 714, -11470, -35447, -4916, 47426, 17393, -37304, -17137, 10657, 1219, 18530, 24484, -36967, -51045, 38483, 66919, -25698, -60884, -13779, 28830, 15692, 11278, -353, -46003, -23323, 65500, 46220, -63733, -59452, 45748, 58041, -20869, -40025, -2088, 8291, 18357, 18189, -16801, -32209, 14178, 32287, -14936, -19965, 24857, 3432, -41734, 10382, 62685, -14680, -80201, -563, 85351, 9227, -79497, -16933, 64547, 18384, -44760, -15205, 26891, 10732, -15150, -6771, 11037, 6430, -12799, -6215, 14499, 10729, -15773, -12927, 15780, 10920, -15032, -5157, 15764, -1474, -19266, 8099, 26949, -10423, -34621, 1734, 43988, 8269, -45187, -19308, 39682, 29820, -29479, -32827, 18695, 27418, -9792, -12545, 3576, -9598, 66, 32623, -8134, -61187, 17639, 91993, -29504, -125023, 45050, 157750, -54345, -181061, 52107, 188760, -31574, -172162, -4001, 137371, 51935, -81208, -93257, 13725, 119529, 52057, -122181, -102548, 104559, 127332, -75206, -126996, 47162, 105862, -27276, -75290, 19995, 48223, -27439, -34287, 37120, 33151, -38145, -41393, 25114, 50895, 2168, -54096, -36444, 47531, 67011, -28445, -96869, -1044, 97056, 30088, -81611, -47512, 53347, 48096, -22812, -34704, -1645, 11815, 14732, 11983, -16605, -20562, 12165, 26495, -2597, -24153, -2614, 15286, 1536, -4979, 6404, -724, -16497, 738, 24617, 2317, -27906
1791219476.971, MrmFullScanInfo, 869, 107, 2086356, 0, 0, 0, 0, 10000, 39297, 32, 2, 2, 1, 480, 0, 0, 0, 0, 0, 0, 168871, -228609, -313248, 479100, 362743, -533847, -381348, 344338, 437161, -25836, -510116, -260087, 508202, 434078, -370301, -522953, 131662, 580146, 112843, -567697, -281045, 391892, 325666, -46374, -241052, -339607, 71798, 613341, 92889, -725884, -181763, 713237, 187479, -643530, -146799, 575410, 116348, -542402, -135757, 546052, 205583, -535846, -299255, 425773, 400133, -185178, -489112, -109542, 503830, 352071, -375163, -508560, 119234, 601069, 155931, -626991, -350382, 543072, 452705, -328702, -490228, 43330, 432739, 201382, -227649, -305664, -92405, 233050, 376767, -23123, -457518, -229401, 286026, 395115, 39081, -368780, -355589, 150270, 538550, 143753, -523415, -390779, 318799, 545556, -18934, -584189, -258726, 466554, 453013, -200500, -541740, -118767, 489325, 383692, -282860, -546566, -3813, 590564, 237645, -497446, -316571, 283180, 217072, -31568, 4550, -135244, -242372, 136546, 391452, 9784, -388537, -204020, 234303, 331708, 6216, -322867, -233876, 178436, 364380, 35841, -363071, -228185, 251383, 329594, -90972, -318690, -46734, 218792, 113792, -82846, -103541, -29891, 44986, 81156, 16388, -68319, -40949, 18848, 15515, 26678, 41751, -36098, -96968, 3717, 121168, 48263, -103320, -87165, 54764, 90554, -1985, -56184, -30521, 950, 33342, 49193, -13453, -74467, -11587, 71302, 22940, -50587, -11844, 29703, -14436, -24316, 38104, 40255, -41703, -69181, 17995, 92655, 27211, -92487, -79305, 61145, 121717, -6754, -140825, -51116, 129296, 92531, -90820, -106400, 40584, 92833, 1720, -60817, -22032, 24823, 17694, 540, 2906, -6583, -24539, -6628, 32800, 31257, -21779, -54650, -4320, 64747, 35351, -56590, -59814, 34169, 68921, -6325, -60688, -18082, 40711, 33086, -18122, -37441, 805, 34500, 7280, -29292, -7172, 25767, 3647, -25565, -1525, 27331, 3095, -27364, -8242, 22535, 15060, -12532, -20080, -711, 19974, 14476, -13619, -25806, 2364, 32708, 11286, -35669, -25138, 37601, 38784, -42177, -53842, 51648, 71764, -64314, -91337, 72987, 106387, -66133, -107697, 34769, 87892, 19219, -44129, -81913, -22349, 135419, 105757, -166887, -192569, 170989, 262377, -148855, -291243, 103913, 264429, -43657, -189452, -14659, 92845, 48626, -3224, -46947, -60710, 19027, 89393, 13287, -81787, -29010, 46607, 17067, -1239, 21236, -34401, -74201, 46551, 124228, -33048, -154412, 2923, 155178, 28358, -127340, -45892, 80993, 42109, -31957, -20018, -4234, -9140, 19756, 31724, -18096, -37488, 10162, 23749, -6396, 3351, 11687, -31826, -24114, 48563, 36624, -46112, -40701, 28088, 30333, -7077, -5123, -4582, -28194, 2670, 57978, 9326, -73287, -23938, 69242, 33161, -48508, -31629, 19400, 19247, 7940, -1276, -26058, -14435, 33511, 21208, -34486, -16228, 35169, 1675, -40139, 15757, 50373, -28183, -63193, 31047, 73592, -25214, -76561, 15064, 69751, -4982, -54841, -2325, 36793, 6155, -21421, -7052, 12541, 6214, -10466, -5073, 12777, 4554, -16278, -4315, 18636, 3058, -19094, 265, 18613, -5593, -19064, 11304, 22189, -14737, -28507, 13774, 36476, -8003, -42832, -1260, 44522, 11372, -40532, -18572, 31874, 19061, -20407, -10774, 7493, -5753, 6641, 28128, -22578, -53692, 41068, 80521, -62047, -106956, 83416, 130713, -99968, -148367, 104221, 156143, -89369, -151165, 53166, 132040, -417, -98987, -57749, 54450, 107646, -4137, -137981, -43396, 143794, 79061, -127819, -96374, 98754, 94048, -67739, -76694, 44429, 53048, -33447, -32483, 32596, 21717, -34353, -22829, 30218, 33055, -15171, -46036, -10686, 54257, 42391, -51946, -71594, 37517, 89472, -14578, -90477, -9263, 74846, 25805, -47926, -29917, 17920, 21949, 7158, -7065, -21868, -8093, 24937, 18636, -19474, -22293, 11235, 18987, -5683, -10864, 5652, 1620, -10703
1791219476.971, MrmFullScanInfo, 869, 107, 2086356, 0, 0, 0, 0, 10000, 39297, 32, 4, 2, 1, 480, 0, 0, 0, 0, 0, 0, -88, 3, 216, -130, -351, 972, 67, -2355, 862, 3128, -1747, -2475, 1614, 1102, -318, -217, -1131, 132, 1629, -415, -1226, 592, 883, -572, -1176, 445, 1756, -321, -1766, 221, 1010, -72, -267, 25, 333, -437, -360, 1095, -739, -1230, 2181, 660, -2433, -16, 1252, -138, 3, -89, -210, 215, -625, 142, 1441, -1009, -1273, 1707, 346, -788, 143, -1381, 247, 2852, -525, -2080, -93, -407, 1227, 2754, -2316, -3511, 2962, 2866, -2813, -2742, 2239, 3563, -1628, -3824, 1160, 2656, -873, -902, 742, -397, -527, 770, 157, -388, 139, -198, -741, 693, 2191, -1220, -3859, 1655, 4629, -1155, -4748, -823, 5165, 3694, -5375, -6321, 3920, 7626, -686, -6881, -2689, 4149, 4461, -418, -3898, -2969, 1547, 4831, 1327, -4540, -3587, 2455, 4543, 450, -4070, -2996, 2466, 4275, -347, -3845, -1529, 2000, 2563, 385, -2502, -2371, 1456, 3293, 220, -3008, -1826, 1838, 2667, -380, -2430, -793, 1271, 1408, 286, -1471, -1538, 1098, 2021, -371, -1792, -464, 1168, 1076, -393, -1221, -328, 926, 795, -452, -851, -35, 542, 499, -88, -814, -282, 795, 509, -449, -627, 37, 669, 196, -650, -160, 517, 0, -249, 47, 6, 106, 51, -287, 22, 344, -39, -211, -67, -19, 213, 178, -185, -172, -105, 110, 423, -92, -455, -25, 226, 302, 13, -522, -148, 526, 211, -405, -212, 300, 180, -163, -124, -62, 3, 317, 193, -425, -367, 272, 448, 21, -401, -188, 204, 122, 96, 91, -281, -478, 45, 1488, 1034, -3679, -3667, 7533, 9118, -13683, -19277, 23198, 36281, -37118, -61466, 55166, 94138, -74311, -130984, 88187, 164194, -85931, -183482, 57810, 181049, -5509, -152121, -56097, 92044, 110302, 1406, -149248, -119943, 171991, 242249, -178746, -335506, 162114, 371689, -113751, -347728, 43444, 284338, 18763, -205906, -47195, 128440, 41652, -64513, -20229, 24414, 4136, -11465, -7464, 18669, 34140, -31604, -78675, 35862, 128688, -23684, -169456, -3266, 189321, 35271, -183411, -59365, 154981, 66264, -114551, -54783, 76192, 31264, -50607, -6018, 39460, -10232, -36007, 9991, 30944, 7177, -18075, -33948, -2868, 57155, 27022, -64718, -46991, 54056, 55309, -33432, -47267, 14617, 24397, -5005, 5115, 6221, -30761, -15142, 44854, 25686, -45019, -31573, 34475, 29336, -20343, -19646, 9943, 6561, -6673, 4522, 8802, -9161, -11874, 5809, 11865, 3162, -7036, -12590, -1704, 17665, 11412, -16612, -18486, 10806, 20550, -2984, -17735, -4239, 12413, 9268, -7778, -11631, 5967, 12052, -7040, -12233, 9502, 13796, -11538, -16874, 11848, 19842, -9945, -20491, 6388, 17288, -2531, -10062, -126, 210, 672, 9787, 801, -17217, -3269, 20155, 5398, -18260, -6217, 12966, 5380, -6757, -3013, 2262, -447, -1087, 4338, 2924, -7668, -5999, 9482, 8643, -9631, -10283, 8881, 11107, -8147, -11501, 7724, 11756, -6978, -11877, 4742, 11582, -151, -10266, -6620, 7282, 14378, -2466, -21228, -3621, 25096, 9962, -24599, -15323, 19811, 18303, -12246, -17683, 4201, 13079, 2079, -5332, -5079, -3640, 4446, 11446, -1055, -15798, -3368, 15192, 6817, -9648, -7751, 1184, 5665, 6888, -1174, -11692, -4313, 12115, 9137, -8922, -11758, 4090, 11262, 182, -7725, -2544, 2357, 2956, 2977, -2186, -6628, 1184, 7922, -711, -7214, 1191, 5326, -2573, -2918
1791219476.971, MrmDetectionListInfo, 869, 113, 250, 27579, 251, 36006, 252, 46034, 253, 57581, 254, 65535, 255, 65535, 256, 65535, 257, 65535, 258, 65535, 259, 65535, 260, 65535, 261, 65535, 262, 65535, 263, 65535, 264, 65535, 265, 65535, 266, 65535, 267, 65535, 268, 65535, 269, 65535, 270, 65535, 271, 65535, 272, 65535, 273, 65535, 274, 65535, 275, 65535, 276, 65535, 277, 65535, 278, 65535, 279, 65535, 280, 65535, 281, 65535, 282, 65535, 283, 65535, 284, 65535, 285, 65535, 286, 63543, 287, 42229, 288, 24951, 289, 13832, 292, 12155, 293, 21047, 294, 33464, 295, 47501, 296, 61268, 297, 65535, 298, 65535, 299, 65535, 300, 65535, 301, 65535, 302, 65535, 303, 65535, 304, 65535, 305, 65535, 306, 65535, 307, 65535, 308, 65535, 309, 65535, 310, 56199, 311, 42473, 312, 30904, 313, 23395, 314, 20936, 315, 22148, 316, 23575, 317, 22517, 318, 19286, 319, 16725, 320, 17579, 321, 22049, 322, 28702, 323, 36829, 324, 45701, 325, 52855, 326, 55541, 327, 53277, 328, 47733, 329, 40607, 330, 32445, 331, 23393, 332, 14436, 336, 20627, 337, 30288, 338, 35750, 339, 37018, 340, 36331, 341, 34857, 342, 32028, 343, 27252, 344, 21144, 345, 15032, 352, 10406, 361, 16329, 362, 16637, 363, 15288, 364, 13034, 377, 12550, 378, 13669, 379, 14652, 380, 15303, 381, 15462, 382, 15031, 383, 13972, 384, 12301, 385, 10092, 386, 7485, 394, 11713, 396, 12341, 398, 10810, 413, 9919, 414, 9862, 433, 18198, 435, 18965
1791219477.106, MrmFullScanInfo, 870, 107, 2086481, 0, 0, 0, 0, 10000, 39297, 32, 1, 2, 1, 480, -421437, 491183, 422212, -476814, -454746, 447521, 505111, -370484, -519880, 107970, 520106, 337764, -495877, -499579, 362756, 517267, -105875, -520147, -181340, 519679, 324774, -511893, -474773, 481722, 520192, 513336, -147726, -520061, -417461, 497035, 368622, -499242, -442389, 503997, 281077, -518142, -279526, 518341, 208861, -517316, -287206, 516146, 425785, -507294, -514361, 386947, 520192, 84147, -519978, -489623, 450432, 519400, -169352, -520160, -231466, 519904, 466169, -501952, -517132, 383618, 520074, -128306, -520151, -291121, 511175, 467958, -43477, -396363, -519377, 98099, 520136, 405178, -484525, -514166, -65877, 517851, 510340, -325683, -520192, -350967, 516428, 518310, -322978, -520153, 11903, 519885, 327428, -504261, -508705, 339924, 520192, 129220, -520117, -494400, 430867, 520119, 70654, -519052, -391388, 491554, 483643, -308908, -489432, -156, 182062, 173124, 210374, -149112, -458015, -68269, 485888, 356566, -309257, -455507, -10237, 397575, 278918, -218836, -427171, -64333, 392378, 313543, -216592, -389857, 34041, 353845, 121102, -248765, -197137, 88904, 138165, 43473, -35632, -84270, -45531, 58087, 98509, 3659, -68363, -53953, -32205, 53430, 111694, 99, -133833, -81781, 110121, 135462, -46233, -128053, -27551, 76932, 56692, -11332, -35912, -48025, -1330, 75949, 39628, -58747, -62540, 29879, 48028, -14812, -2732, 13347, -38187, -33640, 51373, 77784, -26910, -109503, -25648, 106845, 93060, -71139, -122037, 4997, 142026, 68697, -125324, -121493, 81790, 135519, -24370, -114261, -22983, 74061, 38752, -28239, -26781, -5086, 1706, 11679, 28552, 7293, -43462, -34089, 29526, 58807, 6876, -68817, -41987, 55993, 69789, -25054, -80268, -6136, 71294, 27273, -42782, -38808, 15859, 37976, 3177, -27381, -12251, 21249, 12775, -21304, -7377, 24067, 4971, -26247, -10812, 29673, 14812, -23846, -18296, 5799, 22258, 19523, -20198, -50519, 8260, 90105, 13410, -137736, -36783, 187161, 143408, -182829, -193225, 211117, 241739, -215518, -289349, 185639, 342642, -121817, -392300, 33784, 426267, 73665, -424482, -164859, 238050, 325739, -145182, -320436, 45707, 280561, 44265, -210254, -104958, 129847, 127967, -62721, -114576, 23729, 76162, -19921, -36243, 29430, 15285, -65141, -12342, 88020, 25984, -85911, -41801, 61424, 47540, -21543, -36347, -20485, 7711, 48680, 49160, -60616, -99733, 53619, 135403, -33109, -143856, 9148, 124188, 15076, -81404, -29244, 31523, 36963, 12374, -36709, -46684, 21727, 52142, -15443, -45205, 14063, 28783, -14935, -8463, 17084, -11981, -19139, 28317, 21040, -39928, -19493, 35507, 22477, -38787, -16686, 41151, 10427, -38391, -3599, 32137, -545, -21541, 1830, 11748, 1438, -248, -8355, -12867, 15599, 24023, -23358, -34011, 29632, 40242, -36348, -41234, 40242, 33360, -44349, -24474, 48923, 14678, -54241, -7559, 54844, 3551, -55764, -3565, 52557, 5589, -44249, -8176, 32818, 9568, -20761, -8584, 12276, 4716, -8986, 3144, 14228, -8436, -19557, 12145, 24490, -15105, -26917, 13229, 27475, -9417, -27256, 3199, 27230, 4107, -26449, -16737, 27779, 24879, -25477, -32187, 22189, 37323, -17479, -37191, 14338, 31643, -11705, -18714, 10237, -953, -8241, 17644, -4859, -48426, 16590, 83740, -32527, -122151, 50005, 158944, -61805, -185756, 60662, 195205, -40522, -182062, 6532, 155295, 36262, -102538, -73839, 38425, 98573, 23997, -102005, -73387, 87690, 100557, -64391, -107087, 41860, 95040, -27165, -72820, 19701, 54570, -25470, -45297, 29763, 46428, -26484, -51865, 10763, 56942, 15117, -54661, -44691, 42999, 66257, -25213, -82510, -195, 77897, 21432, -62420, -32878, 39225, 30168, -16916, -16812, 2138, -212, 2714, 14213, -601, -19370, -3642, 19543, 9073, -12302, -11297, 3303, 8335, 4867, -253, -7388, -11102, 5325, 21457, 140, -27764
1791219477.106, MrmFullScanInfo, 870, 107, 2086481, 0, 0, 0, 0, 10000, 39297, 32, 2, 2, 1, 480, 0, 0, 0, 0, 0, 0, 168964, -228613, -313548, 479587, 363053, -535710, -381089, 347814, 435465, -29736, -506454, -257825, 503290, 434416, -365975, -524801, 129419, 581702, 113094, -567929, -280002, 390894, 323457, -44747, -237327, -341243, 66574, 614579, 98498, -726610, -185682, 713371, 187921, -642870, -143923, 574084, 111509, -540881, -130128, 544880, 200220, -535553, -295267, 426747, 398266, -187240, -489724, -107009, 507027, 349503, -380197, -506224, 124391, 599341, 152271, -626202, -348732, 541781, 452897, -323923, -491843, 31576, 435686, 221804, -232624, -331378, -85232, 256119, 370179, -36742, -455632, -226634, 289990, 401315, 31489, -380463, -348408, 162425, 535957, 135081, -527036, -385979, 325976, 543426, -25262, -584007, -255481, 467755, 452226, -202073, -541025, -118061, 485907, 384784, -275886, -549374, -12762, 593079, 247187, -496494, -326943, 276692, 227699, -19702, -3236, -150041, -240747, 150199, 396567, 1420, -397809, -203140, 243395, 337712, 1435, -332964, -235477, 188710, 371713, 28981, -373162, -226854, 260464, 333788, -96104, -326391, -46667, 226719, 117966, -87827, -109845, -29506, 50929, 84949, 12868, -74300, -40906, 24527, 18555, 23293, 37086, -35792, -92435, 5948, 118277, 44806, -102905, -83772, 56628, 88145, -5002, -55334, -27679, 1802, 31617, 46992, -13122, -71720, -10769, 68964, 21441, -49281, -10185, 29514, -15760, -24954, 38729, 41292, -41532, -70199, 17199, 93343, 28261, -92727, -80264, 61088, 122462, -6681, -141302, -51114, 129411, 92650, -90593, -106794, 40202, 93372, 2113, -61240, -22426, 24916, 18119, 846, 2483, -7161, -24276, -5990, 32914, 30677, -22271, -54236, -3692, 64746, 34813, -57136, -59505, 35004, 69006, -7043, -61233, -17644, 41514, 32867, -18906, -37382, 1388, 34638, 7026, -29646, -7391, 26077, 4329, -25147, -2436, 25065, 3982, -21567, -9152, 10411, 16567, 10542, -23161, -41842, 25703, 83344, -18303, -131735, -6548, 181561, 50599, -227684, -105336, 264093, 159950, -282075, -212999, 272629, 269508, -232393, -330809, 165491, 379553, -73729, -388094, -41506, 345463, 162176, -265638, -251658, 169108, 281609, -69197, -254498, -20051, 193675, 82255, -126407, -105932, 72315, 92484, -40946, -56649, 33936, 18491, -45947, 6476, 65111, -12342, -76783, 2660, 70547, 12666, -44694, -21193, 5764, 12690, 35608, 15565, -68974, -56184, 86683, 94940, -85272, -117833, 66293, 116904, -35608, -92941, 1450, 54072, 27564, -12085, -45034, -21848, 49210, 40490, -43342, -42066, 33023, 29801, -22712, -9576, 14601, -12394, -9006, 30656, 5707, -41805, -4439, 45934, 4115, -45671, -2697, 43136, -943, -38275, 5499, 30589, -8255, -20705, 6981, 10119, -1098, -106, -8380, -8800, 19586, 16437, -30692, -22403, 40372, 25606, -47694, -24665, 52141, 19128, -53981, -10155, 54166, 110, -53619, 8451, 52773, -13611, -51372, 14658, 48516, -12057, -43132, 7147, 35071, -1827, -25626, -1686, 17198, 1581, -12052, 2570, 11021, -9447, -13124, 16557, 16425, -21366, -19406, 22262, 21659, -19081, -23554, 12622, 25703, -3977, -28418, -5549, 31244, 14609, -33009, -22116, 32743, 27188, -30368, -28542, 26365, 24572, -21034, -14543, 13658, -940, -2697, 20860, -13265, -44732, 34693, 72116, -60411, -101172, 86932, 128406, -107795, -149335, 114939, 160214, -102150, -158767, 68627, 143560, -19960, -113990, -33600, 71959, 80175, -23279, -109925, -23577, 118451, 60158, -108174, -80570, 86532, 83521, -62665, -72947, 44211, 56507, -34633, -42223, 31927, 35423, -29944, -37244, 22193, 44776, -5586, -52645, -18211, 55223, 43782, -48887, -64271, 33647, 74007, -13504, -70540, -4963, 55603, 15731, -34289, -16167, 13188, 8081, 2161, 3674, -9117, -13750, 8322, 18522, -2838, -16992, -3207, 10584, 6031, -2228, -3478, -4988, -4178
1791219477.106, MrmFullScanInfo, 870, 107, 2086481, 0, 0, 0, 0, 10000, 39297, 32, 4, 2, 1, 480, 0, 0, 0, 0, 0, 0, 36, 21, -171, 380, 132, -1417, 304, 2517, -1358, -2673, 2966, 1306, -4245, 755, 4141, -1917, -2622, 1591, 854, -381, 525, -752, -1729, 1339, 3065, -1354, -4348, 1010, 4792, -584, -3437, 95, 247, 677, 3099, -1531, -4995, 1989, 5224, -1662, -4322, 526, 2885, 1016, -1308, -2183, -647, 2578, 3215, -2574, -5473, 2493, 5941, -2223, -4309, 1548, 1835, -1676, 265, 4370, -1568, -10989, 2865, 20311, -5282, -26828, 8061, 25051, -7928, -15581, 3389, 4128, 2660, 5054, -6626, -10189, 6472, 10506, -1985, -7528, -4221, 4466, 7764, -2388, -6766, 551, 3438, 1105, -800, -1801, 467, 1118, -2532, 532, 5293, -2106, -6814, 2032, 7260, 591, -7896, -4868, 8119, 9059, -5996, -11370, 1308, 10533, 3920, -6462, -7286, 679, 7348, 4626, -4072, -7831, -1029, 8135, 5740, -5692, -8056, 1505, 7255, 2860, -4027, -5787, -81, 6200, 3466, -4062, -5122, 518, 4806, 2773, -2882, -4533, 169, 4347, 2211, -2573, -3492, 151, 3495, 1852, -2383, -2796, 596, 2710, 1139, -1908, -2083, 681, 2012, 653, -1176, -1744, 132, 2239, 686, -1968, -1150, 1150, 1282, -244, -1085, -385, 587, 662, 52, -663, -586, 486, 790, -219, -674, 34, 458, -22, -237, 43, -13, 100, 250, -327, -370, 410, 397, -274, -395, -3, 383, 311, -331, -514, 193, 570, 59, -532, -310, 368, 444, 7, -459, -451, 341, 652, -6, -525, -431, 288, 696, -107, -694, 2, 520, 107, -244, -221, -142, 135, 531, 532, -721, -2256, 711, 5716, -807, -12070, 1522, 23112, -3159, -41321, 5690, 69453, -4171, -107372, -10550, 151818, 43255, -197429, -88399, 235744, 136474, -254830, -185011, 243368, 237393, -198496, -294918, 128952, 343288, -43504, -359863, -51727, 337750, 140109, -291494, -192856, 237880, 192597, -182913, -151386, 130137, 97382, -84339, -56513, 47174, 41314, -15002, -49759, -17204, 70192, 50793, -87922, -82281, 91283, 105620, -75725, -113779, 45549, 101426, -11368, -67409, -15249, 16548, 27195, 40182, -24271, -88495, 12047, 116371, 1844, -119104, -11450, 100615, 14546, -71041, -12500, 41492, 8735, -19229, -6597, 5917, 7184, 1015, -8696, -5434, 7975, 9462, -2866, -11728, -6254, 8695, 16339, 2214, -22034, -19842, 18008, 38907, -2692, -52053, -19760, 53490, 41443, -42117, -54862, 22073, 55979, -695, -45627, -14663, 28653, 19905, -11678, -16145, 455, 8735, 2357, -3886, 1705, 5065, -7849, -11644, 10883, 19975, -8014, -25176, 0, 23726, 9753, -15698, -16858, 4834, 18003, 4118, -12813, -8274, 4155, 7414, 3699, -3570, -7509, -129, 6846, 906, -3871, 2344, 1411, -8419, -1005, 14281, 2452, -16657, -4618, 13790, 6199, -6292, -6157, -3199, 4000, 11377, 5, -15767, -4692, 15754, 8326, -12469, -9374, 7963, 7357, -4212, -3029, 2387, -2027, -2650, 5901, 4292, -7145, -5979, 5441, 6260, -1579, -4402, -3211, 928, 7890, 2931, -11666, -6240, 14181, 9202, -15836, -12532, 17629, 16173, -19974, -19101, 21996, 20495, -22270, -20339, 20037, 18709, -15559, -15311, 9763, 10007, -3956, -3364, -401, -3396, 2165, 8968, -1056, -12271, -2106, 12662, 5778, -10173, -8263, 5628, 8284, -674, -5047, -2769, -1305, 3367, 9090, -867, -15401, -3941, 17704, 9561, -15148, -14088, 8567, 15803, 114, -14153, -8479, 10025, 14198, -4727, -16052, -831, 14712, 5808, -12043, -9006, 9554, 9757, -7568, -8573, 5666
1791219477.106, MrmDetectionListInfo, 870, 108, 240, 25065, 241, 32234, 242, 40349, 243, 49631, 244, 60943, 245, 65535, 246, 65535, 247, 65535, 248, 65535, 249, 65535, 250, 65535, 251, 65535, 252, 65535, 253, 65535, 254, 65535, 255, 65535, 256, 65535, 257, 65535, 258, 65535, 259, 65535, 260, 65535, 261, 65535, 262, 65535, 263, 65535, 264, 65535, 265, 65535, 266, 65535, 267, 65535, 268, 65535, 269, 65535, 270, 65535, 271, 65535, 272, 65535, 273, 65535, 274, 55130, 275, 42305, 276, 33458, 277, 29391, 278, 31661, 279, 40652, 280, 54390, 281, 65535, 282, 65535, 283, 65535, 284, 65535, 285, 65535, 286, 65535, 287, 65535, 288, 65535, 289, 60323, 290, 45949, 291, 33799, 292, 25212, 293, 21337, 295, 34217, 296, 46888, 297, 56784, 298, 61320, 299, 61827, 300, 61187, 301, 60935, 302, 60041, 303, 56318, 304, 49070, 305, 39896, 306, 31000, 307, 23442, 308, 17136, 325, 20506, 326, 24650, 327, 26488, 328, 27247, 329, 30305, 330, 36745, 331, 43572, 332, 47010, 333, 46070, 334, 42320, 335, 37343, 336, 31735, 337, 26557, 338, 23754, 339, 23555, 340, 23214, 341, 20026, 342, 14352, 351, 11647, 352, 14354, 353, 15521, 356, 13254, 357, 13180, 362, 9822, 363, 9219, 364, 9079, 380, 9617, 381, 10177, 382, 10087, 383, 9313, 384, 7882, 394, 11512, 422, 16471, 423, 17914, 424, 19266, 425, 20402, 426, 21186, 427, 21507, 428, 21318, 431, 17763
1791219477.200, MrmFullScanInfo, 871, 107, 2086606, 0, 0, 0, 0, 10000, 39297, 32, 1, 2, 1, 480, -422093, 492109, 422450, -478680, -452450, 447323, 504489, -371267, -520056, 103524, 520169, 342218, -495782, -500526, 369589, 516910, -110543, -520183, -180283, 519556, 319661, -511116, -475339, 482900, 520147, 513236, -161890, -520180, -415902, 496636, 362362, -500385, -436999, 505220, 281597, -517912, -282361, 518412, 218624, -516672, -294451, 515516, 433071, -507618, -515538, 379491, 520192, 91565, -520029, -491677, 446556, 519387, -163481, -520182, -240095, 519776, 472460, -501206, -517443, 380727, 520073, -126320, -520160, -278078, 511872, 452495, -49113, -364384, -519197, 70423, 520042, 410980, -478260, -514552, -79323, 515849, 511188, -301342, -520192, -366368, 516306, 518607, -312508, -520175, 3316, 519987, 327979, -504924, -508670, 335796, 520112, 131132, -520104, -492994, 432160, 520012, 61974, -519574, -376795, 492736, 480724, -312110, -486738, 2680, 179593, 169829, 211899, -137591, -452132, -79776, 481253, 355180, -298130, -449989, -13471, 387503, 278965, -209136, -425772, -66741, 387683, 315633, -209237, -386633, 29202, 348378, 120404, -244217, -191148, 83690, 129676, 43858, -30115, -82303, -47435, 57302, 98977, 4625, -66354, -54953, -35939, 53182, 114051, 2608, -135365, -84875, 111943, 138262, -43866, -130621, -28410, 76663, 58003, -11233, -37128, -49394, -1363, 77509, 40271, -59834, -64159, 30237, 48764, -14652, -4518, 12198, -38604, -33075, 50943, 78201, -27230, -109487, -24803, 106780, 92516, -71036, -121863, 6169, 141888, 67917, -124519, -121573, 81612, 134947, -23653, -114186, -22257, 74396, 38861, -27857, -26584, -5235, 1995, 11218, 28702, 7094, -43561, -34472, 29526, 58860, 6512, -68845, -42183, 56696, 69323, -24591, -81216, -6335, 69879, 27571, -40999, -38542, 12505, 37088, 9272, -23379, -25451, 9694, 37243, 2627, -46953, -22675, 65127, 56372, -19295, -125145, 15292, 197771, -5529, -274622, -6997, 331005, 35952, -344649, -88729, 314351, 170784, -244108, -261336, 147004, 328308, 101360, -305252, -183811, 247802, 215208, -167248, -196891, 90851, 136315, -34842, -55468, 13920, -14762, -29416, 53835, 83225, -11863, -109562, -32681, 100904, 89317, -57054, -131015, -11610, 144006, 79501, -124822, -120313, 82827, 121415, -30494, -58799, -41852, 852, 31758, 54941, 2376, -88531, -46340, 92131, 84393, -68196, -98918, 29259, 86518, 10856, -51194, -40019, 5968, 30691, 41162, 1047, -68966, -39537, 70960, 70408, -48408, -80991, 14348, 71090, 21786, -44314, -44980, -1758, 54004, 27971, -41394, -40406, 26639, 36121, -15796, -19726, 12189, 2657, -14796, 8624, 20773, -11683, -23046, -6804, 10279, 10825, 3452, -7402, -18420, 406, 28193, 10192, -28755, -17426, 19632, 21244, -4637, -17296, -11891, -570, 29551, 15825, -33321, -26799, 32412, 30167, -30534, -24612, 32074, 12339, -39574, -658, 52280, -5742, -67982, -3450, 80203, 12184, -82168, -23858, 75742, 33028, -61143, -37701, 43054, 34429, -27584, -27196, 16836, 16575, -11310, -2652, 12961, -3093, -14410, 7281, 15852, -10012, -15265, 11610, 13456, -11878, -12565, 9284, 14404, -3587, -17543, -9905, 21863, 22920, -24348, -34850, 20737, 41997, -14696, -42059, 8504, 32393, -4290, -14523, 2749, -9660, -2993, 29309, -4246, -59048, 12822, 92435, -27436, -127870, 45615, 162705, -58072, -189230, 59490, 199146, -39325, -184326, 2680, 148357, 45554, -89161, -87944, 16328, 110950, 53093, -109874, -106017, 85139, 130318, -50069, -124684, 16429, 94545, 3532, -47075, 377, 16091, -17815, -3747, 38715, 9453, -48535, -26782, 39162, 44666, -10268, -51981, -28386, 43831, 63182, -23301, -89461, -12179, 87058, 42638, -66006, -55652, 33545, 48136, -1823, -23393, -17966, -7701, 22880, 33124, -13818, -40892, -5233, 40384, 18507, -30013, -22091, 15289, 15247, -3329, -1292, 7, -13508, -4129, 22293, 10934, -24102
1791219477.200, MrmFullScanInfo, 871, 107, 2086606, 0, 0, 0, 0, 10000, 39297, 32, 2, 2, 1, 480, 0, 0, 0, 0, 0, 0, 168694, -228843, -312771, 479610, 362147, -534722, -380795, 345539, 436549, -27048, -509362, -259349, 507508, 433990, -370285, -523026, 132770, 579799, 111019, -566804, -279865, 391019, 326106, -46307, -242471, -338650, 72745, 611963, 92929, -724884, -181795, 712831, 186946, -643463, -146715, 575726, 117656, -543389, -137709, 547268, 206786, -535929, -299592, 423859, 400563, -182079, -490280, -112030, 505202, 352977, -375429, -508463, 117728, 600931, 158458, -626883, -352594, 541840, 454190, -325704, -491287, 39090, 433489, 205615, -228038, -308432, -92149, 233443, 376151, -21382, -456184, -231821, 284109, 396855, 40920, -369205, -357107, 149584, 539972, 144685, -524622, -391306, 319393, 545697, -18896, -583987, -259045, 465955, 453312, -199712, -541541, -119464, 488308, 384353, -281568, -547283, -4900, 590617, 239794, -495412, -321665, 278348, 224563, -24873, -1816, -141889, -240332, 141732, 393701, 6497, -392461, -202592, 236846, 332216, 6978, -325304, -237966, 181981, 370071, 32899, -368179, -227483, 254844, 331331, -93028, -321577, -45561, 220954, 113494, -82941, -104353, -32150, 46664, 85160, 14695, -72806, -40241, 22484, 16183, 24636, 40150, -35595, -95303, 4167, 120280, 47476, -103676, -86352, 56219, 89828, -3838, -55779, -29035, 1153, 32583, 48323, -13346, -73198, -11322, 70090, 22511, -49755, -11370, 29388, -14825, -24560, 38308, 40945, -41694, -69954, 17780, 93177, 27582, -92773, -79670, 61437, 121911, -7188, -140716, -50705, 128876, 92463, -90285, -106767, 40196, 93352, 1941, -61155, -22291, 24836, 18083, 821, 2492, -7033, -24351, -6141, 33062, 30819, -22461, -54365, -3540, 64835, 34729, -57112, -59319, 34809, 68307, -6687, -59442, -17966, 37691, 32459, -11057, -34752, -14057, 27127, 35262, -12758, -50504, -9815, 57619, 47415, -58970, -104875, 62068, 177110, -71151, -249612, 78793, 305759, -69072, -333395, 26723, 328574, 52081, -286058, -153644, 200661, 251022, -83644, -313885, -32176, 320833, 112189, -271243, -141824, 186039, 124607, -96834, -75267, 32927, 16350, -10802, 27812, 27795, -40342, -63295, 18043, 89601, 29443, -87059, -85139, 52730, 129789, 357, -147879, -49439, 130808, 73840, -82276, -65726, 22169, 30996, 21707, 17298, -31653, -64074, 10372, 94497, 25698, -98701, -57353, 75985, 70962, -36285, -61450, -3106, 31414, 25754, 10350, -24384, -50452, 3299, 75064, 25979, -75837, -50819, 53591, 61481, -17238, -54072, -20384, 32234, 47432, -5461, -57490, -15776, 51804, 24916, -37453, -21119, 22691, 8813, -13113, 4188, 9659, -10627, -9303, 8232, 7559, -730, -1299, -5766, -9221, 7472, 20344, -3959, -26926, -2811, 25283, 9282, -14675, -11700, -2468, 8316, 21160, -558, -35804, -7936, 43273, 13147, -44510, -12146, 43225, 4543, -43627, 6605, 48586, -16181, -58273, 20014, 69741, -16839, -78131, 8093, 79321, 3293, -72054, -13720, 58265, 20022, -41846, -20303, 26866, 14725, -16067, -5551, 10281, -3950, -8573, 11282, 8948, -15566, -9525, 16946, 9613, -15829, -9928, 12281, 11880, -6029, -16400, -2805, 22855, 13130, -28875, -23058, 31709, 30350, -29975, -32505, 24191, 27304, -15882, -14213, 6174, -5210, 4983, 28705, -18765, -54727, 36755, 82337, -59364, -109986, 84171, 135102, -104930, -154076, 112874, 163025, -100186, -158770, 64318, 139318, -10629, -104336, -48639, 56314, 98503, -1722, -126714, -49564, 128122, 86892, -106162, -102051, 71362, 92949, -37278, -65687, 15507, 32623, -11109, -6718, 20476, -3963, -33257, -1642, 37684, 18277, -26498, -36959, -28, 48281, 34543, -45735, -65818, 28606, 83325, -2933, -81349, -20819, 61209, 32962, -30335, -29163, -740, 12286, 22185, 9783, -28507, -28658, 20929, 38820, -6551, -38462, -5831, 29280, 10277, -15943, -5646, 4142, -4967
1791219477.200, MrmFullScanInfo, 871, 107, 2086606, 0, 0, 0, 0, 10000, 39297, 32, 4, 2, 1, 480, 0, 0, 0, 0, 0, 0, -259, -215, 713, 169, -850, 383, 424, -1147, 488, 1445, -1626, -857, 2440, -191, -2651, 1025, 2381, -1277, -1834, 997, 414, -205, 1939, -1003, -3913, 2045, 4407, -2208, -3608, 1481, 2479, -485, -860, -337, -1594, 1069, 4223, -1792, -5525, 1811, 4786, -199, -3081, -2520, 1735, 4359, -846, -4033, -492, 2446, 2589, -1236, -4362, 739, 4544, -150, -3155, -549, 1387, 22, -57, 2897, -1050, -7732, 2465, 11924, -3683, -12555, 2822, 9229, 728, -3707, -4715, -2311, 6704, 7136, -6102, -8650, 3279, 6617, 669, -3550, -3488, 1329, 3729, 202, -2252, -1300, 775, 1591, -256, -945, 1230, -169, -3365, 1161, 4981, -1579, -4428, 1314, 2131, -346, 78, -1470, -944, 3544, 898, -4234, -1246, 2520, 2390, 760, -3600, -3583, 3945, 4494, -2942, -3482, 679, 1686, 1756, -92, -2723, -1239, 1472, 2432, 1069, -3240, -3089, 3255, 3463, -2469, -2366, 1373, 690, -366, 720, -278, -1466, 308, 1637, 251, -1441, -1028, 1044, 1538, -560, -1482, 99, 904, 276, -159, -511, -391, 474, 627, -166, -569, -264, 323, 586, 1, -648, -238, 484, 246, -178, -78, -138, -25, 338, 24, -345, -113, 301, 341, -340, -507, 465, 439, -523, -168, 403, -91, -150, 152, -20, -45, -8, -62, 108, 93, -126, -77, 14, 75, 170, -65, -328, 17, 349, 95, -279, -174, 330, 95, -709, 119, 1629, -186, -3555, -469, 7578, 2644, -15239, -7467, 28142, 16784, -43181, -35814, 53522, 72756, -56844, -130836, 58389, 200961, -62328, -264843, 62821, 304444, -47142, -308045, 3265, 272917, 68706, -197038, -151185, 79344, 217326, 65957, -242987, -203487, 213648, 294753, -129050, -320688, 6479, 282412, 123097, -194876, -218337, 78266, 243622, 44742, -192970, -145814, 94847, 195822, 9623, -182053, -90116, 118643, 130753, -36795, -129014, -31171, 94963, 62622, -47431, -51554, 6574, 11105, 12985, 33253, -6139, -58322, -21131, 54282, 53892, -24625, -75165, -18508, 72706, 60434, -44236, -88671, -579, 95349, 44342, -78879, -70910, 45426, 72644, -7315, -51264, -22555, 15570, 36283, 21521, -32416, -47407, 15352, 55063, 5888, -45318, -21140, 24772, 24605, -1819, -17710, -16485, 6429, 26676, 2790, -29333, -6528, 27959, 5199, -26715, -1243, 27780, -2918, -30059, 5585, 30555, -5782, -26858, 3806, 18607, -1008, -7725, -699, -2663, -2, 10015, 2600, -13438, -4723, 13507, 4127, -11512, -702, 9043, -3602, -7410, 6169, 6788, -4881, -6111, -893, 4044, 9668, 83, -18361, -6034, 24075, 12630, -25545, -17868, 23097, 19825, -17903, -17675, 11338, 12320, -4683, -5944, -924, 871, 4798, 1732, -7043, -2172, 8452, 1423, -9828, -242, 11272, -1056, -12231, 2452, 12012, -4024, -10326, 5652, 7641, -6890, -5067, 7184, 3672, -6176, -3697, 3857, 4547, -637, -5152, -2709, 4631, 5488, -2916, -7322, 882, 8109, 355, -7973, -171, 7339, -1287, -6678, 3143, 5918, -3974, -4439, 2487, 1677, 1331, 2480, -5836, -7742, 8556, 13447, -7494, -18180, 1921, 19914, 7435, -16453, -18005, 6859, 26036, 7113, -28154, -21252, 23020, 31086, -12013, -34243, -1247, 30932, 12209, -23316, -17306, 14453, 15589, -7363, -9034, 4280, 1390, -5635, 3662, 9535, -3935, -12628, -552, 12059, 7701, -6922, -14265, -1381, 16899, 10111, -13734, -16747, 5937, 19804, 2619, -18855, -7955, 14707, 8515, -9399, -5474, 5340, 1522
1791219477.200, MrmDetectionListInfo, 871, 126, 225, 21816, 226, 28745, 227, 36771, 228, 45955, 229, 56535, 230, 65535, 231, 65535, 232, 65535, 233, 65535, 234, 65535, 235, 65535, 236, 65535, 237, 65535, 238, 65535, 239, 65535, 240, 65535, 241, 65535, 242, 65535, 243, 65535, 244, 65535, 245, 65535, 246, 65535, 247, 65535, 248, 65535, 249, 65535, 250, 65535, 251, 65535, 252, 65535, 253, 65535, 254, 65535, 255, 65535, 256, 65535, 257, 65535, 258, 65535, 259, 65535, 260, 65535, 261, 65535, 262, 65535, 263, 65535, 264, 65535, 265, 65535, 266, 65535, 267, 65535, 268, 65535, 269, 65535, 270, 65535, 271, 65535, 272, 65535, 273, 65535, 274, 65535, 275, 65535, 276, 65535, 277, 52796, 278, 33319, 282, 22343, 283, 32037, 284, 37726, 285, 41379, 286, 44959, 287, 47554, 288, 47818, 289, 47120, 290, 48688, 291, 53920, 292, 59866, 293, 61272, 294, 56427, 295, 50990, 296, 53168, 297, 63227, 298, 65535, 299, 65535, 300, 58194, 301, 43978, 302, 33207, 303, 27788, 304, 25892, 305, 25173, 306, 25715, 307, 28672, 308, 33184, 309, 36236, 310, 35530, 311, 31860, 312, 28254, 313, 26836, 314, 26501, 315, 24107, 316, 18392, 317, 12238, 318, 9985, 319, 12352, 320, 15751, 321, 16936, 325, 17500, 326, 16634, 327, 14902, 328, 13866, 329, 14416, 330, 16072, 331, 17665, 332, 18388, 333, 18115, 334, 17024, 335, 15211, 336, 12682, 362, 11338, 363, 14464, 364, 17469, 365, 19760, 366, 21012, 367, 21327, 368, 20913, 369, 19804, 439, 17959, 440, 21094, 441, 24127, 442, 25482, 443, 24585, 444, 22122, 445, 19326, 446, 17484, 447, 17503, 448, 18874, 449, 19646, 450, 18310
1791219477.341, MrmFullScanInfo, 872, 107, 2086731, 0, 0, 0, 0, 10000, 39297, 32, 1, 2, 1, 480, -420739, 490298, 421632, -478093, -453155, 442805, 504179, -369455, -520022, 107456, 520136, 342783, -493182, -499992, 369230, 517935, -106095, -520192, -179493, 519509, 326241, -511912, -474526, 481108, 520192, 513601, -145943, -520082, -421639, 495773, 363018, -501367, -439155, 503494, 281653, -517993, -283331, 518036, 213247, -515708, -286621, 516387, 426674, -509037, -516399, 383490, 520192, 79542, -520133, -489374, 451588, 519273, -164368, -519938, -238395, 519691, 468856, -501475, -516314, 387376, 520110, -121490, -520178, -282472, 511789, 468095, -43494, -388714, -519561, 87010, 520165, 409216, -482729, -514123, -63720, 517399, 511473, -321947, -520192, -350727, 516562, 517892, -318223, -520184, 8766, 519918, 327797, -504683, -508233, 337239, 520189, 129382, -520071, -495881, 432876, 520035, 65752, -519240, -385161, 491416, 485688, -310382, -486941, 4393, 177276, 165749, 209449, -146375, -457680, -67700, 484597, 355882, -308112, -454368, -9496, 394952, 278317, -217507, -424246, -66731, 386379, 313220, -213009, -388900, 36310, 353184, 121003, -246085, -195287, 87493, 135303, 44845, -34229, -85274, -47840, 57932, 99262, 5195, -68709, -53732, -30906, 54034, 111184, 746, -133564, -81479, 111825, 135476, -46049, -128194, -28537, 77230, 58409, -10575, -36492, -48452, -805, 76469, 39427, -60355, -62549, 30883, 47287, -14942, -3821, 13403, -37628, -33584, 50268, 77212, -26602, -109745, -25378, 106464, 92548, -71855, -121529, 6355, 142682, 67641, -124567, -121835, 81584, 135107, -24195, -114339, -23241, 74084, 38945, -28247, -26597, -5221, 2008, 11673, 27944, 7666, -43181, -34243, 29141, 58539, 6850, -66488, -44064, 50298, 73755, -11783, -89616, -28992, 69006, 68028, -41228, -106645, 19044, 141082, -21443, -164669, 52720, 174841, -110455, -158335, 174113, 109925, -213205, -41026, 183206, 78353, -192852, -21180, 172279, -10672, -131240, 14902, 89444, 1712, -57453, -20662, 33668, 37027, -14490, -48336, -37252, 49299, 33460, -44665, -16178, 40150, -12854, -35760, 48633, 33395, -76824, -36012, 90525, 50224, -87800, -68069, 16471, 91897, 7125, -91863, -29351, 86775, 43331, -74095, -47650, 58539, 42688, -43706, -26860, 32209, 4699, -23749, 19759, 29844, -31197, -32766, 38389, 34137, -38407, -33986, 31524, 33203, -18164, -28650, 1134, 22229, 17300, -14537, -35927, 8603, 38828, -1782, -34241, 906, 25468, -5891, -15322, 16458, 9095, -28516, -10014, 37230, 18136, -39928, -41052, 24958, 49392, -10439, -54324, -7231, 51686, 22156, -41652, -32768, 26345, 35745, -9200, -30648, -6286, 21386, 26235, -17856, -27743, 9344, 28397, -5288, -26212, 4102, 22808, -4209, -19900, 3902, 16718, -1531, -11671, -1298, 1466, 10714, 7137, -14958, -14037, 21509, 20416, -28550, -20902, 36947, 16998, -45911, -11344, 56739, 7675, -66078, -15197, 67623, 16697, -66757, -22326, 59526, 26476, -46351, -28253, 32214, 28085, -19563, -23433, 11962, 16220, -8703, 690, 10671, -7354, -13641, 11729, 16153, -15275, -16421, 15709, 15599, -13043, -15665, 7897, 16769, 582, -18417, -14718, 22188, 27526, -22423, -36673, 19335, 42812, -15322, -40798, 11147, 31503, -7280, -13588, 4794, -9038, -3513, 26899, -11989, -54954, 26048, 87557, -44319, -122665, 66929, 159515, -82129, -188849, 84856, 204295, -67701, -195062, 34918, 175303, 12700, -124316, -58433, 58142, 92936, 8828, -103775, -66169, 93662, 99825, -70199, -106879, 46714, 92159, -31384, -67752, 30759, 44860, -38580, -33987, 48415, 35198, -49325, -45339, 35451, 55980, -7206, -60862, -27899, 53499, 59288, -32980, -94073, 3161, 93190, 22330, -78752, -38590, 51342, 39466, -23552, -26656, 2516, 5531, 5556, 14338, -5967, -22369, 5647, 28827, 1697, -25083, -5409, 16319, 1419, -6124, 7800, 1658, -19219, -1531, 30130, 6095, -35499
1791219477.341, MrmFullScanInfo, 872, 107, 2086731, 0, 0, 0, 0, 10000, 39297, 32, 2, 2, 1, 480, 0, 0, 0, 0, 0, 0, 168571, -227919, -312929, 477923, 362744, -533431, -381222, 345410, 436073, -27542, -507794, -259257, 505372, 434648, -368055, -524172, 130567, 580960, 113006, -567548, -280357, 390816, 323284, -44667, -236428, -341564, 65988, 614974, 97664, -726596, -183969, 712834, 187279, -642314, -145375, 574097, 114200, -541554, -132559, 545695, 201705, -536124, -296019, 427234, 398599, -187987, -489496, -106120, 505589, 349168, -377073, -506914, 120298, 601014, 155584, -627877, -350166, 542621, 452886, -324261, -491334, 32735, 434971, 218427, -231352, -325566, -87309, 249198, 372706, -31160, -457670, -229096, 290706, 400809, 32215, -378614, -349613, 160852, 536021, 135940, -525239, -386677, 323264, 544145, -23186, -584223, -256334, 467040, 452453, -200753, -541717, -119116, 488005, 384802, -279265, -548304, -9317, 592020, 244460, -497058, -324464, 279522, 224837, -23740, -529, -146627, -242164, 148539, 396290, 1374, -396488, -201954, 242210, 335804, 1382, -330602, -233619, 186233, 368608, 31012, -370293, -227664, 259035, 332927, -96233, -324136, -45568, 223891, 116430, -85297, -108228, -31135, 49437, 85489, 14183, -74026, -42062, 24032, 19528, 23530, 36521, -35743, -92489, 5875, 118737, 44750, -103165, -83713, 56224, 88225, -4023, -55488, -28796, 1773, 32506, 47450, -13764, -72585, -10275, 69895, 21166, -49935, -10346, 29824, -15113, -25062, 37882, 41325, -40905, -70205, 17073, 93404, 27942, -93022, -79727, 61678, 121876, -7345, -140760, -50673, 128994, 92517, -90345, -106858, 40091, 93488, 2152, -61304, -22498, 24943, 18323, 743, 2153, -6934, -23936, -6101, 32508, 30050, -21241, -51796, -6639, 58919, 40708, -45352, -68153, 12648, 80292, 32779, -78564, -81972, 74437, 124271, -82097, -148543, 109744, 145375, -153351, -110453, 194728, 55425, -214729, -4262, 209917, -27681, -189581, 43381, 160503, -49604, -124550, 44325, 87364, -25849, -56956, -637, 34953, 26638, -16837, -46296, 1058, 57013, 6854, -57485, -460, 48185, -20013, -32584, 48114, 17019, -74791, -8834, 89387, 14297, -84272, -35027, 61538, 64371, -32198, -89484, 6886, 100079, 10824, -94678, -20731, 78476, 22497, -58225, -15430, 39259, 694, -25013, 17715, 16990, -34478, -14524, 45246, 15536, -47846, -18053, 42100, 20713, -29300, -22622, 11583, 23438, 7814, -23118, -24351, 21484, 33718, -18588, -34143, 15693, 27190, -15088, -16545, 18428, 6692, -25415, -2260, 33364, 6300, -38398, -18161, 37389, 33375, -29383, -46138, 15872, 52262, 115, -50006, -14871, 40011, 25124, -24176, -29657, 5591, 29594, 11370, -26708, -22701, 22174, 27128, -17047, -26323, 12654, 22805, -9608, -18494, 7438, 13986, -4650, -8931, -314, 3244, 7844, 2438, -16906, -7081, 26138, 9512, -34794, -8588, 42665, 4036, -49910, 2399, 56649, -7659, -62543, 9352, 66574, -6998, -67227, 1640, 63253, 5277, -54549, -12040, 42706, 16786, -30392, -17373, 20024, 12500, -12794, -3280, 8805, -7054, -7527, 15322, 7939, -19994, -8930, 20806, 10051, -18106, -11672, 12326, 14589, -3826, -19260, -6545, 24982, 17220, -29825, -26294, 31825, 31922, -30142, -32237, 25061, 25724, -17392, -12456, 7346, -5710, 5913, 26571, -23581, -49124, 46358, 73475, -73584, -99195, 102375, 124426, -126621, -145695, 138089, 159247, -129577, -162033, 98488, 151476, -48599, -125777, -10483, 85729, 65731, -36493, -104845, -13173, 120855, 53345, -114615, -76279, 93922, 79473, -69799, -66700, 51758, 46444, -44070, -28415, 44571, 19806, -46388, -22919, 41738, 34885, -26038, -48997, -761, 57547, 34045, -55288, -65213, 41519, 84589, -20025, -86253, -2284, 71199, 17935, -45910, -22007, 19058, 14628, 2289, -573, -14555, -13646, 17647, 22983, -14218, -25137, 8702, 20458, -5623, -11574, 7630, 2271, -14586
1791219477.341, MrmFullScanInfo, 872, 107, 2086731, 0, 0, 0, 0, 10000, 39297, 32, 4, 2, 1, 480, 0, 0, 0, 0, 0, 0, -221, 832, 123, -1628, 266, 1500, -283, -691, -211, 192, 771, -291, -939, 521, 939, -619, -1086, 555, 1182, -316, -332, -252, -1982, 1178, 4358, -2039, -4809, 2088, 3069, -1093, -1010, -198, -12, 978, 511, -1104, -1480, 983, 2681, -734, -2990, -315, 2242, 2318, -1231, -4049, 500, 4155, -22, -2675, -239, 888, 421, 545, -764, -1186, 1048, 675, -767, 1209, 13, -4523, 897, 8378, -1977, -10526, 2790, 8992, -1714, -4995, -1518, 926, 4641, 2790, -5691, -6073, 4732, 7347, -2604, -5770, -12, 2978, 1956, -855, -2375, -208, 1610, 485, -502, -253, -310, -142, 316, 386, 727, -464, -2166, 669, 2663, -1117, -1725, 1187, 82, 251, 1076, -2955, -1502, 4786, 1954, -3927, -2815, 945, 3654, 1990, -3856, -3242, 3191, 2587, -1386, -1005, -1129, -299, 2851, 1033, -2487, -1402, 442, 1424, 1565, -898, -2308, -3, 1662, 793, -132, -1220, -1549, 1299, 2700, -906, -2869, -37, 2121, 1219, -1030, -2003, 244, 1946, 28, -1169, -20, 198, -18, 445, 137, -560, -473, 297, 908, 22, -1066, -238, 716, 366, -46, -408, -531, 345, 742, -254, -553, 230, 193, -291, 85, 375, -180, -351, 142, 196, -83, -8, 86, -119, -145, 182, 181, -156, -192, 85, 267, -57, -377, 92, 412, 43, -483, -769, 1094, 2558, -2974, -5879, 5891, 11716, -8728, -22154, 11714, 39538, -18459, -64090, 35297, 91627, -67978, -112732, 117682, 115257, -177344, -90975, 227966, 50915, -250964, -22610, 246184, 24991, -228326, -53677, 206764, 94786, -178302, -141039, 137764, 186812, -82698, -224232, 10558, 240375, 77077, -224432, -165863, 179072, 229301, -121167, -244823, 69712, 212017, -34443, -151538, 18404, 91685, -20620, -54873, 33220, 49407, -42738, -67566, 38002, 89884, -16621, -95371, -15611, 73244, 49444, -27097, -74598, -28630, 83311, 75137, -71311, -97797, 41002, 93091, -5024, -67907, -18626, 33247, 19690, 372, -3144, -24335, -17198, 34299, 28099, -32309, -22574, 25902, 945, -23717, 30749, 30466, -63225, -44689, 86988, 60269, -95533, -70040, 87347, 69656, -66104, -59582, 38634, 44372, -12234, -30032, -7808, 21333, 19923, -20303, -26132, 25997, 30040, -34796, -34035, 41624, 38106, -40742, -40827, 29121, 40579, -10157, -35512, -7853, 24276, 18106, -8411, -19590, -6999, 15072, 16353, -8201, -16749, 2065, 9335, 1283, 1740, -1030, -11521, -2029, 16390, 5845, -15288, -8177, 9669, 7722, -2428, -4594, -3525, -92, 6211, 4834, -5173, -8296, 1538, 9710, 2720, -9119, -5869, 7417, 7107, -5719, -6453, 4705, 4545, -3979, -2508, 2570, 1508, -212, -1946, -2304, 3182, 4017, -4220, -4549, 4516, 3933, -4075, -2324, 3257, 41, -2468, 2457, 1956, -4574, -1751, 5760, 1687, -5697, -1475, 4419, 1006, -2313, -550, 64, 488, 1512, -1204, -1726, 3068, 277, -6084, 2501, 9790, -5613, -13637, 7844, 17452, -8227, -21326, 6387, 25460, -2245, -29883, -4023, 33992, 11613, -36191, -19079, 34555, 24908, -28187, -28061, 17959, 27979, -5932, -24743, -5682, 18761, 15270, -10756, -21858, 2265, 24748, 4614, -23669, -8468, 19448, 9386, -14015, -8477, 9448, 7181, -6945, -6424, 5788, 6586, -4053, -7985, 718, 10510, 3445, -12755, -7233, 12623, 10308, -9141, -12628, 3333, 13755, 2637, -12386, -6839, 7471, 8483, 99, -7728, -7488, 5267, 12040, -2182, -13029, -252, 11497, 1120, -9281
1791219477.341, MrmDetectionListInfo, 872, 128, 216, 29480, 217, 37948, 218, 48458, 219, 61013, 220, 65535, 221, 65535, 222, 65535, 223, 65535, 224, 65535, 225, 65535, 226, 65535, 227, 65535, 228, 65535, 229, 65535, 230, 65535, 231, 65535, 232, 65535, 233, 65535, 234, 65535, 235, 65535, 236, 65535, 237, 65535, 238, 65535, 239, 65535, 240, 65535, 241, 65535, 242, 65535, 243, 65535, 244, 65535, 245, 65535, 246, 65535, 247, 65535, 248, 65535, 249, 65535, 250, 65535, 251, 65535, 252, 65535, 253, 65535, 254, 65535, 255, 65535, 256, 64072, 257, 51191, 258, 42958, 259, 39679, 260, 40927, 261, 45325, 262, 50986, 263, 56061, 264, 59010, 265, 58940, 266, 56342, 267, 53068, 268, 50926, 269, 50140, 270, 49353, 271, 48248, 272, 49492, 273, 56146, 274, 65535, 275, 65535, 276, 65535, 277, 65535, 278, 65535, 279, 53333, 280, 41896, 281, 34499, 282, 30329, 283, 25332, 287, 13204, 288, 25505, 289, 33229, 290, 33065, 291, 28268, 292, 22816, 296, 28608, 297, 42601, 298, 55235, 299, 64517, 300, 65535, 301, 65535, 302, 65535, 303, 65535, 304, 65535, 305, 65535, 306, 62783, 307, 52861, 308, 42168, 309, 31558, 310, 22591, 313, 17264, 314, 20422, 315, 23340, 316, 25609, 317, 27906, 318, 30852, 319, 34242, 320, 37320, 321, 39438, 322, 40296, 323, 39742, 324, 37613, 325, 33846, 326, 28810, 327, 23643, 328, 19854, 329, 18099, 330, 17543, 331, 16618, 332, 14629, 333, 12549, 335, 12685, 336, 13657, 364, 7289, 413, 12063, 414, 13172, 422, 21396, 423, 24263, 424, 26551, 425, 27950, 426, 28466, 427, 28170, 428, 27043, 429, 25048, 430, 22256, 431, 18968, 441, 14311, 442, 15334, 443, 15332
1791219477.450, MrmFullScanInfo, 873, 107, 2086856, 0, 0, 0, 0, 10000, 39297, 32, 1, 2, 1, 480, -423247, 492305, 422841, -478008, -454548, 444399, 503442, -370262, -519949, 110839, 520170, 340463, -496007, -498097, 367768, 518587, -110649, -520192, -178740, 519421, 324365, -511791, -475292, 482187, 520190, 512578, -168286, -520057, -411777, 498628, 361069, -500834, -439665, 504686, 281346, -518211, -285410, 518465, 218017, -515816, -299028, 514435, 430026, -507910, -515775, 383716, 520192, 93534, -520036, -492260, 446686, 519727, -158963, -520025, -239584, 519231, 472501, -500749, -516533, 381815, 520078, -134672, -520192, -266505, 512527, 448568, -49510, -351671, -519505, 61597, 520101, 409278, -477849, -514397, -75626, 516725, 511378, -297530, -520187, -372888, 515817, 518752, -312200, -520169, 1257, 519916, 330249, -504319, -508391, 337345, 520086, 125428, -520034, -493135, 434756, 520061, 56147, -519080, -375721, 495181, 480392, -312742, -478345, 12176, 169680, 157249, 209804, -135688, -451677, -77474, 480019, 357535, -290571, -448088, -15586, 383456, 277856, -208486, -418872, -73699, 379440, 313091, -207852, -384587, 27539, 346428, 122116, -240203, -189849, 78742, 126945, 47735, -28633, -85004, -51476, 54965, 100155, 6937, -66448, -54336, -34417, 52883, 112533, 2129, -135508, -86680, 110859, 138211, -42426, -128785, -32301, 76024, 61751, -9109, -39607, -51323, 1148, 79355, 38340, -61692, -64112, 32373, 48979, -15608, -5392, 13520, -36980, -32974, 50801, 76741, -25638, -109077, -26184, 105672, 93241, -70521, -121289, 5949, 142131, 67658, -124304, -121844, 81657, 134367, -25149, -113489, -22807, 73643, 38428, -26899, -23548, -7873, -7366, 17837, 46967, -4694, -79190, -15498, 94032, 28486, -98578, -22979, 108100, -15287, -115447, 72959, 107426, -116488, -113272, 104240, 58093, -120612, 33792, 106986, -143252, -72696, 237110, 52082, -300131, -48916, 324633, 65179, -300700, -89022, 131427, 253582, -37502, -208163, -57440, 147000, 134715, -83813, -179650, 30561, 187941, 376, -170168, -4953, 140634, -11627, -131828, -24072, 119051, -14646, -114651, 33784, 108144, -34163, -92612, 16044, 68751, 5887, -41653, -19228, 14865, 22763, 22562, -8606, -26757, -9217, 14898, 24333, 5663, -29652, -27119, 28375, 40817, -24401, -38767, 20703, 23990, -19601, 112, 5918, -15257, -19042, 24023, 30047, -23265, -33936, 15458, 31100, -4900, -20340, -4388, 5661, 9357, 6774, -6837, -15497, -2388, 18988, 10492, -15574, -11517, 6559, 5905, 4871, 6478, -12184, -21127, 15465, 33745, -11690, -37182, -6425, 31366, 12076, -20752, -13568, 6516, 10660, 8911, -5433, -21413, -513, 30790, 7009, -36514, -10484, 25957, 16048, -24966, -12226, 24318, 8590, -21516, -5227, 14950, 3714, -7061, -2104, -1068, 1018, 8572, 472, -14705, -2895, 16209, -2708, -15536, 13736, 13738, -28574, -11041, 45804, 9672, -61515, -11150, 74290, 15280, -81982, -31270, 78138, 34614, -71813, -36325, 62003, 36889, -49826, -35266, 38722, 34199, -30701, -33074, 26381, 31265, -23849, -24716, 18140, 22130, -15043, -16789, 12915, 10182, -10693, -2890, 10297, -2897, -12230, 5052, 16370, -2675, -20661, -6916, 23518, 16820, -20805, -26455, 13927, 33345, -4010, -33024, -4671, 23858, 11819, -6544, -14601, -16566, 15297, 37608, -16513, -65336, 25222, 96500, -40339, -128168, 56991, 157085, -68942, -177474, 68690, 181117, -52261, -162946, 17315, 125089, 24281, -72208, -65534, 10667, 93847, 47424, -100335, -90680, 86855, 110825, -64150, -106819, 41850, 83541, -26968, -53542, 25782, 27874, -31785, -14647, 38098, 14362, -36720, -24107, 21285, 35230, 4840, -39946, -35114, 34099, 59225, -18675, -83103, -4773, 76156, 25542, -55764, -36175, 28119, 33241, 56, -17826, -17306, -2805, 23534, 21072, -18883, -29904, 6423, 29677, 2210, -22116, -5137, 11378, 239, -3104, 8856, 90, -19219, -2750, 26337, 6351, -29400
1791219477.450, MrmFullScanInfo, 873, 107, 2086856, 0, 0, 0, 0, 10000, 39297, 32, 2, 2, 1, 480, 0, 0, 0, 0, 0, 0, 169013, -228439, -313460, 479127, 362814, -535214, -380821, 347589, 435582, -29776, -507690, -257476, 506054, 433550, -369610, -523523, 132503, 580517, 111527, -567457, -281005, 391635, 328199, -47015, -245632, -337825, 76088, 611294, 90779, -724712, -181514, 713264, 188078, -644271, -148475, 576441, 119443, -543673, -139014, 547359, 207238, -536243, -299173, 424340, 399821, -182273, -489549, -112369, 504379, 353623, -374424, -509055, 116867, 601212, 158788, -627360, -352293, 544069, 453086, -330813, -489202, 46729, 430603, 196655, -224790, -299707, -95250, 226827, 378562, -18200, -457563, -231847, 284544, 394723, 41248, -365802, -358068, 146035, 540994, 147177, -524801, -392364, 318331, 545990, -17201, -584606, -260230, 467533, 453418, -201884, -541378, -117510, 489230, 383034, -283884, -546586, -1718, 590977, 235454, -497745, -315453, 282836, 217276, -30116, 4051, -137842, -242428, 139546, 391618, 7435, -387903, -202756, 232824, 331059, 7807, -322262, -235177, 177736, 365417, 36419, -363752, -228513, 251621, 329544, -91084, -317649, -46366, 215966, 113274, -78262, -103215, -35186, 44801, 86050, 16913, -72242, -42336, 21691, 17796, 24849, 39178, -35136, -94849, 3463, 119749, 47920, -102207, -86357, 53421, 89563, -141, -55353, -32804, 475, 35758, 49359, -15579, -74607, -10118, 71749, 22242, -51404, -11790, 30648, -13974, -25113, 37146, 40773, -40269, -69393, 16335, 92598, 28637, -92340, -80112, 61164, 121862, -7053, -140557, -50637, 128899, 92066, -90477, -106015, 40512, 92248, 886, -59137, -18851, 20270, 9641, 10624, 19941, -25742, -56978, 26457, 88951, -22555, -108718, 27830, 113803, -51447, -104748, 88320, 83550, -122056, -50143, 136960, -124, -124771, 70385, 85554, -152680, -29052, 230036, -25112, -285913, 56671, 304079, -45325, -274737, -17759, 206351, 109264, -119698, -180380, 29495, 197348, 57833, -167351, -130883, 118567, 174779, -76233, -183066, 49269, 164492, -35071, -137047, 31293, 114407, -37993, -98753, 50163, 85929, -55769, -72508, 46631, 57739, -24903, -40945, 545, 21332, 16021, -1126, -19108, -13617, 9173, 17237, 8258, -9161, -25778, -5739, 37640, 19476, -41482, -24547, 37112, 18152, -26640, -3709, 15464, -12249, -9801, 24342, 11674, -29705, -17242, 27448, 20858, -18701, -19002, 6696, 11671, 3940, -1321, -9140, -8895, 7847, 16018, -2682, -17532, -1913, 12352, 2370, -1838, 2547, -10371, -11479, 19232, 21240, -20657, -28360, 14371, 30227, -4254, -25470, -4780, 14435, 10111, 590, -11519, -16165, 10067, 28424, -6739, -34582, 2276, 34728, 1990, -31444, -4163, 27054, 3509, -21827, -1413, 15297, -79, -7612, -58, -365, 1392, 7560, -3167, -12875, 5697, 15240, -10431, -13894, 18724, 8960, -30604, -1739, 44760, -5517, -59191, 9859, 71719, -9056, -80379, 3387, 83721, 4477, -81109, -11636, 73203, 16918, -61984, -20460, 50306, 22664, -40748, -23329, 34169, 22030, -29501, -19024, 25266, 15146, -20907, -10825, 16685, 5918, -13051, -589, 10686, -4243, -10420, 7026, 12756, -6273, -17191, 1462, 21931, 6623, -24490, -16097, 23061, 24257, -17394, -27868, 8574, 24144, 1807, -12211, -12415, -6591, 23013, 29968, -35095, -55791, 51073, 82095, -71835, -106643, 94617, 126973, -113024, -140305, 118914, 143798, -105600, -135405, 71272, 114593, -20760, -82513, -35389, 42193, 84225, 1208, -114860, -40697, 122558, 68836, -110027, -80201, 85612, 73938, -59595, -54647, 40246, 30796, -30879, -11460, 29106, 2997, -28686, -6885, 23030, 19501, -8661, -33829, -13777, 42553, 39715, -41056, -61585, 28943, 71690, -9980, -66116, -9080, 46975, 21200, -20796, -22245, -4368, 12886, 21744, 2043, -28000, -16181, 24233, 24465, -15199, -24776, 6794, 18293, -3273, -8642, 5898, -6, -13061
1791219477.450, MrmFullScanInfo, 873, 107, 2086856, 0, 0, 0, 0, 10000, 39297, 32, 4, 2, 1, 480, 0, 0, 0, 0, 0, 0, 366, -173, -516, 531, 218, -1167, 260, 1900, -572, -2162, 441, 1665, 249, -877, -1093, 368, 1390, -168, -891, -93, -830, 750, 4052, -1847, -7300, 2832, 8015, -2736, -5547, 1372, 1974, 377, 835, -1556, -2842, 1857, 4475, -1634, -5152, 1273, 4158, -234, -2156, -1832, 666, 3867, 205, -4386, -1237, 3279, 2468, -1744, -3068, 390, 2673, 51, -1541, 1767, -191, -6152, 2169, 12203, -3994, -18265, 5695, 21300, -6695, -18335, 5075, 10584, -542, -2179, -4110, -4950, 6495, 10174, -6326, -11592, 3795, 8699, 432, -4367, -4042, 1451, 4905, -475, -3167, 746, 730, -1310, 217, 1605, 1344, -1630, -4264, 1518, 6619, -727, -7877, -1237, 8419, 3950, -7764, -6439, 5238, 7705, -954, -7115, -3922, 4519, 7509, -491, -7894, -3859, 4741, 6987, -67, -7468, -3940, 5044, 6194, -984, -6298, -2989, 4175, 5944, -690, -7325, -2428, 6581, 4012, -3908, -3953, 713, 2707, 1446, -935, -1926, -630, 1011, 1512, 567, -1521, -1906, 595, 2346, 1085, -1845, -2841, 865, 3924, 208, -4047, -1114, 3318, 1693, -2004, -1923, 521, 1888, 646, -1588, -1152, 986, 1117, -211, -948, -434, 936, 736, -962, -731, 771, 578, -348, -382, -82, 179, 244, 89, -100, -447, -125, 809, 379, -1187, -1198, 2116, 3578, -4637, -8589, 9848, 17653, -18754, -32883, 32560, 56236, -52898, -87007, 80641, 119218, -112724, -143073, 138379, 148189, -143589, -125711, 120003, 70971, -68433, 10265, -2032, -98213, 74237, 168269, -123938, -205182, 129736, 203132, -78243, -163618, -26911, 98336, 154830, -24968, -257385, -44545, 300954, 107269, -286727, -160263, 238280, 198366, -182757, -217832, 132277, 221343, -85647, -218048, 44947, 214994, -20258, -210722, 15804, 200610, -20933, -184139, 22277, 164746, -13570, -142411, -5564, 113946, 32845, -80933, -61845, 51254, 82617, -30685, -88782, 17382, 82020, -7113, -67749, -2354, 50457, 10136, -32916, -13664, 17145, 11044, -4773, -2710, -3004, -8642, 5338, 19460, -1842, -26426, -6333, 27223, 16247, -20929, -24256, 8869, 27424, 4845, -24312, -14490, 15398, 15625, -3284, -7434, -7742, -7185, 13416, 23072, -11344, -33974, 1629, 34890, 13000, -24947, -27212, 7791, 34957, 11152, -33146, -27375, 23550, 37888, -10863, -41576, -172, 38609, 7586, -30568, -12245, 20843, 15336, -13037, -16808, 8193, 16599, -4447, -15658, -256, 14589, 6398, -12804, -12553, 8695, 16440, -1400, -16436, -7315, 12301, 13523, -5024, -13977, -3251, 8395, 9524, 979, -11215, -10758, 7454, 17737, 383, -20009, -9072, 17577, 15090, -12195, -16513, 6603, 13970, -3324, -9834, 3696, 6769, -7396, -6645, 12375, 9954, -15798, -15647, 15796, 21508, -12505, -25058, 7595, 24722, -2894, -20382, -393, 13278, 1918, -5315, -2130, -1770, 2127, 6787, -3038, -9108, 5368, 8808, -8819, -6719, 12720, 4079, -16356, -1938, 19111, 981, -20040, -1507, 18240, 3328, -13989, -5424, 8762, 6098, -3833, -4012, -751, -1053, 5207, 8269, -9294, -16678, 12417, 25322, -13977, -32443, 13584, 35653, -11146, -33334, 7218, 25949, -2945, -15565, -236, 4746, 1408, 4239, -802, -9982, -264, 12374, 118, -12507, 2358, 11827, -6971, -11239, 12118, 11083, -15536, -11390, 15470, 11922, -11490, -11981, 4546, 10726, 3715, -7914, -11460, 4265, 17095, -966, -19667, -1022, 19279, 1324, -16899, -384, 13499, -914, -9802, 1979, 6534, -2822, -4418, 3544, 3643, -3823, -3585, 3308, 3362, -2113, -2400
1791219477.450, MrmDetectionListInfo, 873, 134, 200, 12668, 201, 17634, 203, 31887, 204, 41583, 205, 53154, 206, 65535, 207, 65535, 208, 65535, 209, 65535, 210, 65535, 211, 65535, 212, 65535, 213, 65535, 214, 65535, 215, 65535, 216, 65535, 217, 65535, 218, 45843, 220, 27300, 221, 61198, 222, 65535, 223, 65535, 224, 65535, 225, 65535, 226, 65535, 227, 65535, 228, 65535, 229, 65535, 230, 65535, 231, 65535, 232, 65535, 233, 65535, 234, 65535, 235, 65535, 236, 65535, 237, 65535, 238, 65535, 239, 65535, 240, 65535, 241, 65535, 242, 65535, 243, 65535, 244, 65535, 245, 65535, 246, 65535, 247, 65535, 248, 65535, 249, 65535, 250, 65535, 251, 65535, 252, 65535, 253, 65535, 254, 65535, 255, 65535, 256, 65535, 257, 65535, 258, 65535, 259, 65535, 260, 65535, 261, 63340, 262, 63535, 263, 64591, 264, 64189, 265, 62235, 266, 59940, 267, 57766, 268, 54983, 269, 50818, 270, 45378, 271, 39502, 272, 34074, 273, 29697, 274, 26613, 275, 24361, 276, 21853, 277, 18285, 287, 15078, 288, 16995, 289, 19398, 290, 20988, 291, 20921, 292, 19411, 306, 20916, 307, 20702, 308, 19602, 310, 21197, 311, 22730, 312, 22464, 313, 20985, 314, 20675, 315, 22856, 316, 26349, 317, 28845, 318, 29024, 319, 27279, 320, 24783, 321, 22386, 322, 20634, 323, 20034, 324, 20371, 325, 20416, 326, 19195, 327, 17077, 328, 15162, 329, 13991, 331, 12321, 333, 9812, 340, 11678, 341, 10462, 342, 9458, 362, 14200, 363, 12054, 364, 10265, 374, 14746, 375, 16410, 376, 17568, 377, 18108, 378, 18009, 379, 17307, 380, 16057, 381, 14346, 382, 12318, 383, 10175, 384, 8151, 385, 6408, 400, 9671, 421, 19867, 422, 22066, 423, 23680, 424, 24310, 425, 23909, 426, 22619, 427, 20551, 428, 17775
1791219477.575, MrmFullScanInfo, 874, 107, 2086981, 0, 0, 0, 0, 10000, 39297, 32, 1, 2, 1, 480, -424519, 489153, 419472, -479872, -452450, 448125, 505150, -368786, -519965, 113365, 520109, 342090, -493515, -497902, 367206, 518191, -107415, -520180, -178038, 519478, 321862, -512578, -476549, 482413, 520156, 513784, -152019, -520135, -417783, 495368, 365909, -500310, -444079, 504121, 283651, -518094, -278404, 517611, 212799, -517367, -284501, 516072, 428377, -508963, -515233, 381818, 520192, 84734, -520086, -490239, 450289, 519700, -166369, -519706, -235012, 519734, 469703, -503428, -517111, 384177, 520098, -123875, -520099, -284677, 511961, 468403, -46490, -393724, -519319, 94404, 520161, 405179, -485563, -515412, -67008, 517315, 510447, -317913, -520176, -352717, 516320, 518519, -324387, -520180, 10840, 519829, 324113, -504844, -508339, 343800, 520122, 131893, -520051, -494242, 431453, 520095, 66182, -519320, -377262, 490780, 480665, -310908, -478982, 12803, 170333, 159765, 210927, -136167, -451504, -80890, 475505, 355513, -308642, -455175, -11732, 390049, 277968, -209432, -419700, -69968, 380592, 312541, -207896, -383308, 28507, 345124, 120446, -237205, -196684, 83038, 131793, 47886, -29496, -86010, -50908, 57885, 100107, 4899, -67494, -53814, -34389, 52885, 113473, 3270, -131202, -81878, 109386, 136143, -42412, -128493, -31887, 75907, 62053, -8660, -40443, -51717, 1456, 80134, 38163, -63024, -61527, 32531, 48680, -16173, -5048, 13436, -37533, -33075, 49944, 77758, -26794, -108978, -24226, 106437, 90108, -70804, -121544, 10568, 139704, 61353, -119941, -116079, 76883, 133169, -18396, -124665, -25697, 108546, 34100, -99869, -8964, 112361, -12163, -168457, 51823, 226398, -63881, -278293, 29486, 314395, 45987, -323223, -125495, 303037, 202734, -255464, -253447, 199461, 333562, -37072, -290657, -6321, 234930, 31910, -177701, -38116, 127883, 39495, -93403, -36727, 77999, 31185, -73025, -23005, 69580, 50092, -82846, -48556, 94309, 45458, -94609, -41984, 85019, 43289, -70678, -41204, 51215, 41426, -26866, -40193, -8384, 26589, 17260, -12424, -23618, 5783, 21817, -8503, -9305, 18718, -8534, -35550, 25458, 59241, -36235, -81267, -16198, 91710, 25269, -95296, -38422, 91109, 48398, -76738, -55658, 60131, 57248, -47276, -50481, 40734, 36696, -38410, -10188, 29731, 1119, -32957, 5678, 33698, -7554, -28796, 6593, 21798, -4908, -12165, 2554, 4142, 1457, 551, -6216, -995, 11172, -2883, -18344, 4652, 30720, -9344, -42896, 10821, 54093, -9897, -60463, 6208, 59087, -1268, -44810, -9868, 32452, 9295, -21217, -4184, 9525, 1971, 87, -2757, -6895, 5638, 13020, -9123, -18976, 13921, 31968, -12663, -36281, 14396, 40459, -14798, -35969, 13435, 25454, -9672, -10351, 4903, -3362, -123, 13423, -3571, -19114, 2932, 20125, -10393, -19854, 19863, 15964, -31883, -10742, 43375, 6518, -52413, -4217, 59510, 6247, -64669, -2858, 66710, 3748, -64144, -6153, 60618, 10397, -53805, -14975, 46870, 20439, -39723, -24988, 32877, 25229, -25548, -14102, 23659, 7680, -19835, 1732, 17089, -12898, -17789, 21450, 20973, -25721, -25101, 23552, 29793, -13559, -30113, -5742, 27835, 24393, -19247, -38481, 7018, 45570, 4006, -43702, -10601, 32835, 12396, -14486, -8322, -8294, 1982, 28857, -6054, -53954, 13666, 83068, -28769, -116853, 47333, 152017, -61865, -179259, 65879, 193034, -49640, -184079, 19450, 163274, 27304, -111813, -67450, 50096, 93374, 12911, -99366, -62937, 87452, 89848, -67716, -94921, 49018, 81048, -38863, -65226, 40728, 47041, -48207, -38013, 56700, 38079, -56122, -43676, 42087, 46633, -16105, -42521, -15819, 30476, 42318, -4227, -61633, -18372, 58723, 32266, -44314, -32994, 23130, 18692, -4277, 3761, -8275, -25120, 10426, 37266, -6644, -34016, -4291, 26755, 7184, -14135, -4835, 1842, -2692, 5002, 13626, -2931, -24723, -4494, 32602, 12367, -36420
1791219477.575, MrmFullScanInfo, 874, 107, 2086981, 0, 0, 0, 0, 10000, 39297, 32, 2, 2, 1, 480, 0, 0, 0, 0, 0, 0, 168500, -228704, -312470, 479826, 361903, -536109, -380194, 348249, 434959, -29915, -506743, -257870, 504764, 434192, -368486, -524123, 132124, 580851, 111151, -567430, -279518, 391065, 324426, -45583, -239120, -340019, 68303, 613469, 97663, -726153, -185929, 713682, 188980, -643548, -145208, 574665, 112587, -541260, -130925, 544963, 200900, -535056, -296096, 425581, 399210, -185819, -490360, -108096, 506655, 350189, -378349, -506942, 121482, 600509, 155000, -627412, -350288, 542421, 453324, -324159, -491898, 32262, 435922, 220043, -232996, -328793, -85216, 253494, 370726, -34968, -456278, -226832, 290071, 399623, 32331, -377425, -350009, 159488, 537622, 136691, -528174, -386254, 326636, 543266, -25889, -584131, -254643, 468120, 451468, -202259, -540997, -118103, 487846, 384354, -280681, -547807, -5530, 591250, 238435, -496907, -317139, 281380, 217877, -28773, 3857, -138412, -243010, 139022, 394609, 8791, -393968, -204452, 239950, 333041, 2732, -324631, -233254, 180412, 365704, 33815, -364856, -226291, 252266, 328031, -90116, -317544, -49157, 217561, 116663, -80421, -105727, -34298, 46083, 87101, 16367, -74396, -42013, 23662, 17725, 23952, 38479, -35567, -93040, 4832, 117343, 46389, -100276, -85281, 52513, 88983, 31, -55008, -32830, 110, 36123, 49824, -16515, -75031, -8779, 71946, 20977, -51381, -11027, 30636, -14235, -25314, 37338, 41155, -41031, -69665, 17886, 92768, 26619, -93188, -77688, 63599, 118406, -10804, -135436, -47917, 122791, 94957, -86276, -121399, 43605, 128966, -15419, -127881, 14456, 132067, -40703, -151288, 81183, 186065, -112999, -230153, 113724, 275302, -74689, -311823, 4727, 329707, 80224, -317310, -164302, 268577, 231007, -192729, -263857, 112180, 254859, -47768, -213067, 6327, 158617, 14776, -111308, -20762, 81621, 18381, -70225, -15072, 73314, 14498, -85206, -14666, 97751, 13072, -102849, -11324, 97164, 12396, -82406, -17281, 61530, 24186, -37271, -29637, 13191, 30482, 6391, -26474, -17777, 20931, 18804, -18112, -8932, 20687, -9600, -29286, 28552, 43455, -37099, -62121, 30783, 82076, -14935, -97255, -2119, 102120, 16708, -95723, -27998, 82113, 34711, -67161, -33990, 54178, 24467, -43226, -9304, 34066, -5365, -27574, 14929, 23927, -18409, -21283, 16970, 17535, -12338, -12105, 6009, 6335, 822, -2523, -7200, 2204, 12992, -5398, -19146, 11082, 26785, -17784, -35870, 23749, 44811, -27107, -50794, 26098, 51267, -20051, -45868, 10959, 36380, -2751, -24884, -2010, 12927, 4136, -2063, -5971, -6369, 9091, 12523, -13519, -17804, 18394, 23279, -22771, -28271, 25838, 30609, -26621, -28227, 23968, 20654, -17442, -9663, 8136, -1658, 1431, 10583, -8966, -15831, 14250, 17224, -19120, -14829, 25500, 8978, -33618, -862, 42311, -7259, -50277, 13371, 56830, -16875, -61447, 18181, 63526, -17468, -62827, 14476, 59816, -9256, -55353, 2434, 50268, 4786, -44990, -10317, 39512, 11944, -33592, -8822, 27168, 1960, -20704, 6838, 15187, -16015, -11800, 24011, 11367, -28938, -13856, 28605, 18408, -21337, -23531, 7438, 27226, 10203, -27482, -27145, 23408, 39033, -15974, -42601, 7429, 36288, 53, -20810, -5945, -1023, 11956, 25715, -21087, -50887, 35921, 75956, -57024, -100831, 81923, 124340, -104412, -143581, 115895, 155224, -108569, -156444, 79407, 144885, -32486, -119044, -21883, 79996, 70735, -33108, -103374, -12877, 115057, 48619, -108077, -67919, 90219, 69975, -71149, -58993, 58327, 42131, -54100, -26908, 55406, 18750, -55831, -19025, 48891, 25074, -31403, -31457, 4948, 32521, 24636, -25493, -49195, 12149, 61343, 2204, -57822, -11498, 41023, 11703, -17523, -2856, -4700, -10692, 18955, 22793, -22210, -28863, 16447, 27478, -7381, -19847, 1043, 9010, -856, 946, 7122, -6618, -17667
1791219477.575, MrmFullScanInfo, 874, 107, 2086981, 0, 0, 0, 0, 10000, 39297, 32, 4, 2, 1, 480, 0, 0, 0, 0, 0, 0, -347, -379, 762, 1012, -822, -1478, 744, 1519, -866, -1081, 1145, 327, -1230, 269, 725, -454, 175, 273, -768, -10, 1179, -262, -2088, 657, 3435, -989, -4420, 1005, 4603, -857, -3649, 590, 1255, 55, 2161, -1000, -5103, 1748, 6021, -1887, -4632, 1120, 2172, 420, -317, -1850, -753, 2365, 1831, -2032, -3028, 1412, 3499, -614, -2793, 55, 1397, -990, 187, 4177, -1847, -9504, 3720, 15960, -5911, -20455, 7342, 19294, -5837, -12561, 1180, 4187, 3723, 2861, -6173, -7438, 5426, 8653, -1777, -6865, -3259, 4298, 6718, -2140, -6722, 298, 4300, 893, -1648, -930, 499, 84, -923, 657, 1586, -634, -1213, -3, -154, 399, 1639, -12, -2394, -1093, 1768, 2470, -870, -3440, 1380, 3268, -3032, -1952, 3908, 443, -3063, 437, 1735, -297, -1135, -629, 1301, 1865, -1900, -2706, 2707, 2444, -3110, -1281, 2420, 419, -893, -629, -294, 1309, 495, -1562, 31, 1189, -428, -479, 1, -202, 1146, 575, -2155, -535, 2365, 282, -2028, -204, 1708, 428, -1604, -821, 1658, 1141, -1703, -1170, 1506, 919, -969, -581, 288, 361, 166, -270, -144, 200, -427, 27, 1185, -128, -1703, -600, 2264, 2254, -3464, -3648, 5198, 2737, -6133, 2716, 4143, -15055, 3251, 36236, -16791, -67891, 34746, 109939, -53792, -157968, 68323, 204295, -69196, -243582, 47295, 276739, -839, -307545, -61208, 336417, 127388, -350985, -188053, 334536, 230176, -284069, -234268, 213432, 186527, -139627, -95723, 71797, -10921, -16481, 102718, -20353, -154193, 29931, 153273, -7878, -107574, -32268, 37281, 62836, 39019, -65493, -108063, 45213, 156392, -17649, -172859, -4207, 155677, 15240, -115550, -14771, 70001, 2967, -32920, 16786, 9529, -34840, 375, 39308, 1534, -24857, -12122, -4166, 23011, 37204, -23536, -64006, 10218, 78265, 9224, -77717, -23487, 64197, 27664, -43338, -23607, 23007, 16240, -10016, -9688, 7052, 5983, -11509, -5820, 17473, 9228, -19505, -14978, 15427, 20175, -6558, -21578, -3762, 17543, 11818, -9082, -14794, -257, 11350, 5900, -2044, -4406, -10467, -4854, 21939, 19447, -28175, -34926, 26908, 46357, -18618, -49376, 6273, 42040, 5901, -26627, -13623, 8777, 14366, 5817, -9084, -13903, 1780, 14696, 3133, -9554, -3175, 2303, -1543, 2330, 9081, -1791, -16708, -2521, 21814, 6815, -22690, -7980, 18985, 5030, -11819, 733, 3412, -6562, 3459, 9897, -6724, -9910, 6363, 7404, -4208, -3574, 2097, -565, -366, 3972, -1666, -5614, 4574, 6076, -8054, -7525, 11371, 11342, -13651, -16371, 13819, 20157, -11013, -21320, 5407, 19695, 1446, -15850, -7238, 10922, 10317, -6495, -10445, 4132, 8339, -4615, -5043, 7609, 1899, -12011, -337, 16429, 979, -19376, -3108, 19464, 5189, -15821, -5797, 8806, 4287, -249, -952, -7291, -3146, 11868, 6503, -12958, -7652, 11354, 5775, -8325, -1317, 5165, -4123, -3107, 8921, 2798, -12304, -3576, 14088, 3912, -13976, -2680, 11881, -281, -8166, 4868, 3683, -10713, 665, 16754, -4386, -21368, 7359, 23331, -9368, -22713, 9667, 20449, -7546, -17374, 2940, 13290, 3539, -7524, -10724, 374, 17101, 6457, -21240, -10835, 22524, 11407, -21376, -7853, 18783, 1080, -15744, 7236, 13446, -15102, -12859, 20301, 13902, -20532, -15379, 14493, 15858, -3282, -14641, -9692, 11761, 20010, -7722, -24041, 3004, 20761, 1808, -12194, -5479, 2022, 6658, 6406, -5060, -11030, 1767, 11199, 1859, -7709, -4958
1791219477.575, MrmDetectionListInfo, 874, 110, 194, 25693, 195, 37451, 196, 51381, 197, 65535, 198, 65535, 199, 65535, 200, 65535, 201, 65535, 202, 65535, 203, 65535, 204, 65535, 205, 65535, 206, 65535, 207, 65535, 208, 65535, 209, 65535, 210, 65535, 211, 65535, 212, 65535, 213, 65535, 214, 65535, 215, 65535, 216, 65535, 217, 65535, 218, 65535, 219, 65535, 220, 65535, 221, 65535, 222, 50814, 223, 27087, 224, 28272, 225, 53221, 226, 65535, 227, 65535, 228, 65535, 229, 65535, 230, 65535, 231, 56673, 232, 49453, 233, 45319, 234, 46511, 235, 55275, 236, 65535, 237, 65535, 238, 65535, 239, 65535, 240, 65535, 241, 65535, 242, 65535, 243, 65535, 244, 65535, 245, 63072, 246, 50009, 247, 35958, 248, 24183, 250, 16344, 252, 19725, 253, 19992, 254, 18971, 259, 20196, 260, 30770, 261, 40252, 262, 44086, 263, 43231, 264, 42216, 265, 43763, 266, 46634, 267, 47753, 268, 45232, 269, 39567, 270, 32596, 271, 25795, 272, 19687, 273, 14406, 285, 15390, 287, 12483, 288, 11837, 289, 11964, 290, 12170, 301, 24305, 302, 29440, 303, 32825, 304, 34507, 305, 34635, 306, 33134, 307, 30010, 308, 25912, 309, 22032, 331, 14772, 332, 15426, 333, 14539, 362, 16332, 363, 16444, 364, 15781, 365, 14437, 382, 7664, 383, 8756, 384, 9882, 385, 10897, 386, 11610, 400, 9591, 413, 9073, 424, 12124, 427, 16177, 428, 16210, 431, 14347, 442, 15794, 443, 17290, 444, 17282, 445, 16375
1791219477.700, MrmFullScanInfo, 875, 107, 2087106, 0, 0, 0, 0, 10000, 39297, 32, 1, 2, 1, 480, -422411, 489817, 420009, -480600, -451360, 447713, 507342, -368337, -519978, 109890, 520174, 337122, -498504, -497596, 368453, 517286, -110290, -520192, -176593, 519613, 324162, -511969, -477491, 481697, 520189, 512709, -161843, -520171, -416596, 497121, 368121, -500794, -440637, 505213, 280811, -518161, -287222, 517589, 221137, -516507, -294065, 517214, 430291, -507820, -514826, 382263, 520192, 87853, -519905, -492637, 447263, 519499, -156521, -519982, -243946, 519508, 471211, -503081, -516037, 383419, 519988, -123779, -520163, -285821, 511994, 436276, -57310, -346652, -519212, 66092, 520154, 410943, -480829, -512977, -66390, 516595, 510439, -314936, -520192, -356728, 515002, 518837, -311117, -520190, -904, 519800, 329527, -503938, -507846, 339974, 520097, 125033, -520092, -494040, 432453, 520086, 67809, -519411, -386910, 492316, 486331, -308135, -489400, 1415, 182698, 172112, 210551, -148849, -458110, -66655, 485935, 356911, -302474, -453871, -12260, 393128, 278133, -219206, -424901, -65832, 387122, 314297, -213506, -386927, 34277, 351497, 121718, -244396, -196114, 82072, 134872, 48202, -36016, -89047, -47356, 61528, 100082, 497, -70912, -51254, -29227, 52207, 109392, 784, -132058, -83231, 110295, 135591, -45560, -127515, -26993, 75963, 54022, -10938, -29494, -48290, -11065, 75139, 53052, -57925, -68470, 18478, 53062, -3551, -8681, 4779, -32878, -30688, 43442, 81922, -11614, -119410, -57483, 117632, 155401, -77375, -207290, -58265, 266445, 167410, -288752, -252401, 279765, 283616, -240946, -269781, 188605, 222879, -137711, -162707, 96908, 109520, -65951, -85714, 44547, 86352, -24067, -107915, -9132, 143102, 49524, -180432, -77637, 202475, 92015, -201898, -89827, 185376, 192904, -125211, -163992, 82062, 137645, -37265, -118351, 2827, 102440, 22457, -89826, -37988, 79292, 44694, -64115, -41379, 28164, 65625, -20682, -53119, 15229, 37764, -7196, -24796, -400, 18665, 4369, -16581, -4561, 23713, 4097, -39529, -26288, 37297, 26974, -47609, -32837, 52054, 41023, -44648, -47004, 24181, 50961, 5239, -51667, -32593, 44431, 53336, 1100, -66727, -19890, 58418, 32582, -39863, -35725, 17331, 30158, 5207, -18676, -24911, 11314, 38508, -12136, -45154, 20494, 47408, -30046, -49739, 42844, 50773, -51247, -49189, 53820, 45532, -48300, -35120, 36509, 21063, -21762, -4967, 13720, -10585, -10408, 22130, 11716, -26043, -12038, 20317, 11981, -7323, -9048, -7755, 2405, 21287, 4593, -27763, -22133, 29600, 25108, -22707, -25206, 14342, 20072, -5423, -12192, -1289, 3936, 4122, 3648, -1860, -10293, -2422, 14457, 1703, -13532, -4274, 12740, 3529, -10059, -1047, 5026, -3178, 344, 6525, -2015, -9918, 2580, 11810, 326, -6708, -2317, -2818, 4768, 15094, -7016, -29991, 8735, 44312, -9282, -56159, 8729, 65577, -5251, -71077, -455, 67589, 4165, -64610, -9564, 59543, 16430, -53211, -23908, 47254, 32514, -40863, -39372, 33979, 42111, -26786, -29588, 14138, 24471, -8532, -15943, 6844, 5232, -8534, 3487, 14793, -9676, -25030, 8620, 36285, -1137, -43983, -21494, 49250, 39129, -43569, -54579, 29136, 61651, -10763, -59064, -4651, 44924, 14959, -21396, -18150, -8041, 16377, 41021, -16067, -73138, 21659, 106955, -32231, -141719, 48829, 175766, -62644, -200332, 65853, 207927, -53982, -190831, 23743, 158630, 12136, -100957, -51318, 32423, 78300, 33340, -86404, -83000, 78102, 107709, -61279, -107113, 47411, 87958, -38013, -62403, 46629, 38078, -56213, -24490, 63168, 19672, -58071, -18736, 38632, 17056, -7862, -9917, -26655, -3353, 53924, 26801, -67225, -44911, 67253, 52726, -55486, -45083, 37032, 24774, -19411, 1828, 7736, -27059, -1902, 41739, 1766, -42183, -7348, 37311, 3676, -26930, 5704, 15562, -17910, -8558, 29842, 7502, -36974, -11136, 37257, 15399, -32389
1791219477.700, MrmFullScanInfo, 875, 107, 2087106, 0, 0, 0, 0, 10000, 39297, 32, 2, 2, 1, 480, 0, 0, 0, 0, 0, 0, 168429, -228727, -312545, 479625, 362342, -535723, -381194, 348299, 436516, -31027, -508643, -255869, 506689, 432196, -370030, -522791, 132868, 580341, 111383, -567580, -280907, 391747, 327154, -46744, -242617, -338755, 71333, 612850, 95641, -726431, -184836, 714424, 189657, -644537, -149086, 576335, 119406, -543860, -138126, 547769, 205780, -536677, -297885, 425060, 399001, -183512, -488943, -111045, 503418, 352997, -372870, -509542, 115276, 602690, 159476, -628511, -352005, 542083, 453185, -324748, -491435, 40233, 434813, 198891, -228622, -297383, -93892, 223682, 380178, -17172, -461283, -231387, 289021, 396420, 36754, -372317, -353364, 155342, 536153, 139862, -521050, -389466, 316835, 546413, -17848, -586222, -258593, 468915, 451907, -202490, -539727, -117873, 485776, 384437, -277444, -548652, -10655, 592296, 245945, -496320, -326867, 277434, 228047, -20837, -3401, -149367, -240385, 150272, 395065, 865, -394999, -202392, 240445, 336744, 2785, -331597, -234365, 187002, 368787, 30426, -369919, -226962, 258037, 331714, -94766, -322063, -47283, 220859, 118363, -81688, -110251, -34844, 51093, 89174, 13396, -77672, -42253, 27347, 20456, 20930, 35185, -33935, -91070, 4736, 117649, 45203, -102957, -83337, 57569, 87033, -7633, -53660, -22305, -477, 23359, 49244, -3330, -72014, -20480, 65450, 30568, -42533, -19108, 22926, -6612, -22659, 28096, 46189, -25301, -83248, -11910, 110269, 80008, -101826, -166575, 48589, 254969, 33282, -325063, -112995, 357241, 165718, -342859, -182118, 289371, 167206, -216016, -134458, 144020, 100131, -88228, -78137, 52987, 76502, -32904, -96589, 19005, 133467, -6010, -175940, -5599, 209399, 20033, -222196, -45467, 211854, 80320, -182747, -109956, 140480, 121999, -91777, -118944, 45189, 109446, -8675, -99186, -13859, 87497, 25592, -71783, -33617, 53795, 40889, -38394, -43696, 27213, 38736, -17723, -29137, 8596, 21086, -1529, -19210, -2370, 24160, 4588, -33563, -7268, 44190, 11066, -53073, -15707, 57176, 21771, -53010, -30001, 38800, 40022, -16386, -47472, -9965, 45755, 35559, -32505, -55085, 12552, 62793, 6530, -55764, -19957, 36383, 26429, -10742, -27732, -14119, 27653, 32481, -29708, -41683, 35372, 42758, -43985, -38974, 53512, 33538, -61058, -28091, 63511, 22674, -58692, -16525, 46795, 8986, -30934, 84, 15825, -10036, -5184, 18956, 178, -23814, 161, 21979, 2154, -12971, -4927, -864, 5678, 15583, -2628, -27343, -3716, 33366, 10595, -32413, -14997, 25300, 15613, -14798, -12649, 4489, 7106, 2621, -104, -5536, -6977, 5324, 12445, -3752, -15006, 2150, 14401, -1338, -11072, 1734, 5899, -3158, -323, 5167, -3931, -7045, 5647, 7529, -4444, -5035, 595, -1423, 5233, 11606, -12126, -24167, 18982, 37250, -24553, -49139, 27647, 58431, -27551, -64096, 24314, 65860, -18561, -64447, 11061, 61204, -2372, -57319, -6993, 53479, 16239, -49660, -23456, 44763, 26494, -37298, -24907, 27384, 20063, -17480, -13298, 10623, 5050, -8472, 3836, 11336, -11421, -18549, 14670, 28839, -10786, -40272, -634, 49770, 16891, -53439, -33584, 48704, 46366, -36239, -51381, 19489, 45899, -2536, -29151, -12045, 2896, 24316, 29133, -36511, -62748, 51484, 94887, -70813, -123766, 93118, 147690, -113234, -163934, 123121, 169451, -115289, -161980, 86768, 140350, -40995, -104876, -12927, 58671, 62939, -8473, -97972, -36743, 112357, 68445, -107576, -81500, 91166, 75991, -73049, -56961, 60794, 32526, -56216, -11018, 55308, -1910, -51292, 5036, 38417, -1174, -15084, -4235, -15192, 5578, 45477, -128, -68334, -10030, 78327, 19180, -73532, -21581, 56224, 14560, -32169, 290, 8506, -17846, 8609, 32093, -16279, -39049, 16291, 37775, -13855, -29616, 13936, 17551, -18303, -5694, 25528, -2153, -32557
1791219477.700, MrmFullScanInfo, 875, 107, 2087106, 0, 0, 0, 0, 10000, 39297, 32, 4, 2, 1, 480, 0, 0, 0, 0, 0, 0, -231, -180, 268, 199, 82, -150, -708, 532, 1258, -1390, -1510, 2022, 1478, -1848, -1249, 1157, 786, -421, -65, -129, -857, 536, 1710, -822, -1811, 760, 925, -117, 43, -665, -426, 952, 1117, -894, -2881, 1194, 4600, -1845, -4610, 2015, 2898, -1157, -872, -313, -330, 1460, 1087, -1864, -2446, 1880, 4174, -1968, -4702, 1920, 3281, -1067, -1127, -852, -23, 1418, -402, 3584, 582, -13973, 1748, 22362, -5456, -21381, 6903, 12385, -4479, -2823, 545, -1851, 1760, 1740, -976, -246, -2320, 100, 5818, -1336, -6971, 2241, 5164, -1938, -2104, 1079, -243, -494, 1456, 154, -2500, 435, 4056, -1161, -5889, 1051, 7802, 853, -9500, -4196, 9654, 7836, -6878, -10304, 2366, 10141, 1185, -6776, -2597, 1301, 2407, 4022, -1334, -7079, -497, 6811, 2879, -3889, -4850, 132, 5287, 2739, -3747, -3827, 678, 3143, 2740, -1426, -5026, -595, 5060, 2549, -2916, -3958, -137, 4239, 2530, -3248, -3307, 1520, 2457, 211, -555, -1480, -1812, 2110, 4413, -2048, -7207, 1500, 10113, -862, -12292, -202, 12629, 2645, -11149, -6230, 9192, 8710, -7920, -7631, 7632, 2570, -9238, 5131, 15488, -13610, -29249, 17488, 52651, -8908, -87954, -14087, 135179, 42616, -187557, -63985, 231997, 71873, -254915, -66787, 247045, 52803, -207245, -33856, 143252, 12315, -68530, 9374, -1919, -26719, 54383, 34176, -79164, -27951, 73543, 7984, -41912, 21117, -746, -53770, 34864, 86060, -51269, -111475, 56252, 118801, -59474, -101209, 62909, 64964, -65708, -24544, 68708, -7357, -72171, 22619, 74246, -18819, -73089, 2180, 67597, 14880, -56335, -23351, 39091, 23430, -19173, -19335, 1176, 14092, 12135, -7796, -20712, -629, 25824, 10812, -27775, -20041, 24631, 24749, -13288, -22153, -7699, 10697, 35940, 9540, -61258, -37631, 70043, 71529, -56791, -105035, 28819, 127343, 1942, -129521, -28316, 111019, 47023, -79150, -56651, 44444, 56955, -15085, -49903, -5253, 40297, 15981, -33643, -18036, 32727, 14126, -36316, -8342, 40884, 3824, -42748, -1299, 40023, -659, -33391, 4307, 25323, -10839, -18705, 19249, 15885, -26773, -18054, 30453, 24621, -28512, -33246, 21054, 39825, -9180, -40391, -5274, 34129, 18741, -23638, -26547, 12188, 26354, -1699, -20325, -6586, 13015, 11776, -8364, -13727, 7563, 13521, -9353, -13077, 11984, 13661, -14320, -14792, 15286, 15044, -13487, -13362, 8291, 9608, -440, -4225, -7856, -2077, 13892, 8592, -16078, -14555, 14869, 19007, -11925, -21153, 8664, 20880, -5829, -18945, 3776, 16427, -2846, -13942, 3141, 11454, -4028, -8723, 4304, 5702, -2971, -2421, -56, -1111, 3955, 4890, -7401, -8529, 8803, 11468, -7013, -13577, 2623, 15049, 1967, -15686, -4288, 14883, 3416, -12473, 305, 9025, -5941, -5832, 12508, 4281, -19069, -4881, 24357, 7060, -26620, -9838, 24558, 12476, -18421, -14235, 9954, 14310, -1371, -11755, -5487, 6059, 9648, 2056, -10971, -10565, 9974, 17337, -7689, -21354, 5341, 22551, -4016, -21123, 4100, 17253, -5509, -11288, 7893, 3894, -10414, 3882, 11867, -10557, -11341, 14678, 8995, -15490, -5529, 13288, 1740, -9060, 1959, 3877, -5500, 1499, 8548, -6635, -10084, 11407, 8876, -16039, -4547, 20809, -2000, -25557, 8960, 29688, -13952, -32455, 15376, 33014, -13819, -30154, 11555, 22855, -10378, -11729, 10397, -614, -10824, 10879, 10732, -16758, -9515, 17862, 6902, -15511, -2611, 11650, -3444, -7760, 10402, 4611, -16244, -2512, 18723, 1593, -16578
1791219477.700, MrmDetectionListInfo, 875, 160, 180, 30369, 181, 35848, 182, 42557, 183, 52541, 184, 65535, 185, 65535, 186, 65535, 187, 65535, 188, 65535, 189, 65535, 190, 65535, 191, 65535, 192, 65535, 193, 65535, 194, 65535, 195, 65535, 196, 65535, 197, 65535, 198, 52890, 199, 32284, 200, 17254, 203, 41382, 204, 57462, 205, 60788, 206, 52817, 207, 41102, 208, 31125, 209, 24269, 212, 34466, 213, 53305, 214, 65535, 215, 65535, 216, 65535, 217, 65535, 218, 65535, 219, 65535, 220, 65535, 221, 65535, 222, 61371, 223, 51937, 224, 44326, 225, 39683, 226, 39091, 227, 42470, 228, 47272, 229, 49457, 230, 46855, 231, 41091, 232, 36186, 233, 35165, 234, 37194, 235, 38425, 236, 36001, 237, 30409, 238, 23954, 248, 18623, 249, 22677, 250, 24600, 251, 23766, 252, 21153, 253, 17917, 257, 22959, 258, 33300, 259, 44773, 260, 55664, 261, 64651, 262, 65535, 263, 65535, 264, 65535, 265, 65535, 266, 65535, 267, 65535, 268, 65535, 269, 65535, 270, 65535, 271, 65535, 272, 64502, 273, 55674, 274, 47780, 275, 40498, 276, 33356, 277, 27362, 278, 24129, 279, 24066, 280, 25633, 281, 26535, 282, 25816, 283, 24386, 284, 23525, 285, 23478, 286, 23617, 287, 23411, 288, 22854, 289, 22128, 290, 21228, 291, 20028, 292, 18614, 300, 22188, 301, 24299, 302, 26245, 303, 27842, 304, 28917, 305, 29265, 306, 28668, 307, 27045, 308, 24752, 309, 22627, 310, 21617, 311, 22125, 312, 23367, 313, 23706, 314, 22103, 315, 18909, 316, 15268, 317, 12351, 318, 10933, 319, 10911, 320, 11320, 327, 12125, 328, 12810, 330, 14458, 331, 15025, 332, 15132, 333, 14647, 334, 13495, 342, 10383, 343, 12625, 345, 15555, 346, 16188, 347, 16302, 348, 16035, 349, 15491, 350, 14709, 351, 13718, 352, 12597, 380, 9824, 381, 9521, 382, 8378, 383, 6822, 386, 6519, 392, 15579, 393, 16944, 394, 17745, 395, 17988, 396, 17702, 397, 16871, 398, 15501, 399, 13670, 400, 11500, 411, 13938, 413, 13671, 414, 13561, 427, 11516, 428, 12583, 450, 18750, 451, 21595, 452, 23399, 453, 24089, 454, 24069, 455, 23586
1791219477.825, MrmFullScanInfo, 876, 107, 2087231, 0, 0, 0, 0, 10000, 39297, 32, 1, 2, 1, 480, -421689, 490742, 421527, -478661, -454069, 445033, 504405, -366777, -520024, 110305, 520182, 342203, -495459, -495941, 369367, 517858, -110809, -520163, -182268, 519396, 325498, -511526, -474706, 481363, 520181, 513357, -153583, -519982, -414916, 496466, 364847, -500759, -439058, 504575, 284392, -517812, -284416, 518634, 214420, -515774, -291082, 516807, 429752, -508921, -515413, 381177, 520185, 83287, -520048, -490613, 447609, 519348, -162627, -520192, -232390, 519883, 468047, -503121, -517088, 384399, 520134, -124592, -520170, -278112, 512222, 462324, -50140, -382259, -519118, 87305, 520173, 403119, -484900, -514279, -69132, 517837, 510146, -319147, -520192, -353673, 516252, 518288, -317607, -520141, 8398, 519903, 325394, -504229, -509308, 340878, 520180, 128795, -520049, -492269, 433900, 520026, 61696, -519219, -381504, 492240, 483584, -307777, -486952, 2696, 179918, 168373, 209125, -144280, -455699, -71321, 485063, 355199, -306354, -453775, -7884, 393023, 278511, -215552, -422943, -65905, 385207, 313901, -210678, -387278, 28775, 350323, 121069, -243642, -196153, 82025, 133938, 48339, -33582, -89812, -49367, 63666, 103572, -2302, -75776, -45963, -20687, 45898, 95625, 6286, -114145, -79689, 87515, 128199, -17860, -115773, -58055, 61478, 87782, 3214, -63716, -54554, 19328, 64645, 27726, -16888, -11076, -33860, -23632, 95734, 88280, -135148, -144530, 130982, 174111, -64396, -179895, -33374, 182909, 122400, -189138, -177837, 100900, 338115, -86599, -334714, 89365, 316133, -100015, -294264, 112635, 275171, -112166, -252682, 83739, 228046, -34126, -191988, -48810, 155058, 108151, -99359, -158022, 50311, 177556, -17488, -173753, -1327, 162052, 651, -147111, 10669, 128618, -19866, -95462, -63960, 83457, 40427, -65236, -23223, 44079, 11348, -24918, 1250, 13331, -12300, -6585, 17086, 10456, -16610, -9988, 28123, 12285, -26421, -9168, 21711, 7614, -17985, -5790, 15035, 4472, -7982, -7246, -927, 16237, 8540, -19407, -43295, 18172, 57197, -17524, -65369, 17230, 66775, -13034, -64104, 9736, 54986, -7907, -38132, 7726, 17754, -333, -13431, 10460, -4711, -22215, 21010, 34558, -30809, -46536, 33336, 53821, -30787, -49391, 20947, 31882, -5531, 9710, -10096, -40439, 12322, 70041, -8748, -89507, 1294, 94994, 10467, -85264, -18922, 63384, 22448, -34860, -19916, 8581, 11730, 9615, 408, -16287, -11264, 14763, 14508, -5463, -9437, -4372, -923, 10566, 14032, -12302, -23218, -384, 35692, 7237, -29685, -11282, 18668, 11451, -4993, -4664, -7173, -6312, 14832, 19699, -14931, -31091, 9464, 39178, 9042, -37125, -15165, 29907, 18138, -18478, -15191, 4206, 10243, 8141, -4205, -16029, -2558, 19404, 5481, -21279, -4683, 18754, -2549, -15324, 15307, 12796, -29864, -9566, 44459, 5637, -55557, -3369, 64339, 1269, -69482, -409, 67306, -2948, -66217, 882, 61831, 4151, -54078, -11770, 45451, 22999, -36068, -34041, 27545, 40800, -20388, -25894, 14819, 22144, -12539, -12634, 13705, 63, -19290, 11565, 27222, -18746, -35711, 20445, 43329, -16118, -46189, 716, 46401, 11469, -36104, -22284, 21158, 28796, -5904, -29655, -5200, 23920, 9048, -11604, -7000, -5386, 3483, 22119, -8670, -49039, 21944, 83755, -42649, -125329, 68847, 169297, -85797, -202830, 86876, 216564, -68429, -201728, 31274, 159446, 28052, -95924, -75925, 22050, 105605, 46583, -110825, -95706, 93943, 116842, -67198, -109329, 43260, 81893, -29572, -50393, 30064, 22469, -41438, -9879, 53897, 11043, -57140, -22944, 46779, 33743, -22591, -38509, -6628, 31485, 29008, -14437, -48066, -4047, 42472, 16299, -25568, -17077, 5308, 5437, 9988, 12662, -15568, -29587, 11309, 41869, -2017, -42609, -11501, 38462, 16739, -29170, -15433, 19879, 7873, -12147, 2053, 9717, -11682, -9554, 17886, 9180, -19102
1791219477.825, MrmFullScanInfo, 876, 107, 2087231, 0, 0, 0, 0, 10000, 39297, 32, 2, 2, 1, 480, 0, 0, 0, 0, 0, 0, 168752, -228213, -313186, 478466, 362925, -534073, -381372, 346383, 436297, -29175, -508272, -257187, 506130, 432755, -368833, -523000, 131043, 580591, 112914, -567728, -280851, 391321, 325223, -45597, -240052, -340083, 69960, 613405, 95302, -725813, -183915, 713287, 188721, -643652, -147353, 575613, 116419, -542856, -134951, 546601, 203792, -536158, -297329, 425923, 399080, -185628, -489179, -108608, 504854, 350955, -376880, -507647, 121223, 600694, 154195, -627040, -349332, 542364, 452712, -325734, -491498, 36538, 435339, 212935, -231784, -320507, -87099, 246933, 372347, -32034, -456416, -226919, 288735, 398935, 33930, -377117, -350429, 159404, 536100, 137178, -525075, -387354, 323263, 544357, -23433, -584529, -255947, 468050, 452009, -202520, -541474, -117113, 488625, 383083, -281225, -546905, -6496, 590531, 242211, -495257, -324014, 277886, 226205, -23281, -2512, -145476, -240857, 146573, 396040, 2691, -396811, -201741, 242472, 334374, 1330, -328907, -233406, 185087, 367358, 31373, -367460, -227406, 255139, 331965, -92636, -322042, -47865, 220404, 117472, -80645, -108376, -36656, 48683, 92019, 16350, -81967, -46444, 33519, 27053, 13238, 24809, -26357, -75507, -636, 95801, 47231, -74639, -82419, 23874, 84922, 29030, -53642, -58238, 6968, 56001, 27669, -34617, -28491, 15437, -9440, -14619, 71991, 35030, -131196, -69286, 156140, 108580, -129418, -149311, 59024, 185192, 35723, -205917, -138382, 209733, 230219, -206505, -287007, 204400, 296421, -201905, -271441, 194356, 235103, -176979, -204109, 144124, 183942, -92156, -171478, 24353, 159394, 48237, -141341, -111241, 116169, 153487, -88476, -170871, 65204, 166799, -51504, -147731, 42198, 121893, -26637, -99056, 4446, 83991, 12130, -71717, -14018, 54903, 5570, -33408, 4843, 13443, -12322, -1080, 16974, -2437, -21102, 789, 25328, 1259, -27647, -1625, 26217, 905, -21564, -586, 15263, 2188, -8523, -6707, 564, 13856, 10893, -22347, -26383, 30648, 42439, -36910, -54057, 39287, 58872, -37167, -56899, 31682, 48741, -24228, -36074, 16284, 21748, -10565, -7341, 9945, -7849, -14759, 23960, 22602, -38244, -30393, 46837, 34972, -46700, -32429, 36337, 19803, -16982, 2218, -6201, -29199, 25839, 55431, -36279, -75896, 36025, 86430, -27121, -84482, 13638, 70240, -113, -47178, -9566, 21304, 12931, 1018, -9812, -15175, 2823, 19335, 3764, -14536, -6192, 4175, 3025, 6630, 5125, -13083, -16002, 13307, 25606, -8809, -29304, 2702, 24654, 2063, -13150, -3084, -1116, -882, 13562, 9400, -20248, -20334, 19270, 30439, -11959, -36247, 2302, 35187, 5671, -26837, -10151, 13383, 11205, 1250, -9723, -13324, 6948, 20737, -4620, -23028, 4823, 20752, -9140, -14987, 17866, 7041, -29646, 1760, 42102, -10084, -52983, 16765, 60761, -21258, -64716, 23546, 64997, -23499, -62478, 20651, 58262, -14427, -53183, 4766, 47927, 7360, -42989, -18736, 38177, 25162, -32607, -24637, 26039, 18408, -19877, -8753, 16181, -2860, -16070, 14823, 19389, -24810, -25048, 30018, 31661, -28344, -37614, 19819, 40754, -6773, -38894, -7397, 31422, 19434, -20306, -26340, 9007, 25744, -303, -16871, -5625, 855, 11666, 20341, -22354, -45270, 41545, 73209, -69832, -102979, 102853, 131881, -131547, -155325, 144999, 167699, -134041, -164398, 95282, 143743, -34493, -107372, -33840, 59710, 92142, -7840, -127148, -38957, 134344, 71340, -118360, -83321, 90008, 74926, -61673, -52318, 42843, 25291, -36921, -3653, 40639, -6116, -46283, 2926, 45775, 9116, -34758, -22712, 14143, 30747, 10537, -29547, -31165, 20231, 40409, -7598, -35475, -2206, 19697, 4443, -279, 2128, -15344, -14770, 22356, 28400, -19954, -38137, 11281, 41193, -1694, -37327, -4012, 28478, 3779, -17940, 1594, 8851, -9402
1791219477.825, MrmFullScanInfo, 876, 107, 2087231, 0, 0, 0, 0, 10000, 39297, 32, 4, 2, 1, 480, 0, 0, 0, 0, 0, 0, 243, 478, -572, -1168, 668, 1715, -514, -1829, 341, 1394, -293, -556, 82, -174, 691, 264, -1565, 80, 1586, -204, -350, -209, -1216, 826, 1818, -1040, -938, 525, -458, 362, 917, -797, -575, 562, 509, -231, -944, 205, 1104, -284, -669, -9, 148, 779, -65, -1547, 250, 1685, 368, -1261, -2210, 1066, 3926, -1193, -3868, 1026, 2186, -18, -504, -555, -146, -1953, 614, 7923, -2232, -13468, 4326, 13992, -4833, -9419, 2993, 3147, -153, 1724, -1946, -3918, 2399, 3750, -976, -2463, -1511, 1439, 3338, -1068, -3236, 904, 1625, -487, 83, -159, -1201, 793, 1883, -1188, -2166, 1287, 1727, -1318, -431, 1382, -1206, -1271, 2286, 865, -2033, -547, 520, 749, 1457, -1207, -2830, 1305, 2938, -689, -1941, -333, 707, 988, -166, -668, 323, -490, -524, 1573, 367, -1775, -110, 1024, 128, 320, -185, -1940, -277, 3779, 1711, -5820, -4253, 7843, 7682, -8990, -11762, 8188, 16532, -5274, -21965, 1401, 27439, 1804, -31762, -2948, 33615, 591, -31725, 7175, 27573, -21759, -26105, 44688, 31372, -77469, -41477, 118066, 50983, -157207, -59649, 179842, 76806, -173555, -117793, 136813, 185340, -67528, -264772, -40095, 340997, 175870, -407194, -303030, 454125, 383658, -465977, -408566, 435003, 391396, -367735, -352347, 278271, 308896, -181019, -273204, 88538, 250601, -9903, -240488, -51901, 240523, 99072, -248891, -133985, 261533, 157361, -270911, -173342, 261877, 190109, -222117, -211536, 158218, 229135, -93334, -228412, 46823, 205459, -20536, -169664, 8127, 134939, -3444, -108472, 637, 89174, 5366, -74116, -14480, 61828, 21008, -50228, -20680, 36612, 16050, -21804, -12964, 10351, 15811, -5437, -26114, 5836, 43430, -8238, -65170, 10650, 86025, -12276, -99659, 11990, 101689, -9236, -91049, 4776, 69850, -215, -43186, -2171, 17447, -184, 2997, 8256, -17265, -19765, 25957, 30481, -28779, -37276, 24885, 39251, -13931, -36369, -3115, 28473, 23659, -15841, -43622, 27, 58477, 16411, -64748, -30766, 60989, 40488, -48072, -43694, 29086, 39690, -8573, -29258, -8727, 14883, 19182, -552, -21168, -9270, 15540, 11394, -5322, -5304, -5350, -6566, 12713, 19610, -13977, -29010, 8485, 32134, 862, -29103, -8605, 21714, 10556, -12625, -6522, 5065, -866, -1618, 8256, 2864, -12196, -7347, 10329, 12516, -3074, -15617, -6322, 14659, 14111, -9542, -18241, 2117, 18341, 5106, -15258, -10430, 10607, 13418, -6131, -14323, 2999, 13703, -1506, -12288, 1380, 10728, -1999, -9196, 2582, 7377, -2497, -4819, 1481, 1240, 213, 3165, -1948, -7569, 3149, 10835, -3725, -11918, 4013, 10279, -4270, -6085, 4379, 766, -3951, 3479, 2800, -5143, -1067, 4268, -1086, -1742, 3583, -1677, -6141, 5377, 8109, -8851, -8719, 11932, 7560, -14844, -4671, 17822, 532, -20631, 3863, 22506, -7128, -22520, 7969, 20056, -5772, -15095, 1022, 8084, 4627, 84, -8810, -7849, 9388, 13224, -5228, -14718, -3053, 12194, 12944, -6731, -20979, 140, 24467, 5082, -21735, -6735, 12272, 4609, 1925, -481, -15979, -3710, 24735, 7056, -25865, -8977, 20157, 8804, -10388, -6024, -318, 945, 9461, 5022, -15155, -9942, 16127, 12176, -12078, -10894, 4110, 6302, 5754, 348, -15420, -7350, 23152, 13389, -28110, -17716, 30752, 19711, -32158, -18770, 32603, 15100, -31041, -9923, 26359, 5036, -18600, -2143, 9329, 2102, -723, -4429, -5851, 7838, 10354, -11125, -13366, 13416, 15346, -13943, -16449, 12129, 16738
1791219477.825, MrmDetectionListInfo, 876, 151, 164, 25851, 165, 31485, 166, 39096, 167, 48929, 168, 60642, 169, 65535, 170, 65535, 171, 65535, 172, 65535, 173, 65535, 174, 65535, 175, 65535, 176, 65535, 177, 65535, 178, 65535, 179, 65535, 180, 65535, 181, 65535, 182, 65535, 183, 65535, 184, 65535, 185, 65535, 186, 65535, 187, 65535, 188, 65535, 189, 65535, 190, 65535, 191, 65535, 192, 65535, 193, 65535, 194, 65535, 195, 65535, 196, 65535, 197, 65535, 198, 65535, 199, 65535, 200, 65535, 201, 65535, 202, 65535, 203, 65535, 204, 65535, 205, 65535, 206, 65535, 207, 65535, 208, 65535, 209, 65535, 210, 65535, 211, 65535, 212, 65535, 213, 65535, 214, 65535, 215, 65535, 216, 65535, 217, 65535, 218, 65535, 219, 65535, 220, 65535, 221, 65535, 222, 65535, 223, 65535, 224, 65535, 225, 65535, 226, 59382, 227, 53105, 228, 48073, 229, 44480, 230, 42386, 231, 41368, 232, 40670, 233, 39595, 234, 37713, 235, 34820, 236, 30895, 237, 26181, 245, 21480, 246, 27023, 247, 33085, 248, 39268, 249, 45150, 250, 50281, 251, 54216, 252, 56564, 253, 57067, 254, 55629, 255, 52320, 256, 47347, 257, 41026, 258, 33821, 259, 26432, 260, 19596, 266, 16183, 267, 23671, 268, 28210, 269, 30222, 270, 31354, 271, 32087, 272, 31578, 273, 29128, 274, 25158, 275, 20999, 276, 18495, 277, 19158, 278, 22496, 279, 25879, 280, 27376, 281, 28415, 282, 32226, 283, 39326, 284, 46278, 285, 49579, 286, 49041, 287, 46697, 288, 43800, 289, 39898, 290, 34239, 291, 27220, 292, 20550, 307, 18042, 308, 20402, 312, 16294, 314, 16136, 315, 15831, 316, 13710, 317, 10089, 331, 12551, 333, 13176, 340, 11435, 341, 10563, 342, 9757, 363, 7411, 364, 7701, 383, 6643, 384, 8083, 385, 9146, 386, 9824, 394, 12830, 395, 14466, 396, 15333, 398, 14385, 399, 13023, 400, 11101, 413, 9614, 414, 11294, 427, 13595, 428, 16724, 431, 15524, 453, 20922, 454, 22615, 455, 23937, 456, 25097, 457, 25854
1791219477.950, MrmFullScanInfo, 877, 107, 2087356, 0, 0, 0, 0, 10000, 39297, 32, 1, 2, 1, 480, -423396, 492452, 422966, -479664, -452862, 447106, 504361, -364437, -520142, 111972, 520192, 344004, -494356, -499197, 367028, 517514, -109044, -520185, -179341, 519452, 320213, -511946, -475529, 479954, 520186, 513565, -144540, -519858, -419250, 495309, 365951, -500815, -441161, 504004, 282064, -517667, -278360, 518471, 213833, -516998, -285429, 516231, 428539, -509840, -515574, 384454, 520192, 77577, -519999, -488456, 450413, 519365, -166876, -519702, -232915, 519452, 470010, -503502, -517168, 385826, 520014, -121492, -520191, -285298, 510817, 468557, -48850, -395631, -519352, 96025, 520192, 401435, -485827, -515809, -64575, 517536, 509568, -323123, -520192, -346949, 516852, 518736, -321901, -520164, 15813, 519930, 323278, -504126, -508437, 341654, 520094, 130594, -520032, -495215, 432448, 520005, 72440, -519368, -387540, 492900, 484259, -306002, -488471, 406, 180037, 173065, 212460, -149442, -460661, -71523, 484559, 358904, -308621, -456541, -4344, 396939, 277629, -218399, -425198, -65328, 389124, 312402, -214081, -387792, 33025, 351124, 124284, -242947, -199774, 83486, 138030, 48666, -38176, -90942, -44551, 66058, 96115, -7943, -68536, -39328, -24124, 39491, 90957, 11302, -116255, -56458, 77015, 78569, 12311, -33639, -104241, -53800, 133999, 136871, -74576, -190756, -51601, 195093, 224867, -140117, -327038, -116013, 374254, 221984, -348779, -303377, 274672, 340912, -182520, -326090, 96583, 285597, -40707, -240555, 19667, 193203, 51388, -84033, -9699, 82204, -14705, -92388, 18079, 98893, 7822, -96335, -47808, 86842, 83838, -68126, -110314, 46160, 155321, -37554, -156612, 35259, 143272, -34419, -127551, 38732, 112164, -38081, -89239, 29145, 72394, -4587, -60717, -18722, 36126, 20315, -18744, -47719, 1635, 73127, 15824, -89383, -38051, 98222, 57941, -99089, -74809, 85260, 85070, -60141, -92986, 16502, 71473, 266, -43229, -12262, 19377, 14404, -1242, -8272, -10807, 2731, 15404, 4299, -11047, -9262, -3139, 8550, 8848, 513, -14869, -6950, 19963, 11245, -20081, -14748, 19922, 17040, -21721, -15448, 20104, 13204, -10294, -16154, 5583, 8409, 666, 2063, -7742, -10998, 10935, 19600, -9607, -27220, 8937, 31650, -10203, -31516, 21759, 32953, -27000, -31275, 35486, 31690, -42034, -33582, 44214, 39751, -40981, -45153, 30604, 48473, -14653, -47802, -9531, 43907, 19789, -30484, -24902, 13951, 23277, -38, -16554, -7657, 8263, 8240, -1070, -1909, -2510, -7133, 1483, 14920, 5794, -18848, -17679, 19451, 26047, -13832, -31108, 6032, 30081, 1276, -23046, -5295, 12513, 7065, 8572, -10007, -17758, 6534, 23712, -3933, -24067, 3950, 18007, -5511, -8917, 8003, 1193, -9980, 5429, 10318, -2638, -9318, 4096, 978, -5146, 11199, 4951, -27711, -2893, 44578, -564, -58739, 4184, 69473, -6066, -75499, -2332, 76161, -795, -71619, 3205, 63865, -1025, -53651, -2823, 43727, 9071, -35848, -15219, 32383, 19487, -30717, -15900, 28443, 14111, -26702, -8373, 25507, -575, -24310, 11046, 25243, -18668, -28442, 21082, 33740, -17176, -38841, 1861, 44361, 14651, -42417, -30275, 33592, 42643, -20326, -46956, 8250, 43011, 2123, -29124, -7334, 8376, 11520, 12234, -21065, -40560, 38356, 72437, -64927, -107038, 96351, 142843, -121231, -175183, 128086, 196423, -110455, -194939, 70535, 182639, -13101, -139545, -46439, 77901, 94119, -9382, -116082, -51068, 113013, 89911, -89262, -100677, 59272, 82185, -33328, -48720, 26439, 14259, -29444, 8083, 39900, -15110, -45566, 6730, 38287, 8271, -17295, -20992, -12995, 26248, 40508, -13169, -63498, -5036, 63863, 23873, -47016, -33783, 20709, 30475, 6664, -14660, -24657, -7291, 28920, 26460, -21552, -32118, 11258, 33549, 902, -25266, -6363, 12356, 2461, 200, 6176, -6856, -15889, 8664, 19753, -6328, -16916
1791219477.950, MrmFullScanInfo, 877, 107, 2087356, 0, 0, 0, 0, 10000, 39297, 32, 2, 2, 1, 480, 0, 0, 0, 0, 0, 0, 168882, -228627, -313123, 479038, 362623, -534332, -381065, 345978, 436006, -27994, -507801, -258901, 505548, 434312, -368845, -523722, 132262, 580181, 110946, -566454, -278809, 389814, 322747, -44222, -236520, -341339, 65890, 614485, 98520, -726428, -185070, 713117, 187476, -642642, -144298, 574128, 112669, -541441, -131578, 545841, 201458, -536821, -296046, 428453, 398331, -189314, -488943, -105155, 505566, 348581, -378308, -506390, 122346, 600462, 153969, -627530, -349666, 542427, 453167, -323816, -492132, 31555, 436531, 220953, -233905, -329989, -84211, 255079, 369997, -36672, -456191, -225790, 290828, 400222, 30853, -379882, -348051, 162722, 535818, 134263, -527550, -385125, 327615, 542629, -27627, -583315, -253451, 467258, 451306, -201779, -541160, -118196, 486669, 384835, -276925, -549296, -11663, 592684, 246200, -495765, -326052, 275868, 226506, -19139, -1628, -149974, -242355, 149203, 398054, 3000, -399613, -204247, 245754, 337521, -1068, -331696, -233233, 187352, 369618, 29477, -370899, -225919, 257709, 331304, -92761, -322629, -50345, 222095, 121581, -82572, -113342, -35634, 54529, 92653, 9451, -84383, -39435, 37433, 21627, 9859, 26809, -29315, -70290, 17316, 76033, 6937, -32805, -17075, -39699, -3827, 99031, 55325, -102318, -121932, 32467, 170048, 93524, -161781, -237363, 85876, 355934, 30054, -414775, -143189, 401019, 225467, -329432, -266719, 232728, 269721, -140478, -241074, 68359, 190677, -22136, -135162, 3857, 93032, -8300, -73756, 18559, 73388, -16856, -82373, -3940, 91547, 39989, -95624, -81782, 94788, 117410, -91801, -136186, 87802, 134766, -82187, -118768, 74473, 96869, -63512, -76326, 47411, 61030, -26812, -50517, 4658, 41302, 17768, -31009, -41598, 19898, 66632, -8257, -89425, -4749, 105720, 19744, -112007, -36279, 105452, 52176, -85851, -62938, 57517, 63561, -27840, -52468, 3836, 33422, 10717, -12691, -15446, -4138, 12636, 13283, -5663, -13612, -1841, 7052, 6506, 2823, -6628, -12686, 3104, 20349, 1793, -24868, -6100, 26572, 8583, -25811, -9283, 22418, 9198, -16649, -8525, 9386, 6086, -1343, -1036, -6707, -5957, 13400, 13635, -17754, -20630, 20651, 25494, -24086, -27090, 29271, 25461, -35837, -22043, 42518, 19092, -48010, -18720, 50894, 21875, -49659, -27885, 42731, 35034, -29838, -41032, 13451, 42966, 2143, -38339, -13414, 27273, 18999, -13241, -19034, 1185, 14660, 5063, -7835, -4357, 1228, -1724, 2217, 10200, -534, -18046, -5961, 22837, 14708, -23109, -22246, 18910, 25716, -11781, -23135, 3524, 14280, 4546, -1584, -11140, -10702, 14922, 18817, -15525, -20985, 13968, 17328, -11609, -9623, 9355, 999, -7589, 5435, 6066, -8224, -3526, 7760, -2036, -4885, 11966, -224, -25580, 7483, 40437, -15986, -53674, 23436, 63466, -27527, -69272, 28003, 70927, -26386, -68166, 23705, 61459, -19383, -52616, 12806, 44222, -4641, -38382, -2935, 35524, 7476, -34259, -7912, 32734, 4815, -30043, 805, 26417, -8206, -22735, 16315, 20279, -23339, -20348, 26872, 23803, -24747, -30412, 16344, 38170, -3076, -43589, -12276, 43636, 26481, -37603, -36095, 27122, 38019, -14623, -30811, 1521, 15372, 12829, 5798, -30972, -29930, 55820, 54777, -88132, -78790, 124323, 101189, -156165, -121057, 173144, 136910, -166486, -146356, 133015, 145751, -76792, -130974, 8351, 100122, 57900, -56348, -107747, 7876, 131823, 34254, -128631, -59956, 104864, 64062, -72565, -48580, 44107, 21914, -27240, 4654, 22576, -21342, -24583, 23311, 25071, -11820, -17729, -6465, 864, 22404, 22158, -28611, -44091, 22769, 56701, -8137, -54668, -8410, 38430, 19406, -13780, -20077, -10791, 10624, 27750, 4297, -33317, -18377, 28413, 26607, -17708, -26645, 7212, 19053, -1505, -7032, 1859, -4892, -6164
1791219477.950, MrmFullScanInfo, 877, 107, 2087356, 0, 0, 0, 0, 10000, 39297, 32, 4, 2, 1, 480, 0, 0, 0, 0, 0, 0, 252, -210, -200, 88, -24, 440, 136, -1165, -222, 1811, 430, -2040, -612, 1581, 313, -672, 563, -361, -1331, 1200, 1925, -1608, -2974, 1717, 4208, -1660, -4315, 1240, 2880, -395, -676, -549, -1550, 1264, 3361, -1606, -4261, 1557, 3923, -946, -2640, -616, 1327, 2823, -737, -4300, 284, 4133, 962, -2909, -2483, 1755, 2882, -812, -1890, -11, 563, 142, 252, 1464, -612, -5663, 1292, 11520, -2948, -15589, 4737, 14466, -4536, -8802, 1671, 2461, 1873, 1973, -3764, -4174, 3217, 4528, -449, -3671, -3372, 2753, 5943, -2235, -5623, 1683, 3159, -1057, -617, 706, -257, -755, -1022, 1219, 3111, -1776, -4015, 1551, 3246, -23, -1869, -2231, 581, 3958, 514, -4036, -1423, 2276, 2449, 247, -3629, -2038, 4142, 2570, -2974, -2408, 445, 2158, 1997, -1855, -2961, 1243, 1987, -191, 262, -1030, -2524, 1838, 3923, -1635, -4667, 243, 5383, 1980, -6013, -4460, 5309, 6752, -2513, -6757, -2479, 236, 11640, 15794, -28475, -39600, 52893, 65905, -76546, -89788, 83900, 109110, -57400, -125981, -11753, 133691, 116945, -115578, -239603, 64711, 353438, 4758, -428957, -74412, 445999, 141112, -406742, -207040, 334008, 266248, -249808, -304865, 165246, 313574, -90235, -294230, 39429, 256333, -19877, -212918, 20251, 177043, -21984, -156659, 11075, 150955, 19862, -152864, -71139, 154430, 133337, -148867, -189143, 131049, 222683, -99896, -227934, 59988, 208664, -18670, -175198, -17475, 135636, 46258, -93582, -69772, 53539, 89198, -22030, -102238, 843, 107353, 15790, -106957, -33399, 103939, 52565, -98379, -70042, 85752, 82197, -61597, -86882, 28603, 82845, 3324, -69432, -24820, 48481, 33530, -24634, -32169, 3248, 25242, 11866, -15668, -19576, 4655, 21322, 6031, -19524, -13522, 15950, 16293, -11634, -15815, 7326, 14331, -3482, -12816, 112, 11006, 2631, -8306, -3636, 4197, 1147, 1683, 5766, -8895, -15952, 15647, 26507, -19455, -33889, 18342, 35213, -11470, -29501, -72, 18258, 12948, -4584, -23096, -8286, 28406, 17686, -29779, -21713, 29593, 19872, -29899, -14051, 31774, 7667, -35064, -3357, 37999, 1788, -37598, -2447, 31616, 4671, -20315, -7371, 6418, 9152, 6218, -8437, -14717, 4741, 18085, -64, -16268, -2064, 9535, -595, 656, 7493, -11192, -16394, 18831, 24751, -21614, -29996, 18687, 30355, -10451, -25909, -561, 18375, 10312, -9675, -15864, 1262, 17142, 5464, -15640, -9310, 12826, 10340, -9787, -9759, 7476, 8509, -6334, -6591, 5786, 4020, -4784, -1708, 2820, 819, -229, -1842, -2113, 3746, 3797, -4818, -5067, 4763, 5818, -4970, -5062, 6548, 2159, -9088, 2025, 11801, -5603, -14407, 6808, 16375, -4761, -16763, -145, 15225, 6179, -12444, -10801, 9363, 12002, -6402, -9370, 3869, 4108, -2132, 1631, 1599, -5685, -2369, 6590, 3899, -3935, -5099, -1471, 4952, 7830, -2991, -12950, -616, 15128, 5174, -13684, -9861, 9105, 14093, -2660, -17717, -4496, 21145, 11856, -25209, -19285, 30210, 26484, -34680, -32824, 35677, 37618, -30066, -40617, 16521, 41875, 2911, -40548, -23183, 34722, 38695, -23340, -45790, 8271, 43562, 6004, -33944, -14533, 21278, 14487, -10687, -6530, 5798, -5669, -7230, 17187, 12843, -23939, -18974, 24158, 21947, -18807, -19444, 10791, 11578, -3558, -968, -271, -8294, 28, 12425, 2823, -9551, -5541, 538, 5643, 11202, -2208, -21156, -3665, 25910, 9859, -24649, -14239, 19106, 15112, -12188, -11796, 6621, 5334, -4200, 1803, 5346, -7467, -8894, 11011
1791219477.950, MrmDetectionListInfo, 877, 156, 155, 57037, 156, 65535, 157, 65535, 158, 65535, 159, 65535, 160, 65535, 161, 65535, 162, 65535, 163, 65535, 164, 65535, 165, 65535, 166, 65535, 167, 65535, 168, 65535, 169, 65535, 170, 65535, 171, 65535, 172, 65535, 173, 65535, 174, 65535, 175, 65535, 176, 65535, 177, 65535, 178, 65535, 179, 65535, 180, 65535, 181, 65535, 182, 65535, 183, 65535, 184, 65535, 185, 65535, 186, 65535, 187, 65535, 188, 65535, 189, 65535, 190, 65535, 191, 65535, 192, 65535, 193, 65535, 194, 65535, 195, 65535, 196, 65535, 197, 65535, 198, 65535, 199, 65535, 200, 65535, 201, 65535, 202, 65535, 203, 65535, 204, 65535, 205, 65535, 206, 65535, 207, 65535, 208, 65535, 209, 65535, 210, 65535, 211, 65535, 212, 65535, 213, 65535, 214, 65535, 215, 65141, 216, 61017, 217, 58077, 218, 55705, 219, 54563, 220, 56428, 221, 61544, 222, 65535, 223, 65535, 224, 65535, 225, 65535, 226, 65535, 227, 65535, 228, 65535, 229, 65535, 230, 65535, 231, 63579, 232, 54776, 233, 46170, 234, 39950, 235, 38115, 236, 39504, 237, 39670, 238, 35344, 239, 27590, 250, 16058, 252, 14852, 269, 15866, 270, 20156, 271, 23289, 272, 25514, 273, 26772, 274, 26619, 275, 24700, 276, 21079, 277, 16396, 284, 21136, 285, 24154, 286, 25889, 287, 26068, 288, 25293, 289, 24261, 290, 23215, 291, 22120, 292, 21057, 293, 20274, 318, 11908, 319, 17979, 320, 21847, 321, 23626, 322, 24551, 323, 25035, 324, 24430, 325, 22165, 326, 18512, 327, 14447, 331, 11851, 340, 9476, 377, 10882, 378, 11222, 379, 10565, 380, 9422, 381, 8156, 410, 18469, 411, 21548, 412, 24526, 413, 27488, 414, 30382, 415, 32935, 416, 34797, 417, 35699, 418, 35482, 419, 34071, 420, 31508, 421, 28121, 422, 24785, 423, 23243, 424, 25208, 425, 30037, 426, 34399, 427, 35398, 428, 33064, 429, 29379, 430, 26063, 431, 23722, 432, 22245, 433, 21248, 434, 20052, 435, 17801, 442, 14278, 443, 18365, 444, 21039, 445, 22255, 446, 22355, 447, 21448, 448, 19397
1791219478.075, MrmFullScanInfo, 878, 107, 2087481, 0, 0, 0, 0, 10000, 39297, 32, 1, 2, 1, 480, -423857, 491560, 420448, -481012, -453030, 443908, 504259, -367421, -519761, 110667, 520192, 342946, -494793, -498280, 367998, 517632, -109005, -520192, -173052, 519609, 324582, -512464, -474081, 481034, 520192, 512001, -169559, -520146, -409273, 498426, 364111, -501604, -438597, 505198, 280171, -518204, -285378, 518344, 224150, -516558, -295280, 516601, 435939, -507504, -515455, 376711, 520191, 90880, -519950, -495196, 447105, 519707, -156835, -519938, -246376, 519422, 469018, -501979, -517081, 383478, 520078, -127522, -520135, -264893, 512270, 427476, -65654, -323017, -518929, 52249, 519982, 415104, -476584, -514866, -77943, 517144, 511109, -291320, -520192, -368987, 514074, 518759, -311065, -520123, -2314, 519808, 332571, -503445, -507506, 342175, 520188, 124568, -520084, -491978, 432292, 520005, 52730, -519251, -374938, 493338, 479626, -311317, -471337, 15728, 162440, 150577, 213073, -127142, -448145, -82769, 476382, 356779, -289509, -447411, -16555, 382057, 279513, -203555, -414993, -73874, 374286, 311184, -203594, -380937, 25820, 344503, 120809, -243010, -191373, 87451, 131749, 23922, -40123, -36977, -33856, -30814, 82678, 136964, -67331, -223618, 7071, 251913, -160, -200204, -35439, 164775, -109197, -91859, 302835, 51596, -458995, -37154, 503503, 34124, -490204, -31733, 415425, 43723, -243551, -65189, 79745, 122773, 72976, -123058, -160975, 128902, 193881, -146668, -196771, 185553, 187857, -223211, -180813, 233561, 177511, -220898, -184612, 162115, 183459, -102383, -169894, 32390, 147236, 27625, -111042, -72020, 75072, 96794, -50333, -102815, 38758, 94878, -22135, -92615, 21396, 85447, -22323, -74635, 16452, 64013, -6942, -53233, 2128, 37868, 518, -19018, -3123, 9536, 20671, -13508, -14828, 4425, 11991, 2071, -12219, -4963, 12515, 12943, -12707, -23502, 14859, 29975, -12518, -32630, -1950, 39585, 6233, -36021, -8739, 23955, 13590, -8798, -15398, -6948, 10140, 24254, -737, -38184, -8869, 41716, 26251, -38576, -35645, 32349, 37840, -22766, -32999, 12027, 28804, -5921, -24059, 3177, 19170, 2088, -17554, -8360, 8131, 15969, -8819, -24709, 7804, 36499, -5999, -43649, 1451, 46799, 3227, -46642, -942, 42981, -9209, -35750, 25423, 34403, -42694, -33333, 60455, 36056, -71103, -39315, 71948, 44464, -62696, -45700, 45300, 41955, -22637, -33372, 665, 22705, 10216, -10039, -13990, 425, 15174, 1575, -16224, 6134, 17997, -18231, -23379, 30805, 31385, -38304, -37591, 27204, 43484, -18812, -45514, 10899, 41333, -587, -30329, -6109, 19160, 9801, -8637, -9032, 2246, 7019, 3963, -12559, -3927, 13718, 1922, -19618, -2074, 25926, 936, -30831, -2394, 29488, 5873, -24325, -7779, 15289, 8381, 182, -2894, -7544, -3614, 16546, 8594, -24608, -6654, 33733, -74, -42102, 9398, 52618, -17810, -62716, 15004, 78686, -10159, -85210, 2618, 85035, 8357, -79452, -19803, 67641, 27871, -53968, -33770, 39927, 33609, -27193, -24830, 10537, 15491, -3297, -3869, 232, -6915, 1035, 16950, 4268, -23799, -12771, 26928, 24885, -24111, -36770, 10304, 47948, 7391, -49617, -26850, 44110, 43663, -32795, -53877, 19175, 53469, -7144, -41745, -747, 18794, 4965, -2389, -11083, -17080, 21031, 32612, -38588, -44371, 62099, 53763, -85490, -61825, 97539, 67053, -92598, -67496, 68617, 67551, -38926, -51253, -7471, 24397, 47924, 9486, -73923, -41534, 81933, 65557, -73456, -74155, 54194, 67320, -34706, -49286, 15091, 27262, -11769, -8849, 13896, 51, -14788, 748, 9984, 5319, 3852, -11199, -24191, 14907, 44428, -45, -54351, -11073, 54578, 23581, -43609, -30230, 25044, 28095, -4162, -19206, -11092, 6394, 18943, 7070, -19168, -13791, 21029, 16261, -12477, -12776, 5921, 4834, -3604, 3716, 5289, -8018, -10151, 6076, 16075, -853, -18973
1791219478.075, MrmFullScanInfo, 878, 107, 2087481, 0, 0, 0, 0, 10000, 39297, 32, 2, 2, 1, 480, 0, 0, 0, 0, 0, 0, 168588, -228400, -312677, 478672, 362294, -534141, -380882, 346176, 435967, -28515, -507923, -258222, 506132, 433664, -370036, -523159, 133607, 579865, 110086, -566735, -279981, 391123, 328099, -46977, -246302, -337411, 76811, 610902, 90439, -724759, -181317, 713631, 188050, -644686, -149017, 577087, 120655, -544807, -140514, 548376, 208703, -536229, -300577, 423114, 401015, -180553, -490302, -113793, 504065, 354658, -372769, -510023, 114690, 602397, 160130, -628142, -352418, 543571, 452862, -330405, -489945, 51216, 432317, 183356, -225400, -280207, -97501, 208957, 382448, -7815, -459930, -234493, 283895, 392913, 43755, -363214, -360136, 144677, 540999, 147352, -522637, -392403, 315233, 546645, -14770, -586043, -261004, 469384, 452574, -203467, -539894, -116699, 488344, 382708, -284222, -545991, -198, 589850, 232700, -496838, -311052, 283435, 211696, -33081, 9016, -132940, -245079, 134374, 391637, 11042, -386136, -203823, 230544, 329784, 9215, -319708, -234533, 175369, 362460, 37488, -359604, -228321, 247981, 329468, -88918, -320605, -47425, 226910, 114114, -104737, -103295, 16414, 39703, 633, 37416, 50062, -94486, -130449, 115369, 193766, -110307, -209083, 114735, 168434, -165731, -82251, 266853, -23339, -379385, 112743, 454648, -158295, -462193, 150902, 397004, -95656, -275669, 7806, 131040, 87823, 339, -165258, -93554, 212306, 140818, -235824, -149039, 249398, 133412, -259814, -111462, 262651, 97830, -248878, -99271, 213518, 112674, -159133, -128040, 94008, 135166, -28226, -129323, -28468, 112999, 68450, -92279, -88771, 72379, 92688, -56576, -86871, 46269, 76899, -39985, -65885, 34222, 55427, -26880, -45364, 18325, 34569, -8827, -23953, -1332, 16308, 9893, -12262, -14148, 9143, 14354, -4478, -13541, -1942, 14176, 9387, -16745, -16761, 19289, 23341, -18910, -29186, 14799, 33570, -8636, -33902, 1997, 27881, 4679, -15785, -10360, -257, 13233, 17428, -11667, -32515, 5044, 42742, 5439, -46737, -16425, 44446, 24223, -36886, -27356, 26480, 26655, -16267, -23862, 8042, 20226, -1430, -16609, -5101, 14039, 12781, -13480, -21665, 14822, 30692, -16401, -38339, 16727, 43260, -16296, -44369, 17623, 41085, -23233, -34045, 33915, 25334, -48298, -17535, 63211, 12756, -74543, -12140, 78622, 15354, -73448, -20523, 59224, 25105, -38724, -26931, 16940, 24753, 1044, -18888, -12585, 11993, 18000, -8277, -19131, 10942, 18206, -19995, -17299, 31513, 18150, -39724, -21851, 40968, 27944, -35641, -33717, 26427, 35694, -15668, -32217, 5229, 24432, 3078, -14959, -8437, 6400, 11557, -799, -13855, -926, 16405, -618, -19714, 3738, 23578, -6497, -26690, 7318, 27349, -5529, -24159, 1914, 16816, 1659, -6374, -3390, -5307, 3050, 16647, -2614, -26705, 4917, 34938, -11465, -41428, 20945, 47499, -29944, -55049, 35324, 64462, -35660, -73551, 30845, 79063, -21456, -79029, 9016, 73422, 3994, -63606, -14509, 50997, 19988, -36556, -19618, 21707, 14413, -8682, -6055, -405, -3891, 4509, 14000, -3350, -22866, -2760, 28711, 13003, -29435, -25875, 23568, 38819, -11264, -48523, -5457, 52256, 23103, -49152, -37210, 40296, 43328, -27854, -39144, 13899, 26062, 402, -8441, -15192, -8735, 31799, 21786, -51497, -29010, 73575, 31073, -94095, -30433, 106680, 30323, -105702, -32646, 88787, 36031, -57019, -36377, 14692, 29874, 30530, -15534, -68857, -4328, 92060, 24830, -96607, -40227, 84420, 46240, -61908, -41852, 37709, 29596, -19164, -14398, 9106, 1884, -5117, 3676, 2033, -985, 4719, -7146, -16630, 14947, 31610, -17085, -45155, 11800, 52351, -1358, -49970, -9940, 37966, 17810, -19688, -19588, 525, 15121, 14794, -6730, -23684, -1865, 25524, 7420, -21360, -8425, 13935, 5207, -6986, 350, 3553, -5521, -4750
1791219478.075, MrmFullScanInfo, 878, 107, 2087481, 0, 0, 0, 0, 10000, 39297, 32, 4, 2, 1, 480, 0, 0, 0, 0, 0, 0, -209, 113, 407, -252, -390, 253, 288, -155, -176, 136, 104, -138, 296, 31, -1075, 253, 1650, -454, -1493, 214, -348, 664, 4169, -2089, -8112, 3293, 9156, -3095, -6827, 1485, 3383, 332, -17, -1550, -3323, 2292, 6187, -2699, -7268, 2114, 6112, 378, -3961, -4240, 2392, 7075, -1287, -7012, -1071, 4923, 4567, -2940, -6611, 1643, 5543, -660, -2617, 1198, -170, -5919, 1927, 17298, -3684, -32984, 7341, 43676, -11454, -40537, 10728, 25515, -3161, -7804, -6124, -6542, 11389, 15082, -10839, -16310, 5063, 11655, 3520, -6174, -9998, 3119, 10621, -2072, -6289, 1722, 997, -1393, 1216, 1140, 1177, -1560, -5954, 2524, 9815, -2148, -12277, -1169, 14470, 6805, -14872, -12529, 11088, 15624, -3370, -14147, -5513, 8348, 12175, -513, -13693, -6714, 9179, 11141, -1134, -11267, -6396, 7347, 10165, -1851, -8988, -2075, 4005, 1791, 1870, 5446, -5912, -22831, 8248, 52276, -12728, -91481, 25500, 133050, -52666, -165699, 92232, 181786, -137354, -180193, 188669, 157762, -251856, -105103, 319225, 19966, -368484, 80860, 387284, -170031, -381099, 222019, 358388, -210909, -321064, 120624, 270876, 32584, -211892, -200634, 146712, 335287, -78345, -415681, 13236, 443637, 41099, -431029, -81541, 385552, 110590, -311587, -132251, 220691, 146815, -132178, -151873, 60635, 148879, -7399, -143230, -31362, 139521, 58034, -137908, -73132, 134694, 77245, -125505, -71794, 108212, 58970, -84182, -41764, 57537, 23939, -33139, -9223, 14642, 634, -3129, 1695, -3042, 319, 6797, -5982, -9744, 16416, 11730, -31073, -13162, 45523, 16104, -54629, -22706, 55525, 32632, -47580, -42306, 32018, 46946, -12627, -43310, -4533, 31245, 13841, -13872, -12831, -3428, 2323, 15213, 14324, -17387, -31702, 8596, 43936, 8639, -47144, -28419, 40999, 44479, -28248, -53528, 13044, 55727, 583, -53312, -10091, 47729, 15958, -39520, -20701, 30449, 25608, -23350, -29241, 19403, 29703, -17161, -26929, 15163, 22103, -13361, -16568, 12196, 11640, -11751, -8527, 12150, 7642, -13637, -8163, 15720, 8831, -16862, -8906, 15806, 8098, -12437, -6231, 7834, 3220, -3574, 549, 895, -3901, -28, 5164, -1, -2835, 784, -3658, -3564, 13386, 8650, -23853, -15154, 31032, 21602, -31154, -26802, 23829, 29848, -12780, -29450, 2799, 24689, 3622, -16679, -6230, 8557, 5816, -3887, -3923, 4631, 2516, -10224, -3207, 17870, 6547, -23905, -11966, 25488, 18070, -21498, -22769, 12750, 24136, -1738, -20985, -8132, 13809, 13948, -5201, -14330, -1200, 9954, 2947, -3379, -45, -1998, -5679, 3607, 11585, -910, -14651, -4295, 12339, 9027, -4179, -10922, -7462, 9321, 18589, -5260, -25771, 602, 27163, 2947, -22713, -4780, 13753, 5304, -2488, -4988, -8483, 3995, 17055, -2582, -22172, 1385, 23819, -619, -22468, -276, 18818, 2115, -13660, -5005, 7684, 7879, -1285, -9075, -5357, 7486, 11778, -3251, -16873, -2512, 19372, 8203, -18735, -12680, 15879, 16293, -13226, -20935, 13748, 29079, -19304, -42531, 29413, 61534, -41186, -83973, 50392, 105192, -53017, -119077, 45930, 120685, -28283, -108577, 3503, 84907, 21127, -53978, -38146, 21474, 43733, 6307, -38572, -23968, 26837, 28893, -14616, -22273, 7438, 8687, -7686, 5607, 13878, -14993, -22161, 16715, 28647, -11691, -30583, 3490, 27293, 3970, -19871, -8277, 10606, 8959, -2517, -6927, -1623, 3885, 826, -2073, 3376, 3377, -8118, -8208, 10753, 14963, -9423, -21037, 3921, 24508, 3463, -24678, -8841, 21721, 9418, -16522, -5386, 10521, -592, -5025, 5025
1791219478.075, MrmDetectionListInfo, 878, 197, 141, 45804, 142, 59029, 143, 65535, 144, 65535, 145, 65535, 146, 65535, 147, 65535, 148, 65535, 149, 65535, 150, 65535, 151, 65535, 152, 65535, 153, 65535, 154, 65535, 155, 65535, 156, 65535, 157, 65535, 158, 65535, 159, 65535, 160, 65535, 161, 65535, 162, 65535, 163, 65535, 164, 65535, 165, 65535, 166, 65535, 167, 65535, 168, 65535, 169, 65535, 170, 65535, 171, 65535, 172, 65535, 173, 65535, 174, 65535, 175, 65535, 176, 65535, 177, 65535, 178, 65535, 179, 65535, 180, 65535, 181, 65535, 182, 65535, 183, 65535, 184, 65535, 185, 65535, 186, 65535, 187, 65535, 188, 65535, 189, 65535, 190, 65535, 191, 65535, 192, 65535, 193, 65535, 194, 65535, 195, 65535, 196, 65535, 197, 65535, 198, 65535, 199, 65535, 200, 65535, 201, 65535, 202, 65535, 203, 63922, 204, 52866, 205, 41639, 206, 30985, 207, 21553, 221, 27152, 223, 34717, 224, 37736, 225, 40139, 226, 41853, 227, 42685, 228, 42373, 229, 40700, 230, 37594, 231, 33240, 232, 28274, 233, 23698, 234, 20377, 235, 18405, 236, 16715, 237, 13825, 244, 24333, 245, 24556, 246, 25542, 247, 28556, 248, 33051, 249, 37410, 250, 40004, 251, 40221, 252, 38620, 253, 36113, 254, 33216, 255, 30249, 256, 28091, 257, 27907, 258, 29518, 259, 30978, 260, 30637, 261, 28833, 262, 27069, 263, 26199, 264, 25912, 265, 25569, 266, 24977, 267, 24285, 268, 23531, 269, 22532, 270, 21133, 271, 19400, 272, 17547, 273, 15757, 287, 11938, 306, 19211, 307, 22679, 308, 25416, 309, 27237, 310, 27907, 311, 27342, 312, 25719, 313, 23350, 314, 20517, 315, 17478, 316, 14669, 317, 12621, 318, 11399, 319, 10406, 330, 14748, 331, 17221, 332, 19224, 333, 20594, 334, 21191, 335, 20906, 336, 19695, 337, 17602, 338, 14913, 339, 12511, 340, 11527, 341, 12026, 342, 12606, 363, 11355, 364, 13594, 365, 14599, 368, 13765, 377, 9099, 378, 11055, 379, 11870, 380, 12091, 381, 12237, 382, 12297, 383, 11997, 384, 11270, 385, 10359, 386, 9560, 399, 10759, 400, 12407, 401, 14081, 402, 15128, 403, 15398, 404, 15311, 405, 15443, 407, 17689, 408, 20194, 409, 23922, 410, 29023, 411, 35443, 412, 42929, 413, 51106, 414, 59518, 415, 65535, 416, 65535, 417, 65535, 418, 65535, 419, 65535, 420, 65535, 421, 65535, 422, 65535, 423, 59389, 424, 49856, 425, 44017, 426, 42311, 427, 41346, 428, 37642, 429, 31396, 430, 25784, 431, 23616, 432, 25098, 433, 27681, 434, 27980, 435, 24687, 436, 19331, 443, 17147, 444, 20748, 445, 22105, 446, 21637, 447, 20249
1791219478.200, MrmFullScanInfo, 879, 107, 2087606, 0, 0, 0, 0, 10000, 39297, 32, 1, 2, 1, 480, -428426, 490261, 420034, -477410, -452618, 445095, 506600, -368681, -519963, 104761, 520192, 343329, -495668, -497532, 367191, 516989, -104046, -520192, -177713, 519347, 325223, -511538, -476006, 482782, 520103, 513433, -147193, -520038, -418354, 496284, 367742, -499511, -443757, 504162, 279959, -517568, -283920, 518530, 216451, -516607, -293412, 515651, 428700, -507967, -515005, 382919, 520192, 84257, -519855, -492523, 451033, 519298, -159974, -519741, -238131, 519817, 471622, -501540, -516765, 383280, 519967, -124496, -520192, -289701, 510295, 466072, -50274, -379278, -519511, 75596, 520058, 408794, -481145, -515251, -65452, 516963, 509850, -322783, -520192, -354356, 516249, 518449, -317138, -520060, 3117, 519926, 328980, -503683, -509460, 336320, 520182, 128760, -520099, -494484, 432299, 520118, 69193, -518958, -385285, 491689, 484079, -309837, -483608, 7535, 169017, 156266, 213537, -123569, -445333, -85804, 474077, 348706, -320132, -453527, 19509, 390071, 233434, -200807, -354919, -96312, 279405, 344082, -48228, -407416, -203644, 348799, 436395, -214805, -511237, -138829, 497803, 326166, -461251, -423412, 419395, 456262, -391940, -465301, 389002, 469491, -394975, -483028, 366056, 494384, -61497, -518078, -44659, 492585, 181156, -350305, -307172, 170168, 353552, -15614, -310910, -83912, 223500, 101677, -127176, -41128, 50250, 16605, -71168, 50566, 144037, -73956, -219092, 45356, 254918, 33561, -229138, -115733, 150582, 156523, -32044, -148496, -101815, 99332, 160755, 10723, -161974, -102954, 114295, 143558, -36304, -134201, -41537, 87677, 81457, -23358, -80686, -30855, 57454, 54336, -11375, -40568, -24175, 5272, 24501, 36255, 7081, -64108, -47561, 63550, 86001, -33891, -107042, -1080, 112760, 43167, -73107, -64286, 29946, 64735, 5208, -48022, -26840, 30433, 30447, -19174, -19913, 13665, 7857, -15242, -1689, 35990, 3221, -45866, -9474, 44940, 21223, -35872, -29233, 21845, 26112, -4438, -15244, -8610, 2917, 11330, 4102, -9474, -10410, 3609, 5932, 2729, 7135, -5095, -17825, -2033, 26422, 12834, -29531, -20447, 24057, 23653, -7558, -24105, -4173, 11440, 11762, 5100, -14488, -18733, 11370, 27688, -5932, -31122, 6661, 29334, -16223, -22192, 30964, 22513, -47320, -21535, 64818, 24694, -74295, -29056, 73367, 37186, -61587, -41377, 39466, 40917, -10840, -35350, -21120, 26107, 39685, -11240, -49343, -2361, 50640, 12049, -45681, -13897, 36729, 11298, -28613, -4026, 23031, -4120, -16900, 5802, 17798, -7291, -19994, 5188, 19334, -80, -13264, -7411, 4446, 14924, 7094, -19129, -18802, 20176, 31407, -10794, -34203, 4256, 33087, 4033, -26785, -10264, 16358, 14984, -5000, -18169, -4929, 19136, 11518, -18378, -25595, 14888, 28038, -17458, -29617, 23518, 29551, -31836, -28735, 41594, 25563, -50565, -23080, 57431, 21568, -63832, -19984, 53820, 20747, -55980, -23728, 54030, 26812, -49474, -30339, 41085, 31840, -31470, -32747, 21347, 29093, -11820, -11605, 4226, 3845, 328, 5967, -1048, -14432, 306, 19865, 2822, -19803, -7852, 15276, 15551, -6226, -22073, -10415, 27934, 23595, -28574, -35325, 24311, 43151, -18881, -44561, 13086, 40135, -9927, -29968, 9440, 16969, -9048, -1486, 9352, -14390, -3884, 31029, -2924, -48236, 11168, 64766, -16707, -78855, 15770, 84887, -7306, -82874, -9550, 71258, 34641, -44792, -50392, 9007, 56830, 27414, -52156, -59108, 37904, 77607, -18503, -80164, -256, 71118, 14347, -54161, -27010, 38091, 23561, -26946, -15150, 20360, 10964, -17728, -11925, 16272, 18358, -13578, -28582, 9266, 37262, 7938, -42370, -18560, 37221, 26981, -27061, -27172, 11631, 20169, 3684, -7416, -13544, -7578, 17687, 18044, -13514, -20396, 6717, 20817, 2553, -17154, -7863, 11908, 9059, -7717, -5202, 5308, -2607, -5714, 10742, 7033, -19920
1791219478.200, MrmFullScanInfo, 879, 107, 2087606, 0, 0, 0, 0, 10000, 39297, 32, 2, 2, 1, 480, 0, 0, 0, 0, 0, 0, 168896, -228177, -313395, 478298, 363297, -533434, -381990, 344967, 437026, -27330, -508365, -258791, 505003, 433924, -367126, -523707, 129954, 580825, 113050, -567700, -280233, 391264, 323519, -45299, -237040, -340888, 66105, 614504, 98877, -726691, -186062, 713494, 189126, -643162, -146991, 574928, 116507, -542490, -135604, 546635, 204382, -536353, -297440, 425933, 399064, -185231, -489551, -109206, 505182, 351416, -375909, -508062, 118520, 601247, 157436, -627479, -351622, 541632, 453666, -322673, -491941, 31567, 436097, 216830, -232499, -319991, -87443, 241863, 374173, -25588, -458998, -231462, 290912, 400753, 32842, -377298, -350358, 159146, 536118, 137480, -524034, -387833, 320841, 544937, -20489, -584622, -258290, 467144, 453282, -200823, -541364, -119007, 486666, 384880, -277629, -548630, -10137, 592388, 243302, -497724, -320687, 282245, 219356, -31300, 4163, -133949, -244701, 135107, 399252, 8917, -405859, -198573, 264282, 318570, -38469, -297344, -169916, 136427, 270328, 95159, -221477, -301932, 47161, 401763, 181437, -354460, -389925, 181795, 534039, 38470, -602984, -221067, 608743, 325937, -577898, -361714, 538515, 360499, -490498, -357854, 409124, 380504, -283187, -424944, 131625, 451277, 20109, -417300, -157280, 317347, 260076, -183743, -304831, 62474, 281346, 14039, -207317, -37585, 125814, 17228, -81450, 29775, 91657, -78189, -139243, 97814, 189538, -71051, -210302, 5743, 182374, 70048, -106192, -123143, 3666, 129106, 91287, -83445, -149103, 6136, 155447, 68842, -113888, -112943, 44608, 114693, 24149, -80672, -68430, 30292, 77295, 13489, -55402, -33887, 20312, 25662, 6447, 4440, -10816, -40712, -8344, 65576, 42150, -67875, -76270, 47231, 95894, -12303, -92359, -23886, 67688, 49335, -32858, -58319, 1148, 52810, 17791, -39529, -21488, 26727, 14331, -21259, -3528, 25070, -4564, -33872, 6007, 40678, -465, -40627, -8344, 32499, 14986, -18456, -16087, 3175, 11800, 8240, -4804, -12761, -1016, 10443, 2238, -4005, 2397, -2164, -11386, 4213, 21411, -1109, -28195, -5411, 28116, 12292, -20546, -15976, 8256, 13587, 4567, -4856, -14382, -7337, 19510, 18801, -21062, -25727, 22393, 26176, -26852, -20913, 35999, 12880, -49050, -5440, 63017, 1280, -73551, -2092, 76561, 7897, -69601, -16815, 52298, 25978, -26959, -32555, -1266, 34212, 26199, -29861, -43371, 20819, 51285, -10566, -50728, 2857, 44002, 76, -34055, 1522, 23914, -5429, -16314, 9090, 12848, -10928, -12799, 10130, 13461, -6012, -12120, -1411, 7553, 10783, 82, -19337, -9675, 24130, 19352, -23563, -26800, 18060, 30029, -9453, -28193, -246, 21872, 9397, -12932, -16774, 3172, 21593, 6431, -24082, -14989, 25678, 21032, -28177, -23255, 32732, 21620, -39333, -17068, 47032, 11094, -54589, -5246, 60319, 929, -62757, 699, 62061, 741, -59944, -4424, 57610, 8999, -54350, -13583, 48995, 17714, -41202, -20046, 31452, 18725, -20493, -13235, 9582, 5100, -548, 3588, -5105, -11370, 6895, 16962, -4925, -19211, -514, 17238, 8868, -10814, -18921, 815, 28530, 10882, -35167, -22095, 37217, 30854, -34862, -35334, 29696, 34215, -23543, -27215, 17549, 15313, -11651, -404, 4840, -15427, 3965, 30626, -14877, -44468, 26426, 56617, -35725, -66439, 39206, 72831, -33675, -74229, 18082, 68624, 5063, -54092, -30110, 30298, 50578, 31, -61636, -31193, 61285, 56441, -50569, -70641, 32781, 72418, -12742, -64392, -3928, 51279, 12981, -37514, -14179, 26197, 11515, -18980, -10110, 15987, 13083, -15217, -20554, 13358, 30185, -8047, -38237, -333, 40905, 9087, -35915, -15080, 23779, 16060, -7637, -11563, -7852, 3251, 18335, 5929, -21325, -13346, 17198, 17667, -8962, -18667, 744, 16776, 3979, -12968, -3568, 8523, -1647
1791219478.200, MrmFullScanInfo, 879, 107, 2087606, 0, 0, 0, 0, 10000, 39297, 32, 4, 2, 1, 480, 0, 0, 0, 0, 0, 0, 204, 273, -532, -462, 841, 757, -1003, -1169, 1014, 1094, -443, -468, -953, 156, 2432, -394, -2992, 793, 2423, -949, -516, 514, -2686, 714, 5703, -2031, -6744, 2277, 5528, -1325, -3358, 51, 1181, 807, 444, -1122, -1328, 1112, 1673, -802, -1655, 47, 1453, 936, -951, -1541, 231, 1477, 588, -1047, -1066, 634, 880, -398, -251, 369, -338, -1474, 728, 5288, -1183, -12282, 2214, 19237, -3909, -20819, 5030, 15272, -3529, -6692, -540, -336, 4453, 5045, -6059, -7692, 5182, 7583, -2836, -4927, 321, 1881, 1090, -273, -995, 451, -56, -1468, 1145, 2043, -931, -1817, -1203, 1496, 4104, -1555, -5869, 1620, 5601, -1365, -3838, 1634, 1766, -3380, -506, 5354, -861, -4935, 5250, 1122, -14611, 5169, 27982, -13994, -43811, 26880, 64115, -43508, -94768, 60685, 142301, -74422, -204453, 71495, 271881, -33103, -341580, -43019, 417349, 134149, -496166, -216559, 563694, 288559, -604818, -358239, 611682, 424188, -568913, -478395, 464785, 517385, -323391, -531136, 198675, 493824, -122696, -389931, 79873, 242357, -45324, -99999, 9004, 7816, 27803, 17651, -66511, 9114, 116855, -60283, -186971, 112715, 268720, -149496, -337111, 156055, 366934, -127733, -345236, 74814, 272876, -18792, -164806, -17180, 48897, 18522, 43176, 12826, -90228, -57782, 88970, 90906, -50672, -94660, -4309, 66570, 53108, -17116, -78107, -36608, 73582, 77214, -47131, -92232, 14999, 78233, 6196, -42309, -6661, -960, -13121, 35761, 43911, -49679, -72504, 38712, 87473, -10720, -82966, -18105, 60279, 33435, -27746, -30882, -2591, 14977, 20572, 5362, -22069, -20610, 10268, 24118, 6394, -14859, -18576, -2414, 20713, 20176, -13390, -32214, 1738, 35761, 8068, -31851, -12400, 24328, 11472, -17941, -7948, 15967, 4927, -18479, -4798, 22601, 8778, -24477, -16202, 21494, 24589, -13383, -30164, 1839, 29728, 10419, -22917, -20352, 12534, 25546, -2446, -25357, -4789, 21277, 8493, -15929, -9454, 11753, 8867, -9756, -7666, 9339, 6646, -9337, -6399, 9110, 6792, -8473, -6832, 7206, 5477, -5165, -2186, 2500, -3078, 416, 9945, -3129, -17596, 5177, 24828, -6045, -30277, 5159, 32852, -2003, -32085, -3444, 28262, 10253, -21986, -16590, 13964, 20522, -5198, -21110, -2876, 18801, 8949, -15042, -12573, 11637, 14193, -10110, -14732, 11115, 15058, -13306, -15765, 13905, 17263, -10711, -19408, 3510, 21237, 6466, -21456, -17568, 19234, 27775, -14561, -35017, 7522, 37671, 1579, -35529, -11214, 30079, 18663, -23467, -22120, 17367, 22552, -12670, -22440, 9728, 23778, -8330, -26521, 6704, 29281, -2473, -31250, -4392, 32403, 10884, -32108, -14091, 29131, 14170, -23312, -13117, 15974, 12775, -8585, -13620, 1973, 14979, 3373, -15865, -6831, 15662, 7856, -14404, -6286, 12617, 2185, -10937, 3992, 9751, -11051, -9240, 17106, 9489, -20209, -10287, 19242, 10913, -14398, -10369, 7104, 7941, 455, -3518, -5760, -2412, 7202, 9317, -5020, -16907, 887, 25483, 3320, -36014, -6198, 49444, 6873, -65300, -5570, 80736, 3670, -91244, -3205, 93097, 5706, -84622, -11092, 65763, 17764, -38046, -23632, 5676, 27041, 24717, -27062, -46931, 24133, 57821, -20185, -58330, 17963, 52339, -19474, -44070, 24418, 36344, -29905, -30479, 32081, 26589, -28472, -23429, 19214, 19047, -6717, -12249, -5405, 3518, 13742, 5200, -16267, -11556, 13103, 14015, -6372, -12498, -891, 8337, 6000, -3395, -7530, -1101, 5839, 4876, -2899, -7768, 1113, 9336, -1885, -9378, 5088, 8245, -9274, -6417, 12419, 3992
1791219478.215, MrmDetectionListInfo, 879, 205, 126, 64833, 127, 65535, 128, 65535, 129, 65535, 130, 65535, 131, 65535, 132, 65535, 133, 65535, 134, 65535, 135, 65535, 136, 65535, 137, 65535, 138, 65535, 139, 65535, 140, 65535, 141, 65535, 142, 65535, 143, 65535, 144, 65535, 145, 65535, 146, 65535, 147, 65535, 148, 65535, 149, 65535, 150, 65535, 151, 65535, 152, 65535, 153, 65535, 154, 65535, 155, 65535, 156, 65535, 157, 65535, 158, 65535, 159, 65535, 160, 51897, 164, 31290, 165, 48778, 166, 62330, 167, 65535, 168, 65535, 169, 65535, 170, 65535, 171, 65535, 172, 65535, 173, 65535, 174, 65535, 175, 65535, 176, 65535, 177, 65535, 178, 65535, 179, 65535, 180, 65535, 181, 65535, 182, 50803, 183, 32126, 185, 28794, 186, 43734, 187, 63307, 188, 65535, 189, 65535, 190, 65535, 191, 65535, 192, 55876, 193, 44609, 194, 40615, 195, 43407, 196, 48124, 197, 52415, 198, 57921, 199, 64928, 200, 65535, 201, 65535, 202, 60036, 203, 48929, 204, 38730, 205, 30156, 206, 21524, 210, 30304, 211, 49088, 212, 60326, 213, 61990, 214, 58444, 215, 53751, 216, 49311, 217, 45817, 218, 43617, 219, 41488, 220, 37160, 221, 29507, 236, 18320, 237, 20730, 242, 21456, 252, 14989, 254, 18861, 256, 21095, 257, 21148, 258, 20233, 259, 18468, 260, 16789, 263, 19509, 264, 19553, 265, 17911, 266, 15645, 267, 13974, 270, 14070, 272, 12408, 301, 18251, 302, 17489, 303, 16904, 306, 17787, 308, 17179, 316, 13323, 317, 13114, 318, 12563, 319, 12217, 320, 12301, 327, 14929, 328, 14210, 331, 12566, 332, 14310, 333, 17063, 334, 19831, 335, 21828, 336, 22873, 337, 23170, 338, 22871, 339, 21981, 340, 20689, 341, 19753, 342, 20105, 343, 21667, 344, 23103, 345, 23211, 346, 22076, 347, 20604, 348, 19393, 349, 18394, 350, 17418, 351, 16578, 352, 16164, 353, 16286, 355, 17166, 356, 17286, 357, 17037, 360, 18374, 361, 20266, 362, 21985, 363, 22809, 364, 22524, 365, 21385, 366, 19759, 367, 17865, 368, 15823, 377, 11651, 378, 11811, 379, 11352, 380, 10539, 381, 9475, 382, 8192, 383, 7010, 385, 7210, 386, 8808, 390, 14512, 391, 15075, 392, 15214, 393, 14767, 394, 13680, 410, 21717, 411, 25757, 412, 29550, 413, 33241, 414, 36949, 415, 40512, 416, 43612, 417, 46012, 418, 47632, 419, 48455, 420, 48438, 421, 47503, 422, 45579, 423, 42614, 424, 38579, 425, 33481, 426, 27415, 427, 21110, 428, 17032, 430, 25405, 431, 33797, 432, 39057, 433, 40289, 434, 39593, 435, 38849, 436, 38158, 437, 36874, 438, 35025, 439, 33338, 440, 32362, 441, 31988, 442, 31763, 443, 31368, 444, 30703, 445, 29693, 446, 28160, 447, 25904, 448, 22839
1791219478.325, MrmFullScanInfo, 880, 107, 2087731, 0, 0, 0, 0, 10000, 39297, 32, 1, 2, 1, 480, -423464, 492293, 421141, -478646, -454149, 444653, 504336, -368821, -519982, 108438, 520184, 338672, -494770, -499809, 367660, 517167, -110197, -519960, -179594, 519690, 323116, -510990, -474089, 481848, 520159, 513104, -155817, -520137, -418428, 495490, 366755, -499856, -439218, 505061, 280623, -517769, -284139, 518398, 213254, -516452, -287017, 516486, 424483, -508911, -515864, 383384, 520192, 82551, -520015, -490485, 449711, 519796, -163144, -520192, -233358, 519697, 467711, -503819, -516576, 387908, 519986, -121457, -520190, -281442, 512086, 458262, -51127, -381718, -519246, 87896, 520115, 401919, -488119, -513799, -64855, 517861, 510608, -317695, -520192, -349652, 516913, 518847, -320071, -520155, 6939, 519941, 324977, -503773, -507175, 342792, 520093, 129088, -520116, -495765, 435261, 520159, 69096, -519539, -387300, 490078, 488838, -302951, -493389, -11861, 198563, 194868, 185439, -184155, -434913, -14105, 481870, 279803, -334654, -370497, 53761, 260162, 170078, -28964, -263972, -292397, 161526, 481278, 83748, -497904, -321156, 429280, 482599, -248054, -513020, -152623, 458614, 372519, -330108, -458935, 180950, 449207, -22994, -368239, -103502, 275747, 160723, -214114, -193711, 188881, 203967, -66506, -192835, 69090, 196145, -47549, -203133, 16626, 182031, 2511, -135739, -17715, 94664, 23387, -65342, -21754, 58561, 74036, -43368, -108314, 32627, 149288, -7721, -187247, -38760, 217396, 102061, -209374, -160425, 156964, 204064, -76863, -180697, -26335, 162096, 83082, -117885, -107341, 69625, 94762, -28202, -63238, 8998, 34721, -20884, -17999, 47212, 22550, -67808, -50392, 62393, 84714, -32439, -105172, -21480, 104155, 80778, -78271, -115937, 33613, 124537, 18399, -108119, -49524, 67668, 58680, -29762, -49884, 6769, 32609, -2758, -14280, 7821, 9698, -15291, -18095, 18072, 30562, -6156, -41457, -13564, 52221, 37061, -45970, -52565, 30043, 60588, -12645, -56085, 486, 39126, 8591, -16014, -10078, -4020, 5101, 3809, 4232, -12805, -4797, 13084, 2713, -9772, 3039, 8222, -12179, -7140, 19620, 7234, -18877, -7431, 12638, 8290, -4979, -5151, -5130, 264, 16523, 5469, -22484, -10745, 24887, 14368, -24748, -12059, 22891, 3466, -18429, 10595, 13263, -18703, -10427, 25957, 6414, -29130, -2298, 28241, -765, -23359, 3372, 16426, -3359, -7163, 1740, 613, 1928, 4851, -6557, -8627, 10561, 13534, -16374, -16538, 21340, 17849, -23866, -15991, 25517, 11293, -25609, -8736, 22801, 3082, -22787, 880, 23768, -345, -23207, -808, 20531, 4573, -15578, -7861, 10106, 9334, -3817, -10682, -7493, 6045, 10966, -358, -11455, -4362, 10817, 7684, -8500, -8010, 6301, 8240, -5178, -6672, 4611, 7563, 2321, -4757, -5922, 1764, 14414, -72, -24903, -797, 37570, 887, -49824, -1893, 61600, 4538, -70241, -15296, 66394, 20168, -66559, -27208, 62931, 29624, -57026, -30284, 48549, 28135, -39292, -24169, 30728, 19225, -22581, -9855, 21012, 8015, -16397, -6388, 12542, 5163, -9797, -4388, 9004, 4641, -10409, -5783, 13554, 8752, -17388, -18997, 21655, 25820, -21953, -31905, 17978, 36699, -12948, -37040, 7475, 31364, -4637, -20099, 4642, 4699, -8011, 16184, 8876, -36974, -14997, 56475, 22286, -75175, -28469, 90127, 36435, -97897, -44106, 96577, 53294, -82682, -60225, 54186, 64266, -17469, -61814, -24046, 50865, 62173, -32921, -88892, 10011, 100217, 9260, -98702, -21860, 87162, 24963, -69105, -26389, 58192, 14837, -51600, -4295, 47878, 854, -44207, -6519, 37237, 18678, -25090, -32819, 7543, 41812, 18411, -46276, -34735, 36031, 43807, -17971, -41219, -2645, 28268, 21332, -10896, -32141, -5672, 35573, 18385, -31663, -22858, 18015, 23349, -9841, -20968, 4353, 19375, -2598, -20684, 5411, 24658, -10239, -30381, 15693, 34826, -17857
1791219478.325, MrmFullScanInfo, 880, 107, 2087731, 0, 0, 0, 0, 10000, 39297, 32, 2, 2, 1, 480, 0, 0, 0, 0, 0, 0, 168806, -228390, -313177, 478774, 362809, -534501, -381132, 346777, 435855, -29197, -507602, -257700, 505565, 433522, -368971, -523356, 132132, 580237, 111351, -566945, -279733, 390717, 324881, -45581, -239851, -339636, 69123, 612983, 96507, -725696, -184394, 713248, 187959, -643356, -145669, 575020, 114063, -542038, -132024, 545683, 200920, -535557, -295349, 426095, 398325, -186466, -489433, -107643, 505653, 350265, -377654, -507398, 121641, 601067, 153951, -627922, -348952, 542947, 452324, -325419, -491534, 35872, 435811, 212962, -232209, -319920, -87211, 246623, 373328, -32589, -458207, -225540, 290674, 397496, 32686, -376601, -350190, 160128, 536491, 135838, -525580, -386281, 323690, 543971, -23968, -584740, -255125, 468268, 451286, -202144, -541035, -118197, 487617, 384504, -278426, -548083, -11478, 590241, 249722, -491194, -336120, 267366, 245741, -3803, -29535, -176883, -211830, 193820, 375107, -66603, -395143, -99633, 268223, 185365, -56070, -127342, -138984, -53950, 223614, 277895, -160061, -453086, -16068, 506814, 226084, -404222, -398692, 174154, 492651, 93161, -490609, -300498, 395884, 401973, -238290, -408787, 67279, 362419, 69642, -297889, -149469, 230814, 179825, -168678, -183952, 120068, 180452, -89078, -174100, 68807, 160376, -50214, -136050, 29413, 105978, -6024, -79723, -20964, 64474, 53413, -60361, -91158, 59745, 132072, -51288, -173182, 26178, 207084, 17334, -221294, -71323, 202939, 121899, -148416, -156660, 70295, 168787, 6663, -156435, -59557, 122816, 79466, -79292, -71668, 42675, 49224, -26518, -26446, 32537, 15261, -49798, -22145, 61617, 45252, -54236, -74800, 23608, 97376, 22644, -101277, -69508, 81903, 102016, -44878, -111135, 3393, 96716, 28949, -67525, -44149, 36755, 42092, -14978, -29769, 6090, 17366, -7262, -12744, 11502, 18390, -11475, -31493, 3466, 45544, 11340, -53311, -28484, 50889, 42229, -39487, -47338, 23425, 41320, -7462, -26831, -4178, 10034, 8962, 3789, -7795, -12345, 4605, 15392, -3374, -13624, 5818, 8929, -11029, -3709, 16094, 142, -17905, 644, 15033, 784, -7880, -2644, -2109, 3323, 12831, -2242, -21894, -40, 27522, 1869, -28945, -966, 26042, -3881, -19437, 11615, 10836, -19642, -2442, 25570, -4166, -28063, 8443, 26738, -10347, -21990, 9948, 14957, -7336, -7334, 2858, 819, 2726, 3745, -8606, -6616, 14394, 8406, -19939, -9253, 24789, 8752, -28101, -6686, 29141, 3438, -27892, 278, 25300, -3738, -22747, 6280, 21089, -7182, -20059, 5982, 18748, -2828, -16370, -1477, 12342, 5666, -6473, -8388, -450, 8638, 6782, -6218, -11022, 2116, 12693, 2079, -12184, -5055, 10390, 6403, -7930, -6509, 4779, 5997, -461, -5369, -5560, 5118, 13665, -5935, -23822, 8231, 35340, -11574, -47132, 14374, 57664, -14594, -65411, 11098, 69688, -4649, -70771, -2516, 69056, 8306, -64417, -11705, 56938, 12825, -47405, -11984, 37353, 9523, -28375, -6192, 21378, 3183, -16373, -1398, 12940, 877, -10891, -1158, 10384, 1822, -11642, -3130, 14773, 5886, -19489, -10446, 24611, 16246, -28179, -22224, 28641, 27157, -25878, -29328, 21015, 26856, -15575, -18405, 10521, 3880, -6026, 15282, 2236, -36701, 302, 58117, -1033, -77686, -173, 93484, 3526, -103162, -9530, 104087, 18614, -94001, -30464, 72119, 43381, -39969, -54305, 1548, 59720, 37289, -57241, -70129, 47013, 91854, -31994, -99953, 16398, 95460, -4071, -82808, -2150, 67764, 1478, -54599, 3487, 44950, -7345, -38438, 5178, 33373, 4550, -27003, -19625, 16867, 35337, -2767, -45975, -12636, 46789, 25317, -36190, -31923, 16829, 30974, 5695, -23327, -25185, 11762, 36791, 306, -38523, -10236, 32070, 16821, -21964, -20163, 13190, 21317, -8949, -21783, 10106, 22699, -15371
1791219478.325, MrmFullScanInfo, 880, 107, 2087731, 0, 0, 0, 0, 10000, 39297, 32, 4, 2, 1, 480, 0, 0, 0, 0, 0, 0, 4, -100, -23, 290, -119, -764, 433, 1347, -750, -1444, 574, 931, 168, -361, -799, 188, 851, -234, -599, 341, 282, -359, 65, 113, -83, 254, -171, -438, 197, 390, 146, -248, -678, 211, 1660, -475, -3304, 1042, 4650, -1394, -4465, 806, 2893, 755, -1250, -2229, 283, 2534, 767, -1840, -2446, 1085, 3887, -445, -3946, -238, 2713, 654, -1050, -311, -172, -1588, 805, 5762, -1698, -10863, 2927, 13310, -2909, -11223, 790, 6264, 1875, -851, -3230, -3269, 2871, 4965, -1060, -4281, -1612, 2653, 3854, -1246, -4480, 177, 3495, 441, -1585, -431, -131, 37, 447, 280, 1111, -177, -4169, -1414, 9311, 6069, -17786, -14597, 27968, 26815, -34574, -41633, 32750, 57523, -21740, -75566, 4174, 101083, 15915, -138463, -35646, 180146, 56649, -207152, -84281, 206605, 117796, -180837, -144530, 133786, 153174, -63100, -145473, -25204, 125835, 109758, -86494, -169218, 13275, 196955, 96279, -198338, -223539, 181512, 327168, -142291, -364531, 68169, 322347, 34026, -220811, -126716, 91611, 170011, 38053, -155041, -141966, 101988, 195739, -41148, -185176, -2755, 118016, 15423, -26589, 8142, -47185, -62450, 74295, 129613, -50089, -183669, -9888, 201568, 80219, -173767, -133261, 106222, 149429, -18934, -126864, -57706, 79827, 95168, -27730, -84065, -12857, 39290, 29523, 12875, -17595, -49281, -17322, 58151, 60060, -40198, -90942, 5003, 94596, 33734, -67904, -62213, 21351, 70637, 27512, -56888, -62366, 27446, 73272, 5714, -59921, -30303, 32081, 38234, -4763, -28400, -10153, 7171, 9625, 14747, 1624, -27707, -14887, 27202, 22237, -15192, -19617, -1396, 7438, 14679, 10313, -20032, -27440, 17734, 37763, -11446, -37954, 5548, 28773, -2880, -15006, 4238, 2802, -8619, 4335, 13232, -7090, -14331, 8051, 9785, -8891, -1006, 10251, -8066, -12054, 13490, 13572, -13300, -13484, 8269, 10566, -1275, -4492, -4370, -3728, 6642, 11978, -5393, -18104, 1900, 21171, 1865, -21754, -4537, 21609, 6033, -23085, -7037, 27860, 8286, -35455, -10670, 43232, 15213, -47873, -21879, 46771, 28983, -38461, -33958, 23443, 34574, -4847, -29522, -12501, 18811, 24524, -4421, -29664, -9791, 28826, 19674, -24575, -22654, 19720, 19210, -16477, -12544, 16401, 6535, -19777, -3692, 24671, 4798, -27438, -9439, 25145, 16135, -17261, -22585, 5274, 26123, 8124, -24873, -19601, 18959, 26067, -10467, -25931, 2117, 20009, 4371, -10826, -8654, 1471, 11314, 6060, -12879, -11486, 13578, 15316, -13603, -17746, 13143, 18645, -12164, -18100, 10347, 16249, -7403, -13191, 3418, 8895, 876, -3415, -4314, -2718, 6020, 8243, -5922, -11484, 4625, 11282, -2836, -7540, 1092, 1463, 236, 4690, -369, -8455, -1685, 8425, 5843, -4682, -10435, -1815, 13483, 9688, -14107, -17166, 12317, 22543, -8469, -24774, 3171, 23681, 2667, -19640, -7969, 13404, 11837, -6102, -13728, -933, 13545, 6645, -11602, -10472, 8370, 12748, -4330, -14663, -438, 17477, 6987, -21831, -17197, 27728, 32156, -34422, -50533, 40072, 68806, -42062, -82372, 37600, 87180, -25034, -81251, 5560, 65129, 16497, -41482, -35605, 14425, 47565, 11172, -50902, -30558, 47115, 40193, -39504, -39082, 31731, 29404, -26758, -15516, 25926, 2164, -28236, 7006, 30801, -10260, -30483, 8127, 25258, -2941, -15081, -2389, 2128, 5527, 10047, -5077, -18252, 870, 21086, 5817, -19051, -12670, 14055, 17562, -8504, -19552, 4213, 18577, -1661, -15290, 169, 11253, 1334, -8407, -3769, 7842, 7783, -9089, -13403, 10996, 19731, -12341
1791219478.325, MrmDetectionListInfo, 880, 198, 118, 45436, 119, 48724, 120, 56787, 121, 65535, 122, 65535, 123, 65535, 124, 65535, 125, 65535, 126, 65535, 127, 65535, 128, 65535, 129, 65535, 130, 65535, 131, 65535, 132, 65535, 133, 65535, 134, 65535, 135, 65535, 136, 65535, 137, 65535, 138, 65535, 139, 65535, 140, 65535, 141, 65535, 142, 65535, 143, 65535, 144, 65535, 145, 65535, 146, 65535, 147, 65535, 148, 65535, 149, 65535, 150, 65535, 151, 65535, 152, 65535, 153, 65535, 154, 65535, 155, 65535, 156, 65535, 157, 65535, 158, 65535, 159, 65535, 160, 65535, 161, 65535, 162, 65535, 163, 65535, 164, 65535, 165, 55286, 166, 37946, 169, 36535, 170, 65535, 171, 65535, 172, 65535, 173, 65535, 174, 65535, 175, 65535, 176, 65535, 177, 65535, 178, 65535, 179, 65535, 180, 65535, 181, 65535, 182, 65535, 183, 65535, 184, 65535, 185, 65535, 186, 65535, 187, 60436, 188, 44674, 189, 33381, 190, 27331, 191, 23963, 192, 22015, 193, 23660, 194, 30710, 195, 40913, 196, 50383, 197, 56789, 198, 59006, 199, 56887, 200, 53154, 201, 52494, 202, 55877, 203, 58271, 204, 54668, 205, 46976, 206, 42297, 207, 44565, 208, 50409, 209, 53314, 210, 50004, 211, 42710, 212, 36551, 213, 34846, 214, 35816, 215, 34341, 216, 27804, 225, 22279, 234, 21048, 235, 24533, 236, 26129, 237, 26152, 238, 24811, 239, 22285, 272, 11197, 281, 18369, 283, 23234, 284, 25991, 285, 28798, 286, 31461, 287, 33749, 288, 35417, 289, 36232, 290, 35985, 291, 34515, 292, 31758, 293, 27768, 302, 19227, 303, 22267, 304, 24048, 305, 23667, 306, 21868, 307, 19754, 308, 17759, 316, 16076, 317, 17422, 318, 18458, 319, 18984, 320, 18863, 321, 18039, 325, 17091, 326, 19520, 327, 21315, 328, 21517, 329, 20140, 330, 17786, 331, 15041, 333, 10399, 340, 11527, 341, 13330, 342, 14137, 343, 14568, 345, 15673, 346, 15895, 347, 15665, 348, 15124, 349, 14400, 351, 12198, 352, 10588, 363, 8526, 364, 8082, 380, 9487, 381, 12088, 382, 14580, 383, 16072, 384, 16510, 385, 16367, 386, 15909, 394, 10630, 400, 10542, 410, 22844, 411, 27817, 412, 33397, 413, 39610, 414, 45974, 415, 51821, 416, 56638, 417, 60067, 418, 61762, 419, 61351, 420, 58567, 421, 53382, 422, 46349, 423, 39281, 424, 34651, 425, 33222, 426, 33059, 427, 31790, 428, 29471, 429, 28510, 430, 30836, 431, 35828, 432, 40782, 433, 43092, 434, 42160, 435, 39247, 436, 35743, 437, 32043, 438, 27951, 439, 23559, 440, 19429, 441, 16243, 442, 14744, 443, 15508, 444, 18014, 445, 20466, 446, 21194, 447, 19904
1791219478.450, MrmFullScanInfo, 881, 107, 2087856, 0, 0, 0, 0, 10000, 39297, 32, 1, 2, 1, 480, -423378, 489769, 421477, -479499, -453996, 443718, 505642, -367559, -519750, 102761, 520133, 346053, -494042, -498627, 367222, 518144, -108225, -520192, -177229, 519641, 326744, -511570, -478411, 480553, 520147, 511963, -164972, -520150, -410249, 498348, 358606, -501444, -439389, 504167, 280835, -518091, -290520, 517843, 225770, -517144, -299024, 517354, 435617, -507238, -515158, 375964, 520192, 94801, -520028, -495093, 446843, 518954, -155738, -519976, -245878, 519605, 470715, -502540, -517181, 384526, 519997, -131426, -520161, -264522, 512862, 437833, -62152, -338959, -518855, 56480, 520136, 410240, -478170, -514129, -68999, 517281, 511075, -283648, -520183, -374744, 515634, 519049, -307632, -520161, -1451, 519725, 329743, -503989, -506985, 340209, 520129, 115324, -520061, -490109, 436173, 520160, 51976, -519346, -357192, 497389, 458462, -356519, -412866, 105607, 20933, 4581, 410244, 72754, -517403, -315535, 505737, 477730, -314960, -518273, 127960, 507310, -29075, -336605, -31709, -92901, -18380, 439274, 199584, -494326, -390669, 466696, 483860, -366990, -519294, 23323, 494404, 157245, -316779, -268752, 115786, 286515, 47854, -216524, -94020, 120866, 17029, -54614, 88881, 52601, -131908, -155730, 165516, 250983, -117515, -296613, 21278, 289210, 66967, -237295, -116478, 150160, 133292, -61534, -115584, 266, 46703, 76789, 14633, -69483, -41458, 42908, 42994, -17928, -32186, 13922, 21313, -17795, -17691, 15746, 32219, -7090, -39960, 18498, 64220, 22894, -70865, -64771, 61399, 89939, -33894, -96450, 2557, 88219, 14108, -66940, -16441, 42498, 21129, -29810, -7614, 24022, -2974, -21147, -2216, 18031, 20839, -12293, -39622, -4243, 54521, 28667, -63711, -44195, 40341, 46950, -26872, -53024, 13166, 48743, -3628, -36059, -3807, 26069, 7952, -21086, -7120, 17820, 10255, -17836, -15159, 14725, 22907, -15226, -29531, 8255, 39414, 2957, -44264, -15094, 38139, 28418, -24675, -37467, 8697, 38092, 16800, -22709, -29296, 14288, 31209, -4509, -25126, -1939, 18408, 1925, -9523, 2301, 2550, -3249, -863, 1829, 1383, 3544, -4114, -12943, 5033, 25039, -4267, -33362, 181, 37686, 5770, -37476, -6043, 31893, 260, -21380, 11449, 10868, -21127, -9445, 30418, 11449, -33422, -13653, 29644, 15713, -20831, -14785, 6638, 10303, 8979, -2930, -21733, -5585, 23127, 13363, -17307, -18716, 7419, 18773, 3256, -13796, -10912, 5546, 13278, 4357, -9915, -12925, 3088, 22886, 4957, -19756, -11508, 14637, 14527, -7056, -11533, -1028, 5477, 6891, 2199, -8079, -9250, 7189, 15589, -2362, -14432, -949, 11786, 2699, -5891, -1882, -979, -905, 7621, 5351, -9362, -10330, 7800, 14522, 4013, -14751, -10993, 7721, 16850, 2993, -19824, -16421, 21895, 31240, -21820, -43467, 20691, 52711, -18582, -59020, 10372, 66709, -9784, -67030, 9452, 67242, -9606, -65864, 8925, 64049, -4505, -60893, -3180, 56563, 12193, -50428, -13172, 41556, 19935, -33291, -22832, 27818, 22109, -25848, -18417, 26203, 13551, -28265, -10264, 30366, 9831, -29352, -20789, 27076, 27742, -17933, -35341, 5213, 38716, 5501, -37731, -11902, 30883, 11002, -18831, -3623, 3399, -8260, 12192, 14897, -32462, -24344, 56941, 32692, -82750, -37643, 108133, 42978, -126812, -48255, 131774, 57175, -117891, -66270, 88982, 82937, -43786, -81403, -7221, 68720, 52713, -46513, -84034, 17553, 97192, 7469, -93774, -24426, 81159, 27586, -57944, -17635, 49381, 5016, -48162, 3524, 51929, -3801, -55304, -8904, 52378, 26811, -41188, -47675, 23644, 64959, 8614, -76706, -32661, 71989, 50076, -58993, -56829, 42601, 52689, -25715, -39297, 14494, 21994, -6685, -5156, 1428, -7317, 2407, 14762, -3495, -17153, 5638, 17977, -7543, -18582, 10232, 20003, -14237, -22233, 20296, 22164, -29039
1791219478.450, MrmFullScanInfo, 881, 107, 2087856, 0, 0, 0, 0, 10000, 39297, 32, 2, 2, 1, 480, 0, 0, 0, 0, 0, 0, 168907, -228187, -313521, 478035, 363460, -532463, -382154, 343228, 437208, -25195, -508802, -260657, 506048, 434896, -368596, -523703, 130902, 580301, 113385, -567287, -282588, 391587, 328832, -46927, -245440, -338036, 75991, 611424, 90199, -724499, -180889, 712807, 188866, -644209, -151395, 577639, 123675, -546227, -142868, 549804, 209756, -536604, -300680, 422018, 401029, -178686, -490578, -115262, 504284, 355170, -372526, -509968, 113993, 602455, 160904, -628854, -352791, 545059, 452591, -331604, -489249, 49579, 432066, 189636, -226678, -289732, -94675, 217981, 379998, -13694, -460128, -231171, 286739, 389810, 40813, -359097, -359338, 140550, 542030, 149903, -523977, -393089, 316140, 546142, -15395, -585561, -260441, 470271, 452006, -206100, -539459, -113413, 489417, 380227, -289627, -546817, 14829, 600649, 195222, -527741, -229035, 342252, 72775, -123766, 185795, -12034, -417345, -2769, 531118, 141062, -510670, -307361, 396156, 388474, -246070, -302576, 107094, 55561, -17283, 250845, 9274, -490568, -87733, 582579, 219350, -510989, -350133, 317532, 424817, -81244, -404851, -119758, 294743, 239569, -148664, -265336, 36986, 214020, -702, -130343, 33764, 70837, -100441, -71432, 159725, 126099, -179406, -198292, 146928, 248932, -75479, -254355, -6328, 212492, 69335, -136989, -94819, 48934, 81801, 27998, -45784, -73269, 7201, 80379, 20120, -61804, -31830, 37237, 31647, -19821, -27697, 13169, 27879, -13457, -35803, 11671, 50044, 942, -65067, -25373, 72593, 53490, -66691, -75014, 48689, 83003, -25808, -76357, 6077, 59994, 5079, -41510, -6694, 26567, 3589, -17374, -3860, 13343, 12676, -11158, -29325, 6475, 47665, 2703, -59456, -15242, 59556, 28463, -49414, -38879, 34765, 43100, -20286, -40221, 8400, 32965, -94, -25474, -4805, 20421, 7897, -18406, -11299, 18497, 16477, -18672, -23835, 16671, 32276, -10906, -38946, 1100, 40489, 11505, -34695, -23609, 21492, 31290, -3605, -32496, -13523, 27821, 24400, -19600, -26834, 10900, 22218, -4473, -13860, 1221, 5522, 60, -327, -1470, -356, 4851, -2748, -11010, 7491, 19245, -11244, -27629, 12308, 33875, -11079, -35871, 9893, 32108, -11027, -23028, 15095, 11843, -21142, -2854, 27343, -1306, -31406, 780, 31038, 2498, -24851, -6144, 13121, 8278, 1636, -7830, -15018, 4395, 22741, 1622, -22881, -8582, 16543, 13903, -6748, -15216, -2971, 11553, 9724, -3471, -12057, -6879, 10135, 16093, -5162, -20914, -1070, 19951, 6385, -14108, -8820, 5670, 7527, 2650, -2941, -8551, -3378, 10864, 9217, -9755, -12498, 6484, 12089, -2812, -8079, 243, 1689, 357, 4986, 1273, -9305, -4839, 9204, 9178, -4449, -12066, -3330, 11002, 12002, -4646, -20188, -6302, 27202, 19570, -32569, -32455, 35522, 43342, -35633, -51934, 33768, 58185, -31661, -61656, 30386, 62239, -29458, -60762, 27498, 58472, -23160, -56289, 16446, 54129, -8642, -50992, 1039, 46223, 5679, -40535, -10683, 35466, 12688, -32067, -11151, 30461, 7108, -30061, -3320, 30200, 2971, -30258, -7588, 29205, 16133, -25674, -25907, 19195, 33912, -11167, -37310, 4201, 34014, -608, -23418, 935, 6631, -3782, 14386, 7038, -38028, -9031, 63340, 8955, -89068, -6949, 112649, 4625, -129964, -4920, 136420, 11305, -128735, -25402, 106154, 44559, -70535, -62306, 26274, 71754, 19744, -69239, -59447, 55518, 86177, -35303, -96504, 15443, 91434, -2045, -76513, -1971, 59809, -2075, -48063, 9196, 43661, -12925, -44726, 8292, 47034, 6004, -45694, -27541, 37151, 51310, -21145, -70927, 1006, 80731, 18207, -78312, -31964, 65595, 37340, -47230, -33733, 28142, 23132, -11729, -9425, -450, -3164, 8148, 11832, -12023, -16013, 13473, 16954, -14261, -16512, 16004, 15903, -19807
1791219478.450, MrmFullScanInfo, 881, 107, 2087856, 0, 0, 0, 0, 10000, 39297, 32, 4, 2, 1, 480, 0, 0, 0, 0, 0, 0, 96, 140, -328, -585, 556, 1682, -788, -2945, 990, 3374, -938, -2576, 595, 1240, -71, -260, -724, -74, 1651, -136, -2679, 666, 4038, -1290, -5786, 1753, 7004, -1806, -6411, 1401, 3697, -552, 548, -777, -4994, 2440, 8219, -3775, -8920, 3566, 7019, -740, -4180, -3729, 2213, 6818, -1022, -6534, -1068, 4120, 4115, -2107, -6016, 1201, 5290, -1042, -2691, 2444, -189, -6509, 2248, 13464, -3481, -21525, 4938, 26238, -6364, -23447, 5505, 14317, -1511, -2959, -3327, -8204, 6973, 16375, -8101, -17737, 5200, 12422, 845, -5729, -5849, 1614, 6609, -725, -3778, 2229, -6, -4220, 1561, 4877, 2013, -4209, -10860, 1221, 24778, 9803, -50871, -34023, 99949, 68815, -161645, -108785, 201366, 147575, -192328, -173030, 147114, 177245, -113211, -167626, 132883, 148705, -201807, -104996, 264914, 29467, -268796, 51811, 207715, -105304, -117038, 125015, 38160, -130057, 10802, 135810, -42395, -138208, 80739, 125220, -129380, -99458, 163938, 83444, -155486, -98536, 93124, 136369, 11739, -160893, -134853, 140415, 247183, -73099, -320395, -17321, 336512, 101169, -295193, -153274, 212971, 161011, -118356, -128020, 42776, 72008, -7731, -17999, 14833, -10980, -46787, 3362, 78585, 36343, -89495, -90636, 70997, 137213, -28468, -155873, -23185, 137423, 67020, -90589, -89881, 37892, 86328, -880, -61246, -12018, 27983, 4717, -1597, 12216, -7913, -27410, -152, 32481, 17427, -23582, -31670, 1893, 34036, 26395, -23381, -51957, 5023, 66358, 13051, -65796, -25306, 52388, 30239, -33078, -28230, 16011, 20223, -6137, -9029, 3493, -87, -4668, 2983, 5764, 600, -4291, -7188, -964, 12375, 9786, -13800, -19707, 11906, 26866, -8745, -28853, 6611, 26553, -7003, -22677, 9878, 19777, -12603, -18803, 11427, 19166, -4980, -19316, -4168, 17481, 12071, -12685, -16643, 5411, 17611, 2507, -15671, -8906, 11873, 12570, -7487, -13668, 3933, 13094, -2290, -11653, 2644, 9934, -3943, -8457, 4807, 7395, -4252, -6348, 1993, 4521, 1681, -1686, -6064, -1055, 10189, 1997, -13224, -465, 14952, -2442, -15835, 4802, 16568, -5015, -17464, 2377, 17998, 2914, -16824, -9979, 12530, 17633, -4641, -24663, -5685, 29865, 15935, -32041, -23243, 30391, 25683, -24563, -23109, 15457, 17048, -5910, -9567, -422, 2372, 1616, 3087, 1297, -5551, -5677, 4515, 8930, -582, -9311, -4515, 6354, 8525, -1030, -9547, -4642, 6873, 8609, -1264, -9656, -5470, 7518, 11168, -2662, -13545, -4143, 10989, 11854, -3717, -18855, -6079, 23323, 15602, -24329, -22851, 22462, 26893, -19237, -27806, 16344, 26378, -14101, -24160, 11644, 23367, -8691, -25527, 6145, 30139, -4383, -34996, 2096, 37696, 2269, -36569, -9124, 31102, 17181, -21973, -24163, 10687, 28351, 798, -29678, -10314, 29274, 15962, -28051, -16944, 26043, 14065, -22645, -9484, 17376, 5628, -10300, -3921, 1998, 4248, 6636, -5397, -14379, 6051, 19733, -5391, -21345, 3303, 18586, -295, -12031, -2896, 3289, 6183, 5764, -10505, -13581, 17104, 19189, -26214, -22130, 36466, 22637, -45090, -21631, 49087, 20809, -46800, -21426, 38693, 22713, -26688, -22158, 13268, 17696, -1084, -9517, -7577, -280, 11649, 8725, -11317, -12671, 7809, 10411, -3324, -3272, 807, -4940, -2608, 10447, 8643, -11460, -16336, 8016, 22313, -1122, -24212, -7936, 21529, 17891, -15361, -27354, 7508, 35151, 426, -40826, -7291, 44568, 12156, -46386, -14309, 45558, 13587, -40784, -10714, 31429, 7168, -18804, -4302, 5980, 2527, 3943, -1388, -9386, 413, 10656, 279, -9615
1791219478.450, MrmDetectionListInfo, 881, 179, 107, 40824, 108, 59755, 109, 65535, 110, 65535, 111, 65535, 112, 65535, 113, 65535, 114, 65535, 115, 65535, 116, 65535, 117, 65535, 118, 65535, 119, 65535, 120, 65535, 121, 65535, 122, 65535, 123, 65535, 124, 65535, 125, 65535, 126, 65535, 127, 65535, 128, 65535, 129, 65535, 130, 65535, 131, 65535, 132, 65535, 133, 65535, 134, 65535, 135, 65535, 136, 65535, 137, 65535, 138, 65535, 139, 65535, 140, 65535, 141, 65535, 142, 65535, 143, 65535, 144, 65535, 145, 65535, 146, 65535, 147, 65535, 148, 65535, 149, 65535, 150, 65535, 151, 65535, 152, 65535, 153, 65535, 154, 65535, 155, 65535, 156, 65535, 157, 65535, 158, 65535, 159, 65535, 160, 65535, 161, 65535, 162, 65535, 163, 65535, 164, 65535, 165, 64612, 166, 38738, 171, 30274, 172, 39828, 173, 50491, 174, 64188, 175, 65535, 176, 65535, 177, 65535, 178, 65535, 179, 65535, 180, 65535, 181, 65535, 182, 65535, 183, 65535, 184, 65535, 185, 65535, 186, 60577, 187, 46719, 188, 35819, 189, 28838, 190, 24012, 197, 20024, 198, 19750, 199, 21302, 200, 23715, 201, 23560, 204, 26315, 205, 32712, 206, 35721, 207, 35379, 208, 35785, 209, 39133, 210, 42989, 211, 43677, 212, 40314, 213, 34836, 214, 29294, 231, 15088, 232, 17142, 235, 18531, 236, 17995, 237, 17189, 252, 13893, 287, 10000, 289, 11044, 290, 10927, 302, 20870, 303, 24446, 304, 26909, 305, 27861, 306, 27512, 307, 26164, 308, 23887, 341, 9281, 342, 10055, 345, 14193, 346, 17563, 347, 20745, 348, 22825, 349, 23709, 350, 23874, 351, 23722, 352, 23309, 353, 22562, 354, 21531, 355, 20392, 356, 19280, 357, 18246, 358, 17332, 361, 16485, 362, 17051, 363, 17870, 364, 18696, 365, 19300, 366, 19625, 367, 19832, 368, 20198, 369, 20889, 370, 21722, 371, 22225, 372, 22036, 373, 21151, 374, 19784, 375, 18131, 376, 16498, 377, 15716, 378, 16810, 379, 19582, 380, 22263, 381, 23260, 382, 22622, 383, 21408, 384, 20213, 385, 18780, 386, 16721, 396, 10998, 398, 12924, 399, 13042, 400, 12649, 401, 11526, 411, 18281, 412, 21485, 413, 24554, 414, 27586, 415, 30370, 416, 32601, 417, 34115, 418, 34915, 419, 35054, 420, 34561, 421, 33457, 422, 31784, 423, 29583, 424, 26856, 425, 23578, 426, 19742, 427, 15417, 463, 29878, 465, 30020, 466, 29371
1791219478.575, MrmFullScanInfo, 882, 107, 2087981, 0, 0, 0, 0, 10000, 39297, 32, 1, 2, 1, 480, -426136, 489363, 420764, -477550, -452088, 447314, 505673, -367533, -520146, 108911, 520150, 340275, -496920, -496865, 370038, 518013, -110125, -520192, -180702, 519434, 319325, -512000, -476106, 481057, 520149, 514049, -152160, -520028, -420456, 496694, 370032, -501193, -440502, 505797, 283618, -518211, -277890, 518341, 212585, -516528, -287095, 516485, 425787, -508004, -515512, 383862, 520192, 82916, -519995, -492328, 452146, 519159, -164902, -520171, -233099, 519693, 468722, -502971, -517118, 383411, 520135, -121084, -520190, -282676, 511532, 463430, -48522, -396727, -519092, 94505, 520100, 404901, -486798, -515181, -66447, 515962, 510863, -318523, -520192, -348613, 516615, 518580, -322360, -520147, 12111, 519915, 321956, -506071, -510091, 341108, 520144, 168270, -519981, -512380, 366123, 520192, 268948, -517469, -486939, 453903, 513847, -335635, -518849, 256218, 518848, -268878, -517218, 309230, 514904, -350697, -515139, 349279, 519955, 58842, -518780, -263587, 475345, 454516, -271021, -518421, -23965, 519359, 271735, -511497, -342439, 493150, 279148, -466768, -317946, 390682, 127112, -373651, -2871, 377052, -12081, -364085, -48454, 311848, 188817, -187070, -343696, -7533, 397587, 209706, -171235, -399075, 34347, 395183, 85005, -290987, -134382, 140712, 88764, -7613, 24845, -72209, -136826, 70935, 201194, -8251, -151873, -87562, 74255, 85474, 33312, -40622, -111859, -37869, 125163, 128208, -74723, -176390, -16621, 161097, 114432, -92429, -154629, -38132, 150960, 127512, -104133, -168768, 44697, 151743, 11659, -96892, -37568, 31840, 22628, 21568, 21154, -43772, -81471, 28303, 113799, 19399, -113754, -66064, 72950, 97199, -10578, -99142, -42590, 69248, 71659, -18709, -72522, -25187, 58396, 27092, -17484, -28578, -9760, 18649, 14585, -1943, -2865, -5388, -17922, 2183, 39097, 8205, -43860, -23197, 24921, 56525, -3319, -56669, -18073, 44480, 37503, -25265, -47518, 6097, 43692, 11688, -30169, -21631, 12914, 21435, -6513, -9597, -4953, 5262, 8116, 255, -5570, -4103, 4347, 2745, -2728, 1140, 661, -3017, -1838, 1254, -2843, 5441, 6117, -12869, -12814, 22227, 21440, -27826, -30922, 29280, 40603, -26351, -44055, 17876, 39815, -6858, -18068, -11449, 9955, 10886, 826, -5597, -7217, -2594, 7469, 12821, -1035, -18527, -11478, 18878, 26164, -14592, -42777, 7646, 42532, 4234, -35332, -14270, 25089, 18058, -12769, -14450, 4107, 6741, -2392, 2664, 5715, -8971, -6204, 1482, 13638, 5054, -17142, -13340, 17043, 20985, -11378, -26443, 4209, 25902, 4300, -19271, -11514, 9788, 20200, -2096, -15851, -6250, 11150, 10585, -5452, -10273, 734, 8820, 2818, -6171, -3217, 3096, 1595, 302, 1104, 5650, -4286, -6789, 7205, 11384, -8225, -16297, 9870, 21268, -9824, -25623, 8054, 31314, -3559, -35702, 3335, 37891, -1627, -38922, -1362, 38419, 3235, -38414, -5845, 40371, 9937, -43617, -17170, 46200, 25416, -47003, -19615, 43763, 28217, -38649, -33626, 33545, 33161, -30223, -28301, 26676, 20753, -25326, -14286, 25097, 13304, -22980, -24059, 19353, 32906, -8230, -42067, -6583, 47149, 23282, -43558, -34934, 30744, 39263, -10084, -33441, -13112, 19142, 36983, 4004, -51499, -17361, 60129, 25095, -65506, -26441, 71173, 22398, -75653, -16966, 76874, 14817, -72587, -18327, 73052, 38688, -48867, -50902, 15161, 59532, 21341, -57609, -53160, 46928, 73841, -31158, -80205, 13707, 75353, 169, -67934, -15282, 54145, 16347, -42218, -17871, 34993, 23140, -29756, -35426, 26398, 51221, -21239, -68491, 14854, 83011, 20629, -92564, -34625, 93192, 48783, -86996, -56196, 78378, 58364, -68164, -53815, 57835, 46994, -47017, -39993, 35353, 29616, -12239, -26839, 4276, 26215, 3881, -25873, -11461, 23561, 20098, -19596, -29328, 15093, 39667, -11467, -49534
1791219478.575, MrmFullScanInfo, 882, 107, 2087981, 0, 0, 0, 0, 10000, 39297, 32, 2, 2, 1, 480, 0, 0, 0, 0, 0, 0, 168744, -228319, -313016, 478784, 362694, -534534, -381320, 346828, 436581, -29558, -508827, -256904, 506763, 432642, -369781, -522913, 132694, 580244, 110857, -567035, -279252, 390560, 324175, -44964, -238476, -340844, 67111, 614737, 98701, -727675, -185963, 714862, 188075, -643999, -144331, 574556, 112374, -541015, -131198, 544889, 201089, -535355, -295882, 426193, 398833, -186414, -490180, -107851, 506893, 350251, -378993, -506996, 122350, 600290, 154212, -626721, -349970, 541416, 453541, -323640, -492325, 32879, 436176, 218689, -233061, -327783, -85144, 253370, 370674, -35525, -456335, -225968, 290152, 399106, 32298, -377892, -349723, 160812, 536859, 135407, -527415, -385725, 326542, 543244, -26407, -581844, -254818, 459346, 450545, -185571, -522409, -142326, 427776, 416439, -177974, -586802, -118770, 643977, 340045, -603488, -447378, 516190, 469772, -445428, -449047, 424340, 414807, -419139, -391526, 356063, 404212, -195442, -451018, -27233, 478240, 242076, -415182, -410531, 246599, 528823, -39935, -600141, -115079, 617384, 172381, -577550, -138593, 497423, 49447, -408012, 44949, 337783, -90566, -295393, 54597, 264372, 59485, -214129, -201325, 115393, 296860, 37589, -300968, -207134, 224932, 324495, -114900, -337893, 18315, 249011, 29554, -104975, -16813, -30759, -38215, 106086, 97532, -102728, -125144, 44387, 103416, 20303, -38687, -48931, -42031, 26482, 102231, 33960, -113649, -101170, 70629, 139703, 8026, -126265, -90175, 62592, 146092, 24128, -159114, -96945, 129601, 129968, -74383, -117656, 19706, 72245, 10141, -15157, -4382, -31130, -29702, 50001, 71589, -36239, -98237, -2179, 95410, 47678, -63591, -80262, 15994, 85893, 30068, -64619, -60010, 29844, 65617, 2289, -48767, -22120, 21937, 27336, -1025, -20387, -4312, 7560, -5570, 3359, 22010, -4986, -34016, -6333, 35173, 26462, -25380, -44641, 7823, 51413, 12924, -44852, -30824, 28964, 40130, -9853, -38833, -6313, 29308, 15142, -15939, -15991, 3117, 11644, 5803, -5733, -9404, 956, 8606, 1181, -5491, -858, 1890, 2, 1168, -1099, -3495, 5727, 5573, -13707, -8243, 23280, 12475, -31975, -18533, 37419, 25271, -37834, -29637, 31750, 28878, -19356, -23134, 4540, 14846, 6420, -6236, -9241, -1300, 4293, 5807, 4981, -5044, -14492, -2295, 21328, 14809, -23962, -27913, 21481, 36334, -13849, -37366, 3243, 31829, 6188, -22545, -10621, 12957, 8680, -5732, -2543, 2304, -3210, -3254, 4816, 8108, -1605, -14547, -4773, 19115, 12244, -19349, -18670, 14814, 22004, -6498, -21194, -3460, 16723, 11958, -9912, -16258, 2304, 15679, 4395, -11650, -8671, 6317, 9951, -1636, -8576, -1125, 5851, 1504, -3593, 405, 3122, -3982, -4635, 8191, 7666, -12049, -11729, 14953, 16400, -16465, -21491, 16540, 26804, -15746, -31693, 14712, 35269, -13475, -37186, 11700, 38023, -9268, -38932, 6197, 40978, -2301, -44459, -1883, 48373, 5427, -50715, -8516, 50143, 12333, -47202, -16750, 43327, 19471, -39260, -18509, 35069, 14252, -30885, -9758, 27290, 8920, -24616, -13816, 21968, 23546, -17265, -35039, 8900, 44373, 2678, -47506, -14963, 41497, 24552, -25655, -28396, 2163, 25336, 24335, -17107, -48285, 7552, 65644, -508, -75539, -1903, 79545, -178, -79628, 4327, 77490, -6151, -73892, 1432, 67447, 11329, -54840, -29787, 33725, 48686, -5689, -62281, -24143, 66501, 49494, -60450, -65826, 46223, 71959, -28126, -69527, 11160, 61490, 1406, -51179, -9841, 41954, 17348, -36224, -27196, 34487, 40604, -33660, -56813, 28755, 74119, -17421, -89738, 2099, 100010, 12734, -102409, -24099, 97192, 30622, -86607, -32312, 73231, 30181, -58214, -26203, 41827, 23042, -25453, -22577, 11722, 24434, -1982, -26548, -5248, 27298, 12553, -26571, -21567
1791219478.575, MrmFullScanInfo, 882, 107, 2087981, 0, 0, 0, 0, 10000, 39297, 32, 4, 2, 1, 480, 0, 0, 0, 0, 0, 0, -131, -71, 389, 501, -554, -1361, 511, 2361, -202, -2948, -428, 2680, 965, -1744, -1218, 687, 1518, -90, -1883, 190, 2244, -733, -2939, 1396, 4447, -2042, -5830, 2537, 5742, -2597, -3504, 1854, -544, -149, 4906, -2025, -7699, 3582, 7690, -3361, -5478, 910, 2875, 2561, -1188, -4739, -47, 4520, 2109, -3071, -4589, 2010, 5610, -1627, -4258, 1716, 1552, -2666, 923, 5215, -2120, -10785, 2584, 19335, -4141, -25968, 6568, 24408, -6739, -14973, 3104, 3543, 1815, 5897, -5279, -11723, 5973, 12529, -2917, -9033, -2951, 4796, 7667, -2125, -7929, 3377, 3813, -10010, -1372, 18815, 17713, -26917, -60825, 34464, 107093, -39423, -123210, 47276, 123665, -89712, -177051, 202405, 330449, -366897, -552080, 498021, 753233, -489134, -862655, 290515, 869744, 38722, -795607, -347783, 646550, 491560, -420751, -441324, 162852, 285432, 24666, -139680, -62334, 75616, -45197, -114243, 230087, 236478, -406641, -391060, 495342, 521895, -447051, -592320, 273073, 582381, -36740, -487316, -172746, 318752, 280530, -112207, -266332, -71176, 171120, 167688, -63402, -150463, -1882, 47275, 721, 81077, 58282, -173326, -139744, 188684, 199073, -122040, -206149, 9842, 157140, 88635, -70097, -128961, -24793, 105738, 94523, -43401, -116807, -23462, 90407, 63915, -34650, -61350, -22061, 21590, 56301, 29908, -58231, -64467, 33656, 67150, 808, -39852, -26770, -3792, 31167, 46658, -10946, -74735, -25539, 80202, 62662, -62366, -86150, 28119, 90000, 10015, -76909, -39112, 55277, 50880, -33350, -45990, 16632, 33249, -8720, -22242, 10376, 16841, -16717, -16084, 18926, 18508, -11294, -22709, -5113, 26420, 23591, -25428, -36745, 16284, 41267, -805, -38211, -14056, 30069, 22075, -19062, -22399, 7580, 18027, 1942, -12671, -8356, 8788, 12222, -7143, -14432, 7121, 15037, -7474, -13678, 7440, 10545, -7112, -6264, 6753, 1797, -6308, 1354, 5879, -1639, -5955, -1462, 6779, 7191, -7826, -14191, 8369, 21333, -8095, -27857, 6958, 33465, -5054, -37522, 2055, 39345, 2383, -39276, -7104, 38330, 9410, -36614, -7335, 33317, 1501, -28492, 5797, 23424, -12108, -19885, 15964, 18723, -16866, -19020, 14605, 18946, -9254, -17315, 1992, 14253, 4885, -10646, -9213, 7715, 10171, -6155, -9354, 6116, 9828, -7787, -13338, 11043, 18860, -14508, -24083, 16093, 27329, -14639, -27554, 10391, 24247, -4298, -17832, -2165, 9734, 7009, -1566, -8670, -5427, 7289, 10335, -4617, -12599, 2493, 12452, -1818, -10779, 2219, 8975, -2707, -8125, 2775, 7933, -2476, -6750, 1781, 3082, -317, 3132, -2130, -10646, 5439, 17581, -8560, -22531, 9918, 25367, -8947, -26754, 6842, 27033, -5333, -25797, 5015, 22286, -5430, -16085, 5976, 7657, -6151, 1545, 5883, -9557, -5958, 15038, 7460, -17913, -10279, 18676, 12732, -17441, -13166, 14170, 11362, -9303, -8549, 3851, 6453, 1278, -6210, -5791, 7904, 10110, -10617, -14930, 12793, 20629, -12787, -26758, 9610, 31945, -3361, -33868, -4509, 30579, 11159, -22484, -12914, 12483, 7142, -4083, 5654, -324, -21750, -438, 35943, 6218, -42871, -15150, 38972, 24006, -24742, -28927, 4881, 26899, 14466, -17339, -28725, 2599, 35683, 12958, -35411, -24612, 29126, 28760, -18780, -24403, 7663, 13382, 148, 910, -2209, -14987, -346, 26155, 4041, -32714, -5343, 34328, 3379, -32344, 68, 29714, -3098, -29564, 5319, 33444, -6693, -40972, 6164, 50408, -2680, -59213, -3917, 64687, 12448, -64047, -21232, 55788, 29346, -41683, -36489, 26422, 41959, -14097, -44793, 5596, 45038, 276, -43774, -4906
1791219478.575, MrmDetectionListInfo, 882, 216, 98, 15056, 99, 23676, 100, 35568, 101, 49640, 102, 63633, 103, 65535, 104, 65535, 105, 65535, 106, 65535, 107, 65535, 108, 65535, 109, 65535, 110, 65535, 111, 65535, 112, 65535, 113, 65535, 114, 65535, 115, 65535, 116, 65535, 117, 65535, 118, 65535, 119, 65535, 120, 65535, 121, 65535, 122, 65535, 123, 65535, 124, 65535, 125, 65535, 126, 65535, 127, 65535, 128, 65535, 129, 65535, 130, 65535, 131, 65535, 132, 65535, 133, 65535, 134, 65535, 135, 65535, 136, 65535, 137, 65535, 138, 65535, 139, 65535, 140, 65535, 141, 65535, 142, 65535, 143, 65535, 144, 65535, 145, 65535, 146, 65535, 147, 65535, 148, 65535, 149, 65535, 150, 65535, 151, 65535, 152, 65535, 153, 65535, 154, 65535, 155, 65535, 156, 65535, 160, 57587, 161, 65535, 162, 65535, 163, 65535, 164, 65535, 165, 65535, 166, 65535, 167, 65535, 168, 65535, 169, 65535, 170, 65535, 171, 65535, 172, 65535, 173, 65535, 174, 65535, 175, 65535, 176, 65535, 177, 65535, 178, 65377, 179, 59183, 180, 57461, 181, 52892, 182, 42241, 183, 31265, 185, 36036, 186, 47866, 187, 55763, 188, 56067, 189, 49576, 190, 38923, 191, 28092, 192, 21407, 193, 19989, 195, 26572, 196, 33490, 197, 41031, 198, 47944, 199, 54919, 200, 62425, 201, 65535, 202, 65535, 203, 65535, 204, 58037, 205, 50795, 206, 47214, 207, 48126, 208, 51099, 209, 51721, 210, 47514, 211, 39946, 212, 32175, 213, 25934, 227, 25155, 228, 29328, 229, 30145, 230, 27704, 231, 23851, 232, 20996, 234, 23143, 235, 24904, 236, 23925, 237, 20439, 270, 16805, 272, 19255, 273, 20012, 274, 20458, 275, 20605, 276, 20572, 277, 20643, 278, 21112, 279, 22023, 280, 23046, 281, 23640, 282, 23424, 283, 22355, 284, 20573, 285, 18328, 286, 16227, 287, 15143, 288, 15399, 289, 16364, 290, 17146, 292, 17498, 314, 16560, 315, 18677, 316, 20298, 317, 21278, 318, 21524, 319, 20989, 320, 19674, 321, 17628, 356, 16303, 357, 17249, 358, 17703, 361, 16766, 362, 16292, 363, 15792, 364, 15174, 365, 14365, 377, 12619, 378, 13426, 379, 14469, 380, 15367, 381, 15646, 382, 15197, 383, 14193, 384, 12795, 385, 11056, 386, 9046, 394, 10486, 396, 13880, 398, 17379, 399, 18637, 400, 19363, 401, 19533, 402, 19181, 403, 18591, 404, 18277, 405, 18496, 406, 18893, 407, 18683, 417, 21070, 418, 24453, 419, 27139, 420, 28962, 421, 29360, 422, 27958, 423, 24860, 424, 20732, 425, 17148, 427, 17619, 428, 19747, 431, 20432, 432, 23940, 433, 28013, 434, 29794, 435, 28495, 436, 25314, 446, 15674, 448, 18782, 449, 19802, 450, 19684, 463, 29692, 464, 31492, 465, 33920, 466, 36770, 467, 39357, 468, 40938, 469, 41187, 470, 40308, 471, 38716, 472, 36729, 473, 34531, 474, 32285, 475, 30156, 476, 28234, 477, 26494
1791219478.700, MrmFullScanInfo, 883, 107, 2088106, 0, 0, 0, 0, 10000, 39297, 32, 1, 2, 1, 480, -423075, 491408, 422543, -479414, -456431, 442361, 506972, -369612, -519972, 106771, 520118, 342874, -494328, -498261, 365319, 518881, -111416, -520096, -180775, 519410, 328216, -510336, -476597, 482521, 520120, 513432, -153072, -519813, -419095, 495934, 370683, -500969, -438602, 505357, 280838, -517998, -285760, 517984, 213887, -517252, -290742, 516198, 428867, -509167, -515019, 384463, 520192, 85480, -520072, -488443, 451994, 519227, -168409, -519954, -235264, 519266, 469109, -503568, -517150, 386925, 520044, -123123, -520135, -290709, 511926, 467243, -47755, -393516, -519223, 97350, 520129, 407660, -484477, -514964, -80104, 516354, 511347, -352250, -520192, -281532, 518593, 512991, -394178, -520000, 121618, 520135, 357553, -461640, -520192, -301450, 517789, 518615, -337054, -520129, 54131, 519777, 350638, -512833, -485721, 455662, 518082, -249652, -520177, -63079, 519983, 249163, -449668, -304588, 56118, 195548, 223615, 113805, -297273, -282501, -57286, 347876, 432979, -248792, -520064, -13993, 519914, 329339, -497364, -479139, 311374, 502862, -21870, -473687, -339926, 227176, 376560, 64654, -254010, -214120, 86892, 204748, 34117, -131988, -83306, 23832, 42073, 65969, 32303, -85938, -131451, 27895, 157985, 57496, -128956, -134703, 22922, 160239, 90796, -116365, -150441, 27309, 154300, 67999, -96202, -117046, -36587, 163662, 120771, -108537, -135338, 51757, 108842, -11203, -65475, 7697, 24878, -19367, -967, 24694, 2885, -26162, -34019, 34328, 66750, 9249, -90268, -66859, 91892, 109381, -64717, -127672, 24617, 115731, 6064, -75362, -12322, 29077, 6623, 941, 17105, -12977, -35963, 11743, 31407, -3685, -5373, -4147, -29743, 546, 66736, 16646, -97605, -36181, 98060, 68313, -78588, -84145, 43189, 85104, -5690, -66395, -27562, 43339, 44422, -24778, -44259, 11065, 39278, -4518, -27951, -3669, 29932, -6161, -38972, 11089, 55681, -14385, -68542, 11465, 72409, -1845, -61481, -11532, 40712, 17771, -19561, -32797, -1737, 23357, 11729, -9610, -11265, -625, 9103, 1289, -5031, 7796, 3032, -15194, -5220, 18066, 22734, -1818, -27671, -10980, 26724, 28494, -18986, -43119, 1422, 51433, 19775, -52575, -36893, 46166, 45201, -33841, -36765, 10514, 29705, -8416, -18595, 11943, 9007, -19143, -5589, 24967, 6847, -26664, -14511, 20144, 25581, -6163, -35206, -8973, 33028, 24629, -26514, -34129, 16777, 33755, -9831, -24896, 7764, 14466, -11427, -3654, 18927, -1490, -19287, -12323, 22401, 15859, -21004, -17702, 14646, 16512, -3343, -12254, -7630, 5033, 17482, 2699, -23755, -6416, 21406, 16947, -23433, -13348, 27368, 8022, -31317, -2956, 33682, 867, -33846, -3047, 31703, 6416, -25449, -9200, 8941, 20503, 1464, -17813, -10383, 16277, 16179, -16240, -16266, 20758, 12361, -28961, -5782, 39858, 178, -51438, -16248, 54857, 17208, -58593, -19962, 58625, 22765, -54080, -24071, 47873, 23656, -41488, -23023, 37254, 21859, -32779, -10241, 26752, 11413, -25561, -13051, 24961, 14311, -23157, -14256, 21784, 13043, -21269, -12782, 20569, 13830, -18977, -22343, 18771, 27500, -13276, -33313, 4929, 37340, 6030, -37318, -15766, 33858, 21584, -26371, -23717, 17308, 20899, -6626, -14931, -1305, 7538, 5521, -1701, -7925, -591, 10119, -520, -13861, 5647, 18912, -10307, -23841, 11278, 31365, -6644, -31453, -895, 26510, 10568, -16461, -20074, 4153, 26509, 10216, -26666, -22906, 21491, 33433, -12955, -45312, -5949, 47640, 15903, -45335, -21711, 38736, 25320, -29534, -26896, 21879, 24247, -17801, -18790, 17484, 11361, -19848, -4910, 24429, -3475, -28662, 9938, 30711, -13563, -30351, 14373, 28684, -13809, -25619, 12122, 22250, -10871, -16245, 12650, 15509, -13763, -17700, 15448, 22940, -16323, -30594, 16598, 38155, -15084, -42180, 12076, 41408, -8871
1791219478.715, MrmFullScanInfo, 883, 107, 2088106, 0, 0, 0, 0, 10000, 39297, 32, 2, 2, 1, 480, 0, 0, 0, 0, 0, 0, 169414, -228388, -314661, 478843, 364654, -534319, -382590, 345925, 436534, -27689, -507595, -259329, 505167, 434750, -368199, -524039, 130573, 580647, 113797, -567519, -282055, 391435, 325805, -45934, -238984, -340117, 67159, 614257, 98406, -727218, -185521, 714330, 188450, -643776, -146293, 575153, 115544, -542442, -134382, 546665, 203306, -536706, -296786, 426698, 398824, -186411, -490050, -107647, 507053, 349546, -379258, -506183, 122337, 600074, 154480, -627657, -349964, 542830, 453132, -323754, -492148, 30927, 436811, 221490, -234161, -329652, -84270, 253710, 369422, -34559, -453425, -230014, 286267, 412346, 33051, -404323, -347381, 194963, 545246, 102822, -558618, -355858, 369159, 476015, -43795, -410078, -291885, 173344, 513493, 127095, -534612, -375982, 346846, 540643, -45937, -624376, -230104, 605106, 404188, -460610, -490555, 227297, 511669, 3514, -440900, -144374, 251392, 160286, -5884, -67718, -149797, -87108, 113576, 237521, 82131, -301913, -318650, 223937, 495919, -27317, -560462, -200052, 480552, 370767, -265809, -432045, -4963, 365934, 219037, -199011, -301953, 4516, 256461, 135634, -141237, -176488, 28140, 125813, 32003, -30816, -25018, -49733, -28987, 74947, 89410, -38092, -115472, -35786, 88008, 105480, -18107, -133758, -61389, 105798, 112542, -32354, -110683, -58123, 59444, 130666, 11345, -157986, -67292, 136219, 89959, -87438, -79815, 40544, 50024, -12739, -19595, 6197, 5320, -12959, -14017, 18961, 40934, -10344, -73687, -16996, 97401, 53948, -100706, -84917, 82212, 96452, -51023, -83709, 20950, 52832, -3283, -16951, 1190, -11246, -7964, 24406, 11477, -21849, -2414, 9335, -21015, 3833, 53044, -8805, -83026, 724, 100065, 19159, -97917, -43343, 76993, 61818, -43285, -68204, 6559, 62401, 23054, -48833, -39130, 32626, 42018, -18304, -37942, 9932, 34690, -9944, -37040, 17089, 44788, -26180, -53847, 30866, 58832, -27025, -56134, 14421, 45588, 3004, -30200, -18305, 14252, 25015, -1139, -21602, -7333, 13090, 10653, -6638, -9390, 6088, 6303, -9525, -5806, 11903, 10603, -9107, -18977, -109, 25887, 14378, -26534, -30856, 18860, 45899, -4594, -55826, -11161, 57214, 22949, -48944, -28026, 34699, 26551, -21606, -20056, 15124, 10956, -15600, -2890, 19667, -313, -22884, -3605, 22014, 13658, -15913, -25511, 5316, 33947, 7488, -35996, -18803, 32125, 24758, -25145, -23348, 18614, 15579, -14855, -5790, 14393, -499, -16686, 616, 20287, 3505, -22348, -8042, 19766, 10728, -11544, -11027, -524, 9392, 12797, -6162, -21970, 1713, 27170, 2445, -29782, -3799, 31326, 1117, -32147, 3819, 32097, -7734, -31100, 8309, 28528, -4683, -23361, -2604, 15602, 11366, -6667, -18544, -1567, 22619, 7384, -24810, -9085, 27370, 5793, -31848, 535, 38411, -5756, -46303, 6999, 54156, -4753, -60044, 1223, 62275, 2321, -60303, -5464, 55152, 8031, -48734, -9188, 42375, 8141, -36341, -5662, 30977, 3829, -27262, -3836, 25679, 4922, -25439, -5832, 25370, 6121, -24804, -6673, 23925, 8946, -23253, -13584, 22590, 19982, -20603, -26896, 15905, 33075, -8455, -37104, -286, 37621, 8208, -33806, -13559, 25937, 15517, -15595, -14245, 5161, 10803, 3282, -6881, -8926, 4440, 12293, -4949, -14477, 8466, 16639, -13232, -19513, 16480, 22818, -15818, -25087, 10202, 24559, -279, -20290, -11681, 12376, 22464, -1631, -29149, -10974, 29869, 24372, -24451, -36928, 14800, 46213, -4051, -49868, -5259, 47324, 12191, -40372, -16375, 32200, 17185, -25607, -14179, 21944, 7758, -21127, 878, 22127, -10047, -23502, 17873, 24114, -22798, -23571, 24295, 22094, -23003, -19895, 20349, 17108, -17856, -14260, 16634, 12513, -17136, -13125, 19211, 16616, -22219, -22360, 25124, 28662, -26712
1791219478.715, MrmFullScanInfo, 883, 107, 2088106, 0, 0, 0, 0, 10000, 39297, 32, 4, 2, 1, 480, 0, 0, 0, 0, 0, 0, 615, -100, -1476, 285, 1719, -409, -1038, 182, -161, 524, 1103, -1218, -1261, 1343, 1145, -844, -1526, 387, 2132, -416, -1754, 551, 162, -318, 1718, -235, -2815, 689, 2475, -693, -1236, 246, 150, 222, 291, -374, -388, 238, 399, 222, -365, -956, 482, 1767, -615, -2309, 174, 2406, 1067, -2181, -2338, 1745, 2565, -942, -1713, -175, 751, 168, -2, 2453, -824, -7261, 1904, 12090, -3099, -14069, 3940, 11631, -4314, -5876, 4235, -2527, -2912, 16189, -1839, -32198, 5273, 40298, 6872, -36976, -32417, 32132, 46023, -68170, -20935, 173171, -35348, -290171, 62435, 320483, -5224, -244742, -105405, 138261, 175578, -53440, -162142, -20498, 116622, 108925, -119805, -211828, 183399, 308282, -224257, -377679, 148895, 393219, 32185, -317014, -199609, 132329, 238519, 118783, -125384, -343651, -87771, 458982, 330783, -447653, -523276, 352512, 577527, -225118, -457651, 108204, 223101, -45194, 12659, 60853, -158406, -132175, 182790, 200803, -105567, -214631, -25373, 153843, 146045, -31160, -198316, -116619, 163744, 237525, -75070, -282625, -10755, 235345, 50351, -125486, -29232, 10555, -35797, 57566, 104073, -54306, -132784, -9070, 103543, 90293, -30932, -139070, -52214, 128257, 114271, -67467, -134222, -11710, 106986, 76039, -46530, -101868, -20048, 81678, 66495, -29124, -78612, -25770, 56945, 54738, -14418, -48026, -28139, 15347, 51515, 23282, -46713, -49062, 18503, 51986, 17994, -32283, -45916, -1998, 55324, 38407, -46971, -64197, 29673, 70968, -14863, -57834, 10503, 33643, -18068, -12948, 33156, 6353, -47079, -13992, 49726, 28277, -35085, -40928, 6018, 46239, 27151, -41931, -52045, 27653, 61207, -5832, -56002, -16048, 43841, 27773, -31734, -23848, 23128, 7952, -18934, 10815, 18476, -23818, -19742, 25711, 20552, -16363, -19933, 1818, 17674, 9222, -13480, -11944, 7722, 8664, -2068, -4902, -1566, 4628, 3498, -7753, -6472, 11500, 12729, -13210, -21232, 11629, 28254, -6645, -30422, -1192, 26293, 10532, -16620, -19469, 3750, 25927, 9319, -28478, -19835, 27339, 25951, -24357, -27074, 21478, 23965, -19254, -18360, 16964, 12367, -13340, -7659, 7467, 5015, 527, -4339, -9163, 4950, 16172, -6050, -19613, 7225, 18868, -8668, -14889, 10856, 9715, -13664, -6136, 16284, 6280, -17802, -9630, 17344, 13018, -13925, -13272, 7100, 9620, 2113, -3400, -11388, -2968, 17727, 7886, -19446, -10932, 18070, 11364, -17141, -7804, 18914, 426, -22945, 7680, 27592, -12593, -31108, 12034, 31355, -5948, -26374, -3679, 16094, 13159, -2741, -18507, -10595, 18047, 21264, -13498, -27040, 8125, 26601, -4503, -21481, 3560, 15841, -5165, -13067, 8570, 13295, -12157, -14660, 13884, 15890, -12273, -16261, 7330, 15079, -431, -11793, -6622, 6526, 12223, -244, -15112, -5591, 14857, 9559, -12249, -10654, 8826, 8734, -5847, -4744, 3910, 491, -2985, 2113, 2542, -1972, -1812, -609, 276, 4122, 1943, -6437, -4124, 5525, 5330, -166, -4783, -9546, 2146, 22262, 2053, -36040, -6316, 49212, 8951, -60917, -9158, 70887, 7685, -78576, -6581, 82605, 8299, -81188, -14794, 72843, 26288, -56708, -40321, 32974, 52198, -3712, -56989, -26528, 52183, 51710, -38792, -66366, 20911, 67468, -4136, -55778, -6554, 36022, 8911, -15399, -4420, 718, -2461, 4558, 6394, -1375, -3062, -5939, -9432, 10998, 30134, -8140, -55639, -4054, 80597, 21829, -98950, -39136, 106432, 51356, -102474, -56244, 89860, 53934, -72866, -46120, 55118, 35628, -38964, -26111, 26254, 20828, -18366, -20965, 15039, 25328, -13896, -31607, 11780, 37565, -6291
1791219478.715, MrmDetectionListInfo, 883, 256, 88, 28201, 89, 33455, 90, 40276, 91, 48128, 92, 58726, 93, 65535, 94, 65535, 95, 65535, 96, 65535, 97, 65535, 98, 65535, 99, 65535, 100, 65535, 101, 65535, 102, 65535, 103, 65535, 104, 65535, 105, 65535, 106, 65535, 107, 65535, 108, 65535, 109, 65535, 110, 65535, 111, 65535, 112, 65535, 113, 65535, 114, 65535, 115, 65535, 116, 65535, 117, 65535, 118, 65535, 119, 65535, 120, 65535, 121, 65535, 122, 65535, 123, 65535, 124, 65535, 125, 65535, 126, 65535, 127, 65535, 128, 65535, 129, 65535, 130, 65535, 131, 65535, 132, 65535, 133, 65535, 134, 65535, 135, 65535, 136, 61012, 138, 58008, 139, 65535, 140, 65535, 141, 65535, 142, 65535, 143, 65535, 144, 65535, 145, 65535, 146, 65535, 147, 65535, 148, 65535, 149, 65535, 150, 65535, 151, 65535, 152, 65535, 153, 65535, 154, 65535, 155, 65535, 156, 65535, 157, 65535, 158, 65535, 159, 46232, 162, 55949, 163, 65535, 164, 65535, 165, 65535, 166, 65535, 167, 63226, 168, 65535, 169, 65535, 170, 65535, 171, 65535, 172, 65535, 173, 65535, 174, 65535, 175, 65535, 176, 65535, 177, 64982, 178, 65535, 179, 65535, 180, 65535, 181, 58459, 182, 54602, 183, 56504, 184, 56715, 185, 51921, 186, 46345, 187, 43913, 188, 42377, 189, 37794, 190, 31321, 191, 27503, 192, 28672, 193, 33523, 194, 38889, 195, 41802, 196, 40785, 197, 36638, 198, 32168, 199, 29975, 200, 30188, 201, 30910, 202, 31853, 203, 35829, 204, 43876, 205, 51663, 206, 53892, 207, 50060, 208, 43753, 209, 37928, 210, 32766, 211, 27473, 212, 22463, 217, 29070, 218, 32975, 219, 35640, 220, 36250, 221, 34300, 223, 27189, 224, 28629, 225, 35176, 226, 42505, 227, 45610, 228, 43156, 229, 37549, 230, 32527, 231, 30734, 232, 31936, 233, 33414, 234, 32585, 235, 28941, 236, 23648, 237, 18202, 242, 22040, 243, 23715, 244, 22962, 245, 20495, 264, 15657, 265, 17489, 266, 18617, 267, 18833, 268, 18104, 269, 16700, 270, 15369, 272, 15561, 273, 15924, 277, 18426, 278, 22412, 279, 25185, 280, 26104, 281, 25871, 282, 25306, 283, 24566, 284, 23383, 285, 21661, 286, 19614, 287, 17494, 288, 15360, 289, 13139, 290, 10790, 316, 11400, 327, 14755, 328, 14196, 331, 11501, 333, 13134, 334, 16510, 335, 20019, 336, 22060, 337, 22291, 338, 21299, 339, 19564, 340, 17223, 341, 14574, 342, 12315, 347, 14615, 348, 17579, 349, 19436, 350, 19587, 351, 18582, 352, 17202, 353, 15717, 362, 13323, 363, 14218, 364, 14688, 365, 14617, 377, 10043, 378, 11775, 379, 12227, 380, 11362, 381, 10022, 382, 8781, 383, 7536, 405, 13546, 407, 21070, 408, 25608, 409, 29950, 410, 33456, 411, 36114, 412, 38301, 413, 40257, 414, 41937, 415, 43246, 416, 44226, 417, 45009, 418, 45666, 419, 46159, 420, 46397, 421, 46274, 422, 45650, 423, 44317, 424, 42024, 425, 38535, 426, 34254, 427, 31467, 428, 33404, 429, 40224, 430, 47664, 431, 51208, 432, 50142, 433, 46704, 434, 42688, 435, 38138, 436, 32944, 437, 28034, 438, 24145, 439, 20540, 440, 15917, 452, 22564, 453, 27680, 454, 32674, 455, 39152, 456, 48051, 457, 58410, 458, 65535, 459, 65535, 460, 65535, 461, 65535, 462, 65535, 463, 65535, 464, 65535, 465, 65535, 466, 59513, 467, 52713, 468, 45839, 469, 39103, 470, 32843, 471, 27463
1791219478.825, MrmFullScanInfo, 884, 107, 2088231, 0, 0, 0, 0, 10000, 39297, 32, 1, 2, 1, 480, -425426, 491402, 420512, -476741, -451427, 444557, 505517, -368637, -519873, 106326, 520164, 339525, -495659, -497968, 370166, 517859, -112028, -520192, -177780, 519421, 324027, -511664, -476797, 482125, 520126, 513375, -154442, -520158, -416431, 496205, 363784, -501073, -438872, 505227, 281935, -518098, -277599, 517294, 216038, -517508, -288137, 517514, 428847, -508966, -514815, 379616, 520192, 76666, -520150, -492079, 449238, 519187, -169591, -519913, -240216, 519714, 467241, -503130, -516365, 385736, 519996, -118360, -520192, -297572, 511100, 460966, 24691, -398308, -520038, 110778, 520136, 343118, -510146, -495954, 247525, 379189, 236802, 275306, -476631, -512055, 307666, 520192, 3358, -519447, -184265, 517606, 383610, -492521, -504928, 374445, 520128, 54138, -520186, -472202, 489237, 519651, -119660, -518868, -213900, 514802, 376107, -480264, -343611, 175381, -36903, 142479, 454269, -204607, -520090, -18845, 519922, 356250, -472231, -510952, 235343, 512908, 52557, -468896, -337822, 170825, 433854, 195573, -297460, -343208, 120748, 364686, 66779, -303951, -229883, 102791, 211075, 59819, -117591, -125355, 24926, 121302, 81228, -41308, -91106, -59209, -24443, 90447, 147006, -42326, -209685, -90660, 213649, 200453, -126956, -231989, 4347, 178337, 74518, -83623, -86442, -23826, 55016, 105480, 14014, -123091, -104265, 99792, 145477, -52877, -140594, -4157, 99377, 44290, -42410, -36050, -922, 5697, 17108, 21931, 1858, -37425, -50239, 26380, 82312, 24177, -85698, -72447, 67020, 96762, -30058, -95305, -5854, 75064, 17911, -42295, -5775, 10854, -18365, 6216, 52623, -5576, -78251, -7665, 74350, 27156, -44616, -40477, 6585, 35692, 31653, -10758, -54894, -15965, 58177, 27964, -37714, -38927, 14051, 36582, 2703, -21208, -11452, 10718, 11161, -10697, -5123, 18613, 5079, -34178, -18310, 36435, 37583, -45197, -59332, 38900, 80110, -17605, -87669, -12194, 74983, 46968, -46680, -70676, 12921, 73991, 31979, -48696, -50135, 25968, 50099, 317, -35757, -21006, 21117, 28750, -8477, -23355, 2767, 14986, -7496, -6556, 9926, 9703, -21538, -14203, 28228, 23330, -26751, -29343, 16829, 30430, 269, -26356, -13202, 17628, 18769, -6128, -6458, 4776, 6115, -3653, -4146, 5653, 4774, -7380, -9265, 8761, 14751, -5600, -20793, -2299, 24818, 12384, -24381, -23384, 15349, 32117, -3256, -35090, -5116, 30504, 9620, -20230, -8392, 10290, 3797, -898, 1360, -3349, -4665, 1945, 3581, 723, 778, 263, -7101, -1982, 13936, 4976, -17575, -8709, 17926, 12919, -15374, -14507, 414, 9294, 2465, -5109, -1271, 2717, -1085, -1886, 4189, 3443, -5688, -6106, 7315, 8442, -6208, -8552, 4896, 9612, -1151, -6455, -2467, 2401, 5282, 1872, -5312, -4519, 4452, 5413, -3382, -4157, 4888, 267, 1932, 5331, 2837, -9155, -7645, 11039, 10781, -12085, -14378, 12698, 16452, -11859, -17609, 9750, 17114, -6674, -11011, 3778, 9436, -1151, -6012, 497, 1691, -1985, 3050, 5710, -6560, -9957, 7618, 16127, -4028, -19251, -5833, 21800, 15820, -16636, -23191, 7790, 26898, 5253, -24865, -16650, 18368, 25109, -9835, -28090, 2945, 25030, 2207, -15551, 844, 6738, -8347, 1387, 15693, -4610, -19487, 3404, 18865, 1297, -12450, -5326, 2333, 6836, 2857, -4195, -13709, -1598, 19981, 8602, -22986, -14699, 21987, 18453, -18584, -19244, 13532, 15491, -10709, -10349, 3061, 8158, -899, -1800, 1512, -6513, -5476, 15017, 10200, -24117, -14123, 32695, 16138, -37284, -15157, 37620, 27386, -22518, -20250, 16276, 10614, -10159, 5388, 5075, -19792, -2227, 32593, 1851, -40482, -2540, 41692, 4051, -34864, -9391, 31186, 6426, -29330, 1096, 30647, -10192, -33795, 18813, 37934, -25323, -41320, 28605, 40791, -26841
1791219478.825, MrmFullScanInfo, 884, 107, 2088231, 0, 0, 0, 0, 10000, 39297, 32, 2, 2, 1, 480, 0, 0, 0, 0, 0, 0, 168556, -227974, -312768, 477912, 362621, -533428, -381403, 345847, 436605, -28825, -508791, -257344, 507091, 432712, -370534, -522570, 133126, 579892, 111378, -567258, -280465, 391455, 325602, -46161, -240462, -339573, 70124, 613274, 95073, -726020, -182820, 713340, 186428, -643075, -144485, 574624, 113936, -542159, -133210, 546411, 202632, -536452, -296637, 426873, 398700, -187128, -489432, -107058, 505884, 349762, -377892, -506973, 121282, 600800, 154856, -627451, -349830, 540866, 453254, -320468, -488643, 26662, 423320, 229094, -211847, -346151, -104957, 281959, 398000, -82361, -530431, -109867, 420365, 154686, -99817, -35372, -256393, -157253, 440855, 335291, -374643, -475841, 139787, 576446, 122867, -600200, -321846, 484535, 450038, -222493, -525250, -94585, 517240, 353432, -379063, -514027, 142120, 581701, 66872, -531006, -122721, 330066, 6380, -34360, 191950, -195495, -368641, 219172, 477098, -41921, -501353, -209734, 415707, 399254, -214862, -445598, -45446, 334124, 267769, -115271, -368285, -118339, 320717, 279894, -165718, -323873, -15153, 254236, 143330, -117804, -178855, -17685, 131116, 96749, -47056, -98580, -13632, 41105, 12015, 28307, 48777, -57964, -131534, 24360, 189517, 53089, -190197, -128363, 132137, 159906, -44900, -131186, -30810, 55272, 64424, 35137, -46881, -105778, -7316, 135479, 67984, -120692, -106219, 74381, 108995, -20939, -81245, -15569, 40097, 23869, -7016, -8877, -1990, -13423, -15192, 24507, 46693, -13367, -74732, -16622, 85145, 50939, -73710, -74077, 47958, 76961, -22233, -59387, 9153, 29283, -13759, 1102, 32015, -20609, -52554, 23226, 62377, -10154, -54005, -10049, 28719, 25455, 5379, -28173, -36683, 18182, 54339, -928, -53712, -16439, 38703, 27584, -18279, -29738, 1074, 25637, 7977, -21429, -9246, 21911, 7898, -28316, -10443, 38698, 20593, -48612, -37461, 52086, 56349, -43558, -70583, 21277, 74264, 10561, -64110, -42041, 40688, 62253, -9472, -65129, -19896, 51450, 38433, -27273, -43162, 1414, 37196, 17474, -26517, -24616, 16576, 21352, -11002, -13524, 11483, 7329, -17306, -5984, 24934, 9275, -29019, -15122, 25707, 20879, -15233, -24024, 2393, 22977, 6920, -18009, -10052, 11480, 8595, -6449, -5971, 4708, 4749, -5963, -6161, 8129, 10262, -8510, -16154, 5228, 21940, 2030, -25006, -12085, 23528, 22477, -17843, -29829, 10213, 31271, -3279, -26102, -1172, 16324, 2660, -5689, -1919, -2056, 419, 5082, 210, -4197, 1351, 1739, -5463, 187, 11119, -437, -16362, -1236, 18767, 4150, -16678, -6985, 10842, 8459, -4390, -7941, 524, 5864, -158, -3495, 2302, 2188, -5315, -2461, 7780, 3882, -8734, -5518, 7717, 6433, -4829, -5988, 790, 4129, 3170, -1439, -5865, -1164, 6904, 2674, -6311, -2287, 4363, -97, -2085, 3877, 1076, -8184, -2267, 12219, 5094, -15329, -8368, 17053, 11109, -17092, -12549, 15364, 12310, -12093, -10653, 8021, 8238, -4324, -5347, 2105, 1719, -1864, 2637, 3568, -6860, -6881, 9245, 11383, -8050, -16285, 2735, 20034, 5523, -20491, -14444, 16090, 21682, -7050, -25454, -4512, 25053, 15404, -21016, -22430, 15032, 23538, -9517, -18580, 6688, 9429, -7316, 625, 10252, -8027, -13257, 10401, 14164, -7623, -11962, 1850, 6843, 3626, 485, -6171, -9110, 5015, 17571, -1053, -23882, -4073, 26571, 8653, -25415, -11256, 21139, 11388, -14919, -9581, 8397, 6390, -3416, -1487, 1137, -5756, -1276, 15162, 2550, -25415, -3473, 34405, 4034, -39505, -5444, 38983, 7871, -33182, -8862, 24017, 5203, -13562, 3823, 3325, -16077, 5282, 28026, -10966, -36366, 12770, 39424, -10787, -38006, 7153, 34592, -5516, -31360, 8602, 29195, -16243, -28176, 25954, 28000, -34519
1791219478.825, MrmFullScanInfo, 884, 107, 2088231, 0, 0, 0, 0, 10000, 39297, 32, 4, 2, 1, 480, 0, 0, 0, 0, 0, 0, -605, 373, 1285, -832, -1325, 770, 763, -78, -10, -823, -705, 1390, 1357, -1419, -1820, 1098, 1883, -599, -1494, 93, 802, 267, -16, -418, -984, 554, 2096, -842, -2600, 1064, 2370, -996, -1950, 810, 1730, -597, -1469, 233, 1066, -34, -653, -161, 267, 794, -346, -1488, 709, 1412, -843, -557, 614, -167, -224, 424, -185, 45, 419, -1762, 54, 4037, 3268, -6715, -12825, 11630, 21235, -21051, -19383, 31924, 27145, -49598, -75462, 119049, 132885, -251433, -133419, 356499, 92886, -336530, -101552, 217985, 171150, -107299, -211284, 73250, 158607, -121043, -44224, 195698, -38420, -222469, 6186, 185043, 131858, -133907, -269145, 91320, 314332, -34620, -297176, -20818, 328728, 4605, -448829, 109536, 572625, -234969, -602183, 249019, 544975, -122215, -481671, -68100, 443251, 226064, -383006, -306815, 259590, 317365, -102033, -282612, -20953, 230791, 75683, -186039, -79881, 159718, 64416, -146303, -45407, 132131, 29317, -109753, -25064, 80030, 36173, -45464, -52060, 8454, 53282, 25214, -28645, -46484, -13806, 48675, 52419, -34013, -68502, 14306, 59145, -2977, -35353, 5997, 11700, -20227, 1431, 36423, -248, -44978, -13619, 40963, 34731, -24664, -54956, -708, 65618, 29759, -60842, -53807, 41013, 63847, -13677, -55823, -10378, 33578, 23851, -6813, -26698, -14493, 23721, 25197, -19434, -25768, 15697, 19672, -12149, -10883, 7919, 3021, -2709, 924, -3386, 424, 10494, -5645, -18663, 10973, 27254, -12681, -34746, 9543, 39463, -3259, -40233, -3773, 37081, 10319, -31340, -15957, 24610, 20091, -17550, -22017, 10029, 21323, -2407, -17366, -4173, 9410, 8110, 1790, -7897, -13592, 2900, 22950, 5746, -27384, -15200, 24742, 22371, -13303, -25132, -6041, 22877, 28582, -15309, -46439, 2394, 52779, 13790, -46098, -28030, 30166, 34937, -10630, -33256, -7816, 26000, 21551, -17849, -28133, 11675, 27061, -7835, -20188, 6205, 10591, -7317, -704, 11126, -8259, -15715, 15747, 18720, -21272, -18949, 24409, 16992, -24086, -14410, 19467, 12194, -11884, -9674, 4874, 5199, -1462, 1706, 2030, -9272, -5415, 14449, 10182, -14614, -15206, 9139, 19551, 176, -22158, -10013, 21976, 17253, -18661, -20264, 13169, 19247, -7384, -15931, 3218, 12321, -1104, -10040, -105, 10394, 1658, -13877, -3727, 19232, 6002, -23695, -8511, 24733, 11213, -21244, -13737, 13334, 15061, -2120, -14116, -9968, 10942, 19607, -7001, -24184, 4156, 23433, -3209, -19019, 3808, 13337, -5000, -8067, 5421, 3911, -3795, -1319, -116, 699, 5429, -1925, -11276, 4373, 17595, -7620, -24463, 11625, 31476, -15146, -37710, 16106, 42386, -14075, -45015, 11138, 45164, -9549, -42776, 9428, 38609, -9698, -34178, 9297, 31115, -8115, -29985, 6661, 30025, -4804, -30230, 1673, 30248, 3048, -29846, -8343, 28384, 12805, -25221, -15519, 20273, 16509, -14179, -16391, 8077, 15790, -3030, -15142, -382, 14796, 1957, -14865, -1663, 14792, -271, -13369, 3174, 9305, -5869, -1841, 7005, -8899, -5604, 21880, 1585, -35312, 4011, 47177, -9424, -55761, 12962, 59737, -13509, -58834, 10505, 53593, -4150, -44055, -4534, 29447, 14061, -9908, -22667, -11974, 28543, 32334, -30327, -47902, 27899, 57123, -21944, -60274, 13733, 59064, -5640, -55572, 729, 51219, -567, -46622, 3935, 42114, -8260, -37843, 11312, 34066, -11199, -30952, 6962, 27890, 305, -22868, -8029, 13664, 14267, -218, -18711, -14854, 21410, 27837, -21947, -35796, 19198, 37963, -12576, -36046, 3994, 32675, 2452, -29213, -3676, 25495, 89, -21297, 5513, 17184, -10040
1791219478.825, MrmDetectionListInfo, 884, 207, 77, 38326, 78, 56360, 79, 65535, 80, 65535, 81, 65535, 82, 65535, 83, 65535, 84, 65535, 85, 65535, 86, 65535, 87, 65535, 88, 65535, 89, 65535, 90, 65535, 91, 65535, 92, 65535, 93, 65535, 94, 65535, 95, 65535, 96, 65535, 97, 65535, 98, 65535, 99, 65535, 100, 65535, 101, 65535, 102, 65535, 103, 65535, 104, 65535, 105, 65535, 106, 65535, 107, 65535, 108, 65535, 109, 65535, 110, 65535, 111, 65535, 112, 65535, 113, 65535, 114, 65535, 115, 65535, 116, 65535, 117, 65535, 118, 65535, 119, 65535, 120, 65535, 121, 65535, 122, 65535, 123, 65535, 124, 65535, 125, 65535, 126, 65535, 127, 65535, 128, 65535, 129, 65535, 130, 65535, 131, 65535, 132, 65535, 133, 65535, 134, 65535, 135, 65535, 136, 65535, 137, 65535, 138, 65535, 139, 65535, 140, 64287, 141, 57572, 142, 52690, 143, 48153, 144, 42991, 155, 47441, 167, 29755, 168, 32907, 169, 34905, 170, 35077, 171, 33896, 172, 33898, 173, 38248, 174, 46499, 175, 53608, 176, 54877, 177, 50217, 178, 42867, 179, 35874, 180, 30532, 188, 24219, 189, 23422, 204, 18045, 206, 22406, 207, 23407, 208, 23532, 235, 21204, 236, 22142, 237, 21060, 242, 23991, 243, 27970, 244, 28994, 245, 28244, 246, 28707, 247, 31369, 248, 34013, 249, 33975, 250, 30818, 251, 26135, 252, 21891, 253, 19336, 254, 18797, 256, 21429, 257, 22177, 258, 21421, 259, 19555, 260, 17344, 270, 17983, 271, 19483, 272, 20333, 273, 20994, 274, 21263, 275, 20774, 276, 19498, 277, 17692, 289, 12039, 290, 13176, 292, 13655, 301, 17443, 316, 14364, 317, 15837, 318, 16898, 319, 17403, 320, 17291, 321, 16562, 328, 13554, 329, 15098, 330, 15167, 331, 14507, 333, 13127, 351, 15055, 352, 17937, 353, 20766, 354, 23339, 355, 25566, 356, 27342, 357, 28531, 358, 29072, 359, 29057, 360, 28670, 361, 28085, 362, 27396, 363, 26626, 364, 25763, 365, 24799, 366, 23749, 367, 22651, 368, 21561, 369, 20549, 372, 18508, 373, 18124, 374, 17745, 375, 17256, 376, 16629, 377, 16082, 378, 16023, 379, 16681, 380, 17860, 381, 19061, 382, 19826, 383, 19991, 384, 19645, 385, 18917, 386, 17854, 411, 19622, 412, 23612, 413, 28066, 414, 31932, 415, 34594, 416, 36095, 417, 36688, 418, 36416, 419, 35138, 420, 32780, 421, 29526, 422, 25899, 423, 22590, 424, 20020, 425, 18062, 427, 15203, 428, 16002, 430, 26035, 431, 32607, 432, 37461, 433, 39962, 434, 40827, 435, 40886, 436, 40268, 437, 38720, 438, 36282, 439, 33425, 440, 30693, 441, 28386, 442, 26576, 443, 25273, 444, 24478, 445, 24126, 446, 24063, 447, 24089, 448, 24044, 449, 23826, 450, 23358, 468, 27664, 470, 24565
1791219478.950, MrmFullScanInfo, 885, 107, 2088356, 0, 0, 0, 0, 10000, 39297, 32, 1, 2, 1, 480, -420762, 491717, 421894, -477329, -451891, 446789, 505405, -367034, -519728, 106624, 520172, 340582, -496310, -499967, 367110, 518170, -109675, -520138, -179386, 519505, 325856, -512029, -474854, 480595, 520160, 513368, -164540, -520107, -415495, 499560, 357737, -500546, -439878, 504424, 281379, -517466, -287059, 518672, 216587, -517243, -291583, 516057, 434442, -505583, -516348, 379284, 520192, 96516, -519950, -494021, 448715, 519396, -162310, -520187, -236355, 519861, 469445, -503350, -516796, 388060, 520008, -158952, -520183, -169175, 517912, 307811, -45762, -154615, -519826, -62212, 519860, 360442, -504343, -477712, 336056, 287985, 10410, 276633, -380321, -512310, 361844, 520192, -26897, -519772, -233740, 515290, 444324, -461768, -516514, 259230, 520184, 184223, -519927, -508796, 364645, 520166, 214927, -517573, -456131, 477038, 495264, -402958, -495542, 357976, 290878, -349050, 104456, 323644, -361599, -410629, 415870, 503707, -187477, -515201, -43074, 464666, 212306, -330808, -343413, 54501, 349168, 224175, -228907, -339004, 122008, 368207, -9717, -341535, -77748, 234498, 57188, -110291, -3479, 25074, -43569, 34843, 109739, -53436, -122409, 52019, 66748, -64033, -30150, 80073, 16681, -68007, -4993, 68792, 17673, -28429, -43715, -28356, 38511, 67015, -15697, -88606, -2073, 93152, 17094, -68838, -34495, 59941, 26341, -58613, -5476, 57611, -14906, -61911, 21860, 80297, -10714, -87823, -14477, 73762, 48609, -48359, -64522, 8197, 73849, 33732, -63656, -60581, 44482, 63564, -14514, -51711, -12938, 31886, 23807, -5312, -20485, -17975, 12209, 32912, 2750, -33462, -16899, 29102, 15904, -20296, -4750, 10597, -5766, -8183, 14746, 14774, -21298, -17756, 22821, 12588, -16198, -15544, 11149, 19910, -9820, -21728, 10660, 29357, -14072, -41133, 18246, 49043, -16050, -55522, -11770, 69073, 19831, -73387, -26219, 69576, 36193, -61281, -43413, 48357, 41896, -28084, -36660, 7888, 32205, 6184, -31639, -18319, 27873, 24347, -31533, -23062, 37020, 19602, -40843, -19318, 43645, 23852, -43073, -29655, 35620, 38261, -17558, -41603, 2495, 37947, 11763, -27503, -23192, 13643, 26517, -52, -22665, -11872, 17075, 19683, -11477, -20402, 10817, 22754, -4153, -18423, 231, 13644, 3393, -8231, -6983, 3038, 11537, 1801, -18681, -8586, 27921, 14702, -36962, -22686, 36778, 29902, -32119, -35074, 25931, 34503, -19695, -28783, 14472, 21702, -11853, -13904, 10625, 8281, -2009, -7617, 1512, 7948, -882, -7307, -2048, 6239, 6534, -4839, -10273, 1545, 13568, 2772, -15208, -5281, 14441, 7804, -14306, -6098, 15466, 4853, -15383, -4346, 13405, 6095, -9682, -10531, 4443, 14104, 2942, -14754, -11935, 8404, 20324, -4560, -25993, 631, 29087, 2157, -28424, -1601, 25870, -1415, -23715, 7479, 23845, -14566, -24014, 16145, 26357, -16976, -26501, 14583, 23244, -9772, -17073, 4539, 9728, 396, -3347, -2160, -157, 2314, 1344, 6120, 2403, -9180, -5801, 14304, 6415, -19376, -2914, 24206, -1975, -28258, 6896, 30566, -8823, -29702, 4061, 28454, -95, -18785, -4690, 6190, 10349, 5907, -13753, -15179, 14614, 19160, -15156, -14223, 17568, 4981, -22854, -1735, 26600, -6960, -31992, 10962, 35065, -9742, -34713, 4793, 26735, 1869, -13799, -6153, -2333, 6907, 14871, 510, -26593, -9285, 29799, 19089, -23826, -25522, 12085, 25941, 1756, -21616, -15901, 10346, 24574, 3237, -28009, -19479, 24651, 27117, -15841, -30097, 4108, 28412, 5800, -25790, -9486, 23003, 9805, -20215, -5249, 16868, 239, -14468, 9130, 15101, -15659, -15446, 21306, 14625, -23712, -10593, 25844, 4785, -25413, 1529, 24562, -8031, -20260, 8761, 20956, -9002, -23695, 6141, 26189, -1653, -29437, -3864, 30399, 10490, -27829, -13898, 21438, 15615
1791219478.950, MrmFullScanInfo, 885, 107, 2088356, 0, 0, 0, 0, 10000, 39297, 32, 2, 2, 1, 480, 0, 0, 0, 0, 0, 0, 168523, -228260, -312740, 478407, 362520, -533699, -381346, 345550, 436634, -27952, -508584, -258605, 506229, 434058, -368957, -523757, 131401, 580691, 112519, -567411, -281359, 391105, 327471, -45903, -244036, -339284, 74610, 612507, 91279, -725070, -181312, 712782, 187976, -643655, -148195, 576306, 118243, -543819, -137218, 546996, 206233, -534825, -299777, 422012, 401601, -179834, -491862, -113968, 506900, 353947, -377079, -508520, 119478, 601031, 156487, -629985, -350027, 556987, 448726, -368464, -477066, 125543, 402833, 73650, -177850, -161146, -153159, 123271, 450967, -2044, -584465, -98793, 487222, 79631, -179639, 56048, -190703, -220518, 411489, 352674, -367568, -460138, 125500, 547414, 154855, -558722, -363175, 421717, 484230, -144620, -516506, -171522, 420034, 426385, -187698, -584868, -91949, 650785, 290740, -634599, -325901, 552101, 184085, -428597, 73020, 306601, -321651, -239368, 441969, 257285, -391876, -336696, 217104, 405473, -1985, -384542, -183637, 243823, 300518, -26590, -334342, -183045, 291301, 316649, -198324, -349392, 96634, 293214, -23924, -182253, -2653, 59267, -10435, 40099, 40269, -98060, -59874, 115564, 54687, -105798, -30560, 85329, 4696, -64997, 8021, 45805, -2025, -22938, -17041, -6636, 36090, 39516, -44022, -67388, 37781, 82703, -21565, -84342, 4602, 77474, 2735, -68043, 3893, 60110, -18914, -57213, 31384, 60762, -31740, -67250, 16578, 69304, 10279, -60044, -40147, 37311, 63762, -5948, -74107, -24109, 67572, 43788, -46055, -49090, 17555, 40775, 7500, -22345, -21864, -483, 23829, 20913, -16438, -33592, 5950, 36239, 1064, -29962, -1369, 19147, -4081, -9607, 12387, 4636, -20129, -3738, 24117, 5396, -23296, -8998, 19848, 14108, -17325, -20059, 18096, 26554, -22177, -33391, 26005, 41066, -24714, -51008, 17243, 62974, -7056, -73129, -2583, 76921, 11311, -72488, -19144, 60437, 25347, -42885, -29676, 23272, 32669, -5529, -34967, -7286, 37158, 13636, -39620, -13841, 42252, 10550, -44539, -7706, 45916, 8474, -45175, -13841, 40621, 22393, -31422, -30757, 18408, 35046, -3661, -32972, -10069, 24778, 20004, -12604, -24610, -398, 24549, 11157, -21637, -17698, 17285, 19711, -12064, -18178, 6284, 14544, -364, -10182, -5608, 5924, 12141, -2059, -19972, -1466, 28873, 5037, -36917, -9324, 41608, 14635, -41719, -19911, 37862, 23098, -31573, -22629, 24530, 18597, -17666, -12855, 11273, 8079, -5919, -5923, 2461, 5938, -724, -6587, -825, 6825, 3511, -6295, -7407, 4960, 11562, -2944, -14821, 722, 16639, 935, -17204, -1425, 16886, 994, -15746, -894, 13722, 2504, -10814, -6153, 6888, 10518, -1460, -13565, -5790, 14229, 14206, -12948, -21993, 10929, 27168, -9243, -28697, 8766, 27041, -10212, -23699, 13645, 20369, -18059, -18252, 21803, 17557, -23388, -17367, 21972, 16310, -17458, -13636, 10819, 9689, -3918, -5525, -833, 2253, 1578, -476, 1880, 45, -8043, 22, 14790, -1181, -20510, 4396, 24332, -9284, -26068, 13981, 26149, -16165, -25040, 14555, 22425, -9334, -17365, 1564, 9678, 7231, -796, -15139, -6721, 20578, 10231, -23145, -8542, 23689, 2571, -23692, 5511, 24327, -13390, -25765, 18900, 27102, -20156, -26652, 16491, 22719, -8966, -14642, 360, 3212, 5843, 9708, -7134, -21426, 3144, 28808, 4477, -29378, -13006, 22628, 19467, -10260, -21442, -4525, 17634, 18151, -8509, -27556, -3467, 30713, 14917, -27097, -23305, 18414, 27889, -8272, -29073, 544, 27524, 2560, -23854, -956, 18963, -4120, -14065, 11022, 10132, -18076, -7218, 23786, 4496, -27141, -995, 27772, -3654, -25832, 8751, 22153, -12860, -18498, 14878, 16886, -14726, -18284, 12984, 22028, -10035, -26413, 6061, 29471, -1369
1791219478.950, MrmFullScanInfo, 885, 107, 2088356, 0, 0, 0, 0, 10000, 39297, 32, 4, 2, 1, 480, 0, 0, 0, 0, 0, 0, -308, -127, 621, 128, -717, 106, 405, -417, 53, 605, -147, -708, -251, 741, 801, -710, -915, 538, 467, -96, -537, -254, 1951, 70, -4215, 579, 5676, -1207, -5155, 1474, 2633, -1006, 776, -277, -3182, 1530, 3981, -1688, -3857, 661, 3554, 1594, -3170, -4740, 2850, 7008, -2169, -6653, 565, 4201, 1332, -1781, -2226, 499, 1808, -2544, -142, 15477, -4519, -46692, 12997, 96980, -25819, -152122, 42813, 178219, -56389, -147353, 64273, 61293, -84545, 58728, 120108, -176794, -132893, 236358, 102320, -200736, -70283, 107112, 77544, -29302, -101773, 4417, 96914, -17394, -57019, 33058, 15105, -30695, 11268, 12256, -37141, 10489, 71318, -30458, -96313, 55835, 95356, -117463, -60363, 234253, -20220, -364492, 135025, 424777, -217364, -377043, 196628, 267148, -86545, -165178, -21289, 97388, 54469, -50816, -19255, 17221, -33578, -2113, 58761, 7988, -33786, -24255, -36387, 32300, 121076, -18849, -180578, -11065, 190751, 34745, -156986, -29101, 105416, -12402, -66085, 74570, 58010, -125076, -82007, 131269, 122410, -81383, -155004, -7069, 158226, 98605, -124558, -159125, 65507, 168854, -5437, -129214, -30813, 60719, 30015, 6835, 3674, -47451, -51799, 49737, 91681, -20490, -107096, -21066, 93854, 54544, -59440, -67633, 19604, 58801, 9075, -35475, -17808, 10660, 8857, 2762, 8750, 657, -25694, -15956, 35821, 32597, -37853, -41561, 35133, 39916, -33203, -30789, 36040, 20337, -43163, -14227, 49697, 15200, -49345, -22082, 38118, 30403, -16607, -34619, -9760, 30644, 32789, -17849, -45066, -22, 43183, 16080, -28665, -23721, 6730, 20284, 15916, -8304, -33323, -6219, 41091, 18630, -38656, -27893, 31375, 34129, -27281, -36514, 30223, 35402, -37226, -34013, 42442, 35514, -40873, -40128, 29513, 44803, -8350, -45296, -18629, 38881, 44509, -25903, -62918, 9577, 71291, 5679, -70913, -16317, 65193, 21503, -57201, -23795, 48848, 27047, -41142, -32995, 33929, 40041, -25563, -45178, 14055, 46307, 775, -42643, -16618, 34548, 29426, -22967, -35562, 9726, 34038, 1959, -26671, -8468, 16508, 8106, -6370, -2352, -1624, -5350, 6583, 11361, -8968, -13340, 10130, 10989, -11468, -5816, 13674, 287, -16477, 3303, 18913, -3710, -19806, 1099, 18354, 3261, -14232, -7450, 7877, 9784, -839, -9638, -4561, 7565, 6624, -4740, -5388, 2270, 2238, -857, 1086, 684, -2886, -1465, 2123, 2727, 786, -3882, -4009, 4248, 5606, -3298, -4841, 924, 2080, 2516, 1868, -6311, -6226, 9009, 10638, -9113, -15141, 6647, 19503, -3327, -22815, 899, 24256, 236, -23947, -385, 22808, -113, -21726, 814, 21053, -940, -20571, -296, 19685, 3254, -17543, -7843, 13485, 13723, -7595, -20055, 845, 25403, 4949, -27601, -8116, 24809, 8466, -17239, -7279, 7450, 6057, 1491, -5636, -7832, 6414, 11074, -8429, -11409, 11412, 9413, -14911, -5830, 18372, 1431, -20997, 2837, 21805, -5637, -20137, 5703, 16015, -2431, -9889, -3928, 2172, 11823, 6672, -18739, -15737, 22645, 23594, -23043, -28924, 20641, 31182, -16481, -30340, 11753, 26527, -7364, -20206, 3835, 12350, -1419, -4172, 181, -2949, 53, 7525, 325, -8392, -828, 5387, 886, 529, 102, -7333, -2781, 12596, 7387, -14563, -12857, 12750, 16885, -7701, -17288, 788, 13400, 5932, -6191, -10479, -2333, 11189, 9784, -7147, -14166, -762, 14555, 9492, -11264, -15420, 5798, 16668, -378, -13485, -2792, 7559, 2503, -1061, 805, -4012, -5212, 6279, 8142, -5365, -7447, 2026, 2258, 2181, 6902, -5528, -18303, 6729, 29513
1791219478.950, MrmDetectionListInfo, 885, 212, 66, 10833, 67, 19693, 68, 31799, 69, 46601, 70, 63324, 71, 65535, 72, 65535, 73, 65535, 74, 65535, 75, 65535, 76, 65535, 77, 65535, 78, 65535, 79, 65535, 80, 65535, 81, 65535, 82, 65535, 83, 65535, 84, 65535, 85, 65535, 86, 65535, 87, 65535, 88, 65535, 89, 65535, 90, 56571, 91, 53432, 92, 52991, 93, 51580, 94, 47130, 95, 39762, 96, 31074, 97, 23180, 98, 17955, 99, 16376, 100, 18734, 101, 25203, 102, 35528, 103, 48433, 104, 61648, 105, 65535, 106, 65535, 107, 65535, 108, 65535, 109, 65535, 110, 65535, 111, 65535, 112, 65535, 113, 65535, 114, 65535, 115, 65535, 116, 65535, 117, 65535, 118, 65535, 119, 65535, 120, 65535, 121, 65535, 122, 56786, 135, 65535, 136, 65535, 137, 65535, 138, 65535, 139, 65535, 140, 65535, 141, 65535, 142, 65535, 143, 59337, 144, 47676, 145, 50580, 146, 65535, 147, 65535, 148, 65535, 149, 65535, 150, 65535, 151, 65535, 152, 65535, 153, 65535, 154, 65535, 155, 65535, 156, 65535, 157, 65535, 158, 65535, 159, 65535, 160, 65535, 161, 65535, 162, 64487, 163, 56885, 164, 45221, 165, 28019, 168, 30850, 169, 55236, 170, 65535, 171, 65535, 172, 61460, 173, 58163, 174, 61254, 175, 65535, 176, 65535, 177, 60541, 178, 50744, 179, 40158, 180, 31700, 190, 25871, 191, 32396, 192, 36613, 193, 38680, 194, 39114, 195, 38270, 196, 36424, 197, 34051, 198, 31816, 199, 30275, 200, 29665, 201, 29920, 202, 30804, 203, 31999, 204, 33104, 205, 33660, 206, 33219, 207, 31429, 208, 28299, 209, 24661, 211, 22069, 212, 24787, 213, 28356, 214, 29686, 215, 27407, 225, 21333, 227, 26616, 228, 29699, 229, 31963, 230, 32411, 231, 31633, 232, 31059, 233, 31454, 234, 32550, 235, 33781, 236, 34954, 237, 36186, 238, 37488, 239, 38608, 240, 39187, 241, 38928, 242, 37597, 243, 34957, 244, 31175, 245, 27782, 246, 27246, 247, 30522, 248, 35755, 249, 39928, 250, 41323, 251, 40390, 252, 38860, 253, 38256, 254, 39040, 255, 40728, 256, 42281, 257, 42638, 258, 41499, 259, 39551, 260, 37743, 261, 36522, 262, 35795, 263, 35360, 264, 35132, 265, 35010, 266, 34704, 267, 33806, 268, 32001, 269, 29233, 270, 25951, 271, 23597, 272, 23946, 273, 26875, 274, 29772, 275, 30142, 276, 27894, 277, 24598, 278, 21450, 290, 10703, 292, 11527, 341, 10500, 342, 11249, 346, 12387, 351, 12057, 352, 11808, 362, 11012, 363, 11612, 364, 12010, 365, 12163, 373, 17755, 374, 16441, 375, 14203, 377, 9025, 383, 8862, 384, 9956, 385, 10282, 386, 10533, 394, 12267, 396, 13484, 398, 11517, 407, 19664, 408, 22187, 409, 23915, 410, 25068, 411, 25628, 412, 25492, 413, 24676, 414, 23330, 415, 21598, 416, 19550, 442, 13580
1791219479.075, MrmFullScanInfo, 886, 107, 2088481, 0, 0, 0, 0, 10000, 39297, 32, 1, 2, 1, 480, -427218, 489992, 418742, -480470, -455353, 444257, 504474, -371557, -520051, 109729, 520133, 346267, -493983, -499578, 369836, 517867, -103943, -520190, -174195, 519686, 321165, -511898, -474587, 482622, 520192, 513243, -153138, -520065, -417735, 495279, 362027, -500963, -441321, 505641, 280647, -517369, -281937, 517912, 213968, -517791, -286758, 516323, 430808, -506812, -515142, 380453, 520192, 79021, -520123, -490233, 448074, 519213, -169756, -520002, -224458, 519404, 470107, -501500, -518837, 331178, 520190, 138710, -519092, -507292, 335762, 519493, 63499, -519723, -234392, 518356, 273296, -514639, 95033, 418910, -472819, -399114, 495605, 486597, -415045, -511252, 283711, 520192, 51668, -518864, -362306, 501198, 506381, -358144, -520118, 21963, 520192, 341847, -518425, -498165, 468270, 518377, -206369, -518539, 17594, 516550, 21707, -473094, 63147, 74386, -239639, 166344, 423142, -123896, -481432, -109686, 385989, 391894, -127610, -463974, -244177, 409004, 490784, -249298, -519538, 13485, 518866, 206997, -446416, -297129, 249913, 290133, -52450, -222025, -90839, 104791, 118018, -7953, -114572, -13600, 119608, -11131, -126667, 45575, 167604, -56203, -222987, 27598, 230140, 38526, -181852, -123045, 99411, 154221, 4630, -127731, -93752, 71076, 127208, -10144, -99893, -36957, 45776, 47002, 8481, -17860, -36074, 5698, 39126, 1587, -12846, 10182, -11829, -41037, 13815, 83222, 4811, -101674, -30265, 85038, 62013, -43529, -74665, -15595, 71220, 67558, -46316, -93129, 12930, 84860, 22251, -54117, -40970, 19678, 30877, 8545, -2776, -19916, -26497, 8788, 40365, 16947, -30048, -35859, -5347, 44111, 53865, -37379, -89190, 14134, 107114, 18466, -102895, -41000, 78854, 52310, -41885, -47385, 9783, 34146, 10001, -15304, -18281, 8147, 18892, -11925, -13502, 20524, 14993, -31158, -27557, 40106, 36258, -43278, -43800, 37561, 50761, -27967, -53071, 17286, 46066, -4380, -34201, -8687, 18555, 15920, -7623, -19057, -5205, 25283, 11457, -29006, -11935, 30139, 9904, -32593, -2887, 33868, -7058, -31044, 15345, 26908, -7216, -24073, 12450, 17532, -14065, -9546, 12338, 1842, -9781, 6933, 11305, -15351, -10248, 20966, 7430, -21219, -4340, 22187, 2456, -18969, 2070, 14792, -3468, -12043, 4258, 10870, -5422, -10051, 3683, 8639, 1340, -5538, -7095, 1497, 10513, 5415, -11197, -10251, 13357, 11895, -13528, -8265, 14389, 2960, -16019, 3578, 18838, -8740, -20804, 6971, 24278, -5769, -26866, 4894, 24350, -3007, -16983, -439, 8288, 3418, 1090, -4761, -8777, 5642, 11370, -3835, -12086, 4705, 12589, -6303, -11741, 7505, 9764, -7174, -6533, 4932, 3297, -2240, 2613, -754, -8315, 2604, 17965, -4369, -28910, 4291, 37936, -2006, -42797, -304, 42886, 2415, -39476, -2272, 34562, -967, -27140, 1591, 21563, -6366, -17230, 9195, 14140, -8547, -11504, 5730, 10279, -279, -10965, -6826, 12183, 13420, -10879, -17840, 16987, 20554, -23379, -21027, 29722, 19405, -34453, -17817, 37317, 15155, -37616, -11369, 36226, 8644, -37606, -6802, 32281, 6834, -25222, -8532, 17809, 9470, -10699, -9406, 4871, 7803, -2124, -4980, 6411, 2278, -17955, -2362, 32660, 4087, -48959, -10633, 61263, 19610, -62688, -31296, 50868, 41045, -28369, -44203, -915, 37764, 28905, -20335, -43157, -1914, 42393, 24080, -28410, -39473, 3768, 44652, 22992, -38191, -41506, 22149, 49269, -3094, -47110, -18422, 35051, 22427, -22306, -17117, 13323, 4312, -11419, 7543, 16523, -12468, -27974, 6352, 37959, 8381, -37829, -33006, 30483, 47762, -16701, -56954, 1201, 58516, 10989, -55211, -17572, 47084, 16030, -40648, -8141, 35863, 703, -31765, 4524, 32601, -3793, -33258, -2087, 30634, 13391, -23634, -25588, 12136, 37084, 1707, -45490, -16412
1791219479.075, MrmFullScanInfo, 886, 107, 2088481, 0, 0, 0, 0, 10000, 39297, 32, 2, 2, 1, 480, 0, 0, 0, 0, 0, 0, 168886, -228620, -313240, 479550, 362737, -535315, -380879, 346540, 435885, -27548, -508064, -259838, 506048, 435081, -369377, -524057, 132850, 580242, 110259, -566671, -278674, 390542, 323972, -45538, -239363, -339641, 69471, 612932, 95472, -725606, -183314, 713177, 187218, -643314, -145206, 575052, 114172, -542194, -133141, 545760, 202890, -535434, -297339, 426033, 399349, -186762, -489569, -107030, 506412, 349326, -380280, -505711, 125144, 595409, 152814, -599417, -357298, 459445, 472020, -176066, -507631, -152224, 446091, 413462, -283787, -567566, 104653, 622175, -44610, -578869, 160114, 453429, -368119, -311766, 526055, 237532, -545079, -265488, 415788, 371435, -182815, -498770, -74642, 568497, 283434, -502356, -425791, 283774, 528832, 7872, -596146, -256497, 585111, 405406, -471412, -474458, 307621, 477148, -187155, -378988, 159286, 168314, -204766, 69178, 275961, -190944, -329896, 121986, 325517, 88715, -227003, -318495, 36651, 454271, 190829, -441013, -384968, 294024, 497699, -85647, -505085, -99664, 405301, 209781, -233070, -234675, 52049, 193771, 82208, -124028, -149628, 65827, 164661, -43252, -157871, 53558, 155941, -73759, -166784, 75241, 178493, -40898, -172238, -22151, 135634, 86346, -69842, -123036, -7796, 119514, 70056, -82028, -95350, 30320, 80323, 13355, -39698, -36014, -2904, 38665, 27009, -31655, -25545, 27672, 6846, -35898, 13098, 55772, -20612, -75985, 9990, 81596, 15545, -63837, -45775, 25312, 67988, 21146, -72321, -58833, 55896, 75772, -25322, -69600, -5255, 46452, 21584, -17003, -17920, -6940, 8, 16297, 18870, -8554, -24844, -11418, 10607, 34034, 20758, -48715, -58021, 48171, 88107, -32092, -101323, 7180, 94034, 17034, -69747, -32785, 37545, 37004, -7727, -32326, -12285, 25061, 20100, -21111, -18905, 23189, 15209, -30777, -14359, 40764, 17927, -48578, -24748, 50607, 32505, -45836, -38172, 35260, 39041, -20773, -34397, 5053, 25664, 9119, -15230, -20190, 5730, 27985, 538, -32731, -2266, 34697, -559, -34210, 6984, 31389, -14333, -26708, 19248, 21492, -20426, -16643, 19156, 11640, -16877, -5582, 13852, -1586, -10309, 9259, 6649, -16280, -3032, 21225, -390, -23150, 3329, 22070, -5554, -18765, 6947, 14509, -7536, -10748, 7528, 8326, -6909, -7097, 5078, 6383, -1469, -5353, -3503, 3276, 8707, -32, -13126, -3303, 16183, 4899, -17604, -3460, 17558, -929, -16729, 6698, 16122, -11600, -16720, 14195, 18686, -14535, -20615, 13218, 20281, -10255, -16453, 5567, 9757, 170, -2099, -5466, -4456, 8923, 8716, -10216, -10629, 10220, 10727, -9989, -9446, 9689, 7151, -8698, -4208, 6430, 845, -2892, 3162, -1417, -8485, 5952, 15634, -10205, -24149, 13553, 32399, -15285, -38359, 15105, 40690, -13568, -39110, 11703, 34282, -10375, -27555, 10039, 20536, -10606, -14492, 11292, 10141, -10818, -7898, 8285, 7978, -3698, -10031, -2085, 13369, 7759, -17625, -11936, 22847, 13553, -28727, -12402, 34246, 9282, -38304, -5402, 40244, 1733, -40196, 1249, 38741, -3303, -36112, 4047, 32051, -3004, -26517, 253, 20178, 3209, -13971, -5928, 9016, 6742, -6868, -5206, 9261, 1686, -17127, 2670, 29745, -6108, -44440, 6633, 56955, -2575, -62597, -6442, 58000, 18655, -42478, -30084, 18717, 35898, 7526, -32460, -29125, 19145, 40157, 1048, -37863, -22496, 23479, 38937, -1852, -45585, -20361, 40565, 37232, -26054, -45329, 8128, 44161, 5756, -35902, -10578, 24766, 6275, -15778, 2918, 13007, -10942, -17476, 12364, 26472, -4514, -35083, -11166, 38810, 29856, -35507, -46077, 26173, 56176, -14400, -58924, 4644, 55274, -89, -47537, 1215, 38638, -5749, -31369, 10165, 27457, -11332, -26657, 7426, 26912, 1779, -25661, -14961, 21171
1791219479.075, MrmFullScanInfo, 886, 107, 2088481, 0, 0, 0, 0, 10000, 39297, 32, 4, 2, 1, 480, 0, 0, 0, 0, 0, 0, 264, -432, -298, 1249, -25, -1634, 609, 863, -729, 639, 483, -1538, -332, 1358, -22, -627, 1015, -204, -2044, 705, 2487, -700, -2771, 445, 3096, -187, -3047, 20, 2342, -35, -1128, 73, -340, 180, 1686, -633, -2508, 989, 2591, -1026, -1969, 67, 1197, 2095, -1104, -4081, 1383, 4233, -197, -2925, -2739, 2112, 4839, -5455, -2982, 29576, -7335, -91289, 21495, 173528, -25583, -238641, 33715, 278395, -90106, -334067, 236464, 438254, -471532, -549477, 715266, 568668, -815188, -447185, 660479, 254947, -319001, -105496, -17885, 48961, 205981, -44348, -228794, 19514, 158041, 53945, -82143, -131950, 51934, 148683, -75206, -87609, 143234, -10518, -240479, 93108, 343166, -148343, -422080, 207134, 440699, -284695, -368298, 336293, 218654, -301819, -51451, 183827, -82204, -46306, 173508, -44845, -229681, 67458, 248267, -46416, -229286, 25099, 187465, -32379, -137947, 65670, 86250, -101252, -37778, 115327, -888, -95020, 31661, 40566, -64183, 35122, 105942, -109899, -153791, 159618, 193142, -168010, -206401, 133310, 184699, -69732, -132696, 2044, 65025, 46745, -19, -67184, -46012, 64977, 63683, -53006, -53554, 43592, 27073, -43572, -1626, 52137, -9414, -61528, 3838, 61177, 10713, -44329, -23499, 13455, 26623, 19932, -18599, -41521, 4107, 42057, 9443, -22487, -15726, -6322, 11630, 29761, 1932, -37680, -19930, 28823, 34495, -9430, -38397, -10746, 28857, 22591, -9642, -20718, -9832, 5114, 19010, 18909, -11850, -42570, -9891, 57243, 38024, -58121, -62086, 45916, 73756, -25541, -69937, 3896, 53256, 12159, -29863, -18120, 6326, 14082, 12480, -4548, -24121, -4801, 28709, 10236, -27821, -11285, 23467, 10152, -17777, -9622, 12514, 10878, -8255, -12879, 4335, 13342, -125, -10471, -4328, 4492, 8256, 2260, -10702, -6538, 11612, 5551, -12020, 1867, 12895, -14084, -13935, 26634, 13940, -34164, -11670, 33081, 7169, -23856, -1243, 10923, -6078, 523, 15201, -7581, -24748, 9980, 31253, -8830, -31909, 5968, 26445, -3251, -17363, 1917, 8221, -2233, -1223, 3330, -3548, -3762, 6973, 2858, -9837, -1290, 13031, 366, -17241, -1019, 22269, 3494, -26740, -7392, 28701, 11965, -26710, -16304, 20858, 19473, -12810, -20815, 4838, 20283, 1331, -18543, -5442, 16698, 8495, -15780, -11624, 16163, 15118, -17189, -18350, 17453, 20439, -15479, -20741, 10579, 19163, -3373, -15947, -4328, 11637, 10414, -7236, -13559, 3989, 13838, -2693, -12456, 3264, 10893, -4982, -10083, 6985, 10030, -8473, -9899, 8996, 8638, -8886, -5650, 9226, 1215, -11033, 3495, 14408, -6825, -18471, 7457, 21815, -5057, -23050, 361, 21327, 5120, -16677, -9620, 10155, 11886, -3513, -11783, -1405, 10286, 3340, -8836, -1970, 8654, -2031, -10431, 7510, 14075, -13576, -18568, 19966, 22403, -26752, -24476, 33948, 24693, -41149, -23609, 47261, 21919, -50690, -20247, 49961, 18931, -44307, -17676, 33997, 15623, -20432, -11970, 6027, 6648, 6459, -512, -14608, -4838, 16704, 8004, -12055, -8468, 1503, 6363, 12626, -1983, -27114, -4205, 38511, 11482, -43857, -18962, 41567, 25476, -31768, -29531, 16688, 29657, -725, -24745, -11027, 14733, 15145, -1293, -11042, -12302, 693, 22415, 12091, -26428, -22890, 23581, 28380, -15628, -27620, 6812, 22137, -2342, -14997, 5657, 9368, -16225, -7542, 29625, 10502, -39496, -17661, 39947, 26485, -28362, -32859, 7139, 32642, 17577, -23872, -39464, 8343, 54761, 9065, -62341, -22636, 63057, 28309, -58653, -25614, 51377, 18178, -44105, -11595, 39662, 10359, -38949, -16210, 40028, 28316, -39596, -43910, 35020
1791219479.075, MrmDetectionListInfo, 886, 220, 64, 21150, 65, 37229, 66, 58925, 67, 65535, 68, 65535, 69, 65535, 70, 65535, 71, 65535, 72, 65535, 73, 65535, 74, 65535, 75, 65535, 76, 65535, 77, 65535, 78, 65535, 79, 65535, 80, 65535, 81, 65535, 82, 65535, 83, 65535, 84, 65535, 85, 65535, 86, 65535, 87, 42077, 88, 51017, 89, 65535, 90, 65535, 91, 65535, 92, 65535, 93, 65535, 94, 65535, 95, 65535, 96, 65535, 97, 65535, 98, 65535, 99, 65535, 100, 65535, 101, 65535, 102, 65535, 103, 65535, 104, 65535, 105, 65535, 106, 65535, 107, 65535, 108, 65535, 109, 65535, 110, 65535, 111, 65535, 112, 65535, 113, 65535, 114, 65535, 115, 65535, 116, 65535, 117, 65535, 118, 65535, 119, 65535, 120, 65535, 121, 65535, 122, 65535, 123, 65535, 124, 65535, 125, 65535, 126, 65535, 127, 65535, 128, 65535, 129, 65535, 130, 65535, 131, 65535, 132, 65535, 133, 65535, 134, 63492, 139, 52233, 140, 65535, 141, 65535, 142, 65535, 143, 65535, 144, 65535, 145, 65535, 146, 65535, 147, 65535, 148, 65535, 149, 65535, 150, 65535, 151, 65535, 157, 54762, 158, 63000, 159, 63938, 160, 57156, 161, 47328, 162, 38846, 163, 32608, 164, 27871, 167, 31815, 168, 35730, 169, 35697, 170, 33039, 171, 30620, 172, 28778, 173, 25706, 178, 26922, 188, 24985, 189, 27117, 190, 27995, 191, 26965, 192, 24393, 193, 22182, 195, 21806, 197, 16995, 204, 27955, 205, 33336, 206, 40899, 207, 49673, 208, 56566, 209, 59139, 210, 57483, 211, 53159, 212, 47213, 213, 39983, 214, 32600, 215, 27133, 225, 18214, 252, 14163, 253, 18575, 254, 21669, 255, 23119, 256, 23367, 257, 22613, 258, 20610, 259, 17207, 266, 14221, 267, 18197, 268, 20396, 269, 20795, 270, 20179, 271, 19047, 272, 17308, 273, 14828, 290, 10882, 292, 14693, 314, 17359, 315, 18131, 316, 18535, 317, 18489, 318, 17869, 319, 16601, 320, 14725, 351, 13440, 352, 14011, 353, 14092, 357, 11291, 363, 7401, 375, 15971, 376, 18519, 377, 21080, 378, 23634, 379, 26021, 380, 28133, 381, 29993, 382, 31667, 383, 33155, 384, 34387, 385, 35277, 386, 35765, 387, 35803, 388, 35343, 389, 34330, 390, 32721, 391, 30491, 392, 27638, 393, 24182, 394, 20180, 395, 15738, 396, 11147, 411, 16422, 412, 20145, 413, 23897, 414, 27548, 415, 30399, 416, 31878, 417, 31972, 418, 30962, 419, 29001, 420, 26059, 421, 22174, 422, 17824, 423, 14336, 424, 13191, 427, 11893, 433, 19095, 434, 22799, 435, 25085, 436, 25286, 437, 23743, 438, 21246, 439, 18329, 448, 20176, 449, 24060, 450, 27491, 451, 29984, 452, 31131, 453, 30633, 454, 28329, 455, 24577, 462, 31281, 463, 34619, 464, 39558, 465, 43896, 466, 45742, 467, 44877, 468, 42346, 469, 39155, 470, 35654, 471, 31951, 472, 28455, 473, 25830, 474, 24571, 475, 24772, 477, 28665, 478, 31796, 479, 35290
1791219479.200, MrmFullScanInfo, 887, 107, 2088606, 0, 0, 0, 0, 10000, 39297, 32, 1, 2, 1, 480, -422639, 490200, 421263, -479207, -455135, 444347, 504103, -368792, -519932, 108830, 520129, 344397, -496519, -499120, 365756, 517836, -110324, -519980, -177384, 519549, 327719, -511384, -473587, 482403, 520192, 513386, -148889, -520038, -420264, 496338, 363870, -498721, -441688, 504066, 281369, -518075, -284390, 518355, 210683, -516782, -285248, 516689, 425773, -507839, -515819, 382643, 520192, 80646, -519989, -485105, 457719, 518700, -219106, -520086, -109141, 520152, 362105, -516639, -498694, 462673, 520008, 435635, -157301, -519903, -511106, 475246, 518793, -342671, -520008, 136842, 520186, 60260, -519990, -386979, 502427, 514603, -207518, -520020, -335350, 515248, 490351, -350058, -513511, 94620, 401579, -12472, 178758, 37260, -518594, -422077, 504981, 517883, -344502, -520143, 91147, 519972, 387435, -509783, -506214, 408489, 519253, -168688, -520192, -145480, 519303, 354562, -419633, -278492, 220936, 91802, -102805, 124058, 19317, -303376, -214627, 307005, 378728, -215743, -455011, 47202, 461818, 231981, -283210, -385960, -5136, 352294, 236683, -202427, -311114, -32986, 182341, 212944, 46924, -216652, -209336, 112129, 259545, -2604, -201226, -59312, 83092, 62138, 8459, -9657, -41464, -74626, 29549, 136192, 27227, -152925, -122117, 116937, 201283, -20650, -204329, -98872, 142404, 186479, -38105, -201912, -93685, 161882, 135105, -112911, -105951, 86363, 58838, -87458, -30671, 114605, 25777, -133893, -41176, 123924, 69163, -93134, -66212, 48254, 81007, 9509, -80500, -60951, 63691, 85141, -28782, -81448, -1598, 58165, 8680, -26131, 9432, 8631, -33044, -22095, 44237, 51665, -28931, -76527, -12946, 82125, 63331, -63205, -94959, 24659, 104633, 23878, -93986, -60504, 58127, 81500, -8607, -84169, -26837, 71714, 45500, -47883, -42972, 31925, 24724, -28647, -463, 34282, -10635, -43035, -34, 52517, 14078, -48026, -27069, 35006, 40831, -16385, -47118, -134, 43796, 15788, -33338, -25764, 21265, 26575, -6072, -19899, -3918, 13224, 3626, -3091, 721, -3743, -3053, 5137, 6105, -2605, -9952, 1864, 13800, 598, -18273, -6877, 23095, 11499, -29444, -18451, 31385, 24179, -32619, -27392, 32639, 27162, -27625, -26897, 19287, 26564, -8921, -24931, 3844, 18471, 2895, -14180, -4750, 10718, 6411, -7774, -5855, 7422, 4471, -8808, 32, 11169, -2168, -14836, 3062, 18349, -2034, -22156, 1565, 21656, 587, -18478, 1004, 14858, -3712, -6848, 7548, 2710, -11859, -440, 19154, 864, -24538, -2830, 26074, 6476, -22002, -10793, 15515, 14841, -4533, -13578, -8002, 10239, 14525, -244, -17886, -6247, 18950, 11718, -16245, -14518, 13180, 15614, -9991, -14506, 9640, 12171, -13118, -10885, 11842, 10974, -14026, -11405, 14089, 12291, -12738, -13497, 10168, 14627, -8725, -15047, 5706, 15853, -3068, -22824, 1178, 25708, -1253, -33035, 967, 40979, -238, -46723, -115, 50363, 812, -50472, -1870, 46120, 5110, -37826, 2119, 28177, -2628, -18987, 5134, 11470, -8325, -4722, 10154, 870, -9772, -231, 7000, 1459, 132, -931, -8992, 1794, 18910, 1469, -27429, -6847, 34300, 12494, -36168, -15344, 32595, 15875, -23689, -15518, 12420, 14196, -2056, -13162, -5784, 13650, 10937, -14768, -13310, 18516, 15895, -22483, -19797, 26532, 25626, -28916, -31841, 29370, 40734, -25372, -46759, 20924, 50389, -15440, -48872, 8927, 43771, -2523, -33650, -685, 21216, 2694, -8994, -2216, -117, 5017, 8797, -3456, -11610, 4960, 11082, -10401, -8235, 21434, 5436, -36117, -4987, 52587, 8176, -66633, -33324, 72930, 40291, -69468, -44952, 56231, 43980, -34187, -36101, 9769, 22766, 11159, -7798, -26268, -5340, 31054, 7974, -24519, -10594, 16687, 7009, -7316, 301, -941, -9317, 7205, 18718, -10120, -26043, 11841, 30126, -12040
1791219479.200, MrmFullScanInfo, 887, 107, 2088606, 0, 0, 0, 0, 10000, 39297, 32, 2, 2, 1, 480, 0, 0, 0, 0, 0, 0, 168895, -228330, -313408, 478766, 363036, -534240, -381400, 345826, 436401, -27661, -508365, -259156, 506243, 434335, -369210, -523588, 131714, 580340, 112325, -567309, -280285, 391137, 323819, -45369, -237448, -340679, 66840, 614077, 97729, -726007, -184960, 712836, 188340, -642841, -145548, 574700, 113218, -541743, -130942, 545224, 200337, -535115, -295426, 426359, 399005, -188157, -494026, -103686, 525697, 341116, -427498, -488575, 199835, 576869, 70992, -580553, -275273, 418033, 331411, -79299, -220263, -308221, 441, 566919, 224135, -606375, -386912, 442847, 495095, -165411, -559806, -118800, 535785, 341069, -365929, -487208, 78734, 554905, 204996, -524585, -348985, 393580, 277367, -220840, -16936, 99262, -300949, -88300, 513983, 178770, -518383, -321978, 316872, 474049, -14886, -580901, -252246, 572020, 417822, -412650, -503512, 160602, 537575, 59133, -505436, -145504, 384426, 85101, -209030, 60472, 70848, -211257, -47299, 307195, 140259, -310939, -277898, 208614, 368260, -24778, -347736, -172597, 211274, 298760, -19039, -297030, -135690, 171341, 183063, 11913, -115847, -161000, -13792, 215193, 131021, -174475, -181223, 85227, 154517, -6055, -80878, -22400, 4790, -6323, 37486, 67491, -27904, -122797, -28408, 139078, 103798, -100494, -160743, 15828, 169410, 84157, -122817, -163265, 43016, 198956, 30214, -190787, -65841, 157187, 60611, -123611, -33388, 106963, 8017, -106918, 952, 110128, 8384, -101527, -30098, 73711, 55982, -30571, -76672, -15568, 82511, 51082, -69827, -67243, 45501, 62810, -23317, -44413, 14302, 24822, -19467, -16988, 29594, 26359, -31144, -47749, 15136, 68711, 16845, -75920, -54229, 61901, 83814, -28863, -95044, -13123, 83669, 51810, -54175, -77319, 18285, 84731, 10921, -75813, -24620, 58157, 21165, -41038, -6862, 31311, -7451, -31162, 13158, 37425, -7950, -43326, -5378, 42964, 21829, -34645, -35822, 20408, 42975, -4090, -41622, -10069, 32898, 18826, -20169, -20930, 8061, 17017, -254, -9176, -2415, 712, 1258, 5220, 2231, -7463, -7079, 6748, 12639, -4256, -18647, 778, 24965, 3222, -31063, -7402, 36086, 11290, -39063, -14255, 39006, 16196, -35160, -17748, 28004, 19243, -19280, -19976, 10898, 19078, -4038, -16587, -798, 13437, 3445, -10730, -3857, 9243, 2118, -9181, 1164, 10366, -4766, -12606, 7508, 15535, -8837, -18190, 8867, 19316, -8192, -17886, 7611, 13685, -7729, -7592, 8969, 1349, -11781, 3408, 16137, -5868, -20786, 5761, 23678, -3030, -23141, -1798, 18525, 7311, -10388, -11375, 434, 12093, 9129, -8958, -16476, 3230, 20602, 2976, -21343, -7978, 19538, 10878, -16893, -11453, 14963, 10174, -14325, -8149, 14690, 6579, -15461, -6103, 16007, 6778, -15795, -8301, 14715, 10194, -12944, -12420, 10863, 15462, -9179, -19714, 8677, 25110, -9593, -31270, 11525, 37628, -13715, -43181, 15374, 46735, -15721, -47271, 14667, 44202, -12960, -37571, 11413, 28368, -10281, -18348, 9530, 9226, -9170, -2159, 8844, -2102, -7768, 3339, 5040, -1996, -5, -853, -7311, 3721, 16158, -5122, -25269, 4355, 32917, -1902, -37020, -1242, 35906, 4468, -29424, -7689, 19342, 10943, -8520, -14093, -435, 17021, 6231, -19850, -9145, 22953, 10615, -26641, -12334, 30810, 15565, -34740, -20790, 37380, 27586, -37908, -34570, 35992, 39822, -31636, -41679, 25192, 39261, -17509, -32650, 9811, 22959, -3045, -12058, -2334, 2012, 6215, 5465, -8906, -9283, 11503, 9075, -15823, -5359, 23456, -423, -34811, 5065, 48882, -4918, -63372, -941, 74513, 9791, -77644, -17878, 69584, 23126, -50823, -24706, 25505, 22462, 328, -17256, -20630, 10818, 31195, -4806, -31229, 409, 23399, 1363, -11809, 279, -63, -5146, 10056, 11916, -17195
1791219479.200, MrmFullScanInfo, 887, 107, 2088606, 0, 0, 0, 0, 10000, 39297, 32, 4, 2, 1, 480, 0, 0, 0, 0, 0, 0, 151, 118, -365, -277, 375, 402, -327, -346, 219, 136, -71, 63, 36, -201, 157, 231, -728, -1, 1276, -357, -625, 335, -1364, 341, 3427, -1150, -4238, 1238, 3554, -519, -2295, -238, 973, 552, 482, -685, -2150, 934, 3429, -971, -3529, 238, 2574, 1449, -954, -3436, -3781, 5428, 19191, -9639, -48416, 18104, 76776, -20765, -83127, 30837, 79097, -78815, -131744, 168927, 276300, -257215, -430395, 273837, 468948, -182875, -393261, 4364, 346772, 190760, -427491, -350233, 568453, 488771, -617688, -643004, 488632, 796079, -212008, -886777, -91560, 878468, 270524, -783807, -245740, 628313, 95663, -433533, 6411, 239683, 46781, -107164, -211928, 67547, 362177, -69362, -423445, 32326, 436206, 58223, -489041, -139023, 604571, 149642, -712114, -103367, 715724, 61804, -584641, -65750, 374749, 101822, -175992, -126934, 47844, 113591, 12718, -74358, -47291, 46115, 92447, -46050, -151368, 49907, 196871, -19019, -194394, -58309, 126583, 152787, -7388, -216508, -122570, 219440, 218369, -167333, -255462, 90703, 236980, -22290, -183683, -17663, 119878, 24031, -65251, -3366, 33628, -29257, -31831, 53370, 55427, -50013, -87245, 12325, 103439, 47819, -87840, -105775, 44110, 138967, 6390, -139311, -41059, 115113, 51279, -82813, -42538, 56829, 25897, -43538, -9312, 41268, -3827, -43868, 10930, 44880, -8608, -40137, -3574, 28627, 20187, -12610, -33445, -3347, 38592, 15010, -36294, -21568, 30699, 26204, -25245, -33150, 20002, 43631, -12766, -54092, 2215, 58295, 10202, -51429, -21062, 33335, 26696, -8181, -24541, -18128, 14580, 40063, 33, -53304, -14065, 55538, 22583, -47425, -22785, 32591, 14961, -16210, -2396, 2887, -9951, 5438, 17645, -9794, -18649, 12620, 13992, -15684, -6701, 18959, -116, -21006, 4520, 20183, -5669, -15878, 3630, 8788, 407, -116, -4533, -9009, 7465, 17342, -9414, -23412, 11236, 26311, -13081, -26376, 13416, 24791, -9994, -22516, 1886, 19259, 9680, -13677, -22331, 4911, 33698, 6321, -41449, -18117, 43923, 28487, -40944, -36128, 34039, 40244, -25457, -40279, 16991, 36436, -9494, -30126, 3358, 23537, 1227, -18315, -4379, 14971, 6679, -13093, -8809, 11864, 10911, -10566, -12551, 8917, 13338, -7251, -13221, 6320, 12171, -6410, -10164, 7031, 7342, -7185, -3893, 6092, -15, -3839, 4166, 1492, -8334, -366, 12303, 1056, -15433, -3206, 16530, 5845, -14473, -7627, 9223, 7221, -2175, -3954, -4498, -1678, 9047, 8085, -10935, -13174, 10900, 15128, -10591, -13218, 11612, 8366, -14910, -2677, 20747, -1903, -28620, 4503, 37017, -5044, -43701, 3787, 46927, -1381, -46160, -1482, 42070, 4576, -36295, -8060, 30895, 12158, -27289, -17071, 25657, 23039, -25201, -29919, 25042, 36813, -24525, -42166, 23599, 44167, -22888, -41490, 23197, 34164, -24827, -23634, 27294, 12020, -29535, -1389, 30245, -6516, -28443, 10808, 24039, -11728, -17594, 10269, 9715, -7437, -823, 3939, -8383, -307, 16473, -2883, -21549, 4782, 21818, -4186, -16257, 241, 5175, 6806, 9816, -15490, -26249, 23761, 41357, -29563, -52474, 31349, 57495, -28763, -55366, 23069, 46642, -16982, -33668, 13726, 20109, -15674, -9755, 23060, 5328, -33502, -7758, 43000, 15729, -47577, -25918, 44721, 34420, -33813, -38351, 16809, 36637, 1740, -29902, -16686, 20274, 25418, -11181, -29471, 6334, 32969, -8043, -39943, 14379, 52571, -19970, -70250, 20558, 88752, -15914, -101000, 8329, 100752, -95, -86210, -6316, 60630, 8542, -30642, -5815, 3990, -499, 12949, 7994, -17585, -14214, 11895, 16785, -569, -13703, -11575, 4528, 21039, 9252, -26034
1791219479.200, MrmDetectionListInfo, 887, 274, 57, 15456, 58, 23862, 59, 33646, 60, 43094, 61, 50139, 62, 53816, 63, 55594, 64, 59628, 65, 65535, 66, 65535, 67, 65535, 68, 65535, 69, 65535, 70, 65535, 71, 65535, 72, 65535, 73, 65535, 74, 65535, 75, 65535, 76, 65535, 77, 65535, 78, 65535, 79, 65535, 80, 65535, 81, 65535, 82, 65535, 83, 65535, 84, 65535, 85, 65535, 86, 65535, 87, 65535, 88, 65535, 89, 65535, 90, 65535, 91, 65535, 92, 65535, 93, 65535, 94, 65535, 95, 65535, 96, 65535, 97, 65535, 98, 65535, 99, 65535, 100, 65535, 101, 65535, 102, 65535, 103, 65535, 104, 65535, 105, 65535, 106, 65535, 107, 65535, 108, 65535, 109, 65535, 110, 65535, 111, 65535, 112, 65535, 113, 65535, 114, 65535, 115, 65535, 116, 65535, 117, 65535, 118, 65535, 119, 65535, 120, 65535, 121, 65535, 122, 65535, 123, 65535, 124, 61309, 128, 61301, 129, 65535, 130, 65535, 131, 65535, 132, 65535, 133, 65535, 134, 65535, 135, 65535, 136, 65535, 137, 65535, 138, 65535, 139, 65535, 140, 65535, 141, 65535, 142, 65535, 143, 65535, 144, 65535, 145, 65535, 146, 65535, 147, 65535, 148, 65535, 149, 65535, 150, 65535, 152, 53154, 158, 51735, 159, 58086, 160, 60287, 161, 59832, 162, 59436, 163, 63395, 164, 65535, 165, 65535, 166, 65535, 167, 65535, 168, 65535, 169, 65535, 170, 65535, 171, 65535, 172, 65535, 173, 65535, 174, 62987, 175, 50744, 176, 41850, 177, 35230, 178, 29317, 184, 28034, 185, 25739, 191, 20959, 192, 21123, 193, 22907, 194, 26097, 195, 28529, 196, 28702, 197, 27427, 198, 26576, 199, 27036, 200, 28305, 201, 29547, 202, 30401, 203, 30808, 204, 30734, 205, 30577, 206, 31173, 207, 32565, 208, 33361, 209, 31942, 210, 27875, 211, 22258, 217, 26525, 218, 29309, 219, 34059, 220, 38157, 221, 38568, 222, 35045, 223, 29561, 224, 23691, 231, 14200, 252, 14438, 254, 16964, 256, 19623, 258, 19898, 259, 19151, 260, 17959, 266, 15161, 267, 16819, 269, 19581, 270, 22936, 271, 27491, 272, 31871, 273, 34921, 274, 36431, 275, 36890, 276, 36738, 277, 36011, 278, 34570, 279, 32430, 280, 29791, 281, 26851, 282, 23710, 287, 10584, 290, 10415, 333, 11543, 340, 10534, 341, 10173, 342, 10449, 345, 16599, 346, 19439, 347, 21800, 348, 23441, 349, 24411, 350, 24819, 351, 24706, 352, 24158, 353, 23408, 354, 22717, 355, 22182, 356, 21719, 357, 21215, 358, 20717, 359, 20431, 360, 20543, 361, 21094, 362, 22013, 363, 23225, 364, 24682, 365, 26329, 366, 28067, 367, 29764, 368, 31280, 369, 32501, 370, 33332, 371, 33699, 372, 33560, 373, 32908, 374, 31779, 375, 30242, 376, 28385, 377, 26302, 378, 24082, 379, 21798, 380, 19504, 381, 17377, 382, 16008, 383, 16138, 384, 17588, 385, 18981, 386, 19022, 398, 11603, 399, 12931, 400, 13561, 401, 13089, 408, 18472, 409, 25189, 410, 30953, 411, 35716, 412, 39591, 413, 42439, 414, 43949, 415, 43939, 416, 42479, 417, 39803, 418, 36182, 419, 31912, 420, 27355, 421, 22950, 422, 19136, 423, 16278, 424, 14625, 427, 17491, 428, 20624, 429, 24354, 430, 28276, 431, 31958, 432, 34983, 433, 36983, 434, 37669, 435, 36866, 436, 34532, 437, 30818, 438, 26130, 439, 21316, 440, 17940, 441, 17562, 442, 19729, 443, 21746, 444, 21501, 445, 19605, 446, 18197, 447, 18553, 448, 20447, 449, 23242, 450, 26809, 451, 31320, 452, 36630, 453, 42148, 454, 47219, 455, 51425, 456, 54534, 457, 56306, 458, 56445, 459, 54722, 460, 51238, 461, 46732, 462, 42225, 463, 37831, 464, 32472
1791219479.325, MrmFullScanInfo, 888, 107, 2088731, 0, 0, 0, 0, 10000, 39297, 32, 1, 2, 1, 480, -425991, 489916, 419893, -479082, -452768, 446597, 504817, -368310, -520020, 110000, 520148, 339459, -495991, -498888, 369756, 517716, -104027, -520185, -174213, 519439, 324887, -511199, -475442, 482438, 520192, 513269, -154798, -520144, -416329, 498341, 363572, -500681, -442889, 504217, 275011, -518305, -284493, 517693, 204733, -517099, -280358, 516170, 422860, -509845, -514981, 400908, 520192, 46399, -520126, -493999, 446871, 519770, -37026, -519989, -417288, 514317, 514588, -423867, -519782, 257449, 520118, -96913, -520119, -29343, 520028, 81342, -519218, -601, 519469, -182965, -476741, 456542, 305894, -484192, -470672, -111509, 493973, 511325, -266082, -515621, 135326, 520135, 52172, -518650, -201783, 516335, 353834, -498588, -490747, 416706, 519272, -124371, -520192, -300440, 513614, 510314, -238498, -518691, -156976, 515115, 269895, -444910, -111869, 232881, -217283, -125177, 469839, 144866, -510343, -301732, 482274, 467760, -275406, -501104, -111734, 387439, 450233, -107611, -518787, -264480, 471720, 480718, -240828, -505056, 29239, 468179, 128198, -347537, -231800, 155414, 188632, -8014, -117719, -40475, 77041, 37292, -36409, 11190, 65073, -61020, -171933, 54478, 250938, 8694, -253605, -108460, 216373, 182610, -107310, -183118, -17081, 115462, 77966, -29666, -68056, -48332, 25414, 91482, 28404, -86201, -67405, 69855, 68356, -70972, -45289, 73765, 13812, -84349, 7837, 113855, -6851, -131665, -11008, 123444, 48422, -91900, -65601, 36047, 86190, 29630, -77892, -74625, 53482, 83581, -18834, -67637, -9604, 40954, 14342, -15892, -4856, 4472, -374, -9889, 3252, 24512, 1843, -35255, -20325, 40433, 40451, -34053, -45678, 16288, 37392, 10546, -16995, -27314, -15351, 26236, 46374, -19416, -57794, 7226, 50077, 2812, -34625, 724, 16570, -16698, -2040, 32462, 388, -42956, -13900, 49096, 26362, -40112, -34043, 20884, 41119, 1007, -40552, -22276, 30388, 41103, -13683, -52626, -2333, 54600, 17921, -47458, -28166, 39351, 29272, -27010, -25566, 13077, 23638, -3389, -17536, -2541, 8347, 5666, -965, -4482, -4481, -3709, 4357, 6058, -1790, -3278, -1668, -824, 3204, 10547, 1851, -22326, -8462, 29976, 15552, -29676, -15166, 21996, 21732, -12584, -23332, 337, 20221, 9840, -14431, -11962, 7536, 9803, -2318, -4137, 3153, -2656, -9992, 7059, 14268, -5506, -16422, -553, 15239, 6132, -8974, -9096, -537, 8364, 9194, -1677, -13813, -6267, 15620, 13004, -8927, -14879, -1553, 13045, 11373, -5895, -14185, -4791, 11376, 14300, -2061, -19744, -9340, 20868, 22726, -16184, -29561, 9309, 31963, -2510, -27908, -1999, 18853, 6235, -7714, -9329, -834, 11107, 5833, -14478, -10431, 20449, 11004, -26504, -9797, 32415, 8107, -35513, -1914, 36848, -6279, -34105, 17907, 31608, -28536, -30790, 33184, 31804, -35380, -35330, 30881, 40625, -18925, -45989, 1106, 49164, 18676, -49284, -36321, 50275, 48739, -50114, -37549, 45694, 36526, -46297, -33371, 46651, 27875, -46068, -23942, 42633, 23191, -34650, -25129, 24767, 29697, -10895, -39693, -2812, 41049, 17801, -39008, -30052, 35126, 38848, -29815, -41890, 24436, 38426, -19207, -31316, 15615, 21466, -12403, -9294, 13859, -243, -13313, 7771, 11258, -12537, -5468, 16456, -3193, -20710, 11172, 28667, -17247, -39277, 10877, 51867, -6581, -59107, -3162, 60293, 15632, -53699, -25801, 41567, 31551, -25774, -32032, 10678, 28199, 308, -26331, -4682, 23635, 1325, -24313, 2663, 28154, -4819, -33541, 1097, 38187, 8578, -39010, -18733, 33317, 27667, -15567, -33346, 668, 28953, 10795, -19144, -13215, 5678, 5487, 7965, 10104, -18077, -27778, 23143, 42480, -20866, -43767, 10891, 44707, -3407, -40918, -2955, 33340, 5044, -23633, -3211, 15804, -817, -10639, 5374, 7031, -8793
1791219479.325, MrmFullScanInfo, 888, 107, 2088731, 0, 0, 0, 0, 10000, 39297, 32, 2, 2, 1, 480, 0, 0, 0, 0, 0, 0, 168656, -228473, -312769, 479086, 362316, -534981, -380829, 347289, 436015, -29692, -507974, -257335, 505700, 433464, -368851, -523593, 132027, 580526, 111450, -567216, -279995, 391017, 325177, -45657, -240401, -340056, 70174, 613718, 95052, -726277, -182864, 713299, 186116, -642785, -142677, 573803, 109667, -540264, -127164, 544882, 196904, -539984, -291695, 438381, 393094, -202647, -475105, -97473, 464008, 357295, -296387, -532178, 17300, 620834, 246354, -612090, -410177, 503378, 482998, -334911, -513051, 180045, 530027, -108137, -528989, 155375, 480244, -298006, -377115, 424446, 277338, -393328, -259828, 168639, 330207, 137428, -397824, -380285, 370220, 510044, -230934, -564731, 29947, 590136, 164269, -585443, -309571, 501140, 408906, -298786, -479388, 15900, 495535, 256191, -405691, -450560, 225740, 541119, -69183, -510558, 47671, 363107, -167374, -166802, 342034, 34267, -473365, -38702, 497238, 159496, -382567, -304018, 142278, 367184, 152623, -286976, -399244, 80325, 515453, 168866, -475927, -366906, 315935, 457359, -111394, -429244, -61363, 310590, 158475, -158019, -177497, 33216, 146045, 25846, -104260, -18170, 88885, -27295, -114816, 67716, 166953, -67536, -212421, 18926, 220419, 53716, -177398, -111355, 95893, 124943, -9628, -89234, -47585, 22396, 60900, 46092, -38103, -92940, 1558, 111633, 24513, -109432, -26753, 98969, 8196, -92061, 17068, 94642, -33110, -103290, 30176, 107371, -7797, -95788, -26506, 64127, 60837, -18803, -82730, -25605, 83345, 55099, -63106, -63654, 32604, 54288, -5970, -35820, -8057, 18908, 9542, -11481, -4730, 15343, 1656, -26410, -5396, 37499, 14860, -40986, -24174, 32046, 26969, -12196, -19317, -11119, 1478, 29275, 20870, -36962, -38728, 33995, 45141, -25217, -38677, 17969, 23146, -17371, -5909, 23861, -5159, -34072, 5951, 42571, 2357, -43864, -15560, 35242, 28900, -18087, -37844, -3694, 39247, 25608, -32678, -43327, 20257, 53676, -5565, -55583, -7470, 49865, 16180, -38568, -20204, 24759, 20462, -11825, -17607, 2092, 12159, 3386, -5393, -4473, -770, 2349, 4516, 528, -4877, -1506, 2551, -1209, 365, 8164, -1771, -17958, 1045, 26981, 1454, -31218, -5582, 28845, 11094, -20967, -16598, 10487, 19787, -677, -19096, -5797, 14890, 7661, -9584, -5109, 6131, -326, -5932, 5871, 8236, -8541, -11075, 6959, 12319, -2124, -10342, -3337, 4860, 6626, 2834, -6066, -10257, 1926, 14486, 3957, -13355, -9244, 6999, 11759, 1791, -9909, -9079, 3454, 11787, 6008, -8681, -15567, 558, 22308, 10100, -24447, -19974, 21913, 26016, -15977, -26466, 8276, 21532, -185, -13404, -7242, 5054, 13508, 1221, -18873, -4299, 23930, 4103, -28768, -1170, 32767, -3801, -34851, 10419, 34059, -18402, -30337, 26943, 25024, -34636, -20454, 39978, 18840, -41731, -21327, 38866, 27743, -30677, -36758, 17520, 46510, -1266, -55321, -13951, 61543, 23480, -63611, -25650, 61447, 22690, -57147, -17903, 53031, 13250, -49470, -10085, 45313, 9795, -39292, -13581, 31065, 21440, -21121, -31333, 10039, 40001, 1794, -44993, -13557, 45850, 23460, -43307, -29385, 38351, 30064, -31866, -25640, 24890, 17433, -18537, -7342, 13453, -2562, -9300, 10529, 4906, -15664, 843, 18380, -8222, -20386, 16001, 24098, -22030, -31200, 24611, 41123, -23003, -50906, 17103, 56938, -7407, -56846, -4294, 50206, 15290, -38470, -23321, 24601, 27577, -12415, -28587, 5155, 27635, -3814, -26365, 6567, 26465, -9752, -28855, 9921, 32940, -5479, -36105, -3038, 34935, 13522, -27758, -22745, 16210, 27109, -4397, -24155, -3246, 13847, 3802, 1419, 2958, -17540, -14229, 29745, 25746, -34363, -34276, 30848, 38661, -22160, -38809, 12700, 34836, -5769, -27577, 2676, 18827, -3008
1791219479.325, MrmFullScanInfo, 888, 107, 2088731, 0, 0, 0, 0, 10000, 39297, 32, 4, 2, 1, 480, 0, 0, 0, 0, 0, 0, -198, -62, 522, 121, -577, -472, 409, 1276, -254, -2034, 322, 1971, -482, -1066, 384, 152, 4, 180, -274, -87, -85, 62, 947, -183, -1719, 172, 1768, 141, -1354, -483, 1238, 366, -1850, 279, 3033, -1161, -4338, 1822, 5066, -679, -4787, -4801, 4740, 12555, -6273, -15740, 17367, 8244, -54023, 12433, 111904, -36466, -152091, 35987, 142266, -20934, -102820, 59027, 97673, -197665, -180896, 398091, 355652, -579692, -560549, 705585, 696312, -762694, -705886, 697558, 623635, -448196, -519585, 49565, 409913, 352889, -262470, -611529, 81338, 678098, 70058, -605234, -126630, 497350, 73916, -438420, 35053, 426817, -106555, -393948, 62136, 303189, 87875, -192498, -236565, 98805, 293996, -10315, -292803, -85811, 334583, 161041, -446897, -180175, 555206, 148193, -572886, -102422, 480805, 70870, -317787, -48045, 137953, 6038, 11417, 70346, -98650, -157432, 115135, 212087, -82325, -215143, 38450, 183504, -10216, -145683, -5227, 120333, 26367, -109733, -62834, 104142, 105967, -94303, -139539, 80254, 156825, -67860, -162959, 59357, 164989, -50359, -164093, 35866, 156435, -17261, -139500, 1528, 116982, 6306, -96533, -8280, 81868, 10542, -68620, -16678, 49654, 24257, -23840, -27087, -1990, 21342, 20026, -9655, -28332, -1403, 30034, 7656, -28562, -9618, 24950, 9885, -18518, -9716, 9300, 8575, 475, -6209, -7619, 3797, 10313, -2660, -9007, 2481, 5125, -1409, 794, -1836, -9075, 6145, 18837, -8268, -26504, 5453, 27201, 2040, -17766, -10940, -1337, 17266, 26178, -18584, -50989, 14286, 70119, -5024, -79344, -7460, 76629, 20165, -62947, -29354, 42639, 31975, -22029, -27098, 6634, 16924, 1280, -5988, -2779, -1040, 640, 1589, 2455, 4018, -4650, -13410, 4921, 23700, -2984, -32561, -784, 38584, 5582, -41128, -10446, 40198, 14602, -36238, -17741, 29896, 20133, -21858, -22299, 12868, 24329, -3922, -25633, -3692, 25225, 8734, -22813, -10606, 19689, 9952, -18049, -8400, 19191, 7907, -22248, -9985, 24895, 15201, -24708, -22751, 20597, 30147, -13067, -34049, 3258, 32239, 7428, -24966, -16887, 14632, 22564, -4496, -22860, -2449, 18063, 4451, -10381, -1368, 2987, -5443, 1670, 13385, -3041, -19316, 2337, 20856, -1641, -17493, 3011, 10695, -7426, -3165, 14258, -2233, -21603, 3788, 27164, -1753, -28889, -1956, 25729, 4996, -18416, -5697, 9390, 3493, -1514, 1074, -2974, -6806, 3117, 12303, 344, -16100, -5179, 17052, 8748, -14865, -9251, 10246, 6291, -4353, -924, -1684, -4866, 7220, 9014, -12201, -9989, 16774, 7270, -20749, -1330, 23541, -6760, -24359, 15968, 22534, -25546, -17793, 34528, 10871, -41450, -3706, 44864, -1417, -43891, 2956, 38036, -417, -27121, -5857, 12028, 14901, 4804, -25456, -19189, 35731, 27021, -43554, -27162, 47819, 22001, -49398, -15005, 49738, 8597, -48908, -4340, 45763, 3313, -39208, -5945, 29274, 11438, -17113, -17568, 4349, 21625, 7506, -22032, -17214, 19323, 23719, -15388, -26189, 12044, 24338, -9835, -18610, 8137, 10104, -5916, -238, 2359, -9603, 2869, 18560, -9403, -26647, 15919, 34649, -20493, -43572, 20870, 53932, -15492, -64982, 4831, 74321, 8619, -78559, -21718, 75158, 31897, -63911, -37157, 47084, 36463, -28537, -30536, 12496, 21827, -2346, -13439, -665, 8036, -1689, -7314, 5170, 11749, -4930, -20078, -2119, 29237, 15938, -34156, -33691, 30041, 51004, -16256, -62696, -2409, 63726, 18790, -51360, -27352, 27039, 25661, 3893, -14689, -33954, -1265, 55510, 16675, -63385, -27817, 57509, 33677, -42964, -34399, 26485, 30238, -12800, -22382, 3735, 13219, 1094
1791219479.325, MrmDetectionListInfo, 888, 253, 51, 7182, 52, 9504, 53, 11679, 54, 13946, 55, 17359, 56, 23837, 57, 35313, 58, 52160, 59, 65535, 60, 65535, 61, 65535, 62, 65535, 63, 65535, 64, 65535, 65, 65535, 66, 65535, 67, 65535, 68, 65535, 69, 65535, 70, 65535, 71, 65535, 72, 65535, 73, 65535, 74, 65535, 75, 65535, 76, 65535, 77, 65535, 78, 65535, 79, 65535, 80, 65535, 81, 65535, 82, 65535, 83, 65535, 84, 65535, 85, 65535, 86, 65535, 87, 65535, 88, 65535, 89, 65535, 90, 65535, 91, 65535, 92, 65535, 93, 65535, 94, 65535, 95, 65535, 96, 65535, 97, 65535, 98, 65535, 99, 65535, 100, 65535, 101, 65535, 102, 65535, 103, 65535, 104, 65535, 105, 65535, 106, 65535, 107, 65535, 108, 65535, 109, 65535, 110, 65535, 111, 65535, 112, 65535, 113, 65535, 114, 65535, 115, 65535, 116, 65535, 117, 65535, 118, 65535, 119, 65535, 120, 65535, 121, 65535, 125, 65535, 126, 65535, 127, 65535, 128, 65535, 129, 65535, 130, 65535, 131, 65535, 132, 65535, 133, 65535, 134, 65535, 135, 65535, 136, 65535, 137, 65535, 138, 65535, 139, 65535, 140, 65535, 141, 65535, 142, 65535, 143, 65535, 144, 65535, 145, 65535, 146, 65535, 147, 65535, 148, 65535, 149, 65535, 150, 65535, 151, 65535, 152, 65535, 153, 65535, 154, 65535, 155, 65535, 156, 63241, 157, 57420, 158, 53922, 159, 51249, 160, 48092, 161, 44624, 162, 41737, 163, 39590, 164, 37323, 165, 33953, 166, 29185, 199, 14569, 200, 16407, 201, 16860, 210, 31070, 211, 36804, 212, 39248, 213, 40059, 214, 40895, 215, 42277, 216, 43850, 217, 45003, 218, 45108, 219, 43608, 220, 40322, 221, 35613, 222, 30105, 242, 21026, 243, 23256, 244, 25178, 245, 26278, 246, 26581, 247, 26425, 248, 26003, 249, 25257, 250, 24105, 252, 20968, 253, 19262, 254, 17521, 258, 14591, 259, 15708, 260, 16565, 267, 13748, 270, 17375, 271, 19081, 272, 20723, 273, 22139, 274, 23177, 275, 23672, 276, 23459, 277, 22405, 278, 20584, 281, 17738, 287, 12077, 316, 13267, 317, 11554, 331, 12916, 333, 10309, 341, 10532, 342, 11938, 346, 12738, 349, 15586, 350, 18447, 351, 20838, 352, 22347, 353, 23299, 354, 24055, 355, 24585, 356, 24662, 357, 24249, 358, 23629, 359, 23162, 360, 22926, 361, 22595, 362, 21574, 363, 19424, 364, 16473, 365, 13723, 371, 25705, 372, 31778, 373, 35301, 374, 36408, 375, 36379, 376, 36003, 377, 35189, 378, 33723, 379, 31842, 380, 30007, 381, 28437, 382, 27020, 383, 25581, 384, 24086, 385, 22608, 386, 21188, 387, 19794, 389, 16865, 390, 15253, 394, 14922, 395, 17634, 396, 19758, 397, 20670, 398, 20623, 399, 20161, 400, 19517, 401, 18555, 402, 17114, 403, 15214, 413, 17369, 414, 20713, 415, 24245, 416, 27724, 417, 30775, 418, 33275, 419, 35283, 420, 36797, 421, 37688, 422, 37996, 423, 38422, 424, 40090, 425, 43397, 426, 47400, 427, 50530, 428, 51724, 429, 50918, 430, 48617, 431, 45213, 432, 40789, 433, 35414, 434, 29420, 435, 23331, 450, 25148, 451, 30958, 452, 35083, 453, 37072, 454, 37433, 455, 36728, 456, 35413, 457, 34532, 458, 35365, 459, 37329, 460, 37478, 461, 33402, 468, 33998, 469, 39473, 470, 43733, 471, 45635, 472, 44580, 473, 41356, 474, 37240, 475, 32868, 476, 28203
1791219479.449, MrmFullScanInfo, 889, 107, 2088856, 0, 0, 0, 0, 10000, 39297, 32, 1, 2, 1, 480, -423916, 491739, 423972, -480506, -453175, 446868, 504684, -371369, -520119, 109051, 520144, 341044, -495428, -498018, 370082, 517894, -109570, -520130, -178351, 519597, 322258, -512049, -476217, 483680, 520192, 513679, -149685, -520071, -417987, 494198, 362241, -501789, -437592, 504914, 283984, -517980, -276575, 518450, 213546, -517078, -282381, 515250, 417625, -509405, -512340, 407353, 520192, 5800, -520103, -483798, 463406, 519976, -130009, -519921, -388223, 517327, 518485, -361425, -520192, -81173, 520133, 473419, -462117, -519675, -104223, 519967, 516717, -404978, -520192, -172909, 519384, 503956, -363133, -518642, -155141, 518601, 497418, -484788, -520192, 74446, 520192, 488297, -479033, -520044, 106194, 520110, 364377, -497021, -518651, 186656, 520192, 354204, -515270, -518871, 246053, 520163, 420787, -500222, -518976, 203281, 520176, 274396, -510490, -512219, 164871, 520051, 321275, -455069, -505981, 95482, 508547, 301397, -259739, -453826, -147983, 343843, 416692, -73129, -456990, -250611, 273240, 446609, 57423, -435458, -350490, 238112, 489475, 48661, -432882, -293821, 197607, 405441, 68164, -347220, -232213, 186179, 264255, -20817, -158528, -66823, -14964, 55170, 138064, 39792, -156597, -166030, 83536, 227597, 43832, -196877, -165327, 96862, 213810, 34265, -166120, -145779, 66767, 188173, 36146, -150181, -107912, 67038, 101379, 1041, -36140, -38451, -32867, 32610, 60410, 10824, -39547, -49050, -16712, 52913, 85399, -22974, -112547, -31854, 116224, 94911, -81983, -136091, 26607, 134033, 32418, -96162, -66813, 42927, 61354, 9663, -25812, -40248, -19845, 37708, 45488, -6057, -38065, -27819, -3493, 48578, 62082, -50432, -106410, 27158, 130267, 12350, -130136, -45336, 108587, 59785, -71202, -61855, 36473, 52157, -13218, -33726, -808, 22134, 8193, -22345, -11688, 27972, 21620, -34523, -41161, 41310, 54542, -38067, -64699, 24352, 71162, -9210, -71549, -4637, 61854, 18293, -48421, -29560, 34359, 34333, -17949, -38772, 4997, 39769, 3891, -39531, -8530, 37728, 13984, -37117, -15714, 35558, 14035, -29709, -11662, 23021, 10949, -14171, -7497, 3713, 7880, 6040, -9807, -15963, 10750, 24922, -7392, -32939, 4810, 36698, -1730, -33719, 5634, 27084, -340, -19882, -1205, 13623, 2906, -7919, -5322, 4378, 7774, -1772, -11584, -364, 18189, 2479, -26900, -5507, 29029, 10690, -27308, -17698, 24190, 21930, -17696, -23859, 11030, 21964, -2450, -18758, -1532, 10773, 7402, -1135, -7939, -4593, 5332, 10202, -3199, -12931, 1607, 11811, 274, -9628, 1579, 9505, -1183, -5814, 2153, 3229, -3617, 222, 5977, -2734, -6818, 4434, 7634, -2289, -7738, -1460, 7842, 9486, -7874, -14357, 4872, 21659, -3373, -27320, 2097, 31932, -2456, -35580, 2970, 39890, -5968, -42133, 4156, 46488, -4600, -48489, -3804, 45710, 7680, -43637, -12187, 38351, 14657, -31115, -14334, 22557, 10529, -14257, -7780, 6225, 2641, -3428, -343, 4624, -1122, -8241, 1651, 14028, -155, -19529, -3062, 24138, 8921, -27984, -16515, 28521, 25532, -30161, -44293, 33647, 53216, -29865, -58500, 23054, 58696, -14645, -53613, 6799, 42500, -1325, -29504, -464, 18483, -1182, -11612, 3062, 8046, -7635, -9282, 11111, 11354, -11451, -10588, 9045, 6172, -6388, 3030, 5862, -14001, -9084, 28849, 18550, -32221, -28462, 27398, 36910, -15425, -38170, -1155, 31961, 17918, -19924, -30650, 5085, 36905, 8103, -36802, -16077, 34499, 15676, -32020, -10294, 31280, 2379, -30746, 2416, 30418, -948, -27854, -4615, 20425, 14714, -7596, -24979, -8567, 29024, 23721, -28422, -33124, 23550, 35652, -16010, -30904, 8905, 22274, -4052, -13242, 857, 7581, 3000, -5677, -4073, 6638, 6245, -8857, -10638, 10910, 16003, -10507, -20055, 8982, 21995, -6990, -22110
1791219479.449, MrmFullScanInfo, 889, 107, 2088856, 0, 0, 0, 0, 10000, 39297, 32, 2, 2, 1, 480, 0, 0, 0, 0, 0, 0, 169106, -229151, -313388, 480464, 362510, -536302, -380546, 347801, 435675, -29368, -508239, -257784, 506734, 433428, -370127, -523188, 132876, 580343, 111145, -567579, -279566, 391604, 323956, -46060, -238381, -339848, 68475, 613398, 95689, -725783, -182689, 712961, 186001, -642861, -143437, 574346, 111182, -541047, -128305, 545662, 196347, -543143, -288956, 447911, 388774, -218554, -476478, -79416, 482524, 339542, -332653, -511045, 54485, 574419, 232947, -485456, -441569, 237583, 536787, 82990, -475192, -361637, 243248, 510242, 78447, -466130, -364319, 231697, 515556, 91559, -468915, -380065, 234036, 555740, 79280, -551735, -348393, 340662, 511756, -5745, -526546, -309203, 361148, 507574, -64704, -540257, -246020, 383683, 472714, -90205, -539075, -222780, 397461, 453178, -96442, -532139, -229078, 415947, 456370, -138029, -515841, -185066, 380538, 425101, -99261, -492553, -200583, 359070, 382063, -85488, -368690, -191879, 175869, 337156, 93201, -287378, -300104, 78202, 344613, 180033, -211070, -360017, -30954, 379563, 265601, -235828, -388673, -582, 356697, 224197, -202487, -345913, 10643, 333238, 128924, -218776, -163312, 75019, 97668, 24376, 14525, -38546, -105771, -23600, 129257, 112929, -76563, -171356, -22527, 162975, 117274, -87950, -163815, -20907, 146227, 115518, -80147, -158119, 2030, 139588, 50001, -79363, -57064, 12033, 28807, 30103, 6914, -32392, -22977, 4078, 7715, 29450, 31795, -42423, -76678, 22380, 107286, 24029, -110942, -75621, 85106, 109169, -39144, -111192, -8337, 82468, 38039, -35755, -40437, -9599, 20649, 35418, 5138, -32900, -18479, 6279, 8401, 30052, 23399, -58307, -65071, 65312, 102090, -48995, -123077, 18371, 122427, 13357, -101905, -35872, 69866, 44863, -36855, -42381, 10817, 35067, 5234, -29935, -13491, 30832, 19115, -37440, -26212, 45763, 35734, -50149, -46531, 46922, 56483, -36341, -62698, 21110, 62865, -4302, -56655, -11464, 45682, 24387, -32524, -33688, 19973, 39300, -9976, -41631, 3002, 41664, 1308, -40267, -3319, 37442, 3630, -32595, -3299, 25469, 3435, -16498, -4824, 6601, 7776, 3169, -11682, -12174, 15109, 20294, -16831, -27079, 16904, 31145, -15885, -31029, 13695, 26857, -9973, -20526, 5103, 14247, -188, -9322, -4078, 6080, 7912, -4281, -12268, 3535, 17780, -3260, -23652, 2320, 28136, 562, -29933, -5606, 28820, 11481, -25023, -16259, 19047, 18460, -11725, -17294, 4102, 12914, 2609, -6437, -7202, -544, 9067, 6565, -8640, -10469, 7013, 11805, -5239, -10956, 3993, 8698, -3439, -5649, 3460, 2214, -3903, 1234, 4532, -4099, -5115, 5494, 5696, -4508, -6629, 887, 8076, 4760, -9664, -11439, 10864, 18264, -11613, -24536, 12320, 29754, -13468, -33745, 15162, 36750, -16979, -39281, 17935, 41622, -16937, -43557, 13570, 44507, -8464, -43795, 3027, 40790, 1422, -35153, -4096, 27211, 4909, -18161, -4290, 9985, 2790, -4717, -766, 3512, -1485, -6125, 3526, 11299, -4565, -17558, 3685, 23733, -251, -29195, -6326, 34187, 16132, -39260, -27680, 43793, 38188, -45569, -45296, 42675, 48067, -35272, -46276, 25354, 40229, -15584, -31156, 8188, 21207, -4372, -12699, 4263, 7212, -6958, -4891, 10622, 4468, -13017, -3864, 12711, 1145, -9939, 4984, 6551, -14438, -5007, 25015, 7181, -32872, -13302, 34400, 21481, -28037, -28418, 14692, 31028, 2641, -27922, -19823, 19941, 33086, -9846, -40384, 1295, 41862, 2738, -39206, -1441, 34605, -3267, -29922, 7771, 26105, -8570, -22786, 3799, 18524, 6060, -11824, -18317, 2347, 29190, 8567, -35441, -18310, 35586, 24273, -30180, -25133, 21394, 21502, -11869, -15631, 3749, 10301, 1780, -7440, -4721, 7468, 6244, -9570, -7926, 12387, 10601, -14606, -13923
1791219479.449, MrmFullScanInfo, 889, 107, 2088856, 0, 0, 0, 0, 10000, 39297, 32, 4, 2, 1, 480, 0, 0, 0, 0, 0, 0, 355, -705, -379, 1428, -63, -1508, 460, 1026, -442, -499, -138, 348, 836, -458, -1114, 450, 860, -98, -447, -389, 384, 598, -693, -500, 1031, 354, -628, -348, -208, 346, 849, -186, -892, -6, 355, 149, 0, -145, 590, 589, -2185, -5074, 4423, 14371, -6718, -21842, 5750, 20877, -4230, -12101, 11456, 5405, -28359, -30681, 48556, 115905, -77150, -235797, 100363, 325334, -50518, -361975, -119508, 363703, 356980, -320685, -546857, 215430, 597758, -55597, -483388, -153770, 266010, 383412, -61670, -511782, -78811, 428911, 186546, -191539, -265008, -38560, 267434, 162895, -186528, -168533, 72586, 81111, 20292, 34648, -36312, -110077, -53432, 116708, 198580, -40086, -319609, -128044, 391249, 330000, -409318, -467943, 340167, 500526, -180446, -450367, 1097, 344563, 113877, -208198, -137703, 85759, 101027, -20739, -59533, 22190, 61309, -61978, -124905, 94712, 229315, -78127, -324427, -5458, 361458, 134296, -316352, -257716, 198473, 327838, -46271, -324125, -89311, 257498, 167962, -160886, -177870, 73205, 136881, -21960, -79231, 12786, 37468, -30843, -27803, 51817, 45231, -55400, -70761, 34335, 84907, 3941, -77505, -42125, 50832, 61281, -16469, -49773, -11518, 9055, 23528, 46698, -18705, -97271, 5021, 126014, 5380, -126843, -3454, 105727, -11674, -76170, 32405, 51892, -47166, -40739, 47190, 42368, -31069, -49703, 4756, 53208, 22200, -45866, -41024, 26407, 46459, 761, -38100, -27696, 20764, 45774, -2787, -49159, -7645, 37592, 6038, -16463, 7353, -6067, -28495, 22697, 51954, -29808, -72840, 28263, 87037, -21454, -91199, 12780, 83863, -4653, -66443, -1274, 42639, 4333, -17012, -5089, -5996, 4803, 22926, -4569, -32294, 4916, 34913, -5974, -33106, 7827, 29344, -10511, -25427, 13679, 22520, -16362, -21121, 17048, 21091, -14377, -21611, 7960, 21464, 1478, -19661, -12463, 16076, 23125, -11289, -31316, 5877, 35287, -107, -33980, -5779, 27282, 11535, -16476, -16939, 4153, 21710, 6852, -25424, -14676, 27640, 18746, -28135, -19534, 27128, 18159, -25120, -15755, 22496, 13335, -19343, -11792, 15579, 11480, -11067, -11871, 5593, 11946, 826, -10940, -7660, 8716, 13899, -5638, -18312, 2252, 20072, 1030, -19324, -3993, 17150, 6472, -14599, -8544, 12092, 10472, -9433, -12046, 5954, 12514, -875, -11253, -5898, 8216, 13165, -3540, -18846, -2589, 21049, 9716, -18844, -16771, 12529, 21998, -3458, -23554, -6210, 20592, 14087, -13904, -18329, 5594, 18112, 1953, -13798, -6790, 6902, 8026, 470, -6107, -6414, 2471, 9885, 1337, -10999, -4423, 10636, 6705, -9688, -8815, 8332, 11746, -6123, -15995, 2422, 20799, 3171, -24332, -10264, 24665, 17399, -20556, -22299, 11727, 22929, 938, -18431, -15543, 9588, 29582, 684, -39992, -8746, 43945, 12963, -40672, -14299, 32312, 14282, -22046, -13188, 11844, 10914, -2283, -7821, -6794, 4330, 16022, -604, -26000, -3075, 36249, 6135, -44808, -8067, 49478, 8664, -49098, -7787, 43951, 5545, -35637, -2522, 26400, -455, -18283, 2691, 12629, -3702, -9915, 3264, 9596, -1427, -10247, -1294, 10321, 3980, -8815, -5038, 5523, 3145, -1091, 1221, -2873, -5785, 4529, 8176, -3294, -7302, 381, 3142, 2264, 3448, -3224, -10681, 2037, 16434, 909, -19303, -4475, 19225, 7124, -17011, -7774, 13527, 6703, -9422, -5509, 5168, 6254, -894, -10278, -3608, 17410, 8621, -25907, -14197, 33233, 20120, -37215, -25917, 36907, 30844, -32790, -34110, 26293, 35226, -18773, -34445, 11145, 32885, -4222, -31776, -1190, 31479, 4833, -31298, -7136, 30300, 8545, -27982, -9076
1791219479.449, MrmDetectionListInfo, 889, 227, 51, 7709, 52, 10708, 53, 13193, 54, 14436, 55, 14099, 56, 12489, 57, 10523, 60, 15056, 61, 24840, 62, 41554, 63, 65535, 64, 65535, 65, 65535, 66, 65535, 67, 65535, 68, 65535, 69, 65535, 70, 65535, 71, 65535, 72, 65535, 73, 65535, 74, 65535, 75, 65535, 76, 65535, 77, 65535, 78, 65535, 79, 65535, 80, 65535, 81, 65535, 82, 65535, 83, 65535, 84, 65535, 85, 65535, 86, 65535, 87, 65535, 88, 65535, 89, 65535, 90, 65535, 91, 65535, 92, 65535, 93, 65535, 94, 65535, 95, 65535, 96, 45026, 97, 25338, 98, 31845, 99, 54143, 100, 65535, 101, 65535, 102, 65535, 103, 65535, 104, 65535, 105, 65535, 106, 65535, 107, 65535, 108, 65535, 109, 65535, 110, 65535, 111, 65535, 112, 65535, 113, 65535, 114, 65535, 115, 65535, 116, 65535, 117, 65535, 118, 65535, 119, 65535, 120, 65535, 121, 58540, 126, 65535, 127, 65535, 128, 65535, 129, 65535, 130, 65535, 131, 65535, 132, 65535, 133, 65535, 134, 65535, 135, 65535, 136, 65535, 137, 65535, 138, 65535, 139, 65535, 140, 65535, 141, 65535, 142, 65535, 143, 65535, 144, 65535, 145, 65535, 146, 65535, 147, 65535, 148, 59050, 155, 52572, 156, 57612, 157, 59037, 158, 56332, 159, 50608, 160, 45623, 161, 45775, 162, 50488, 163, 53113, 164, 48018, 165, 36757, 170, 35364, 171, 49256, 172, 58780, 173, 63019, 174, 64804, 175, 65535, 176, 65132, 177, 61023, 178, 54907, 179, 49756, 180, 47305, 181, 46870, 182, 46689, 183, 45803, 184, 44384, 185, 42739, 186, 40576, 187, 37281, 188, 33000, 189, 29806, 190, 30565, 191, 35234, 192, 39776, 193, 39975, 194, 35128, 195, 27953, 196, 22716, 197, 22695, 198, 26972, 199, 30674, 200, 30124, 201, 26675, 204, 22004, 210, 34012, 211, 43528, 212, 49165, 213, 52343, 214, 54673, 215, 56178, 216, 55934, 217, 53526, 218, 49417, 219, 44290, 220, 38551, 221, 32434, 230, 18156, 231, 20027, 232, 19985, 234, 19870, 235, 20064, 236, 19769, 237, 19148, 245, 18402, 252, 15083, 253, 17838, 254, 19432, 256, 19699, 258, 18920, 259, 18095, 260, 17635, 269, 18860, 270, 21547, 271, 23085, 272, 23668, 273, 23731, 274, 23485, 275, 22892, 276, 21920, 277, 20684, 278, 19355, 317, 10813, 318, 11845, 319, 13549, 320, 15349, 321, 16486, 327, 14204, 328, 15369, 329, 15899, 330, 15257, 331, 13635, 333, 10001, 357, 13544, 360, 19791, 361, 20500, 362, 20171, 363, 18878, 364, 16673, 365, 13876, 368, 14235, 372, 21657, 373, 25369, 374, 28479, 375, 28991, 376, 27137, 377, 24537, 378, 22208, 379, 19952, 380, 17252, 381, 14095, 382, 10863, 383, 7940, 386, 6249, 390, 14390, 391, 17753, 392, 21463, 393, 24627, 394, 26845, 395, 28264, 396, 29073, 397, 29205, 398, 28483, 399, 26889, 400, 24605, 401, 21871, 402, 18890, 403, 15851, 460, 30791, 461, 32185, 462, 32905, 463, 33015, 464, 32558, 465, 31571, 466, 30115, 467, 28288
1791219479.574, MrmFullScanInfo, 890, 107, 2088981, 0, 0, 0, 0, 10000, 39297, 32, 1, 2, 1, 480, -424080, 492365, 421860, -479578, -453087, 445524, 505042, -367297, -520136, 105584, 520166, 342493, -493496, -500622, 367718, 518262, -108654, -520068, -177977, 519557, 326053, -512237, -476491, 479697, 520163, 514391, -143979, -520143, -423741, 493830, 366840, -499273, -440460, 504258, 282029, -518084, -280935, 518710, 213460, -518211, -291806, 516460, 433949, -507617, -517004, 377513, 520192, 89160, -520006, -481623, 461502, 518181, -240031, -520176, -92992, 520025, 353906, -518186, -482086, 492973, 516884, -219446, -307613, -482714, -519002, 397318, 520141, -92676, -520192, -111211, 519577, 356181, -504565, -491202, 401389, 515310, 32999, -519166, -515430, 193995, 520188, 467003, -486587, -519220, 184560, 520130, 207159, -511871, -508663, 167997, 520191, 470592, -470510, -520133, 48752, 519649, 456305, -491951, -516388, 318895, 519581, -84119, -520158, -135696, 422920, 250581, 150435, -116754, -429960, -192390, 364056, 404999, -157732, -463145, -221040, 342133, 491256, -59234, -515562, -245448, 445280, 457578, -206121, -504824, -101466, 432377, 313521, -202801, -344860, -78630, 179350, 261936, 71327, -245714, -246081, 89386, 272328, 82083, -153748, -180639, -41532, 182557, 199635, -89760, -253358, -52181, 218638, 158744, -107401, -188825, -41875, 138934, 160190, -18969, -180764, -118887, 116408, 200906, -13617, -191752, -91671, 124561, 123415, -40604, -75764, -15455, 2597, 19761, 47571, 22925, -57410, -76036, 23923, 105586, 42103, -99977, -79631, 58268, 120113, 3115, -131253, -65158, 107240, 94901, -52555, -87756, -6052, 55170, 39832, -7284, -39380, -29751, 14964, 36892, 18911, -14346, -37946, -18247, 26493, 46506, 6791, -62341, -42652, 52994, 70389, -23741, -84431, -6945, 79128, 32268, -50543, -46234, 21038, 42655, 13, -26531, -9068, 10395, 5556, -6047, 8134, 11032, -16118, -22917, 10227, 38003, -1620, -44046, -9733, 40829, 29738, -29624, -45947, 16034, 55336, 2184, -55246, -19829, 47587, 30264, -31813, -35140, 16232, 36885, -7607, -31015, 5417, 26065, -3280, -22034, 3700, 22537, -5016, -21003, 2483, 19986, 6976, -17024, -13584, 11053, 17421, -824, -20887, -7992, 16790, 17891, -6992, -25336, -3464, 27411, 11903, -23048, -12808, 16372, 16929, -10515, -18557, 3648, 15505, -914, -14190, -566, 10432, -451, -7434, 1627, 8093, -3381, -10314, 4608, 8037, -3226, -5706, -871, 1887, 2660, 1321, -3027, -2486, 2687, 371, -3481, 4326, 1863, -10475, -624, 16191, 1074, -21354, 2941, 24802, -4172, -25891, 4680, 28830, -5353, -30271, 4240, 32192, -1737, -29875, -5257, 22694, 11658, -9574, -20784, -5167, 26671, 17835, -26267, -22938, 20611, 25789, -10152, -18552, 561, 6549, 7963, 6247, -11462, -17190, 13202, 20647, -12996, -14176, 15945, -382, -20777, 17413, 33013, -32261, -44826, 37721, 51801, -38338, -57657, 36964, 56882, -32093, -53767, 27462, 47320, -26674, -39518, 25283, 34870, -25322, -33720, 28860, 35212, -24312, -39121, 14935, 43865, -3744, -45462, -8318, 44060, 18605, -41674, -29602, 36419, 37075, -31958, -55374, 30908, 61339, -26374, -66157, 21714, 67686, -18874, -64351, 17959, 53136, -21666, -34040, 27688, 10541, -35826, 4032, 39849, -24244, -43507, 38963, 43275, -49629, -38153, 55804, 31014, -58610, -23357, 55998, 20707, -48277, -23355, 34668, 29187, -17113, -38762, -6993, 43842, 31963, -42622, -53307, 30892, 67636, -15112, -72811, -1131, 68537, 11206, -58151, -14264, 45520, 8287, -34798, -177, 26414, -6563, -20994, 7003, 16902, -442, -12580, -10193, 8330, 21847, 2760, -34281, -12995, 34401, 22108, -29826, -25349, 21299, 23567, -10469, -16568, 1934, 5514, 3108, 6407, -4510, -12658, 3240, 18703, 647, -20426, -2307, 20009, 3166, -17176, -887, 13379, -3499, -8256, 9090, 556, -13943
1791219479.574, MrmFullScanInfo, 890, 107, 2088981, 0, 0, 0, 0, 10000, 39297, 32, 2, 2, 1, 480, 0, 0, 0, 0, 0, 0, 168842, -228552, -313162, 478757, 362856, -533638, -381455, 344827, 436465, -26683, -508207, -259930, 505887, 434922, -368861, -524001, 131420, 580499, 112686, -567039, -280649, 390366, 323538, -44313, -235757, -341691, 64019, 614890, 100440, -726563, -186332, 713031, 188179, -642688, -145113, 574658, 114437, -542516, -134658, 546777, 205302, -535913, -299752, 424971, 402109, -185267, -497596, -105548, 532463, 339775, -438480, -483992, 213387, 572622, 57230, -619795, -260682, 558792, 304321, -315643, -171955, -53949, -58384, 354858, 279380, -416590, -439219, 242814, 548027, 31924, -588142, -274370, 492747, 421152, -233987, -437929, -113636, 299523, 412780, -40914, -540470, -237208, 441139, 437277, -161632, -484635, -173139, 338245, 429679, -48652, -497942, -262305, 339723, 495020, -38490, -601265, -253458, 555487, 439161, -375829, -485716, 138927, 371989, 55447, -118776, -130348, -167411, 62508, 338240, 103745, -305844, -274446, 93408, 352058, 190086, -281952, -416839, 82725, 499391, 165087, -414002, -363900, 203823, 438902, 35268, -361546, -199301, 165527, 228015, 58416, -131180, -206980, -22413, 222767, 144234, -121572, -171900, -27057, 98607, 142264, 30662, -170960, -150455, 109478, 208054, 892, -181511, -100603, 85220, 141742, 36395, -106796, -130267, 14619, 160004, 89617, -121524, -159126, 43397, 169400, 29217, -126634, -61242, 60727, 46728, -8614, -6090, -5538, -30442, -18162, 40733, 58773, -19361, -88639, -24668, 88691, 75043, -57354, -113300, 8913, 123286, 36394, -99392, -62486, 51686, 62831, -1423, -41297, -30709, 10419, 35042, 14027, -16649, -20718, -8402, 7454, 22725, 18907, -17359, -45617, -5373, 59879, 35874, -55360, -62207, 34656, 74402, -6386, -68707, -19172, 49279, 33827, -25276, -34963, 6109, 26607, 2273, -16378, 103, 11198, -7797, -14251, 14028, 23807, -14085, -34449, 5989, 40815, 9451, -40364, -28255, 33056, 44716, -20294, -54059, 4604, 54127, 10909, -46080, -23340, 33990, 30530, -22529, -31716, 14421, 28402, -10053, -23596, 8510, 19742, -7896, -17682, 5849, 16990, -1123, -16323, -5617, 13915, 12537, -8590, -17461, 359, 18504, 9681, -15070, -19388, 8577, 25950, -1283, -27394, -5329, 23933, 10672, -17709, -14296, 11260, 15643, -6321, -14597, 3527, 11900, -2645, -9007, 3197, 7143, -4551, -6279, 5579, 5496, -5007, -4159, 2561, 2401, 675, -818, -3238, 268, 4220, -1534, -3343, 4820, 923, -9553, 2427, 14709, -6102, -19163, 9559, 22254, -12228, -24150, 13745, 25582, -14137, -26944, 13236, 27720, -10353, -26610, 4609, 22310, 4320, -14580, -15244, 4840, 25228, 4641, -30615, -11864, 29151, 15416, -21145, -14445, 9110, 9033, 3534, -800, -13805, -7130, 20112, 10915, -22460, -7552, 22316, -3488, -22045, 19678, 23611, -36365, -27598, 49053, 33075, -55388, -38270, 55569, 41395, -51461, -41291, 45535, 37966, -39891, -32714, 35932, 27670, -34095, -24736, 33363, 25027, -31519, -28717, 26735, 34760, -18792, -41095, 8605, 45695, 2602, -47557, -14374, 47276, 26738, -46448, -38837, 46014, 48816, -45383, -55098, 43669, 57012, -41054, -53615, 38438, 43566, -36467, -26887, 35065, 5960, -33755, 15679, 32025, -35103, -29234, 50468, 24786, -60618, -18544, 65217, 11466, -64601, -5733, 59518, 3957, -50833, -7911, 39131, 17502, -24460, -30507, 6819, 42957, 13062, -50394, -33264, 49901, 50942, -41616, -63007, 28684, 67218, -15721, -63241, 6808, 52918, -3745, -39541, 5379, 26664, -8302, -16934, 8731, 11459, -4383, -9380, -4839, 8355, 16982, -5945, -28574, 1087, 35903, 5404, -36684, -11436, 31032, 14652, -20964, -13489, 9461, 8014, 615, 83, -7233, -8459, 9720, 15259, -8914, -19415, 6655, 20450, -4843, -18404, 4699, 13599, -6397
1791219479.574, MrmFullScanInfo, 890, 107, 2088981, 0, 0, 0, 0, 10000, 39297, 32, 4, 2, 1, 480, 0, 0, 0, 0, 0, 0, -107, 313, 42, -1123, 352, 2061, -738, -2622, 615, 2612, -34, -2143, -487, 1392, 792, -650, -1084, 102, 1332, 405, -882, -1014, -770, 1557, 3137, -1697, -4801, 1328, 4739, -609, -3362, -17, 1910, 148, -1692, 440, 3506, -1633, -6431, 1393, 8389, 5479, -9326, -17926, 11016, 25476, -19774, -18287, 51176, -5249, -107221, 31146, 155522, -15965, -163543, -86838, 154840, 223425, -195791, -257034, 289101, 139841, -363386, 24462, 368595, -122886, -326008, 148913, 302319, -133803, -334013, 83547, 376696, 3010, -344024, -99395, 206874, 153721, -25838, -138021, -120363, 78375, 187729, -22223, -170396, 5225, 97439, -33475, -28018, 77230, 21158, -101208, -79100, 98851, 142571, -88723, -158508, 86381, 144312, -98578, -140161, 124976, 140122, -155485, -111285, 169454, 56505, -149832, -19265, 101142, 23055, -46986, -50066, 8890, 74352, 7662, -89213, -9155, 101161, 8885, -109807, -20557, 106488, 44081, -88769, -61572, 65880, 55565, -51851, -29886, 55145, 6703, -71233, -6448, 85056, 32591, -82456, -72402, 59000, 107929, -20051, -125331, -23744, 118594, 60626, -89728, -79562, 47897, 72810, -7433, -41459, -17205, -1627, 18863, 37057, -1936, -49722, -20045, 37411, 32261, -11158, -27107, -12392, 8098, 20924, 13303, -12020, -25191, -7524, 21070, 26956, -2120, -36937, -24295, 32300, 48654, -13177, -63073, -14248, 63524, 38968, -50744, -49990, 30050, 42358, -9217, -20123, -4656, -5459, 8024, 21737, -2079, -21272, -8216, 5303, 16385, 17790, -17245, -37540, 9255, 46345, 4888, -41851, -19417, 26939, 28282, -7864, -28363, -8406, 21172, 17149, -11762, -17796, 5612, 13685, -5639, -9927, 10898, 10657, -17589, -16973, 21551, 26655, -20163, -35437, 13133, 39114, -2206, -35291, -9667, 24300, 19458, -9074, -24985, -6099, 25488, 17351, -21708, -22878, 15641, 23441, -9711, -21371, 5750, 18923, -4095, -17102, 3589, 15562, -2603, -13014, 184, 8183, 3476, -1088, -7207, -6574, 9474, 12441, -9299, -14825, 6898, 13236, -3518, -8340, 626, 1638, 943, 5011, -1335, -9943, 1163, 12238, -1010, -11974, 1225, 9900, -1867, -6765, 2692, 3072, -3299, 1017, 3527, -5480, -3533, 10168, 3686, -14606, -4335, 18007, 5657, -19473, -7507, 18117, 9307, -13378, -10211, 5424, 9612, 4540, -7537, -14287, 4762, 21424, -2414, -24625, 1516, 24534, -2670, -23320, 5806, 23338, -10096, -25697, 13825, 29573, -14865, -32629, 11511, 32293, -3317, -27164, -8288, 17984, 20247, -7189, -28941, -2175, 31937, 7558, -29071, -7580, 22452, 2336, -15260, 6482, 10157, -15771, -8247, 21716, 9072, -21247, -10970, 13514, 11867, -252, -10414, -14893, 6643, 28050, -1791, -36830, -2467, 40940, 4835, -41738, -4853, 41200, 3013, -40885, -493, 41225, -1203, -41516, 934, 40377, 1649, -36406, -6063, 29038, 11149, -19111, -15502, 8536, 18071, 591, -18585, -7007, 17644, 10628, -16470, -12097, 16354, 12287, -18067, -11895, 21697, 11125, -26738, -9154, 32166, 4333, -36582, 4309, 38613, -16164, -37455, 29713, 33080, -43423, -25992, 55570, 17239, -63856, -8329, 66221, 989, -61588, 3265, 50171, -3728, -33481, 715, 13979, 4647, 5621, -10852, -22933, 16151, 36275, -18808, -44717, 17973, 48036, -14302, -46411, 9644, 40299, -5855, -30635, 3863, 18963, -3352, -7179, 3124, -2945, -1833, 10211, -1253, -14043, 5884, 14616, -11095, -12746, 15627, 9571, -18210, -6162, 18020, 3371, -15130, -1787, 10608, 1419, -5832, -1542, 1854, 1107, 877, 656, -2293, -3876, 2521, 8084, -1772, -12389, 279, 15714, 1649, -17048, -3468, 15524, 4579
1791219479.574, MrmDetectionListInfo, 890, 223, 50, 8010, 51, 11004, 52, 14656, 53, 18106, 54, 20857, 55, 23440, 56, 27361, 57, 34535, 58, 46929, 59, 64809, 60, 65535, 61, 65535, 62, 65535, 63, 65535, 64, 65535, 65, 65535, 66, 65535, 67, 65535, 68, 65535, 69, 65535, 70, 65535, 71, 65535, 72, 65535, 73, 65535, 74, 65535, 75, 65535, 76, 65535, 77, 65535, 78, 65535, 79, 65535, 80, 65535, 81, 65535, 82, 65535, 83, 65535, 84, 65535, 85, 65535, 86, 65535, 87, 65535, 88, 65535, 89, 65535, 90, 65535, 91, 65535, 92, 65535, 93, 65535, 94, 62104, 95, 53240, 96, 47216, 97, 43712, 98, 47093, 99, 59462, 100, 65535, 101, 65535, 102, 65535, 103, 65535, 104, 65535, 105, 65535, 106, 65535, 107, 65535, 108, 65535, 109, 65535, 110, 65535, 111, 65535, 112, 65535, 113, 65535, 114, 65535, 115, 65535, 116, 65535, 117, 65535, 118, 54561, 119, 44978, 120, 39320, 127, 56235, 128, 58531, 129, 62020, 130, 65535, 131, 65535, 132, 65535, 133, 65535, 134, 65535, 143, 53218, 144, 61739, 145, 65535, 146, 65535, 147, 65535, 148, 65535, 149, 65535, 150, 65535, 151, 65535, 152, 65535, 153, 65535, 154, 65535, 155, 65535, 156, 59354, 157, 44682, 164, 27866, 165, 31020, 166, 31985, 167, 31101, 182, 29829, 183, 35463, 184, 37878, 185, 37226, 186, 36896, 187, 39626, 188, 44739, 189, 48916, 190, 49036, 191, 44432, 192, 36632, 193, 27526, 199, 13149, 200, 14656, 206, 23874, 207, 26936, 208, 27158, 209, 26015, 210, 25297, 211, 25761, 212, 26495, 213, 25671, 230, 22430, 231, 24706, 232, 26041, 233, 26220, 234, 25091, 235, 22814, 236, 20322, 237, 18969, 245, 20881, 246, 21876, 248, 19114, 316, 13176, 317, 13320, 318, 13506, 319, 13907, 320, 14733, 321, 16036, 323, 19463, 324, 21138, 325, 22463, 326, 23162, 327, 22964, 328, 21665, 329, 19345, 330, 16766, 331, 15142, 332, 15068, 333, 15928, 334, 16611, 335, 16634, 336, 16454, 337, 16826, 338, 17930, 339, 18955, 340, 18647, 341, 16463, 342, 13112, 349, 15266, 350, 15651, 351, 15327, 352, 14067, 361, 19102, 362, 20784, 363, 22733, 364, 23784, 365, 23669, 366, 22975, 367, 22303, 368, 21772, 369, 21257, 371, 20782, 372, 21094, 373, 21357, 374, 21184, 375, 20627, 376, 20040, 377, 19644, 378, 19280, 379, 18589, 380, 17385, 381, 15782, 382, 14010, 383, 12244, 384, 10700, 385, 9917, 386, 10523, 390, 14220, 393, 14843, 394, 15461, 395, 16068, 396, 16843, 398, 18789, 399, 19464, 400, 19722, 401, 19819, 402, 20331, 403, 21838, 404, 24543, 405, 27980, 406, 31242, 407, 33725, 408, 35506, 409, 36940, 410, 38116, 411, 38799, 412, 38757, 413, 37965, 414, 36532, 415, 34606, 416, 32491, 417, 30548, 418, 28634, 419, 25956, 427, 19197, 428, 25097, 429, 28898, 430, 30786, 431, 31772, 432, 32310, 433, 32084, 434, 30760, 435, 28508, 436, 25781
1791219479.699, MrmFullScanInfo, 891, 107, 2089106, 0, 0, 0, 0, 10000, 39297, 32, 1, 2, 1, 480, -423542, 489653, 420834, -479559, -453986, 446523, 506435, -366289, -520100, 110381, 520111, 337244, -494120, -498522, 366134, 517833, -109206, -519973, -178339, 519302, 323159, -511636, -476150, 482682, 520183, 512796, -154994, -519982, -418078, 494874, 364927, -499758, -438483, 505442, 281773, -517950, -283525, 517954, 211560, -517838, -288173, 516767, 428615, -507236, -515437, 377688, 520192, 69132, -520042, -473465, 468598, 518850, -240719, -519958, -133678, 519627, 451785, -507916, -519769, 203547, 520188, 470710, -469948, -519707, -172923, 519598, 505075, -473399, -520186, 107957, 520192, 437823, -479066, -515462, -54390, 518863, 481416, -500940, -520070, 238758, 520192, 298485, -514613, -517917, 189124, 520134, 446952, -449638, -520164, -57018, 520160, 444930, -502648, -517983, 311667, 520189, 247560, -517513, -496749, 416914, 519272, -101484, -520082, -237752, 452056, 345081, -50669, -188357, -164883, -85556, 178813, 349651, -11065, -449164, -304051, 340312, 492459, -107248, -518213, -198836, 456705, 439915, -206028, -484775, -76954, 406846, 273665, -191308, -318392, -41883, 169680, 176754, 20078, -143775, -129839, 15615, 136386, 106472, -34837, -157442, -112537, 126368, 209900, -25921, -217867, -102152, 160496, 191086, -43993, -197623, -87595, 128755, 164422, -11423, -148027, -101928, 67596, 151859, 27165, -112473, -92509, 31996, 80102, 38021, -1510, -69095, -82651, 45388, 125098, 24251, -113946, -95260, 56449, 135106, 36709, -135375, -89205, 90364, 144222, -19151, -160196, -53478, 134887, 89953, -77486, -85738, 18536, 52509, 9745, -6182, -4923, -27028, -25624, 28547, 52628, 3275, -62661, -42193, 41453, 77067, -372, -98295, -41271, 92402, 73571, -64442, -93909, 30650, 91552, -951, -69503, -21039, 43507, 29144, -25350, -25926, 17798, 23743, -18503, -28519, 25437, 35876, -23741, -43511, 10885, 51038, 4086, -50072, -18513, 37149, 34982, -22439, -41730, 8915, 38216, 7046, -25303, -16915, 10900, 17794, 6939, -14218, -15459, 6054, 15696, 1763, -6371, -4064, 1065, 1229, 5166, 7539, -7525, -13418, 5842, 16542, 2126, -13852, -4655, 5479, 7946, 8463, -8144, -19564, 534, 29914, 11275, -35872, -21198, 34692, 27266, -26268, -22525, 16088, 24774, -5885, -23741, 792, 20005, 2507, -18913, -3967, 15610, 4679, -13823, -6347, 14057, 8799, -14236, -11378, 11589, 13975, -6712, -15570, 2144, 13278, 925, -8801, -2015, 3945, 2614, 2991, 1938, -8040, -3141, 12433, 6197, -18583, -9289, 25972, 12979, -30894, -17022, 32343, 24238, -29553, -32815, 24825, 38704, -12507, -39986, -1019, 32775, 17884, -16303, -30535, -4201, 38856, 23249, -36460, -34792, 24469, 36286, -7857, -32239, -6482, 17221, 18398, -1515, -22825, -10271, 22846, 15615, -21683, -10238, 25514, -2522, -33256, 16861, 45239, -30622, -62861, 31369, 73923, -28484, -79843, 18864, 76900, -7784, -64690, -1235, 45883, 7578, -25693, -8635, 6444, 9858, 4183, -11886, -8211, 14742, 7140, -16329, -4059, 17782, 471, -19020, 3375, 19110, -8443, -17989, 15959, 19716, -25673, -30608, 38585, 33933, -45303, -38008, 45709, 40698, -41488, -40799, 35080, 34840, -28500, -22927, 23597, 6835, -19153, 8892, 9732, -29365, -2405, 49760, -7123, -70065, 18906, 88908, -29478, -102984, 32491, 108628, -25434, -103582, 6495, 89085, 19840, -62469, -46574, 28010, 64344, 8401, -68018, -38858, 58377, 57495, -41264, -64310, 25234, 58960, -14964, -48883, 12927, 41172, -22213, -40267, 33531, 46771, -38634, -56429, 32909, 64314, -14993, -65828, -10184, 58899, 36551, -39599, -62959, 11460, 66111, 17573, -56923, -39948, 35707, 50776, -11847, -49609, -7883, 37066, 17440, -19181, -18028, 7335, 11887, 7355, -305, -15908, -8165, 17622, 12272, -14228, -9020, 8475, 941, -1002, 9684, -6096, -20615
1791219479.699, MrmFullScanInfo, 891, 107, 2089106, 0, 0, 0, 0, 10000, 39297, 32, 2, 2, 1, 480, 0, 0, 0, 0, 0, 0, 168889, -228468, -313483, 479030, 363342, -534979, -381595, 347581, 435750, -30181, -506719, -257066, 504330, 433506, -368127, -523684, 131913, 580562, 111369, -567307, -279887, 391246, 325030, -46165, -239906, -339153, 69351, 612589, 95995, -725377, -183860, 713076, 187564, -643390, -145307, 575240, 113923, -542363, -132574, 545694, 202267, -535489, -296836, 428093, 399720, -192770, -495737, -96585, 529133, 333936, -424940, -485080, 179856, 566071, 111701, -539707, -348588, 348670, 469850, -26052, -429592, -308351, 221746, 534645, 69502, -564770, -329030, 370608, 483096, -35499, -473988, -299452, 281199, 530512, 16711, -590294, -293427, 439813, 473171, -129492, -506133, -209125, 354568, 439918, -57916, -472304, -267882, 294844, 514215, -2216, -601177, -272405, 476099, 465325, -179290, -565150, -152474, 541899, 395146, -374347, -501194, 122045, 462106, 90640, -293408, -161406, 65300, 70417, 105835, 119224, -129323, -301985, -1993, 380617, 213769, -307009, -399899, 104689, 475007, 143985, -403392, -340466, 213016, 414348, 11868, -348128, -173914, 182704, 215831, -1674, -147213, -110909, 30397, 116445, 59774, -37490, -74982, -64921, 14627, 128056, 81069, -116950, -159282, 38410, 181305, 65849, -135837, -143764, 42296, 159244, 57170, -107148, -119243, 14792, 121804, 71641, -73496, -112458, 7929, 95302, 34866, -37903, -32038, -24235, -9645, 56101, 62116, -40653, -94195, -13555, 88174, 78921, -45400, -123977, -19135, 128591, 85560, -92927, -134163, 35269, 149062, 19542, -126454, -52135, 79019, 55162, -30212, -33929, 1026, 3614, 726, 17564, 17550, -17237, -39049, -5891, 47693, 42732, -36409, -78303, 8528, 98340, 26515, -96073, -57557, 74402, 75248, -42389, -75908, 10509, 63308, 13013, -45824, -25050, 31697, 28115, -25284, -27571, 25322, 28245, -26456, -32477, 23536, 39060, -14518, -43976, 367, 43584, 15660, -36874, -28633, 24985, 34196, -10277, -30813, -3887, 20175, 14016, -6350, -17914, -5536, 15538, 11615, -9118, -11098, 2613, 5867, 345, 1151, 1377, -6953, -6046, 9198, 10457, -7219, -11460, 2098, 7260, 3950, 1799, -8132, -13722, 8049, 25873, -3301, -35322, -3891, 39210, 10672, -36111, -15756, 27493, 19308, -17112, -21471, 8513, 21832, -3154, -20369, 455, 17914, 1025, -15767, -2449, 14789, 4293, -14545, -6605, 13771, 9149, -11601, -11168, 8221, 11587, -4430, -9631, 1202, 5314, 753, 639, -1273, -7243, 687, 13913, 507, -20612, -1979, 27144, 3860, -32594, -7007, 35891, 12340, -36227, -19658, 32906, 27143, -25127, -31896, 12549, 31175, 3903, -23801, -21501, 11064, 35824, 3723, -42242, -16857, 38373, 25406, -25566, -27548, 8088, 23063, 9030, -13867, -21852, 3876, 28831, 2327, -31072, -1241, 31283, -7988, -32504, 22777, 36900, -38137, -44798, 48936, 54342, -51974, -62148, 46926, 64774, -35734, -60088, 21641, 48228, -7870, -31768, -3453, 14989, 11614, -2235, -16719, -4033, 19103, 4201, -19349, -566, 18364, -4448, -16947, 9628, 15490, -15135, -14622, 22133, 15099, -31555, -16802, 42377, 18794, -51430, -20552, 55618, 22132, -54048, -22747, 47946, 20499, -39207, -13725, 28989, 2276, -17443, 12597, 4382, -29211, 10203, 46126, -26005, -62021, 41966, 75509, -55375, -85129, 61961, 89744, -57516, -88677, 40234, 81401, -12250, -67336, -20427, 46504, 49809, -20613, -68821, -6640, 74115, 30380, -67191, -46192, 53300, 52039, -39197, -49330, 30759, 42300, -30659, -35952, 36956, 34016, -43861, -37678, 44741, 45383, -35372, -53353, 15390, 56792, 11461, -51687, -38180, 36610, 56943, -13713, -62530, -11656, 54593, 32801, -37145, -44160, 16556, 43686, 1025, -33322, -11466, 17377, 13685, -511, -9659, -13147, 3233, 20510, 1752, -20423, -2897, 13868, -266
1791219479.699, MrmFullScanInfo, 891, 107, 2089106, 0, 0, 0, 0, 10000, 39297, 32, 4, 2, 1, 480, 0, 0, 0, 0, 0, 0, -12, 256, -292, -271, 644, -407, -475, 1615, -432, -2390, 1475, 1961, -1792, -821, 1112, 32, -3, 107, -730, -87, 371, 444, 1203, -1192, -2896, 1822, 3380, -1735, -2480, 923, 1032, 39, 245, -639, -940, 761, 939, -512, -570, -558, 491, 3000, -1127, -5099, 2512, 4221, -6725, 316, 18498, -7520, -32417, 11846, 33748, -11911, -17156, 39016, -18690, -108216, 77921, 171928, -132556, -185494, 130800, 179471, -68760, -190514, -4226, 185211, 37325, -124566, -8161, 18522, -58677, 94235, 100299, -175758, -80944, 195930, 34955, -154224, -793, 82433, -21453, -33733, 42048, 39098, -59235, -73321, 73703, 83916, -92749, -49777, 103474, 6741, -86694, 307, 45750, 29711, 1657, -56384, -59779, 57898, 141488, -53478, -226567, 61142, 273259, -70937, -261451, 66674, 203047, -49351, -125027, 31518, 56495, -22926, -19839, 23561, 20443, -25962, -44076, 22570, 68415, -8597, -77833, -17527, 68405, 52504, -43833, -88181, 9991, 113731, 26048, -119770, -55017, 102903, 68263, -68462, -62355, 28614, 41619, 3944, -16034, -22089, -4345, 26063, 13779, -20859, -11666, 12812, 1114, -7761, 12820, 10053, -24156, -21393, 27273, 39748, -18873, -59376, -115, 72830, 24501, -74178, -47143, 61445, 61989, -37076, -65725, 6448, 58402, 24085, -42541, -48487, 21320, 62250, 2265, -63842, -24626, 55168, 41224, -40554, -48764, 25079, 47248, -12705, -40172, 5158, 32389, -1647, -27447, -328, 26471, 3530, -28629, -9605, 32077, 18622, -34499, -29341, 33691, 39614, -28332, -46938, 18622, 49209, -6269, -45491, -6198, 36472, 16654, -24140, -24115, 11164, 28654, -165, -30533, -7025, 29899, 9891, -26995, -9287, 22388, 6789, -17023, -3874, 12289, 1494, -9844, 55, 10913, -811, -15417, 629, 21886, 1122, -28030, -5212, 31612, 11754, -31175, -19555, 26508, 26258, -18630, -29402, 9461, 27766, -1197, -21909, -4519, 14003, 7219, -6929, -7498, 3048, 6465, -3121, -5417, 6153, 5594, -10164, -7622, 13160, 10968, -13769, -14213, 11598, 16063, -7243, -16108, 2192, 14788, 1768, -12763, -3565, 10524, 3503, -8476, -2905, 6911, 3131, -5723, -4917, 4556, 8035, -3088, -11236, 1209, 12839, 982, -11719, -3096, 7950, 4602, -2475, -5157, -3418, 4908, 8441, -4369, -11864, 4188, 13992, -4821, -15862, 6099, 18263, -7078, -21125, 6287, 23756, -2615, -25058, -3820, 23912, 11488, -19450, -17978, 11564, 20958, -1249, -19014, -9526, 12342, 18211, -2922, -22500, -6409, 21340, 13228, -15658, -16103, 7941, 14814, -961, -10313, -3330, 4575, 4561, 199, -3986, -2300, 3463, 1038, -4458, 2896, 7744, -7772, -13126, 11435, 19261, -12027, -23914, 8790, 24926, -2216, -21091, -6201, 12634, 14719, -1158, -22329, -10761, 28886, 20383, -33942, -26247, 36191, 28985, -34658, -30115, 29685, 30423, -22207, -29439, 13025, 26087, -2740, -19594, -7927, 10204, 17938, 627, -25951, -10708, 30595, 17970, -31079, -21180, 27635, 20215, -21543, -15657, 14941, 8058, -10150, 2378, 8854, -15377, -11658, 30088, 18243, -45116, -27480, 58565, 37453, -67906, -45889, 70422, 50938, -64265, -51642, 49604, 47957, -29019, -40497, 6958, 30382, 11896, -19298, -24373, 9340, 29846, -2505, -29997, -108, 27647, -974, -25569, 3589, 25771, -4772, -28852, 2171, 33504, 4989, -36923, -15654, 36179, 27382, -29622, -37278, 17458, 42728, -1898, -41796, -13265, 33633, 23933, -19086, -27470, 1024, 23913, 16348, -15653, -28822, 6215, 33850, 1243, -31256, -4814, 22790, 4234, -11300, -678, 142, -3902, 7628, 7613, -10338, -9164, 8208, 8050
1791219479.699, MrmDetectionListInfo, 891, 214, 57, 11679, 58, 17329, 59, 22217, 60, 24181, 61, 22870, 62, 20587, 63, 21790, 64, 31298, 65, 52136, 66, 65535, 67, 65535, 68, 65535, 69, 65535, 70, 65535, 71, 65535, 72, 65535, 73, 65535, 74, 65535, 75, 65535, 76, 65535, 77, 65535, 78, 65535, 79, 45088, 80, 27765, 81, 43334, 82, 65535, 83, 65535, 84, 65535, 85, 65535, 86, 65535, 87, 65535, 88, 65535, 89, 57860, 90, 40668, 91, 32256, 92, 32984, 93, 39355, 94, 48662, 95, 59965, 96, 65535, 97, 65535, 98, 65535, 99, 65535, 100, 65535, 101, 61527, 102, 49795, 103, 39485, 104, 31894, 105, 27263, 107, 28926, 108, 41259, 109, 62470, 110, 65535, 111, 65535, 112, 65535, 113, 65535, 114, 65535, 115, 65535, 116, 65535, 117, 65535, 118, 65535, 119, 65535, 120, 65535, 121, 65535, 137, 58241, 138, 58452, 139, 59102, 140, 63807, 141, 65535, 142, 65535, 143, 65535, 144, 65535, 145, 65535, 146, 63874, 147, 51044, 164, 25904, 165, 29407, 166, 32574, 167, 34723, 168, 35455, 169, 36568, 170, 41151, 171, 49404, 172, 57245, 173, 60464, 174, 58648, 175, 54105, 176, 48440, 177, 41862, 178, 35759, 179, 33320, 180, 35749, 181, 39928, 182, 41576, 183, 39436, 184, 35751, 185, 34068, 186, 36562, 187, 41863, 188, 45934, 189, 46010, 190, 42860, 191, 38899, 192, 35322, 193, 31687, 194, 27470, 195, 23074, 197, 16729, 198, 15012, 199, 13928, 200, 13542, 204, 20992, 205, 23940, 206, 27010, 207, 30045, 208, 32731, 209, 34737, 210, 35843, 211, 35942, 212, 34974, 213, 32918, 214, 29946, 215, 26733, 217, 23251, 231, 14428, 248, 22439, 249, 23772, 250, 24586, 251, 24803, 252, 24305, 253, 23032, 254, 21033, 272, 11581, 273, 12669, 316, 12733, 317, 13563, 318, 14175, 319, 14401, 320, 14197, 321, 13830, 325, 16881, 326, 17351, 327, 16760, 328, 15190, 331, 10932, 333, 13436, 338, 15806, 339, 16428, 340, 15397, 341, 13333, 342, 11006, 361, 17091, 362, 17321, 363, 16543, 364, 14832, 365, 12839, 373, 23831, 374, 27821, 375, 29937, 376, 31081, 377, 31978, 378, 32490, 379, 32190, 380, 31050, 381, 29411, 382, 27526, 383, 25343, 384, 22678, 385, 19448, 386, 15864, 393, 15390, 394, 19650, 395, 23816, 396, 25953, 397, 25928, 398, 24885, 399, 23583, 400, 21839, 401, 19256, 402, 15935, 410, 24720, 411, 30003, 412, 35528, 413, 41480, 414, 47309, 415, 52301, 416, 56092, 417, 58611, 418, 59768, 419, 59353, 420, 57210, 421, 53387, 422, 48112, 423, 41686, 424, 34423, 425, 26911, 426, 20565, 427, 17183, 428, 17149, 431, 18923, 433, 15856, 441, 16081, 442, 16605, 443, 17256, 444, 18597, 445, 20943, 446, 24041, 447, 27180, 448, 29606, 449, 30916, 450, 31092, 451, 30217, 452, 28278, 453, 25502
1791219479.824, MrmFullScanInfo, 892, 107, 2089231, 0, 0, 0, 0, 10000, 39297, 32, 1, 2, 1, 480, -423176, 490694, 421096, -478219, -453882, 443158, 505126, -368015, -520133, 104017, 520074, 338568, -496032, -500305, 369232, 518386, -107135, -520192, -179270, 519445, 329073, -511702, -473031, 481291, 520173, 514433, -145599, -520056, -418883, 496151, 366418, -501624, -441045, 503161, 281489, -517838, -282003, 518095, 210625, -516787, -291809, 515471, 430901, -508146, -516767, 383636, 520192, 98403, -519988, -487527, 453181, 518678, -221675, -520032, -79987, 519948, 284702, -519088, -386174, 514778, 385446, -514513, 15915, 337259, -512183, -154053, 518231, 240764, -517101, -361911, 505949, 491304, -381296, -513160, -144656, 516374, 518549, -368652, -520192, -206046, 519794, 484194, -478746, -515792, 340833, 519207, -138194, -520087, -235511, 386750, 499577, 426647, -429990, -520183, 34453, 519918, 444905, -496685, -508504, 364596, 516635, -159158, -517507, -150658, 156293, 330908, 322255, -255837, -509462, 45217, 512119, 198894, -371213, -292673, 66936, 210974, 169608, -60862, -292813, -171418, 245765, 361530, -75491, -389366, -81059, 320288, 185583, -192395, -203474, 45732, 65446, 43325, 72639, -21314, -139301, -51704, 139432, 115557, -59039, -119862, -57480, 65381, 116385, 25864, -102101, -118288, 50510, 167348, 35652, -145418, -115178, 76891, 137507, 4869, -95003, -70864, 24625, 89901, 40489, -47719, -68341, -11266, 34016, 46540, 43648, -46161, -113317, 5627, 133354, 69206, -97968, -126184, 25293, 141282, 64710, -114283, -107924, 47246, 139167, 33199, -126062, -98091, 79517, 121148, -10948, -104114, -49657, 62532, 74842, -10334, -65112, -27987, 38363, 37462, 273, -16137, -23884, -13526, 16099, 38960, 12329, -50003, -41879, 37379, 64327, -4715, -72256, -25905, 60991, 48098, -26739, -59293, -7707, 55227, 32780, -41341, -45896, 29214, 46245, -23539, -37748, 22352, 32905, -23449, -37253, 27373, 41989, -22063, -44861, 8763, 49602, 5671, -46625, -18717, 34578, 30408, -16386, -35398, -370, 32635, 14618, -25817, -22207, 19490, 19623, -14997, -9071, 14028, 2897, -18822, 1223, 24326, -3158, -25493, -1403, 21600, 10831, -11987, -14770, -2387, 14910, 18236, -9472, -28663, -1179, 35710, 15355, -37810, -26210, 34283, 31358, -25989, -23032, 17433, 23258, -12364, -21024, 8932, 19416, -5592, -18921, 4690, 18333, -2465, -18656, -1417, 20563, 5072, -22857, -7621, 18549, 10879, -13391, -11966, 8508, 10515, -2970, -6952, -1507, 2639, 3592, 2397, -4354, -7948, 4850, 11075, -1933, -15146, -3345, 21255, 9768, -24563, -17797, 25179, 27330, -23411, -36706, 19808, 41949, -12935, -41822, 3239, 31138, 8770, -13763, -19405, -7497, 24948, 23561, -22574, -32461, 12351, 32478, 1726, -23212, -15100, 8472, 24689, 8356, -29424, -21247, 28342, 26547, -27142, -22021, 28747, 10978, -34864, 2635, 45497, -12894, -58066, 15258, 65372, -14506, -68676, 12309, 64077, -9670, -49653, 13024, 31158, -18577, -11078, 26480, -4852, -32997, 14959, 28447, -16329, -25853, 14163, 23347, -8438, -18869, 3758, 13587, -520, -7154, -2670, 917, 6710, 6521, -11619, -19303, 17980, 28433, -21400, -34885, 22104, 36932, -19938, -32421, 17526, 21325, -14948, -3923, 13510, -18019, -10780, 36266, 2669, -58711, 9954, 80622, -26932, -102601, 44897, 122897, -58167, -135959, 58807, 136035, -41795, -121315, 10269, 96408, 32283, -56029, -72137, 9195, 98715, 38604, -103802, -73222, 92792, 91590, -70617, -92455, 47687, 78340, -31281, -60254, 22822, 47791, -26319, -45895, 32999, 53957, -33115, -67772, 22810, 78447, -1520, -79421, -25093, 69675, 49272, -47624, -70574, 17487, 68006, 10667, -51048, -27535, 23003, 30575, 5498, -20142, -25791, 1977, 34752, 18022, -31553, -22030, 18183, 32671, -481, -34152, -13011, 27789, 21032, -16910, -19595, 6149, 11050, 2740, 485, -8486, -10529
1791219479.824, MrmFullScanInfo, 892, 107, 2089231, 0, 0, 0, 0, 10000, 39297, 32, 2, 2, 1, 480, 0, 0, 0, 0, 0, 0, 168795, -227991, -313372, 477758, 363370, -532900, -382075, 345005, 437098, -27832, -508760, -258427, 506094, 433926, -368367, -523875, 130411, 581076, 113427, -567829, -280636, 390914, 323407, -44461, -236623, -341898, 66003, 615312, 98263, -727001, -184982, 713256, 187805, -642540, -145159, 574039, 114235, -541449, -133927, 545929, 204157, -535644, -298522, 424267, 401013, -182759, -495506, -109971, 528585, 344739, -438477, -486575, 231032, 568810, 7426, -623024, -157547, 635625, 124126, -553938, 87599, 359709, -353879, -135992, 537124, 16743, -598950, -58368, 559037, 208472, -408795, -381011, 151339, 483787, 145699, -428828, -398393, 202805, 565876, 91529, -627496, -324986, 554193, 449776, -338889, -451535, 29612, 310481, 265820, -50772, -406152, -240210, 312537, 472301, -50573, -596224, -225917, 575243, 394555, -400126, -401440, 120855, 245793, 158192, 12613, -320410, -267322, 305084, 418680, -149417, -415411, -41200, 266334, 161676, -38809, -156905, -168603, 36308, 276317, 137986, -258692, -284229, 147349, 342940, -10893, -300133, -79825, 185701, 88044, -57416, -27158, -27029, -54682, 41438, 106203, -2409, -98823, -47784, 39690, 68115, 35776, -39410, -87861, -27189, 93220, 98035, -51917, -137772, -14254, 128323, 71904, -75452, -94234, 4702, 75166, 50772, -30524, -67668, -11068, 44770, 23135, -1240, 2807, -34607, -51505, 39083, 94406, -5548, -106453, -51298, 79044, 103357, -21747, -124179, -45366, 102119, 101283, -45756, -129318, -21697, 120143, 75421, -77190, -99714, 17743, 91683, 34767, -59719, -62418, 19930, 59963, 10386, -35399, -20442, 5592, 9669, 12426, 13571, -10381, -35942, -8867, 45139, 35435, -36117, -57147, 12695, 63854, 16294, -52049, -41670, 26663, 56874, 2250, -60015, -25020, 54075, 36395, -44400, -37326, 35980, 33346, -31554, -30139, 30325, 30556, -28623, -34581, 23037, 39995, -12780, -42920, -705, 39881, 14835, -30133, -26473, 15940, 33063, -1359, -33898, -9135, 30183, 12612, -24335, -9360, 19284, 2382, -17163, 4590, 17885, -8323, -19275, 6889, 18626, -726, -13901, -7351, 4547, 13683, 8128, -15305, -21573, 11030, 33136, -2121, -40582, -7775, 42234, 14953, -37840, -18188, 29480, 18736, -20634, -18300, 13997, 17644, -10231, -17040, 8371, 16831, -6898, -17582, 4908, 19299, -2380, -20759, -469, 20379, 3473, -17539, -6079, 12795, 7398, -7158, -6806, 1693, 4242, 2794, -198, -5841, -4518, 7056, 9464, -6074, -14793, 2908, 20556, 2121, -26011, -8818, 30074, 16878, -31922, -25204, 30880, 31621, -26069, -33516, 16730, 29091, -3234, -18576, -11956, 4486, 24489, 9533, -29877, -20146, 25865, 25202, -13621, -23834, -2982, 16637, 19208, -5837, -31277, -4937, 37616, 11635, -39106, -11303, 38343, 3490, -38288, 9282, 40880, -22628, -46168, 32498, 52292, -36922, -56076, 36398, 54241, -32951, -44856, 28930, 28604, -26017, -8785, 24315, -9737, -22726, 22359, 20538, -26783, -18254, 24042, 16572, -17397, -15058, 10064, 12608, -3650, -8534, -1969, 2735, 7849, 4512, -14808, -12410, 22465, 19577, -29075, -24493, 32639, 25925, -32175, -22760, 27999, 14114, -21057, -132, 11979, -17586, -591, 36698, -13876, -55241, 32036, 72149, -53257, -86771, 74712, 98255, -90982, -105188, 95227, 106251, -81935, -100699, 50028, 88057, -4287, -67750, -45589, 40033, 88123, -7493, -114129, -24727, 119867, 50368, -107878, -64567, 85301, 66188, -61087, -58635, 43113, 48261, -35398, -41352, 36421, 41676, -39996, -49256, 38751, 60621, -27947, -70255, 7280, 72713, 18964, -64655, -43170, 46302, 57192, -21701, -56002, -2483, 40208, 19466, -15434, -24918, -10245, 19121, 29233, -6202, -36596, -8937, 31817, 22544, -18871, -31582, 3883, 33544, 7801, -27970, -13132, 16894, 11713
1791219479.824, MrmFullScanInfo, 892, 107, 2089231, 0, 0, 0, 0, 10000, 39297, 32, 4, 2, 1, 480, 0, 0, 0, 0, 0, 0, -101, 571, 5, -1333, 257, 1809, -626, -1771, 1141, 1218, -1441, -429, 1057, 2, 180, -145, -1449, 555, 1685, -575, -551, -103, -1067, 1138, 1885, -1914, -1660, 1951, 965, -1227, -496, 205, 213, 587, -96, -936, 432, 828, -1153, -86, 1571, 738, -1598, -4871, 1671, 10338, -1136, -12413, 3114, 8491, -18702, 775, 53654, -60, -100057, -64714, 173968, 235027, -302758, -451912, 444461, 597069, -493735, -614260, 403764, 527195, -233333, -376746, 53216, 211039, 98932, -81022, -188607, -16439, 197941, 111901, -153406, -185005, 106964, 182074, -109020, -97428, 172995, 3885, -249179, 31263, 266886, -6266, -218884, -25825, 157844, 24202, -114785, -717, 78193, -23540, -35486, 41863, -19917, -48966, 96576, 24456, -181120, 44664, 234217, -135205, -236219, 208174, 215501, -243526, -209194, 241513, 221922, -206026, -233416, 140624, 226398, -59142, -192965, -15934, 128651, 65223, -38511, -75294, -55154, 40790, 123181, 26480, -145528, -96355, 120773, 136202, -67260, -128582, 14176, 78434, 14067, -8215, -8434, -53835, -23515, 85902, 63421, -80718, -90904, 46965, 91695, -4196, -62945, -26043, 14956, 29670, 32773, -6467, -60539, -30649, 58045, 63356, -29047, -77189, -11549, 67428, 46110, -39487, -62617, 4996, 58272, 23744, -38505, -38123, 13148, 35427, 8122, -18958, -18816, -3880, 16706, 24803, -3735, -37970, -14789, 41860, 32414, -38567, -44339, 31490, 49519, -23395, -49777, 15596, 46950, -7901, -41448, -593, 33390, 10340, -23847, -20744, 14332, 30555, -5865, -38359, -1444, 43035, 8357, -44180, -15856, 42308, 24298, -38637, -33092, 34432, 41014, -30257, -46952, 25717, 50360, -19949, -51201, 12590, 49648, -4047, -45848, -4828, 39920, 13112, -31945, -20049, 22116, 25087, -10993, -27724, -337, 27521, 10238, -24375, -16970, 18942, 19527, -12778, -18007, 7772, 13400, -5185, -7327, 5029, 1747, -6264, 1679, 7392, -2145, -7082, -53, 4708, 3598, -477, -6442, -4643, 6774, 9309, -4019, -12229, -861, 12679, 6064, -10864, -9703, 7808, 10524, -4851, -8505, 3119, 4947, -3001, -1638, 4087, -128, -5510, -31, 6432, 1722, -6290, -4192, 5065, 6504, -3264, -7782, 1588, 7654, -570, -6336, 414, 4259, -904, -1751, 1570, -1012, -2057, 3975, 2150, -6933, -1740, 9250, 1032, -10071, -540, 8939, 745, -6006, -1738, 1930, 3236, 2324, -4848, -5724, 6296, 7363, -7321, -6740, 7597, 4084, -6995, -374, 5927, -3092, -5122, 5337, 5103, -5809, -5991, 4526, 7586, -2004, -9424, -995, 10903, 3885, -11569, -6355, 11308, 8311, -10349, -9808, 9204, 11029, -8243, -12080, 7495, 12857, -6653, -12936, 5314, 11726, -2926, -8730, -1120, 3786, 7100, 2694, -14443, -9817, 21906, 16037, -28030, -19744, 31593, 20638, -32222, -20111, 30749, 19809, -28614, -19982, 26818, 19827, -25509, -18583, 24298, 16454, -23032, -14180, 21985, 12090, -21143, -10163, 19955, 8897, -18099, -9264, 16097, 11600, -14834, -15277, 14965, 19285, -16752, -22860, 20439, 25705, -26539, -27903, 35381, 29822, -46151, -31819, 56398, 33771, -62467, -34844, 60764, 34051, -49267, -30798, 28762, 24976, -2905, -16722, -22849, 6645, 43202, 3759, -54875, -12232, 57325, 16594, -52286, -15967, 42722, 11491, -31867, -6025, 22486, 2819, -16152, -3997, 12778, 9807, -10861, -18576, 8510, 27344, -4551, -33150, -881, 34278, 6387, -30676, -9857, 23775, 9336, -15950, -3934, 9772, -5415, -7037, 16160, 8138, -25156, -11644, 29620, 15330, -27921, -17855, 20513, 19017, -9929, -18615, -676, 16060, 8996, -11433, -13863, 5954, 15185
1791219479.824, MrmDetectionListInfo, 892, 210, 59, 13488, 60, 20095, 61, 30331, 62, 46548, 63, 65535, 64, 65535, 65, 65535, 66, 65535, 67, 65535, 68, 65535, 69, 65535, 70, 65535, 71, 65535, 72, 65535, 73, 65535, 74, 65535, 75, 65535, 76, 65535, 77, 65535, 78, 65535, 79, 65535, 80, 65535, 81, 65535, 82, 65535, 83, 65535, 84, 65535, 85, 65535, 86, 65535, 87, 65535, 88, 65535, 89, 65535, 90, 65535, 91, 65535, 92, 65535, 93, 65535, 94, 65535, 95, 65535, 96, 65535, 97, 65535, 98, 65535, 99, 65535, 100, 65535, 101, 62296, 102, 46455, 103, 37404, 104, 35879, 105, 36293, 107, 38145, 108, 50037, 109, 65535, 110, 65535, 111, 65535, 112, 65535, 113, 65535, 114, 65535, 115, 65535, 116, 65535, 117, 65535, 118, 65535, 119, 65535, 120, 65535, 121, 65535, 122, 65535, 123, 65535, 124, 65535, 125, 65535, 126, 65535, 127, 65535, 128, 65535, 129, 65535, 130, 65535, 134, 65535, 135, 65535, 136, 65535, 137, 65535, 138, 65535, 139, 65535, 140, 65535, 141, 65535, 142, 65535, 143, 54725, 150, 65535, 151, 65535, 152, 65535, 153, 65535, 154, 65535, 155, 55177, 162, 29956, 163, 38309, 164, 47861, 165, 54423, 166, 55248, 167, 51233, 168, 46024, 169, 43453, 170, 45094, 171, 48447, 172, 48394, 173, 42518, 174, 34653, 175, 31165, 176, 33302, 177, 35647, 178, 32911, 188, 24509, 189, 28749, 190, 33456, 191, 37611, 192, 39939, 193, 40217, 194, 39241, 195, 37807, 196, 36097, 197, 33941, 198, 31284, 199, 28273, 200, 25044, 201, 21774, 204, 18800, 207, 20265, 208, 20009, 211, 22120, 212, 23949, 213, 26430, 214, 28871, 215, 30608, 216, 31710, 217, 32714, 218, 33926, 219, 35190, 220, 36218, 221, 36911, 222, 37318, 223, 37444, 224, 37173, 225, 36379, 226, 35023, 227, 33147, 228, 30816, 229, 28175, 230, 25685, 231, 24042, 232, 23615, 233, 24061, 234, 24562, 235, 24409, 236, 23434, 237, 21918, 245, 20169, 371, 21646, 372, 23859, 373, 25365, 374, 26251, 375, 26545, 376, 26321, 377, 25770, 378, 25127, 379, 24550, 380, 24076, 381, 23661, 382, 23247, 383, 22778, 384, 22208, 385, 21505, 386, 20678, 389, 18045, 390, 17282, 391, 16570, 392, 15871, 393, 15165, 394, 14466, 395, 13835, 396, 13362, 398, 13218, 399, 13627, 400, 14346, 401, 15336, 402, 16551, 403, 17948, 404, 19502, 405, 21208, 406, 23091, 407, 25190, 408, 27551, 409, 30199, 410, 33126, 411, 36268, 412, 39498, 413, 42622, 414, 45384, 415, 47490, 416, 48636, 417, 48548, 418, 47019, 419, 43941, 420, 39317, 421, 33266, 422, 26013, 423, 18332, 424, 12560, 427, 22015, 428, 26264, 429, 28677, 430, 31195, 431, 34422, 432, 36757, 433, 36583, 434, 34072, 435, 30550, 436, 26920
1791219479.949, MrmFullScanInfo, 893, 107, 2089356, 0, 0, 0, 0, 10000, 39297, 32, 1, 2, 1, 480, -422898, 490114, 423955, -476906, -453460, 446403, 504965, -368362, -520040, 114955, 520187, 343485, -494128, -497276, 370960, 517906, -110871, -520186, -184493, 519550, 322576, -512457, -474166, 481099, 520192, 512577, -144914, -520109, -420697, 494643, 366133, -500702, -439661, 505171, 282687, -518483, -277663, 517846, 214480, -516918, -287329, 516915, 427148, -507943, -515696, 377667, 520192, 102607, -519910, -497421, 439106, 519747, -151511, -519957, -204403, 519701, 408993, -514369, -483189, 488880, 503829, -458761, -498418, 455887, 405630, -506228, -119753, 512018, -19331, -514500, 50464, 514492, 131362, -515819, -481711, 499492, 520086, -147292, -520192, -410898, 514163, 515290, -382441, -519797, 177320, 520091, 10678, -519696, -232090, 515385, 438829, -374230, -445171, -178046, 155026, 510905, 365408, -495113, -506375, 325382, 515673, -67796, -483141, -203154, 26313, 277673, 422803, -140031, -519888, -96755, 516070, 379104, -428905, -479114, 119950, 425160, 137363, -278992, -334443, 14304, 372709, 265949, -219156, -344302, 77409, 311055, 24647, -241775, -90429, 104374, 19947, -5662, 73214, 2246, -105492, -20718, 120581, 56045, -79890, -83553, -23642, 61323, 92850, 1294, -104384, -71657, 84757, 116944, -25719, -102754, -43492, 42395, 62766, 25585, -30824, -73537, -10519, 88367, 47760, -57706, -59655, 20805, 22049, -15497, 37811, 37534, -79228, -82454, 84156, 148954, -41591, -196490, -27330, 199121, 104618, -163084, -118847, 88781, 144551, -1424, -125248, -62747, 77276, 84560, -13757, -68451, -39136, 30199, 55905, 13279, -39507, -38834, 8162, 38475, 27320, -8638, -48778, -29093, 38540, 61593, -8620, -78403, -19990, 69688, 42727, -40043, -47673, 10669, 31179, 11531, 2258, -22246, -30219, 19869, 47320, -9945, -51039, 5581, 42665, -7971, -28781, 14081, 19699, -18134, -21102, 24376, 23379, -20407, -23849, 8850, 27102, 3904, -24832, -16443, 12424, 27345, 4577, -31939, -20606, 27742, 30034, -20579, -32051, 15041, 24301, -9350, -10483, 8794, 1779, -13262, 4162, 17029, -4670, -16516, -1812, 10554, 12199, -85, -18743, -12280, 22332, 25557, -22171, -32019, 16576, 34228, -4491, -31681, -4163, 25199, 10899, -16243, -11245, 7872, 14482, -4120, -16771, 2474, 16888, -1969, -18265, 4624, 18745, -5812, -20346, 4449, 24498, -1569, -29234, -96, 26212, 4605, -21598, -8034, 16046, 7579, -10394, -6152, 4665, 3826, -738, 2505, 407, -8698, 373, 12821, 1693, -17495, -4273, 22407, 8678, -24983, -14909, 26196, 22792, -24813, -32271, 22427, 40701, -14425, -41803, 4667, 32982, 8371, -17973, -19983, 1062, 28386, 14330, -27990, -21041, 18112, 19927, -4725, -11924, -7044, -1575, 17678, 16777, -21993, -27809, 22250, 31118, -21081, -25877, 21914, 13121, -25087, 1814, 31104, -17490, -40015, 24201, 48495, -27232, -52056, 27170, 50130, -27531, -42365, 31808, 29836, -35167, -16368, 41147, 4669, -45549, -1570, 40420, 3241, -36369, -8330, 30490, 15853, -23470, -21244, 14623, 24227, -5213, -23698, -2737, 23856, 12400, -24995, -29946, 27065, 39342, -24610, -44404, 21318, 44110, -16873, -39448, 12387, 26526, -8957, -7631, 6186, -14351, -1056, 35044, -9284, -61248, 22011, 89047, -38577, -118875, 54706, 148082, -63157, -167489, 60733, 171343, -39351, -155725, 5000, 123087, 39750, -72202, -80808, 12926, 105069, 42937, -109244, -87920, 92239, 110887, -67645, -111790, 42031, 95909, -26400, -73771, 20961, 54592, -28271, -47491, 38332, 51395, -41189, -62500, 29513, 71928, -6481, -73873, -23182, 65867, 53722, -43581, -79916, 12086, 79323, 16247, -61113, -30449, 31597, 30099, -660, -13623, -23444, -11304, 33242, 37292, -29531, -43533, 16079, 54696, 1886, -53761, -16476, 44521, 22410, -30067, -19595, 14721, 9414, -1172, 4592, -8168, -18215
1791219479.949, MrmFullScanInfo, 893, 107, 2089356, 0, 0, 0, 0, 10000, 39297, 32, 2, 2, 1, 480, 0, 0, 0, 0, 0, 0, 169101, -228345, -313727, 479258, 363161, -535727, -380932, 348155, 435392, -30034, -507662, -257436, 506185, 433411, -369277, -523522, 131583, 580874, 112250, -567816, -279622, 391180, 322657, -45046, -235855, -341141, 65209, 614683, 98787, -726788, -184804, 713491, 186944, -642884, -144013, 574232, 112896, -541498, -132093, 545390, 201969, -533688, -297089, 420341, 400457, -177108, -490471, -117438, 505342, 357027, -381987, -509002, 139463, 602069, 120238, -656975, -299965, 672218, 368278, -652111, -334263, 613214, 214039, -565808, -42352, 512434, -107793, -467130, 148184, 459213, -47185, -486380, -140118, 468046, 330754, -313052, -481271, 39162, 570768, 233941, -562962, -414222, 436695, 505339, -220273, -548536, -19678, 534575, 206001, -397452, -271170, 108236, 191839, 245815, -10899, -502219, -190222, 544442, 327478, -374256, -331435, 93858, 175564, 158115, 85429, -265924, -342387, 190234, 501232, 10635, -512307, -224037, 370519, 351361, -124352, -344197, -133188, 210712, 309813, -10395, -357641, -173679, 289639, 276884, -164722, -278595, 52650, 200429, 1503, -91017, 5724, 2600, -45387, 34638, 78861, -22463, -77535, -14131, 36240, 42411, 25494, -39001, -77844, 3329, 97717, 42878, -78215, -71194, 32020, 64564, 14896, -25581, -39548, -26365, 35154, 66324, -12382, -78783, -7989, 66215, 7085, -45055, 19559, 35226, -58201, -50573, 86261, 91587, -85644, -143394, 53380, 181777, -1019, -185108, -54618, 146473, 98758, -78578, -119374, 6528, 108190, 46258, -67987, -67742, 14946, 58833, 28776, -30090, -47000, -2536, 36662, 23410, -7385, -23452, -23973, 3220, 41898, 28127, -39753, -56668, 21293, 69869, 3321, -62778, -22208, 39583, 26527, -9890, -14822, -16151, -6595, 31709, 27861, -35643, -40703, 31899, 41694, -25915, -33431, 21713, 22455, -20821, -14610, 21875, 12210, -21451, -14537, 16674, 18922, -7144, -21343, -5574, 18287, 18856, -9149, -29449, -3380, 34702, 14858, -33846, -21015, 28165, 19855, -20354, -12674, 13639, 3103, -10193, 4802, 9757, -7800, -10116, 4396, 8845, 4328, -4443, -15189, -3093, 24492, 12210, -29114, -20602, 27359, 26427, -19831, -28711, 9451, 27094, 430, -22145, -8011, 15753, 13084, -10316, -16038, 7408, 17263, -7156, -17335, 8553, 17237, -10069, -18228, 10657, 20774, -10079, -23615, 8254, 24722, -5116, -23057, 1283, 18995, 1977, -13496, -3474, 7704, 2509, -2604, 927, -1178, -6029, 3352, 11712, -3780, -17280, 2422, 22395, 754, -26710, -5894, 29907, 13025, -31597, -21379, 31027, 28867, -26925, -32592, 18110, 30530, -4685, -22833, -10992, 11804, 24435, -683, -30812, -7711, 27621, 11647, -16084, -10407, 212, 4340, 15343, 4729, -26964, -13546, 33021, 18388, -34028, -16556, 31947, 7535, -29222, 6588, 28013, -21905, -29429, 34515, 32879, -42224, -36091, 45228, 36151, -45176, -30995, 43898, 20588, -42595, -7332, 41427, -4680, -39842, 11519, 37450, -11367, -34523, 5336, 31358, 3613, -27460, -12359, 22036, 18979, -14732, -23288, 5449, 26545, 5634, -30141, -17302, 34025, 27260, -36533, -33433, 35944, 34848, -31843, -30958, 24945, 21331, -16082, -6351, 5361, -12408, 7832, 33083, -24302, -54527, 44398, 76366, -67118, -97987, 89307, 117626, -105302, -132161, 108150, 138201, -92289, -133265, 56597, 116198, -6181, -87358, -48441, 49013, 94571, -5765, -122101, -35649, 127204, 67725, -113150, -84765, 88303, 85472, -62701, -73720, 44674, 56965, -37944, -43119, 40226, 37575, -44475, -41480, 42773, 51821, -30238, -62719, 6643, 67651, 23424, -62021, -51482, 45364, 68122, -21906, -67402, -936, 49732, 15602, -21232, -17419, -8968, 7040, 31975, 10403, -41904, -28804, 37951, 43600, -24446, -51670, 8313, 50892, 4281, -41291, -9898, 25406, 8117
1791219479.949, MrmFullScanInfo, 893, 107, 2089356, 0, 0, 0, 0, 10000, 39297, 32, 4, 2, 1, 480, 0, 0, 0, 0, 0, 0, 274, -154, -342, 1019, -148, -2128, 937, 2395, -1238, -1611, 430, 733, 641, -487, -931, 308, 621, 10, -485, -222, 790, 221, -1249, -88, 1666, -86, -1599, 230, 987, -317, -23, 312, -825, -73, 1186, -228, -1265, 332, 1501, -552, -1734, 1936, 1051, -5143, -277, 8905, 5314, -11924, -23794, 16025, 52429, -23133, -74450, 33700, 76548, -59268, -74791, 130363, 122415, -280367, -240748, 495289, 365682, -680092, -413416, 713478, 394207, -567573, -386969, 341587, 399102, -140499, -364555, -23494, 261720, 165126, -142843, -244417, 48013, 221963, 19423, -132771, -46304, 59770, 16598, -87459, 60233, 226008, -150722, -361458, 202669, 360315, -172484, -226664, 77081, 85187, 16416, -18821, -71713, 15707, 108359, -29160, -147741, 30463, 177762, -12221, -184842, -20191, 184449, 54144, -193679, -81275, 201975, 104964, -184205, -129755, 129627, 149248, -48417, -152891, -40007, 135389, 116943, -97074, -165273, 42078, 172650, 17644, -138873, -61906, 79302, 72789, -19455, -47435, -17215, 2386, 21444, 36721, -1822, -51100, -23357, 36826, 37703, -2827, -33412, -35786, 11837, 64659, 19362, -74376, -49035, 62515, 65792, -35085, -62486, 5406, 40134, 11468, -8066, -6177, -20176, -20276, 33610, 57189, -29076, -89991, 11592, 107667, 9530, -106732, -24571, 90210, 27585, -64543, -19190, 37755, 4816, -17510, 9795, 8075, -20942, -8495, 26203, 13975, -24573, -19008, 17122, 20050, -6785, -16620, -3037, 10506, 10254, -3944, -14772, -1558, 17863, 5274, -20865, -7049, 24593, 7296, -29481, -6749, 35568, 6179, -41799, -6311, 46050, 7615, -46513, -9701, 42786, 11377, -35811, -11640, 27216, 10634, -18642, -9467, 11165, 9279, -4989, -10418, -359, 12360, 5503, -14304, -10718, 15623, 15825, -15951, -20370, 15067, 23580, -12859, -24409, 9568, 22187, -5798, -17271, 2340, 11056, 154, -5170, -1554, 919, 2361, 852, -3360, 69, 5031, -3081, -7165, 7043, 8968, -10846, -9391, 13843, 7653, -15745, -3577, 16476, -2184, -16060, 8174, 14426, -12603, -11614, 14131, 8162, -12575, -5016, 8969, 2813, -4669, -1436, 561, 460, 3042, 574, -5973, -2047, 8127, 4043, -9483, -6167, 9960, 7814, -9444, -8636, 8025, 8612, -6005, -7790, 3823, 6300, -2052, -4353, 1189, 2227, -1236, -131, 1617, -1759, -1609, 3187, 963, -3902, -101, 3914, -278, -3362, -161, 2335, 1304, -1020, -2709, -252, 3846, 1492, -4348, -3088, 4157, 5310, -3527, -7984, 2849, 10620, -2325, -12636, 1873, 13603, -1335, -13464, 756, 12472, -261, -11033, -208, 9618, 1003, -8646, -2674, 8187, 5706, -7782, -9946, 6750, 14471, -4568, -18105, 1060, 20026, 3754, -19965, -9538, 18074, 15494, -14838, -20634, 10741, 24281, -6102, -26280, 1248, 26806, 3410, -26150, -7476, 24546, 10746, -22054, -12953, 18695, 13712, -14518, -12809, 9632, 10468, -4276, -7144, -931, 3231, 4994, 879, -7061, -4691, 6952, 7783, -5115, -10080, 2356, 11961, 535, -14029, -3135, 16795, 5717, -20492, -9108, 25039, 14192, -29840, -21255, 33745, 29499, -35246, -37048, 32999, 41575, -26268, -41158, 15302, 35030, -1683, -24060, -11907, 10360, 22459, 3609, -27937, -15493, 28059, 23296, -24103, -25866, 18264, 23425, -12716, -17415, 8897, 10026, -7133, -3567, 6749, -301, -6488, 1070, 5227, 687, -2419, -3621, -1857, 6150, 6909, -7126, -11267, 6491, 13134, -5311, -11373, 5194, 6126, -7382, 1268, 12128, -8734, -18339, 14066, 24113, -15782, -27808, 13784, 28701, -9333, -26834, 4348, 22567, -440, -16541, -1619, 9749, 1809
1791219479.949, MrmDetectionListInfo, 893, 156, 56, 14256, 57, 21045, 58, 29360, 59, 38267, 60, 46523, 61, 53154, 62, 58209, 63, 63444, 64, 65535, 65, 65535, 66, 65535, 67, 65535, 68, 65535, 69, 65535, 70, 65535, 71, 65535, 72, 65535, 73, 65535, 74, 65535, 75, 65535, 76, 65535, 77, 65535, 78, 65535, 79, 65535, 80, 65535, 81, 65535, 82, 65535, 83, 65535, 84, 65535, 85, 65535, 86, 65535, 87, 65535, 88, 65535, 89, 65535, 90, 65535, 91, 63194, 92, 50088, 93, 46105, 94, 65535, 95, 65535, 96, 65535, 97, 65535, 98, 65535, 99, 65535, 100, 65535, 101, 65535, 102, 65535, 103, 65535, 104, 48972, 105, 23220, 107, 40858, 108, 60703, 109, 65535, 110, 65535, 111, 65535, 112, 65535, 113, 65535, 114, 65535, 115, 65535, 116, 65535, 117, 65535, 118, 65535, 119, 65535, 120, 65535, 121, 65535, 122, 65535, 123, 65535, 124, 65535, 125, 65535, 126, 65535, 127, 65535, 128, 65535, 129, 65535, 130, 65535, 131, 65535, 132, 65535, 133, 65535, 134, 65535, 135, 65535, 136, 65535, 137, 65535, 138, 65535, 139, 65535, 140, 57518, 157, 48003, 158, 54073, 159, 59662, 160, 61468, 161, 57347, 162, 48336, 163, 37311, 164, 27145, 171, 38694, 172, 48532, 173, 54135, 174, 56366, 175, 57142, 176, 58081, 177, 59686, 178, 61252, 179, 61202, 180, 57925, 181, 51034, 182, 41703, 183, 31620, 192, 20122, 193, 20530, 195, 18055, 217, 26723, 218, 27384, 219, 27561, 220, 27228, 221, 26372, 224, 20893, 225, 18443, 362, 10989, 363, 12110, 364, 13557, 365, 14827, 367, 16208, 368, 16561, 375, 14166, 376, 14943, 377, 16001, 378, 16779, 379, 17076, 380, 17046, 381, 16866, 382, 16520, 383, 15876, 384, 14860, 385, 13511, 386, 11901, 410, 19006, 411, 21755, 412, 24654, 413, 27566, 414, 30374, 415, 32898, 416, 34891, 417, 36099, 418, 36319, 419, 35414, 420, 33301, 421, 29964, 422, 25473, 423, 20248, 424, 15584, 427, 14417, 428, 15124, 431, 21832, 432, 24962, 433, 25821, 434, 24615, 435, 22671, 436, 20760
1791219480.074, MrmFullScanInfo, 894, 107, 2089481, 0, 0, 0, 0, 10000, 39297, 32, 1, 2, 1, 480, -422107, 491672, 423639, -480125, -453616, 445894, 505890, -370316, -520104, 107658, 520115, 345080, -495911, -499189, 366720, 516830, -110771, -520115, -177374, 519477, 323665, -511896, -477237, 481369, 520192, 512996, -173592, -520172, -406875, 499918, 360305, -501516, -436998, 504409, 279915, -517935, -284540, 517769, 218042, -517046, -289664, 516452, 432332, -506419, -515744, 373569, 520192, 115776, -519944, -496330, 433336, 519554, -134999, -519477, -241751, 519754, 453931, -508952, -506716, 453022, 515956, -366500, -518274, 315782, 517896, -381019, -490369, 471753, 421430, -509783, -315541, 511843, 422050, -509116, -518053, 398196, 520192, 84072, -519348, -484474, 489075, 519660, -265051, -520064, 27727, 519975, 177455, -517020, -391509, 493396, 499483, -339371, -516967, 2698, 470303, 369021, -27448, -505245, -348666, 418341, 447129, -215445, -345839, 5275, -34241, 29145, 375862, 91064, -490307, -273846, 474088, 465240, -339588, -510821, 45210, 468174, 195038, -328000, -365898, 45492, 389254, 254410, -240420, -357854, 91940, 342638, 3690, -294117, -70855, 194138, 13166, -99154, 70103, 82754, -106002, -88930, 124998, 105720, -91757, -121697, -4199, 100181, 81603, -31339, -104454, -45686, 97268, 99626, -46570, -101836, -23673, 54373, 51701, 7342, -27449, -52910, -5782, 64732, 33983, -39386, -43626, 8735, 14263, -7084, 30973, 30425, -56552, -69994, 49757, 129056, -9082, -171245, -57078, 174577, 126118, -141249, -134141, 76446, 152652, 179, -131691, -58004, 82922, 72106, -23357, -54216, -25791, 18320, 41671, 18417, -25132, -39197, -5114, 33861, 33920, -2750, -49980, -34724, 40675, 67168, -11390, -83943, -18215, 77727, 42906, -49625, -50671, 22050, 36481, 221, -6320, -11478, -21450, 11410, 36918, -4615, -40966, 3889, 36708, -10109, -25104, 15628, 16563, -21001, -16147, 26845, 16778, -22437, -15746, 11249, 15647, 2111, -11502, -12169, 900, 21080, 12221, -23525, -22099, 19623, 31631, -12532, -30638, 8663, 21479, -6754, -8831, 8552, 159, -15509, 5204, 21911, -6937, -23636, 3083, 17800, 6604, -7954, -11592, -6222, 12928, 21948, -11190, -32499, 2987, 37680, 7626, -38551, -17923, 35029, 21283, -25836, -15792, 18516, 15762, -14014, -13789, 10640, 12176, -9175, -11248, 9255, 13491, -7590, -17028, 4708, 23942, -2088, -32957, -3025, 32683, 8238, -27468, -13544, 20974, 14256, -13417, -10679, 4802, 6205, -2668, 3497, 1872, -10868, -2638, 17064, 5488, -20092, -10919, 23948, 16322, -26405, -20687, 25600, 25655, -24119, -34898, 22115, 41533, -16956, -42704, 5912, 36223, 6138, -22395, -19035, 6629, 29605, 7813, -31551, -15641, 21191, 17231, -10324, -11365, -3572, -1168, 15754, 15658, -21014, -27497, 21052, 33049, -17087, -27177, 14785, 15078, -14828, 4772, 20108, -20670, -30673, 29708, 39721, -33345, -48326, 32555, 52496, -32397, -49625, 32188, 42087, -33338, -29073, 37479, 22650, -40431, -18356, 38038, 18716, -35194, -21463, 29817, 25577, -23621, -27990, 17318, 28877, -11248, -26493, 3675, 26217, 4078, -26079, -17573, 28505, 26160, -29861, -35170, 28354, 41858, -27554, -44162, 25756, 38861, -21519, -24027, 16634, 2362, -8098, 22031, -8894, -54352, 26868, 93552, -44339, -129361, 62106, 164614, -70196, -187721, 61635, 191382, -36623, -173107, -301, 136100, 49366, -79195, -90612, 12671, 114767, 48006, -114697, -94423, 96505, 118533, -68187, -119117, 41134, 101274, -25926, -76675, 22480, 56375, -31998, -50236, 44764, 53588, -47975, -65045, 37116, 76377, -11420, -79090, -23071, 69718, 54126, -47420, -80728, 16020, 80275, 12309, -62549, -27280, 30015, 24246, 3409, -6014, -26841, -20106, 36992, 47778, -34206, -52135, 18399, 61791, 2738, -60423, -18601, 48021, 25308, -31850, -22278, 15530, 9283, -4616, 7631, -797, -21273
1791219480.074, MrmFullScanInfo, 894, 107, 2089481, 0, 0, 0, 0, 10000, 39297, 32, 2, 2, 1, 480, 0, 0, 0, 0, 0, 0, 169081, -228894, -313636, 479868, 363138, -535274, -381408, 346208, 436449, -27430, -508612, -259441, 506654, 434277, -369808, -523230, 132450, 579869, 111793, -566913, -281801, 391418, 330062, -47256, -248672, -337151, 79669, 610470, 87592, -724029, -179193, 712732, 186646, -643869, -147265, 576266, 117532, -543562, -136421, 546410, 205270, -532381, -299465, 416138, 402173, -171356, -490384, -122504, 499484, 361166, -365324, -514522, 111035, 608753, 154813, -655427, -334388, 644257, 409507, -585588, -418446, 526160, 394877, -510684, -342768, 539211, 269327, -576810, -212690, 593841, 213018, -559207, -276235, 423824, 383097, -176137, -498205, -109068, 556497, 331968, -493402, -462334, 304960, 535646, -55695, -580491, -172783, 574634, 331889, -463042, -402139, 222155, 366185, 94400, -220000, -373626, 11966, 506344, 154693, -453339, -184184, 269122, 53426, -69071, 172914, -35024, -387611, -2606, 501040, 144733, -470220, -307554, 304594, 407695, -62270, -389244, -172473, 244367, 326595, -25569, -365948, -180587, 303928, 305277, -191111, -327237, 88605, 267167, -37303, -169447, 41549, 81825, -75888, -34551, 104963, 30811, -101185, -52240, 57954, 70558, 7909, -62680, -68187, 24984, 98629, 24724, -89076, -60373, 48867, 64238, -2406, -36198, -26730, -7070, 29710, 42372, -14247, -54862, -2351, 46523, 3950, -31960, 13586, 28396, -39430, -47080, 55744, 87433, -48469, -135721, 16091, 170449, 30859, -172790, -77845, 137093, 112732, -75368, -125930, 10790, 110844, 35297, -70478, -52682, 19922, 43439, 20318, -17935, -35732, -9366, 24702, 24696, 2773, -20343, -31090, -2429, 46504, 34623, -43040, -63289, 23878, 77064, 1563, -71480, -21773, 50289, 27860, -22207, -18101, -3441, -1438, 20191, 21258, -26816, -33547, 26681, 35042, -24286, -27771, 22675, 17355, -22832, -9139, 23545, 5489, -21967, -5960, 15976, 8341, -5903, -9421, -6094, 6621, 17270, 513, -25014, -10118, 27813, 18732, -25966, -22571, 21160, 19668, -15738, -11301, 12141, 913, -11790, 7905, 13853, -12288, -15692, 10655, 14703, -3685, -9446, -5714, -25, 13865, 12102, -17779, -24150, 15951, 33754, -9133, -39233, 502, 39573, 6421, -34924, -10097, 27254, 11175, -19552, -10882, 14054, 10106, -11313, -9722, 10522, 10809, -10453, -14395, 10269, 20378, -9519, -26733, 7567, 30559, -3834, -30165, -1070, 25780, 5341, -18815, -6977, 11173, 4871, -4577, 728, 33, -8206, 2033, 15587, -1391, -21816, -1640, 26716, 6116, -30193, -11348, 32115, 17430, -32634, -24249, 31595, 30427, -27814, -33647, 19726, 32147, -6887, -25826, -8845, 16426, 23149, -6499, -30954, -1781, 29364, 6811, -19109, -7373, 3713, 3106, 12264, 4821, -24603, -13548, 30810, 19295, -30788, -18669, 26521, 10265, -21190, 4321, 17947, -21083, -18729, 35577, 23489, -45137, -30116, 49544, 35301, -50087, -35895, 48430, 30803, -46010, -21774, 43733, 12430, -41781, -6248, 39849, 4901, -37588, -7902, 34753, 13263, -31089, -18592, 26323, 22304, -20202, -24315, 12479, 25880, -3266, -28491, -6592, 32457, 15884, -36668, -23645, 39658, 29099, -40444, -30801, 38323, 26855, -32413, -16175, 21560, -739, -4758, 22558, -18028, -48009, 45429, 75856, -74558, -104106, 100770, 129623, -117554, -148414, 118086, 156561, -97845, -151303, 57064, 131504, -1906, -97967, -56221, 53953, 103996, -5366, -131178, -40033, 134357, 74352, -117705, -91914, 90636, 91633, -64006, -77956, 46418, 59159, -41284, -43766, 45592, 37456, -51413, -41525, 50023, 52886, -36263, -65231, 10444, 71452, 21771, -66566, -51160, 50030, 68163, -26332, -66796, 3363, 47554, 10966, -17060, -11914, -14876, 456, 38901, 17683, -48721, -36079, 43251, 50339, -27209, -57589, 8491, 55699, 5800, -44883, -11591, 28325, 8334
1791219480.074, MrmFullScanInfo, 894, 107, 2089481, 0, 0, 0, 0, 10000, 39297, 32, 4, 2, 1, 480, 0, 0, 0, 0, 0, 0, 93, -642, -39, 1083, -103, -469, -66, -944, 510, 1957, -714, -1743, 682, 702, -918, 414, 1186, -1033, -721, 857, -1847, 311, 6942, -2272, -12180, 4019, 13808, -4191, -10758, 2682, 5570, -646, -617, -1037, -2778, 1991, 4132, -1991, -3728, 828, 2615, 2074, -1971, -6155, 1623, 9013, 2124, -9391, -15209, 10134, 37905, -14640, -59937, 20262, 69273, -20363, -72285, 15371, 104318, -25534, -201208, 81154, 350443, -183865, -485443, 283206, 546592, -316082, -517621, 259322, 411367, -123130, -265685, -55190, 139264, 199372, -60581, -237388, -3043, 177094, 83237, -95391, -158770, 53518, 183928, -68677, -143071, 131261, 77121, -209116, -57473, 256517, 109710, -241311, -180359, 163088, 209123, -47083, -199673, -71312, 185228, 164347, -171860, -220461, 147214, 236794, -108512, -215313, 64114, 171255, -25280, -130573, 2582, 110314, 2607, -104953, -1988, 96579, 10311, -75126, -33415, 42935, 64639, -5169, -90195, -35226, 98354, 72929, -86201, -97444, 60984, 99465, -35291, -79410, 19808, 48762, -17518, -22933, 22840, 11872, -26226, -15761, 20806, 27303, -6097, -36998, -12987, 38051, 29702, -28921, -38632, 12501, 37194, 5858, -26112, -19817, 9689, 23954, 4970, -16166, -10727, -764, 4213, 20066, 11907, -34071, -30546, 38211, 44273, -32939, -48466, 22483, 42536, -12073, -29549, 5714, 14536, -5200, -2093, 9855, -5019, -17037, 6116, 23091, -2269, -24881, -4356, 21427, 11091, -14184, -15356, 5778, 16070, 1585, -14478, -6673, 12869, 9402, -12432, -10674, 12910, 11766, -13710, -13370, 14451, 15291, -14737, -16921, 13997, 17700, -11810, -17197, 8449, 15080, -4788, -11492, 1635, 7340, 953, -3970, -3475, 2375, 6315, -2583, -9551, 3888, 13100, -5297, -16576, 5905, 19125, -5036, -19734, 2534, 18125, 986, -14889, -4328, 10861, 6302, -6667, -6347, 2810, 4687, 221, -2088, -2249, -559, 3531, 2495, -4414, -3234, 5031, 2762, -5342, -1463, 5395, -258, -5329, 2158, 5094, -3944, -4577, 5369, 3732, -6299, -2446, 6725, 610, -6673, 1742, 6209, -4226, -5460, 6377, 4559, -7727, -3633, 7828, 2834, -6373, -2443, 3393, 2647, 646, -3186, -4881, 3417, 8235, -2721, -9908, 1100, 9722, 777, -8125, -1887, 5922, 1561, -3928, 167, 2620, -2508, -2163, 4329, 2648, -4949, -3768, 4398, 4641, -3103, -4465, 1560, 3317, -476, -1894, 425, 906, -1325, -846, 2586, 1984, -3495, -4172, 3487, 6892, -2441, -9321, 721, 10575, 1195, -10277, -2815, 8777, 3672, -6794, -3606, 5122, 3144, -4326, -3169, 4539, 4467, -5219, -7278, 5496, 11080, -4693, -14813, 2662, 17259, 224, -17360, -3529, 14576, 6795, -9138, -9521, 2168, 11248, 5046, -11860, -11561, 11927, 16661, -12219, -19643, 12890, 20160, -13307, -18737, 12902, 16372, -11931, -13750, 11013, 11049, -10350, -8237, 9851, 5385, -9510, -2807, 9192, 1064, -8224, -881, 5818, 2738, -1799, -6280, -3122, 10161, 7772, -12525, -10951, 11851, 11754, -7535, -9559, 277, 4201, 8159, 3779, -15709, -13079, 20576, 22020, -21540, -29047, 18432, 32791, -12139, -32266, 4074, 27228, 4314, -18493, -11436, 7885, 15836, 2402, -16796, -10561, 14663, 15568, -10732, -17064, 6734, 15289, -4139, -11199, 3604, 6271, -4831, -1892, 6835, -992, -8342, 1908, 8260, -930, -6198, -1187, 2735, 3368, 882, -4787, -3501, 5260, 4438, -5306, -3301, 5836, 193, -7514, 4024, 10429, -8077, -13872, 10844, 16635, -11452, -17853, 9567, 17467, -5913, -15797, 2015, 13050, 715, -9674, -1422, 6627, -22
1791219480.074, MrmDetectionListInfo, 894, 118, 32, 6445, 33, 8162, 34, 9052, 35, 9006, 36, 8162, 57, 13730, 58, 19961, 59, 27121, 60, 34201, 61, 40215, 62, 44283, 63, 46045, 64, 46293, 65, 47429, 66, 53315, 67, 65535, 68, 65535, 69, 65535, 70, 65535, 71, 65535, 72, 65535, 73, 65535, 74, 65535, 75, 65535, 76, 65535, 77, 65535, 78, 65535, 79, 65535, 80, 65535, 81, 65535, 82, 65535, 83, 65535, 84, 65535, 85, 65535, 86, 65535, 87, 65535, 88, 65535, 89, 65535, 90, 65535, 91, 65535, 92, 65535, 93, 65535, 94, 65535, 95, 65535, 96, 65535, 97, 65535, 98, 65535, 99, 65535, 100, 65535, 101, 65535, 102, 65535, 103, 65535, 104, 65535, 105, 65535, 106, 65535, 107, 65535, 108, 65535, 109, 65535, 110, 65535, 111, 65535, 112, 65535, 113, 65535, 114, 65535, 115, 65535, 116, 65535, 117, 65535, 118, 65535, 119, 65535, 120, 65535, 121, 57776, 134, 65535, 135, 65535, 136, 65535, 137, 65535, 138, 65535, 139, 65535, 140, 65535, 141, 60878, 142, 49632, 143, 38898, 174, 30430, 175, 36222, 176, 39185, 177, 40276, 178, 39807, 179, 37512, 180, 33410, 181, 28140, 198, 13711, 199, 12233, 362, 9897, 363, 9470, 364, 8441, 374, 16226, 375, 16658, 376, 16689, 377, 16352, 378, 15760, 379, 15003, 380, 14138, 381, 13214, 382, 12290, 383, 11402, 384, 10553, 385, 9719, 386, 8885, 413, 16885, 414, 20042, 415, 22527, 416, 24181, 417, 24921, 418, 24764, 419, 23756, 421, 19420, 422, 16693, 423, 14460, 424, 13143, 427, 11030
1791219480.209, MrmFullScanInfo, 895, 107, 2089607, 0, 0, 0, 0, 10000, 39297, 32, 1, 2, 1, 480, -423410, 490117, 421013, -480135, -455647, 445501, 505377, -369925, -519991, 103527, 520130, 341249, -493423, -499606, 368895, 517642, -112336, -520192, -178502, 519437, 326760, -512395, -475388, 482252, 520192, 511551, -179120, -520189, -405820, 500305, 356172, -501636, -436763, 506477, 282008, -518022, -295526, 518188, 229461, -516941, -303478, 516329, 436746, -505953, -516341, 366600, 520192, 116855, -519916, -500655, 433277, 519684, -110170, -520192, -290499, 519284, 484094, -495449, -516866, 386170, 519931, -217727, -520186, 77118, 520192, -70480, -519939, 161607, 519309, -303507, -512564, 446014, 511700, -454198, -520064, 223557, 520192, 238608, -514962, -504426, 447927, 520071, -148607, -520087, -132458, 518883, 345537, -501918, -488914, 419669, 518325, -185862, -520192, -142849, 519136, 409918, -363215, -507695, -73481, 472607, 330197, -298990, -365378, 101584, 115733, -55220, 188346, 119979, -364702, -299600, 390515, 489266, -211209, -516928, -71538, 479714, 300572, -348500, -439075, 66197, 435936, 239002, -284175, -384241, 86488, 393650, 68051, -332968, -146819, 221721, 116816, -123059, -45749, 93307, -5750, -99564, 43194, 117240, -38576, -134935, -31502, 130087, 101726, -77790, -130097, -13768, 118904, 79313, -61895, -92991, -18217, 59712, 62104, -7208, -51004, -34707, 27620, 48617, -4480, -26292, -11663, 2067, -3785, 2833, 36153, 12804, -51576, -44892, 39267, 95546, 1334, -133164, -60512, 136739, 125789, -110361, -136746, 55344, 154949, 10511, -139320, -60755, 98491, 72334, -43206, -53366, -3585, 19518, 21212, 19820, -11447, -41646, -15662, 41649, 39287, -13369, -50932, -22718, 37810, 56261, -8861, -79229, -21790, 78411, 47165, -57843, -61550, 33684, 55319, -14638, -30071, 1204, 6235, 3274, 9655, -1257, -21104, 189, 23319, -6542, -19413, 12029, 17258, -14178, -19481, 18918, 18651, -15313, -15741, 6766, 14964, -812, -10497, -6091, 1334, 11893, 9848, -13315, -17631, 8374, 23196, -3072, -23769, 1575, 16310, -2918, -5216, 5568, 2878, -15022, -817, 22872, 537, -25156, -5710, 21824, 13332, -13523, -16729, 953, 18096, 13159, -13011, -22110, 6470, 30033, 5890, -32433, -16356, 30104, 21606, -24098, -17042, 18099, 16538, -14869, -11968, 14227, 8104, -11141, -5594, 14719, 5950, -14136, -9312, 11470, 16918, -5752, -26379, 840, 27650, 8199, -23472, -14842, 16712, 16445, -8981, -13200, 2409, 6125, 2061, 334, -2318, -12573, -1811, 17582, 5821, -21465, -11145, 24994, 16726, -27111, -20962, 26315, 28405, -25716, -33080, 22902, 41627, -19844, -45376, 7996, 38899, 5768, -25653, -21527, 9312, 34530, 5269, -37257, -13636, 31327, 18698, -16519, -9710, 2044, -1527, 10510, 15587, -19445, -26227, 20173, 29481, -18273, -21871, 17192, 5232, -16568, 16137, 25625, -34327, -32292, 44146, 42150, -47076, -50074, 43283, 55081, -38301, -53028, 33034, 46050, -31060, -37005, 26715, 31563, -28914, -25390, 30334, 27130, -26908, -31504, 23092, 38018, -18154, -42577, 11640, 44206, -4876, -44641, -5717, 41941, 12710, -39915, -32031, 39779, 42930, -34614, -51826, 28267, 57027, -20747, -55796, 16267, 45830, -12044, -27253, 9097, 963, -2901, 26937, -11864, -60827, 27312, 98601, -45969, -135970, 63443, 169026, -70261, -188972, 63654, 189219, -38787, -167808, -1036, 129051, 50559, -71007, -92989, 3517, 117204, 57949, -117968, -104440, 97744, 124476, -68840, -121251, 41090, 99593, -23476, -72188, 18837, 52332, -29099, -46624, 39911, 53692, -43351, -69073, 30057, 81298, -3822, -84704, -29960, 76529, 63044, -50312, -88814, 17712, 86403, 12895, -67289, -27510, 34572, 24325, -1721, -4638, -22577, -24273, 30339, 52348, -24743, -58310, 9139, 68557, 10682, -65637, -25522, 53738, 31438, -36439, -25540, 20718, 12476, -9148, 4332, 3091, -19127
1791219480.209, MrmFullScanInfo, 895, 107, 2089607, 0, 0, 0, 0, 10000, 39297, 32, 2, 2, 1, 480, 0, 0, 0, 0, 0, 0, 169054, -228712, -313700, 479334, 363387, -534417, -381632, 345440, 436405, -27124, -508403, -259360, 506683, 434111, -370000, -523158, 132305, 580126, 112252, -567631, -282351, 392471, 330939, -48446, -250375, -335969, 82104, 609550, 85258, -723703, -178446, 713368, 189246, -645820, -154161, 579657, 127674, -547930, -146747, 550111, 212763, -533429, -303246, 413862, 403543, -167124, -489488, -126894, 492147, 366027, -346326, -521353, 81616, 613382, 186527, -640881, -363562, 583333, 442864, -453514, -471708, 316613, 485600, -249389, -484746, 286220, 455804, -397605, -401406, 504026, 349853, -507301, -343179, 350710, 405712, -77506, -499066, -196495, 525613, 386789, -409460, -496781, 170880, 565881, 93239, -596395, -295501, 545377, 415708, -376927, -482646, 116823, 499961, 155501, -423696, -362330, 233491, 460545, -1495, -441723, -143347, 331477, 119694, -191675, 48694, 100718, -255933, -109170, 383767, 209438, -363095, -344700, 201421, 439130, 30768, -426321, -244683, 281806, 373260, -47805, -387788, -187191, 301198, 342871, -161978, -385862, 32175, 332719, 43192, -231662, -53707, 135948, 19321, -79189, 25021, 66794, -45963, -83140, 27814, 101542, 20238, -96399, -72456, 58748, 101850, -2869, -93029, -44838, 51003, 63976, 1363, -50592, -39281, 17759, 50977, 13351, -40674, -27596, 23056, 24348, -13927, -14482, 19605, 12311, -32853, -28435, 39508, 63586, -27897, -106495, -3688, 138543, 46997, -143075, -90033, 114609, 122391, -62998, -135450, 8313, 122684, 30583, -85884, -44307, 38035, 34226, 2131, -9202, -20583, -17749, 14856, 33501, 6415, -29939, -29063, 7134, 40720, 26908, -36104, -59504, 17664, 78775, 7227, -79419, -28924, 64233, 38859, -40624, -34056, 16606, 18610, 1694, -191, -12010, -14370, 16154, 21387, -17378, -21225, 18023, 17363, -18913, -13330, 19338, 10807, -17679, -9942, 13036, 9805, -6044, -8501, -1971, 4457, 9428, 2265, -14435, -10095, 15848, 16623, -14256, -19160, 11349, 16394, -8971, -9737, 8901, 2210, -11997, 3591, 17000, -5920, -21030, 3828, 21525, 2116, -17243, -9595, 8516, 15674, 2999, -17914, -15014, 15143, 25405, -8075, -32461, -548, 34915, 7466, -32598, -10912, 27099, 11029, -20913, -8894, 16091, 5790, -13532, -3171, 12991, 2528, -13275, -5210, 13093, 11358, -11700, -18893, 8522, 24491, -3282, -25823, -3065, 22688, 8224, -16335, -10065, 8664, 7650, -1760, -1405, -2712, -7073, 4028, 15702, -2367, -22928, -1407, 28243, 6352, -31672, -11865, 33450, 17875, -33952, -24382, 33084, 30532, -29617, -34362, 21610, 33839, -8013, -28519, -9428, 19972, 26062, -10488, -36203, 2154, 36187, 3266, -26208, -4399, 9801, 941, 7888, 5691, -22043, -12563, 29725, 15900, -30507, -12439, 26433, 1073, -20852, 16178, 17017, -34803, -16971, 49884, 21067, -58418, -27862, 60192, 34352, -56988, -37363, 51049, 35536, -44337, -29992, 38623, 23354, -34986, -18382, 33259, 17154, -32359, -20287, 31266, 26444, -29213, -33232, 25377, 38651, -19212, -41954, 10346, 43788, 1255, -45344, -14555, 46946, 27488, -47401, -37899, 45372, 44234, -40687, -44848, 33946, 38027, -25344, -23116, 13870, 1353, 2090, 24824, -23433, -53176, 49504, 82131, -77708, -109883, 103310, 133606, -119574, -149600, 119375, 154514, -97863, -146410, 55249, 124765, 1771, -90352, -61253, 45967, 109677, 2644, -136723, -47338, 138910, 79801, -120380, -94513, 90731, 91285, -61389, -75597, 41736, 56351, -35667, -42203, 40007, 38457, -46282, -45550, 45317, 59453, -31660, -73184, 5534, 79372, 27279, -73150, -57158, 54520, 74173, -28795, -72415, 4601, 52645, 9694, -21683, -9419, -10390, -3992, 33982, 24275, -43050, -44389, 37186, 59405, -21437, -66292, 3556, 63344, 9602, -51362, -14243, 33856, 10098
1791219480.209, MrmFullScanInfo, 895, 107, 2089607, 0, 0, 0, 0, 10000, 39297, 32, 4, 2, 1, 480, 0, 0, 0, 0, 0, 0, -3, -72, -62, -139, 219, 755, -300, -1231, 208, 1127, -60, -621, 226, 129, -494, 225, 319, -164, 159, -354, -1319, 1175, 3764, -2132, -6752, 2854, 8140, -2667, -6759, 1452, 3010, 356, 2394, -2379, -8082, 4224, 11862, -5198, -11873, 4056, 8594, -329, -4587, -4348, 2001, 7098, 1434, -7162, -12003, 7746, 31313, -11281, -49946, 10628, 56825, 11770, -57185, -68448, 74264, 148865, -129120, -219017, 219850, 240363, -320091, -192711, 386441, 94457, -374150, -10889, 277078, 12238, -150536, -92375, 62058, 164975, -15921, -163082, -36102, 108273, 118219, -62614, -198522, 47914, 226628, -38385, -188889, 9176, 128193, 25210, -119395, -24919, 191445, -22112, -283369, 72134, 305970, -64117, -232010, -17430, 106738, 129761, 10390, -213485, -81943, 233551, 106082, -195184, -109094, 134349, 114270, -88836, -119123, 72938, 109317, -73824, -84381, 68342, 56728, -43143, -35056, 1688, 17215, 42345, 3194, -75927, -28800, 93720, 56319, -96947, -77638, 88776, 83939, -72993, -72235, 55288, 47891, -42778, -21799, 39672, 4267, -43148, 595, 45478, 4036, -40370, -10926, 26522, 13502, -6767, -8851, -13653, -1954, 29441, 15088, -37046, -25358, 35723, 27972, -27906, -20735, 18334, 5305, -11833, 13416, 11077, -29256, -15795, 37523, 23086, -37261, -28594, 30963, 28549, -22403, -21800, 14997, 10371, -11147, 2051, 11706, -12014, -15481, 17596, 19824, -18655, -22168, 16558, 21198, -13361, -16959, 10622, 10507, -8653, -3775, 6660, -993, -3660, 2684, -935, -2163, 7062, 1750, -14085, -3483, 20915, 7800, -25962, -13543, 27684, 18786, -25619, -21529, 20774, 20471, -14830, -15784, 9409, 9199, -5693, -3121, 4188, -448, -4383, 795, 4798, 1452, -3854, -4874, 919, 7846, 3428, -8989, -8073, 7715, 12055, -4604, -14556, 1063, 14868, 1601, -12813, -2623, 9012, 1781, -4403, 493, -149, -3051, 3973, 4625, -6652, -4572, 8187, 3102, -8852, -874, 9005, -1360, -8737, 3018, 7814, -3737, -6088, 3566, 3750, -2907, -1179, 1990, -1215, -631, 3073, -1473, -4023, 4277, 4036, -7216, -3573, 9567, 3275, -10810, -3292, 10654, 3244, -9030, -2725, 6308, 1552, -3298, 206, 947, -2199, 242, 3687, -280, -4155, -520, 3551, 1488, -2100, -1794, 111, 1096, 1890, 210, -3174, -1439, 3439, 2244, -2941, -2405, 2202, 1822, -1699, -897, 1731, 454, -2243, -1043, 2669, 2483, -2150, -4315, 372, 6126, 2394, -7337, -5398, 7552, 7696, -6834, -8554, 5530, 7807, -3888, -5993, 1964, 3936, 123, -2428, -2356, 2085, 4859, -2897, -7694, 4458, 10681, -6242, -13319, 7711, 14934, -8118, -14975, 6643, 13258, -3097, -10087, -2040, 5929, 8017, -1350, -13849, -2475, 18274, 4308, -20324, -3939, 20302, 2376, -19551, -649, 19142, -815, -19375, 1712, 19940, -1818, -20181, 950, 19511, 1074, -17726, -4167, 15018, 7822, -11532, -11231, 7530, 13727, -3649, -14804, 669, 14104, 1034, -11491, -1872, 7279, 2655, -2305, -3937, -2487, 5724, 6493, -7511, -9346, 8585, 10719, -8351, -10384, 6556, 8492, -3275, -5578, -970, 2198, 5198, 1411, -8428, -5111, 10095, 8343, -9972, -10150, 8148, 9836, -5024, -7478, 1329, 4045, 1933, -843, -3827, -1059, 4027, 1127, -3058, 543, 1908, -3265, -1403, 6113, 1963, -8203, -3452, 8934, 5292, -8138, -6700, 6262, 7119, -4253, -6515, 3112, 5172, -3512, -3533, 5446, 2251, -8290, -1874, 11164, 2414, -13206, -3331, 13867, 4109, -13078, -4420, 11303, 4058, -9247, -3004, 7550, 1492
1791219480.209, MrmDetectionListInfo, 895, 113, 44, 7911, 45, 8743, 57, 10627, 58, 15992, 59, 22080, 60, 27668, 61, 31704, 62, 33778, 63, 34985, 64, 38850, 65, 50182, 66, 65535, 67, 65535, 68, 65535, 69, 65535, 70, 65535, 71, 65535, 72, 65535, 73, 65535, 74, 65535, 75, 65535, 76, 65535, 77, 65535, 78, 65535, 79, 65535, 80, 65535, 81, 65535, 82, 65535, 83, 65535, 84, 65535, 85, 65535, 86, 65535, 87, 65535, 88, 65535, 89, 65535, 90, 65535, 91, 65535, 92, 65535, 93, 65535, 94, 65535, 95, 65535, 96, 65535, 97, 65535, 98, 65535, 99, 65535, 100, 65535, 101, 65535, 102, 65535, 103, 65535, 104, 65535, 105, 65535, 106, 65535, 107, 65535, 108, 65535, 109, 65535, 110, 65535, 111, 65535, 112, 65535, 113, 65535, 114, 65535, 115, 65535, 116, 65535, 117, 65535, 118, 65535, 119, 65535, 120, 65535, 121, 65535, 122, 65535, 123, 65535, 124, 65535, 125, 65535, 126, 65535, 127, 53204, 136, 65535, 137, 65535, 138, 65535, 139, 65535, 140, 65535, 141, 65535, 142, 65535, 143, 65386, 144, 55183, 145, 44939, 163, 25823, 164, 30300, 165, 32165, 166, 31536, 176, 26739, 177, 29234, 178, 30905, 179, 31772, 180, 31423, 181, 29637, 192, 18951, 193, 19676, 195, 19672, 197, 17799, 198, 15836, 199, 13642, 200, 11473, 362, 10118, 363, 8708, 364, 7117, 377, 10919, 378, 10362, 380, 9804, 381, 9982, 382, 10376, 383, 10769, 384, 10981, 385, 10958, 386, 10736, 394, 10534
1791219480.334, MrmFullScanInfo, 896, 107, 2089732, 0, 0, 0, 0, 10000, 39297, 32, 1, 2, 1, 480, -426581, 489746, 421176, -479542, -452621, 445343, 506063, -369395, -520025, 112548, 520162, 339633, -494803, -500210, 367532, 517936, -107525, -520137, -178812, 519631, 323928, -511620, -478014, 480980, 520169, 513432, -163560, -520162, -412254, 498728, 361299, -500298, -442342, 504726, 278220, -517792, -282437, 518145, 220855, -516744, -291049, 515582, 431797, -507698, -514747, 378490, 520192, 97724, -520012, -496459, 442059, 519619, -126024, -520091, -303720, 519130, 496873, -482120, -519039, 308003, 520003, -60391, -520112, -198562, 518462, 321334, -509145, -334455, 507209, 271663, -508275, 102330, 518399, -338443, -520066, 152918, 520192, 224905, -513711, -500055, 452763, 520162, -128476, -520043, -199635, 516573, 435403, -471674, -515296, 303676, 520088, 11603, -520169, -334843, 513533, 496792, -346578, -518332, 835, 514316, 264216, -332304, -373944, 68812, 200552, 26709, 55786, 35492, -223368, -223631, 267983, 452706, -135548, -510747, -156372, 477058, 401939, -340795, -502971, 61164, 486542, 228599, -314838, -365749, 83100, 370972, 114831, -291240, -235715, 170468, 216007, -52738, -143989, 7952, 74973, -24214, -18002, 65833, 19639, -104300, -81756, 112855, 140235, -73231, -155175, -1435, 139026, 67131, -72358, -84889, -16891, 55785, 74118, -1431, -76621, -48810, 54583, 66684, -28170, -40470, 10633, 6949, -20555, 6980, 47059, -3013, -62283, -19276, 49501, 64449, -11127, -100957, -44100, 109135, 108867, -90132, -130858, 39956, 151609, 22029, -140146, -72778, 103074, 87472, -49559, -70047, 3953, 35030, 13905, 6771, -5183, -34061, -21790, 36349, 45080, -12229, -56980, -21894, 44197, 57283, -11226, -78234, -23497, 77896, 51950, -56598, -70273, 33100, 68094, -12118, -43930, -2295, 22206, 6631, -5811, -1307, -6777, 2429, 11447, -7272, -8902, 12087, 7938, -15502, -11398, 20453, 12709, -18070, -10964, 12136, 11326, -6110, -13020, 1450, 8501, 4740, 200, -8108, -6894, 5309, 12623, -2325, -14841, 3653, 8994, -4448, -1784, 5904, -1910, -14505, 2655, 21456, -926, -22494, -4077, 18161, 14963, -10814, -20312, -2667, 21515, 15500, -17663, -25705, 11614, 29666, 833, -30900, -9807, 28550, 14684, -21996, -10214, 17274, 10128, -16448, -5794, 15449, 4434, -15242, -2085, 17242, 3948, -15707, -8942, 12097, 16527, -5075, -25490, -1613, 25307, 10366, -20077, -15963, 12967, 16366, -5176, -10880, -1017, 850, -475, 9455, 1721, -16439, -3239, 24722, 8489, -28607, -15122, 31912, 19906, -32632, -23817, 32066, 31589, -29910, -41962, 24499, 44432, -18892, -48933, 9805, 42262, 6492, -28061, -24666, 10005, 39826, 6103, -45066, -16228, 38481, 21366, -27213, -16660, 8908, 795, 5551, 13576, -14920, -26077, 18791, 30167, -19473, -23194, 20625, 6206, -22569, 17599, 31547, -34424, -45742, 44865, 52478, -48040, -59504, 44715, 61834, -38899, -57859, 32934, 49642, -28863, -38546, 25667, 32932, -21092, -28667, 26798, 28967, -23939, -32803, 19995, 38698, -14605, -42082, 8811, 44198, -2173, -43150, -8058, 42167, 18204, -36845, -35707, 40698, 46394, -35849, -55672, 29632, 60322, -23173, -58972, 17984, 48994, -13928, -29168, 10576, 1444, -5540, 27752, -9392, -64372, 25253, 103393, -43415, -141993, 60495, 175457, -69213, -195101, 64167, 194577, -39698, -172524, 2548, 132481, 46396, -71718, -89495, 2879, 114099, 60179, -115255, -104883, 96928, 126032, -67650, -122806, 40534, 101256, -23433, -74869, 18419, 55114, -27288, -49815, 37882, 57145, -40036, -72363, 26929, 84353, 1984, -87743, -37323, 77853, 69124, -51684, -94078, 18645, 92777, 11707, -72567, -27597, 41828, 24639, -10323, -7130, -10299, -18304, 15859, 45346, -8480, -55537, -7723, 63925, 28217, -60006, -42509, 46884, 45081, -29964, -35249, 14466, 16528, -4742, 3574, 727, -19724
1791219480.350, MrmFullScanInfo, 896, 107, 2089732, 0, 0, 0, 0, 10000, 39297, 32, 2, 2, 1, 480, 0, 0, 0, 0, 0, 0, 168908, -228509, -313293, 479384, 362860, -535765, -380975, 348275, 435449, -30139, -507083, -257742, 505053, 434262, -368514, -524258, 131555, 580929, 112350, -567386, -281609, 391121, 328100, -46140, -244625, -338856, 74591, 612141, 92081, -725114, -181971, 713086, 187520, -643596, -147092, 575682, 117530, -543184, -136869, 546809, 205510, -534839, -298656, 421605, 400373, -178645, -488347, -116335, 494181, 359289, -349319, -518022, 81107, 607357, 193200, -615536, -378609, 511049, 473134, -303479, -527997, 65542, 576952, 111288, -614379, -159245, 616614, 56832, -567199, 139818, 478794, -293248, -404326, 273573, 402592, -79483, -462339, -171359, 484337, 370222, -370849, -495986, 127879, 569116, 142858, -575042, -347350, 468304, 469629, -241205, -540766, -38551, 558892, 278379, -478190, -427189, 280316, 475430, -30837, -426108, -153636, 300082, 189188, -155683, -77822, 71357, -100395, -94842, 236364, 211399, -246014, -357844, 113662, 456889, 101022, -445130, -304047, 301602, 418982, -69407, -411306, -164481, 292073, 321280, -113656, -366394, -52785, 312499, 152571, -205203, -170504, 100564, 128530, -39365, -67573, 31859, 27162, -60904, -26497, 94638, 57608, -102724, -95448, 73237, 113552, -19118, -96182, -32284, 46658, 57130, 13751, -47735, -59930, 15680, 77937, 16273, -69805, -30019, 49416, 23104, -33529, -6573, 30878, -3902, -37024, -4034, 39729, 32993, -27788, -73233, -1966, 106796, 43836, -116529, -87440, 95066, 122168, -49525, -138462, -2022, 129249, 40704, -95744, -55412, 50089, 45509, -10338, -18936, -9446, -10962, 5984, 30165, 13134, -29595, -34197, 8675, 44440, 24826, -37852, -57971, 16560, 78433, 11828, -80447, -37167, 66302, 50416, -43118, -48202, 19202, 34244, -1138, -15883, -8850, 17, 12925, 9021, -14468, -10854, 15682, 8587, -17357, -5800, 18906, 4313, -18763, -4584, 15974, 6301, -11090, -7953, 5193, 7479, 766, -3936, -5641, -1788, 8511, 7437, -9444, -10267, 9104, 8728, -8381, -3762, 8684, -2039, -11157, 6268, 15109, -7052, -18249, 3288, 18422, 4394, -14501, -13371, 6489, 20434, 4245, -23174, -15267, 20567, 24319, -13475, -29932, 4837, 31357, 1981, -28846, -5245, 24065, 5235, -19283, -3226, 16086, 616, -14816, 1110, 14801, -499, -14787, -3560, 13736, 10705, -11147, -18477, 6777, 23565, -805, -23944, -5434, 19795, 9491, -12926, -9136, 5748, 3855, -125, 4918, -3081, -14757, 3639, 23665, -1586, -30687, -2435, 35574, 7511, -38406, -13433, 39421, 20402, -38914, -27987, 36792, 34648, -32040, -38238, 22829, 37087, -7819, -31009, -11638, 21726, 30684, -11597, -43164, 2541, 44946, 3688, -35736, -5384, 18731, 1911, 854, 5272, -17671, -12790, 28292, 16460, -31944, -12652, 30248, 258, -26586, 18317, 24547, -38174, -26069, 54184, 30754, -63097, -36646, 64408, 41250, -59875, -42249, 52159, 38883, -43529, -32608, 35992, 26139, -31189, -21756, 29416, 20649, -29223, -23062, 28651, 28130, -26610, -34002, 22568, 38917, -16145, -41998, 6865, 43826, 5215, -45749, -18690, 48095, 31272, -49431, -41045, 48037, 46796, -43621, -47011, 36825, 39825, -27992, -24288, 16274, 1386, -36, 26445, -21743, -56675, 48391, 87316, -77188, -116214, 103459, 140325, -120582, -155888, 121404, 159726, -100951, -150084, 59207, 126556, -2489, -90162, -57472, 44237, 106937, 5027, -135104, -49571, 138115, 81594, -120061, -96101, 90705, 93048, -61545, -77823, 41840, 59184, -35380, -45654, 39094, 42407, -44596, -49808, 42593, 63826, -27659, -77499, 437, 83405, 32887, -76696, -62747, 57501, 79643, -31237, -78136, 6525, 59408, 8427, -30541, -9070, 1442, -3605, 19037, 23990, -25862, -44911, 19061, 60462, -3462, -66928, -13395, 62814, 24427, -49480, -25656, 30929, 17274
1791219480.350, MrmFullScanInfo, 896, 107, 2089732, 0, 0, 0, 0, 10000, 39297, 32, 4, 2, 1, 480, 0, 0, 0, 0, 0, 0, -158, 220, 390, -101, -429, -959, 520, 2334, -867, -2631, 1308, 1449, -1571, 171, 1356, -1041, -720, 805, 237, 47, 304, -904, -1746, 1609, 3788, -2015, -5092, 1802, 4769, -1004, -2664, -103, -715, 1345, 3986, -2414, -5623, 2793, 5315, -1719, -3925, -1697, 2839, 6412, -2450, -9252, 1508, 8297, -1485, -4379, 6272, 47, -15118, -3505, 22816, 31318, -30157, -99449, 47736, 209517, -86011, -343594, 145725, 470709, -216464, -543984, 273113, 515152, -277366, -386670, 209696, 227533, -101536, -110804, 11160, 51167, 34689, -24657, -55056, 15164, 79143, -17794, -109805, 18359, 125650, 11796, -116245, -84769, 100037, 163609, -103419, -186114, 129876, 132177, -156881, -47481, 155655, -7243, -109095, 12354, 20771, 11073, 83788, -35767, -167455, 48026, 203687, -47581, -194331, 41253, 164140, -36353, -135620, 35966, 113677, -38143, -92176, 38137, 66066, -32013, -33084, 19378, -8787, -3713, 57337, -8845, -103936, 12675, 137697, -6269, -151316, -5811, 144244, 15049, -121961, -15213, 92850, 6065, -64195, 8304, 40543, -22180, -23733, 30160, 13081, -29101, -5820, 19850, -1805, -6983, 12165, -3962, -24387, 9783, 34922, -11080, -39888, 10876, 37087, -12082, -27065, 16210, 13083, -23330, 336, 32208, -9323, -40546, 12056, 45720, -9918, -45641, 6482, 39663, -4604, -29473, 5038, 18742, -7475, -10900, 11567, 7139, -16270, -6249, 19797, 6059, -20589, -5024, 18324, 2751, -14006, 315, 9191, -3183, -5034, 4801, 1866, -4518, 698, 2384, -3330, 1062, 6690, -5072, -11059, 8717, 16090, -11092, -20855, 11886, 24170, -11383, -24932, 9965, 22774, -7961, -18492, 5836, 13556, -4105, -9281, 2922, 6400, -1947, -5038, 580, 4623, 1692, -3976, -4977, 2108, 8762, 989, -11957, -4534, 13469, 7643, -12811, -9642, 10284, 10102, -6869, -8994, 3758, 6738, -1662, -3949, 597, 1262, -222, 967, 88, -2643, 212, 3798, -877, -4379, 1697, 4421, -2405, -4179, 3047, 3960, -3692, -3906, 4185, 4071, -4172, -4467, 3405, 5132, -1945, -6042, 162, 6979, 1474, -7615, -2586, 7664, 2995, -6982, -2678, 5707, 1734, -4300, -263, 3240, -1431, -2768, 2826, 2905, -3401, -3450, 2757, 3869, -656, -3572, -2446, 2564, 5451, -1345, -7447, 277, 8396, 630, -8656, -1340, 8374, 1789, -7673, -2319, 6726, 3146, -5591, -3944, 4361, 4313, -3232, -4267, 2134, 4086, -476, -3865, -2228, 3634, 5659, -3285, -9074, 2554, 11662, -1479, -12669, 508, 11715, -18, -9092, -61, 5632, 166, -2087, -706, -999, 2068, 3237, -4218, -4795, 6655, 6152, -8776, -7324, 10129, 7780, -10281, -7283, 8907, 6434, -6137, -5963, 2611, 6261, 1136, -7346, -4444, 8866, 6320, -10003, -6238, 10023, 4921, -9052, -3669, 7923, 2991, -7248, -2757, 7137, 2917, -7201, -3630, 7135, 4878, -6980, -6248, 6788, 7288, -6335, -7868, 5322, 8042, -3890, -7765, 2466, 6819, -1453, -4930, 948, 2037, -645, 1475, 155, -4913, 621, 7643, -1483, -9252, 2312, 9512, -3041, -8387, 3538, 6229, -3650, -3519, 3279, 626, -2361, 2175, 990, -4429, 475, 5627, -1506, -5592, 1742, 4636, -1206, -3341, 245, 2240, 760, -1705, -1593, 1929, 2200, -2889, -2610, 4339, 3045, -5871, -3881, 7106, 5240, -7747, -6679, 7582, 7646, -6633, -7955, 5244, 7878, -3868, -7907, 2850, 8582, -2239, -10289, 1897, 13037, -2050, -16219, 3080, 18775, -4572, -20019, 5357, 20008, -4708, -18907, 3008, 16498, -1067, -12643, -422, 7903
1791219480.350, MrmDetectionListInfo, 896, 78, 62, 13807, 63, 21732, 64, 34106, 65, 52397, 66, 65535, 67, 65535, 68, 65535, 69, 65535, 70, 65535, 71, 65535, 72, 65535, 73, 65535, 74, 65535, 75, 65535, 76, 65535, 77, 65535, 78, 65535, 79, 65535, 80, 65535, 81, 65535, 82, 65535, 83, 36976, 86, 37818, 87, 41828, 88, 43226, 89, 47579, 90, 56585, 91, 65535, 92, 65535, 93, 65535, 94, 65535, 95, 65535, 96, 65535, 97, 65535, 98, 65535, 99, 65535, 100, 65535, 101, 65535, 102, 65535, 103, 65535, 104, 65535, 105, 65535, 106, 65535, 107, 51239, 108, 35045, 111, 51618, 112, 65535, 113, 65535, 114, 65535, 115, 65535, 116, 65535, 117, 65535, 118, 65535, 119, 65535, 120, 65535, 121, 65535, 122, 65535, 123, 65535, 124, 65535, 125, 63247, 126, 56180, 135, 63743, 136, 65535, 137, 65535, 138, 65535, 139, 65535, 140, 65535, 141, 65535, 142, 65535, 143, 65535, 144, 59080, 145, 49402, 164, 25215, 176, 27285, 177, 29183, 178, 28781, 179, 27458, 363, 7649
1791219480.459, MrmFullScanInfo, 897, 107, 2089857, 0, 0, 0, 0, 10000, 39297, 32, 1, 2, 1, 480, -425500, 490935, 420225, -479397, -451912, 444114, 505200, -370103, -519933, 102274, 520138, 340294, -495874, -499277, 365877, 516884, -108185, -520190, -177186, 519457, 321120, -511945, -475560, 482002, 520192, 513169, -157587, -520062, -415607, 496983, 368846, -500477, -440261, 503857, 280893, -517619, -281156, 518704, 216437, -516862, -295444, 515477, 428816, -508205, -514793, 381252, 520192, 90064, -519946, -495001, 441841, 519784, -124525, -520192, -303129, 518392, 497844, -481939, -519033, 317065, 520090, -54233, -520121, -236969, 517753, 393903, -494953, -436349, 462959, 435323, -381079, -59223, 382369, -294106, -516474, 172106, 520138, 189216, -515377, -494117, 453621, 520087, -141782, -519901, -182181, 517689, 440025, -469062, -517279, 259522, 520168, 101231, -520144, -428131, 500072, 515359, -234041, -519407, -94562, 516528, 311840, -392823, -395386, 100325, 226972, 46167, 33861, -23939, -223742, -163328, 278081, 411231, -135226, -498128, -172323, 463013, 436633, -309583, -516130, 16917, 504883, 269070, -345480, -398747, 111013, 404549, 97670, -316923, -232619, 182595, 220105, -50286, -157422, -10059, 88053, 1586, -29461, 45928, 35863, -90681, -103665, 107395, 167788, -70813, -188367, -6081, 170907, 77290, -98577, -96177, 1695, 67194, 63189, -12041, -71929, -41636, 53951, 59758, -28111, -34184, 12899, 653, -19801, 15537, 46193, -15702, -62724, -4504, 53132, 48541, -18059, -88523, -35052, 102966, 100108, -89577, -123385, 42946, 145499, 18731, -134335, -69996, 97711, 86969, -44884, -72335, 218, 39338, 16114, 932, -5197, -28110, -25017, 31998, 53263, -6291, -68177, -26741, 58455, 59205, -24210, -81749, -13186, 80839, 48317, -58703, -70483, 31499, 73544, -8414, -55355, -7757, 31419, 13595, -11822, -7895, -2263, 5562, 8813, -7099, -6968, 8402, 7576, -10669, -9448, 16712, 7259, -19971, -6233, 17637, 8397, -13434, -12015, 10141, 10175, -4398, -5819, -111, 1232, 1173, 4417, -568, -5274, 2532, 1325, -6102, 3004, 10379, -4231, -19253, 3664, 26506, 174, -27279, -7165, 22640, 16325, -11716, -18898, -1626, 19973, 16999, -16479, -28350, 9383, 34535, 3271, -35627, -12384, 33065, 15834, -26152, -9261, 20088, 6389, -16626, -1191, 16857, -1210, -17237, 1825, 19527, 866, -17125, -7406, 11639, 16551, -4210, -24602, -3878, 24179, 13183, -17862, -18560, 10026, 15597, -2515, -8560, -1467, -2417, 635, 13377, 3898, -21982, -6869, 28840, 11911, -30472, -16994, 33586, 19879, -34457, -23641, 34071, 31030, -30355, -39322, 28257, 46436, -20200, -50590, 8533, 43780, 9512, -28198, -28270, 9389, 43714, 7648, -48335, -19610, 42427, 23544, -28437, -18420, 11233, 3269, 3883, 11900, -14418, -24176, 18264, 28231, -19542, -21719, 21510, 5056, -25594, 16500, 35024, -33426, -48016, 43410, 54155, -46625, -62491, 43774, 64290, -38165, -59239, 32492, 51372, -28684, -40986, 26262, 33795, -23034, -28245, 25704, 27438, -20656, -30299, 16013, 34001, -11118, -36636, 5078, 37472, 2028, -37640, -10118, 37259, 18804, -34708, -37947, 36930, 48259, -34555, -57349, 27489, 61537, -20273, -59285, 12837, 47952, -7990, -26298, 5396, -2369, -922, 34367, -9921, -72392, 23465, 112286, -39397, -151313, 55314, 184934, -62382, -202547, 59660, 200888, -35962, -174980, -719, 132824, 48091, -70212, -89332, 512, 112824, 62430, -114790, -106923, 97304, 125776, -71462, -121784, 46791, 101147, -31214, -73799, 28947, 55378, -37574, -52074, 45187, 60509, -44395, -74496, 27020, 84611, 3043, -87035, -39627, 76073, 74760, -44798, -99852, 13866, 96246, 15095, -76094, -28743, 45197, 24161, -14406, -4752, -5989, -21200, 10561, 45740, -2652, -56418, -13967, 61769, 30107, -55868, -39129, 42066, 37241, -25402, -25564, 12203, 7753, -1928, 10046, -2688, -25188
1791219480.459, MrmFullScanInfo, 897, 107, 2089857, 0, 0, 0, 0, 10000, 39297, 32, 2, 2, 1, 480, 0, 0, 0, 0, 0, 0, 168568, -228326, -312667, 478366, 362423, -533285, -381382, 344803, 436766, -27301, -508428, -258730, 505593, 433794, -368529, -523332, 132049, 580141, 110910, -566867, -279362, 390782, 325213, -45806, -240904, -339408, 70257, 612960, 96043, -725916, -184571, 713499, 188251, -643463, -146395, 575150, 116331, -542621, -135969, 546732, 204973, -535938, -297998, 424290, 399242, -182273, -486708, -113313, 492555, 357910, -348316, -517952, 80830, 608216, 192976, -617149, -378041, 510413, 473072, -292175, -530636, 32208, 583249, 177684, -617867, -267237, 604082, 201942, -534668, -12220, 439242, -181513, -373324, 231262, 382485, -94471, -447941, -135680, 476544, 342896, -373371, -484518, 138495, 565235, 132601, -563177, -346286, 433509, 482084, -182230, -557694, -105466, 556195, 335491, -437098, -473495, 210811, 521258, 35266, -472257, -194197, 331049, 207044, -153870, -88816, 35324, -85463, -41509, 216650, 163211, -224408, -327282, 91795, 440515, 123547, -430504, -329456, 279931, 450066, -41471, -448047, -192595, 328908, 344905, -142411, -383823, -37970, 322747, 152923, -206865, -183227, 93241, 148977, -25598, -91495, 17068, 52179, -50797, -52161, 92113, 84448, -106572, -123739, 79337, 142365, -23181, -123282, -32574, 69371, 61673, -2633, -54989, -50230, 23893, 73696, 8250, -68814, -22495, 49309, 15618, -32565, 1893, 28521, -14426, -34078, 8923, 37729, 18577, -28138, -59607, 1365, 96491, 37825, -110947, -79716, 93778, 113911, -50678, -130723, -698, 122830, 40959, -91193, -58000, 47727, 50152, -10344, -24570, -6847, -5639, 469, 26138, 21842, -27426, -45845, 8515, 57800, 23439, -50793, -56193, 26768, 77361, 6076, -80273, -36860, 66446, 55621, -42881, -57592, 18086, 45211, 1052, -25756, -11648, 7237, 15098, 4878, -14714, -9434, 13558, 8743, -13741, -5756, 15641, 2523, -17691, -723, 18101, 1390, -16391, -3718, 12998, 5568, -8481, -5253, 3659, 2720, 495, 507, -3516, -2187, 5615, 977, -7575, 2527, 10571, -6442, -15177, 8792, 20335, -7923, -23661, 3139, 22974, 4605, -17249, -13000, 6936, 19534, 6028, -22156, -18869, 19702, 29138, -12849, -35272, 4625, 36462, 1344, -32876, -3285, 26314, 1841, -19697, 1221, 15456, -4226, -14196, 5663, 14685, -4119, -14962, -1290, 13666, 9749, -10362, -18296, 5038, 23416, 1655, -23235, -7787, 18314, 10687, -10853, -8520, 3582, 1359, 1437, 9005, -3467, -19820, 2783, 28747, -77, -34841, -3760, 38417, 8067, -40104, -13017, 40471, 19264, -39889, -26784, 37973, 34143, -33082, -38800, 22927, 38444, -6405, -32552, -14517, 22763, 34573, -11666, -47452, 1662, 49021, 5138, -39159, -7018, 21363, 3537, -1073, 3689, -16343, -11210, 27472, 14866, -31716, -11185, 30952, -859, -28476, 18950, 27368, -38303, -29213, 53897, 33796, -62604, -39442, 63995, 43700, -59710, -44311, 52293, 40640, -44085, -33989, 36938, 26786, -31882, -21417, 28777, 19448, -26594, -21187, 24284, 25494, -21212, -30464, 16827, 34676, -10754, -37650, 2462, 39952, 8438, -42649, -21098, 45818, 33325, -47765, -42904, 46401, 48392, -41135, -48183, 32872, 40355, -22639, -23788, 10335, -746, 5290, 30844, -25431, -63626, 49986, 96500, -76811, -126769, 101612, 151083, -117996, -165543, 118749, 167079, -98531, -154439, 57042, 127948, -712, -89233, -58637, 41892, 107527, 7740, -135640, -51542, 139444, 81981, -122964, -94665, 95658, 90174, -68609, -74291, 50511, 55995, -44521, -43728, 47150, 42054, -50173, -50582, 45012, 64905, -26983, -77945, -2949, 82504, 38416, -74449, -69391, 54746, 86043, -29118, -83347, 5863, 63323, 7294, -33655, -6413, 4485, -7009, 15375, 27189, -21406, -47001, 14653, 60578, -764, -64384, -12867, 57664, 20322, -42675, -19007, 23784, 9875
1791219480.459, MrmFullScanInfo, 897, 107, 2089857, 0, 0, 0, 0, 10000, 39297, 32, 4, 2, 1, 480, 0, 0, 0, 0, 0, 0, -400, 283, 782, -1051, -622, 2027, -166, -2414, 930, 1662, -795, -331, -108, -423, 560, 493, 179, -440, -1354, 545, 2489, -773, -3934, 1137, 5850, -1588, -7095, 1763, 6458, -1333, -3935, 364, 300, 828, 2835, -1782, -4241, 2024, 3818, -1027, -2687, -1767, 2116, 5555, -2261, -7813, 2185, 6807, -1545, -3586, 1706, 720, -3422, -1087, 5616, 9980, -8367, -35640, 15382, 84525, -30480, -154716, 51910, 236797, -69538, -311477, 70440, 344805, -52657, -306702, 25707, 202546, -150, -80476, -19092, -5915, 29003, 36990, -27391, -28470, 21317, 8341, -19992, 437, 24484, 18816, -31947, -68548, 42405, 121875, -48225, -139598, 34253, 112374, -1074, -71119, -28621, 47201, 38748, -38741, -40592, 24645, 52280, 3949, -74022, -34202, 90316, 48408, -90401, -40932, 79151, 21590, -67287, -6126, 59931, 3395, -56375, -10008, 54039, 17071, -48331, -19690, 32912, 18748, -6511, -15503, -24811, 8715, 52153, 2700, -68967, -16064, 73652, 25233, -68953, -25166, 59790, 15912, -50402, -2187, 43021, -9749, -37914, 15272, 33816, -13321, -28756, 6285, 21189, 1779, -11051, -7549, 185, 9864, 8669, -9755, -13303, 9282, 12978, -10201, -8664, 13379, 2754, -18618, 1936, 24583, -3534, -29037, 1751, 29853, 2043, -26193, -5661, 19172, 7542, -11353, -7380, 5473, 5582, -3057, -2608, 3832, -933, -6191, 4271, 8235, -6812, -8654, 8569, 7199, -10048, -4480, 11760, 1347, -13498, 1413, 14269, -2990, -12946, 2770, 9145, -1037, -3344, -1030, -3704, 2366, 10928, -2601, -16643, 1927, 19226, -791, -18294, -52, 14893, -170, -10454, 1609, 6223, -3524, -3353, 4630, 2637, -3858, -3855, 1067, 5606, 3008, -6165, -7333, 4546, 11084, -917, -13496, -3621, 13876, 7834, -12146, -10814, 9023, 11978, -5368, -11144, 1718, 8836, 1476, -5973, -3703, 3163, 4784, -686, -4832, -1047, 3993, 1703, -2430, -1527, 490, 1185, 1371, -1098, -2789, 1223, 3550, -1428, -3650, 1837, 3216, -2725, -2295, 4145, 1019, -5726, 102, 6913, -427, -7343, -114, 6921, 855, -5658, -1061, 3849, 469, -2118, 788, 1131, -2340, -1126, 3507, 1895, -3499, -2946, 1991, 3685, 679, -3582, -3736, 2499, 6403, -808, -8022, -811, 8279, 1724, -7368, -1712, 5928, 1044, -4539, -262, 3572, -82, -3091, -251, 2813, 1153, -2190, -2183, 774, 2826, 1379, -2808, -3821, 2093, 6029, -911, -7597, -329, 8261, 1264, -7944, -1730, 6814, 1797, -5178, -1662, 3333, 1588, -1500, -1709, -318, 2005, 2222, -2362, -4149, 2674, 5739, -2848, -6606, 2864, 6674, -2706, -6084, 2338, 5114, -1679, -4163, 840, 3569, -64, -3249, -617, 2853, 1505, -2223, -2834, 1422, 4407, -473, -5761, -642, 6627, 1766, -6959, -2499, 6716, 2567, -6007, -2067, 5259, 1253, -4857, -367, 4727, -218, -4541, 1, 4134, 1288, -3441, -3238, 2366, 5001, -662, -5745, -1910, 5162, 5274, -3551, -8866, 1557, 11885, 269, -13664, -1533, 13844, 1981, -12288, -1714, 9233, 1182, -5334, -762, 1435, 441, 1767, -155, -3834, 62, 4468, -442, -3593, 1467, 1649, -3042, 541, 4952, -2202, -6864, 2877, 8244, -2335, -8463, 702, 7132, 1327, -4388, -2879, 859, 3485, 2737, -2966, -5916, 1504, 8323, 170, -9479, -1113, 9189, 896, -8060, 231, 7129, -1766, -7118, 3046, 8225, -3693, -10130, 3744, 11898, -3128, -12264, 1446, 10465, 1419, -6745, -4596, 2205, 6910, 1819, -7762, -4352
1791219480.459, MrmDetectionListInfo, 897, 52, 64, 10424, 65, 17277, 66, 27441, 67, 41498, 68, 59597, 69, 65535, 70, 65535, 71, 65535, 72, 65535, 73, 65535, 74, 65535, 75, 65535, 76, 65535, 77, 65535, 78, 65535, 79, 65535, 80, 65535, 81, 62028, 82, 35421, 86, 29971, 87, 33817, 88, 28811, 89, 18766, 92, 12596, 93, 18556, 94, 27372, 95, 40287, 96, 56839, 97, 65535, 98, 65535, 99, 65535, 100, 65535, 101, 65535, 102, 61598, 103, 45322, 104, 36978, 105, 38006, 106, 42206, 107, 42862, 108, 39282, 109, 35178, 114, 58638, 115, 65535, 116, 65535, 117, 65535, 118, 60538, 119, 52331, 120, 45055, 141, 48496, 142, 49674, 143, 47450, 144, 43357
