Timestamp, Config, NodeId, ScanStartPs, ScanStopPs, ScanResolutionBins, BaseIntegrationIndex, Segment1NumSamples, Segment2NumSamples, Segment3NumSamples, Segment4NumSamples, Segment1AdditionalIntegration, Segment2AdditionalIntegration, Segment3AdditionalIntegration, Segment4AdditionalIntegration, AntennaMode, TransmitGain, CodeChannel
1791219586.882, Config, 100, 10000, 39297, 32, 12, 0, 0, 0, 0, 0, 0, 0, 0, 0, 0, 4
Timestamp, MrmFullScanInfo, MessageId, SourceId, EmbeddedTimestamp, Reserved, Reserved, Reserved, Reserved, ScanStartPs, ScanStopPs, ScanStepBins, Filtering, AntennaId, Reserved, NumSamplesTotal, ScanData
1791219586.960, MrmFullScanInfo, 368, 107, 2196365, 0, 0, 0, 0, 10000, 39297, 32, 1, 2, 1, 480, -336580, 513254, 406162, -504049, -476869, 466752, 518017, -330414, -520192, -54164, 519712, 441751, -463998, -515529, 171521, 517979, 142053, -519670, -336661, 512081, 363294, -437101, -283406, 97911, 225538, 185475, 1897, -241840, -185361, 430775, 136300, -455010, 674, 510888, -142265, -510592, 180649, 513245, -152015, -514336, 64178, 515054, 79398, -466885, -263818, 332622, 411414, -78242, -465443, -175713, 398377, 361877, -295027, -458167, 129623, 433342, 8177, -338899, -83278, 197274, 90115, -44934, -20245, -69992, -84811, 113693, 164663, -103888, -220390, 57262, 220791, 18315, -157568, -85681, 47190, 115452, 77991, -92174, -181724, 25539, 202834, 57748, -198217, -115562, 149068, 147710, -65897, -131352, -24195, 74694, 91133, 549, -113232, -72639, 94544, 115565, -42929, -125498, -8338, 87656, 37123, -37460, -35654, -10064, 7495, 36525, 27295, -35915, -50305, 13201, 54953, 12121, -42908, -28661, 11452, 32568, 17592, -20788, -33520, -670, 34707, 20067, -24505, -29044, 6517, 27307, 8172, -16240, -11514, 1700, 4661, 8449, 7450, -9574, -17827, 4209, 21245, 3555, -13880, -8458, 2822, 8438, 7178, -1187, -10722, -6943, 9627, 12890, -1880, -13027, -6893, 8991, 11915, 16, -11070, -8579, 6461, 12393, 337, -10892, -5060, 5697, 5974, -667, -515, -2177, -4994, 373, 8106, 4351, -7585, -8785, 1805, 11632, 6464, -11033, -10516, 7177, 13934, 738, -15253, -6665, 11904, 9996, -6706, -11445, 1106, 9029, 1168, -6060, -1052, 3589, -444, -3906, 3087, 4114, -3858, -6025, 2858, 9001, -468, -8634, -2031, 7444, 4020, -4232, -5003, 1424, 4151, 1137, -1068, -2229, -282, 1983, 823, -1349, -1529, 952, 380, -1362, 801, 1512, -624, -2224, 947, 2464, 301, -964, -1611, 10, 2156, 1121, -1796, -2531, 1033, 2864, 16, -2576, -52, 1855, 823, -551, -1161, 437, -149, -745, 1533, 1157, -809, -2538, 1111, 2369, -870, -2519, 882, 2415, 18, -1071, -715, -284, 1022, 1051, -334, -1038, 73, 1473, 389, -773, -462, 902, 47, -214, -388, 178, 541, -1155, 236, 965, -559, -1625, -150, 2091, 213, -1526, -773, 1157, 1676, -402, -2493, -38, 2576, 1058, -2558, -1137, 1525, 1284, -1677, -1019, 1091, 924, -929, -69, 278, -1319, -281, 1344, 80, -1703, -296, 1858, 348, -1627, -47, 2165, 604, -2341, -1013, 2265, 1965, -2234, -2517, 1720, 2417, -547, -1190, -1198, -174, 2155, 1614, -2224, -2646, 2030, 2715, -767, -2210, -1520, 1272, 3066, 601, -3986, -1831, 4590, 2689, -4328, -2597, 4197, 1702, -3834, 309, 4404, -1635, -4546, 2252, 5062, -2727, -4715, 3330, 4878, -2649, -3577, 3017, 2566, -3406, -928, 3887, 123, -3704, 1, 3252, 502, -3031, -1236, 2848, 1772, -2735, -2371, 1693, 2581, -1069, -2751, -523, 2571, -28, -2906, -2111, 4654, 3034, -4388, -4377, 5240, 5394, -6471, -5686, 5826, 5036, -5044, -3349, 4032, 1763, -1529, 2524, -1550, -5647, 4291, 8134, -8316, -10119, 11262, 12680, -12954, -14536, 12621, 15393, -9826, -14292, 4562, 10857, 2231, -6234, -7374, 1037, 10952, 4824, -12422, -9852, 11157, 11533, -7289, -11095, 3415, 8963, -1027, -4996, 686, 2449, -1251, -1637, 3704, 2852, -3193, -6493, 3182, 10248, -149, -12220, -3898, 12211, 7425, -8772, -8844, 5383, 9855, -1189, -9358, -2829, 6222, 5135, -3984, -5585, 1396, 3946, -308, -1986, 796, -266, -2058, 1085, 3727, -663, -4522, -1187, 3947, 2171, -3127, -2851, 700, 3089, 1480, -2010, -3074
1791219586.960, MrmFullScanInfo, 368, 107, 2196365, 0, 0, 0, 0, 10000, 39297, 32, 2, 2, 1, 480, 0, 0, 0, 0, 0, 0, 165508, -232339, -311368, 473994, 368344, -496735, -398596, 270084, 452755, 62404, -482739, -339266, 400902, 504318, -199231, -586115, -26855, 595548, 175885, -497268, -219012, 279989, 183775, 2264, -111932, -265570, 53412, 449424, -57851, -530378, 133064, 521091, -233822, -467342, 300295, 421136, -297265, -412180, 221945, 431951, -88887, -439637, -79558, 387421, 251614, -252865, -388530, 56092, 455510, 149865, -435342, -307903, 337662, 381261, -197770, -361652, 64485, 265201, 20491, -124971, -38895, -17242, -554, 122961, 70501, -168843, -137752, 151662, 173560, -85877, -160541, -1490, 97452, 78355, -1267, -117583, -98956, 107132, 174828, -55037, -208247, -14871, 193151, 74880, -134336, -104762, 48537, 96911, 38629, -56698, -101185, -1082, 123135, 56868, -104716, -92099, 60977, 95941, -14035, -69894, -16884, 27018, 23009, 14400, -7923, -38855, -16559, 40262, 36741, -23295, -42544, -855, 31442, 20451, -9104, -27580, -14350, 20760, 29877, -4929, -32999, -11685, 24931, 21807, -11505, -21990, 29, 13564, 4483, -1567, -1345, -8051, -6058, 11481, 12459, -8484, -13752, 2028, 9205, 3512, -1293, -4813, -6115, 1431, 9671, 4351, -7974, -9147, 2213, 10196, 4565, -6660, -9212, 110, 9980, 6313, -7080, -9773, 2531, 9216, 895, -5649, -1338, 1461, -1059, 870, 4393, -40, -6181, -3518, 4898, 8018, -791, -11030, -4672, 10695, 9879, -6890, -13406, 1174, 14109, 4348, -11799, -8066, 7657, 9252, -3555, -8221, 1071, 6093, -749, -4130, 2001, 3301, -3550, -3947, 4257, 5602, -3633, -7130, 1836, 7479, 522, -6299, -2522, 3957, 3368, -1223, -2909, -1058, 1666, 2318, -373, -2538, -381, 2147, 368, -1639, 220, 1358, -873, -1333, 1083, 1336, -574, -1122, -490, 597, 1576, 220, -2158, -1192, 2094, 2021, -1554, -2358, 780, 2110, -22, -1527, -345, 977, 90, -720, 607, 849, -1315, -1267, 1762, 1736, -1858, -1976, 1557, 1815, -862, -1229, -31, 421, 757, 345, -1017, -889, 811, 1169, -397, -1181, 41, 961, 179, -685, -267, 581, 154, -719, 171, 1007, -511, -1322, 628, 1563, -398, -1605, -196, 1438, 1062, -1122, -1943, 711, 2535, -238, -2672, -215, 2424, 545, -1982, -650, 1490, 432, -958, 106, 390, -777, 127, 1338, -443, -1663, 528, 1814, -455, -1916, 305, 2072, -55, -2294, -357, 2515, 902, -2579, -1370, 2237, 1497, -1274, -1163, -190, 457, 1695, 418, -2686, -1219, 2751, 1753, -1753, -1911, -57, 1656, 2136, -1017, -3909, 182, 5025, 517, -5386, -716, 5145, 193, -4585, 954, 4014, -2319, -3629, 3493, 3464, -4242, -3372, 4523, 3130, -4429, -2535, 4167, 1527, -3894, -311, 3618, -689, -3312, 1084, 3057, -794, -2966, 73, 3009, 735, -2968, -1421, 2605, 1956, -1910, -2381, 1056, 2849, -170, -3525, -711, 4449, 1605, -5519, -2431, 6565, 3021, -7306, -3144, 7371, 2708, -6494, -1676, 4585, 48, -1654, 2004, -2121, -4051, 6353, 5695, -10492, -6910, 13934, 7957, -16046, -8983, 16220, 9794, -13939, -9983, 9149, 9232, -2600, -7380, -4288, 4398, 10042, -553, -13552, -3410, 14229, 6554, -12236, -8142, 8623, 7914, -4881, -6196, 2303, 3906, -1448, -2251, 2046, 2232, -3246, -4123, 4005, 7271, -3484, -10344, 1443, 12022, 1638, -11579, -4900, 9121, 7451, -5367, -8627, 1283, 8219, 2117, -6550, -4025, 4339, 4142, -2378, -2784, 1298, 753, -1297, 977, 2105, -1675, -3145, 1213, 3778, 10, -3519, -1383, 2263
1791219586.960, MrmFullScanInfo, 368, 107, 2196365, 0, 0, 0, 0, 10000, 39297, 32, 4, 2, 1, 480, 0, 0, 0, 0, 0, 0, 710, -476, -1112, 651, 810, -45, -511, -602, 753, 367, -1422, 599, 1568, -1211, -634, 848, -412, -157, 57, 435, 1545, -1812, -2736, 2890, 2700, -2504, -1777, 1011, 1031, 365, -694, -817, -141, 743, 2314, -1037, -4973, 1657, 6178, -1504, -5085, -15, 2144, 1214, 1935, 1188, -8568, -8862, 21005, 20031, -41484, -32114, 69237, 44578, -100829, -57524, 131202, 69560, -153813, -78228, 162440, 82282, -153890, -82351, 129448, 79993, -93908, -75960, 53211, 69380, -12807, -58655, -22839, 43393, 49936, -25459, -66131, 8484, 72055, 3656, -70798, -8539, 65381, 6582, -57319, -741, 47643, -5431, -37571, 9257, 28381, -9707, -20739, 7055, 14105, -2181, -7209, -3707, -448, 8887, 7788, -11500, -12968, 10715, 14738, -7292, -13436, 3167, 10552, -125, -7376, -1225, 4407, 1427, -1915, -1132, 276, 555, 676, 291, -1668, -1373, 3329, 2763, -5600, -4589, 7934, 6642, -9667, -8240, 10250, 8779, -9391, -8198, 7285, 6838, -4523, -5071, 1832, 3305, 178, -1916, -1293, 1099, 1733, -776, -1883, 691, 1991, -566, -2179, 249, 2483, 252, -2729, -896, 2737, 1606, -2509, -2155, 2128, 2267, -1554, -1871, 736, 1195, 130, -515, -732, 27, 892, 234, -756, -245, 677, -85, -878, 792, 1301, -1748, -1736, 2700, 2047, -3454, -2122, 3919, 1907, -4082, -1408, 3931, 744, -3417, -33, 2595, -672, -1582, 1355, 516, -1956, 464, 2365, -1209, -2461, 1688, 2218, -1973, -1732, 2140, 1124, -2181, -467, 2039, -108, -1719, 443, 1336, -499, -993, 449, 696, -481, -351, 629, -63, -771, 430, 817, -592, -779, 510, 676, -253, -459, -83, 88, 439, 376, -723, -796, 777, 1150, -471, -1502, -150, 1803, 906, -1901, -1591, 1792, 2116, -1593, -2467, 1373, 2649, -1071, -2651, 667, 2556, -316, -2412, 188, 2183, -244, -1834, 334, 1429, -427, -1076, 606, 811, -851, -623, 981, 500, -851, -414, 550, 299, -250, -93, 82, -123, -107, 275, 344, -354, -726, 392, 1104, -388, -1336, 327, 1398, -194, -1344, 1, 1178, 154, -828, -156, 282, 23, 327, 91, -778, -77, 987, -18, -1050, 95, 1172, -105, -1370, 55, 1454, 92, -1233, -413, 740, 887, -191, -1371, -199, 1752, 319, -1945, -189, 1892, -29, -1640, 213, 1364, -338, -1199, 413, 1176, -393, -1235, 249, 1270, 40, -1142, -451, 812, 873, -303, -1168, -317, 1314, 920, -1322, -1339, 1193, 1516, -951, -1459, 661, 1212, -398, -839, 242, 396, -249, 86, 347, -532, -403, 822, 375, -893, -301, 807, 235, -678, -248, 602, 358, -545, -534, 449, 790, -301, -1149, 156, 1609, -123, -2064, 291, 2376, -591, -2438, 809, 2304, -784, -2089, 483, 1795, 81, -1311, -849, 634, 1702, 53, -2465, -574, 2956, 936, -3049, -1215, 2764, 1422, -2191, -1500, 1544, 1427, -1117, -1148, 1057, 593, -1221, 102, 1404, -552, -1609, 514, 1886, -79, -2054, -538, 1861, 1200, -1208, -1773, 326, 2062, 435, -1850, -861, 1130, 963, -195, -830, -553, 515, 901, -130, -804, -260, 306, 646, 489, -1050, -1411, 1518, 2274, -2041, -2919, 2543, 3281, -2822, -3357, 2728, 3237, -2237, -3117, 1458, 3127, -578, -3134, -222, 2863, 817, -2160, -1146
Timestamp, MrmDetectionListInfo, MessageId, NumDetections, DetIndex, DetMagnitude, DetIndex, DetMagnitude,...
1791219586.960, MrmDetectionListInfo, 368, 112, 55, 7633, 56, 13078, 57, 20050, 58, 28058, 59, 36918, 60, 46676, 61, 57274, 62, 65535, 63, 65535, 64, 65535, 65, 65535, 66, 65535, 67, 65535, 68, 65535, 69, 65535, 70, 65535, 71, 65535, 72, 65535, 73, 65535, 74, 65535, 75, 65535, 76, 65535, 77, 59116, 78, 47376, 79, 37968, 80, 33858, 81, 35644, 82, 40190, 83, 43337, 84, 43248, 85, 40993, 86, 38718, 87, 37686, 88, 37772, 89, 38147, 90, 37914, 91, 36373, 92, 33373, 93, 29533, 94, 26033, 95, 23877, 96, 22998, 97, 22298, 98, 20821, 99, 18563, 100, 16095, 101, 13738, 102, 11327, 103, 8654, 110, 11897, 111, 12920, 112, 12534, 113, 11498, 114, 10289, 115, 8895, 116, 7245, 117, 5549, 134, 6025, 135, 7086, 136, 8053, 137, 8819, 138, 9304, 139, 9468, 140, 9304, 141, 8826, 142, 8077, 143, 7121, 192, 2841, 193, 2961, 194, 2993, 195, 2949, 196, 2838, 211, 2036, 254, 1410, 255, 1659, 256, 1812, 257, 1874, 258, 1908, 259, 1948, 260, 1981, 261, 1977, 262, 1925, 263, 1837, 264, 1727, 266, 1481, 267, 1372, 268, 1287, 269, 1223, 360, 1332, 395, 1167, 396, 1310, 397, 1440, 398, 1539, 399, 1593, 400, 1596, 411, 1173, 412, 1371, 413, 1672, 414, 1947, 415, 2083, 416, 2090, 417, 2050, 418, 2005, 463, 2147, 464, 2429, 465, 2680, 466, 2892, 467, 3041, 473, 2429, 474, 2211, 475, 2001, 476, 1818
1791219587.085, MrmFullScanInfo, 369, 107, 2196490, 0, 0, 0, 0, 10000, 39297, 32, 1, 2, 1, 480, -336693, 512862, 402655, -504755, -477397, 467414, 517976, -327911, -520166, -48977, 519547, 443803, -463771, -516375, 167475, 518058, 143394, -519601, -331363, 511775, 366310, -438490, -286247, 102254, 231255, 182807, -3465, -241803, -185943, 433042, 141545, -455718, -3226, 511106, -145613, -509773, 180780, 513482, -148325, -515280, 60955, 515059, 75433, -464880, -261324, 329048, 407676, -70646, -461034, -190165, 388389, 384244, -268316, -487496, 81744, 473837, 68662, -420064, -158138, 317268, 178303, -191296, -115650, 79236, 26267, -6800, 60159, -20578, -122972, 18474, 140343, 6724, -96924, -30246, 20413, 30047, 72226, 6300, -149118, -75437, 187978, 144907, -177775, -194474, 132733, 211526, -59808, -183009, -18701, 117636, 80953, -35661, -102121, -45570, 86831, 98655, -42344, -119929, -567, 96421, 25604, -56726, -22281, 16074, -5592, 9845, 38311, -11302, -59540, -6670, 61755, 26048, -47001, -35758, 16839, 35503, 12964, -20921, -29651, -2904, 34367, 23050, -26046, -32453, 8471, 30313, 6456, -18241, -11715, 1924, 7747, 11139, 1339, -14580, -10012, 11037, 13695, -4703, -8065, 13, -1405, 1296, 8728, 4331, -12887, -12081, 10588, 15618, -3951, -14036, -3780, 9488, 8560, 608, -8016, -8839, 4705, 12409, -50, -10919, -4362, 7485, 3809, -3216, 94, 924, -4304, -2674, 5226, 6787, -3434, -9528, -2333, 10599, 10930, -9179, -13833, 3510, 17486, 3069, -17616, -9052, 13370, 11489, -7743, -11864, 2524, 8893, 53, -4702, -239, 2236, -1126, -2372, 3807, 3904, -4982, -6209, 2725, 9027, 153, -10185, -3741, 8672, 5585, -6501, -7243, 3932, 6297, -980, -4006, 271, 1788, -179, -1096, 595, 253, -436, -1059, 26, 2471, 1033, -1803, -1629, 1259, 2480, -867, -1694, -187, 639, 777, 400, -409, -1406, -137, 2876, 802, -3156, -1977, 2518, 2447, -2122, -2409, 1639, 1673, -912, -922, 918, 868, -850, -1184, 1479, 1145, -1713, -2038, 1308, 2283, -446, -2724, -561, 3189, 1238, -2822, -1805, 2183, 1923, -1146, -1449, 766, 976, -626, -481, 782, 387, -940, -639, 1175, 1143, -1139, -1910, 1214, 2181, -589, -1873, -123, 1667, 714, -796, -1243, 51, 271, 1392, -240, -1550, -382, 1334, 951, -957, -1162, -252, 661, 985, -199, -1744, 256, 2435, 260, -2238, -372, 3033, -414, -3617, 48, 4088, 690, -3756, -2308, 3914, 2845, -3167, -3500, 2254, 3708, -211, -2462, -1804, 1201, 3700, 529, -3541, -1025, 2914, 1871, -1428, -1076, -623, -832, 2106, 2502, -3399, -3903, 3376, 4007, -2779, -3084, 2116, 913, -2484, 1541, 2594, -3930, -3413, 4833, 4181, -5236, -4766, 4876, 5129, -4299, -4493, 3669, 3130, -3327, -2558, 3357, 2014, -3173, -1745, 3305, 1913, -3122, -2527, 2771, 3150, -2518, -3447, 2236, 3652, -1930, -3907, 1222, 3622, -660, -3926, -955, 5108, 2337, -5173, -3562, 5137, 4939, -5343, -6403, 4376, 4895, -4054, -3505, 2429, 928, -889, 3479, -1466, -6850, 4601, 10035, -7128, -13627, 10099, 15728, -11808, -17770, 11747, 17874, -9095, -16630, 4436, 12649, 1787, -7461, -7578, 818, 11315, 4766, -11849, -8734, 10525, 10452, -7213, -9662, 4621, 6984, -1904, -3769, 1932, 951, -2732, -518, 3681, 3032, -4375, -6401, 2715, 9914, 786, -11715, -4903, 11443, 9054, -6873, -10120, 2665, 10243, 1486, -8912, -5324, 4656, 7381, -732, -7383, -2844, 5773, 3861, -3581, -4083, 2338, 3080, -1507, -1590, 980, 374, -1677, 145, 1852, 775, -1570, -1880, 1272, 2974, -593, -3713
1791219587.101, MrmFullScanInfo, 369, 107, 2196490, 0, 0, 0, 0, 10000, 39297, 32, 2, 2, 1, 480, 0, 0, 0, 0, 0, 0, 165127, -232205, -310782, 473856, 367934, -496942, -398330, 270623, 452228, 62105, -481631, -339737, 399680, 505237, -198702, -586794, -26725, 596040, 176269, -498602, -220919, 282888, 186798, -1381, -114506, -263043, 53964, 449320, -56434, -532271, 131324, 523248, -232933, -468448, 299700, 421348, -296205, -412230, 221034, 431651, -89251, -437769, -77780, 382499, 249075, -243364, -384774, 40127, 447445, 174993, -418186, -347354, 308455, 443757, -158271, -456599, 20283, 395968, 64756, -283265, -83246, 149637, 47958, -29531, 13772, -50566, -72351, 80365, 103585, -66561, -93945, 28759, 43659, 7334, 34308, -19802, -118543, -338, 185320, 46403, -215662, -100554, 200950, 142076, -145065, -155261, 63611, 134302, 20007, -84288, -82211, 18693, 108371, 44371, -98319, -87299, 64972, 99399, -27612, -81276, 3199, 44466, 433, -6071, 13474, -18664, -34266, 23090, 49746, -10871, -51221, -7981, 36983, 22789, -12564, -26397, -12666, 17660, 30076, -1411, -34880, -14627, 27631, 23796, -13709, -22983, 338, 13547, 7149, -472, -7287, -10306, 2423, 14967, 2936, -13164, -4834, 7574, 2039, -2313, 3791, 618, -9527, -2944, 12190, 7135, -10307, -10122, 4743, 9621, 1912, -5200, -6889, -1414, 8508, 7354, -6776, -10390, 3372, 9932, -672, -7001, 179, 3681, -1618, -2055, 3405, 3033, -3578, -5989, 1069, 9240, 3701, -10793, -9304, 9329, 14166, -5051, -16912, -511, 16608, 5499, -13414, -8452, 8674, 8788, -4181, -7019, 1399, 4519, -928, -2692, 2228, 2370, -3869, -3685, 4441, 6067, -3399, -8374, 1105, 9494, 1623, -8929, -3840, 6955, 4827, -4340, -4428, 1988, 3115, -490, -1648, -108, 739, 165, -685, -100, 1220, 237, -1768, -655, 1918, 1118, -1558, -1263, 806, 914, 21, -100, -565, -1032, 648, 2200, -284, -3035, -376, 3325, 1055, -3091, -1427, 2503, 1382, -1785, -1092, 1235, 830, -1086, -742, 1321, 857, -1648, -1171, 1713, 1692, -1360, -2341, 706, 2915, 22, -3127, -633, 2838, 1017, -2176, -1109, 1450, 935, -932, -622, 742, 371, -837, -358, 1111, 641, -1409, -1084, 1541, 1474, -1333, -1646, 764, 1549, -46, -1134, -515, 391, 757, 508, -679, -1232, 349, 1495, 130, -1214, -565, 484, 826, 492, -904, -1434, 865, 2152, -797, -2639, 819, 3016, -936, -3354, 912, 3666, -469, -3947, -378, 4118, 1368, -3947, -2179, 3151, 2596, -1598, -2524, -460, 2042, 2393, -1301, -3507, 471, 3439, 189, -2249, -369, 291, -75, 1898, 947, -3690, -1801, 4586, 2176, -4476, -1736, 3679, 388, -2683, 1625, 1908, -3754, -1597, 5429, 1803, -6327, -2328, 6452, 2786, -5989, -2828, 5212, 2403, -4399, -1737, 3784, 1133, -3458, -800, 3372, 852, -3405, -1256, 3451, 1850, -3440, -2421, 3312, 2844, -3003, -3116, 2450, 3410, -1612, -3947, 561, 4766, 578, -5642, -1745, 6306, 2823, -6586, -3474, 6318, 3319, -5311, -2148, 3453, 47, -705, 2636, -2789, -5400, 6700, 7856, -10568, -9863, 13893, 11389, -16055, -12399, 16350, 12792, -14221, -12357, 9580, 10883, -3050, -8282, -4009, 4752, 9931, -771, -13373, -2952, 13875, 5666, -11899, -6789, 8561, 6185, -5193, -4298, 2869, 2147, -2073, -952, 2587, 1544, -3581, -3902, 3954, 7234, -2864, -10227, 238, 11551, 3263, -10504, -6622, 7349, 8837, -3017, -9207, -1419, 7593, 5016, -4575, -7064, 1228, 7343, 1439, -6220, -2835, 4436, 2903, -2718, -2012, 1546, 823, -1055, -19, 1099, 22, -1386, -801
1791219587.101, MrmFullScanInfo, 369, 107, 2196490, 0, 0, 0, 0, 10000, 39297, 32, 4, 2, 1, 480, 0, 0, 0, 0, 0, 0, -49, -61, 73, 79, -23, -68, -7, 52, -140, 80, 490, -371, -657, 499, 444, -386, -191, 468, 433, -1149, -1181, 2087, 1788, -2363, -1409, 1431, -179, 324, 1863, -1727, -2116, 1822, 955, -829, 294, -183, -1032, 625, 1741, -941, -2541, 1913, 2612, -4514, -1432, 10153, -520, -19874, 2044, 33715, -2446, -52995, 3177, 80990, -7269, -118421, 16099, 158723, -25729, -189261, 28838, 198910, -20100, -183995, 246, 148458, 24847, -99773, -47819, 45341, 62270, 8148, -64751, -54569, 57787, 88017, -48275, -103981, 41355, 102283, -37546, -88018, 35588, 68459, -35183, -49354, 35563, 33904, -34930, -22821, 31361, 15103, -23764, -9099, 12347, 3469, 1231, 2380, -14264, -8176, 23973, 13096, -28650, -16286, 28183, 17209, -23922, -15671, 18020, 11977, -12384, -7092, 8013, 2339, -4854, 1264, 2309, -3329, 91, 4005, -2310, -3805, 3924, 3386, -4445, -3123, 3570, 2941, -1346, -2481, -1666, 1480, 4539, 70, -6408, -1901, 6884, 3552, -6184, -4583, 4901, 4753, -3692, -3995, 3018, 2493, -2950, -701, 3265, -776, -3536, 1487, 3385, -1298, -2663, 522, 1502, 193, -257, -286, -631, -357, 809, 1441, -156, -2458, -1082, 2899, 2502, -2496, -3689, 1339, 4400, 152, -4529, -1459, 4045, 2250, -3029, -2485, 1791, 2314, -738, -1826, 93, 1140, 206, -453, -281, 15, 135, 49, 225, 144, -615, -426, 755, 738, -567, -1119, 226, 1572, 109, -1964, -429, 2191, 776, -2226, -1089, 2135, 1288, -1956, -1341, 1712, 1316, -1424, -1268, 1126, 1200, -831, -1114, 521, 1126, -215, -1344, -6, 1683, 121, -1908, -155, 1870, 92, -1597, 122, 1244, -490, -924, 929, 668, -1270, -529, 1360, 606, -1150, -906, 779, 1330, -485, -1758, 456, 2088, -678, -2220, 982, 2176, -1224, -2082, 1347, 2059, -1331, -2059, 1180, 1957, -940, -1676, 691, 1273, -485, -909, 401, 714, -469, -645, 577, 638, -549, -703, 368, 826, -123, -903, -95, 904, 219, -942, -136, 1099, -190, -1293, 627, 1417, -923, -1478, 909, 1542, -597, -1555, 144, 1425, 302, -1159, -634, 856, 846, -665, -1007, 696, 1202, -916, -1411, 1094, 1561, -978, -1628, 567, 1627, -17, -1510, -535, 1240, 1054, -841, -1470, 404, 1737, -65, -1812, -62, 1687, 12, -1474, 82, 1391, -172, -1543, 278, 1781, -322, -1858, 117, 1651, 407, -1184, -1097, 543, 1741, 196, -2195, -905, 2369, 1412, -2172, -1614, 1635, 1549, -920, -1284, 188, 864, 545, -376, -1276, 28, 1871, 38, -2110, 100, 1981, -220, -1682, 235, 1421, -276, -1243, 499, 1095, -844, -917, 1085, 704, -1042, -501, 746, 329, -336, -111, -164, -213, 756, 568, -1286, -829, 1496, 981, -1261, -1047, 671, 1072, 150, -1067, -1136, 1054, 2221, -1055, -3207, 1100, 3811, -1156, -3886, 1145, 3536, -1068, -2939, 983, 2200, -873, -1366, 722, 629, -646, -245, 791, 336, -1029, -814, 1094, 1477, -859, -2095, 386, 2499, 145, -2550, -565, 2171, 779, -1445, -718, 658, 346, -67, 289, -171, -988, -43, 1534, 703, -1756, -1620, 1548, 2534, -886, -3270, -142, 3826, 1290, -4236, -2230, 4559, 2828, -4849, -3173, 5070, 3420, -5036, -3628, 4549, 3820, -3577, -3959, 2275, 3920, -896, -3535
1791219587.101, MrmDetectionListInfo, 369, 121, 55, 8402, 56, 11517, 57, 15351, 58, 19664, 59, 24444, 60, 30080, 61, 37139, 62, 46003, 63, 56666, 64, 65535, 65, 65535, 66, 65535, 67, 65535, 68, 65535, 69, 65535, 70, 65535, 71, 65535, 72, 65535, 73, 65535, 74, 65535, 75, 65535, 76, 65535, 77, 59183, 78, 49128, 79, 40491, 80, 38227, 81, 45033, 82, 57978, 83, 65535, 84, 65535, 85, 65535, 86, 65535, 87, 65535, 88, 65535, 89, 65535, 90, 60758, 91, 54975, 92, 49904, 93, 45419, 94, 41133, 95, 37041, 96, 33372, 97, 30149, 98, 27094, 99, 23882, 100, 20352, 101, 16489, 102, 12325, 108, 15452, 109, 19452, 110, 21112, 111, 21753, 112, 22314, 113, 22516, 114, 21719, 115, 19887, 116, 17539, 117, 15122, 118, 12720, 119, 10268, 120, 7828, 121, 5611, 146, 5271, 147, 5224, 148, 4984, 149, 4697, 150, 4378, 151, 3979, 258, 1231, 259, 1349, 260, 1461, 261, 1553, 263, 1661, 264, 1684, 265, 1697, 266, 1704, 267, 1702, 268, 1686, 269, 1646, 270, 1577, 271, 1475, 272, 1346, 273, 1196, 274, 1036, 356, 1366, 357, 1633, 358, 1843, 359, 1912, 360, 1850, 361, 1719, 388, 881, 411, 1769, 412, 1986, 413, 2181, 414, 2367, 415, 2505, 416, 2555, 417, 2514, 418, 2411, 419, 2272, 458, 1874, 459, 1916, 460, 1904, 462, 1978, 463, 2250, 464, 2697, 465, 3158, 466, 3479, 467, 3660, 468, 3800, 469, 3961, 470, 4120, 471, 4229, 472, 4273, 473, 4264, 474, 4207, 475, 4091, 476, 3905, 477, 3653, 478, 3348, 479, 3000
1791219587.210, MrmFullScanInfo, 370, 107, 2196615, 0, 0, 0, 0, 10000, 39297, 32, 1, 2, 1, 480, -335536, 512264, 406558, -505302, -476984, 465535, 517642, -335935, -520145, -53780, 519713, 445511, -462807, -516252, 165856, 517315, 144789, -519694, -339787, 511827, 366823, -439344, -288002, 107036, 230262, 183358, -11335, -240276, -174629, 432846, 138020, -455738, 141, 511628, -137521, -512387, 176136, 512737, -142407, -515337, 51531, 514754, 89798, -459689, -264264, 319955, 406695, -57548, -455895, -188672, 378336, 384998, -248173, -484728, 62556, 469973, 99992, -414240, -192477, 308116, 211722, -190097, -156897, 81644, 73791, -5672, 16670, -26614, -90790, 30803, 124060, -16039, -103827, -3855, 43390, 4506, 29142, 26935, -96623, -82029, 142825, 138939, -135986, -182262, 95402, 197115, -34733, -169720, -35761, 108910, 86936, -30875, -100955, -43717, 84857, 97625, -39761, -120891, -5914, 101215, 33748, -65607, -33176, 27204, 8242, 365, 26096, -2573, -49299, -13231, 55469, 29716, -41195, -38237, 13074, 35613, 14189, -20452, -29650, -4348, 34088, 25962, -24611, -38170, 5426, 37856, 10648, -27205, -16703, 10313, 11715, 3215, -2083, -7526, -8586, 5327, 14248, -1282, -10161, -3335, 2008, 3850, 4478, 2255, -8342, -10744, 7226, 15313, -1493, -14989, -5132, 11297, 8198, -2600, -7400, -6057, 4476, 9548, 66, -8899, -4385, 5517, 3604, -1650, 930, 100, -4182, -2231, 5001, 6367, -3452, -9888, -3041, 11579, 10180, -9617, -12848, 3819, 15580, 3638, -14966, -10177, 10803, 12921, -4050, -13149, -1211, 10105, 4262, -6121, -3999, 2973, 1629, -2546, 2002, 4142, -4100, -6626, 3704, 9551, -571, -11159, -2264, 9408, 4862, -6572, -7531, 3673, 6802, -507, -4371, -1493, 2502, 1875, -825, -1210, -2, 1523, -282, -1024, 1498, 1727, -1963, -2245, 914, 2928, -760, -2801, -499, 1807, 1549, -695, -1778, -675, 928, 1431, 228, -2489, -883, 1519, 1955, -1484, -1918, 775, 764, -682, 157, 666, -911, -1908, 1046, 2444, -506, -2859, -218, 3095, 1710, -1300, -3411, -221, 3873, 1569, -3931, -2516, 3116, 3017, -2497, -3061, 1871, 1955, -1645, -1097, 2427, 750, -2391, -294, 2876, 734, -3068, -1176, 2689, 2030, -2163, -1812, 1509, 2044, -488, -1288, -1171, 309, 591, 125, -789, -574, 523, 400, -86, 109, 0, -427, -315, 1501, -12, -2470, -553, 2736, 479, -3444, -190, 3966, 430, -4407, -1221, 4552, 1317, -4583, -2354, 4750, 3898, -3420, -3873, 2631, 3589, -517, -2424, -1838, 771, 3710, 588, -3716, -1393, 3578, 805, -1500, -654, -487, -1290, 1787, 3099, -2552, -4241, 2555, 4573, -1951, -2953, 2216, 872, -1385, 1699, 2255, -3764, -3048, 5270, 4182, -5618, -4951, 5880, 4861, -4805, -4539, 4533, 3270, -3145, -2328, 3082, 1367, -2254, -1190, 2103, 1164, -2342, -1886, 1714, 2225, -2136, -2712, 2021, 3143, -1772, -3162, 2152, 4022, -1657, -4089, 252, 5478, 923, -5236, -2874, 5318, 4333, -5232, -4681, 4694, 4846, -4180, -2729, 2734, 489, -1746, 3722, 20, -7153, 2842, 10875, -5932, -14054, 8748, 16828, -10286, -18265, 11265, 19630, -8488, -18375, 3535, 13611, 1958, -8376, -7935, 1575, 11039, 4325, -12205, -8801, 10559, 11260, -7504, -10820, 4326, 7427, -2520, -4194, 2441, 1837, -4009, -1728, 4821, 3346, -5420, -6426, 3884, 8850, -361, -11129, -4387, 9918, 8205, -5129, -9215, 2115, 10017, 2732, -8323, -5521, 4488, 7326, -550, -6178, -3629, 4400, 4897, -2152, -4487, 646, 3689, 165, -2078, -386, 1110, -636, -728, 833, 1354, -780, -2121, 413, 2964, 461, -3330
1791219587.210, MrmFullScanInfo, 370, 107, 2196615, 0, 0, 0, 0, 10000, 39297, 32, 2, 2, 1, 480, 0, 0, 0, 0, 0, 0, 165490, -232608, -311257, 474956, 367934, -498103, -397846, 270816, 451707, 63043, -481215, -340898, 398615, 506117, -196222, -587729, -30282, 597672, 179404, -500954, -222728, 285362, 188614, -3653, -118309, -260631, 59860, 446571, -61890, -530142, 133468, 523081, -230903, -470580, 294522, 424770, -288934, -415489, 212187, 433430, -80110, -436440, -85057, 377318, 252554, -235850, -382830, 32932, 438654, 180501, -401944, -351631, 285128, 447610, -128941, -460878, -13607, 401930, 101927, -292268, -122912, 161706, 88744, -42089, -24940, -42327, -40548, 81670, 83551, -80628, -89163, 55018, 55638, -26580, 6830, 14604, -79807, -27810, 141057, 62337, -171171, -105038, 160615, 138764, -112688, -148629, 41876, 127796, 30606, -79685, -83733, 16155, 104486, 45969, -92392, -89893, 58754, 104891, -21312, -90583, -3594, 56956, 7878, -19864, 5909, -5844, -27434, 13009, 44135, -4265, -46864, -11399, 33827, 23804, -10622, -25717, -13516, 15591, 30108, 2230, -34346, -20244, 26686, 31493, -12512, -32225, -889, 23310, 8122, -9666, -7655, -2556, 1848, 9201, 4647, -9452, -7664, 5532, 5832, -1395, -629, 435, -5055, -3322, 8371, 8038, -7754, -11565, 3779, 11564, 1399, -7488, -5453, 995, 6875, 5022, -5474, -8246, 2609, 8038, -400, -5434, 173, 2541, -1636, -1416, 3307, 2927, -3435, -6367, 1133, 9872, 3143, -11251, -8103, 9173, 12406, -4046, -14774, -2306, 14205, 7802, -10713, -10975, 5627, 11338, -931, -9404, -1709, 6486, 1655, -4056, 484, 3146, -3155, -4051, 4750, 6237, -4472, -8482, 2441, 9550, 601, -8901, -3511, 6781, 5204, -3859, -5258, 1017, 4078, 1003, -2454, -1934, 1178, 2011, -729, -1676, 1018, 1382, -1526, -1424, 1755, 1751, -1465, -2029, 683, 1933, 323, -1351, -1084, 356, 1271, 806, -868, -1768, 105, 2247, 656, -2191, -1019, 1756, 784, -1213, -86, 914, -714, -1059, 1270, 1595, -1324, -2196, 728, 2462, 507, -2148, -2097, 1325, 3520, -254, -4303, -804, 4327, 1609, -3793, -1925, 3083, 1673, -2519, -1004, 2269, 251, -2320, 261, 2553, -333, -2803, -13, 2900, 574, -2704, -1079, 2108, 1330, -1151, -1263, 114, 926, 653, -449, -962, 33, 865, 155, -533, -18, 160, -468, 148, 1231, -373, -2083, 548, 2847, -700, -3449, 804, 3920, -762, -4306, 507, 4644, 15, -4893, -800, 4942, 1695, -4582, -2386, 3573, 2625, -1799, -2383, -470, 1813, 2591, -1150, -3829, 596, 3742, -268, -2394, 281, 316, -732, 1785, 1569, -3327, -2411, 4031, 2728, -3888, -2115, 3125, 565, -2141, 1569, 1408, -3776, -1236, 5612, 1591, -6762, -2162, 7108, 2573, -6692, -2575, 5728, 2156, -4524, -1501, 3392, 893, -2580, -560, 2187, 594, -2163, -921, 2364, 1399, -2624, -1866, 2837, 2270, -2947, -2637, 2895, 3092, -2555, -3751, 1824, 4591, -706, -5442, -632, 6102, 1894, -6414, -2668, 6207, 2618, -5327, -1548, 3718, -513, -1366, 3272, -1711, -6231, 5395, 8912, -9286, -11050, 12794, 12629, -15227, -13727, 15841, 14245, -14010, -13853, 9561, 12231, -3131, -9338, -3889, 5465, 9838, -1105, -13394, -3050, 14067, 6171, -12258, -7517, 9057, 6890, -5830, -4880, 3722, 2632, -3187, -1304, 3883, 1585, -4860, -3476, 5009, 6338, -3578, -8963, 635, 10085, 3066, -9021, -6503, 6053, 8722, -2065, -9062, -1893, 7343, 4893, -4062, -6375, 333, 6275, 2633, -4975, -4098, 3120, 4078, -1414, -3096, 372, 1862, -107, -993, 372, 831, -752, -1345
1791219587.226, MrmFullScanInfo, 370, 107, 2196615, 0, 0, 0, 0, 10000, 39297, 32, 4, 2, 1, 480, 0, 0, 0, 0, 0, 0, 311, -403, -395, 1097, -41, -1171, 497, 206, -600, 1007, 672, -1389, -1403, 1170, 2688, -1138, -3598, 1814, 3273, -2807, -2320, 3376, 2640, -3353, -4498, 3118, 5940, -2683, -4804, 1432, 1369, 597, 2399, -2500, -5172, 3408, 7114, -3105, -8474, 1499, 8407, 2066, -6392, -6990, 2910, 11367, 1985, -14370, -8729, 17393, 16886, -22904, -24879, 32563, 30655, -46698, -33091, 63273, 33580, -77621, -35181, 84148, 39261, -78774, -43831, 60728, 45215, -32484, -40754, -1015, 29476, 33334, -12107, -58144, -7414, 70631, 23224, -68926, -31781, 55950, 33464, -38512, -29846, 23022, 21680, -12411, -10406, 6726, -1025, -4446, 9236, 3513, -12113, -1989, 10040, -1432, -5326, 6904, 629, -13237, 2364, 18457, -3316, -20931, 2931, 20094, -2047, -16480, 1077, 11330, -257, -6079, -123, 1733, 32, 1399, 134, -3566, -45, 5323, -222, -7105, 375, 8884, -228, -10174, -244, 10481, 937, -9634, -1541, 7772, 1688, -5218, -1184, 2525, 111, -305, 1269, -1125, -2513, 1850, 3105, -2063, -2745, 1972, 1514, -1788, 196, 1682, -1774, -1711, 2628, 1866, -2532, -2047, 1752, 2097, -737, -1847, -82, 1262, 390, -434, -112, -420, -543, 1082, 1190, -1371, -1468, 1145, 1253, -370, -660, -752, -74, 1882, 827, -2713, -1554, 3098, 2249, -3078, -2845, 2803, 3182, -2349, -3105, 1761, 2573, -1155, -1642, 686, 509, -439, 522, 423, -1168, -567, 1269, 742, -813, -844, 4, 809, 814, -525, -1358, 1, 1533, 600, -1360, -1045, 958, 1203, -535, -1073, 262, 780, -184, -549, 259, 560, -409, -798, 513, 1101, -426, -1337, 200, 1433, 3, -1332, -87, 1040, 93, -660, -92, 343, 139, -169, -275, 116, 543, -64, -900, -62, 1199, 313, -1243, -651, 921, 963, -244, -1099, -630, 985, 1446, -646, -2009, 156, 2288, 337, -2313, -632, 2176, 615, -1994, -276, 1871, -261, -1803, 813, 1749, -1163, -1703, 1194, 1695, -936, -1723, 529, 1702, -144, -1496, -161, 1108, 430, -680, -676, 355, 871, -149, -961, 28, 955, 36, -903, -56, 869, 46, -904, 15, 1028, -133, -1207, 214, 1385, -135, -1520, -32, 1608, 168, -1599, -272, 1466, 384, -1209, -459, 858, 458, -449, -432, 42, 447, 290, -566, -458, 807, 402, -1067, -188, 1237, 23, -1305, -68, 1360, 307, -1365, -587, 1202, 825, -815, -1047, 329, 1257, 109, -1356, -482, 1250, 847, -999, -1165, 730, 1338, -492, -1254, 252, 878, 29, -281, -308, -371, 515, 871, -581, -1110, 491, 1117, -290, -958, 82, 674, 78, -240, -145, -324, 115, 934, -32, -1428, -14, 1652, -30, -1534, 150, 1180, -300, -763, 428, 422, -479, -223, 408, 211, -169, -394, -245, 770, 708, -1317, -988, 1932, 1009, -2423, -833, 2696, 543, -2797, -209, 2775, -89, -2579, 284, 2145, -362, -1536, 344, 929, -276, -433, 208, 65, -121, 150, -30, -129, 264, -103, -577, 346, 965, -426, -1342, 393, 1567, -428, -1502, 626, 1124, -913, -536, 1227, -38, -1537, 433, 1818, -573, -1977, 471, 1958, -152, -1724, -389, 1301, 1142, -860, -1931, 590, 2485, -524, -2681, 546, 2657, -544, -2599, 471, 2576, -300, -2520, 10, 2308, 409, -1872
1791219587.226, MrmDetectionListInfo, 370, 83, 53, 6483, 55, 8131, 56, 10072, 57, 12938, 58, 16272, 59, 19702, 60, 23298, 61, 27312, 62, 31774, 63, 36443, 64, 41051, 65, 45471, 66, 49657, 67, 53505, 68, 56819, 69, 59341, 70, 60805, 71, 60934, 72, 59463, 73, 56176, 74, 50968, 75, 43902, 76, 35252, 77, 26083, 78, 19487, 79, 19258, 80, 25218, 81, 32356, 82, 36525, 83, 38645, 84, 41919, 85, 46636, 86, 49636, 87, 48396, 88, 43738, 89, 38212, 90, 33228, 91, 28457, 92, 23247, 93, 17736, 94, 12595, 95, 8310, 99, 5982, 100, 7936, 101, 8143, 110, 11151, 111, 12139, 112, 12221, 113, 11715, 114, 10933, 115, 9926, 116, 8630, 117, 7087, 118, 5472, 191, 2719, 192, 2847, 193, 2926, 194, 2930, 195, 2856, 196, 2714, 267, 1188, 268, 1237, 269, 1214, 270, 1190, 272, 1327, 273, 1425, 274, 1459, 275, 1415, 276, 1315, 283, 1423, 284, 1471, 285, 1461, 286, 1423, 287, 1370, 288, 1298, 289, 1203, 411, 1525, 412, 1632, 413, 1696, 414, 1716, 415, 1691, 416, 1635, 475, 1513
1791219587.335, MrmFullScanInfo, 371, 107, 2196740, 0, 0, 0, 0, 10000, 39297, 32, 1, 2, 1, 480, -338140, 511599, 405260, -503431, -477033, 465914, 517977, -329708, -520170, -51277, 519704, 445981, -458972, -516105, 162249, 518161, 141971, -519792, -334294, 511781, 362727, -437284, -283495, 102991, 226633, 185899, 1370, -243065, -182776, 430649, 139782, -452204, -2028, 510309, -142305, -510377, 186830, 511199, -153656, -514436, 64761, 515653, 75664, -465962, -266639, 325063, 410050, -64024, -461698, -184034, 387974, 384830, -262816, -487844, 71003, 474282, 90430, -420335, -186630, 310941, 210026, -179499, -147726, 67307, 65319, 14389, 31476, -44810, -111610, 41071, 146402, -12638, -120553, -18716, 51101, 27973, 36927, 2296, -113183, -62189, 159120, 123977, -157391, -176132, 116235, 199159, -49829, -178782, -26896, 118657, 84353, -38263, -101125, -40815, 84553, 94923, -39784, -119973, -8576, 103327, 39357, -66073, -37769, 26110, 11659, 2174, 24472, -5756, -49795, -11118, 58053, 28845, -45067, -37957, 18543, 37464, 10660, -21590, -27797, -3261, 32656, 25846, -24066, -38939, 4914, 39215, 11405, -28377, -17331, 10836, 13548, 3401, -2806, -8833, -9922, 7256, 16306, -2602, -13679, -1823, 5898, 2413, 1741, 3224, -6600, -11844, 7925, 15984, -2951, -17248, -2841, 13234, 5086, -5467, -4927, -3205, 1971, 7865, 2955, -7444, -7247, 4870, 6289, -1277, -1153, -1021, -2675, -1722, 4283, 6124, -3595, -9489, -698, 11040, 7592, -10349, -9618, 5216, 12395, 1971, -12880, -8465, 9671, 11844, -3177, -12584, -1868, 10066, 4673, -6366, -4993, 2764, 3283, -1716, 348, 2220, -2850, -4520, 2878, 7412, -904, -8941, -1067, 8230, 3972, -5570, -5678, 3136, 5095, -883, -2958, -1738, 1555, 2156, 301, -2301, -1008, 1844, 44, -1294, 1142, 1569, -1873, -1952, 1907, 2535, -1831, -2608, 1332, 2603, -134, -1950, -608, 352, 176, 769, -28, -1592, -907, 1910, 2011, -2050, -2366, 1546, 1102, -907, -381, 1287, -888, -1422, 1091, 2511, -1341, -3108, -297, 2845, 1250, -1514, -2602, -325, 3058, 1904, -2910, -2799, 2983, 3540, -1767, -3954, 1743, 3577, -1105, -2354, 2020, 1731, -1849, -1763, 2656, 1313, -3013, -1897, 2540, 2484, -1824, -2361, 840, 1789, 343, -1743, -1441, 458, 1828, 1015, -1203, -1022, 523, 787, -187, -885, -208, -653, -258, 711, 647, -1104, -922, 1278, 292, -1228, -61, 2323, -83, -3149, -23, 3877, 1001, -4177, -2162, 3974, 3268, -3088, -3994, 2190, 3189, -199, -2659, -2411, 202, 4353, 947, -4262, -1674, 3997, 1883, -2577, -1063, -242, -883, 1516, 2365, -2994, -4001, 2179, 4366, -1393, -3600, 624, 1269, -137, 1819, 1454, -3501, -2811, 5015, 3600, -5649, -4616, 5888, 4923, -4435, -4148, 4120, 3350, -3286, -2329, 2671, 1129, -2400, -479, 1940, 480, -1290, -350, 1882, 1145, -2014, -1811, 2603, 2547, -2747, -2872, 2391, 3449, -2109, -4051, 250, 4470, 1001, -5439, -2642, 5198, 3840, -5144, -4575, 4910, 3628, -3891, -1729, 3340, -725, -2284, 4838, 179, -7627, 2169, 10657, -4901, -13684, 7761, 16438, -10407, -18069, 10329, 18020, -8470, -16518, 3667, 12456, 2309, -7039, -7519, 973, 11011, 5046, -12031, -9509, 11060, 11171, -7925, -11010, 4891, 8042, -2808, -4427, 2591, 1725, -2917, -1772, 4500, 3396, -5123, -5947, 3181, 9095, 25, -10422, -4804, 9688, 8680, -4974, -10042, 1974, 10531, 2575, -9488, -5673, 6210, 6595, -2529, -6450, -864, 4299, 2438, -1633, -2919, 662, 2391, 352, -993, -788, -14, 409, 475, 262, 919, -584, -1445, 321, 2831, -196, -3126
1791219587.335, MrmFullScanInfo, 371, 107, 2196740, 0, 0, 0, 0, 10000, 39297, 32, 2, 2, 1, 480, 0, 0, 0, 0, 0, 0, 165504, -232005, -311438, 473536, 368500, -496430, -398413, 269663, 451291, 63625, -479537, -341536, 397053, 506829, -196689, -587669, -27260, 595910, 175049, -497381, -218112, 280624, 183472, 1316, -112245, -264721, 53619, 448678, -57103, -529790, 131777, 520620, -233520, -466540, 301655, 419716, -299592, -410534, 224091, 430230, -90074, -436657, -79681, 381608, 252431, -243025, -387221, 40502, 446708, 174852, -412587, -349044, 296716, 447888, -139550, -462157, -5293, 400875, 96265, -285476, -119108, 147751, 84933, -22607, -18662, -63080, -51247, 98052, 98548, -87487, -105578, 49559, 68819, -9473, 786, -10222, -82213, -1101, 150896, 39413, -186340, -89747, 178406, 132482, -129896, -150261, 55629, 134315, 21826, -87471, -79697, 22517, 103546, 42293, -92290, -89087, 57677, 106361, -18637, -93013, -7313, 58759, 11566, -20006, 3232, -7405, -26450, 15544, 45218, -6813, -49922, -9516, 38115, 22832, -14962, -25538, -10144, 15816, 28099, 2090, -33515, -20572, 26570, 32349, -12559, -33338, -1128, 24244, 8710, -9973, -8187, -3198, 1722, 10833, 5829, -11835, -9862, 8278, 8538, -4080, -3023, 2640, -3738, -4832, 8519, 8981, -9344, -12319, 6496, 12506, -1995, -8743, -1823, 2389, 3315, 3861, -2137, -7623, -399, 7960, 2178, -5619, -1903, 2675, -120, -1354, 2533, 2623, -3673, -5788, 2523, 9132, 719, -10658, -5004, 9025, 9152, -4421, -11914, -1561, 12088, 6986, -9378, -10394, 4877, 11133, -409, -9483, -2416, 6564, 2829, -3795, -1149, 2329, -1360, -2651, 3261, 4409, -3670, -6482, 2461, 7664, -154, -7367, -2220, 5698, 3651, -3162, -3745, 480, 2820, 1614, -1549, -2668, 625, 2701, -447, -2098, 929, 1428, -1656, -1112, 2234, 1232, -2410, -1572, 2085, 1799, -1356, -1614, 519, 912, 102, 142, -276, -1231, -39, 2085, 597, -2497, -955, 2391, 807, -1903, -179, 1396, -653, -1227, 1338, 1506, -1532, -2000, 1052, 2265, 55, -1947, -1470, 1032, 2790, 201, -3638, -1416, 3865, 2385, -3570, -2927, 3053, 2896, -2595, -2348, 2352, 1582, -2380, -931, 2616, 622, -2864, -713, 2881, 1078, -2497, -1468, 1681, 1688, -561, -1586, -562, 1103, 1352, -375, -1596, -304, 1326, 666, -791, -578, 300, 100, -46, 558, 20, -1134, -33, 1523, -78, -1816, 344, 2213, -626, -2797, 701, 3480, -354, -4064, -443, 4345, 1451, -4122, -2284, 3182, 2625, -1401, -2390, -954, 1759, 3187, -986, -4530, 304, 4531, 110, -3207, -111, 983, -345, 1392, 1163, -3125, -2080, 3764, 2691, -3324, -2500, 2256, 1260, -1180, 829, 604, -3209, -684, 5291, 1238, -6624, -1925, 7005, 2425, -6518, -2523, 5492, 2176, -4305, -1492, 3223, 707, -2355, -90, 1762, -158, -1522, 16, 1702, 408, -2231, -939, 2869, 1447, -3325, -1931, 3364, 2496, -2872, -3263, 1906, 4242, -663, -5246, -607, 6017, 1656, -6330, -2154, 6061, 1818, -5149, -501, 3583, -1681, -1331, 4337, -1575, -6952, 4951, 9211, -8519, -11049, 11896, 12421, -14415, -13208, 15179, 13280, -13417, -12511, 8994, 10806, -2637, -8114, -4213, 4529, 9999, -432, -13540, -3470, 14340, 6354, -12678, -7569, 9541, 6935, -6203, -4959, 3776, 2763, -2875, -1483, 3349, 1759, -4280, -3566, 4450, 6302, -3043, -8819, 85, 9914, 3672, -8952, -7179, 6147, 9521, -2357, -10101, -1379, 8759, 4175, -5917, -5492, 2503, 5283, 477, -3988, -2297, 2290, 2732, -746, -2079, -304, 1048, 686, -351, -433, 360, -178, -998
1791219587.335, MrmFullScanInfo, 371, 107, 2196740, 0, 0, 0, 0, 10000, 39297, 32, 4, 2, 1, 480, 0, 0, 0, 0, 0, 0, 121, 455, -311, -993, 525, 1188, -345, -1020, -676, 928, 1955, -1148, -2109, 1156, 578, -381, 1612, -1058, -3061, 2499, 3701, -3457, -4113, 3697, 4286, -2872, -3826, 997, 2746, 1015, -1007, -2311, -1715, 3077, 5003, -3663, -7643, 3647, 8274, -2517, -6343, 502, 2643, 1726, 1015, -3218, -3237, 3096, 3731, -932, -2430, -3068, -663, 8069, 5073, -12484, -9662, 14406, 13633, -12638, -16497, 7561, 17355, -789, -14879, -5628, 8562, 9774, -13, -10553, -7842, 8069, 12593, -3561, -13476, -1285, 11130, 4973, -6816, -6405, 1886, 4929, 2437, -886, -5329, -4028, 6566, 7655, -6402, -8702, 5325, 7325, -3970, -4285, 3112, 249, -3163, 4013, 3837, -7290, -4427, 8544, 4409, -7706, -3562, 5586, 1945, -3213, 140, 1337, -2182, -196, 3579, -331, -3908, 569, 3200, -912, -1975, 1669, 856, -2869, -223, 4133, 212, -4908, -698, 4837, 1244, -3874, -1272, 2233, 493, -324, 914, -1365, -2437, 2484, 3507, -2900, -3653, 2675, 2764, -2098, -1127, 1583, -801, -1428, 2585, 1662, -3865, -2023, 4437, 2205, -4359, -1989, 3889, 1418, -3230, -764, 2531, 306, -1927, -99, 1453, 25, -911, -37, 79, 180, 1034, -364, -2197, 434, 3116, -346, -3529, 211, 3364, -140, -2828, 220, 2254, -466, -1866, 768, 1759, -912, -1917, 708, 2190, -140, -2308, -599, 2049, 1279, -1346, -1713, 396, 1832, 482, -1661, -1054, 1282, 1291, -851, -1255, 578, 1029, -619, -726, 928, 455, -1221, -264, 1230, 159, -897, -69, 391, -121, 72, 497, -287, -1005, 137, 1482, 305, -1714, -794, 1556, 1128, -1064, -1203, 486, 976, -67, -471, -109, -101, 119, 489, -86, -567, 140, 392, -342, -138, 623, -20, -809, 10, 811, 92, -670, -126, 494, -16, -271, 313, -15, -654, 336, 998, -600, -1320, 764, 1515, -821, -1490, 794, 1262, -751, -908, 734, 529, -707, -247, 616, 135, -434, -165, 207, 281, 37, -375, -281, 359, 480, -234, -547, 66, 460, 69, -312, -137, 225, 193, -286, -337, 477, 623, -634, -963, 625, 1211, -436, -1225, 157, 984, 92, -612, -217, 285, 186, -106, -66, 70, -61, -130, 121, 285, -86, -514, 13, 745, 53, -910, -72, 979, 40, -919, 21, 712, -48, -461, 39, 369, -110, -532, 349, 890, -637, -1236, 786, 1368, -694, -1213, 415, 900, -53, -603, -244, 408, 352, -266, -262, 124, 74, 9, 118, -38, -308, -99, 562, 377, -866, -690, 1094, 939, -1052, -1059, 672, 1049, -86, -963, -464, 824, 786, -666, -837, 525, 714, -386, -572, 263, 539, -191, -628, 224, 803, -295, -1018, 290, 1240, -141, -1392, -134, 1383, 501, -1187, -930, 937, 1272, -768, -1341, 631, 1142, -352, -852, -83, 649, 507, -531, -719, 417, 712, -248, -614, 112, 518, -136, -413, 315, 296, -529, -207, 676, 154, -658, -120, 452, 149, -195, -189, 39, 122, 35, 102, -141, -397, 311, 662, -510, -803, 690, 770, -800, -600, 891, 324, -1038, 54, 1253, -476, -1451, 855, 1501, -1098, -1296, 1142, 882, -987, -455, 820, 172, -824, 0, 947, -126, -987, 207, 827, -176
1791219587.335, MrmDetectionListInfo, 371, 18, 65, 12394, 66, 13417, 67, 13856, 68, 13801, 69, 13198, 70, 11978, 71, 10288, 72, 8721, 74, 8154, 80, 9813, 81, 9961, 96, 7470, 97, 7581, 98, 7173, 99, 6510, 274, 1046, 276, 1164, 414, 1004
1791219587.460, MrmFullScanInfo, 372, 107, 2196865, 0, 0, 0, 0, 10000, 39297, 32, 1, 2, 1, 480, -336182, 512047, 405524, -504260, -477282, 467275, 518125, -328967, -520187, -54391, 519688, 444311, -463046, -515402, 167544, 518361, 141336, -519688, -333937, 511901, 367321, -436507, -287438, 104951, 225210, 185390, -5783, -240054, -174370, 431959, 129878, -455830, 1492, 509972, -141253, -511138, 176676, 513293, -145976, -515373, 57551, 515254, 83368, -462314, -265530, 322151, 407321, -63949, -461694, -184800, 385848, 380936, -257414, -484188, 70836, 467130, 84154, -405262, -173550, 294619, 193761, -167796, -137007, 58688, 56138, 20060, 35127, -44096, -104668, 35425, 127607, -5723, -92702, -23205, 21659, 25992, 61376, 8544, -130515, -71222, 169517, 139250, -157170, -191205, 104599, 213227, -27099, -188489, -54168, 125771, 111650, -44909, -129808, -35228, 110789, 91220, -64829, -115132, 12231, 95977, 21769, -60954, -26297, 23102, 4129, 1753, 26366, -2918, -46739, -14555, 52264, 32232, -38705, -42411, 10179, 39636, 16369, -25423, -33001, 1698, 34110, 19575, -24694, -29478, 6865, 29606, 9445, -18607, -13330, 3042, 8448, 9166, 2616, -11148, -12608, 6248, 16754, -550, -10877, -5297, 690, 6045, 8113, 745, -12614, -9185, 11198, 15615, -2913, -15723, -5235, 11438, 11725, -3176, -11267, -6120, 8217, 9979, -3026, -9255, -1927, 6314, 1139, -964, 2545, 8, -5217, -1394, 7622, 6678, -5458, -10304, -1403, 12492, 8206, -11679, -11092, 6424, 13776, 393, -15291, -7073, 11306, 11399, -4922, -11035, -493, 8447, 3580, -4349, -4219, 302, 2784, 52, 1679, 1034, -3387, -4279, 2514, 7265, 233, -9244, -3326, 9076, 6380, -6216, -7897, 2700, 9363, 548, -5513, -2729, 3781, 3225, -953, -2583, -530, 2402, 72, -1961, -327, 1913, 1088, -1223, -811, 3923, 1332, -2863, -2231, 2024, 4147, -1576, -4451, -196, 4262, 2031, -3288, -2784, 671, 4714, 233, -3991, -1907, 2750, 928, -1607, -500, 1497, -167, -1688, 1216, 2091, -1400, -2181, -1236, 1621, 1036, -1564, -2087, -339, 2705, 2154, -2256, -3300, 1636, 3637, -585, -3345, -281, 2979, 442, -3514, 332, 530, -1185, -801, 1447, 728, -1462, -1666, 1937, 2606, -1143, -2594, 237, 1755, 2530, -1525, -2589, 402, 2375, 629, -2388, -1621, 1484, 2043, -810, -1858, 170, 1515, 378, -879, -301, 242, 145, 428, 77, -1125, 332, 2114, -683, -2827, -77, 3651, 1112, -4450, -2797, 4216, 3365, -3401, -4125, 2236, 3490, 102, -1902, -2487, -283, 5077, 2305, -5241, -3953, 3789, 4588, -2126, -3147, -288, 1537, 1883, 1008, -2854, -3003, 2871, 4326, -2026, -3218, 1194, 1744, -983, 1414, 1796, -4155, -2935, 5015, 4444, -5806, -5376, 5168, 5587, -4516, -5640, 3994, 3981, -3642, -2511, 3145, 1472, -3110, -781, 2986, 878, -3049, -1468, 3119, 2069, -3381, -2890, 2892, 3126, -2214, -3669, 1886, 3780, -425, -4981, -1529, 6114, 3026, -6172, -4370, 6952, 5013, -6091, -5134, 5313, 4110, -4187, -2035, 2821, 40, -1483, 3970, 178, -6608, 2952, 9431, -5771, -11001, 8305, 12532, -10246, -13325, 10428, 13339, -8268, -12316, 3936, 8777, 2166, -4783, -8030, -203, 12271, 4792, -12836, -8611, 12059, 10712, -9152, -10416, 5976, 8524, -3480, -5497, 2701, 2743, -2929, -2449, 2631, 3540, -3799, -6158, 2425, 8813, -176, -9752, -3318, 9374, 6263, -5476, -7047, 2543, 7106, 515, -6404, -3237, 3953, 4310, -502, -3108, -2519, 872, 4016, 1388, -4177, -2080, 3458, 4306, -1309, -3447, 224, 3478, 1242, -1926, -904, 1138, 210, -534, 1177, 55, -2317
1791219587.460, MrmFullScanInfo, 372, 107, 2196865, 0, 0, 0, 0, 10000, 39297, 32, 2, 2, 1, 480, 0, 0, 0, 0, 0, 0, 165468, -232262, -311368, 473791, 368453, -496234, -398782, 269191, 452709, 63573, -482126, -340493, 400010, 505272, -198601, -586491, -27479, 595865, 177139, -498660, -220965, 282857, 186618, -1328, -116535, -262151, 59762, 446534, -64019, -528356, 136668, 520350, -233749, -468164, 296951, 423375, -291980, -414900, 216335, 433226, -84316, -437027, -82505, 379673, 252699, -240458, -385752, 39132, 443947, 174006, -409339, -345217, 294916, 439768, -141224, -448780, 148, 383525, 88639, -267708, -111533, 133472, 79461, -14570, -17376, -63548, -46048, 91136, 85398, -75298, -85195, 35970, 44303, 1165, 25233, -14587, -102823, -4436, 164917, 49977, -191730, -105616, 173864, 151087, -115733, -169337, 34137, 152381, 47209, -103788, -105837, 36868, 128344, 29559, -114477, -77295, 76307, 95341, -32999, -83677, 2600, 52582, 5794, -17943, 5361, -5512, -25493, 10766, 41829, -582, -44919, -15984, 32454, 28925, -9780, -31288, -13682, 21714, 29377, -4544, -32810, -12775, 24910, 23441, -11194, -23948, -1196, 15374, 7159, -2796, -5569, -7642, -826, 12006, 7124, -9905, -9144, 4041, 5732, 1344, 1171, -2747, -8020, -526, 11464, 6297, -9831, -11172, 4005, 12382, 3184, -9083, -8681, 2777, 10610, 3609, -8982, -7404, 5559, 7570, -2697, -4986, 1890, 1935, -3058, -723, 4793, 2330, -5171, -6114, 3110, 10206, 946, -12338, -5800, 11024, 10316, -6457, -13288, 320, 13519, 5278, -10692, -8697, 5894, 9248, -988, -7373, -2244, 4393, 2842, -1860, -1137, 912, -1363, -1920, 2969, 4430, -2799, -7231, 965, 8925, 1887, -8671, -4784, 6589, 6670, -3488, -6876, 397, 5510, 1883, -3379, -3031, 1429, 3202, -204, -2763, -345, 2280, 525, -2232, -544, 2595, 692, -2952, -1300, 2950, 2361, -2471, -3439, 1484, 3978, -4, -3693, -1744, 2703, 3289, -1449, -4048, 412, 3789, 147, -2870, -144, 1923, -327, -1359, 901, 1221, -1057, -1374, 566, 1572, 376, -1431, -1425, 687, 2339, 553, -2865, -1850, 2818, 2792, -2228, -3273, 1443, 3276, -925, -2714, 860, 1689, -1061, -691, 1332, 302, -1620, -622, 1855, 1279, -1702, -1820, 858, 2064, 483, -1981, -1734, 1507, 2449, -630, -2579, -407, 2273, 1264, -1685, -1685, 987, 1627, -351, -1187, -79, 510, 310, 288, -496, -1109, 755, 1889, -958, -2654, 827, 3464, -222, -4230, -715, 4676, 1700, -4461, -2397, 3350, 2555, -1281, -2090, -1427, 1139, 3995, 95, -5510, -1346, 5464, 2264, -3966, -2484, 1585, 1856, 941, -525, -2926, -1032, 3933, 2170, -3859, -2320, 3010, 1223, -1938, 893, 1196, -3389, -1105, 5515, 1656, -6776, -2541, 7084, 3306, -6653, -3511, 5807, 2981, -4797, -1924, 3843, 819, -3142, -84, 2831, -89, -2920, -229, 3278, 823, -3630, -1482, 3728, 2108, -3449, -2736, 2769, 3545, -1720, -4652, 456, 5958, 785, -7118, -1795, 7771, 2442, -7689, -2586, 6835, 2114, -5333, -928, 3362, -955, -988, 3316, -1854, -5656, 5140, 7447, -8538, -8486, 11495, 8922, -13395, -9025, 13640, 8906, -11727, -8444, 7501, 7441, -1432, -5786, -5234, 3472, 10891, -582, -14279, -2534, 14969, 5226, -13330, -6771, 10286, 6768, -6986, -5434, 4373, 3624, -2955, -2437, 2752, 2616, -3265, -4157, 3606, 6434, -2925, -8426, 1000, 9166, 1690, -8206, -4310, 5802, 6101, -2685, -6538, -292, 5402, 2380, -2912, -3127, -193, 2614, 2933, -1260, -4489, -427, 4595, 2007, -3540, -3080, 1964, 3381, -549, -2928, -200, 1956, 104
1791219587.460, MrmFullScanInfo, 372, 107, 2196865, 0, 0, 0, 0, 10000, 39297, 32, 4, 2, 1, 480, 0, 0, 0, 0, 0, 0, 6, -55, -49, -202, 179, 750, -547, -913, 1199, 275, -1875, 672, 2225, -1183, -1849, 1109, 634, -585, 661, -84, -1187, 585, 1271, -884, -2244, 1176, 4236, -1575, -5546, 1788, 4429, -1271, -1072, -220, -2368, 1980, 4076, -2709, -3878, 1895, 2686, -323, -1400, -737, 567, 449, -92, 939, -418, -2554, 615, 4434, 503, -7622, -2984, 12437, 5379, -17175, -6173, 19585, 5130, -18653, -2917, 14573, -74, -7944, 4100, -232, -9154, 8038, 14295, -13146, -18045, 14090, 19282, -10855, -17697, 4601, 13530, 2987, -7007, -10200, -1458, 15760, 10517, -19065, -18163, 20024, 22931, -18970, -24677, 16642, 24033, -14044, -21552, 11855, 17577, -9882, -12661, 7433, 7747, -4206, -3551, 627, 302, 2551, 2034, -4771, -3516, 5872, 4216, -6056, -4260, 5806, 3640, -5609, -2273, 5781, 477, -6326, 1091, 7104, -1799, -7795, 1465, 8021, -285, -7519, -1218, 6135, 2368, -3925, -2656, 1249, 1939, 1348, -443, -3342, -1343, 4443, 2795, -4523, -3307, 3664, 2623, -2216, -866, 701, -1499, 447, 3771, -1069, -5262, 1186, 5707, -949, -5379, 683, 4680, -609, -3817, 716, 2963, -800, -2332, 720, 1941, -424, -1577, -131, 1149, 841, -797, -1487, 564, 1924, -313, -2085, -15, 2001, 344, -1803, -509, 1677, 413, -1711, -44, 1840, -421, -1942, 741, 1903, -815, -1665, 787, 1254, -855, -693, 1085, 40, -1353, 513, 1638, -687, -2014, 440, 2435, 1, -2608, -394, 2283, 663, -1547, -838, 627, 962, 351, -990, -1330, 986, 2154, -1071, -2603, 1219, 2734, -1273, -2836, 1200, 3077, -1087, -3369, 933, 3471, -551, -3237, -171, 2732, 1031, -2109, -1582, 1434, 1577, -709, -1185, 99, 687, 196, -196, -208, -292, 174, 649, -166, -697, 22, 518, 320, -399, -681, 506, 922, -695, -1082, 777, 1269, -827, -1457, 943, 1481, -941, -1305, 627, 1147, -174, -1113, -34, 1080, -81, -897, 312, 741, -450, -859, 497, 1170, -537, -1379, 528, 1366, -321, -1264, -111, 1183, 669, -1063, -1210, 816, 1659, -449, -1941, 110, 1960, 79, -1694, -159, 1280, 225, -915, -259, 652, 164, -383, 32, 71, -171, 175, 184, -218, -91, 54, -66, 259, 311, -667, -664, 1066, 1163, -1292, -1754, 1279, 2260, -1098, -2464, 871, 2290, -619, -1788, 316, 1120, 6, -479, -249, -10, 351, 259, -319, -237, 220, 45, -163, 115, 256, -139, -504, 103, 800, -134, -941, 272, 788, -416, -404, 513, 13, -608, 218, 780, -257, -1016, 163, 1202, -25, -1159, -116, 824, 275, -268, -473, -362, 779, 931, -1173, -1290, 1558, 1338, -1773, -1066, 1700, 598, -1307, -144, 705, -93, -114, 51, -247, 203, 291, -530, -116, 925, -118, -1538, 416, 2445, -869, -3457, 1428, 4257, -1854, -4613, 1948, 4455, -1721, -3799, 1395, 2712, -1137, -1359, 947, 86, -799, 758, 757, -1003, -854, 705, 988, -77, -995, -563, 704, 962, -65, -1060, -680, 931, 1119, -583, -961, 28, 260, 577, 735, -962, -1759, 922, 2611, -436, -3111, -348, 3162, 1245, -2814, -2094, 2314, 2787, -1918, -3171, 1713, 3247, -1597, -3180, 1442, 3151, -1162, -3163, 695, 3108, -38, -2889, -667, 2428, 1188
1791219587.460, MrmDetectionListInfo, 372, 92, 66, 11952, 67, 12591, 68, 12648, 69, 12112, 70, 10999, 71, 9376, 72, 7416, 78, 10085, 79, 13608, 80, 15830, 81, 16519, 82, 16291, 83, 15594, 84, 14320, 85, 12285, 86, 9805, 91, 8556, 92, 11006, 93, 14391, 94, 17759, 95, 20030, 96, 21024, 97, 21316, 98, 21373, 99, 21163, 100, 20489, 101, 19376, 102, 18054, 103, 16690, 104, 15270, 105, 13700, 106, 11949, 116, 4308, 117, 4905, 118, 5011, 119, 5039, 120, 5121, 121, 5118, 122, 4912, 123, 4556, 124, 4175, 125, 3825, 149, 3812, 230, 1800, 232, 1968, 233, 2021, 234, 2044, 235, 2054, 236, 2076, 237, 2117, 238, 2165, 239, 2192, 240, 2172, 241, 2084, 242, 1930, 243, 1744, 244, 1602, 245, 1582, 246, 1671, 247, 1744, 248, 1688, 273, 1056, 274, 1115, 275, 1177, 276, 1219, 339, 1743, 340, 1749, 392, 1475, 393, 1512, 394, 1486, 395, 1387, 396, 1217, 412, 1296, 413, 1656, 414, 2036, 415, 2414, 416, 2761, 417, 3041, 418, 3223, 419, 3293, 420, 3250, 458, 1736, 459, 1818, 460, 1966, 461, 2152, 462, 2305, 463, 2385, 464, 2412, 465, 2434, 474, 2124, 475, 2013, 476, 1866
1791219587.585, MrmFullScanInfo, 373, 107, 2196990, 0, 0, 0, 0, 10000, 39297, 32, 1, 2, 1, 480, -336988, 512127, 403149, -502348, -478272, 466015, 517560, -331885, -520177, -49395, 519597, 443811, -462954, -516460, 163845, 518237, 139248, -519558, -332588, 511789, 361591, -434371, -283101, 103468, 220346, 178727, -5642, -241654, -183912, 432856, 139468, -454688, 1546, 511329, -142487, -511824, 178938, 513607, -147380, -511531, 57481, 507011, 80313, -462089, -261899, 324743, 406998, -68152, -459800, -185403, 387314, 378243, -257502, -475244, 63886, 438910, 109596, -354491, -214702, 230062, 256758, -79258, -214226, -51276, 134944, 112285, -35533, -131669, -60080, 106671, 113779, -48972, -110311, -13396, 62079, 55051, 14128, -54637, -92415, 10567, 120450, 62651, -118883, -121016, 76699, 153442, -6154, -142599, -71441, 89722, 126028, -17028, -139283, -56673, 113631, 108659, -55797, -124601, -7875, 96979, 51214, -53211, -60553, 8092, 37863, 22400, -2660, -23303, -25687, 4119, 37426, 15920, -28785, -33712, 3437, 35382, 21770, -21729, -35083, -1419, 35142, 23299, -21024, -33753, -218, 30438, 20011, -18065, -24441, 308, 19717, 13551, -6816, -16454, -7184, 11627, 13759, -4198, -9950, -2951, 1286, 3670, 8212, 3952, -10689, -11035, 8790, 16045, -19, -15255, -9752, 10613, 15315, -34, -15373, -10132, 11301, 14968, -6000, -11110, -744, 8092, -32, -1609, 3560, -2182, -8842, 105, 11466, 4452, -10981, -8538, 4324, 11465, 1652, -11475, -8626, 6104, 12668, 1058, -13616, -7708, 9756, 11315, -3181, -11019, -2796, 7363, 5726, -2282, -6395, -3728, 3786, 3681, 2366, -3266, -5955, -378, 5249, 5529, -2813, -7557, -828, 7639, 4899, -6464, -7029, 3038, 7742, -43, -4658, -1333, 1642, 565, 802, 579, -1739, -1554, 1547, 2262, -231, -1807, -820, 176, 1185, 2437, -559, -3166, 135, 3951, 977, -3401, -2089, 2002, 1254, -593, -859, -721, -1656, 1441, 2370, -303, -4438, 402, 4345, 598, -3484, -717, 2429, -42, -1064, 919, 468, -1253, -1123, 1998, 117, -2283, -2205, 746, 2291, 358, -1374, -1745, 999, 2183, 123, -2295, -649, 1796, 223, -1593, 251, 121, -1881, -626, 2403, 733, -3075, -995, 2853, 1917, -2507, -2283, 1390, 1928, 345, -1678, -1835, 119, 1709, 708, -1947, -1123, 1299, 1061, -65, -234, -131, 294, -132, 479, -329, -1505, -214, 1921, 728, -1848, -1899, 2798, 1820, -3314, -2230, 3943, 2620, -3468, -3482, 3503, 4456, -2666, -4522, 2044, 4447, 221, -3640, -3161, 1580, 4803, -561, -5604, -2297, 4681, 3146, -2722, -2107, 953, 601, 1322, 879, -2592, -2708, 2292, 3424, -1961, -3899, 1723, 1434, -2779, 292, 3405, -2524, -4373, 3349, 5284, -4383, -5759, 5263, 5557, -4633, -4455, 4530, 2575, -3327, -2074, 3130, 838, -2646, 3, 2191, -6, -1790, -234, 1588, 1175, -1055, -1021, 101, 956, 1229, -324, -2024, 567, 2230, -783, -3480, 1000, 3576, -1627, -4401, 2478, 5135, -2141, -4811, 2766, 3822, -3197, -1124, 1503, -1389, -1595, 4870, 400, -8162, 2309, 11201, -4816, -14938, 7767, 16840, -8865, -18439, 9146, 20337, -7165, -17538, 3011, 11843, 1773, -5674, -6694, -126, 10056, 5395, -10821, -10279, 9777, 11712, -7225, -10723, 7040, 8335, -5539, -5920, 4776, 4079, -5765, -4382, 6454, 6109, -6111, -8539, 3719, 10547, 812, -12500, -3678, 9411, 7468, -3692, -9156, 726, 8756, 2416, -7014, -4353, 4116, 5915, -1170, -4649, -1643, 614, 1246, 1012, -1578, -2035, 585, 2396, -191, -1751, -436, 1533, 357, -537, 689, -329, -1939, 924, 1256, -257, -2158
1791219587.585, MrmFullScanInfo, 373, 107, 2196990, 0, 0, 0, 0, 10000, 39297, 32, 2, 2, 1, 480, 0, 0, 0, 0, 0, 0, 165296, -231959, -311190, 473809, 368259, -497445, -398211, 271323, 451508, 61828, -480613, -340026, 399002, 505714, -199009, -586676, -25242, 594781, 173500, -496572, -216886, 281085, 182518, -618, -111697, -262576, 53814, 447849, -58288, -530472, 133367, 522166, -233701, -468530, 298858, 421506, -293857, -410957, 217190, 428722, -84630, -434151, -81623, 379452, 250877, -242096, -383666, 41747, 441953, 169023, -404919, -333704, 281513, 417353, -110395, -413351, -54444, 335034, 168139, -208133, -210658, 67540, 186220, 51359, -115357, -124320, 27266, 143244, 47400, -114294, -85441, 55568, 77725, 7076, -31484, -47439, -33354, 48896, 92406, -12012, -125112, -45876, 119684, 99715, -75683, -128193, 5842, 120862, 67192, -80076, -119263, 18759, 134433, 43909, -110971, -88719, 61413, 103548, -7054, -87715, -31478, 51623, 43206, -12032, -30167, -15298, 4175, 22484, 19754, -11773, -30098, -7450, 23476, 23747, -4960, -28490, -15725, 19563, 29297, -1751, -30453, -16460, 19745, 27382, -3055, -27219, -11673, 17240, 18547, -2851, -16110, -9363, 7418, 14981, 1846, -13348, -6607, 7387, 5136, -1740, 678, 15, -6888, -2766, 9628, 7822, -7077, -11923, 313, 12277, 7555, -7915, -13366, 607, 15192, 6187, -12916, -9620, 8392, 8851, -4500, -5022, 3306, 593, -4894, 1851, 7605, -1041, -9119, -2516, 7851, 6953, -3693, -9853, -2213, 9463, 8097, -5664, -11972, -52, 12389, 5510, -9244, -8809, 3943, 8931, 1389, -6188, -4740, 2088, 4907, 1519, -2187, -3179, -1605, 2280, 4348, 721, -4833, -4391, 3049, 7124, 142, -7922, -3374, 6689, 5325, -4176, -5292, 1577, 3523, 145, -1018, -642, -1070, 184, 2003, 611, -1701, -1001, 637, 520, 549, 741, -1334, -2216, 1430, 3272, -882, -3516, 60, 2872, 497, -1542, -407, -2, -392, 1246, 1687, -1873, -2992, 1877, 3780, -1474, -3713, 993, 2869, -727, -1672, 794, 615, -1153, -36, 1597, 72, -1794, -600, 1475, 1272, -616, -1661, -522, 1591, 1552, -1169, -2155, 693, 2169, -501, -1619, 756, 780, -1378, -38, 2137, -288, -2759, 116, 3049, 425, -2846, -1058, 2052, 1497, -777, -1546, -594, 1166, 1637, -509, -2055, -109, 1797, 482, -1090, -548, 340, 297, 177, 263, -407, -1001, 339, 1744, 22, -2447, -511, 3159, 905, -3814, -1160, 4260, 1486, -4419, -2045, 4326, 2757, -3929, -3362, 2969, 3635, -1216, -3514, -1149, 2981, 3477, -1988, -4999, 669, 5260, 531, -4194, -1108, 2118, 907, 319, -115, -2346, -959, 3462, 1884, -3712, -2101, 3499, 1234, -3189, 576, 3002, -2722, -3032, 4634, 3250, -5976, -3431, 6616, 3269, -6478, -2647, 5658, 1749, -4484, -839, 3350, 84, -2478, 425, 1900, -555, -1571, 290, 1382, 193, -1093, -630, 478, 905, 448, -1096, -1447, 1333, 2283, -1688, -2881, 2192, 3303, -2801, -3603, 3409, 3730, -3885, -3409, 4021, 2349, -3552, -495, 2360, -1951, -493, 4685, -1989, -7409, 5078, 9856, -8503, -11832, 11675, 13343, -13858, -14420, 14386, 14749, -12737, -13716, 8687, 11087, -2702, -7339, -3906, 3158, 9499, 975, -12835, -4595, 13660, 7062, -12582, -7828, 10520, 6945, -8315, -5153, 6677, 3518, -6055, -2893, 6284, 3635, -6507, -5627, 5818, 8225, -3835, -10144, 730, 10164, 2967, -8101, -6354, 4836, 8361, -1358, -8400, -1680, 6661, 3662, -3914, -4047, 1093, 2874, 1059, -904, -2152, -886, 2215, 1944, -1576, -2183, 780, 1772, -343, -899, 427, -147, -804
1791219587.585, MrmFullScanInfo, 373, 107, 2196990, 0, 0, 0, 0, 10000, 39297, 32, 4, 2, 1, 480, 0, 0, 0, 0, 0, 0, -184, 260, 188, -21, -155, -964, 366, 1827, -675, -1707, 645, 820, 19, -108, -1218, 293, 2452, -1278, -3237, 1934, 3399, -1352, -3355, 150, 3728, 194, -4114, 668, 3444, -1506, -1513, 1462, -304, -611, 739, -910, 102, 2692, -1056, -3625, 993, 2707, 290, -565, -1727, -1328, 2235, 2824, -2292, -5885, 4655, 13302, -12963, -25634, 29098, 40652, -51584, -55536, 75883, 67361, -95714, -73038, 104189, 71093, -96838, -63034, 74324, 50979, -41757, -34805, 6266, 13616, 24934, 11878, -47542, -37080, 60984, 54670, -65918, -60056, 62945, 54922, -54217, -44557, 43994, 33351, -35516, -23639, 29258, 16406, -23477, -11731, 15915, 8889, -5357, -6626, -7549, 3946, 20468, -545, -30484, -3249, 35471, 6722, -34943, -9184, 30151, 10060, -23322, -8952, 16516, 6135, -10812, -2837, 6459, 516, -3119, 230, 230, 126, 2722, -598, -5840, 463, 8680, 373, -10527, -1587, 10826, 2785, -9547, -3562, 7213, 3607, -4641, -2908, 2604, 1926, -1447, -1183, 946, 828, -448, -668, -642, 546, 2400, -366, -4417, -60, 6103, 906, -7065, -1875, 7144, 2361, -6337, -2065, 4915, 1117, -3494, 199, 2726, -1624, -2858, 2834, 3639, -3519, -4570, 3525, 5115, -2896, -4790, 1872, 3579, -775, -2078, -58, 1053, 454, -769, -532, 1056, 625, -1618, -1090, 2198, 2021, -2497, -3165, 2187, 4180, -1207, -4739, -63, 4633, 1114, -3882, -1604, 2741, 1488, -1484, -1003, 381, 514, 348, -292, -747, 483, 1093, -1035, -1569, 1719, 2170, -2233, -2748, 2333, 3067, -1874, -2936, 971, 2336, 30, -1360, -879, 230, 1516, 768, -1924, -1413, 2077, 1673, -2046, -1662, 1978, 1591, -2012, -1576, 2312, 1524, -2850, -1288, 3371, 941, -3563, -670, 3333, 562, -2741, -549, 1842, 491, -764, -270, -220, -135, 906, 620, -1319, -982, 1579, 1093, -1691, -999, 1618, 879, -1396, -831, 1084, 814, -691, -731, 205, 629, 298, -623, -647, 705, 782, -722, -805, 582, 822, -379, -783, 245, 604, -160, -303, 26, 67, 223, -51, -490, 212, 638, -357, -661, 387, 686, -328, -758, 109, 830, 414, -891, -1147, 970, 1745, -951, -1917, 673, 1725, -172, -1402, -277, 1133, 442, -999, -351, 1052, 152, -1303, 41, 1589, -134, -1634, 49, 1327, 247, -832, -611, 388, 840, -28, -840, -304, 680, 525, -429, -498, -10, 253, 704, 65, -1457, -364, 1962, 652, -2039, -823, 1726, 753, -1112, -446, 301, 138, 474, -45, -907, 138, 913, -261, -708, 372, 560, -545, -512, 853, 515, -1331, -563, 2017, 728, -2902, -1021, 3811, 1389, -4406, -1850, 4433, 2457, -3908, -3114, 3102, 3588, -2279, -3668, 1579, 3268, -944, -2518, 273, 1725, 367, -1103, -822, 636, 1067, -232, -1306, -30, 1734, 104, -2319, -70, 3001, 26, -3668, 64, 3997, -273, -3511, 532, 2158, -738, -499, 887, -830, -1018, 1565, 1135, -1728, -1029, 1403, 445, -742, 581, 114, -1679, 83, 2548, 251, -3100, -854, 3240, 1380, -2777, -1715, 1818, 1840, -808, -1545, 41, 682, 545, 411, -963, -1094, 972, 1166, -540, -900, 57, 493, 14, 114, 425, -906, -1106, 1546, 1640, -1628, -1768, 1105, 1481, -280, -898, -451, 191, 950, 356, -1192, -432
1791219587.585, MrmDetectionListInfo, 373, 137, 61, 18088, 62, 25379, 63, 33907, 64, 43301, 65, 53086, 66, 62723, 67, 65535, 68, 65535, 69, 65535, 70, 65535, 71, 65535, 72, 65535, 73, 65535, 74, 65535, 75, 62470, 76, 50993, 77, 38329, 78, 25372, 79, 14932, 80, 11341, 81, 16473, 82, 27364, 83, 39231, 84, 49131, 85, 56302, 86, 60835, 87, 62850, 88, 62443, 89, 59885, 90, 55697, 91, 50549, 92, 45073, 93, 39736, 94, 34818, 95, 30446, 96, 26639, 97, 23332, 98, 20386, 99, 17628, 100, 14878, 101, 11980, 102, 8978, 107, 12068, 108, 14574, 109, 16676, 110, 18726, 111, 20566, 112, 21642, 113, 21651, 114, 20799, 115, 19465, 116, 17837, 117, 15913, 118, 13708, 119, 11363, 120, 9066, 121, 6950, 122, 5076, 161, 4359, 162, 4642, 163, 4684, 164, 4519, 180, 3889, 195, 1971, 196, 2314, 199, 2972, 200, 2962, 202, 2624, 205, 2604, 206, 2668, 207, 2485, 222, 2184, 223, 2421, 224, 2579, 225, 2641, 226, 2585, 227, 2399, 228, 2096, 238, 1795, 239, 1893, 241, 1850, 242, 1820, 243, 1802, 244, 1794, 245, 1810, 246, 1866, 247, 1961, 248, 2070, 249, 2165, 250, 2226, 251, 2244, 252, 2218, 253, 2151, 254, 2049, 255, 1918, 256, 1761, 257, 1576, 258, 1356, 267, 1186, 268, 1286, 269, 1327, 270, 1359, 272, 1340, 273, 1262, 274, 1169, 357, 1378, 358, 1404, 359, 1350, 360, 1223, 385, 2595, 386, 2858, 387, 3069, 388, 3220, 389, 3313, 390, 3352, 391, 3345, 392, 3298, 393, 3211, 394, 3086, 395, 2921, 396, 2713, 397, 2460, 398, 2159, 399, 1818, 400, 1456, 413, 1270, 414, 1425, 415, 1575, 416, 1732, 417, 1886, 418, 2011, 443, 2062, 444, 2218, 445, 2250, 446, 2151, 447, 1962, 448, 1731
1791219587.710, MrmFullScanInfo, 374, 107, 2197115, 0, 0, 0, 0, 10000, 39297, 32, 1, 2, 1, 480, -335891, 511379, 403497, -503293, -476313, 467198, 518087, -323812, -520160, -51957, 519575, 444586, -462347, -517133, 162751, 517673, 139100, -519943, -334296, 511786, 364358, -438446, -288799, 105935, 233889, 182754, -10383, -238401, -174784, 431823, 133127, -455249, 739, 511448, -143871, -510749, 178979, 512233, -141299, -515372, 45536, 514546, 86622, -460937, -267657, 320547, 406522, -61765, -456500, -179834, 381881, 372079, -247852, -468451, 59384, 445327, 107396, -357251, -196779, 229553, 221870, -88621, -163990, -25930, 74783, 92676, 28918, -103038, -113980, 71796, 155285, -18218, -134299, -36502, 68199, 64586, 20683, -51200, -106460, -128, 146957, 77099, -149576, -135908, 109227, 166726, -42629, -156504, -33642, 107676, 90437, -39858, -110775, -31183, 95041, 81479, -51075, -101559, -1919, 83329, 37505, -44105, -41073, 4106, 17722, 23789, 17028, -26956, -45302, 8508, 56537, 14214, -43887, -30213, 19267, 34890, 8113, -24202, -24276, 4862, 29499, 13884, -22532, -23455, 5737, 24129, 9102, -14410, -14563, -886, 9659, 10845, -635, -12727, -9737, 7197, 13758, -571, -9212, -5232, 861, 5329, 6000, 63, -10201, -8456, 8150, 13525, 211, -13569, -8704, 9012, 12450, -793, -12494, -7684, 8041, 11542, -1245, -9804, -4497, 7094, 4776, -2829, -767, -351, -2900, -1744, 4702, 6865, -2395, -11896, -3224, 14345, 11016, -14303, -11278, 9299, 14809, -2001, -14027, -3948, 9462, 7369, -2338, -8213, -2894, 5964, 5035, -1765, -4756, -946, 1953, 1590, 2827, 493, -6164, -4487, 5371, 8898, -2819, -11185, -710, 11216, 4343, -8764, -6947, 6278, 6356, -2806, -4805, 789, 3632, -93, -3021, 498, 3248, 116, -4159, -337, 5006, 1456, -4994, -3507, 3695, 4518, -1713, -4919, -344, 3369, 2638, -2168, -4208, -272, 3800, 2531, -1637, -3486, 66, 3230, 2117, -2974, -2356, 1945, 2693, -1164, -1898, 793, 1638, -1344, -1458, 1767, 1840, -1041, -1940, 730, 3075, -160, -3120, -784, 3228, 1945, -2407, -1847, 1601, 1553, -353, -1502, -605, 464, 1311, 470, -1350, -649, 1508, 313, -1761, -372, 2396, -26, -2604, 671, 2628, -395, -2625, 822, 2200, -1085, -2521, 1076, 2201, -1054, -1624, 919, 947, -890, -180, 158, -1093, 327, 2223, 55, -3362, 30, 3522, 633, -3366, -1760, 2696, 3079, -1399, -3498, -844, 3366, 3040, -3242, -4332, 2275, 5535, -1690, -4732, 326, 3383, 844, -1059, -2413, -682, 3104, 2082, -2486, -2876, 1297, 2500, -501, -2036, -1024, 199, 1934, 1677, -2857, -2579, 2494, 3187, -2680, -3165, 2616, 1832, -2628, -157, 3346, -1259, -3824, 3049, 4233, -3665, -4317, 4260, 4136, -4605, -3609, 4663, 2312, -4000, -1777, 3953, 848, -3704, -288, 2610, 72, -1657, -56, 1178, 324, -881, -77, -36, -450, 237, 460, -461, -667, 1167, 258, -1194, 1137, 1279, -2597, -1741, 3656, 1851, -4304, -1922, 4691, 1317, -4060, -295, 3463, -1350, -1852, 5346, -510, -6949, 3933, 9883, -7013, -12577, 10263, 14706, -12616, -15948, 12380, 16699, -9880, -15742, 5022, 12332, 1402, -7664, -6892, 2085, 11423, 3378, -12621, -8251, 12226, 10544, -10147, -10719, 7371, 8947, -5211, -6131, 5199, 3694, -5560, -3882, 6475, 5231, -6346, -8028, 5041, 10989, -1811, -12106, -2599, 11713, 6608, -7515, -8071, 4143, 8944, -732, -7612, -2237, 5289, 3278, -2157, -2147, -574, 221, 1567, 3021, -1510, -4827, 995, 5675, 288, -4876, -1340, 3416, 1546, -1809, -631, 427, -969, 66, 2388, -27, -2931
1791219587.710, MrmFullScanInfo, 374, 107, 2197115, 0, 0, 0, 0, 10000, 39297, 32, 2, 2, 1, 480, 0, 0, 0, 0, 0, 0, 165059, -231637, -310803, 472347, 368286, -494610, -399052, 268131, 452669, 64058, -481244, -340977, 398700, 505891, -197863, -586985, -27137, 596169, 176669, -499262, -221998, 284590, 189575, -4377, -119688, -258874, 61048, 444661, -63389, -528472, 135880, 521433, -233913, -468782, 296672, 423312, -289043, -415178, 210687, 434401, -78386, -438243, -86066, 379965, 252806, -240354, -382313, 40713, 436788, 168436, -397327, -333322, 276038, 418277, -113350, -414037, -37871, 333886, 135380, -205878, -161941, 66050, 125198, 50348, -49144, -118968, -35510, 132272, 99021, -98986, -120535, 39781, 93981, 18956, -29543, -52862, -50770, 48364, 121279, -8236, -160883, -50064, 158445, 103050, -115179, -131447, 44970, 126118, 29730, -89442, -85894, 33221, 108471, 25226, -95398, -68336, 57657, 84386, -14298, -71688, -16097, 39044, 23545, -1943, -9685, -24199, -14879, 30938, 36500, -19686, -44723, -672, 36633, 18978, -17002, -26803, -5351, 21846, 21839, -8046, -27219, -7395, 21351, 17653, -9004, -18931, -2951, 11851, 9213, -969, -8164, -8027, 2068, 11482, 4522, -9108, -7525, 3541, 5558, 1281, -123, -2334, -5566, -793, 8221, 6038, -6229, -10289, 600, 11005, 5860, -7421, -10272, 1061, 10934, 5243, -7959, -9060, 3365, 9403, 158, -6908, -1053, 3623, -296, -2070, 2225, 3666, -2826, -7877, 1221, 12595, 2091, -15176, -6018, 13947, 9550, -9232, -11552, 2913, 10885, 2901, -7496, -6622, 2748, 7487, 1440, -5800, -3529, 2882, 2872, -411, -1, -292, -3495, -1248, 5868, 4471, -6114, -7974, 4246, 10310, -1088, -10682, -2066, 9129, 4132, -6351, -4793, 3445, 4482, -1364, -3882, 424, 3565, -291, -3759, 313, 4274, 92, -4641, -1132, 4422, 2478, -3382, -3516, 1563, 3787, 666, -3129, -2592, 1655, 3523, 275, -3178, -2106, 1856, 3340, -197, -3737, -1159, 3367, 1875, -2578, -1975, 1870, 1710, -1529, -1383, 1482, 1286, -1470, -1576, 1331, 2180, -979, -2810, 399, 3153, 281, -2998, -856, 2305, 1191, -1225, -1221, 49, 951, 943, -522, -1596, 178, 1939, -81, -2118, 277, 2247, -680, -2317, 1122, 2286, -1449, -2165, 1634, 2015, -1721, -1850, 1727, 1612, -1628, -1213, 1375, 628, -902, 122, 246, -997, 434, 1923, -919, -2738, 1019, 3267, -581, -3402, -389, 3081, 1640, -2187, -2826, 707, 3697, 1131, -4132, -2858, 4060, 3974, -3403, -4141, 2120, 3368, -313, -2019, -1597, 560, 2991, 677, -3402, -1543, 2810, 1936, -1516, -1730, -114, 947, 1741, 162, -3019, -1211, 3741, 1858, -3910, -1842, 3709, 1070, -3355, 335, 3040, -2046, -2827, 3667, 2685, -4877, -2535, 5557, 2260, -5719, -1765, 5433, 1096, -4845, -385, 4136, -225, -3363, 619, 2532, -688, -1741, 483, 1115, -218, -628, 97, 180, -149, 289, 243, -746, -141, 1092, -374, -1196, 1359, 1033, -2603, -717, 3781, 376, -4583, -13, 4813, -469, -4351, 1321, 3098, -2709, -907, 4487, -2230, -6276, 6035, 7817, -10034, -9065, 13630, 10034, -16063, -10763, 16541, 11222, -14504, -11181, 9940, 10315, -3506, -8416, -3508, 5497, 9611, -1831, -13643, -1963, 15115, 5057, -14231, -6732, 11807, 6734, -8999, -5425, 6870, 3729, -5951, -2721, 6108, 3131, -6651, -4988, 6632, 7679, -5290, -10112, 2511, 11198, 1111, -10389, -4582, 7924, 6966, -4589, -7681, 1337, 6638, 973, -4267, -1779, 1394, 1011, 1109, 868, -2650, -2994, 3021, 4495, -2364, -4896, 1173, 4220, -142, -2828, -165, 1218, -352
1791219587.710, MrmFullScanInfo, 374, 107, 2197115, 0, 0, 0, 0, 10000, 39297, 32, 4, 2, 1, 480, 0, 0, 0, 0, 0, 0, -308, 418, 465, -1428, -54, 2370, -649, -2385, 823, 1527, -284, -658, -409, 197, 791, -264, -1022, 950, 1923, -1981, -3765, 3020, 5732, -3739, -6484, 3788, 5469, -2875, -3499, 1297, 1682, -33, -215, -559, -1893, 1425, 4824, -3080, -6935, 4177, 6694, -2978, -4372, 231, 1227, 1343, 2335, -124, -6238, -2664, 9685, 5370, -11016, -8854, 9210, 14823, -4719, -22278, -1720, 27862, 9824, -29290, -18865, 26165, 27149, -19002, -32931, 9180, 35107, 929, -33153, -9306, 27173, 15308, -18301, -19000, 8310, 20468, 1271, -19962, -9662, 18121, 16635, -15352, -22059, 11296, 25661, -5544, -26929, -1511, 25385, 8653, -21046, -14215, 14756, 16993, -7850, -16980, 1698, 15346, 2741, -13579, -5272, 12659, 6483, -12625, -7091, 12663, 7577, -11766, -8195, 9545, 8999, -6230, -9595, 2231, 9203, 2012, -7361, -5840, 4247, 8371, -625, -9042, -2556, 7918, 4524, -5528, -4932, 2577, 3992, 203, -2305, -2190, 694, 3056, 168, -2930, -96, 2330, -579, -1783, 1347, 1508, -1846, -1442, 1901, 1448, -1438, -1326, 571, 928, 535, -374, -1695, 62, 2698, -303, -3296, 1026, 3450, -1836, -3413, 2419, 3570, -2828, -4028, 3330, 4564, -3953, -4674, 4448, 3951, -4496, -2449, 4059, 681, -3453, 808, 3004, -1812, -2686, 2196, 2312, -1873, -1758, 944, 1073, 229, -344, -1207, -384, 1767, 1109, -1987, -1774, 2042, 2268, -2006, -2521, 1881, 2592, -1724, -2590, 1616, 2570, -1428, -2482, 820, 2332, 433, -2177, -2102, 1987, 3717, -1632, -4854, 986, 5306, -133, -5014, -663, 4033, 1132, -2548, -1143, 887, 759, 623, -115, -1648, -603, 2021, 1188, -1797, -1457, 1285, 1397, -834, -1148, 608, 865, -516, -641, 314, 558, 152, -562, -784, 489, 1388, -165, -1829, -325, 2019, 721, -1875, -794, 1409, 465, -777, 154, 118, -816, 502, 1347, -1104, -1621, 1782, 1499, -2543, -954, 3323, 242, -4061, 298, 4676, -491, -4992, 375, 4755, -120, -3821, -51, 2394, -39, -917, 465, -239, -1095, 954, 1594, -1263, -1637, 1361, 1139, -1528, -241, 1927, -776, -2471, 1580, 2974, -1866, -3258, 1594, 3127, -1042, -2380, 539, 1085, -245, 341, 195, -1371, -372, 1665, 705, -1175, -984, 158, 941, 955, -383, -1745, -612, 1940, 1703, -1571, -2437, 927, 2511, -308, -1959, -118, 1128, 273, -420, -117, 108, -192, -192, 364, 481, -162, -742, -361, 819, 925, -607, -1296, 114, 1404, 478, -1237, -935, 815, 1129, -252, -1065, -284, 845, 650, -592, -697, 398, 366, -311, 230, 376, -867, -621, 1339, 1015, -1510, -1469, 1387, 1915, -1044, -2254, 525, 2361, 205, -2167, -1117, 1738, 2044, -1197, -2759, 687, 3023, -255, -2694, -105, 1948, 315, -1083, -180, 247, -322, 562, 951, -1251, -1517, 1685, 1987, -1890, -2288, 1917, 2300, -1626, -2001, 833, 1578, 350, -1191, -1465, 827, 2108, -354, -2198, -304, 1901, 994, -1383, -1414, 753, 1455, -156, -1293, -206, 1174, 255, -1143, -105, 1177, -10, -1338, -7, 1615, 183, -1806, -615, 1764, 1358, -1543, -2171, 1241, 2668, -832, -2731, 331, 2571, 145, -2355, -452, 2137, 547, -2025, -453, 2188, 217, -2562, 41, 2801, -147, -2630, 10, 2074, 264, -1365, -397, 738, 199
1791219587.710, MrmDetectionListInfo, 374, 138, 65, 11994, 66, 12957, 67, 14455, 68, 16851, 69, 19890, 70, 22646, 71, 24339, 72, 24947, 73, 24878, 74, 24331, 75, 23191, 76, 21406, 77, 19360, 78, 17957, 79, 18043, 80, 19290, 81, 20160, 82, 19466, 83, 17475, 84, 15245, 85, 13412, 86, 12036, 87, 11380, 88, 12095, 89, 14154, 90, 16376, 91, 17580, 92, 17728, 93, 17523, 94, 17338, 95, 16921, 96, 16000, 97, 14830, 98, 14154, 99, 14573, 100, 15778, 101, 16649, 102, 16365, 103, 15085, 104, 13476, 105, 11904, 111, 9371, 112, 9547, 113, 9566, 114, 9675, 115, 9886, 116, 10030, 117, 9976, 118, 9726, 119, 9350, 120, 8876, 121, 8278, 122, 7525, 123, 6640, 124, 5790, 125, 5243, 126, 5168, 127, 5471, 128, 5813, 129, 5814, 130, 5392, 134, 5861, 180, 4391, 181, 4151, 182, 3749, 183, 3223, 205, 2089, 206, 2187, 207, 2231, 208, 2237, 209, 2221, 210, 2190, 221, 2132, 222, 2604, 223, 2919, 224, 3053, 225, 3077, 226, 3027, 227, 2895, 228, 2713, 229, 2575, 230, 2511, 231, 2420, 232, 2177, 243, 1568, 244, 1456, 274, 1195, 275, 1425, 276, 1581, 277, 1722, 278, 1851, 279, 1939, 280, 1971, 281, 1976, 282, 2020, 283, 2155, 284, 2372, 285, 2590, 286, 2723, 287, 2731, 288, 2623, 289, 2424, 290, 2156, 291, 1835, 292, 1477, 308, 1509, 309, 1931, 310, 2276, 311, 2465, 312, 2520, 313, 2485, 314, 2369, 315, 2154, 339, 1699, 340, 1470, 387, 1562, 388, 1501, 389, 1412, 392, 1364, 393, 1539, 394, 1719, 395, 1819, 396, 1838, 397, 1821, 398, 1785, 399, 1705, 400, 1559, 411, 1378, 412, 1622, 413, 1785, 414, 1925, 415, 2050, 416, 2124, 417, 2116, 418, 2015, 458, 1761, 459, 1621, 460, 1468
1791219587.835, MrmFullScanInfo, 375, 107, 2197240, 0, 0, 0, 0, 10000, 39297, 32, 1, 2, 1, 480, -337636, 512100, 401789, -504083, -476822, 468614, 517713, -331263, -520192, -52275, 519459, 443714, -462476, -516445, 167471, 517918, 144337, -519846, -333927, 511559, 361230, -437752, -285960, 108701, 231621, 183206, -9249, -240486, -181815, 431822, 130728, -457723, -1069, 512187, -142440, -511078, 178366, 512943, -141042, -515966, 51190, 514600, 85161, -461851, -264727, 323706, 406950, -68046, -450880, -187037, 375568, 375735, -240306, -473251, 44093, 452681, 135795, -368906, -248030, 242768, 299034, -96126, -266811, -30918, 204394, 74688, -133519, -99971, 69103, 90400, -32533, -51904, 38542, 14615, -76423, 5725, 126004, 11087, -168268, -58265, 179802, 118410, -145842, -165722, 79762, 187347, 8636, -166893, -98467, 108503, 160664, -32428, -183270, -47011, 161551, 101182, -118941, -122064, 53808, 103445, -3360, -68243, -19370, 29752, 14988, -1016, 1932, -5923, -17377, -4678, 23008, 17912, -11353, -35694, -12783, 34728, 33085, -21273, -44466, 360, 45053, 19375, -34855, -31478, 15942, 33417, 1859, -26636, -10305, 12968, 11879, -3818, -8690, 1370, 3214, -2822, -495, 4396, 3369, -5086, -7090, 3412, 9187, 3063, -9474, -12321, 5854, 15510, 1462, -14925, -7925, 10865, 10193, -4250, -9604, -1550, 7679, 4079, -4714, -3020, 1269, -527, -4612, 1972, 9589, -710, -11224, -4041, 8972, 9154, -4025, -13057, -3348, 13115, 12157, -11582, -13312, 7038, 15434, -584, -14020, -4260, 9535, 5806, -3137, -4983, -1661, 2535, 4069, 688, -4272, -2478, 2950, 1783, -661, 454, -305, -3236, -2115, 5375, 4818, -6187, -6522, 5334, 8694, -2355, -8336, 558, 6517, 1613, -3417, -2404, 554, 2269, 1850, -1151, -2892, 613, 2722, -412, -1614, 589, 931, -1430, -1413, 3512, 1990, -3546, -3220, 4031, 4235, -2783, -5650, 1644, 5329, 426, -4769, -1919, 2826, 2455, -137, -2418, -1355, 2030, 1487, -758, -1920, 564, 847, -282, 182, 1028, -542, -1103, 673, 1612, -372, -1612, -860, 1184, 2557, -71, -3562, -457, 2908, 1470, -2616, -2795, 1165, 2069, -115, -1376, -514, 545, 676, 507, -1029, -1922, 930, 2246, -150, -2316, -274, 1888, 366, -1539, 19, 1323, -221, -1465, 316, 1520, -224, -1811, 227, 1166, 449, -1110, -1160, 228, 1496, 139, -1050, -1037, 1441, 1679, -1014, -2194, -202, 2298, 312, -2372, -1311, 2398, 2389, -2084, -3654, 2341, 3657, -1837, -4838, 1107, 3861, 393, -2392, -1649, 405, 3039, 1512, -2699, -3024, 2215, 3107, -397, -3006, -1826, 1225, 3049, 187, -4090, -1641, 4081, 2655, -4464, -2309, 3874, 514, -3046, 1147, 3739, -3189, -4686, 4396, 4199, -4861, -4381, 4757, 3776, -4567, -2908, 3628, 1270, -3243, 337, 3298, -1437, -3434, 1732, 2686, -907, -2508, -172, 2183, 1230, -2257, -2313, 2281, 3472, -1882, -4158, 2419, 5105, -2173, -5759, 1480, 8073, -165, -7962, -1040, 8170, 2946, -7508, -5171, 7075, 5400, -6061, -4427, 4391, 2480, -2184, 861, 223, -3799, 2571, 7461, -5862, -10478, 8982, 13542, -11827, -15965, 11840, 17672, -10325, -17130, 5708, 14222, 541, -9436, -5982, 4227, 10256, 2340, -11528, -7176, 10381, 10469, -8362, -10280, 4929, 7724, -2544, -4935, 2406, 2233, -3165, -1669, 5064, 3361, -5444, -5989, 5288, 10100, -1728, -12660, -2943, 12726, 7502, -8634, -8517, 5164, 9910, -1510, -8851, -1883, 5893, 3195, -1142, -2252, -2245, -539, 3783, 3360, -3284, -4223, 844, 5188, 1462, -4798, -3673, 3194, 4621, -969, -3478, -1506, 929, 2045, 1077, -1718, -2908
1791219587.835, MrmFullScanInfo, 375, 107, 2197240, 0, 0, 0, 0, 10000, 39297, 32, 2, 2, 1, 480, 0, 0, 0, 0, 0, 0, 164986, -232376, -310404, 474345, 367369, -497418, -397754, 270600, 451824, 62614, -481369, -340304, 399256, 505659, -198166, -587015, -26823, 596266, 175499, -499226, -219854, 284219, 186796, -3425, -116819, -260547, 58773, 446726, -62146, -530328, 135454, 522737, -233652, -469602, 296663, 423801, -289954, -415258, 212830, 434149, -81176, -438479, -83173, 381026, 249462, -240850, -378042, 38573, 431306, 174087, -389376, -342480, 261962, 431967, -87408, -434122, -81905, 360999, 202750, -240024, -256166, 108219, 247324, 155, -197067, -65477, 132513, 84777, -79269, -66552, 54451, 27894, -62669, 9266, 96352, -25133, -139030, 9738, 170513, 33377, -173416, -89317, 139214, 137875, -71344, -161226, -15431, 150086, 99151, -106558, -158577, 43127, 180523, 21452, -163359, -69126, 117174, 89526, -60604, -82562, 13609, 56845, 11543, -25783, -14211, 2320, 3068, 5916, 9525, 945, -13687, -15946, 6139, 28971, 9755, -31920, -27116, 22852, 39028, -5854, -41020, -12098, 32847, 24621, -18505, -28274, 3887, 23760, 6255, -15181, -9976, 7282, 8446, -2750, -4983, 1712, 2841, -2482, -3307, 2518, 5619, 52, -7919, -5018, 8240, 10311, -5598, -13538, 783, 13335, 4259, -9871, -7760, 4825, 8829, -520, -7725, -1419, 5942, 884, -5275, 811, 6309, -1656, -7940, 115, 8460, 3883, -6579, -8948, 2236, 13112, 3340, -14631, -8461, 12724, 11917, -8079, -13010, 2563, 11347, 1920, -7318, -4266, 2291, 4341, 2032, -2839, -4412, 983, 4511, 63, -3027, 307, 1384, -2011, -804, 4392, 1632, -6386, -3401, 7068, 5303, -6140, -6466, 3996, 6291, -1387, -4749, -893, 2361, 2292, 90, -2695, -1854, 2389, 2516, -1820, -2214, 1497, 1508, -1780, -970, 2661, 929, -3700, -1479, 4362, 2507, -4302, -3662, 3431, 4481, -1936, -4519, 208, 3601, 1331, -1997, -2327, 321, 2591, 876, -2194, -1330, 1497, 1063, -889, -331, 599, -445, -647, 883, 909, -705, -1182, -170, 1305, 1474, -1181, -2649, 708, 3221, 117, -3058, -1025, 2318, 1601, -1271, -1590, 218, 1008, 655, -45, -1245, -980, 1467, 1760, -1290, -2126, 877, 2104, -500, -1837, 344, 1522, -399, -1320, 551, 1265, -646, -1262, 524, 1201, -94, -1034, -519, 744, 1085, -280, -1456, -348, 1580, 1054, -1423, -1707, 996, 2226, -352, -2576, -481, 2824, 1446, -3034, -2383, 3166, 3118, -3018, -3473, 2361, 3299, -1086, -2536, -610, 1329, 2238, 55, -3210, -1314, 3107, 2184, -1888, -2487, -75, 2187, 2169, -1380, -3859, 365, 4881, 393, -5134, -444, 4686, -364, -3867, 1844, 3113, -3586, -2626, 5095, 2340, -5971, -2113, 6090, 1791, -5556, -1191, 4630, 256, -3639, 879, 2830, -1856, -2272, 2266, 1969, -1903, -1943, 930, 2198, 301, -2603, -1493, 3015, 2525, -3353, -3386, 3583, 4233, -3611, -5251, 3341, 6428, -2698, -7488, 1580, 8184, -17, -8477, -1572, 8316, 2543, -7471, -2421, 5713, 1196, -3039, 820, -346, -3194, 4199, 5553, -8257, -7663, 12090, 9465, -15017, -10965, 16228, 12046, -15003, -12395, 11100, 11719, -5043, -9855, -1840, 6803, 7935, -2801, -11968, -1486, 13380, 5017, -12316, -6868, 9559, 6759, -6350, -5173, 3983, 3119, -3178, -1703, 3830, 1769, -5099, -3581, 5801, 6703, -4973, -9963, 2444, 11914, 1130, -11654, -4721, 9307, 7342, -5766, -8200, 2125, 6915, 638, -3856, -1846, 133, 1404, 2869, 210, -4126, -2255, 3432, 4039, -1388, -4985, -974, 4692, 2670, -3167, -3098, 959, 2241
1791219587.835, MrmFullScanInfo, 375, 107, 2197240, 0, 0, 0, 0, 10000, 39297, 32, 4, 2, 1, 480, 0, 0, 0, 0, 0, 0, -184, -579, 572, 1415, -924, -1794, 1019, 1405, -500, -725, -225, 339, 335, -116, 115, -171, -219, 543, -266, -830, 508, 854, -365, -480, 157, -234, 23, 922, -224, -1267, 249, 1193, 182, -957, -692, 1024, 826, -1373, -372, 1570, -323, -1584, 1203, 1244, -2753, 36, 5021, -2291, -7746, 4918, 11430, -7853, -17605, 11818, 27843, -16815, -42863, 21805, 62216, -27285, -84650, 34980, 108393, -44004, -131234, 49554, 150244, -46672, -161441, 34657, 160925, -16240, -146805, -4346, 121000, 22275, -88278, -33504, 53532, 36926, -20179, -34953, -9143, 31022, 32042, -26966, -47579, 22919, 56435, -18491, -60676, 13880, 62276, -9811, -61380, 6221, 56525, -1703, -46608, -4866, 32452, 12673, -16124, -19212, 114, 21981, 13293, -20468, -22483, 16348, 26668, -11708, -26128, 7567, 22424, -4161, -17819, 1704, 14198, -46, -12271, -1445, 11622, 3470, -11065, -6354, 9280, 9939, -5552, -13464, 313, 15673, 5063, -15334, -8962, 12173, 10253, -7227, -8756, 2138, 5373, 1723, -1710, -3659, -727, 3712, 1245, -2669, -70, 1811, -1841, -2135, 3281, 3729, -3349, -5882, 1823, 7644, 849, -8169, -3750, 6962, 5761, -4201, -5988, 874, 4364, 1763, -1629, -2855, -1162, 2448, 3099, -1335, -3605, 414, 2726, -194, -1158, 800, -251, -2000, 1022, 3220, -1129, -3755, 851, 3235, -647, -1811, 1032, 40, -2256, 1345, 4100, -1754, -5926, 1050, 7031, 439, -6960, -2147, 5725, 3513, -3735, -4146, 1548, 4025, 402, -3473, -1935, 2879, 3063, -2453, -3815, 2188, 4192, -1915, -4233, 1514, 4049, -1033, -3733, 692, 3290, -629, -2716, 813, 2136, -1121, -1780, 1428, 1820, -1637, -2121, 1647, 2335, -1375, -2239, 882, 1874, -370, -1397, 82, 983, -115, -789, 382, 910, -650, -1295, 719, 1784, -525, -2072, 87, 1839, 554, -1032, -1220, -64, 1564, 1079, -1341, -1749, 682, 1936, 52, -1594, -519, 863, 499, 12, 84, -748, -1090, 1110, 2196, -999, -3054, 530, 3474, 97, -3473, -679, 3217, 1063, -2856, -1151, 2459, 956, -2013, -619, 1472, 328, -848, -120, 232, -86, 311, 317, -709, -512, 851, 661, -628, -774, 105, 785, 529, -640, -1018, 344, 1193, 16, -1034, -263, 649, 260, -136, -67, -404, -61, 835, -14, -998, 236, 882, -453, -703, 637, 676, -868, -799, 1161, 935, -1390, -1050, 1483, 1205, -1503, -1287, 1523, 1110, -1498, -702, 1381, 270, -1202, 91, 953, -411, -573, 691, 62, -876, 484, 1013, -907, -1223, 1093, 1555, -1039, -1828, 804, 1776, -402, -1314, -134, 576, 786, 292, -1534, -1214, 2390, 2133, -3316, -2929, 4189, 3564, -4778, -4054, 4878, 4359, -4388, -4372, 3271, 4116, -1606, -3792, -282, 3539, 1909, -3260, -2971, 2810, 3503, -2247, -3609, 1774, 3359, -1459, -2838, 1168, 2174, -739, -1449, 118, 721, 624, -2, -1306, -727, 1779, 1460, -1985, -2023, 1960, 2210, -1770, -1936, 1496, 1324, -1283, -657, 1331, 197, -1709, -40, 2243, 171, -2578, -535, 2505, 1042, -1995, -1461, 1170, 1516, -283, -1014, -355, -9, 618, 1230, -595, -2168, 366, 2521, 44, -2336, -417, 1857, 393, -1282, 170, 748, -1011, -326, 1592, 87, -1440, -149, 496, 559, 857, -1084, -2108, 1291, 2914, -907, -3107, 77, 2684
1791219587.835, MrmDetectionListInfo, 375, 183, 58, 7895, 61, 14672, 62, 18281, 63, 22584, 64, 27509, 65, 33010, 66, 39050, 67, 45615, 68, 52712, 69, 60337, 70, 65535, 71, 65535, 72, 65535, 73, 65535, 74, 65535, 75, 65535, 76, 65535, 77, 65535, 78, 65535, 79, 65535, 80, 65535, 81, 65535, 82, 65535, 83, 63710, 84, 60910, 85, 57321, 86, 50980, 87, 42412, 88, 33646, 89, 26534, 90, 22257, 91, 21647, 92, 24924, 93, 30578, 94, 35613, 95, 38022, 96, 38319, 97, 38187, 98, 38390, 99, 38467, 100, 37869, 101, 36701, 102, 35373, 103, 33954, 104, 32081, 105, 29450, 106, 26347, 107, 23514, 108, 21396, 109, 19720, 110, 17870, 111, 15483, 112, 12899, 113, 11512, 114, 12942, 115, 16863, 116, 20613, 117, 21908, 118, 20978, 119, 19526, 120, 18483, 121, 17442, 122, 15771, 123, 13557, 124, 11385, 125, 9652, 126, 8321, 127, 7237, 128, 6468, 129, 6237, 130, 6568, 131, 7163, 132, 7699, 133, 8091, 134, 8415, 135, 8683, 136, 8783, 137, 8588, 138, 8171, 139, 8014, 140, 8732, 141, 10248, 142, 11589, 143, 11832, 144, 10931, 145, 9457, 146, 7841, 147, 6135, 148, 4407, 164, 4316, 168, 5098, 169, 5681, 170, 6003, 171, 5745, 172, 4947, 173, 3904, 192, 2315, 193, 2469, 195, 2139, 203, 3137, 204, 3660, 205, 3821, 206, 3815, 207, 3814, 208, 3886, 209, 4048, 210, 4243, 211, 4314, 212, 4135, 213, 3725, 214, 3210, 220, 2824, 221, 2986, 222, 3015, 223, 3034, 224, 3091, 225, 3130, 226, 3082, 227, 2948, 228, 2774, 229, 2594, 230, 2413, 231, 2231, 232, 2057, 233, 1905, 235, 1675, 241, 1712, 242, 1822, 243, 1912, 244, 1952, 245, 1921, 246, 1812, 247, 1636, 272, 1462, 273, 1468, 274, 1279, 284, 1124, 285, 1571, 286, 1788, 287, 1856, 288, 1892, 289, 1917, 290, 1898, 291, 1857, 292, 1877, 293, 1980, 294, 2082, 295, 2086, 296, 1987, 297, 1846, 298, 1701, 371, 1381, 372, 1378, 373, 1295, 385, 3081, 386, 3469, 387, 3830, 388, 4141, 389, 4373, 390, 4513, 391, 4555, 392, 4495, 393, 4324, 394, 4033, 395, 3633, 396, 3150, 397, 2647, 398, 2221, 399, 2023, 400, 2179, 401, 2607, 402, 3012, 407, 2767, 409, 2423, 410, 2205, 411, 1989, 412, 1757, 413, 1486, 414, 1173, 427, 2025, 443, 1662, 444, 1608, 476, 1775
1791219587.960, MrmFullScanInfo, 376, 107, 2197365, 0, 0, 0, 0, 10000, 39297, 32, 1, 2, 1, 480, -338488, 512843, 406570, -503535, -476298, 465392, 517522, -331639, -520192, -50474, 519540, 446156, -463702, -516356, 161110, 517994, 143619, -519613, -335657, 511273, 363693, -437929, -287290, 107317, 235774, 182277, -3903, -243450, -181650, 433995, 138803, -454485, 2170, 511663, -140346, -511015, 172985, 513540, -142302, -516318, 55627, 514764, 81956, -462409, -265703, 324202, 406778, -67053, -450414, -189864, 377052, 377098, -241917, -476925, 55165, 458225, 105756, -387809, -207854, 277246, 244495, -149468, -190555, 47074, 96375, 650, -4060, -5782, -77442, -33312, 117428, 90983, -103289, -147535, 51425, 179880, 25034, -163684, -93948, 102333, 65293, -6724, -68083, -68074, 37347, 118399, 10678, -126224, -62881, 94688, 99768, -39605, -101657, -20978, 72373, 64526, -18285, -76597, -39093, 53768, 76338, -16243, -80117, -21120, 55405, 43610, -17574, -40871, -15013, 17297, 31564, 9868, -19860, -34443, 1753, 38752, 18881, -28216, -30219, 6776, 29463, 13449, -18319, -26002, -3098, 28852, 21099, -20126, -27741, 9076, 23400, 1278, -14446, -4224, 2550, 1506, 4092, 3557, -2666, -7681, -3751, 8162, 9168, -2459, -9527, -5377, 7084, 9586, -287, -10733, -7276, 8057, 11556, -1504, -11945, -4784, 8839, 7553, -3743, -6266, -2223, 207, 1705, 3711, 2309, -4916, -5753, 2084, 6100, 2858, -3653, -7495, -2802, 9662, 11171, -9608, -16403, 4294, 19323, 2101, -18720, -7799, 13997, 10092, -6760, -9691, 278, 6363, 3497, -1116, -4055, -2748, 2091, 3847, 2795, -2374, -6503, -1366, 6953, 5994, -5176, -9853, 1763, 10167, 2945, -8932, -4432, 6189, 6105, -3145, -4190, 941, 2680, 216, -865, -81, -597, -473, 100, 612, 1966, -768, -2474, 275, 2671, 1077, -2458, -1180, 1308, 776, 432, -515, -2095, -417, 2532, 2019, -2449, -1932, 467, 2645, 1245, -2223, -2179, 672, 1963, 1336, -1984, -2093, 923, 1934, -197, -838, -864, 224, -1359, 265, 2287, -805, -3117, -435, 4148, 1460, -3574, -1981, 2124, 2747, -641, -1840, -903, 509, 1876, 676, -1523, -1332, 1649, 2034, -749, -2165, 213, 1546, -188, -504, 508, -388, -847, 358, 2152, -737, -2644, -171, 2351, 379, -2018, -967, 115, -1134, 384, -1168, -1540, 236, 1487, 669, -1099, -693, 192, 567, 219, -595, -952, 518, 3268, -1013, -612, -299, 1359, -572, -1758, 317, 1726, 260, -1604, -151, 1166, 1648, 54, -2684, 324, 4736, 3670, -2529, -3563, 1373, 3331, 338, -2502, -2278, 1254, 3056, -150, -4210, -177, 4411, -821, -2323, 312, 4871, -258, -4399, 1820, 4927, -3262, -5122, 3119, 4708, -3241, -4934, 3398, 4331, -4446, -4448, 1451, 3824, -1801, -2362, 1414, 1781, -1075, -1783, 2007, 2549, -1770, -2842, 1119, 2760, -364, -4544, -251, 2371, -452, -1890, 360, 1213, -57, -1576, -758, 1954, 1706, -2221, -2128, 2877, 2510, -2494, -1979, 2360, 1643, -2101, -236, 2264, -491, -3239, 4775, 148, -6783, 1543, 8865, -4346, -10158, 6972, 11005, -8075, -12200, 8739, 11293, -6869, -6459, 3331, 6575, 1996, -2374, -6384, -2569, 9299, 6566, -9861, -10027, 8371, 10449, -5800, -9990, 3095, 8406, 1099, -4547, 1642, 2784, -3490, -2776, 4504, 4214, -5118, -7499, 3384, 10263, -831, -10905, -3697, 7565, 8540, -5676, -7882, 1689, 8392, 2402, -7175, -4186, 4673, 5865, -1797, -4160, -469, 2547, 958, -2317, -1497, -2754, -458, 3756, 2003, -3306, -2445, 2258, 2729, -1416, -1405, 831, 45, -433, 1390, 869, -4732
1791219587.976, MrmFullScanInfo, 376, 107, 2197365, 0, 0, 0, 0, 10000, 39297, 32, 2, 2, 1, 480, 0, 0, 0, 0, 0, 0, 165566, -232165, -311391, 473934, 368205, -497043, -398217, 270336, 451716, 63006, -480478, -341000, 397665, 506516, -196294, -587772, -28623, 596730, 177404, -499491, -221681, 284303, 187842, -2896, -116286, -261985, 56767, 448541, -59675, -531500, 133111, 522986, -231468, -469603, 294974, 424059, -289879, -415457, 214690, 433832, -83724, -437775, -81410, 380250, 249031, -239978, -378795, 37363, 433551, 175755, -395312, -344898, 275974, 436349, -114560, -443167, -37288, 378716, 136249, -268589, -163028, 145662, 125215, -43190, -48473, -14945, -36075, 21030, 100929, 16385, -127823, -76328, 111482, 131740, -63750, -156261, 7311, 133934, 38457, -69126, -64693, -13776, 68100, 84527, -46525, -122404, 4927, 121244, 42196, -87229, -75883, 34354, 81878, 19694, -57539, -58260, 13048, 71097, 33184, -57709, -63154, 27060, 67486, 6207, -48507, -27940, 17859, 30429, 9809, -15277, -23850, -8109, 21652, 27479, -7904, -33863, -9181, 25615, 21344, -7745, -23232, -11651, 14545, 25377, -118, -29543, -12969, 24530, 19410, -14357, -17851, 4375, 10791, 1418, -2873, -1883, -1703, -1265, 1539, 4577, 1830, -4972, -5507, 1686, 6908, 3581, -4845, -8085, -2, 9606, 5564, -7461, -9542, 2885, 10393, 1628, -7995, -3825, 3936, 2968, -664, -108, -201, -2584, -1056, 3116, 2744, -741, -2871, -3753, 302, 8492, 4636, -11291, -10460, 10693, 15353, -6819, -17718, 1288, 16595, 3833, -12214, -6882, 6104, 7093, -377, -4806, -3124, 1354, 3446, 1609, -930, -2791, -2859, 1619, 5985, 1532, -7072, -5399, 5828, 8447, -2926, -9617, -364, 8723, 2823, -6337, -3803, 3465, 3341, -1079, -2030, -264, 754, 536, -248, -57, 645, -609, -1476, 920, 2166, -692, -2304, 163, 1675, 338, -372, -558, -1157, 369, 2296, 219, -2530, -1057, 1767, 1861, -424, -2182, -894, 1669, 1812, -485, -2184, -723, 1951, 1373, -1298, -1304, 764, 674, -818, 197, 1507, -860, -2493, 959, 3334, -437, -3594, -444, 3055, 1259, -1825, -1593, 282, 1303, 1106, -549, -1963, -374, 2167, 1182, -1852, -1612, 1310, 1484, -822, -854, 603, 10, -775, 716, 1281, -1096, -1848, 1043, 2109, -723, -1804, 341, 939, 88, 149, -509, -992, 696, 1342, -461, -1206, -26, 734, 502, 13, -888, -847, 1168, 1418, -1241, -1545, 1068, 1450, -788, -1428, 568, 1476, -328, -1424, -150, 1225, 1097, -840, -2374, 160, 3427, 844, -3674, -1910, 2873, 2615, -1249, -2765, -727, 2444, 2564, -1983, -3747, 1692, 4088, -1573, -3918, 1599, 3793, -1977, -3876, 2846, 3910, -3891, -3762, 4637, 3513, -4961, -3279, 4931, 3099, -4520, -2921, 3754, 2647, -2844, -2210, 2125, 1767, -1796, -1555, 1855, 1636, -2018, -1998, 1972, 2536, -1704, -2924, 1399, 2804, -1118, -2201, 769, 1607, -263, -1457, -335, 1857, 879, -2545, -1211, 3129, 1269, -3319, -1048, 3097, 560, -2707, 378, 2193, -2005, -1145, 4170, -880, -6233, 3796, 7578, -6947, -8137, 9635, 8211, -11294, -7852, 11431, 6968, -9575, -5729, 5696, 4409, -497, -2869, -4860, 709, 9202, 2016, -11643, -4748, 11833, 6818, -9944, -7732, 6841, 7337, -3948, -5830, 2501, 3877, -2751, -2518, 3954, 2653, -5100, -4422, 5315, 6941, -3913, -8894, 884, 9402, 2858, -8190, -6020, 5495, 7809, -1990, -8041, -1299, 6821, 3487, -4583, -4261, 2064, 3695, -56, -1983, -955, -433, 980, 2682, -318, -3868, -557, 3797, 1151, -2861, -1091, 1646, 190
1791219587.976, MrmFullScanInfo, 376, 107, 2197365, 0, 0, 0, 0, 10000, 39297, 32, 4, 2, 1, 480, 0, 0, 0, 0, 0, 0, 527, -52, -788, 243, 471, -463, -27, 404, -329, 37, 778, -521, -1398, 782, 1865, -799, -1862, 641, 1754, -519, -1480, 286, 640, 534, 881, -1736, -2192, 2322, 2458, -1714, -2261, 697, 2267, -353, -1910, 634, 192, -653, 2067, 150, -3038, 200, 2476, -299, -1575, 848, 1091, -2169, -464, 3870, -1996, -6042, 7834, 9950, -17070, -17147, 28661, 28447, -42828, -41996, 60320, 54161, -79360, -63523, 96046, 72464, -107656, -83842, 114044, 97443, -115789, -110555, 113118, 119786, -109549, -120578, 109297, 108692, -109473, -85480, 100133, 59421, -74930, -39084, 38403, 26585, 112, -18728, -32932, 11546, 56958, -3364, -72419, -5136, 80193, 12588, -80693, -18288, 74542, 22106, -63342, -23921, 49176, 23464, -34057, -20542, 20064, 15350, -8830, -8760, 789, 2405, 4632, 2029, -8160, -3820, 10266, 3394, -11553, -1642, 12591, -526, -13542, 2571, 13992, -4177, -13249, 4994, 11039, -4672, -7805, 3351, 4360, -1873, -1424, 1156, -488, -1577, 1343, 2856, -1571, -4304, 1603, 5212, -1465, -5198, 1090, 4316, -683, -2923, 495, 1479, -467, -388, 296, -250, 319, 707, -1477, -1268, 2904, 1979, -4001, -2736, 4287, 3484, -3759, -4066, 2836, 4231, -2190, -3848, 2375, 3026, -3355, -2071, 4528, 1364, -5248, -1118, 5283, 1259, -4648, -1454, 3511, 1349, -2167, -743, 1056, -308, -612, 1543, 1105, -2570, -2480, 2973, 4272, -2515, -5733, 1264, 6290, 401, -5795, -1935, 4473, 2918, -2723, -3181, 1014, 2810, 227, -2059, -817, 1289, 904, -828, -830, 879, 862, -1434, -1052, 2277, 1367, -3106, -1713, 3660, 1952, -3741, -1987, 3313, 1812, -2472, -1498, 1453, 1176, -549, -910, -63, 665, 523, -439, -1082, 346, 1753, -421, -2282, 513, 2439, -516, -2187, 584, 1619, -871, -906, 1270, 323, -1487, -90, 1376, 249, -938, -559, 272, 676, 494, -396, -1192, -159, 1637, 724, -1690, -1110, 1330, 1238, -683, -1077, 32, 620, 342, 42, -323, -711, -30, 1179, 548, -1337, -994, 1200, 1131, -942, -846, 697, 256, -409, 279, 92, -414, 89, 97, -42, 530, -22, -1227, -129, 1886, 498, -2318, -975, 2195, 1534, -1351, -2161, 94, 2714, 1064, -2980, -1862, 2896, 2239, -2500, -2128, 1966, 1639, -1413, -1102, 839, 807, -227, -725, -359, 671, 758, -642, -859, 757, 708, -1192, -291, 1932, -308, -2554, 707, 2629, -480, -2203, -230, 1581, 830, -852, -1034, 17, 979, 682, -906, -1050, 1020, 1177, -1411, -1219, 1989, 1242, -2537, -1147, 2941, 824, -3143, -275, 3041, -172, -2730, 181, 2401, 156, -1993, -511, 1244, 762, -131, -1011, -1023, 1347, 1974, -1692, -2625, 1858, 3009, -1583, -3256, 794, 3531, 240, -3738, -1059, 3436, 1484, -2399, -1715, 1000, 1864, 196, -1692, -1041, 916, 1867, 364, -2874, -1811, 3921, 3398, -4706, -5100, 5052, 6434, -4814, -6825, 3851, 6303, -2311, -5337, 608, 4149, 914, -2807, -2094, 1584, 2973, -808, -3488, 566, 3393, -582, -2617, 535, 1547, -390, -804, 289, 605, -214, -737, -206, 1041, 1132, -1408, -2121, 1550, 2729, -1177, -2949, 478, 2982, 23, -2807, 15, 2446, -597, -2214, 1457, 2262, -2216, -2279, 2531, 1906, -2206, -1284, 1381, 810, -402, -460, -372, -22, 774, 720, -968
1791219587.976, MrmDetectionListInfo, 376, 161, 63, 16642, 64, 21706, 65, 27559, 66, 34179, 67, 41439, 68, 49110, 69, 56889, 70, 64458, 71, 65535, 72, 65535, 73, 65535, 74, 65535, 75, 65535, 76, 65535, 77, 65535, 78, 65535, 79, 65535, 80, 65535, 81, 65535, 82, 65535, 83, 65535, 84, 65535, 85, 65535, 86, 65535, 87, 65535, 88, 65535, 89, 65535, 90, 65535, 91, 57340, 92, 43966, 93, 30961, 94, 19424, 95, 12398, 96, 13596, 97, 22209, 98, 31655, 99, 36177, 100, 36492, 101, 37242, 102, 40810, 103, 45439, 104, 48359, 105, 48814, 106, 47898, 107, 46647, 108, 45044, 109, 42593, 110, 39191, 111, 35207, 112, 31015, 113, 26703, 114, 22236, 115, 17682, 116, 13246, 117, 9117, 118, 5478, 122, 4602, 123, 6216, 124, 6986, 125, 7142, 126, 7102, 127, 7031, 128, 6916, 129, 6822, 130, 6954, 131, 7475, 132, 8254, 133, 8905, 134, 9126, 135, 8912, 136, 8414, 137, 7710, 172, 3577, 173, 3755, 174, 3812, 190, 3105, 191, 2943, 192, 2697, 193, 2365, 204, 3270, 205, 3629, 206, 3842, 207, 3852, 208, 3685, 209, 3453, 210, 3303, 211, 3332, 212, 3470, 213, 3498, 214, 3264, 230, 1824, 231, 2124, 232, 2408, 233, 2640, 234, 2798, 235, 2870, 236, 2852, 237, 2744, 238, 2549, 239, 2283, 240, 1967, 254, 1415, 255, 1487, 256, 1481, 257, 1420, 258, 1330, 259, 1230, 323, 1954, 324, 2349, 325, 2546, 326, 2532, 327, 2421, 328, 2290, 329, 2122, 330, 1881, 370, 1896, 371, 1959, 372, 1976, 373, 1929, 374, 1820, 375, 1683, 376, 1565, 377, 1488, 388, 1092, 389, 1563, 390, 1917, 391, 2114, 392, 2238, 393, 2343, 394, 2401, 395, 2359, 396, 2224, 397, 2065, 398, 1966, 399, 1988, 400, 2138, 401, 2325, 411, 1258, 412, 1330, 413, 1520, 414, 1992, 415, 2728, 416, 3513, 417, 4162, 418, 4669, 419, 5119, 420, 5517, 421, 5771, 422, 5784, 423, 5541, 424, 5098, 425, 4523, 426, 3868, 427, 3186, 428, 2586, 429, 2206, 430, 2085, 431, 2115, 458, 1696, 459, 1545, 460, 1432
1791219588.085, MrmFullScanInfo, 377, 107, 2197490, 0, 0, 0, 0, 10000, 39297, 32, 1, 2, 1, 480, -339880, 511820, 405412, -504261, -476633, 465317, 517966, -331268, -520143, -53565, 519841, 446697, -463497, -516589, 166174, 517812, 145717, -519785, -334618, 512183, 364518, -435949, -284121, 105450, 230763, 184357, -505, -243333, -178468, 432135, 134959, -455923, -2338, 510202, -142838, -510954, 179268, 512564, -150002, -515632, 55560, 515307, 85400, -463022, -260578, 325588, 405496, -68391, -457629, -184721, 382267, 377958, -249520, -478926, 59992, 459995, 111793, -389941, -216310, 270217, 247663, -137178, -202940, 21856, 119640, 41176, -31342, -57088, -41956, 39008, 72334, 2715, -49761, -43710, -14361, 56698, 89071, -26149, -150391, -38691, 165484, 114881, -142055, -177001, 83572, 207262, -740, -190808, -81865, 133328, 136781, -55452, -147631, -20794, 120301, 73590, -69068, -91656, 9048, 68488, 30414, -30953, -34581, -4696, 10795, 25308, 22096, -18113, -42373, -7518, 46349, 31206, -36814, -44873, 9146, 44049, 17517, -27910, -29894, 2362, 28377, 18752, -15988, -27264, -3201, 24815, 17592, -12296, -23127, -1900, 14955, 13269, -3224, -14879, -8502, 8698, 12272, -876, -7843, -4318, -3595, 3831, 10472, 3648, -12998, -13846, 8229, 18614, 1342, -16513, -10747, 9969, 14857, 1087, -13007, -11090, 6341, 12984, 1286, -9684, -7778, 3548, 5998, 2748, 304, -6106, -6609, 3318, 10363, 2105, -8882, -8804, 3440, 10442, 4944, -9720, -9601, 5178, 13551, 2590, -14598, -9122, 10856, 11412, -4038, -10692, -898, 6582, 4667, -370, -5075, -3979, 2777, 5856, 1547, -4295, -3443, 1120, 2313, 2580, 823, -4735, -3938, 4189, 6831, -2228, -8218, 79, 7114, 1904, -3887, -2577, 1032, 1835, 1017, -225, -1616, -1578, 249, 2052, 1511, -2145, -2439, 702, 2300, 944, -1643, -2398, 738, 3286, 1186, -3307, -2767, 2028, 2928, -655, -2288, -572, 657, 1538, 1319, -2315, -2485, 1085, 2589, 7, -2076, -1134, 1063, 937, 79, -183, -965, -701, 634, 1558, 443, -1756, -1596, 749, 2317, 464, -2714, -1462, 1624, 2487, -241, -2430, -1588, 1586, 2280, -372, -2763, -1109, 2408, 2393, -1045, -2606, 531, 2675, 1088, -1492, -1373, 854, 724, -257, 197, 184, -556, -870, 857, 2192, -439, -3035, -657, 2654, 1400, -2494, -1834, 1172, 2281, -39, -1694, -797, 1222, 984, -122, -1763, -719, 1493, 567, -1539, -655, 1242, 1356, -2167, -1092, 1962, 897, -1394, -1184, 1090, 411, -274, 339, -416, -1258, 1050, 2401, -773, -2879, 249, 3192, 801, -2818, -2366, 1379, 3197, -176, -3653, -1162, 3984, 1800, -4153, -1927, 3907, 1074, -4247, -319, 4735, -841, -5055, 1234, 5030, -777, -4827, 529, 3613, -391, -3019, 423, 1035, -901, -28, 1202, -1156, -1399, 1643, 1217, -1624, -904, 1322, 988, -580, -1126, 173, 1338, 447, -638, -826, 595, 1291, 87, -2345, -1731, 2314, 2091, -2966, -3239, 3309, 3617, -3336, -3296, 2727, 3099, -2565, -1409, 2130, 36, -1330, 2617, -320, -4334, 1891, 5364, -5595, -6613, 8324, 7157, -10620, -8894, 11229, 10057, -9910, -10897, 5182, 10994, -963, -8421, -5008, 5172, 9202, -861, -10961, -2454, 10324, 5505, -7970, -6701, 4910, 5254, -2474, -3180, 1741, 1865, -2533, -747, 4451, 1788, -5043, -4752, 4906, 7770, -2848, -9362, -581, 9553, 4504, -6141, -6684, 2890, 7781, 666, -7137, -3969, 4019, 5388, -815, -4383, -1957, 1814, 3750, 1146, -3087, -2545, 1528, 3547, 618, -2852, -2277, 1230, 2637, 521, -1809, -2356, -7, 2690, 2233, -2326, -3450
1791219588.085, MrmFullScanInfo, 377, 107, 2197490, 0, 0, 0, 0, 10000, 39297, 32, 2, 2, 1, 480, 0, 0, 0, 0, 0, 0, 165570, -232164, -311424, 473746, 368383, -496372, -398631, 269219, 452608, 64023, -481893, -341328, 399152, 506229, -197217, -587355, -28306, 596284, 176862, -498486, -220130, 282313, 185580, -487, -114758, -263568, 56750, 448553, -60455, -530427, 133994, 521683, -233209, -468158, 298384, 422174, -293801, -413500, 217354, 432818, -84973, -438144, -80821, 381780, 249335, -242486, -381019, 40517, 437941, 172838, -400497, -343298, 279329, 436332, -113943, -443456, -42428, 376194, 146492, -259369, -180685, 126971, 153292, -13607, -88844, -56380, 17398, 75245, 33626, -51206, -46552, 4734, 18294, 37587, 39409, -52430, -104983, 29064, 155182, 26656, -172496, -95530, 149494, 153439, -90339, -180808, 10677, 169118, 66436, -122721, -118937, 56410, 134059, 9482, -112312, -55995, 66690, 72540, -17736, -60159, -15074, 30061, 22373, 1362, -7852, -19485, -16366, 18231, 36650, -2000, -43141, -18625, 33234, 32966, -12294, -34440, -9738, 22859, 23801, -4031, -25440, -13607, 15899, 23322, -1116, -22544, -11381, 13211, 16329, -547, -12976, -9497, 4775, 13142, 2882, -10322, -5682, 4210, 2696, 636, 3622, -859, -9281, -3631, 10930, 9873, -7368, -13962, 170, 13219, 7288, -7515, -11722, -595, 11413, 7377, -6954, -10100, 1146, 8206, 2621, -3206, -2500, -2022, -821, 4556, 4979, -3073, -7326, -1458, 6305, 6576, -2083, -9621, -3872, 8999, 9665, -4921, -13421, -776, 13745, 5779, -10497, -8322, 5034, 7734, 521, -4574, -4195, 392, 4945, 3026, -3200, -4375, 609, 3260, 1059, -348, -915, -2887, -887, 4989, 3492, -5254, -5686, 3894, 6428, -1684, -5406, -398, 3177, 1536, -779, -1408, -804, 305, 1110, 1080, -363, -1955, -761, 1808, 1653, -645, -1969, -1032, 1580, 2548, -567, -3348, -699, 3192, 1674, -2173, -1900, 622, 1281, 992, -129, -2098, -1037, 2266, 1814, -1534, -2010, 450, 1609, 344, -765, -494, -126, 44, 593, 689, -371, -1252, -447, 1303, 1478, -756, -2197, -207, 2187, 1259, -1368, -2003, 39, 2124, 1338, -1517, -2324, 369, 2680, 938, -2361, -1959, 1515, 2403, -463, -2235, -351, 1639, 604, -924, -307, 477, -258, -598, 763, 1258, -933, -2098, 653, 2675, 0, -2691, -796, 2118, 1466, -1167, -1764, 139, 1564, 770, -989, -1456, 356, 1835, 118, -1938, -414, 1970, 560, -2031, -555, 2016, 459, -1762, -316, 1235, 75, -464, 344, -416, -936, 1165, 1627, -1507, -2283, 1251, 2727, -375, -2780, -930, 2362, 2338, -1558, -3535, 633, 4346, 75, -4717, -292, 4739, -68, -4592, 884, 4428, -1809, -4292, 2445, 4142, -2560, -3882, 2236, 3378, -1732, -2512, 1285, 1306, -985, 46, 794, -1215, -627, 1923, 470, -2043, -406, 1683, 539, -1087, -815, 485, 1046, 49, -1067, -595, 801, 1253, -260, -2035, -465, 2866, 1225, -3616, -1835, 4136, 2173, -4269, -2145, 3978, 1694, -3317, -748, 2289, -654, -798, 2232, -1254, -3550, 3879, 4262, -6866, -4395, 9774, 4356, -12002, -4632, 12918, 5494, -12006, -6769, 9108, 7897, -4529, -8186, -942, 7259, 6137, -5171, -9812, 2296, 11233, 695, -10427, -2964, 8103, 3908, -5353, -3505, 3311, 2304, -2637, -1174, 3245, 1015, -4442, -2262, 5303, 4582, -4995, -6975, 3151, 8334, -78, -7997, -3344, 6000, 6022, -2923, -7071, -379, 6195, 2952, -3768, -4016, 679, 3409, 1999, -1619, -3380, -522, 3146, 2228, -1675, -2955, -205, 2512, 1629, -1111, -2019, -692, 1283
1791219588.085, MrmFullScanInfo, 377, 107, 2197490, 0, 0, 0, 0, 10000, 39297, 32, 4, 2, 1, 480, 0, 0, 0, 0, 0, 0, 229, 12, -386, -152, 421, 540, -469, -975, 764, 1029, -1070, -538, 907, 33, -203, 111, -371, -249, 103, 902, 1035, -1993, -2121, 2716, 2028, -2325, -1046, 945, 333, 419, -96, -1072, -840, 1363, 2733, -1732, -3982, 1870, 3622, -1165, -2546, -110, 1584, 1325, -202, -2208, -2097, 2456, 4740, -1683, -6763, -282, 7553, 3105, -7648, -5914, 8304, 7276, -9620, -5620, 10176, 503, -8552, 7225, 4274, -15872, 2841, 23967, -13052, -31172, 25859, 38185, -39192, -46131, 51709, 54152, -62583, -59053, 68826, 58942, -65566, -55462, 51026, 51055, -29502, -45852, 7853, 38734, 8400, -29471, -17244, 19537, 19928, -11291, -19240, 6533, 17943, -5414, -18035, 6403, 20345, -7132, -23935, 5567, 26483, -996, -26514, -4895, 24257, 8851, -20251, -8908, 14737, 5890, -8777, -1865, 4441, -1549, -2896, 3176, 3527, -2246, -4816, -1055, 5407, 5558, -4470, -9819, 1885, 12719, 1544, -13504, -4439, 11968, 5650, -8794, -4759, 5361, 2209, -2993, 851, 2341, -3044, -3057, 3491, 4028, -2158, -4019, -122, 2355, 2086, 665, -2641, -3880, 1435, 6032, 956, -6473, -3334, 5220, 4587, -2693, -4166, -336, 2224, 2859, 572, -4160, -3346, 4265, 5330, -3711, -6076, 3061, 5544, -2627, -4076, 2517, 2269, -2609, -704, 2613, -223, -2250, 410, 1427, -5, -258, -643, -1003, 1237, 2083, -1732, -2763, 2259, 3017, -2876, -3032, 3449, 3066, -3788, -3230, 3767, 3426, -3320, -3450, 2434, 3169, -1219, -2553, 16, 1632, 800, -483, -1057, -703, 881, 1630, -513, -2047, 136, 1904, 203, -1275, -526, 331, 862, 658, -1162, -1409, 1353, 1775, -1399, -1751, 1292, 1405, -1044, -857, 744, 283, -481, 151, 276, -326, -103, 249, -50, -59, 251, -39, -579, -18, 978, 165, -1282, -283, 1381, 296, -1279, -167, 1054, -67, -843, 349, 767, -617, -830, 767, 962, -657, -1051, 273, 989, 250, -663, -725, 64, 1052, 649, -1196, -1205, 1146, 1436, -966, -1380, 851, 1155, -1000, -828, 1476, 464, -2061, -129, 2352, -72, -2099, 55, 1434, 143, -714, -329, 158, 323, 211, -229, -371, 258, 302, -407, -137, 586, 112, -856, -234, 1302, 319, -1758, -319, 1994, 405, -1985, -765, 1812, 1351, -1487, -1861, 1036, 2001, -588, -1685, 309, 1093, -201, -459, 145, -24, 30, 173, -370, 54, 716, -434, -933, 687, 1120, -770, -1410, 844, 1806, -964, -2232, 1063, 2695, -1026, -3105, 755, 3219, -225, -2898, -467, 2298, 1147, -1742, -1695, 1468, 2115, -1486, -2385, 1562, 2555, -1413, -2677, 1051, 2679, -715, -2375, 581, 1717, -660, -966, 872, 452, -1146, -312, 1404, 418, -1510, -574, 1380, 724, -1042, -856, 642, 983, -380, -1050, 461, 891, -963, -399, 1776, -261, -2731, 783, 3693, -996, -4412, 885, 4446, -462, -3422, -308, 1505, 1367, 704, -2366, -2666, 2877, 4244, -2725, -5357, 2128, 5788, -1392, -5405, 657, 4409, -49, -3195, -178, 2087, -70, -1330, 562, 1120, -886, -1420, 813, 1964, -289, -2361, -626, 2362, 1636, -2000, -2243, 1451, 2143, -880, -1562, 459, 982, -371, -635, 571, 565, -727, -737, 669, 1062, -578, -1303, 714, 1226, -1042, -830, 1351, 304, -1595, 152, 1839, -417, -2090, 532
1791219588.085, MrmDetectionListInfo, 377, 113, 73, 8611, 74, 10521, 75, 12814, 76, 16403, 77, 21456, 78, 27081, 79, 32361, 80, 37233, 81, 42179, 82, 47412, 83, 52608, 84, 57237, 85, 60896, 86, 63308, 87, 64189, 88, 63273, 89, 60479, 90, 56005, 91, 50264, 92, 43725, 93, 36797, 94, 29985, 95, 24300, 96, 20980, 97, 20246, 98, 20768, 99, 20759, 100, 19364, 101, 17045, 102, 14801, 103, 13218, 104, 12266, 105, 11741, 106, 11623, 107, 12007, 108, 12850, 109, 13902, 110, 14839, 111, 15397, 112, 15403, 113, 14868, 114, 14229, 115, 14189, 116, 14924, 117, 15727, 118, 15700, 119, 14553, 120, 12631, 121, 10385, 122, 8037, 123, 5711, 136, 6879, 139, 7523, 140, 8223, 141, 8716, 142, 8635, 143, 7912, 169, 4288, 170, 3443, 180, 4851, 181, 4645, 182, 4371, 183, 4051, 184, 3650, 204, 2862, 205, 3031, 206, 3157, 207, 3273, 208, 3388, 209, 3486, 210, 3542, 211, 3541, 212, 3474, 213, 3332, 214, 3101, 288, 1124, 289, 1265, 290, 1284, 291, 1233, 292, 1171, 357, 1401, 358, 1540, 359, 1672, 360, 1797, 361, 1908, 362, 1986, 363, 2007, 370, 1589, 371, 1622, 372, 1653, 373, 1710, 374, 1801, 375, 1902, 376, 1984, 377, 2030, 378, 2036, 388, 827, 411, 1699, 412, 2086, 413, 2416, 414, 2625, 415, 2706, 416, 2664, 417, 2489, 418, 2174, 425, 2784, 426, 3388, 427, 3736, 428, 3861, 429, 3881, 430, 3846, 431, 3723, 432, 3468
1791219588.210, MrmFullScanInfo, 378, 107, 2197615, 0, 0, 0, 0, 10000, 39297, 32, 1, 2, 1, 480, -338469, 513017, 405878, -504597, -477135, 465222, 518063, -329608, -520133, -49625, 519670, 444397, -463266, -516994, 168296, 517744, 143391, -519680, -335811, 511621, 361101, -436467, -286731, 105021, 229466, 182188, -5634, -240422, -175925, 430655, 132926, -456099, -342, 511569, -138852, -511384, 174929, 513779, -137906, -515796, 56232, 515557, 85483, -461306, -264884, 319496, 403902, -63465, -455435, -187021, 377670, 379354, -244111, -476385, 54922, 455774, 108311, -383353, -204007, 266919, 233408, -135952, -179034, 25095, 87430, 40173, 8595, -59571, -89043, 42925, 123303, -3825, -101899, -34210, 34482, 46822, 52026, -18024, -128851, -44595, 164685, 113657, -142939, -176539, 67781, 209608, 48741, -195591, -176650, 135704, 277213, -44596, -323957, -57965, 309353, 138723, -265653, -185691, 162472, 182347, -60152, -150673, -13299, 103119, 47529, -57979, -54142, 34758, 47717, -38518, -43473, 55177, 37110, -95071, -61106, 101808, 92845, -87264, -115127, 53364, 124388, -10438, -112831, -29438, 78616, 55683, -35969, -62304, 10958, 49429, 11263, -33215, -19608, 17617, 12572, -8399, -621, 6041, -6603, -11472, 6811, 19477, -378, -21985, -4413, 17157, 14999, -10436, -19753, -178, 16677, 9993, -8301, -14546, -2331, 13059, 12908, -8850, -17650, 2293, 14860, -435, -13687, -3826, 11487, 6129, -7678, -8355, 4932, 10144, -3966, -11420, 2483, 12690, 814, -14471, -105, 14452, 3799, -11856, -8690, 8751, 12048, -4161, -12430, -48, 10397, 3108, -8012, -3629, 4596, 2539, -2547, -2601, 3140, 2778, -4221, -3619, 4435, 6950, -3134, -10044, 1620, 12152, 1996, -11886, -5727, 10246, 4878, -5821, -6285, 2099, 5846, -35, -4911, -1882, 3267, 2529, -1422, -2071, 1231, 1657, -1367, -1648, 1000, 3211, -1448, -3058, 1305, 3267, -326, -4140, -2043, 3558, 3972, -2493, -5489, 832, 5626, 586, -4057, -1258, 2769, 1691, -1122, -482, -532, 152, 1539, 868, -1643, -2121, 934, 2098, -206, -1940, 344, 643, 47, 58, 286, -911, -56, 1879, 1407, -2023, -940, 1709, 1840, -1198, -1296, 984, 517, -1224, -94, 653, 46, -148, 789, -3, -701, 512, 684, 446, -1066, -850, 902, 454, -23, -392, -38, 906, 513, -388, -787, -18, 1611, 33, -853, -677, 556, 775, -1125, -320, -475, 729, 656, -218, -545, 294, 180, -107, -409, 723, 500, -1023, -1635, -344, 1890, -181, -2283, -354, 1937, 572, -1281, -1228, 422, 1194, -109, -733, -831, -189, 1767, 712, -1721, -2340, 327, 2263, 239, -3168, -585, 3207, 397, -3294, -427, 3223, -144, -4355, 1683, 5402, -1610, -6005, 1904, 5499, -1605, -5458, 945, 4778, -157, -4293, 892, 2409, -1166, -2024, 726, 2039, -858, -2251, 2316, 2834, -1848, -2670, 1489, 2677, -871, -2107, 1144, 1941, -466, -1250, -130, 1142, 444, -1490, -1404, 3328, 2342, -3135, -3385, 3737, 4303, -3731, -5154, 2869, 4853, -2114, -4148, 865, 2138, -140, 761, -1944, -3101, 3363, 4410, -5673, -5306, 7476, 5872, -9072, -5444, 9956, 5344, -8207, -5808, 5321, 5140, -661, -4612, -3473, 2612, 6782, -59, -7924, -2025, 7446, 4062, -5956, -4671, 3307, 3650, -956, -1764, 317, 824, -1342, -642, 2278, 1522, -2631, -4202, 3233, 5886, -1699, -7483, -1085, 7377, 3962, -5169, -5698, 2252, 6989, 821, -6630, -3862, 5132, 5070, -2508, -4103, 3, 2608, 955, 86, -1274, -2060, -145, 3179, 1652, -3144, -2715, 1606, 2594, 194, -1907, -1437, 287, 1964, 1742, -1800, -3240
1791219588.210, MrmFullScanInfo, 378, 107, 2197615, 0, 0, 0, 0, 10000, 39297, 32, 2, 2, 1, 480, 0, 0, 0, 0, 0, 0, 165615, -232184, -311569, 473832, 368555, -496909, -398568, 270459, 452216, 62489, -481661, -340143, 399611, 505489, -198360, -586822, -27048, 595851, 176024, -498341, -220107, 282938, 186598, -2299, -116562, -260807, 58810, 445890, -62039, -528977, 134371, 521947, -231400, -470050, 294156, 425196, -288650, -416543, 213225, 434235, -82477, -436805, -82408, 377977, 250275, -237637, -380651, 36251, 435568, 175400, -396522, -343470, 275970, 433661, -114278, -437996, -35995, 368910, 132632, -251480, -158576, 118458, 122676, -2938, -50679, -70963, -26229, 94394, 79996, -74203, -92336, 29652, 59371, 13753, 7745, -33490, -86011, 18258, 147169, 29290, -166533, -94996, 131262, 158186, -44902, -197874, -72861, 199241, 191742, -158558, -282062, 85164, 323649, 882, -309026, -76820, 244791, 126268, -151812, -143097, 58918, 131166, 10395, -102506, -46825, 73312, 54395, -58009, -44979, 62482, 33131, -81061, -31085, 100141, 43894, -106113, -67120, 92458, 89858, -61121, -100506, 20383, 93248, 18434, -70782, -44946, 41304, 54088, -13758, -48024, -4923, 33628, 11539, -18409, -8065, 8163, 258, -5518, 6142, 9068, -7797, -14469, 4017, 17373, 3480, -15567, -11101, 9219, 15015, -328, -13194, -8100, 6242, 13430, 2945, -14574, -10747, 12056, 14935, -7333, -15490, 2024, 13716, 2743, -11041, -6421, 8580, 8968, -6745, -10702, 5415, 12073, -4298, -13129, 2877, 13486, -400, -12818, -3328, 11104, 7317, -8439, -10120, 5120, 10868, -1832, -9608, -663, 7192, 2065, -4900, -2574, 3753, 2747, -3840, -3335, 4499, 4933, -4896, -7421, 4357, 9977, -2727, -11498, 451, 11130, 1865, -8835, -3826, 5503, 5121, -2286, -5388, -108, 4636, 1498, -3353, -1998, 2179, 2003, -1521, -1976, 1447, 2141, -1707, -2460, 1785, 2885, -1176, -3387, -235, 3766, 2113, -3702, -3808, 3039, 4717, -1873, -4581, 581, 3543, 392, -1951, -795, 231, 622, 1163, -14, -1890, -790, 1932, 1424, -1518, -1549, 944, 1089, -391, -220, 9, -769, 108, 1627, 44, -2134, -369, 2208, 675, -1963, -746, 1576, 510, -1124, -98, 625, -293, -109, 548, -286, -663, 388, 745, -180, -841, -125, 832, 360, -597, -523, 201, 631, 258, -635, -711, 512, 1030, -265, -1139, -41, 1043, 308, -738, -472, 256, 571, 204, -598, -428, 552, 431, -536, -408, 594, 574, -660, -1002, 670, 1559, -615, -1947, 447, 1958, -69, -1602, -436, 1035, 809, -331, -824, -493, 443, 1265, 246, -1654, -1131, 1525, 2079, -1098, -2887, 729, 3383, -606, -3566, 822, 3677, -1419, -3935, 2302, 4320, -3149, -4623, 3597, 4704, -3457, -4584, 2873, 4273, -2225, -3664, 1779, 2800, -1512, -1994, 1425, 1591, -1636, -1584, 2096, 1745, -2457, -1870, 2449, 1891, -2108, -1784, 1590, 1572, -989, -1368, 353, 1435, 265, -1969, -825, 2885, 1370, -3861, -1983, 4576, 2671, -4837, -3268, 4535, 3505, -3670, -3078, 2280, 1863, -370, -110, -1983, -1592, 4551, 2726, -6988, -3109, 9012, 2883, -10312, -2419, 10525, 2185, -9322, -2485, 6658, 3226, -2892, -3926, -1243, 4024, 4874, -3179, -7282, 1507, 8110, 466, -7383, -2022, 5502, 2664, -3247, -2393, 1560, 1642, -999, -1061, 1513, 1226, -2581, -2317, 3453, 4033, -3371, -5732, 1994, 6708, 412, -6433, -3169, 4830, 5500, -2297, -6749, -414, 6538, 2490, -4957, -3355, 2604, 2877, -357, -1346, -1019, -647, 1213, 2379, -444, -3211, -696, 2861, 1596, -1552, -1802, -120, 1140
1791219588.210, MrmFullScanInfo, 378, 107, 2197615, 0, 0, 0, 0, 10000, 39297, 32, 4, 2, 1, 480, 0, 0, 0, 0, 0, 0, 104, 1, -257, -29, 327, -230, -148, 767, -45, -1087, -244, 984, 895, -768, -1324, 624, 1205, -564, -863, 520, 461, -161, 218, -794, -1138, 1984, 1852, -2476, -1648, 1762, 496, -231, 1331, -1314, -3032, 2294, 3590, -2279, -2876, 980, 1742, 1261, -1174, -3268, 1019, 3934, -596, -3124, -391, 1561, 1308, 226, -615, -2239, -2802, 4439, 8839, -6520, -16411, 8720, 24360, -12244, -31595, 18168, 36875, -26103, -39096, 34460, 37469, -41739, -31502, 46921, 21217, -49247, -6410, 47360, -11311, -40333, 25471, 30697, -26285, -24613, 7214, 26977, 30393, -36544, -79202, 46389, 129306, -48100, -172076, 36700, 200597, -12860, -208040, -18832, 189144, 52463, -145064, -81432, 85548, 99327, -24428, -102606, -26140, 93154, 58551, -78668, -70865, 68171, 67540, -65857, -58134, 69220, 52667, -72097, -55810, 68773, 65272, -55792, -74169, 33253, 76061, -5633, -68225, -19728, 51636, 36427, -30004, -41870, 9216, 37286, 4593, -26444, -8434, 14750, 3895, -7416, 4394, 7061, -11082, -12467, 12031, 19548, -5973, -23597, -4666, 21377, 14836, -12475, -19662, -364, 16915, 12439, -7902, -19436, -3403, 19407, 12472, -13236, -16336, 3900, 14646, 4898, -9437, -10101, 3924, 10647, -829, -7805, 1318, 4268, -4772, -2505, 9185, 3606, -11997, -7010, 11341, 10927, -7042, -13249, 574, 12605, 5787, -9034, -10010, 3807, 11089, 1325, -9352, -4878, 6256, 6180, -3486, -5575, 2148, 4243, -2388, -3430, 3482, 3743, -4474, -4845, 4619, 5777, -3467, -5783, 1033, 4793, 1977, -3112, -4319, 1086, 5079, 916, -4196, -2447, 2426, 3210, -771, -3159, -97, 2470, 73, -1519, 483, 818, -974, -780, 898, 1397, -27, -2270, -1456, 2963, 3058, -3159, -4176, 2728, 4402, -1727, -3671, 490, 2226, 419, -493, -543, -1008, -161, 1823, 1261, -1716, -2112, 785, 2217, 642, -1420, -2025, -66, 2770, 1815, -2506, -3279, 1304, 3992, 335, -3788, -1754, 2811, 2473, -1333, -2422, -287, 1804, 1648, -900, -2349, -8, 2199, 688, -1377, -920, 398, 598, 250, 153, -345, -943, -32, 1424, 648, -1437, -1238, 995, 1605, -311, -1595, -347, 1175, 828, -512, -1059, -147, 937, 712, -486, -1120, -28, 1257, 352, -1190, -341, 1098, -1, -1025, 529, 842, -982, -484, 1215, -10, -1302, 586, 1416, -1140, -1566, 1503, 1581, -1479, -1374, 1035, 1093, -346, -843, -309, 570, 745, -194, -938, -218, 952, 562, -772, -748, 370, 734, 179, -537, -655, 229, 931, 165, -1059, -556, 1137, 726, -1160, -581, 1196, 296, -1446, 28, 1976, -493, -2497, 1061, 2671, -1413, -2373, 1314, 1753, -846, -1049, 241, 449, 321, -11, -716, -221, 862, 215, -779, -33, 641, -178, -677, 338, 988, -431, -1508, 387, 2066, -120, -2500, -321, 2739, 756, -2782, -931, 2727, 665, -2659, 42, 2735, -950, -3140, 1779, 3812, -2277, -4405, 2254, 4535, -1625, -4006, 478, 2831, 965, -1224, -2362, -400, 3295, 1703, -3516, -2497, 3088, 2763, -2367, -2556, 1784, 1976, -1574, -1215, 1726, 570, -2002, -354, 2124, 725, -1902, -1468, 1297, 2117, -405, -2304, -509, 1988, 1116, -1348, -1189, 631, 726, -9, 84, -389, -935, 518, 1564, -416, -1826, 199, 1708, 22, -1311, -165, 795, 222, -307, -254, 6, 289, 47, -294, 89
1791219588.210, MrmDetectionListInfo, 378, 209, 66, 10358, 67, 12850, 68, 15477, 69, 18264, 70, 21203, 71, 24259, 72, 27353, 73, 30353, 74, 33091, 75, 35391, 76, 37105, 77, 38121, 78, 38359, 79, 37763, 80, 36291, 81, 33894, 82, 30736, 83, 27759, 84, 26440, 85, 27349, 86, 29339, 87, 30392, 88, 29106, 89, 25399, 90, 20625, 91, 18012, 92, 21610, 93, 32898, 94, 49184, 95, 65535, 96, 65535, 97, 65535, 98, 65535, 99, 65535, 100, 65535, 101, 65535, 102, 65535, 103, 65535, 104, 65535, 105, 65535, 106, 65535, 107, 65535, 108, 65535, 109, 65535, 110, 65535, 111, 63098, 112, 58967, 113, 61543, 114, 65535, 115, 65535, 116, 65535, 117, 65535, 118, 65535, 119, 65496, 120, 63822, 121, 62645, 122, 61853, 123, 61806, 124, 62606, 125, 63750, 126, 64434, 127, 63996, 128, 62034, 129, 58312, 130, 52722, 131, 45781, 132, 39580, 133, 36944, 134, 38209, 135, 40126, 136, 39124, 137, 34595, 138, 28568, 139, 23311, 140, 19752, 141, 17486, 142, 15597, 143, 13281, 144, 10202, 145, 6969, 147, 5265, 148, 7625, 149, 10764, 150, 13281, 151, 14505, 152, 14600, 153, 14183, 154, 13911, 155, 14203, 156, 15034, 157, 15692, 158, 15064, 159, 12808, 160, 10344, 161, 9802, 162, 11412, 163, 13083, 164, 13145, 165, 12356, 166, 12517, 167, 13781, 168, 14332, 169, 12782, 170, 9987, 171, 8014, 172, 7786, 173, 8392, 174, 8438, 175, 7444, 176, 5949, 177, 4690, 181, 4104, 182, 5015, 183, 6287, 184, 7667, 185, 8896, 186, 9793, 187, 10237, 188, 10135, 189, 9432, 190, 8261, 191, 7217, 192, 7098, 193, 7940, 194, 8736, 195, 8515, 196, 7373, 197, 6194, 198, 5689, 199, 5877, 200, 6220, 201, 6126, 202, 5451, 203, 4538, 204, 3798, 205, 3366, 206, 3155, 207, 3095, 208, 3212, 209, 3535, 210, 4004, 211, 4486, 212, 4850, 213, 5010, 214, 4913, 215, 4526, 216, 3886, 217, 3207, 219, 2845, 220, 3098, 221, 3232, 222, 3109, 223, 2884, 224, 2775, 225, 2817, 226, 2845, 227, 2683, 228, 2323, 229, 1913, 243, 2117, 244, 2802, 245, 3295, 246, 3529, 247, 3575, 248, 3487, 249, 3241, 250, 2806, 251, 2220, 259, 1280, 260, 1589, 261, 1766, 267, 1376, 268, 1502, 269, 1780, 270, 2231, 271, 2636, 272, 2745, 273, 2553, 274, 2281, 275, 2165, 276, 2281, 277, 2489, 278, 2535, 279, 2286, 283, 1250, 284, 1432, 285, 1536, 286, 1432, 287, 1223, 288, 1110, 373, 1425, 374, 1715, 375, 1917, 376, 1998, 377, 1968, 378, 1843, 411, 1496, 412, 1436, 413, 1579, 414, 1945, 415, 2398, 416, 2780, 417, 3048, 418, 3239, 419, 3366, 420, 3376, 430, 2165, 431, 2606, 432, 2940
1791219588.335, MrmFullScanInfo, 379, 107, 2197740, 0, 0, 0, 0, 10000, 39297, 32, 1, 2, 1, 480, -341295, 512657, 403206, -503944, -476582, 465023, 518083, -326069, -520186, -48386, 519797, 448179, -464014, -516014, 166079, 517960, 150841, -519579, -332563, 512137, 363642, -435714, -287004, 100606, 231304, 183200, -6681, -241173, -183662, 431129, 133501, -454954, -2715, 512209, -140774, -511493, 171846, 512435, -144481, -515481, 58760, 514673, 85460, -461787, -262045, 327581, 407633, -71732, -455991, -189337, 381749, 378616, -246996, -477792, 58723, 459120, 107308, -389102, -208931, 272120, 241631, -138060, -188760, 22098, 89207, 42027, 9075, -61932, -93643, 46277, 135053, -6328, -115036, -35150, 49167, 53084, 38237, -32201, -121554, -27502, 157033, 103065, -154430, -159549, 109530, 187827, -33466, -171908, -54729, 113568, 132114, -28596, -175229, -61360, 182144, 131836, -164944, -178218, 132389, 173580, -104836, -147850, 96409, 112574, -97718, -81183, 97393, 65985, -83745, -62352, 55548, 57480, -33033, -53270, -19878, 44931, 64792, -25317, -92049, 672, 103698, 17634, -99643, -26648, 83306, 25474, -63889, -16822, 42895, -14658, -34737, 17062, 28645, -14464, -23050, 7974, 15777, -2285, -4257, -1486, -4569, 2480, 8616, -931, -4375, -6071, 409, 3360, 4546, 1312, -6459, -6676, 4538, 10859, -1155, -11348, -1225, 7574, 1428, -1684, -374, -1707, -6368, 2597, 13973, 1001, -16410, -8297, 13571, 16358, -7075, -20245, -2680, 19745, 10608, -15472, -10758, 9579, 11898, -2174, -10785, -2954, 6594, 4259, -1988, -2885, 338, 444, -1034, 1724, 3346, -1836, -6844, 68, 8469, 2714, -7633, -4385, 4302, 5327, -883, -4861, -985, 3084, 3094, -1906, -4021, 2004, 4117, -2864, -3905, 2979, 5278, -3239, -6564, 2350, 7519, -468, -7780, -2826, 6050, 4072, -3154, -5504, 1758, 5007, 819, -3925, -2615, 1682, 2514, -114, -2716, -588, 1907, 1178, -1676, -1070, 1470, 908, -1230, -753, 1617, 766, -1812, -728, 2069, 1354, -1587, -1720, 821, 1806, -257, -1119, 769, 976, -1026, -453, 1015, 97, -1011, -406, -183, 258, 736, -236, -1625, -454, 1908, 776, -2072, -1611, 1542, 1613, -627, -2059, -530, 2341, 1936, -1627, -2504, 1099, 2541, -310, -2117, 188, 1950, -500, -2594, 849, 2350, -325, -2674, -344, 3087, 1036, -2445, -2018, 1773, 3043, -544, -2515, -1017, 1863, 238, -868, 804, 629, -712, 365, 1353, -580, -2393, -100, 2823, 702, -2608, -1630, 1741, 1230, -1399, -997, 78, 975, 1116, -382, -2030, 333, 1813, 629, -2214, -160, 2031, 656, -1532, -661, 1520, 1101, -1631, -1900, 1536, 2743, -1514, -4122, 1605, 4829, -1345, -5632, 843, 6026, -227, -5557, 574, 5325, -597, -4999, 481, 4889, -793, -4224, 1288, 3832, -1284, -3097, 1677, 2670, -2127, -1597, 2105, 1263, -2163, -937, 2443, 587, -2695, -408, 2822, 454, -2259, -797, 1955, 1155, -1431, -2398, 400, 2869, 1715, -4225, -2180, 3707, 3079, -4462, -3620, 3175, 3006, -3121, -2276, 2218, 220, -815, 2950, -1516, -3792, 4547, 5490, -7343, -5206, 10035, 6196, -12709, -6690, 13482, 6781, -11057, -6227, 6996, 5991, -2471, -4283, -3135, 2166, 6774, 580, -8660, -3075, 8265, 4651, -6038, -4020, 3745, 2612, -1880, -1084, 1072, -1721, -1334, 1355, 2902, -502, -3383, -2351, 3339, 5487, -1717, -7179, -1631, 7839, 4903, -5646, -6005, 2652, 6634, 1052, -5861, -3839, 3008, 4941, -8, -4800, -2925, 2306, 3842, 565, -3988, -1229, 3197, 2372, -1711, -2764, 846, 1950, -488, -860, 553, -193, -1199, 443, 2451, -638, -3157
1791219588.351, MrmFullScanInfo, 379, 107, 2197740, 0, 0, 0, 0, 10000, 39297, 32, 2, 2, 1, 480, 0, 0, 0, 0, 0, 0, 165362, -231748, -311168, 472774, 368456, -495452, -398981, 269022, 452862, 63555, -481579, -340883, 398104, 506251, -195931, -587770, -29163, 596354, 177376, -497687, -221332, 281271, 187680, -411, -116566, -262373, 57117, 447153, -59468, -529967, 132244, 522479, -230528, -469898, 294889, 424184, -290673, -414867, 215690, 433020, -84425, -437867, -81130, 381934, 249487, -242844, -380690, 40255, 437101, 173735, -399651, -343975, 279536, 436135, -116339, -442307, -37136, 374298, 137092, -256384, -164548, 121269, 127491, -2812, -52049, -73972, -29497, 99550, 87959, -79958, -104101, 33556, 73404, 14353, -6983, -39700, -72834, 29205, 140485, 14020, -175032, -72711, 165258, 124094, -111607, -149154, 26531, 138428, 68564, -94057, -150435, 27849, 202344, 42232, -219011, -97288, 206425, 124259, -177726, -120882, 146819, 95936, -121911, -64276, 103199, 39797, -86558, -29283, 66873, 31224, -39635, -39461, 3601, 47023, 36726, -48234, -72557, 40949, 95982, -27677, -103148, 13683, 94849, -4908, -75720, 4767, 52417, -11208, -31573, 17967, 17608, -19772, -10663, 16005, 7402, -9016, -4240, 1802, 260, 2939, 3034, -3732, -4040, 1510, 2469, 852, 750, -823, -4074, -1933, 6031, 5790, -6033, -8312, 4500, 7877, -2655, -4675, 2233, 415, -4443, 2697, 8745, -2757, -12939, -1023, 14630, 7612, -12523, -14487, 7182, 18945, -640, -19257, -5010, 15371, 8684, -8978, -10005, 2617, 8940, 1663, -6193, -3087, 3242, 2132, -1593, -50, 1970, -1736, -3953, 2270, 6204, -1345, -7244, -585, 6419, 2680, -4122, -4092, 1260, 4484, 1336, -4222, -3086, 3921, 3835, -3889, -4000, 4068, 4243, -4184, -4929, 3829, 5893, -2664, -6581, 716, 6481, 1567, -5440, -3506, 3657, 4525, -1509, -4386, -545, 3323, 2053, -1854, -2778, 517, 2809, 376, -2423, -757, 1951, 748, -1634, -544, 1587, 339, -1739, -293, 1887, 493, -1831, -851, 1562, 1144, -1256, -1158, 1084, 848, -1038, -374, 947, 4, -643, 73, 96, 98, 600, -287, -1289, 272, 1835, 22, -2089, -517, 1929, 1125, -1308, -1737, 339, 2209, 729, -2351, -1598, 2099, 2084, -1603, -2230, 1172, 2215, -1010, -2177, 1028, 2220, -952, -2385, 600, 2600, 71, -2650, -957, 2329, 1797, -1635, -2257, 887, 2146, -461, -1494, 460, 537, -730, 365, 1177, -892, -1756, 889, 2304, -451, -2579, -127, 2413, 584, -1748, -831, 681, 956, 508, -985, -1474, 881, 2043, -650, -2226, 365, 2136, -65, -1929, -285, 1794, 742, -1838, -1372, 2064, 2197, -2405, -3136, 2737, 4053, -2889, -4797, 2798, 5250, -2559, -5336, 2318, 5123, -2149, -4748, 2093, 4305, -2160, -3786, 2297, 3190, -2432, -2522, 2533, 1802, -2564, -1094, 2519, 507, -2463, -82, 2490, -212, -2564, 382, 2565, -350, -2410, 15, 2112, 664, -1636, -1662, 935, 2848, -78, -3973, -759, 4748, 1419, -4981, -1789, 4673, 1722, -3867, -1014, 2514, -305, -427, 1825, -2390, -2902, 5608, 3186, -8758, -2844, 11483, 2302, -13395, -1916, 13905, 1904, -12493, -2352, 9159, 3090, -4471, -3673, -641, 3620, 5140, -2693, -8106, 1097, 9069, 571, -8126, -1663, 5938, 1782, -3444, -974, 1541, -242, -782, 1081, 1200, -843, -2290, -660, 3202, 3059, -3107, -5525, 1676, 7118, 708, -7117, -3253, 5367, 5169, -2410, -5836, -804, 4954, 3318, -2764, -4424, 5, 3976, 2454, -2450, -3924, 611, 4158, 946, -3424, -1860, 2306, 1941, -1329, -1287, 830, 273, -936
1791219588.351, MrmFullScanInfo, 379, 107, 2197740, 0, 0, 0, 0, 10000, 39297, 32, 4, 2, 1, 480, 0, 0, 0, 0, 0, 0, -234, 429, 340, -1041, -11, 1309, -428, -1051, 579, 554, 33, -297, -1174, 438, 1879, -693, -1580, 285, 963, 813, -1060, -1616, 1263, 1404, -573, -618, -869, 199, 1860, -301, -1886, 508, 1421, -459, -616, 8, -353, 655, 1079, -749, -1074, -562, 702, 2589, -380, -3518, -114, 2613, 1023, -930, -2057, -412, 2557, 1404, -2133, -2154, 918, 2222, -59, -825, 1106, -2462, -4623, 7352, 9860, -12985, -15371, 18237, 19780, -21712, -21950, 21978, 21144, -18347, -17078, 11749, 9537, -3861, 1784, -4637, -16894, 14323, 34843, -25301, -52910, 36053, 66553, -43976, -70630, 46617, 62071, -43607, -40250, 36889, 5852, -28571, 38239, 19627, -84636, -11204, 122307, 5513, -141609, -3802, 138502, 4450, -116070, -2989, 81885, -4137, -44186, 15574, 10117, -25698, 14869, 29152, -28445, -23944, 32793, 10979, -32888, 6701, 32675, -25503, -32903, 41453, 32346, -50077, -30157, 48382, 26241, -37537, -20098, 22966, 11665, -10629, -2520, 3976, -4387, -3149, 6444, 5705, -3115, -7991, -3587, 6873, 10107, -1357, -13133, -6662, 11206, 13651, -5306, -16480, -1729, 14246, 6680, -8496, -7464, 2057, 4131, 2456, 1286, -3537, -5961, 1150, 7714, 3228, -5991, -7252, 2011, 8879, 2100, -7363, -4528, 3511, 4490, 871, -2209, -3940, -1232, 4610, 4249, -2973, -5398, 202, 4053, 2201, -773, -3228, -2840, 2747, 5006, -1401, -4836, 275, 2804, -327, -201, 1766, -1669, -3842, 2218, 5215, -1614, -4797, 506, 2551, 298, 539, -116, -3165, -1258, 4344, 3277, -3707, -4877, 1597, 5218, 1013, -4151, -2954, 2076, 3503, 337, -2616, -2258, 794, 2966, 1238, -2310, -2736, 809, 3228, 685, -2661, -1439, 1389, 1195, -45, -137, -741, -1293, 693, 2571, 57, -3207, -1083, 3057, 1897, -2453, -2093, 1899, 1551, -1644, -565, 1566, -349, -1425, 806, 1050, -770, -387, 490, -474, -292, 1390, 432, -2153, -953, 2518, 1727, -2269, -2512, 1409, 3024, -184, -3048, -979, 2622, 1682, -1986, -1828, 1453, 1680, -1260, -1556, 1418, 1659, -1636, -2079, 1577, 2737, -1046, -3283, 60, 3351, 1117, -2835, -2045, 1980, 2391, -1157, -2117, 633, 1422, -495, -632, 741, 135, -1231, -164, 1647, 633, -1667, -1190, 1192, 1515, -342, -1454, -637, 1028, 1451, -360, -1830, -296, 1669, 664, -1053, -563, 298, 24, 174, 746, -73, -1462, -512, 1795, 1268, -1544, -1906, 811, 2172, 46, -1818, -670, 867, 938, 262, -898, -1036, 706, 1189, -504, -793, 418, 147, -541, 469, 853, -944, -1118, 1227, 1035, -1213, -564, 934, -89, -664, 735, 661, -1274, -883, 1600, 1157, -1588, -1383, 1235, 1583, -732, -1690, 276, 1604, 71, -1355, -316, 1103, 449, -961, -465, 920, 449, -945, -398, 1020, 240, -1026, 148, 805, -734, -258, 1335, -485, -1810, 1153, 2180, -1554, -2477, 1711, 2571, -1751, -2339, 1743, 1862, -1654, -1327, 1426, 873, -1042, -545, 564, 371, -21, -349, -598, 426, 1212, -477, -1722, 505, 2097, -637, -2305, 884, 2322, -1075, -2149, 1102, 1851, -991, -1428, 806, 897, -553, -346, 198, -39, 253, 119, -718, 44, 1138, -311, -1508, 589, 1799, -779, -1967, 858, 2075, -958, -2202, 1200, 2389, -1417, -2623, 1340, 2841, -908, -2890, 263, 2627, 389, -2023
1791219588.351, MrmDetectionListInfo, 379, 191, 72, 8099, 73, 10974, 74, 13750, 75, 16346, 76, 18667, 77, 20536, 78, 21750, 79, 22160, 80, 21693, 81, 20339, 82, 18131, 83, 15140, 84, 11505, 89, 13866, 90, 22660, 91, 30640, 92, 37337, 93, 43583, 94, 49693, 95, 54831, 96, 57874, 97, 58333, 98, 56351, 99, 52173, 100, 45865, 101, 37454, 102, 27922, 103, 20921, 104, 21490, 105, 30725, 106, 43738, 107, 54588, 108, 61475, 109, 65535, 110, 65535, 111, 65535, 112, 65535, 113, 65535, 114, 64729, 115, 57372, 116, 48839, 117, 39778, 118, 31206, 119, 24107, 120, 18956, 121, 16317, 122, 17167, 123, 21281, 124, 26194, 125, 28877, 126, 28069, 127, 24839, 128, 21400, 129, 19642, 130, 20572, 131, 24321, 132, 29841, 133, 35129, 134, 38627, 135, 40198, 136, 40471, 137, 39700, 138, 37589, 139, 33911, 140, 28963, 141, 23374, 142, 17698, 143, 12283, 144, 7490, 148, 4663, 149, 5676, 150, 5720, 151, 5288, 154, 6701, 155, 7325, 156, 7597, 157, 8177, 158, 9470, 159, 10862, 160, 11353, 161, 10665, 162, 9460, 163, 8638, 164, 8542, 165, 8628, 166, 7934, 167, 6095, 172, 3463, 173, 4247, 174, 4671, 175, 4876, 176, 5156, 177, 5518, 178, 5668, 179, 5461, 180, 5160, 181, 5071, 182, 5115, 183, 4886, 184, 4114, 190, 3803, 191, 4031, 192, 3911, 193, 3397, 194, 2678, 195, 2155, 199, 2923, 200, 3430, 201, 3613, 202, 3302, 209, 2228, 210, 3204, 211, 3708, 212, 3654, 213, 3251, 214, 2680, 221, 2906, 222, 3611, 223, 3882, 224, 3872, 225, 3700, 226, 3407, 227, 3085, 228, 2885, 229, 2878, 230, 2915, 231, 2739, 232, 2277, 235, 1792, 236, 1974, 238, 1981, 239, 2042, 240, 2114, 241, 2062, 242, 1908, 243, 1788, 244, 1747, 245, 1656, 253, 1631, 254, 1623, 255, 1774, 256, 2107, 257, 2388, 258, 2425, 259, 2249, 260, 2011, 261, 1794, 268, 1015, 276, 1227, 277, 1500, 278, 1749, 279, 1970, 280, 2138, 281, 2218, 282, 2192, 283, 2062, 284, 1861, 285, 1692, 286, 1687, 287, 1856, 288, 2033, 289, 2050, 290, 1899, 291, 1697, 292, 1548, 293, 1470, 294, 1439, 295, 1449, 296, 1512, 297, 1628, 298, 1771, 306, 2067, 307, 2274, 308, 2295, 309, 2123, 310, 1872, 311, 1633, 325, 1260, 387, 1251, 388, 1154, 412, 1373, 413, 1653, 414, 1868, 415, 2005, 416, 2087, 417, 2137, 418, 2150, 444, 1661, 474, 2034, 475, 2033, 476, 1974
1791219588.470, MrmFullScanInfo, 380, 107, 2197865, 0, 0, 0, 0, 10000, 39297, 32, 1, 2, 1, 480, -338588, 511093, 403556, -504062, -476160, 463437, 517285, -327496, -520176, -53263, 519827, 444431, -460707, -515601, 163849, 518487, 145112, -519813, -334734, 510853, 364629, -424016, -286886, 103102, 230024, 179742, -4982, -242865, -179822, 431291, 134881, -454495, 352, 511045, -139106, -511731, 157816, 503664, -127478, -508921, 53174, 514787, 84967, -460526, -266617, 318943, 407255, -60358, -451878, -188747, 377746, 375894, -225872, -442383, 42947, 433441, 107906, -382269, -205687, 266638, 234610, -135846, -180675, 25737, 85792, 37084, 8869, -55658, -89368, 38552, 121434, -3528, -107654, -34104, 44087, 48359, 38947, -24733, -118344, -33040, 154960, 103051, -153222, -156758, 104863, 175848, -42783, -166004, -31596, 111893, 91479, -36060, -110886, -40042, 93699, 90698, -43646, -107996, -14169, 77267, 58661, -18962, -75286, -51346, 67765, 119882, -48355, -169420, 24813, 199307, -2906, -209209, 80989, 174676, -60953, -163530, 26157, 144007, 13904, -114419, -51735, 74520, 75316, -31371, -85652, -4757, 82994, 29103, -89663, -18470, 77404, 14959, -75758, -4455, 83881, -1148, -96233, -8289, 104941, 28726, -96506, -52872, 67743, 70829, -50522, -70701, 6395, 65598, 29773, -44678, -46781, 19014, 42342, 155, -25606, -4763, 10763, -5754, -5267, 20540, 760, -31706, -18274, 32205, 37888, -18021, -46354, -5713, 38321, 29800, -17538, -42381, -9120, 38913, 31014, -24130, -30206, 10615, 32274, 9812, -23508, -20709, 8946, 19707, 5301, -11707, -10408, 727, 6978, 6856, 1856, -6310, -11949, -214, 14980, 9021, -10527, -14549, 430, 16692, 9936, -11731, -14599, 4191, 15231, 2504, -11006, -5020, 10454, 4991, -5303, -3086, 5322, -721, -6914, 1573, 10960, 154, -13632, -4873, 13255, 8981, -8280, -11390, 6096, 9533, -160, -8629, -4524, 5925, 6651, -3857, -7511, 2563, 7257, -2377, -7489, 2905, 9128, -2708, -6955, 6753, 9165, -4800, -10638, 1381, 10436, 2789, -7489, -6387, 3011, 7626, 1445, -6375, -5029, 4079, 3093, -2476, -3339, 437, 1207, 263, -60, -462, -1422, -567, 1267, 2051, -451, -3476, -1145, 3274, -952, -4030, 51, 2990, 221, -2156, 628, 2364, -1288, -2410, 1410, 3313, -1419, -3926, 536, 4094, 1787, -3792, -3655, 3277, 3173, -1204, -4660, -343, 3553, 1094, -2552, -1413, 840, 1989, -362, -571, -1362, 1781, 2764, -1090, -4484, -206, 3901, -78, -3926, -1722, 3736, 1316, -3160, -3166, 551, 2355, -388, -2447, -883, 2012, 1520, -3376, -2267, 1643, 2570, -1821, -2250, 1511, 2419, -911, -2819, -457, 976, -582, -595, -816, 2117, 1567, -363, -3174, 1048, 3986, -348, -4819, 753, 5065, 615, -6078, -131, 6382, 774, -6112, 61, 5955, 1420, -4830, -1531, 4640, 1005, -3957, -1148, 3666, 1930, -2456, -501, 2006, -245, -1242, 913, 2170, -1881, -1152, 2474, 1684, -2602, -2414, 3093, 2827, -1884, -2947, 790, 4171, 1629, -4957, -2317, 4859, 3203, -4086, -3430, 3631, 2432, -2677, -1627, 2275, -609, -1112, 4697, -1300, -5579, 4309, 7903, -6641, -10065, 10437, 11668, -12376, -13497, 14644, 14725, -12938, -13807, 8065, 12718, -1299, -9096, -3816, 4577, 9070, 792, -11664, -4095, 11007, 6793, -8847, -6765, 5598, 4593, -3048, -2335, 2425, -1548, -2211, 1193, 3057, -234, -4753, -2770, 4535, 6286, -2317, -9034, -1187, 9697, 5019, -7374, -5232, 4698, 5817, -987, -5581, -1178, 3480, 2773, -425, -1864, -1797, 201, 2751, 1996, -2048, -2995, 70, 4345, 726, -3158, -2138, 1912, 2014, -1045, -1627, 128, 241, -180, 1028, 186, -1404
1791219588.470, MrmFullScanInfo, 380, 107, 2197865, 0, 0, 0, 0, 10000, 39297, 32, 2, 2, 1, 480, 0, 0, 0, 0, 0, 0, 165146, -231479, -310855, 472098, 368233, -494486, -398816, 268246, 452263, 63835, -480465, -340834, 397241, 506092, -195876, -586680, -29094, 593621, 178153, -494301, -222587, 279115, 188389, -140, -116461, -261732, 56945, 446412, -59764, -529229, 131922, 521514, -226870, -468629, 285958, 423183, -278426, -414759, 204804, 433098, -77923, -435879, -83777, 376638, 250126, -235998, -379010, 36800, 430102, 168880, -385179, -330720, 260557, 419723, -100431, -428672, -43751, 365567, 134019, -251883, -156235, 120340, 119482, -5485, -48287, -67898, -27734, 91418, 81932, -72422, -96586, 29574, 67076, 13234, -3098, -34472, -74367, 22993, 140102, 17488, -173384, -71179, 164596, 117721, -116929, -139859, 44751, 128768, 30693, -86702, -87092, 26219, 108687, 33896, -92068, -74428, 46814, 82049, 9304, -53717, -58503, -2512, 89843, 71050, -101118, -134731, 101777, 177594, -104644, -189157, 110121, 172607, -104687, -144925, 77985, 121943, -35365, -105579, -10367, 88464, 48575, -64646, -75112, 36938, 90223, -14512, -94911, 4331, 91310, -5914, -84711, 13335, 81826, -19588, -85365, 18611, 91613, -7198, -93951, -12893, 86998, 35419, -68119, -53132, 38538, 61144, -4891, -57614, -22406, 43992, 35641, -25930, -34074, 11486, 22796, -6638, -9480, 11673, 1734, -21468, -4151, 28709, 15352, -27174, -28206, 14590, 34484, 5675, -29478, -25909, 14643, 38266, 3858, -38452, -19336, 27244, 27812, -9896, -28084, -6400, 20919, 15883, -9583, -16616, -863, 10609, 5934, -2282, -4109, -3732, -2414, 4703, 9044, -631, -11482, -6153, 8245, 12192, -1073, -14530, -6594, 12277, 11961, -7025, -13913, 1604, 12851, 1679, -10142, -2084, 7606, 415, -6811, 1600, 8146, -2243, -10532, 723, 12260, 2420, -12055, -5747, 9514, 8004, -5126, -8792, 121, 8382, 4022, -7249, -6466, 5976, 7393, -5064, -7424, 4953, 7083, -5689, -6747, 6606, 6837, -6580, -7492, 4829, 8107, -1531, -7729, -2322, 5797, 5465, -2735, -6967, -288, 6594, 2209, -4789, -2701, 2429, 2087, -423, -881, -582, -340, 374, 1112, 786, -1367, -2271, 1411, 3374, -1448, -3668, 1421, 3259, -1291, -2580, 1269, 2090, -1490, -2027, 1839, 2382, -1953, -2977, 1429, 3612, -230, -4027, -1253, 3889, 2571, -3040, -3442, 1739, 3660, -392, -3145, -669, 2088, 1329, -728, -1686, -769, 1881, 2223, -1934, -3347, 1702, 3971, -1140, -4133, 318, 3905, 629, -3266, -1519, 2286, 2188, -1162, -2605, 118, 2876, 730, -2996, -1319, 2901, 1672, -2588, -1872, 2111, 1962, -1528, -1852, 914, 1574, -277, -1327, -450, 1308, 1363, -1475, -2415, 1727, 3444, -1935, -4301, 1962, 5018, -1812, -5627, 1654, 6034, -1551, -6077, 1343, 5771, -926, -5285, 445, 4773, -71, -4252, -154, 3668, 190, -2956, 52, 2186, -574, -1510, 1280, 1022, -2026, -758, 2679, 776, -3119, -1091, 3217, 1659, -2777, -2509, 1789, 3646, -552, -4775, -556, 5444, 1303, -5395, -1600, 4721, 1371, -3640, -428, 2185, -1243, -116, 3235, -2682, -4943, 6002, 6116, -9476, -6915, 12807, 7572, -15583, -8161, 17026, 8649, -16144, -8976, 12467, 9006, -6565, -8356, -251, 6690, 6503, -4099, -10888, 1114, 12609, 1518, -11681, -3109, 8950, 3224, -5661, -1994, 2959, 216, -1584, 1010, 1753, -870, -2971, -788, 4147, 3569, -4180, -6560, 2730, 8635, -333, -8907, -2147, 7252, 4041, -4358, -4875, 1313, 4326, 940, -2509, -1881, 128, 1486, 1825, -111, -2647, -1643, 2274, 3069, -1143, -3627, -150, 3234, 1082, -2244, -1282, 1126, 737
1791219588.470, MrmFullScanInfo, 380, 107, 2197865, 0, 0, 0, 0, 10000, 39297, 32, 4, 2, 1, 480, 0, 0, 0, 0, 0, 0, -312, 442, 459, -1090, -244, 1495, 6, -1226, -379, 553, 1170, -128, -1419, 71, 912, 764, -650, -2574, 1234, 3662, -1741, -2760, 1243, 845, -76, 290, -642, -501, 574, 487, -1134, -724, 4188, 1140, -9059, -1102, 11952, 473, -10311, -265, 5972, 1697, -2294, -4092, 417, 5249, 1701, -2279, -6622, -5263, 13618, 13036, -17887, -15689, 15050, 12457, -6427, -7303, -2674, 3329, 8134, -655, -9143, -1555, 7030, 3413, -3906, -4153, 1796, 2934, -1768, 71, 3393, -3261, -5172, 4639, 5635, -2913, -3857, -2375, -1154, 10499, 11113, -19534, -27459, 27077, 49624, -30972, -74611, 29571, 99681, -21679, -123218, 7344, 143278, 12590, -157147, -37640, 163258, 67758, -162762, -102430, 157635, 140232, -148205, -178654, 139030, 210744, -134939, -226435, 128277, 222465, -100845, -206477, 44010, 186163, 29279, -160172, -97294, 123811, 143160, -77610, -161586, 32021, 157002, -1634, -137614, -6490, 112749, -2232, -92501, 16060, 84285, -24983, -87675, 22604, 94648, -7044, -96219, -17441, 87154, 42086, -65972, -58886, 34920, 64316, -1273, -58489, -24483, 43929, 35253, -26222, -31154, 12504, 18072, -7730, -3967, 11872, -4200, -20337, 2899, 26804, 6241, -26139, -17048, 16676, 22634, -1274, -19207, -13859, 8079, 22619, 5741, -21997, -16805, 13075, 21755, -171, -19739, -11224, 11985, 16839, -1780, -15467, -6572, 9106, 9721, -1594, -7029, -3349, 933, 3811, 4516, -210, -6043, -5127, 2938, 9139, 2960, -9558, -8569, 6095, 11628, -517, -11628, -4476, 9348, 6832, -6053, -6136, 3206, 3458, -2158, -523, 3299, -1124, -5688, 785, 7754, 1075, -8258, -3230, 6721, 4711, -3510, -5318, -244, 5268, 3200, -4784, -4658, 4217, 4906, -3961, -4637, 4434, 4369, -5675, -4379, 6969, 4926, -7128, -6043, 5397, 7106, -2059, -7140, -1840, 5504, 5065, -2548, -6704, -542, 6482, 2587, -4766, -3107, 2363, 2323, -159, -751, -1108, -932, 1061, 2134, 161, -2674, -1907, 2755, 3364, -2526, -4043, 1968, 4021, -1170, -3676, 515, 3347, -285, -3179, 400, 3235, -423, -3550, -117, 4063, 1282, -4427, -2721, 4145, 4018, -2999, -4854, 1275, 4941, 531, -4120, -1946, 2610, 2708, -863, -2846, -725, 2530, 1985, -1930, -2816, 1134, 3123, -250, -2914, -589, 2295, 1301, -1362, -1845, 325, 2199, 502, -2363, -885, 2369, 872, -2232, -651, 2013, 383, -1799, -160, 1634, 28, -1524, 79, 1518, -195, -1580, 260, 1593, -211, -1404, 142, 1008, -132, -564, 231, 217, -495, 130, 849, -608, -1060, 1135, 1031, -1463, -998, 1568, 1210, -1662, -1595, 1889, 1940, -2144, -2180, 2231, 2283, -2016, -2134, 1563, 1682, -1067, -1002, 692, 226, -500, 558, 510, -1269, -630, 1764, 705, -1848, -717, 1522, 785, -1039, -870, 678, 809, -566, -528, 669, 159, -882, 113, 1179, -235, -1553, 332, 1949, -527, -2368, 884, 2961, -1437, -3835, 2236, 4890, -3251, -5822, 4234, 6301, -4651, -6141, 4063, 5394, -2561, -4155, 601, 2585, 1343, -1012, -2857, -225, 3611, 966, -3547, -1207, 2926, 965, -2084, -340, 1235, -361, -551, 797, 255, -833, -377, 529, 660, 65, -804, -827, 811, 1518, -873, -1906, 1090, 1982, -1312, -1930, 1359, 1959, -1226, -2092, 1013, 2182, -723, -2103, 260, 1925, 351, -1763, -899, 1565, 1212, -1252, -1304, 960, 1238, -894, -1037, 1068, 829
1791219588.470, MrmDetectionListInfo, 380, 255, 58, 8362, 59, 12063, 60, 15296, 61, 16904, 63, 14149, 90, 8586, 91, 14619, 92, 21440, 93, 28168, 94, 34803, 95, 41632, 96, 48498, 97, 54838, 98, 60180, 99, 64414, 100, 65535, 101, 65535, 102, 65535, 103, 65535, 104, 65535, 105, 65535, 106, 65535, 107, 65535, 108, 65535, 109, 65535, 110, 65535, 111, 65535, 112, 65535, 113, 65535, 114, 65535, 115, 65535, 116, 65535, 117, 65535, 118, 65535, 119, 65535, 120, 65535, 121, 65535, 122, 65535, 123, 65535, 124, 65535, 125, 65535, 126, 65535, 127, 65535, 128, 65535, 129, 65535, 130, 65535, 131, 65535, 132, 65535, 133, 65535, 134, 65535, 135, 65535, 136, 62102, 137, 57870, 138, 52946, 139, 49474, 140, 49803, 141, 53046, 142, 56165, 143, 57219, 144, 56299, 145, 54329, 146, 52580, 147, 52613, 148, 54996, 149, 58312, 150, 60066, 151, 58521, 152, 53639, 153, 46502, 154, 38653, 155, 32773, 156, 31893, 157, 35482, 158, 38442, 159, 36278, 160, 29547, 161, 22048, 162, 16330, 163, 12217, 164, 8839, 165, 6668, 166, 6976, 167, 9688, 168, 12909, 169, 14958, 170, 15948, 171, 16989, 172, 18461, 173, 19398, 174, 18442, 175, 15407, 176, 12127, 177, 11095, 178, 12642, 179, 14599, 180, 15223, 181, 15078, 182, 15607, 183, 16699, 184, 16607, 185, 14333, 186, 11453, 187, 10656, 188, 12299, 189, 13727, 190, 12601, 191, 9778, 192, 7987, 193, 8245, 194, 8835, 195, 7819, 196, 5421, 197, 3389, 199, 2809, 200, 3033, 201, 3167, 202, 3407, 203, 4007, 204, 4882, 205, 5645, 206, 6141, 207, 6653, 208, 7444, 209, 8234, 210, 8354, 211, 7546, 212, 6505, 213, 6294, 214, 7066, 215, 7805, 216, 7527, 217, 6270, 218, 4770, 219, 3563, 220, 2671, 224, 2723, 225, 3630, 226, 4189, 227, 4444, 228, 4705, 229, 5109, 230, 5451, 231, 5415, 232, 4901, 233, 4099, 234, 3324, 235, 2934, 236, 3200, 237, 3975, 238, 4677, 239, 4852, 240, 4602, 241, 4336, 242, 4295, 243, 4419, 244, 4581, 245, 4776, 246, 5070, 247, 5467, 248, 5871, 249, 6169, 250, 6288, 251, 6195, 252, 5860, 253, 5293, 254, 4642, 255, 4183, 256, 4099, 257, 4309, 258, 4508, 259, 4411, 260, 4032, 261, 3698, 262, 3707, 263, 3937, 264, 3915, 265, 3339, 266, 2371, 267, 1402, 272, 1403, 273, 1459, 274, 1495, 275, 1772, 276, 2322, 277, 2884, 278, 3190, 279, 3214, 280, 3096, 281, 2940, 282, 2738, 283, 2468, 284, 2173, 285, 1932, 286, 1792, 287, 1745, 288, 1756, 289, 1797, 290, 1851, 291, 1903, 292, 1960, 293, 2087, 294, 2380, 295, 2843, 296, 3333, 297, 3682, 298, 3832, 299, 3817, 300, 3677, 301, 3422, 302, 3083, 305, 2525, 306, 2576, 307, 2502, 308, 2209, 309, 1838, 310, 1630, 311, 1693, 312, 1932, 313, 2160, 314, 2247, 315, 2181, 328, 1575, 329, 1674, 330, 1658, 370, 2141, 371, 2216, 372, 2238, 373, 2198, 374, 2088, 375, 1910, 376, 1677, 377, 1407, 387, 1244, 388, 1282, 389, 1271, 410, 1856, 411, 2162, 412, 2533, 413, 2969, 414, 3456, 415, 3969, 416, 4472, 417, 4921, 418, 5265, 419, 5453, 420, 5445, 421, 5223, 422, 4794, 423, 4188, 424, 3443, 425, 2630, 431, 1902, 458, 1656, 459, 1655, 460, 1638
1791219588.595, MrmFullScanInfo, 381, 107, 2197990, 0, 0, 0, 0, 10000, 39297, 32, 1, 2, 1, 480, -336884, 512288, 405764, -503819, -476772, 466176, 518315, -330110, -520186, -47921, 519765, 445311, -462536, -516449, 164676, 518213, 144477, -519588, -337521, 511927, 363419, -438321, -286111, 104044, 229867, 185655, -6696, -240858, -177357, 432437, 138082, -455358, -1141, 511559, -139797, -511970, 175002, 513103, -139835, -515966, 57866, 515737, 87014, -460665, -264384, 321369, 406665, -62416, -455169, -188319, 379247, 377169, -245458, -476234, 55439, 457448, 106176, -385654, -208176, 267136, 235307, -136540, -182390, 23154, 89232, 42301, 8975, -60311, -91128, 43923, 130604, -6114, -111302, -34117, 45591, 49542, 39796, -26794, -120134, -31909, 157932, 101347, -155762, -157190, 112265, 183945, -43703, -167163, -32380, 112661, 91774, -34866, -111647, -40453, 95241, 94435, -48712, -114988, -2734, 92423, 35696, -52149, -38337, 12121, 15492, 15437, 15455, -18270, -34829, 2181, 34675, 14828, -4537, -42833, -45936, 42112, 101343, -20704, -143327, -15191, 167230, 56941, -161784, -90936, 128758, 108594, -78025, -106497, 70826, 66272, -24266, -56320, -13442, 40817, 34601, -24067, -45297, 8181, 49373, 214, -48790, -2413, 46800, 3024, -43241, 12640, 42490, -9423, -40942, 2814, 37150, 5656, -30533, -13633, 18293, 17665, -2888, -17743, -11620, 11887, 11369, -9742, -19937, 1191, 21440, 6645, -15607, -11543, 7567, 11009, -2683, -6648, 704, 1696, -1706, -275, -2563, -5588, -1591, 3780, 3480, 356, -403, -3458, -3928, 3767, 8758, -577, -12323, -3347, 11131, 6610, -8145, -8735, 3991, 7924, -1403, -6507, -536, 5181, 25, -4260, 412, 7194, 1290, -8008, -5676, 9832, 7313, -7182, -10555, 4677, 13157, -1703, -11602, -1682, 7866, 3263, -5102, -3616, 3062, 1371, -2018, -50, 138, -1043, -1613, 11, 2564, 1465, -2096, -3930, -1071, 3947, 3300, -3585, -5336, 730, 4300, 2204, -3723, -4678, 1067, 5350, 1672, -3475, -3180, 1236, 3992, 577, -1622, -3007, -1258, 2044, 3401, -960, -3647, -164, 3101, 1487, -1158, -2345, -1313, 1602, 3784, 319, -3656, -1040, 2430, 1954, -216, -1700, -565, 449, 1518, 1478, -2100, -2972, 1201, 3447, 389, -1670, -1242, 2016, 1405, -618, -28, 653, -368, -560, 313, 1949, -580, -2773, -599, 2520, 1476, -2380, -2489, 476, 3354, 1283, -2529, -2526, 2067, 2290, -867, -2242, -468, 1182, 1548, -272, -1279, -367, 1627, 742, -1354, -1337, 964, 899, -311, 930, 363, -1481, -862, 449, 524, 460, 154, -627, -354, 1587, 1653, -257, -2683, -301, 2958, 786, -2524, -2814, 1835, 4611, -858, -5798, 375, 6550, 461, -6573, -244, 6472, 554, -6467, 203, 6506, 137, -6107, -476, 5788, 901, -5523, -1398, 4343, 1659, -3499, -2931, 3113, 3102, -2312, -1078, 2618, 1039, -1733, -1242, 1807, 845, -1278, -415, 678, -414, -1202, 964, 875, -729, -1869, -251, 3465, 795, -4238, -1758, 4216, 2841, -4507, -3739, 4338, 3415, -4109, -2380, 3318, 131, -2158, 3586, -254, -6528, 2790, 9005, -5025, -11201, 8095, 14263, -10467, -15728, 10717, 16227, -8855, -14735, 5107, 10735, -143, -5989, -4719, -140, 8120, 5229, -8874, -9481, 8475, 11131, -5808, -10568, 3050, 7593, -1492, -4913, 2581, 1589, -2959, -918, 4370, 1561, -4482, -3696, 3238, 5635, 333, -7208, -3497, 6689, 7141, -4000, -7651, 1370, 8765, 1809, -7250, -3854, 4450, 4041, -1832, -2698, -813, 291, 1880, 2210, -1158, -3294, -526, 3504, 1589, -2810, -2124, 2015, 1937, 320, -823, -1030, -855, 1163, 1835, -1071, -2513
1791219588.595, MrmFullScanInfo, 381, 107, 2197990, 0, 0, 0, 0, 10000, 39297, 32, 2, 2, 1, 480, 0, 0, 0, 0, 0, 0, 165480, -232147, -311401, 474013, 368400, -497442, -398346, 271108, 451665, 62148, -480531, -340397, 397957, 506269, -196505, -587930, -28687, 597040, 177126, -499073, -220689, 282619, 187033, -926, -116800, -262602, 58232, 447536, -60526, -530253, 132751, 522684, -230640, -470141, 294541, 424707, -289718, -415757, 214212, 433657, -82758, -436823, -82899, 378476, 251225, -238240, -381801, 36826, 436709, 174815, -397591, -343182, 276815, 434105, -114538, -439207, -36764, 370437, 134516, -252623, -161040, 118701, 124843, -2207, -51377, -72566, -28148, 96927, 85131, -77533, -100522, 32744, 69840, 12804, -3988, -36354, -75110, 25940, 142184, 15162, -176744, -70740, 168823, 119171, -120850, -141996, 47056, 130320, 30435, -87120, -88687, 25249, 112409, 36813, -99675, -80846, 61961, 95458, -18617, -80380, -12018, 46048, 20768, -8704, -10473, -16602, -6908, 21277, 16604, -5677, -7762, -21250, -22132, 45568, 67085, -54727, -115427, 43630, 153558, -15559, -169937, -20572, 161636, 52282, -134491, -68731, 96066, 68228, -52221, -58598, 9901, 47917, 22745, -38059, -42057, 28431, 49925, -19620, -50560, 14080, 47519, -13546, -42873, 16406, 38028, -18248, -34208, 15500, 31487, -8174, -28131, -1307, 21791, 10035, -12102, -15874, 1166, 17712, 8519, -15426, -15517, 9900, 19014, -2788, -18425, -3672, 14442, 7406, -9031, -7560, 4005, 4822, -301, -890, -1633, -2310, 1782, 3367, -939, -1949, 673, -830, -2159, 3169, 5308, -3693, -8789, 2098, 10896, 909, -10687, -4069, 8471, 6236, -5386, -6916, 2710, 6547, -1127, -6098, 348, 6460, 454, -7732, -1887, 9088, 4124, -9512, -6880, 8523, 9292, -6278, -10265, 3278, 9424, -386, -7343, -1410, 4839, 1681, -2534, -897, 995, 25, -587, 165, 1000, 581, -1281, -1981, 647, 3344, 878, -3807, -2618, 2823, 3842, -546, -4061, -2095, 3133, 3954, -1249, -4341, -894, 3268, 2318, -1274, -2298, -833, 911, 2272, 1037, -2581, -2545, 1797, 2937, -334, -2045, -1114, 224, 1909, 1750, -1772, -2972, 878, 2964, 280, -1932, -1049, 427, 941, 1039, 26, -2033, -1279, 2193, 2191, -1479, -2485, 401, 2248, 341, -1677, -434, 1076, 62, -852, 405, 1177, -647, -1833, 446, 2365, 279, -2353, -1345, 1637, 2393, -429, -3004, -789, 2899, 1607, -2045, -1871, 732, 1660, 567, -1138, -1465, 486, 1851, 132, -1794, -476, 1410, 322, -852, 240, 333, -728, -22, 718, -60, -179, 86, -543, -311, 1046, 921, -1127, -1799, 759, 2569, 113, -2934, -1540, 2918, 3324, -2693, -4995, 2410, 6144, -2128, -6639, 1907, 6642, -1803, -6404, 1785, 6105, -1711, -5829, 1449, 5577, -992, -5246, 356, 4778, 455, -4244, -1203, 3770, 1490, -3309, -1211, 2775, 717, -2212, -364, 1714, 154, -1317, 103, 1004, -476, -816, 809, 950, -887, -1615, 690, 2748, -305, -3945, -249, 4842, 944, -5326, -1527, 5390, 1602, -4934, -814, 3755, -906, -1643, 3215, -1334, -5509, 4798, 7415, -8304, -8935, 11500, 10165, -13890, -11026, 14748, 11264, -13411, -10609, 9711, 8901, -4173, -6187, -2001, 2719, 7376, 1076, -10791, -4567, 11724, 7032, -10385, -7937, 7723, 7162, -5026, -5082, 3272, 2562, -2738, -677, 3099, 225, -3614, -1348, 3452, 3550, -2103, -5833, -302, 7129, 3175, -6786, -5785, 4896, 7459, -2167, -7720, -450, 6438, 2128, -3978, -2431, 1145, 1468, 1097, 231, -2058, -1966, 1703, 3164, -586, -3459, -545, 2762, 1152, -1348, -1024, -213, 277
1791219588.595, MrmFullScanInfo, 381, 107, 2197990, 0, 0, 0, 0, 10000, 39297, 32, 4, 2, 1, 480, 0, 0, 0, 0, 0, 0, 223, -516, -379, 1539, 67, -2423, 495, 2408, -772, -1467, 387, 383, 220, 189, -363, -908, 223, 2376, -581, -3351, 1273, 2475, -964, -488, -296, -769, 1049, 954, -622, -827, 488, 836, -2219, -988, 5084, 1022, -6595, -786, 5300, 468, -2428, -254, -52, 115, 1276, -23, -2121, -954, 3961, 3826, -6935, -7209, 9023, 8065, -7949, -5511, 4227, 1916, -284, 570, -2076, -1729, 2639, 2221, -1721, -2538, -34, 2772, 1584, -2672, -2106, 1967, 1636, -817, -808, -411, -37, 1557, 1260, -2465, -3550, 3280, 7362, -4507, -12720, 6453, 19532, -8392, -27724, 8974, 36905, -7353, -45870, 3717, 52171, 680, -52533, -3675, 44299, 2424, -26854, 5658, 2396, -21800, 23921, 44966, -47446, -70692, 63827, 92201, -65256, -104870, 42708, 108402, 4887, -102811, -65727, 85447, 121998, -54221, -158087, 12072, 168924, 29748, -158831, -56958, 133158, 63584, -96159, -55636, 55938, 42486, -24304, -29266, 7748, 19153, -3795, -15290, 5117, 20028, -4809, -32230, -1190, 46095, 13816, -53633, -30388, 49394, 44652, -33956, -50006, 13324, 43422, 4294, -27424, -12796, 8727, 10905, 5315, -1936, -10143, -8335, 5807, 14068, 3485, -11477, -11494, 820, 13087, 13401, -7476, -25027, -1994, 29271, 11184, -24616, -17469, 13281, 19246, -4, -15292, -10015, 6460, 13553, 3767, -10514, -10911, 3549, 12052, 3463, -7562, -7314, 807, 6744, 4060, -2714, -4611, -2064, 1243, 4590, 3492, -3248, -6849, -1099, 7341, 5836, -4923, -8468, 788, 8003, 2944, -5042, -4160, 1180, 2305, 1609, 1286, -1858, -4679, -440, 6483, 3800, -5955, -6348, 3111, 7003, 913, -5733, -4193, 3263, 5385, -773, -4611, -510, 2944, -224, -1464, 2830, 935, -5953, -1799, 7761, 3963, -7071, -6348, 3977, 7389, 376, -6056, -4376, 2736, 6658, 1037, -6637, -3653, 4675, 4313, -1770, -3105, -805, 714, 2066, 1770, -1696, -3215, 104, 3167, 1832, -2077, -3076, 667, 2918, 589, -1469, -1330, -382, 1158, 1671, -38, -1937, -1401, 1318, 2267, -229, -2040, -822, 914, 1308, 471, -933, -1499, -125, 1803, 1249, -1224, -1803, -42, 1504, 1527, -580, -2759, -373, 3474, 870, -3537, -811, 3003, 474, -2211, -132, 1582, -30, -1239, -43, 1039, 406, -840, -1103, 564, 2008, -137, -2733, -452, 2855, 1070, -2265, -1496, 1287, 1530, -374, -1023, -215, 57, 410, 934, -150, -1476, -569, 1441, 1509, -1025, -2248, 470, 2495, 42, -2224, -339, 1624, 367, -964, -261, 477, 210, -299, -271, 395, 434, -572, -777, 677, 1380, -736, -2012, 870, 2310, -1048, -2207, 1137, 2047, -1094, -2124, 976, 2350, -798, -2432, 487, 2218, -28, -1789, -388, 1243, 587, -581, -582, -86, 499, 511, -305, -530, -110, 297, 702, -86, -1223, 55, 1462, -253, -1408, 738, 1191, -1513, -940, 2517, 708, -3621, -529, 4643, 509, -5312, -691, 5286, 956, -4269, -1182, 2248, 1397, 321, -1533, -2782, 1445, 4662, -1097, -5715, 627, 5904, -198, -5369, 21, 4426, -270, -3353, 878, 2341, -1452, -1501, 1536, 878, -886, -444, -341, 87, 1674, 333, -2643, -857, 3122, 1337, -3203, -1547, 2933, 1401, -2369, -955, 1702, 319, -1146, 360, 807, -903, -697, 1168, 809, -1098, -1029, 801, 1172, -403, -1076, -46, 742, 539, -323, -958, 1
1791219588.595, MrmDetectionListInfo, 381, 224, 92, 7768, 93, 9762, 94, 11957, 95, 14293, 96, 16700, 97, 19081, 98, 21313, 99, 23289, 100, 24917, 101, 26116, 102, 26839, 103, 27103, 104, 27026, 105, 26652, 106, 25553, 107, 22960, 108, 18685, 109, 13636, 110, 9694, 111, 9826, 112, 16815, 113, 30074, 114, 45173, 115, 57860, 116, 65535, 117, 65535, 118, 65535, 119, 65535, 120, 65535, 121, 65535, 122, 64322, 123, 59231, 124, 64350, 125, 65535, 126, 65535, 127, 65535, 128, 65535, 129, 65535, 130, 65535, 131, 65535, 132, 65535, 133, 65535, 134, 65535, 135, 65535, 136, 65535, 137, 65535, 138, 61566, 139, 48888, 140, 37021, 141, 26908, 142, 19218, 143, 14021, 144, 10977, 145, 9691, 146, 9866, 147, 11217, 148, 13374, 149, 15939, 150, 18747, 151, 22259, 152, 27226, 153, 33432, 154, 39277, 155, 43044, 156, 44156, 157, 43002, 158, 39995, 159, 35303, 160, 29428, 161, 23535, 162, 18879, 163, 15876, 164, 13631, 165, 10899, 166, 7674, 169, 6443, 170, 8645, 171, 9709, 172, 9345, 173, 8616, 174, 8414, 175, 8488, 176, 8528, 177, 9338, 178, 11548, 179, 14163, 180, 15712, 181, 16258, 182, 17153, 183, 18808, 184, 19808, 185, 18651, 186, 15438, 187, 11607, 188, 8912, 189, 8433, 190, 9515, 191, 10216, 192, 9493, 193, 8252, 194, 7872, 195, 8318, 196, 8414, 197, 7607, 198, 6508, 199, 5777, 200, 5271, 201, 4622, 202, 4031, 203, 3818, 204, 3735, 205, 3332, 206, 2669, 207, 2367, 208, 2894, 209, 3909, 210, 4622, 211, 4700, 212, 4602, 213, 4992, 214, 5833, 215, 6321, 216, 5860, 217, 4851, 218, 4231, 219, 4287, 220, 4333, 221, 3642, 222, 2365, 226, 2485, 227, 3086, 228, 3583, 229, 4234, 230, 5070, 231, 5687, 232, 5651, 233, 4992, 234, 4172, 235, 3702, 236, 3793, 237, 4161, 238, 4232, 239, 3713, 240, 2875, 241, 2205, 242, 1857, 243, 1620, 244, 1393, 246, 1960, 247, 2905, 248, 3920, 249, 4773, 250, 5434, 251, 5914, 252, 6132, 253, 5963, 254, 5371, 255, 4513, 256, 3801, 257, 3683, 258, 4103, 259, 4471, 260, 4381, 261, 4097, 262, 4122, 263, 4439, 264, 4470, 265, 3801, 266, 2674, 267, 1671, 268, 1146, 269, 1119, 270, 1460, 271, 1924, 272, 2201, 273, 2130, 274, 1889, 275, 1839, 276, 2094, 277, 2359, 278, 2302, 279, 1933, 286, 1048, 287, 1169, 288, 1299, 289, 1473, 290, 1606, 291, 1549, 292, 1321, 308, 1514, 309, 1734, 310, 1862, 311, 2012, 312, 2184, 313, 2237, 314, 2076, 330, 1506, 371, 1447, 372, 1578, 373, 1656, 374, 1679, 375, 1659, 376, 1619, 377, 1584, 388, 886, 411, 1739, 412, 1964, 413, 2191, 414, 2416, 415, 2634, 416, 2829, 417, 2978, 418, 3052, 419, 3020, 420, 2860, 427, 2116, 428, 2855, 429, 3237, 430, 3280, 431, 3220, 432, 3186, 458, 2183, 459, 1962, 460, 1694
1791219588.720, MrmFullScanInfo, 382, 107, 2198115, 0, 0, 0, 0, 10000, 39297, 32, 1, 2, 1, 480, -339279, 512366, 399234, -503366, -478402, 464379, 518091, -328966, -520104, -48110, 519820, 447556, -462922, -516887, 166447, 518579, 146490, -519622, -326168, 511677, 367861, -435200, -284939, 100430, 228187, 185790, -5901, -242521, -177694, 432490, 134277, -457127, -3871, 511087, -143838, -510642, 170384, 513694, -144397, -514779, 60609, 514934, 87269, -463350, -266693, 321577, 405189, -66199, -454256, -191416, 380401, 376211, -246148, -477819, 58596, 457487, 104650, -388153, -209379, 269160, 237330, -136309, -182028, 22290, 88418, 41361, 9689, -60798, -91779, 46062, 132289, -5898, -113188, -34825, 47281, 51014, 38676, -27994, -120486, -29874, 157647, 103341, -156338, -157028, 113514, 184284, -43694, -168560, -32748, 113515, 92988, -36235, -111963, -40713, 95471, 94294, -48556, -115867, -3776, 94041, 37843, -53670, -39033, 12455, 15016, 15828, 18011, -18428, -43226, 694, 51117, 20102, -40096, -33282, 12914, 34541, 13714, -20977, -29063, -2217, 30694, 23786, -19218, -33397, -5743, 29317, 30690, -10835, -57748, 3798, 73547, 19939, -84409, -40108, 91038, 56619, -94223, -71059, 95115, 79139, -86476, -84432, 67302, 83403, -75581, -55833, 37897, 55766, -1402, -48818, -28370, 36911, 45214, -23511, -53326, 13749, 56225, -8926, -56462, 6494, 46811, -28288, -52769, 19498, 56478, -4924, -52785, -12400, 40486, 27739, -22063, -34655, 1993, 33514, 15184, -24877, -12065, 15604, 16832, -4737, -15416, -2907, 10169, 2607, -5362, -32, 4265, -3813, -7627, 4551, 11098, -2142, -14470, -4198, 11291, 10432, -3738, -13464, -5441, 12711, 13292, -8331, -16378, 2238, 14776, 2170, -11823, -4285, 11424, 3760, -6195, -2691, 5081, 1743, -4384, -1874, 4036, 3812, -2382, -6145, 664, 6471, 5019, -5986, -5969, 8260, 8661, -5334, -9996, 605, 8404, 1920, -5441, -3655, 2443, 4724, 255, -2987, -1508, 3374, 69, -1947, 318, 2897, -1244, -3746, 1095, 4438, -417, -4931, -1278, 3947, 2094, -1788, -3370, 736, 1684, -34, -1658, -739, 917, 615, -1099, 109, 1824, -719, -2917, 899, 3423, -653, -3688, -1344, 3870, -608, -4540, 69, 3722, 839, -2185, -110, 1429, -620, -629, 962, -1146, -2247, 2113, 2029, -2584, -785, 432, 1287, -587, -1161, 35, 689, 300, -386, -645, -459, 816, 799, -1133, -1802, -748, 300, -706, -2020, -145, 2273, 907, -1806, -1586, 692, 2285, 109, -1645, -978, 811, 1922, -182, -3008, -44, 1278, 1198, -1010, -835, 257, 404, 183, -120, -953, -56, 1658, 648, -1745, 1680, 2864, 1402, -2988, -1258, 3604, 1847, -3931, -1580, 4745, 1530, -5385, -1151, 5352, 909, -5091, -706, 7704, 811, -4964, -997, 3756, 1264, -2549, -861, 1382, 297, 218, 249, -875, -867, 1065, -1210, -206, -741, 605, 821, -319, -1205, 144, 1778, -469, -2169, -247, 1864, 961, -2023, -1827, 1560, 3235, -176, -4164, -1835, 5113, 3066, -5492, -3706, 5064, 4074, -4862, -3354, 3800, 1440, -2877, 2409, 381, -6056, 1525, 8380, -4285, -11101, 7415, 13741, -9949, -14912, 11314, 15680, -9376, -14521, 6015, 11596, -893, -7311, -4290, 2904, 7971, 1494, -10090, -5683, 9973, 8652, -7692, -9588, 5222, 7808, -3388, -5903, 3351, 3851, -3094, -3351, 3857, 4199, -3740, -5683, 1929, 7008, 761, -7911, -4320, 7318, 7336, -4696, -8304, 1253, 9418, 1307, -8270, -3442, 5909, 4877, -2955, -4241, 501, 2942, 894, -1269, -690, -667, -670, 1373, 1094, -1192, -1191, 199, 904, 803, -135, -1102, -1020, 947, 2427, -98, -2982
1791219588.720, MrmFullScanInfo, 382, 107, 2198115, 0, 0, 0, 0, 10000, 39297, 32, 2, 2, 1, 480, 0, 0, 0, 0, 0, 0, 164961, -231591, -310734, 472841, 368247, -496094, -398726, 269929, 452399, 63049, -481375, -340968, 399195, 506349, -198518, -587158, -26354, 595135, 175593, -496433, -220465, 280062, 187380, 966, -117244, -263755, 58773, 448143, -61300, -530379, 133470, 522396, -230981, -469622, 294856, 424050, -290544, -414988, 215395, 433114, -83563, -437211, -82509, 379774, 250784, -239534, -381334, 37308, 436903, 175102, -398903, -343680, 278850, 434672, -116282, -440071, -36068, 371618, 134710, -253692, -161409, 119237, 124840, -2027, -50917, -73431, -28935, 98150, 86201, -78511, -101930, 33020, 71460, 13313, -5487, -37311, -74080, 26766, 141891, 14840, -177223, -70884, 169732, 119604, -121604, -142755, 47291, 131393, 30641, -88229, -89030, 25981, 112612, 36801, -99546, -81696, 61451, 97018, -17969, -82080, -12292, 47140, 19862, -8746, -6979, -17488, -15802, 23852, 35405, -12895, -41814, -5849, 32207, 21348, -11551, -25651, -10785, 16960, 25550, 41, -26754, -17069, 12960, 27657, 12356, -29723, -42094, 24009, 69159, -11991, -89737, -4133, 103593, 20943, -111532, -35428, 113232, 46271, -109036, -52019, 99553, 51383, -82997, -46625, 56968, 43320, -24067, -44045, -7642, 45408, 31495, -43344, -45702, 37350, 51688, -31238, -51701, 28992, 48408, -30005, -45024, 29209, 43683, -21897, -43257, 8005, 40365, 8748, -32186, -23314, 19375, 31621, -5672, -31843, -5267, 25005, 12030, -14744, -14700, 5501, 13666, -277, -10309, -465, 6979, -1613, -5753, 3961, 7051, -4284, -9310, 1548, 10055, 3624, -7526, -9253, 1861, 13016, 5059, -13390, -10803, 10421, 13936, -5703, -14335, 1404, 12605, 1118, -9655, -1863, 6633, 1729, -4476, -1773, 3349, 2608, -2592, -4117, 1331, 5932, 752, -7652, -3235, 8567, 5471, -7850, -7014, 5369, 7469, -1929, -6626, -1292, 4726, 3469, -2497, -4312, 819, 4069, -197, -3345, 514, 2795, -1233, -2810, 1763, 3298, -1674, -3791, 854, 3802, 406, -3183, -1537, 2144, 2089, -1012, -2035, 125, 1737, 219, -1568, 76, 1728, -784, -2156, 1390, 2707, -1554, -3294, 1422, 3803, -1275, -3955, 1142, 3553, -916, -2669, 711, 1505, -709, -177, 908, -1210, -1041, 2274, 915, -2522, -684, 1941, 642, -1032, -777, 286, 811, 213, -566, -590, 67, 858, 478, -928, -901, 800, 1241, -574, -1585, 295, 1869, 159, -1858, -792, 1459, 1388, -720, -1656, -284, 1540, 1327, -1166, -1995, 632, 2029, -30, -1532, -431, 788, 604, 39, -528, -839, 479, 1527, -588, -2051, 667, 2515, -449, -3075, 8, 3758, 303, -4464, -281, 5060, -45, -5406, 491, 5596, -877, -5778, 1134, 5802, -1166, -5320, 872, 4273, -351, -2938, -92, 1539, 251, -231, -260, -707, 308, 1041, -295, -883, 11, 622, 544, -542, -1138, 633, 1602, -688, -1878, 466, 2025, 165, -2061, -1172, 1854, 2462, -1224, -3899, 241, 5233, 802, -6146, -1586, 6406, 1875, -5946, -1394, 4727, -76, -2649, 2377, -248, -4929, 3708, 7173, -7346, -8868, 10804, 10009, -13530, -10622, 14756, 10722, -13780, -10256, 10392, 9144, -5098, -7382, -972, 5033, 6461, -2175, -10252, -974, 11807, 3890, -11237, -5847, 9267, 6362, -6889, -5547, 4965, 4129, -3934, -3025, 3704, 2880, -3707, -3803, 3192, 5443, -1668, -7087, -771, 7880, 3626, -7241, -6263, 5260, 8078, -2550, -8563, -160, 7548, 2274, -5379, -3371, 2813, 3301, -706, -2225, -399, 621, 539, 815, -144, -1458, -324, 1153, 568, -248, -377, -674, -323
1791219588.720, MrmFullScanInfo, 382, 107, 2198115, 0, 0, 0, 0, 10000, 39297, 32, 4, 2, 1, 480, 0, 0, 0, 0, 0, 0, -406, 316, 480, -473, -107, 263, -174, -111, 435, 254, -757, -390, 1438, 135, -2258, 381, 2503, -810, -1865, 1069, 858, -1370, -124, 1606, -568, -1436, 1039, 983, -1108, -461, 1018, 84, -1482, 41, 2855, -147, -4117, 381, 3857, -310, -2088, -565, 477, 1503, 62, -1506, -481, 147, 2137, 2175, -4829, -4156, 6640, 4678, -5795, -3714, 2830, 2256, 86, -913, -1458, -211, 1341, 1224, -399, -2124, -775, 2613, 1747, -2268, -2230, 1146, 2093, 225, -1465, -1186, 579, 1383, 501, -904, -1657, 185, 2534, 375, -2853, -684, 2979, 727, -3683, -540, 5353, 181, -7673, 321, 9780, -1130, -10411, 2702, 8182, -5648, -2212, 10672, -7360, -18410, 19320, 28912, -33534, -39263, 50149, 44136, -66229, -40934, 76533, 32783, -78870, -24573, 76336, 18361, -73071, -14394, 70951, 13299, -70971, -14302, 73556, 15392, -76501, -17106, 76256, 23145, -72025, -34907, 66464, 48056, -61428, -57168, 56217, 60024, -50539, -56893, 44639, 49258, -36432, -40679, 22343, 35841, -2149, -35978, -19405, 37309, 37079, -35359, -47951, 28715, 51661, -20509, -49291, 15331, 42554, -14349, -34023, 14387, 26795, -11795, -22445, 5934, 19891, 1840, -16670, -9556, 11862, 15353, -6584, -17847, 2014, 16681, 1748, -12897, -4710, 8330, 6093, -4709, -5518, 2927, 3729, -2793, -2100, 3392, 1550, -3536, -1777, 2352, 1639, 206, -125, -3199, -2879, 5162, 6470, -4962, -9159, 2413, 9941, 1465, -8720, -4921, 5892, 6711, -2084, -6757, -1647, 5790, 4219, -4602, -5337, 3780, 5631, -3559, -5897, 4041, 6434, -5038, -7052, 5699, 7513, -4873, -7596, 2174, 6827, 1619, -4796, -5143, 1701, 7236, 1543, -7416, -3805, 6029, 4427, -4015, -3574, 2363, 1938, -1624, -319, 1748, -562, -2244, 339, 2549, 806, -2340, -2181, 1630, 3057, -615, -3081, -402, 2403, 1008, -1448, -904, 720, 195, -577, 601, 1155, -1042, -2349, 1092, 3789, -852, -4874, 322, 5127, 404, -4438, -994, 3000, 1180, -1178, -994, -606, 740, 1885, -712, -2272, 933, 1853, -1134, -1176, 1175, 792, -1136, -786, 1060, 928, -893, -1039, 563, 1004, -136, -660, -137, -59, 63, 934, 326, -1489, -743, 1503, 983, -1124, -943, 659, 470, -232, 419, -130, -1274, 328, 1508, -286, -965, 148, -62, -153, 1207, 443, -2136, -875, 2670, 1240, -2752, -1526, 2457, 1893, -1878, -2341, 1135, 2603, -427, -2519, -64, 2101, 347, -1521, -418, 1004, 287, -664, -182, 540, 475, -609, -1234, 737, 2173, -668, -3078, 243, 3844, 254, -4249, -386, 4024, 163, -3255, 0, 2412, 131, -1856, -366, 1613, 480, -1488, -415, 1283, 363, -967, -531, 716, 810, -564, -867, 298, 633, 220, -295, -833, -11, 1288, 331, -1506, -675, 1567, 871, -1585, -704, 1595, 150, -1531, 571, 1356, -1147, -1086, 1408, 818, -1366, -590, 1179, 359, -962, -89, 793, -176, -794, 368, 1033, -429, -1321, 299, 1321, 83, -841, -689, 14, 1354, 920, -1830, -1801, 1960, 2551, -1737, -3030, 1199, 3091, -418, -2691, -443, 1937, 1159, -1066, -1576, 301, 1751, 214, -1822, -389, 1873, 299, -1884, -203, 1892, 383, -1962, -904, 2087, 1577, -2157, -2085, 2023, 2233, -1579, -2098, 893, 1891, -182, -1668, -314, 1363, 539, -911, -616
1791219588.720, MrmDetectionListInfo, 382, 187, 111, 11763, 112, 17327, 113, 23530, 114, 29788, 115, 36030, 116, 42226, 117, 47984, 118, 52654, 119, 55709, 120, 56999, 121, 56724, 122, 55259, 123, 53042, 124, 50505, 125, 48011, 126, 45812, 127, 44041, 128, 42772, 129, 42070, 130, 41981, 131, 42471, 132, 43397, 133, 44525, 134, 45626, 135, 46568, 136, 47375, 137, 48214, 138, 49296, 139, 50769, 140, 52610, 141, 54601, 142, 56396, 143, 57637, 144, 58063, 145, 57573, 146, 56204, 147, 54064, 148, 51249, 149, 47792, 150, 43695, 151, 38975, 152, 33727, 153, 28149, 154, 22895, 155, 19886, 156, 21521, 157, 27677, 158, 34808, 159, 39254, 160, 40359, 161, 39778, 162, 38867, 163, 37584, 164, 35458, 165, 32659, 166, 29876, 167, 27557, 168, 25592, 169, 23647, 170, 21567, 171, 19408, 172, 17242, 173, 15072, 174, 12961, 175, 11176, 176, 10221, 177, 10500, 178, 11666, 179, 12634, 180, 12587, 181, 11654, 182, 10484, 183, 9513, 184, 8793, 185, 8235, 186, 7786, 187, 7366, 188, 6815, 189, 6037, 190, 5123, 191, 4263, 192, 3576, 193, 3072, 194, 2725, 195, 2533, 196, 2488, 205, 3913, 206, 5478, 207, 6317, 208, 6520, 209, 6379, 210, 6082, 211, 5751, 212, 5573, 213, 5699, 214, 5972, 215, 5948, 216, 5358, 217, 4475, 218, 3875, 219, 3875, 220, 4309, 221, 4760, 222, 4921, 223, 4797, 224, 4616, 225, 4569, 226, 4688, 227, 4912, 228, 5208, 229, 5573, 230, 5979, 231, 6333, 232, 6521, 233, 6452, 234, 6081, 235, 5430, 236, 4650, 237, 4006, 238, 3729, 239, 3848, 240, 4129, 241, 4305, 242, 4380, 243, 4566, 244, 4943, 245, 5274, 246, 5216, 247, 4670, 248, 3851, 249, 3035, 250, 2339, 251, 1743, 257, 1540, 258, 1554, 259, 1659, 260, 1894, 261, 2131, 262, 2210, 263, 2088, 264, 1860, 266, 1549, 267, 1490, 268, 1398, 269, 1202, 276, 1519, 277, 1860, 278, 2170, 279, 2455, 280, 2672, 281, 2770, 282, 2749, 283, 2674, 284, 2592, 285, 2489, 286, 2300, 287, 1972, 288, 1524, 293, 1293, 294, 1548, 295, 1609, 296, 1521, 297, 1390, 339, 1761, 340, 1891, 341, 2009, 342, 2093, 344, 2074, 370, 2046, 371, 2186, 372, 2291, 373, 2284, 374, 2130, 375, 1865, 376, 1575, 377, 1333, 412, 1138, 413, 1227, 414, 1221, 415, 1157, 441, 2224, 442, 2262, 443, 2242, 444, 2119, 445, 1895, 446, 1639, 447, 1440
1791219588.845, MrmFullScanInfo, 383, 107, 2198240, 0, 0, 0, 0, 10000, 39297, 32, 1, 2, 1, 480, -344540, 512576, 402688, -504377, -476147, 465626, 517017, -327114, -520165, -50382, 519525, 443325, -465734, -517171, 164075, 517611, 148478, -519663, -331580, 511657, 365346, -437636, -286051, 103047, 229846, 183241, -8971, -241759, -175796, 432795, 134107, -456769, -4427, 511509, -141910, -511729, 175946, 512476, -146238, -515103, 55568, 515345, 83948, -462279, -264900, 321421, 405041, -65659, -453743, -189013, 380227, 377022, -245659, -476641, 57265, 456701, 106442, -385756, -208738, 269779, 234283, -137300, -182330, 25195, 89144, 41850, 9078, -59528, -91361, 44716, 131342, -5567, -112626, -34917, 46294, 50757, 39525, -25581, -118504, -31299, 156799, 103096, -154136, -158338, 114363, 183543, -44971, -168045, -32331, 113079, 91253, -36518, -111395, -40361, 95475, 93837, -48513, -115623, -2281, 92979, 36351, -53633, -38957, 12494, 14739, 15644, 18887, -17587, -42998, 355, 50667, 20532, -39697, -33630, 12618, 34404, 14091, -20385, -31040, -2932, 33469, 24331, -24727, -35304, 6658, 34532, 9528, -22978, -15759, 6110, 12120, 8324, -3586, -12811, -4440, 12081, 6053, -12475, 1790, 17875, -12788, -33234, 18509, 58697, -50953, -81352, 45912, 108471, -22649, -125915, -12840, 127536, 46730, -110819, -76990, 80346, 94424, -44864, -94662, 10487, 71759, -12532, -62532, -9582, 49892, 23936, -34362, -32099, 24795, 37372, -18992, -41471, 15424, 45355, -9450, -49494, 28356, 38100, -19520, -36855, 7186, 32570, 4942, -23853, -13203, 12178, 16924, -830, -15743, -6615, 10631, 9203, -5890, -9358, 3640, 7055, -4960, -5611, 7500, 7434, -9480, -11449, 9002, 15136, -4751, -17062, -954, 15317, 617, -8722, -4733, 2847, 6110, 2862, -2818, -6702, -1776, 7279, 5361, -4224, -5775, -122, 4434, 3513, -1506, -5525, -2201, 5503, 5600, -3346, -5394, 251, 3895, 1770, -790, -2911, -2320, 1747, 3057, 56, -2422, 311, 1588, 30, -276, 1219, -919, -2719, 1369, 4182, -470, -4233, -822, 3927, 822, -2426, -251, 926, -725, -334, 2543, 406, -3795, -1128, 3698, 2934, -2210, -2782, 1314, 2341, -715, -854, 1560, -817, -2287, 2099, 3660, -3433, -4626, 2911, 5353, -1950, -5096, 1224, 3201, -570, -761, 261, -780, -885, 2151, 1937, -2079, -2884, 642, 2570, 610, -1829, -1835, 748, 1835, 725, -2642, -2597, 2118, 2224, -923, -2182, -103, 1814, 610, -1172, -938, 1110, 806, -286, -576, -924, 134, 44, -89, 376, 524, -125, -681, -677, 922, 812, -265, -1667, 244, 1909, 938, -1304, -399, 694, 46, 1215, 213, -2312, -287, 4263, 666, -5407, -1192, 6163, 1329, -5925, -412, 7351, -615, -6323, 239, 4826, -1801, -3830, 1946, 3327, -2453, -3061, 2886, 2527, -2159, -2663, 978, 2054, -899, -1474, 1096, 1089, -1544, -1615, 1160, 1722, -1965, -2058, 2203, 2978, -2103, -3324, 1283, 4256, -384, -5372, -1556, 5829, 4165, -5499, -4706, 4579, 5443, -3234, -5562, 2363, 5301, -1211, -3689, 769, 1591, 464, 1065, -1686, -4073, 4256, 6871, -7182, -9779, 10401, 13692, -12409, -16683, 13692, 18901, -11635, -18593, 6864, 16066, -555, -11065, -6340, 5202, 10489, 635, -12255, -6429, 11329, 9265, -8859, -9739, 5560, 7611, -3194, -5286, 2234, 2834, -2874, -740, 4434, 1977, -4579, -3883, 3611, 6472, -1236, -7129, -3155, 6884, 6373, -4217, -7836, 1091, 9509, 2288, -7364, -5005, 3962, 5426, -1140, -4299, -1708, 1738, 3007, 1011, -2451, -2670, 1124, 3006, 465, -2685, -1479, 1804, 1292, -416, 29, -542, -875, 33, 2217, 159, -3050
1791219588.845, MrmFullScanInfo, 383, 107, 2198240, 0, 0, 0, 0, 10000, 39297, 32, 2, 2, 1, 480, 0, 0, 0, 0, 0, 0, 165368, -231944, -310884, 473042, 367874, -495725, -398457, 269529, 452567, 62688, -481429, -339977, 398190, 505668, -196333, -587529, -28638, 596637, 176859, -498639, -220725, 282498, 187597, -1309, -118034, -261962, 59928, 447065, -62109, -530150, 133825, 522814, -231652, -470006, 296079, 423877, -291576, -414481, 215772, 432698, -83819, -436803, -81902, 379326, 250035, -239321, -380661, 37515, 436243, 174591, -398042, -343023, 277699, 433947, -115256, -439453, -36305, 371399, 134004, -254063, -160346, 120107, 124134, -3183, -50819, -72171, -28583, 96937, 85639, -77590, -101253, 32658, 70787, 12898, -5052, -36160, -74002, 25221, 141300, 16282, -176571, -71773, 169525, 119658, -121997, -142078, 48066, 130486, 29768, -87604, -88280, 25866, 112197, 36423, -99641, -80943, 62038, 96088, -18760, -81283, -11598, 46774, 19328, -8870, -6565, -17026, -16043, 23254, 35398, -12325, -41596, -6243, 31762, 21459, -10639, -25545, -12620, 16855, 29134, 54, -33690, -17357, 26430, 27914, -12354, -28048, -1502, 18770, 9804, -5003, -11102, -7421, 7967, 15202, -5277, -19023, 7140, 22785, -16321, -30512, 33096, 43642, -52303, -61460, 63770, 82642, -59006, -104043, 37423, 119426, -4851, -122208, -30277, 109417, 59228, -84795, -75374, 56215, 77119, -29936, -68417, 8005, 55735, 9702, -43971, -22805, 35407, 31371, -30049, -36594, 27946, 39108, -29137, -38188, 31077, 34050, -29020, -29221, 20572, 25777, -8237, -22681, -3710, 17763, 12118, -10448, -15782, 2328, 15223, 4237, -12232, -7681, 9079, 8045, -7444, -6856, 7772, 6157, -9209, -7201, 10155, 9809, -9501, -12425, 7189, 13056, -3672, -10704, -325, 6048, 3516, -649, -4444, -3964, 2832, 6538, 183, -6373, -2941, 3747, 4205, 140, -3517, -3737, 1285, 5773, 1412, -5656, -3330, 3667, 3678, -812, -2481, -1618, 485, 2780, 1311, -2634, -2186, 1829, 1953, -1143, -858, 1081, -559, -1697, 1646, 2651, -1962, -3434, 1589, 3596, -998, -2955, 703, 1748, -995, -495, 1841, -247, -2821, 190, 3407, 521, -3329, -1318, 2760, 1549, -2113, -876, 1749, -593, -1810, 2373, 2248, -3805, -2907, 4407, 3495, -4089, -3575, 3108, 2838, -1854, -1379, 790, -325, -320, 1698, 560, -2278, -1224, 1906, 1842, -818, -2005, -525, 1505, 1747, -464, -2569, -682, 2753, 1520, -2208, -1903, 1200, 1941, -183, -1735, -487, 1291, 734, -646, -688, 50, 542, 205, -416, -142, 405, 59, -516, -191, 666, 587, -707, -1104, 568, 1488, -326, -1415, 109, 694, 71, 625, -307, -2271, 606, 3906, -859, -5231, 1030, 6115, -1257, -6549, 1674, 6482, -2210, -5820, 2662, 4675, -2920, -3430, 3058, 2450, -3137, -1855, 3083, 1594, -2751, -1534, 2204, 1494, -1713, -1344, 1476, 1149, -1510, -1050, 1772, 1144, -2185, -1430, 2588, 1911, -2736, -2626, 2453, 3618, -1629, -4794, 320, 5868, 1211, -6441, -2611, 6273, 3663, -5438, -4247, 4247, 4191, -2930, -3323, 1491, 1663, 281, 526, -2640, -2844, 5696, 5025, -9272, -7069, 12938, 9107, -16018, -11072, 17592, 12634, -16701, -13354, 12836, 12896, -6438, -11144, -1059, 8163, 7791, -4210, -12263, -104, 13856, 3821, -12800, -6034, 9994, 6409, -6707, -5220, 4165, 3224, -3013, -1434, 3112, 808, -3732, -1699, 3916, 3658, -2896, -5729, 543, 6917, 2624, -6590, -5709, 4710, 7768, -1822, -8111, -1191, 6641, 3386, -3906, -4093, 819, 3247, 1684, -1373, -2928, -694, 2773, 2248, -1655, -2900, 369, 2585, 398, -1558, -370, 354, -346
1791219588.845, MrmFullScanInfo, 383, 107, 2198240, 0, 0, 0, 0, 10000, 39297, 32, 4, 2, 1, 480, 0, 0, 0, 0, 0, 0, 233, -197, 63, -75, -416, 612, 164, -585, 402, -168, -398, 807, -437, -631, 1317, -186, -1309, 1082, 550, -1627, 20, 1764, 220, -1597, -1001, 1245, 1500, -722, -1194, 76, 725, 419, -1183, -327, 2208, -283, -2491, 715, 1791, -576, -1060, 158, 851, 256, -815, -528, 581, 402, 79, 197, -904, -787, 1288, 941, -1081, -780, 740, 741, -578, -872, 434, 921, -170, -755, -26, 448, -3, -171, 186, 19, -279, 66, 251, -253, -252, 580, 416, -918, -499, 1080, 125, -901, 579, 373, -1086, 160, 1099, -322, -816, 140, 454, 81, 38, -91, -803, -227, 1897, 1035, -3323, -2548, 5234, 4926, -7803, -8116, 10877, 11921, -14666, -15199, 19639, 16030, -25190, -13619, 29547, 9472, -31632, -5930, 32016, 4149, -31225, -4148, 28486, 5521, -22324, -8057, 11557, 11856, 4425, -16536, -25155, 20362, 48241, -20649, -69194, 16013, 82796, -8156, -84937, 1628, 73664, -2234, -49591, 13335, 17169, -33094, 14327, 56010, -33814, -76504, 34803, 90234, -18873, -93215, -5985, 82848, 29566, -60626, -43755, 32339, 45345, -5158, -36332, -15360, 22286, 26395, -9668, -27965, 3406, 23333, -5080, -17746, 13655, 14862, -26029, -14968, 36662, 17016, -39554, -20395, 32483, 23701, -18730, -23854, 4082, 18753, 6424, -9432, -10286, -449, 8135, 6909, -3197, -7859, -399, 4064, -163, 1386, 5017, -4835, -11798, 4115, 17192, 390, -19195, -5980, 17748, 9326, -13757, -8689, 8547, 4818, -4011, 155, 2002, -4043, -2818, 5314, 4995, -3551, -6417, -558, 5719, 5576, -2826, -9685, -1308, 11313, 5308, -9890, -7828, 6144, 8107, -1637, -6319, -2051, 3512, 4025, -1040, -4342, -174, 3804, 21, -3348, 1006, 3588, -2159, -4503, 2729, 5541, -2364, -6012, 1346, 5521, -358, -4126, -6, 2295, -384, -713, 1204, -2, -1859, -369, 1880, 1487, -1254, -2494, 384, 2625, 302, -1752, -515, 256, 108, 1354, 856, -2613, -2090, 3114, 3185, -2714, -3773, 1651, 3658, -427, -2755, -443, 1192, 748, 537, -567, -1721, 97, 1944, 472, -1395, -919, 547, 1041, 305, -755, -1038, 264, 1480, 105, -1471, -197, 1138, 151, -846, -164, 841, 238, -1043, -315, 1170, 517, -1033, -906, 656, 1243, -85, -1227, -563, 812, 1076, -120, -1262, -705, 1166, 1467, -1086, -1840, 1188, 1607, -1256, -889, 976, 81, -404, 518, -85, -812, 304, 891, -398, -883, 612, 630, -960, 130, 1281, -1241, -1550, 2118, 1966, -2363, -2535, 2011, 2988, -1239, -3031, 303, 2737, 420, -2364, -680, 2012, 629, -1674, -608, 1427, 853, -1345, -1338, 1328, 1945, -1153, -2552, 673, 3068, 152, -3354, -1176, 3201, 2093, -2439, -2625, 1136, 2768, 387, -2676, -1685, 2447, 2482, -2199, -2689, 2105, 2376, -2187, -1821, 2260, 1431, -2114, -1425, 1624, 1725, -704, -2173, -574, 2612, 1956, -2794, -3119, 2441, 3839, -1470, -4022, 150, 3658, 1052, -2817, -1784, 1739, 1993, -773, -1773, 166, 1222, 121, -499, -167, -90, -43, 327, 483, -214, -899, -126, 1066, 551, -1029, -846, 930, 824, -812, -470, 681, 0, -639, 280, 794, -169, -1090, -251, 1290, 766, -1153, -1225, 677, 1597, -96, -1805, -312, 1711, 503, -1278, -623, 743, 741, -395, -779, 292, 711, -308
1791219588.845, MrmDetectionListInfo, 383, 197, 112, 9265, 113, 11038, 114, 12906, 115, 14810, 116, 16653, 117, 18293, 118, 19581, 119, 20398, 120, 20700, 121, 20540, 122, 20052, 123, 19410, 124, 18772, 125, 18231, 126, 17796, 127, 17404, 128, 16944, 129, 16288, 130, 15320, 131, 13952, 132, 12222, 133, 10480, 134, 9552, 135, 10812, 136, 15461, 137, 22983, 138, 30983, 139, 37285, 140, 41566, 141, 44627, 142, 46809, 143, 47618, 144, 46566, 145, 43823, 146, 40022, 147, 35722, 148, 31205, 149, 26662, 150, 22684, 151, 20901, 152, 23468, 153, 31118, 154, 41983, 155, 52387, 156, 58972, 157, 60652, 158, 58643, 159, 54900, 160, 50966, 161, 48247, 162, 47943, 163, 49262, 164, 49085, 165, 44924, 166, 37316, 167, 28934, 168, 22656, 169, 20221, 170, 20956, 171, 22099, 172, 21347, 173, 18730, 174, 15845, 175, 13932, 176, 13103, 177, 13020, 178, 13669, 179, 15310, 180, 17970, 181, 21208, 182, 24370, 183, 26917, 184, 28541, 185, 29084, 186, 28467, 187, 26704, 188, 23921, 189, 20315, 190, 16250, 191, 12537, 192, 10166, 193, 9244, 194, 8658, 195, 7324, 196, 5572, 197, 4753, 198, 5259, 199, 5790, 200, 5027, 205, 4383, 206, 6955, 207, 8996, 208, 9940, 209, 9978, 210, 9965, 211, 10726, 212, 12141, 213, 13140, 214, 12823, 215, 11268, 216, 9154, 217, 6973, 218, 4818, 219, 2803, 222, 2816, 223, 4341, 224, 5093, 225, 4966, 226, 4456, 227, 3973, 228, 3759, 229, 4053, 230, 4829, 231, 5640, 232, 6117, 233, 6447, 234, 7073, 235, 7957, 236, 8471, 237, 8093, 238, 6925, 239, 5485, 240, 4271, 241, 3546, 242, 3277, 243, 3196, 244, 3031, 245, 2694, 246, 2302, 247, 2009, 248, 1860, 249, 1836, 250, 1956, 251, 2258, 252, 2713, 253, 3216, 254, 3656, 255, 3966, 256, 4117, 257, 4090, 258, 3878, 259, 3501, 260, 3011, 261, 2472, 271, 1430, 272, 1588, 273, 1664, 274, 1638, 275, 1526, 276, 1375, 283, 1573, 284, 2273, 285, 2732, 286, 2973, 287, 3089, 288, 3100, 289, 2957, 290, 2641, 291, 2206, 292, 1756, 293, 1380, 340, 1467, 360, 1350, 362, 2064, 363, 2222, 371, 1442, 372, 1426, 373, 1454, 374, 1433, 387, 1754, 388, 1738, 389, 1783, 390, 1963, 391, 2249, 392, 2488, 393, 2541, 394, 2395, 395, 2138, 396, 1870, 397, 1670, 398, 1621, 399, 1787, 400, 2107, 401, 2392, 411, 1717, 412, 1643, 413, 1547, 414, 1433, 415, 1348, 416, 1371, 418, 1960, 419, 2424, 420, 2803, 424, 2639, 429, 2149, 430, 2072, 431, 1810
1791219588.970, MrmFullScanInfo, 384, 107, 2198365, 0, 0, 0, 0, 10000, 39297, 32, 1, 2, 1, 480, -338220, 513019, 404713, -502279, -476216, 464848, 518090, -331717, -520166, -51179, 519664, 445685, -461593, -516725, 164431, 517520, 142632, -519660, -335224, 511640, 364833, -437529, -288667, 103804, 234238, 183800, -9173, -242782, -179876, 432075, 134952, -457884, -1025, 511714, -140926, -510973, 172553, 512562, -144060, -514737, 56687, 515188, 84984, -460684, -268164, 319146, 406613, -62612, -452800, -189196, 378268, 377509, -243498, -476133, 58348, 455919, 106268, -383165, -205756, 267193, 234837, -136340, -180667, 24921, 86261, 36875, 8979, -57819, -90023, 43035, 128280, -5270, -108748, -33811, 45342, 49010, 39165, -25739, -117969, -33374, 155114, 102842, -153923, -156463, 112634, 183546, -44737, -166984, -31740, 112098, 89887, -36574, -111146, -39971, 94268, 94043, -48003, -114952, -2570, 92472, 35644, -53747, -37437, 12207, 14480, 14945, 18380, -18524, -42259, -364, 50220, 19999, -38732, -32904, 11127, 33946, 15379, -19983, -29996, -2999, 34224, 24734, -24882, -35350, 6934, 34195, 8906, -22986, -15716, 6187, 11683, 8026, -1922, -11393, -8625, 9045, 12874, -2606, -7794, -3177, -1700, 4171, 9363, 1215, -15461, -9556, 16149, 16980, -12560, -23576, 5650, 31570, -1106, -40038, -3430, 51230, 11534, -66562, -23668, 79316, -1751, -89263, -26701, 88881, 60253, -71394, -87651, 37112, 98499, 3573, -89579, -40009, 62825, 62389, -25283, -66006, 23655, 45158, 597, -29723, -13398, 10830, 11710, 606, -18, -2134, -11523, -7190, 15234, 20397, -8930, -29788, -11963, 29784, 29149, -18425, -38281, -269, 33966, 17964, -19897, -26314, 2504, 25238, 12723, -15738, -16792, 5119, 13001, 2089, -4026, -4067, -4938, -327, 9478, 8034, -5541, -14239, -3553, 14915, 14995, -9101, -20422, 162, 21213, 2012, -16832, -10900, 7394, 13290, 3055, -10173, -9730, 3511, 10626, 3523, -6631, -6308, 241, 6613, 2532, -3456, -4728, -468, 3209, 4118, 876, -4878, -3495, 2203, 5163, 2063, -3649, -4246, -822, 4357, 2157, -3478, -4353, 503, 4769, 3334, -2571, -4919, -1063, 4683, 3283, -3156, -2997, -126, 382, 1739, 1790, -2801, -5372, 2248, 8103, -747, -8894, -697, 8149, 1679, -6206, -482, 3946, -773, -2055, 2043, 2801, -3289, -3589, 2979, 3886, -1572, -3944, 120, 3068, 1065, -2347, -2064, 1483, 2278, -1583, -2475, 1183, 1594, -1551, -2717, 1386, 3198, -607, -4239, -487, 4148, 1775, -3740, -2826, 2277, 2945, -746, -1414, -279, 146, 1299, 1686, -1297, -2389, 594, 2576, 827, -1456, -1762, 758, 2156, 1301, -1883, -1243, 3095, 2590, -2337, -2424, 2069, 1912, -2695, -442, 3549, -1017, -4801, 1097, 5519, -1245, -6297, 951, 5936, -657, -6361, 43, 4950, 251, -4293, -209, 2586, 641, -1179, -781, 782, 1042, 4, -1521, 283, 1898, -151, -1895, -227, 1133, 801, -193, -8, -1041, -976, 1454, 2052, -1818, -3568, 293, 4598, -59, -5654, -2280, 5358, 2747, -5256, -3136, 4008, 2761, -3167, -1862, 2538, 43, -1004, 4408, -1476, -6545, 2492, 9240, -5443, -13436, 8151, 17576, -9640, -20988, 9272, 22881, -7092, -21978, 2046, 19195, 4229, -12052, -9316, 4964, 12507, 2435, -13101, -7993, 11313, 10691, -8204, -10985, 5324, 9161, -2947, -5718, 2321, 3461, -3305, -2428, 4598, 2990, -4777, -4745, 3738, 6783, -666, -7147, -3217, 5921, 6440, -2883, -7654, -18, 8932, 3384, -7589, -5025, 5437, 5380, -2680, -4003, 207, 1720, 1000, 157, -811, -2230, -918, 2053, 1828, -1881, -2070, 898, 1951, 663, -708, -1615, -987, 1483, 2369, -1645, -3099
1791219588.970, MrmFullScanInfo, 384, 107, 2198365, 0, 0, 0, 0, 10000, 39297, 32, 2, 2, 1, 480, 0, 0, 0, 0, 0, 0, 165328, -231855, -311157, 473366, 368260, -496553, -398367, 270079, 451751, 63083, -480631, -340891, 398280, 506172, -197186, -587307, -28123, 596231, 177617, -498745, -222687, 283251, 189722, -2198, -118951, -261712, 59451, 447715, -61380, -531115, 133580, 523365, -231272, -470081, 294905, 423924, -290008, -414610, 214375, 432526, -82410, -435988, -83678, 377965, 251782, -237808, -381467, 36192, 435766, 175526, -396897, -343292, 276888, 433116, -115207, -437437, -35899, 368835, 133413, -252185, -159409, 119882, 122702, -4635, -49451, -69822, -28864, 94648, 84312, -75982, -98849, 31992, 68485, 12613, -3802, -35130, -74052, 23968, 140518, 17119, -175359, -71863, 168256, 119148, -121119, -141250, 47890, 129593, 29290, -86891, -87417, 25470, 111245, 36497, -98869, -80754, 61728, 95705, -19040, -80825, -10938, 46354, 18779, -8621, -6505, -17015, -15599, 23071, 34604, -12170, -40521, -6247, 30564, 21367, -9655, -25399, -13170, 16640, 29363, 269, -33864, -17434, 26662, 27797, -12630, -27847, -1136, 18698, 8975, -5276, -9025, -6335, 3601, 11941, 2493, -10758, -4993, 5257, 2426, 276, 3877, -2162, -11146, -849, 16521, 7859, -18324, -17293, 16888, 27982, -13758, -39604, 10013, 52539, -7811, -66382, 8758, 78730, -9067, -86745, 452, 88639, 21260, -82299, -50170, 65099, 75103, -36829, -86225, 2057, 81179, 29821, -64719, -48688, 42979, 50289, -20273, -38847, 1101, 22657, 9027, -8625, -8003, 1009, -666, -1383, 9557, 8569, -11578, -18732, 4091, 26415, 9737, -26655, -23227, 17759, 30265, -2650, -28017, -12602, 17881, 22162, -4531, -23313, -6412, 17288, 11079, -8141, -8912, 590, 2519, 2093, 3818, 636, -6204, -6525, 3041, 11842, 4321, -13742, -12493, 11444, 17781, -5761, -17948, -1553, 13077, 7994, -5247, -10942, -2516, 9374, 7502, -4453, -8471, -1219, 6045, 5059, -2073, -5680, -1384, 3349, 2946, 301, -2273, -3124, 100, 3645, 2160, -1860, -3197, -997, 2504, 3359, -516, -4050, -1806, 2763, 3432, -131, -3568, -2637, 2224, 4333, -328, -4232, -933, 2409, 861, 295, 609, -2737, -3042, 4108, 5657, -4167, -7533, 3287, 8024, -2186, -6996, 1495, 4979, -1479, -2959, 2048, 1779, -2827, -1626, 3267, 2112, -2954, -2699, 1898, 3012, -460, -2963, -883, 2697, 1741, -2383, -2025, 2129, 2016, -1947, -2138, 1775, 2624, -1454, -3332, 846, 3902, 54, -3958, -991, 3330, 1556, -2092, -1436, 544, 664, 874, 430, -1685, -1405, 1593, 1944, -679, -1900, -599, 1322, 1802, -415, -2702, -513, 3222, 1185, -3367, -1392, 3294, 953, -3270, 98, 3469, -1412, -3913, 2513, 4504, -3099, -5076, 3143, 5449, -2766, -5464, 2164, 5027, -1487, -4122, 803, 2934, -115, -1767, -538, 925, 1099, -530, -1512, 484, 1704, -506, -1591, 373, 1135, -145, -361, 97, -606, -459, 1501, 1295, -2022, -2525, 1987, 3919, -1395, -5144, 456, 5886, 504, -5934, -1153, 5314, 1288, -4188, -644, 2598, -921, -429, 3157, -2293, -5608, 5385, 8091, -8668, -10711, 11880, 13454, -14387, -15981, 15295, 17781, -13760, -18285, 9489, 17044, -3080, -13906, -4032, 9180, 10136, -3650, -13878, -1641, 14738, 5688, -13096, -7789, 9995, 7798, -6702, -6207, 4323, 3998, -3391, -2220, 3663, 1629, -4284, -2406, 4254, 4079, -2906, -5711, 274, 6380, 3008, -5601, -6072, 3537, 8143, -858, -8696, -1588, 7604, 3105, -5248, -3384, 2434, 2531, -120, -966, -996, -728, 864, 1995, 7, -2424, -914, 1908, 1339, -691, -1055, -725, 148
1791219588.970, MrmFullScanInfo, 384, 107, 2198365, 0, 0, 0, 0, 10000, 39297, 32, 4, 2, 1, 480, 0, 0, 0, 0, 0, 0, 71, 3, -265, 288, 221, -545, 159, 272, -675, 340, 692, -574, -187, 240, -180, 151, -165, 4, 1111, -723, -2043, 1472, 2246, -1609, -1277, 852, 39, 279, 328, -885, -30, 689, 78, -176, -652, -86, 1073, 151, -1127, -392, 1226, 940, -1493, -1409, 1403, 1469, -489, -1192, -720, 759, 1359, -55, -1067, -1064, 284, 2177, 380, -2532, -853, 1623, 1326, 176, -1714, -1896, 1454, 2767, -218, -2651, -1443, 1879, 2533, -782, -2408, -399, 1274, 1395, 84, -1787, -1047, 1381, 1426, -459, -1260, -444, 645, 1022, 157, -1148, -805, 852, 1129, -368, -1097, -78, 747, 405, -125, -598, -531, 606, 910, -456, -852, 195, 575, 107, -541, -164, 1084, -337, -2242, 1378, 4058, -2468, -6514, 3096, 9180, -2923, -11137, 1781, 11370, 158, -9246, -2476, 4525, 4772, 2787, -6589, -12432, 7183, 23567, -5433, -34530, 343, 43326, 8441, -48239, -20332, 49986, 32782, -50597, -42407, 49422, 48374, -42633, -52896, 27721, 56797, -6420, -56477, -17482, 46855, 39712, -25319, -57643, -4545, 69377, 34532, -70713, -58238, 56562, 74083, -27187, -81272, -8967, 76748, 40305, -59016, -57636, 31765, 58198, -3611, -45504, -16132, 26076, 22588, -6647, -17227, -6737, 5736, 9802, 5149, -2467, -9825, -10561, 5739, 21632, 5774, -23917, -20080, 15293, 30967, 426, -33193, -15963, 25341, 24773, -10903, -23896, -3653, 14994, 12505, -3056, -13373, -6236, 8124, 9089, -1102, -5132, -3331, -2508, 2592, 8855, 3219, -9850, -11192, 4444, 17043, 5203, -17938, -14988, 13746, 20763, -6090, -20302, -2677, 14234, 9719, -5361, -12365, -2800, 9915, 7486, -4141, -7751, -1875, 4629, 5474, -295, -5564, -3024, 2801, 3957, 929, -2376, -3421, -615, 3319, 3311, -856, -4363, -2427, 3461, 4748, -1310, -4975, -891, 3057, 2011, 62, -1426, -2965, -513, 4433, 2614, -3946, -3697, 1918, 3311, 499, -1623, -2092, -873, 2338, 3445, -1480, -5207, 211, 5624, 729, -4837, -865, 3605, 113, -2770, 1192, 2726, -2344, -3267, 2621, 3854, -1803, -3973, 313, 3411, 1148, -2336, -1969, 1152, 1920, -261, -1265, -52, 571, -245, -333, 894, 734, -1448, -1619, 1523, 2641, -987, -3366, 98, 3433, 628, -2645, -751, 1205, 198, 303, 751, -1182, -1669, 1022, 2179, 26, -2051, -1344, 1282, 2306, -124, -2579, -1012, 2081, 1798, -927, -2049, -508, 1648, 1707, -675, -2331, -430, 2303, 1170, -1727, -1328, 789, 1027, 294, -492, -1226, -76, 1717, 600, -1602, -1054, 1038, 1414, -352, -1661, -135, 1886, 295, -2188, -217, 2536, 158, -2781, -321, 2773, 655, -2405, -943, 1646, 1058, -658, -1019, -337, 864, 1170, -615, -1723, 285, 1976, 68, -2028, -294, 2024, 305, -1948, -152, 1849, -90, -1805, 361, 1807, -500, -1871, 375, 2183, -70, -2915, -273, 3971, 671, -5048, -1160, 5858, 1735, -6133, -2301, 5673, 2729, -4386, -2904, 2501, 2786, -578, -2365, -828, 1710, 1525, -1006, -1620, 446, 1327, -107, -902, 8, 569, -128, -384, 375, 258, -570, -109, 601, -103, -456, 436, 210, -846, 29, 1204, -189, -1356, 314, 1217, -488, -779, 711, 179, -892, 326, 984, -553, -1029, 503, 1086, -301, -1131, 86, 1103, 100, -983, -264, 814, 453, -617, -714, 426
1791219588.970, MrmDetectionListInfo, 384, 194, 123, 4951, 124, 5691, 125, 6299, 126, 6692, 127, 6786, 128, 6538, 129, 5992, 136, 7032, 137, 10255, 138, 13603, 139, 16195, 140, 17925, 141, 19275, 142, 21041, 143, 23985, 144, 28123, 145, 32566, 146, 36414, 147, 39544, 148, 42330, 149, 44896, 150, 46879, 151, 47812, 152, 47501, 153, 46039, 154, 43554, 155, 40072, 156, 35895, 157, 32457, 158, 31842, 159, 34414, 160, 37828, 161, 39217, 162, 37876, 163, 35819, 164, 36632, 165, 42903, 166, 53010, 167, 61524, 168, 64237, 169, 61532, 170, 56479, 171, 51484, 172, 47599, 173, 46063, 174, 48283, 175, 52968, 176, 55517, 177, 52279, 178, 43998, 179, 34398, 180, 27163, 181, 24080, 182, 23864, 183, 22990, 184, 19120, 185, 13467, 186, 9109, 187, 7437, 188, 7276, 189, 6957, 190, 6082, 191, 5698, 192, 6981, 193, 9652, 194, 12315, 195, 14198, 196, 15823, 197, 17950, 198, 20167, 199, 20999, 200, 19751, 201, 18081, 202, 18669, 203, 21650, 204, 23827, 205, 22343, 206, 17844, 207, 13299, 208, 10825, 209, 10278, 210, 10117, 211, 9275, 212, 8209, 213, 7754, 214, 7587, 215, 6631, 216, 4694, 219, 3225, 220, 4492, 221, 5875, 222, 7245, 223, 8515, 224, 9508, 225, 10165, 226, 10843, 227, 12067, 228, 13920, 229, 15703, 230, 16353, 231, 15391, 232, 13351, 233, 11269, 234, 9912, 235, 9411, 236, 9239, 237, 8724, 238, 7804, 239, 7050, 240, 6866, 241, 6865, 242, 6312, 243, 5106, 244, 3949, 245, 3482, 246, 3544, 247, 3564, 248, 3409, 249, 3294, 250, 3180, 251, 2822, 252, 2285, 253, 1974, 254, 2087, 255, 2387, 256, 2596, 257, 2656, 258, 2677, 259, 2843, 260, 3207, 261, 3561, 262, 3608, 263, 3277, 264, 2777, 265, 2350, 266, 2012, 267, 1623, 268, 1237, 269, 1212, 270, 1734, 271, 2518, 272, 3171, 273, 3531, 274, 3575, 275, 3283, 276, 2698, 277, 2000, 282, 2295, 283, 2723, 284, 3031, 285, 3102, 286, 2989, 287, 2888, 288, 2877, 289, 2808, 290, 2508, 291, 2017, 292, 1607, 293, 1559, 294, 1903, 295, 2404, 296, 2805, 297, 3019, 298, 3084, 299, 3026, 300, 2812, 322, 1941, 323, 1828, 324, 1772, 325, 1758, 326, 1640, 339, 1648, 340, 1592, 356, 1523, 357, 1279, 376, 1327, 377, 1374, 393, 1133, 398, 1157, 411, 1236, 412, 1358, 413, 1592, 414, 1935, 415, 2336, 416, 2735, 417, 3102, 418, 3435, 419, 3730, 420, 3966, 423, 4058, 424, 3840, 425, 3498, 426, 3049, 427, 2525
1791219589.095, MrmFullScanInfo, 385, 107, 2198490, 0, 0, 0, 0, 10000, 39297, 32, 1, 2, 1, 480, -339399, 512732, 403792, -501967, -478054, 466327, 517326, -326125, -520179, -51266, 519773, 442403, -463701, -516510, 168230, 518033, 144506, -519717, -338588, 511140, 363145, -435988, -290355, 109734, 237067, 183051, -6040, -240667, -178109, 432309, 132853, -456123, -345, 511935, -136786, -512350, 175794, 512614, -142333, -515671, 49103, 515836, 84942, -460944, -263843, 322135, 404951, -64933, -454223, -187469, 377269, 379426, -245211, -476463, 56298, 457996, 109855, -385288, -206127, 269699, 235731, -137509, -182117, 24148, 87829, 41120, 9617, -59591, -91702, 44276, 130641, -5193, -110942, -34003, 46558, 51356, 39246, -27739, -119680, -30736, 157134, 102011, -154762, -157471, 113826, 184059, -44092, -168132, -33202, 112344, 91975, -35857, -111609, -40345, 95312, 93742, -48565, -115976, -3746, 93441, 36820, -53148, -38619, 12179, 14944, 14715, 18770, -17965, -42806, 419, 50098, 20944, -39531, -33524, 12506, 33846, 14509, -20715, -30351, -3234, 33545, 24982, -25024, -35012, 6643, 34203, 9730, -22350, -15815, 5579, 11100, 8345, -1242, -11979, -8749, 8940, 12955, -2551, -7592, -2335, -1356, 4285, 9231, 638, -13164, -8575, 11941, 13084, -5124, -14069, -2315, 10452, 7550, -2704, -8513, -5629, 6552, 8735, -3633, -7363, 1281, 1755, -6386, 3047, 16892, -4512, -29759, 626, 39772, 7838, -43903, -18451, 38433, 30177, -21895, -39545, 21757, 40608, -5732, -46357, -10539, 45776, 23284, -38578, -29902, 27064, 31200, -15685, -27717, 6598, 21975, -1077, -18745, -527, 14234, 2475, -11171, -3570, 8777, 7573, -5870, -12200, 3101, 15551, 2668, -17132, -9493, 15795, 4972, -13897, -8350, 9408, 8284, -4616, -6373, 765, 2346, 1141, 315, -547, -1849, -1090, 1252, 942, 329, -682, -4184, -808, 6114, 3802, -6418, -7228, 5081, 9103, -1861, -7857, 93, 5565, 788, -2025, 662, -122, -338, 1603, 1217, -2228, -1742, 2280, 1669, -2101, -858, 1155, 253, -1373, 565, 965, -586, 28, -533, -685, 1504, 2553, -2732, -3456, 2998, 4874, -1601, -4976, 1314, 4476, -1859, -3004, 2744, 1593, -3090, -135, 4576, -179, -6253, -92, 7122, 769, -6594, -2433, 4234, 2949, -1972, -2804, -1118, 2587, 2186, -1679, -2601, 274, 2469, -234, -1792, 86, 1207, -1761, -996, 2723, 1119, -3373, -958, 3218, 2583, -2891, -3877, 2349, 4220, -1264, -3682, 506, 2632, 148, -1454, 85, 1299, -328, 1015, 1151, -1047, -2020, 643, 1598, -376, -1195, -51, -9, 963, -28, -694, -403, 521, -199, -1548, 2260, 1420, -1959, -1688, 2993, 1160, -3018, -627, 2988, -1249, -3186, 2083, 3478, -3710, -3305, 1809, 1427, -2907, -2273, 3573, 2119, -3582, -2247, 3079, 2043, -2383, -1326, 2134, 1513, -1298, -1274, 2541, -459, -2666, 197, 3573, 493, -3700, -889, 3744, 964, -4242, -1959, 2727, 2194, -3115, -3052, 1693, 4267, 648, -3977, -711, 4890, 1992, -4185, -2315, 4666, 2314, -4071, -1432, 3578, 563, -2193, 2239, 2054, -5521, -70, 8472, -2195, -12253, 3171, 16566, -3978, -19672, 3119, 20398, -249, -18682, -3976, 15211, 6245, -8940, -9666, 2368, 12268, 3789, -11291, -8357, 8632, 10120, -5516, -8725, 2583, 6746, -1742, -4975, 1705, 3428, -4065, -3024, 5623, 4718, -6246, -7360, 5202, 8925, -2019, -10085, -2221, 8838, 5325, -4138, -5626, 1968, 5756, 1301, -5041, -3177, 2508, 3097, -115, -1212, -1008, -1192, 1444, 2667, -1089, -2985, -309, 4003, 1524, -2957, -2704, 1547, 2996, -313, -2278, -580, 1019, 776, 82, -202, -1039
1791219589.095, MrmFullScanInfo, 385, 107, 2198490, 0, 0, 0, 0, 10000, 39297, 32, 2, 2, 1, 480, 0, 0, 0, 0, 0, 0, 165479, -231712, -311461, 472690, 368721, -495427, -399047, 269371, 452761, 62637, -481832, -339646, 399077, 505075, -197044, -586891, -29063, 596649, 178785, -500106, -223480, 285488, 189748, -4608, -118422, -259930, 59187, 446586, -61627, -530452, 133823, 523265, -231240, -470620, 294380, 424929, -288549, -416008, 212326, 434272, -81335, -437723, -82824, 379373, 249760, -238784, -379734, 36661, 435065, 175664, -396821, -344176, 276618, 434903, -114476, -439997, -36687, 371431, 134048, -253740, -160152, 119683, 123682, -2861, -50262, -72255, -28883, 96790, 85434, -77284, -100692, 32186, 70253, 13636, -4788, -37197, -74060, 26410, 141269, 15215, -176414, -71113, 169158, 119527, -121417, -142259, 47368, 130631, 30443, -87575, -88775, 25724, 112343, 36655, -99362, -81294, 61485, 96464, -18228, -81533, -11909, 46872, 19439, -8898, -6627, -16993, -15897, 23162, 35156, -12185, -41326, -6340, 31543, 21448, -10537, -25404, -12616, 16598, 29138, 304, -33763, -17391, 26461, 27644, -12286, -27581, -1420, 18292, 9003, -4751, -8829, -6853, 3373, 12328, 2623, -11007, -5031, 5402, 2582, 279, 3087, -2470, -8899, 231, 11925, 4604, -10666, -8934, 5745, 10124, 629, -7313, -6002, 1971, 8760, 2947, -8864, -4812, 8109, 2768, -9311, 2023, 14500, -6970, -23404, 9223, 33384, -6725, -40403, -1173, 41998, 13013, -38517, -25616, 31267, 36143, -20824, -43428, 8024, 46853, 4803, -45375, -15143, 38786, 21478, -28627, -23679, 17756, 22664, -8853, -19701, 3122, 15944, 86, -12301, -2451, 9444, 5391, -7408, -9235, 5420, 13293, -2974, -16439, 454, 17564, 1603, -16110, -3221, 12519, 4422, -7894, -4651, 3476, 3595, -290, -1666, -1169, -186, 1158, 953, -420, -46, -235, -2252, 138, 4934, 1125, -6807, -3302, 7151, 5453, -5953, -6465, 3906, 5764, -1897, -3626, 489, 954, 173, 1305, -202, -2655, -113, 3054, 388, -2722, -362, 2012, 37, -1214, 315, 470, -293, 226, -369, -907, 1581, 1619, -2858, -2387, 3652, 3150, -3772, -3665, 3531, 3562, -3319, -2646, 3308, 1141, -3568, 430, 4205, -1576, -5148, 1993, 5957, -1574, -6051, 464, 5098, 956, -3225, -2212, 1010, 2899, 877, -2821, -2021, 2149, 2381, -1399, -2111, 1116, 1465, -1497, -703, 2299, 152, -3056, -170, 3502, 903, -3611, -2026, 3408, 2932, -2851, -3180, 2001, 2778, -1109, -1937, 499, 846, -342, 288, 558, -1144, -899, 1445, 1076, -1147, -948, 432, 630, 347, -336, -892, 343, 1125, -808, -1106, 1645, 896, -2513, -531, 3099, -6, -3284, 792, 3114, -1835, -2736, 2891, 2226, -3550, -1653, 3689, 1187, -3602, -953, 3629, 914, -3693, -899, 3563, 843, -3129, -777, 2583, 656, -2232, -303, 2239, -280, -2536, 784, 2979, -919, -3470, 691, 3855, -221, -3994, -412, 3841, 1220, -3350, -2177, 2540, 3225, -1531, -4174, 567, 4837, 183, -5139, -621, 5080, 646, -4622, -166, 3730, -943, -2391, 2771, 520, -5194, 1910, 7965, -4659, -10924, 7214, 13881, -8912, -16351, 9026, 17732, -7133, -17538, 3467, 15502, 1303, -11704, -6299, 6729, 10427, -1490, -12590, -3043, 12309, 6069, -10038, -7236, 6929, 6793, -4332, -5353, 3206, 3668, -3674, -2539, 5095, 2589, -6410, -3913, 6622, 6001, -5193, -7845, 2397, 8429, 872, -7283, -3652, 4770, 5302, -1786, -5523, -698, 4370, 1945, -2298, -1737, 62, 487, 1582, 1115, -2145, -2513, 1601, 3376, -334, -3506, -1067, 2901, 2053, -1817, -2270, 659, 1716
1791219589.095, MrmFullScanInfo, 385, 107, 2198490, 0, 0, 0, 0, 10000, 39297, 32, 4, 2, 1, 480, 0, 0, 0, 0, 0, 0, 175, 143, -427, -526, 578, 831, -616, -527, 701, -322, -886, 978, 732, -963, 20, 467, -961, 406, 1598, -1622, -1603, 2782, 898, -2992, 84, 2061, -338, -976, -35, 300, 180, 163, 116, -606, -872, 1006, 1983, -1398, -2570, 1636, 1613, -1368, 204, 818, -1397, -348, 1478, -39, -956, 461, 620, -926, -708, 1382, 853, -1691, -649, 1549, 329, -840, -261, -201, 336, 1078, -253, -1367, -95, 1105, 535, -565, -812, -107, 780, 868, -442, -1539, -19, 1786, 379, -1424, -505, 624, 374, 181, 13, -609, -515, 590, 875, -335, -937, 84, 676, 150, -193, -388, -307, 513, 621, -444, -636, 313, 387, -189, -55, 72, -143, -41, 233, 104, -352, -133, 456, 55, -396, 63, 151, -138, 225, 122, -661, -15, 1239, -173, -2237, 514, 3921, -958, -6238, 1115, 8890, -411, -11536, -1490, 13864, 4697, -15500, -9214, 16927, 14469, -19122, -19403, 21779, 23843, -22814, -29236, 20437, 37059, -14849, -47034, 7191, 57446, 1643, -66112, -9489, 71339, 13663, -71814, -14425, 66797, 15444, -56482, -19344, 41688, 24215, -23794, -26336, 5086, 23565, 10902, -17030, -19773, 9623, 18237, -3315, -6744, -1157, -9878, 2662, 24975, 491, -33367, -8196, 32898, 17545, -24501, -24103, 11521, 24339, 1543, -17555, -10577, 6372, 13303, 4621, -10124, -11231, 3832, 11659, 1825, -7274, -3988, 1201, 1847, 3579, 3134, -5202, -8125, 3189, 10537, 1193, -9128, -5160, 4461, 6133, 1403, -3287, -5951, -2029, 7687, 7112, -6563, -9336, 3485, 7584, 124, -2633, -2510, -3406, 2356, 8220, 202, -10183, -3653, 9094, 6094, -5999, -6278, 2410, 4148, 367, -640, -1588, -2879, 1242, 5109, 2, -5325, -1154, 3780, 1438, -1375, -732, -872, -402, 2234, 1216, -2428, -1203, 1751, 286, -868, 1122, 473, -2360, -868, 2992, 1808, -2872, -2702, 2038, 3090, -804, -2860, -218, 2158, 511, -1371, -56, 1035, -762, -1455, 1380, 2505, -1262, -3769, 293, 4760, 1149, -5013, -2501, 4367, 3400, -3172, -3694, 2051, 3460, -1425, -2931, 1346, 2446, -1545, -2354, 1712, 2792, -1597, -3481, 1064, 3845, -144, -3461, -873, 2386, 1532, -969, -1485, -404, 719, 1393, 474, -1726, -1644, 1346, 2299, -460, -2158, -582, 1365, 1370, -338, -1634, -465, 1400, 810, -886, -726, 322, 496, 121, -424, -351, 694, 452, -1307, -605, 2117, 832, -2979, -939, 3717, 891, -4064, -949, 3886, 1326, -3264, -1823, 2424, 2165, -1549, -2259, 766, 2271, -275, -2408, 314, 2734, -826, -3107, 1341, 3348, -1432, -3381, 1145, 3136, -783, -2621, 604, 2002, -658, -1441, 893, 1066, -1132, -935, 1234, 1054, -1099, -1297, 668, 1504, -22, -1571, -634, 1357, 1252, -881, -1953, 481, 2714, -482, -3399, 885, 4058, -1489, -4874, 2076, 5879, -2378, -6903, 2201, 7511, -1534, -7115, 492, 5594, 721, -3464, -1730, 1362, 2180, 441, -1929, -1870, 1121, 2783, -167, -2991, -444, 2391, 492, -1133, -110, -342, -473, 1593, 1081, -2349, -1578, 2576, 1911, -2413, -1990, 2147, 1738, -2082, -1220, 2330, 708, -2722, -469, 2984, 628, -2938, -1160, 2560, 1859, -1924, -2335, 1220, 2330, -629, -1929, 197, 1423, 172, -1035, -597, 866, 1073, -910, -1488, 1056, 1763
1791219589.111, MrmDetectionListInfo, 385, 194, 142, 7449, 143, 8773, 144, 10228, 145, 11720, 146, 13267, 147, 14944, 148, 16772, 149, 18677, 150, 20536, 151, 22240, 152, 23723, 153, 24978, 154, 26035, 155, 26957, 156, 27804, 157, 28602, 158, 29355, 159, 30129, 160, 31160, 161, 32948, 162, 35925, 163, 39609, 164, 42566, 165, 43672, 166, 43062, 167, 41637, 168, 40024, 169, 38239, 170, 36093, 171, 33547, 172, 30645, 173, 27320, 174, 23401, 175, 19034, 176, 15305, 177, 13799, 178, 14778, 179, 16472, 180, 16695, 181, 14659, 182, 11062, 183, 7138, 184, 4254, 185, 3739, 186, 6092, 187, 10298, 188, 14403, 189, 17211, 190, 19167, 191, 21162, 192, 23030, 193, 23773, 194, 22793, 195, 20390, 196, 17271, 197, 14070, 198, 11507, 199, 10288, 200, 10177, 201, 10004, 202, 9166, 203, 8320, 204, 8244, 205, 8589, 206, 8297, 207, 7003, 208, 5410, 209, 4255, 210, 3449, 211, 2605, 213, 2509, 214, 4017, 215, 5708, 216, 6675, 217, 6684, 218, 6162, 219, 5720, 220, 5665, 221, 5715, 222, 5305, 223, 4289, 224, 3261, 225, 3056, 226, 3884, 227, 5192, 228, 6398, 229, 7254, 230, 7573, 231, 7127, 232, 5886, 233, 4145, 234, 2502, 235, 1700, 236, 2096, 237, 3265, 238, 4398, 239, 5031, 240, 5348, 241, 5846, 242, 6626, 243, 7182, 244, 6989, 245, 6048, 246, 4761, 247, 3467, 248, 2270, 252, 2178, 253, 2975, 254, 3127, 255, 2848, 256, 2646, 257, 2660, 258, 2547, 259, 2009, 260, 1213, 265, 1925, 266, 1929, 267, 1611, 268, 1152, 272, 1213, 273, 1609, 274, 1945, 275, 2225, 276, 2455, 277, 2600, 278, 2608, 279, 2457, 280, 2179, 283, 1311, 284, 1161, 290, 1388, 291, 1798, 292, 2076, 293, 2234, 294, 2330, 295, 2451, 296, 2702, 297, 3097, 298, 3497, 299, 3727, 300, 3723, 301, 3551, 302, 3306, 303, 3040, 305, 2490, 306, 2250, 307, 2074, 308, 1971, 309, 1933, 310, 1954, 311, 2027, 312, 2142, 313, 2274, 314, 2382, 315, 2423, 316, 2357, 330, 1617, 356, 2020, 357, 2219, 358, 2362, 359, 2450, 360, 2492, 361, 2500, 362, 2486, 363, 2453, 372, 1295, 373, 1340, 374, 1480, 375, 1694, 376, 1940, 377, 2169, 378, 2337, 387, 1258, 388, 1150, 393, 1078, 410, 2118, 411, 2401, 412, 2725, 413, 3084, 414, 3461, 415, 3834, 416, 4180, 417, 4470, 418, 4671, 419, 4744, 420, 4656, 421, 4381, 424, 2861, 446, 2009, 447, 2102, 448, 2152, 458, 1637, 459, 1691, 460, 1764
1791219589.220, MrmFullScanInfo, 386, 107, 2198615, 0, 0, 0, 0, 10000, 39297, 32, 1, 2, 1, 480, -335548, 512800, 407405, -503713, -477976, 467797, 517568, -330170, -520180, -54705, 519588, 442247, -463049, -515841, 162267, 517991, 142782, -519777, -334936, 511361, 365677, -438514, -285282, 101192, 229102, 181991, -8300, -242262, -174210, 434374, 138031, -455762, 3437, 512021, -143156, -512327, 174309, 513063, -140355, -515242, 51817, 515456, 88793, -458575, -264912, 320416, 405683, -58040, -454153, -187322, 376401, 377810, -243776, -475067, 52656, 455848, 106726, -384051, -203158, 266151, 230313, -137639, -178246, 25231, 86031, 36918, 9166, -56404, -90180, 42451, 128161, -3634, -108635, -33868, 44364, 47908, 39425, -24346, -117416, -34406, 155508, 102083, -152986, -157241, 112963, 182634, -43207, -167027, -31846, 111945, 89671, -35168, -110024, -39670, 93569, 93209, -48699, -114469, -1960, 92200, 35317, -53344, -37408, 13186, 14284, 15377, 18507, -17766, -43091, -231, 50722, 20395, -39289, -33031, 12574, 34052, 13636, -20355, -29346, -2731, 32756, 24174, -24086, -34536, 5596, 33651, 9992, -21971, -15597, 5223, 10719, 8018, -1154, -12055, -9527, 8752, 13375, -2423, -8304, -3247, -579, 4618, 8748, 961, -12747, -8213, 11747, 13258, -4822, -14576, -3066, 10457, 7755, -2265, -8586, -5609, 5883, 9117, -1336, -9201, -2558, 6081, 1489, -2358, 3154, 672, -7843, -2397, 9634, 7317, -8201, -11668, 2495, 13821, 6098, -13547, -9299, 9966, 14877, -3536, -18778, -2788, 18223, 6539, -13099, -7426, 6798, 5026, -161, 419, -6662, -6583, 11191, 12948, -12418, -17428, 11113, 20191, -6638, -18690, 1852, 15645, 3157, -10085, -5528, 4065, 3959, 2120, -1624, -3047, 2547, 5239, -1789, -5648, 1935, 3951, -4558, -1755, 7320, 690, -10924, -1473, 13027, 3429, -15944, 415, 13752, 3789, -9841, -6534, 3772, 6476, 727, -4926, -4722, 2502, 6390, -267, -7146, -1256, 9964, -4556, -10896, 4706, 12391, -3605, -13362, 1272, 13155, 1956, -10143, -5092, 5689, 6965, -32, -6757, -469, 7591, 4017, -6584, -4831, 4533, 4159, -2403, -1872, 2017, -1185, -1948, 2416, 1939, -4473, -2863, 4326, 2514, -4171, -2163, 3841, 1168, -3512, -438, 3159, 84, -3828, -181, 3913, 1149, -3110, -3353, -411, 2743, 1355, -3227, -2689, 2642, 2511, -1451, -1633, 1817, 167, -1996, 160, 2407, 64, -2747, -490, 1051, 2395, -1113, -3077, -92, 3816, 1642, -3430, -2561, 1890, 3184, -703, -2925, -1086, 1560, 892, -789, -1081, -192, 1367, -8, -587, 164, 1230, 145, -733, -399, 846, 1067, -833, -1707, -79, 3463, 617, -3476, -1561, 3895, 2277, -4060, -1678, 4247, 969, -4056, -64, 4334, -1025, -4387, 314, 4894, -1493, -4174, 1690, 4097, -1266, -2862, 984, 999, -1331, 410, 1371, -828, -1770, 502, 642, -1033, -1431, -713, 960, 1636, -1095, -2660, 961, 3334, -695, -3981, 589, 4748, -222, -4713, -1672, 6278, 1718, -6037, -2785, 5896, 3446, -5943, -3763, 4641, 2670, -4524, -2390, 3340, 102, -2317, 2400, 132, -4687, 1807, 6730, -4578, -9313, 7218, 12067, -9302, -14881, 9704, 15975, -6940, -16013, 3009, 12552, 2659, -8277, -7019, 3080, 10138, 1891, -11346, -6305, 10205, 8087, -7657, -7710, 5036, 5725, -3334, -3926, 2774, 1936, -3863, -1540, 4724, 2619, -4784, -4389, 4180, 6353, -1332, -6990, -1561, 6016, 5173, -3388, -6039, 324, 6810, 2660, -5561, -4121, 2848, 4140, -111, -2666, -1122, 183, 1293, 1945, -785, -2655, -162, 3617, 1177, -3399, -1876, 2696, 1595, -1606, -1146, 1001, 232, -588, 1200, 437, -1227
1791219589.220, MrmFullScanInfo, 386, 107, 2198615, 0, 0, 0, 0, 10000, 39297, 32, 2, 2, 1, 480, 0, 0, 0, 0, 0, 0, 165733, -232473, -311762, 474282, 368603, -496906, -398574, 269884, 451999, 63071, -480617, -340486, 397786, 505862, -196482, -587370, -28437, 596372, 176891, -498450, -220675, 282334, 187370, -1038, -117686, -262383, 59855, 447505, -62974, -530219, 135689, 522361, -233247, -469583, 295670, 424294, -288729, -415796, 211581, 434023, -79859, -436779, -84783, 377371, 251712, -236266, -381091, 34832, 435077, 176042, -395360, -343396, 274794, 433360, -113966, -437716, -35024, 368627, 130758, -251371, -156491, 119012, 120790, -4383, -48715, -69169, -28995, 93388, 84321, -74782, -98787, 31459, 68211, 12253, -3289, -34210, -74592, 23055, 140816, 17648, -175232, -71993, 167700, 119088, -120368, -141101, 47330, 129299, 29356, -86442, -87059, 25107, 110810, 36482, -98675, -80318, 61817, 95113, -19258, -80419, -10698, 46301, 18483, -8823, -6072, -16777, -16179, 22937, 35306, -12179, -41396, -6119, 31670, 21150, -10928, -25178, -11881, 16547, 28124, 160, -32629, -17139, 25454, 27361, -11659, -27292, -1576, 18028, 8779, -4556, -8372, -6967, 2794, 12345, 3283, -10888, -5767, 5204, 3351, 417, 2415, -2469, -8432, 110, 11628, 4817, -10423, -9194, 5487, 10321, 847, -7336, -5944, 1653, 8042, 4070, -7003, -7508, 4425, 7713, -2605, -5338, 2948, 2344, -5128, -961, 7554, 2391, -8304, -6176, 6315, 10609, -1884, -13558, -3930, 13525, 10048, -10495, -15159, 5817, 17555, -1219, -16065, -1908, 10834, 2779, -3137, -1258, -5178, -2138, 12202, 6538, -16393, -10900, 17024, 14209, -14278, -15665, 9187, 14877, -3434, -11853, -1209, 7178, 3829, -2051, -4684, -2160, 4608, 4577, -4370, -4985, 4521, 3633, -5436, -1271, 7193, -973, -9638, 2492, 12225, -3281, -13843, 3120, 13426, -1470, -10814, -1455, 6768, 4301, -2266, -5742, -1856, 5415, 5222, -4307, -7755, 4010, 9397, -5128, -10168, 6655, 10485, -7066, -10771, 5706, 10825, -2813, -9920, -828, 7736, 4315, -4734, -6897, 1723, 8156, 702, -7983, -2193, 6611, 2451, -4609, -1460, 2657, -400, -1246, 2487, 542, -4165, -395, 5067, 469, -5146, -425, 4645, 140, -3942, 291, 3418, -633, -3237, 574, 3123, 99, -2607, -1292, 1522, 2589, -171, -3454, -919, 3609, 1380, -3149, -1119, 2480, 404, -2006, 307, 1819, -545, -1762, 51, 1677, 1080, -1454, -2407, 969, 3384, -115, -3649, -979, 3110, 1973, -1989, -2478, 714, 2309, 362, -1629, -1041, 863, 1320, -342, -1275, 110, 1078, 29, -912, -278, 841, 797, -807, -1629, 696, 2644, -417, -3587, 17, 4277, 286, -4640, -223, 4661, -289, -4412, 1045, 4097, -1750, -3887, 2285, 3774, -2640, -3570, 2757, 3069, -2541, -2166, 2056, 952, -1504, 232, 1052, -1029, -771, 1253, 694, -887, -837, 52, 1181, 1018, -1581, -2047, 1888, 2917, -2009, -3619, 1867, 4270, -1415, -5007, 753, 5803, -53, -6447, -592, 6724, 1128, -6568, -1408, 6000, 1274, -5059, -575, 3710, -714, -1814, 2398, -663, -4120, 3603, 5698, -6770, -7209, 9855, 8766, -12269, -10308, 13191, 11531, -11879, -11983, 8159, 11303, -2658, -9384, -3364, 6410, 8511, -2791, -11723, -787, 12545, 3532, -11215, -4887, 8599, 4801, -5869, -3674, 4029, 2197, -3463, -1128, 3885, 1058, -4549, -2095, 4641, 3806, -3575, -5389, 1317, 6048, 1594, -5336, -4330, 3389, 6094, -850, -6348, -1438, 5055, 2778, -2797, -2797, 482, 1621, 1156, 197, -1793, -1985, 1516, 3259, -710, -3768, -134, 3488, 653, -2639, -655, 1582, 177
1791219589.236, MrmFullScanInfo, 386, 107, 2198615, 0, 0, 0, 0, 10000, 39297, 32, 4, 2, 1, 480, 0, 0, 0, 0, 0, 0, 311, -694, -449, 1354, 104, -1110, 211, 285, -438, 294, 815, -432, -962, 398, 534, -289, 301, -149, -1350, 1101, 2292, -2183, -2154, 2517, 855, -1715, 514, 532, -1372, 401, 1939, -888, -1956, 814, 962, -227, 560, -359, -1704, 432, 2047, 332, -1794, -1574, 1318, 2279, -744, -1773, -315, 527, 1606, 400, -2012, -910, 808, 1459, 1388, -2021, -3095, 1934, 3457, -772, -2642, -957, 1359, 2347, -147, -2773, -796, 2142, 1408, -715, -1564, -1002, 1230, 2263, -539, -2503, -230, 1755, 881, -588, -1223, -338, 1017, 837, -263, -1005, -673, 931, 1259, -554, -1188, -101, 567, 779, 203, -1085, -732, 877, 888, -405, -746, -10, 512, 226, -356, -206, 292, 15, -283, 184, 398, -274, -644, 239, 902, -89, -1080, -108, 1157, 261, -1064, -355, 737, 415, -232, -433, -295, 378, 743, -211, -1106, -153, 1489, 845, -1963, -1892, 2706, 3218, -3909, -4701, 5481, 6372, -6860, -8566, 7374, 11759, -6768, -16090, 5083, 21153, -2318, -26232, -793, 30696, 3225, -33860, -5431, 35070, 9688, -33944, -17702, 30246, 28363, -23744, -38546, 14338, 44811, -2429, -46031, -10055, 43556, 20236, -38692, -26652, 31528, 30138, -22361, -31669, 12789, 30862, -4206, -27259, -3063, 21415, 9781, -14716, -16825, 8369, 24019, -2490, -29788, -3760, 32118, 11039, -29801, -18720, 22959, 24919, -13065, -27459, 2885, 25279, 4762, -19081, -8602, 11019, 9248, -3715, -8130, -811, 6611, 1754, -6015, 207, 7263, -3186, -10528, 5545, 14981, -6476, -18797, 5364, 20034, -1664, -17838, -3963, 12760, 9199, -6169, -11744, -286, 10792, 5371, -7677, -8561, 4932, 9944, -4179, -10052, 4981, 9808, -5671, -9965, 4981, 10398, -2538, -10154, -1134, 8514, 4984, -5575, -7892, 1983, 9060, 1566, -8218, -4355, 5704, 5519, -2404, -4659, -585, 2294, 2354, 373, -2472, -2220, 1192, 2725, 665, -1910, -2153, 200, 2717, 1698, -2331, -2912, 1376, 2850, -463, -1712, 155, 353, -658, 415, 1730, -379, -2797, -111, 3329, 571, -3062, -673, 2149, 467, -992, -253, -35, 335, 747, -760, -1180, 1344, 1544, -1843, -2056, 2079, 2768, -1946, -3480, 1354, 3891, -460, -3781, -314, 3122, 661, -2113, -594, 1135, 375, -462, -232, 143, 307, -33, -607, -44, 1013, 192, -1367, -402, 1507, 628, -1280, -841, 693, 1039, 91, -1164, -831, 1141, 1361, -941, -1610, 762, 1530, -790, -1136, 960, 644, -1015, -374, 768, 434, -203, -630, -592, 683, 1382, -556, -1849, 409, 1729, -342, -978, 325, -160, -305, 1344, 378, -2275, -575, 2830, 843, -2970, -1132, 2788, 1365, -2463, -1398, 2106, 1163, -1754, -808, 1428, 501, -1160, -264, 933, 81, -736, 50, 543, -38, -278, -263, -23, 963, 272, -2009, -446, 3266, 669, -4508, -1003, 5404, 1428, -5705, -1800, 5360, 1948, -4400, -1872, 2924, 1731, -1197, -1564, -380, 1221, 1541, -646, -2197, 17, 2395, 444, -2254, -588, 1922, 392, -1525, 60, 1204, -581, -1064, 955, 1144, -999, -1383, 702, 1604, -257, -1614, -93, 1373, 254, -1005, -306, 661, 386, -423, -512, 340, 547, -329, -366, 245, 75, -44, 86, -188, 19, 410, -346, -647, 744, 917, -1019, -1185, 1061, 1370, -861
1791219589.236, MrmDetectionListInfo, 386, 168, 149, 4165, 150, 4950, 151, 5764, 152, 6580, 153, 7387, 154, 8183, 155, 8969, 156, 9755, 157, 10542, 158, 11318, 159, 12046, 160, 12700, 161, 13329, 162, 14077, 163, 15124, 164, 16548, 165, 18158, 166, 19583, 167, 20640, 168, 21533, 169, 22601, 170, 23979, 171, 25526, 172, 26984, 173, 28137, 174, 28802, 175, 28786, 176, 27897, 177, 26254, 178, 24821, 179, 25038, 180, 27233, 181, 29994, 182, 31607, 183, 31602, 184, 30655, 185, 29454, 186, 28058, 187, 26218, 188, 23888, 189, 21285, 190, 18659, 191, 16270, 192, 14458, 193, 13510, 194, 13429, 195, 13840, 196, 14232, 197, 14379, 198, 14439, 199, 14667, 200, 15260, 201, 16380, 202, 18038, 203, 19964, 204, 21667, 205, 22693, 206, 22865, 207, 22273, 208, 21051, 209, 19241, 210, 16958, 211, 14732, 212, 13328, 213, 12895, 214, 12648, 215, 11674, 216, 9794, 217, 7569, 218, 5689, 219, 4486, 220, 3910, 221, 3754, 222, 3761, 223, 3720, 224, 3794, 225, 4498, 226, 6064, 227, 8052, 228, 9811, 229, 11076, 230, 11945, 231, 12465, 232, 12438, 233, 11700, 234, 10547, 235, 9650, 236, 9385, 237, 9452, 238, 9232, 239, 8372, 240, 7085, 241, 6093, 242, 6099, 243, 6976, 244, 7771, 245, 7774, 246, 7239, 247, 6880, 248, 7006, 249, 7362, 250, 7609, 251, 7678, 252, 7681, 253, 7651, 254, 7470, 255, 7022, 256, 6355, 257, 5699, 258, 5349, 259, 5481, 260, 5913, 261, 6164, 262, 5922, 263, 5389, 264, 5042, 265, 5131, 266, 5477, 267, 5672, 268, 5393, 269, 4619, 270, 3595, 271, 2632, 272, 1944, 273, 1621, 274, 1585, 275, 1668, 276, 1793, 277, 1929, 278, 1960, 279, 1806, 283, 1595, 284, 1775, 285, 2084, 286, 2385, 287, 2448, 288, 2190, 289, 1733, 297, 1461, 313, 1444, 314, 1626, 315, 1857, 321, 2516, 322, 2360, 323, 2154, 324, 1969, 325, 1840, 326, 1734, 327, 1580, 387, 2049, 388, 2025, 389, 1971, 390, 1900, 391, 1804, 392, 1667, 393, 1495, 394, 1313, 411, 1318, 412, 1678, 413, 2031, 414, 2397, 415, 2771, 416, 3115, 417, 3393, 418, 3585, 419, 3686, 420, 3690, 424, 2662
1791219589.345, MrmFullScanInfo, 387, 107, 2198740, 0, 0, 0, 0, 10000, 39297, 32, 1, 2, 1, 480, -334064, 513439, 401021, -504654, -478112, 467159, 516597, -327289, -520192, -48309, 519761, 446722, -462295, -515724, 168943, 518677, 139706, -519781, -333332, 511990, 368073, -438550, -286958, 104581, 228095, 180306, -7861, -240109, -176501, 432856, 136491, -456854, 3935, 510599, -145107, -511749, 172103, 512996, -140632, -515017, 54772, 515282, 84761, -461107, -262543, 323967, 405083, -67468, -456095, -184888, 382340, 376510, -245611, -475564, 55106, 454193, 108584, -384300, -205687, 270066, 235527, -136741, -181070, 24592, 88024, 41236, 8632, -61340, -90764, 44798, 132201, -5451, -110490, -35344, 46813, 49943, 39356, -26434, -119374, -31356, 157989, 101893, -155535, -157545, 113913, 184540, -44611, -166356, -33469, 111909, 91255, -36253, -111947, -41146, 95642, 93769, -48076, -115131, -2664, 92752, 36585, -53062, -38838, 12077, 14303, 15576, 18368, -18185, -44059, -198, 49246, 20389, -39937, -33765, 12747, 33886, 13657, -20664, -28851, -2477, 32225, 23628, -23265, -34356, 5375, 32067, 9528, -22826, -15826, 5022, 10150, 9438, -1125, -12864, -9623, 8749, 14095, -2120, -8842, -3194, 531, 4256, 9157, -712, -12267, -8916, 11999, 13237, -5438, -13763, -3450, 10340, 8334, -2134, -8163, -5745, 7146, 10315, -278, -9595, -2870, 6160, 1053, -2777, 3641, 229, -7669, -1941, 9386, 6600, -9158, -10712, 3585, 14206, 4998, -11243, -7071, 7762, 11942, -620, -14036, -5101, 11099, 8503, -6459, -8894, 2029, 6126, -1045, -819, 625, -1611, -5128, 5518, 11591, -5074, -16216, 2765, 18649, 439, -17717, -3235, 15234, 4111, -10322, -4080, 5624, 4567, -1671, -292, 2243, 1838, -2843, -4056, 3453, 4767, -3666, -6098, 2605, 7185, 274, -7604, -3023, 7474, 1242, -7925, -4956, 7860, 6714, -6337, -6580, 3847, 4917, -2088, -2382, 1187, 355, -773, 590, 931, -2862, -329, 2685, 611, -2800, 74, 2370, 503, -2254, -747, 1322, 1233, -1386, -1101, 1168, 769, -1821, 622, 1697, -1480, -1936, 1521, 827, -1881, -969, 2039, 297, -2098, 853, 1067, -1691, -443, 3757, 635, -4222, 436, 4996, -1103, -5830, 792, 5971, 269, -4880, -516, 3108, 1389, -90, -1758, -1648, 942, 3302, -312, -2559, -4298, 1712, 3584, -1104, -617, 154, -1994, -746, 3140, 88, -3422, 111, 3601, 1911, -2306, 2981, 1399, -1756, -744, -357, -353, 1548, 472, -1051, -1215, 59, 1110, -986, -1026, 188, 1908, 2144, 2862, -1607, -1984, 1503, -83, -370, 826, 605, 311, 17, -1684, -380, 2032, 1287, -3716, -4533, 6819, 4436, -7275, -2217, 6232, 526, -5317, 452, 5545, -1018, -6167, 1073, 6095, -1857, -5906, -2210, 3033, 1981, -1910, -342, 1934, -982, -1131, 585, 737, -106, 351, 242, -503, -255, 229, 647, -3283, -815, 2871, 976, 172, -1249, -1867, 599, 2380, 13, -2300, -1156, 2878, 2523, -3671, -2407, 3545, 3783, -3449, -3269, 3562, 2683, -2624, -2691, 1932, -73, -755, 3693, -971, -6750, 3006, 9594, -5633, -12314, 7853, 15861, -9678, -19436, 8872, 19605, -7285, -20100, 1782, 15693, 3713, -9607, -9024, 2993, 12114, 2739, -12576, -7871, 11433, 10401, -8138, -9303, 4226, 7293, -3041, -5427, 2366, 3477, -2781, -2055, 3977, 2219, -4697, -4709, 4207, 6715, -1906, -7328, -1403, 8240, 5504, -4652, -7859, 2057, 9152, 973, -8501, -3457, 6076, 3969, -2625, -3618, 362, 559, 2702, 2329, -2371, -2461, 1333, 3336, -219, -2576, -921, 1878, 1305, -299, -359, -312, -117, -111, 920, -287, -1535
1791219589.345, MrmFullScanInfo, 387, 107, 2198740, 0, 0, 0, 0, 10000, 39297, 32, 2, 2, 1, 480, 0, 0, 0, 0, 0, 0, 164768, -232033, -310209, 473481, 367444, -496397, -398036, 269914, 452175, 62904, -482051, -340345, 400691, 505356, -199772, -586588, -26451, 596118, 176744, -499509, -221350, 284622, 187385, -3631, -116589, -260523, 58435, 446683, -62338, -529924, 136075, 521933, -233878, -468932, 295996, 423749, -289226, -415525, 213124, 434104, -82550, -437856, -81714, 380246, 249421, -240798, -380487, 39719, 436360, 172169, -397679, -341030, 276626, 432658, -114077, -438760, -36857, 370969, 133760, -253626, -159670, 119539, 123518, -2518, -50629, -72770, -28281, 97246, 85057, -77518, -100700, 32376, 70446, 13170, -4835, -36438, -74404, 25749, 141937, 15478, -177125, -70951, 169633, 119030, -121562, -141596, 47272, 130031, 30629, -87188, -88932, 25569, 112471, 36536, -99490, -80866, 61606, 95867, -18323, -80973, -11857, 46416, 19371, -8540, -6504, -17236, -16047, 23275, 35296, -12205, -41494, -6340, 31921, 21421, -11287, -25391, -11419, 16708, 27549, -38, -32034, -16839, 24989, 27020, -11449, -26953, -1529, 17572, 8637, -3874, -8294, -7677, 2731, 12805, 3562, -11096, -6323, 5268, 3989, 483, 1913, -2654, -8194, 352, 11653, 4532, -10535, -8851, 5455, 10031, 1101, -7142, -6305, 1422, 8334, 4459, -7135, -8023, 4479, 8158, -2735, -5494, 3106, 2123, -5183, -421, 7572, 1683, -8530, -5340, 6958, 9438, -2998, -11695, -2313, 10770, 7683, -6977, -11656, 1823, 12885, 2880, -11144, -5612, 7578, 5621, -4019, -3122, 2271, -879, -3343, 5033, 6931, -7975, -11509, 8741, 15276, -7306, -16915, 4521, 15928, -1443, -12680, -1008, 8367, 2306, -4558, -2588, 2433, 2533, -2241, -2742, 3250, 3343, -4228, -4296, 4159, 5566, -2979, -6948, 1350, 8108, 248, -8775, -1785, 8800, 3158, -8007, -3874, 6367, 3597, -4210, -2455, 2138, 859, -603, 773, -291, -2091, 721, 2833, -850, -2948, 735, 2645, -390, -2195, -100, 1819, 530, -1632, -621, 1619, 182, -1621, 677, 1447, -1567, -1036, 2125, 516, -2280, 16, 2126, -580, -1666, 1292, 922, -2177, -3, 3137, -956, -3996, 1843, 4633, -2443, -5004, 2526, 5014, -2016, -4436, 1021, 3142, 213, -1299, -1310, -602, 1656, 2049, -822, -2833, -695, 2962, 1618, -2442, -1055, 1347, -602, -3, 2309, -993, -3292, 1436, 3349, -1618, -2596, 1713, 1373, -1364, -260, 348, -317, 767, 454, -1340, -498, 1312, 695, -888, -809, 142, 481, 881, 162, -1770, -498, 1985, 244, -1425, 48, 563, 227, 66, -1137, -480, 2568, 995, -4484, -1456, 6491, 1268, -7653, -234, 7407, -1089, -6252, 2088, 5198, -2652, -4786, 2790, 4756, -2297, -4557, 1212, 3965, -176, -3070, -128, 2053, -181, -1041, 515, 181, -512, 370, 303, -744, -137, 1280, 56, -1899, -30, 1955, 185, -1017, -596, -473, 987, 1792, -904, -2701, 244, 3395, 700, -4001, -1527, 4442, 1995, -4568, -2065, 4283, 1746, -3539, -902, 2281, -692, -380, 2983, -2221, -5502, 5352, 7850, -8649, -10025, 11658, 12151, -13823, -14118, 14429, 15506, -12761, -15740, 8552, 14396, -2331, -11439, -4507, 7306, 10289, -2633, -13731, -1778, 14328, 5065, -12425, -6672, 9137, 6636, -5891, -5407, 3755, 3618, -3032, -2051, 3416, 1484, -4216, -2233, 4598, 3987, -3833, -5930, 1663, 7145, 1551, -7008, -4963, 5480, 7562, -3071, -8529, 494, 7612, 1493, -5149, -2251, 1915, 1695, 1082, -336, -2901, -1100, 3136, 2147, -2151, -2572, 758, 2299, 302, -1501, -658, 554, 348
1791219589.345, MrmFullScanInfo, 387, 107, 2198740, 0, 0, 0, 0, 10000, 39297, 32, 4, 2, 1, 480, 0, 0, 0, 0, 0, 0, -848, 151, 1402, -230, -1159, 30, 659, 164, -27, -37, -1068, -69, 2468, -299, -3050, 632, 2142, -322, -787, -532, 368, 1250, -932, -1405, 1444, 1057, -1178, -566, 72, 454, 1157, -798, -1430, 1012, 789, -698, -422, 216, 1040, 156, -1992, -872, 2371, 2214, -1711, -3621, 234, 4203, 1218, -3707, -1726, 2590, 1076, -1140, 166, -386, -1246, 1480, 1750, -1461, -1788, 238, 1669, 1434, -1376, -2608, 667, 2711, 403, -1865, -1334, 646, 1595, 466, -1044, -1239, -25, 1596, 1014, -1386, -1525, 765, 1439, -194, -803, -132, -124, 303, 953, -360, -1322, 240, 1158, 0, -588, -210, -102, 290, 604, -178, -771, -60, 571, 285, -221, -370, -9, 257, 105, -24, -206, -141, 400, 159, -603, -122, 812, 137, -1002, -252, 1058, 405, -887, -469, 495, 481, -43, -601, -228, 812, 280, -807, -316, 505, 556, -184, -853, 0, 961, 121, -849, -214, 650, 302, -552, -525, 752, 1075, -1248, -1996, 1780, 3414, -1939, -5414, 1662, 7771, -1149, -9947, 298, 11374, 1576, -11761, -5138, 11038, 9932, -9120, -14485, 5950, 17196, -1487, -17547, -3812, 16159, 8993, -13633, -13216, 9928, 16233, -5077, -17987, 8, 18088, 3838, -16203, -5299, 12681, 4012, -8550, -262, 4933, -5162, -2467, 11010, 1205, -15710, -824, 17984, 740, -17402, -373, 14575, -534, -10608, 1948, 6575, -3460, -3336, 4355, 1526, -4027, -1197, 2408, 1551, 56, -1424, -2793, 39, 5317, 2427, -7417, -5021, 9059, 6790, -10000, -7370, 9796, 6859, -8269, -5367, 5872, 3064, -3338, -305, 1274, -2597, 374, 5392, -2114, -7668, 4081, 9021, -5570, -9473, 5742, 9370, -4417, -8817, 2040, 7665, 610, -5965, -2745, 4116, 3844, -2515, -3878, 1318, 3219, -537, -2313, 260, 1464, -424, -846, 825, 605, -1165, -712, 1231, 998, -956, -1306, 466, 1559, 19, -1638, -341, 1425, 374, -945, 21, 388, -758, 15, 1529, -76, -1996, -483, 2051, 1770, -1885, -3210, 1690, 3738, -1438, -2832, 961, 1139, -245, 354, -473, -1115, 1244, 1091, -2342, -426, 3588, -492, -4129, 998, 3407, -720, -1937, 0, 534, 506, 475, -378, -1047, -53, 1044, 146, -387, 214, -520, -439, 1014, 105, -791, 377, 194, -533, 254, 353, -514, 166, 858, -1241, -1167, 2666, 1003, -3556, -347, 3329, -223, -2391, 342, 1622, -226, -1449, -1, 1590, 644, -1582, -1747, 1347, 2606, -1087, -2511, 936, 1672, -769, -837, 509, 510, -236, -632, -175, 956, 1064, -1386, -2271, 1846, 2991, -2066, -2710, 1868, 1868, -1435, -1264, 1152, 1209, -1168, -1445, 1331, 1634, -1386, -1631, 1213, 1507, -917, -1371, 659, 1301, -442, -1323, 112, 1468, 397, -1749, -911, 2079, 1232, -2321, -1350, 2393, 1381, -2349, -1429, 2277, 1490, -2117, -1459, 1668, 1259, -819, -905, -195, 524, 1041, -146, -1531, -228, 1634, 556, -1374, -789, 899, 937, -399, -975, -56, 800, 487, -389, -809, -89, 865, 438, -597, -504, 160, 228, 127, 349, 32, -1060, -661, 1662, 1501, -1938, -2192, 1726, 2508, -1067, -2256, 286, 1364, 323, -73, -692, -1081, 918, 1660, -1020, -1624, 983, 1251, -854, -839, 696, 522, -519, -287
1791219589.345, MrmDetectionListInfo, 387, 124, 163, 4275, 164, 4736, 165, 5138, 166, 5454, 167, 5748, 168, 6171, 169, 6830, 170, 7696, 171, 8638, 172, 9530, 173, 10287, 174, 10838, 175, 11085, 176, 10921, 177, 10361, 178, 9757, 179, 9673, 180, 10349, 181, 11419, 182, 12287, 183, 12640, 184, 12549, 185, 12209, 186, 11686, 187, 10932, 188, 10012, 189, 9339, 190, 9433, 191, 10169, 192, 10632, 193, 10039, 194, 8480, 195, 6573, 196, 4808, 197, 3566, 198, 3318, 199, 4192, 200, 5638, 201, 6928, 202, 7806, 203, 8460, 204, 9041, 205, 9420, 206, 9378, 207, 8869, 208, 8059, 209, 7169, 210, 6345, 211, 5633, 212, 5024, 213, 4481, 214, 3985, 215, 3539, 216, 3153, 225, 2572, 226, 3521, 227, 4650, 228, 5898, 229, 7029, 230, 7856, 231, 8370, 232, 8637, 233, 8667, 234, 8405, 235, 7821, 236, 6955, 237, 5884, 238, 4683, 239, 3408, 240, 2167, 244, 2549, 245, 3637, 246, 4678, 247, 5658, 248, 6521, 249, 7176, 250, 7562, 251, 7674, 252, 7535, 253, 7164, 254, 6577, 255, 5812, 256, 4962, 257, 4185, 258, 3677, 259, 3562, 260, 3720, 261, 3812, 262, 3600, 263, 3150, 264, 2676, 265, 2287, 266, 1939, 267, 1579, 268, 1235, 297, 1635, 298, 1961, 299, 2290, 301, 2673, 311, 1371, 312, 1555, 313, 1631, 314, 1755, 315, 1996, 316, 2279, 387, 1395, 388, 1210, 392, 1370, 393, 1464, 394, 1517, 395, 1516, 396, 1462, 397, 1368, 398, 1256, 411, 1762, 412, 1833, 413, 1875, 414, 1890, 415, 1885, 416, 1873, 417, 1866, 458, 1773, 459, 1968, 460, 2056
1791219589.470, MrmFullScanInfo, 388, 107, 2198865, 0, 0, 0, 0, 10000, 39297, 32, 1, 2, 1, 480, -337795, 513122, 402444, -503921, -475712, 464682, 518089, -328610, -520142, -50920, 519563, 446061, -463731, -515662, 171699, 519253, 146149, -519799, -331960, 511126, 362545, -433520, -286976, 97877, 228371, 181798, -7346, -241367, -177633, 434619, 131787, -457215, 983, 510492, -141113, -511393, 172770, 511939, -138846, -513901, 57204, 514544, 86296, -460149, -264389, 320510, 403994, -65600, -452922, -185796, 378122, 377276, -240715, -464578, 53984, 450442, 104964, -385000, -206742, 268946, 233271, -136590, -180756, 24902, 87475, 40771, 9323, -57819, -91599, 43070, 128153, -3726, -110599, -34249, 45587, 50252, 40103, -26159, -118873, -31042, 157115, 102205, -154584, -157568, 110516, 181709, -45032, -166143, -31991, 112236, 91122, -35747, -111061, -39673, 95416, 92719, -49067, -115129, -3206, 92503, 35163, -54251, -38438, 12137, 14041, 15440, 19438, -18229, -44220, 207, 49488, 21147, -39550, -33458, 12906, 34436, 12990, -21004, -29074, -2682, 32200, 23704, -23593, -34323, 4594, 31271, 8364, -21685, -15255, 4552, 11090, 8731, -719, -11716, -9301, 8821, 13859, -2092, -9163, -3876, 691, 3495, 7656, -1194, -12041, -8632, 11034, 13774, -4441, -13758, -3798, 10133, 8296, -2331, -8657, -5753, 7548, 10059, -120, -10082, -3182, 6404, 1487, -2101, 2247, 527, -7588, -2689, 9541, 7342, -8548, -11306, 3165, 15076, 5348, -11818, -7899, 7537, 11521, -737, -13239, -5773, 11183, 9115, -6040, -9693, 1010, 7363, -104, -2675, -2097, 1834, 244, 376, 1989, -476, -2653, -1553, 1157, 2507, 3626, -742, -7606, -4779, 11624, 13003, -13188, -21568, 22263, 22475, -18557, -25158, 12416, 23453, -5704, -17876, -2816, 9991, 7238, -1753, -9329, -4289, 8598, 5975, -9318, -1107, 9091, -1947, -10627, 5108, 15136, -6348, -18948, 4959, 21185, -454, -20693, -5815, 16502, 11006, -10268, -10502, 2983, 11285, 3705, -8062, -7010, 3600, 8020, -1406, -4801, -255, 2224, -1492, -1226, 3762, -260, -6830, -2617, 8264, 7998, -8248, -12186, 5994, 14146, -594, -14231, -3222, 13141, 6735, -9917, -6470, 10810, 6440, -8409, -5989, 6617, 5219, -5273, -4199, 4707, 3437, -3542, -2296, 1399, 1538, 95, -1518, -2115, -801, 2804, 1417, -2698, -2096, 1715, 1852, -702, 45, 354, -886, 215, 1647, -408, -2436, -616, 1810, -264, -1359, 331, 1003, -231, -1432, -1, 1140, -716, -1227, 1040, 921, -20, -176, 805, -559, -861, 940, 876, -1228, -1551, 1148, 2493, -1428, -2514, -522, 2449, 1312, -1846, -3015, 29, 4334, 520, -4981, -2169, 5370, 2791, -5744, -2094, 5677, 814, -5680, -160, 6814, -220, -6990, 759, 7448, 368, -6826, -352, 6336, 1219, -4773, -777, 3667, 516, -1519, -661, 323, -387, 70, 430, -55, -1509, -1072, 1761, 1226, -1731, -1527, 1317, 2430, -1005, -1935, 1024, 2149, -769, -1802, 401, 2289, -158, -3702, -48, 3462, 707, -4041, -1763, 4156, 1954, -4998, -1606, 1509, 1071, -2077, 2659, 729, -4337, 1900, 8193, -4889, -11678, 7403, 14740, -8766, -17104, 8592, 20691, -7027, -17243, 1733, 12581, 3666, -7000, -8016, 1593, 11226, 4326, -11939, -8494, 9894, 10638, -6852, -8549, 6018, 7606, -3424, -4791, 2996, 2285, -3410, -2289, 5354, 3765, -5457, -5779, 4589, 8212, -1054, -10143, -1102, 9080, 6968, -4746, -8681, 1207, 9959, 1284, -9471, -4054, 6232, 5032, -2774, -3842, 221, -814, 1932, 1279, -1431, -2425, 699, 3349, 831, -2854, -1795, 1701, 1554, -599, -812, -492, -486, -506, 175, -425, -2622
1791219589.470, MrmFullScanInfo, 388, 107, 2198865, 0, 0, 0, 0, 10000, 39297, 32, 2, 2, 1, 480, 0, 0, 0, 0, 0, 0, 164940, -231731, -310496, 472792, 367847, -495557, -398582, 269248, 452952, 63176, -482783, -340251, 400726, 505294, -199244, -586413, -26540, 594625, 176104, -495881, -221037, 279858, 188029, 393, -117823, -262822, 59672, 447460, -62900, -529914, 135405, 521870, -232144, -469050, 294242, 423714, -288223, -414975, 212678, 432956, -82050, -436236, -82388, 378336, 249510, -238733, -379104, 38236, 433299, 171848, -393729, -338516, 273120, 429103, -112176, -435795, -36897, 369224, 132582, -252907, -158137, 119679, 122171, -3536, -49709, -70946, -28585, 95065, 84675, -75671, -99817, 31317, 69436, 13484, -4078, -36334, -74559, 25431, 141283, 15799, -175740, -71022, 168014, 118740, -120445, -141045, 47094, 129482, 30056, -86938, -88122, 25805, 111819, 35913, -99217, -80244, 61792, 95568, -18922, -81010, -11004, 46574, 18509, -8577, -5826, -17353, -16422, 23397, 35378, -12170, -41475, -6555, 32011, 21685, -11523, -25558, -11206, 16726, 27477, -26, -32075, -16659, 25104, 26486, -11552, -26199, -1549, 17065, 8769, -3974, -8362, -7117, 2634, 12192, 3756, -10721, -6608, 5202, 4426, 316, 1309, -2378, -7456, 40, 10868, 4872, -9838, -9159, 4968, 10222, 1403, -7239, -6521, 1486, 8478, 4458, -7142, -8118, 4252, 8319, -2231, -5734, 2473, 2538, -4711, -1035, 7399, 2410, -8523, -6107, 6916, 10174, -2853, -12286, -2448, 11054, 7660, -6834, -11485, 1269, 12673, 3735, -10895, -6727, 7117, 7194, -3003, -5645, 90, 3186, 862, -907, -215, -388, -663, 395, 329, 251, 2005, -100, -6184, -2250, 11871, 6732, -18387, -11615, 23771, 15182, -25365, -16985, 21834, 17190, -14257, -15582, 5057, 11993, 3244, -6981, -9003, 2207, 11812, 339, -12148, 242, 11216, -3184, -10623, 6838, 11559, -9590, -13977, 10126, 16734, -7743, -18356, 2970, 17686, 2611, -14254, -7278, 8618, 9897, -2241, -10110, -3051, 8275, 5886, -5450, -5982, 2988, 4131, -1984, -1689, 2810, 124, -4992, -577, 7597, 3214, -9407, -7036, 9328, 10685, -6994, -13138, 3206, 14080, 540, -13740, -3025, 12496, 3952, -10648, -3830, 8551, 3292, -6661, -2655, 5127, 2016, -3707, -1499, 2117, 1178, -350, -922, -1328, 519, 2557, 70, -3019, -585, 2668, 709, -1725, -308, 563, -441, 409, 1216, -927, -1737, 1019, 1844, -884, -1600, 687, 1276, -533, -1073, 561, 977, -742, -824, 888, 511, -861, -26, 715, -543, -595, 1064, 658, -1461, -991, 1662, 1507, -1498, -1998, 799, 2249, 455, -2132, -2067, 1652, 3722, -920, -5095, 166, 6015, 271, -6415, -115, 6387, -558, -6193, 1443, 6128, -2191, -6255, 2554, 6423, -2418, -6406, 1894, 6012, -1242, -5124, 661, 3766, -232, -2181, -21, 774, 18, 82, 338, -280, -984, 15, 1668, 456, -2078, -965, 2128, 1419, -1942, -1705, 1665, 1808, -1357, -1933, 1080, 2295, -900, -2880, 752, 3511, -476, -4098, 93, 4461, 199, -4261, -115, 3345, -604, -1753, 2105, -522, -4241, 3575, 6650, -7142, -9012, 10552, 11253, -13014, -13260, 13804, 14474, -12226, -14162, 7988, 12167, -1763, -8965, -4873, 5085, 10239, -939, -13178, -2876, 13482, 5601, -11773, -6692, 9066, 6155, -6332, -4553, 4392, 2779, -3756, -1714, 4310, 1877, -5219, -3313, 5488, 5594, -4428, -7732, 1849, 8613, 1876, -7766, -5812, 5568, 8710, -2749, -9636, -14, 8406, 1964, -5568, -2484, 2123, 1667, 814, -190, -2364, -1297, 2334, 2439, -1263, -2945, -5, 2651, 794, -1744, -890, 679, 390
1791219589.470, MrmFullScanInfo, 388, 107, 2198865, 0, 0, 0, 0, 10000, 39297, 32, 4, 2, 1, 480, 0, 0, 0, 0, 0, 0, -188, 402, 304, -850, -71, 896, -282, -601, 771, 249, -1182, 67, 1068, -185, -730, 440, 768, -1621, -887, 3370, 324, -4163, 412, 3344, -720, -1799, 736, 540, -441, 151, -328, -324, 1281, 246, -1494, -315, 786, 679, 97, -1140, -428, 1283, 358, -959, -631, 504, 1490, 288, -2546, -1831, 3168, 3539, -2955, -3989, 1907, 2776, -605, -1087, -305, 54, 627, 284, -544, -423, 310, 693, -29, -977, -198, 1002, 308, -763, -319, 542, 288, -487, -132, 424, -249, -302, 746, 257, -990, -356, 745, 469, -204, -388, -171, 64, 233, 359, -140, -617, 16, 500, 135, -132, -327, -146, 510, 147, -601, 84, 561, -278, -350, 235, 92, 25, -27, -281, 203, 343, -417, -229, 471, 78, -402, -81, 310, 325, -171, -697, 44, 918, -16, -714, 53, 192, 9, 265, -180, -427, 371, 303, -580, -59, 769, -126, -871, 202, 880, -227, -804, 248, 676, -196, -524, 95, 426, -21, -353, -60, 189, 267, 127, -569, -573, 833, 1123, -1037, -1723, 1258, 2277, -1416, -2748, 1356, 3126, -932, -3352, 27, 3363, 1361, -3006, -3079, 2118, 4843, -745, -6254, -804, 6911, 2126, -6664, -2826, 5850, 2718, -5169, -1984, 5242, 1178, -6200, -1050, 7659, 2365, -8866, -5496, 8796, 10139, -6352, -15253, 843, 20140, 6828, -24602, -14140, 27751, 18994, -27885, -21129, 24048, 21122, -17098, -19025, 8866, 14981, -1242, -9911, -4305, 5513, 7240, -3497, -8138, 4595, 8485, -8036, -9767, 11967, 12534, -14370, -16170, 13830, 19361, -10003, -20829, 4048, 19739, 1946, -15867, -6267, 9952, 8281, -3596, -8165, -1395, 6492, 3917, -4273, -4060, 2717, 2787, -2784, -1271, 4723, 610, -7868, -1619, 11023, 4337, -12827, -7795, 12319, 10748, -9381, -12292, 4947, 12206, -532, -10851, -2639, 8763, 4271, -6348, -4851, 3957, 4874, -1960, -4457, 498, 3574, 531, -2330, -1214, 925, 1534, 473, -1524, -1540, 1292, 1882, -841, -1465, 239, 823, 287, -530, -512, 672, 389, -944, -182, 1073, 160, -1018, -327, 755, 584, -179, -1022, -597, 1765, 1263, -2413, -1577, 2484, 1504, -1947, -1101, 1111, 376, -252, 607, -410, -1563, 569, 2023, -49, -1716, -904, 888, 1749, 45, -2041, -814, 1842, 1224, -1481, -1076, 1088, 527, -574, -102, 14, 233, 366, -843, -411, 1558, 280, -2050, -174, 2319, 112, -2504, -22, 2621, -4, -2542, -234, 2164, 641, -1548, -904, 909, 781, -485, -275, 461, -396, -846, 982, 1383, -1238, -1593, 1065, 1177, -581, -293, 129, -670, -53, 1407, 454, -1804, -1150, 1872, 1790, -1654, -2030, 1127, 1818, -416, -1294, -157, 615, 491, 120, -740, -680, 957, 816, -907, -565, 544, 257, -120, -55, -147, -60, 286, -61, -291, 631, 63, -1410, 303, 1884, -529, -1893, 470, 1627, -163, -1268, -108, 895, 51, -498, 311, 54, -602, 328, 609, -417, -530, 108, 585, 410, -682, -952, 674, 1460, -536, -1771, 216, 1669, 380, -1231, -1169, 787, 1815, -472, -2061, 190, 1885, 41, -1408, -119, 823, 115, -339, -158, 129, 210, -162, -163, 274, 80, -312, -64, 212, 130, -71, -193, -42
1791219589.470, MrmDetectionListInfo, 388, 117, 189, 3837, 190, 4234, 191, 4547, 192, 4663, 193, 4554, 194, 4293, 195, 3986, 196, 3708, 197, 3500, 198, 3398, 199, 3450, 200, 3697, 201, 4153, 202, 4810, 203, 5637, 204, 6583, 205, 7568, 206, 8482, 207, 9196, 208, 9586, 209, 9713, 210, 10171, 211, 11861, 212, 14968, 213, 18530, 214, 21351, 215, 23002, 216, 23773, 217, 23967, 218, 23541, 219, 22329, 220, 20358, 221, 17854, 222, 15043, 223, 12048, 224, 9053, 225, 6581, 226, 5320, 227, 5337, 228, 5844, 229, 6043, 230, 5899, 231, 5938, 232, 6546, 233, 7656, 234, 9001, 235, 10426, 236, 11909, 237, 13385, 238, 14677, 239, 15568, 240, 15916, 241, 15676, 242, 14864, 243, 13567, 244, 12034, 245, 10659, 246, 9781, 247, 9441, 248, 9252, 249, 8617, 250, 7314, 251, 5763, 252, 4623, 253, 4212, 254, 4336, 255, 4509, 256, 4308, 257, 3685, 258, 2956, 259, 2470, 260, 2347, 261, 2529, 262, 2966, 263, 3682, 264, 4702, 265, 5964, 266, 7329, 267, 8635, 268, 9743, 269, 10537, 270, 10929, 271, 10871, 272, 10367, 273, 9483, 274, 8324, 275, 7069, 276, 6065, 277, 5694, 278, 5926, 279, 6212, 280, 6044, 281, 5428, 282, 4722, 283, 4164, 284, 3709, 285, 3216, 286, 2661, 287, 2157, 288, 1821, 289, 1649, 290, 1533, 291, 1373, 292, 1170, 297, 1594, 322, 2066, 323, 1996, 324, 1822, 325, 1556, 360, 1254, 392, 1361, 393, 1554, 394, 1718, 395, 1812, 396, 1802, 397, 1685, 398, 1479
1791219589.595, MrmFullScanInfo, 389, 107, 2198990, 0, 0, 0, 0, 10000, 39297, 32, 1, 2, 1, 480, -335268, 513575, 402450, -502245, -477465, 467162, 518326, -326694, -520145, -52677, 519858, 442086, -461187, -516110, 169747, 517796, 141073, -519655, -332682, 511284, 366534, -436543, -289236, 104126, 231145, 181393, -8949, -239947, -177382, 431040, 135385, -456974, 1894, 511299, -138509, -511184, 168348, 514278, -136823, -514653, 52269, 515501, 81193, -458731, -263833, 323712, 406077, -63911, -453631, -184928, 376076, 375533, -242576, -475952, 53818, 456639, 105131, -385667, -203219, 269025, 236378, -135972, -181794, 24055, 87770, 39337, 8570, -58107, -89943, 43856, 130326, -5690, -109787, -33703, 46476, 50041, 39722, -27379, -119108, -31217, 156454, 101923, -152829, -155780, 111468, 183007, -44169, -167449, -31208, 112597, 89937, -37676, -112366, -40101, 94798, 94027, -48176, -114513, -2965, 92217, 36117, -53675, -38299, 12509, 14453, 16112, 18674, -18739, -43454, 761, 50510, 19804, -40487, -32703, 13524, 33820, 13155, -20434, -29158, -2707, 32519, 24484, -24483, -34782, 5874, 34232, 9859, -22163, -16368, 4916, 11751, 8378, -1392, -12026, -9578, 8615, 13291, -2366, -8928, -3209, -1075, 4198, 8414, 1038, -12227, -9271, 11034, 14265, -5191, -14307, -2825, 10449, 8037, -2126, -8823, -5671, 6495, 9414, -1541, -9333, -2330, 7231, 1139, -3419, 3302, 1373, -7127, -3196, 9489, 7497, -7983, -11635, 3052, 13454, 4821, -12167, -7804, 7610, 11572, -857, -13465, -5527, 11058, 9472, -6096, -9722, 1636, 7653, 793, -3302, -1347, 846, -317, 258, 2902, 264, -4862, -2595, 3220, 6345, -1352, -8274, -3022, 8146, 6312, -6798, -9650, 5225, 11831, -4444, -13616, 1930, 16828, 1366, -21451, -5852, 24640, 13517, -28455, -23900, 28492, 33449, -22471, -41558, 26025, 40607, -10760, -41786, -6174, 36627, 20912, -27196, -30101, 14665, 34263, -3281, -30930, -5665, 23834, 10600, -19107, -4755, 14046, 4859, -11889, -3318, 11639, 3156, -11227, -5033, 11937, 8669, -8349, -10921, 3900, 11754, -348, -9215, -5085, 6238, 7904, -2750, -8145, -742, 6619, 3608, -3848, -2773, 2379, 1812, -2290, -439, 3367, -524, -5968, -721, 7568, 2926, -8064, -5864, 5952, 7353, -3279, -6870, -1023, 5545, 3943, -3031, -6323, -166, 5072, 2901, -3011, -3691, 852, 970, 1996, -1202, -2052, 43, 2350, 684, -1394, -923, 440, 272, -667, -236, 634, 11, 1611, -757, 38, 1264, 829, -1048, -2098, 1291, 2681, -908, -2974, 1526, 3231, -692, -2470, -121, 2789, 2570, -960, -1309, -381, 435, -41, 206, 491, -1345, -767, 1743, 1332, -2079, -1259, 2181, 1054, -948, -176, 3509, -830, -4368, 1184, 4583, -1212, -5339, 651, 4674, -875, -4282, 462, 3145, -2775, -931, 1937, 1030, -1448, -750, 1483, 653, -1170, -860, 1700, 1166, -1218, -1032, 946, 1886, -2914, -2901, 585, 2308, -248, -2215, 839, 2216, -312, -2921, -645, 4486, 886, -4265, -2163, 4246, 2688, -3997, -3318, 4051, 2895, -3229, -2930, 2584, 785, -1175, 2810, -1502, -5606, 2667, 8400, -5448, -11850, 7199, 15301, -8391, -17735, 7746, 18521, -5748, -17606, 701, 14635, 4551, -8513, -9836, 2892, 11882, 2520, -12174, -6464, 10518, 8567, -7799, -7318, 4840, 5758, -3924, -3414, 4191, 1525, -4995, -1998, 6529, 4445, -5994, -7095, 4186, 10289, -473, -9847, -4211, 9369, 8607, -5840, -9740, 2368, 10206, 1666, -8792, -4476, 5121, 4852, -1772, -3076, -1265, 206, 2940, 2215, -1796, -2743, 1156, 3541, 1111, -3116, -1918, 1559, 2110, 189, -1060, -1315, -478, 602, 1827, -825, -2492
1791219589.595, MrmFullScanInfo, 389, 107, 2198990, 0, 0, 0, 0, 10000, 39297, 32, 2, 2, 1, 480, 0, 0, 0, 0, 0, 0, 165042, -231784, -310866, 472828, 368371, -495535, -398911, 269343, 452576, 62767, -481755, -339669, 399914, 504680, -199099, -585977, -26730, 595324, 177078, -498525, -222469, 283898, 189207, -3626, -118217, -259855, 59070, 445883, -61536, -529686, 133660, 522744, -230137, -470716, 291833, 425899, -285912, -417094, 211449, 434307, -82221, -436581, -81634, 378130, 249130, -238705, -379154, 38039, 433580, 173638, -394596, -342617, 275160, 434040, -114932, -439166, -34902, 370210, 132481, -252559, -159631, 119368, 124022, -3751, -50936, -70680, -28205, 95428, 84800, -76731, -100015, 32457, 69543, 12905, -4253, -36413, -74105, 25890, 140519, 15327, -174878, -70861, 167443, 119078, -120509, -141815, 47746, 130360, 29217, -87555, -87505, 25950, 111547, 36148, -99115, -80489, 61639, 95594, -18603, -80881, -11467, 46394, 19074, -8363, -6421, -17686, -16021, 23992, 35374, -13106, -41775, -5426, 32293, 20690, -11560, -24917, -11453, 16412, 28008, 270, -32814, -17290, 25772, 27541, -11799, -27448, -1844, 18141, 9374, -4662, -8970, -6851, 3097, 12268, 3314, -10928, -5953, 5382, 3522, 108, 2264, -1965, -8273, -594, 11572, 5508, -10537, -9570, 5625, 10325, 909, -7168, -6270, 1510, 8512, 4184, -7473, -7773, 4864, 8270, -3023, -6144, 3269, 3216, -5258, -1711, 7539, 2850, -8348, -6162, 6641, 9893, -2657, -11919, -2518, 10863, 7640, -6852, -11422, 1365, 12651, 3702, -10958, -6829, 7250, 7372, -3198, -5738, 402, 3093, 284, -751, 842, -235, -2580, -660, 3599, 3141, -3099, -6112, 982, 8385, 2314, -9409, -6011, 9302, 9499, -8333, -12786, 6647, 16389, -4154, -20739, 441, 25739, 5066, -30489, -12548, 34107, 20950, -35606, -28311, 33153, 33354, -24824, -36110, 11008, 36583, 4893, -33863, -18759, 27366, 27654, -17885, -30682, 7958, 28800, -584, -23929, -2752, 18210, 2876, -13513, -1741, 10961, 999, -10392, -1606, 10594, 3662, -10131, -6402, 8104, 8619, -4447, -9392, -128, 8503, 4346, -6229, -6950, 3189, 7475, -317, -6378, -1459, 4681, 1741, -3465, -873, 3413, -278, -4551, 753, 6253, 2, -7534, -1792, 7510, 3861, -5773, -5365, 2609, 5768, 1044, -4875, -3956, 2864, 5255, -466, -4705, -1378, 2753, 2200, -310, -2133, -1604, 1526, 2415, -686, -2223, -41, 1544, 418, -768, -489, 71, 561, 411, -810, -632, 1154, 818, -1454, -1243, 1725, 1845, -1968, -2333, 2038, 2547, -1629, -2512, 675, 2257, 400, -1738, -1015, 1039, 882, -430, -132, 123, -888, -98, 1821, 214, -2352, -286, 2476, 131, -2530, 405, 2844, -1284, -3397, 2174, 3920, -2697, -4221, 2739, 4193, -2549, -3671, 2438, 2605, -2379, -1294, 2165, 296, -1768, 77, 1458, 38, -1398, -328, 1503, 609, -1691, -910, 1936, 1280, -2090, -1650, 1974, 1927, -1620, -2107, 1230, 2386, -874, -2951, 538, 3729, -160, -4413, -353, 4812, 969, -4915, -1486, 4726, 1663, -4157, -1189, 2980, -136, -985, 2176, -1767, -4514, 4927, 6884, -8072, -9243, 10811, 11517, -12637, -13422, 12907, 14594, -11024, -14668, 6821, 13395, -901, -10768, -5362, 7109, 10397, -2965, -13119, -921, 13290, 3758, -11434, -5024, 8646, 4700, -6134, -3292, 4742, 1738, -4644, -1061, 5399, 1898, -6122, -4093, 5848, 6834, -3937, -9071, 513, 9969, 3518, -9107, -6993, 6574, 9029, -3061, -9192, -334, 7496, 2552, -4429, -3040, 951, 2043, 1832, -296, -3101, -1461, 2747, 2732, -1354, -3181, -209, 2653, 1213, -1399, -1309, -4, 560
1791219589.595, MrmFullScanInfo, 389, 107, 2198990, 0, 0, 0, 0, 10000, 39297, 32, 4, 2, 1, 480, 0, 0, 0, 0, 0, 0, 75, 112, -328, -318, 569, 409, -493, -168, -46, -315, 592, 634, -506, -688, 27, 584, -26, 76, 703, -1297, -1374, 2364, 1436, -2668, -777, 2233, -249, -1348, 1203, 261, -1974, 806, 2638, -1647, -3076, 2116, 2663, -1870, -1252, 900, -239, 196, 792, -681, -573, 400, 563, -301, -815, 1275, 481, -2858, 821, 3444, -2006, -2288, 1796, 522, -272, 410, -1197, -201, 1585, -435, -1050, 636, 331, -122, 45, -593, -35, 808, -73, -360, -26, -260, 411, 601, -913, -560, 1226, 237, -1025, 216, 264, -598, 575, 731, -940, -591, 754, 286, -366, -8, 130, -50, -99, -17, 173, 59, -237, -104, 309, 228, -366, -425, 264, 677, 28, -923, -301, 1021, 343, -861, -167, 553, -114, -289, 444, 281, -695, -528, 668, 807, -266, -912, -297, 827, 644, -659, -627, 419, 418, -122, -335, -77, 485, 160, -665, -267, 663, 504, -497, -735, 393, 744, -430, -499, 459, 151, -347, 52, 128, 27, 121, -234, -346, 256, 527, 60, -602, -520, 559, 822, -363, -867, 72, 660, 156, -277, -226, -103, 142, 317, 38, -352, -265, 391, 482, -524, -573, 719, 529, -917, -376, 1092, 123, -1288, 185, 1659, -449, -2370, 532, 3480, -431, -4940, 247, 6749, -146, -8896, 258, 11353, -883, -13864, 2128, 15784, -2926, -16450, 1242, 15621, 4399, -13147, -13612, 8425, 24517, -712, -34402, -9932, 41368, 21461, -44321, -30618, 41752, 35530, -32361, -36692, 17516, 35028, -1556, -30449, -11225, 23128, 18536, -14422, -20448, 6788, 18732, -2464, -15688, 1910, 13206, -3471, -12332, 4811, 13076, -4418, -14347, 1976, 14630, 1793, -12893, -5456, 9106, 7568, -4207, -7415, -285, 5214, 2948, -1883, -3127, -1261, 1206, 2976, 1718, -2758, -4402, 1087, 5848, 983, -5531, -2409, 3551, 2541, -731, -1253, -1641, -986, 2588, 3320, -1893, -4829, 84, 4987, 1906, -3799, -3129, 1797, 3123, 83, -1950, -1178, 125, 1604, 1569, -1879, -2386, 2173, 2140, -2290, -1313, 2164, 497, -1860, 139, 1396, -613, -712, 803, -76, -708, 761, 723, -1292, -1175, 1816, 1897, -2391, -2531, 2770, 2966, -2498, -3302, 1538, 3511, -458, -3346, -192, 2758, 416, -2033, -553, 1463, 857, -1014, -1446, 510, 2409, 48, -3507, -440, 4079, 567, -3675, -593, 2636, 577, -1725, -411, 1356, 142, -1464, -144, 1897, 662, -2497, -1326, 2918, 1601, -2674, -1423, 1675, 1212, -377, -1178, -614, 1140, 1090, -975, -1308, 800, 1474, -675, -1452, 452, 1089, -74, -580, -251, 337, 352, -479, -257, 753, 175, -839, -286, 700, 544, -427, -782, 165, 892, -32, -791, -82, 505, 362, -221, -720, 93, 816, -29, -514, -107, -2, 243, 546, -199, -1022, 105, 1327, -249, -1352, 646, 1122, -1018, -748, 1225, 316, -1332, 80, 1417, -352, -1474, 479, 1482, -393, -1462, 19, 1429, 577, -1233, -1133, 696, 1400, 221, -1271, -1225, 711, 1901, 227, -2113, -1226, 2053, 1768, -1811, -1583, 1250, 925, -405, -216, -329, -336, 648, 736, -594, -945, 372, 904, -100, -632, -153, 255, 298, 120, -264, -419, 24, 581, 362, -511, -735, 204
1791219589.595, MrmDetectionListInfo, 389, 105, 204, 2771, 205, 3173, 206, 3629, 207, 4150, 208, 4745, 209, 5423, 210, 6190, 211, 7036, 212, 7918, 213, 8737, 214, 9347, 215, 9578, 216, 9362, 217, 8961, 218, 8927, 219, 9669, 220, 11107, 221, 12768, 222, 14145, 223, 15172, 224, 16659, 225, 19810, 226, 24743, 227, 30016, 228, 34012, 229, 36277, 230, 37270, 231, 37309, 232, 36190, 233, 33657, 234, 29878, 235, 25360, 236, 20805, 237, 17418, 238, 16548, 239, 18000, 240, 19582, 241, 19257, 242, 17051, 243, 14415, 244, 12398, 245, 10955, 246, 9673, 247, 8532, 248, 7839, 249, 7745, 250, 8055, 251, 8457, 252, 8776, 253, 8969, 254, 8991, 255, 8769, 256, 8355, 257, 7975, 258, 7861, 259, 8017, 260, 8149, 261, 7847, 262, 6942, 263, 5628, 264, 4283, 265, 3288, 266, 2873, 267, 2851, 268, 2726, 269, 2253, 270, 1711, 271, 1562, 272, 1948, 273, 2574, 274, 3060, 275, 3265, 276, 3295, 277, 3323, 278, 3427, 279, 3523, 280, 3426, 281, 2968, 282, 2169, 283, 1338, 285, 1148, 286, 1785, 287, 2474, 288, 2952, 289, 3097, 290, 2940, 291, 2719, 292, 2743, 293, 3035, 294, 3244, 295, 3035, 296, 2439, 297, 1751, 306, 2334, 307, 2141, 308, 1916, 309, 1700, 324, 1740, 325, 2077, 326, 2409, 327, 2663, 328, 2808, 329, 2847, 330, 2790, 331, 2643
1791219589.720, MrmFullScanInfo, 390, 107, 2199115, 0, 0, 0, 0, 10000, 39297, 32, 1, 2, 1, 480, -337112, 512820, 400900, -503869, -476749, 464653, 517807, -327430, -520166, -53939, 519552, 447259, -460721, -516102, 168168, 517229, 141258, -519683, -331133, 511440, 367674, -436808, -287251, 105805, 226458, 180287, -8893, -240728, -178714, 431947, 136212, -455442, -1504, 511511, -142256, -511677, 171370, 513304, -141882, -516785, 53046, 514501, 87369, -461255, -267012, 320170, 405860, -65106, -455392, -187042, 381104, 378192, -246840, -478050, 56404, 458687, 108638, -386898, -210668, 267890, 237148, -137385, -182796, 23513, 90418, 44702, 8143, -64389, -93024, 46169, 132211, -4777, -112906, -36110, 46841, 50594, 38403, -27113, -119716, -31323, 158323, 101043, -157170, -157620, 114189, 185300, -44165, -168367, -32289, 113254, 92232, -35217, -112023, -40378, 95183, 93910, -47970, -115439, -2580, 93495, 37198, -52948, -39013, 11666, 14668, 15686, 18775, -18669, -44036, 598, 53375, 20549, -39715, -32713, 12581, 34240, 14713, -20241, -29309, -3309, 33643, 24595, -24777, -35380, 6463, 34602, 10770, -20517, -16855, 5218, 11692, 7906, -2117, -12354, -9076, 8351, 12946, -2299, -8521, -2900, -651, 4289, 6454, 2961, -12337, -8944, 11592, 13341, -4998, -14646, -2317, 11442, 7738, -2976, -8199, -5620, 5664, 9696, -4151, -9389, -1996, 6696, 1808, -3705, 3523, 2058, -6771, -4909, 8587, 8532, -7436, -12091, 1983, 13888, 4192, -14282, -8428, 7546, 12224, -166, -13323, -5924, 11106, 9979, -5474, -9873, 1520, 7802, 724, -3807, -961, -1620, 309, -81, 2788, 1023, -4420, -3438, 3397, 6217, -364, -7954, -2496, 8165, 5806, -5774, -8604, 3847, 9577, -1992, -8831, 611, 9549, -54, -13472, -167, 18122, 1838, -25709, -3380, 34181, 7105, -38763, -12238, 43089, 10645, -42139, -17534, 36108, 24513, -25301, -28902, 13179, 29193, -2618, -25757, -7123, 18897, 12510, -11447, -11445, 7649, 11124, -4313, -9369, 3416, 6944, -4538, -6169, 6698, 7472, -8442, -9422, 8420, 11643, -6210, -11380, 5204, 9834, -2615, -7017, 673, 3209, 254, 42, 1308, -2025, -3357, 2273, 4539, -1124, -4475, 2201, 3904, -1005, -1482, 850, -781, -1556, 1573, 2609, -1915, -2884, 1855, 2403, -294, -994, -942, -1050, 1302, 2324, 98, -3213, -766, 2744, 1423, -1018, -1481, 49, 764, 352, 859, 57, -1685, -571, 1996, 1405, -1813, -2469, 841, 2851, 124, -2518, -783, 1128, 1664, -284, -1450, -459, 1347, 369, -1318, -258, 2233, 399, -3120, -228, 3845, 1353, -3344, -2072, 2772, 2892, -1592, -2073, -491, 1341, 2102, -737, -3599, 108, 4774, 985, -5536, -1332, 5590, 1229, -6030, -297, 6033, -815, -5996, 777, 5789, -607, -5473, 791, 4783, -1066, -3717, 519, 2051, -112, -343, 552, -322, -1035, 809, 1122, 217, -955, -1143, 1311, 2039, -1430, -2656, 952, 3253, -424, -3143, 562, 2998, -50, -3028, -132, 3473, 1231, -4199, -1307, 3998, 2346, -3998, -2182, 3707, 2486, -3223, -1620, 2282, -313, -1418, 3271, -1260, -5851, 3022, 8994, -4775, -11542, 6563, 14717, -7192, -16914, 7338, 17269, -4711, -15418, 393, 12168, 4177, -6750, -8467, 2392, 10323, 3098, -11117, -6607, 9737, 8446, -7680, -8776, 4974, 7093, -3773, -4334, 3489, 2775, -3728, -2663, 5156, 3683, -5217, -6554, 3444, 8659, -589, -9562, -3701, 9226, 7131, -5072, -7706, 1699, 8689, 1312, -7924, -4184, 5131, 4937, -2143, -3674, -859, 2447, 2391, -146, -1917, -1519, 1383, 2477, -593, -2648, -514, 1580, 817, -658, -855, -159, -165, 447, 1348, -995, -1829
1791219589.720, MrmFullScanInfo, 390, 107, 2199115, 0, 0, 0, 0, 10000, 39297, 32, 2, 2, 1, 480, 0, 0, 0, 0, 0, 0, 164818, -231587, -310398, 472282, 367959, -494466, -398810, 267647, 452795, 64800, -482027, -341303, 399983, 505426, -198957, -586021, -26826, 595193, 176597, -498606, -220940, 284072, 186830, -3466, -115921, -260412, 57417, 446464, -60487, -529994, 133404, 522653, -231280, -470165, 294486, 424920, -288733, -416241, 212508, 434279, -80818, -437492, -84383, 379280, 251939, -239166, -382024, 37545, 437119, 174728, -398417, -343825, 277489, 435324, -114324, -440824, -37926, 372205, 136009, -254013, -162344, 118963, 125856, -874, -52119, -75049, -27880, 99273, 85655, -78614, -101958, 32490, 71874, 13632, -5909, -37083, -74022, 26410, 142289, 14875, -177876, -70664, 170415, 119416, -122242, -142571, 47830, 131065, 30289, -87838, -88847, 25771, 112509, 36673, -99533, -81237, 61599, 96286, -18210, -81237, -12076, 46423, 19607, -8286, -6440, -17747, -16725, 24081, 36422, -13197, -42396, -5509, 32050, 21027, -10680, -25341, -12508, 16664, 28942, 305, -33492, -17459, 26045, 27602, -11592, -27373, -2398, 18107, 9995, -4791, -9487, -6619, 3498, 12041, 3028, -10790, -5917, 5516, 3854, -466, 1772, -1151, -7993, -1137, 11609, 5564, -10731, -9493, 5936, 10483, 376, -7490, -5701, 1732, 8384, 4055, -7958, -7539, 5547, 7987, -3391, -6189, 3252, 3896, -5065, -2935, 7301, 4214, -8111, -7371, 6462, 10919, -2574, -12729, -2565, 11290, 7781, -6791, -11643, 955, 12818, 4223, -10986, -7302, 7205, 7590, -3145, -5500, 236, 2540, 663, -402, 420, -27, -2346, -1202, 3559, 3583, -3143, -6179, 1108, 7959, 1948, -8353, -5113, 7488, 7551, -5918, -9163, 4359, 10761, -3434, -13467, 3414, 18065, -4050, -24491, 4641, 31839, -4661, -38579, 3854, 42970, -1608, -43619, -3043, 40098, 10151, -33066, -17879, 23723, 23596, -13368, -25433, 3495, 23270, 4293, -18480, -8903, 13028, 10311, -8571, -9383, 6054, 7370, -5679, -5557, 6956, 4866, -8828, -5466, 10161, 6765, -10225, -7781, 8865, 7703, -6390, -6293, 3545, 3867, -1352, -1057, 554, -1389, -1115, 2990, 2297, -3640, -3127, 3486, 2932, -2750, -1687, 1821, -54, -1202, 1613, 1109, -2498, -1292, 2460, 1294, -1520, -814, 142, -137, 951, 1312, -1275, -2263, 854, 2560, -64, -2088, -580, 1179, 641, -305, -21, -193, -952, 163, 1786, 385, -2122, -1244, 1884, 2007, -1176, -2270, 212, 1927, 744, -1218, -1434, 527, 1788, -109, -1998, 42, 2331, -193, -2834, 292, 3310, -48, -3504, -557, 3209, 1229, -2271, -1659, 707, 1788, 1212, -1700, -3078, 1459, 4580, -1129, -5576, 889, 6076, -980, -6154, 1463, 5914, -2087, -5503, 2512, 5081, -2620, -4659, 2501, 4081, -2180, -3171, 1642, 1969, -1012, -708, 548, -271, -398, 674, 558, -398, -965, -366, 1495, 1274, -1907, -2059, 2024, 2604, -1850, -2881, 1515, 2986, -1090, -3134, 631, 3480, -182, -3955, -220, 4352, 574, -4496, -832, 4310, 822, -3726, -265, 2586, -1007, -695, 2868, -1903, -4982, 4867, 7122, -7720, -9245, 10105, 11268, -11643, -12860, 11764, 13580, -9878, -13133, 5879, 11524, -468, -8930, -5078, 5602, 9496, -1902, -11995, -1631, 12397, 4363, -11059, -5762, 8766, 5646, -6404, -4383, 4730, 2829, -4136, -1912, 4467, 2231, -5019, -3814, 4881, 6142, -3430, -8246, 747, 9103, 2506, -8148, -5513, 5630, 7583, -2394, -8194, -612, 7117, 2689, -4645, -3516, 1639, 3150, 882, -1873, -2279, 156, 2519, 1382, -1943, -2217, 982, 2183, -69, -1492, -395, 514, 235
1791219589.720, MrmFullScanInfo, 390, 107, 2199115, 0, 0, 0, 0, 10000, 39297, 32, 4, 2, 1, 480, 0, 0, 0, 0, 0, 0, -165, 206, 291, -600, -160, 1162, -84, -1723, 146, 1897, 66, -1391, -252, 495, 252, 148, -180, 0, -154, -775, 987, 1313, -1840, -1045, 2015, 400, -1769, 27, 1538, -215, -1020, 253, -165, -127, 1514, -107, -1795, 60, 523, 398, 1385, -886, -2514, 876, 2666, -242, -2751, -720, 3346, 1773, -3772, -2596, 2795, 2903, -303, -2709, -2229, 2215, 3369, -1243, -3156, -515, 2440, 2689, -1580, -4080, 446, 3772, 867, -2121, -1934, 383, 2273, 526, -1649, -690, 249, 672, 1399, -608, -2513, 255, 2581, 444, -1646, -1008, 327, 1001, 679, -503, -1013, -96, 788, 557, -349, -783, -82, 673, 461, -307, -708, -26, 673, 159, -188, -205, -580, 340, 1055, -462, -738, 347, -121, -34, 842, -184, -1131, 128, 1139, 156, -976, -402, 551, 430, 98, -348, -673, 346, 876, -413, -766, 395, 577, -256, -443, 93, 269, 199, 14, -674, -170, 1007, 27, -827, 240, 344, -403, -117, 525, 218, -699, -302, 648, 238, -99, -237, -618, 362, 904, -285, -633, -233, 238, 993, 22, -1555, -198, 1612, 307, -1307, -293, 987, 176, -722, -88, 379, 131, 68, -178, -426, 137, 593, -28, -625, -36, 446, 77, -51, -259, -182, 568, -182, -713, 1028, 552, -1798, -225, 2354, -192, -2933, 781, 3748, -1733, -4626, 3173, 5161, -4823, -5213, 5875, 5213, -5398, -5823, 2928, 7490, 1528, -10258, -7586, 13708, 14374, -17198, -20894, 19928, 26698, -20816, -31910, 18698, 36365, -13049, -39081, 4679, 38813, 4560, -34735, -12592, 27327, 17664, -18369, -18883, 9940, 16791, -3482, -13181, -307, 10059, 1444, -8722, -867, 9566, 123, -11974, -462, 14660, 2248, -16258, -4987, 15931, 7809, -13614, -9761, 9893, 10097, -5836, -8749, 2631, 6437, -1034, -4171, 998, 2779, -1695, -2623, 2010, 3574, -1173, -4958, -798, 5818, 3233, -5436, -5218, 3727, 6028, -1220, -5355, -1206, 3476, 2695, -1088, -2812, -933, 1749, 1927, -188, -1758, -1139, 898, 1838, -81, -1876, -204, 1519, -76, -1211, 647, 1274, -1088, -1664, 1027, 2057, -341, -2093, -741, 1583, 1820, -604, -2572, -452, 2908, 1164, -2976, -1321, 2941, 1028, -2817, -587, 2621, 344, -2469, -438, 2435, 757, -2351, -1099, 1975, 1400, -1254, -1652, 311, 1728, 641, -1415, -1367, 704, 1713, 67, -1632, -482, 1204, 453, -614, -176, 163, -135, -79, 349, 317, -361, -550, 158, 456, 137, 4, -370, -544, 486, 810, -474, -604, 359, 47, -172, 560, -25, -975, 182, 1123, -235, -1057, 178, 833, -68, -512, -39, 215, 113, -42, -81, -32, -62, 139, 238, -291, -409, 401, 574, -433, -674, 460, 633, -463, -449, 304, 211, 131, 7, -712, -232, 1225, 583, -1564, -1068, 1680, 1491, -1464, -1602, 835, 1365, 52, -918, -842, 422, 1203, -37, -1053, -78, 576, -72, -55, 316, -234, -500, 192, 590, 81, -555, -406, 381, 641, -140, -733, -35, 645, 109, -282, -176, -322, 346, 924, -531, -1203, 575, 1065, -455, -663, 419, 197, -721, 240, 1255, -568, -1603, 581, 1532, -143, -1203, -535, 832, 1034, -433, -1065, 21, 723, 258, -252
1791219589.720, MrmDetectionListInfo, 390, 96, 209, 2179, 210, 2644, 211, 3147, 212, 3679, 213, 4222, 214, 4730, 215, 5145, 216, 5425, 217, 5549, 218, 5515, 219, 5329, 220, 5038, 221, 4790, 222, 4877, 223, 5703, 224, 7574, 225, 10322, 226, 13311, 227, 15988, 228, 18287, 229, 20420, 230, 22454, 231, 24218, 232, 25505, 233, 26245, 234, 26450, 235, 26102, 236, 25132, 237, 23593, 238, 21917, 239, 20808, 240, 20683, 241, 21278, 242, 21788, 243, 21429, 244, 19997, 245, 17883, 246, 15568, 247, 13246, 248, 10917, 249, 8678, 250, 6795, 251, 5558, 252, 5060, 253, 5060, 254, 5132, 255, 5079, 256, 5092, 257, 5461, 258, 6240, 259, 7247, 260, 8283, 261, 9256, 262, 10132, 263, 10845, 264, 11296, 265, 11409, 266, 11166, 267, 10590, 268, 9716, 269, 8600, 270, 7325, 271, 6008, 272, 4769, 273, 3710, 274, 2897, 275, 2356, 276, 2080, 277, 2029, 278, 2140, 279, 2336, 280, 2539, 281, 2695, 282, 2815, 283, 2986, 284, 3327, 285, 3895, 286, 4550, 287, 4999, 288, 5027, 289, 4653, 290, 4053, 291, 3436, 292, 2974, 293, 2720, 294, 2574, 295, 2369, 296, 2041, 297, 1712, 325, 1642, 326, 1863, 327, 2087, 328, 2199, 329, 2165, 330, 2041, 340, 1647
1791219589.845, MrmFullScanInfo, 391, 107, 2199240, 0, 0, 0, 0, 10000, 39297, 32, 1, 2, 1, 480, -340203, 512132, 405395, -504037, -477025, 465064, 517896, -329522, -520060, -56420, 519655, 446223, -464618, -516066, 166585, 518184, 143062, -519632, -334994, 510742, 365513, -438191, -288377, 107085, 233288, 182141, -8641, -240710, -173506, 434569, 133011, -455478, -785, 511646, -138571, -511229, 168774, 513215, -139608, -515270, 49985, 514635, 88341, -459644, -267027, 317361, 403836, -62701, -454348, -187614, 379031, 377002, -241737, -475928, 54387, 456662, 108704, -383367, -206635, 266626, 232802, -137786, -179193, 25556, 86656, 38705, 8791, -58515, -89337, 42387, 129166, -5067, -109041, -34103, 43569, 48224, 39199, -24372, -117923, -32282, 156254, 102521, -153869, -156668, 111743, 182440, -44685, -167189, -32257, 111580, 90613, -35340, -110416, -39790, 94138, 92454, -48685, -114378, -2220, 92202, 36006, -52907, -38074, 12367, 13280, 15496, 18002, -18721, -43636, -24, 50443, 20277, -39327, -32932, 13178, 33967, 13607, -19674, -29810, -3457, 32705, 24626, -24389, -35635, 6386, 33602, 9865, -23426, -15362, 5772, 11148, 7817, -1763, -11166, -8737, 7261, 13410, -2345, -7967, -3322, -145, 5110, 9147, 1205, -12393, -9143, 11206, 14550, -5128, -15020, -3577, 10394, 8054, -2613, -7877, -5581, 5424, 10641, -939, -9301, -2935, 7370, 2032, -4669, 2987, 3023, -6387, -4655, 8020, 9193, -6921, -12706, 583, 14255, 4978, -12231, -8464, 7241, 12632, 371, -13109, -6170, 10790, 9894, -6342, -10166, 1113, 8194, 957, -4781, -1758, 281, 129, -359, 3192, 1034, -3417, -3402, 2894, 6257, -602, -7573, -2991, 6694, 5404, -5293, -8131, 2282, 7232, -470, -6033, -1645, 3049, 2863, -250, -3299, -3128, 4407, 6632, -7215, -11754, 8863, 21195, -11993, -29204, 20476, 39255, -20800, -50668, 15156, 59500, -7154, -66045, -4094, 67033, 15249, -61847, -25380, 50618, 31688, -39934, -29469, 20513, 32014, -2714, -32199, -12176, 28607, 22278, -23340, -25433, 18466, 26005, -11500, -23099, 8837, 17165, -8241, -13671, 5976, 11630, -4446, -9737, 2211, 8099, 558, -7563, -2659, 5508, 4964, -5214, -6340, 6130, 6457, -5196, -6652, 4540, 5753, -3486, -4120, 3322, 3503, -3907, -2665, 3076, 2133, -2285, -2490, 881, 1385, 473, -175, -612, -954, 224, 1983, -211, -1900, -1931, 2293, 2542, -1006, -3065, 228, 2678, 332, -1176, -1186, -432, 2418, 2128, -2107, -3351, 1120, 1901, -366, -1400, -1024, -20, 1033, 1934, -1168, -3044, 1528, 3083, -1691, -3466, 1465, 3039, -1099, -2034, -206, 1841, -32, -202, -1542, -477, 2691, 1028, -4098, -1544, 4545, 2277, -4807, -1652, 5006, 1237, -5285, 249, 6415, -739, -6581, 489, 6014, -1130, -5922, 725, 4990, -856, -3983, 1248, 2548, -681, -399, 1425, -145, -946, 588, 1257, -48, -769, -461, 678, 1511, -642, -2082, -242, 2459, 341, -1905, -844, 1997, 37, -2810, -284, 3330, 544, -4071, -865, 4848, 1184, -4319, -2314, 4317, 2222, -3482, -1693, 2471, -88, -621, 3044, -1162, -6764, 2872, 9115, -5210, -12646, 5820, 15155, -7667, -17196, 7275, 17409, -4792, -16198, 652, 12172, 4431, -7519, -8557, 1963, 10342, 2766, -10674, -6693, 9209, 9287, -7150, -9018, 4796, 7400, -3473, -4573, 4158, 4203, -3639, -3115, 4352, 4961, -4764, -6487, 3314, 8251, 167, -8480, -3756, 6989, 7258, -3491, -8112, 300, 8927, 2456, -7519, -4751, 4659, 4897, -1645, -3498, -663, 1428, 1101, 787, -697, -2009, -124, 2759, 1529, -1866, -1464, 998, 2270, 149, -1395, -771, -71, 1464, 1543, -753, -2597
1791219589.860, MrmFullScanInfo, 391, 107, 2199240, 0, 0, 0, 0, 10000, 39297, 32, 2, 2, 1, 480, 0, 0, 0, 0, 0, 0, 165632, -232038, -311574, 473180, 368660, -495226, -399130, 267905, 453336, 64826, -482777, -341339, 400097, 505628, -197973, -586603, -28292, 596122, 178020, -499635, -222528, 284984, 189107, -4059, -118997, -260195, 60924, 446406, -63482, -529922, 134570, 522734, -230124, -470644, 291702, 425688, -285509, -416903, 209780, 434334, -79140, -436489, -84917, 377189, 251616, -236715, -380917, 35771, 434980, 175291, -395346, -343222, 274562, 433732, -113027, -438477, -36852, 369688, 132899, -252408, -158200, 119392, 121900, -3785, -49494, -70427, -28428, 94684, 84025, -75684, -98730, 31824, 68238, 12474, -3293, -34911, -74681, 23994, 140973, 16786, -175386, -71449, 167844, 118849, -120476, -141046, 47271, 129348, 29711, -86633, -87580, 25472, 111214, 36051, -98744, -79997, 61503, 94963, -18753, -80311, -11128, 46046, 18694, -8346, -6129, -17368, -16135, 23441, 35268, -12471, -41446, -5952, 31803, 20910, -10977, -24767, -12063, 15997, 28554, 733, -33231, -17662, 26107, 27868, -12211, -27844, -1264, 18649, 8793, -5302, -8646, -6034, 3091, 11374, 3168, -10161, -5827, 4856, 3456, 421, 2329, -2118, -8403, -605, 11694, 5700, -10551, -9932, 5587, 10750, 762, -7394, -5775, 1287, 7807, 4829, -6803, -8588, 4328, 9149, -2616, -7227, 2958, 4628, -4950, -3401, 7043, 4644, -7573, -7821, 5721, 11135, -1778, -12493, -3281, 10717, 8292, -6196, -11910, 533, 12916, 4453, -11008, -7493, 7149, 8039, -3033, -6386, 251, 3646, 451, -1267, 589, 368, -2208, -1269, 3148, 3441, -2692, -5779, 781, 7218, 1992, -7228, -4614, 5875, 6121, -3579, -6018, 913, 4431, 1652, -1805, -4016, -1414, 6470, 5243, -9465, -10086, 13725, 16181, -19675, -23305, 26279, 31285, -31036, -40252, 31667, 49852, -27546, -58572, 19460, 64103, -8831, -64588, -2345, 59249, 12164, -48214, -19963, 32776, 26237, -15658, -31036, 234, 33355, 11139, -32255, -17760, 27970, 20135, -22024, -19234, 16279, 16253, -11818, -12631, 8673, 9620, -6314, -7766, 4199, 6955, -1996, -6750, -307, 6847, 2436, -7120, -3971, 7376, 4676, -7244, -4623, 6555, 4068, -5558, -3258, 4653, 2400, -3992, -1689, 3397, 1274, -2604, -1105, 1567, 922, -479, -451, -376, -321, 744, 1209, -478, -1949, -343, 2319, 1390, -2195, -2169, 1593, 2296, -582, -1650, -711, 457, 1960, 801, -2670, -1631, 2485, 1799, -1473, -1334, 94, 394, 1175, 797, -2098, -1881, 2647, 2556, -2810, -2716, 2543, 2479, -1878, -2009, 955, 1417, 130, -784, -1385, 260, 2759, 53, -4008, -181, 4905, 164, -5369, 85, 5540, -668, -5614, 1497, 5673, -2301, -5655, 2807, 5473, -2926, -5080, 2763, 4432, -2440, -3434, 2041, 2113, -1579, -720, 1120, -343, -776, 790, 620, -586, -662, -84, 811, 946, -909, -1704, 824, 2166, -578, -2353, 358, 2476, -305, -2742, 405, 3241, -521, -3872, 508, 4431, -254, -4721, -172, 4631, 464, -4023, -208, 2719, -878, -646, 2765, -2072, -5118, 5075, 7566, -7935, -9883, 10322, 11894, -11851, -13328, 11957, 13903, -10042, -13415, 6007, 11811, -542, -9187, -5035, 5775, 9396, -1897, -11762, -1897, 12072, 4878, -10767, -6360, 8624, 6203, -6478, -4923, 4961, 3458, -4341, -2673, 4496, 2981, -4847, -4265, 4522, 5986, -2876, -7364, 3, 7651, 3389, -6508, -6388, 4182, 8208, -1330, -8378, -1265, 6891, 2937, -4306, -3308, 1565, 2448, 475, -798, -1374, -964, 1218, 2201, -397, -2546, -609, 2055, 1334, -1050, -1407, -83, 725
1791219589.860, MrmFullScanInfo, 391, 107, 2199240, 0, 0, 0, 0, 10000, 39297, 32, 4, 2, 1, 480, 0, 0, 0, 0, 0, 0, 735, -377, -1025, 683, 588, -329, -311, -409, 591, 798, -755, -631, 60, 439, 1055, -555, -1523, 946, 1328, -1325, -1118, 1385, 1444, -930, -2196, 291, 2786, 17, -2438, -27, 889, 132, 899, -424, -1962, 595, 2326, -532, -2426, 179, 2221, 604, -1558, -1651, 762, 2269, -45, -1990, -694, 1178, 1456, -289, -1791, -583, 1265, 1347, 64, -1620, -1707, 1058, 2909, 236, -3036, -1781, 2029, 2901, -379, -3013, -1274, 2071, 2432, -538, -2692, -924, 1936, 1896, -579, -2161, -683, 1683, 1377, -689, -1438, -397, 1066, 1146, -459, -1346, -232, 1030, 792, -356, -937, -387, 633, 916, -126, -1043, -353, 796, 658, -382, -643, -7, 244, 321, 349, -544, -734, 596, 671, -362, -315, -81, 51, 469, 0, -597, 39, 471, -83, -333, 238, 395, -560, -565, 883, 636, -892, -631, 573, 704, -199, -749, -17, 663, 170, -587, -354, 636, 455, -598, -378, 252, 170, 222, 32, -448, -158, 341, 123, -25, 179, -353, -624, 695, 928, -919, -884, 1044, 549, -1096, -220, 1072, 137, -1022, -338, 1020, 650, -939, -839, 598, 849, -51, -741, -420, 566, 618, -348, -576, 162, 434, -39, -389, -60, 554, 114, -799, -19, 875, -117, -709, 106, 494, 40, -388, -99, 324, -77, -226, 440, 153, -1057, -65, 2096, -246, -3635, 954, 5852, -1996, -9125, 3240, 13923, -4639, -20481, 6181, 28761, -7786, -38521, 10016, 48830, -13528, -57818, 17214, 63783, -18058, -66551, 13918, 67068, -5699, -65780, -3919, 62154, 12569, -55644, -18991, 46264, 23167, -34267, -26226, 20264, 29528, -5749, -33135, -7170, 35636, 17003, -35402, -23260, 31870, 26041, -26001, -25556, 19548, 22243, -13820, -17156, 9197, 11771, -5631, -7298, 3121, 4279, -1534, -2688, 479, 2241, 481, -2521, -1530, 3011, 2605, -3163, -3453, 2731, 3771, -1909, -3422, 1221, 2540, -1113, -1406, 1626, 338, -2392, 364, 2970, -558, -3098, 447, 2695, -361, -1883, 517, 1040, -930, -625, 1521, 808, -2098, -1292, 2351, 1632, -1963, -1562, 869, 1113, 533, -472, -1613, -135, 1914, 471, -1401, -318, 386, -389, 696, 1492, -1456, -2611, 1631, 3360, -1165, -3469, 271, 2880, 679, -1786, -1314, 584, 1488, 387, -1336, -948, 1113, 1101, -945, -987, 813, 776, -622, -558, 402, 361, -282, -177, 336, -19, -461, 223, 524, -346, -541, 342, 601, -293, -629, 340, 466, -417, -100, 356, -268, -119, 475, -198, -502, 523, 407, -833, -247, 1070, 123, -1194, -115, 1212, 178, -1085, -212, 747, 217, -242, -194, -273, 113, 672, 25, -841, -139, 764, 182, -546, -113, 319, -60, -172, 242, 181, -347, -350, 319, 563, -166, -661, -39, 553, 227, -258, -353, -70, 415, 282, -365, -338, 186, 298, 107, -227, -444, 228, 689, -354, -700, 573, 475, -726, -134, 790, -161, -850, 261, 962, -89, -1035, -234, 885, 523, -416, -709, -308, 806, 1078, -783, -1662, 643, 1889, -400, -1724, 79, 1300, 259, -795, -468, 361, 366, -37, 85, -220, -684, 433, 1160, -490, -1349, 308, 1302, 33, -1135, -315, 933, 439, -687, -458, 377
1791219589.860, MrmDetectionListInfo, 391, 91, 217, 3988, 218, 5062, 219, 6327, 220, 7812, 221, 9537, 222, 11506, 223, 13712, 224, 16144, 225, 18788, 226, 21642, 227, 24704, 228, 27949, 229, 31291, 230, 34558, 231, 37502, 232, 39844, 233, 41343, 234, 41857, 235, 41373, 236, 39997, 237, 37989, 238, 35879, 239, 34380, 240, 34005, 241, 34697, 242, 35706, 243, 36003, 244, 35077, 245, 33217, 246, 30976, 247, 28600, 248, 26017, 249, 23202, 250, 20478, 251, 18697, 252, 18841, 253, 21066, 254, 24338, 255, 27180, 256, 28669, 257, 28817, 258, 28154, 259, 27059, 260, 25547, 261, 23538, 262, 21121, 263, 18527, 264, 15945, 265, 13445, 266, 11054, 267, 8835, 268, 6876, 269, 5242, 270, 3938, 271, 2932, 272, 2182, 273, 1657, 274, 1352, 275, 1284, 276, 1453, 277, 1812, 278, 2257, 279, 2672, 280, 2981, 281, 3165, 282, 3231, 283, 3177, 284, 2997, 285, 2712, 286, 2369, 287, 2023, 288, 1719, 289, 1477, 290, 1306, 291, 1209, 292, 1211, 293, 1336, 294, 1554, 295, 1763, 296, 1859, 297, 1812, 308, 1630, 309, 1831, 310, 1936, 311, 1911, 312, 1736, 313, 1428, 328, 1927, 329, 2261, 330, 2386, 331, 2376
1791219589.970, MrmFullScanInfo, 392, 107, 2199365, 0, 0, 0, 0, 10000, 39297, 32, 1, 2, 1, 480, -337968, 512661, 401628, -503498, -476272, 467372, 517407, -330146, -520135, -51202, 519450, 446073, -462741, -517105, 166558, 518197, 143339, -519730, -330088, 511911, 364354, -438532, -285400, 101179, 230625, 183646, -7179, -240305, -179259, 432730, 133370, -456445, 740, 512215, -142389, -510686, 179496, 512436, -139190, -515137, 54965, 514729, 85341, -462563, -263657, 324192, 406220, -65567, -453773, -187641, 379165, 375423, -246704, -476497, 54159, 457416, 106999, -386086, -206524, 269126, 235652, -138145, -183028, 24404, 88082, 40755, 9233, -60896, -91771, 45924, 131051, -6439, -111521, -34686, 47286, 51419, 38966, -27558, -119182, -30180, 156987, 102151, -155513, -156795, 114380, 183242, -45064, -167958, -32483, 112774, 91686, -35946, -111459, -40017, 95419, 93888, -47861, -115628, -3973, 93017, 37048, -52920, -38518, 11756, 14987, 16434, 18896, -18609, -43344, 336, 51338, 20306, -39787, -33635, 12997, 34529, 13619, -20743, -29441, -2278, 32586, 24347, -24441, -34525, 5269, 33077, 10574, -21909, -16257, 5841, 11798, 7799, -1391, -11144, -8851, 7442, 13216, -1655, -7744, -3601, -1038, 4519, 8372, 1363, -12294, -9249, 11399, 14608, -4208, -15117, -3569, 11023, 8830, -3350, -8531, -5981, 6075, 9822, -1107, -9304, -3073, 6840, 1775, -3670, 2537, 2323, -6590, -4630, 9121, 8901, -7432, -12916, 1817, 14423, 5641, -13057, -8352, 7493, 11861, -244, -13395, -6136, 10785, 9781, -5527, -9738, 1147, 7958, 1402, -3676, -1552, 467, -709, -109, 3060, 1152, -4625, -3504, 3178, 6683, -35, -8011, -2477, 7124, 5352, -5351, -7349, 3057, 7409, -567, -5135, -743, 3690, 1190, -1703, -546, 1029, 181, -806, 1042, 791, -3189, -1836, 4043, 1065, -8035, -2551, 13260, 3857, -17852, -7294, 21042, 11040, -20876, -14177, 16896, 18075, -8373, -20077, -2904, 24783, 9924, -25979, -19336, 22826, 24683, -17463, -26698, 11277, 24205, -7989, -20509, 6506, 16435, -6565, -12787, 7845, 9284, -7221, -8560, 5291, 8179, -650, -7657, -4738, 5908, 9183, -4042, -11141, 1283, 9760, 2288, -6844, -1879, 4252, 1635, -165, -205, -1628, -1353, 2175, 1741, -1785, -2395, 368, 1040, 33, -452, 78, -1299, -1953, 1638, 3163, -1234, -3153, -306, 2314, 1383, -1060, -2019, -675, 1508, 2174, -1155, -2309, 727, 2039, 289, -851, 223, 8, -594, 121, 693, 558, -442, -1204, -685, 1506, 2599, -1245, -3584, 290, 4522, 1393, -4774, -2685, 4141, 3144, -2043, -3465, 11, 2658, 1731, -171, -2872, -586, 4046, 1764, -4270, -1513, 5000, 1118, -5865, 277, 6832, -579, -7198, 1228, 8235, -1427, -8514, 1141, 7537, -792, -7071, 414, 4745, -734, -3741, 1153, 2284, -1497, -1606, 1987, 1020, -1661, -666, 1137, 989, -597, -620, 364, 1135, -150, -910, -55, 479, 75, -424, -20, 1296, 59, -2077, -1470, 3253, 1678, -3469, -2290, 3890, 2716, -4193, -3426, 3412, 2005, -3080, -1242, 1718, -444, -720, 3676, -814, -5969, 1863, 8853, -3903, -11531, 5615, 14904, -6827, -16810, 5789, 17902, -3779, -17209, -323, 13536, 5599, -8759, -9481, 3316, 12313, 1964, -12490, -6147, 11415, 9191, -8712, -9452, 6285, 8190, -4353, -6019, 3521, 4228, -3829, -3991, 4704, 4260, -4344, -6499, 3718, 8625, -542, -8952, -3601, 7753, 6568, -4193, -7260, 1105, 7672, 1523, -7283, -4371, 4148, 4156, -2129, -4216, -286, 1859, 1350, 752, -1278, -2461, -86, 3463, 968, -3212, -1860, 1758, 1905, -495, -1007, -603, -605, 741, 2133, -786, -2836
1791219589.970, MrmFullScanInfo, 392, 107, 2199365, 0, 0, 0, 0, 10000, 39297, 32, 2, 2, 1, 480, 0, 0, 0, 0, 0, 0, 164888, -232072, -310259, 473665, 367325, -496602, -397870, 269815, 452025, 63395, -481602, -341036, 399745, 506085, -199012, -587033, -25980, 595692, 175193, -497771, -220151, 281978, 187378, -1173, -117320, -261910, 58947, 447041, -62003, -529955, 135257, 522083, -233604, -468909, 296793, 423153, -290365, -414709, 213607, 433784, -82224, -438213, -82353, 380599, 249638, -240312, -379991, 38326, 435501, 173946, -397132, -342817, 276793, 434258, -114770, -439915, -36286, 371624, 133863, -254088, -160299, 120074, 124032, -2967, -50640, -72770, -28556, 97843, 85242, -78361, -100766, 32856, 70654, 13421, -5392, -37233, -73524, 26570, 141057, 14886, -176623, -70535, 169676, 118797, -122044, -141653, 47957, 130364, 29980, -87631, -88438, 25934, 112058, 36437, -99052, -81115, 61157, 96286, -17953, -81223, -12109, 46274, 19602, -8052, -6698, -17860, -16072, 23865, 35614, -12653, -41955, -6144, 32272, 21518, -11400, -25654, -11623, 16931, 28064, -70, -32639, -17000, 25327, 27308, -11239, -27449, -2223, 18504, 9432, -5344, -8825, -5961, 2979, 11287, 3259, -10001, -5756, 4675, 3315, 472, 2415, -1984, -8372, -842, 11544, 5983, -10279, -10317, 5224, 11262, 1173, -7964, -6211, 1822, 8183, 4370, -7018, -8163, 4329, 8678, -2420, -6684, 2711, 4100, -4910, -2968, 7412, 4306, -8252, -7614, 6388, 11174, -2246, -12827, -2960, 11212, 8008, -6632, -11647, 807, 12666, 4309, -10721, -7343, 6822, 7776, -2768, -6020, 168, 3274, 263, -976, 1037, 187, -2760, -1239, 3610, 3617, -2983, -6133, 1026, 7625, 1667, -7572, -4194, 6157, 5678, -3955, -5731, 1718, 4636, -94, -3055, -580, 1614, 254, -670, 918, 194, -2736, 52, 5215, -268, -8583, 435, 12872, -224, -17454, -787, 21129, 2964, -22470, -6442, 20335, 11299, -14716, -17347, 6922, 23535, 1325, -27996, -8860, 29106, 14991, -26657, -18966, 21931, 20228, -16812, -18815, 12823, 15451, -10479, -11301, 9297, 7692, -8223, -5638, 6271, 5353, -2997, -6186, -1257, 7092, 5440, -7044, -8310, 5592, 9169, -3171, -8029, 816, 5409, 633, -2150, -992, -743, 530, 2465, 267, -2776, -921, 2057, 1073, -1085, -562, 607, -448, -868, 1463, 1551, -1855, -2109, 1331, 2166, -153, -1588, -1080, 507, 1899, 701, -2098, -1548, 1748, 1731, -1119, -1295, 562, 606, -278, -136, 203, 175, -50, -672, -475, 1323, 1459, -1709, -2708, 1509, 3910, -700, -4671, -437, 4593, 1559, -3519, -2303, 1685, 2396, 471, -1829, -2508, 969, 4099, -294, -5122, 154, 5699, -649, -6032, 1589, 6298, -2624, -6613, 3450, 6948, -3887, -7117, 3857, 6886, -3417, -6136, 2792, 4934, -2231, -3498, 1908, 2126, -1817, -1025, 1800, 339, -1664, -97, 1356, 223, -977, -530, 659, 795, -438, -862, 279, 785, -160, -811, 58, 1204, 88, -2008, -304, 3015, 567, -3924, -873, 4524, 1176, -4711, -1282, 4396, 999, -3520, -191, 2110, -1173, -255, 3036, -1919, -5184, 4309, 7424, -6802, -9639, 9126, 11703, -10722, -13425, 10915, 14500, -9153, -14550, 5330, 13320, 19, -10827, -5719, 7352, 10438, -3303, -13225, -753, 13800, 4110, -12517, -6108, 10128, 6488, -7525, -5598, 5522, 4211, -4552, -3175, 4516, 3129, -4814, -4220, 4610, 6004, -3224, -7580, 631, 8057, 2499, -7016, -5306, 4684, 7111, -1776, -7510, -907, 6448, 2737, -4314, -3309, 1825, 2576, 282, -874, -1467, -1126, 1595, 2698, -924, -3318, -45, 2881, 780, -1706, -851, 311, 177
1791219589.970, MrmFullScanInfo, 392, 107, 2199365, 0, 0, 0, 0, 10000, 39297, 32, 4, 2, 1, 480, 0, 0, 0, 0, 0, 0, -440, -194, 892, 790, -1095, -1573, 1142, 1843, -1072, -1217, 847, 125, -298, 613, -629, -666, 1716, -70, -2305, 1445, 1895, -2622, -1055, 2665, 676, -1683, -739, 670, 386, -34, 1127, -626, -3131, 1598, 4243, -2325, -3848, 2014, 2842, -529, -2271, -1413, 2075, 2689, -1826, -2662, 1082, 1796, 19, -1010, -939, 526, 1293, 18, -1163, -664, 693, 1129, 73, -1182, -712, 813, 733, -57, -213, -930, -313, 1708, 650, -1693, -938, 769, 1195, 556, -1217, -1519, 901, 1662, -264, -1180, -540, 619, 1101, -245, -1034, -72, 471, 400, 145, -543, -485, 324, 422, 189, -33, -696, -387, 863, 622, -576, -661, 80, 596, 278, -445, -346, 228, 177, -10, 100, -190, -376, 346, 595, -453, -699, 512, 693, -551, -628, 628, 564, -727, -446, 745, 214, -560, 68, 220, -258, 106, 330, -234, -376, 118, 426, 110, -430, -266, 348, 260, -170, -104, -77, -111, 343, 325, -552, -470, 634, 512, -563, -408, 380, 133, -162, 198, 29, -417, -34, 469, 124, -365, -166, 105, 124, 242, -28, -439, -93, 353, 227, -140, -320, 30, 309, -65, -191, 134, 64, -193, 0, 275, 26, -353, -60, 315, 36, -92, 14, -234, -19, 473, -1, -473, -50, 294, 164, -114, -200, 127, 68, -343, 212, 709, -543, -1209, 801, 1907, -801, -2889, 359, 4142, 761, -5530, -2918, 6580, 6460, -6716, -11667, 5479, 18696, -2490, -27203, -2766, 36019, 10797, -43158, -21267, 46408, 32867, -43961, -43658, 35053, 52072, -21085, -57064, 5227, 57528, 9671, -52576, -22319, 42667, 31971, -30105, -37375, 17954, 37655, -8674, -33314, 3396, 26258, -1778, -18862, 2325, 13063, -2942, -9775, 1953, 8702, 1197, -8618, -5860, 8156, 10546, -6379, -13783, 3267, 14881, 237, -13841, -2841, 11037, 3838, -7255, -3416, 3706, 2181, -1409, -808, 584, -108, -629, 188, 617, 546, 103, -1573, -1499, 2164, 2927, -1780, -3599, 405, 3111, 1404, -1575, -2817, -476, 3292, 2283, -2763, -3129, 1520, 2683, -6, -1203, -1234, -517, 1758, 1587, -1466, -1563, 755, 618, -274, 744, 415, -1921, -1053, 2371, 1786, -1924, -2201, 879, 2034, 260, -1238, -1034, 61, 1220, 1088, -872, -1800, 287, 1898, 163, -1557, -145, 1135, -421, -884, 1231, 867, -1800, -1058, 1896, 1377, -1610, -1650, 1145, 1659, -620, -1322, 140, 790, 125, -356, -24, 237, -388, -387, 818, 623, -938, -740, 666, 634, -120, -278, -469, -282, 889, 943, -1019, -1487, 904, 1676, -734, -1415, 687, 872, -790, -346, 951, 27, -1077, 78, 1060, -37, -780, -147, 308, 427, 131, -594, -330, 440, 299, 72, -166, -688, 59, 1083, -11, -1178, 35, 1145, -227, -1078, 624, 938, -1094, -719, 1437, 575, -1558, -637, 1496, 912, -1296, -1256, 967, 1509, -500, -1595, -60, 1459, 602, -1103, -999, 652, 1114, -242, -890, -61, 481, 212, -107, -151, -112, -75, 220, 353, -260, -637, 244, 880, -171, -991, 46, 895, 69, -570, -86, 106, 35, 299, -41, -450, 196, 351, -447, -165, 690, 32, -806, 46, 728, -120, -488, 242, 207, -383
1791219589.985, MrmDetectionListInfo, 392, 84, 220, 2068, 221, 2434, 222, 3018, 223, 3840, 224, 4838, 225, 5919, 226, 7030, 227, 8176, 228, 9378, 229, 10621, 230, 11909, 231, 13400, 232, 15426, 233, 18318, 234, 22146, 235, 26548, 236, 30874, 237, 34622, 238, 37656, 239, 39992, 240, 41523, 241, 42029, 242, 41392, 243, 39703, 244, 37175, 245, 34198, 246, 31713, 247, 30967, 248, 32257, 249, 34366, 250, 35637, 251, 35331, 252, 33836, 253, 31866, 254, 29714, 255, 27259, 256, 24417, 257, 21380, 258, 18449, 259, 15812, 260, 13501, 261, 11510, 262, 9856, 263, 8550, 264, 7539, 265, 6716, 266, 5989, 267, 5371, 268, 5008, 269, 5148, 270, 5972, 271, 7297, 272, 8574, 273, 9322, 274, 9469, 275, 9215, 276, 8728, 277, 8090, 278, 7500, 279, 7257, 280, 7329, 281, 7216, 282, 6486, 283, 5244, 284, 3937, 285, 2860, 286, 2006, 287, 1276, 297, 1792, 298, 2361, 299, 2630, 307, 1981, 308, 2223, 309, 2613, 310, 2857, 311, 2699, 312, 2165, 313, 1491, 328, 1776, 329, 1975, 330, 2017, 357, 1561, 358, 1494, 388, 1018
1791219590.095, MrmFullScanInfo, 393, 107, 2199490, 0, 0, 0, 0, 10000, 39297, 32, 1, 2, 1, 480, -339460, 512037, 405372, -504278, -479168, 463673, 517783, -330575, -520192, -49184, 519656, 444414, -462946, -516146, 166209, 518781, 143534, -519745, -335312, 511927, 369236, -436153, -286092, 101915, 230855, 185575, -1246, -244043, -182725, 432393, 137938, -456911, 1056, 510892, -141705, -510488, 174140, 513763, -143875, -516058, 56456, 515339, 82544, -461232, -265837, 323850, 405747, -69548, -456404, -185134, 379968, 377984, -246752, -478303, 58430, 459916, 107301, -389861, -210524, 271308, 241773, -138194, -187145, 21681, 91018, 42854, 9525, -62399, -93122, 44710, 133802, -6686, -114446, -35857, 49130, 54122, 37977, -30551, -120612, -28961, 157927, 102606, -156147, -157685, 114345, 185236, -45158, -169895, -32918, 114214, 92313, -37558, -113886, -41280, 97113, 95661, -49340, -116813, -3470, 94368, 37542, -53695, -39810, 11503, 15330, 16801, 18727, -18982, -43878, 1512, 51807, 20144, -40673, -33600, 13124, 34416, 13483, -21572, -29306, -1563, 32899, 23620, -24053, -35023, 4847, 33475, 10940, -21929, -17072, 6184, 12144, 8082, -2838, -11859, -8809, 8020, 13199, -2237, -7922, -3409, -946, 4500, 8203, 1800, -12128, -9921, 11513, 14630, -4064, -15187, -4292, 11224, 9287, -2583, -8930, -5546, 6469, 9692, -1028, -9293, -2940, 6178, 1332, -3044, 3043, 1366, -7082, -3956, 8971, 8644, -7974, -12480, 2611, 14365, 4966, -13687, -7798, 7879, 12278, -265, -13213, -5756, 10911, 9599, -6456, -9724, 757, 7485, 1776, -3524, -1950, 493, -9, 544, 3121, 592, -4389, -2886, 3449, 6322, -467, -8054, -2483, 8212, 6093, -5651, -8034, 3083, 7702, -766, -6011, -796, 3699, 1112, -2077, -1112, 1397, 1012, -96, 26, 1421, 725, -396, -602, 514, 737, -55, 458, -228, -2440, 503, 4644, -100, -7319, -2793, 11252, 4646, -15200, -7877, 18685, 3579, -19726, -3639, 17660, 3416, -13545, -2528, 7995, 984, -2174, 333, -3094, -2087, 6020, 1837, -7647, -626, 10083, -2389, -8253, 5919, 6274, -9779, -5378, 11332, 4996, -10058, -6755, 8234, 6098, -4229, -4979, 1419, 94, 836, 2493, -2249, -6901, 1048, 9431, 2036, -10983, -3883, 10604, 5365, -7712, -4840, 4346, 3781, -2443, -236, 1430, -3273, -1730, 4818, 2525, -4426, -2761, 2149, 2806, 259, -1154, -3201, -1699, 5136, 2748, -4988, -4323, 3833, 4753, -2158, -3775, 822, 2153, -80, -622, 622, -1413, -1045, 2422, 2211, -2773, -2702, 1971, 3022, -1385, -2328, 332, 1157, 611, 5, -1095, -1186, 1106, 1793, -1350, -2319, 2295, 2159, -2753, -1610, 3795, 921, -4363, 9, 5144, -567, -5754, 1272, 6924, -1697, -7641, 1153, 7103, -837, -6979, 496, 5988, 289, -5143, -336, 3545, -867, -1599, 709, 108, -1294, 910, 1910, -673, -2087, 585, 2618, 261, -2243, -777, 1843, 1439, -789, -1328, 174, 1855, 677, -2091, -1607, 2341, 1613, -3700, -2365, 3849, 1709, -4474, -2074, 3242, 1760, -3402, -1440, 2354, 138, -1127, 3146, -626, -5639, 1836, 8268, -4769, -12365, 6009, 16280, -7011, -18595, 6485, 18795, -3598, -17591, -455, 13089, 5933, -7158, -9703, 1851, 13477, 4344, -13464, -8295, 12642, 11097, -9845, -10887, 7208, 9594, -4977, -6988, 4474, 4274, -4949, -3660, 4858, 4921, -4351, -8285, 3730, 9507, -49, -10196, -3687, 9298, 7822, -5289, -8299, 1308, 9358, 1236, -8195, -4361, 6748, 5086, -3226, -3831, 710, 1717, 679, 1067, -366, -3092, -1240, 3337, 715, -2565, -2011, 888, 1171, -139, -1056, -1006, -755, 1206, 1982, -761, -2611
1791219590.095, MrmFullScanInfo, 393, 107, 2199490, 0, 0, 0, 0, 10000, 39297, 32, 2, 2, 1, 480, 0, 0, 0, 0, 0, 0, 165854, -232020, -312131, 473681, 369173, -496991, -398857, 270771, 451966, 62219, -480893, -340215, 398679, 505956, -197296, -587513, -28657, 596492, 178340, -498467, -222342, 281828, 187401, 469, -115129, -264882, 55652, 450134, -59019, -531870, 133022, 522592, -231941, -468839, 295919, 423288, -290976, -414871, 215507, 433430, -84049, -437633, -81721, 380889, 250167, -241938, -380855, 40249, 436421, 173220, -398506, -343798, 278599, 436505, -115840, -442857, -37296, 374608, 137093, -256269, -164591, 120815, 127769, -2362, -52583, -74044, -28869, 99122, 87391, -79187, -103764, 32819, 73425, 14575, -7209, -39173, -72884, 28447, 141367, 13919, -177441, -70855, 170622, 120207, -122860, -143626, 48362, 132271, 30305, -88913, -89659, 26291, 113967, 36919, -101049, -82082, 62545, 97380, -18355, -82169, -12543, 46861, 20351, -8134, -7256, -18299, -15929, 24643, 35840, -13453, -42362, -5630, 32685, 21467, -11732, -26076, -11342, 17600, 27766, -587, -32313, -16916, 25003, 27634, -10926, -27933, -2621, 18881, 10013, -5457, -9546, -6148, 3645, 11701, 2837, -10494, -5614, 5116, 3380, 96, 2279, -1614, -8296, -1193, 11528, 6253, -10177, -10470, 4916, 11332, 1661, -8030, -6717, 1952, 8533, 4157, -7165, -7868, 4380, 8223, -2504, -5996, 2828, 3256, -4991, -2165, 7491, 3697, -8477, -7235, 6862, 11015, -2868, -12870, -2408, 11405, 7688, -6910, -11607, 1122, 12842, 3978, -10942, -7023, 6857, 7540, -2493, -5918, -318, 3231, 782, -822, 619, -174, -2513, -741, 3547, 3215, -3038, -6079, 1054, 7983, 1782, -8164, -4489, 6723, 6109, -4358, -6203, 1918, 5071, -44, -3399, -943, 1886, 1122, -914, -831, 506, 482, -428, -253, 389, -43, -175, 765, -315, -2140, 870, 4279, -1053, -7300, 583, 11219, 61, -15481, 54, 18807, -1167, -19848, 2432, 18106, -2825, -14067, 2217, 8668, -1145, -2906, 153, -2260, 630, 6162, -1523, -8429, 3011, 8845, -5270, -7432, 7936, 4843, -10212, -2386, 11371, 1216, -11071, -1523, 9409, 2374, -6694, -2491, 3342, 1188, 14, 1400, -2509, -4655, 3424, 7888, -2698, -10279, 1003, 11043, 784, -9862, -1933, 7245, 1886, -4214, -468, 1711, -1788, -242, 3776, -99, -4472, -367, 3503, 991, -1151, -1148, -1818, 618, 4413, 431, -5775, -1649, 5642, 2614, -4371, -2910, 2662, 2346, -1191, -1019, 365, -690, -235, 2239, 626, -3137, -1238, 3199, 1719, -2518, -1783, 1362, 1353, -67, -567, -1034, -331, 1825, 1096, -2404, -1485, 2933, 1354, -3460, -713, 3954, -256, -4377, 1321, 4782, -2303, -5265, 3097, 5815, -3584, -6266, 3664, 6438, -3313, -6259, 2652, 5743, -1941, -4835, 1441, 3478, -1195, -1776, 1090, 127, -1065, 1038, 1210, -1509, -1545, 1365, 1949, -823, -2180, 115, 2054, 593, -1557, -1236, 820, 1823, -49, -2426, -566, 3102, 884, -3812, -873, 4344, 674, -4471, -481, 4170, 348, -3512, 17, 2459, -986, -848, 2651, -1388, -4803, 4135, 7256, -7091, -9913, 9815, 12506, -11638, -14526, 11804, 15472, -9718, -15003, 5373, 13060, 546, -9873, -6781, 5889, 11944, -1593, -15015, -2443, 15651, 5582, -14206, -7299, 11529, 7390, -8672, -6130, 6475, 4331, -5260, -3153, 4933, 3431, -5043, -5077, 4813, 7280, -3406, -9028, 645, 9489, 2837, -8276, -6078, 5672, 8297, -2453, -9038, -485, 8147, 2426, -5889, -2961, 3009, 2129, -519, -362, -902, -1581, 1182, 2871, -673, -3050, -146, 2256, 800, -971, -868, -298, 250
1791219590.095, MrmFullScanInfo, 393, 107, 2199490, 0, 0, 0, 0, 10000, 39297, 32, 4, 2, 1, 480, 0, 0, 0, 0, 0, 0, 750, -6, -1463, 300, 1384, -1014, -515, 1746, -528, -1744, 1104, 938, -1195, 74, 1398, -710, -1898, 721, 2159, -52, -1398, -1260, -439, 2738, 2554, -3635, -3734, 3341, 3276, -1920, -1842, 257, 387, 716, 884, -801, -2230, 650, 3158, -568, -2890, -8, 1604, 1445, -294, -2818, -381, 2767, 915, -1206, -1781, -758, 2406, 2298, -1636, -3281, -675, 3507, 3305, -2692, -4716, 1056, 4194, 641, -2138, -1748, -418, 2084, 2473, -1603, -3488, 310, 3374, 1417, -2394, -2650, 1037, 2666, 213, -1535, -1063, -32, 1422, 1333, -1265, -2062, 624, 2142, 375, -1560, -1436, 512, 2117, 575, -2040, -1289, 1240, 1491, -135, -1217, -731, 641, 1020, 30, -754, -597, 228, 883, 249, -799, -515, 393, 576, 180, -530, -718, 501, 976, -531, -794, 589, 328, -629, 128, 640, -372, -667, 374, 717, -180, -708, -99, 581, 313, -371, -366, 180, 302, -30, -265, -45, 326, 47, -392, -67, 397, 229, -350, -487, 301, 691, -284, -687, 300, 442, -318, -117, 360, -69, -526, 72, 801, -10, -981, -52, 930, 201, -701, -442, 418, 666, -120, -728, -152, 608, 333, -382, -392, 119, 382, 86, -365, -107, 361, -101, -295, 392, 160, -518, -80, 423, 183, -221, -394, 40, 503, 80, -344, -125, -46, 93, 447, -10, -617, -76, 518, 111, -319, -42, 177, -115, -139, 322, 268, -464, -566, 364, 993, 231, -1526, -1456, 2135, 3245, -2616, -5460, 2657, 7886, -2182, -10305, 1653, 12367, -2015, -13444, 4211, 12309, -8274, -7740, 12853, 66, -15956, 8366, 16408, -14652, -14355, 17405, 10610, -17090, -6061, 15082, 1520, -12556, 2483, 9858, -5510, -6664, 6889, 2683, -6012, 1917, 3171, -6470, 201, 10146, -2495, -12171, 2907, 12042, -1941, -9695, 916, 5599, -996, -781, 2576, -3367, -5275, 5658, 8386, -5684, -10910, 3997, 11857, -1597, -10736, -419, 7900, 1065, -4317, 65, 1096, -2380, 881, 4563, -1253, -5419, 367, 4441, 880, -1842, -1627, -1569, 1495, 4638, -621, -6357, -551, 6407, 1500, -5175, -1824, 3461, 1457, -2028, -621, 1291, -289, -1200, 832, 1424, -682, -1583, -173, 1393, 1410, -734, -2487, -320, 2958, 1473, -2653, -2317, 1731, 2596, -553, -2323, -475, 1685, 1123, -896, -1395, 196, 1410, 254, -1266, -430, 1002, 431, -646, -352, 251, 256, 156, -122, -587, -101, 1045, 348, -1389, -480, 1372, 469, -873, -380, 54, 206, 792, 154, -1427, -663, 1746, 1161, -1711, -1453, 1351, 1437, -787, -1101, 244, 526, 59, 98, -84, -568, -26, 719, 100, -479, -134, -12, 222, 423, -287, -472, 179, 222, 118, 82, -432, -286, 575, 341, -459, -180, 143, -239, 232, 789, -484, -1185, 492, 1244, -225, -934, -214, 373, 744, 272, -1331, -814, 1913, 1147, -2351, -1257, 2510, 1216, -2359, -1149, 1989, 1072, -1573, -855, 1200, 484, -812, -254, 428, 437, -198, -883, 202, 1267, -265, -1446, 191, 1449, 70, -1297, -426, 1044, 810, -749, -1198, 499, 1499, -365, -1543, 369, 1281, -466, -919, 590, 618, -631, -392, 454, 195, -73, -33, -307, -60, 517, 105, -511, -97
1791219590.095, MrmDetectionListInfo, 393, 82, 229, 1772, 230, 2420, 231, 3066, 232, 3676, 233, 4262, 234, 4829, 235, 5353, 236, 5822, 237, 6255, 238, 6697, 239, 7187, 240, 7735, 241, 8314, 242, 8850, 243, 9231, 244, 9321, 245, 9002, 246, 8380, 247, 8193, 248, 9478, 249, 12200, 250, 14855, 251, 15989, 252, 15565, 253, 14516, 254, 13469, 255, 12318, 256, 10776, 257, 8956, 258, 7398, 259, 6613, 260, 6607, 261, 6885, 262, 6903, 263, 6418, 264, 5521, 265, 4498, 266, 3678, 267, 3306, 268, 3470, 269, 4044, 270, 4847, 271, 5840, 272, 6925, 273, 7709, 274, 7794, 275, 7178, 276, 6186, 277, 5105, 278, 4008, 279, 2887, 280, 1886, 282, 2057, 283, 3653, 284, 5490, 285, 6821, 286, 7483, 287, 7755, 288, 7850, 289, 7710, 290, 7207, 291, 6391, 292, 5479, 293, 4662, 294, 3963, 295, 3228, 296, 2306, 301, 3104, 302, 3363, 309, 1706, 310, 2250, 311, 2917, 312, 3393, 313, 3567, 314, 3583, 315, 3605, 316, 3604, 317, 3426, 318, 3001, 339, 2325, 340, 2078, 377, 1210
1791219590.220, MrmFullScanInfo, 394, 107, 2199615, 0, 0, 0, 0, 10000, 39297, 32, 1, 2, 1, 480, -339639, 512776, 400873, -502307, -478343, 465609, 518051, -328891, -520176, -53340, 519522, 444378, -464795, -515904, 167738, 518448, 146690, -519628, -330534, 511457, 366543, -435997, -286837, 106531, 228278, 183698, -10585, -240625, -176955, 433285, 131523, -456571, 394, 511438, -140601, -511834, 175452, 513884, -142998, -515364, 55244, 515160, 81633, -460862, -263373, 321661, 405833, -64583, -454503, -184209, 379923, 378160, -244860, -477650, 57338, 456823, 105797, -386900, -205643, 269083, 237374, -138014, -184431, 22757, 89295, 43259, 9406, -60847, -92621, 45536, 131914, -6028, -111785, -35103, 46571, 50961, 38658, -28289, -119447, -30915, 158552, 101443, -155538, -157633, 113661, 185067, -44695, -168083, -31246, 113768, 90736, -35973, -111868, -39989, 96056, 94655, -48574, -115522, -1321, 92525, 34795, -53567, -38063, 12558, 14777, 16366, 18474, -18666, -44277, 1079, 50059, 20107, -40107, -33069, 12593, 33938, 13581, -20490, -29014, -2852, 32336, 23523, -22914, -34578, 4210, 32712, 10975, -21863, -16410, 4374, 11581, 8376, -1734, -11403, -9262, 7557, 13776, -1520, -8577, -3167, -168, 3925, 8617, 1268, -12248, -10110, 10523, 14743, -3806, -15450, -4648, 11334, 9360, -3287, -9520, -5201, 7126, 9552, -624, -8420, -2394, 6414, 2153, -2872, 2553, 825, -7116, -2877, 9624, 7716, -8723, -11907, 2564, 14436, 5274, -12436, -8440, 7797, 12570, -772, -13459, -5531, 10841, 9212, -5712, -10040, 1276, 7446, 1166, -3372, -2407, 469, 39, 1931, 3418, 480, -4493, -2514, 3290, 6073, -946, -8205, -1986, 7190, 4884, -6176, -7903, 2329, 6469, -494, -5431, -872, 3774, 1384, -2048, -1256, 815, 1487, -294, -499, 1233, -433, -382, -940, -561, 482, -650, -577, -527, -168, 1182, 633, -1941, -1257, 1772, 1613, -925, -1437, 1519, 1781, -454, -1877, 836, 901, -937, -2729, -171, 5095, 2999, -9582, -8464, 15250, 15327, -21323, -22876, 28575, 27724, -34254, -29964, 32607, 30823, -27424, -29408, 18629, 24652, -7058, -17675, -3487, 9078, 11692, -2100, -16525, 1584, 17542, 2234, -14879, -1809, 12470, -334, -9413, 4117, 7896, -7173, -7308, 8540, 6977, -7388, -7483, 5584, 4416, -2326, -3005, 1358, 1014, 896, 3143, -704, -5777, -1207, 6399, 2003, -5130, -1702, 3258, 1068, -1694, 2826, 590, -6653, 176, 7000, 3167, -5562, -4553, 3387, 5867, 773, -5974, -3936, 4812, 7636, -1459, -7775, 806, 6325, -352, -7545, 188, 5742, -215, -5695, 779, 5564, -852, -5654, 81, 3341, 2629, -2786, -4047, 2650, 3945, -877, -6842, -690, 7287, 1414, -6804, -1354, 6572, -48, -6179, -341, 5741, -1146, -6581, 3332, 6857, -1193, -6862, -49, 5244, 1032, -3736, -1623, 2993, 1561, -2344, -509, 539, -129, -774, 1423, 2847, -843, -2141, 1555, 2611, -1307, -2792, 66, 2436, 1152, -2894, -2247, 3284, 3735, -3048, -3906, 2716, 3753, -2112, -4200, 1221, 3682, -982, -2503, -402, -2898, 401, 4549, -2453, -6649, 3794, 10908, -5396, -13514, 6661, 16476, -7671, -17842, 7082, 18992, -4435, -16900, -2658, 13317, 5636, -8278, -10328, 2083, 12813, 4070, -13305, -8848, 11381, 11309, -7583, -11129, 5026, 12998, -3003, -6762, 2242, 4052, -2853, -4083, 3616, 4161, -4237, -6056, 3583, 7559, -1258, -9185, -1776, 9904, 8451, -5389, -7345, 1782, 8268, 1190, -7429, -3621, 5187, 4218, -2034, -3083, -1086, 342, 2141, -827, 524, -3465, -212, 4193, 1330, -4304, -2137, 2280, 2495, -490, -1921, -388, 342, 1164, 611, -3754, -3277
1791219590.220, MrmFullScanInfo, 394, 107, 2199615, 0, 0, 0, 0, 10000, 39297, 32, 2, 2, 1, 480, 0, 0, 0, 0, 0, 0, 165189, -231716, -311068, 472819, 368497, -495541, -399080, 269126, 453111, 63246, -482271, -340237, 399586, 505379, -197912, -586789, -27688, 595967, 176799, -498662, -221055, 283327, 187680, -2411, -117884, -261189, 60295, 446619, -63502, -529656, 135746, 522229, -232820, -469861, 295797, 424561, -290495, -415557, 215107, 433244, -84107, -436329, -81244, 378492, 249722, -239228, -380596, 38335, 435957, 173733, -397593, -342938, 277737, 434436, -116025, -439889, -35536, 371447, 134192, -253761, -161573, 119514, 125544, -2244, -51613, -73386, -28508, 98167, 85866, -78444, -101468, 32781, 71020, 13587, -5308, -37457, -73994, 26824, 141676, 14802, -177054, -70905, 169880, 119662, -122364, -142618, 48595, 130970, 29301, -87742, -88207, 25741, 112588, 36546, -100369, -80843, 62965, 95696, -19708, -80712, -10906, 46160, 19036, -8237, -6584, -17707, -15895, 23949, 35236, -12959, -41486, -5725, 31888, 21058, -11217, -25243, -11488, 16655, 27504, 70, -31690, -17099, 24271, 27345, -10432, -27222, -2687, 17924, 9684, -4611, -8942, -6539, 2869, 11628, 3703, -10283, -6411, 5072, 3867, -27, 2149, -1500, -8273, -1271, 11351, 6416, -9854, -10785, 4598, 11778, 1919, -8541, -6926, 2479, 8686, 3670, -7197, -7497, 4221, 8021, -2172, -5873, 2459, 2964, -4784, -1524, 7506, 2806, -8578, -6355, 6829, 10342, -2575, -12503, -2892, 11396, 8131, -7219, -11761, 1514, 12673, 3764, -10702, -7029, 6818, 7595, -2645, -5799, -200, 2857, 826, -273, 453, -726, -2346, -344, 3519, 2935, -3275, -5779, 1552, 7569, 1139, -7642, -3817, 6162, 5510, -3827, -5781, 1511, 4859, 223, -3313, -1180, 1848, 1353, -901, -945, 417, 419, -165, -192, 51, 242, 24, -263, -306, 117, 917, 154, -1586, -454, 1984, 751, -1989, -1038, 1740, 1259, -1448, -1395, 1208, 1708, -885, -2829, 80, 5532, 1690, -10288, -4692, 17110, 8646, -25412, -12605, 33681, 15557, -39530, -17231, 40763, 18073, -36551, -18366, 27648, 17800, -15806, -15896, 3268, 12910, 7640, -9724, -14953, 7032, 17817, -4997, -16850, 3821, 13620, -3941, -9739, 5384, 6368, -7419, -4166, 8937, 3181, -9060, -2915, 7602, 2730, -5042, -2086, 2189, 651, 171, 1564, -1525, -3947, 1768, 5553, -1267, -5740, 747, 4536, -1022, -2420, 2428, 223, -4376, 1015, 5809, -576, -5975, -1337, 4692, 3767, -2142, -5608, -1141, 6182, 4269, -5531, -6423, 4259, 7285, -3035, -7103, 2238, 6376, -1933, -5570, 1955, 4912, -1845, -4320, 1049, 3818, 494, -3501, -2336, 3237, 4098, -2744, -5651, 2045, 6799, -1475, -7251, 1286, 6995, -1477, -6355, 2034, 5762, -2858, -5447, 3542, 5364, -3503, -5280, 2585, 4981, -1204, -4416, -3, 3619, 578, -2599, -433, 1612, -176, -1070, 955, 1124, -1666, -1502, 2069, 1886, -1942, -2216, 1212, 2615, -55, -3167, -1177, 3761, 2158, -4114, -2748, 4010, 3035, -3474, -3118, 2673, 2692, -1668, -1290, 295, -1012, 1603, 3653, -3913, -6177, 6390, 8577, -8801, -10852, 10901, 12845, -12230, -14313, 11979, 15007, -9463, -14732, 4801, 13295, 1054, -10526, -6865, 6512, 11573, -1776, -14275, -2806, 14546, 6548, -12744, -8900, 9898, 9327, -7034, -7829, 4808, 5402, -3615, -3498, 3539, 2941, -4094, -3754, 4416, 5542, -3555, -7530, 1196, 8689, 2063, -8170, -5157, 5919, 7218, -2759, -7821, -207, 6776, 2121, -4326, -2742, 1457, 2221, 613, -710, -1364, -1454, 1177, 3441, -568, -4273, -253, 3702, 1050, -2211, -1447, 394, 1139
1791219590.220, MrmFullScanInfo, 394, 107, 2199615, 0, 0, 0, 0, 10000, 39297, 32, 4, 2, 1, 480, 0, 0, 0, 0, 0, 0, -352, 321, 446, -806, -69, 1156, -490, -1071, 990, 414, -976, 337, 445, -582, -32, 490, 129, -247, -565, -286, 648, 1138, 115, -1934, -1710, 2333, 3127, -2213, -3141, 1444, 1899, -224, -561, -820, 38, 1073, -247, -531, 743, -381, -1096, 1364, 986, -1940, -430, 1700, 6, -888, -43, 88, 185, 508, 83, -1116, -787, 1647, 1413, -1773, -1512, 1468, 1091, -936, -516, 441, 78, -85, 223, -127, -543, 145, 893, 50, -1054, -431, 964, 709, -737, -613, 441, 306, -63, -86, -179, 14, 13, 158, 463, -435, -846, 558, 877, -360, -530, -140, -149, 740, 941, -1113, -1433, 987, 1366, -442, -924, -105, 392, 367, 98, -339, -479, 156, 662, 92, -584, -367, 340, 575, 10, -583, -429, 371, 812, -82, -938, -214, 717, 557, -320, -820, -32, 797, 297, -457, -520, 84, 706, 30, -733, 114, 499, -269, -175, 275, 56, -241, -197, 299, 391, -414, -476, 525, 495, -593, -454, 632, 331, -617, -111, 531, -138, -430, 318, 453, -346, -681, 179, 1005, 83, -1167, -257, 1052, 224, -732, -1, 317, -230, 118, 287, -463, -111, 546, -123, -359, 180, 136, -56, -65, -14, 196, -84, -427, 233, 640, -288, -714, 211, 599, -6, -423, -287, 286, 534, -229, -628, 251, 596, -306, -470, 333, 262, -245, -17, 114, -176, -38, 374, -43, -675, 225, 1064, -420, -1541, 363, 2229, 215, -3129, -1479, 3975, 3471, -4352, -5997, 4014, 8720, -2842, -11197, 1042, 12900, 987, -13318, -2986, 12112, 4870, -9120, -6355, 4217, 6723, 2685, -5315, -11387, 2035, 21315, 2407, -31542, -6623, 40502, 9336, -45962, -10338, 46047, 10468, -40431, -10562, 30517, 10659, -18463, -10209, 6326, 9073, 4294, -7746, -12109, 6698, 16392, -5904, -17417, 5316, 16305, -5217, -14305, 5799, 12216, -6788, -10347, 7510, 8649, -7313, -6982, 6132, 5302, -4452, -3507, 2835, 1386, -1535, 1104, 556, -3485, 178, 5051, -867, -5401, 1845, 4636, -3434, -3145, 5540, 1620, -7418, -917, 8171, 1521, -7368, -3054, 5175, 4542, -2025, -5060, -1436, 4283, 4327, -2625, -5944, 902, 6208, 158, -5630, -210, 4848, -648, -4336, 1975, 4251, -3094, -4350, 3383, 4393, -2771, -4230, 1678, 3637, -473, -2411, -677, 767, 1486, 761, -1546, -1756, 854, 2070, 105, -1601, -714, 448, 658, 836, -3, -1424, -985, 944, 2045, 216, -2970, -1309, 3476, 1794, -3271, -1627, 2510, 1110, -1721, -492, 1285, -135, -1141, 670, 1078, -901, -995, 667, 912, -21, -834, -786, 671, 1509, -262, -2012, -395, 2303, 1094, -2426, -1610, 2137, 1897, -1222, -2084, 19, 2254, 875, -2296, -1227, 2109, 1240, -1712, -1022, 1243, 641, -844, -236, 426, -16, 118, -23, -621, 282, 776, -434, -576, 195, 335, 361, -122, -924, -191, 1479, 612, -2051, -920, 2326, 1074, -1979, -1229, 1194, 1340, -386, -1224, -354, 861, 985, -306, -1225, -256, 898, 619, -185, -726, -448, 721, 693, -714, -620, 692, 482, -735, -448, 932, 358, -1052, -73, 793, -149, -244, -71, -132, 688, 152, -1192, -89, 1278, 203, -1010, -530, 488, 864
1791219590.220, MrmDetectionListInfo, 394, 123, 233, 2051, 234, 2688, 235, 3411, 236, 4107, 237, 4736, 238, 5310, 239, 5824, 240, 6240, 241, 6512, 242, 6641, 243, 6719, 244, 6884, 245, 7211, 246, 7636, 247, 7978, 248, 8050, 249, 7766, 250, 7151, 251, 6286, 252, 5350, 253, 4690, 254, 4771, 255, 5906, 256, 7894, 257, 10202, 258, 12617, 259, 15402, 260, 18750, 261, 22295, 262, 25304, 263, 27290, 264, 28265, 265, 28456, 266, 27965, 267, 26756, 268, 24849, 269, 22400, 270, 19609, 271, 16605, 272, 13447, 273, 10290, 274, 7620, 275, 6155, 276, 6323, 277, 7861, 278, 9857, 279, 11290, 280, 11749, 281, 11574, 282, 11276, 283, 11021, 284, 10691, 285, 10222, 286, 9731, 287, 9362, 288, 9130, 289, 8942, 290, 8698, 291, 8360, 292, 7917, 293, 7358, 294, 6674, 295, 5882, 296, 5024, 297, 4140, 298, 3253, 299, 2383, 305, 2508, 306, 2917, 307, 3194, 308, 3401, 309, 3553, 310, 3654, 311, 3734, 312, 3835, 313, 3977, 314, 4150, 315, 4330, 316, 4500, 317, 4649, 318, 4753, 319, 4775, 320, 4670, 321, 4396, 322, 3955, 323, 3460, 324, 3128, 325, 3133, 326, 3466, 327, 3886, 328, 4069, 329, 3886, 330, 3498, 331, 3156, 338, 3165, 339, 3520, 340, 3774, 341, 3884, 342, 3860, 343, 3720, 344, 3472, 345, 3122, 346, 2684, 347, 2183, 357, 1223, 370, 1818, 371, 2289, 372, 2656, 373, 2715, 374, 2492, 375, 2153, 376, 1819, 377, 1502, 393, 1080, 396, 1311, 397, 1561, 398, 1802, 399, 1953, 400, 1988, 411, 1496, 412, 1345, 413, 1198, 414, 1005
1791219590.345, MrmFullScanInfo, 395, 107, 2199740, 0, 0, 0, 0, 10000, 39297, 32, 1, 2, 1, 480, -338386, 511546, 404716, -503915, -477806, 465116, 517588, -332047, -520192, -50054, 519609, 441675, -462972, -517170, 168060, 517850, 143102, -519625, -332622, 511706, 367093, -436468, -285781, 104159, 231566, 184266, -6960, -242224, -180545, 432693, 137326, -455508, 2680, 512582, -142462, -511023, 172848, 512588, -148560, -515308, 55990, 515585, 80186, -462305, -266418, 322488, 405815, -68316, -456452, -185807, 380938, 377712, -245662, -477075, 61229, 458606, 108849, -387194, -206863, 270545, 239497, -136134, -184352, 23338, 89558, 42553, 9872, -60513, -92827, 45115, 132736, -6421, -113284, -36286, 48391, 52619, 38781, -28971, -119948, -30068, 158042, 102236, -155624, -158253, 113127, 185412, -45495, -169474, -33044, 113163, 92095, -36902, -112854, -40639, 95956, 94578, -48766, -116032, -2710, 93870, 36853, -53732, -38639, 11968, 15038, 16010, 18675, -19247, -43417, 1088, 51918, 19765, -39881, -33302, 13620, 34560, 13965, -21333, -29088, -2330, 32092, 22857, -23462, -33622, 4210, 32209, 11416, -21294, -17119, 4405, 11799, 8043, -1974, -11846, -9313, 8165, 13900, -1456, -8707, -2915, -455, 4356, 8149, 1729, -11851, -10021, 10937, 14750, -3628, -15537, -4844, 11681, 9172, -2655, -9579, -5681, 7003, 9749, -1403, -9120, -2722, 5666, 1979, -2374, 2539, 246, -7267, -2697, 9700, 7676, -8504, -11731, 2962, 14247, 4874, -13369, -7513, 8217, 12029, -954, -13804, -5566, 10939, 8775, -5441, -10024, 922, 7201, 1785, -3402, -1939, 378, 464, 486, 3108, 264, -4666, -2710, 3531, 6296, -501, -8334, -2223, 8055, 5746, -6067, -7435, 3607, 7591, -851, -5678, -957, 4178, 998, -2544, -1124, 767, 755, -196, -508, 1191, -15, -688, -823, 561, 1065, -566, -675, -121, -366, 498, 9, -1128, -100, 974, 1308, -395, -991, -369, 1113, 1246, -1021, -922, 1076, 442, -1224, -974, 2720, 2701, -5106, -4978, 8498, 9629, -11873, -15071, 15824, 19312, -17558, -22137, 17913, 23656, -16104, -21229, 12779, 16813, -7686, -10601, 1469, 3237, 3541, 3125, -6982, -8507, 6742, 9906, -6780, -8320, 5824, 5219, -5157, -856, 5148, -2785, -5086, 4777, 5248, -4387, -5359, 2683, 4681, 490, -2912, -3636, 266, 5664, 2729, -6110, -4764, 5910, 5798, -5581, -6198, 4559, 5993, -3973, -5375, 4498, 4970, -5273, -4966, 5421, 5627, -4497, -6459, 2510, 5969, 624, -5053, -3728, 3181, 5723, -2514, -6820, 1327, 7567, -17, -7473, 76, 6674, -460, -6292, -11, 6259, 824, -4935, -2267, 3401, 3630, -1782, -5157, -341, 5548, 2063, -5345, -2512, 4916, 1738, -4098, -1293, 4308, -426, -4993, 1638, 6074, -2415, -7132, 1374, 8146, -323, -8830, -1475, 7715, 1829, -6313, -3147, 4948, 2200, -3611, -543, 2916, -3, -2757, 694, 2953, -693, -2999, -51, 3465, 654, -3511, -851, 3500, 1693, -3416, -3115, 4056, 2057, -3902, -3730, 3681, 3930, -3455, -4136, 2707, 2984, -1590, -2609, 62, 72, 1001, 3892, -2575, -6362, 3719, 9960, -5546, -13147, 7070, 15004, -7497, -16000, 6984, 15790, -5182, -14278, 1360, 10518, 3095, -4935, -8264, 66, 11846, 5676, -11930, -9701, 11083, 11840, -8140, -11317, 4847, 8909, -3124, -5659, 1879, 3635, -2328, -2094, 3315, 2693, -4040, -4456, 3144, 6378, -274, -7254, -3352, 6594, 7215, -3250, -8091, -447, 8409, 3005, -7070, -4675, 3786, 5225, -123, -3732, -2610, 100, 4075, 2843, -3801, -3976, 1964, 3989, 349, -4567, -1743, 3209, 1879, -1224, -1831, 542, 550, -279, 209, 409, -415
1791219590.345, MrmFullScanInfo, 395, 107, 2199740, 0, 0, 0, 0, 10000, 39297, 32, 2, 2, 1, 480, 0, 0, 0, 0, 0, 0, 165523, -232105, -311454, 473964, 368391, -497520, -398233, 271472, 451685, 61455, -481071, -339467, 399404, 505246, -198589, -586777, -26988, 595899, 176734, -498424, -221570, 282768, 188076, -1486, -117056, -262408, 57918, 448003, -60824, -530795, 134185, 522583, -232809, -469214, 296883, 423241, -292168, -414265, 216721, 432682, -84945, -437011, -81316, 380304, 250343, -241354, -381400, 39914, 437054, 172997, -398978, -342834, 278885, 434877, -116235, -440797, -36380, 372480, 135481, -254547, -162619, 119957, 125957, -2484, -51390, -73295, -29195, 98196, 86899, -78441, -102758, 32537, 72313, 14170, -6281, -38209, -73477, 27380, 141505, 14732, -177130, -71353, 170080, 120388, -122393, -143392, 48146, 131686, 30192, -88327, -89134, 26075, 113131, 36659, -100278, -81504, 62264, 96740, -18704, -81715, -11789, 46719, 19604, -8274, -6833, -18017, -15947, 24389, 35580, -13327, -42012, -5617, 32394, 21329, -11610, -25842, -11227, 17429, 27346, -746, -31573, -16323, 24058, 26733, -10025, -26926, -3196, 17957, 10094, -4757, -9146, -6550, 2920, 11866, 3687, -10578, -6387, 5254, 3905, -97, 2006, -1447, -8107, -1349, 11257, 6502, -9836, -10854, 4614, 11749, 1908, -8331, -7010, 2111, 8928, 4022, -7523, -7621, 4453, 7811, -2183, -5411, 2299, 2470, -4581, -1168, 7379, 2612, -8601, -6288, 7070, 10403, -3090, -12677, -2196, 11588, 7523, -7367, -11457, 1668, 12602, 3567, -10609, -6857, 6585, 7531, -2361, -5916, -402, 3190, 887, -744, 531, -301, -2494, -595, 3603, 3114, -3173, -6058, 1304, 8047, 1401, -8299, -4026, 6873, 5699, -4449, -6029, 1959, 5163, -120, -3577, -843, 1942, 1071, -836, -831, 416, 490, -438, -327, 573, 317, -562, -266, 245, 163, 312, -63, -817, -87, 1005, 387, -769, -790, 236, 1175, 283, -1438, -534, 1617, 618, -2043, -900, 3284, 1761, -5777, -3466, 9598, 6062, -14352, -9191, 19153, 12218, -22811, -14493, 24308, 15477, -23091, -14785, 19093, 12375, -12769, -8625, 5167, 4167, 2166, 260, -7698, -3838, 10575, 5801, -10863, -5692, 9348, 3659, -7037, -423, 4822, -2896, -3277, 5179, 2629, -5712, -2702, 4390, 2988, -1642, -2871, -1715, 1973, 4774, -355, -6875, -1531, 7805, 3151, -7715, -4157, 7028, 4486, -6294, -4272, 5948, 3806, -5998, -3478, 6056, 3578, -5580, -4076, 4159, 4656, -1756, -5001, -1172, 4997, 3916, -4623, -5924, 3952, 7012, -3181, -7249, 2557, 6891, -2104, -6266, 1597, 5589, -746, -4859, -591, 3989, 2311, -2919, -4046, 1692, 5372, -543, -5973, -197, 5827, 322, -5238, 213, 4688, -1300, -4533, 2602, 4892, -3577, -5718, 3795, 6784, -3209, -7640, 2080, 7842, -771, -7243, -250, 6049, 614, -4604, -277, 3302, -420, -2455, 1052, 2191, -1321, -2425, 1181, 2942, -774, -3462, 195, 3866, 469, -4201, -1078, 4492, 1566, -4664, -2006, 4660, 2388, -4401, -2536, 3735, 2305, -2559, -1490, 886, -82, 1218, 2371, -3638, -5055, 6227, 7739, -8757, -10048, 10853, 11683, -11997, -12518, 11713, 12528, -9678, -11600, 5807, 9661, -409, -6823, -5553, 3369, 10696, 381, -13810, -3970, 14392, 6725, -12728, -8014, 9687, 7646, -6399, -6017, 3878, 3947, -2684, -2318, 2747, 1775, -3350, -2502, 3490, 4140, -2374, -5863, -77, 6677, 3230, -5940, -6130, 3780, 7890, -950, -7918, -1675, 6120, 3354, -3021, -3563, -438, 2312, 3236, -253, -4541, -1800, 4098, 3362, -2450, -4147, 565, 3979, 791, -2987, -1308, 1688, 1074
1791219590.345, MrmFullScanInfo, 395, 107, 2199740, 0, 0, 0, 0, 10000, 39297, 32, 4, 2, 1, 480, 0, 0, 0, 0, 0, 0, 164, -261, -147, 802, -191, -1437, 659, 1784, -973, -1497, 720, 843, 74, -376, -751, 254, 820, -197, -365, 90, -219, 26, 510, -63, -53, -38, -848, 287, 1183, -443, -694, 259, -173, 245, 950, -797, -1541, 1002, 1644, -670, -1043, -101, 182, 883, 496, -1204, -785, 1006, 1003, -602, -1157, 350, 984, -161, -390, -15, -240, 67, 452, 0, -267, -2, -102, -132, 417, 227, -573, -225, 638, 219, -671, -262, 608, 303, -393, -259, 137, 95, -16, 186, -1, -499, -1, 649, 88, -567, -314, 387, 521, -244, -467, 149, 182, 12, 163, -261, -394, 480, 423, -514, -271, 337, 117, -85, -35, -116, -23, 240, 125, -250, -215, 122, 229, 103, -219, -307, 231, 463, -292, -605, 399, 711, -537, -694, 636, 532, -574, -311, 336, 181, -33, -185, -192, 250, 288, -259, -279, 208, 240, -156, -207, 136, 183, -144, -165, 178, 157, -210, -141, 157, 141, 0, -217, -144, 338, 136, -352, 54, 173, -336, 113, 580, -295, -694, 278, 693, -112, -611, -85, 457, 276, -223, -459, -31, 558, 208, -461, -299, 247, 343, -120, -315, 166, 202, -244, -65, 250, -58, -203, 179, 130, -235, -30, 168, -56, -42, 66, 27, 2, -153, -45, 348, 17, -506, 31, 543, -7, -449, -125, 305, 263, -231, -263, 206, 106, -102, 46, -106, -4, 368, -215, -657, 453, 1044, -567, -1624, 546, 2480, -420, -3551, 154, 4623, 284, -5461, -723, 5948, 910, -5914, -850, 5221, 810, -3953, -913, 2376, 1052, -738, -1101, -754, 985, 1892, -596, -2498, -123, 2603, 1051, -2515, -1750, 2644, 1625, -3148, -401, 3839, -1589, -4359, 3690, 4368, -5569, -3688, 7187, 2339, -8257, -553, 8255, -1236, -7017, 2673, 5072, -3612, -3090, 4058, 1532, -3998, -623, 3572, 412, -3069, -797, 2659, 1610, -2278, -2647, 1841, 3749, -1397, -4834, 963, 5852, -369, -6660, -557, 7055, 1789, -6850, -3123, 6051, 4279, -4935, -4927, 3822, 4825, -2779, -3997, 1684, 2707, -513, -1381, -548, 470, 1338, -92, -1849, 45, 2195, -137, -2407, 346, 2503, -571, -2522, 566, 2502, -233, -2412, -248, 2047, 725, -1194, -1093, -51, 1157, 1245, -665, -1980, -315, 2162, 1353, -1832, -1947, 1050, 1871, -102, -1184, -525, 42, 595, 1349, -301, -2671, -94, 3598, 492, -3958, -754, 3806, 754, -3346, -515, 2765, 247, -2169, -171, 1684, 377, -1472, -703, 1554, 874, -1680, -783, 1630, 509, -1372, -171, 1003, -49, -659, -7, 499, 248, -503, -392, 441, 485, -152, -701, -239, 939, 537, -919, -681, 610, 721, -325, -668, 401, 455, -945, -95, 1770, -106, -2567, -168, 3195, 781, -3565, -1207, 3538, 1172, -3038, -874, 2256, 582, -1477, -410, 711, 432, 126, -722, -814, 1175, 1079, -1500, -1013, 1518, 1044, -1307, -1331, 1100, 1696, -1063, -1968, 1104, 2121, -1052, -2188, 891, 2146, -681, -1940, 359, 1620, 237, -1313, -1033, 1080, 1774, -698, -2397, 83, 2996, 369, -3304, -340, 2878, 166, -1814, -335, 765, 794, -156, -1198, -93, 1511, 298
1791219590.345, MrmDetectionListInfo, 395, 83, 238, 1998, 239, 2225, 240, 2477, 241, 2761, 242, 3052, 243, 3295, 244, 3440, 245, 3462, 246, 3369, 247, 3185, 248, 2931, 249, 2626, 250, 2287, 251, 1926, 258, 1392, 259, 1491, 260, 1458, 261, 1424, 263, 1799, 264, 2073, 265, 2227, 266, 2246, 267, 2187, 268, 2105, 269, 2106, 270, 2361, 271, 2930, 272, 3651, 273, 4278, 274, 4690, 275, 4924, 276, 5062, 277, 5115, 278, 5032, 279, 4794, 280, 4508, 281, 4356, 282, 4390, 283, 4459, 284, 4376, 285, 4098, 286, 3719, 287, 3352, 288, 3027, 289, 2718, 290, 2414, 291, 2143, 292, 1942, 293, 1830, 294, 1802, 295, 1844, 296, 1942, 297, 2082, 298, 2245, 299, 2413, 301, 2738, 302, 2899, 305, 3305, 306, 3409, 307, 3565, 308, 3816, 309, 4147, 310, 4484, 311, 4740, 312, 4874, 313, 4904, 314, 4863, 315, 4758, 316, 4575, 317, 4297, 318, 3926, 319, 3469, 356, 1751, 357, 1460, 370, 2342, 371, 2382, 372, 2284, 373, 2113, 374, 1923, 375, 1724, 376, 1511, 377, 1299, 388, 1110
1791219590.470, MrmFullScanInfo, 396, 107, 2199865, 0, 0, 0, 0, 10000, 39297, 32, 1, 2, 1, 480, -336592, 512858, 403385, -502371, -478299, 465174, 517935, -328048, -520182, -48541, 519710, 446478, -463948, -516757, 166420, 518197, 142589, -519842, -334950, 511714, 365726, -434863, -289248, 104008, 229969, 183294, -7051, -243065, -176024, 432876, 133128, -455973, 3050, 513250, -138204, -512005, 173917, 512558, -142381, -515035, 56348, 515502, 84229, -460090, -263241, 322284, 406429, -64879, -453893, -188268, 379091, 377779, -243738, -473675, 55795, 456803, 108232, -385645, -203749, 269405, 235154, -137042, -181075, 24789, 87122, 39671, 8642, -57896, -89983, 44728, 133428, -5268, -111194, -35594, 46427, 49804, 39097, -26188, -118615, -32075, 156938, 101305, -153353, -157204, 113080, 185056, -43837, -168110, -32156, 113104, 90457, -36693, -110830, -39943, 95271, 93963, -49047, -115619, -2797, 92872, 35543, -53490, -37830, 12323, 15132, 16023, 18579, -18623, -43985, 2461, 52504, 21008, -40170, -33402, 13673, 35124, 13558, -21822, -29430, -1367, 32192, 22541, -22850, -32461, 1731, 30967, 11791, -18328, -16445, 3462, 10822, 8378, -819, -12126, -9891, 7185, 13593, -876, -8545, -4276, -547, 2225, 6291, 2483, -11994, -9928, 10642, 15302, -2700, -14726, -5109, 11203, 10005, -2687, -10044, -5928, 9009, 9380, -3099, -10183, -2999, 5654, 2294, -2730, 2411, 220, -6547, -2269, 9087, 7453, -8330, -11730, 3671, 15730, 4975, -15049, -8336, 8135, 12306, -625, -13644, -5107, 10778, 8978, -5330, -9783, 762, 7602, 1350, -1633, -1145, 32, -367, 405, 2710, 529, -4490, -2958, 3446, 6603, -673, -8150, -2599, 7392, 6148, -5701, -7978, 3945, 7877, -1467, -5797, -1154, 4084, 1333, -1821, -1378, 931, 550, -633, -725, 1201, 224, -1579, -708, 2055, 816, -384, -493, -450, 246, 937, 65, -1314, -373, 1210, 862, -410, -1320, -572, 500, 1509, -477, -867, 1538, 126, -3134, -956, 5931, 1963, -10743, -3621, 16281, 6349, -21816, -8428, 25742, 12975, -24567, -12993, 23120, 11871, -18233, -9148, 11469, 4980, -5766, -1511, 1773, -777, -383, 484, 1997, 28, -6122, -6959, 8114, 14375, -8065, -21711, 5721, 25604, -2338, -26306, -1952, 21518, 5316, -13976, -6293, 5958, 5796, 1851, -3302, -4441, 1009, 7880, 2862, -5009, -3467, 2038, 1950, 312, -548, -559, -527, -1414, 383, 3437, 1749, -4647, -2016, 2442, 6900, 982, -7007, -3984, 3877, 8488, -1170, -10189, -2473, 9017, 5955, -5647, -6028, 885, 3354, -1421, -49, 1157, -2417, -1516, 4811, 4303, -4092, -4771, 2243, 5719, 1874, -3671, -4625, 444, 3768, 1556, -6654, -3300, 6247, 2681, -3999, -417, 4954, -2800, -5848, 3056, 7752, -3513, -8890, 4064, 9150, 679, -9468, -2755, 6727, 1691, -3805, -1956, 2531, -66, -1433, 785, 1576, -2016, -2399, 3307, 4193, -836, -3097, -432, 1583, 431, -2351, -1760, 1185, 2479, -1795, -2936, 2895, 2356, -3809, -3060, 4854, 3201, -5131, -4020, 4991, 3667, -4079, -2885, 2644, 672, 1108, 3060, -1614, -7023, 3295, 10005, -5310, -13003, 6945, 14939, -8248, -16317, 7610, 15397, -5970, -15126, 2021, 10349, 2800, -5245, -7986, -290, 11138, 5362, -12052, -9934, 10716, 12124, -8157, -11724, 4808, 8510, -3737, -6169, 2407, 3713, -2737, -2017, 4320, 3062, -4483, -4388, 3445, 6932, -678, -7903, -3908, 8536, 6575, -4684, -8252, 1755, 9797, 1735, -8353, -4757, 5508, 5641, -1382, -4527, -1710, 3137, 4073, 1759, -3546, -2150, 2150, 2535, -150, -3042, -1592, 1824, 2220, 353, -1337, -2110, -53, 1822, 1678, -1859, -1700
1791219590.470, MrmFullScanInfo, 396, 107, 2199865, 0, 0, 0, 0, 10000, 39297, 32, 2, 2, 1, 480, 0, 0, 0, 0, 0, 0, 165323, -231678, -311372, 472952, 368732, -496099, -398983, 269894, 452576, 62901, -481761, -340550, 399537, 505873, -198121, -587049, -27867, 595854, 177819, -498219, -222537, 282631, 188852, -1500, -118176, -262209, 59989, 447519, -63185, -530268, 135489, 522610, -232334, -470064, 294990, 424586, -289610, -415454, 214295, 433157, -83355, -436410, -81836, 378522, 249960, -238730, -380509, 37427, 435551, 174240, -396579, -342563, 276078, 433631, -114521, -439163, -35750, 370813, 132668, -253326, -158956, 119788, 123063, -3663, -50128, -71100, -29011, 95865, 85890, -76941, -101312, 32457, 70681, 12796, -4915, -36008, -74050, 25359, 141042, 15847, -175802, -71479, 168434, 119897, -121163, -142665, 47924, 130940, 29285, -87703, -87629, 25722, 111784, 36576, -99582, -80948, 62284, 95900, -19200, -80926, -11178, 46297, 19131, -8226, -6493, -17921, -16272, 24318, 35933, -13242, -42379, -5829, 32741, 21703, -11890, -26380, -10997, 18095, 26935, -1465, -30691, -15535, 22767, 25732, -8808, -25657, -3809, 16604, 9935, -3666, -8466, -7099, 2161, 11721, 4231, -9966, -6772, 4814, 4277, -335, 1686, -629, -7911, -2179, 11081, 6918, -9457, -10826, 3953, 11521, 2805, -8223, -8128, 2253, 10174, 3736, -8608, -7434, 5062, 7896, -2252, -5698, 1975, 2758, -4037, -1315, 6837, 2702, -8319, -6587, 7150, 11068, -3373, -13526, -1969, 12270, 7471, -7705, -11509, 1741, 12636, 3634, -10599, -6885, 6617, 7279, -2529, -5297, -140, 2445, 672, -273, 610, -311, -2497, -912, 3624, 3425, -3162, -6099, 1099, 7849, 1863, -8154, -4575, 7000, 6073, -4742, -6078, 2113, 4959, 15, -3357, -1135, 1907, 1303, -1046, -901, 884, 375, -1123, -12, 1246, -69, -903, -71, 167, 283, 613, -369, -1122, 192, 1191, 219, -791, -672, 101, 1045, 488, -1433, -632, 2140, 358, -3610, 17, 6355, -225, -10631, 214, 16110, 118, -21697, -915, 25945, 2098, -27635, -3204, 26155, 3680, -21645, -3345, 15073, 2403, -8125, -1298, 2685, 450, -166, -280, 977, 1421, -4319, -4524, 8551, 9601, -11904, -15572, 13135, 20637, -11772, -22980, 8174, 21613, -3383, -16738, -1197, 9767, 4349, -2589, -5361, -3111, 4289, 6283, -1997, -6654, -268, 4841, 1564, -2299, -1674, 595, 1049, -555, -333, 1796, 252, -3038, -1354, 3144, 3408, -1657, -5277, -1273, 5778, 4939, -4557, -8049, 2034, 9264, 852, -8193, -2868, 5659, 3084, -2962, -1419, 1114, -1282, -504, 3746, 1088, -4812, -2380, 3906, 3567, -1440, -3878, -1602, 2999, 4370, -1409, -6273, 85, 6936, 155, -6414, 861, 5460, -2629, -4977, 4438, 5332, -5566, -6311, 5406, 7408, -3932, -7981, 1906, 7465, -305, -5822, -391, 3700, 197, -1922, 692, 1060, -1839, -1155, 2617, 1721, -2533, -2212, 1613, 2397, -309, -2391, -942, 2462, 1822, -2818, -2134, 3519, 1965, -4394, -1655, 5208, 1520, -5727, -1572, 5723, 1550, -4877, -1055, 2998, -213, -274, 2321, -2819, -5002, 5884, 7752, -8718, -10077, 11047, 11659, -12424, -12425, 12337, 12406, -10392, -11510, 6479, 9610, -956, -6772, -5144, 3298, 10398, 491, -13612, -4146, 14300, 6951, -12765, -8206, 9891, 7738, -6774, -6001, 4401, 3861, -3309, -2192, 3402, 1670, -3948, -2520, 3944, 4461, -2709, -6663, 280, 7988, 2799, -7611, -5821, 5521, 8041, -2421, -8707, -752, 7448, 3179, -4571, -4227, 1010, 3698, 2076, -2017, -3755, -5, 3678, 1675, -2249, -2586, 382, 2447, 1049, -1300, -1546, -315, 1126
1791219590.470, MrmFullScanInfo, 396, 107, 2199865, 0, 0, 0, 0, 10000, 39297, 32, 4, 2, 1, 480, 0, 0, 0, 0, 0, 0, -131, 301, 34, -639, 231, 775, -433, -804, 435, 832, -347, -776, 150, 517, 136, -194, -501, -124, 904, 281, -1044, -210, 962, 68, -1064, 80, 1585, -281, -1737, 292, 952, 132, 392, -692, -1470, 944, 1937, -740, -1819, 231, 1249, 458, -500, -1296, -178, 2044, 595, -2045, -1109, 1000, 1937, 399, -2433, -1275, 1612, 1568, 469, -1568, -2586, 1158, 3546, -121, -2950, -1262, 1448, 2297, -53, -2413, -747, 1576, 1160, -181, -1354, -1239, 1167, 2072, -477, -1960, -499, 1176, 1336, -309, -1639, -254, 1268, 518, -378, -589, -650, 507, 1279, -274, -1267, -75, 801, 415, -218, -590, -229, 533, 421, -268, -376, 23, 308, 32, -341, 35, 430, -11, -488, -178, 469, 441, -385, -693, 320, 881, -499, -979, 991, 1080, -1448, -1274, 1429, 1458, -822, -1434, -26, 1117, 658, -592, -815, -56, 624, 515, -454, -371, 436, -277, -389, 850, 265, -868, -230, 467, 419, -30, -685, -194, 919, 141, -1172, 48, 1358, -193, -1217, 174, 686, -18, -39, -89, -424, 62, 646, 59, -591, -76, 263, -183, 172, 622, -459, -881, 457, 758, -250, -427, 54, 173, -10, -33, 72, 40, -64, -271, -68, 584, 193, -648, -185, 337, 94, 105, -44, -376, 52, 354, 28, -122, -254, -47, 503, -65, -565, 356, 390, -488, -105, 293, -102, 25, 123, -180, 0, 142, -182, -35, 459, -92, -766, 267, 848, -328, -555, 90, 144, 364, 64, -804, -49, 1111, -65, -1360, 260, 1662, -566, -1918, 870, 1833, -917, -1152, 536, -128, 313, 1858, -1674, -3787, 3686, 5444, -6175, -6077, 8533, 5192, -10200, -2973, 11188, 85, -11820, 2690, 12057, -4438, -11498, 4156, 9753, -1242, -6864, -3995, 3150, 10332, 1281, -16127, -6507, 19984, 12122, -21133, -16928, 19491, 19546, -15548, -19117, 10287, 15746, -4928, -10399, 574, 4663, 2158, -43, -3183, -2559, 2934, 2989, -2242, -1624, 1871, -722, -2090, 2825, 2657, -3663, -3064, 3087, 2913, -1923, -1933, 1309, 167, -1794, 1725, 3217, -2664, -5057, 1957, 6599, 196, -6979, -3041, 5571, 5600, -2587, -6836, -904, 6156, 3696, -3761, -5067, 567, 4983, 2305, -3704, -3992, 1722, 4187, 177, -3268, -1211, 1873, 1085, -477, -233, -556, -541, 922, 635, -568, 38, -32, -1046, 276, 1901, 25, -2230, -619, 1802, 1154, -760, -1328, -260, 918, 638, 27, -348, -1027, -237, 1516, 868, -1252, -1378, 502, 1505, 152, -1022, -316, 78, 7, 894, 474, -1504, -824, 1562, 896, -1076, -613, 289, 20, 460, 774, -890, -1596, 933, 2263, -675, -2489, 224, 2132, 238, -1401, -462, 677, 365, -181, -189, -114, 199, 284, -453, -391, 832, 535, -1159, -774, 1370, 1017, -1480, -1081, 1467, 926, -1265, -685, 955, 458, -677, -263, 393, 116, 2, -42, -386, 43, 571, -15, -560, -87, 564, 198, -620, -204, 614, 44, -413, 122, 17, -95, 426, -41, -767, 11, 910, 312, -777, -706, 364, 929, 288, -871, -969, 536, 1432, 3, -1616, -531, 1670, 747, -1660, -540, 1489, 134, -1275, 179, 1252, -240, -1416, 114
1791219590.470, MrmDetectionListInfo, 396, 81, 254, 1441, 255, 2547, 256, 3630, 257, 4562, 258, 5413, 259, 6227, 260, 6904, 261, 7299, 262, 7355, 263, 7131, 264, 6725, 265, 6266, 266, 6035, 267, 6370, 268, 7237, 269, 8087, 270, 8360, 271, 7947, 272, 7063, 273, 5935, 274, 4850, 275, 4248, 276, 4429, 277, 5296, 278, 6567, 279, 8177, 280, 10304, 281, 12887, 282, 15389, 283, 17240, 284, 18319, 285, 18829, 286, 18892, 287, 18409, 288, 17257, 289, 15482, 290, 13272, 291, 10818, 292, 8254, 293, 5741, 294, 3607, 295, 2229, 296, 1668, 297, 1683, 298, 2083, 299, 2680, 300, 3073, 301, 2916, 307, 2630, 308, 3196, 309, 3411, 310, 3279, 311, 2952, 312, 2547, 313, 2087, 319, 3027, 320, 3662, 321, 3905, 322, 3897, 323, 3802, 324, 3803, 325, 4099, 326, 4646, 327, 5063, 328, 4997, 329, 4510, 330, 3990, 331, 3790, 332, 3972, 333, 4249, 334, 4182, 335, 3624, 338, 3136, 339, 3549, 340, 3493, 341, 2955, 388, 1295, 397, 1165, 398, 1417, 399, 1503, 400, 1521
1791219590.595, MrmFullScanInfo, 397, 107, 2199990, 0, 0, 0, 0, 10000, 39297, 32, 1, 2, 1, 480, -333892, 512793, 402945, -503840, -478012, 465695, 518243, -329780, -520186, -48923, 519739, 447519, -461499, -517287, 167790, 517938, 136992, -519438, -334494, 511296, 367636, -438448, -286757, 100862, 232340, 182997, -1618, -241841, -177494, 433306, 136431, -454091, 2611, 510203, -142280, -510627, 179747, 512643, -139588, -515314, 58096, 514622, 81777, -460572, -263015, 324290, 403002, -67128, -457316, -183907, 379551, 376215, -247827, -474328, 55347, 457781, 110252, -386026, -207190, 271756, 237960, -138550, -183724, 23667, 90071, 42527, 8307, -62880, -92408, 46083, 131707, -4858, -112203, -35586, 47952, 52594, 38828, -27826, -119978, -29696, 158687, 101753, -156153, -157057, 113941, 184404, -44778, -168014, -33699, 112958, 91877, -36710, -111870, -40393, 95739, 92945, -48849, -115176, -3375, 92329, 37003, -53417, -38085, 11470, 14083, 15448, 19445, -18265, -44203, -316, 51313, 20489, -40692, -33676, 12725, 34849, 13578, -21649, -29278, -638, 32708, 21587, -23397, -32534, 4750, 30617, 10875, -20108, -16083, 3169, 10970, 8900, -88, -10897, -10274, 7127, 14184, -32, -8878, -4078, 729, 4413, 7325, 1326, -11319, -9763, 10772, 14750, -3716, -15472, -5539, 10710, 9478, -2344, -10143, -6671, 7997, 11129, -1953, -10299, -2860, 6562, 2196, -2558, 1781, 1149, -6181, -2902, 8221, 7414, -8114, -12167, 1876, 15284, 5716, -13942, -8197, 8404, 12018, -1114, -13631, -6227, 11152, 9367, -5532, -10362, 1024, 7740, 1218, -3565, -2185, 472, 823, 443, 2532, 862, -3889, -3334, 3496, 6096, -697, -8453, -2281, 7720, 5673, -5320, -7903, 3619, 7347, -538, -5477, -1533, 3660, 1553, -2239, -1317, 856, 935, -1128, -674, 1244, 974, -1144, -800, 280, 674, -803, -340, -50, 183, 1210, 127, -1614, -542, 1089, 973, -1335, -1056, 1098, -63, -1190, -127, 1793, -1790, -2730, 3923, 4099, -5903, -6058, 9667, 8190, -14198, -9603, 18633, 9446, -21470, -13057, 19190, 12362, -17548, -12997, 12969, 13094, -7015, -13170, 1324, 12652, 3372, -10017, -7172, 5968, 9779, -1468, -11069, -1509, 10579, 4636, -8289, -5777, 5176, 5838, -3495, -5426, 1940, 4062, -1060, -2864, 355, 1962, 116, -1640, -524, 2447, 1165, -3716, -637, 5586, 3041, -5088, -6846, 5479, 8450, -5038, -9776, 1722, 9795, 158, -7858, -2266, 5182, 2746, -869, -4938, -2289, 5626, 5144, -3720, -6446, 1750, 6733, 1139, -4896, -1972, 2620, 3146, 50, -4070, -3481, 3323, 4062, -1970, -4182, 1841, 4155, -1205, -4291, 402, 4858, 222, -4727, 234, 4898, 1162, -5840, -873, 5554, -313, -5627, -87, 6222, -170, -6293, -231, 6528, 282, -6727, -203, 6639, 2394, -4495, -2026, 3821, 1968, -3046, -2256, 1694, 1822, -283, -305, 177, -913, -117, 1631, 377, -2595, 390, 2763, 1130, -3270, -2748, 2246, 2619, -1509, -2954, 134, 3775, 1368, -3744, -2789, 3407, 3706, -2604, -3995, 2140, 3549, -1740, -2360, 1686, 855, 1334, 3850, -1209, -6597, 3004, 9322, -5088, -12980, 6382, 15847, -7061, -17906, 6410, 18921, -3505, -18747, -196, 13170, 6043, -8224, -10313, 1929, 12901, 3161, -13287, -8148, 11041, 10699, -8127, -11136, 4778, 7902, -3710, -6560, 2238, 4065, -2552, -2891, 3587, 4139, -4307, -5483, 3440, 7326, -1186, -9066, -2510, 8811, 4698, -4534, -7887, 2016, 9003, 1395, -7716, -3811, 5845, 5065, -2694, -4513, 210, 2406, 893, 1900, -617, -1895, 145, 2145, 133, -2687, -1559, 1969, 1855, -1476, -1885, 372, 891, 200, 465, 878, 851
1791219590.595, MrmFullScanInfo, 397, 107, 2199990, 0, 0, 0, 0, 10000, 39297, 32, 2, 2, 1, 480, 0, 0, 0, 0, 0, 0, 165090, -231954, -310965, 473589, 368293, -496789, -398516, 270151, 452098, 63281, -481794, -341103, 400709, 505813, -200090, -586371, -26176, 595280, 177034, -498133, -222222, 282760, 188169, -1438, -116559, -262537, 57552, 447808, -60941, -529867, 134714, 521065, -233422, -467721, 296991, 422402, -291380, -414169, 215582, 432866, -84663, -436899, -80366, 379783, 248698, -240863, -380021, 40168, 436051, 171717, -397564, -341157, 276636, 433795, -113899, -440853, -37508, 373407, 135024, -255639, -161433, 120517, 125300, -2261, -51892, -73911, -27800, 98566, 85353, -78282, -101662, 32198, 71810, 14220, -6103, -37969, -73673, 27263, 141854, 14316, -177461, -70353, 170068, 119136, -121908, -142367, 47504, 131154, 30476, -88284, -88862, 26432, 112474, 35938, -99478, -80541, 61515, 95776, -18251, -80967, -11718, 46323, 18974, -8309, -5880, -17534, -16906, 23598, 36295, -12487, -42380, -6295, 32466, 21886, -11513, -26519, -11312, 18416, 27307, -2019, -31420, -14918, 23938, 25293, -10103, -25493, -2811, 16670, 9348, -3881, -8090, -6755, 1742, 11345, 4815, -9607, -7455, 4314, 4929, 443, 1133, -1568, -7539, -1425, 10985, 6522, -9667, -10675, 4306, 11369, 2487, -7800, -7853, 1444, 9910, 4827, -8413, -8489, 4996, 8649, -2221, -6198, 1812, 3211, -3708, -1835, 6357, 3217, -7643, -6943, 6297, 11168, -2549, -13430, -2477, 12088, 7600, -7434, -11490, 1323, 12755, 4118, -10930, -7372, 6987, 7874, -2679, -6089, -342, 3326, 1152, -1036, 71, 205, -2097, -1144, 3442, 3439, -3211, -6013, 1338, 7706, 1523, -7871, -4256, 6510, 5846, -4111, -5971, 1527, 4975, 393, -3476, -1284, 2096, 1346, -1237, -997, 903, 611, -826, -362, 765, 242, -533, -191, 23, 188, 669, -175, -1254, 53, 1553, 136, -1592, -207, 1510, -40, -1464, 807, 1599, -2247, -1966, 4452, 2574, -7470, -3311, 11347, 3828, -15796, -3923, 19886, 3877, -22440, -4212, 22734, 5204, -20693, -6766, 16747, 8718, -11598, -10614, 6108, 11719, -933, -11304, -3626, 9235, 7398, -6068, -10012, 2632, 11002, 432, -10250, -2766, 8255, 4168, -5851, -4567, 3705, 4102, -2065, -3159, 919, 2288, -165, -1973, -208, 2467, 276, -3587, -491, 4920, 1488, -6157, -3396, 6997, 5634, -6985, -7433, 5791, 8272, -3624, -7797, 996, 5948, 1740, -3122, -4207, 45, 5802, 2650, -5916, -4599, 4540, 5551, -2266, -5316, -192, 3886, 2350, -1629, -3876, -748, 4535, 2577, -4330, -3581, 3567, 3993, -2623, -4195, 1831, 4410, -1337, -4681, 1081, 5017, -1017, -5357, 1187, 5577, -1538, -5653, 1858, 5726, -1992, -5896, 1974, 6143, -1785, -6270, 1317, 6055, -552, -5442, -296, 4556, 961, -3508, -1279, 2356, 1143, -1211, -531, 275, -410, 368, 1420, -716, -2268, 657, 2851, -85, -3131, -837, 3031, 1806, -2441, -2681, 1403, 3461, -101, -4039, -1197, 4258, 2240, -4072, -2793, 3586, 2692, -2777, -1772, 1477, -24, 423, 2497, -2816, -5238, 5458, 7900, -8087, -10355, 10332, 12544, -11672, -14361, 11564, 15478, -9537, -15354, 5413, 13642, 352, -10525, -6525, 6525, 11543, -2112, -14271, -2198, 14420, 5666, -12522, -7531, 9564, 7561, -6554, -6208, 4308, 4392, -3266, -3019, 3389, 2693, -4054, -3544, 4320, 5285, -3511, -7111, 1486, 7980, 1487, -7288, -4744, 5249, 7314, -2505, -8329, -278, 7546, 2437, -5391, -3301, 2695, 2613, -300, -888, -1221, -915, 1648, 2139, -1125, -2684, 107, 2665, 839, -2176, -1248, 1420, 1081
1791219590.595, MrmFullScanInfo, 397, 107, 2199990, 0, 0, 0, 0, 10000, 39297, 32, 4, 2, 1, 480, 0, 0, 0, 0, 0, 0, -279, -143, 402, 346, -313, -318, 252, -139, -263, 780, -188, -908, 1207, 177, -1848, 570, 1410, -598, -356, 191, -122, 19, -331, 149, 1252, -369, -1845, 234, 1567, 499, -408, -1498, -896, 2068, 1352, -1776, -913, 938, 478, -157, -754, -316, 1255, 730, -1352, -1295, 764, 1904, 8, -2099, -163, 1525, -449, -289, 1287, -1127, -1589, 2031, 1359, -1902, -1115, 706, 1121, 907, -1236, -1922, 1215, 1772, -837, -740, 99, -314, 605, 933, -738, -1155, 200, 1151, 610, -1091, -1135, 1031, 995, -884, -255, 511, -553, -12, 918, -389, -722, 602, 205, -659, 392, 564, -829, -354, 851, 175, -383, -86, -288, -66, 724, 394, -768, -703, 538, 752, -200, -539, -84, 359, 226, -413, -196, 665, 192, -922, -363, 1009, 633, -899, -767, 701, 702, -471, -609, 207, 628, 124, -717, -410, 800, 574, -833, -657, 804, 677, -694, -605, 467, 415, -175, -220, -55, 155, 90, -245, 40, 487, -180, -788, 259, 1012, -271, -991, 201, 766, 2, -567, -308, 519, 567, -542, -708, 532, 786, -468, -796, 372, 659, -260, -347, 110, 48, 121, 28, -372, 125, 492, -316, -480, 360, 489, -188, -556, -116, 616, 400, -621, -498, 556, 384, -383, -164, 156, -34, 42, 133, -173, -128, 276, 79, -367, -57, 452, 62, -479, -34, 397, -56, -231, 185, 107, -268, -111, 206, 197, -4, -236, -159, 164, 175, -41, -119, -41, 116, 49, -177, 10, 339, -185, -686, 537, 1204, -1145, -1697, 2239, 2018, -4187, -2277, 7515, 2826, -12822, -3873, 20488, 5209, -30053, -6676, 39752, 8445, -47121, -10692, 50112, 13198, -47756, -15425, 40318, 16998, -29135, -17548, 16395, 16676, -4421, -14115, -4940, 10298, 10617, -6472, -12374, 4107, 10816, -4002, -7273, 5874, 3460, -8624, -871, 10832, 201, -11312, -1141, 9503, 2741, -5648, -3944, 577, 4079, 4630, -2953, -8806, 657, 11128, 2504, -11580, -5835, 10819, 8460, -9525, -9862, 8116, 9997, -6729, -9112, 5056, 7703, -2544, -6182, -940, 4569, 4849, -2589, -8138, 196, 9836, 2213, -9426, -3886, 7144, 3996, -3877, -2221, 786, -887, 1162, 4171, -1590, -6504, 746, 7290, 694, -6466, -1887, 4532, 2215, -2272, -1549, 374, 266, 764, 991, -1012, -1580, 492, 1149, 344, 123, -913, -1672, 899, 2914, -223, -3418, -961, 3120, 2167, -2323, -2773, 1497, 2599, -968, -2040, 783, 1583, -820, -1511, 837, 1905, -561, -2518, -184, 2863, 1321, -2594, -2518, 1858, 3417, -1092, -3670, 587, 3125, -373, -1966, 408, 673, -665, 308, 1031, -776, -1235, 801, 1084, -562, -616, 229, 62, 28, 358, -102, -578, 69, 651, -208, -641, 759, 605, -1718, -549, 2775, 548, -3493, -695, 3648, 944, -3361, -1086, 2884, 938, -2343, -532, 1761, 68, -1176, 229, 687, -266, -307, 133, -19, 23, 351, -113, -658, 170, 864, -269, -905, 465, 812, -817, -601, 1222, 315, -1366, -122, 1104, 210, -599, -490, 53, 696, 563, -688, -1308, 579, 2075, -521, -2578, 469, 2531, -226, -1905, -218, 1017, 538, -265, -366, -131, -278, 217, 1063, -30
1791219590.595, MrmDetectionListInfo, 397, 109, 246, 1421, 247, 1792, 248, 2230, 249, 2762, 250, 3435, 251, 4309, 252, 5447, 253, 6904, 254, 8713, 255, 10874, 256, 13350, 257, 16066, 258, 18914, 259, 21764, 260, 24473, 261, 26897, 262, 28903, 263, 30373, 264, 31217, 265, 31369, 266, 30804, 267, 29540, 268, 27637, 269, 25188, 270, 22305, 271, 19112, 272, 15735, 273, 12399, 274, 9645, 275, 8182, 276, 8185, 277, 8974, 278, 9557, 279, 9382, 280, 8601, 281, 7699, 282, 6977, 283, 6420, 284, 5923, 285, 5503, 286, 5264, 287, 5253, 288, 5409, 289, 5622, 290, 5806, 291, 5902, 292, 5850, 293, 5584, 294, 5057, 295, 4256, 296, 3298, 297, 2629, 298, 2837, 299, 3945, 300, 5182, 301, 5793, 302, 5872, 303, 6137, 304, 6989, 305, 8101, 306, 8925, 307, 9272, 308, 9338, 309, 9337, 310, 9271, 311, 9032, 312, 8579, 313, 7968, 314, 7258, 315, 6442, 316, 5501, 317, 4503, 318, 3645, 319, 3219, 320, 3441, 321, 4144, 322, 4794, 323, 5012, 324, 4995, 325, 5249, 326, 5873, 327, 6381, 328, 6262, 329, 5480, 330, 4350, 331, 3133, 337, 3897, 338, 4208, 339, 4004, 340, 3777, 341, 3759, 342, 3808, 343, 3675, 344, 3254, 345, 2612, 360, 1753, 362, 1859, 363, 1898, 370, 1821, 371, 1598, 372, 1391, 377, 1264, 387, 2394, 388, 2307, 389, 2180, 390, 1977, 391, 1700, 392, 1383, 393, 1064
1791219590.720, MrmFullScanInfo, 398, 107, 2200115, 0, 0, 0, 0, 10000, 39297, 32, 1, 2, 1, 480, -333807, 513154, 405647, -503098, -479355, 464750, 517664, -326463, -520190, -50966, 519649, 448923, -461516, -517292, 169070, 518069, 140730, -519837, -336930, 511128, 366224, -435134, -291010, 105888, 225747, 184229, 566, -240577, -179083, 434178, 136343, -455059, 4302, 512045, -141475, -511370, 172767, 512806, -137559, -513623, 52138, 513899, 90091, -459735, -263771, 324910, 407163, -64306, -456572, -188373, 380270, 376456, -244739, -472667, 54649, 452393, 108782, -384266, -209987, 268015, 237390, -136832, -183574, 23241, 88504, 40251, 9885, -60333, -92473, 43815, 132746, -4204, -110763, -35684, 47742, 51847, 38395, -28152, -119548, -30680, 156690, 101784, -155847, -157070, 112779, 184272, -44150, -165967, -32518, 111979, 92452, -36044, -112004, -40678, 96140, 94277, -49173, -116419, -3122, 94205, 37764, -53598, -40279, 11202, 15944, 18212, 18693, -21433, -48178, 2756, 52747, 20840, -40179, -33895, 14110, 35514, 13975, -21959, -29973, -1040, 33903, 21925, -25176, -33370, 3820, 29603, 10495, -22143, -16350, 4349, 11681, 8965, -1829, -12173, -9424, 8189, 14458, -1873, -9627, -4156, 2957, 2250, 7710, -489, -10879, -9374, 10494, 14405, -3572, -14903, -4655, 11326, 8995, -2476, -10042, -5954, 9749, 11629, -1124, -9693, -3442, 6775, 1831, -3267, 2164, 1562, -6669, -3315, 8436, 8279, -7005, -12323, 740, 17107, 5450, -12685, -8804, 8196, 12469, -1341, -13524, -5412, 10866, 8985, -5562, -10269, 897, 7750, -1282, -3594, -2692, 636, 966, 364, 2300, 1364, -3944, -3131, 3166, 6102, -182, -7992, -2402, 7903, 5525, -5802, -7789, 3968, 7466, -669, -5691, -587, 3725, 813, -1961, -1001, 917, 942, -915, -440, 1382, 251, -898, -989, 706, 1345, -506, -959, 393, -99, 440, 38, -915, -374, -670, -136, 1972, 647, -3107, -3088, 4029, 5576, -4784, -8771, 6104, 12184, -6096, -14472, 7031, 14935, -7113, -12217, 4579, 6013, -882, 979, -4622, -7207, 6832, 10965, -6631, -11957, 3926, 10926, 416, -6831, -3813, 1646, 6294, 4766, -5698, -8928, 2828, 10799, 109, -8954, -2227, 5431, 1397, -1445, 589, -1689, -3225, 3475, 5967, -2034, -7658, -815, 8614, 4074, -4990, -7794, -769, 9450, 4233, -9616, -8072, 8002, 9767, -6966, -10767, 6063, 8768, -6087, -7208, 4297, 8670, -2086, -10108, -489, 10469, 1720, -9866, -5590, 8193, 7020, -5231, -7577, 3013, 6786, 1839, -4901, -4234, 3502, 4386, -2744, -1833, 742, 1013, 408, -352, -835, -620, -408, 647, -355, -1368, 1596, -276, -2893, 600, 4194, 934, -4009, -1962, 4854, 2277, -4957, -1256, 4942, -201, -4189, 1174, 3279, -1341, -5200, 1138, 6240, -687, -4478, -624, 3542, 1568, -1159, -1176, -50, 509, 1338, 1261, -1758, -1298, 1257, 1543, -110, -3902, -900, 3828, 1672, -4017, -2210, 2200, 4138, -1244, -3440, -436, 4434, 2230, -4653, -3557, 3958, 4017, -4209, -4616, 3686, 4035, -2617, -2054, 2213, -114, -933, 4035, -499, -7810, 1698, 10910, -4128, -13329, 5997, 15931, -6737, -18437, 6720, 18207, -4341, -16294, 66, 11588, 4942, -6526, -9136, 1657, 11857, 4053, -12983, -8679, 11420, 10897, -9400, -11507, 5879, 10231, -4421, -7066, 3238, 4608, -2969, -4516, 4512, 5028, -3770, -6032, 1986, 8255, 907, -9146, -5455, 7933, 8298, -4808, -8739, 1734, 9930, 524, -8220, -2821, 5537, 4091, -3008, -3166, 467, 1310, 799, 916, -672, -2212, -548, 3307, 2035, -3561, -3982, 2506, 3989, -1400, -3797, 624, 2495, 156, -845, -564, -883
1791219590.720, MrmFullScanInfo, 398, 107, 2200115, 0, 0, 0, 0, 10000, 39297, 32, 2, 2, 1, 480, 0, 0, 0, 0, 0, 0, 165574, -231737, -311892, 472764, 369292, -495177, -399406, 268158, 452912, 64900, -482308, -341965, 400373, 506205, -198769, -586602, -28050, 595510, 178530, -498506, -222284, 283211, 186332, -1481, -113656, -263258, 55304, 448983, -60311, -531023, 135000, 522017, -232965, -468636, 294669, 423419, -287075, -415284, 210006, 434135, -79000, -438144, -84812, 380202, 251437, -239781, -381366, 38024, 436291, 173356, -396888, -340930, 275171, 431593, -111905, -437654, -39601, 370432, 136549, -253699, -161739, 119988, 124274, -3060, -49981, -72295, -29776, 96863, 86620, -77063, -101941, 31626, 71431, 14256, -5770, -37601, -73482, 26613, 141132, 15059, -176489, -70830, 169185, 118995, -121278, -141525, 47074, 129954, 30872, -87199, -89314, 25604, 112970, 36728, -99975, -81498, 61811, 96822, -17973, -81739, -12800, 46324, 20441, -7115, -6873, -19884, -16810, 26318, 36837, -14474, -43118, -5606, 33157, 22182, -11901, -27139, -11561, 18876, 28193, -2246, -32499, -14891, 24686, 25620, -10361, -26287, -2932, 17647, 9848, -4489, -8972, -6873, 2755, 12138, 4179, -10852, -7493, 5683, 5466, -577, 473, -1268, -6938, -1041, 10498, 5903, -9459, -10205, 4499, 11211, 2100, -7926, -7634, 1754, 9929, 4466, -8449, -8292, 4954, 8767, -2304, -6580, 2175, 3677, -4189, -2284, 6584, 3781, -7443, -7712, 5863, 11904, -2121, -13805, -2866, 12132, 7928, -7492, -11605, 1564, 12590, 3808, -10766, -7127, 7198, 7669, -3262, -5876, 220, 3216, 925, -1149, 19, 477, -1911, -1383, 3176, 3526, -2896, -6016, 1092, 7771, 1584, -8060, -4150, 6812, 5699, -4548, -5833, 2111, 4796, -211, -3231, -847, 1865, 1099, -1085, -818, 825, 469, -803, -385, 835, 492, -784, -496, 492, 319, -28, -118, -175, 18, -299, -90, 1476, 558, -3064, -1717, 4845, 3697, -6714, -6277, 8575, 8924, -10234, -10815, 11233, 11030, -10765, -9009, 7981, 5048, -2831, -264, -3356, -4021, 8379, 7012, -10362, -8493, 8811, 8474, -4618, -6873, -531, 3699, 4887, 586, -7196, -4921, 7076, 7970, -5134, -8723, 2627, 6994, -801, -3487, 360, -450, -1322, 3339, 3293, -4168, -5504, 2745, 6804, 459, -6239, -4560, 3769, 8381, -226, -10859, -3369, 11632, 6170, -11105, -7540, 9879, 7522, -8255, -7033, 6364, 7191, -4451, -8247, 2672, 9508, -830, -10101, -1288, 9597, 3484, -7902, -5191, 5115, 6040, -1710, -6066, -1250, 5416, 2717, -4085, -2583, 2205, 1631, -369, -656, -746, -92, 1109, 558, -1269, -532, 1734, -4, -2502, 603, 3367, -711, -4207, 354, 4937, -98, -5326, 412, 5086, -1198, -4342, 1980, 3752, -2436, -3781, 2521, 4157, -2166, -4187, 1328, 3511, -246, -2240, -554, 695, 712, 740, -298, -1668, -482, 1835, 1561, -1354, -2831, 608, 3854, 227, -4145, -1201, 3619, 2324, -2489, -3462, 1054, 4442, 411, -5136, -1661, 5458, 2529, -5381, -2849, 4892, 2467, -3943, -1239, 2491, -852, -517, 3608, -1945, -6570, 4756, 9232, -7602, -11385, 10053, 13090, -11601, -14282, 11672, 14611, -9695, -13729, 5526, 11672, 184, -8724, -6153, 5154, 11049, -1186, -13989, -2734, 14669, 5955, -13357, -7837, 10810, 8042, -7931, -6835, 5576, 5107, -4286, -3821, 4007, 3567, -4024, -4488, 3421, 6266, -1671, -8058, -1063, 8849, 4137, -8081, -6788, 5976, 8385, -3199, -8529, 467, 7230, 1569, -4938, -2394, 2345, 1920, -184, -508, -956, -1273, 867, 2880, 186, -3868, -1593, 4003, 2701, -3341, -3056, 2179, 2551
1791219590.720, MrmFullScanInfo, 398, 107, 2200115, 0, 0, 0, 0, 10000, 39297, 32, 4, 2, 1, 480, 0, 0, 0, 0, 0, 0, 371, 150, -756, -670, 858, 1478, -777, -2047, 712, 1916, -595, -1191, 146, 430, 579, 13, -1284, -3, 1290, -317, -32, 489, -2031, -18, 3438, -831, -3015, 1242, 1292, -942, 106, 336, 69, -62, -1710, 278, 3853, -719, -5303, 1200, 5299, -1379, -3909, 745, 2196, 491, -1060, -1296, 289, 754, 522, 816, -1522, -2260, 2414, 2686, -2732, -2104, 2187, 1137, -929, -253, -419, -356, 1332, 711, -1472, -855, 951, 833, -273, -682, -90, 468, -5, -196, 284, -90, -442, 242, 441, -37, -393, -494, 455, 1033, -619, -1188, 781, 916, -794, -578, 637, 527, -385, -737, -9, 913, 608, -709, -1235, -30, 1357, 1166, -713, -2185, -190, 2425, 722, -1676, -774, 481, 616, 406, -264, -728, -351, 655, 994, -520, -1282, 353, 1087, 52, -653, -600, 217, 868, 249, -583, -663, -35, 769, 628, -348, -1039, -350, 1125, 835, -733, -912, 7, 769, 602, -542, -735, 162, 533, 267, -241, -423, 55, 217, 1, 37, 47, -66, -206, -7, 428, -76, -610, 265, 676, -294, -670, -18, 780, 499, -940, -766, 842, 729, -421, -569, 39, 375, 17, -112, 81, -113, -109, 32, 47, 362, 7, -659, -41, 508, 167, -56, -370, -259, 478, 346, -362, -336, 123, 297, 27, -170, -11, -28, -60, 178, 119, -200, -213, 176, 365, -193, -439, 219, 348, -158, -205, 54, 133, -23, -59, 74, -131, -54, 336, -137, -333, 403, 106, -644, 104, 996, -61, -1689, -276, 2746, 964, -4024, -2123, 5550, 3787, -7429, -5732, 9586, 7540, -11694, -8567, 13112, 7990, -12779, -5324, 9694, 1061, -3963, 3501, -2679, -7089, 7667, 9151, -8954, -9738, 6063, 9002, -208, -6823, -6310, 2937, 11119, 2595, -12678, -8883, 10675, 14216, -5935, -16803, 57, 15781, 5164, -11677, -8289, 6109, 8602, -1008, -6169, -2176, 1984, 2823, 2062, -1043, -4113, -2539, 3394, 6732, -435, -9928, -3636, 10973, 7632, -9851, -10277, 7418, 10833, -4558, -9711, 1928, 8233, -229, -7333, -142, 6916, -336, -6521, 675, 6082, -303, -5658, -563, 4923, 1599, -3521, -2669, 1915, 3550, -1090, -3714, 1356, 2825, -2113, -1320, 2719, 119, -3118, 232, 3332, 135, -3099, -709, 2253, 1192, -1113, -1490, 377, 1486, -363, -1072, 746, 513, -981, -456, 916, 1142, -796, -2022, 662, 2447, -270, -2375, -333, 2236, 727, -2245, -654, 2336, 356, -2432, -94, 2505, -158, -2482, 358, 2207, -180, -1659, -577, 1120, 1541, -733, -2096, 365, 2064, 115, -1617, -587, 961, 860, -273, -927, -245, 875, 490, -779, -447, 651, 156, -556, 290, 617, -764, -810, 1177, 954, -1421, -906, 1393, 742, -1143, -545, 897, 328, -686, -138, 350, 113, 96, -245, -361, 301, 304, -138, -86, -65, -103, 38, 225, 288, -201, -740, -54, 1135, 419, -1325, -707, 1283, 918, -1064, -1119, 678, 1273, -71, -1355, -702, 1343, 1486, -1205, -2031, 997, 2082, -830, -1582, 792, 796, -874, -127, 1028, -143, -1181, -29, 1210, 469, -988, -950, 656, 1358, -542, -1634, 758, 1781, -1065, -1828, 1271, 1803, -1346, -1712, 1253, 1457
1791219590.720, MrmDetectionListInfo, 398, 95, 243, 1806, 244, 2356, 245, 2986, 246, 3699, 247, 4510, 248, 5423, 249, 6415, 250, 7444, 251, 8452, 252, 9379, 253, 10143, 254, 10644, 255, 10765, 256, 10394, 257, 9447, 258, 7896, 259, 5861, 260, 3827, 261, 2631, 262, 2871, 263, 4390, 264, 6474, 265, 8321, 266, 9342, 267, 9363, 268, 8580, 269, 7270, 270, 5695, 271, 4422, 272, 4230, 273, 5205, 274, 6493, 275, 7349, 276, 7971, 277, 8995, 278, 10432, 279, 11525, 280, 11606, 281, 10723, 282, 9447, 283, 8514, 284, 8470, 285, 9099, 286, 9434, 287, 8717, 288, 7111, 289, 5340, 290, 3993, 291, 3226, 292, 2807, 293, 2447, 294, 2119, 295, 1995, 296, 2219, 297, 2783, 298, 3501, 299, 4121, 300, 4542, 301, 4989, 302, 5873, 303, 7261, 304, 8662, 305, 9505, 306, 9656, 307, 9362, 308, 8855, 309, 8160, 310, 7239, 311, 6167, 312, 5139, 313, 4331, 314, 3820, 315, 3589, 316, 3546, 317, 3564, 318, 3553, 319, 3500, 320, 3412, 321, 3276, 322, 3100, 323, 2957, 324, 2908, 325, 2929, 326, 2927, 327, 2831, 328, 2660, 329, 2500, 330, 2413, 331, 2396, 340, 1699, 360, 1412, 372, 1306, 376, 1358, 377, 1336, 388, 982
1791219590.845, MrmFullScanInfo, 399, 107, 2200240, 0, 0, 0, 0, 10000, 39297, 32, 1, 2, 1, 480, -340580, 512286, 401689, -504488, -475745, 466112, 517944, -334106, -520098, -45861, 519639, 444888, -462894, -515969, 162420, 517700, 143515, -519529, -328165, 511674, 363324, -439407, -283740, 106162, 232016, 184769, -7655, -242547, -172773, 433524, 141090, -454578, 230, 511216, -143916, -512405, 178109, 512470, -147698, -515054, 54390, 514844, 84500, -464055, -261998, 326977, 409544, -67867, -454451, -188207, 379392, 377111, -247247, -478187, 60489, 458941, 107463, -388064, -208031, 270625, 237116, -138491, -187513, 21513, 88955, 41559, 8110, -60508, -92288, 46697, 133887, -6572, -114227, -35608, 47680, 52262, 39475, -28637, -121116, -29056, 156645, 102344, -155147, -157205, 114217, 184883, -46071, -169638, -32612, 113380, 92104, -36666, -113634, -41194, 96615, 96179, -49135, -117203, -2676, 92965, 35854, -52946, -40179, 11493, 15547, 17565, 18965, -19807, -44934, 1240, 52327, 20245, -40660, -33473, 12799, 35022, 14306, -21876, -31008, -1065, 34340, 22756, -24380, -33504, 5368, 32563, 11331, -21125, -17287, 4737, 11338, 8561, -1184, -12397, -8801, 7797, 14004, -1563, -8667, -3649, -67, 4764, 7928, 930, -11971, -9891, 10867, 14269, -3437, -14953, -4420, 10480, 9476, -1841, -10482, -6180, 7378, 10947, -2349, -10466, -2473, 7169, 1697, -4294, 1811, 2395, -6023, -3877, 7853, 8740, -6895, -12789, 1513, 14405, 5842, -13336, -8575, 7924, 12835, -386, -13801, -5619, 10558, 9840, -5621, -10057, 1004, 7878, 1641, -3931, -2213, 554, 69, 35, 2322, 872, -3951, -3612, 3449, 6898, 102, -8642, -3263, 6955, 5980, -5445, -7276, 3474, 8020, -997, -5770, -525, 3692, 1482, -1645, -614, 1313, 863, -920, -796, 1341, 491, -1823, -751, 1243, 922, -1334, -1703, 1074, 384, -1611, 194, 3384, 58, -5859, -867, 9711, 2173, -13905, -5076, 11761, 17566, -12616, -21518, 12693, 23437, -10827, -20085, 4148, 12586, 4922, -2581, -15341, -6147, 23338, 12158, -24514, -22240, 19667, 22801, -9009, -18906, -1884, 11810, 10276, -4413, -13908, -3783, 14006, 9009, -11188, -10601, 7265, 6766, -5437, -2015, 5275, -2048, -7170, 4277, 9797, -5113, -11853, 2733, 11415, 447, -7634, -3464, 2893, 4691, 4997, -2897, -10277, 433, 12495, 3272, -11635, -6316, 7248, 6973, -2870, -7125, -681, 4414, 5509, 107, -4259, -2055, 1799, 2602, 1191, -1172, -3207, -637, 4502, 2708, -2196, -5110, -296, 5388, 3028, -3687, -4150, 1702, 4181, 3, -3120, -1005, 1207, 1040, 383, -82, -867, -289, 634, 1047, 519, -1439, -590, -92, 1751, 1191, -1188, -3118, 1706, 4853, -1223, -4883, 642, 6330, -288, -7642, -720, 6891, 829, -7032, -1034, 6267, 1349, -5820, -1407, 3654, 349, -2766, -1654, 1439, 1769, -142, 151, -709, -626, 237, 1857, 123, -2341, -603, 1448, 1277, -1548, -2074, 122, 2208, 858, -1967, -3307, 2575, 1706, -765, -2795, 2140, 2238, -3179, -2089, 3109, 1477, -3257, -669, 2994, -1228, -2091, 2872, -1788, -5865, 2719, 8359, -6168, -11092, 8941, 14469, -9873, -17212, 9277, 17648, -6452, -17290, 1329, 13755, 3298, -7964, -9956, 1243, 11911, 4715, -11932, -8744, 10726, 10377, -8014, -9488, 6121, 7199, -4977, -3415, 6385, 4085, -6651, -4201, 6310, 5369, -5443, -7445, 2638, 9689, 1218, -10019, -5591, 8979, 10069, -4417, -8766, 1581, 10397, 1996, -8552, -3616, 4988, 3501, -1666, -2026, -491, 85, 1852, 2819, -2067, -4296, 932, 3207, 1135, -2852, -927, 1140, 288, -369, 174, -394, -1094, 728, 1504, -334, -2185
1791219590.845, MrmFullScanInfo, 399, 107, 2200240, 0, 0, 0, 0, 10000, 39297, 32, 2, 2, 1, 480, 0, 0, 0, 0, 0, 0, 165009, -232288, -310350, 474651, 367151, -498805, -397193, 272837, 450681, 60735, -479728, -339654, 397959, 505918, -198169, -587347, -25460, 596100, 173783, -498459, -218695, 282891, 186917, -1811, -118180, -261724, 60057, 447000, -62063, -530008, 134217, 522403, -232997, -469327, 297866, 423088, -292890, -413963, 216295, 433121, -83924, -438654, -81811, 382348, 249884, -242462, -380569, 39565, 436558, 174150, -399193, -343902, 279548, 435508, -116942, -441183, -35886, 372887, 135350, -255028, -162947, 120448, 126715, -2862, -52238, -73189, -28655, 98549, 86833, -79203, -102879, 33387, 72155, 13657, -5797, -38271, -73826, 27867, 141389, 14145, -176775, -70843, 169952, 119967, -122638, -143077, 48519, 131469, 30058, -88094, -89457, 25655, 113851, 37248, -101163, -81936, 62947, 96691, -18797, -81198, -12366, 45998, 20412, -7534, -7241, -18690, -16209, 24900, 36260, -13578, -42615, -5715, 32516, 21862, -11055, -26829, -12364, 18695, 28750, -1917, -32863, -15579, 24980, 26495, -10536, -27027, -2935, 18076, 9906, -4663, -9027, -6811, 2934, 12033, 3624, -10469, -6463, 4884, 4192, 397, 1612, -1923, -7760, -931, 11040, 6054, -9715, -10236, 4419, 10971, 2360, -7552, -7762, 1416, 9856, 4743, -8473, -8563, 5288, 9121, -2742, -7109, 2412, 4404, -4131, -3110, 6416, 4358, -7356, -7670, 5811, 11285, -1948, -13033, -3178, 11549, 8261, -7071, -11864, 1196, 12747, 4136, -10685, -7423, 6709, 8013, -2533, -6308, -258, 3539, 888, -1181, 342, 350, -2212, -1418, 3317, 3843, -2825, -6394, 817, 7910, 1972, -7899, -4540, 6556, 6009, -4374, -5993, 2021, 4802, -143, -3186, -892, 1859, 1131, -1187, -864, 1109, 443, -1300, -206, 1477, 263, -1574, -359, 1737, 185, -2232, 291, 3454, -822, -5753, 1131, 8858, -316, -12002, -2851, 14796, 8336, -17230, -13961, 18558, 16944, -16933, -16047, 10795, 11940, -311, -6467, -12054, 1008, 22526, 4230, -27765, -9272, 26252, 13310, -18652, -15093, 7535, 13963, 3614, -10068, -11881, 4410, 15878, 1211, -15804, -4771, 12979, 5114, -9234, -2570, 6308, -1398, -5237, 5093, 5998, -7154, -7541, 6876, 8426, -4392, -7441, 716, 4101, 2741, 1062, -4761, -6573, 4709, 10606, -2705, -11909, -464, 10361, 3606, -6724, -5489, 2232, 5433, 1711, -3658, -3824, 1160, 3550, 912, -1406, -1809, -1333, 1299, 3280, 405, -3583, -2637, 2300, 4407, -164, -4918, -1907, 4070, 3180, -2397, -3294, 683, 2378, 473, -973, -833, -209, 490, 728, 190, -542, -672, -114, 497, 978, 467, -1846, -1927, 2529, 3435, -2867, -4747, 2797, 5845, -2443, -6678, 1993, 7088, -1547, -7019, 1131, 6516, -774, -5594, 458, 4343, -39, -2978, -458, 1720, 744, -644, -509, -175, -223, 637, 1122, -676, -1802, 299, 2019, 418, -1746, -1261, 991, 2045, 86, -2604, -1104, 2829, 1749, -2835, -1933, 2924, 1710, -3202, -1133, 3437, 304, -3341, 741, 2571, -1992, -848, 3402, -1796, -4912, 5067, 6544, -8535, -8343, 11679, 10272, -13757, -12093, 13990, 13404, -11893, -13705, 7456, 12547, -1285, -9776, -5320, 5749, 10761, -1204, -13823, -2911, 14256, 5715, -12637, -6634, 10096, 5790, -7819, -4047, 6535, 2545, -6255, -2088, 6382, 2942, -6123, -4925, 4858, 7421, -2301, -9427, -1175, 9980, 4746, -8651, -7590, 5842, 9133, -2560, -8996, -187, 7123, 1785, -4097, -2017, 889, 1022, 1640, 644, -2902, -2194, 2750, 3035, -1661, -2989, 487, 2210, 148, -1019, -134, -141, -329
1791219590.845, MrmFullScanInfo, 399, 107, 2200240, 0, 0, 0, 0, 10000, 39297, 32, 4, 2, 1, 480, 0, 0, 0, 0, 0, 0, -393, -490, 1212, 1621, -1785, -3051, 1903, 3908, -1952, -3478, 2371, 1911, -2430, -135, 931, -769, 2010, 625, -4226, -93, 3596, -126, -218, -340, -3200, 1212, 3610, -1483, -1275, 593, -745, 613, 42, -821, 2468, -142, -4269, 1003, 4187, -534, -2788, -1056, 1369, 2439, -583, -2460, 308, 958, 413, 1197, -2132, -2739, 3847, 3050, -4176, -2417, 2702, 1525, -352, -784, -1577, 321, 2254, 19, -1668, -527, 451, 1274, 666, -1786, -1083, 1506, 685, -441, -11, -718, -228, 1184, 50, -769, -63, -91, 577, 840, -1181, -1184, 1230, 1057, -536, -518, -446, -208, 1149, 772, -1375, -780, 1177, 275, -617, 228, -52, -322, 541, 50, -703, 293, 576, -401, -323, 177, 208, 121, -391, -182, 729, 48, -933, 35, 948, 183, -868, -614, 711, 961, -406, -1040, 48, 827, 200, -438, -369, 49, 543, 174, -750, -78, 946, -301, -993, 644, 819, -629, -544, 339, 338, -135, -193, 172, 33, -318, 73, 366, -12, -294, -91, 241, -18, -296, 311, 477, -468, -731, 366, 959, -101, -1056, -124, 854, 234, -300, -310, -314, 426, 631, -517, -582, 477, 425, -302, -312, 103, 253, 113, -245, -366, 322, 481, -425, -273, 367, -78, -152, 248, 33, -185, -153, 16, 354, 193, -370, -348, 151, 378, 114, -314, -183, 228, 62, -93, 85, -63, -135, 131, 115, -79, -62, -59, 16, 255, -58, -457, 135, 622, -97, -852, 3, 1419, -90, -2476, 452, 4048, -868, -6159, 1122, 8530, -521, -10626, -1912, 12279, 6019, -13618, -9734, 13967, 10615, -11566, -7951, 5071, 2981, 4978, 2067, -15677, -5816, 23154, 8527, -24697, -10915, 19984, 12695, -10772, -12856, -31, 10851, 9329, -6963, -14948, 2202, 16292, 1965, -14228, -4135, 10412, 3768, -6490, -1492, 3642, -1328, -2369, 3395, 2468, -3950, -3079, 2944, 3058, -932, -1516, -1086, -1643, 2080, 5657, -1425, -9263, -830, 11190, 4157, -10698, -7863, 8023, 11132, -4068, -12940, -244, 12512, 4250, -9924, -7231, 6145, 8504, -2339, -7947, -714, 6155, 2587, -4091, -3057, 2439, 2313, -1325, -1084, 615, 231, -279, -58, 279, 234, -284, -272, -72, 50, 771, 314, -1332, -891, 1419, 1820, -1128, -2891, 678, 3564, -7, -3495, -973, 2832, 1952, -1893, -2361, 787, 1906, 530, -863, -1805, -230, 2461, 1007, -2238, -1317, 1464, 1084, -650, -440, 123, -148, 1, 297, 227, -45, -532, -240, 637, 373, -458, -501, 179, 830, -41, -1308, 68, 1711, -49, -1994, -136, 2131, 560, -1944, -1226, 1337, 1897, -411, -2148, -631, 1820, 1572, -1145, -2138, 345, 2122, 334, -1451, -637, 256, 498, 1102, -11, -2140, -675, 2602, 1443, -2510, -2052, 2027, 2284, -1246, -2175, 290, 1868, 490, -1405, -706, 843, 370, -370, 92, 213, -195, -301, -252, 410, 1149, -247, -2076, -416, 2516, 1457, -2222, -2371, 1329, 2621, -172, -2097, -915, 1115, 1630, 25, -1792, -1010, 1478, 1537, -853, -1511, 130, 1104, 353, -508, -308, -222, -205, 940, 833, -1427, -1283, 1634, 1418, -1586, -1154, 1368, 498, -1210, 395, 1373, -1235, -1828, 1768, 2228, -1843, -2297
1791219590.845, MrmDetectionListInfo, 399, 108, 238, 1993, 239, 2552, 240, 3160, 241, 3790, 242, 4385, 243, 4896, 244, 5385, 245, 6043, 246, 7046, 247, 8395, 248, 9882, 249, 11192, 250, 12033, 251, 12200, 252, 11552, 253, 9997, 254, 7631, 255, 5048, 256, 3373, 257, 3699, 258, 6300, 259, 10255, 260, 13953, 261, 16235, 262, 17063, 263, 17050, 264, 16575, 265, 15519, 266, 13671, 267, 11103, 268, 8320, 269, 6411, 270, 6537, 271, 8473, 272, 10334, 273, 10527, 274, 9376, 275, 8362, 276, 8255, 277, 8522, 278, 8263, 279, 7172, 280, 5615, 281, 4097, 282, 2918, 283, 2209, 284, 2027, 285, 2320, 286, 2859, 287, 3309, 288, 3449, 289, 3276, 290, 2876, 291, 2297, 292, 1629, 293, 1142, 295, 1813, 296, 2905, 297, 4044, 298, 4892, 299, 5434, 300, 5967, 301, 6779, 302, 7792, 303, 8609, 304, 8931, 305, 8802, 306, 8437, 307, 7938, 308, 7330, 309, 6853, 310, 6919, 311, 7523, 312, 8030, 313, 7836, 314, 6979, 315, 5933, 316, 5049, 317, 4381, 318, 3904, 319, 3662, 320, 3609, 321, 3496, 322, 3105, 323, 2480, 324, 1834, 360, 1553, 388, 1142, 389, 1242, 392, 1464, 393, 1442, 394, 1365, 395, 1277, 396, 1253, 397, 1329, 398, 1457, 399, 1548, 400, 1535, 411, 1315, 412, 1637, 413, 1903, 414, 2088, 415, 2174, 416, 2168, 417, 2080, 441, 2122, 442, 2097, 443, 1898
1791219590.970, MrmFullScanInfo, 400, 107, 2200365, 0, 0, 0, 0, 10000, 39297, 32, 1, 2, 1, 480, -336014, 511918, 401076, -503336, -477380, 469127, 518029, -324821, -520192, -53557, 519889, 445758, -463778, -517175, 170447, 517651, 143904, -519416, -335708, 511725, 366365, -437741, -287799, 99045, 233023, 184489, -4968, -239702, -177373, 431596, 129723, -457403, -2168, 510931, -141726, -511045, 171603, 510548, -139515, -515958, 58915, 514203, 84425, -462379, -265096, 324873, 405532, -68047, -453338, -188715, 381743, 376635, -247630, -469908, 52984, 455101, 106494, -386559, -209760, 269871, 236212, -137826, -181661, 24212, 88085, 41821, 8793, -60389, -93845, 43589, 131513, -4704, -111962, -36106, 46402, 50952, 39673, -27388, -120062, -30314, 157577, 101788, -155382, -157877, 113290, 181671, -42913, -167785, -33382, 112489, 92138, -36134, -112098, -39821, 95773, 94194, -48712, -115447, -2762, 93093, 36265, -52807, -38690, 11511, 13739, 16037, 19155, -19034, -43337, 508, 51470, 19962, -40338, -33311, 13166, 34791, 14020, -22015, -30009, -1680, 32842, 21994, -22703, -32615, 4444, 31778, 11405, -20311, -17058, 4340, 11625, 8677, -1603, -11971, -9131, 7572, 14489, -1312, -8319, -3091, -397, 4499, 8487, 1454, -12002, -9986, 10390, 15199, -3205, -15926, -5179, 10913, 10181, -1711, -10489, -6643, 7585, 10661, -1925, -10443, -2669, 6913, 1919, -2860, 2348, 1648, -6300, -3352, 7995, 8556, -7361, -12715, 1970, 14236, 5529, -13893, -8733, 8627, 12012, -1026, -13709, -5680, 11003, 8926, -6460, -9922, 834, 7134, 1570, -3801, -2050, 603, 296, -104, 3190, 1395, -4637, -3217, 3164, 6578, -2, -8274, -2635, 7750, 6122, -6066, -7890, 3454, 7651, -925, -6085, -443, 3807, 343, -3613, 73, 3608, 183, -5698, -655, 9873, 1903, -15165, -4982, 14076, 20323, -17723, -29450, 23384, 39344, -26573, -48283, 28581, 52045, -27257, -51320, 19663, 47166, -8136, -39629, -20838, 23218, 24564, -8324, -26278, -3369, 23896, 10118, -20591, -11813, 16281, 7488, -14096, -369, 13356, -6745, -16502, 2322, 19784, -3063, -20468, 518, 16882, 4273, -9559, -8277, 1386, 10090, 7878, -9278, -14627, 6153, 15770, 3150, -13932, -4527, 9537, 2393, -5992, 580, 2316, -4099, -767, 6653, 1426, -6532, -3377, 3943, 5707, 98, -6224, -4140, 4993, 7748, -2143, -9043, -770, 8190, 3625, -6466, -5244, 3892, 4917, -872, -2482, -1163, 1157, 1231, 216, -547, -372, 335, 353, -1202, 921, 1492, -555, -2996, -713, 3274, 3343, -3271, -4781, 1991, 5836, 17, -5547, -1687, 4123, 3239, -1643, -3593, -170, 3303, 1490, -2734, -1927, 1200, 1101, -2113, -258, 3313, -804, -5347, 1105, 7035, -1144, -7387, 64, 8342, 561, -7308, -1367, 5022, 1461, -4135, -826, 3229, 441, -2574, -128, 1977, -99, -2070, 64, 1864, 1031, -2202, -427, 1089, 1300, -856, -734, 372, -437, -748, 857, 829, -2113, -2279, 2142, 3353, -1256, -4245, -938, 5255, 2799, -5919, -4085, 5661, 4557, -4460, -4732, 3677, 3955, -2399, -2040, 1132, -394, -400, 4176, -1323, -6523, 3337, 9983, -4983, -11732, 6627, 14634, -8169, -16311, 7913, 16770, -5482, -15259, 682, 11465, 4814, -5419, -9614, -133, 12855, 6906, -12922, -12155, 11433, 14373, -7860, -13949, 3647, 11237, -1367, -6831, 380, 2637, -469, -1212, 1991, 1739, -2721, -3530, 1789, 5496, 917, -6526, -5189, 6109, 8920, -3166, -9242, 586, 9395, 2349, -9090, -4617, 5504, 4762, -2071, -2643, -1295, -72, 2483, 2694, -2442, -4433, 908, 4420, 1057, -3690, -1921, 2190, 2367, 104, -1682, -1876, -117, 1908, 1398, -1784, -2307
1791219590.970, MrmFullScanInfo, 400, 107, 2200365, 0, 0, 0, 0, 10000, 39297, 32, 2, 2, 1, 480, 0, 0, 0, 0, 0, 0, 164891, -231919, -310492, 472943, 367976, -495083, -398993, 268052, 453593, 64402, -483374, -340867, 400897, 505237, -198503, -586467, -28333, 595871, 178462, -498270, -223086, 282192, 189276, -1030, -118344, -262051, 59619, 446840, -62417, -529490, 134620, 521764, -231348, -469136, 293854, 423851, -288583, -415175, 213801, 433499, -83403, -437616, -81385, 380506, 249243, -240804, -380196, 39256, 436152, 172260, -397568, -340315, 276220, 431949, -113196, -438985, -37963, 372057, 134714, -254817, -160181, 120214, 123487, -2648, -50028, -72800, -29356, 97112, 86278, -77114, -101672, 31699, 70963, 14107, -4936, -37521, -74430, 26676, 141834, 14852, -176724, -70553, 168877, 118879, -120609, -141829, 46476, 130640, 31035, -87898, -89033, 26101, 112488, 36343, -99627, -80966, 61901, 96000, -18677, -80881, -11522, 45989, 19136, -7838, -6352, -18064, -16273, 24113, 35732, -12930, -42040, -5986, 32293, 21717, -11337, -26399, -11562, 18227, 27509, -1664, -31426, -15473, 23716, 26054, -9715, -26397, -3340, 17514, 10075, -4411, -9021, -6715, 2737, 11801, 3886, -10363, -6524, 4992, 3912, 164, 2073, -1646, -8106, -1341, 11101, 6713, -9521, -11072, 4096, 11693, 2711, -7921, -8054, 1447, 10003, 4857, -8420, -8575, 5076, 8824, -2493, -6439, 2218, 3539, -4047, -2342, 6490, 3847, -7617, -7417, 6188, 11274, -2353, -13287, -2743, 11986, 7813, -7537, -11578, 1642, 12771, 3632, -10908, -6841, 6892, 7490, -2559, -6000, -279, 3512, 738, -1313, 749, 403, -2689, -1246, 3619, 3554, -2929, -6258, 848, 8084, 1931, -8286, -4489, 6911, 5993, -4623, -6151, 2364, 5360, -850, -4449, 278, 4370, -397, -5885, 782, 8953, -165, -12902, -3363, 17669, 10569, -23842, -19932, 31267, 28883, -38304, -35593, 42604, 39289, -42039, -40131, 34621, 38701, -20100, -35247, 1822, 29359, 14477, -20739, -24529, 10558, 27903, -1473, -26383, -3715, 22219, 3652, -17417, 384, 13815, -5311, -12731, 8543, 13967, -9118, -15518, 7038, 15081, -2566, -11585, -3249, 5457, 8657, 1816, -11618, -8369, 10885, 12689, -7181, -14035, 2993, 12399, -664, -8502, 810, 3830, -2564, -130, 4513, -1286, -5437, 205, 4741, 2430, -2471, -5037, -842, 6279, 4345, -5631, -7081, 3402, 8372, -465, -8009, -2073, 6196, 3396, -3506, -3355, 859, 2410, 900, -1193, -1554, 271, 1520, 18, -1386, 210, 1553, -378, -2138, -98, 2968, 1339, -3575, -2955, 3479, 4357, -2465, -5015, 748, 4666, 1171, -3426, -2738, 1753, 3534, -221, -3505, -704, 3051, 777, -2802, -23, 3216, -1236, -4238, 2479, 5511, -3183, -6626, 3125, 7212, -2423, -7012, 1433, 6084, -557, -4805, 95, 3564, -65, -2576, 274, 1940, -442, -1682, 415, 1703, -194, -1750, -111, 1612, 331, -1274, -274, 882, -189, -623, 984, 704, -1840, -1232, 2346, 2214, -2110, -3555, 1101, 5050, 293, -6270, -1578, 6764, 2468, -6361, -2825, 5222, 2517, -3624, -1378, 1745, -576, 413, 3067, -2889, -5609, 5572, 7847, -8201, -9711, 10493, 11242, -12033, -12368, 12162, 12840, -10174, -12339, 5859, 10652, 196, -7747, -6666, 3765, 12037, 916, -15166, -5532, 15557, 9069, -13436, -10699, 9726, 10111, -5705, -7701, 2522, 4589, -859, -2118, 744, 1170, -1449, -1844, 1789, 3619, -787, -5585, -1647, 6768, 4718, -6484, -7406, 4680, 9006, -1971, -9110, -653, 7522, 2293, -4519, -2496, 994, 1389, 1924, 462, -3365, -2333, 3138, 3614, -1730, -3918, -6, 3140, 1302, -1536, -1718, -295, 1220
1791219590.970, MrmFullScanInfo, 400, 107, 2200365, 0, 0, 0, 0, 10000, 39297, 32, 4, 2, 1, 480, 0, 0, 0, 0, 0, 0, -294, 169, 382, -1035, 69, 2432, -1003, -3111, 2100, 2163, -2665, -374, 1939, -755, 38, 559, -2024, 30, 2930, 170, -2960, -782, 2409, 644, -1683, 215, 1239, -834, -991, 808, 119, -388, 1683, -176, -2964, 732, 2411, -794, -535, 99, -881, 710, 1182, -941, -987, 694, 557, 93, -274, -1407, 770, 2421, -1723, -2213, 1930, 1106, -800, -145, -963, -125, 2252, -102, -2353, 213, 1498, 193, -449, -932, -341, 1355, 803, -1040, -939, 214, 883, 519, -722, -753, 475, 416, 34, 237, -856, -712, 1548, 712, -1507, -342, 691, -53, 322, 384, -960, -617, 1011, 699, -561, -638, -181, 457, 910, -138, -1140, -351, 643, 868, 186, -1082, -703, 808, 702, -245, -410, -242, 17, 492, 456, -493, -928, 362, 1184, -166, -1071, -57, 725, 254, -418, -292, 242, 122, -103, 109, -23, -193, -23, 135, 348, -73, -735, 55, 850, 46, -614, -326, 229, 658, 112, -800, -335, 610, 416, -232, -320, -73, 120, 189, 40, -99, -82, -143, 66, 420, -62, -527, 59, 393, 29, -223, -206, 193, 313, -183, -292, 17, 272, 209, -281, -303, 171, 322, 70, -403, -173, 488, 9, -405, 207, 157, -156, 92, -187, -155, 531, 29, -578, 134, 332, -152, -43, -15, -103, 236, 120, -340, -93, 283, 93, -222, -207, 366, 542, -739, -1220, 1196, 2485, -1540, -4722, 1646, 7950, -633, -11798, -3087, 16456, 10239, -22608, -19548, 30075, 28657, -37022, -35714, 40710, 39772, -38651, -40796, 29023, 38745, -12130, -33017, -8362, 23167, 26670, -10253, -38040, -2730, 40877, 12146, -35898, -15323, 25254, 11816, -12186, -3723, 761, -5526, 5357, 13040, -4817, -17138, -541, 16967, 7045, -12327, -11306, 4243, 11574, 4995, -8045, -12158, 2348, 14485, 3386, -11639, -7217, 6053, 7783, -898, -4842, -2023, -293, 2449, 5248, -984, -7740, -1344, 6637, 3396, -2300, -4237, -3604, 3403, 8846, -1022, -11567, -2151, 11068, 5013, -7917, -6501, 3524, 5963, 498, -3546, -2851, 318, 2910, 2320, -948, -3498, -1910, 3167, 4270, -1783, -5216, 0, 4734, 1461, -3466, -2043, 2178, 1727, -1416, -975, 1399, 362, -1876, -247, 2297, 741, -2211, -1655, 1550, 2508, -562, -2818, -401, 2493, 981, -1882, -899, 1424, 186, -1283, 736, 1411, -1279, -1614, 1137, 1607, -398, -1112, -554, 91, 1281, 1168, -1471, -2197, 1105, 2580, -368, -2174, -441, 1127, 985, 227, -968, -1464, 337, 2191, 651, -2243, -1557, 1766, 1969, -1050, -1668, 393, 764, -31, 363, 110, -1170, -685, 1308, 1674, -869, -2623, 200, 2946, 460, -2417, -1010, 1333, 1326, -158, -1274, -691, 877, 1036, -306, -945, -166, 559, 361, 9, -253, -563, -101, 868, 609, -889, -1132, 824, 1539, -812, -1741, 877, 1788, -974, -1882, 1111, 2206, -1248, -2744, 1161, 3286, -593, -3613, -529, 3468, 2021, -2600, -3502, 1091, 4506, 583, -4625, -1933, 3838, 2811, -2583, -3241, 1446, 3200, -771, -2671, 481, 1859, -340, -1142, 279, 775, -319, -652, 325, 508, -39, -236, -511, -60, 1025, 317, -1214, -542, 1062, 715, -675, -694, 168, 346, 319, 296, -595, -1005, 544
1791219590.970, MrmDetectionListInfo, 400, 126, 223, 2125, 224, 2718, 225, 3406, 226, 4141, 227, 4885, 228, 5776, 229, 7150, 230, 9313, 231, 12326, 232, 16002, 233, 20064, 234, 24281, 235, 28462, 236, 32376, 237, 35741, 238, 38275, 239, 39768, 240, 40088, 241, 39148, 242, 36874, 243, 33235, 244, 28454, 245, 23414, 246, 19575, 247, 18151, 248, 19226, 249, 21389, 250, 22694, 251, 22510, 252, 22114, 253, 23025, 254, 24843, 255, 25395, 256, 23135, 257, 18592, 258, 13329, 259, 8384, 260, 4351, 261, 2313, 262, 3354, 263, 6823, 264, 10185, 265, 11284, 266, 10272, 267, 9086, 268, 9308, 269, 10580, 270, 11188, 271, 10109, 272, 8145, 273, 6938, 274, 7199, 275, 8216, 276, 8836, 277, 8652, 278, 8208, 279, 8106, 280, 8225, 281, 7934, 282, 6824, 283, 5108, 284, 3436, 285, 2349, 286, 1873, 287, 1840, 288, 2327, 289, 3304, 290, 4256, 291, 4665, 292, 4535, 293, 4186, 294, 3780, 295, 3397, 296, 3316, 297, 3822, 298, 4796, 299, 5737, 300, 6277, 301, 6545, 302, 6857, 303, 7226, 304, 7325, 305, 6865, 306, 5874, 307, 4637, 308, 3464, 309, 2595, 310, 2163, 311, 2048, 312, 1991, 313, 1939, 314, 1992, 315, 2167, 316, 2429, 318, 3148, 319, 3404, 320, 3366, 321, 3017, 322, 2608, 323, 2459, 324, 2598, 325, 2698, 326, 2480, 327, 2006, 328, 1545, 339, 1823, 340, 1766, 376, 1390, 377, 1508, 392, 1452, 393, 1522, 394, 1569, 395, 1584, 396, 1582, 397, 1576, 398, 1540, 399, 1426, 431, 2025, 441, 2624, 442, 2565, 443, 2660, 444, 2889, 445, 3116, 446, 3181, 447, 3033, 448, 2764
1791219591.095, MrmFullScanInfo, 401, 107, 2200490, 0, 0, 0, 0, 10000, 39297, 32, 1, 2, 1, 480, -335236, 512493, 406407, -503845, -477713, 466003, 517366, -332114, -520185, -54754, 519638, 445901, -464131, -516442, 165772, 519326, 142615, -519770, -335999, 511708, 366743, -435793, -284970, 106086, 231888, 183537, -5325, -241232, -176799, 432002, 134947, -454602, 605, 511813, -142461, -512055, 172231, 513004, -145930, -515370, 53106, 514987, 88015, -462216, -264249, 322428, 406048, -66662, -456134, -185891, 381196, 378409, -246005, -477867, 57624, 458315, 109407, -386742, -207148, 269922, 238972, -137685, -184045, 23219, 89469, 41461, 9707, -61033, -91378, 44485, 132406, -4782, -112228, -34616, 47218, 51277, 38554, -28740, -120211, -31028, 157397, 102110, -156436, -158346, 113587, 184033, -44354, -168531, -32456, 113464, 91963, -36877, -112569, -40151, 95732, 94833, -48886, -116395, -3395, 92037, 36510, -53041, -37181, 11957, 13791, 15858, 18613, -18506, -43385, 502, 51063, 20878, -39865, -33375, 12526, 33889, 13988, -20519, -29274, -1846, 31911, 21987, -21949, -33083, 4181, 31558, 12033, -20100, -16604, 4141, 12078, 8803, -1357, -12082, -9460, 7703, 13886, -1029, -8743, -3943, -382, 4824, 8736, 1180, -12102, -9496, 10439, 15852, -3969, -15577, -5086, 11089, 10316, -2248, -10774, -5965, 7399, 10679, -2049, -10357, -2597, 6845, 1835, -2920, 2288, 767, -6659, -3097, 9151, 7893, -8299, -12292, 2102, 14167, 5499, -13518, -8557, 8050, 12146, -1087, -13457, -5346, 10764, 8713, -5817, -9956, 1185, 6958, 1774, -3416, -1916, 334, 684, 613, 2502, -49, -4720, -3311, 3749, 5844, -1834, -6979, 62, 4649, 1192, -445, -227, -5839, -7786, 4894, 15825, -10857, -22655, 16080, 26368, -20822, -22851, 22776, 13172, -21037, -827, 15644, -9226, -9207, 8740, 13784, -13257, -11415, 13740, 8500, -9126, -6151, 3069, 2167, 3241, 3471, -8434, -8749, 12100, 12341, -3921, -17792, 1554, 16384, -316, -11430, -268, 7059, 233, -3359, 400, 590, -1069, 532, 64, 237, 1224, 555, -4633, -2375, 8460, 4983, -10611, -7108, 11002, 8830, -10298, -9105, 8582, 8019, -6921, -5365, 3604, 1922, -3783, 1019, 3822, -3144, -4478, 3661, 4439, -3215, -2860, 2536, 556, -1577, 1910, 923, -3354, -1591, 3000, 1279, -1705, -311, -1199, -665, 3644, 2143, -4797, -3689, 5954, 4757, -5027, -3903, 1703, 3833, -1022, -958, -40, -1499, 124, 3041, 787, -3810, -2400, 4911, 2050, -2875, -2757, 765, 2265, -94, -1226, -786, 915, 1244, -518, -1461, 1059, 2183, -1673, -2786, 841, 3262, -877, -3340, -1191, 4131, 1479, -3678, -1650, 3386, 1197, -2949, -680, 2978, -104, -3448, 719, 3909, -169, -5104, 704, 5038, -437, -5496, -941, 5006, 2118, -4577, -2288, 3156, 3590, -3140, -3360, 1872, 2367, -1663, -1474, 799, 342, -885, 208, 1604, -1453, -1619, 1346, 1899, -973, -2162, 2196, 3046, -1381, -3625, -671, 4084, 1951, -4947, -2671, 3845, 3934, -3720, -3695, 3335, 3300, -2015, -1403, 1240, -1526, -626, 5333, -557, -6553, 2728, 10902, -4641, -12984, 7514, 15460, -10011, -17346, 10599, 18734, -8685, -17741, 4548, 15149, 750, -10561, -5537, 4496, 9069, 895, -9815, -5590, 8953, 8330, -6608, -8546, 5026, 6904, -4081, -5426, 4892, 3366, -5471, -4362, 7558, 4980, -7259, -6584, 4523, 8849, -1115, -9222, -3431, 7391, 7483, -2586, -8715, -795, 8579, 3704, -7522, -5616, 4029, 5410, -1067, -3080, -1610, -275, 2715, 3241, -1739, -3947, -1183, 4495, 2311, -3497, -3450, 1991, 3432, 77, -1597, -575, 178, 1416, 1589, -958, -2184
1791219591.095, MrmFullScanInfo, 401, 107, 2200490, 0, 0, 0, 0, 10000, 39297, 32, 2, 2, 1, 480, 0, 0, 0, 0, 0, 0, 165533, -232282, -311465, 474028, 368376, -496657, -398547, 269362, 452569, 64040, -482123, -341474, 399795, 506390, -197928, -587384, -28235, 596316, 177751, -498872, -221742, 283326, 187616, -2158, -116841, -261536, 58464, 446795, -61662, -529547, 134488, 521929, -232330, -469479, 295767, 424161, -290134, -415434, 213661, 433921, -81710, -438013, -83467, 380552, 251027, -240677, -381348, 38750, 436790, 174081, -398413, -343598, 277864, 435304, -115064, -440979, -37146, 372574, 135593, -254710, -162235, 120208, 125538, -2777, -51359, -72835, -28749, 97515, 86167, -77839, -101933, 32445, 71469, 13669, -5563, -37433, -73940, 26684, 141772, 15052, -177247, -71104, 169970, 119707, -122040, -142688, 47798, 131311, 30245, -88295, -88881, 26151, 112752, 36582, -99944, -81269, 62086, 96186, -18817, -80938, -11307, 46037, 18917, -7981, -6271, -17757, -16195, 23646, 35531, -12448, -41746, -6184, 31966, 21391, -11109, -25650, -11519, 17374, 27135, -965, -30841, -15917, 23141, 26214, -9300, -26307, -3573, 17285, 10151, -4161, -9010, -6898, 2703, 11813, 3933, -10119, -6634, 4549, 4083, 662, 1931, -2045, -8098, -1115, 11291, 6626, -9857, -11067, 4394, 11816, 2569, -8250, -8006, 1887, 9960, 4499, -8387, -8397, 5095, 8737, -2559, -6274, 2350, 3167, -4330, -1734, 6952, 3100, -8109, -6711, 6520, 10749, -2466, -12950, -2776, 11804, 7860, -7513, -11484, 1732, 12492, 3538, -10571, -6778, 6660, 7381, -2444, -5756, -435, 3080, 1083, -730, 263, -220, -2403, -582, 3979, 2510, -4242, -4121, 3286, 3915, -2067, -1391, 2222, -2979, -5033, 8697, 10102, -15455, -15059, 22381, 16921, -27442, -13814, 28375, 6181, -24100, 2950, 16384, -10064, -9126, 13871, 5087, -15155, -3885, 14478, 3564, -11371, -2862, 5764, 1345, 1390, 972, -7974, -4070, 11663, 7945, -11691, -11787, 9338, 13816, -6394, -12758, 3753, 9162, -1715, -4733, 369, 1144, 424, 752, -1086, -1139, 2277, 908, -4494, -905, 7576, 1487, -10617, -2568, 12593, 3792, -12964, -4631, 11718, 4590, -9275, -3458, 6424, 1416, -4048, 1041, 2668, -3234, -2134, 4553, 1863, -4682, -1230, 3717, 14, -2150, 1472, 679, -2612, 214, 2813, -490, -1755, 427, -361, -361, 2913, 581, -5134, -1112, 6312, 1759, -6028, -2227, 4485, 2158, -2413, -1265, 572, -335, 527, 2190, -718, -3753, 249, 4461, 501, -4007, -1234, 2668, 1729, -1091, -1829, -211, 1645, 1082, -1478, -1591, 1525, 1921, -1720, -2223, 1765, 2621, -1417, -3161, 754, 3734, -103, -4067, -223, 3985, 157, -3606, 237, 3231, -792, -3151, 1340, 3474, -1778, -4052, 2010, 4616, -1832, -4983, 1150, 5085, -105, -4901, -1017, 4481, 1901, -3897, -2254, 3167, 1975, -2299, -1251, 1487, 346, -967, 575, 825, -1345, -952, 1867, 1252, -2172, -1693, 2253, 2281, -1908, -3073, 1064, 4003, 48, -4783, -1118, 5139, 1934, -4970, -2277, 4298, 1902, -3155, -611, 1602, -1499, 335, 4031, -2649, -6540, 5330, 8770, -8325, -10601, 11389, 11990, -13912, -12988, 15008, 13584, -13884, -13593, 10323, 12703, -4877, -10648, -1253, 7436, 6647, -3438, -10155, -644, 11347, 3954, -10585, -5783, 8802, 5918, -7028, -4806, 6040, 3346, -6116, -2388, 6834, 2473, -7237, -3717, 6437, 5725, -4112, -7461, 573, 7814, 3393, -6356, -6782, 3554, 8718, -365, -8729, -2249, 6883, 3556, -3775, -3231, 408, 1572, 2074, 682, -2859, -2768, 1970, 4133, -188, -4430, -1481, 3626, 2339, -2059, -2134, 304, 1101
1791219591.095, MrmFullScanInfo, 401, 107, 2200490, 0, 0, 0, 0, 10000, 39297, 32, 4, 2, 1, 480, 0, 0, 0, 0, 0, 0, 537, -269, -874, 591, 516, -447, -52, -135, -81, 688, 51, -860, -166, 851, 502, -639, -791, 412, 686, -520, -53, 822, -657, -848, 985, 538, -854, -306, 438, 252, -49, -51, -325, -335, 628, 582, -409, -610, -508, 472, 1408, -32, -1611, -475, 1372, 522, -922, -475, 503, 1144, -425, -2145, 750, 2323, -873, -1467, 357, 431, 505, 58, -1068, -52, 1003, -23, -672, 31, 439, -2, -311, -103, 128, 247, 102, -317, -284, 321, 214, -342, 142, 391, -530, -435, 740, 490, -754, -514, 649, 491, -479, -407, 307, 233, -193, -70, 179, 41, -119, -103, -174, 124, 596, 12, -732, -306, 399, 677, 113, -923, -468, 831, 575, -316, -479, -415, 200, 952, 284, -1057, -813, 833, 1124, -470, -1050, 72, 726, 268, -394, -410, 150, 333, 8, -138, -94, -90, 96, 324, -31, -479, -67, 502, 157, -353, -211, 73, 268, 192, -282, -331, 161, 388, 24, -438, -81, 418, 9, -284, 52, 146, -31, -169, -10, 380, 78, -644, -242, 832, 475, -893, -587, 811, 478, -590, -257, 313, 110, -65, -98, -119, 183, 231, -253, -261, 256, 266, -207, -283, 177, 324, -211, -409, 282, 527, -290, -614, 65, 729, 494, -1127, -1347, 2153, 2423, -4085, -3975, 6756, 6693, -9774, -11001, 13239, 16175, -17690, -20195, 22956, 20870, -27255, -17180, 28165, 10178, -24227, -2836, 16304, -1851, -7007, 2743, -1382, -298, 8232, -4852, -13853, 12283, 18419, -20816, -21982, 28370, 24721, -31551, -27251, 27631, 30122, -17707, -32273, 6492, 31076, 1898, -25069, -6884, 15942, 9753, -7189, -11792, 1794, 13692, -285, -15850, 805, 18581, -1032, -21588, -127, 23519, 2642, -22808, -6064, 18923, 9450, -12620, -11517, 5377, 11139, 1207, -8065, -5790, 3394, 7657, 889, -6926, -3115, 4619, 2888, -2269, -951, 1242, -1386, -2069, 2846, 4132, -2654, -5981, 829, 6141, 1900, -3928, -4430, -142, 5785, 4782, -5465, -8580, 3722, 10328, -1298, -9487, -927, 6689, 2103, -3431, -1707, 1049, 56, -164, 1904, 681, -3182, -1819, 3059, 2594, -1413, -2376, -1038, 1147, 3136, 641, -4061, -2194, 3690, 2778, -2465, -2150, 1114, 693, -255, 786, 242, -1559, -987, 1393, 1931, -534, -2284, -562, 1579, 1525, -64, -2044, -1599, 1987, 2781, -1414, -3114, 528, 2593, 354, -1535, -790, 384, 502, 576, 383, -1257, -1452, 1663, 2204, -1770, -2310, 1560, 1797, -1129, -1001, 740, 262, -576, 247, 634, -407, -728, 286, 682, -129, -454, 185, 106, -418, 188, 630, -319, -693, 343, 574, -341, -311, 345, 43, -354, 54, 416, 118, -465, -469, 394, 809, -181, -1043, -7, 1176, -83, -1132, 584, 854, -1404, -510, 2347, 397, -3241, -705, 4019, 1381, -4627, -2193, 4958, 2936, -4907, -3507, 4490, 3822, -3730, -3797, 2603, 3410, -1142, -2689, -465, 1713, 2008, -681, -3294, -108, 4072, 531, -4127, -683, 3565, 701, -2781, -475, 2021, -125, -1274, 938, 617, -1603, -263, 1906, 289, -1847, -489, 1488, 659, -887, -688, 240, 446, 263, 126, -581, -823, 767, 1329, -795, -1464, 679, 1244, -497, -756, 306, 213
1791219591.095, MrmDetectionListInfo, 401, 135, 208, 2247, 209, 2999, 210, 3936, 211, 5084, 212, 6448, 213, 8038, 214, 9863, 215, 11915, 216, 14153, 217, 16486, 218, 18769, 219, 20810, 220, 22384, 221, 23265, 222, 23268, 223, 22291, 224, 20349, 225, 17577, 226, 14266, 227, 10899, 228, 8005, 229, 5809, 230, 4131, 231, 2750, 233, 2565, 234, 5131, 235, 8914, 236, 12605, 237, 15630, 238, 18372, 239, 21279, 240, 24209, 241, 26644, 242, 28212, 243, 28870, 244, 28705, 245, 27769, 246, 26106, 247, 23853, 248, 21260, 249, 18664, 250, 16426, 251, 14811, 252, 13844, 253, 13129, 254, 12040, 255, 10375, 256, 8621, 257, 7439, 258, 7055, 259, 7244, 260, 7720, 261, 8368, 262, 9167, 263, 10028, 264, 10782, 265, 11330, 266, 11782, 267, 12364, 268, 13091, 269, 13652, 270, 13719, 271, 13238, 272, 12360, 273, 11197, 274, 9760, 275, 8114, 276, 6525, 277, 5428, 278, 5126, 279, 5354, 280, 5398, 281, 4889, 282, 4219, 283, 3968, 284, 4097, 285, 3964, 286, 3148, 287, 1946, 288, 1054, 290, 1493, 291, 2355, 292, 3152, 293, 3700, 294, 3942, 295, 3887, 296, 3660, 297, 3484, 298, 3455, 299, 3433, 300, 3264, 301, 3203, 302, 3805, 303, 5147, 304, 6496, 305, 7070, 306, 6793, 307, 6136, 308, 5502, 309, 4969, 310, 4446, 311, 3884, 312, 3264, 313, 2537, 321, 2653, 322, 2580, 323, 2348, 324, 1997, 325, 1631, 328, 1934, 329, 2408, 330, 2814, 331, 3083, 355, 2241, 356, 1933, 357, 1629, 370, 2051, 371, 1952, 372, 1767, 373, 1502, 424, 3307, 425, 3602, 426, 3840, 427, 4008, 428, 4102, 429, 4122, 430, 4065, 431, 3929, 432, 3704, 443, 2004, 444, 2145, 445, 2326, 446, 2414, 447, 2317, 448, 2085
1791219591.219, MrmFullScanInfo, 402, 107, 2200615, 0, 0, 0, 0, 10000, 39297, 32, 1, 2, 1, 480, -340432, 512082, 403165, -503540, -477735, 467467, 518246, -332837, -520187, -49636, 519815, 446134, -464204, -516097, 165100, 518698, 148252, -519771, -334626, 511486, 366360, -436389, -282511, 101500, 231223, 185278, -3242, -244489, -178639, 432243, 134868, -455441, -2773, 511216, -142057, -510928, 179509, 512354, -148903, -515314, 54455, 514848, 80797, -463752, -262381, 327654, 406356, -70141, -454812, -187058, 380956, 377376, -248309, -478737, 59415, 459360, 109251, -389124, -211006, 272569, 243577, -137474, -187431, 21922, 89876, 43922, 9616, -61922, -93778, 45648, 133710, -6158, -114846, -36256, 49993, 55302, 38752, -31402, -121035, -28414, 159072, 102463, -156582, -157643, 115404, 185768, -44844, -169526, -34424, 113349, 94227, -36866, -114558, -41833, 96691, 95784, -48063, -117068, -3908, 93701, 37531, -53231, -39533, 11014, 14470, 17248, 18949, -19569, -43957, 1345, 51144, 17179, -40891, -33752, 13402, 35286, 13837, -22306, -29920, -1336, 32664, 22742, -23262, -32998, 4689, 31837, 14259, -23036, -17088, 4196, 11967, 8516, -1791, -11522, -9203, 7890, 14288, -1300, -8747, -3744, -301, 4935, 11406, 1725, -12035, -9968, 10554, 14751, -3167, -15449, -5273, 11159, 10340, -2068, -10076, -6443, 7479, 10505, -314, -6478, -2520, 6717, 2117, -2521, 2582, 786, -6643, -2908, 8712, 7768, -8183, -11601, 2549, 14305, 3307, -10819, -8256, 8056, 12097, -861, -13533, -5310, 10853, 8394, -5430, -9603, 865, 6651, 835, -2950, -3369, -998, -2408, 4002, 9045, -5355, -14001, 5964, 16466, -8058, -15491, 13104, 10171, -19823, 796, 23879, -15268, -24518, 3779, 29129, -13199, -28361, 16201, 26514, -13987, -24880, 7673, 24221, -381, -23385, -7798, 20902, 14764, -17487, -26763, -1682, 23434, 6616, -20408, -9224, 16936, 8505, -13342, -6367, 10670, 2870, -9250, -317, 8451, -768, -5995, -7202, 6496, 8118, -5460, -9226, 3520, 9850, 90, -8821, -1181, 7123, 1991, -4791, -825, 2445, 210, -800, 2422, 1057, -2503, -2260, 2073, 2901, -379, -2975, -1698, 2631, 3017, -1371, -4227, 261, 3944, 1447, -3061, 356, 2626, -1369, -2612, 3271, 3097, -4929, -4759, 5114, 5645, -4924, -5974, 3519, 6917, -3019, -5116, 2171, 2252, -878, -714, 1441, -1762, -1350, 2930, 1708, -3388, -1786, 3683, 2051, -23, -157, -646, -478, 571, 1007, -1669, -2269, 1171, 750, -1111, -454, 1548, -836, -2593, 1845, 2792, -1609, -3979, 884, 4665, -1167, -3767, -138, 2392, 349, -1603, -657, 198, 787, 386, -572, 175, 1318, -383, -2047, 896, 3680, 362, -5153, 454, 6854, 112, -7275, -93, 8422, 273, -9013, -313, 7909, -41, -7879, -346, 7670, 582, -6189, -1075, 5782, 1770, -5393, -2706, 3869, 3634, -3205, -2726, 1336, 2665, -615, -1789, 320, 126, 65, 484, 812, -1581, -1539, 1662, 1871, -883, -2905, 9, 2826, 1073, -3010, -2361, 2785, 3557, -2756, -3702, 2654, 3694, -2091, -2340, 1775, 879, -1153, 2519, -346, -4716, 2603, 8038, -4829, -11385, 6713, 14758, -8507, -16932, 7849, 17533, -4631, -15810, 413, 12584, 4762, -6998, -9688, 882, 12868, 5335, -13209, -10310, 12316, 11895, -8375, -11830, 5920, 9236, -3107, -5895, 2773, 4083, -3214, -2893, 5277, 3303, -5214, -4725, 3791, 6222, -1703, -6972, -2746, 5509, 5245, -3286, -6094, 90, 6761, 1937, -5532, -3755, 2976, 3426, -459, -1827, -1518, 254, 1253, 1607, -1055, -2387, -662, 2415, 1236, -1379, -2085, 90, 1705, 1846, -811, -2172, -848, 2681, 2776, -1389, -2848
1791219591.219, MrmFullScanInfo, 402, 107, 2200615, 0, 0, 0, 0, 10000, 39297, 32, 2, 2, 1, 480, 0, 0, 0, 0, 0, 0, 165477, -232417, -311280, 474721, 368135, -498229, -398125, 271437, 451897, 62297, -481083, -340678, 398286, 506550, -196294, -588098, -29130, 596686, 177435, -497948, -220712, 280848, 186608, 1164, -116207, -264562, 57956, 448790, -60837, -530399, 133642, 521831, -232583, -468473, 297759, 422397, -293430, -413502, 217513, 432722, -85588, -438352, -80040, 382446, 248406, -243107, -379773, 40494, 436593, 173392, -399580, -343711, 279486, 436177, -115723, -442750, -38324, 374981, 138261, -256810, -165222, 121016, 127712, -2032, -52171, -74683, -29255, 99652, 87687, -79294, -104083, 32416, 73787, 15348, -7417, -40091, -73017, 29287, 141860, 13317, -178140, -70540, 171181, 120086, -122822, -143572, 47482, 132229, 31705, -88873, -90826, 26167, 114324, 37207, -100636, -82426, 61858, 97522, -17888, -81923, -12601, 46251, 20126, -7371, -7042, -19084, -15893, 25468, 35525, -14230, -41940, -5216, 32380, 21643, -11648, -26698, -11187, 18445, 27345, -1600, -31449, -15898, 23600, 26944, -9322, -27651, -3773, 18693, 10314, -5103, -9114, -6531, 2782, 11888, 3879, -10416, -6446, 4824, 3537, 566, 2792, -2176, -8862, -819, 11522, 6321, -9545, -10916, 3925, 11808, 2796, -8195, -7831, 1899, 9382, 4055, -7460, -7459, 4044, 7723, -1774, -5606, 2024, 2868, -4326, -1608, 7021, 2970, -8265, -6340, 6927, 9895, -3037, -11699, -2378, 10651, 7803, -6939, -11577, 1768, 12457, 3165, -10356, -6349, 6372, 6950, -2296, -5022, 76, 1307, -946, 3245, 4547, -7716, -8926, 11600, 11659, -15020, -10625, 18154, 4523, -20335, 4976, 20992, -13801, -20899, 19284, 21114, -21861, -21353, 22530, 20973, -20662, -20474, 15787, 20735, -8618, -21783, 198, 21926, 8580, -19009, -16529, 12702, 22010, -5162, -23753, -710, 21936, 3509, -17867, -3399, 13257, 1495, -9352, 351, 6806, -355, -5925, -1780, 6428, 4738, -7107, -7036, 6659, 8225, -4851, -8369, 2539, 7531, -749, -5796, 22, 3549, -315, -1517, 1179, 411, -1987, -455, 2173, 1298, -1494, -2295, 97, 2891, 1577, -2771, -2988, 2077, 3742, -1362, -3716, 1240, 3124, -1982, -2425, 3375, 2095, -4924, -2336, 6060, 3064, -6423, -3938, 6038, 4399, -5075, -3942, 3725, 2526, -2259, -573, 1056, -1379, -340, 2927, 113, -3656, -184, 3270, 309, -1921, -311, 242, 76, 1106, 327, -1858, -636, 2052, 565, -1918, 18, 1775, -960, -1831, 1895, 2194, -2475, -2793, 2589, 3295, -2262, -3306, 1558, 2744, -640, -1823, -211, 899, 825, -303, -1199, 234, 1532, -560, -2107, 1023, 3135, -1479, -4527, 1918, 5956, -2299, -7144, 2541, 7940, -2649, -8247, 2636, 8095, -2473, -7643, 2138, 7058, -1608, -6449, 885, 5895, 13, -5388, -949, 4779, 1702, -3903, -2093, 2787, 2047, -1636, -1553, 718, 679, -215, 382, 188, -1324, -571, 1844, 1233, -1761, -2019, 1130, 2762, -111, -3331, -1054, 3711, 2068, -3876, -2617, 3757, 2511, -3271, -1654, 2339, 74, -819, 2019, -1396, -4323, 4209, 6650, -7305, -8944, 10217, 11061, -12222, -12695, 12455, 13532, -10325, -13312, 5911, 11841, 58, -9051, -6376, 5117, 11709, -576, -14938, -3717, 15538, 6876, -13738, -8291, 10477, 7912, -7038, -6258, 4596, 4187, -3738, -2510, 4129, 1811, -4800, -2315, 4733, 3707, -3372, -5199, 873, 5906, 2064, -5295, -4605, 3484, 6118, -1115, -6215, -980, 4868, 2190, -2587, -2270, 259, 1388, 1297, 23, -1716, -1387, 1157, 2173, -78, -2069, -976, 1124, 1568, 290, -1395, -1644, 474
1791219591.219, MrmFullScanInfo, 402, 107, 2200615, 0, 0, 0, 0, 10000, 39297, 32, 4, 2, 1, 480, 0, 0, 0, 0, 0, 0, 189, -243, -217, 957, 2, -1828, 421, 2120, -790, -1521, 1176, 432, -1655, 553, 1830, -992, -1142, 525, -132, 702, 1128, -2093, -1435, 2950, 1218, -2852, -1013, 1961, 1092, -822, -858, -95, -480, 888, 2356, -1563, -3485, 1708, 3547, -991, -3147, -393, 2637, 1728, -1970, -2212, 1151, 1511, 18, -148, -1341, -1067, 1947, 1860, -1031, -2347, -1058, 2530, 2956, -2035, -3531, 782, 2671, 715, -1122, -1822, -333, 2155, 1420, -1535, -2133, 100, 2401, 1549, -2018, -2546, 1059, 2488, 107, -1583, -1096, 373, 1541, 602, -1150, -1102, 8, 1103, 1241, -716, -1841, 81, 1541, 630, -664, -1180, -258, 1342, 885, -976, -1123, 232, 994, 523, -648, -1140, 327, 1556, -138, -1523, -18, 862, 261, 107, -474, -704, 429, 683, -63, -330, -230, -147, 102, 749, 226, -1244, -332, 1260, 210, -816, -98, 303, 46, 56, -7, -188, 139, 109, -505, 80, 851, -262, -794, 345, 314, -273, 197, 69, -381, 113, 205, -113, 165, 191, -579, -574, 945, 1008, -1064, -1078, 783, 801, -291, -534, -100, 446, 262, -479, -377, 679, 577, -1065, -655, 1361, 428, -1181, -82, 537, -26, 117, -143, -460, 328, 512, -361, -526, 192, 862, 447, -1948, -1906, 4196, 4130, -7740, -6455, 12466, 7855, -17977, -6917, 23145, 2215, -25900, 5440, 25103, -13333, -21840, 19905, 17721, -25477, -12991, 29478, 7814, -29161, -4002, 22579, 3716, -10442, -7471, -4367, 12101, 18619, -12503, -30300, 6453, 38414, 3184, -41994, -11531, 40474, 15876, -34451, -15910, 25611, 12838, -15840, -8785, 7039, 5736, -936, -4349, -1793, 4066, 2233, -4242, -2269, 4776, 3013, -5607, -4316, 6396, 5427, -6463, -5721, 5404, 4914, -3697, -2939, 2359, -11, -1949, 3266, 2213, -5936, -2588, 7426, 2632, -7586, -2160, 6667, 1364, -5216, -568, 3847, -24, -2826, 297, 1930, -109, -770, -630, -804, 1789, 2599, -3061, -4138, 4137, 4828, -4736, -4224, 4748, 2353, -4290, 272, 3668, -2956, -3154, 5112, 2823, -6148, -2549, 5646, 2155, -3776, -1497, 1350, 449, 766, 904, -2114, -2225, 2612, 3103, -2459, -3164, 1947, 2350, -1291, -1036, 772, -255, -618, 1266, 683, -1931, -584, 2221, 192, -2192, 333, 2028, -664, -1856, 540, 1729, 47, -1555, -719, 1124, 1066, -267, -1017, -898, 780, 2020, -581, -2790, 520, 3107, -609, -3043, 801, 2792, -1051, -2509, 1306, 2286, -1447, -2175, 1368, 2191, -990, -2246, 324, 2196, 501, -1933, -1257, 1429, 1763, -736, -1928, 26, 1723, 513, -1234, -815, 706, 941, -310, -1004, 7, 1151, 271, -1437, -402, 1703, 284, -1693, -3, 1334, -289, -731, 584, 43, -947, 597, 1346, -1059, -1659, 1239, 1776, -1167, -1620, 1004, 1164, -931, -532, 1111, 18, -1597, 190, 2247, -83, -2786, -230, 3055, 640, -3092, -1048, 3034, 1332, -2912, -1379, 2637, 1212, -2091, -947, 1268, 749, -327, -659, -437, 548, 814, -232, -832, -317, 589, 960, -151, -1555, -438, 1896, 1142, -1810, -1861, 1328, 2445, -635, -2726, -48, 2655, 584, -2230, -809, 1444, 618, -372, -73, -688, -588, 1299, 1193, -1241, -1693, 720, 2064, -133, -2213, -240, 2089, 415, -1724, -518
1791219591.219, MrmDetectionListInfo, 402, 121, 200, 4011, 201, 5474, 202, 7075, 203, 8750, 204, 10416, 205, 11947, 206, 13178, 207, 13922, 208, 14100, 209, 14061, 210, 14498, 211, 15764, 212, 17484, 213, 18950, 214, 19766, 215, 20077, 216, 20231, 217, 20351, 218, 20253, 219, 19674, 220, 18493, 221, 16761, 222, 14605, 223, 12160, 224, 9656, 225, 7604, 226, 6790, 227, 8012, 228, 11500, 229, 16149, 230, 19863, 231, 21337, 232, 21211, 233, 21170, 234, 22328, 235, 24563, 236, 26787, 237, 27736, 238, 26907, 239, 24757, 240, 22018, 241, 19030, 242, 15784, 243, 12341, 244, 9006, 245, 6147, 246, 3994, 247, 2696, 248, 2341, 249, 2711, 250, 3228, 251, 3431, 252, 3360, 253, 3370, 254, 3687, 255, 4241, 256, 4833, 257, 5345, 258, 5749, 259, 6010, 260, 6049, 261, 5796, 262, 5254, 263, 4489, 264, 3587, 265, 2624, 266, 1723, 267, 1215, 268, 1507, 269, 2574, 270, 3811, 271, 4613, 272, 4911, 273, 4995, 274, 5044, 275, 4969, 276, 4641, 277, 4087, 278, 3459, 279, 2877, 280, 2371, 283, 1353, 284, 1206, 290, 1880, 291, 2740, 292, 3506, 293, 4085, 294, 4476, 295, 4683, 296, 4677, 297, 4421, 298, 3926, 299, 3272, 304, 3870, 305, 4311, 306, 4393, 307, 4316, 308, 4178, 309, 3890, 310, 3353, 311, 2598, 312, 1762, 321, 2772, 322, 2593, 323, 2302, 324, 1874, 325, 1367, 356, 1840, 357, 1882, 358, 1882, 359, 1862, 360, 1848, 362, 1848, 363, 1846, 374, 1400, 376, 1499, 377, 1410, 411, 1328, 412, 1174, 430, 2135, 431, 2062
1791219591.344, MrmFullScanInfo, 403, 107, 2200740, 0, 0, 0, 0, 10000, 39297, 32, 1, 2, 1, 480, -337334, 512966, 403652, -504849, -477065, 467259, 517653, -328570, -520192, -51171, 519733, 443620, -466603, -516418, 169100, 517816, 145457, -519721, -329760, 512715, 364623, -436725, -286826, 99237, 228558, 189857, 8175, -242943, -183704, 434562, 141757, -454611, -2820, 511421, -148920, -510973, 175615, 512932, -150235, -515404, 61800, 515524, 77069, -465296, -259419, 331733, 405452, -74881, -459580, -183372, 385988, 377625, -248181, -478323, 61415, 462835, 108672, -396288, -213841, 276489, 245972, -140658, -193530, 19564, 94607, 51492, 8964, -66793, -93413, 47483, 139777, -8864, -123195, -37528, 54233, 59000, 38119, -35914, -123621, -23947, 163972, 100634, -159598, -158802, 114903, 185703, -45702, -173268, -34556, 116836, 96664, -36933, -117331, -41908, 99070, 97240, -49309, -119268, -4252, 95673, 39777, -53298, -40350, 11174, 15652, 17383, 18741, -20331, -44631, 2112, 52973, 19900, -42369, -34614, 14291, 36247, 14116, -22966, -30115, -609, 33703, 22517, -23575, -33346, 5056, 32352, 11136, -20828, -17627, 4803, 12807, 8790, -1923, -12231, -9200, 8274, 13679, -1325, -9314, -3748, 275, 4785, 7987, 1157, -11624, -9729, 10468, 14531, -3319, -15215, -4646, 11319, 9847, -2808, -9991, -5883, 7287, 10210, -1968, -9702, -2546, 6244, 1651, -2962, 1927, 729, -6828, -2908, 8479, 7522, -7254, -12149, 1979, 13995, 6354, -13088, -8695, 6582, 13812, 2066, -17369, -9881, 17857, 15565, -17063, -17925, 17908, 16609, -22180, -11269, 27417, 5225, -37899, 360, 41577, -3707, -39470, 2017, 30319, 4794, -19708, -15078, 10126, 24527, -2781, -32346, -724, 36436, 20421, -34176, -20653, 31725, 19918, -27590, -18364, 22526, 16674, -16000, -15213, 10526, 13752, -6127, -10993, 2967, 8118, 2281, -6559, -2394, 6096, 1875, -5746, -1744, 5959, 1062, -6192, -1139, 5858, 1240, -5119, -1118, 4895, 2179, -4011, -950, 2913, 1124, -2698, -1116, 2669, 2850, -1316, -4902, 156, 5701, 1168, -7216, -6078, 4879, 7038, -3842, -6252, 1905, 5401, -600, -3115, -895, 1247, 642, 641, -490, -1805, 60, 3585, 696, -4419, -761, 5004, 496, -5658, -968, 5632, 1655, -5179, -1787, 4442, 2605, -2875, -2804, 369, 3194, 1656, -2057, -3159, 745, 4062, 989, -4118, -2059, 2686, 2110, -1145, -1140, 741, -78, 48, 1186, 1156, -1980, -1578, 2198, 2000, -1168, -2144, -127, 1424, 1386, -165, -2486, -1901, 2235, 3036, -1533, -3774, 631, 3446, -111, -2967, 8, 1565, 442, -1006, -902, 527, 1674, -231, -1797, 205, 2464, 116, -2820, -209, 3928, 370, -4774, 23, 5543, -117, -5381, 807, 5001, -974, -5470, 881, 5129, -1057, -5327, 613, 5646, 487, -5157, -1217, 4582, 2361, -3863, -3535, 3284, 3698, -2459, -1763, 2050, 1855, -750, -864, 874, 152, -843, 95, 1219, -384, -1519, 1052, 1293, 42, -1720, -1621, 1670, 2750, -632, -4255, 104, 4554, 526, -3775, -775, 2114, 152, -542, -665, -1962, 929, 6096, -767, -9561, 1793, 11968, -3977, -15316, 6555, 18152, -7705, -20343, 8128, 20650, -5689, -19098, 1641, 14677, 3926, -8535, -8637, 1757, 11056, 4559, -11857, -9424, 10293, 12225, -7255, -12006, 4760, 9704, -3150, -6037, 2746, 3942, -2747, -1577, 4656, 1681, -4523, -2635, 2789, 3519, -667, -3774, -3125, 2976, 5537, -1149, -6550, -1337, 6686, 3267, -5609, -4537, 3602, 3341, -1018, -2185, -401, -61, 692, 2541, -622, -2718, -1157, 2631, 1721, -2169, -1952, 1055, 1546, 368, -346, -1150, -1259, 1553, 2471, -1089, -3228
1791219591.344, MrmFullScanInfo, 403, 107, 2200740, 0, 0, 0, 0, 10000, 39297, 32, 2, 2, 1, 480, 0, 0, 0, 0, 0, 0, 165232, -232282, -310863, 473888, 367914, -496701, -398519, 270150, 453071, 62385, -482979, -339508, 400836, 504803, -199334, -586521, -26307, 595655, 175728, -497172, -219777, 279655, 184704, 3388, -112035, -267798, 52319, 452241, -56240, -532881, 131857, 522494, -233228, -467664, 299492, 421204, -295883, -412603, 221049, 432308, -89783, -438838, -76469, 384439, 246735, -246632, -380351, 44620, 438600, 170222, -401858, -342991, 281402, 438521, -117094, -447507, -37908, 380355, 139477, -260574, -168372, 121631, 132210, 456, -56349, -78861, -27584, 103998, 89796, -82866, -109141, 34378, 79279, 15869, -10930, -43235, -72422, 33938, 143460, 9032, -180447, -68261, 173112, 120467, -124078, -146035, 47999, 135392, 32205, -91354, -92461, 27270, 116630, 37512, -102696, -83770, 62880, 99296, -17674, -83511, -13635, 47245, 21288, -7616, -7723, -19371, -16075, 25770, 36625, -14131, -43585, -5726, 33901, 22360, -12489, -27509, -11139, 19238, 27822, -2181, -32265, -15511, 24680, 26458, -10336, -26962, -3330, 18082, 10559, -4805, -9682, -6632, 3297, 11952, 3638, -10519, -6740, 5024, 4547, 226, 1314, -1771, -7525, -1075, 10834, 6276, -9544, -10659, 4355, 11610, 2226, -8274, -7411, 2063, 9382, 4182, -8010, -7945, 4905, 8271, -2464, -5948, 2259, 3015, -4121, -1685, 6524, 3107, -7480, -6746, 5836, 10682, -1760, -12477, -3875, 10576, 10217, -5335, -16283, -1307, 20925, 7100, -23753, -10188, 25482, 9445, -27430, -4778, 30434, -2640, -33865, 10367, 35699, -15116, -34040, 14001, 28938, -6228, -22306, -6188, 16481, 19493, -11681, -30227, 6306, 36843, 253, -39396, -6287, 38370, 9795, -34311, -10834, 28130, 10698, -21154, -10424, 14708, 10117, -9372, -9441, 5028, 8440, -1665, -7496, -355, 6830, 887, -6392, -413, 6091, -337, -5844, 840, 5583, -863, -5274, 526, 4880, -117, -4327, -151, 3658, 377, -3027, -920, 2536, 2039, -2124, -3664, 1451, 5348, -85, -6557, -1922, 6908, 3868, -6239, -4909, 4682, 4760, -2635, -3639, 692, 1984, 657, -163, -1239, -1607, 1255, 3187, -1067, -4432, 955, 5243, -920, -5624, 788, 5651, -416, -5351, -196, 4644, 1005, -3411, -1883, 1699, 2563, 238, -2706, -2061, 2152, 3428, -1083, -4004, -56, 3663, 801, -2615, -874, 1374, 295, -465, 688, 159, -1670, -381, 2195, 850, -1949, -1250, 949, 1274, 478, -723, -1840, -341, 2692, 1605, -2830, -2642, 2389, 3115, -1651, -2905, 834, 2215, -5, -1434, -781, 901, 1446, -688, -1948, 679, 2383, -734, -2922, 844, 3646, -1084, -4420, 1497, 4954, -1989, -5083, 2389, 4917, -2588, -4704, 2598, 4635, -2435, -4734, 2061, 4912, -1408, -5002, 461, 4917, 682, -4669, -1664, 4265, 2081, -3599, -1855, 2658, 1283, -1662, -674, 941, 137, -675, 355, 763, -772, -980, 893, 1226, -443, -1504, -606, 1758, 1996, -1840, -3284, 1675, 3989, -1305, -3774, 792, 2622, -135, -666, -717, -1964, 1852, 5051, -3385, -8174, 5472, 10929, -8074, -13162, 10807, 14891, -12925, -16047, 13530, 16409, -11875, -15657, 7744, 13570, -1768, -10159, -4692, 5728, 10101, -818, -13322, -3810, 13975, 7303, -12449, -8933, 9689, 8500, -6745, -6492, 4498, 3865, -3415, -1608, 3319, 422, -3485, -525, 3075, 1574, -1621, -2849, -728, 3586, 3355, -3268, -5519, 1884, 6710, 14, -6650, -1625, 5338, 2362, -3185, -2014, 915, 789, 741, 788, -1345, -2113, 932, 2813, 11, -2757, -837, 1980, 1112, -700, -704, -674, -228
1791219591.344, MrmFullScanInfo, 403, 107, 2200740, 0, 0, 0, 0, 10000, 39297, 32, 4, 2, 1, 480, 0, 0, 0, 0, 0, 0, -203, 44, 394, -446, -276, 742, -179, -325, 803, -644, -1353, 1427, 1836, -1567, -2328, 1200, 2475, -838, -1903, 1086, 1482, -2069, -2472, 3440, 4576, -4393, -5954, 4244, 5002, -2827, -2135, 641, -843, 1177, 2721, -1867, -3925, 1646, 5063, -850, -5576, -660, 4733, 2755, -2540, -4483, -62, 4772, 1992, -3263, -2829, 347, 2729, 3029, -1820, -5663, 27, 6388, 2371, -4592, -4550, 938, 5573, 2774, -4635, -4919, 1530, 5241, 2706, -4226, -5943, 2026, 6470, 1149, -4316, -4198, 1014, 5693, 1629, -4958, -2715, 2449, 2524, 616, -1711, -2902, 523, 3598, 1005, -2751, -2397, 1114, 2961, 579, -2367, -1836, 950, 2327, 572, -1987, -1530, 1084, 1624, -15, -980, -786, -53, 984, 1078, -565, -1692, -141, 1653, 785, -1033, -1154, 184, 1137, 523, -764, -999, 351, 1206, -176, -981, 161, 339, -69, 318, -52, -608, 27, 543, 95, -257, -197, -229, 265, 809, -328, -1148, 312, 1032, -114, -576, -174, 92, 318, 272, -187, -492, -89, 495, 213, -235, -85, -175, -92, 443, 134, -381, -58, 118, -9, 179, 34, -422, 10, 673, -186, -894, 393, 1037, -243, -1341, -554, 2397, 1836, -4733, -3052, 8426, 3776, -13276, -3660, 18971, 2312, -25062, 562, 30547, -4699, -33696, 8771, 32817, -10459, -27693, 7340, 20387, 1675, -14365, -15218, 12697, 29712, -14239, -41576, 14370, 49586, -10405, -54211, 4414, 55583, 259, -53524, -3067, 48620, 4933, -42068, -6518, 34931, 8218, -27426, -10279, 19509, 12429, -11869, -13771, 5901, 13613, -2643, -12312, 1899, 10823, -2629, -10011, 3665, 10125, -3723, -10847, 1881, 11761, 1551, -12433, -5064, 12294, 7371, -10938, -8457, 8601, 8853, -5980, -8891, 3516, 8563, -1154, -7813, -1143, 6692, 3113, -5302, -4437, 3806, 5133, -2386, -5362, 1257, 5270, -553, -4806, 207, 3806, -41, -2254, 43, 415, -400, 1328, 1306, -2677, -2683, 3452, 4200, -3567, -5399, 2930, 6048, -1509, -6183, -398, 5792, 2263, -4710, -3677, 2946, 4444, -900, -4390, -863, 3494, 1868, -2107, -1910, 880, 1129, -321, 141, 497, -1426, -1097, 2255, 1780, -2376, -2267, 1875, 2330, -1025, -1900, 151, 1138, 458, -363, -659, -121, 551, 208, -371, 24, 302, -355, -313, 519, 286, -342, -188, -58, 71, 383, 39, -444, -156, 300, 248, -119, -197, 27, -139, -53, 812, 150, -1610, -222, 2161, 270, -2215, -345, 1827, 423, -1204, -404, 595, 208, -157, 148, -97, -459, 277, 487, -392, -212, 379, -81, -262, 112, 174, 152, -197, -532, 205, 858, -5, -1123, -419, 1397, 985, -1713, -1604, 2019, 2221, -2158, -2769, 1921, 3148, -1237, -3272, 293, 3136, 647, -2776, -1501, 2202, 2323, -1463, -3057, 790, 3523, -373, -3644, 211, 3533, -214, -3296, 339, 2931, -496, -2356, 515, 1589, -359, -758, 176, 51, -121, 467, 204, -832, -306, 1084, 313, -1153, -209, 967, 156, -525, -323, -109, 748, 826, -1282, -1522, 1710, 2163, -1874, -2729, 1715, 3067, -1259, -2977, 627, 2464, 19, -1740, -476, 991, 609, -296, -399, -247, -47, 567, 538, -654, -850, 523, 879, -216, -666, -92, 288, 205, 193, -95, -660, -102, 944, 250, -965
1791219591.344, MrmDetectionListInfo, 403, 132, 187, 3982, 188, 5150, 189, 6383, 190, 7670, 191, 8981, 192, 10260, 193, 11452, 194, 12551, 195, 13639, 196, 14957, 197, 16757, 198, 18892, 199, 20717, 200, 21584, 201, 21289, 202, 19969, 203, 17783, 204, 14891, 205, 11810, 206, 9847, 207, 10568, 208, 14183, 209, 19045, 210, 23280, 211, 26327, 212, 28630, 213, 30456, 214, 31515, 215, 31521, 216, 30673, 217, 29480, 218, 28353, 219, 27506, 220, 27029, 221, 26742, 222, 26180, 223, 25038, 224, 23492, 225, 21941, 226, 20571, 227, 19273, 228, 17891, 229, 16414, 230, 14930, 231, 13498, 232, 12111, 233, 10767, 234, 9514, 235, 8431, 236, 7580, 237, 6978, 238, 6608, 239, 6448, 240, 6470, 241, 6628, 242, 6844, 243, 7016, 244, 7045, 245, 6892, 246, 6673, 247, 6640, 248, 7027, 249, 7864, 250, 8864, 251, 9572, 252, 9727, 253, 9436, 254, 8960, 255, 8448, 256, 7893, 257, 7262, 258, 6579, 259, 5886, 260, 5208, 261, 4612, 262, 4231, 263, 4156, 264, 4331, 265, 4559, 266, 4637, 267, 4506, 268, 4254, 269, 3991, 270, 3747, 271, 3498, 272, 3232, 273, 2968, 274, 2721, 275, 2473, 276, 2187, 277, 1838, 284, 1874, 285, 2583, 286, 3135, 287, 3582, 288, 3975, 289, 4275, 290, 4407, 291, 4336, 292, 4094, 293, 3761, 294, 3444, 295, 3285, 296, 3400, 297, 3709, 298, 3930, 299, 3840, 300, 3468, 301, 3007, 306, 2269, 307, 1998, 308, 1576, 388, 866, 392, 1804, 393, 2024, 394, 2226, 395, 2375, 396, 2448, 397, 2439, 398, 2349, 399, 2183, 400, 1965, 410, 2060, 411, 2029, 412, 1984, 413, 1937, 414, 1893, 415, 1851, 416, 1807, 446, 1866, 447, 2039, 448, 2194
1791219591.479, MrmFullScanInfo, 404, 107, 2200865, 0, 0, 0, 0, 10000, 39297, 32, 1, 2, 1, 480, -329752, 512622, 403256, -504268, -477585, 467390, 517488, -327152, -520174, -50403, 519850, 444224, -464000, -515853, 166861, 518866, 135194, -519758, -334459, 511636, 363494, -434606, -289605, 101290, 228908, 187992, -3779, -244494, -187501, 430980, 133412, -455027, 2648, 511134, -143178, -511036, 180165, 511354, -145694, -515747, 57138, 514253, 77883, -463482, -262658, 325911, 407783, -73057, -458398, -183054, 385397, 377063, -252573, -472100, 54437, 458220, 108155, -389952, -209547, 273486, 243570, -137588, -188335, 22857, 90814, 45641, 8898, -66590, -95574, 46755, 136295, -7752, -116795, -36120, 51085, 54093, 38868, -31724, -121699, -27793, 160925, 99722, -158842, -159001, 117515, 186939, -42801, -170806, -33977, 114083, 93954, -37367, -114309, -40727, 97646, 96602, -49322, -117507, -3908, 94264, 37987, -53266, -40119, 11271, 15552, 17404, 18658, -19910, -44113, 1618, 51975, 20131, -40845, -34052, 13457, 35525, 13481, -22546, -30360, -1661, 32902, 22631, -23646, -33502, 4427, 32193, 11465, -20703, -16684, 4722, 12371, 8454, -2427, -11701, -9167, 7698, 13984, -1397, -8810, -4691, -254, 4871, 8087, 931, -11714, -9784, 11161, 15235, -3441, -16259, -4024, 11917, 9381, -3545, -9010, -4640, 5975, 8658, -745, -7904, -1932, 4445, 2258, -1342, 1188, 22, -3644, -2768, 2585, 8712, 3576, -14077, -14619, 17854, 29309, -19924, -34916, 432, 42729, 3320, -43430, -4895, 32980, 2773, -13285, 293, -9666, -1769, 29151, 1869, -40005, 2016, 50287, -8678, -42986, 14496, 31567, -18706, -19663, 20657, 8976, -21234, -3117, 17014, 503, -12040, -1388, 4029, 3593, 1288, -1754, -10563, -79, 17275, 2634, -21182, -3137, 22146, 4356, -19332, -3701, 13656, 2875, -7352, -3617, 2701, -1529, 928, 4988, -1460, -6241, 1375, 5603, -410, -3632, -317, 427, -312, 2295, 585, -1253, -4190, 949, 5626, -78, -5712, -2650, 5246, 3557, -3224, -3953, 2194, 3791, 1010, -3346, -2443, 1338, 3541, -379, -3923, 70, 3615, -455, -3069, -220, 1833, -399, -1074, 967, -7, -1996, 962, 3010, -1047, -4228, 1334, 6128, -667, -7584, -119, 7490, 1056, -7308, -1792, 5456, 2956, -3334, -3064, 941, 2208, 221, -1401, -1047, 233, 1090, 285, -1126, -409, 451, 325, -86, 502, -42, -1009, -148, 1630, 803, -1377, -1467, 1027, 1698, -524, -1963, -359, 606, 1347, 327, -1616, -163, 2292, 843, -2933, -1213, 2343, 1512, -1638, -2170, 1746, 1767, -1065, -2681, -528, 1842, 1519, -2084, -2633, 6, 3668, 687, -3785, -1353, 4001, 2399, -4349, -1998, 3462, 2132, -3683, -1046, 3208, 644, -3110, 1418, 3231, -2091, -3656, 1903, 4228, -1516, -4521, 1190, 4889, 513, -4093, -1517, 3443, 1317, -2965, -834, 2771, 229, -1779, -368, 1254, -91, -639, 754, 1447, -1094, -1705, 865, 2585, 51, -2797, -1375, 3486, 2219, -2699, -3294, 2263, 3366, -1870, -3503, 695, 2287, -584, -131, 222, -2291, 446, 5893, -1520, -8807, 3784, 11331, -6199, -14461, 8853, 17016, -10501, -19262, 9616, 19705, -7002, -18091, 1553, 13351, 4270, -6823, -10158, -373, 13484, 6951, -13697, -11713, 12031, 13562, -8574, -12774, 5878, 9520, -3756, -6303, 2293, 3687, -3150, -1741, 3662, 2011, -3605, -3797, 2411, 4859, 633, -5446, -4078, 4910, 6212, -1412, -6281, -799, 6691, 1793, -5076, -2064, 3014, 1211, -1268, 265, 235, -2090, -106, 2993, 701, -3043, -1091, 3069, 1618, -2174, -1804, 1247, 542, -661, 238, 292, -1211, -1006, 1484, 1204, -1582
1791219591.479, MrmFullScanInfo, 404, 107, 2200865, 0, 0, 0, 0, 10000, 39297, 32, 2, 2, 1, 480, 0, 0, 0, 0, 0, 0, 164793, -231970, -310441, 473338, 367823, -496196, -398539, 269866, 452635, 62616, -482420, -339855, 401158, 504894, -200706, -585863, -25156, 594539, 175966, -496634, -221695, 280459, 187948, 1234, -115827, -264981, 56159, 449510, -59633, -530737, 134341, 521227, -234222, -467234, 298793, 421359, -293710, -413054, 217907, 432420, -86382, -437847, -79697, 382436, 249346, -244591, -382003, 43834, 439015, 168890, -400677, -339574, 278857, 433897, -114600, -442608, -38607, 375950, 137787, -257737, -164861, 121106, 127971, -910, -52785, -76860, -28993, 102226, 88247, -81613, -105249, 34140, 74884, 14415, -7844, -40185, -73455, 30409, 142998, 11769, -179532, -69511, 172325, 120184, -123512, -144608, 47899, 133567, 31363, -89927, -90724, 26695, 114688, 37152, -101361, -82655, 62500, 97865, -18037, -82314, -13008, 46634, 20815, -7635, -7599, -18885, -15774, 25088, 35901, -13559, -42625, -5952, 33035, 22129, -11980, -26883, -11275, 18447, 27714, -1511, -32000, -15882, 24377, 26536, -10183, -26844, -3233, 17930, 10331, -4823, -9477, -6356, 3147, 11500, 3712, -10009, -6683, 4513, 4383, 670, 1523, -2024, -7789, -1128, 11230, 6664, -10126, -11267, 5120, 12282, 1279, -8963, -6244, 2850, 8064, 3181, -6757, -6655, 3852, 6789, -1378, -4653, 520, 2520, -840, -2677, 597, 6262, 2276, -12805, -8559, 19502, 17396, -22496, -27218, 20305, 35686, -15254, -38931, 10509, 33034, -6559, -17451, 2063, -3697, 3989, 24141, -11316, -38483, 18771, 43632, -24781, -39293, 27826, 28127, -27418, -14755, 24363, 3433, -19925, 3372, 14960, -5159, -9851, 3182, 4595, 275, 1214, -3134, -7806, 4604, 14493, -4972, -19654, 4701, 21749, -3983, -20154, 2724, 15559, -1138, -9574, 87, 3846, -426, 589, 2013, -3242, -3698, 4018, 4355, -3292, -3506, 1804, 1579, -550, 446, 458, -1795, -1745, 2224, 3705, -1750, -5249, 524, 5745, 1041, -5064, -2434, 3410, 3298, -1207, -3467, -1014, 3021, 2762, -2306, -3719, 1680, 3792, -1240, -3137, 956, 2073, -866, -861, 1073, -328, -1601, 1379, 2458, -2174, -3655, 2647, 5075, -2752, -6383, 2456, 7153, -1729, -7079, 617, 6109, 659, -4456, -1708, 2541, 2169, -796, -1947, -482, 1272, 1185, -518, -1314, 12, 995, 94, -456, 189, -11, -705, 177, 1220, 48, -1525, -562, 1509, 1089, -1114, -1302, 351, 1115, 650, -713, -1659, 340, 2447, -50, -2837, -265, 2807, 685, -2506, -1169, 2065, 1615, -1424, -1970, 502, 2160, 663, -2027, -1927, 1540, 3105, -809, -4018, 66, 4560, 504, -4704, -758, 4496, 651, -4052, -169, 3522, -674, -3017, 1704, 2686, -2578, -2671, 3016, 3020, -2940, -3565, 2376, 4030, -1452, -4203, 503, 4036, 75, -3563, -157, 2847, -41, -1996, 278, 1241, -505, -821, 798, 845, -1093, -1253, 1161, 1923, -809, -2688, 56, 3315, 905, -3598, -1823, 3455, 2454, -2933, -2527, 2145, 1828, -1161, -238, -55, -2113, 1697, 4837, -3924, -7449, 6730, 9659, -9866, -11470, 12816, 12994, -14804, -14198, 14959, 14799, -12619, -14316, 7681, 12374, -813, -8949, -6532, 4426, 12609, 518, -16056, -5019, 16457, 8172, -14354, -9345, 10855, 8542, -7201, -6391, 4429, 3847, -3024, -1848, 2776, 1075, -2928, -1654, 2601, 3137, -1249, -4641, -961, 5238, 3395, -4490, -5361, 2807, 6321, -1052, -5972, -104, 4457, 398, -2377, 121, 495, -1130, 647, 2199, -900, -2953, 485, 3187, 155, -2862, -561, 2101, 472, -1190, 68, 486, -801
1791219591.479, MrmFullScanInfo, 404, 107, 2200865, 0, 0, 0, 0, 10000, 39297, 32, 4, 2, 1, 480, 0, 0, 0, 0, 0, 0, -541, 353, 607, -813, -203, 959, -134, -590, -33, 92, -95, 201, 1191, -590, -2423, 1217, 2190, -1491, -475, 941, -1440, 78, 2381, -931, -2059, 1220, 1534, -1150, -1470, 1066, 1686, -1011, -1277, 854, 194, -497, 862, 102, -1342, -172, 1335, 763, -1456, -1016, 1681, 388, -1724, 1039, 1198, -2668, 153, 3694, -1616, -3598, 1880, 2819, -650, -2013, -935, 1121, 1953, -198, -2221, -296, 1812, 145, -790, 180, -552, -319, 1653, 544, -1965, -1077, 1495, 1527, -702, -1407, 187, 849, -96, -281, 107, -91, -13, 353, 76, -467, -495, 377, 889, -131, -861, -174, 441, 462, 6, -587, -183, 464, 84, -191, 113, -55, -225, 238, 259, -378, -284, 433, 282, -332, -215, 81, 118, 196, -83, -366, 104, 374, -122, -214, 175, -43, -253, 259, 255, -255, -113, 7, -32, 272, 64, -418, -27, 440, -41, -403, 185, 298, -295, -103, 195, -125, 143, 339, -550, -490, 891, 592, -1152, -714, 1352, 854, -1375, -993, 1126, 1189, -813, -1363, 888, 1225, -1677, -465, 3363, -1010, -6118, 3196, 10055, -6183, -14790, 9049, 19611, -10205, -23901, 9584, 26429, -9219, -24539, 10590, 15493, -12122, 965, 10759, -21564, -4501, 41533, -6366, -56722, 19656, 64128, -31902, -62103, 39234, 51470, -39240, -36013, 32356, 20429, -21246, -8201, 8973, 563, 2126, 3317, -10942, -5158, 17649, 6186, -22876, -6525, 26550, 6035, -27645, -5072, 25383, 4239, -20033, -3699, 12966, 2959, -5975, -1404, 527, -1016, 2740, 3593, -3918, -5306, 3500, 5484, -2204, -4115, 755, 1833, 270, 403, -544, -1776, 37, 1958, 994, -1173, -2088, -31, 2914, 1147, -3303, -1957, 3235, 2610, -2752, -3313, 1969, 4042, -1017, -4531, -8, 4465, 971, -3685, -1688, 2329, 1968, -789, -1659, -472, 788, 1187, 348, -1218, -1266, 524, 1597, 726, -1281, -2067, 516, 2947, 466, -3043, -1453, 2402, 2199, -1374, -2457, 463, 2132, -37, -1390, 172, 617, -663, -148, 1211, 90, -1566, -308, 1578, 593, -1214, -752, 584, 685, 122, -419, -722, 128, 1084, 27, -1095, -11, 902, -87, -861, 133, 1218, -3, -1844, -286, 2341, 618, -2336, -944, 1714, 1256, -689, -1421, -390, 1257, 1173, -713, -1381, -82, 987, 842, -189, -1225, -724, 1034, 1584, -333, -2256, -585, 2615, 1456, -2499, -2156, 1851, 2685, -845, -2984, -191, 2960, 1023, -2552, -1601, 1861, 1936, -1136, -2055, 605, 2012, -272, -1880, -2, 1709, 267, -1460, -410, 1092, 379, -656, -255, 284, 205, -15, -323, -152, 589, 177, -872, -24, 1031, -263, -1016, 575, 822, -752, -490, 749, 112, -688, 217, 719, -486, -806, 798, 797, -1208, -593, 1651, 229, -1997, 171, 2127, -456, -1991, 537, 1603, -463, -1007, 431, 229, -589, 718, 926, -1677, -1288, 2371, 1527, -2565, -1552, 2276, 1332, -1704, -919, 1018, 476, -339, -137, -251, -62, 757, 109, -1137, 31, 1327, -272, -1307, 508, 1146, -625, -843, 533, 423, -304, 10, 276, -412, -689, 755, 1390, -894, -2032, 687, 2334, -172, -2177, -393, 1651, 708, -991, -618, 434, 191, -143, 382, 213, -899, -650, 1123, 1354, -917
1791219591.479, MrmDetectionListInfo, 404, 107, 175, 4482, 176, 6131, 177, 7971, 178, 9906, 179, 11847, 180, 13668, 181, 15224, 182, 16415, 183, 17220, 184, 17674, 185, 17791, 186, 17507, 187, 16669, 188, 15074, 189, 12585, 190, 9573, 191, 7720, 192, 9283, 193, 14414, 194, 20604, 195, 25720, 196, 30169, 197, 35435, 198, 41506, 199, 46629, 200, 49243, 201, 49279, 202, 47537, 203, 44515, 204, 40189, 205, 34589, 206, 28182, 207, 21646, 208, 15470, 209, 9887, 210, 5207, 211, 2171, 213, 4189, 214, 8065, 215, 11277, 216, 12903, 217, 13674, 218, 14620, 219, 15857, 220, 16775, 221, 16935, 222, 16447, 223, 15615, 224, 14552, 225, 13179, 226, 11463, 227, 9513, 228, 7486, 229, 5475, 230, 3525, 234, 2286, 235, 3854, 236, 4758, 237, 4791, 238, 4371, 239, 3890, 240, 3355, 241, 2618, 253, 1468, 254, 1698, 255, 2124, 256, 2561, 257, 2799, 258, 2829, 259, 2800, 260, 2814, 261, 2849, 262, 2836, 263, 2751, 264, 2615, 265, 2458, 266, 2344, 267, 2354, 268, 2471, 269, 2528, 270, 2376, 271, 2027, 272, 1608, 273, 1239, 284, 1302, 285, 1502, 286, 1650, 287, 1730, 288, 1815, 289, 1960, 290, 2113, 291, 2161, 292, 2049, 293, 1825, 294, 1570, 355, 2220, 356, 2204, 357, 2107, 358, 1973, 359, 1825, 360, 1691, 363, 1871, 413, 1143, 414, 1218, 415, 1268, 430, 2058, 431, 1986
1791219591.604, MrmFullScanInfo, 405, 107, 2200990, 0, 0, 0, 0, 10000, 39297, 32, 1, 2, 1, 480, -336343, 511887, 402909, -502823, -475115, 465759, 517871, -330616, -520190, -55750, 519659, 443301, -459116, -516818, 161783, 518513, 143857, -519684, -332165, 510795, 365853, -437219, -283433, 100321, 227670, 184269, 3721, -244307, -188906, 431997, 141278, -455055, -1922, 510120, -142623, -511444, 173659, 512824, -145747, -514127, 58279, 513065, 76766, -462693, -263721, 328948, 407988, -74490, -460734, -181713, 388480, 378101, -250267, -475509, 59664, 457127, 112851, -390422, -212201, 275813, 249814, -137886, -194626, 17909, 96669, 52725, 6620, -71278, -94059, 50970, 136489, -7294, -118590, -37030, 53309, 58183, 38159, -36100, -123515, -25815, 163073, 100269, -163179, -160385, 116819, 189196, -45950, -172131, -35188, 115056, 96020, -36560, -117482, -43526, 99539, 98501, -49636, -119608, -5670, 96253, 40266, -53919, -42385, 10162, 17409, 19778, 18479, -21249, -46327, 3022, 53424, 19385, -42243, -34736, 14184, 37157, 14295, -23648, -30579, -567, 34773, 22283, -25094, -33690, 5135, 32229, 11171, -21253, -17286, 4905, 12681, 8607, -3616, -12422, -7847, 8709, 13474, -2707, -9261, -2924, 1308, 2403, 6257, 2456, -10485, -9858, 8462, 14046, -1537, -14738, -7262, 11719, 12117, -4933, -12830, -28, 12907, -1689, -8080, 8727, 15749, -10410, -19175, 20756, 21896, -27936, -18832, 26456, 8097, -16957, 6153, 4275, -23564, 9390, 37155, -17714, -38489, -3021, 42005, 5393, -37408, -7625, 24929, 9274, -9491, -11406, -3920, 11476, 9808, -10253, -11077, 10834, 11248, -14267, -4248, 18010, 1164, -20419, -1177, 23055, 3986, -21662, -8111, 16336, 13019, -9519, -15336, 1726, 13816, 5658, -8209, -8914, 2917, 7803, 238, -4932, -1826, 2668, 638, -1013, 1751, -292, -1070, -1012, 936, 2323, 1342, -636, -4040, -1270, 5697, 3637, -5600, -6010, 3463, 7847, 354, -6640, -4884, 4180, 8395, 2823, -8184, -5667, 4767, 6653, -2216, -5471, 180, 2683, 870, -360, -634, -1607, -1148, 2730, 4326, -90, -5663, -2208, 5376, 4012, -2946, -5020, 536, 4478, 1528, -3050, -1641, 1513, 328, -498, 1317, 226, -3335, -1196, 6081, 1966, -6898, -3197, 6267, 3279, -5326, -3364, 3579, 2525, -2035, -1666, 412, 585, -427, 338, -718, -260, 1623, 669, -1979, 471, 1832, -1449, -2600, 2601, 3467, -2855, -4303, 1146, 3712, -2096, -4645, 1622, 3184, -1274, -2241, 917, 1578, -1348, -956, 1180, 492, -795, -1012, -1695, 1341, 2186, 358, -3312, -448, 2416, 562, -2074, 762, 1189, -763, 18, 402, -272, -328, 1288, 52, -1798, 1776, 3138, -1165, -2706, 2510, 4302, -2146, -3984, 2583, 4757, -2349, -5740, 1583, 5896, -1190, -5505, -183, 6253, -17, -4402, -2180, 5164, 2446, -4491, -3256, 3632, 3188, -2960, -2075, 2312, 934, -1585, -800, 2158, -1969, -2121, 1681, 1904, -3064, -2062, 3056, 3092, -1981, -3660, 231, 4138, 1529, -3841, -3760, 3145, 4303, -1977, -4541, 1054, 3264, -1001, -2319, -1488, 289, 565, 4128, -1803, -6628, 4862, 9880, -7833, -12501, 10924, 16189, -13253, -18884, 12825, 22451, -10617, -20271, 4731, 16882, 3678, -11505, -9955, 4077, 14760, 3276, -15425, -9607, 13281, 13541, -8768, -11830, 6598, 9845, -1658, -5374, 1718, 2012, -2470, 436, 4400, -262, -5039, -1310, 4575, 3803, -1919, -6608, -800, 5207, 5290, -3455, -6803, 283, 7587, 2189, -5929, -3922, 3230, 3982, -469, -2472, -1846, -1239, 1437, 1997, -1688, -2388, 5, 2452, 1310, -2034, -843, 94, 446, 1320, 1209, -1595, -3084, 1258, 2413, 9, -4826
1791219591.604, MrmFullScanInfo, 405, 107, 2200990, 0, 0, 0, 0, 10000, 39297, 32, 2, 2, 1, 480, 0, 0, 0, 0, 0, 0, 164833, -231740, -310295, 472819, 367596, -495409, -398200, 268771, 451590, 64016, -479719, -341520, 396811, 506781, -196144, -587640, -27966, 595690, 175954, -496946, -219050, 280139, 183580, 1959, -110767, -266082, 51002, 451010, -54872, -532338, 130207, 522649, -230821, -468417, 296275, 422134, -292400, -412988, 217752, 431621, -86677, -437289, -79592, 383016, 249732, -246224, -382776, 45425, 440122, 168326, -401982, -340045, 279740, 434912, -113991, -444112, -41415, 377876, 142538, -259057, -170840, 120507, 134224, 1921, -58264, -80837, -25258, 105711, 86887, -83397, -106248, 33803, 77328, 16545, -10261, -43212, -72458, 33177, 143930, 10140, -181908, -69283, 175123, 121039, -125652, -145905, 48538, 134629, 32590, -90292, -93311, 26198, 117457, 38442, -103082, -84555, 62587, 99990, -16703, -83959, -15090, 47156, 22805, -6885, -8735, -20556, -15819, 27039, 36851, -15044, -43871, -5512, 34071, 22823, -12507, -28294, -11401, 19969, 28461, -2701, -33111, -15221, 25404, 26409, -10773, -27116, -3208, 18340, 10858, -5076, -10458, -6454, 4325, 12055, 2779, -11152, -6386, 6332, 4773, -1588, 608, 31, -6421, -2323, 9268, 6894, -7476, -11150, 1964, 12895, 4713, -11638, -9864, 9157, 12269, -8006, -12665, 9939, 12653, -15379, -12648, 22911, 11164, -28830, -6616, 28545, -1198, -19697, 10968, 3956, -20293, 12354, 27347, -21600, -32178, 20813, 35167, -13537, -34703, 5024, 28550, 2527, -17381, -8845, 5094, 13576, 4132, -16280, -8130, 17329, 7023, -17646, -2628, 18017, -2214, -18798, 4875, 19725, -4123, -19849, 252, 18131, 5252, -14114, -10184, 8180, 12585, -1558, -11757, -3943, 8477, 6868, -4383, -6954, 1151, 5038, 350, -2433, -383, 454, -90, 205, 142, 125, 767, -496, -2605, 163, 4641, 1112, -5805, -3073, 5254, 5041, -2747, -5988, -1146, 5107, 5108, -2469, -7616, -878, 7825, 3530, -6018, -4550, 3266, 3818, -775, -1889, -463, -292, 18, 1762, 1782, -1914, -3900, 776, 5137, 1088, -4845, -2905, 3272, 3983, -1331, -3954, 6, 2933, 158, -1459, 880, 187, -2805, 473, 4986, -473, -6628, 1, 7160, 665, -6503, -1229, 4975, 1484, -3093, -1340, 1359, 889, -3, -359, -995, 68, 1678, -242, -2001, 912, 2047, -1907, -2065, 2834, 2261, -3340, -2660, 3386, 3088, -3175, -3218, 2836, 2869, -2358, -2138, 1843, 1320, -1414, -669, 973, 415, -290, -583, -682, 901, 1722, -1026, -2469, 946, 2657, -874, -2182, 864, 1232, -760, -165, 448, -708, 91, 1342, -824, -1791, 1674, 2136, -2475, -2456, 3104, 2808, -3535, -3239, 3741, 3784, -3718, -4391, 3434, 4941, -2906, -5289, 2162, 5388, -1205, -5328, 117, 5227, 896, -5057, -1557, 4652, 1700, -3932, -1352, 3026, 639, -2202, 336, 1628, -1458, -1260, 2514, 1072, -3218, -1181, 3364, 1721, -2827, -2621, 1650, 3588, -46, -4251, -1612, 4347, 2893, -3858, -3450, 2879, 3193, -1566, -2100, 91, 154, 1614, 2482, -3891, -5258, 7005, 7653, -10715, -9608, 14365, 11471, -17118, -13422, 18074, 15059, -16286, -15692, 11269, 14877, -3635, -12508, -4830, 8609, 11998, -3465, -16254, -2025, 17088, 6500, -14971, -8759, 11020, 8475, -6700, -6226, 3439, 3082, -2037, -261, 2274, -1206, -3213, 794, 3807, 1184, -3297, -3617, 1427, 5217, 1459, -5248, -4451, 3794, 6462, -1471, -6785, -851, 5374, 2303, -2855, -2370, 182, 1262, 1756, 275, -2406, -1559, 1860, 2245, -762, -2113, -101, 1147, 257, 287, 284, -1526, -1279
1791219591.604, MrmFullScanInfo, 405, 107, 2200990, 0, 0, 0, 0, 10000, 39297, 32, 4, 2, 1, 480, 0, 0, 0, 0, 0, 0, -159, 369, 357, -822, -284, 1142, 291, -1336, -1101, 1501, 2735, -1686, -3963, 1749, 3709, -1355, -2067, 602, -87, -18, 1971, -117, -3259, 85, 3961, -297, -4184, 752, 3863, -990, -3318, 982, 2939, -929, -2624, 718, 1934, -23, -1058, -795, 646, 905, -828, -21, 1263, -1168, -1490, 1689, 1473, -1413, -1059, 968, 57, -599, 1469, -20, -3044, 702, 4196, -560, -4889, -747, 5007, 2534, -4471, -3594, 3338, 3211, -1768, -1639, 52, -235, 1235, 1601, -1533, -2120, 644, 1821, 907, -962, -2240, -44, 2676, 780, -2039, -971, 651, 648, 941, -41, -2055, -616, 2223, 1177, -1392, -1588, 38, 1730, 1210, -1324, -1934, 377, 1917, 718, -1153, -1504, 58, 1708, 771, -1245, -1026, 298, 842, 674, -407, -1241, -174, 1285, 752, -979, -1086, 552, 1014, -143, -629, -155, 108, 288, 461, -230, -955, 3, 1170, 381, -926, -948, 291, 1635, 426, -2115, -978, 1996, 1396, -1241, -1871, 381, 2417, -100, -2806, 862, 2999, -2957, -3110, 6639, 3678, -11575, -5460, 17063, 8465, -22705, -10903, 28049, 9972, -31534, -4441, 30819, -4215, -24683, 12673, 14297, -17600, -3541, 17741, -3188, -14446, 4392, 9910, -2090, -5301, -1064, 1207, 4017, 1251, -6391, -968, 7654, -1892, -7553, 5822, 6727, -8901, -6212, 9783, 6628, -7985, -7707, 3881, 8478, 1571, -7852, -7167, 5341, 11355, -1234, -12605, -3540, 10416, 7420, -5804, -8634, 523, 6368, 3917, -1553, -6456, -3737, 6730, 7425, -5073, -8261, 2567, 6343, -788, -2952, 1072, -226, -3486, 1914, 6585, -1525, -8459, -656, 7785, 3557, -4433, -5434, -512, 4710, 5315, -1208, -8294, -3530, 8489, 7271, -6090, -8543, 2365, 7082, 1068, -3589, -2803, -591, 2122, 3984, 578, -5492, -3793, 4839, 5801, -2545, -5745, -361, 3940, 2761, -1415, -3923, -745, 3780, 1900, -2870, -1924, 1948, 1089, -1524, 56, 1652, -868, -2045, 963, 2321, -416, -2146, -390, 1429, 998, -353, -1114, -673, 797, 1249, -340, -1114, -3, 288, 126, 956, 59, -2215, -640, 3001, 1529, -3036, -2435, 2479, 2987, -1765, -2876, 1240, 2146, -1041, -1186, 1291, 460, -1950, -200, 2617, 497, -2755, -1253, 2117, 2133, -937, -2701, -243, 2850, 1012, -2782, -1261, 2660, 1187, -2416, -1079, 1902, 1153, -1060, -1388, -61, 1708, 1279, -2007, -2304, 2145, 2919, -1971, -3099, 1432, 2872, -597, -2271, -344, 1369, 1130, -380, -1501, -479, 1397, 1142, -1042, -1534, 744, 1562, -595, -1264, 474, 861, -323, -491, 242, 74, -342, 528, 529, -1264, -543, 1891, 317, -2197, -77, 2215, 76, -2032, -354, 1685, 796, -1177, -1207, 573, 1401, 17, -1318, -538, 979, 1059, -500, -1591, 106, 2004, 122, -2136, -380, 2096, 904, -2085, -1642, 2117, 2412, -1898, -3135, 1181, 3794, -96, -4119, -1073, 3746, 2198, -2622, -3185, 1134, 3723, 231, -3472, -1129, 2501, 1467, -1280, -1249, 357, 553, 8, 348, 182, -1026, -803, 1176, 1581, -799, -2159, 70, 2177, 851, -1540, -1723, 543, 2136, 407, -1790, -1043, 881, 1196, 45, -731, -585, -203, 612, 1137, -214, -1611, -415, 1565, 1016, -1282, -1290, 985, 1173, -728, -851, 639, 585, -819, -516, 1183, 594, -1450, -776
1791219591.604, MrmDetectionListInfo, 405, 142, 162, 5402, 163, 6859, 164, 8583, 165, 10540, 166, 12663, 167, 14840, 168, 16900, 169, 18615, 170, 19726, 171, 19994, 172, 19335, 173, 18047, 174, 16768, 175, 16044, 176, 15901, 177, 15745, 178, 14787, 179, 12842, 180, 10685, 181, 9368, 182, 9091, 183, 8997, 184, 8150, 185, 6399, 186, 4348, 191, 3352, 192, 4067, 193, 4389, 194, 4564, 195, 4967, 196, 5733, 197, 6662, 198, 7419, 199, 7837, 200, 7979, 201, 7965, 202, 7799, 203, 7394, 204, 6716, 205, 5904, 206, 5260, 207, 5153, 208, 5793, 209, 6875, 210, 7639, 211, 7590, 212, 7085, 213, 6938, 214, 7429, 215, 7989, 216, 7887, 217, 6908, 218, 5425, 219, 4111, 220, 3516, 221, 3608, 222, 3982, 223, 4505, 224, 5304, 225, 6244, 226, 6843, 227, 6707, 228, 5874, 229, 4702, 230, 3518, 231, 2470, 235, 2236, 236, 3530, 237, 4583, 238, 4957, 239, 4789, 240, 4562, 241, 4602, 242, 4746, 243, 4552, 244, 3869, 245, 3180, 246, 3176, 247, 3903, 248, 4783, 249, 5489, 250, 6183, 251, 6936, 252, 7406, 253, 7177, 254, 6222, 255, 4940, 256, 3797, 257, 2999, 258, 2492, 259, 2127, 260, 1888, 261, 1977, 262, 2480, 263, 3199, 264, 3932, 265, 4575, 266, 4943, 267, 4815, 268, 4182, 269, 3313, 270, 2613, 271, 2369, 272, 2489, 273, 2604, 274, 2512, 275, 2366, 276, 2384, 277, 2515, 278, 2487, 279, 2155, 285, 1310, 286, 1586, 287, 1661, 288, 1524, 289, 1311, 307, 1776, 308, 2126, 309, 2400, 310, 2572, 311, 2638, 312, 2612, 313, 2507, 314, 2332, 315, 2096, 325, 1685, 326, 1827, 327, 1904, 328, 1901, 329, 1819, 330, 1691, 340, 1603, 357, 1230, 388, 1104, 411, 1728, 412, 1933, 413, 2124, 414, 2273, 415, 2357, 416, 2367, 417, 2305, 418, 2198
1791219591.729, MrmFullScanInfo, 406, 107, 2201115, 0, 0, 0, 0, 10000, 39297, 32, 1, 2, 1, 480, -338725, 511837, 401428, -504258, -477647, 465848, 517589, -328371, -520055, -49695, 519655, 447860, -459663, -515933, 167132, 518369, 144162, -519712, -332524, 511739, 362862, -435826, -286812, 102529, 229101, 181162, -4609, -240926, -179989, 432903, 138460, -453102, -3297, 510243, -143250, -510572, 178161, 513140, -143527, -514772, 56479, 513576, 86021, -461710, -262796, 323730, 406521, -68912, -457043, -185339, 385376, 377495, -249870, -478645, 58032, 458009, 107269, -386967, -209109, 270907, 237587, -136579, -187298, 21542, 94558, 49208, 7720, -67342, -94515, 46037, 133858, -3554, -114289, -35700, 47859, 51903, 39230, -29010, -121967, -27395, 161636, 101567, -160017, -158585, 114802, 186106, -45596, -169971, -32794, 113255, 92976, -35676, -113148, -41270, 97653, 96094, -49328, -118250, -2486, 94410, 37033, -53910, -38655, 11250, 15157, 16422, 18922, -19073, -44295, 1046, 51530, 20045, -41661, -34299, 13303, 35066, 14804, -20904, -29745, -1102, 33055, 23340, -24640, -33772, 4893, 31837, 11502, -20981, -18068, 5238, 12660, 8234, -2971, -10958, -8232, 8112, 13246, -618, -9513, -6087, 2838, 10081, 1698, -8791, -8509, 10129, 4306, -12947, 6334, 19678, -20938, -26651, 29261, 35743, -30177, -42630, 24062, 45352, -12633, -46037, -14293, 40833, 19090, -34124, -19389, 25676, 17247, -20607, -17023, 15524, 18998, -10809, -22296, 5570, 27218, 260, -20801, -12122, 20144, 16391, -16497, -19078, 11967, 17060, -7038, -13254, 3579, 8068, -3398, -3653, 4263, 731, -7378, -1694, 8753, 4542, -6610, -7900, 1836, 9929, 5107, -10837, -10328, 8272, 14809, -5401, -15444, 3558, 13147, 238, -10965, -462, 7448, -17, -4670, 580, 3414, 629, -3142, -2553, 2857, 3772, -1828, -5257, -1701, 5233, 2607, -4122, -2609, 1962, 2366, 254, -897, -1691, -1387, 2683, 3073, -1977, -4237, 407, 4186, 2486, -2921, -3364, 509, 3202, -189, -2094, -176, 710, 81, 390, 702, -686, -893, -680, 1744, 1526, 25, -2385, -379, 2106, 1122, -1936, -1095, 1400, 330, -502, 220, 44, -1638, 763, 3875, -80, -5340, -603, 6935, 1193, -7152, -1495, 7215, 2201, -6556, -1866, 5349, 2016, -4005, -1844, 2937, 2156, -2855, -1567, 1787, 1203, -1726, -1224, 1294, 1901, -336, -2052, 28, 3020, 2477, -2734, -3491, 1526, 4356, -1584, -4327, 608, 3629, 256, -1918, -853, 1024, 2012, 292, -1245, -1573, 2096, 2636, -1299, -2978, 1470, 3044, -1528, -2915, 1231, 2503, -1372, -2495, 1050, 1543, -999, -2093, 155, 1786, 1926, -1338, -2570, 523, 3580, -510, -4076, 673, 5088, -1258, -6286, 1869, 6083, -2977, -7762, 2429, 6901, -2164, -7380, 1083, 7022, -52, -6173, -263, 5009, 1260, -4382, -765, 3174, 1634, -2831, -1212, 2370, 69, -2409, 443, 1956, -1203, -1612, 2098, 1656, -2176, -2183, 2662, 3191, -923, -3602, -165, 4479, 1969, -5245, -3844, 5131, 4508, -4209, -4839, 2553, 4619, -1958, -2381, 1144, 578, -282, 2863, -1847, -5056, 3260, 5924, -5596, -7672, 9250, 8835, -11961, -10643, 13945, 11410, -12891, -12841, 8711, 13066, -2583, -10155, -3724, 6617, 9238, -986, -12749, -4387, 13637, 8504, -11958, -9876, 8740, 9380, -4858, -7563, 2951, 4457, -1373, -1058, 1760, -330, -2227, 563, 1861, 922, -524, -1914, -1402, 2116, 3840, -1360, -4518, 506, 5924, 1790, -5285, -3575, 3544, 4415, -855, -3002, -1488, 1190, 2760, 1208, -2873, -2728, 1817, 3188, -732, -4112, 458, 3264, -117, -1529, 530, 798, -1588, -283, 2978, -124, -3441
1791219591.729, MrmFullScanInfo, 406, 107, 2201115, 0, 0, 0, 0, 10000, 39297, 32, 2, 2, 1, 480, 0, 0, 0, 0, 0, 0, 165094, -231888, -310756, 473248, 367992, -496079, -398267, 269361, 451772, 63779, -480764, -341399, 398632, 506384, -197937, -587115, -26881, 595402, 175816, -497379, -220205, 281946, 186520, -1446, -115404, -261730, 56102, 446964, -58600, -529728, 131999, 521717, -231573, -468550, 296722, 422619, -291881, -413689, 215461, 432402, -83280, -437220, -82385, 380867, 250721, -242018, -382186, 40617, 438791, 172246, -400999, -342206, 280082, 434633, -116337, -441018, -36895, 372925, 136521, -254510, -164672, 118549, 129225, 512, -54961, -76825, -26775, 100729, 86407, -79441, -103686, 32638, 73341, 14447, -6247, -39073, -74981, 29049, 144135, 12668, -180032, -69718, 172382, 119718, -123649, -143552, 48427, 132079, 30669, -88401, -90185, 25592, 114513, 37629, -101646, -82667, 63264, 97674, -19150, -82117, -11845, 46626, 19871, -7955, -6985, -18296, -16130, 24481, 36122, -13191, -42695, -5914, 32835, 21739, -11510, -26363, -11839, 18010, 28251, -1275, -32508, -15910, 24697, 26486, -10096, -26972, -3698, 18392, 10934, -5491, -10050, -5702, 3628, 10900, 3631, -9144, -7840, 2662, 7668, 4877, -4405, -10755, 1318, 14324, -2343, -16206, 9565, 17369, -21156, -19005, 32409, 22199, -38610, -27245, 36628, 33411, -26304, -39264, 11537, 42703, 1613, -41712, -9305, 36149, 12243, -28151, -13385, 20507, 15287, -14789, -18322, 10403, 21192, -5471, -22753, -914, 22842, 7474, -21502, -12011, 18441, 13371, -13931, -11762, 9158, 8250, -5651, -4193, 4362, 981, -5042, 287, 6345, 818, -6511, -3878, 4458, 7739, -293, -10906, -4879, 12292, 9507, -11565, -12287, 9146, 12742, -5987, -11238, 3218, 8580, -1443, -5731, 404, 3628, 479, -2692, -1546, 2486, 2793, -2133, -4011, 1208, 4798, 16, -4645, -1012, 3366, 1428, -1283, -1091, -926, 56, 2546, 1366, -2989, -2722, 2090, 3546, -287, -3553, -1547, 2838, 2594, -1783, -2512, 817, 1552, -197, -387, 74, -287, -363, 161, 749, 593, -876, -1508, 634, 2151, -222, -2266, -69, 1833, 29, -975, 474, -51, -1497, 948, 2998, -1488, -4716, 1627, 6249, -1450, -7227, 1074, 7471, -604, -7000, 130, 5987, 335, -4772, -759, 3705, 1018, -2921, -1026, 2355, 915, -1877, -939, 1436, 1275, -916, -1904, 163, 2601, 903, -3087, -2126, 3196, 3142, -2886, -3585, 2173, 3322, -1079, -2520, -173, 1475, 1283, -365, -2037, -724, 2423, 1666, -2551, -2296, 2522, 2536, -2402, -2446, 2213, 2160, -1972, -1816, 1672, 1566, -1183, -1502, 374, 1601, 748, -1725, -1971, 1814, 3071, -1942, -3983, 2267, 4705, -2882, -5246, 3694, 5609, -4406, -5831, 4687, 5994, -4365, -6122, 3568, 6144, -2539, -5902, 1533, 5348, -686, -4577, 48, 3781, 305, -3114, -252, 2604, -230, -2132, 971, 1632, -1714, -1183, 2316, 1007, -2666, -1269, 2641, 1992, -2130, -3072, 1138, 4325, 147, -5436, -1442, 5987, 2504, -5715, -3121, 4737, 3074, -3361, -2142, 1726, 371, 255, 1752, -2607, -3578, 5241, 4725, -8081, -5268, 11067, 5513, -13823, -5783, 15532, 6408, -15244, -7464, 12427, 8576, -7297, -8981, 764, 8002, 5888, -5449, -11340, 1805, 14543, 1955, -14970, -4862, 12910, 6326, -9386, -6150, 5705, 4561, -2869, -2243, 1273, 193, -710, 762, 588, -416, -263, -754, -610, 1965, 2003, -2540, -3573, 2141, 4851, -833, -5346, -884, 4701, 2280, -2937, -2757, 549, 2158, 1680, -785, -3044, -866, 3318, 2334, -2805, -3187, 2036, 3141, -1406, -2274, 1179, 1021, -1467
1791219591.729, MrmFullScanInfo, 406, 107, 2201115, 0, 0, 0, 0, 10000, 39297, 32, 4, 2, 1, 480, 0, 0, 0, 0, 0, 0, 234, -24, -359, 166, 296, -304, 67, 123, -279, 346, 91, -579, 114, 366, -104, -119, 76, 61, -118, -503, -288, 1760, 1517, -3330, -2992, 4193, 3422, -3718, -2162, 2184, 387, -489, 509, -562, -629, 811, 1260, -719, -2666, 473, 3620, 391, -3072, -2116, 1404, 3757, 115, -4249, -846, 3561, 579, -2007, 441, -334, -1852, 2982, 3327, -4620, -4285, 4303, 4128, -2249, -2921, -411, 1468, 2621, -163, -3765, -1178, 3367, 2552, -1323, -3448, -1390, 3356, 3233, -2227, -3372, 532, 2151, 1017, -468, -1700, -1007, 1204, 1977, 134, -2307, -1513, 1888, 2264, -862, -2030, -332, 881, 1240, 674, -1608, -1949, 1304, 2475, -382, -2185, -770, 1308, 1640, -298, -1844, -421, 1316, 773, -248, -907, -829, 838, 1430, -501, -1429, 78, 1017, 185, -461, -326, 34, 456, 46, -470, 200, 264, -517, 36, 741, -239, -978, 486, 1601, -1329, -2992, 3035, 5607, -5359, -9989, 8260, 16165, -12356, -22970, 18044, 28506, -24306, -31588, 28974, 32699, -30076, -33801, 25909, 36842, -15875, -42436, 2299, 49067, 9863, -53467, -16385, 52390, 16878, -44306, -13497, 30137, 8772, -12646, -4161, -3927, -258, 15486, 5107, -20551, -9984, 20707, 12628, -18047, -10691, 13113, 4108, -6054, 4663, -2036, -12629, 9448, 17743, -14782, -18959, 17273, 16140, -16827, -10216, 14226, 3066, -10781, 3381, 7600, -7690, -5023, 9072, 2882, -7761, -824, 5083, -1476, -2614, 4089, 1133, -6480, -525, 7661, 457, -6952, -665, 4489, 887, -1209, -792, -1764, 253, 3736, 433, -4488, -735, 4152, 392, -3114, 476, 1939, -1458, -1103, 1983, 856, -1640, -1163, 532, 1729, 782, -2116, -1696, 2013, 1973, -1413, -1707, 576, 1211, 89, -781, -284, 674, 64, -1034, 223, 1768, -233, -2460, -107, 2580, 681, -1955, -1247, 890, 1590, 164, -1588, -951, 1285, 1414, -841, -1493, 454, 1210, -247, -772, 257, 464, -443, -438, 702, 705, -853, -1238, 746, 1957, -421, -2704, 44, 3304, 278, -3582, -529, 3432, 730, -2810, -868, 1802, 931, -586, -901, -536, 729, 1259, -355, -1446, -200, 1189, 865, -720, -1479, 221, 1890, 323, -1939, -1041, 1594, 1871, -1007, -2493, 408, 2635, -2, -2372, -83, 1979, -234, -1600, 860, 1284, -1427, -1093, 1572, 1016, -1226, -913, 601, 705, 56, -500, -655, 483, 1176, -756, -1578, 1262, 1790, -1713, -1820, 1855, 1760, -1604, -1673, 1160, 1514, -793, -1135, 703, 511, -856, 184, 998, -647, -944, 674, 792, -330, -729, -45, 753, 189, -701, -113, 533, 34, -329, -86, 185, 260, -146, -542, 192, 1002, -295, -1621, 401, 2175, -366, -2389, 84, 2287, 347, -2059, -743, 1761, 1110, -1406, -1693, 1243, 2629, -1527, -3857, 2116, 5254, -2476, -6756, 2182, 8134, -1152, -8707, -499, 7812, 2587, -5419, -4694, 2224, 6092, 935, -6103, -3443, 4561, 4908, -2043, -5127, -435, 4090, 2072, -2171, -2530, 152, 1863, 1171, -397, -1370, -1255, 553, 2445, 835, -2783, -2224, 2252, 3094, -1105, -3094, -226, 2283, 1258, -1164, -1592, 363, 1182, -178, -393, 543, -191, -1169, 200, 1661, 358, -1688, -1195, 1166, 1963, -249, -2395, -784, 2349, 1625, -1813, -2019, 1059, 1859, -436
1791219591.729, MrmDetectionListInfo, 406, 126, 148, 5393, 149, 7078, 150, 9074, 151, 11402, 152, 14045, 153, 16938, 154, 19961, 155, 22945, 156, 25694, 157, 28027, 158, 29808, 159, 30977, 160, 31542, 161, 31551, 162, 31055, 163, 30101, 164, 28747, 165, 27096, 166, 25497, 167, 24971, 168, 26744, 169, 30589, 170, 34364, 171, 35896, 172, 34766, 173, 31958, 174, 28381, 175, 24161, 176, 19128, 177, 13535, 178, 8261, 181, 4688, 182, 8678, 183, 12957, 184, 15550, 185, 16194, 186, 15934, 187, 15511, 188, 14641, 189, 12698, 190, 9655, 191, 6392, 192, 4200, 193, 3972, 194, 5864, 195, 9347, 196, 13232, 197, 16169, 198, 17551, 199, 17720, 200, 17244, 201, 16272, 202, 14637, 203, 12320, 204, 9683, 205, 7400, 206, 6113, 207, 5965, 208, 6491, 209, 6986, 210, 6962, 211, 6372, 212, 5451, 213, 4433, 214, 3490, 218, 2983, 219, 3390, 220, 3719, 221, 3936, 222, 4026, 223, 3940, 224, 3634, 225, 3107, 226, 2412, 232, 2142, 233, 2468, 234, 2583, 235, 2525, 236, 2316, 237, 1995, 244, 1362, 250, 1721, 251, 1961, 252, 1996, 253, 1834, 254, 1559, 267, 1362, 268, 1398, 269, 1436, 270, 1477, 272, 1333, 273, 1141, 297, 1497, 325, 1469, 326, 1563, 328, 1608, 357, 1806, 358, 1837, 359, 1808, 360, 1736, 396, 1314, 397, 1352, 398, 1314, 410, 2507, 411, 2981, 412, 3478, 413, 3950, 414, 4360, 415, 4677, 416, 4875, 417, 4930, 418, 4844, 419, 4665, 420, 4509, 423, 4528, 424, 4262, 425, 3862, 426, 3591, 427, 3643, 428, 4001, 429, 4404, 430, 4496, 431, 4127, 432, 3481, 447, 1894, 448, 2211
1791219591.870, MrmFullScanInfo, 407, 107, 2201240, 0, 0, 0, 0, 10000, 39297, 32, 1, 2, 1, 480, -337228, 512265, 403823, -504426, -478294, 467945, 518027, -327434, -520192, -47845, 519794, 447900, -465085, -515314, 167188, 517484, 141091, -519831, -338727, 510903, 364022, -436514, -286450, 99384, 228996, 183280, -792, -242378, -180172, 435099, 141070, -454397, -222, 511824, -137115, -511769, 180673, 512480, -142651, -514873, 59634, 513837, 80781, -464832, -258753, 330513, 407841, -71128, -459863, -181442, 383632, 379155, -251685, -477028, 55470, 458549, 108957, -387957, -213151, 276282, 242971, -140215, -190745, 20130, 93779, 48053, 8253, -68429, -95559, 51943, 137105, -6298, -119447, -35139, 51811, 57432, 37986, -33791, -122250, -27554, 161981, 99554, -160556, -159468, 116373, 187963, -45453, -171650, -36727, 112576, 95279, -37457, -115854, -41835, 97997, 97332, -48707, -118388, -3913, 94544, 39768, -53892, -41122, 10855, 16437, 17986, 18424, -20478, -44985, 1948, 54518, 20568, -41349, -34098, 13992, 35545, 13928, -22779, -30125, -1243, 34208, 22641, -24151, -33395, 5470, 32494, 11166, -19595, -18609, 2280, 14636, 14490, -4988, -22497, -4908, 25775, 5453, -25949, 4612, 26321, -21113, -28572, 32657, 33802, -25627, -48580, 26594, 49749, -19610, -44394, 7859, 32447, 2225, -15494, -10102, -1510, 16586, 12090, -17543, -15744, 11648, 18141, -10796, -12712, 11987, 7042, -14265, -3651, 15136, 2904, -15993, -2878, 13083, 3730, -6492, -5330, 5013, 9416, 1484, -7025, -7624, 2586, 10870, 1551, -10639, -5374, 9315, 7771, -6870, -8289, 4534, 9287, 58, -9840, -1592, 7103, 2957, -5614, -5875, 4956, 7550, -3817, -8539, 2902, 8851, -2713, -8976, 2744, 9562, -1231, -8085, 1037, 8338, -517, -6610, -607, 4893, 1567, -3469, -1811, 2236, 1753, -748, -1478, -103, 1447, 2, -65, 560, -330, -937, -434, 519, 1529, -565, -2126, -470, 1616, 840, -1219, -2352, 489, 165, 766, 1294, -352, -2202, 493, 3813, 268, -3716, -1158, 3052, 2311, -1442, -2733, 269, 818, 74, -1650, -1123, 1691, 778, -1257, 199, 654, -553, -1279, 861, 1494, -2877, -918, 3532, -470, -3077, 786, 3951, -3053, -4637, 3577, 5886, -3393, -6492, 3453, 6887, -2860, -6295, 760, 5868, 656, -4891, -1454, 3443, 1824, -2226, -2226, 1328, 1763, -875, -1496, 1288, 1689, -1558, -1536, 1287, 2273, -842, -1841, -66, 1695, 1131, -1152, -1516, -189, 2510, 1069, -2474, -1950, 1441, 2405, 438, -2623, -577, 1781, 1857, -1009, -1457, 184, 1262, 312, -446, -327, 22, 495, 851, -720, -634, 834, -3, -1752, 1102, 2507, -1464, -3607, 1830, 5008, -2425, -5384, 2554, 5833, -2501, -5848, 2301, 6401, -1905, -6278, 890, 5563, 446, -5029, -1659, 4514, 3224, -3991, -3873, 3616, 4853, -2237, -2835, 410, 2454, 611, -1483, -693, 426, 1145, 521, -1124, -1282, 245, 1462, 647, -2163, -2272, 573, 3330, 455, -3548, -1322, 3307, 2575, -3103, -2626, 2177, 2193, -2142, -1217, 39, -677, 202, 3352, 1569, -4006, -448, 5323, -154, -5594, 759, 6384, -1739, -6407, 1798, 7003, -1760, -6696, -1062, 2538, 3220, -1684, -5596, -536, 7415, 3675, -7593, -5097, 7808, 6920, -5753, -5828, 4733, 6093, -3306, -4091, 165, 3783, 108, -2818, -232, 2112, 155, -2795, -634, 3218, 1569, -3835, -256, 4430, 1618, -2615, -3683, 1899, 3728, -411, -2286, -823, 1516, 731, 391, -1453, -1090, -1872, 2222, 2131, -466, -1809, 802, 2756, 435, -2958, -840, 2812, 1298, -2313, -641, 1412, -63, -2538, -520, 702, 741
1791219591.870, MrmFullScanInfo, 407, 107, 2201240, 0, 0, 0, 0, 10000, 39297, 32, 2, 2, 1, 480, 0, 0, 0, 0, 0, 0, 165435, -232277, -311336, 474095, 368414, -497078, -398682, 270286, 452709, 62788, -482451, -340202, 400268, 505178, -198245, -586500, -28187, 595581, 177753, -497618, -221399, 281220, 186510, 591, -114532, -264553, 55174, 449746, -58036, -531915, 131596, 523206, -231104, -469441, 296440, 422929, -292540, -413567, 217644, 432490, -86860, -438290, -78639, 383331, 248106, -245364, -381072, 43705, 438612, 170314, -400940, -341706, 279432, 435649, -114631, -443826, -39499, 377154, 139252, -258787, -166606, 121284, 129950, 231, -54701, -79043, -27683, 104679, 87992, -83389, -106135, 34576, 76494, 15265, -9442, -41697, -72591, 31793, 143139, 10964, -180435, -69386, 173435, 120504, -124161, -144992, 47559, 133806, 32683, -90003, -92320, 26545, 115845, 37637, -101742, -83448, 62139, 98786, -17164, -83097, -14080, 47032, 21726, -7543, -7958, -19366, -16217, 25756, 36987, -14202, -43801, -5527, 33799, 22054, -12179, -27161, -11549, 18942, 28303, -2024, -32751, -15438, 24970, 26009, -10081, -25786, -4595, 15506, 13371, 281, -14813, -15665, 12059, 26053, -10626, -29667, 14642, 27708, -23325, -24279, 32297, 24087, -37855, -28334, 38665, 33482, -34251, -34709, 24457, 29769, -10694, -19688, -4046, 7820, 15967, 2370, -22133, -8967, 22431, 11484, -19489, -10150, 16317, 6129, -14418, -1521, 13764, -1731, -13266, 2638, 11865, -1039, -9295, -2291, 5840, 5650, -1603, -7272, -3232, 6429, 7743, -3624, -10727, -29, 11569, 3492, -10347, -6228, 7671, 8091, -4464, -8914, 1442, 8647, 1238, -7713, -3664, 6768, 5707, -6119, -7104, 5744, 7833, -5458, -8042, 5056, 7949, -4433, -7666, 3625, 7149, -2653, -6314, 1497, 5206, -279, -3982, -715, 2748, 1322, -1600, -1500, 738, 1244, -317, -666, 275, 159, -421, -150, 592, 665, -647, -1311, 402, 1687, 128, -1597, -526, 1044, 350, -172, 492, -696, -1686, 1209, 2795, -1132, -3403, 420, 3305, 604, -2601, -1431, 1558, 1827, -502, -1918, -193, 1831, 310, -1530, 60, 1128, -716, -788, 1592, 409, -2527, 244, 3195, -1224, -3421, 2415, 3434, -3621, -3577, 4623, 4013, -5222, -4614, 5274, 5113, -4624, -5353, 3305, 5309, -1679, -4930, 201, 4187, 874, -3203, -1472, 2266, 1651, -1656, -1539, 1468, 1344, -1535, -1244, 1562, 1302, -1295, -1445, 669, 1502, 226, -1296, -1222, 765, 2084, 3, -2459, -870, 2142, 1693, -1269, -2238, 216, 2297, 675, -1847, -1189, 1101, 1245, -330, -899, -283, 335, 721, 148, -1046, -221, 1336, -262, -1661, 1152, 2131, -2162, -2798, 3092, 3567, -3830, -4225, 4280, 4673, -4386, -4974, 4173, 5185, -3639, -5278, 2745, 5235, -1487, -5125, 22, 5036, 1410, -4915, -2480, 4512, 2936, -3541, -2806, 2070, 2342, -554, -1725, -571, 970, 1169, -122, -1252, -723, 836, 1429, 44, -1785, -1244, 1649, 2487, -1027, -3438, 115, 3899, 796, -3858, -1371, 3338, 1361, -2343, -664, 1114, -634, -32, 2289, -721, -3881, 1330, 5033, -2005, -5620, 2736, 5781, -3373, -5760, 3612, 5535, -3000, -4907, 1216, 3883, 1560, -2651, -4599, 1298, 7149, 271, -8708, -1909, 9089, 3283, -8389, -4083, 6830, 4245, -4727, -3992, 2575, 3575, -966, -3139, 178, 2802, 44, -2761, -11, 3115, -121, -3595, 106, 3792, 429, -3510, -1447, 2809, 2344, -1815, -2521, 663, 1889, 277, -704, -553, -606, 95, 1592, 757, -1929, -1615, 1622, 2351, -966, -2875, 316, 3025, 48, -2781, -76, 2287, -33
1791219591.870, MrmFullScanInfo, 407, 107, 2201240, 0, 0, 0, 0, 10000, 39297, 32, 4, 2, 1, 480, 0, 0, 0, 0, 0, 0, 450, -424, -749, 967, 558, -1187, -407, 1052, 906, -945, -1834, 1080, 1930, -1175, -568, 648, -1152, 179, 1881, -442, -1391, -35, 729, 748, -476, -1192, 596, 1314, -450, -1301, -99, 1258, 509, -1061, -354, 581, -320, -151, 1252, 320, -2250, -985, 2639, 1662, -2179, -1825, 1273, 1324, -599, -419, 322, -410, -424, 1006, 828, -1719, -1076, 2441, 799, -2589, -63, 1892, -648, -560, 1034, -1009, -1140, 2306, 1257, -2542, -1524, 1438, 1803, 192, -1830, -1270, 1480, 1369, -820, -854, 110, 181, 237, 343, 76, -628, -848, 814, 1368, -881, -1143, 662, 431, -187, 307, -215, -845, 399, 1141, -407, -1144, 247, 881, 59, -386, -332, -215, 447, 668, -417, -759, 270, 573, -48, -322, -165, 102, 300, 42, -297, -112, 262, 92, -458, 227, 1216, -1089, -2823, 2520, 5582, -4697, -9671, 8270, 14746, -14010, -19833, 21931, 23760, -29797, -26796, 34606, 30734, -35940, -36117, 36168, 40472, -36735, -40658, 36051, 36076, -31681, -28620, 22704, 21135, -10496, -15592, -1875, 12275, 11328, -10202, -16524, 8469, 18499, -7161, -19695, 7073, 22095, -8752, -25957, 11605, 29803, -12938, -31953, 9721, 31868, -2075, -29427, -6170, 23973, 11078, -15190, -11749, 4591, 9476, 4915, -5929, -10609, 2303, 11341, 426, -7909, -1314, 2353, -30, 2997, 2995, -6326, -6228, 6777, 8372, -4589, -8566, 1069, 6701, 2066, -3344, -3498, -494, 2917, 3658, -1002, -5297, -1063, 5306, 2214, -4253, -2073, 2958, 1099, -2045, -179, 1802, -37, -2056, -514, 2211, 1463, -1584, -2300, -114, 2554, 2473, -1907, -4531, 248, 5332, 2062, -4429, -4006, 2133, 4545, 650, -3382, -2786, 1137, 3507, 1221, -2702, -2808, 878, 3070, 986, -2041, -1954, 272, 1769, 1424, -874, -2283, -164, 2022, 1015, -974, -1373, -247, 1069, 1198, -406, -1515, -24, 886, -169, 616, 1032, -2318, -2333, 3386, 3732, -3332, -4885, 2245, 5504, -582, -5336, -1116, 4335, 2424, -2774, -3096, 1120, 3121, 177, -2698, -784, 2137, 611, -1819, 166, 2035, -1084, -2754, 1681, 3619, -1752, -4111, 1392, 3843, -803, -2735, 170, 1061, 281, 692, -407, -1968, 226, 2418, 82, -2088, -218, 1350, -13, -606, 585, 111, -1229, 50, 1650, 128, -1706, -591, 1415, 1118, -864, -1363, 174, 1101, 461, -444, -807, -304, 799, 877, -547, -1105, 300, 958, -179, -559, 144, 160, -161, 110, 249, -345, -369, 692, 371, -1169, -143, 1698, -230, -2092, 445, 2235, -135, -2233, -684, 2293, 1586, -2436, -2163, 2488, 2340, -2346, -2262, 1951, 2078, -1280, -1859, 422, 1654, 466, -1515, -1191, 1459, 1647, -1342, -1818, 1022, 1789, -581, -1623, 259, 1275, 56, -692, -839, 10, 2403, 588, -4588, -1062, 7044, 1571, -9494, -2267, 11537, 3156, -12624, -4307, 12295, 5710, -10388, -6962, 7111, 7385, -2955, -6527, -1243, 4529, 4577, -1882, -6408, -656, 6520, 2397, -5306, -2946, 3635, 2205, -2322, -469, 1669, -1529, -1544, 2941, 1727, -3291, -1765, 2696, 1151, -1593, 141, 524, -1549, 38, 2568, 105, -3136, -768, 3320, 1460, -2988, -1821, 2152, 1800, -1039, -1464, -6, 925, 709, -331, -974, -40, 930, -42, -818, 587, 768, -1383, -875, 2084, 1311
1791219591.870, MrmDetectionListInfo, 407, 174, 140, 8684, 141, 11035, 142, 13720, 143, 16679, 144, 19800, 145, 22912, 146, 25815, 147, 28352, 148, 30462, 149, 32206, 150, 33717, 151, 35126, 152, 36484, 153, 37707, 154, 38597, 155, 38893, 156, 38357, 157, 36845, 158, 34337, 159, 30930, 160, 26810, 161, 22228, 162, 17507, 163, 13089, 164, 9596, 165, 7865, 166, 8493, 167, 10838, 168, 13057, 169, 13789, 170, 13322, 171, 12826, 172, 12966, 173, 13583, 174, 14362, 175, 15335, 176, 16712, 177, 18464, 178, 20230, 179, 21546, 180, 22092, 181, 21731, 182, 20462, 183, 18504, 184, 16585, 185, 15667, 186, 15892, 187, 16199, 188, 15348, 189, 13031, 190, 9961, 191, 7296, 192, 5951, 193, 6023, 194, 6797, 195, 7320, 196, 7040, 197, 6055, 198, 4853, 199, 3772, 204, 3892, 205, 5940, 206, 7166, 207, 7360, 208, 6941, 209, 6282, 210, 5429, 211, 4445, 212, 3633, 213, 3196, 214, 2948, 219, 3086, 220, 3315, 221, 3319, 222, 3342, 223, 3396, 224, 3256, 225, 2794, 226, 2147, 235, 1750, 240, 2325, 241, 2860, 242, 3018, 243, 2921, 244, 3002, 245, 3412, 246, 3809, 247, 3778, 248, 3295, 249, 2691, 250, 2319, 251, 2287, 252, 2403, 253, 2402, 254, 2262, 255, 2169, 256, 2213, 257, 2247, 258, 2111, 259, 1870, 260, 1699, 261, 1622, 266, 1412, 267, 1445, 268, 1303, 269, 1166, 283, 2124, 284, 2879, 285, 3421, 286, 3724, 287, 3855, 288, 3851, 289, 3696, 290, 3395, 291, 3064, 292, 2887, 293, 2922, 294, 3028, 295, 3005, 296, 2775, 297, 2410, 298, 2033, 308, 1769, 309, 2250, 310, 2584, 311, 2760, 312, 2833, 313, 2819, 314, 2679, 315, 2384, 372, 1321, 376, 1482, 377, 1778, 378, 2060, 387, 1541, 388, 1285, 393, 1374, 394, 1509, 395, 1558, 396, 1541, 397, 1482, 398, 1389, 410, 2970, 411, 3727, 412, 4440, 413, 5163, 414, 5917, 415, 6660, 416, 7323, 417, 7865, 418, 8274, 419, 8543, 420, 8648, 421, 8561, 422, 8254, 423, 7709, 424, 6915, 425, 5900, 426, 4802, 427, 3872, 428, 3373, 429, 3406, 430, 3742, 431, 3960, 432, 3876, 444, 2002, 445, 2413, 446, 2576, 447, 2516, 448, 2312, 458, 1784, 459, 2034, 460, 2276, 462, 2331
1791219591.979, MrmFullScanInfo, 408, 107, 2201365, 0, 0, 0, 0, 10000, 39297, 32, 1, 2, 1, 480, -337210, 511688, 404832, -503357, -477557, 464981, 517616, -329830, -520192, -49155, 519724, 443936, -465872, -517308, 163698, 518099, 145555, -519678, -336216, 511220, 365555, -432028, -284292, 97731, 230926, 184445, -4992, -239460, -180153, 433115, 138573, -455348, -5056, 511512, -145171, -512249, 172475, 510287, -145192, -513387, 59598, 514822, 83615, -463423, -261069, 325665, 406052, -66299, -459023, -183934, 384233, 376554, -244596, -465843, 58074, 453535, 106406, -391603, -208910, 271980, 238572, -138237, -186072, 21704, 93281, 47992, 8691, -66896, -93926, 47314, 136098, -5516, -116921, -35363, 49592, 53924, 38194, -31190, -120709, -29164, 161603, 100735, -159367, -158341, 112964, 187434, -45264, -170598, -33111, 114765, 93470, -36324, -113683, -40490, 96750, 95359, -49141, -116829, -3265, 94188, 37841, -54207, -39530, 11838, 14782, 17385, 19528, -20274, -45773, 3254, 53735, 17442, -43370, -31056, 16457, 31633, 10497, -17659, -27750, -6806, 32243, 28176, -25571, -38229, 12182, 35260, 279, -20207, -2013, 5745, -5101, 10129, 13332, -13555, -16580, 6183, 9070, 7743, 7778, -23677, -25965, 33572, 36142, -31798, -46847, 11100, 36866, -1138, -17363, -5917, -3322, 7907, 19015, -3238, -24922, -3278, 23942, 6319, -14789, -4949, 7048, 3992, -2803, 2680, 4211, -7358, -6882, 6362, 9651, 233, -9359, -7192, 4628, 13600, 5008, -15801, -10589, 12285, 17600, -4328, -20299, -4635, 17019, 10633, -9781, -13559, 2101, 12416, 3631, -8383, -6090, 5154, 7248, -3871, -2751, 3544, -1063, -5853, 1165, 8811, 996, -10965, -4800, 9270, 8653, -5306, -11229, 646, 11572, 5479, -7255, -7457, 2922, 7629, 882, -6311, -3255, 4375, 2977, -2127, -1059, 823, 302, -1176, -850, 3716, -278, -3945, -728, 4340, 2691, -3879, -4710, 2624, 5059, -691, -4597, -1159, 3848, 2150, -1818, -3549, -564, 1887, 873, -680, -1320, 327, 967, -338, 22, -166, -768, 46, 163, -187, 602, -733, 103, -1822, 175, 2596, -273, -2534, -329, 2606, 816, -1673, -233, 928, -519, 107, 1519, -1634, -1044, 3351, 1915, -4014, -2312, 4702, 2218, -4685, -2302, 5163, 1367, -5430, -1326, 4759, 1805, -5305, -1852, 4667, 1900, -2986, -2199, 1174, 1722, 13, -1452, -1561, 579, 1874, -119, -2116, 120, 1834, 425, -891, 159, 209, -648, 674, 1160, -818, -1064, 935, 1378, -1166, -561, 1188, 1293, -1994, -924, 1849, 1347, -1770, -1693, 2421, 2190, -1900, -2329, 1281, 2816, -684, -2082, -1156, 1144, 2287, -394, -2962, -174, 3494, 180, -4354, 538, 4920, -964, -5534, 2422, 5964, -3118, -6279, 2293, 7282, -2609, -7710, 1396, 6642, 134, -6047, -1565, 4592, 2393, -3620, -3487, 1966, 3537, -959, -1881, 402, 1529, 75, -810, 219, 717, -525, -130, 1271, 943, -1450, -845, 1762, 960, -1859, -2239, 1644, 2313, -1268, -1954, 654, 1771, -323, -1412, 494, 1391, -401, -1, 1601, -1421, -2107, 3416, 2900, -4310, -2835, 5838, 2748, -7509, -1946, 9487, 2062, -10275, -2000, 10301, 3790, -9094, -5036, 6028, 7355, -2717, -7722, -1379, 7857, 4912, -6435, -8196, 4432, 8974, -1982, -8235, 719, 7092, 371, -5650, 90, 4101, -791, -3729, 2191, 3981, -2450, -4269, 1536, 4710, 334, -4346, -2955, 3525, 4494, -2097, -4969, -286, 4823, 1809, -4560, -1946, 2203, 1656, -1182, -879, -479, -264, 1073, 1701, -1261, -1801, 1009, 2310, -232, -2156, -465, 1178, 773, -446, 22, -42, -707, -375, 659, 547, -1402
1791219591.979, MrmFullScanInfo, 408, 107, 2201365, 0, 0, 0, 0, 10000, 39297, 32, 2, 2, 1, 480, 0, 0, 0, 0, 0, 0, 165437, -231863, -311401, 473383, 368510, -496713, -398711, 270660, 452393, 62102, -481331, -340037, 398401, 505965, -196418, -587449, -29157, 595427, 178014, -495928, -222016, 279100, 188118, 1353, -116686, -263349, 56568, 447688, -58304, -530524, 131342, 522821, -230755, -469371, 295942, 422649, -291700, -413079, 216475, 431824, -85314, -436996, -80260, 380839, 249473, -242135, -381690, 41709, 437794, 169139, -398538, -337688, 276784, 430947, -113870, -439973, -37437, 374100, 135317, -256261, -162667, 119749, 127410, 116, -53844, -77125, -27418, 101669, 87144, -80743, -104858, 33598, 74918, 14279, -7980, -39412, -73486, 29366, 143096, 12634, -179310, -70054, 171798, 120521, -123254, -144710, 48284, 133311, 30602, -89477, -89936, 26447, 114050, 36938, -100951, -82163, 62399, 97521, -18321, -82329, -12329, 46821, 19820, -7551, -6428, -19693, -17010, 26909, 37172, -16452, -43971, -2078, 34451, 17404, -13210, -21510, -10822, 12858, 28992, 3499, -36100, -19109, 31980, 26889, -21215, -24017, 10425, 12501, -4241, 1809, 2967, -11566, -3439, 11177, 1853, 259, 3426, -18179, -11485, 34020, 20078, -39970, -26288, 33829, 26821, -19505, -19698, 3614, 6581, 8227, 7928, -13128, -18789, 11614, 22866, -6566, -20160, 1444, 13589, 1048, -7070, 21, 3246, -3097, -2684, 5055, 4300, -3521, -5968, -1639, 5636, 8452, -2390, -13874, -3312, 15327, 9992, -12091, -15464, 5488, 17539, 2103, -15329, -8315, 9854, 11608, -3282, -11783, -2061, 9872, 4469, -7340, -3635, 5452, 949, -5071, 1385, 6316, -1776, -8221, -135, 9280, 3675, -8334, -7413, 5241, 9734, -863, -9619, -3386, 7188, 6278, -3594, -7254, 368, 6425, 1435, -4453, -1770, 2496, 1231, -1612, -374, 2014, -342, -3059, 382, 3996, 553, -4386, -2099, 4008, 3542, -2843, -4297, 1122, 4107, 690, -3061, -2005, 1565, 2426, -130, -2038, -798, 1297, 995, -554, -590, -42, 84, 348, 134, -376, -61, 490, -164, -999, 484, 1755, -753, -2307, 782, 2393, -610, -1962, 499, 1048, -563, 283, 666, -1843, -660, 3334, 575, -4473, -515, 5163, 455, -5490, -291, 5562, 41, -5467, 129, 5311, -88, -5090, -135, 4590, 493, -3600, -939, 2193, 1345, -656, -1536, -688, 1458, 1617, -1167, -1996, 799, 1827, -489, -1200, 356, 320, -405, 548, 546, -1177, -651, 1493, 666, -1607, -612, 1706, 548, -1866, -541, 2078, 656, -2303, -909, 2477, 1259, -2457, -1627, 2080, 1885, -1236, -1910, -32, 1713, 1467, -1425, -2731, 1240, 3668, -1334, -4281, 1821, 4643, -2675, -4809, 3651, 4912, -4395, -5160, 4686, 5604, -4462, -6013, 3678, 6120, -2351, -5846, 719, 5248, 877, -4391, -2062, 3360, 2552, -2245, -2336, 1212, 1731, -479, -1077, 224, 560, -439, -249, 948, 142, -1509, -238, 1945, 556, -2184, -1025, 2208, 1441, -1979, -1624, 1554, 1591, -1104, -1368, 849, 845, -884, 181, 1118, -1724, -1328, 3510, 1322, -5212, -1008, 6723, 398, -8087, 381, 9258, -988, -10035, 978, 10153, -5, -9399, -1914, 7690, 4341, -5104, -6592, 1861, 8044, 1646, -8350, -4785, 7514, 6914, -5853, -7706, 3931, 7294, -2356, -6103, 1566, 4682, -1646, -3523, 2259, 2935, -2761, -2959, 2526, 3419, -1307, -3967, -593, 4149, 2556, -3580, -4064, 2290, 4834, -773, -4700, -395, 3666, 943, -2025, -857, 285, 299, 1102, 470, -1839, -1196, 1862, 1691, -1328, -1832, 586, 1570, -37, -1020, -85, 449, -187
1791219591.979, MrmFullScanInfo, 408, 107, 2201365, 0, 0, 0, 0, 10000, 39297, 32, 4, 2, 1, 480, 0, 0, 0, 0, 0, 0, 164, 243, -342, -329, 305, -101, -201, 803, 77, -1105, 341, 656, -1029, 265, 1525, -649, -1383, -111, 1022, 1551, -1209, -2228, 1898, 1237, -2268, 510, 1533, -1349, -414, 777, -235, 117, 462, -299, -565, -106, 628, 467, -524, -552, 454, 873, -401, -1721, 420, 2311, -113, -1241, -1022, -1555, 2524, 4001, -2872, -4322, 1208, 3039, 1473, -1856, -3443, 1270, 3783, -636, -2749, -367, 1291, 1432, -249, -1927, -261, 1462, 554, -319, -712, -867, 586, 1649, -190, -1741, -421, 1241, 1151, -577, -1489, 199, 902, -58, 367, -59, -1466, 74, 1843, 222, -1556, -777, 896, 1161, -122, -1051, -606, 560, 1182, -101, -1456, 50, 1315, -528, -857, 1407, 458, -2468, -493, 3564, 914, -4631, -1198, 5524, 799, -5906, 689, 5367, -3385, -3550, 7049, 697, -11060, 2259, 14613, -4153, -16629, 3796, 15917, 189, -12195, -8929, 6862, 21919, -2368, -36235, -266, 47283, 1961, -51199, -3327, 46765, 3398, -35422, -1269, 20344, -1942, -5221, 4151, -6810, -3791, 14180, 1071, -17211, 2278, 17610, -4595, -17114, 5404, 16334, -4868, -14736, 2955, 11559, 178, -6664, -3690, 819, 6043, 4720, -5905, -8698, 3227, 10130, 585, -8615, -3603, 4732, 4506, 14, -2974, -3884, -342, 5680, 4208, -5160, -7159, 2991, 7959, -312, -6140, -1783, 2382, 2600, 1759, -2039, -4700, 708, 5567, 333, -4401, -177, 2117, -1354, -115, 3749, -471, -6133, -522, 7617, 2352, -7578, -3958, 5945, 4598, -3316, -4126, 820, 2841, 471, -1193, -184, -233, -1216, 782, 2875, -86, -4022, -1546, 4194, 3389, -3324, -4673, 1606, 4962, 511, -4320, -2298, 3183, 3082, -2060, -2752, 1351, 1780, -1253, -721, 1589, 11, -1873, 102, 1802, 258, -1399, -591, 790, 527, -102, -96, -388, -418, 440, 768, -55, -800, -597, 524, 1386, -1, -2237, -680, 3088, 1350, -3857, -1817, 4462, 2067, -4909, -2241, 5228, 2482, -5320, -2940, 5083, 3690, -4521, -4476, 3700, 4814, -2625, -4406, 1378, 3383, -244, -2121, -472, 997, 735, -252, -742, 11, 766, -251, -963, 850, 1352, -1516, -1823, 1887, 2250, -1768, -2476, 1248, 2319, -571, -1721, -7, 869, 310, -72, -228, -406, -227, 444, 887, -47, -1448, -629, 1626, 1290, -1297, -1593, 554, 1357, 307, -667, -963, -162, 1254, 793, -1161, -1024, 811, 841, -376, -398, 47, -69, 12, 433, 200, -678, -480, 745, 597, -575, -466, 234, 100, 148, 437, -431, -946, 529, 1207, -440, -1113, 332, 714, -366, -84, 638, -659, -1121, 1291, 1698, -1512, -2224, 1149, 2550, -253, -2521, -940, 2018, 2140, -1098, -3015, 72, 3311, 736, -2862, -1212, 1687, 1433, -76, -1470, -1546, 1363, 2927, -1283, -4079, 1521, 5098, -2173, -6017, 2989, 6894, -3501, -7655, 3404, 7997, -2645, -7499, 1300, 5959, 432, -3578, -2178, 788, 3465, 1902, -3978, -4010, 3708, 5168, -2920, -5141, 2002, 3966, -1239, -2033, 860, -1, -940, 1542, 1317, -2253, -1609, 1976, 1557, -825, -1222, -616, 763, 1552, -186, -1677, -416, 1326, 714, -904, -442, 585, -137, -434, 539, 466, -530, -531, 225, 473, 189, -291, -643, 170, 1060, -203, -1301, 329, 1303, -422, -1076, 401
1791219591.979, MrmDetectionListInfo, 408, 149, 133, 6284, 134, 7780, 135, 9323, 136, 10326, 137, 10509, 138, 9901, 139, 8738, 140, 7680, 141, 7713, 142, 9257, 143, 11728, 144, 14297, 145, 16741, 146, 19306, 147, 22064, 148, 24654, 149, 26486, 150, 27098, 151, 26363, 152, 24429, 153, 21499, 154, 17766, 155, 13590, 156, 9526, 157, 6149, 161, 7478, 162, 8862, 163, 9276, 164, 9366, 165, 9812, 166, 10594, 167, 11209, 168, 11319, 169, 11017, 170, 10545, 171, 9945, 172, 9054, 173, 7737, 174, 6092, 175, 4541, 180, 5405, 181, 6554, 182, 6995, 183, 6569, 184, 5716, 185, 5044, 186, 4853, 187, 4860, 188, 4439, 192, 2350, 193, 3329, 194, 4190, 195, 4930, 196, 5536, 197, 5754, 198, 5389, 199, 4572, 200, 3690, 205, 2128, 206, 2472, 207, 2980, 208, 3233, 209, 3051, 210, 2597, 211, 2097, 218, 3586, 219, 4117, 220, 4572, 221, 5059, 222, 5441, 223, 5479, 224, 5098, 225, 4423, 226, 3621, 227, 2795, 228, 2029, 236, 1886, 237, 2144, 238, 2399, 239, 2862, 240, 3416, 241, 3770, 242, 3776, 243, 3519, 244, 3167, 245, 2849, 246, 2669, 247, 2714, 248, 2919, 249, 3036, 250, 2872, 251, 2475, 252, 2038, 253, 1687, 254, 1422, 281, 2200, 282, 2583, 283, 2847, 284, 3057, 285, 3259, 286, 3447, 287, 3596, 288, 3711, 289, 3817, 290, 3926, 291, 4033, 292, 4128, 293, 4209, 294, 4273, 295, 4305, 296, 4276, 297, 4150, 298, 3904, 299, 3532, 300, 3048, 387, 1799, 388, 1754, 389, 1617, 392, 1595, 393, 1803, 394, 1917, 395, 1884, 396, 1766, 397, 1690, 398, 1748, 399, 1889, 400, 1940, 409, 2542, 410, 2780, 411, 3145, 412, 3593, 413, 4037, 414, 4447, 415, 4833, 416, 5190, 417, 5473, 418, 5631, 419, 5632, 420, 5462, 421, 5109, 424, 3146, 429, 2331, 430, 2891, 431, 3586, 432, 4128, 433, 4337, 445, 1817, 446, 2050, 447, 1936
1791219592.104, MrmFullScanInfo, 409, 107, 2201490, 0, 0, 0, 0, 10000, 39297, 32, 1, 2, 1, 480, -337334, 512242, 403570, -504797, -475431, 466568, 517995, -327472, -520162, -57029, 519716, 445189, -461281, -516006, 166628, 517299, 142348, -519808, -333199, 511038, 366919, -435963, -283507, 102348, 228018, 187662, -2742, -244243, -186898, 430853, 139386, -454230, -2184, 511301, -141554, -509830, 183131, 512610, -150013, -515963, 63991, 514840, 71825, -464405, -261834, 329289, 404852, -72169, -459454, -184215, 385725, 376439, -255989, -480059, 62348, 463781, 107261, -396373, -209884, 278459, 246891, -138004, -189878, 19762, 94873, 49663, 8780, -70400, -97208, 52505, 141586, -7466, -122843, -37627, 54528, 57715, 37459, -34425, -122680, -26639, 163054, 101119, -161505, -159733, 118745, 188611, -45877, -173884, -33858, 117427, 95370, -37626, -116636, -42684, 98574, 97079, -49676, -118969, -3523, 95897, 36161, -54053, -37795, 12680, 11809, 15988, 24502, -15241, -49596, -6402, 55033, 32089, -42283, -52351, 12552, 59146, 16500, -49476, -32272, 24322, 33407, 2497, -21857, -22317, 3003, 31935, 6883, -29948, -8378, 18459, -4540, -8649, 23430, 5087, -40396, -7535, 46562, 10385, -36625, -14168, 16636, 12846, 4450, -7018, -17578, -9445, 26577, 20592, -24119, -25723, 16221, 23689, -7856, -13405, 2265, 679, 47, 8762, 3636, -12836, -7724, 12495, 6917, -7412, -2608, 1813, -3634, 809, 9047, 874, -11558, -4319, 9954, 8270, -2132, -9523, -2089, 10344, 9278, -4928, -14209, -1646, 14077, 7699, -9820, -10104, 3784, 8934, 1522, -3299, -5024, -21, 3718, 3096, 2415, -4788, -7124, 2000, 9408, 2565, -7884, -6734, 4736, 7999, 245, -7799, -6783, 6105, 11072, -1442, -9926, -1876, 8551, 3524, -5135, -3473, 2350, 1702, -681, -233, 801, -1409, -766, 1693, 1451, -105, -1330, -43, -141, 925, 2038, -2505, -3881, 1912, 4347, -466, -5137, -231, 3352, 972, -3291, -1758, -333, 794, 1289, 184, -1509, -888, 928, 1029, -832, -633, 582, 237, -328, -131, 485, -1069, -675, -435, 1146, 710, -597, -909, 470, 878, -735, -133, 928, -793, -2115, 829, 4320, -251, -4322, -433, 5161, 1662, -5178, -1968, 4113, 2793, -2339, -2995, 652, 2801, 1498, -1699, -3099, 426, 3375, 593, -2309, -1131, 2326, 25, -156, -511, -407, 80, 492, 954, 127, -1169, -888, 541, 1666, 335, -2454, -697, 2998, 2370, -2256, -2564, -115, 2750, 672, -2768, -1444, 2843, 2616, -1595, -2448, 703, 3076, 25, -3836, 290, 3187, 1017, -3286, -2335, 2832, 2065, -1849, -2350, 630, 2460, -368, -2094, 276, 1450, -1425, -1922, 2162, 2375, -1650, -3809, 2024, 4704, -2100, -5206, 631, 4783, 244, -5144, -715, 4736, 769, -4782, -640, 4758, 1181, -4091, -1028, 4311, 1536, -4056, -792, 3770, 1375, -3420, -1546, 2637, 2489, -2801, -2095, 1713, 1241, -608, -239, 1764, -832, -2338, 141, 3453, 486, -3208, -2060, 2466, 3306, -1753, -3843, 753, 4365, -272, -3175, -1406, 3779, -60, 1191, -261, -3052, -1372, 4727, 2343, -7343, -3559, 8538, 4060, -9892, -4553, 11414, 5873, -7914, -5723, 7409, 8122, -3813, -8747, 351, 8174, 3997, -6969, -7200, 4220, 9341, -2319, -9334, 939, 7134, 2899, -7486, -1835, 6247, 1545, -5127, -196, 5000, -69, -4790, -536, 5160, 1949, -5185, -3132, 1197, 4580, -2062, -5341, 702, 5418, 1108, -4036, -1279, 2696, 1629, -772, -990, -770, -1144, 1392, 1317, -3149, -2150, -525, 2585, 1874, -2633, -2397, 1629, 3061, -1635, -2469, 1321, 2098, -1441, -2313, 2104, -513
1791219592.120, MrmFullScanInfo, 409, 107, 2201490, 0, 0, 0, 0, 10000, 39297, 32, 2, 2, 1, 480, 0, 0, 0, 0, 0, 0, 165028, -232007, -310523, 472906, 367815, -494696, -398718, 267425, 452911, 65003, -482007, -341282, 399374, 505465, -197812, -586238, -27751, 595105, 176687, -497158, -220251, 280524, 185491, 1636, -113600, -265441, 53998, 449891, -56806, -531270, 131203, 521972, -232384, -467772, 299703, 421125, -297587, -411847, 223493, 430792, -91835, -436763, -75713, 382275, 247244, -244951, -381731, 43841, 440797, 170064, -404696, -342311, 284386, 437942, -119701, -447217, -35764, 380068, 137811, -260119, -167260, 121063, 131447, 1431, -55600, -80765, -28394, 106528, 90413, -84939, -109472, 35487, 79547, 15120, -11290, -42116, -72210, 32392, 143977, 10551, -182033, -69359, 175390, 121133, -126251, -146464, 49576, 135677, 31182, -91458, -91858, 27190, 116440, 37623, -103093, -83732, 64126, 99103, -19929, -83295, -10333, 47320, 16925, -8631, -2414, -16371, -21827, 19445, 42153, -3173, -48641, -22130, 38902, 43834, -18204, -51956, -4203, 43027, 20025, -21130, -25343, -4660, 21597, 24663, -14200, -32530, 9424, 27655, -11274, -14855, 19793, 1236, -30801, 7458, 37845, -8807, -35806, 3950, 24131, 2870, -6662, -6376, -11103, 3769, 24371, 3486, -30134, -11041, 27910, 14659, -19872, -12367, 9841, 5266, -1759, 3470, -2093, -10406, 2194, 13168, -985, -11190, 810, 6053, -2548, -736, 5586, -2060, -8246, 1309, 8845, 2233, -6653, -6546, 2062, 9272, 3826, -8852, -9424, 5312, 12837, -155, -12773, -4421, 9298, 6674, -3893, -6139, -947, 3483, 2912, 90, -1324, -3111, -2437, 4088, 6123, -2408, -7954, -1118, 7071, 4917, -3530, -7550, -1544, 8175, 6310, -6659, -9144, 3712, 9454, -632, -7682, -1421, 4888, 1946, -2230, -1168, 477, -114, 187, 1050, -85, -1187, -135, 509, -133, 753, 1020, -2090, -2214, 2853, 3291, -2700, -3922, 1806, 3852, -614, -2944, -403, 1406, 918, 210, -834, -1298, 357, 1668, 155, -1480, -419, 1040, 333, -605, -22, 368, -224, -396, 185, 610, 111, -839, -397, 979, 401, -1074, -1, 1337, -654, -1962, 1263, 2929, -1508, -3984, 1267, 4819, -626, -5132, -234, 4696, 1171, -3504, -2003, 1768, 2489, 177, -2452, -1864, 1905, 2883, -1102, -3027, 388, 2353, 83, -1196, -303, 107, 228, 450, 158, -364, -605, -243, 809, 1178, -616, -2155, 63, 2752, 736, -2608, -1638, 1761, 2480, -590, -3055, -505, 3157, 1396, -2721, -2150, 1998, 2820, -1330, -3310, 760, 3521, -115, -3476, -616, 3185, 1278, -2607, -1769, 1875, 2037, -1303, -2020, 1178, 1790, -1502, -1616, 2049, 1827, -2597, -2502, 3014, 3379, -3094, -4124, 2677, 4625, -1905, -4910, 1170, 5023, -713, -4951, 511, 4742, -379, -4497, 245, 4307, -144, -4146, 66, 3916, 130, -3615, -533, 3310, 962, -2933, -1109, 2398, 803, -1833, -154, 1591, -516, -1847, 824, 2417, -490, -2936, -471, 3128, 1778, -2937, -2949, 2381, 3657, -1596, -3624, 827, 2545, -240, -400, -113, -2360, 196, 5121, 22, -7540, -395, 9514, 799, -10831, -1236, 11194, 1955, -10434, -3235, 8709, 5012, -6250, -6805, 3130, 7985, 469, -8182, -4052, 7435, 6817, -5871, -8219, 3727, 8411, -1572, -7903, 207, 7025, 19, -5938, 462, 4971, -914, -4480, 802, 4378, 26, -4235, -1444, 3812, 3090, -3163, -4396, 2349, 4910, -1321, -4498, 247, 3313, 511, -1674, -670, -120, 274, 1603, 405, -2136, -1213, 1465, 2091, -52, -2795, -1283, 3065, 2057, -2882, -2225, 2508, 1877
1791219592.120, MrmFullScanInfo, 409, 107, 2201490, 0, 0, 0, 0, 10000, 39297, 32, 4, 2, 1, 480, 0, 0, 0, 0, 0, 0, -373, -16, 794, -676, -613, 2063, -59, -2992, 485, 2527, -395, -1058, 389, -305, -693, 893, 887, -364, -1028, -577, 1399, 504, -1983, 791, 2311, -1892, -2104, 1658, 1448, -408, -280, -853, -1441, 1538, 3534, -1604, -5616, 1440, 6769, -1288, -6260, 643, 4273, 686, -1943, -1858, -176, 1642, 2658, 262, -5190, -2965, 6478, 5215, -5355, -5983, 2237, 5170, 1193, -3274, -3210, 973, 3094, 1241, -1386, -3093, -959, 4050, 3089, -3532, -4347, 1692, 4313, 528, -3044, -2051, 1157, 2329, 765, -1584, -2312, 461, 3042, 697, -2684, -1784, 1495, 2341, -50, -1930, -1181, 799, 1805, 406, -1834, -1132, 1719, 1187, -1871, -755, 2473, 455, -3471, -1041, 4529, 3084, -5142, -6875, 5142, 12278, -4848, -18633, 4808, 24601, -5473, -28265, 6939, 27829, -8685, -22494, 9394, 13028, -7550, -1921, 2563, -7686, 4918, 13663, -13834, -15475, 23463, 13446, -32717, -8153, 39558, 852, -41470, 6279, 37254, -10744, -27957, 11455, 15894, -9460, -3085, 6766, -8996, -4533, 18740, 2693, -24661, -803, 26191, -1323, -23931, 3358, 19274, -4656, -13841, 4825, 8942, -3986, -5101, 2458, 2164, -497, 215, -1478, -2213, 2980, 3737, -3566, -4549, 3013, 4574, -1526, -3971, -162, 2974, 1291, -1852, -1667, 1035, 1753, -1000, -2162, 1745, 3219, -2448, -4965, 2074, 7141, -210, -9058, -2727, 9833, 5946, -9002, -8570, 6741, 9772, -3602, -9035, 244, 6545, 2599, -3188, -4212, 51, 4335, 2139, -3458, -3057, 2442, 2742, -1872, -1628, 1872, 467, -2287, 143, 2870, -202, -3248, 164, 3010, -344, -2028, 672, 715, -1023, 341, 1354, -854, -1600, 925, 1622, -757, -1303, 515, 717, -330, -142, 338, -135, -531, 151, 672, -85, -480, -8, -27, 131, 617, -137, -1125, -58, 1512, 314, -1706, -457, 1673, 499, -1556, -496, 1510, 513, -1401, -716, 925, 1272, 114, -2089, -1620, 2819, 3289, -3027, -4826, 2472, 6093, -1244, -6936, -388, 7123, 2183, -6554, -3773, 5361, 4736, -3813, -4814, 2195, 4066, -696, -2827, -531, 1618, 1294, -880, -1475, 706, 1275, -978, -996, 1546, 826, -2210, -795, 2595, 905, -2317, -1143, 1379, 1455, -215, -1625, -708, 1383, 1281, -674, -1660, -189, 1970, 847, -2162, -1277, 2176, 1656, -2048, -1946, 1797, 1922, -1355, -1472, 754, 681, -196, 314, -92, -1356, 141, 2191, -198, -2498, 445, 2175, -830, -1531, 1299, 1047, -1854, -891, 2301, 893, -2216, -833, 1397, 684, -80, -451, -1260, 69, 2222, 560, -2586, -1425, 2336, 2307, -1587, -2947, 533, 3185, 507, -2901, -1154, 2104, 1202, -1051, -704, 212, -101, 144, 831, -85, -1061, -172, 612, 427, 335, -544, -1404, 396, 2435, -26, -3319, -350, 3734, 541, -3368, -428, 2289, -120, -895, 1193, -474, -2551, 1674, 3788, -2503, -4459, 2800, 4383, -2575, -3694, 2072, 2669, -1493, -1545, 824, 425, -54, 574, -788, -1254, 1489, 1654, -1883, -1971, 2129, 2199, -2428, -2074, 2687, 1584, -2657, -1073, 2350, 800, -1952, -768, 1434, 874, -699, -1058, -11, 1227, 292, -1166, -80, 822, -229, -386, 374, 77, -365, 46, 285, -164, -148, 296, -25, -148, 75, -470, 138, 1315, -514, -1933, 902, 2206, -1208, -2268, 1450, 2146
1791219592.120, MrmDetectionListInfo, 409, 125, 115, 5310, 116, 6451, 117, 7720, 118, 9120, 119, 10632, 120, 12212, 121, 13784, 122, 15254, 123, 16503, 124, 17405, 125, 17833, 126, 17674, 127, 16835, 128, 15256, 129, 12926, 130, 9905, 131, 6490, 135, 8824, 136, 12694, 137, 15636, 138, 17801, 139, 19628, 140, 21184, 141, 22194, 142, 22415, 143, 21955, 144, 21453, 145, 21691, 146, 22588, 147, 22984, 148, 21805, 149, 19065, 150, 15555, 151, 11914, 152, 8428, 153, 5790, 155, 6922, 156, 9784, 157, 12070, 158, 13087, 159, 13269, 160, 13291, 161, 13382, 162, 13357, 163, 13009, 164, 12318, 165, 11367, 166, 10229, 167, 8958, 168, 7618, 169, 6284, 170, 5001, 180, 3968, 181, 3865, 182, 3690, 183, 3362, 195, 2345, 196, 2855, 197, 3361, 198, 3810, 199, 4126, 200, 4300, 201, 4541, 202, 5173, 203, 6243, 204, 7363, 205, 8092, 206, 8317, 207, 8194, 208, 7852, 209, 7256, 210, 6325, 211, 5131, 212, 4023, 213, 3425, 214, 3358, 215, 3336, 220, 3239, 221, 3204, 222, 2713, 223, 2181, 224, 1853, 268, 1085, 269, 1121, 282, 2129, 283, 2841, 284, 3374, 285, 3687, 286, 3868, 287, 3980, 288, 4006, 289, 3933, 290, 3829, 291, 3847, 292, 4107, 293, 4540, 294, 4899, 295, 4989, 296, 4826, 297, 4538, 298, 4191, 299, 3754, 300, 3194, 339, 1864, 340, 1702, 357, 1273, 360, 1524, 372, 1599, 373, 1807, 374, 2011, 375, 2151, 376, 2178, 377, 2100, 378, 1963, 413, 1320, 414, 1935, 415, 2585, 416, 3131, 417, 3484, 418, 3637, 419, 3633, 420, 3503, 441, 2237, 443, 1938, 444, 1748
1791219592.229, MrmFullScanInfo, 410, 107, 2201615, 0, 0, 0, 0, 10000, 39297, 32, 1, 2, 1, 480, -332160, 513163, 404836, -504163, -477206, 465753, 517755, -325702, -520192, -55377, 519688, 448038, -465083, -516293, 166224, 518228, 140352, -519722, -336689, 511391, 365599, -434112, -289677, 101598, 227860, 184537, 1176, -242111, -179083, 432893, 137612, -456246, 1217, 511739, -137988, -511409, 172508, 511796, -141152, -514581, 56687, 515106, 84343, -463647, -259420, 327786, 407513, -67074, -459036, -181634, 380104, 379517, -246860, -474055, 54617, 457153, 109671, -391052, -211271, 272340, 240076, -138422, -186775, 22146, 92714, 47107, 9266, -62540, -91373, 44795, 134098, -6409, -116997, -37299, 49328, 55337, 39513, -31848, -121147, -28846, 161649, 100130, -157313, -158084, 115356, 186082, -42255, -168633, -34171, 113437, 94726, -34661, -115169, -44148, 96862, 99672, -47244, -122740, -7923, 101120, 48151, -60223, -58984, 18590, 46045, 11316, -24213, -18423, 6501, 6218, -1413, 4566, -7236, 7804, -5826, -11625, 16054, 25298, -13812, -41410, -134, 50304, 20828, -47416, -43998, 34936, 56178, -17217, -43028, -13325, 27206, 15671, -11219, -7771, -89, -3680, 293, 11631, 11368, -11914, -26250, 2878, 33187, 15374, -19269, -37293, 5528, 41350, 13132, -35734, -27872, 22120, 31885, -3480, -26057, -11886, 13393, 17131, 1391, -13886, -11765, 3831, 9564, 3689, -560, -6209, -9335, 954, 15362, 8639, -15861, -18718, 9515, 23529, 1282, -22988, -9639, 13207, 14110, -1744, -13937, -7635, 8693, 12627, -1573, -12397, -4399, 8020, 6295, -1409, -4462, -3062, -152, 3879, 5425, -1099, -8445, -2580, 5731, 5810, -951, -7046, -4695, 4810, 9869, -331, -12166, -3722, 7788, 5725, -4352, -5829, 976, 4043, 1128, -785, -954, -1442, -1727, 2024, 3697, -1948, -4920, -112, 2938, 3157, -1012, -3422, -1277, 2492, 3428, -1152, -4846, -266, 4537, 1808, -3293, -1679, 1629, 335, -700, 786, 643, -2035, -827, 2999, 1877, -2210, -1716, 989, 767, -116, 166, -387, -994, 402, 1896, 1033, -2208, -2836, 2177, 3856, -1189, -4775, -912, 4424, 1987, -2832, -3160, 1754, 3117, 186, -1614, -1806, 768, 2304, 569, -2647, -1117, 2787, 1472, -1766, -1430, 1509, 1354, -1011, -841, 675, 1113, -1091, -1163, 1348, 995, -1436, -1431, 1369, 1423, -838, -1876, 347, 2452, 992, -1790, -1696, 1133, 1628, 442, -1737, -1221, 837, 2155, 133, -2384, -1420, 1777, 2430, -616, -3348, -236, 2705, 1428, -1737, -2109, 515, 2018, 185, -2283, -729, 1522, 1611, -878, -1337, 907, 1260, -810, -1069, 585, 1322, -1260, -1939, 1437, 2836, -1162, -3778, 1098, 4670, -1154, -5350, 829, 5083, 200, -5058, -731, 3488, 529, -3550, -831, 3969, 1124, -4180, -660, 4778, 1060, -4737, -1405, 4933, 1759, -4556, -476, 3508, 577, -4044, -793, 3725, 615, -3634, -603, 3368, 342, -2904, -133, 3275, 997, -2974, -1791, 2611, 2536, -2201, -3268, 1256, 3058, -823, -2354, 76, 1135, -223, -72, 921, -1367, -2279, 1798, 2604, -3196, -3414, 4976, 3529, -7581, -3628, 9963, 4558, -12455, -5465, 13372, 7347, -12582, -9114, 8265, 10721, -3821, -11582, -1443, 10214, 6536, -8328, -9594, 5405, 11113, -2598, -10788, 443, 8774, 147, -6964, 828, 6413, -1734, -5726, 1962, 5996, -978, -6284, -1435, 5574, 3836, -4338, -6374, 1860, 8412, 1331, -6878, -3757, 6117, 5208, -4775, -5661, 2474, 4560, -376, -2878, -1587, 1203, 2129, 605, -2085, -815, 1180, 559, -491, -75, 400, 48, -490, 320, 1181, -98, -913, -222, 872, 110, -947
1791219592.229, MrmFullScanInfo, 410, 107, 2201615, 0, 0, 0, 0, 10000, 39297, 32, 2, 2, 1, 480, 0, 0, 0, 0, 0, 0, 165099, -231798, -310956, 472498, 368459, -494202, -399471, 266887, 453958, 65547, -483469, -341705, 400770, 505684, -198459, -586333, -28302, 595124, 178487, -497380, -222404, 281382, 186982, 240, -114461, -264230, 55416, 449368, -59148, -531410, 132740, 522728, -230737, -469381, 293981, 423699, -288872, -415021, 214136, 433824, -84264, -438436, -80199, 381802, 248738, -242784, -380586, 41320, 436721, 171598, -397982, -341991, 276611, 435415, -113297, -443065, -38794, 375588, 137045, -256816, -163948, 120236, 127831, -1038, -53713, -75138, -27533, 99354, 86982, -78729, -104502, 32062, 74496, 15465, -7563, -40322, -73679, 29990, 142951, 12237, -178893, -69608, 171072, 119764, -122022, -143671, 46507, 132080, 32578, -87819, -91677, 23816, 115054, 41113, -100460, -88207, 59057, 105568, -9891, -92642, -28670, 59770, 46439, -22988, -44019, -3337, 28988, 14127, -11321, -14392, 244, 12403, -189, -13388, 7824, 19138, -14522, -29243, 12893, 40578, -949, -48363, -16726, 47636, 31897, -36157, -38240, 17698, 34580, -974, -23936, -6729, 11670, 4669, -3959, 2673, 4709, -8954, -12294, 8450, 20640, 1266, -23750, -17067, 18994, 31636, -7476, -38132, -6903, 33908, 18856, -20991, -24062, 4798, 21016, 8429, -11799, -14490, 1383, 12815, 4945, -6254, -4561, -457, -1385, 3094, 9242, 0, -14843, -7314, 15384, 15136, -10544, -19407, 2333, 17802, 6092, -10895, -11722, 1633, 12784, 6493, -9492, -10903, 3906, 10718, 1208, -6904, -3662, 1776, 2697, 2195, 696, -3503, -4235, 2009, 5659, 1232, -3965, -4445, -300, 5984, 5370, -5165, -9027, 2463, 9842, 879, -7945, -3399, 4663, 4094, -1576, -2902, -105, 624, 15, 1575, 1225, -2598, -2479, 1923, 2905, 4, -2235, -2004, 631, 3084, 1470, -2977, -3363, 2010, 4362, -795, -4161, -42, 3019, 151, -1558, 457, 431, -1445, 38, 2292, 44, -2510, -295, 1959, 355, -923, -72, -43, -523, 403, 1332, 94, -2154, -1263, 2633, 2649, -2412, -3756, 1416, 4231, 62, -3919, -1459, 2865, 2266, -1271, -2291, -492, 1715, 1992, -882, -2898, 95, 3111, 484, -2752, -815, 2104, 931, -1484, -919, 1134, 858, -1134, -776, 1367, 713, -1587, -752, 1613, 994, -1356, -1421, 817, 1857, -86, -1987, -670, 1591, 1274, -697, -1565, -444, 1420, 1500, -785, -2165, -255, 2270, 1464, -1831, -2435, 983, 2804, 85, -2483, -1139, 1712, 1922, -793, -2249, -60, 2134, 726, -1772, -1098, 1395, 1176, -1146, -1129, 1127, 1190, -1353, -1515, 1726, 2144, -2102, -2993, 2412, 3851, -2554, -4485, 2381, 4741, -1860, -4596, 1173, 4233, -557, -3944, 197, 3957, -150, -4223, 306, 4566, -426, -4839, 426, 4904, -423, -4674, 486, 4246, -537, -3856, 529, 3637, -522, -3495, 574, 3332, -617, -3153, 493, 3042, -69, -3025, -639, 3008, 1462, -2857, -2131, 2475, 2389, -1862, -2102, 1191, 1303, -745, -134, 730, -1223, -1086, 2670, 1545, -4258, -1783, 6118, 1654, -8274, -1274, 10574, 1008, -12640, -1271, 13846, 2376, -13520, -4399, 11376, 6987, -7654, -9386, 2987, 10806, 1836, -10805, -5975, 9440, 8739, -7190, -9791, 4830, 9310, -3114, -7906, 2421, 6336, -2508, -5197, 2677, 4774, -2217, -4955, 788, 5280, 1513, -5145, -4145, 4126, 6352, -2183, -7554, -249, 7597, 2450, -6593, -3785, 4715, 4033, -2306, -3373, -51, 2221, 1749, -1033, -2418, 171, 2134, 245, -1351, -297, 657, 131, -380, 113, 478, -297, -708
1791219592.229, MrmFullScanInfo, 410, 107, 2201615, 0, 0, 0, 0, 10000, 39297, 32, 4, 2, 1, 480, 0, 0, 0, 0, 0, 0, -91, 193, -88, -669, 376, 1337, -758, -1793, 1222, 1636, -1619, -903, 1598, 98, -1021, 295, -84, -124, 1295, -544, -1508, 1215, 601, -1206, 159, 495, 529, 153, -1769, -298, 1456, 378, 1030, -962, -4266, 1937, 6445, -2631, -6666, 2553, 5118, -1449, -2828, -147, 739, 1364, 1067, -1866, -2956, 1786, 4491, -1126, -4998, -198, 4147, 1640, -2154, -2398, -161, 2013, 1869, -454, -2254, -1955, 1270, 4363, 497, -5531, -2207, 4796, 3251, -2766, -3356, 583, 2549, 941, -1048, -1434, -677, 1020, 2163, -38, -3044, -1122, 3121, 2120, -2478, -2699, 1419, 2899, -348, -3086, -609, 3695, 1855, -4973, -4351, 6972, 9279, -9656, -17363, 12629, 28166, -14789, -39845, 14330, 48810, -8187, -51463, -6131, 47001, 26858, -37245, -47115, 23929, 59482, -7598, -60811, -10649, 52409, 28362, -38289, -41776, 22171, 47791, -6854, -46563, -4195, 41280, 7367, -35220, -2434, 29977, -5764, -26159, 10847, 23701, -8641, -20994, -1050, 15385, 14675, -5415, -26644, -7541, 32047, 19939, -29120, -28069, 19668, 29471, -7663, -23925, -2627, 13615, 8080, -2281, -7782, -6253, 3451, 9607, 1468, -7652, -3772, 2390, 2172, 3225, 2467, -6778, -7871, 7200, 11365, -4905, -11086, 1505, 7075, 959, -1229, -1104, -3843, -953, 6318, 3843, -5752, -5785, 2882, 5564, 937, -3241, -4083, 56, 5234, 2438, -4136, -3180, 1849, 1936, 106, 770, -695, -3791, -323, 5603, 2411, -5071, -4519, 2341, 5577, 1194, -4972, -3880, 2855, 4742, -22, -3669, -2443, 1321, 3684, 1195, -3410, -2801, 1927, 2995, -11, -2018, -1324, 569, 1418, 735, -391, -1463, -969, 1390, 1809, -558, -1631, -536, 473, 1179, 1197, -916, -2707, -97, 3475, 1232, -3234, -1873, 2146, 1761, -701, -1051, -408, 59, 673, 974, -100, -1817, -882, 2142, 1873, -1713, -2672, 588, 3160, 962, -3250, -2570, 2903, 3866, -2137, -4567, 1088, 4647, -9, -4289, -818, 3687, 1242, -2870, -1285, 1836, 1111, -652, -874, -529, 682, 1472, -582, -1972, 631, 1963, -826, -1561, 1053, 1082, -1142, -859, 1041, 1003, -800, -1264, 417, 1342, 110, -1126, -690, 675, 1136, -51, -1262, -641, 1005, 1201, -471, -1430, -32, 1257, 229, -789, -65, 292, -339, -33, 881, 129, -1369, -480, 1566, 892, -1324, -1114, 709, 976, 46, -489, -604, -117, 683, 532, -242, -583, -459, 327, 1006, 190, -1118, -950, 772, 1754, -76, -2255, -741, 2288, 1334, -1882, -1415, 1132, 1013, -217, -356, -602, -331, 1146, 860, -1396, -1158, 1428, 1326, -1368, -1487, 1345, 1641, -1365, -1719, 1328, 1734, -1069, -1683, 515, 1500, 252, -1136, -991, 647, 1427, -158, -1371, -257, 765, 617, 215, -825, -1280, 712, 2052, -212, -2169, -540, 1629, 1289, -889, -1731, 525, 1722, -762, -1424, 1510, 1163, -2554, -1184, 3530, 1505, -3948, -2004, 3455, 2522, -2107, -2865, 421, 2887, 1034, -2518, -1916, 1816, 2246, -1071, -2139, 731, 1651, -990, -933, 1569, 359, -1929, -262, 1704, 630, -843, -1103, -448, 1316, 1902, -1053, -3111, 215, 3689, 1140, -3552, -2627, 2967, 3658, -2232, -3880, 1439, 3417, -623, -2658, -3, 1957, 298, -1493, -391, 1420, 535, -1752, -824, 2217, 1220, -2481, -1608, 2428, 1847, -2165, -1774
1791219592.229, MrmDetectionListInfo, 410, 161, 108, 12226, 109, 15302, 110, 18657, 111, 22102, 112, 25374, 113, 28121, 114, 29910, 115, 30409, 116, 29765, 117, 28803, 118, 28863, 119, 31006, 120, 34799, 121, 38310, 122, 39809, 123, 39024, 124, 36828, 125, 34540, 126, 33414, 127, 33965, 128, 35618, 129, 37090, 130, 37226, 131, 35718, 132, 33041, 133, 29875, 134, 26870, 135, 24657, 136, 23504, 137, 22968, 138, 22080, 139, 20131, 140, 17619, 141, 16018, 142, 16155, 143, 17285, 144, 17899, 145, 17072, 146, 14913, 147, 12211, 148, 10234, 149, 10217, 150, 12128, 151, 14706, 152, 17141, 153, 19772, 154, 22964, 155, 25981, 156, 27414, 157, 26538, 158, 23828, 159, 20241, 160, 16489, 161, 13007, 162, 10182, 163, 8247, 164, 6940, 165, 5885, 166, 5278, 167, 5418, 168, 5900, 169, 5984, 170, 5447, 171, 4642, 172, 3828, 177, 6105, 178, 8041, 179, 9012, 180, 8873, 181, 7959, 182, 6629, 183, 5091, 184, 3514, 189, 3590, 190, 4627, 191, 5211, 192, 5339, 193, 5012, 194, 4289, 195, 3400, 196, 2705, 199, 2863, 200, 3132, 201, 3433, 202, 3526, 203, 3094, 209, 2298, 210, 3092, 211, 3606, 212, 3990, 213, 4246, 214, 4208, 215, 3852, 216, 3443, 217, 3307, 218, 3528, 219, 3813, 220, 3707, 221, 3058, 222, 2277, 223, 1954, 224, 2180, 225, 2498, 226, 2556, 227, 2477, 228, 2518, 229, 2627, 230, 2487, 250, 1694, 251, 1811, 252, 1999, 253, 2278, 254, 2457, 255, 2343, 256, 1942, 257, 1421, 266, 1494, 267, 1804, 268, 2011, 269, 2038, 270, 1927, 271, 1821, 272, 1881, 273, 2157, 274, 2560, 275, 2939, 276, 3177, 277, 3247, 278, 3186, 279, 3033, 280, 2802, 281, 2518, 282, 2278, 283, 2211, 284, 2310, 285, 2396, 286, 2301, 287, 2030, 288, 1701, 289, 1388, 360, 1507, 376, 1374, 377, 1401, 388, 874, 412, 1151, 413, 1208, 414, 1302, 415, 1448, 416, 1658, 418, 2218, 419, 2499, 430, 2042, 431, 2111, 457, 3071, 458, 3150, 459, 3099, 460, 2976, 461, 2781, 462, 2490, 475, 1685, 476, 1857
1791219592.354, MrmFullScanInfo, 411, 107, 2201740, 0, 0, 0, 0, 10000, 39297, 32, 1, 2, 1, 480, -333264, 512466, 405406, -504871, -476874, 466798, 517551, -328405, -520138, -55340, 519900, 443847, -462880, -516228, 163653, 517598, 142614, -519620, -334072, 511749, 363687, -438221, -286052, 100140, 231282, 182924, -7629, -242627, -178416, 434035, 140437, -455225, -1914, 511496, -145019, -510758, 184361, 513094, -147021, -514193, 56635, 514681, 77956, -463128, -262809, 323315, 404127, -62153, -453731, -185177, 383362, 376540, -258313, -478997, 56718, 457081, 109963, -386311, -204381, 270627, 236495, -137153, -182584, 23618, 89150, 42732, 9038, -64314, -96258, 51854, 136807, -8022, -114379, -35667, 47612, 50991, 38377, -29341, -118696, -30084, 158204, 98581, -158506, -153353, 119229, 180906, -44506, -158849, -32497, 91996, 88159, -3274, -106533, -87801, 86651, 154917, -26550, -193705, -23782, 173047, 54217, -124088, -52214, 60511, 23436, -1350, 12940, -33776, -40549, 39734, 50784, -30766, -72146, 9067, 43857, 3535, -8096, -4391, -23545, -7007, 44807, 22321, -51586, -31724, 43013, 34736, -27251, -29701, 2255, 28445, 5945, -8162, -8874, -6225, 6075, 14027, -4418, -17235, 5419, 15739, -7871, -12581, 9721, 11032, -7200, -9977, 10870, 9438, -10516, -7999, 7840, 5740, -5484, -1456, 2238, -2932, -834, 4354, 664, -3631, -445, 7573, 1555, -5971, -737, 3666, -554, -2903, 2514, 2938, -4397, -3904, 3766, 3976, -3014, -3532, 3030, 5346, -1497, -3269, -610, 985, 2194, 1583, -1798, -3701, 1211, 4276, -575, -2987, 239, 1624, 420, -1258, -143, 1101, 472, -1152, -1600, 1517, 2105, -1451, -3978, 42, 4772, 990, -4971, -1871, 5257, 2482, -3915, -3352, 2901, 4164, -981, -3933, -234, 3747, 187, -2719, 60, 2954, -1195, -2522, -340, 2764, -105, -3491, -587, 4196, 2192, -3851, -3883, 2381, 4868, -1051, -4910, -939, 4634, 2168, -1861, -3481, -584, 2419, 1896, -425, -3092, -1891, 3659, 3801, -2106, -4349, 746, 4231, 1370, -3455, -3621, 1854, 4156, -1084, -3630, 203, 2820, -259, -2424, -215, 1867, -492, -1254, 888, 1370, -967, -1186, -557, 1607, 833, -1488, -1320, 1749, 1534, -1861, -1485, 1656, 2348, -1070, -2346, 785, 2304, 820, -1733, -2014, 1959, 2487, -2106, -3000, -196, 2414, 1038, -107, -1579, -1222, 2256, 3107, -1342, -2987, -1701, 2838, 2039, -1053, -2471, 503, 1723, 672, -519, -1463, -608, 1440, 1425, -2256, -1274, -86, 1417, 72, -564, 730, 1175, -694, -546, 934, 876, -492, -943, 235, 1964, 260, -2088, -916, 1594, 1606, -1486, -2607, 1541, 1998, -807, -1331, 180, 361, -479, 253, 380, -1129, -1959, 1708, 2599, -1367, -3473, -236, 3304, 182, -3377, 569, 3189, -671, -3208, 971, 4096, -890, -4526, 1266, 6155, -790, -6451, -46, 5975, 507, -5637, -697, 5480, 834, -4238, 212, 4356, 921, -3770, -1849, 3198, 1924, -2512, -3322, 1947, 4157, -670, -4633, -979, 4904, 1344, -4037, -2257, 2035, 1726, 1735, -1544, -4414, 1022, 7289, 637, -9369, -2168, 10541, 3062, -11212, -3780, 10381, 4683, -8539, -4979, 5426, 4526, -2034, -4513, -1414, 3322, 4607, -2597, -6363, 1745, 7444, -474, -7275, 358, 6728, -892, -5750, 1320, 5486, -941, -6130, 464, 7620, 2201, -7865, -4146, 7991, 6944, -6706, -7971, 5236, 8673, 262, -7529, -493, 6027, 1519, -3842, -1443, 1875, 1578, -520, -966, -367, 900, 145, -728, 686, 892, 1355, -1300, -800, 1817, 877, -1650, -1038, 1004, 1504, 82, -2104, -1097, 2112, 1297, -2299
1791219592.354, MrmFullScanInfo, 411, 107, 2201740, 0, 0, 0, 0, 10000, 39297, 32, 2, 2, 1, 480, 0, 0, 0, 0, 0, 0, 165190, -232179, -310908, 473461, 368079, -495675, -398697, 268632, 452637, 63975, -481467, -340836, 398583, 505709, -197183, -586976, -27754, 595895, 176416, -497893, -220796, 281776, 187837, -578, -117495, -262838, 58131, 448162, -60007, -531010, 133362, 522693, -233883, -468552, 299979, 421538, -295440, -412245, 218907, 431327, -86568, -436218, -79485, 379110, 248600, -239475, -381340, 38411, 439589, 172860, -402732, -341213, 281453, 433077, -116951, -439843, -36037, 372381, 134328, -254684, -160932, 119660, 124557, -1054, -50498, -76320, -29881, 102379, 87491, -82461, -103081, 35200, 72423, 13080, -6504, -38361, -73106, 28708, 141595, 11862, -178045, -66418, 171093, 112602, -122213, -130888, 46015, 111264, 34289, -56533, -94540, -19825, 118771, 97785, -105862, -155405, 68864, 175577, -27174, -153250, -2960, 98334, 14138, -31379, -8564, -25052, -7332, 56058, 26253, -59687, -39487, 44271, 38635, -21782, -21168, 2923, -6629, 6048, 34087, -4570, -51641, -3487, 54146, 13370, -42709, -21055, 23989, 23027, -6072, -17387, -6111, 5984, 12153, 6017, -14068, -13840, 14124, 15734, -13410, -13245, 12321, 9444, -11408, -6505, 11081, 4790, -10871, -3587, 9721, 2109, -7144, -105, 3672, -1933, -480, 3530, -1408, -4716, 1908, 5548, -1703, -5655, 1559, 4788, -1926, -3420, 2820, 2291, -3834, -1786, 4475, 1946, -4514, -2509, 3964, 2956, -2776, -2723, 1002, 1591, 914, 153, -2332, -1887, 2876, 2939, -2546, -3012, 1636, 2412, -604, -1708, -199, 1311, 737, -1322, -1229, 1566, 1934, -1703, -2933, 1491, 4075, -928, -4991, 154, 5342, 771, -4974, -1812, 3991, 2830, -2732, -3540, 1623, 3735, -1010, -3430, 895, 2882, -963, -2479, 937, 2537, -707, -3064, 209, 3723, 705, -4058, -1988, 3757, 3337, -2774, -4256, 1270, 4270, 449, -3225, -1869, 1418, 2397, 655, -1733, -2507, 172, 3660, 1640, -3728, -3107, 2617, 3911, -650, -4025, -1486, 3593, 3034, -2819, -3590, 1920, 3317, -1126, -2632, 668, 1892, -616, -1278, 757, 926, -722, -927, 363, 1254, 165, -1726, -604, 2121, 893, -2278, -1138, 2170, 1451, -1809, -1775, 1152, 2034, -189, -2274, -880, 2434, 1742, -2219, -2127, 1407, 1892, -101, -1019, -1286, -239, 2158, 1494, -2011, -2402, 894, 2746, 551, -2444, -1566, 1568, 1783, -354, -1271, -908, 432, 1820, 327, -2025, -806, 1578, 1034, -958, -1055, 649, 899, -673, -671, 775, 585, -756, -829, 588, 1332, -289, -1816, -190, 2095, 827, -2168, -1368, 2025, 1515, -1613, -1186, 1022, 536, -548, 276, 492, -1123, -927, 1777, 1687, -1973, -2491, 1751, 3101, -1461, -3350, 1399, 3306, -1556, -3234, 1829, 3451, -2155, -4062, 2450, 4875, -2544, -5541, 2312, 5837, -1814, -5741, 1318, 5343, -999, -4762, 747, 4183, -338, -3746, -327, 3443, 1205, -3158, -2220, 2728, 3276, -2045, -4177, 1161, 4617, -247, -4157, -582, 2506, 1364, 186, -2065, -3360, 2478, 6414, -2374, -8958, 1790, 10742, -942, -11547, -7, 11201, 1010, -9650, -2033, 7057, 3008, -3778, -3814, 311, 4333, 2824, -4452, -5195, 4156, 6581, -3595, -6983, 3071, 6597, -2761, -5843, 2597, 5340, -2327, -5557, 1687, 6517, -485, -7765, -1257, 8690, 3260, -8617, -5126, 7190, 6495, -4776, -7048, 2284, 6540, -420, -5055, -705, 3085, 1254, -1282, -1407, 168, 1298, 223, -1084, -269, 1018, 314, -1243, -377, 1585, 414, -1687, -586, 1347, 1049, -677, -1731
1791219592.354, MrmFullScanInfo, 411, 107, 2201740, 0, 0, 0, 0, 10000, 39297, 32, 4, 2, 1, 480, 0, 0, 0, 0, 0, 0, 78, -310, -36, 752, -191, -1073, 472, 1206, -849, -1063, 1349, 575, -1530, 62, 878, -559, 468, 747, -1483, -724, 923, 879, 1188, -1348, -3069, 1667, 3025, -1195, -1645, 269, 1223, 183, -2649, 345, 4085, -1283, -3670, 1629, 1730, -1386, 72, 1572, -625, -2736, 237, 3894, -299, -3703, 1538, 1968, -2679, 444, 2492, -2649, -1675, 4158, 1713, -4401, -2773, 3068, 3881, -774, -4316, -872, 3795, 705, -2100, 641, -536, -1666, 2948, 1956, -3630, -2162, 2219, 2408, 113, -1939, -1678, 91, 1832, 3160, -1346, -7647, 1200, 13725, -1590, -22018, 2328, 32544, -2982, -44916, 3401, 58137, -4563, -69144, 7952, 72753, -13427, -64442, 18575, 43594, -20784, -14241, 19215, -16168, -16475, 39058, 16682, -48453, -20644, 43676, 23633, -28640, -19080, 9179, 4428, 9401, 17445, -22927, -39858, 28839, 54505, -25298, -55466, 12800, 43064, 2862, -23013, -12526, 2015, 10808, 14736, -138, -23231, -12828, 21698, 21740, -12124, -22578, -71, 14595, 8802, -777, -10308, -13286, 4625, 22244, 4832, -23456, -13288, 17512, 17036, -7552, -14848, -1911, 8315, 6955, -938, -6196, -3667, 1452, 3728, 3557, -61, -5561, -4830, 3261, 8142, 2373, -7972, -8649, 4048, 12487, 2277, -12038, -8578, 7678, 12410, -1530, -12361, -3905, 8729, 6813, -3241, -6654, -1774, 4151, 4324, -686, -3542, -2318, 143, 3802, 3915, -3247, -6600, 918, 6878, 2121, -4860, -4501, 1545, 5269, 1630, -4299, -3428, 2329, 3498, -547, -2361, -64, 877, -646, 184, 2135, -494, -3578, 193, 4226, 345, -3787, -742, 2690, 709, -1708, -167, 1248, -537, -1205, 904, 1294, -620, -1202, -152, 642, 892, 475, -1100, -1821, 582, 2747, 583, -2654, -2063, 1442, 3238, 474, -3437, -2423, 2340, 3803, -168, -4222, -2389, 3555, 4462, -2016, -5402, 121, 5092, 1477, -3853, -2229, 2238, 1932, -854, -870, 212, -366, -497, 1296, 1486, -1742, -2700, 1770, 3656, -1419, -4023, 710, 3740, 233, -2902, -1084, 1638, 1559, -135, -1655, -1266, 1485, 2174, -1023, -2288, 195, 1520, 869, -44, -1775, -1634, 2001, 2913, -1227, -3363, -295, 2860, 1795, -1566, -2468, -116, 1979, 1673, -508, -2733, -1339, 3030, 2866, -2402, -3606, 1054, 3527, 424, -2889, -1415, 2005, 1760, -1110, -1686, 430, 1512, -192, -1392, 367, 1372, -604, -1600, 623, 2173, -379, -2881, -164, 3362, 1095, -3430, -2300, 3117, 3374, -2421, -3856, 1361, 3584, -198, -2800, -620, 1950, 914, -1391, -921, 1254, 990, -1380, -1274, 1457, 1706, -1119, -2112, 211, 2372, 1032, -2433, -2094, 2262, 2639, -1845, -2720, 1332, 2530, -883, -2169, 522, 1686, -196, -1158, -87, 692, 331, -364, -637, 149, 1150, 64, -1893, -352, 2654, 767, -3007, -1380, 2649, 2221, -1646, -3090, 424, 3591, 534, -3413, -921, 2635, 618, -1688, 289, 1028, -1478, -1001, 2532, 1768, -3149, -3121, 3200, 4519, -2605, -5350, 1418, 5321, 84, -4489, -1398, 3065, 2127, -1337, -2240, -184, 1881, 926, -1037, -663, -304, -283, 1867, 1395, -3151, -2223, 3867, 2476, -3862, -2145, 3157, 1501, -2159, -789, 1501, 26, -1416, 721, 1531, -1104, -1412, 807, 903, 207, -147, -1417, -632, 2006, 1400, -1591, -2186, 582, 2787, 347, -2842, -971, 2246, 1439, -1295, -1850
1791219592.354, MrmDetectionListInfo, 411, 199, 93, 6449, 94, 8171, 95, 10298, 96, 12830, 97, 15654, 98, 18672, 99, 21851, 100, 25180, 101, 28622, 102, 32080, 103, 35398, 104, 38340, 105, 40584, 106, 41745, 107, 41447, 108, 39410, 109, 35528, 110, 29898, 111, 23151, 112, 17164, 113, 14625, 114, 16881, 115, 22612, 116, 28803, 117, 32888, 118, 34235, 119, 33700, 120, 32009, 121, 28939, 122, 23896, 123, 16988, 124, 9946, 125, 6195, 126, 8788, 127, 17405, 128, 28083, 129, 36397, 130, 40543, 131, 41303, 132, 39796, 133, 36166, 134, 30345, 135, 23253, 136, 16817, 137, 12568, 138, 10230, 139, 8740, 140, 8203, 141, 9232, 142, 11630, 143, 14845, 144, 18142, 145, 20205, 146, 19846, 147, 17062, 148, 13020, 149, 9410, 150, 7471, 151, 7007, 152, 7158, 153, 8015, 154, 9969, 155, 12335, 156, 14049, 157, 15022, 158, 15898, 159, 16712, 160, 16537, 161, 14649, 162, 11515, 163, 8398, 164, 6311, 165, 5416, 175, 4656, 176, 5450, 177, 5677, 178, 5766, 179, 6324, 180, 7271, 181, 7918, 182, 7930, 183, 7803, 184, 8218, 185, 9054, 186, 9393, 187, 8638, 188, 7346, 189, 6632, 190, 6811, 191, 7059, 192, 6486, 193, 5156, 194, 3891, 195, 3307, 196, 3272, 197, 3196, 203, 3767, 204, 4539, 205, 4605, 206, 4157, 207, 3803, 208, 3855, 209, 4031, 210, 3906, 211, 3464, 212, 3102, 213, 3110, 214, 3331, 215, 3368, 226, 2113, 227, 2226, 228, 2208, 229, 2169, 230, 2111, 250, 1673, 251, 1777, 252, 1924, 253, 2078, 254, 2140, 255, 2094, 256, 2087, 257, 2287, 258, 2632, 259, 2813, 260, 2639, 261, 2363, 262, 2464, 263, 3049, 264, 3671, 265, 3851, 266, 3544, 267, 3058, 268, 2731, 269, 2716, 270, 2882, 271, 2921, 272, 2634, 273, 2090, 274, 1492, 283, 2343, 284, 2524, 285, 2647, 286, 2661, 287, 2527, 288, 2276, 289, 1992, 290, 1767, 291, 1651, 292, 1592, 293, 1462, 307, 1786, 308, 2281, 309, 2441, 310, 2256, 311, 1946, 312, 1754, 313, 1787, 314, 1927, 315, 1921, 322, 2200, 323, 2580, 324, 2877, 325, 2913, 326, 2663, 327, 2281, 328, 1958, 329, 1804, 330, 1810, 354, 3078, 355, 3011, 356, 2815, 357, 2482, 358, 2059, 359, 1666, 360, 1433, 371, 1523, 372, 1497, 376, 1721, 377, 2088, 378, 2335, 388, 957, 411, 2012, 412, 2060, 413, 1961, 414, 1683, 415, 1305, 424, 3278, 425, 3609, 426, 3796, 427, 3805, 428, 3639, 429, 3322, 430, 2911, 431, 2547, 446, 2154, 447, 2785, 448, 3073, 449, 3148, 450, 3144
1791219592.479, MrmFullScanInfo, 412, 107, 2201865, 0, 0, 0, 0, 10000, 39297, 32, 1, 2, 1, 480, -339676, 511914, 405127, -503137, -477427, 466102, 518312, -327384, -520186, -54021, 519769, 446195, -460727, -516485, 164417, 518015, 143768, -519569, -336223, 511604, 360652, -436360, -286142, 100703, 230234, 183915, 461, -244243, -180950, 432457, 136904, -454298, 324, 511706, -141220, -510138, 177395, 513671, -148501, -515949, 60095, 513953, 81851, -464327, -263463, 328010, 408116, -73948, -459476, -181653, 383764, 378116, -251543, -479480, 59772, 461002, 107424, -392796, -212009, 272799, 240501, -138726, -186125, 19125, 84828, 43251, 19485, -63813, -110192, 50231, 157974, -11713, -147050, -26326, 90879, 37677, -15711, -5789, -53558, -60682, 85522, 98695, -75587, -153275, 33973, 174882, 21448, -148189, -67482, 78086, 86978, 14316, -64825, -100051, 13068, 152010, 79077, -165292, -131047, 122468, 147373, -57389, -119781, -3676, 61865, 43536, 299, -45745, -43221, 21060, 55672, 7965, -45979, -23970, 9610, 17827, 24523, 6055, -39393, -38076, 33972, 62732, -11578, -69369, -19441, 57364, 41740, -32643, -46313, -6718, 27127, 21067, -3871, -20666, -16676, 8563, 23316, 5333, -13618, -14426, -3668, 13356, 18154, -1750, -20548, -19135, 14507, 27756, -101, -27162, -14032, 17098, 22043, -423, -20060, -14922, 10137, 22078, 4074, -20420, -18164, 10087, 19434, -412, -14017, -5132, 6628, 4239, 231, 1284, -3621, -7762, 720, 11950, 5211, -12097, -9355, 4450, 11475, 2652, -9737, -8934, 3942, 10764, 2837, -9097, -7422, 4515, 7601, 881, -4772, -4498, -1486, 4411, 7915, -1553, -10911, -2928, 8863, 7515, -4036, -9176, -1944, 7015, 6747, -3249, -8896, -885, 6953, 3885, -4281, -4987, 1581, 3428, -338, -1484, 327, -947, -2310, 1258, 4123, -1353, -4189, -591, 2561, 2051, -658, -2260, -2609, 1275, 4470, 318, -4659, -2590, 3564, 4347, -1819, -4673, -823, 4386, 3461, -552, -4226, -1440, 3133, 3751, -1353, -4365, -472, 3878, 2913, -3445, -4473, 2839, 4774, -1941, -4297, -391, 3616, -31, -2050, 333, 258, -498, 950, 716, -1565, -530, 1522, 610, -947, -113, -574, -272, 1851, 1123, -2166, -1982, 3087, 2973, -3052, -3129, 2482, 3172, -1455, -3088, 1310, 2130, -537, -1391, 156, 709, 54, -148, -244, 610, -243, -1238, -848, 2008, 654, -1841, -1520, 2016, 2666, -148, -1687, -975, 830, 1034, 290, -1473, -1203, 1025, 2073, -460, -2170, 69, 1602, 64, -549, -1260, -217, 319, 882, 1210, -1328, -2351, 680, 3473, -399, -3945, -291, 3973, 1027, -2804, -2037, 807, 1859, -344, -1468, -303, 1662, 363, -1406, -29, 1905, 257, -1800, -55, 1739, 178, 313, -173, -994, 959, 1861, -973, -2074, 867, 2845, -958, -2446, 474, 1592, 232, -726, -980, 436, 1852, 209, -2515, -220, 2535, 262, -2813, 415, 2401, -568, -2476, 700, 1836, -383, -1290, -1433, 1047, 3150, -249, -5706, -148, 8476, 151, -9806, -617, 9857, 2127, -9257, -3082, 7114, 3878, -1587, -4509, -482, 3697, 2889, -3329, -4254, 2489, 4953, -1285, -4403, 297, 3539, 130, -2020, -320, 1318, 447, -786, 659, 568, -1206, -268, 1417, 556, -808, -581, -163, 277, 2034, 767, -3343, -3993, 3299, 5235, -1874, -5739, 1097, 4970, 765, -4341, -2260, 2749, 3492, -1127, -3282, 94, 2658, -54, -450, 832, 128, -2253, -3, 4020, -617, -4937, 1124, 4977, -1784, -5280, 1610, 4233, -2616, -2390, 1666, 1667, -2457, -1273, 2762, 1088, -2793, -839, 2467, 1462, -1686, -1836, 993, 2082, -924
1791219592.495, MrmFullScanInfo, 412, 107, 2201865, 0, 0, 0, 0, 10000, 39297, 32, 2, 2, 1, 480, 0, 0, 0, 0, 0, 0, 165648, -231920, -311727, 473026, 368961, -495275, -399173, 268182, 452497, 64703, -480957, -341775, 397949, 506509, -196595, -587327, -28080, 595628, 176281, -497075, -219852, 280529, 185653, 1066, -114474, -264550, 55845, 449070, -59410, -530612, 133232, 521725, -232532, -468380, 297768, 422597, -294013, -413689, 218730, 432553, -86516, -438332, -80369, 383749, 249992, -246246, -381968, 44500, 438752, 170339, -401518, -342841, 281293, 437347, -117530, -444877, -36411, 376630, 136149, -257009, -162421, 119582, 122935, 1159, -43448, -80362, -43694, 109115, 108871, -94033, -132576, 54232, 110205, -15587, -52173, -1042, -19747, -11680, 79518, 48333, -107211, -95142, 97122, 132723, -57349, -140748, 4380, 108111, 42568, -39644, -65500, -45986, 54197, 123715, -13077, -170082, -39458, 171230, 80690, -129326, -95016, 62746, 79194, 2308, -42122, -43595, -520, 52493, 32742, -36193, -43514, 11197, 30916, 6281, -3247, -7089, -25017, -8404, 40670, 31951, -37514, -52175, 18390, 59343, 6641, -49495, -25701, 26809, 31019, -1699, -22113, -15338, 5496, 19493, 9152, -12519, -14352, 727, 8866, 7961, 2662, -7898, -13344, -927, 17671, 13093, -13577, -21538, 3074, 21704, 8793, -13300, -16513, 21, 16556, 12496, -9093, -19490, -1930, 19155, 11071, -13114, -14584, 5358, 12119, 27, -6098, -891, 162, -2292, 2745, 6942, -1704, -9790, -2150, 8752, 6526, -4080, -8986, -2089, 8062, 7226, -4122, -9481, -847, 8276, 4414, -4419, -4876, -249, 2004, 3711, 2805, -4557, -7147, 2499, 8941, 1447, -7430, -5348, 3307, 7398, 1740, -6837, -5774, 4134, 7535, -598, -6955, -2234, 4941, 3315, -2720, -2546, 1337, 678, -1185, 1183, 1859, -2058, -2507, 1574, 2412, -135, -1281, -1346, -649, 2050, 2707, -1560, -4119, 19, 4410, 1969, -3457, -3521, 1482, 3901, 926, -2879, -2913, 836, 3775, 1465, -3267, -3326, 1627, 4413, 561, -4764, -2532, 4443, 3725, -3493, -4012, 2233, 3505, -1145, -2337, 489, 785, -149, 678, -41, -1597, 154, 1726, -183, -1063, 150, -130, -151, 1469, 347, -2631, -796, 3444, 1374, -3766, -1893, 3548, 2224, -2922, -2263, 2114, 1973, -1288, -1437, 559, 884, -51, -557, -178, 631, 196, -1064, -159, 1637, 289, -2021, -674, 1931, 1169, -1293, -1434, 305, 1227, 675, -555, -1353, -371, 1603, 1238, -1457, -1709, 995, 1617, -323, -1060, -253, 269, 322, 561, 312, -1260, -1428, 1665, 2617, -1669, -3470, 1240, 3675, -418, -3165, -568, 2196, 1397, -1178, -1844, 451, 1944, -119, -1866, 115, 1759, -258, -1564, 360, 1081, -215, -260, -277, -647, 967, 1367, -1551, -1826, 1822, 2028, -1717, -1930, 1223, 1568, -378, -1119, -657, 778, 1643, -622, -2361, 650, 2698, -823, -2671, 1066, 2394, -1244, -1981, 1138, 1572, -493, -1304, -831, 1285, 2806, -1539, -5174, 2022, 7445, -2474, -9055, 2464, 9682, -1710, -9111, 269, 7259, 1550, -4448, -3281, 1420, 4439, 1150, -4756, -2952, 4284, 3909, -3266, -4053, 2055, 3532, -959, -2624, 224, 1669, -10, -871, 306, 283, -813, 69, 1107, -145, -860, 21, -39, -22, 1442, 556, -2908, -1723, 3893, 3146, -3993, -4254, 3119, 4726, -1484, -4525, -440, 3795, 2069, -2766, -2865, 1762, 2606, -1108, -1552, 1081, 227, -1765, 1000, 2885, -2047, -3914, 2868, 4427, -3390, -4231, 3549, 3383, -3334, -2195, 2921, 1124, -2605, -417, 2550, 85, -2593, -98, 2504, 443, -2216
1791219592.495, MrmFullScanInfo, 412, 107, 2201865, 0, 0, 0, 0, 10000, 39297, 32, 4, 2, 1, 480, 0, 0, 0, 0, 0, 0, 501, 127, -842, -89, 794, -139, -241, 194, -562, 153, 1165, -633, -1368, 832, 1033, -617, -160, 43, -782, 590, 1372, -1002, -1692, 1178, 1721, -1034, -1057, 374, 19, 544, 272, -906, 258, 343, -383, 451, -328, -650, 795, 530, -111, -1393, -1046, 3515, 1486, -5230, -815, 4673, -97, -1862, -14, -1284, 999, 3083, -1399, -3329, 425, 2518, 657, -1141, 48, -390, -3293, 1961, 8525, -3951, -14666, 7229, 21240, -12443, -28428, 19945, 36448, -29586, -44872, 38283, 53441, -41141, -62721, 36489, 71488, -27471, -74393, 17120, 65211, -4466, -42137, -11838, 9103, 29767, 27913, -43954, -63225, 48947, 90888, -42003, -104906, 24303, 101956, -1253, -83604, -18916, 55087, 28896, -23535, -25924, -2634, 12676, 16172, 4253, -15030, -16873, 3902, 18984, 8927, -9388, -16262, -7563, 14347, 24633, -3710, -35107, -11238, 34564, 24118, -22761, -29565, 4918, 25416, 10511, -13244, -17033, -2215, 13736, 14997, -4136, -20658, -6421, 18188, 13087, -10255, -13306, 1736, 7719, 2887, 380, -1797, -6842, -3477, 8801, 9411, -5703, -12481, -784, 10715, 7503, -4498, -11272, -3709, 10665, 10709, -6725, -14232, 2017, 13946, 1225, -11122, -2059, 7741, 843, -5439, 1010, 4833, -1807, -5434, 711, 5982, 1708, -5128, -4064, 2395, 5202, 1402, -4635, -4674, 2630, 5969, 73, -4664, -2577, 1266, 4069, 2849, -3982, -6075, 2282, 7369, 378, -6606, -2880, 4451, 4216, -1962, -3974, 83, 2486, 745, -659, -672, -498, 202, 453, 160, 590, -93, -1944, -359, 2887, 907, -2996, -1203, 2380, 987, -1540, -171, 1042, -950, -1184, 1741, 1977, -1694, -3122, 769, 4143, 737, -4450, -2369, 3647, 3623, -1854, -4034, -259, 3350, 1902, -1646, -2712, -646, 2825, 2840, -2580, -4184, 2076, 4334, -1197, -3557, 71, 2371, 907, -1033, -1467, -396, 1693, 1736, -1752, -2643, 1701, 2798, -1431, -2102, 839, 820, -70, 601, -475, -1812, 498, 2656, -71, -3014, -501, 2841, 923, -2292, -1001, 1681, 658, -1245, 77, 1032, -875, -1007, 1212, 1089, -705, -1117, -566, 868, 2141, -168, -3305, -937, 3400, 2158, -2293, -2990, 506, 3043, 1183, -2221, -2261, 752, 2607, 926, -2403, -2193, 1835, 2589, -995, -2172, 143, 1402, 242, -687, 144, 150, -1082, 207, 2060, -335, -2581, 150, 2395, 360, -1558, -979, 378, 1437, 779, -1658, -1586, 1816, 1908, -2082, -1836, 2464, 1667, -2745, -1694, 2623, 2132, -1946, -3021, 894, 4137, 140, -5101, -832, 5595, 1046, -5544, -830, 5066, 319, -4351, 316, 3597, -843, -2946, 1052, 2482, -841, -2225, 326, 2115, 213, -2050, -539, 2005, 557, -2008, -217, 2036, -524, -1924, 1694, 1506, -3155, -669, 4584, -394, -5622, 1173, 6155, -1177, -6213, 317, 5868, 1082, -5320, -2494, 4950, 3468, -5044, -3829, 5658, 3632, -6659, -3083, 7750, 2565, -8461, -2474, 8265, 3088, -6848, -4412, 4316, 6092, -1112, -7453, -2222, 7839, 5169, -6929, -7230, 4862, 7927, -2221, -7035, -159, 4945, 1588, -2660, -1846, 1233, 1258, -1113, -436, 2069, -2, -3440, -343, 4371, 1598, -4170, -3504, 2729, 5383, -449, -6467, -2115, 6462, 4420, -5644, -5928, 4497, 6352, -3463, -5704, 2731, 4304, -2232, -2736, 1946, 1588, -1967, -999, 2233, 752, -2332, -651, 1954, 688, -1152
1791219592.495, MrmDetectionListInfo, 412, 261, 74, 8650, 75, 10854, 76, 13417, 77, 16430, 78, 19815, 79, 23513, 80, 27557, 81, 31948, 82, 36521, 83, 40950, 84, 44869, 85, 48003, 86, 50234, 87, 51554, 88, 51995, 89, 51528, 90, 49987, 91, 47071, 92, 42395, 93, 35880, 94, 28434, 95, 21746, 96, 17371, 97, 17072, 98, 22823, 99, 34361, 100, 48003, 101, 59345, 102, 65535, 103, 65535, 104, 65535, 105, 65535, 106, 63172, 107, 55305, 108, 47340, 109, 42549, 110, 41091, 111, 39211, 112, 33484, 113, 24490, 114, 15663, 115, 10111, 116, 8868, 117, 10469, 118, 12249, 119, 12823, 120, 12514, 121, 12010, 122, 11694, 123, 11583, 124, 11561, 125, 11782, 126, 12722, 127, 14654, 128, 17035, 129, 19144, 130, 21195, 131, 23716, 132, 26139, 133, 26924, 134, 24991, 135, 20826, 136, 16467, 137, 14054, 138, 13753, 139, 13660, 140, 12184, 141, 10075, 142, 9450, 143, 10846, 144, 12594, 145, 13305, 146, 13307, 147, 13373, 148, 13232, 149, 11902, 150, 9105, 151, 5863, 157, 6426, 158, 8145, 159, 8806, 160, 8467, 161, 7560, 162, 6741, 163, 6635, 164, 7177, 165, 7654, 166, 7709, 167, 7814, 168, 8534, 169, 9603, 170, 10075, 171, 9424, 172, 8127, 173, 7054, 174, 6534, 175, 6197, 176, 5554, 182, 3459, 183, 3503, 184, 3395, 186, 3670, 187, 3963, 188, 3993, 189, 3700, 190, 3347, 191, 3284, 192, 3628, 193, 4090, 194, 4168, 195, 3650, 196, 2892, 200, 3042, 201, 3548, 202, 4226, 203, 4735, 204, 4745, 205, 4301, 206, 3829, 207, 3753, 208, 4017, 209, 4134, 210, 3742, 211, 2952, 226, 1868, 227, 2025, 228, 2034, 229, 1922, 238, 2003, 239, 2141, 240, 2227, 241, 2302, 242, 2426, 243, 2654, 244, 2978, 245, 3279, 246, 3385, 247, 3205, 248, 2808, 249, 2359, 250, 2042, 251, 1979, 252, 2081, 253, 2106, 254, 1960, 255, 1868, 256, 2135, 257, 2731, 258, 3273, 259, 3429, 260, 3212, 261, 2834, 262, 2422, 263, 1971, 268, 1113, 269, 1115, 270, 1313, 271, 1719, 272, 2121, 273, 2311, 274, 2270, 275, 2101, 276, 1860, 277, 1517, 283, 1263, 284, 1537, 285, 1567, 286, 1518, 287, 1565, 288, 1713, 289, 1820, 290, 1781, 291, 1615, 292, 1403, 293, 1194, 308, 1952, 309, 2245, 310, 2492, 311, 2580, 312, 2442, 313, 2134, 314, 1834, 322, 1977, 323, 2201, 324, 2200, 325, 1968, 326, 1609, 356, 2225, 357, 2241, 358, 2246, 359, 2240, 360, 2237, 361, 2255, 362, 2327, 363, 2497, 364, 2788, 365, 3132, 366, 3369, 370, 2728, 371, 2471, 372, 2245, 373, 2092, 374, 2027, 375, 2007, 376, 1960, 377, 1848, 387, 1278, 388, 1197, 392, 1536, 393, 1796, 394, 2029, 395, 2211, 396, 2374, 397, 2583, 398, 2880, 399, 3250, 400, 3593, 401, 3771, 402, 3711, 403, 3467, 407, 3623, 408, 3899, 409, 4098, 410, 4257, 411, 4427, 412, 4613, 413, 4787, 414, 4935, 415, 5064, 416, 5188, 417, 5304, 418, 5403, 419, 5467, 420, 5487, 421, 5453, 422, 5359, 423, 5199, 424, 4969, 425, 4665, 426, 4327, 427, 4137, 428, 4356, 429, 5041, 430, 5903, 431, 6541, 432, 6746, 433, 6560, 434, 6120, 435, 5499, 441, 2232, 457, 3448, 458, 3713, 459, 4339, 460, 5037, 461, 5473, 462, 5563, 463, 5453, 464, 5278, 465, 5048, 466, 4706, 467, 4247
1791219592.620, MrmFullScanInfo, 413, 107, 2201990, 0, 0, 0, 0, 10000, 39297, 32, 1, 2, 1, 480, -334132, 513202, 403082, -503847, -478598, 466728, 518200, -328566, -520192, -55452, 519898, 445034, -463959, -516328, 168306, 517563, 140377, -519513, -335739, 511972, 364610, -435794, -284751, 98558, 228855, 187273, -567, -241607, -180239, 432981, 135487, -454447, 6032, 511213, -139867, -511667, 180014, 510823, -146675, -515526, 57026, 514794, 83720, -460956, -262960, 326534, 407175, -71018, -458154, -185930, 381230, 377766, -244285, -478765, 42819, 461661, 138268, -387959, -253231, 264345, 303942, -130143, -265877, 11303, 162573, 68753, -67562, -90446, -13588, 77520, 52196, -44475, -19936, 9435, -62480, -2107, 155335, 39432, -229063, -120399, 213462, 234281, -182714, -291261, 107374, 311232, -4780, -276876, -99737, 191582, 172924, -81800, -195880, -20063, 165957, 89487, -107433, -107218, 26577, 75481, 22859, -21224, -28039, -28049, -6962, 53645, 57479, -42088, -98947, -360, 110733, 47275, -79143, -91570, 28928, 93275, 20403, -68876, -49577, 26722, 55142, 13876, -37024, -39067, 3421, 44914, 25815, -30771, -37012, -1049, 25316, 17877, -1630, -21427, -22808, 12694, 34999, 1693, -30705, -14356, 15860, 17841, 1343, -9169, -14778, -7273, 15771, 21454, -5202, -27308, -9004, 22970, 18114, -9070, -18653, -5672, 12904, 15102, -1404, -16989, -11163, 11300, 15979, -3536, -11799, -1808, 5037, 1941, 1532, 2786, -4425, -8296, 2461, 12415, 3696, -12605, -9335, 6864, 11213, 2446, -10023, -8598, 5013, 11480, 2840, -9490, -8769, 4330, 9729, 2084, -7085, -7305, 778, 8611, 7247, -5595, -11789, 742, 10707, 4628, -6399, -7593, 285, 6278, 5361, -2574, -8275, -1840, 6654, 5416, -2838, -6801, -757, 4174, 3344, -1322, -3722, -1845, 1456, 3796, 1510, -4109, -3145, 2154, 4166, 537, -3052, -2526, -11, 2804, 2588, -2793, -4703, 310, 4438, 1799, -2943, -4380, 464, 5326, 4287, -3924, -5854, 3137, 6836, -1762, -7345, 1243, 7194, -803, -6186, 948, 5258, -576, -4271, 880, 3286, 1035, -1940, -1632, 866, 2029, -70, -2184, -367, 1261, 342, -709, 686, -254, -1009, 622, 1824, 654, -2490, -940, 2218, 2103, -2043, -2524, 720, 2729, 258, -2185, -1267, 1929, 1692, -1528, -2442, 1105, 1896, -360, -569, -7, -762, -249, 2185, -150, -3507, 184, 3309, -138, -3353, 101, 2741, 107, -2119, 108, 1832, -835, -1204, 1215, 731, -1530, -187, 1546, 410, -1254, -523, 708, -213, -921, 427, 1001, -489, -1134, 526, 1767, -929, -1393, 584, 1703, -69, -1424, -1157, 280, 2247, 94, -3068, -1788, 2638, 2942, -2137, -3028, 1810, 3604, -1416, -2723, 1495, 2443, -1871, -2103, 1773, 2333, -1759, -2345, 1940, 2573, -1200, -3187, -159, 2944, 1713, -3286, -3501, 2396, 4245, -793, -3514, -923, 2866, 2251, -1061, -2236, -1155, 2663, 3527, -2397, -5481, 2049, 7135, -1907, -7774, 1532, 9228, -1253, -8937, 401, 8072, -672, -6355, -58, 5192, 1461, -4283, -1589, 3382, 2480, -2737, -3233, 918, 4864, 304, -5880, 146, 7450, 513, -8075, -720, 8609, 1726, -8328, -1687, 7462, 2902, -6270, -5495, 3284, 5146, -2684, -4953, 2050, 5068, -2299, -3948, 2597, 3121, -3882, -2883, 3971, 2573, -4664, -5890, 3146, 5934, -2170, -5070, 1190, 3617, -411, -1783, -1025, 82, 2137, 1333, -2829, -2305, 3034, 4140, -1607, -3652, 1462, 4059, -1407, -4031, 2248, 3779, -2036, -3371, 1884, 3355, -2068, -3098, 1106, 2220, 117, -1748, -676, 1153, 459, -991, -553, 645, 44, -789, 323, 1107, -270, -1433, -619
1791219592.620, MrmFullScanInfo, 413, 107, 2201990, 0, 0, 0, 0, 10000, 39297, 32, 2, 2, 1, 480, 0, 0, 0, 0, 0, 0, 165198, -232080, -311132, 473363, 368547, -495652, -399204, 268538, 453402, 64134, -483019, -340710, 400799, 505085, -199026, -586100, -27131, 595036, 176678, -496748, -220670, 279846, 186354, 1999, -115164, -265090, 56914, 448850, -61067, -529841, 135253, 520706, -234241, -467329, 298360, 421778, -293108, -413332, 216728, 432481, -84501, -437786, -81549, 382002, 250182, -243349, -381122, 41263, 435739, 173288, -393548, -345944, 264842, 441659, -89220, -451218, -79589, 385942, 195236, -269438, -235235, 132755, 205978, -9189, -135082, -74247, 57666, 105573, -5537, -90188, -674, 47480, -41710, -5473, 114783, -6596, -189207, -28092, 238790, 102090, -247861, -186524, 210469, 248445, -130213, -266730, 23903, 236388, 80877, -167088, -155616, 78975, 181776, 3297, -157622, -58181, 99211, 74505, -34567, -54776, -8441, 13533, 15116, 28095, 11036, -50620, -51939, 43730, 84722, -10667, -92844, -33093, 73034, 67247, -34532, -76980, -7045, 60097, 36564, -25961, -45034, -10568, 32896, 35524, -9427, -40977, -12294, 28177, 21916, -6393, -16236, -12773, 70, 21503, 17027, -18231, -26310, 7265, 24099, 3857, -12607, -8434, -1880, 4117, 12233, 6334, -14027, -16960, 7682, 21872, 2494, -18311, -11102, 7995, 14113, 4197, -10388, -13187, 2251, 16138, 5767, -13323, -9719, 7600, 8459, -2682, -3712, 1145, -1319, -3274, 3751, 7222, -2480, -10026, -1529, 9308, 6106, -4782, -8889, -1616, 8249, 7135, -4184, -9658, -1465, 8382, 6016, -3966, -7322, -1701, 4743, 6301, 531, -8036, -5964, 6339, 9050, -2137, -8571, -2501, 4920, 5447, 263, -5573, -4773, 3117, 6890, 575, -6163, -3685, 3408, 4845, -121, -3764, -2180, 1163, 2670, 1721, -1505, -3598, -447, 3705, 2127, -2180, -2664, -137, 1736, 2205, 236, -3162, -2322, 2577, 3632, -590, -3569, -2030, 2022, 4327, 553, -5601, -3294, 5721, 5427, -5031, -6595, 4060, 6778, -3189, -6168, 2544, 5112, -1988, -3948, 1270, 2906, -275, -2074, -820, 1434, 1656, -922, -1959, 553, 1660, -394, -891, 489, 24, -830, 516, 1375, -486, -1997, -42, 2437, 831, -2433, -1615, 1891, 2188, -940, -2462, -138, 2467, 1060, -2247, -1557, 1802, 1446, -1150, -705, 392, -478, 352, 1770, -983, -2773, 1394, 3240, -1480, -3167, 1278, 2758, -985, -2206, 855, 1605, -989, -956, 1264, 324, -1464, 126, 1462, -298, -1276, 305, 1034, -340, -852, 487, 823, -712, -934, 964, 1102, -1126, -1232, 1016, 1264, -469, -1171, -513, 912, 1697, -405, -2693, -377, 3235, 1328, -3300, -2153, 3060, 2584, -2729, -2532, 2462, 2155, -2307, -1751, 2263, 1545, -2277, -1607, 2200, 1910, -1795, -2399, 901, 2973, 412, -3386, -1799, 3289, 2849, -2422, -3286, 939, 2999, 704, -1934, -2106, 168, 3129, 2008, -3808, -4153, 4207, 5933, -4368, -7212, 4308, 7954, -4038, -8064, 3567, 7492, -2820, -6443, 1768, 5329, -547, -4455, -595, 3792, 1628, -3114, -2756, 2400, 4138, -1885, -5647, 1759, 6980, -1848, -7909, 1829, 8354, -1497, -8309, 682, 7760, 686, -6783, -2345, 5619, 3743, -4576, -4420, 3894, 4282, -3641, -3513, 3760, 2478, -4109, -1758, 4506, 1870, -4758, -2767, 4703, 3767, -4181, -4081, 3119, 3473, -1554, -2235, -292, 863, 2045, 363, -3264, -1414, 3716, 2327, -3517, -3044, 3102, 3453, -2880, -3480, 2909, 3180, -2988, -2760, 2926, 2399, -2591, -2122, 1908, 1898, -995, -1702, 179, 1499, 269, -1247, -298, 990, 41, -829, 258
1791219592.620, MrmFullScanInfo, 413, 107, 2201990, 0, 0, 0, 0, 10000, 39297, 32, 4, 2, 1, 480, 0, 0, 0, 0, 0, 0, -257, -94, 273, 259, -98, -363, -144, 350, 716, -433, -1657, 777, 2377, -1101, -2067, 1022, 873, -620, 136, 603, -279, -1142, -86, 1510, 216, -1084, 426, 22, -1503, 971, 2032, -1409, -1482, 1203, 308, -611, 820, 57, -1595, 169, 1805, -77, -1461, -159, 733, 520, 520, -1091, -3060, 2067, 7980, -3676, -16029, 5786, 27714, -8031, -43050, 10691, 59543, -13144, -73107, 13084, 82067, -9464, -88491, 4379, 95601, -544, -105805, -1156, 120246, 1175, -137010, -1591, 148796, 9570, -148058, -32695, 134306, 68308, -112231, -102552, 83760, 123054, -46936, -128646, 2820, 124934, 41791, -117559, -78785, 110134, 102121, -104378, -107970, 99310, 96321, -91461, -73839, 78059, 52324, -59591, -41285, 38423, 43281, -16612, -52326, -5995, 58333, 30394, -54913, -54333, 42913, 71353, -27015, -75517, 11406, 66250, 647, -47818, -6937, 26620, 7291, -8855, -3788, -1347, -245, 3414, 1668, -60, 1259, -4693, -8040, 7536, 16152, -6834, -22407, 3004, 24032, 2209, -19964, -6655, 11924, 8333, -3593, -6122, -1871, 852, 3612, 4826, -2523, -8199, 110, 8083, 2222, -5202, -3328, 1371, 2699, 1700, -858, -3132, -979, 2994, 1905, -1981, -1823, 993, 1218, -630, -776, 959, 951, -1457, -1661, 1389, 2414, -426, -2625, -1003, 1859, 2104, -61, -2312, -2209, 1463, 4010, 279, -4520, -2452, 3453, 4368, -1161, -5344, -1473, 5035, 3488, -3599, -4296, 1663, 3846, -36, -2540, -675, 1091, 344, -217, 615, 297, -1460, -1219, 1597, 2488, -883, -3458, -426, 3683, 1883, -3011, -2967, 1594, 3313, 109, -2859, -1459, 1790, 2001, -449, -1746, -710, 1082, 1237, -450, -860, 198, -294, -449, 1837, 1121, -3358, -2014, 4645, 2961, -5619, -3887, 6256, 4733, -6525, -5421, 6429, 5854, -5823, -5936, 4534, 5627, -2702, -4871, 839, 3651, 521, -2147, -1155, 794, 1062, -9, -406, -15, -378, -696, 770, 1961, -454, -3426, -499, 4623, 1781, -5145, -3018, 4787, 3941, -3638, -4442, 2065, 4506, -460, -4154, -812, 3461, 1452, -2547, -1268, 1552, 341, -608, 985, -178, -2229, 716, 2953, -906, -3012, 790, 2618, -604, -2099, 664, 1647, -1066, -1243, 1620, 870, -2019, -570, 2061, 365, -1728, -155, 1190, -186, -762, 727, 775, -1435, -1311, 2147, 2167, -2571, -3051, 2423, 3706, -1529, -3893, -60, 3470, 1983, -2470, -3644, 1132, 4580, 236, -4711, -1297, 4295, 1823, -3690, -1763, 3080, 1317, -2433, -883, 1770, 782, -1240, -1045, 835, 1515, -245, -2065, -766, 2555, 2081, -2665, -3332, 1991, 4211, -342, -4537, -1933, 4190, 4170, -3070, -5839, 1259, 6804, 915, -7181, -3044, 7140, 4977, -6871, -6807, 6518, 8615, -6142, -10256, 5725, 11477, -5099, -12131, 4053, 12226, -2492, -11779, 579, 10520, 1568, -8099, -3986, 4747, 6573, -1303, -8875, -1466, 10381, 3439, -10889, -4795, 10496, 5664, -9412, -6181, 7795, 6509, -5867, -6601, 4024, 6165, -2676, -4982, 2002, 3210, -1889, -1269, 2085, -382, -2287, 1329, 2237, -1372, -1873, 810, 1346, -355, -835, 659, 474, -1794, -295, 3305, 270, -4548, -325, 5123, 407, -5041, -431, 4644, 284, -4353, 244, 4394, -1304, -4621, 2741, 4749, -4093, -4656, 4915, 4327, -4962, -3722, 4232, 2893, -3055, -2028, 1992, 1304, -1450, -804, 1472, 634, -1823, -862, 2179
1791219592.620, MrmDetectionListInfo, 413, 233, 61, 11380, 63, 18683, 64, 23026, 65, 27709, 66, 32529, 67, 37152, 68, 41167, 69, 44239, 70, 46235, 71, 47279, 72, 47703, 73, 47937, 74, 48388, 75, 49391, 76, 51235, 77, 54112, 78, 57900, 79, 62144, 80, 65535, 81, 65535, 82, 65535, 83, 65535, 84, 65535, 85, 65535, 86, 65535, 87, 65535, 88, 65535, 89, 65535, 90, 65535, 91, 65535, 92, 65535, 93, 65535, 94, 65535, 95, 65535, 96, 65535, 97, 65535, 98, 65535, 99, 65535, 100, 65535, 101, 65535, 102, 65535, 103, 65535, 104, 65535, 105, 65535, 106, 65535, 107, 65535, 108, 65535, 109, 58233, 110, 49947, 111, 43036, 112, 37799, 113, 34063, 114, 31645, 115, 30853, 116, 32601, 117, 37579, 118, 44622, 119, 50760, 120, 53747, 121, 53753, 122, 52193, 123, 49711, 124, 45887, 125, 40395, 126, 33873, 127, 27748, 128, 23177, 129, 19844, 130, 16206, 131, 11377, 132, 6244, 141, 7720, 142, 10954, 143, 12829, 144, 13488, 145, 13565, 146, 13384, 147, 12956, 148, 12334, 149, 11653, 150, 10828, 151, 9500, 152, 7495, 161, 4531, 162, 4144, 163, 4115, 194, 2446, 195, 2623, 196, 2593, 198, 3162, 199, 3537, 200, 3516, 202, 3074, 203, 3321, 204, 3757, 205, 4001, 206, 3842, 207, 3348, 208, 2716, 209, 2093, 223, 2042, 224, 2149, 225, 2362, 226, 2630, 227, 2781, 228, 2677, 229, 2344, 230, 1936, 247, 2095, 248, 2712, 249, 3225, 250, 3709, 251, 4203, 252, 4675, 253, 5077, 254, 5399, 255, 5660, 256, 5867, 257, 6006, 258, 6053, 259, 5987, 260, 5798, 261, 5476, 262, 5022, 263, 4449, 264, 3787, 265, 3082, 266, 2420, 267, 1902, 268, 1572, 269, 1374, 282, 2434, 283, 2952, 284, 3493, 285, 3915, 286, 4135, 287, 4165, 288, 4062, 289, 3859, 290, 3561, 291, 3175, 292, 2748, 293, 2387, 294, 2214, 295, 2231, 296, 2289, 297, 2213, 298, 1940, 307, 1978, 308, 2011, 309, 1920, 310, 1770, 311, 1604, 339, 2609, 340, 2273, 344, 2764, 345, 2865, 346, 2705, 356, 1967, 357, 1687, 370, 2788, 371, 2913, 372, 2866, 373, 2687, 374, 2543, 375, 2681, 376, 3162, 377, 3739, 378, 4100, 379, 4142, 380, 3988, 381, 3838, 382, 3853, 383, 4109, 384, 4603, 385, 5225, 386, 5794, 387, 6207, 388, 6519, 389, 6841, 390, 7215, 391, 7594, 392, 7922, 393, 8179, 394, 8367, 395, 8473, 396, 8468, 397, 8325, 398, 8041, 399, 7625, 400, 7088, 401, 6459, 402, 5862, 403, 5474, 404, 5349, 405, 5336, 406, 5235, 407, 4991, 408, 4723, 409, 4659, 410, 4997, 411, 5722, 412, 6588, 413, 7304, 414, 7719, 415, 7869, 416, 7869, 417, 7787, 418, 7617, 419, 7337, 420, 6960, 421, 6528, 422, 6069, 423, 5586, 424, 5075, 425, 4537, 426, 3986, 427, 3436, 428, 2898, 429, 2384, 447, 1898, 448, 2228, 458, 2357, 459, 2593, 460, 2988, 461, 3447, 462, 3870, 463, 4215, 464, 4478, 465, 4656, 466, 4721, 467, 4647, 468, 4428
1791219592.729, MrmFullScanInfo, 414, 107, 2202115, 0, 0, 0, 0, 10000, 39297, 32, 1, 2, 1, 480, -336000, 512023, 404913, -503825, -479288, 467196, 518086, -331289, -520170, -53150, 519626, 441457, -460931, -516910, 165068, 517324, 142176, -519654, -336730, 511093, 366758, -434724, -285514, 102652, 233476, 186536, -2353, -244862, -184643, 432501, 137254, -454296, -1794, 511565, -145001, -510364, 177042, 512573, -149289, -515492, 63025, 515379, 68091, -463063, -248096, 325845, 389138, -57883, -430150, -198646, 347997, 406112, -182801, -505713, -26271, 490662, 208654, -449291, -318762, 361113, 360869, -250797, -308062, 154480, 256658, -55948, -169157, 17862, 99378, -6193, -69083, 4225, 81445, 9790, -120744, -44890, 163860, 119535, -183623, -204183, 161430, 258143, -117887, -284701, 50134, 269884, 20889, -212349, -89563, 126293, 132012, -32045, -134812, -48098, 106779, 91804, -66747, -101060, 32544, 72056, -18587, -37614, 31775, 10210, -60379, -5418, 81878, 21782, -83951, -46809, 66622, 64637, -19473, -60986, -14432, 46658, 36596, -25432, -41329, 2035, 32015, 11724, -18261, -11596, 4048, 3624, 1470, 7278, 11555, -11236, -21563, 8644, 26811, 2572, -25995, -16197, 15433, 23833, 1938, -22804, -16598, 13602, 22596, 965, -17890, -14829, 6898, 17432, 5761, -12383, -14972, 2548, 15560, 9593, -9261, -17265, 103, 16933, 8583, -11416, -13907, 3160, 10357, 1710, -2669, -3442, -3318, 750, 5630, 3328, -3741, -5365, -1737, 4543, 7216, -953, -7125, -4715, 5697, 8830, -2265, -9996, -3130, 7204, 7974, -1364, -9570, -4703, 6846, 9191, -3034, -10504, -3504, 9095, 7149, -4967, -7182, 1411, 4328, 1544, 514, -1798, -3766, -920, 5978, 3332, -5055, -5419, 1600, 4789, 1984, -3569, -3395, 479, 3730, 1320, -3082, -2312, 348, 2130, 1121, -1317, -1746, -408, 219, 827, 536, -294, -2140, -1012, 2585, 2607, -2090, -3644, 753, 4719, 1041, -4880, -2960, 3783, 4952, -1185, -5438, -635, 5193, 2609, -5033, -4516, 4418, 5311, -3968, -6182, 2040, 6911, -656, -6440, -2401, 5048, 2881, -4292, -3174, 2798, 2922, -1656, -2429, 20, 2491, 649, -2039, -1049, 2483, 1656, -1562, -2109, 1345, 1839, -1005, -2060, 411, 1953, 575, -1802, -1314, 1160, 1585, -132, -2349, -407, 2336, 1312, -1825, -1776, 1523, 1798, -824, -1838, 223, 1031, -188, -353, -276, 50, 948, 539, 50, -424, -4, 472, -912, -99, 1249, -170, -1334, 344, 1819, 113, -1919, -1146, 1308, 1004, -633, -2390, -620, 2497, 2087, -1894, -3033, 822, 2826, 391, -2840, -1467, 2000, 2237, -907, -2295, -442, 1196, 452, -1201, -3, 304, -359, 627, 1282, -773, -937, 1336, 1241, -1716, -675, 837, 868, -655, -849, 55, 684, 280, -1049, -1571, 901, 2730, -1371, -4319, 764, 5980, -623, -6102, -1007, 6046, 2247, -4891, -3225, 3116, 4236, -696, -4806, -754, 4533, 2656, -4039, -3782, 3013, 4122, -3040, -4107, 2085, 3762, -2840, -3548, 2944, 3783, -2790, -4707, 3267, 5188, -1861, -6051, 342, 6200, 3165, -5677, -4124, 4987, 4963, -4669, -5758, 3656, 6010, -3542, -5125, 2899, 3993, -1610, -3199, 438, 2820, 937, -2050, -1867, 1638, 2730, -425, -3886, 412, 5490, 348, -4708, -873, 3748, 1190, -2158, -2091, 23, 2047, 2115, -1982, -2595, 2005, 2675, -1635, -3759, 1029, 3201, 294, -3971, -557, 3633, 1573, -2394, -1615, 1913, 2201, -1236, -2167, 1227, 1044, -674, -932, 1201, 490, -938, -383, 1196, 325, -736, 311, 1980, -511, -1861, -279, 1952, 1450, -2453, -2417, 2324, 2880, -1904, -3288, 1695
1791219592.729, MrmFullScanInfo, 414, 107, 2202115, 0, 0, 0, 0, 10000, 39297, 32, 2, 2, 1, 480, 0, 0, 0, 0, 0, 0, 165637, -232386, -311767, 474375, 368776, -497499, -398516, 270784, 451553, 62413, -480259, -340252, 397929, 505742, -196780, -586958, -28689, 595635, 178082, -497520, -222362, 281135, 187978, 759, -115857, -264814, 55829, 449803, -58508, -531467, 132578, 522170, -232718, -468055, 298644, 421708, -295981, -412516, 223536, 430527, -95864, -433418, -66103, 373210, 231380, -227757, -357843, 16747, 404712, 207950, -351998, -392102, 214233, 502858, -36951, -533121, -122673, 492251, 223413, -397616, -254901, 274680, 232240, -154340, -180975, 63043, 126010, -12025, -88513, -5756, 81624, 9567, -106201, -21434, 150148, 55220, -193313, -109670, 215449, 170289, -203826, -217909, 156743, 236904, -82667, -219935, -1980, 169853, 76886, -98526, -124487, 23228, 137171, 37830, -119911, -71126, 87229, 72948, -56741, -50814, 41635, 20045, -44950, 3157, 59379, -8563, -71746, -3872, 70352, 25518, -51534, -44707, 21470, 52460, 8374, -45914, -28492, 28951, 34989, -9852, -29603, -3273, 18388, 6641, -8919, -1728, 6217, -6220, -10160, 10918, 16688, -8440, -20855, -610, 19063, 11773, -10717, -19420, -1194, 19556, 11715, -11854, -16624, 54, 14298, 10122, -6202, -14148, -3781, 10730, 11222, -1946, -13241, -7905, 9552, 14489, -2341, -15600, -4642, 11822, 7997, -5665, -6664, 201, 2366, 2386, 1858, -1720, -3478, -808, 1838, 2990, 1733, -2972, -5091, 303, 6588, 3754, -5487, -7017, 1954, 7736, 2798, -5413, -6850, 886, 8459, 4212, -6923, -8154, 3013, 9759, 1382, -8702, -4202, 5604, 4369, -1880, -2145, -845, -1230, 1566, 4168, -406, -5335, -1644, 4293, 3380, -1724, -3907, -1094, 3047, 3017, -1309, -3433, -490, 2446, 1676, -838, -1890, -416, 1252, 744, -322, -116, -213, -1057, -14, 2175, 980, -2661, -2381, 2247, 3783, -976, -4658, -869, 4592, 2865, -3519, -4550, 1720, 5640, 361, -6123, -2295, 6066, 3844, -5472, -4981, 4295, 5737, -2592, -6068, 693, 5914, 920, -5250, -1896, 4110, 2295, -2650, -2393, 1201, 2451, -77, -2516, -625, 2491, 1038, -2301, -1309, 1963, 1511, -1507, -1671, 915, 1791, -203, -1778, -561, 1530, 1316, -1032, -1958, 381, 2354, 303, -2399, -903, 2110, 1297, -1592, -1376, 984, 1132, -357, -678, -200, 217, 542, 136, -625, -330, 642, 302, -782, -23, 1028, -364, -1280, 586, 1495, -451, -1608, -49, 1498, 825, -1046, -1688, 239, 2355, 792, -2507, -1792, 2021, 2515, -1017, -2801, -191, 2577, 1222, -1885, -1790, 1003, 1821, -314, -1364, 74, 560, -205, 382, 456, -1210, -589, 1712, 541, -1772, -439, 1433, 439, -889, -585, 308, 829, 339, -1151, -1173, 1554, 2286, -1988, -3584, 2283, 4808, -2160, -5645, 1435, 5887, -158, -5422, -1420, 4288, 3003, -2699, -4269, 944, 4967, 727, -5070, -2090, 4751, 2954, -4261, -3264, 3852, 3162, -3655, -2940, 3697, 2920, -3853, -3266, 3873, 3953, -3348, -4836, 2029, 5719, -146, -6367, -1746, 6596, 3212, -6380, -4105, 5858, 4382, -5121, -4070, 4129, 3433, -2832, -2842, 1363, 2506, 48, -2329, -1281, 2133, 2431, -1872, -3549, 1611, 4404, -1318, -4608, 816, 3984, 10, -2653, -1063, 966, 2091, 609, -2805, -1737, 3038, 2403, -2754, -2826, 2085, 3210, -1250, -3514, 458, 3552, 237, -3205, -870, 2638, 1344, -2076, -1479, 1630, 1228, -1305, -756, 1106, 305, -1007, 26, 1008, -283, -1137, 523, 1375, -608, -1687, 315, 2085, 375, -2545, -1216, 2912
1791219592.729, MrmFullScanInfo, 414, 107, 2202115, 0, 0, 0, 0, 10000, 39297, 32, 4, 2, 1, 480, 0, 0, 0, 0, 0, 0, 305, -343, -478, 1104, 151, -1957, 628, 2344, -1500, -1874, 1986, 790, -1792, 167, 1332, -402, -1210, 336, 1549, -559, -1924, 892, 1686, -701, -666, -110, -885, 956, 1956, -1277, -1878, 960, 975, -287, 300, -290, -2367, 815, 5990, -1860, -10551, 4375, 14886, -9025, -18586, 16074, 23555, -25202, -32315, 35589, 44860, -47561, -57205, 63351, 63535, -84942, -60392, 110459, 51994, -133381, -48939, 147186, 59317, -149068, -81840, 139333, 107507, -118342, -126601, 84813, 132111, -38710, -121477, -14782, 97581, 63327, -66554, -92181, 34160, 93349, -5140, -70809, -15783, 36760, 24887, -4583, -22237, -15538, 12160, 19273, -2013, -8378, -29, -11040, -10828, 30348, 32654, -40680, -57490, 36174, 75501, -16731, -79191, -11254, 66251, 37392, -39692, -51464, 7071, 48746, 21176, -32637, -35488, 12406, 32185, 2108, -16096, -5190, -2559, -3403, 13836, 19069, -12280, -33813, -983, 39812, 18906, -33471, -32008, 17003, 33676, 3226, -23761, -19962, 7508, 27853, 7962, -25570, -16972, 16178, 17248, -5368, -10351, -1487, 548, 1915, 7374, 2848, -10285, -9114, 7801, 13041, -1992, -12515, -3833, 7869, 6761, -1368, -5604, -4161, 1385, 6828, 3386, -6444, -6152, 4329, 5633, -2368, -2352, 2022, -1682, -3619, 4184, 6232, -3924, -8202, 1244, 8120, 2441, -5579, -5505, 1272, 6779, 3415, -6004, -6919, 3780, 8219, -1229, -7299, -373, 5037, 242, -2644, 1447, 1184, -3620, -1188, 5033, 2431, -4881, -4070, 3081, 5082, -239, -4770, -2635, 3138, 4557, -844, -5020, -1136, 4181, 2067, -2688, -1765, 1301, 632, -582, 597, 701, -1194, -1348, 773, 1937, 579, -1925, -2325, 1150, 3752, 167, -4308, -1588, 3825, 2628, -2510, -2954, 781, 2578, 892, -1840, -2202, 1186, 3113, -934, -3750, 1146, 4270, -1567, -4768, 1726, 5207, -1275, -5379, 302, 5051, 810, -4132, -1696, 2778, 2282, -1316, -2665, 151, 2978, 473, -3199, -660, 3216, 756, -2994, -1007, 2596, 1417, -2007, -1870, 1130, 2260, 20, -2408, -1278, 2195, 2457, -1655, -3344, 935, 3694, -118, -3346, -721, 2376, 1451, -1038, -1918, -325, 2052, 1456, -1877, -2206, 1497, 2496, -1008, -2391, 559, 2122, -357, -1869, 524, 1612, -895, -1327, 1111, 1139, -934, -1098, 385, 1033, 383, -681, -1203, -37, 1870, 987, -2129, -1925, 1856, 2614, -1121, -2834, 174, 2428, 689, -1422, -1206, 174, 1197, 799, -567, -1176, -574, 1040, 1872, -700, -2897, 467, 3365, -494, -3223, 733, 2642, -1017, -1901, 1172, 1231, -1075, -650, 620, 55, 266, 687, -1500, -1595, 2710, 2604, -3318, -3588, 2929, 4343, -1516, -4582, -685, 4159, 3331, -3201, -5925, 1977, 7933, -725, -9046, -358, 9261, 1135, -8750, -1571, 7729, 1800, -6375, -2127, 5002, 2807, -3915, -3793, 3180, 4849, -2474, -5835, 1470, 6771, -270, -7658, -704, 8405, 1170, -8903, -1214, 9140, 1037, -9059, -801, 8500, 844, -7301, -1501, 5570, 2707, -3620, -3935, 1753, 4670, -94, -4745, -1251, 4282, 1991, -3469, -1771, 2576, 540, -1937, 1350, 1699, -3283, -1646, 4549, 1476, -4714, -1115, 3830, 721, -2392, -440, 1036, 223, -183, 59, -108, -347, 75, 403, 54, -155, -142, -186, 191, 369, -243, -287, 351, 6, -539, 393, 891, -865, -1448, 1332, 2087, -1541, -2654, 1207, 3102, -323, -3426, -784, 3595
1791219592.729, MrmDetectionListInfo, 414, 283, 49, 7290, 50, 9238, 51, 11413, 52, 13792, 53, 16461, 54, 19598, 55, 23377, 56, 27886, 57, 33099, 58, 38908, 59, 45151, 60, 51631, 61, 58133, 62, 64447, 63, 65535, 64, 65535, 65, 65535, 66, 65535, 67, 65535, 68, 65535, 69, 65535, 70, 65535, 71, 65535, 72, 65535, 73, 65535, 74, 65535, 75, 65535, 76, 65535, 77, 65535, 78, 65535, 79, 65535, 80, 65535, 81, 65535, 82, 62808, 83, 64148, 84, 65535, 85, 65535, 86, 65535, 87, 63000, 88, 51871, 89, 42484, 90, 36250, 91, 32101, 92, 27510, 93, 21163, 94, 15020, 95, 12541, 96, 14071, 97, 15684, 98, 13595, 99, 8250, 102, 8925, 103, 17996, 104, 28317, 105, 37799, 106, 45223, 107, 50093, 108, 52119, 109, 51176, 110, 48020, 111, 44523, 112, 42700, 113, 43191, 114, 44191, 115, 42487, 116, 36797, 117, 30101, 118, 27150, 119, 28894, 120, 31144, 121, 29455, 122, 23597, 123, 16686, 124, 11418, 125, 8161, 126, 5964, 127, 4735, 128, 6111, 129, 11106, 130, 17513, 131, 21519, 132, 21800, 133, 21042, 134, 22885, 135, 27397, 136, 30790, 137, 29824, 138, 25033, 139, 19504, 140, 16035, 141, 15565, 142, 16808, 143, 17670, 144, 17578, 145, 17571, 146, 18247, 147, 18588, 148, 17039, 149, 13331, 150, 8790, 151, 4971, 156, 7078, 157, 8795, 158, 9487, 159, 9431, 160, 8795, 161, 7819, 162, 7012, 163, 6650, 164, 6339, 165, 5505, 170, 4599, 171, 5222, 172, 5677, 173, 5740, 174, 5223, 181, 4704, 182, 5586, 183, 5781, 184, 5401, 185, 4859, 186, 4569, 187, 4606, 188, 4675, 189, 4477, 190, 4147, 191, 4197, 192, 4859, 193, 5716, 194, 6136, 195, 5868, 196, 5147, 197, 4350, 198, 3675, 199, 3089, 205, 2450, 206, 3015, 207, 3510, 208, 3883, 209, 4088, 210, 4067, 211, 3774, 212, 3260, 213, 2796, 214, 2747, 216, 3496, 217, 3421, 218, 3006, 220, 2732, 221, 2870, 222, 2766, 223, 2312, 236, 1978, 237, 2225, 238, 2283, 239, 2290, 240, 2465, 241, 2809, 242, 3062, 243, 2991, 244, 2617, 245, 2134, 246, 1735, 249, 1687, 250, 1875, 251, 2024, 252, 2129, 253, 2243, 254, 2417, 255, 2646, 256, 2890, 257, 3108, 258, 3277, 259, 3374, 260, 3375, 261, 3258, 262, 3037, 263, 2796, 264, 2655, 265, 2646, 266, 2665, 267, 2581, 268, 2362, 269, 2078, 270, 1812, 271, 1613, 272, 1521, 273, 1578, 274, 1759, 275, 1941, 276, 2013, 277, 1979, 278, 1922, 279, 1900, 283, 1792, 284, 1692, 285, 1551, 286, 1382, 287, 1290, 288, 1421, 289, 1775, 290, 2148, 291, 2338, 292, 2340, 293, 2270, 294, 2188, 295, 2063, 296, 1894, 297, 1763, 307, 2026, 308, 1939, 309, 1810, 310, 1684, 311, 1545, 356, 1903, 357, 1843, 358, 1731, 360, 1456, 370, 2101, 371, 2615, 372, 2979, 373, 3255, 374, 3437, 375, 3459, 376, 3287, 377, 2987, 378, 2714, 381, 3546, 382, 4118, 383, 4457, 384, 4574, 385, 4615, 386, 4677, 387, 4766, 388, 4866, 389, 4976, 390, 5069, 391, 5066, 392, 4914, 393, 4643, 394, 4338, 395, 4063, 396, 3840, 397, 3677, 398, 3591, 399, 3592, 400, 3666, 401, 3774, 402, 3870, 403, 3923, 404, 3923, 405, 3878, 406, 3821, 407, 3839, 408, 4034, 409, 4399, 410, 4786, 411, 5040, 412, 5130, 413, 5131, 414, 5107, 415, 5059, 416, 4953, 417, 4778, 418, 4562, 419, 4338, 420, 4126, 424, 3418, 425, 3221, 426, 2977, 427, 2701, 429, 2549, 430, 2809, 431, 3038, 441, 2970, 442, 3120, 443, 3094, 444, 2934, 445, 2651, 446, 2257, 447, 1797, 475, 2001, 476, 2071
1791219592.854, MrmFullScanInfo, 415, 107, 2202240, 0, 0, 0, 0, 10000, 39297, 32, 1, 2, 1, 480, -335345, 512513, 402601, -505123, -478327, 465788, 517352, -332039, -520192, -51003, 519993, 446161, -463102, -517100, 163749, 517949, 140136, -519697, -333457, 511705, 368034, -435375, -282096, 100466, 219478, 185459, -434, -238168, -186471, 427618, 144701, -451205, -4079, 510381, -145510, -510476, 181127, 513099, -152817, -514926, 77002, 515942, 45182, -479722, -185551, 362908, 304724, -119078, -322808, -105901, 226958, 300302, -60707, -417114, -124923, 413758, 246638, -344629, -269979, 255484, 195623, -158365, -42195, 77751, -95792, -73254, 215592, 70893, -278750, -82452, 270743, 91517, -188704, -89107, 65866, 50077, 59904, 23561, -155339, -113743, 190881, 190210, -177460, -221733, 127532, 213370, -59474, -158812, -7512, 76537, 53270, 8489, -61392, -73968, 42640, 106105, 326, -108471, -24535, 71302, 31247, -27837, -12976, -6369, -18232, 24414, 45042, -18924, -56219, 460, 52345, 14614, -36631, -18681, 13756, 16160, 4305, -7154, -10252, -4974, 11445, 12265, -7641, -13630, 891, 11203, 948, -7615, 2983, 6615, -6797, -7215, 7507, 12777, -4947, -15940, -1335, 13460, 11028, -6394, -16718, -3219, 15466, 14772, -7336, -21072, -158, 18518, 7136, -11680, -9769, 1578, 5834, 6246, 1722, -10981, -8279, 9360, 12655, -4458, -12351, -318, 6726, 1661, 572, -712, -5534, -3582, 6722, 7329, -4864, -8384, 900, 6062, 2349, -2491, -2421, -2020, 1297, 5745, 1465, -6441, -4931, 4164, 8203, -540, -8969, -2950, 7433, 6426, -4220, -6590, -63, 4991, 3170, -2311, -3818, 547, 2291, 1435, 508, -1138, -2604, -193, 4248, 1122, -4255, -1370, 3147, 815, -1232, 1260, -46, -3071, 221, 3958, -76, -4221, -603, 3176, 1117, -2032, -547, -1, -661, 1194, 1988, -1909, -3573, 2121, 4950, -1823, -5480, 1556, 5304, -494, -4156, -714, 3130, 1261, -1546, -2633, 851, 2550, -606, -3085, 72, 3415, 401, -3826, -936, 3942, 753, -4146, -1287, 3680, 2353, -2149, -2677, 889, 3034, 686, -2807, -1689, 1987, 2693, -685, -3127, -756, 2954, 2009, -2602, -2870, 816, 3216, 31, -2960, -1018, 3169, 1730, -2578, -1312, 2015, 1690, -2261, -1815, 2227, 1260, -2539, -1588, 2000, 1782, -1288, -2328, 529, 2171, 237, -2283, -756, 2278, 773, -2668, -262, 2639, 59, -2345, 113, 2689, -494, -2419, 433, 2249, -231, -2044, 228, 1586, 799, -1001, -1791, 887, 1977, -322, -2565, -491, 3364, 256, -3665, -800, 4799, 1655, -4821, -2363, 4639, 2905, -4511, -3186, 2640, 3490, -1141, -3055, 6, 1934, 644, -1542, -605, 766, 1088, -673, -617, 425, 749, -1537, -1389, 1762, 2800, -2163, -3825, 2838, 4702, -2393, -5084, 1061, 4485, -682, -4469, -595, 3002, 1785, -1239, -2807, -526, 2793, 2276, -2961, -3800, 2545, 5129, -2043, -6720, 1571, 7085, -532, -6756, -610, 6699, 1511, -5657, -2388, 2753, 2948, -919, -3314, -535, 3814, 2013, -4258, -2560, 4304, 2370, -4209, -3131, 3128, 2965, -2243, -3017, 868, 3572, -58, -4024, -1148, 3657, 2226, -3509, -2455, 2373, 2629, -1549, -2917, 757, 2370, -661, -1210, 1084, 942, -1441, -464, 2345, 415, -3123, -711, 2727, 1668, -2301, -2653, 1780, 3087, -19, -3535, -1622, 2649, 3477, -2163, -4526, 1132, 5391, 195, -5431, -1567, 5025, 2667, -4366, -2669, 3763, 2068, -3397, -1546, 3167, 794, -2998, -859, 3220, 1255, -3205, -1888, 2650, 2493, -2169, -2515, 1865, 1355, -1801, -665, 1870, -383, -2088, 746, 2283, -627, -3089, 386
1791219592.854, MrmFullScanInfo, 415, 107, 2202240, 0, 0, 0, 0, 10000, 39297, 32, 2, 2, 1, 480, 0, 0, 0, 0, 0, 0, 165120, -232263, -310806, 474172, 367881, -497302, -398179, 270440, 451986, 63097, -481334, -341064, 399404, 506238, -198392, -587029, -27107, 595339, 175876, -496721, -218428, 279862, 182354, 1540, -109683, -263867, 49867, 447323, -53067, -528943, 128773, 520625, -231901, -467250, 301525, 420694, -303276, -411221, 238800, 430975, -127121, -439184, -9137, 388366, 142590, -255865, -238254, 58003, 263565, 158811, -208352, -339707, 95558, 442275, 26778, -450979, -106176, 377524, 111107, -253945, -44160, 122406, -64959, -19862, 176409, -35845, -253388, 46758, 270340, -26542, -220333, -4491, 116865, 24158, 11336, -16105, -130383, -21946, 211777, 76850, -239904, -126835, 214490, 151951, -148408, -142150, 63556, 100002, 15070, -38516, -66416, -24909, 81019, 73833, -64446, -96373, 33152, 88677, -5514, -57060, -6461, 15973, 718, 18368, 16171, -34842, -34091, 31988, 44299, -17064, -42349, 252, 29549, 10762, -11867, -12903, -3774, 7573, 12941, 907, -14792, -8030, 11634, 11379, -7419, -11002, 5228, 8817, -5544, -7365, 6741, 8051, -6504, -10079, 3160, 11210, 3131, -9335, -9953, 3593, 14151, 4849, -13931, -12855, 9618, 16894, -3220, -15184, -2433, 8505, 4940, 411, -3529, -8080, -683, 11833, 5392, -11039, -8091, 7168, 7265, -2709, -3274, -90, -1889, 226, 5849, 1696, -7052, -3976, 5444, 4952, -2306, -3779, -600, 752, 1977, 2855, -1293, -5435, -1217, 5963, 4567, -4363, -7322, 1349, 8263, 1944, -6932, -4360, 3855, 5236, -345, -4560, -2090, 2808, 2595, -747, -1297, -824, -945, 1478, 3053, -1350, -4127, 957, 3779, -834, -2283, 1249, 396, -2080, 1070, 2938, -1643, -3410, 1373, 3225, -728, -2301, 281, 805, -384, 890, 1097, -2352, -2227, 3309, 3426, -3646, -4276, 3324, 4523, -2391, -4158, 1031, 3394, 453, -2542, -1735, 1856, 2614, -1390, -3112, 1041, 3434, -737, -3724, 496, 3978, -257, -4031, -144, 3714, 837, -2961, -1719, 1873, 2510, -624, -2894, -632, 2672, 1779, -1853, -2685, 647, 3167, 665, -3055, -1830, 2367, 2704, -1326, -3233, 302, 3400, 439, -3239, -846, 2913, 1002, -2660, -978, 2570, 864, -2503, -840, 2290, 1062, -1861, -1490, 1285, 1965, -687, -2357, 254, 2626, -136, -2723, 321, 2642, -641, -2454, 940, 2262, -1122, -2098, 1151, 1943, -979, -1757, 541, 1555, 176, -1391, -1022, 1248, 1825, -1058, -2537, 839, 3223, -629, -3908, 381, 4549, 0, -5040, -517, 5205, 1114, -4847, -1725, 3908, 2245, -2580, -2500, 1242, 2381, -185, -1951, -470, 1412, 759, -1009, -809, 959, 852, -1322, -1139, 2032, 1762, -2889, -2575, 3565, 3321, -3709, -3833, 3201, 4041, -2172, -3861, 818, 3217, 678, -2107, -2075, 668, 3149, 932, -3785, -2560, 4024, 4109, -3951, -5398, 3593, 6249, -2898, -6603, 1889, 6419, -683, -5576, -613, 4109, 1932, -2350, -3162, 742, 4177, 412, -4852, -1044, 5070, 1337, -4785, -1559, 4068, 1906, -3083, -2443, 2040, 3113, -1060, -3723, 171, 4050, 620, -3939, -1293, 3398, 1829, -2615, -2120, 1892, 2014, -1436, -1493, 1332, 761, -1576, -83, 2063, -305, -2553, 214, 2833, 408, -2777, -1379, 2297, 2375, -1289, -3110, -202, 3445, 1928, -3338, -3532, 2792, 4730, -1827, -5396, 624, 5550, 465, -5291, -1087, 4756, 1117, -4097, -724, 3497, 257, -3118, -25, 3019, 177, -3080, -638, 3114, 1137, -2999, -1323, 2722, 1004, -2340, -273, 1972, -554, -1777, 1177
1791219592.854, MrmFullScanInfo, 415, 107, 2202240, 0, 0, 0, 0, 10000, 39297, 32, 4, 2, 1, 480, 0, 0, 0, 0, 0, 0, -385, -15, 766, 235, -843, -578, 610, 590, -216, -60, -176, -521, 612, 616, -956, -291, 1054, -115, -1604, 523, 3176, -825, -4904, 379, 5828, 1003, -6288, -2119, 6299, 1950, -4672, -1060, 1255, 620, 3054, -1123, -8353, 1657, 17787, -339, -35600, -3963, 63026, 11464, -96291, -21580, 128985, 31126, -153859, -34978, 161063, 33622, -140562, -35671, 87468, 48747, -5054, -71271, -95125, 91157, 195593, -94185, -278390, 75383, 329864, -43361, -341924, 11391, 314223, 13371, -255848, -29898, 182079, 40220, -107969, -47154, 44342, 53452, 2918, -60782, -32528, 69382, 47591, -77996, -54008, 83905, 57135, -83636, -59580, 74691, 61510, -57939, -61235, 37775, 56095, -19234, -45001, 5434, 30831, 2794, -19408, -6387, 15234, 7815, -18554, -10157, 24590, 15944, -26602, -25555, 20776, 35886, -8333, -41515, -6206, 38448, 17936, -26985, -23087, 11413, 20232, 2321, -11106, -9196, 96, 7277, 7757, 1415, -9124, -11828, 3810, 18482, 5437, -18112, -14300, 10868, 18891, 65, -17352, -10093, 10639, 15283, -2057, -14030, -4397, 7611, 6067, 547, -2775, -6664, -3419, 8403, 9397, -5737, -12304, 631, 10823, 4226, -5787, -6681, -369, 5999, 5099, -3027, -7058, -403, 6458, 2474, -4584, -2279, 2941, 297, -2431, 1991, 3128, -3097, -4459, 2446, 5565, -530, -5670, -1541, 4556, 2730, -2686, -2524, 941, 1049, -93, 1068, 423, -2880, -1614, 3528, 2935, -2705, -3634, 878, 3304, 968, -2013, -1834, 300, 1249, 1083, 596, -1616, -2974, 1296, 4923, -462, -5694, -430, 5108, 937, -3532, -776, 1585, 41, 118, 916, -1214, -1710, 1752, 2095, -2047, -2048, 2452, 1780, -3129, -1570, 3978, 1644, -4681, -2155, 4788, 3162, -3989, -4520, 2344, 5867, -217, -6780, -1966, 7021, 3926, -6573, -5515, 5575, 6681, -4115, -7321, 2222, 7324, -48, -6650, -1999, 5385, 3452, -3636, -4073, 1560, 3875, 564, -3045, -2386, 1838, 3554, -472, -3848, -848, 3314, 1979, -2255, -2796, 1136, 3237, -287, -3307, -245, 3178, 600, -3116, -872, 3216, 1112, -3319, -1418, 3240, 1861, -2911, -2330, 2403, 2622, -1829, -2634, 1318, 2451, -1016, -2206, 1013, 1984, -1210, -1830, 1360, 1793, -1257, -1854, 876, 1918, -270, -1829, -517, 1534, 1402, -1077, -2174, 475, 2662, 235, -2853, -851, 2906, 1124, -2995, -1018, 3212, 719, -3497, -434, 3676, 365, -3520, -607, 2854, 1055, -1722, -1450, 412, 1601, 734, -1522, -1476, 1351, 1756, -1251, -1715, 1340, 1700, -1635, -2055, 2131, 2862, -2688, -3869, 2943, 4734, -2467, -5238, 1110, 5304, 872, -4848, -3015, 3770, 4859, -2060, -6053, -73, 6428, 2300, -5996, -4329, 4973, 5962, -3614, -7008, 2093, 7398, -490, -7240, -1044, 6673, 2358, -5748, -3427, 4573, 4341, -3380, -5197, 2361, 6055, -1543, -6874, 738, 7457, 328, -7544, -1746, 6976, 3378, -5791, -5013, 4251, 6427, -2630, -7292, 1065, 7347, 430, -6556, -1825, 5160, 3023, -3582, -3833, 2255, 4126, -1418, -4038, 1164, 3873, -1474, -3767, 2109, 3696, -2512, -3671, 2210, 3719, -1136, -3759, -402, 3664, 2044, -3315, -3539, 2619, 4705, -1510, -5422, 45, 5649, 1548, -5422, -2882, 4821, 3599, -3963, -3623, 3090, 3128, -2453, -2370, 2198, 1650, -2278, -1228, 2539, 1205, -2797, -1482, 2935, 1826, -2914, -1941, 2680, 1681, -2163, -1175, 1460, 710, -841, -424
1791219592.870, MrmDetectionListInfo, 415, 296, 47, 10748, 48, 14775, 49, 20700, 50, 28710, 51, 38365, 52, 48960, 53, 59902, 54, 65535, 55, 65535, 56, 65535, 57, 65535, 58, 65535, 59, 65535, 60, 65535, 61, 65535, 62, 65535, 63, 59311, 64, 45563, 65, 40236, 66, 54750, 67, 65535, 68, 65535, 69, 65535, 70, 65535, 71, 65535, 72, 65535, 73, 65535, 74, 65535, 75, 65535, 76, 65535, 77, 65535, 78, 65535, 79, 65535, 80, 65535, 81, 65535, 82, 65535, 83, 65535, 84, 56081, 85, 43835, 86, 34797, 87, 31544, 88, 36611, 89, 48097, 90, 59303, 91, 65071, 92, 65535, 93, 65535, 94, 65535, 95, 65535, 96, 65535, 97, 65535, 98, 65535, 99, 62676, 100, 58322, 101, 52896, 102, 46541, 103, 39745, 104, 32898, 105, 26240, 106, 20200, 107, 15478, 108, 12566, 109, 11343, 110, 11219, 111, 11650, 112, 12546, 113, 14145, 114, 16518, 115, 19317, 116, 21984, 117, 24086, 118, 25401, 119, 25791, 120, 25236, 121, 24152, 122, 23392, 123, 23595, 124, 24563, 125, 25141, 126, 23938, 127, 20535, 128, 15896, 129, 11533, 130, 8507, 131, 6995, 132, 6247, 137, 7698, 138, 9284, 139, 10609, 140, 11615, 141, 12612, 142, 13732, 143, 14455, 144, 13926, 145, 11993, 146, 9964, 147, 9657, 148, 11138, 149, 12296, 150, 11337, 151, 8907, 152, 7070, 153, 6624, 154, 6379, 159, 6374, 160, 8171, 161, 8681, 162, 8272, 163, 7418, 164, 6505, 165, 5956, 166, 5838, 167, 5618, 168, 4824, 170, 3617, 171, 4297, 172, 4940, 173, 4693, 184, 3702, 185, 3774, 190, 3247, 191, 3326, 192, 3153, 193, 2644, 202, 3055, 203, 3117, 204, 2954, 205, 2625, 206, 2221, 218, 3030, 219, 3034, 220, 2968, 221, 2914, 222, 2816, 223, 2566, 224, 2109, 233, 2035, 235, 2130, 236, 2248, 237, 2340, 238, 2439, 239, 2601, 240, 2832, 241, 3093, 242, 3342, 243, 3560, 244, 3737, 245, 3860, 246, 3907, 247, 3864, 248, 3728, 249, 3544, 250, 3487, 251, 3792, 252, 4466, 253, 5190, 254, 5641, 255, 5785, 256, 5797, 257, 5796, 258, 5740, 259, 5531, 260, 5145, 261, 4623, 262, 4053, 263, 3623, 264, 3565, 265, 3862, 266, 4155, 267, 4097, 268, 3679, 269, 3131, 270, 2644, 271, 2281, 272, 2083, 273, 2115, 274, 2325, 275, 2487, 276, 2417, 277, 2199, 278, 2083, 279, 2182, 280, 2368, 281, 2449, 282, 2362, 283, 2190, 284, 2026, 285, 1899, 286, 1798, 287, 1736, 288, 1737, 289, 1799, 290, 1888, 291, 1972, 292, 2046, 293, 2126, 294, 2218, 295, 2312, 296, 2392, 297, 2451, 298, 2489, 299, 2505, 311, 1553, 313, 1575, 325, 1495, 330, 1880, 339, 2010, 340, 1995, 357, 1635, 358, 1796, 359, 2044, 360, 2375, 361, 2754, 362, 3133, 363, 3460, 364, 3689, 365, 3780, 366, 3710, 367, 3490, 370, 3044, 371, 3322, 372, 3707, 373, 3968, 374, 3968, 375, 3748, 376, 3468, 377, 3359, 378, 3636, 379, 4253, 380, 4860, 381, 5153, 382, 5151, 383, 5063, 384, 4995, 385, 4882, 386, 4628, 387, 4254, 388, 3925, 389, 3824, 390, 3975, 391, 4217, 392, 4368, 393, 4370, 394, 4285, 395, 4193, 396, 4125, 397, 4067, 398, 4016, 399, 3985, 400, 3984, 401, 4000, 402, 4003, 403, 3983, 404, 3967, 405, 4030, 406, 4238, 407, 4559, 408, 4852, 409, 5005, 410, 5029, 411, 5002, 412, 4966, 413, 4891, 414, 4731, 415, 4477, 416, 4172, 417, 3895, 418, 3727, 419, 3714, 420, 3797, 424, 3254, 425, 3066, 426, 2900, 427, 2738, 429, 2542, 430, 2571, 431, 2673, 442, 2364, 443, 2789, 444, 3194, 445, 3403, 446, 3421, 447, 3350, 448, 3236, 449, 3075, 450, 2961, 454, 4165, 455, 4106, 456, 3918, 457, 3713, 458, 3484, 459, 3187, 460, 2838, 461, 2502, 475, 2213, 476, 1994
1791219592.979, MrmFullScanInfo, 416, 107, 2202365, 0, 0, 0, 0, 10000, 39297, 32, 1, 2, 1, 480, -337384, 513379, 403595, -505130, -476114, 466737, 517338, -330044, -520158, -56128, 519513, 445117, -461347, -516013, 164853, 517947, 145798, -519713, -336462, 511850, 365688, -437236, -287481, 101749, 226528, 186880, -1636, -244752, -178454, 434259, 142555, -451907, 1122, 510378, -142950, -510353, 181275, 513354, -139908, -514697, 28473, 513481, 146287, -444013, -376456, 279207, 499440, -3548, -516254, -267609, 457374, 445032, -382434, -507296, 180045, 512800, 32186, -495661, -206632, 412194, 323769, -293569, -341180, 174838, 318446, -72697, -239609, 24546, 153285, -9107, -91728, 16986, 81887, -30757, -110162, 27299, 156814, 12705, -196030, -81165, 199064, 162840, -172889, -218255, 110325, 244620, -25233, -223148, -59984, 162412, 119164, -80628, -136187, -2355, 114377, 63424, -71164, -87579, 18114, 74049, 15994, -43885, -14510, 14078, -12936, -208, 43597, 8817, -60186, -33472, 56701, 54559, -31585, -63233, -5331, 54764, 37056, -33353, -52288, 2490, 50576, 23577, -35313, -35186, 12686, 33486, 5810, -21644, -9819, 6204, 4848, 4579, 5606, -5566, -15200, -943, 16385, 9478, -7243, -14027, -6064, 12085, 14819, -3090, -19170, -9103, 15235, 16965, -4910, -19051, -6435, 15495, 13532, -6858, -13696, -2993, 9233, 8062, -1237, -7462, -7137, 4183, 9017, 1431, -5989, -5125, 2448, 5274, 772, -2838, -2183, -468, 616, 2516, 1897, -3723, -1954, 2202, 1326, -364, 345, -1087, -3899, 890, 8457, 374, -10140, -2184, 9428, 4636, -7692, -5457, 4486, 3925, -557, -1614, -208, -1516, -1048, 3755, 3030, -3618, -3939, 1961, 4664, 700, -4002, -3531, 1304, 4728, 772, -4576, -2133, 3484, 2524, -2236, -1844, 1107, 325, -868, 1639, 674, -1075, -1501, 631, 1901, 1256, -1071, -2004, 87, 3041, 388, -3829, -315, 3200, 1057, -1852, 225, 711, -932, 70, 2316, -1514, -3084, 1432, 3963, -553, -3412, -133, 2325, 914, -195, -1638, -1260, 2135, 3676, -1414, -4112, 1331, 4093, -404, -4473, -474, 4110, 1612, -2944, -983, 1991, 1376, -1158, -663, 819, -318, -650, -251, 530, -180, -785, 162, 1022, 1140, -900, -1333, 858, 1106, 60, -1330, -623, 1178, 1208, -1046, -1622, 596, 1842, -403, -1946, 125, 1602, -290, -1526, 110, 1647, 251, -1539, -1026, 1175, 1264, -829, -1235, 706, 1242, -207, -1112, 153, 880, -242, 432, 237, -989, -878, 1064, 925, -783, -1342, 1084, 904, -710, -1231, -198, 1070, 294, -799, -1568, 1447, 1916, -1585, -2216, 1987, 2809, -2239, -3561, 2248, 4366, -2007, -4525, 1375, 4375, -809, -4017, -370, 3480, 711, -2789, -651, 1760, 347, -575, 280, 1311, -756, -1412, 1389, 2779, -1740, -4028, 1563, 5420, -975, -5731, -301, 6336, 595, -6279, -1707, 5553, 1954, -4565, -2932, 3338, 2751, -2502, -2752, 1969, 2058, -2065, -1286, 1867, -25, -2717, 706, 2823, -1159, -3427, 1148, 3635, -643, -3384, 191, 2750, -245, -2434, 427, 1421, -388, -1331, 579, 567, -401, 86, 1066, 688, -1085, -881, 1381, 1212, -1702, -1552, 1765, 1003, -1372, -335, 1472, -953, -755, 1330, -132, -2111, 511, 3044, -822, -3618, 805, 3302, -86, -2411, -407, 1830, 228, -722, 12, -52, -418, -450, 1435, 676, -2098, -1091, 2549, 2155, -2589, -2278, 1953, 1708, -1362, -135, 808, -1571, -581, 3281, -249, -5468, -144, 7232, 637, -7085, -1545, 6585, 2338, -5566, -2599, 3826, 2415, -2189, -1757, 487, 731, 1175, 656, -2224, -2037
1791219592.979, MrmFullScanInfo, 416, 107, 2202365, 0, 0, 0, 0, 10000, 39297, 32, 2, 2, 1, 480, 0, 0, 0, 0, 0, 0, 165081, -232312, -310499, 473694, 367518, -495828, -398136, 268459, 452210, 64503, -481135, -341466, 397981, 506300, -195898, -587587, -29712, 596610, 178188, -498397, -221035, 281201, 186037, 1664, -114683, -265855, 55948, 450013, -59031, -530695, 132782, 521039, -232370, -467345, 295350, 422294, -282393, -415548, 187020, 436329, -25783, -440048, -168029, 375352, 351487, -220469, -487525, 5062, 550219, 207810, -520252, -368643, 394832, 464985, -203193, -504055, 1028, 490019, 159545, -424653, -251285, 320707, 273258, -204605, -241618, 105557, 181508, -42579, -122041, 18811, 87571, -22755, -89019, 33220, 120878, -27951, -165808, -5534, 202482, 63758, -212564, -129850, 185792, 182408, -123574, -204547, 40126, 188991, 41955, -139641, -100762, 70175, 123615, -271, -110730, -51093, 74354, 72970, -34129, -65966, 8544, 40821, -5845, -13517, 21314, -1684, -41976, -1184, 54036, 17908, -49055, -37926, 27347, 50276, 2892, -48215, -30419, 31873, 46319, -7851, -47001, -14412, 35012, 27351, -17570, -28099, 2863, 19040, 3906, -6320, -2296, -3356, -3979, 6057, 9297, -2046, -9401, -4942, 3674, 9887, 5147, -9261, -12901, 2957, 16012, 6054, -13035, -13675, 5468, 16650, 3151, -13881, -9197, 6958, 10484, 774, -7015, -6109, 1018, 7405, 4312, -4979, -6762, 788, 6098, 2657, -3568, -3726, 921, 2344, 611, 296, -880, -2516, 540, 3113, -389, -1987, 1121, 10, -3078, 1742, 5850, -2456, -8348, 1814, 9539, -170, -8929, -1543, 6695, 2367, -3710, -1795, 1240, 5, -145, 2168, 459, -3576, -1631, 3424, 2891, -1702, -3514, -866, 3129, 3252, -1903, -4620, 405, 4693, 733, -3747, -1041, 2342, 503, -1054, 395, 347, -966, -360, 814, 805, 23, -1189, -1268, 1277, 2515, -1121, -3297, 879, 3270, -683, -2426, 693, 1055, -1007, 466, 1572, -1719, -2218, 2336, 2712, -2148, -2772, 1282, 2212, -1, -1043, -1345, -496, 2412, 2019, -2932, -3175, 2811, 3853, -2122, -4124, 1147, 4021, -231, -3509, -384, 2682, 605, -1769, -481, 1003, 184, -523, 93, 384, -204, -522, 69, 814, 284, -1062, -682, 1046, 991, -661, -1217, 22, 1376, 654, -1414, -1209, 1309, 1568, -1102, -1705, 883, 1668, -682, -1563, 454, 1492, -118, -1461, -303, 1419, 698, -1298, -953, 1076, 1048, -795, -944, 537, 561, -348, 77, 250, -743, -278, 1200, 431, -1377, -623, 1296, 791, -979, -921, 457, 1074, 199, -1322, -856, 1720, 1384, -2204, -1758, 2664, 2125, -3027, -2596, 3237, 3123, -3212, -3544, 2861, 3744, -2171, -3711, 1313, 3455, -562, -2910, 134, 2129, -65, -1370, 327, 985, -874, -1171, 1608, 1909, -2328, -3008, 2764, 4189, -2726, -5222, 2237, 5945, -1479, -6220, 614, 5976, 283, -5289, -1109, 4385, 1702, -3516, -1879, 2854, 1547, -2441, -746, 2247, -307, -2225, 1311, 2355, -1983, -2583, 2193, 2808, -1990, -2884, 1584, 2704, -1198, -2257, 939, 1647, -781, -991, 693, 431, -690, -106, 831, 95, -1139, -317, 1553, 566, -1917, -634, 2058, 379, -1858, 190, 1295, -886, -451, 1519, -476, -2039, 1270, 2482, -1749, -2763, 1793, 2762, -1402, -2437, 804, 1838, -303, -1100, 132, 459, -398, -102, 1070, 81, -1930, -332, 2664, 713, -2995, -939, 2781, 710, -2057, 108, 999, -1436, 173, 3093, -1203, -4797, 1835, 6181, -1859, -6913, 1278, 6875, -335, -6127, -587, 4805, 1177, -3075, -1282, 1150, 909
1791219592.979, MrmFullScanInfo, 416, 107, 2202365, 0, 0, 0, 0, 10000, 39297, 32, 4, 2, 1, 480, 0, 0, 0, 0, 0, 0, -201, -29, 628, -457, -698, 1368, 246, -1893, 213, 1507, 45, -680, -1118, 326, 2074, -671, -2128, 1213, 1570, -1433, -1202, 958, 1596, 312, -2599, -1581, 3588, 1793, -3531, -904, 2219, -57, 10, 155, -4994, 1188, 17678, -3726, -44993, 5338, 87699, -2733, -134560, -7830, 171501, 25712, -199107, -38889, 227093, 32809, -250285, -12592, 246743, 4596, -199253, -28408, 109496, 77235, 6333, -126056, -124794, 151584, 221964, -145466, -279662, 115577, 289972, -77583, -257137, 45482, 195352, -27678, -123106, 25703, 57553, -34193, -10663, 43343, -13096, -43647, 17312, 30277, -10971, -4678, 3292, -26603, 196, 54395, 1759, -70264, -8004, 70255, 15675, -56250, -20326, 33887, 18373, -9570, -10341, -11007, 775, 23870, 5697, -28295, -7305, 26852, 5197, -23588, -2120, 21558, 1098, -21355, -4126, 21356, 10953, -19000, -18901, 12634, 24401, -2843, -24741, -7554, 19226, 14979, -9500, -16881, -909, 12799, 8090, -4536, -9724, -4376, 6173, 10138, -19, -10481, -5433, 5758, 7595, 1478, -5597, -7770, 633, 10243, 4729, -7752, -7838, 1376, 7295, 6141, -3428, -11712, -1997, 13379, 6618, -11091, -8509, 6514, 7041, -2056, -3022, -321, -1825, 22, 5676, 2074, -7263, -4341, 6329, 5301, -3581, -4294, 231, 1645, 2581, 1640, -4163, -4348, 4432, 5538, -3759, -4869, 2689, 2751, -1752, -99, 1442, -2202, -1959, 3689, 3004, -4332, -3970, 4356, 4352, -3995, -3917, 3395, 2739, -2577, -1187, 1522, -216, -212, 1040, -1258, -1114, 2681, 600, -3828, 155, 4543, -801, -4740, 1193, 4420, -1321, -3664, 1234, 2656, -965, -1589, 610, 585, -332, 300, 212, -924, -216, 1088, 299, -658, -480, -323, 718, 1676, -922, -3089, 1077, 4230, -1138, -4875, 935, 4975, -276, -4550, -771, 3613, 1959, -2189, -2990, 400, 3672, 1484, -3933, -3145, 3774, 4387, -3203, -5147, 2287, 5393, -1171, -5103, 31, 4406, 922, -3484, -1544, 2473, 1836, -1502, -1918, 731, 1944, -284, -2001, 174, 2100, -239, -2167, 233, 2207, -10, -2277, -385, 2328, 888, -2213, -1459, 1864, 2034, -1347, -2506, 823, 2841, -450, -3074, 272, 3210, -156, -3215, -5, 3090, 162, -2831, -204, 2441, 145, -1978, -4, 1563, -223, -1292, 484, 1228, -609, -1378, 453, 1659, 24, -1915, -803, 2014, 1807, -1866, -2913, 1502, 3963, -1080, -4705, 803, 4910, -722, -4573, 812, 4037, -1079, -3686, 1508, 3627, -1940, -3704, 2119, 3739, -1825, -3634, 1054, 3306, -23, -2584, -972, 1476, 1737, -293, -2104, -481, 1943, 572, -1295, 40, 389, -1195, 502, 2622, -1196, -4058, 1623, 5292, -1813, -6159, 1810, 6594, -1633, -6675, 1360, 6549, -1092, -6338, 923, 6112, -902, -5809, 1047, 5244, -1244, -4343, 1316, 3301, -1138, -2405, 722, 1845, -204, -1631, -169, 1604, 233, -1517, -4, 1216, -344, -664, 685, -19, -1020, 630, 1429, -962, -1918, 948, 2403, -687, -2744, 417, 2754, -430, -2224, 854, 1073, -1551, 520, 2334, -2123, -3129, 3248, 3946, -3523, -4653, 2820, 5025, -1334, -4819, -384, 3862, 1772, -2237, -2500, 352, 2482, 1305, -1771, -2417, 546, 2909, 853, -2920, -1961, 2801, 2332, -2891, -1817, 3359, 654, -4220, 710, 5467, -1812, -6939, 2290, 8234, -1969, -8886, 1037, 8689, 28, -7727, -710, 6240, 746, -4470, -190, 2665, -696
1791219592.979, MrmDetectionListInfo, 416, 250, 44, 7145, 45, 12239, 46, 19080, 47, 27886, 48, 38357, 49, 49716, 50, 61346, 51, 65535, 52, 65535, 53, 65535, 54, 65535, 55, 65535, 56, 65535, 57, 65535, 58, 65535, 59, 65535, 60, 65535, 61, 65535, 62, 65535, 63, 65535, 64, 65535, 65, 65535, 66, 65220, 67, 65535, 68, 65535, 69, 65535, 70, 65535, 71, 65535, 72, 65535, 73, 65535, 74, 65535, 75, 65535, 76, 65535, 77, 65535, 78, 65535, 79, 65535, 80, 65535, 81, 65535, 82, 52341, 83, 39024, 84, 29614, 85, 24666, 86, 24490, 87, 27496, 88, 29762, 89, 27800, 90, 21165, 91, 12489, 93, 6593, 94, 13577, 95, 23076, 96, 30647, 97, 35111, 98, 37869, 99, 40011, 100, 41026, 101, 39886, 102, 36374, 103, 31111, 104, 24756, 105, 17839, 106, 11538, 110, 13562, 111, 16875, 112, 18403, 113, 17936, 114, 16321, 115, 14561, 116, 13121, 117, 12033, 118, 11341, 119, 11244, 120, 11883, 121, 13142, 122, 14689, 123, 16146, 124, 17194, 125, 17576, 126, 17094, 127, 15796, 128, 14363, 129, 13841, 130, 14474, 131, 15217, 132, 14771, 133, 12801, 134, 10108, 135, 7995, 136, 7312, 137, 7608, 145, 6284, 146, 6282, 147, 5609, 148, 4617, 149, 4288, 150, 4907, 151, 5811, 152, 6471, 153, 6868, 154, 6878, 155, 6211, 159, 6613, 160, 7517, 161, 8025, 162, 8598, 163, 9308, 164, 9529, 165, 8690, 166, 6933, 174, 4797, 175, 5632, 176, 5804, 177, 5510, 185, 3917, 186, 4594, 187, 4862, 188, 4803, 189, 4462, 190, 3865, 191, 3075, 198, 3420, 199, 3735, 200, 3944, 201, 4171, 202, 4330, 203, 4294, 204, 4049, 205, 3672, 206, 3220, 207, 2695, 220, 2526, 221, 2782, 222, 2935, 223, 2938, 224, 2816, 225, 2625, 226, 2392, 227, 2113, 245, 1813, 246, 2213, 247, 2502, 248, 2726, 249, 2901, 250, 2988, 251, 2941, 252, 2766, 253, 2548, 254, 2411, 255, 2402, 256, 2450, 257, 2444, 258, 2317, 259, 2112, 260, 1999, 261, 2183, 262, 2682, 263, 3273, 264, 3704, 265, 3907, 266, 3970, 267, 3977, 268, 3923, 269, 3762, 270, 3481, 271, 3115, 272, 2722, 273, 2405, 274, 2277, 275, 2327, 276, 2385, 277, 2294, 278, 2062, 279, 1807, 284, 1098, 285, 1084, 286, 1116, 287, 1161, 288, 1197, 289, 1212, 291, 1173, 292, 1161, 293, 1218, 295, 1519, 296, 1648, 297, 1725, 309, 1681, 310, 1637, 311, 1587, 313, 1535, 339, 2828, 340, 2836, 341, 2806, 355, 2478, 356, 2171, 357, 1816, 358, 1508, 360, 1399, 372, 1351, 373, 1951, 374, 2458, 375, 2888, 376, 3277, 377, 3617, 378, 3881, 379, 4053, 380, 4144, 381, 4170, 382, 4141, 383, 4068, 384, 3964, 385, 3848, 386, 3735, 387, 3633, 388, 3547, 389, 3477, 390, 3415, 391, 3352, 392, 3268, 393, 3146, 394, 2973, 395, 2747, 396, 2480, 397, 2185, 398, 1882, 399, 1587, 440, 3075, 441, 2655, 442, 2370, 443, 2284, 444, 2302, 445, 2205, 446, 1885, 458, 2572, 459, 2490, 460, 2403, 463, 2443, 464, 2864, 465, 3495, 466, 4172, 467, 4729, 468, 5089, 469, 5266, 470, 5289, 471, 5162, 472, 4881, 473, 4491, 474, 4106, 475, 3844, 476, 3679, 477, 3434
1791219593.104, MrmFullScanInfo, 417, 107, 2202490, 0, 0, 0, 0, 10000, 39297, 32, 1, 2, 1, 480, -333457, 513098, 401380, -505592, -478815, 466151, 517658, -332134, -520187, -53655, 519619, 445391, -462292, -516197, 166648, 517965, 140497, -519604, -330284, 511705, 366499, -437450, -285267, 101966, 232269, 185518, 379, -240096, -180286, 432840, 140000, -455087, 1481, 510635, -143677, -510714, 173645, 512134, -144079, -515036, 48529, 513700, 103118, -443551, -300527, 264978, 439573, 17951, -482568, -282502, 392158, 463212, -249753, -514538, 49319, 500446, 124404, -426605, -233074, 261182, 264212, -68233, -211647, -91151, 91002, 169276, 14103, -178545, -100426, 134538, 132636, -57565, -100082, -19325, 16425, 60278, 84541, -43461, -165857, -15322, 188562, 94147, -165272, -159750, 98969, 190836, -7653, -171168, -81457, 108526, 138052, -23480, -145549, -56780, 113448, 109425, -49900, -123381, -13622, 91604, 48139, -43815, -43487, 2981, 11476, 19373, 28213, -11512, -53110, -15474, 55208, 41325, -35516, -53160, -167, 47141, 30074, -24320, -42037, -4737, 38989, 25720, -22230, -32142, -522, 26722, 16384, -11316, -17310, -5620, 6825, 14602, 6189, -10719, -16904, 1, 16514, 11187, -5680, -17051, -9439, 14823, 19481, -4086, -20565, -8940, 15428, 16764, -3425, -17249, -9944, 10694, 16514, -140, -16236, -11060, 10485, 14530, -1273, -11854, -6662, 4181, 7509, 2132, -2838, -6706, -2378, 4903, 5634, 78, -6044, -5484, 1874, 8703, 4548, -8730, -7298, 4451, 10406, 1470, -10515, -5823, 8371, 8193, -2873, -7556, -221, 5385, 1536, -2343, -1216, 83, -756, -846, 3319, 2732, -3630, -5146, 1065, 7116, 2066, -6610, -4730, 4232, 6977, -1337, -7016, -1242, 5560, 2975, -3119, -3369, 1325, 1909, -362, -738, 403, -345, -1098, 1068, 1660, -867, -358, -37, -611, 433, 2335, 40, -3070, -1396, 4643, 2620, -4633, -3527, 2728, 3719, -1427, -3921, -323, 3290, 910, -2962, -594, 2222, 41, -2276, 224, 1863, 46, -2549, 1130, 2315, -486, -1702, -374, 1421, 443, -299, -1758, -307, 1230, 201, -1276, -439, 1051, 427, -370, 205, 206, -474, -154, 894, -581, -1585, 1086, 1777, -705, -1348, 958, 1572, -878, -1447, -165, 1325, -23, -1445, 233, 1365, 524, -1249, -1133, 1374, 1120, -633, -1815, 714, 1838, -706, -2109, 75, 1309, 34, -812, -54, 1244, 97, -402, 83, 594, -268, -798, 265, 901, -602, -1344, 866, 1505, -657, -1419, 150, 1585, 212, -1616, -775, 1849, 1303, -1670, -1445, 1337, 2242, -709, -2760, 923, 2595, -810, -2777, -118, 3788, 1149, -3183, -1394, 3066, 1961, -3293, -2605, 3555, 1700, -3898, -1811, 4486, 1812, -5524, -2298, 5409, 1909, -6314, -2625, 6519, 2884, -6466, -3479, 6733, 4142, -6018, -4781, 5564, 4523, -5318, -2774, 4817, 2382, -3780, -2019, 2840, 1555, -2375, -1237, 2002, 915, -1249, -926, 1536, 1199, -1327, -1721, 1435, 2238, -1825, -2449, 1543, 3448, -975, -4253, 486, 4897, 201, -4715, -597, 4710, 458, -4036, -233, 2893, 247, -1431, 796, 464, -1166, 72, 2125, 178, -2631, -1076, 3300, 1608, -3606, -2324, 2676, 3057, -949, -3728, -1190, 4021, 3748, -3979, -6061, 3574, 7521, -2770, -8407, 1518, 8056, -851, -6813, 474, 5294, -1024, -3831, 1112, 2541, -1101, -1447, 574, 404, 677, 96, -2120, -200, 3676, 611, -4232, -742, 4540, 1305, -4043, -1023, 2834, 1105, -1494, -760, 302, 65, 754, 326, -1180, -222, 1527, 181, -72, 1185, -305, -1860, 958, 2872, -818, -3102, 1328, 3513, -1452, -2928
1791219593.104, MrmFullScanInfo, 417, 107, 2202490, 0, 0, 0, 0, 10000, 39297, 32, 2, 2, 1, 480, 0, 0, 0, 0, 0, 0, 164931, -232342, -310573, 474183, 367789, -497016, -398228, 269927, 452195, 63425, -481748, -340884, 400122, 505645, -199521, -586395, -25825, 595150, 175729, -497534, -220707, 281838, 186827, -619, -115051, -263097, 55455, 448386, -58663, -530725, 132863, 521969, -232200, -468300, 295831, 422587, -288272, -413617, 206288, 428453, -63742, -421221, -116081, 344266, 297290, -182433, -434157, -33342, 485384, 245178, -432287, -402877, 291415, 479990, -109626, -467780, -57370, 370263, 167902, -211307, -204424, 35237, 172926, 109076, -97228, -187854, 10298, 192432, 55394, -137230, -76594, 52399, 46773, 26069, 21391, -68094, -101266, 59842, 163370, -7868, -186168, -64793, 161687, 128752, -96304, -159965, 9184, 147780, 73458, -97137, -127412, 25264, 139263, 44668, -111144, -91440, 59589, 103428, -8369, -82643, -22240, 43148, 24193, -4375, -3466, -17441, -25119, 16326, 45619, 1952, -47738, -24686, 30882, 39225, -3431, -38482, -22449, 23507, 36876, -1935, -35888, -16711, 22513, 25534, -4950, -22511, -8024, 10940, 11519, 2215, -6153, -10068, -3115, 9424, 9880, -1831, -9803, -7799, 2981, 13789, 6775, -12649, -14551, 4998, 16665, 5067, -12031, -12603, 2652, 14257, 7372, -9612, -13963, 1290, 14827, 6497, -10277, -10331, 3144, 9168, 2748, -4399, -4878, -1019, 3220, 4123, 328, -3466, -3213, -276, 3657, 4923, -1415, -7921, -2512, 7722, 6693, -4570, -9607, 102, 10060, 3852, -7960, -6069, 4484, 6149, -1296, -4574, -358, 2507, 117, -1166, 1350, 1262, -2688, -2712, 2755, 4711, -1249, -6103, -1320, 6081, 4014, -4598, -5828, 2233, 6176, 149, -5154, -1739, 3400, 2140, -1703, -1490, 634, 315, -248, 737, 160, -1129, 96, 752, -716, -33, 1689, -391, -2916, 192, 4079, 531, -4656, -1495, 4282, 2454, -3095, -3196, 1662, 3542, -579, -3411, 147, 2906, -222, -2308, 530, 1916, -893, -1763, 1152, 1687, -1097, -1518, 608, 1214, 183, -833, -971, 490, 1460, -240, -1507, 88, 1199, -45, -711, 149, 197, -407, 315, 762, -828, -1072, 1258, 1222, -1472, -1216, 1413, 1167, -1116, -1180, 740, 1267, -448, -1353, 235, 1401, 36, -1414, -419, 1392, 858, -1333, -1278, 1252, 1572, -1116, -1610, 866, 1426, -534, -1149, 256, 893, -131, -692, 166, 580, -316, -600, 555, 741, -837, -924, 1055, 1089, -1057, -1235, 796, 1428, -350, -1680, -138, 1916, 600, -1998, -1075, 1902, 1603, -1746, -2089, 1606, 2465, -1368, -2801, 924, 3159, -327, -3471, -297, 3701, 803, -3916, -1022, 4163, 907, -4474, -613, 4892, 346, -5412, -192, 5976, 184, -6497, -334, 6931, 665, -7219, -1165, 7323, 1767, -7224, -2212, 6924, 2204, -6364, -1729, 5488, 1130, -4399, -734, 3366, 577, -2569, -524, 2035, 510, -1714, -573, 1594, 782, -1681, -1120, 1928, 1534, -2190, -2036, 2300, 2711, -2188, -3516, 1910, 4246, -1557, -4665, 1244, 4616, -1022, -4027, 889, 2966, -829, -1658, 897, 447, -1165, 343, 1679, -551, -2416, 267, 3182, 309, -3596, -1064, 3294, 2016, -2144, -3136, 304, 4269, 1896, -5167, -4059, 5588, 5824, -5399, -6910, 4686, 7154, -3729, -6550, 2859, 5299, -2233, -3737, 1789, 2222, -1294, -1019, 526, 307, 612, -127, -1971, 342, 3242, -643, -4123, 769, 4436, -631, -4122, 306, 3249, 56, -2010, -304, 683, 380, 474, -358, -1185, 397, 1231, -603, -608, 998, -383, -1514, 1339, 2047, -2025, -2463
1791219593.104, MrmFullScanInfo, 417, 107, 2202490, 0, 0, 0, 0, 10000, 39297, 32, 4, 2, 1, 480, 0, 0, 0, 0, 0, 0, -217, -36, 145, 278, 36, -578, -40, 641, 118, -446, -640, 340, 1719, -579, -2786, 962, 3003, -981, -1753, 272, -320, 1046, 1701, -2155, -1750, 2057, 1343, -798, -1473, -477, 1304, 941, 64, -911, -1700, 832, 1745, 329, 83, -5689, -548, 17905, -5911, -34775, 20483, 49383, -34381, -55455, 35712, 52054, -22430, -40568, 4425, 18031, 7951, 23259, -13866, -86229, 16502, 159429, -14914, -221376, 5235, 253233, 12918, -246739, -35191, 205155, 56368, -139978, -71199, 66444, 75746, 1033, -69551, -52012, 56665, 80715, -43196, -86206, 33725, 72958, -29808, -49967, 30630, 27401, -33759, -12600, 36075, 8055, -34580, -11689, 27071, 18898, -13380, -24759, -3691, 25748, 19436, -20863, -29590, 11859, 31980, -2090, -27044, -5121, 17468, 7828, -7126, -6223, -446, 2464, 3462, 585, -2443, -1089, -215, -782, 1703, 3488, -288, -5326, -3823, 5045, 8710, -2177, -11932, -2506, 11855, 7126, -8466, -9625, 3310, 8875, 1447, -5142, -4029, -90, 3882, 4824, -1729, -7361, -968, 7076, 2742, -4645, -2623, 1572, 480, 642, 2877, -1211, -6060, 330, 7787, 1034, -7451, -1793, 5424, 1392, -2817, -31, 827, -1484, -108, 2223, 529, -1566, -1302, -409, 1473, 2961, -367, -4980, -2146, 5599, 5675, -4609, -9343, 2429, 12077, 245, -13120, -2744, 12375, 4567, -10344, -5476, 7771, 5557, -5357, -5133, 3543, 4578, -2384, -4118, 1627, 3823, -920, -3625, 65, 3427, 946, -3130, -1948, 2630, 2736, -1889, -3154, 1049, 3148, -355, -2766, 7, 2096, -17, -1207, 235, 226, -458, 633, 602, -1163, -751, 1358, 1050, -1380, -1565, 1324, 2200, -1128, -2781, 739, 3204, -293, -3455, 98, 3552, -382, -3481, 1078, 3281, -1770, -3037, 2119, 2779, -2048, -2357, 1552, 1618, -642, -584, -535, -503, 1622, 1368, -2233, -1857, 2170, 2010, -1556, -1869, 775, 1407, -168, -645, -107, -232, 155, 973, -159, -1337, 194, 1239, -228, -826, 260, 368, -295, -110, 332, 186, -376, -558, 391, 1090, -272, -1584, -16, 1890, 421, -1956, -843, 1824, 1150, -1522, -1241, 1085, 1215, -634, -1228, 327, 1331, -212, -1457, 237, 1567, -330, -1677, 486, 1730, -691, -1572, 843, 1150, -785, -631, 507, 265, -122, -115, -251, 91, 565, -58, -838, 11, 1061, -73, -1120, 301, 977, -555, -781, 707, 705, -796, -767, 880, 988, -994, -1441, 1200, 2144, -1507, -3039, 1802, 3994, -1938, -4821, 1851, 5375, -1562, -5621, 1177, 5632, -806, -5464, 532, 5169, -392, -4817, 523, 4540, -1057, -4367, 1892, 4180, -2620, -3914, 2860, 3704, -2540, -3677, 1843, 3792, -997, -3885, 168, 3801, 576, -3471, -1154, 2908, 1473, -2137, -1568, 1228, 1634, -341, -1803, -331, 2050, 696, -2285, -743, 2389, 560, -2190, -258, 1581, -94, -651, 508, -335, -1018, 1086, 1641, -1416, -2331, 1296, 2921, -765, -3130, -149, 2691, 1455, -1505, -3032, -267, 4589, 2294, -5767, -4188, 6326, 5615, -6204, -6322, 5493, 6222, -4447, -5391, 3424, 4043, -2669, -2447, 2207, 869, -1873, 504, 1439, -1492, -729, 1930, -199, -1798, 1126, 1335, -1884, -836, 2449, 476, -2809, -237, 2939, 6, -2854, 315, 2626, -672, -2312, 848, 2057, -596, -2046, -142, 2313, 1218, -2595, -2346, 2556, 3239, -2060, -3653
1791219593.104, MrmDetectionListInfo, 417, 185, 50, 12063, 51, 18348, 52, 25737, 53, 33559, 54, 40489, 55, 45075, 56, 46422, 57, 44439, 58, 39593, 59, 32568, 60, 24175, 61, 16002, 63, 12196, 64, 20869, 65, 36297, 66, 55924, 67, 65535, 68, 65535, 69, 65535, 70, 65535, 71, 65535, 72, 65535, 73, 65535, 74, 65535, 75, 65535, 76, 65535, 77, 65535, 78, 65535, 79, 65535, 80, 65258, 81, 49515, 82, 39608, 83, 41602, 84, 54190, 85, 65535, 86, 65535, 87, 65137, 88, 58591, 89, 54309, 90, 50714, 91, 45303, 92, 38375, 93, 32139, 94, 27949, 95, 25413, 96, 23621, 97, 22288, 98, 21604, 99, 21502, 100, 21446, 101, 20815, 102, 19377, 103, 17449, 104, 15811, 105, 15602, 106, 17677, 107, 21248, 108, 23905, 109, 23830, 110, 21368, 111, 18158, 112, 15554, 113, 13989, 114, 12999, 115, 11676, 116, 9472, 117, 6633, 118, 3917, 132, 5769, 133, 6575, 134, 6842, 135, 6977, 136, 7438, 137, 8204, 138, 8768, 139, 8598, 140, 7599, 149, 4335, 150, 4612, 151, 4387, 163, 4099, 164, 4281, 182, 3238, 183, 4000, 184, 4879, 185, 5705, 186, 6293, 187, 6593, 188, 6676, 189, 6667, 190, 6754, 191, 7135, 192, 7743, 193, 8187, 194, 8141, 195, 7659, 196, 7027, 197, 6428, 198, 5843, 199, 5213, 200, 4570, 201, 4008, 202, 3573, 203, 3240, 204, 2959, 205, 2702, 206, 2461, 207, 2228, 211, 2087, 212, 2355, 213, 2516, 238, 1753, 241, 1882, 243, 1820, 244, 1803, 245, 1824, 246, 1889, 247, 1995, 248, 2129, 249, 2272, 250, 2398, 251, 2487, 252, 2523, 253, 2501, 254, 2415, 255, 2254, 256, 2008, 257, 1665, 258, 1240, 265, 2074, 266, 2116, 267, 2027, 268, 1886, 269, 1698, 270, 1444, 355, 2754, 356, 3027, 357, 3253, 358, 3420, 359, 3522, 360, 3560, 361, 3541, 362, 3478, 363, 3383, 364, 3270, 365, 3146, 370, 2608, 371, 2602, 372, 2664, 373, 2790, 374, 2957, 375, 3130, 376, 3272, 377, 3354, 378, 3364, 379, 3307, 380, 3198, 387, 2029, 388, 1999, 389, 2082, 390, 2184, 391, 2204, 392, 2113, 393, 1951, 394, 1764, 395, 1564, 396, 1353, 415, 1264, 416, 1578, 429, 2906, 430, 3850, 431, 4812, 432, 5473, 433, 5809, 434, 5988, 435, 6101, 436, 6093, 437, 5884, 438, 5491, 439, 4994, 440, 4462, 441, 3912, 442, 3347, 443, 2784, 444, 2248
1791219593.229, MrmFullScanInfo, 418, 107, 2202615, 0, 0, 0, 0, 10000, 39297, 32, 1, 2, 1, 480, -342255, 510712, 404992, -503903, -474360, 467009, 518229, -327852, -520192, -55290, 519609, 446968, -462885, -516287, 160365, 517935, 149049, -519469, -332950, 511123, 364201, -436597, -287340, 99172, 226280, 183111, -2533, -242427, -181396, 429890, 140200, -454290, -3211, 511123, -147169, -510007, 180355, 510936, -142146, -515438, 59711, 514823, 82362, -460011, -271097, 316788, 419397, -53930, -479001, -194739, 414712, 375714, -316061, -471023, 151507, 450624, -13818, -367727, -77494, 236790, 117112, -88646, -80568, -35311, 2256, 101495, 69378, -105080, -133491, 68902, 164053, -7499, -142651, -53694, 79098, 87562, 12374, -77852, -101579, 25687, 137979, 43509, -145185, -98949, 111919, 130185, -49892, -120246, -22080, 72737, 78290, -5811, -97658, -61702, 79977, 105935, -32388, -120887, -14948, 93877, 43514, -51548, -43322, 9525, 18648, 18005, 13769, -19916, -35228, 1765, 40620, 16266, -27721, -26369, 2633, 24689, 19709, -10338, -28505, -11118, 25911, 28355, -12619, -35383, -7393, 30784, 20821, -17756, -22097, 1179, 13459, 9816, -1744, -10174, -9009, 3677, 12785, 3330, -6394, -7428, -2389, 6168, 8099, 1147, -8466, -10356, 4560, 14300, 4606, -12319, -12376, 5927, 14505, 2942, -11401, -10341, 6409, 10674, 226, -5415, -4331, -560, 1002, 5687, 5609, -6909, -10732, 2391, 12072, 5512, -8171, -11996, 46, 15069, 10684, -14191, -14108, 7292, 17377, 1321, -17328, -8204, 12080, 11609, -3944, -10419, -3011, 5972, 6297, 69, -6624, -4452, 3130, 5264, 1456, -2959, -4152, -972, 2087, 4680, 537, -8003, -4339, 6049, 7484, -4069, -8750, 1022, 8528, 1871, -5543, -3055, 2318, 3021, 236, -2073, -1668, 1001, 1259, -295, -276, 10, -686, -645, -561, 1047, 1171, -1148, -1673, 459, 3435, -325, -2483, -246, 1966, 963, -1948, -1590, 894, 933, -44, -1558, -742, 1309, 1034, -1569, -1381, 3156, 2384, -1777, -3685, 2009, 3733, -1230, -4294, 222, 3907, -472, -2669, 161, 2755, 306, -2666, 17, 1754, 210, -1856, -1106, 2602, 1119, -1784, -1274, 1534, 1750, -819, -2107, -124, 1933, -655, -2218, -273, 1063, 148, -1420, 79, 1827, 130, -1853, -534, 1717, 593, -1512, -1113, 1021, 1300, -362, -1460, -772, 253, 430, -570, -1064, -445, 2008, 216, 49, 699, -56, -888, 555, 1442, -487, -1142, 209, 2387, 157, -1860, -498, 506, 170, -1192, -526, 885, -363, 241, 1, -633, 5, 454, -253, -787, -229, 1974, 513, -2158, -1702, 767, 2034, -233, -2646, 202, 3218, -28, -4251, -403, 4660, -603, -4368, 1225, 5770, -770, -6831, 1946, 5702, -2491, -5680, 2327, 5229, -2836, -4846, 2556, 3470, -2971, -2938, 2805, 2201, -1527, -1525, 2189, 1373, -1737, -1825, 1094, 2188, -174, -2288, -272, 2611, 1366, -2408, -2318, 1748, 3405, -935, -4695, 2150, 4480, -2670, -4418, 1852, 4781, -1619, -3820, 586, 2847, -463, -1027, -253, -223, 720, 2040, -976, -2745, 632, 4142, -1443, -4625, 643, 3927, -400, -4556, 108, 4626, 677, -4530, -1947, 3286, 3285, -3194, -4832, 2351, 6935, -1077, -6938, -312, 7226, 2823, -6368, -3861, 5673, 4089, -5393, -4409, 5085, 4412, -4933, -5409, 5528, 7137, -5137, -8616, 4044, 10136, -2409, -11242, -412, 11188, 2727, -9623, -3814, 7673, 4653, -6149, -5304, 3033, 4311, -1949, -2685, 1123, 481, -1036, 472, 1760, -1765, -1080, 2150, 1523, -1743, -734, 404, -133, 675, 1366, -969, -2838, 569, 3575, 393, -4422, -1516
1791219593.229, MrmFullScanInfo, 418, 107, 2202615, 0, 0, 0, 0, 10000, 39297, 32, 2, 2, 1, 480, 0, 0, 0, 0, 0, 0, 165385, -232006, -310950, 473090, 367986, -495083, -398678, 267737, 452614, 65131, -480791, -342119, 396708, 507002, -194579, -587995, -29999, 596130, 177522, -497156, -220344, 280326, 185590, 977, -114016, -263720, 54629, 447917, -57516, -529887, 132051, 521256, -232857, -467386, 298414, 421205, -293450, -412651, 216652, 431460, -82560, -435094, -88269, 376866, 264884, -237969, -407267, 41294, 478488, 161135, -460259, -316444, 362177, 391982, -218199, -381001, 74062, 297745, 30554, -170138, -75101, 34153, 61693, 74610, -9040, -132135, -57042, 133121, 110471, -89375, -130205, 23328, 106294, 38899, -44674, -74766, -34508, 72653, 105519, -36132, -147054, -17959, 147995, 67437, -108965, -93813, 42760, 88149, 28887, -52906, -82628, -189, 102874, 54024, -88130, -91269, 50527, 100685, -9211, -81775, -18629, 44937, 24828, -6546, -12195, -18524, -8860, 23775, 26050, -12901, -30578, -4141, 20843, 16872, -2449, -18563, -15669, 8623, 25876, 7805, -24722, -23032, 14024, 30627, 185, -27890, -11059, 16863, 14500, -3282, -10470, -6645, 2389, 9648, 4771, -6447, -7237, 630, 4539, 3413, 853, -2863, -5447, -1896, 6477, 7834, -3125, -11407, -2991, 10513, 8855, -5454, -11860, -1118, 10917, 5802, -6848, -6520, 2207, 3441, 150, 1447, 961, -5230, -4377, 5410, 7615, -1333, -8220, -5464, 5181, 12051, 599, -15377, -7210, 13803, 12826, -8062, -15876, 711, 15125, 5482, -10593, -8651, 3951, 8240, 2264, -5042, -5864, 837, 5935, 2423, -3282, -3411, -41, 1782, 2067, 1659, -1913, -5236, -149, 7321, 3191, -7196, -5957, 5224, 7329, -2341, -6803, -402, 4724, 2242, -2072, -2887, -73, 2504, 1067, -1563, -1014, 665, 577, -275, -364, 457, 642, -898, -1301, 1245, 1996, -1257, -2375, 834, 2352, -114, -2029, -598, 1463, 1123, -719, -1475, -13, 1828, 591, -2254, -1062, 2675, 1601, -2918, -2281, 2865, 2978, -2545, -3437, 2068, 3481, -1543, -3167, 1053, 2733, -674, -2336, 401, 2073, -130, -2029, -159, 2142, 433, -2161, -729, 1909, 1125, -1477, -1572, 1071, 1871, -784, -1867, 573, 1666, -398, -1511, 297, 1537, -239, -1656, 137, 1720, 87, -1622, -442, 1304, 807, -782, -1007, 167, 948, 467, -690, -983, 460, 1143, -409, -769, 542, 36, -725, 634, 933, -955, -1226, 906, 1517, -642, -1600, 317, 1427, -65, -1100, -12, 646, -9, -80, -33, -412, 176, 749, -276, -1080, 201, 1474, 119, -1716, -704, 1640, 1504, -1366, -2388, 1139, 3242, -1114, -3929, 1372, 4362, -1843, -4656, 2412, 4971, -3027, -5204, 3639, 5116, -4092, -4704, 4260, 4129, -4189, -3451, 3994, 2697, -3665, -1942, 3188, 1328, -2647, -960, 2195, 902, -1842, -1143, 1478, 1600, -1012, -2117, 403, 2533, 395, -2707, -1425, 2712, 2575, -2835, -3496, 3197, 3902, -3526, -3836, 3459, 3539, -2917, -3066, 2068, 2325, -1074, -1265, 50, 2, 890, 1278, -1635, -2433, 2149, 3314, -2391, -3822, 2318, 4043, -1947, -4182, 1377, 4309, -591, -4334, -506, 4243, 1975, -4079, -3667, 3809, 5266, -3188, -6445, 2011, 7078, -407, -7248, -1159, 7104, 2258, -6790, -2840, 6490, 3240, -6395, -3868, 6553, 4944, -6727, -6421, 6492, 8090, -5514, -9587, 3802, 10458, -1692, -10380, -375, 9320, 2068, -7525, -3121, 5417, 3291, -3432, -2521, 1926, 1097, -998, 499, 545, -1776, -351, 2361, 228, -2072, -48, 1063, -314, 206, 955, -1185, -1881, 1524
1791219593.229, MrmFullScanInfo, 418, 107, 2202615, 0, 0, 0, 0, 10000, 39297, 32, 4, 2, 1, 480, 0, 0, 0, 0, 0, 0, 390, 319, -375, -945, 269, 1605, -482, -1800, 436, 1416, 732, -1041, -2699, 1101, 3742, -1178, -2879, 524, 1041, 555, 234, -1123, -552, 695, 388, 281, -414, -850, 698, 650, -377, -298, -635, 522, 2158, -1104, -5440, 1306, 12893, 392, -23867, -6428, 32702, 18865, -33194, -36781, 23310, 53980, -4163, -64194, -23975, 69845, 59323, -79734, -94142, 95982, 118794, -109170, -129160, 109436, 127355, -95441, -117543, 72532, 104141, -47504, -92335, 25760, 86813, -10025, -88486, -834, 93249, 10875, -94906, -23913, 89033, 40603, -74424, -58223, 52407, 72555, -26203, -79731, 731, 77745, 18856, -67216, -29280, 51120, 30689, -33909, -25869, 19922, 18219, -11439, -10847, 7869, 6601, -6692, -7202, 5204, 11994, -1702, -18126, -4069, 22214, 11136, -21961, -17738, 17017, 22023, -8844, -22821, -70, 20281, 7303, -15800, -11438, 11232, 12390, -7878, -11150, 5964, 9169, -4853, -7626, 3705, 6971, -1978, -6762, -402, 6103, 3184, -4261, -5855, 1151, 7727, 2644, -8185, -6170, 7019, 8546, -4497, -9286, 1288, 8327, 1775, -5979, -3886, 2992, 4436, -369, -3171, -1056, 488, 884, 2615, 825, -4997, -3518, 5852, 6245, -4845, -7950, 2116, 7904, 1695, -5863, -5603, 2259, 8514, 1943, -9491, -5804, 8161, 8730, -5008, -10318, 1190, 10135, 2052, -8028, -3835, 4498, 3872, -645, -2440, -2276, 232, 3471, 1890, -2944, -3174, 1408, 3128, 198, -1742, -1170, -418, 1227, 2498, -389, -3791, -993, 4049, 2306, -3322, -2910, 1902, 2523, -240, -1376, -1162, 23, 1953, 929, -2011, -1155, 1469, 781, -698, -140, 147, -487, -71, 1052, 416, -1548, -874, 1835, 1136, -1650, -1142, 971, 1008, -189, -744, -257, 273, 228, 489, 163, -1371, -839, 2014, 1827, -2151, -3021, 1769, 4067, -1082, -4510, 363, 4168, 206, -3255, -583, 2243, 770, -1485, -794, 1157, 771, -1301, -785, 1777, 892, -2272, -1182, 2535, 1689, -2530, -2287, 2340, 2728, -1993, -2855, 1482, 2778, -928, -2685, 535, 2646, -272, -2590, -46, 2457, 535, -2200, -1163, 1783, 1777, -1218, -2146, 572, 2095, 154, -1669, -837, 1153, 1164, -790, -870, 655, 99, -674, 712, 863, -1244, -1289, 1424, 1849, -1326, -2294, 1016, 2494, -584, -2499, 175, 2322, 176, -1941, -567, 1472, 1060, -983, -1560, 411, 1904, 246, -1986, -825, 1810, 1222, -1414, -1549, 853, 1973, -186, -2515, -420, 3096, 865, -3587, -1219, 3975, 1547, -4356, -1655, 4743, 1288, -5017, -496, 5130, -483, -5216, 1513, 5428, -2498, -5702, 3308, 5804, -3736, -5548, 3608, 5010, -2853, -4370, 1626, 3692, -224, -2895, -1062, 1894, 2040, -685, -2548, -650, 2610, 1910, -2479, -2733, 2332, 2866, -2058, -2357, 1492, 1441, -692, -255, -153, -1105, 943, 2504, -1678, -3712, 2342, 4528, -2857, -4898, 3189, 4852, -3342, -4531, 3331, 4242, -3221, -4285, 3107, 4638, -2836, -5029, 2043, 5334, -405, -5592, -2024, 5778, 4845, -5617, -7523, 4814, 9666, -3354, -11093, 1591, 11754, -6, -11661, -1152, 10980, 2026, -10053, -2950, 9199, 4221, -8444, -5975, 7557, 8159, -6299, -10451, 4641, 12281, -2758, -13094, 863, 12606, 881, -10876, -2236, 8268, 2880, -5299, -2633, 2517, 1643, -270, -297, -1284, -938, 2122, 1626, -2272, -1476, 1882, 540, -1291, 790, 877, -1973, -833, 2612
1791219593.229, MrmDetectionListInfo, 418, 241, 48, 10562, 49, 14343, 50, 18910, 51, 23670, 52, 27933, 53, 31303, 54, 33599, 55, 34568, 56, 34299, 57, 34516, 58, 38269, 59, 46988, 60, 58923, 61, 65535, 62, 65535, 63, 65535, 64, 65535, 65, 65535, 66, 65535, 67, 65535, 68, 65535, 69, 65535, 70, 65535, 71, 65535, 72, 65535, 73, 65535, 74, 65535, 75, 61717, 76, 55240, 77, 50510, 78, 47510, 79, 46150, 80, 46600, 81, 49127, 82, 53171, 83, 57158, 84, 59781, 85, 61019, 86, 61543, 87, 61589, 88, 60723, 89, 58465, 90, 54788, 91, 50008, 92, 44830, 93, 41085, 94, 41017, 95, 44204, 96, 46775, 97, 45320, 98, 40212, 99, 34210, 100, 29090, 101, 24604, 102, 20000, 103, 15406, 104, 11598, 105, 9037, 111, 8086, 112, 9093, 113, 10615, 114, 12810, 115, 15316, 116, 17457, 117, 18705, 118, 18946, 119, 18350, 120, 17085, 121, 15225, 122, 12999, 123, 11210, 124, 10889, 125, 11998, 126, 13109, 127, 12944, 128, 11656, 129, 10268, 130, 9364, 131, 8728, 132, 7967, 133, 7063, 134, 6265, 147, 5401, 148, 6475, 149, 7228, 150, 7407, 151, 7119, 152, 6560, 153, 5843, 169, 4848, 170, 5611, 171, 6008, 172, 6013, 173, 5659, 174, 5096, 175, 4585, 176, 4371, 180, 5279, 181, 5767, 182, 6607, 183, 7503, 184, 7978, 185, 7810, 186, 7176, 187, 6404, 188, 5778, 189, 5478, 190, 5453, 191, 5391, 192, 4959, 193, 4056, 194, 2887, 212, 2324, 213, 2594, 214, 2853, 254, 1797, 255, 2108, 256, 2357, 257, 2562, 258, 2709, 259, 2765, 260, 2710, 261, 2557, 262, 2343, 263, 2117, 264, 1914, 266, 1592, 267, 1430, 268, 1257, 269, 1101, 273, 1067, 274, 1190, 275, 1347, 276, 1522, 277, 1699, 278, 1868, 279, 2025, 280, 2170, 281, 2296, 282, 2394, 283, 2449, 284, 2448, 285, 2386, 286, 2268, 287, 2111, 288, 1940, 289, 1782, 290, 1655, 291, 1561, 292, 1489, 293, 1422, 325, 1621, 355, 2727, 356, 2895, 357, 3038, 358, 3123, 359, 3132, 360, 3064, 361, 2936, 362, 2804, 363, 2757, 364, 2866, 365, 3134, 366, 3493, 367, 3849, 368, 4148, 369, 4390, 370, 4584, 371, 4708, 372, 4723, 373, 4607, 374, 4370, 375, 4039, 376, 3634, 377, 3171, 378, 2663, 387, 1649, 388, 1960, 389, 2300, 390, 2531, 391, 2614, 392, 2584, 393, 2478, 394, 2287, 395, 1988, 396, 1587, 407, 3647, 408, 3896, 409, 4031, 410, 4070, 411, 4053, 412, 4004, 413, 3926, 414, 3831, 415, 3748, 416, 3709, 417, 3724, 418, 3775, 419, 3820, 420, 3818, 424, 3083, 425, 3275, 426, 3919, 427, 4794, 428, 5585, 429, 6146, 430, 6521, 431, 6783, 432, 6929, 433, 6917, 434, 6745, 435, 6464, 436, 6157, 437, 5946, 438, 5959, 439, 6170, 440, 6368, 441, 6388, 442, 6289, 443, 6252, 444, 6369, 445, 6594, 446, 6845, 447, 7098, 448, 7364, 449, 7635, 450, 7870, 451, 8016, 452, 8043, 453, 7938, 454, 7692, 455, 7313, 456, 6871, 457, 6492, 458, 6242, 459, 6061, 460, 5798, 461, 5326, 462, 4634, 463, 3808, 464, 2940
1791219593.354, MrmFullScanInfo, 419, 107, 2202740, 0, 0, 0, 0, 10000, 39297, 32, 1, 2, 1, 480, -334778, 512598, 402451, -503367, -478325, 465384, 517392, -332648, -520190, -52780, 519817, 448797, -461025, -515587, 165511, 518342, 141123, -519714, -332850, 511917, 365804, -436902, -282929, 102116, 228793, 185240, -565, -239412, -182648, 430355, 135524, -452898, -2477, 511593, -144068, -511058, 180962, 513521, -148471, -514025, 54981, 515532, 83120, -464879, -265281, 329066, 400871, -79851, -454498, -167569, 379893, 353072, -242876, -453497, 56912, 435105, 101420, -347170, -180484, 219597, 181395, -80123, -93539, -31350, -23697, 96120, 138014, -99170, -219445, 66026, 240231, -13612, -193413, -40077, 94901, 61284, 17859, -36052, -116617, -25994, 165592, 97768, -160974, -150344, 116132, 168433, -44355, -144221, -35464, 82081, 91783, -3201, -105913, -67511, 85026, 111003, -32536, -122126, -17301, 90068, 45685, -43935, -42821, 2343, 15486, 24157, 18533, -23983, -42608, 4949, 49565, 16742, -38991, -29539, 14085, 31866, 9684, -20382, -20518, 1304, 21790, 16094, -13115, -24016, -2008, 22966, 12403, -13462, -12309, 547, 4825, 8086, 6862, -7389, -16674, 1253, 19612, 4214, -13382, -7934, 4304, 6688, 3162, 566, -6592, -10362, 4159, 14465, 1651, -14496, -8666, 10608, 11575, -1975, -9875, -5069, 5370, 7434, -380, -6334, -3572, 3026, 2369, 701, 2696, -1781, -6700, -1049, 8593, 6163, -6804, -10460, 1081, 12994, 6107, -12162, -8967, 7416, 11779, -1455, -12703, -3851, 9030, 5906, -3730, -6146, -876, 3898, 3100, -604, -3127, -1496, 1253, 1348, 1903, 1600, -2616, -4965, 1370, 8734, 1868, -11025, -4915, 9836, 7531, -7918, -8154, 4726, 6787, -870, -4220, -1441, 1095, 2749, 1559, -3077, -3208, 2960, 2920, -1993, -1919, 1485, 946, -1377, -582, 978, -308, -857, 891, 114, -886, -49, 824, -510, -703, 880, 1322, -1312, -1767, 1685, 1749, -1676, -1551, 1891, 1131, -1648, -935, 996, 761, -1292, -444, 864, 345, -238, -280, 364, 129, -518, 56, -440, 659, 962, 82, -1899, -243, 2615, 983, -2941, -1876, 2924, 2116, -2131, -1776, 1315, 2039, -703, -2224, -743, 1408, 1506, -808, -2087, 73, 2361, -117, -2341, 560, 2278, -314, -2641, 314, 3266, -1161, -2805, 1345, 2541, -211, -2205, 454, 808, 265, -383, -419, -608, 718, 1533, -429, -2258, 127, 3287, -3, -3449, -114, 3180, 24, -2982, -1547, 2765, 1847, -2225, -2517, 1788, 2512, -564, -1535, -761, 744, 1601, 185, -1438, -415, 1944, 1433, -842, -674, -545, 234, 1918, 783, -3178, -1697, 3726, 1925, -4141, -1758, 4275, 770, -4267, 595, 4601, -2118, -5024, 1934, 4907, -2504, -5182, 1926, 4782, -1244, -4216, 399, 3554, 394, -2990, -510, 2200, 584, -1661, 30, 1603, 158, -1184, -42, 1811, 75, -1380, -402, 712, 330, -53, -809, -875, 586, 867, -285, -163, 507, -509, -537, 1739, 580, -3187, -1267, 2862, 409, -3585, -2, 4164, -1206, -3949, 3345, 2561, -4576, -1329, 5246, -90, -6221, 2034, 6973, -3161, -7533, 3996, 7489, -2606, -7136, -210, 5754, 3357, -3728, -7231, 981, 8925, 3135, -9456, -5171, 7458, 8206, -5096, -8334, 1774, 7273, 481, -5981, -1242, 3766, 917, -2837, 384, 3257, -1579, -4630, 1470, 5994, 184, -7121, -3142, 7179, 6589, -3959, -8113, 2143, 9734, 1078, -9486, -3859, 6837, 5535, -4376, -5364, 203, 3284, 1868, -812, -2698, -967, 2482, 2282, -1409, -2014, 553, 26, 42, 1417, -85, -4202, -1411, 4913, 2674, -5079, -3808
1791219593.354, MrmFullScanInfo, 419, 107, 2202740, 0, 0, 0, 0, 10000, 39297, 32, 2, 2, 1, 480, 0, 0, 0, 0, 0, 0, 165068, -232003, -310834, 473692, 368026, -496603, -398286, 269442, 452001, 64183, -481313, -341785, 399387, 506435, -198519, -586999, -26686, 595476, 175710, -497405, -219529, 281258, 185017, -70, -113574, -262860, 54710, 447121, -58217, -529158, 132715, 521077, -233346, -468026, 299284, 422065, -294544, -413393, 217451, 433231, -84739, -440157, -80260, 386792, 246512, -251923, -374802, 55209, 428220, 153444, -388987, -319732, 270831, 406400, -115864, -401971, -21759, 318482, 99251, -184182, -101433, 36832, 41673, 85344, 48822, -155247, -134370, 164438, 184558, -123070, -182007, 54960, 126858, 9733, -35696, -44898, -64387, 38805, 144702, 2109, -183879, -57778, 173539, 104108, -119427, -122588, 39698, 106127, 40233, -60094, -95997, -930, 113322, 58252, -93190, -94756, 50323, 100808, -5850, -78020, -22294, 38458, 26419, 917, -10473, -25512, -14098, 29297, 34404, -16246, -41312, -3564, 32958, 19498, -14707, -24481, -4670, 17380, 17630, -2795, -20534, -11950, 14536, 20520, -4639, -19997, -3190, 11860, 5142, -1047, -911, -7030, -6555, 9462, 12727, -6683, -14125, 1587, 10251, 2057, -3371, -1650, -3133, -2657, 6378, 8368, -5188, -12357, 668, 12506, 4568, -8595, -7959, 2456, 8206, 3118, -5708, -5991, 2357, 5590, -386, -2938, 929, 162, -3393, 642, 6034, 1406, -6953, -5571, 5228, 9946, -1343, -12338, -3437, 11451, 7814, -7675, -10523, 2673, 10532, 1771, -7802, -4448, 3576, 4931, 359, -3613, -2544, 1635, 2460, -356, -684, 728, -1412, -2928, 2498, 6249, -1969, -9364, 70, 11002, 2373, -10511, -4352, 8047, 5132, -4385, -4512, 615, 2806, 2353, -698, -4044, -1009, 4405, 1805, -3738, -1702, 2597, 1085, -1517, -320, 744, -365, -228, 829, -148, -978, 462, 895, -758, -793, 1113, 827, -1539, -949, 1960, 994, -2228, -868, 2223, 638, -1950, -425, 1560, 285, -1178, -193, 839, 143, -560, -106, 354, 93, -125, -148, -260, 278, 863, -379, -1621, 311, 2404, -16, -3000, -422, 3202, 859, -2905, -1236, 2185, 1565, -1212, -1782, 151, 1770, 867, -1522, -1695, 1221, 2212, -1044, -2393, 1021, 2407, -1116, -2439, 1364, 2474, -1668, -2373, 1777, 2077, -1506, -1617, 924, 1039, -216, -381, -432, -331, 880, 1131, -1092, -1986, 1146, 2747, -1140, -3200, 1023, 3284, -630, -3148, -67, 2977, 888, -2758, -1516, 2299, 1753, -1416, -1582, 214, 1169, 953, -658, -1719, 147, 1861, 267, -1283, -480, 64, 444, 1502, -209, -3012, -83, 4138, 227, -4718, -14, 4790, -669, -4531, 1711, 4168, -2778, -3889, 3531, 3784, -3782, -3796, 3519, 3801, -2818, -3693, 1882, 3445, -979, -3047, 355, 2534, -95, -1980, 105, 1537, -218, -1310, 307, 1249, -309, -1146, 165, 822, 148, -299, -527, -192, 799, 384, -837, -110, 649, -625, -344, 1639, 15, -2619, 326, 3323, -763, -3674, 1484, 3604, -2574, -2919, 3834, 1574, -4872, 202, 5469, -2077, -5705, 3802, 5763, -5091, -5751, 5509, 5717, -4623, -5645, 2298, 5423, 1112, -4760, -4841, 3382, 7952, -1201, -9660, -1525, 9639, 4205, -8056, -6163, 5519, 6931, -2870, -6488, 926, 5255, -144, -3950, 483, 3265, -1387, -3521, 1998, 4615, -1543, -5983, -210, 6856, 2914, -6642, -5848, 5226, 8173, -2892, -9199, 158, 8570, 2255, -6397, -3648, 3281, 3707, -131, -2627, -2163, 995, 3158, 430, -2911, -1016, 1844, 480, -565, 1007, -314, -2920, 425
1791219593.354, MrmFullScanInfo, 419, 107, 2202740, 0, 0, 0, 0, 10000, 39297, 32, 4, 2, 1, 480, 0, 0, 0, 0, 0, 0, -149, 134, -41, 214, 146, -865, 203, 976, -446, -373, -199, -101, 1528, -88, -2324, 475, 2032, -407, -1340, -10, 993, 391, -988, -637, 819, 887, -298, -1145, -204, 1061, 348, -371, -734, -369, 1952, 337, -3752, -162, 6871, 2186, -13501, -8728, 24328, 19857, -36753, -32363, 48559, 39930, -59508, -37571, 68880, 27862, -73382, -19283, 68263, 17368, -49088, -20245, 14594, 23758, 30083, -26301, -74545, 28316, 107578, -30164, -121384, 31093, 113862, -30157, -89661, 27519, 57952, -24748, -27396, 23185, 3278, -22185, 12131, 19774, -18539, -14578, 17657, 6780, -12799, 2144, 7275, -9995, -3330, 14755, 1879, -15413, -2542, 12464, 4104, -7453, -5305, 2072, 5600, 2435, -5298, -5529, 4850, 7510, -4247, -8996, 2951, 10252, -314, -10881, -3737, 10118, 8453, -7419, -12497, 3022, 14508, 1967, -13589, -6112, 9766, 8323, -4133, -8250, -1508, 6300, 5566, -3443, -7404, 889, 7447, 313, -6656, 240, 5970, -2060, -5900, 4043, 6266, -5115, -6430, 4789, 5791, -3314, -4108, 1542, 1599, -364, 1121, 257, -3271, -1050, 4265, 2045, -3839, -2389, 2185, 1632, -11, 34, -1732, -1988, 2493, 3527, -2342, -4106, 1723, 3618, -1148, -2443, 961, 1209, -1190, -483, 1588, 541, -1849, -1268, 1772, 2215, -1252, -2847, 357, 2809, 695, -2038, -1564, 802, 1974, 536, -1804, -1696, 1251, 2576, -704, -3184, 445, 3623, -492, -4033, 719, 4442, -1034, -4643, 1322, 4330, -1429, -3350, 1306, 1841, -1088, -102, 983, -1489, -1051, 2574, 1189, -2916, -1180, 2502, 807, -1541, 32, 399, -1260, 547, 2613, -1080, -3651, 1169, 4048, -898, -3816, 514, 3217, -290, -2430, 324, 1554, -475, -731, 476, 116, -176, 268, -342, -535, 880, 829, -1281, -1179, 1472, 1532, -1452, -1756, 1368, 1763, -1425, -1586, 1753, 1360, -2290, -1268, 2847, 1453, -3217, -1827, 3241, 2110, -2795, -2151, 1884, 2066, -674, -1962, -553, 1810, 1557, -1559, -2234, 1306, 2634, -1186, -2842, 1216, 2979, -1347, -3112, 1579, 3151, -1791, -2912, 1787, 2341, -1460, -1548, 906, 655, -274, 220, -351, -948, 889, 1491, -1279, -1927, 1503, 2354, -1624, -2713, 1631, 2938, -1319, -3044, 558, 3079, 477, -2930, -1404, 2369, 2007, -1306, -2237, -24, 2114, 1263, -1724, -2142, 1300, 2499, -1013, -2266, 821, 1548, -640, -614, 496, -235, -417, 759, 344, -864, -175, 638, -209, -177, 819, -413, -1410, 913, 1697, -1091, -1594, 982, 1201, -788, -602, 631, -46, -530, 499, 518, -592, -616, 413, 778, -169, -873, -46, 843, 263, -781, -471, 867, 609, -1196, -679, 1669, 852, -2110, -1265, 2435, 1841, -2532, -2376, 2179, 2791, -1256, -3157, -13, 3480, 1290, -3713, -2363, 3932, 3043, -4230, -3026, 4502, 2195, -4466, -759, 4077, -979, -3588, 2829, 3245, -4509, -3085, 5522, 3084, -5378, -3194, 3873, 3260, -1265, -2955, -1811, 2019, 4571, -479, -6316, -1333, 6658, 2978, -5581, -4095, 3505, 4447, -1121, -3941, -861, 2697, 2023, -1142, -2297, -127, 1968, 674, -1551, -386, 1566, -422, -2259, 1206, 3561, -1457, -5130, 965, 6423, 221, -6930, -1865, 6404, 3484, -4917, -4510, 2835, 4581, -728, -3714, -803, 2254, 1494, -762, -1453, -191, 966, 304, -352, 340, -88, -1298, 160
1791219593.354, MrmDetectionListInfo, 419, 192, 49, 10498, 50, 15247, 51, 20933, 52, 27163, 53, 33457, 54, 39325, 55, 44318, 56, 48086, 57, 50417, 58, 51294, 59, 50891, 60, 49503, 61, 47418, 62, 44778, 63, 41484, 64, 37221, 65, 31579, 66, 24890, 67, 19757, 68, 20353, 69, 28531, 70, 41623, 71, 54740, 72, 64526, 73, 65535, 74, 65535, 75, 65535, 76, 65535, 77, 65535, 78, 64732, 79, 56663, 80, 47964, 81, 39230, 82, 30852, 83, 23210, 84, 16874, 85, 13011, 86, 12831, 87, 15652, 88, 18528, 89, 18836, 90, 16455, 91, 13037, 92, 9981, 93, 7668, 94, 6218, 96, 7075, 97, 8421, 98, 9063, 99, 8887, 100, 8444, 101, 8094, 102, 7684, 112, 6170, 113, 6256, 114, 6300, 115, 6223, 116, 5974, 117, 5807, 118, 6177, 119, 7185, 120, 8339, 121, 9044, 122, 9116, 123, 8782, 124, 8381, 125, 8170, 126, 8256, 127, 8577, 128, 8823, 129, 8536, 130, 7522, 131, 6110, 147, 5638, 148, 5775, 149, 5686, 150, 5361, 151, 4771, 206, 2081, 207, 2217, 208, 2363, 209, 2527, 210, 2699, 211, 2845, 212, 2929, 213, 2924, 214, 2813, 224, 2026, 225, 2075, 226, 2001, 227, 1887, 235, 1916, 236, 2276, 237, 2467, 238, 2550, 239, 2538, 240, 2419, 241, 2208, 242, 1955, 243, 1709, 244, 1489, 258, 1190, 259, 1331, 260, 1450, 261, 1533, 266, 1564, 267, 1583, 268, 1631, 269, 1714, 270, 1829, 271, 1973, 272, 2138, 273, 2308, 274, 2463, 275, 2574, 276, 2616, 277, 2567, 278, 2424, 279, 2195, 284, 1226, 285, 1422, 286, 1657, 287, 1823, 288, 1886, 289, 1899, 290, 1925, 291, 1980, 292, 2040, 293, 2093, 294, 2147, 295, 2217, 296, 2302, 297, 2382, 298, 2427, 299, 2415, 313, 1573, 325, 1760, 326, 1902, 327, 2045, 328, 2069, 329, 1925, 340, 1540, 360, 1387, 387, 1440, 388, 1633, 389, 1841, 390, 2049, 391, 2229, 392, 2355, 393, 2404, 394, 2367, 395, 2246, 396, 2059, 397, 1859, 398, 1777, 399, 1973, 400, 2438, 401, 2944, 402, 3281, 404, 3551, 406, 3691, 407, 3566, 408, 3270, 409, 2871, 410, 2503, 411, 2324, 412, 2422, 413, 2763, 414, 3214, 415, 3631, 416, 3945, 417, 4163, 418, 4299, 419, 4325, 420, 4192, 427, 2593, 428, 3024, 429, 3315, 430, 3593, 431, 3998, 432, 4445, 433, 4697, 457, 3437, 458, 3540, 459, 3661, 460, 3917, 461, 4303, 462, 4625, 463, 4684, 464, 4457, 465, 4050, 466, 3551
1791219593.479, MrmFullScanInfo, 420, 107, 2202865, 0, 0, 0, 0, 10000, 39297, 32, 1, 2, 1, 480, -336105, 513208, 401960, -504098, -475439, 466725, 517651, -329374, -520192, -51691, 519697, 448960, -463274, -516001, 166129, 518319, 136710, -519532, -330249, 512081, 363033, -437947, -286749, 103891, 228097, 185055, 2048, -243944, -181655, 433354, 136094, -456667, 5854, 510515, -145160, -511663, 178317, 514342, -146534, -515132, 60453, 516170, 85882, -464648, -260371, 335856, 408707, -83677, -460124, -168148, 393614, 360507, -260705, -465853, 63962, 453865, 110237, -392594, -227924, 292110, 266998, -186676, -220939, 101105, 123329, -58766, -30055, 46673, -54282, -59438, 96122, 82668, -77749, -98560, 12805, 89606, 73812, -41929, -155106, -36444, 194622, 120828, -198187, -182484, 159601, 212476, -92013, -197695, 13070, 141927, 53673, -64248, -84837, -16404, 77170, 76300, -39419, -103217, -3713, 86418, 33442, -48617, -30976, 8637, 5186, 21091, 29817, -26160, -55169, 9140, 64045, 11495, -52948, -26962, 24490, 31347, 6044, -22424, -25658, 1749, 33013, 17755, -28540, -28939, 12559, 30040, 3711, -21474, -10800, 7481, 8851, 5185, -3275, -8514, -5907, 6094, 9671, -936, -4211, -2950, -4504, 2997, 11771, 2880, -14492, -11164, 12451, 15441, -4653, -16337, -3777, 11585, 9276, -3320, -9887, -5118, 7186, 9236, -2599, -8408, -2181, 4973, 903, -531, 3465, -1225, -8718, -1276, 10415, 6848, -9231, -11229, 2683, 13941, 6958, -14087, -11070, 8527, 16885, -1215, -17706, -6188, 15779, 10481, -9512, -11653, 3094, 9522, 1060, -5176, -2538, 1649, 1394, -795, 1221, 1655, -3238, -3933, 1929, 6462, 1134, -8408, -4309, 7048, 7699, -5041, -9115, 1712, 8335, 1193, -5220, -2416, 2120, 2684, 967, -721, -3253, -287, 3510, 896, -1612, -1145, 972, 982, -266, 2, 277, -813, -688, 494, 1703, -933, -1750, -33, 1740, 1113, -344, -877, -1078, 728, 2765, 299, -3744, -1069, 3296, 2920, -2942, -3253, 2011, 3165, -1111, -2056, -23, 1407, -198, -1274, 425, 1230, -336, -1365, 401, 1604, 98, -2270, -628, 2263, 1386, -1961, -1709, 627, 2537, 612, -2537, -1354, 2135, 1533, -2096, -1456, 1774, 1431, -1713, -582, 1373, 525, -1947, -357, 2194, -90, -3785, -1121, 2063, 1075, -1450, -969, 133, 351, 953, -221, -1361, -863, 1706, 2402, -1144, -2529, 929, 3641, 220, -3283, -842, 3781, 1200, -3520, -2163, 3591, 2838, -3688, -3740, 3441, 3860, -2597, -4546, 637, 3328, -183, -2083, -2218, 1045, 3705, 983, -3812, -1947, 3178, 1856, -1447, -1423, -968, 111, 3065, 1222, -3617, -2268, 3848, 3772, -4220, -2580, 3665, 1839, -3617, 50, 4295, -2330, -5096, 3444, 5090, -3076, -5628, 3082, 4883, -2694, -4095, 2140, 2204, -1774, -1189, 1745, 112, -1320, -216, 586, 1004, -684, -1547, 303, 2445, 495, -2740, -1121, 2133, 1333, -1885, -1195, 1144, 764, -1247, -1243, 1487, 1008, -2519, -1459, 3614, 2196, -4439, -2580, 4169, 2745, -3831, -2120, 3710, 670, -2607, 1265, 1276, -3152, 1310, 5127, -4594, -7501, 6666, 9500, -7953, -11075, 8441, 11602, -6405, -11023, 2622, 8381, 1889, -5465, -6570, 1284, 9352, 3129, -10070, -6802, 8439, 8218, -6384, -7883, 3572, 6400, -1831, -4590, 1040, 2988, -2046, -2909, 3233, 4510, -3910, -7134, 3583, 9832, -229, -10901, -3431, 10027, 6963, -6733, -8275, 3322, 9070, -9, -7906, -3544, 5664, 5251, -2011, -4898, -981, 2835, 2895, -429, -3632, -847, 2969, 1442, -2019, -1552, 1004, 974, -362, 249, 439, -1056, -1184, 1623, 1710, -1046, -2176
1791219593.479, MrmFullScanInfo, 420, 107, 2202865, 0, 0, 0, 0, 10000, 39297, 32, 2, 2, 1, 480, 0, 0, 0, 0, 0, 0, 164723, -231997, -310019, 473360, 367236, -495935, -398131, 268872, 452607, 64272, -482612, -341386, 401365, 505647, -201077, -586012, -24187, 594778, 174180, -497569, -219035, 281998, 184883, -87, -113471, -264613, 55536, 450028, -60891, -531393, 136478, 521586, -236057, -467590, 299912, 422103, -294176, -414169, 217657, 434378, -85632, -441906, -79940, 389676, 248467, -255416, -380905, 57485, 439195, 154522, -402619, -327610, 280490, 428243, -112118, -448980, -47508, 402062, 150989, -310459, -177081, 202383, 134911, -105439, -54033, 39558, -30044, -12091, 86663, 17878, -96768, -41874, 57293, 63591, 18796, -64148, -107883, 34614, 183865, 19724, -225746, -82303, 222670, 133025, -175976, -156026, 99258, 144425, -14944, -101685, -52828, 39893, 87266, 23375, -85057, -69863, 56579, 87226, -20441, -73914, -5162, 39493, 10466, -336, 2968, -27431, -25430, 35114, 44549, -24338, -50525, 4067, 40205, 14719, -18057, -23504, -6972, 19436, 26035, -5954, -33537, -9821, 28868, 20995, -16442, -23502, 3081, 17447, 5643, -6811, -7537, -2944, 4149, 7950, 408, -7418, -2063, 3389, -608, 514, 6088, -1225, -11341, -1924, 13493, 7092, -11186, -11298, 5271, 12082, 1753, -8711, -7190, 2664, 9304, 3280, -8022, -6665, 5016, 6569, -2755, -3853, 2847, 727, -5075, 475, 7764, 1340, -8685, -5609, 6493, 10491, -1444, -13604, -5029, 13157, 11288, -9054, -15754, 2882, 17030, 3186, -14681, -7365, 9716, 8770, -4166, -7617, 52, 5087, 1484, -2680, -655, 1533, -1124, -2118, 2196, 4115, -1619, -6467, -524, 7919, 3434, -7682, -5943, 5789, 7029, -2925, -6285, 136, 4017, 1693, -1021, -2266, -1639, 1861, 3068, -959, -3050, 26, 2130, 512, -1074, -460, 417, -38, -342, 636, 702, -947, -1120, 761, 1209, -157, -707, -517, -406, 937, 1826, -871, -3064, 235, 3760, 792, -3815, -1761, 3288, 2246, -2336, -2182, 1313, 1814, -597, -1426, 351, 1186, -417, -1172, 522, 1415, -456, -1821, 153, 2139, 375, -2066, -1091, 1506, 1877, -654, -2510, -147, 2799, 675, -2727, -852, 2416, 730, -2035, -428, 1779, 66, -1840, 254, 2202, -420, -2535, 337, 2459, -38, -1806, -304, 757, 516, 373, -395, -1285, -163, 1846, 1076, -2019, -2070, 1806, 2916, -1284, -3516, 602, 3878, 124, -4086, -865, 4245, 1592, -4354, -2246, 4216, 2773, -3621, -3055, 2493, 2972, -868, -2491, -1043, 1719, 2802, -813, -3826, -28, 3695, 619, -2335, -861, 146, 746, 2147, -252, -3910, -495, 4902, 1136, -5165, -1219, 4890, 493, -4379, 974, 3915, -2755, -3631, 4217, 3551, -4926, -3570, 4878, 3437, -4295, -2903, 3429, 1973, -2503, -908, 1672, 136, -1033, 34, 683, 412, -609, -1206, 619, 1997, -478, -2505, 140, 2597, 252, -2324, -545, 1914, 702, -1677, -743, 1882, 720, -2585, -691, 3573, 725, -4441, -807, 4866, 796, -4722, -445, 3990, -400, -2591, 1643, 419, -3005, 2463, 4261, -5667, -5368, 8587, 6381, -10586, -7275, 11101, 7886, -9694, -8000, 6307, 7465, -1469, -6172, -3754, 4057, 8127, -1237, -10698, -1777, 11124, 4245, -9683, -5584, 7148, 5669, -4530, -4821, 2768, 3687, -2325, -3020, 3046, 3403, -4166, -4940, 4649, 7180, -3692, -9231, 1240, 10143, 2042, -9381, -5195, 7042, 7383, -3699, -8077, 174, 7123, 2648, -4791, -4075, 1740, 3968, 1157, -2783, -3120, 1252, 3769, 41, -3259, -767, 2143, 810, -1045, -244, 405, -624, -348
1791219593.479, MrmFullScanInfo, 420, 107, 2202865, 0, 0, 0, 0, 10000, 39297, 32, 4, 2, 1, 480, 0, 0, 0, 0, 0, 0, -425, 41, 824, -200, -753, 254, 267, -106, 403, -119, -1412, 409, 2708, -878, -3639, 1225, 3407, -861, -2075, -225, 857, 961, -486, -276, 384, -1470, 776, 2541, -2839, -1858, 3947, 366, -2971, 272, 1234, 244, -586, -976, 1562, 2156, -3646, -5161, 6306, 10115, -8634, -14628, 9572, 15306, -9821, -10401, 12080, -549, -19802, 18809, 33823, -46718, -50934, 84624, 65482, -127776, -73248, 166514, 74107, -189935, -70891, 191133, 66660, -169933, -62751, 132256, 59157, -87088, -55386, 43475, 51477, -7969, -48770, -16448, 49051, 30085, -52684, -35768, 57979, 37454, -61999, -38332, 61693, 39526, -55095, -40042, 42300, 37982, -25515, -32249, 8410, 23515, 5268, -13806, -13330, 5695, 16028, -1377, -15252, 1514, 13258, -4821, -11801, 8771, 11530, -10914, -11790, 9917, 11089, -5963, -8154, 602, 2776, 4070, 4007, -6424, -10210, 5930, 13688, -3058, -13218, -884, 9116, 4177, -2943, -5418, -3233, 4275, 7677, -1563, -9647, -1289, 9563, 3027, -8418, -3122, 7178, 1888, -6371, -259, 6057, -785, -5931, 799, 5503, 0, -4381, -955, 2540, 1397, -376, -980, -1514, -81, 2626, 1266, -2843, -2083, 2489, 2301, -2047, -1944, 1826, 1243, -1725, -599, 1436, 416, -676, -795, -551, 1373, 2082, -1572, -3716, 1055, 5168, 94, -6025, -1493, 5937, 2724, -4930, -3478, 3375, 3604, -1783, -3076, 605, 1994, 4, -624, -197, -602, 261, 1332, -389, -1485, 652, 1244, -961, -829, 1133, 394, -1021, 63, 577, -605, 189, 1176, -1074, -1563, 1690, 1679, -1739, -1618, 1297, 1431, -700, -1040, 275, 407, -157, 333, 283, -900, -479, 1116, 552, -1035, -285, 905, -442, -929, 1504, 1249, -2553, -1936, 3223, 2871, -3294, -3691, 2726, 4005, -1650, -3713, 444, 3066, 437, -2380, -767, 1808, 719, -1381, -609, 1124, 623, -977, -775, 741, 1065, -232, -1499, -503, 1979, 1231, -2258, -1688, 2177, 1752, -1832, -1382, 1449, 653, -1182, 206, 1092, -933, -1258, 1364, 1638, -1507, -1910, 1427, 1656, -1174, -757, 861, -422, -619, 1422, 636, -1963, -1013, 2041, 1654, -1782, -2239, 1311, 2481, -722, -2352, 75, 2071, 588, -1935, -1185, 2087, 1609, -2377, -1834, 2441, 1936, -2025, -1957, 1153, 1895, 0, -1709, -1221, 1342, 2285, -832, -2871, 382, 2727, -143, -1847, 79, 599, -103, 478, 315, -1038, -757, 1076, 1254, -764, -1519, 291, 1357, 184, -713, -565, -214, 804, 1026, -851, -1447, 769, 1522, -774, -1413, 1070, 1218, -1634, -992, 2225, 724, -2474, -402, 2148, 135, -1329, -37, 363, 65, 431, -46, -924, -26, 1140, -6, -1160, 255, 1057, -627, -888, 920, 797, -993, -932, 870, 1322, -615, -1775, 269, 2061, 132, -2039, -489, 1689, 682, -1003, -637, -123, 352, 1780, 152, -3792, -842, 5727, 1677, -7115, -2514, 7624, 3136, -7060, -3342, 5440, 3045, -3059, -2293, 466, 1198, 1746, 13, -3157, -948, 3623, 1286, -3257, -998, 2396, 364, -1486, 296, 920, -723, -849, 734, 1164, -218, -1537, -771, 1604, 1932, -1141, -2825, 238, 3090, 767, -2605, -1508, 1522, 1782, -149, -1557, -1132, 963, 2000, -201, -2263, -526, 1975, 1049, -1418, -1253, 879, 1127, -408, -829, -81, 618, 655, -616, -1268, 746, 1895, -814
1791219593.495, MrmDetectionListInfo, 420, 137, 51, 7437, 52, 9367, 53, 11062, 54, 12221, 55, 12660, 56, 12351, 57, 11417, 58, 10098, 61, 14839, 62, 24426, 63, 36761, 64, 49621, 65, 62456, 66, 65535, 67, 65535, 68, 65535, 69, 65535, 70, 65535, 71, 65535, 72, 65535, 73, 65535, 74, 65535, 75, 65535, 76, 65535, 77, 65535, 78, 65535, 79, 65535, 80, 65535, 81, 56111, 82, 44851, 83, 35141, 84, 28707, 85, 27626, 86, 31735, 87, 37813, 88, 42420, 89, 44686, 90, 45946, 91, 47474, 92, 49215, 93, 50391, 94, 50586, 95, 49951, 96, 48679, 97, 46654, 98, 43606, 99, 39446, 100, 34349, 101, 28609, 102, 22619, 103, 17113, 104, 13082, 105, 11090, 106, 10769, 107, 10994, 111, 7758, 112, 7836, 113, 8295, 114, 8873, 115, 9535, 116, 10281, 117, 10964, 118, 11335, 119, 11195, 120, 10466, 121, 9153, 122, 7296, 123, 5057, 127, 5159, 128, 7353, 129, 8797, 130, 9310, 131, 9058, 132, 8266, 133, 7161, 134, 6045, 146, 5969, 147, 5902, 148, 5405, 149, 4698, 191, 3348, 192, 3787, 193, 4136, 194, 4210, 195, 4021, 196, 3703, 197, 3345, 226, 1753, 248, 1793, 249, 2197, 250, 2564, 251, 2894, 252, 3168, 253, 3345, 254, 3386, 255, 3278, 256, 3030, 257, 2673, 258, 2254, 259, 1862, 260, 1596, 261, 1486, 277, 1484, 278, 1766, 279, 1942, 283, 1665, 284, 1435, 285, 1171, 291, 1311, 292, 1490, 293, 1591, 294, 1651, 295, 1672, 296, 1610, 308, 1812, 309, 1897, 310, 1908, 311, 1836, 312, 1702, 323, 2160, 324, 2169, 325, 2088, 326, 1932, 327, 1717, 371, 1560, 372, 1489, 411, 1697, 412, 2374, 413, 3028, 414, 3667, 415, 4266, 416, 4761, 417, 5104, 418, 5278, 419, 5277, 420, 5093, 431, 2250
1791219593.604, MrmFullScanInfo, 421, 107, 2202990, 0, 0, 0, 0, 10000, 39297, 32, 1, 2, 1, 480, -336094, 511569, 402868, -503938, -477716, 468293, 517932, -326280, -520192, -52214, 519685, 443615, -464766, -515032, 167532, 517407, 144724, -519761, -336196, 511784, 364669, -435924, -288181, 99260, 228387, 189334, 3147, -244320, -185675, 435096, 139174, -454139, 754, 511707, -142707, -511402, 173865, 513419, -142242, -516057, 63862, 515477, 74195, -465719, -256993, 333618, 405640, -83425, -458071, -167165, 381320, 356214, -243008, -453412, 45443, 434588, 138395, -351055, -260746, 228458, 315590, -89830, -284889, -22515, 198321, 68395, -109379, -69469, 24987, 40214, 31702, 3584, -41130, -49100, 5770, 67586, 51620, -37822, -103354, -31511, 120401, 115482, -101471, -179724, 51803, 212428, 18959, -200693, -92886, 146210, 142939, -67373, -152304, -15106, 122220, 75308, -67692, -100851, 1944, 82938, 40472, -47807, -48093, 11189, 25916, 12385, 7906, -12135, -34823, -6351, 43799, 30505, -37419, -45160, 10521, 46088, 16147, -31444, -30240, 6404, 32115, 17049, -21059, -30109, -1742, 32286, 17342, -22313, -24400, 6855, 19797, 6465, -10130, -10483, -2454, 7848, 8867, -1958, -5882, -2742, -3173, 1189, 8102, 3070, -9812, -11920, 7697, 16352, 1136, -15518, -9646, 11189, 14652, -1971, -14904, -6396, 12345, 8180, -5522, -9206, 1779, 5929, -1868, -2311, 5260, 40, -8243, -2888, 8118, 7632, -5260, -11596, -113, 13658, 11470, -11694, -15046, 7092, 18675, 820, -19171, -6249, 15566, 10002, -9383, -10806, 2701, 7828, 1655, -1789, -2356, 1095, -1048, -1947, 3182, 2917, -4273, -5886, 2110, 9118, 481, -10532, -4449, 8763, 7194, -5574, -7840, 2457, 7884, -531, -4256, -2130, 2591, 671, 444, 164, -526, -480, -83, 892, 1621, -725, -2102, -474, 2533, 1660, -1221, -1870, 291, 1767, 953, -1103, -2342, -469, 1432, 1727, -1011, -2506, 218, 2161, 2164, -384, -1464, 802, 1394, 557, -55, -541, -702, -152, 1835, -19, -1377, -806, 857, 682, -1023, 124, -442, -403, 4, 1362, -1325, -1757, 1273, 1311, -689, -1389, 589, 864, -437, 405, -1252, -690, 499, 923, -533, -1004, 805, 726, -1069, 17, 2147, 435, -2720, -376, 3179, 388, -4046, -1233, 3083, 2305, -2556, -2469, 69, 1306, 611, -1358, -1560, 929, 1476, 362, -1756, -633, 1678, 1108, -750, -1554, 1025, 1162, 1336, -2713, -1259, 2088, 2376, -2115, -2947, 2714, 4144, -2887, -4256, 2325, 3723, -577, -1615, -358, 1700, 3541, 913, -3097, -2200, 2190, 2576, -1544, -2229, -618, 661, 2174, 1245, -3115, -2744, 4475, 3575, -2487, -3021, 3672, 1434, -3894, 451, 4967, -1999, -5582, 2693, 5254, -2805, -5366, 1258, 4857, -3525, -3637, 2363, 1747, -1575, -17, 2708, -720, -2660, 838, 1831, -7, -1389, -928, 119, 575, -325, -3007, -627, 1660, 1077, -1574, -1366, 1371, 1061, -1764, -1363, 2751, 1998, -3691, -2136, 3669, 2979, -3473, -3548, 3861, 3687, -2830, -2622, 1890, 1220, 84, 1796, -2617, -4159, 4168, 8247, -6276, -10548, 8389, 13008, -9344, -14476, 9775, 13992, -5926, -12608, 2541, 10385, 2866, -5250, -7349, 1106, 10437, 2741, -10804, -6072, 9941, 7631, -7155, -7595, 4539, 5334, -2434, -3248, 1829, 1804, -2527, -3150, 4077, 5212, -3590, -7455, 2264, 9749, 195, -11189, -4659, 9666, 7254, -6179, -7264, 1910, 7935, 1418, -6791, -4430, 3535, 4876, 293, -4075, -3469, 3337, 4617, -555, -4966, -188, 2884, 693, -2180, -1024, 711, 120, -241, 519, -67, -1183, -1132, 1247, 2457, -502, -2326
1791219593.604, MrmFullScanInfo, 421, 107, 2202990, 0, 0, 0, 0, 10000, 39297, 32, 2, 2, 1, 480, 0, 0, 0, 0, 0, 0, 165167, -232055, -310929, 473371, 368215, -495929, -398865, 269391, 453021, 62775, -482262, -339507, 399377, 504690, -197207, -586579, -28792, 595920, 177934, -497485, -221397, 279875, 186019, 3302, -113323, -267815, 53779, 452208, -57580, -532697, 132268, 522511, -231704, -468509, 296222, 422995, -292649, -414591, 219763, 433490, -90876, -439395, -74082, 386526, 243583, -253189, -375380, 57285, 429705, 152097, -386493, -320888, 256246, 413289, -77682, -419964, -96205, 353326, 219009, -240219, -267121, 115634, 243698, -13082, -171585, -46673, 81948, 60222, -4980, -37637, -37022, -2500, 35445, 37181, 2694, -45369, -58387, 17084, 108210, 41462, -132273, -111008, 119835, 168149, -72032, -194367, 2066, 181349, 68586, -132631, -118095, 62088, 132552, 10032, -110784, -63789, 64589, 86942, -14145, -78913, -20776, 49860, 29940, -15794, -15987, -7947, -9375, 13190, 32026, -1753, -41215, -17146, 33553, 32365, -13741, -35821, -8677, 25657, 24293, -6418, -27635, -13863, 19109, 27543, -4330, -30255, -9331, 22565, 16525, -9459, -15642, -2612, 8977, 9143, -1373, -9284, -2633, 5398, 1561, -1456, 2836, 746, -7282, -3930, 8816, 9044, -6035, -12987, -177, 13334, 7280, -9630, -12482, 3538, 13999, 2343, -11927, -5944, 8245, 6408, -5411, -4342, 4647, 1785, -5493, -1023, 6532, 3092, -6037, -7207, 2898, 11471, 2606, -13746, -8977, 12646, 14466, -8347, -17672, 2420, 17609, 3143, -14217, -6663, 8682, 7402, -3123, -5968, -326, 3816, 724, -2249, 1067, 2040, -3142, -3475, 3949, 6081, -2937, -8574, 485, 9640, 2551, -8791, -5068, 6439, 6188, -3479, -5619, 904, 3780, 609, -1583, -961, 12, 525, 379, 201, 240, -692, -1227, 600, 1918, 41, -1930, -863, 1218, 1420, -69, -1388, -1039, 685, 1707, 441, -1686, -1452, 988, 1936, 85, -1819, -958, 1258, 1182, -508, -707, -165, -175, 543, 1005, -549, -1444, 308, 1393, -69, -947, 68, 242, -336, 578, 709, -1286, -967, 1644, 1020, -1543, -864, 1047, 522, -288, -83, -489, -294, 1009, 530, -1194, -573, 1265, 393, -1456, -51, 1872, -312, -2471, 557, 3083, -528, -3485, 108, 3439, 583, -2788, -1234, 1616, 1633, -271, -1696, -821, 1396, 1509, -788, -1811, 62, 1818, 576, -1515, -1107, 901, 1653, -91, -2236, -723, 2760, 1467, -3178, -2169, 3546, 2733, -3691, -2923, 3274, 2660, -2026, -2091, 101, 1386, 1863, -561, -3137, -370, 3304, 1160, -2383, -1462, 666, 1103, 1438, -215, -3341, -801, 4535, 1483, -4887, -1437, 4708, 500, -4424, 1114, 4212, -2841, -4066, 4019, 3968, -4399, -3864, 4260, 3517, -3886, -2644, 3333, 1307, -2658, 104, 2080, -1118, -1679, 1397, 1361, -947, -1070, 18, 811, 1039, -572, -1861, 286, 2223, 108, -2181, -509, 2096, 799, -2300, -934, 2883, 986, -3609, -1099, 4192, 1403, -4492, -1790, 4439, 1947, -3842, -1554, 2455, 510, -215, 1121, -2651, -3178, 5783, 5421, -8826, -7529, 11444, 9162, -13063, -10096, 12981, 10330, -10745, -9926, 6508, 8839, -1003, -7002, -4649, 4535, 9209, -1707, -11757, -1115, 12034, 3404, -10410, -4613, 7696, 4549, -4914, -3628, 3040, 2716, -2589, -2573, 3286, 3513, -4207, -5399, 4318, 7732, -3027, -9661, 520, 10220, 2452, -8852, -5093, 5835, 6811, -2120, -7086, -1227, 5611, 3564, -2730, -4656, -563, 4560, 3137, -3542, -4305, 2061, 4072, -655, -2949, -243, 1591, 439, -502, -34, 56, -629, -337
1791219593.604, MrmFullScanInfo, 421, 107, 2202990, 0, 0, 0, 0, 10000, 39297, 32, 4, 2, 1, 480, 0, 0, 0, 0, 0, 0, 274, -54, -572, -60, 667, 121, -632, 461, 595, -1556, -221, 2072, -928, -1328, 2453, -71, -3273, 797, 2960, -6, -2082, -1733, 1025, 3279, 233, -3816, -1417, 3263, 2171, -2124, -2638, 1111, 3220, -807, -3351, 994, 1565, -806, 2268, -251, -5818, 1305, 6787, -1003, -5938, -564, 6330, 2102, -10126, -2762, 17800, 3242, -29514, -4774, 46167, 8116, -68577, -13229, 95585, 18325, -122932, -20260, 144080, 17116, -152907, -10620, 145990, 4834, -123392, -2505, 88661, 3804, -47616, -7783, 6594, 14066, 29109, -22590, -56070, 32608, 73044, -42496, -80627, 50358, 80278, -54592, -73674, 54041, 62594, -48300, -49336, 38450, 35908, -26870, -22979, 15683, 10492, -5704, 796, -2980, -9127, 10134, 13252, -15212, -13406, 18017, 10999, -19044, -7629, 19014, 4552, -18102, -2541, 15997, 1750, -12516, -1525, 7920, 795, -2787, 1119, -2081, -3975, 5727, 6908, -7365, -9116, 6852, 10147, -4729, -9799, 1928, 8216, 570, -5913, -2183, 3566, 2826, -1601, -2723, 110, 2263, 1007, -1788, -1841, 1495, 2545, -1359, -3241, 1282, 3973, -1279, -4593, 1314, 4863, -1139, -4716, 504, 4307, 445, -3656, -1292, 2564, 1823, -991, -2042, -697, 2000, 2082, -1623, -3083, 988, 3816, -344, -4207, -63, 4066, 194, -3474, -182, 2719, 152, -2007, -44, 1385, -163, -957, 190, 992, 189, -1497, -776, 1995, 1243, -2039, -1503, 1676, 1571, -1183, -1360, 794, 856, -540, -308, 399, 29, -301, -173, 186, 678, 56, -1335, -553, 1900, 1306, -2162, -2109, 2055, 2683, -1553, -2889, 775, 2695, 49, -2134, -681, 1305, 959, -396, -832, -398, 373, 984, 214, -1306, -619, 1371, 674, -1236, -479, 1141, 267, -1324, -173, 1816, 156, -2393, -158, 2694, 222, -2572, -357, 2127, 473, -1534, -450, 854, 340, -91, -331, -664, 572, 1251, -970, -1560, 1291, 1616, -1385, -1456, 1254, 1197, -973, -992, 646, 870, -293, -636, -117, 164, 547, 478, -864, -1083, 970, 1480, -831, -1642, 465, 1546, 26, -1159, -469, 548, 779, 57, -990, -421, 1136, 535, -1220, -515, 1289, 512, -1435, -470, 1594, 268, -1560, 83, 1271, -387, -862, 550, 443, -640, 91, 660, -683, -524, 1090, 286, -1079, -113, 667, 45, -121, 50, -297, -289, 509, 561, -608, -628, 630, 357, -450, 136, 147, -592, 29, 845, 20, -838, -99, 590, 28, -224, 116, -51, -199, 65, 191, 100, -112, -148, -97, -44, 551, 311, -1179, -494, 1758, 652, -2093, -765, 2067, 700, -1745, -454, 1250, 200, -693, -90, 197, 112, 165, -126, -425, 118, 734, -118, -1125, 112, 1468, -30, -1517, -197, 1210, 610, -749, -1096, 315, 1466, 201, -1605, -1024, 1523, 2126, -1142, -3211, 329, 4030, 892, -4563, -2214, 4920, 3200, -4988, -3586, 4530, 3452, -3481, -2998, 2085, 2308, -652, -1462, -577, 705, 1420, -285, -1794, 207, 1759, -363, -1457, 702, 1042, -1157, -654, 1495, 452, -1396, -510, 811, 659, -1, -618, -736, 280, 1231, 203, -1368, -540, 1032, 522, -192, -183, -889, -276, 1720, 831, -1921, -1562, 1642, 2316, -1308, -2701, 1166, 2432, -1137, -1606, 1046, 627, -832, 87, 527, -353, -159, 274, -285, 26, 809, -408
1791219593.604, MrmDetectionListInfo, 421, 98, 58, 8950, 59, 11305, 60, 14287, 61, 18057, 62, 22683, 63, 28210, 64, 34676, 65, 42039, 66, 50078, 67, 58376, 68, 65535, 69, 65535, 70, 65535, 71, 65535, 72, 65535, 73, 65535, 74, 65535, 75, 65535, 76, 65535, 77, 60631, 78, 51926, 79, 42609, 80, 33009, 81, 23472, 82, 14948, 83, 10292, 84, 13160, 85, 23554, 86, 36393, 87, 46303, 88, 52221, 89, 56441, 90, 60735, 91, 64621, 92, 65535, 93, 65535, 94, 65480, 95, 63224, 96, 60079, 97, 55812, 98, 50504, 99, 44565, 100, 38408, 101, 32235, 102, 26102, 103, 20065, 104, 14238, 105, 8843, 110, 11915, 111, 14672, 112, 15253, 113, 14931, 114, 14769, 115, 14707, 116, 14225, 117, 13235, 118, 12117, 119, 11194, 120, 10436, 121, 9644, 122, 8721, 123, 7711, 124, 6649, 125, 5483, 132, 6010, 133, 7400, 134, 8085, 135, 8268, 136, 8188, 224, 2012, 225, 2168, 226, 2255, 227, 2256, 228, 2160, 229, 1976, 257, 1450, 258, 1450, 259, 1412, 260, 1341, 272, 1275, 273, 1378, 274, 1455, 275, 1494, 276, 1468, 292, 1176, 293, 1207, 372, 1414, 410, 2309, 411, 2687, 412, 3166, 413, 3621, 414, 3960, 415, 4158, 416, 4227, 417, 4170, 418, 3978, 419, 3656, 420, 3228
1791219593.723, MrmFullScanInfo, 422, 107, 2203115, 0, 0, 0, 0, 10000, 39297, 32, 1, 2, 1, 480, -339367, 512898, 406243, -503969, -475710, 466043, 517892, -327831, -520192, -50032, 519694, 443550, -461180, -515336, 165150, 517924, 144205, -519746, -333310, 512112, 365992, -438952, -283673, 100312, 225981, 186011, -1923, -241268, -183008, 431238, 141329, -454671, -92, 510329, -143775, -509595, 185123, 513510, -152550, -515170, 65076, 514271, 74072, -465883, -261005, 333066, 405081, -81588, -458513, -169432, 386099, 363863, -250322, -466340, 52631, 447929, 124622, -365991, -237453, 236482, 281221, -89130, -235023, -34252, 143135, 101800, -47184, -118668, -39656, 94245, 86769, -43450, -76468, -10547, 21412, 40809, 51421, -29413, -116424, -18465, 138220, 81065, -122836, -132287, 69527, 156416, 5779, -140100, -85935, 85207, 140029, -12662, -151914, -58896, 125391, 104256, -72708, -116787, 12744, 88166, 28419, -45797, -37054, 4112, 18230, 22664, 10352, -23069, -30852, 3968, 36598, 20694, -26104, -34173, -667, 36389, 25542, -24023, -37733, 2040, 37226, 18883, -24600, -28430, 3758, 28342, 12136, -16683, -20480, 2806, 16308, 9841, -5811, -12634, -6402, 8458, 11357, -3332, -8149, -2455, 728, 2938, 3908, 1878, -8381, -9869, 7060, 13232, -117, -13311, -7687, 8720, 12315, 462, -11694, -9004, 8571, 12283, -3852, -13419, -1218, 8028, 817, -4416, 3289, 2417, -6112, -4384, 6384, 7218, -3469, -10155, -3244, 10890, 13395, -10790, -15512, 3588, 19284, 3144, -18864, -8823, 14714, 11276, -8427, -10014, 3556, 7884, -786, -4475, 2137, 2105, -1701, -3623, 3391, 4532, -3980, -7243, 1512, 10493, 2135, -11743, -5390, 9920, 7330, -6921, -7870, 3855, 7078, -2313, -3400, -424, 1013, -393, 978, 810, -708, -886, -106, 834, 1830, 267, -1794, -2062, 1924, 4220, -88, -2883, -763, 1774, 1310, -145, -1287, -1583, -39, 2659, 1671, -3012, -2145, 2725, 2399, -656, -2825, 1413, 2003, -265, -662, 189, 53, -978, 793, 1100, -846, -910, 335, 799, -403, -1070, -1133, -723, 1407, 1269, -1515, -1450, 1496, 1191, -958, -1127, 455, 835, -1439, -474, 2096, -981, -1311, -432, 1373, 499, -551, -677, 178, 745, 424, -207, -450, 169, 1445, -299, -1404, -136, 1393, 526, -174, -1270, 545, -1284, 583, 591, -1069, -1688, 1694, 1482, -945, -1686, 1250, 1934, -664, -2222, 1230, 3124, 1204, -2341, -1162, 3063, 2663, -3252, -3733, 3144, 4226, -2432, -4925, 1626, 3964, -242, -3350, -203, 1515, 4452, 293, -3180, -1240, 3179, 1628, -1122, -1228, -412, 529, 2085, 1281, -2945, -3785, 3406, 1808, -3551, -2454, 3009, 956, -3204, 151, 3673, -2501, -4796, 2600, 4169, -3213, -4244, 2600, 2729, -3631, -3353, 3202, 1359, -3425, 10, 3339, -538, -3534, 451, 2456, 375, -2200, -1234, 2129, 1414, -177, -3130, 716, 2312, 41, -2379, 179, 1698, 281, -2544, -374, 3741, 1215, -3948, -2479, 4609, 3704, -4519, -4686, 3477, 4208, -2561, -2550, 568, 1052, 522, 2599, -2455, -6504, 4802, 9168, -7136, -13013, 9203, 15103, -10608, -16475, 9881, 16888, -7014, -14422, 2880, 10281, 2509, -6059, -7839, 1563, 10890, 3605, -11646, -6573, 10387, 8036, -8205, -6861, 6326, 5626, -4127, -3547, 2822, 2763, -3411, -2688, 3264, 4852, -3285, -7378, 1940, 9724, 1417, -10424, -4023, 8743, 8077, -5001, -8235, 2278, 8315, 1660, -6324, -4120, 3633, 5670, 645, -5299, -3481, 2815, 5022, -2216, -5219, 1584, 3915, -851, -2315, 953, 1488, -763, -947, 885, 696, -644, -1882, -382, 1695, 323, -2576
1791219593.723, MrmFullScanInfo, 422, 107, 2203115, 0, 0, 0, 0, 10000, 39297, 32, 2, 2, 1, 480, 0, 0, 0, 0, 0, 0, 165523, -232069, -311306, 473436, 368293, -496299, -398406, 270041, 451717, 62448, -480301, -339952, 397754, 505576, -196826, -587348, -27817, 596484, 175908, -498156, -219011, 281028, 184438, 1160, -113168, -264599, 54204, 448888, -57499, -530408, 132363, 521255, -234087, -467085, 301756, 420375, -299392, -411142, 224417, 430731, -91907, -438420, -75568, 386854, 245876, -253105, -378254, 54997, 434490, 157519, -394729, -329165, 269191, 422596, -96706, -426788, -69512, 352979, 183836, -227619, -224567, 86475, 196962, 34288, -125165, -108974, 40660, 128827, 26698, -101444, -56097, 46848, 41522, 8422, 7075, -39955, -68531, 34767, 118743, 3948, -138756, -59320, 119804, 108733, -65055, -133001, -10625, 122833, 84747, -81150, -135156, 21211, 148500, 37990, -124722, -78436, 76477, 89899, -23983, -73226, -13577, 39137, 26457, -3443, -17158, -19291, -3377, 22210, 21963, -8532, -28555, -11818, 20125, 27909, -1395, -32245, -18557, 23379, 31263, -5995, -32263, -11935, 22349, 23254, -6815, -24456, -7280, 16630, 14484, -4521, -13213, -6173, 6173, 11520, 1522, -10762, -5588, 6139, 4734, -1555, -378, 202, -4646, -2601, 7328, 6836, -5830, -10070, 706, 10020, 5592, -6054, -10364, -398, 11940, 6602, -10270, -10115, 6918, 10042, -4115, -7333, 3261, 4182, -4045, -2666, 4906, 3677, -3956, -6752, 335, 10311, 5199, -12125, -11044, 10595, 15781, -5965, -18283, 154, 17703, 4735, -14203, -7417, 9277, 7642, -4875, -6103, 2282, 4110, -1735, -2935, 2575, 3276, -3581, -5155, 3600, 7945, -2230, -10380, -126, 11235, 2713, -10158, -4638, 7665, 5175, -4621, -4172, 1895, 2241, -124, -372, -493, -614, 303, 474, 78, 432, 12, -1447, -805, 1995, 1866, -1800, -2462, 950, 2167, 114, -1053, -817, -517, 822, 2079, -226, -3096, -618, 3278, 1411, -2771, -1868, 1967, 1768, -1196, -1122, 654, 206, -423, 613, 409, -1048, -490, 975, 557, -435, -455, -399, 118, 1270, 318, -1855, -635, 1959, 768, -1681, -752, 1397, 509, -1341, -12, 1393, -456, -1320, 542, 1093, -198, -781, -270, 424, 580, -5, -654, -487, 610, 976, -529, -1256, 324, 1219, -40, -902, -65, 346, -157, 431, 547, -1244, -846, 1790, 1037, -1919, -1218, 1773, 1523, -1503, -1942, 1090, 2406, -441, -2888, -436, 3398, 1401, -3864, -2321, 4084, 3058, -3850, -3482, 3112, 3479, -1798, -3002, -51, 2198, 2024, -1286, -3349, 437, 3438, 264, -2328, -683, 489, 577, 1504, 54, -3200, -785, 4250, 1113, -4496, -854, 4137, 57, -3619, 1199, 3261, -2635, -3070, 3797, 2872, -4375, -2560, 4435, 2119, -4227, -1454, 3930, 513, -3567, 539, 3146, -1273, -2700, 1347, 2348, -777, -2109, -169, 1899, 1197, -1638, -2027, 1362, 2423, -1084, -2393, 770, 2321, -450, -2582, 138, 3264, 266, -4150, -901, 4929, 1714, -5286, -2384, 4942, 2547, -3771, -1960, 1876, 514, 594, 1710, -3537, -4380, 6818, 7031, -10119, -9292, 12942, 10972, -14609, -11954, 14449, 12117, -12048, -11332, 7473, 9684, -1427, -7401, -4801, 4658, 9802, -1622, -12609, -1266, 13041, 3389, -11563, -4324, 8993, 4137, -6265, -3321, 4215, 2560, -3286, -2495, 3347, 3493, -3729, -5443, 3611, 7716, -2351, -9368, -101, 9634, 3156, -8273, -5841, 5574, 7318, -2132, -7178, -1307, 5441, 3964, -2571, -5321, -603, 5404, 3134, -4660, -4316, 3573, 4065, -2435, -2918, 1476, 1632, -858, -785, 562, 604, -443, -1000
1791219593.723, MrmFullScanInfo, 422, 107, 2203115, 0, 0, 0, 0, 10000, 39297, 32, 4, 2, 1, 480, 0, 0, 0, 0, 0, 0, 499, -35, -659, 36, 391, -300, 181, 801, -1077, -916, 1972, 346, -2219, 424, 1673, -896, -616, 951, -676, -652, 1490, 378, -1138, -786, 224, 1760, -194, -2156, 1138, 1544, -1212, -834, -912, 1099, 4121, -2258, -6095, 3203, 5517, -2998, -3217, 1804, 888, -643, 535, 626, -1274, -2140, 2087, 4560, -3148, -6375, 4213, 5510, -4873, 81, 4639, -11482, -2790, 28068, -1026, -47303, 6103, 65236, -10885, -77312, 13942, 79878, -14767, -71917, 13347, 55415, -9618, -33936, 3389, 11001, 5305, 10251, -15812, -27056, 26719, 37753, -36251, -42474, 42900, 42686, -45611, -39916, 44055, 34944, -38850, -27915, 31457, 19133, -23414, -9727, 15718, 1485, -8778, 4098, 2666, -6472, 2711, 6043, -7408, -3741, 11287, 832, -14057, 1446, 15463, -2394, -15362, 2125, 13738, -1252, -10791, 416, 7114, -77, -3566, 524, 770, -1621, 1180, 2747, -2286, -3327, 2362, 3303, -1475, -3018, 198, 2703, 952, -2297, -1975, 1725, 2954, -1041, -3569, 288, 3439, 600, -2647, -1554, 1666, 2348, -834, -2855, 241, 3197, 78, -3565, -71, 3900, -135, -3949, 230, 3668, -3, -3277, -474, 2877, 1113, -2258, -1944, 1279, 2968, -187, -3873, -713, 4203, 1438, -3805, -2084, 2934, 2527, -1900, -2429, 976, 1717, -487, -764, 795, 77, -1786, 124, 2717, 131, -2861, -746, 2200, 1519, -1217, -2141, 322, 2437, 215, -2358, -266, 1975, -84, -1526, 620, 1260, -1159, -1217, 1536, 1250, -1512, -1233, 954, 1168, -28, -1010, -854, 619, 1374, 161, -1458, -1167, 1199, 1905, -730, -1909, 239, 1139, 43, 18, 53, -1080, -485, 1750, 914, -1914, -993, 1639, 713, -1195, -286, 920, -132, -933, 489, 1127, -702, -1305, 730, 1310, -590, -1163, 329, 992, 18, -839, -404, 699, 739, -617, -908, 654, 896, -725, -866, 686, 1139, -575, -1817, 524, 2564, -453, -2921, 143, 2807, 386, -2442, -812, 2062, 909, -1784, -708, 1652, 439, -1636, -326, 1707, 402, -1718, -625, 1479, 1004, -1027, -1499, 633, 1846, -457, -1739, 352, 1225, -182, -600, 52, 190, -98, -23, 254, -22, -309, 0, 155, 140, 106, -335, -338, 394, 497, -272, -659, 170, 816, -180, -840, 179, 733, -29, -638, -146, 654, 161, -643, -68, 500, 39, -352, -152, 280, 279, -147, -354, -140, 457, 376, -633, -323, 802, 68, -857, 175, 848, -231, -951, 120, 1209, 63, -1402, -324, 1372, 713, -1206, -1123, 1054, 1361, -896, -1372, 696, 1316, -486, -1262, 312, 1196, -149, -1119, -43, 1132, 228, -1239, -356, 1293, 509, -1220, -737, 1007, 980, -605, -1146, 0, 1178, 653, -996, -1100, 486, 1217, 318, -1042, -1154, 586, 1793, 161, -2229, -1084, 2589, 1954, -2915, -2592, 3119, 2984, -3085, -3138, 2779, 2981, -2229, -2411, 1447, 1599, -495, -871, -400, 382, 1043, -105, -1379, 89, 1519, -347, -1605, 735, 1679, -985, -1669, 951, 1468, -701, -1020, 350, 413, 38, 184, -368, -573, 461, 727, -202, -764, -226, 780, 516, -641, -562, 199, 539, 417, -639, -918, 806, 1144, -939, -1115, 1107, 918, -1436, -579, 1862, 176, -2096, 120, 1955, -149, -1412, -113, 555, 481, 414, -735
1791219593.723, MrmDetectionListInfo, 422, 70, 67, 12485, 68, 16925, 69, 21344, 70, 26568, 71, 32699, 72, 38644, 73, 43169, 74, 45879, 75, 47046, 76, 46878, 77, 45251, 78, 42029, 79, 37357, 80, 31596, 81, 25070, 82, 18071, 83, 11403, 86, 10869, 87, 18376, 88, 26270, 89, 32430, 90, 36491, 91, 39327, 92, 41647, 93, 43349, 94, 43996, 95, 43483, 96, 42077, 97, 40042, 98, 37423, 99, 34175, 100, 30362, 101, 26176, 102, 21831, 103, 17482, 104, 13251, 105, 9351, 112, 5424, 113, 6248, 114, 6859, 115, 7034, 116, 7060, 117, 7410, 118, 8156, 119, 8880, 120, 9136, 121, 8840, 122, 8197, 123, 7406, 124, 6511, 125, 5489, 283, 1486, 284, 1484, 285, 1516, 286, 1526, 287, 1479, 288, 1383, 289, 1273, 291, 1086, 388, 895, 410, 2192, 411, 2497, 412, 2693, 413, 2846, 414, 2986, 415, 3082, 416, 3097, 417, 3024, 418, 2879, 419, 2668
1791219593.841, MrmFullScanInfo, 423, 107, 2203240, 0, 0, 0, 0, 10000, 39297, 32, 1, 2, 1, 480, -340414, 513141, 401244, -504340, -479561, 464338, 518086, -332031, -520136, -55221, 519791, 447298, -462215, -517103, 167414, 518493, 147736, -519567, -330347, 511440, 366075, -435288, -283374, 106312, 227227, 183432, -1254, -241200, -177084, 432727, 136148, -456602, -5319, 511480, -140103, -510317, 175921, 513225, -146095, -514959, 53394, 515008, 83061, -464112, -263517, 327545, 406997, -78667, -455762, -175603, 381638, 364800, -245188, -464793, 56573, 447760, 112565, -366355, -211703, 245991, 241876, -109298, -192940, -9717, 97814, 74565, -1701, -92640, -78750, 72343, 115935, -30750, -97592, -13983, 38966, 38312, 40075, -25753, -114929, -17809, 144756, 79598, -137339, -124238, 91656, 145253, -24042, -127312, -52178, 74063, 107392, -5628, -124739, -62230, 106968, 108026, -58813, -123322, 5337, 94354, 29407, -52379, -35732, 8052, 15703, 20686, 14326, -23727, -34150, 4307, 41480, 15356, -28993, -29124, 2365, 31902, 22903, -20220, -36765, -830, 37599, 20184, -27382, -30548, 9508, 29713, 10491, -19304, -15877, 3377, 11320, 8909, -729, -11923, -9382, 8507, 14677, -2942, -10348, -2144, 2523, 6081, 5993, 2268, -10309, -9210, 9750, 13928, -3549, -13782, -4574, 9801, 9059, -1778, -9104, -6497, 5247, 12085, -2410, -9852, -2163, 6545, 1853, -3027, 1880, 1293, -5021, -3045, 6128, 7193, -4176, -9400, -3765, 9818, 9455, -8889, -13257, 2988, 16602, 3263, -17388, -8726, 14324, 11078, -8743, -11080, 4004, 8564, -2652, -6398, 1416, 2591, -1915, -3115, 3405, 4813, -3336, -6962, 1100, 10176, 3096, -10673, -6076, 8927, 8325, -6789, -8599, 4297, 6791, -2316, -3892, 963, 1867, -1225, -351, 1982, -214, -1607, -261, 995, 1567, -1, -1293, -1627, 655, 2403, 233, -2116, -316, 1414, 1121, 588, 133, -1161, -770, 2790, 2642, -3088, -3601, 2043, 3984, -1179, -3137, 896, 2293, -453, -1142, 18, -101, -1051, 113, 1730, -302, -1730, -576, 905, 1218, 292, -1702, -1445, 1818, 2206, -2046, -2522, 1101, 2863, -1011, -2544, 952, 2046, -1111, -978, 970, 803, -699, -576, 1308, 654, -397, -696, 485, 364, -333, -507, -142, 324, 603, -5, -713, 104, 676, 704, -343, -516, -182, 12, 452, 618, -682, -954, 1266, 1573, -1522, -2225, 1623, 3027, -1073, -2951, 301, 3564, 214, -3399, -818, 3670, 2467, -3586, -3622, 3294, 5110, -2453, -5649, 1593, 4702, 155, -3917, -2107, 1906, 3395, -462, -4059, -645, 3411, 926, -1965, -616, 82, -530, 1321, 1517, -2155, -2571, 2588, 3186, -2649, -2743, 2926, 1566, -2657, 278, 2804, -1985, -3183, 2887, 4066, -4101, -3689, 3876, 3881, -3863, -2913, 4107, 2164, -4102, -742, 4470, 638, -3545, -671, 3275, 1597, -1849, -2201, 1145, 2374, -766, -2496, 383, 2474, -260, -2273, 364, 2345, -807, -2879, -690, 3577, 1746, -4223, -2957, 5029, 3646, -4717, -4691, 4093, 4551, -3211, -2962, 1545, 91, 307, 4133, -2231, -7680, 4909, 11543, -6931, -14194, 9200, 16571, -10810, -17787, 9790, 17421, -7630, -14652, 3252, 10758, 1639, -6124, -6877, 84, 10025, 4400, -11076, -8038, 10718, 9294, -7799, -8757, 5677, 6497, -3461, -4618, 3054, 2805, -3434, -2904, 3794, 5130, -3318, -7291, 1552, 9196, 1327, -9978, -5791, 8921, 8828, -4662, -9101, 1581, 9578, 1754, -7615, -4806, 4024, 6015, -765, -5993, -1892, 4984, 3053, -3416, -2936, 2159, 1939, -1193, -738, 1197, 632, -1364, 335, 1704, 714, -1071, -1900, 644, 2688, 666, -2829
1791219593.856, MrmFullScanInfo, 423, 107, 2203240, 0, 0, 0, 0, 10000, 39297, 32, 2, 2, 1, 480, 0, 0, 0, 0, 0, 0, 165439, -232108, -311432, 473611, 368704, -496130, -398969, 268750, 452788, 64748, -481904, -342112, 399239, 506745, -197620, -587280, -27700, 595671, 176184, -497831, -219301, 282135, 184558, -916, -113863, -262832, 56067, 448129, -59549, -530814, 132434, 522849, -230882, -469678, 295474, 423601, -290962, -414572, 215335, 433545, -83910, -439416, -81102, 385143, 248482, -248984, -378147, 49952, 432623, 161620, -393347, -330890, 271926, 421782, -107904, -424824, -46431, 352220, 148022, -230098, -178349, 92744, 144989, 25259, -73126, -99192, -5820, 120629, 63600, -96870, -82102, 46871, 57401, 4832, -56, -35763, -68966, 33609, 125749, -693, -151549, -47793, 137853, 91032, -87669, -111525, 15057, 101031, 58562, -62313, -111409, 6979, 129542, 48118, -111940, -86028, 70246, 96013, -23481, -77893, -10298, 41907, 21707, -4128, -12577, -20538, -7104, 25230, 24692, -13096, -30316, -6342, 21064, 22494, -1713, -27746, -18891, 20263, 32632, -4321, -34917, -12511, 26041, 23294, -11063, -24348, -2712, 16382, 9733, -3958, -8683, -7019, 2315, 12456, 4515, -11417, -7652, 6143, 5712, -802, -108, -1027, -6166, -1356, 9864, 5869, -9040, -9561, 4218, 10118, 2020, -6703, -6884, 566, 8818, 5456, -7765, -8763, 5012, 8577, -2549, -6030, 1865, 3223, -2931, -2041, 4268, 3183, -3979, -6023, 1156, 9012, 3607, -10296, -8998, 8711, 13798, -4586, -16782, -528, 16928, 4953, -14249, -7591, 10031, 8053, -5962, -6699, 3221, 4651, -2183, -3242, 2480, 3372, -3058, -5103, 2810, 7708, -1273, -9966, -1193, 10843, 3719, -10028, -5335, 7891, 5484, -5177, -4314, 2772, 2485, -1288, -740, 749, -313, -711, 420, 663, 167, -266, -852, -509, 1183, 1357, -1038, -1774, 569, 1454, -70, -430, -117, -1013, -211, 2440, 987, -3374, -1903, 3535, 2568, -3014, -2692, 2131, 2219, -1236, -1347, 663, 394, -590, 333, 873, -591, -1103, 277, 960, 504, -390, -1461, -406, 2241, 1182, -2579, -1781, 2469, 2129, -2127, -2123, 1782, 1730, -1473, -1113, 1203, 561, -995, -261, 861, 203, -750, -265, 608, 337, -385, -365, 59, 363, 308, -304, -583, 149, 661, 72, -508, -208, 158, 122, 337, 178, -911, -595, 1491, 1072, -1959, -1582, 2168, 2111, -2026, -2631, 1586, 3115, -932, -3538, 80, 3902, 1010, -4186, -2271, 4295, 3442, -4038, -4189, 3183, 4309, -1633, -3841, -380, 2997, 2317, -2019, -3546, 1128, 3653, -469, -2625, 142, 869, -191, 1019, 585, -2543, -1149, 3487, 1561, -3850, -1450, 3721, 634, -3241, 739, 2678, -2317, -2282, 3738, 2126, -4721, -2075, 5163, 1934, -5151, -1525, 4903, 808, -4542, 0, 4096, -504, -3567, 407, 2988, 262, -2433, -1170, 1963, 1932, -1595, -2332, 1314, 2404, -1138, -2319, 1041, 2328, -848, -2659, 381, 3420, 344, -4448, -1149, 5366, 1903, -5791, -2450, 5506, 2493, -4403, -1642, 2442, -251, 337, 2956, -3719, -5937, 7340, 8672, -10775, -10837, 13557, 12303, -15133, -12986, 14919, 12781, -12531, -11641, 8047, 9631, -2114, -6897, -4104, 3659, 9328, -279, -12524, -2722, 13272, 4825, -11848, -5697, 9134, 5371, -6292, -4256, 4271, 3088, -3444, -2652, 3535, 3412, -3818, -5224, 3429, 7472, -1775, -9257, -1027, 9714, 4251, -8423, -6978, 5648, 8469, -2100, -8314, -1432, 6587, 4253, -3899, -5861, 1140, 6114, 921, -5232, -1885, 3740, 1851, -2261, -1212, 1284, 444, -919, 14, 952, 145, -1055, -911
1791219593.856, MrmFullScanInfo, 423, 107, 2203240, 0, 0, 0, 0, 10000, 39297, 32, 4, 2, 1, 480, 0, 0, 0, 0, 0, 0, 103, -50, -367, 202, 541, 22, -452, -978, 591, 2020, -783, -2149, 637, 1427, -254, -295, 47, -472, -158, 65, 428, 1356, -398, -2594, -617, 2734, 1858, -1868, -1685, 379, -311, 1184, 2687, -2114, -4437, 2267, 5885, -2092, -7008, 1622, 7061, -354, -5541, -1893, 3035, 4377, -489, -5979, -902, 6028, -299, -4363, 5488, 1414, -15363, 2136, 28889, -5770, -43080, 9585, 54236, -14068, -59788, 19155, 58852, -23761, -51795, 26475, 40409, -26499, -27659, 23700, 16125, -17734, -6989, 8236, 457, 4162, 3654, -17472, -6038, 29332, 7753, -37954, -9427, 42188, 10887, -41515, -11366, 36334, 10395, -28363, -8049, 19977, 4634, -12843, -674, 7269, -2803, -2891, 4597, -481, -4195, 2710, 2217, -3835, 277, 4436, -2547, -5016, 4234, 5486, -5097, -5432, 5052, 4698, -4456, -3404, 3983, 1796, -3915, -208, 4012, -1020, -4030, 1752, 4147, -2109, -4479, 2273, 4692, -2237, -4496, 2006, 3973, -1432, -3302, 502, 2464, 516, -1340, -1249, -59, 1576, 1474, -1654, -2613, 1507, 3320, -1102, -3694, 690, 3797, -521, -3475, 464, 2777, -243, -2113, -26, 1819, 57, -1769, 106, 1651, -182, -1411, -83, 1074, 751, -562, -1664, -148, 2463, 824, -2755, -1139, 2402, 1064, -1635, -678, 850, 6, -405, 888, 371, -1683, -484, 1945, 532, -1507, -537, 680, 641, 146, -755, -754, 705, 1108, -518, -1210, 418, 983, -526, -436, 782, -179, -1068, 503, 1351, -394, -1565, 60, 1561, 215, -1237, -284, 652, 140, -68, 171, -256, -481, 271, 580, -33, -331, -335, -187, 713, 798, -984, -1337, 1076, 1700, -1028, -1788, 893, 1514, -718, -976, 550, 428, -444, -80, 496, -5, -723, -101, 1011, 340, -1083, -665, 790, 1015, -255, -1252, -258, 1253, 637, -1034, -927, 785, 1148, -692, -1205, 739, 1118, -769, -1015, 765, 939, -786, -812, 837, 579, -902, -293, 994, 48, -1121, 114, 1278, -195, -1421, 214, 1470, -111, -1347, -74, 1050, 232, -609, -324, 123, 399, 210, -489, -219, 579, -61, -662, 379, 733, -541, -781, 601, 787, -652, -725, 646, 610, -428, -478, -2, 359, 510, -258, -917, 84, 1127, 141, -1162, -275, 1090, 264, -997, -212, 981, 230, -1037, -278, 1078, 362, -942, -528, 643, 771, -387, -913, 335, 831, -384, -662, 401, 696, -411, -933, 392, 1143, -167, -1141, -283, 977, 737, -735, -1019, 431, 1203, -88, -1353, -264, 1417, 581, -1339, -823, 1103, 971, -785, -953, 518, 702, -392, -306, 397, 23, -545, 4, 787, 115, -887, -251, 653, 408, -183, -616, -208, 794, 381, -827, -401, 722, 301, -515, 44, 181, -673, 304, 1429, -843, -2054, 1268, 2401, -1488, -2465, 1500, 2333, -1389, -2057, 1245, 1624, -1108, -1063, 980, 423, -809, 261, 547, -901, -128, 1330, -360, -1449, 726, 1346, -818, -1159, 715, 957, -605, -692, 554, 368, -463, -80, 236, -77, 98, 156, -496, -195, 913, 185, -1246, -146, 1418, 135, -1425, -150, 1297, 185, -1072, -296, 927, 541, -1057, -864, 1497, 1107, -2015, -1095, 2308, 853, -2186, -607, 1749, 548, -1226, -616, 741, 650, -274, -537, -175
1791219593.856, MrmDetectionListInfo, 423, 51, 64, 13240, 65, 17660, 66, 22336, 67, 26799, 68, 30723, 69, 34023, 70, 36709, 71, 38725, 72, 39937, 73, 40230, 74, 39573, 75, 38012, 76, 35644, 77, 32611, 78, 29094, 79, 25279, 80, 21303, 81, 17223, 82, 13038, 88, 12050, 89, 16742, 90, 19747, 91, 21672, 92, 23499, 93, 25341, 94, 26600, 95, 26835, 96, 26138, 97, 24816, 98, 23016, 99, 20736, 100, 18041, 101, 15136, 102, 12246, 103, 9496, 104, 6973, 117, 3560, 118, 4535, 119, 5112, 120, 5254, 121, 5230, 122, 5187, 123, 5038, 124, 4678, 125, 4151, 411, 1935, 412, 1993, 413, 1992, 414, 1944, 415, 1865, 416, 1764
1791219593.966, MrmFullScanInfo, 424, 107, 2203365, 0, 0, 0, 0, 10000, 39297, 32, 1, 2, 1, 480, -336210, 513485, 398912, -503789, -477085, 468097, 517040, -331906, -520166, -53556, 519624, 446950, -460647, -516319, 165918, 518688, 141640, -519716, -330034, 511733, 364879, -438808, -286038, 103017, 230007, 184757, -3999, -242961, -178428, 429824, 137561, -454451, -2436, 510980, -147814, -510067, 176652, 512663, -146991, -514765, 56254, 514497, 88116, -462915, -269328, 328387, 409782, -73817, -461241, -174276, 390017, 361007, -258712, -465310, 71256, 446848, 88066, -370675, -189790, 247401, 222100, -113972, -169484, -2547, 79299, 66358, 10035, -83758, -84811, 64247, 119396, -20567, -96465, -25721, 31949, 48792, 48487, -36658, -123707, -10491, 150799, 74102, -143663, -122630, 97399, 148046, -26879, -133073, -49728, 84072, 107358, -13763, -126983, -54703, 108476, 100196, -61331, -117440, 8449, 92147, 28267, -52564, -35283, 11725, 16753, 15805, 10963, -19965, -30733, 2045, 38245, 16798, -28415, -30104, 3282, 32090, 19929, -21130, -33467, -709, 34963, 18826, -25843, -29357, 9254, 28652, 7982, -18334, -13456, 1946, 9636, 9883, -578, -12298, -9471, 8376, 13069, -2274, -7946, -2811, -985, 5970, 10213, 1081, -12959, -9755, 11407, 14423, -4491, -14366, -3923, 10242, 8941, -2006, -9330, -6361, 5878, 11189, -1732, -8566, -1456, 5914, 918, -1939, 2916, 356, -6687, -1870, 8862, 5613, -7300, -8772, -742, 9779, 6776, -8438, -11321, 3508, 15206, 2207, -16808, -7977, 14250, 10551, -9480, -11182, 4764, 9203, -3227, -6705, 887, 3210, -1728, -2351, 3139, 3818, -3124, -5665, 1003, 9020, 1962, -10198, -4874, 9228, 7391, -7062, -8671, 5184, 7147, -3004, -4820, 1531, 2498, -1579, -1072, 1350, -199, -1441, -557, 1238, 837, -317, -1272, -239, 421, 677, -69, -265, -40, -713, 172, 1538, 661, -2231, -1542, 2032, 2648, -2312, -3135, 1723, 3652, -949, -2942, 805, 2197, -290, -1423, 689, 1051, -643, -58, 1300, 562, -894, -260, 496, 1442, 625, -1723, -1175, 1761, 2736, -2060, -2603, 985, 2583, -45, -2340, 1036, 1660, -1045, -378, 622, 148, -769, -449, 1469, -120, -1409, -185, 1477, 393, -1567, -133, 786, 56, -806, 183, 507, -580, -505, 838, 896, -169, -961, 916, 1881, 1653, -1515, -881, 1680, 2447, -1765, -3350, 1605, 2870, -1205, -4109, -341, 4990, 258, -3985, -2751, 5280, 2890, -3928, -4226, 3043, 5264, -3005, -6032, 1114, 5368, 646, -4138, -2893, 1997, 3670, -2075, -4795, -818, 3638, 1155, -2663, -1300, 575, -52, 1754, 1939, -2412, -2317, 2302, 2996, -2932, -3470, 1110, 1865, -2344, -215, 2374, -1946, -3089, 3522, 3646, -4352, -3792, 4729, 4224, -4212, -4044, 5562, 2139, -4000, -1955, 4033, 1745, -3599, -1689, 2681, 1735, -1917, -2109, 1610, 3233, -511, -2479, 2062, 2473, -191, -1957, 432, 2064, -125, -2471, -398, 3176, 1299, -4076, -2868, 4447, 3948, -4728, -4396, 4237, 3538, -3039, -1521, 1961, -200, -1441, 4766, -2210, -8117, 4740, 12168, -6688, -14663, 9303, 17270, -10125, -18604, 9538, 18140, -6628, -13821, 2868, 11025, 2045, -5854, -7176, 995, 10014, 4462, -11751, -8308, 10407, 10467, -8934, -9372, 6524, 7520, -3198, -4690, 3251, 2753, -3574, -2726, 4001, 4270, -3746, -6431, 2412, 9859, 685, -10655, -4728, 8667, 8654, -5129, -9033, 1733, 9319, 2143, -7722, -4581, 4584, 6564, -1459, -6103, -344, 4728, 1048, -3727, -811, 1658, 409, -730, 98, 185, -1371, -558, 858, 1409, 395, -1448, -1548, 1327, 2400, -483, -2978
1791219593.966, MrmFullScanInfo, 424, 107, 2203365, 0, 0, 0, 0, 10000, 39297, 32, 2, 2, 1, 480, 0, 0, 0, 0, 0, 0, 164514, -232221, -309647, 473967, 366790, -496754, -397511, 269523, 451733, 64042, -481300, -341673, 399591, 506428, -199143, -587022, -25794, 595624, 175191, -497993, -220013, 282211, 186752, -899, -116214, -262499, 57312, 447230, -60011, -529461, 133543, 521174, -233197, -467824, 298198, 421914, -292868, -413394, 215383, 433186, -81601, -439875, -85313, 386001, 253795, -250145, -384577, 52054, 440869, 157933, -404477, -325931, 287007, 416253, -126958, -419299, -24729, 347449, 125494, -226991, -156558, 92062, 125627, 23222, -57863, -94462, -16218, 113339, 69314, -87227, -83693, 35245, 55602, 17620, 3963, -48347, -73834, 44350, 130614, -8175, -156260, -44344, 142558, 91826, -92354, -116162, 19396, 108410, 55093, -70981, -109243, 15689, 128729, 40266, -112180, -79883, 71113, 92445, -24553, -77465, -9406, 44454, 21363, -8642, -13100, -15524, -5753, 20966, 23105, -10255, -29405, -7646, 21546, 22519, -3663, -27008, -16050, 19426, 29784, -3973, -32901, -12063, 25419, 22030, -11864, -22444, -1135, 14267, 8314, -2249, -8046, -7811, 2624, 12181, 3311, -10305, -5579, 4549, 2896, 957, 3018, -2614, -8974, -328, 11941, 5604, -10369, -9885, 4961, 10668, 1743, -7245, -6931, 1136, 8955, 4738, -7840, -7869, 5112, 7542, -2898, -4845, 2645, 1803, -4270, -322, 6193, 1270, -6359, -4187, 3730, 7530, 1153, -9368, -6928, 8446, 12250, -4927, -15815, 141, 16584, 4310, -14504, -7224, 10668, 8039, -6605, -6933, 3559, 4870, -2115, -3135, 2074, 2781, -2517, -4139, 2469, 6651, -1434, -9101, -528, 10370, 2888, -10052, -4756, 8407, 5377, -6036, -4628, 3670, 3019, -1898, -1297, 943, 110, -637, 259, 633, 7, -585, -430, 355, 635, -80, -521, 47, 233, -431, -8, 1141, 91, -1931, -573, 2575, 1334, -2904, -2097, 2847, 2573, -2431, -2588, 1826, 2182, -1246, -1526, 884, 823, -782, -247, 814, -8, -769, -193, 515, 802, -22, -1587, -642, 2237, 1325, -2461, -1852, 2210, 2115, -1752, -2004, 1390, 1461, -1129, -701, 915, 77, -848, 262, 997, -381, -1250, 383, 1427, -332, -1396, 292, 1152, -298, -801, 390, 505, -535, -373, 681, 488, -687, -835, 449, 1323, 46, -1812, -747, 2210, 1506, -2473, -2202, 2479, 2848, -2152, -3515, 1516, 4208, -637, -4800, -394, 5136, 1515, -5125, -2684, 4780, 3806, -4119, -4597, 2980, 4796, -1250, -4428, -824, 3697, 2704, -2730, -3850, 1599, 3995, -521, -3085, -101, 1323, 103, 775, 373, -2551, -1043, 3522, 1627, -3650, -1808, 3252, 1263, -2710, 112, 2280, -2007, -1999, 3874, 1885, -5202, -1938, 5872, 2001, -6017, -1794, 5749, 1273, -5142, -729, 4371, 467, -3636, -540, 3007, 929, -2480, -1520, 2146, 2063, -2001, -2276, 1862, 2144, -1545, -1949, 1079, 1985, -624, -2396, 176, 3160, 392, -4124, -1126, 5042, 1839, -5564, -2162, 5364, 1831, -4351, -703, 2584, -1251, -17, 3863, -3331, -6689, 7116, 9271, -10720, -11370, 13558, 12897, -15058, -13636, 14680, 13328, -12108, -11951, 7501, 9781, -1605, -7068, -4452, 3892, 9500, -402, -12676, -2919, 13663, 5343, -12573, -6320, 9991, 5862, -6945, -4508, 4578, 3067, -3505, -2334, 3541, 2862, -3948, -4690, 3837, 7186, -2492, -9215, -191, 9774, 3573, -8498, -6605, 5707, 8400, -2108, -8530, -1469, 7125, 4250, -4831, -5698, 2506, 5681, -786, -4509, -125, 2778, 328, -1150, -38, 148, -397, 48, 571, 406, -229, -1094, -555
1791219593.966, MrmFullScanInfo, 424, 107, 2203365, 0, 0, 0, 0, 10000, 39297, 32, 4, 2, 1, 480, 0, 0, 0, 0, 0, 0, -922, -129, 1698, 433, -1740, -592, 1279, 322, -756, 181, 159, -468, 783, 239, -1802, 209, 2050, -315, -1084, -98, -589, 634, 2084, -1026, -2612, 1361, 2033, -1534, -1273, 1420, 1147, -1162, -1270, 960, 765, -658, 791, 151, -3118, 491, 5405, -759, -6572, 206, 6585, 496, -6673, -144, 7978, -1504, -11400, 3441, 17470, -4923, -25435, 5628, 33604, -5108, -40370, 3375, 44533, -1089, -44824, -911, 40720, 2412, -33118, -3708, 23643, 5092, -13899, -6681, 5160, 8476, 1606, -10365, -6056, 12047, 8721, -13089, -10476, 13229, 11921, -12227, -13031, 10089, 13343, -7192, -12326, 4015, 9959, -1069, -6801, -1005, 3480, 1644, -436, -826, -1855, -869, 2924, 2583, -2592, -3552, 1192, 3381, 460, -2153, -1501, 337, 1472, 1419, -484, -2586, -842, 2896, 1720, -2310, -1602, 1060, 492, 411, 1179, -1676, -2748, 2527, 3609, -2807, -3522, 2428, 2692, -1486, -1514, 337, 282, 702, 952, -1517, -2107, 2052, 2913, -2133, -3151, 1659, 2943, -871, -2592, 171, 2236, 258, -1874, -444, 1557, 562, -1316, -750, 1093, 1018, -794, -1257, 407, 1407, 82, -1563, -747, 1805, 1507, -2051, -2181, 2174, 2646, -2116, -2831, 1822, 2682, -1223, -2209, 449, 1506, 171, -643, -395, -272, 222, 998, 175, -1252, -485, 974, 464, -356, -84, -292, -428, 706, 817, -691, -965, 292, 850, 177, -469, -412, -108, 343, 728, -84, -1195, -226, 1348, 477, -1148, -582, 738, 481, -353, -172, 192, -246, -359, 638, 842, -864, -1458, 835, 1937, -514, -2095, 6, 1855, 511, -1236, -862, 444, 979, 194, -868, -450, 601, 390, -315, -168, 202, -95, -309, 306, 542, -354, -732, 223, 806, 9, -791, -221, 725, 341, -614, -400, 453, 450, -227, -495, -23, 505, 182, -417, -202, 218, 186, -20, -175, -92, 44, 204, 272, -386, -691, 584, 1080, -703, -1350, 740, 1511, -755, -1587, 785, 1581, -732, -1479, 591, 1343, -418, -1196, 260, 1019, -54, -810, -275, 627, 631, -540, -893, 465, 1066, -332, -1242, 147, 1452, 63, -1586, -238, 1500, 342, -1136, -408, 623, 550, -172, -745, -190, 900, 471, -1013, -590, 1101, 520, -1076, -403, 828, 442, -434, -572, 164, 588, -65, -430, 27, 269, -37, -297, 208, 497, -538, -691, 816, 763, -802, -725, 457, 698, 91, -648, -616, 461, 1018, -146, -1269, -178, 1295, 503, -1080, -900, 761, 1264, -517, -1328, 373, 1101, -280, -768, 318, 441, -494, -81, 636, -246, -546, 378, 274, -316, -59, 205, 0, -159, 8, 150, -55, -74, 42, -53, 203, 134, -622, -193, 1026, 310, -1305, -376, 1464, 227, -1494, 89, 1416, -336, -1326, 397, 1308, -288, -1247, 96, 991, 99, -573, -219, 212, 192, -8, -83, -154, 42, 423, -202, -793, 584, 1090, -954, -1143, 1044, 944, -798, -595, 447, 175, -193, 262, 87, -583, -117, 617, 264, -384, -418, 116, 403, 34, -168, -76, -156, 62, 442, 4, -679, -94, 979, 153, -1446, -118, 2060, -63, -2592, 383, 2731, -743, -2408, 1002, 1859, -1039, -1313, 814, 849, -329, -503, -264, 325
1791219593.981, MrmDetectionListInfo, 424, 34, 61, 11617, 63, 16101, 64, 18257, 65, 20144, 66, 21633, 67, 22669, 68, 23246, 69, 23373, 70, 23104, 71, 22542, 72, 21755, 73, 20710, 74, 19318, 75, 17543, 76, 15476, 77, 13307, 78, 11201, 86, 10380, 87, 11232, 88, 11583, 89, 11863, 90, 12215, 91, 12457, 92, 12398, 93, 12033, 94, 11459, 95, 10715, 96, 9765, 97, 8580, 98, 7205, 99, 5762, 291, 1142, 292, 1164, 293, 1180
