Timestamp, Config, NodeId, ScanStartPs, ScanStopPs, ScanResolutionBins, BaseIntegrationIndex, Segment1NumSamples, Segment2NumSamples, Segment3NumSamples, Segment4NumSamples, Segment1AdditionalIntegration, Segment2AdditionalIntegration, Segment3AdditionalIntegration, Segment4AdditionalIntegration, AntennaMode, TransmitGain, CodeChannel
1791219441.170, Config, 100, 10000, 39297, 32, 12, 0, 0, 0, 0, 0, 0, 0, 0, 0, 63, 4
Timestamp, MrmFullScanInfo, MessageId, SourceId, EmbeddedTimestamp, Reserved, Reserved, Reserved, Reserved, ScanStartPs, ScanStopPs, ScanStepBins, Filtering, AntennaId, Reserved, NumSamplesTotal, ScanData
1791219441.217, MrmFullScanInfo, 583, 107, 2050606, 0, 0, 0, 0, 10000, 39297, 32, 1, 2, 1, 480, -419743, 492371, 418810, -480056, -451637, 447939, 504325, -371988, -519977, 114368, 520095, 338373, -496083, -497966, 373853, 517555, -115392, -520041, -174126, 519706, 324052, -511468, -475833, 482350, 520190, 513358, -151448, -520153, -410538, 498754, 354696, -501758, -433693, 504936, 281657, -517963, -294305, 517741, 228879, -517808, -290215, 516217, 422896, -510560, -515238, 392209, 520192, 85141, -519921, -490689, 446610, 519707, -150158, -519379, -265805, 519422, 484553, -493685, -517871, 339935, 520168, -36422, -520126, -358982, 508061, 494854, -247508, -475986, -296236, 216532, 519989, 315858, -503237, -513850, 20388, 517281, 491658, -290982, -520188, -399120, 510017, 519447, -284642, -520159, -2069, 519921, 294474, -508344, -497774, 389850, 520070, 59687, -520157, -486314, 437257, 520162, 74282, -519208, -378875, 491784, 473532, -320431, -455523, 3806, 106500, 194074, 294521, -182183, -513020, -5662, 515625, 285227, -399016, -400649, 90960, 341883, 193404, -194040, -368525, -76124, 357821, 315446, -213075, -378085, 74611, 336639, 38934, -231139, -86677, 61668, 24919, 73012, 45892, -129412, -103640, 124306, 135945, -78044, -90706, 38675, -9041, -35183, 89956, 71891, -112517, -134002, 83722, 155054, -19850, -111315, -49356, 33454, 68916, 48507, -35975, -106911, -6288, 120931, 43927, -89860, -63470, 46094, 38635, -19148, 15419, 13116, -57375, -32690, 66346, 79397, -36711, -115482, -24608, 117628, 98835, -81986, -125719, 15601, 146162, 60841, -125648, -114286, 78596, 125395, -20506, -98877, -24496, 55226, 35906, -8042, -19531, -21510, -10554, 23796, 39260, 2930, -48744, -35707, 26862, 64659, 17897, -75019, -57726, 58862, 85355, -23288, -92623, -9449, 76677, 31929, -39781, -43420, 7078, 40928, 15861, -30068, -27740, 23214, 29510, -23658, -25170, 26005, 26468, -29051, -36736, 31924, 45654, -25326, -51253, 10599, 55168, 6087, -50675, -20393, 35998, 31067, -16811, -31901, 175, 23124, 12030, -9302, -16102, -1214, 8411, 6052, 1248, -4994, -5293, -3760, 4467, 14689, 805, -19640, -10251, 18517, 23841, -12314, -29604, -1774, 28616, 17801, -21332, -29314, 8264, 34678, 6673, -34504, -16281, 28555, 18490, -19681, -11009, 13812, 7959, -13444, -3165, 15246, 1022, -18477, -2016, 21844, 7026, -20643, -13914, 14980, 22864, -5437, -31855, -4822, 28667, 16583, -20378, -23898, 9756, 23813, 589, -18985, -6779, 9911, 8420, 415, -6258, -8278, 1773, 12551, 4815, -13858, -10347, 15994, 15850, -18442, -19040, 20559, 26518, -24549, -34752, 28256, 41862, -28096, -44655, 23169, 39230, -11775, -25602, -2907, 7544, 15554, 10435, -19527, -21013, 15891, 25830, -4900, -20613, -8640, 8895, 20023, 6606, -25137, -20314, 25467, 26831, -22352, -24324, 21660, 12873, -23422, 3068, 30287, -16662, -40653, 22183, 48924, -25590, -53805, 25020, 52532, -24214, -46258, 23557, 35471, -28057, -22744, 30831, 14742, -32582, -10695, 29938, 12889, -26892, -16135, 22186, 19452, -17504, -19829, 14086, 17124, -11221, -16093, 7925, 15928, -3590, -17709, -5109, 23787, 14494, -30136, -24255, 34216, 31163, -36196, -32186, 35293, 25075, -30884, -9104, 22600, -14039, -10332, 32059, -9538, -63813, 31394, 98268, -53508, -130790, 74965, 161939, -85944, -183048, 83329, 189403, -59748, -174193, 17784, 144107, 36647, -87762, -86738, 20847, 119292, 41045, -126266, -90262, 111871, 115037, -84250, -116102, 55128, 97448, -36746, -75303, 28068, 55618, -34622, -50778, 42758, 60778, -41379, -81165, 23600, 100231, 10162, -108323, -51081, 97712, 84863, -72779, -113189, 27676, 110735, 12041, -90917, -38850, 62062, 48052, -31119, -39534, 11220, 19397, -8243, 3225, 18589, -21577, -35635, 32347, 55753, -32610, -67240, 25216, 64777, -13732, -51480, 4051, 29025, 1373, -4170, -2869, -15268
1791219441.217, MrmFullScanInfo, 583, 107, 2050606, 0, 0, 0, 0, 10000, 39297, 32, 2, 2, 1, 480, 0, 0, 0, 0, 0, 0, 167965, -228900, -311494, 480369, 360815, -537280, -379353, 350086, 435001, -32130, -508648, -255483, 508991, 431678, -373833, -521668, 136363, 579039, 109315, -566752, -279545, 391394, 325386, -46208, -241505, -339622, 73576, 612958, 89474, -724828, -178315, 711936, 187252, -643338, -151637, 577649, 123347, -546614, -139382, 550344, 203521, -538945, -294094, 427825, 395644, -186653, -486400, -108597, 499910, 352363, -365669, -511062, 104002, 602842, 172238, -616919, -365089, 507275, 469492, -265733, -524777, -32123, 512578, 270890, -363556, -361698, 65922, 279817, 259766, -66747, -421504, -186289, 316992, 352832, -13318, -331512, -318886, 125177, 524251, 153619, -522064, -389549, 324032, 543110, -30127, -592852, -242088, 492988, 433268, -237217, -522277, -88436, 474530, 369944, -276153, -546928, -845, 595857, 222935, -496175, -286861, 263437, 172124, 15326, 56222, -208432, -290315, 224512, 436340, -79132, -440952, -123164, 298681, 264217, -60120, -273829, -181187, 151592, 337251, 40547, -367619, -213696, 289338, 299162, -159015, -274515, 40218, 162491, 26045, -16439, -33099, -104352, 2020, 162614, 32615, -155720, -39065, 109008, 6467, -59929, 48861, 38463, -96416, -50146, 110486, 74688, -83056, -83353, 28203, 59558, 25957, -7115, -55101, -53557, 51822, 97147, -26031, -108157, -2058, 88491, 12729, -53540, 1068, 23707, -29136, -15907, 51770, 35233, -51536, -70917, 22830, 101275, 26388, -105302, -80239, 74447, 122293, -18025, -139653, -42051, 125749, 83821, -85335, -95513, 34640, 78265, 6096, -43128, -23118, 6395, 15115, 16429, 7605, -16800, -28475, -3928, 33180, 35635, -17053, -63442, -13854, 74313, 47574, -63760, -71475, 37053, 76815, -4564, -62721, -23525, 36371, 40621, -8342, -45723, -12758, 42857, 23263, -37631, -25268, 34222, 24499, -34075, -25898, 35450, 30990, -34415, -38440, 27835, 45280, -15584, -47751, 254, 43125, 14136, -31513, -23387, 15846, 24957, -694, -19443, -9306, 10129, 11718, -1370, -7817, -2883, 1515, 751, 3201, 6346, -3519, -14506, -1593, 19569, 10687, -18615, -20242, 10741, 26462, 2368, -26856, -16965, 21024, 28995, -11015, -35485, 823, 35287, 5886, -29634, -7786, 21930, 5884, -15958, -2176, 13818, -1298, -15199, 2654, 18069, -498, -19854, -5732, 18766, 14895, -14267, -23753, 6642, 28509, 3017, -27186, -12436, 20579, 18681, -11236, -19603, 2116, 14957, 4510, -6491, -7458, -2914, 6569, 10875, -2579, -16602, -2992, 20655, 8650, -24048, -13883, 27730, 19066, -32123, -24352, 36416, 28814, -38265, -30691, 34770, 28388, -24290, -21511, 8226, 11338, 8796, -180, -20889, -9520, 23828, 15756, -16951, -17131, 3173, 13166, 12572, -4901, -25504, -4864, 32839, 12154, -34415, -13291, 32164, 6716, -29032, 5903, 27742, -20499, -29643, 32877, 33963, -40598, -38203, 43320, 39526, -42297, -36053, 39543, 27801, -36686, -16918, 34291, 7011, -32161, -1337, 30116, 1049, -28123, -4752, 26088, 9545, -23702, -12887, 20661, 13990, -16867, -13884, 12324, 14535, -6952, -17708, 776, 23966, 5772, -32107, -11750, 39716, 15741, -44251, -15903, 43728, 10517, -36885, 632, 23219, -16153, -3028, 34638, -22725, -55583, 52582, 78571, -83974, -102021, 112544, 123409, -132003, -139600, 135209, 147626, -116568, -145091, 75092, 130010, -16364, -101484, -47963, 61279, 103480, -14803, -138135, -29943, 146683, 64527, -132190, -82984, 104059, 84326, -74153, -73045, 52454, 57399, -43379, -46318, 44272, 46229, -47000, -58490, 42389, 78627, -25001, -98029, -4703, 107142, 40712, -99375, -73628, 74349, 94239, -38538, -97215, 2696, 83446, 22892, -59398, -32167, 34520, 24813, -17359, -5539, 12368, -18097, -18855, 38417, 31856, -49788, -44306, 49940, 49901, -40279, -45398, 24956, 31455
1791219441.217, MrmFullScanInfo, 583, 107, 2050606, 0, 0, 0, 0, 10000, 39297, 32, 4, 2, 1, 480, 0, 0, 0, 0, 0, 0, -253, -294, 500, 735, -626, -832, 553, 443, -135, 36, -403, -213, 742, 116, -606, 14, 29, 59, 573, -247, -105, 68, -1687, 820, 2961, -1750, -1885, 1585, -776, -282, 1926, -861, 296, 518, -4111, 1164, 5341, -2513, -2360, 2434, -1933, -1158, 3875, -415, -3056, 1540, 2014, -1876, -2614, 1737, 4004, -1631, -4078, 1604, 2342, -742, -355, -3975, 275, 13049, -128, -22962, -4717, 31326, 12305, -38243, -14463, 40240, 11577, -32912, -12433, 17891, 18319, -1368, -21773, -10393, 19368, 13506, -15316, -8317, 13183, 325, -12361, 4933, 10317, -5403, -6576, 2755, 3050, -24, -1239, -1076, 578, 827, 1181, -251, -6310, 789, 13516, -3591, -16745, 7529, 10793, -9455, 1414, 8744, -11657, -8271, 16066, 9911, -16520, -13108, 15016, 16689, -11431, -18522, 5530, 15078, 1958, -4879, -9436, -9161, 15465, 21651, -19623, -27749, 21604, 25506, -21218, -16469, 19807, 3888, -19952, 9320, 23020, -20812, -27265, 28766, 29059, -32191, -25810, 31385, 17696, -27683, -7217, 22656, -2704, -17560, 10054, 13336, -13914, -10334, 14505, 8116, -12865, -5901, 10340, 3174, -7679, -151, 4995, -2381, -2340, 3858, -43, -4166, 2058, 3611, -3880, -2689, 5737, 1889, -7583, -1524, 9001, 1667, -9514, -2032, 8864, 2214, -7127, -2103, 4629, 1888, -1857, -1778, -667, 1901, 2645, -2330, -4022, 3051, 4915, -3899, -5291, 4539, 4991, -4631, -4043, 4087, 2729, -3028, -1320, 1591, 18, 61, 973, -1646, -1493, 2866, 1493, -3636, -1050, 4115, 368, -4509, 299, 4908, -819, -5250, 1236, 5575, -1631, -5930, 2054, 6110, -2471, -5726, 2776, 4706, -2935, -3406, 3035, 2192, -3200, -1110, 3432, 37, -3574, 986, 3493, -1703, -3152, 1888, 2596, -1540, -1772, 872, 680, -167, 620, -472, -2000, 1128, 3220, -1741, -3944, 2054, 3948, -1933, -3280, 1576, 2246, -1271, -1285, 1232, 753, -1444, -770, 1615, 1266, -1384, -2045, 701, 2837, 188, -3304, -1003, 3219, 1612, -2595, -1946, 1658, 1938, -711, -1529, -7, 799, 357, 29, -260, -778, -181, 1419, 695, -1928, -1028, 2223, 1147, -2304, -1150, 2318, 1113, -2408, -1022, 2589, 891, -2734, -749, 2676, 581, -2259, -281, 1378, -202, -70, 763, -1410, -1269, 2729, 1655, -3680, -1915, 4263, 2093, -4456, -2259, 4133, 2470, -3266, -2649, 2127, 2597, -1082, -2174, 319, 1447, 183, -672, -471, 137, 558, 61, -494, -1, 428, -211, -481, 500, 658, -723, -902, 701, 1164, -492, -1310, 282, 1210, -126, -950, -2, 763, 16, -711, 182, 665, -427, -558, 494, 443, -258, -374, -283, 285, 1062, 0, -1901, -578, 2624, 1340, -3071, -2079, 3074, 2733, -2542, -3357, 1677, 3959, -896, -4407, 523, 4564, -609, -4321, 1023, 3575, -1529, -2267, 1904, 615, -1986, 973, 1724, -2095, -1175, 2550, 487, -2400, 237, 1868, -929, -1191, 1498, 453, -1935, 429, 2264, -1429, -2407, 2240, 2304, -2520, -2052, 2233, 1749, -1590, -1457, 888, 1218, -342, -971, -92, 637, 668, -232, -1481, -133, 2395, 431, -3253, -601, 3871, 641, -4019, -701, 3628, 966, -2853, -1385, 1978, 1803, -1144, -2218, 489, 2840, -320, -3872, 1020, 5249, -2607, -6623, 4598, 7652, -6529, -8133, 8208, 7952, -9493, -7022, 10167, 5364, -9989, -3214, 8843
Timestamp, MrmDetectionListInfo, MessageId, NumDetections, DetIndex, DetMagnitude, DetIndex, DetMagnitude,...
1791219441.217, MrmDetectionListInfo, 583, 4, 79, 18274, 80, 15508, 81, 13070, 147, 30026
1791219441.342, MrmFullScanInfo, 584, 107, 2050731, 0, 0, 0, 0, 10000, 39297, 32, 1, 2, 1, 480, -418868, 491493, 420561, -480716, -451630, 445669, 504999, -369893, -519951, 111845, 520156, 334170, -496546, -498382, 372797, 517412, -114985, -520144, -174263, 519808, 321828, -512297, -476611, 480707, 520179, 513885, -160240, -520082, -410383, 499930, 358229, -502015, -441270, 505376, 282658, -518072, -278434, 518281, 208794, -515761, -283324, 516604, 425051, -509306, -514825, 384018, 520192, 82140, -520110, -485210, 453930, 519500, -173730, -519576, -240981, 519737, 481132, -498562, -518627, 340067, 520130, -32453, -520110, -368810, 500801, 512047, -148783, -515521, -438408, 303599, 520192, 298249, -509591, -513500, 22092, 517557, 488968, -282343, -520192, -395204, 514667, 518749, -303902, -520189, 9221, 519880, 295623, -508303, -497043, 384695, 520000, 55445, -520146, -483038, 434603, 520142, 78426, -519089, -387309, 491204, 471542, -328556, -435652, 37851, 93406, 152328, 294201, -142671, -505995, -46736, 508720, 300806, -403420, -415523, 96085, 357435, 186931, -190509, -351853, -78626, 338305, 310855, -199413, -375373, 58309, 333237, 46242, -230667, -94606, 82278, 31058, 54826, 57719, -109444, -118720, 104263, 150325, -64000, -106038, 35074, 3452, -40676, 76061, 87315, -91060, -142194, 67301, 164598, -4872, -124976, -57813, 44832, 72103, 40760, -34806, -102707, -14398, 120857, 53212, -88695, -69020, 45553, 44255, -19057, 9525, 11832, -54563, -32486, 67139, 79931, -38560, -118259, -22123, 120720, 94252, -86814, -123437, 20244, 143695, 56822, -123991, -111458, 78740, 122125, -20142, -97537, -22825, 54431, 32992, -8777, -16181, -20740, -15858, 21361, 43029, 4468, -51250, -37105, 27706, 64212, 17492, -73593, -58549, 57164, 86490, -21551, -93880, -10025, 76950, 30475, -40739, -39505, 6903, 36056, 15004, -23536, -25395, 16660, 27272, -17465, -22783, 20737, 24915, -25013, -35144, 29624, 44758, -25732, -52885, 9933, 56933, 6910, -52336, -21043, 37536, 31851, -16927, -33629, 1125, 24591, 12836, -13198, -15922, 2259, 8201, 3376, 1565, -2539, -5949, -5411, 4937, 15682, 511, -19309, -11101, 17825, 23250, -9594, -28763, -3865, 27409, 19292, -19893, -29472, 7392, 33951, 7040, -33611, -16963, 27656, 18609, -18437, -10180, 12627, 6913, -12089, -517, 14614, -2423, -18477, 1379, 21966, 4211, -21151, -11899, 15648, 21216, -6182, -30315, -3195, 28374, 15166, -20734, -22740, 11041, 23405, -1738, -17843, -5310, 8744, 7006, 1657, -4843, -9801, 655, 13624, 4684, -15474, -10121, 17331, 15125, -18645, -19730, 20147, 27422, -23039, -36410, 26311, 44464, -25378, -47293, 21117, 42548, -10174, -29431, -4209, 10850, 17600, 6097, -22425, -18357, 17156, 23494, -6207, -19657, -7667, 8185, 20109, 6173, -25437, -19442, 25211, 25583, -23143, -22799, 23507, 11566, -24769, 4259, 31533, -18062, -41350, 24226, 49487, -27918, -53946, 27182, 53060, -26033, -46633, 27513, 35827, -29427, -24071, 31849, 15600, -32687, -11431, 30457, 12454, -26373, -15520, 22102, 18421, -17047, -18243, 14170, 16077, -12436, -15231, 9381, 15012, -5293, -18024, -3545, 25975, 13216, -31703, -24325, 36836, 32481, -38535, -34298, 37391, 27816, -33418, -11578, 24689, -11929, -12132, 32517, -7122, -65943, 29218, 102507, -52104, -137800, 74328, 168588, -85699, -189516, 83311, 195827, -59646, -178699, 16848, 144919, 37136, -88004, -86616, 20907, 118541, 42042, -126238, -91151, 111175, 116493, -84141, -117308, 55476, 99193, -36760, -74688, 26329, 55073, -34111, -50325, 42462, 60480, -41712, -80549, 22447, 99381, 11870, -107201, -52607, 95375, 87445, -68470, -115479, 26211, 112717, 13987, -92442, -40523, 61642, 50581, -30293, -42893, 9301, 23056, -3868, -898, 14621, -17359, -31952, 26468, 52402, -25623, -63895, 17540, 63392, -6311, -49593, -2889, 26958, 6842, -2644, -6864, -17509
1791219441.342, MrmFullScanInfo, 584, 107, 2050731, 0, 0, 0, 0, 10000, 39297, 32, 2, 2, 1, 480, 0, 0, 0, 0, 0, 0, 168176, -228590, -312041, 479422, 361650, -535976, -380282, 349301, 435570, -32333, -508473, -254771, 508205, 431244, -373121, -521720, 136328, 579218, 108746, -566596, -279499, 390979, 327044, -46132, -244394, -339117, 75397, 612646, 90573, -725681, -180689, 713655, 186157, -643848, -143882, 574847, 111459, -540943, -129403, 544332, 199203, -534835, -294628, 426567, 398293, -188238, -490488, -104843, 507923, 347129, -379179, -504941, 119649, 597384, 160328, -613989, -359758, 506511, 468955, -263785, -520270, -41996, 487069, 301771, -310458, -422462, 5376, 356598, 298185, -127739, -430461, -160934, 312376, 355824, -9813, -343774, -319270, 134022, 527111, 149900, -530410, -387692, 334556, 540738, -37452, -590362, -239911, 492040, 434119, -238537, -522788, -86035, 472504, 368582, -271854, -548028, -3979, 600897, 219664, -507717, -274328, 283900, 153207, -14419, 75027, -172783, -304545, 189505, 445822, -51124, -447878, -140918, 305592, 271653, -69025, -272756, -169422, 145604, 323012, 47109, -352363, -218268, 275000, 302789, -147552, -280875, 34303, 174402, 23327, -32789, -20523, -87721, -17858, 149652, 54621, -148940, -58547, 109788, 21604, -68175, 37029, 52230, -85746, -66611, 100035, 91585, -73963, -99179, 22471, 72632, 26987, -15649, -51518, -50339, 45091, 98285, -18332, -111376, -9044, 91538, 18492, -55356, -3441, 24381, -26268, -16069, 51078, 35559, -53172, -71888, 26377, 103110, 21764, -107948, -75498, 77598, 118262, -21269, -136793, -39033, 124192, 81239, -85067, -93545, 35691, 76986, 3646, -42464, -19382, 6200, 10596, 16312, 12011, -16541, -31837, -4078, 34967, 35410, -17227, -62731, -14956, 73310, 49339, -62933, -73189, 37049, 77863, -5973, -62773, -20416, 35578, 35893, -7251, -39721, -13570, 36123, 23585, -30894, -25221, 28254, 24264, -29569, -25669, 32799, 31033, -33468, -39027, 27949, 46495, -16009, -49339, 442, 44704, 14505, -32788, -24531, 16761, 27025, -1463, -22332, -8385, 13364, 10509, -4312, -6465, -640, 276, -662, 4053, 6961, -3816, -14350, -1754, 18604, 10996, -16889, -20378, 8620, 26251, 4237, -26280, -18033, 20175, 29101, -10040, -34855, -61, 34252, 6406, -28377, -7677, 20497, 4943, -14408, -300, 12277, -3987, -13829, 5738, 17033, -3454, -19282, -3238, 18734, 12940, -14777, -22319, 7615, 27654, 1764, -27078, -11087, 21302, 17261, -12578, -18045, 3618, 13258, 3239, -4758, -6602, -4569, 6218, 12377, -2775, -17848, -2404, 21483, 8114, -24303, -13942, 27381, 20101, -31258, -26441, 35203, 31800, -36972, -34294, 33707, 32294, -23614, -25504, 7758, 15324, 9355, -4071, -21622, -6000, 24601, 12999, -17611, -15391, 3636, 12491, 12304, -5163, -25346, -3904, 32794, 10760, -34652, -11645, 32796, 4936, -29905, 7747, 28540, -22412, -30084, 34900, 33946, -42693, -37851, 45506, 39044, -44650, -35608, 41963, 27552, -38812, -17035, 35799, 7467, -33005, -1821, 30381, 1203, -27907, -4390, 25524, 8708, -23060, -11748, 20323, 12722, -17148, -12622, 13271, 13548, -8391, -17389, 2446, 24580, 4248, -33647, -10829, 41994, 15761, -47054, -16877, 46837, 12125, -40061, -1008, 26203, -15244, -5573, 35192, -20852, -58112, 51661, 83132, -84253, -108099, 113983, 130119, -134175, -146089, 137463, 153190, -118290, -149129, 75922, 132261, -16393, -102184, -48300, 60929, 103775, -13829, -138253, -31249, 146740, 65971, -132377, -84323, 104334, 85238, -74163, -73373, 51926, 57294, -42510, -46037, 43464, 45857, -46298, -58006, 41478, 77993, -23542, -97065, -6874, 105687, 43551, -97608, -76791, 72690, 97074, -37123, -99120, 1123, 84202, 25184, -59091, -35506, 33299, 29184, -15405, -10775, 10061, -12111, -16709, 31685, 30347, -42374, -43740, 42170, 50216, -32683, -46150, 18059, 32058
1791219441.342, MrmFullScanInfo, 584, 107, 2050731, 0, 0, 0, 0, 10000, 39297, 32, 4, 2, 1, 480, 0, 0, 0, 0, 0, 0, 121, 174, -366, -639, 601, 1018, -734, -727, 558, -50, -25, 536, -480, -356, 481, -44, -15, 186, -378, 89, -33, -411, 1282, 355, -2292, -31, 1725, 110, 336, -825, -1427, 1362, -963, -378, 5986, -2235, -9543, 4575, 8794, -4996, -4892, 3734, 879, -1670, 1541, -657, -3366, 2768, 6902, -4413, -11593, 5373, 13538, -4682, -10560, 2353, 5034, -1578, -624, 5475, 4648, -16042, -26484, 38291, 55485, -68308, -63359, 83830, 41026, -66729, -12566, 28819, 885, 2511, -2767, -14453, 5095, 12065, -1865, -5746, -3484, 1630, 5409, -533, -2949, 461, -496, 359, 1876, -1903, -743, 2670, -1838, -1596, 4423, -769, -5051, 4841, 1648, -12186, 5817, 22425, -13894, -32437, 18125, 38207, -17465, -37564, 14564, 31363, -12315, -22501, 11811, 13736, -12598, -6097, 13513, -28, -13538, 4467, 12139, -7819, -9331, 11590, 5196, -16610, 922, 21373, -9373, -22605, 18786, 18475, -26343, -10199, 29922, -1, -29318, 10379, 25904, -19103, -21527, 24420, 17403, -25920, -13335, 24710, 8367, -21972, -2369, 17853, -3685, -12362, 8501, 6328, -11101, -1175, 11251, -1959, -9673, 2982, 7554, -2758, -5395, 2214, 2942, -1847, -94, 1814, -2835, -2106, 5377, 2650, -7111, -3295, 7757, 3821, -7258, -4011, 5866, 3807, -3933, -3290, 1742, 2571, 557, -1824, -2828, 1241, 4778, -915, -6011, 860, 6197, -1036, -5289, 1414, 3613, -1883, -1649, 2255, -122, -2250, 1331, 1621, -1797, -225, 1545, -1774, -800, 3947, 21, -5879, 380, 7370, -312, -8290, 52, 8475, 126, -7850, -137, 6521, -71, -4816, 588, 3187, -1387, -1967, 2216, 1248, -2712, -978, 2774, 1076, -2537, -1449, 2254, 1978, -2145, -2420, 2264, 2501, -2440, -2141, 2411, 1582, -2037, -1022, 1293, 512, -293, -2, -668, -539, 1299, 1040, -1451, -1285, 1175, 1063, -626, -398, 19, -436, 435, 1152, -532, -1636, 165, 1921, 640, -1993, -1752, 1823, 2970, -1442, -3934, 934, 4268, -352, -3873, -240, 3028, 772, -2106, -1146, 1307, 1313, -614, -1256, -54, 1056, 665, -877, -1040, 823, 1046, -857, -768, 872, 365, -801, 108, 623, -607, -309, 943, -143, -844, 674, 212, -1104, 845, 1287, -2062, -1153, 3169, 705, -3988, -22, 4457, -675, -4661, 1063, 4734, -1008, -4705, 673, 4420, -269, -3731, -60, 2703, 240, -1482, -289, 269, 323, 723, -281, -1354, 7, 1673, 435, -1776, -730, 1755, 666, -1709, -268, 1716, -264, -1769, 686, 1913, -861, -2141, 783, 2266, -500, -2033, 97, 1451, 213, -748, -211, 115, -106, 360, 583, -601, -1017, 476, 1262, 94, -1259, -984, 1016, 1871, -444, -2482, -493, 2672, 1654, -2300, -2789, 1370, 3735, -167, -4420, -871, 4784, 1423, -4766, -1284, 4308, 387, -3400, 1164, 2134, -3117, -597, 5019, -1035, -6321, 2398, 6706, -3110, -6244, 3027, 5113, -2271, -3431, 1127, 1521, 0, 144, -760, -1261, 1061, 1868, -1024, -2121, 876, 2160, -771, -1964, 603, 1469, -148, -798, -523, 212, 1047, 180, -1259, -484, 1466, 766, -1965, -997, 2712, 1325, -3451, -1806, 3969, 2188, -4033, -2210, 3442, 2090, -2271, -2355, 929, 3250, 177, -4617, -842, 6101, 1023, -7425, -689, 8521, -136, -9415, 1371, 10012, -2800, -10032, 3983, 9291, -4447, -7871, 3990
1791219441.342, MrmDetectionListInfo, 584, 5, 76, 65535, 77, 57212, 78, 42275, 79, 26491, 80, 13114
1791219441.467, MrmFullScanInfo, 585, 107, 2050856, 0, 0, 0, 0, 10000, 39297, 32, 1, 2, 1, 480, -422426, 489824, 419465, -482101, -450117, 446735, 503870, -370237, -519865, 112025, 520132, 334454, -497082, -496946, 373577, 517512, -112472, -520192, -172687, 519466, 319967, -512405, -474175, 480526, 520192, 514224, -153850, -520079, -416916, 497479, 359089, -500580, -439360, 504957, 280987, -517502, -279564, 517808, 209158, -517431, -284380, 515688, 422745, -508014, -515057, 388155, 520192, 67070, -520089, -485636, 454946, 518453, -178183, -519832, -232186, 519222, 475251, -500622, -517330, 363189, 520172, -62424, -520040, -368680, 498575, 510797, -46431, -500074, -515006, 223741, 520186, 355663, -502363, -512350, 23652, 517828, 479388, -358660, -520192, -345094, 515327, 518489, -309367, -520179, 12430, 519916, 293427, -507725, -495384, 393210, 519930, 39063, -520182, -482198, 429419, 520147, 118681, -518932, -423835, 479805, 493563, -305267, -484283, 19896, 143486, 170782, 287955, -150968, -513885, -64561, 511943, 336091, -412305, -447012, 104497, 394013, 183533, -218880, -359168, -63773, 355863, 321222, -202021, -404059, 40332, 375321, 79396, -278806, -137350, 131402, 67092, 13390, 40215, -75121, -121290, 78874, 175776, -49680, -154319, 19385, 60868, -26989, 17402, 76567, -39051, -135885, 27749, 164235, 22554, -130629, -72714, 57542, 77136, 21175, -31447, -81306, -17612, 101613, 57445, -75101, -74190, 33786, 46798, -12129, 7443, 10382, -53564, -34720, 66002, 86119, -36720, -126355, -24484, 129042, 98867, -96022, -126695, 27101, 146820, 50846, -127546, -105101, 81262, 117181, -23755, -93580, -20280, 52870, 30755, -8079, -11998, -20692, -22471, 20078, 51719, 6435, -61141, -40943, 37493, 68727, 9705, -77364, -53402, 60932, 85266, -25059, -96417, -8763, 82909, 29435, -46998, -38637, 13483, 34669, 9549, -21374, -21152, 12754, 22556, -12268, -17872, 14771, 18484, -17899, -27415, 22636, 37939, -17374, -44784, 4539, 50795, 10414, -48561, -23021, 36084, 33544, -18684, -35447, 2181, 28194, 11354, -15362, -14778, 7055, 8144, -1373, 1539, 620, -6179, -6728, 6207, 15283, -1441, -18601, -8829, 16492, 21471, -9441, -28434, -2701, 29070, 17987, -23578, -28357, 11090, 32826, 3880, -33201, -13027, 27480, 14894, -18561, -7694, 14004, 4256, -13107, 829, 15658, -4308, -20177, 3213, 24270, 912, -24864, -8949, 20298, 18868, -11465, -29440, 1290, 28774, 12104, -21390, -20674, 11820, 22881, -2358, -17723, -4667, 9967, 6338, 426, -4136, -9387, 318, 14175, 4785, -16016, -9724, 18094, 14370, -19100, -18570, 20053, 26757, -22339, -37475, 25228, 46356, -24163, -51876, 17823, 47725, -5256, -34669, -10000, 16204, 22739, 2296, -27207, -14535, 21507, 20954, -8684, -16786, -5587, 6335, 18177, 9000, -24472, -21091, 24722, 27034, -21976, -23088, 21044, 10764, -24041, 5482, 31033, -19771, -41325, 25319, 48428, -29123, -53083, 29151, 51945, -28141, -45099, 30279, 33721, -32975, -22131, 35645, 14431, -37209, -9648, 33044, 12108, -28117, -14907, 22958, 17810, -18912, -17565, 16038, 15932, -14583, -14011, 13138, 15353, -10157, -19883, 618, 28603, 10793, -35935, -22922, 41711, 32957, -42878, -36003, 40978, 29795, -35656, -12762, 27581, -12517, -15503, 35560, -4515, -69716, 25789, 106202, -49227, -140597, 69261, 169908, -81978, -189237, 79759, 193975, -57685, -176023, 16012, 142729, 35777, -85382, -84838, 17949, 115905, 45408, -123443, -94056, 109275, 118242, -82020, -117148, 54192, 96955, -35770, -71883, 28383, 53027, -34472, -47432, 41328, 57664, -38779, -77989, 18804, 95861, 16396, -102405, -55342, 90953, 89569, -65469, -115645, 23064, 109610, 15291, -86919, -40416, 54253, 48189, -22333, -40178, 2179, 22445, 1393, -4388, 10558, -9128, -28783, 14954, 49894, -11914, -61068, 3891, 59155, 5573, -45564, -10449, 23106, 10197, 835, -6808, -18691
1791219441.467, MrmFullScanInfo, 585, 107, 2050856, 0, 0, 0, 0, 10000, 39297, 32, 2, 2, 1, 480, 0, 0, 0, 0, 0, 0, 167988, -228769, -311328, 479733, 360600, -536189, -379438, 349425, 435312, -32603, -508584, -254290, 508218, 430802, -373027, -521507, 136682, 579029, 107617, -566136, -277684, 390175, 324364, -45116, -240660, -340078, 71350, 613148, 93393, -725357, -181535, 712541, 185745, -642564, -143424, 574160, 111370, -540969, -129332, 544713, 198870, -536289, -293830, 430332, 396734, -193801, -488593, -99816, 507537, 344099, -382061, -503245, 125412, 597355, 153760, -619103, -353484, 519117, 462266, -280118, -507196, -30058, 456661, 297018, -258784, -416838, -55094, 340110, 347394, -101190, -458243, -190642, 322818, 388743, -14533, -381907, -311372, 170008, 516772, 127419, -524168, -380741, 335854, 542751, -43684, -595714, -233199, 499013, 428937, -246035, -516504, -81055, 459514, 369068, -249062, -552726, -35371, 604743, 257994, -507090, -317387, 279970, 193206, -10908, 49270, -171808, -298772, 180290, 457179, -32174, -468925, -167353, 327994, 300808, -85182, -298676, -164005, 161559, 326995, 47515, -358737, -239173, 275525, 343974, -138319, -336897, 18107, 235657, 38752, -88468, -26519, -46272, -27509, 126360, 82245, -142432, -102423, 114948, 76433, -79080, -21090, 64644, -32333, -78579, 57628, 102988, -45889, -111038, 9099, 86165, 27700, -31208, -43465, -33824, 32958, 82696, -6200, -98310, -18710, 81863, 24832, -49460, -6680, 22486, -25356, -18114, 51584, 41008, -54154, -79825, 27046, 112409, 21765, -117431, -76121, 86324, 119296, -28832, -138085, -32554, 125625, 75774, -86575, -89264, 37407, 74054, 1222, -40724, -15457, 5146, 4539, 17128, 20238, -17173, -41587, -3877, 45054, 35897, -26178, -64046, -8547, 75463, 46462, -65776, -74108, 40325, 81953, -9466, -68694, -16815, 41782, 32170, -12609, -35671, -9446, 31384, 20364, -25088, -22169, 21161, 20766, -21187, -21537, 23505, 26495, -24164, -34527, 19843, 42552, -10047, -46565, -3185, 43557, 16406, -33299, -25699, 18502, 28399, -3765, -24557, -6082, 16609, 8492, -8102, -4755, 2651, -1227, -2495, 5455, 7015, -5168, -13058, -527, 16918, 10137, -15851, -20269, 8889, 27221, 2640, -28334, -15615, 22990, 26571, -13258, -32752, 3317, 32826, 3073, -27683, -4613, 20465, 2282, -14879, 1985, 13115, -6169, -15051, 8270, 18771, -6642, -21696, 469, 21893, 9296, -18502, -19432, 11465, 25946, -1642, -26532, -8587, 21599, 15901, -13359, -17800, 4643, 13821, 2125, -5570, -5606, -4079, 5622, 12454, -2787, -18331, -1779, 21992, 7086, -24482, -12957, 27073, 19760, -30591, -27336, 34398, 34327, -36016, -38539, 32266, 38019, -21371, -32129, 4759, 22078, 12755, -10229, -24980, -852, 27511, 8930, -19829, -12204, 5141, 9862, 11419, -2870, -24935, -5839, 32501, 12154, -34009, -12374, 31637, 4955, -28506, 8389, 27242, -23524, -28953, 36213, 32837, -44048, -36570, 46946, 37412, -46327, -33481, 44013, 24952, -41333, -14154, 38732, 4600, -36004, 691, 32936, -665, -29753, -3208, 26857, 7952, -24308, -11032, 21884, 11770, -19348, -11487, 16354, 12614, -12293, -17223, 6665, 25699, 421, -36281, -7973, 45903, 14175, -51560, -16514, 51194, 12497, -43855, -1192, 29341, -16258, -8063, 37899, -18980, -62165, 50093, 87619, -82397, -112089, 111387, 132951, -130881, -147397, 133987, 152931, -115330, -147569, 74098, 129764, -15978, -99000, -47495, 57229, 102287, -9935, -136634, -34742, 145279, 68312, -131018, -84962, 103022, 84161, -73074, -71043, 51155, 54345, -41658, -43076, 41799, 43325, -43354, -55955, 37364, 76044, -18842, -94810, -11331, 103037, 46830, -94749, -77980, 69851, 95511, -34567, -94672, -832, 77389, 26468, -51051, -36652, 25572, 31381, -9477, -15360, 6855, -4328, -16288, 20831, 31904, -29438, -45944, 28706, 51808, -20496, -46373, 8767, 30811
1791219441.467, MrmFullScanInfo, 585, 107, 2050856, 0, 0, 0, 0, 10000, 39297, 32, 4, 2, 1, 480, 0, 0, 0, 0, 0, 0, -122, -95, 535, 23, -770, 232, 515, -190, -22, -283, -104, 692, -214, -576, 319, 184, 342, -109, -1305, 500, 1778, -957, -1980, 1080, 2505, -824, -3125, 416, 2955, 8, -1540, -479, -801, 1061, 3105, -1638, -4245, 1973, 3740, -1792, -2170, 128, 912, 3121, -761, -5920, 445, 6233, 2498, -4869, -7715, 3911, 11380, -1975, -10903, -4153, 8299, 12275, -6967, -15071, 14910, 7216, -40488, 8056, 72660, -18432, -84448, 13565, 64618, 2606, -31909, -19537, 9518, 33893, -4264, -43016, 8538, 39765, -10049, -24161, 4070, 7555, 4133, 1491, -7976, -4818, 6892, 6930, -4623, -8252, 6075, 6123, -13769, -220, 24497, -4971, -33055, 5702, 38236, -3952, -39843, 4436, 33970, -8672, -18800, 15474, -307, -23503, 16041, 30722, -24829, -34558, 26086, 33636, -20371, -27281, 10354, 15083, -1430, 2443, -1025, -23428, -4140, 44440, 12598, -60890, -17335, 68161, 13236, -63653, 15, 48584, -18690, -27979, 37956, 7876, -53765, 7398, 63293, -16375, -65063, 20036, 59223, -20419, -47248, 19709, 31563, -19430, -14947, 19778, 139, -19849, 10492, 18566, -15703, -15725, 15919, 12107, -12991, -8475, 8992, 4929, -5207, -1228, 2073, -2545, 330, 5970, -1836, -8628, 2407, 10252, -2304, -10710, 1851, 10150, -1213, -9037, 448, 7860, 350, -6643, -1138, 5183, 2089, -3538, -3538, 2103, 5688, -1258, -8218, 954, 10400, -787, -11527, 469, 11204, 34, -9331, -671, 6155, 1432, -2224, -2270, -1676, 3149, 4687, -4062, -6190, 4960, 6169, -5800, -5197, 6695, 4033, -7734, -3269, 8862, 3197, -9887, -3667, 10637, 4236, -10852, -4449, 10200, 4101, -8528, -3214, 6144, 1846, -3770, -194, 2156, -1358, -1646, 2456, 2142, -2958, -3244, 3005, 4353, -2804, -4774, 2520, 4035, -2218, -2310, 1890, 283, -1526, 1307, 1107, -1951, -562, 1531, -207, -331, 1188, -1099, -2111, 2210, 2709, -2673, -2997, 2530, 3155, -2029, -3253, 1398, 3270, -772, -3253, 236, 3307, 238, -3551, -781, 4033, 1496, -4564, -2391, 4805, 3353, -4435, -4098, 3411, 4340, -1980, -3929, 545, 2994, 570, -1825, -1233, 720, 1496, 59, -1478, -303, 1202, 14, -614, 485, -193, -776, 952, 632, -1332, -89, 1055, -591, -9, 1076, -1683, -1242, 3729, 1313, -5747, -1617, 7392, 2214, -8354, -2864, 8500, 3313, -7878, -3391, 6739, 3054, -5373, -2419, 4083, 1706, -3062, -1052, 2289, 554, -1584, -400, 829, 635, -51, -974, -704, 1092, 1377, -998, -1849, 968, 2061, -1132, -2108, 1448, 2225, -1856, -2531, 2330, 2940, -2713, -3309, 2854, 3489, -2726, -3287, 2380, 2611, -1867, -1720, 1373, 1101, -1119, -1032, 1183, 1524, -1439, -2460, 1572, 3650, -1200, -4686, 114, 5085, 1584, -4581, -3507, 3292, 5123, -1586, -5969, -27, 5961, 987, -5404, -770, 4610, -744, -3681, 3023, 2667, -5136, -1860, 6347, 1574, -6410, -1798, 5456, 2196, -3793, -2373, 1824, 2120, 97, -1395, -1746, 379, 3063, 601, -4013, -1207, 4461, 1355, -4182, -1222, 3070, 1116, -1320, -1098, -556, 1032, 2036, -957, -2849, 1208, 2992, -2049, -2673, 3353, 2301, -4669, -2289, 5513, 2727, -5554, -3311, 4608, 3660, -2599, -3626, -322, 3274, 3615, -2757, -6467, 2403, 8121, -2742, -8113, 4291, 6484, -7113, -3752, 10677, 759, -14066, 1605, 16387, -2747, -16968, 2581, 15493, -1426, -12170, -136
1791219441.467, MrmDetectionListInfo, 585, 17, 65, 8319, 66, 9977, 67, 11564, 78, 23855, 79, 18098, 80, 17306, 81, 19063, 82, 20913, 86, 24401, 147, 38412, 148, 41835, 149, 42573, 150, 41203, 152, 35984, 153, 32565, 331, 5554, 333, 5812
1791219441.592, MrmFullScanInfo, 586, 107, 2050981, 0, 0, 0, 0, 10000, 39297, 32, 1, 2, 1, 480, -420407, 490550, 418097, -479387, -452348, 446648, 503946, -371675, -520042, 117519, 520159, 331637, -496756, -498772, 371666, 516451, -114735, -520192, -173180, 519719, 322959, -511741, -474593, 480714, 520158, 514792, -154574, -520071, -415604, 495970, 364332, -500307, -437351, 504854, 280296, -518155, -280554, 518041, 210601, -517241, -284341, 516565, 422975, -509141, -514759, 386924, 520192, 73797, -520106, -486184, 455045, 519607, -180042, -519851, -223120, 519985, 465694, -503795, -516227, 389548, 520012, -136339, -520180, -230826, 515504, 360286, -49766, -168639, -518469, -156316, 518412, 486317, -405569, -516006, -141831, 516747, 504750, -396377, -520192, -313668, 518076, 518855, -311557, -520183, -7115, 519960, 309522, -506598, -492651, 403629, 519661, -21759, -520175, -442102, 455349, 520084, 95092, -519184, -440174, 467890, 505376, -258918, -507039, -2296, 192203, 133366, 244820, -77349, -492345, -149325, 495835, 414116, -357222, -490587, 46833, 442774, 223176, -268787, -381597, -24351, 363119, 303685, -179179, -400060, -20950, 375157, 166047, -291395, -236352, 160926, 164186, -36353, -36591, -3620, -70350, -13448, 149246, 55751, -149717, -91736, 72868, 80746, -9422, -14356, -5129, -69261, -9073, 124704, 56374, -119560, -108709, 68662, 114501, -2267, -67720, -53529, 12808, 73761, 33786, -48350, -57475, 10947, 35662, 5084, 16140, -610, -58503, -30022, 67646, 87942, -35209, -133220, -28073, 140969, 103989, -111098, -130093, 44116, 152277, 33506, -135891, -90258, 89798, 106085, -31006, -85935, -15257, 48516, 27975, -7478, -10523, -17676, -21939, 13815, 52195, 15702, -64631, -52169, 43875, 81665, 745, -91493, -42813, 73753, 75809, -36458, -89964, -1037, 81381, 25258, -49640, -37616, 19559, 36535, 2379, -23347, -13154, 14689, 13124, -13103, -5196, 14589, 1442, -17299, -6838, 21332, 13422, -17667, -18164, 6546, 25933, 6336, -27663, -17557, 20222, 28138, -7745, -32626, -4991, 28404, 14498, -20335, -17220, 14113, 9348, -9126, 3081, 8280, -10828, -13086, 14335, 18647, -13279, -19019, 6072, 14854, 5602, -6115, -14275, -6910, 17963, 22050, -16365, -31979, 8714, 36202, 2368, -35235, -9231, 29392, 11563, -20893, -4431, 14778, 847, -14671, 4572, 18349, -6890, -23150, 4189, 28692, 2344, -29228, -12559, 24337, 24364, -13980, -37010, 3415, 33843, 10532, -24535, -20833, 11755, 22999, 1348, -18328, -9973, 9108, 12537, 1808, -8996, -11050, 4077, 16181, 2480, -19263, -7617, 21707, 11948, -21788, -16112, 21132, 23491, -21350, -33973, 21067, 43912, -17742, -49971, 9981, 47193, 3833, -34777, -20521, 16985, 33142, 1979, -35757, -14608, 28245, 19769, -12829, -14420, -4241, 2261, 19121, 14528, -26746, -27877, 28647, 33012, -26793, -28021, 24487, 12947, -25111, 6296, 31580, -23917, -41117, 31926, 48590, -38339, -53303, 38378, 53336, -38519, -46109, 37624, 36276, -39895, -23731, 41863, 15474, -40959, -11654, 35726, 12304, -30537, -15634, 26015, 19696, -21312, -21854, 18049, 21579, -16205, -22094, 13988, 24413, -8910, -29050, -1985, 38002, 14799, -44787, -27495, 48572, 38767, -48695, -43380, 45087, 38172, -40006, -21683, 30951, -6174, -18939, 31292, -396, -69187, 21552, 108605, -44541, -145365, 66123, 177638, -78859, -198873, 77002, 203069, -55662, -185542, 14749, 148225, 36909, -88866, -84165, 20259, 114247, 44492, -120998, -94473, 106730, 118588, -80580, -118281, 53538, 97762, -37704, -71992, 29384, 50915, -36984, -44967, 44457, 52818, -41449, -71617, 21217, 88307, 14150, -93572, -55211, 83647, 86948, -57135, -113802, 18866, 108046, 17007, -85882, -38488, 53250, 45341, -20538, -37111, -911, 21991, 7859, -7339, 1820, -216, -18459, -97, 36725, 7713, -46743, -17601, 45431, 25674, -32884, -25958, 12198, 19722, 8732, -9869, -23151
1791219441.592, MrmFullScanInfo, 586, 107, 2050981, 0, 0, 0, 0, 10000, 39297, 32, 2, 2, 1, 480, 0, 0, 0, 0, 0, 0, 167984, -228524, -311652, 479886, 361065, -537687, -379353, 352063, 434296, -35036, -507146, -253142, 507309, 430759, -372882, -521775, 136629, 579244, 108194, -566320, -278633, 390339, 325296, -45307, -241123, -339780, 70957, 612851, 94432, -725291, -182443, 712715, 186108, -642814, -143592, 574459, 111656, -541433, -129627, 545307, 198942, -536326, -293818, 428993, 397111, -191237, -489675, -102381, 509584, 345437, -385741, -503034, 130963, 597575, 147198, -627124, -345846, 549275, 450469, -347528, -485804, 89761, 418575, 107677, -194621, -163349, -142469, 75975, 420405, 100974, -466951, -303203, 260171, 440001, 71874, -408348, -369138, 185363, 530560, 124192, -508641, -388495, 312340, 554977, -26527, -609413, -238412, 518204, 424024, -273449, -508913, -51122, 456504, 345469, -250951, -536568, -36191, 590229, 271254, -494200, -347254, 282038, 232172, -44455, 18303, -104731, -286833, 95535, 456961, 50780, -463064, -239504, 308203, 363507, -59384, -353424, -181227, 203530, 324550, 25674, -331375, -241393, 222847, 369588, -65097, -383265, -65046, 300106, 117021, -168196, -85171, 45272, 1793, 27169, 84429, -40230, -131785, 15059, 125151, 12009, -80187, -10441, 28246, -25648, 2968, 75428, -1251, -108299, -25331, 104097, 54235, -63033, -64552, 4310, 49848, 44702, -19054, -64772, -9843, 55035, 19306, -30086, -3404, 10444, -27287, -12986, 52607, 42353, -54480, -87078, 27065, 124635, 21506, -133221, -75523, 103983, 119058, -46686, -139136, -16038, 128195, 61930, -90013, -79098, 40770, 68156, -1442, -39251, -13475, 7838, 2500, 10956, 23633, -8582, -47637, -13716, 54385, 45984, -38385, -73648, 5088, 84045, 33628, -72973, -64467, 45971, 77240, -13560, -69363, -14106, 46944, 30515, -20661, -34554, 146, 30117, 9571, -22892, -9552, 17319, 5380, -15375, -2784, 16082, 4558, -16185, -10575, 12743, 18590, -5097, -24805, -5495, 25696, 16718, -20253, -25593, 10426, 29632, -148, -28184, -6159, 22532, 5879, -15196, 145, 9243, -8402, -6873, 14958, 7910, -16808, -10055, 12559, 10583, -3148, -7508, -8313, 183, 17967, 10257, -22676, -21219, 21178, 29857, -14736, -34059, 6851, 32950, -1191, -27467, -436, 20486, -1589, -15455, 5540, 14487, -9178, -17430, 10216, 22285, -6973, -26196, -1210, 26924, 12946, -23519, -24283, 15888, 30605, -4836, -29533, -7146, 22020, 16261, -11034, -19393, 154, 15727, 7709, -6949, -11138, -3760, 10316, 13429, -6526, -20445, 1411, 24579, 3968, -26502, -9745, 27472, 16700, -28631, -24983, 29899, 33283, -29384, -39119, 24180, 40138, -12420, -35405, -4557, 25917, 21833, -14016, -33062, 2545, 33806, 5814, -23640, -8994, 6076, 6191, 13298, 1384, -29170, -10384, 38270, 16303, -40059, -15328, 36510, 6098, -31145, 9430, 27449, -26949, -27262, 41998, 30099, -51865, -33583, 56063, 34788, -55710, -31632, 52748, 23973, -48870, -13849, 44821, 4659, -40571, 488, 36241, -409, -32360, -3713, 29356, 9257, -27090, -13795, 25081, 16437, -22799, -18092, 19580, 20830, -14647, -26540, 7671, 35513, 898, -45906, -9941, 54710, 17712, -59304, -21669, 58089, 18882, -50248, -7795, 35377, -10819, -13611, 34882, -14144, -62274, 46219, 90916, -79725, -118174, 110032, 141147, -130743, -156860, 134773, 162598, -116650, -156214, 75550, 136374, -17320, -103165, -46181, 59155, 100745, -10110, -134820, -35739, 143492, 69861, -129815, -86429, 102852, 84885, -73942, -70475, 52675, 52209, -43360, -39307, 43306, 37971, -44330, -49158, 37498, 68212, -18074, -86545, -12634, 95018, 48046, -87731, -78632, 64739, 95398, -32123, -93651, -597, 75323, 24548, -47792, -34871, 20998, 31943, -3684, -20353, 258, 6510, -9451, 3886, 25282, -7573, -39799, 4450, 46175, 2861, -41054, -10558, 25602
1791219441.592, MrmFullScanInfo, 586, 107, 2050981, 0, 0, 0, 0, 10000, 39297, 32, 4, 2, 1, 480, 0, 0, 0, 0, 0, 0, -58, 205, -92, 183, 128, -1452, 330, 2608, -1062, -2561, 1411, 1412, -982, -262, 254, -186, 85, 157, 68, 15, -218, -198, 26, 223, 741, -35, -1828, -127, 2276, 111, -1482, -98, 88, 212, 791, -255, -937, 93, 732, 145, -491, -207, 278, 42, 18, 180, -731, -178, 2694, -397, -6183, 1502, 9421, -336, -10379, -9773, 10680, 35124, -14526, -73747, 27072, 123608, -52799, -188153, 90143, 249662, -117616, -263051, 96536, 206685, -20716, -121908, -58931, 64725, 84870, -42920, -54644, 30634, 9939, -12590, 17189, -4787, -21941, 12795, 13931, -15590, -2309, 21885, -6900, -30544, 10054, 32165, -8407, -23540, 7658, 14169, -13689, -12471, 28265, 11986, -45836, 2542, 53074, -35116, -39388, 71032, 12825, -91941, 5273, 93336, -3249, -84500, -10138, 75105, 18445, -65008, -13878, 47754, -2275, -21022, 26337, -11038, -53901, 42450, 78062, -69411, -90223, 90142, 84167, -103634, -59791, 109788, 23455, -109803, 15434, 105483, -48859, -97746, 72163, 85903, -83527, -68743, 83013, 46497, -72667, -21308, 56776, -3587, -40352, 24653, 26923, -38900, -17506, 45063, 11363, -44115, -7230, 38443, 4302, -30392, -2412, 21551, 1529, -12732, -1279, 4293, 1156, 3557, -881, -10524, 641, 16129, -720, -19847, 823, 21465, -227, -21202, -1280, 19409, 2987, -16288, -4013, 12075, 4154, -7197, -3878, 2236, 3925, 2251, -4912, -5856, 7126, 8364, -10285, -9773, 13545, 10259, -15804, -10055, 16089, 9343, -13808, -8250, 9103, 6956, -2971, -5631, -3041, 4460, 7565, -3616, -10085, 3337, 11161, -3835, -12048, 5192, 13843, -7274, -16807, 9615, 20428, -11404, -23747, 11796, 25693, -10330, -25416, 7292, 22711, -3741, -18161, 1110, 12714, -474, -7287, 1989, 2620, -4805, 937, 7545, -3539, -8902, 5720, 8134, -7899, -5251, 10149, 978, -12209, 3535, 13561, -7105, -13598, 8931, 11986, -8809, -8886, 7165, 4894, -4743, -770, 2284, -2667, -402, 4798, -549, -5545, 619, 5413, -135, -5030, -609, 4657, 1553, -4150, -2730, 3267, 4105, -1900, -5408, 52, 6291, 1997, -6558, -3552, 6060, 3890, -4681, -2771, 2576, 612, -325, 1878, -1338, -3928, 1962, 5011, -1529, -5047, 349, 4420, 1156, -3762, -2431, 3500, 2873, -3582, -2117, 3600, 241, -3092, 2313, 1786, -4941, 265, 7144, -2637, -8767, 4800, 9916, -6324, -10562, 6939, 10494, -6639, -9498, 5809, 7536, -5019, -4764, 4659, 1584, -4790, 1498, 5146, -4054, -5222, 5647, 4566, -5816, -3080, 4473, 973, -2166, 1482, -231, -4060, 2099, 6513, -3182, -8568, 3535, 9911, -3324, -10288, 2744, 9797, -2043, -8757, 1446, 7412, -1040, -5851, 754, 4354, -475, -3323, 4, 2976, 919, -3216, -2361, 3787, 4160, -4358, -6024, 4554, 7744, -4057, -9218, 2861, 10324, -1205, -10832, -732, 10599, 2904, -9825, -5106, 8949, 6694, -8227, -6840, 7589, 5124, -6797, -1878, 5772, -1981, -4592, 5548, 3386, -8287, -2248, 10000, 1238, -10634, -378, 10119, -308, -8424, 806, 5836, -1178, -2961, 1603, 410, -2107, 1480, 2450, -2524, -2365, 2630, 1728, -1856, -666, 385, -432, 1467, 1159, -3325, -1274, 4981, 760, -6403, 272, 7666, -1602, -8674, 2794, 9263, -3302, -9224, 2812, 8339, -1444, -6413, -454, 3608, 2610, -703, -4714, -1176, 6506, 988, -7786, 1878, 8360, -7349, -8110, 14551, 7220, -21958, -6149, 27781, 5320, -30417, -4964, 28992, 5155, -23732, -5646
1791219441.592, MrmDetectionListInfo, 586, 96, 63, 7853, 64, 11582, 65, 17917, 66, 26780, 67, 38003, 68, 51707, 69, 65535, 70, 65535, 71, 65535, 72, 65535, 73, 65535, 74, 65535, 75, 65535, 76, 65535, 77, 65535, 78, 65535, 79, 65535, 80, 65535, 81, 64328, 82, 65535, 83, 65535, 84, 57826, 85, 40913, 86, 25107, 90, 13368, 91, 15824, 92, 15953, 93, 14093, 94, 11712, 95, 10753, 96, 12577, 97, 16623, 98, 20518, 99, 22044, 100, 20779, 101, 17866, 113, 48096, 114, 50677, 115, 49731, 116, 48396, 117, 48393, 118, 48492, 119, 47196, 120, 45125, 131, 43021, 132, 57859, 133, 65535, 134, 65535, 135, 65535, 136, 65535, 137, 65535, 138, 65535, 139, 65535, 140, 65535, 141, 65535, 142, 61432, 143, 62213, 144, 65535, 145, 65535, 146, 65535, 147, 65535, 148, 65535, 149, 65535, 150, 65535, 151, 65535, 152, 60145, 153, 50261, 154, 40173, 155, 31376, 230, 14565, 231, 15949, 232, 17126, 233, 17993, 234, 18450, 235, 18419, 236, 17863, 237, 16805, 265, 10231, 266, 9351, 331, 8365, 332, 8651, 333, 8793, 363, 6711, 385, 4893, 386, 5435, 394, 5784, 397, 6631, 398, 7090, 399, 7388, 400, 7534, 471, 11776, 472, 13298, 473, 14714, 474, 15999, 475, 17011, 476, 17611
1791219441.717, MrmFullScanInfo, 587, 107, 2051106, 0, 0, 0, 0, 10000, 39297, 32, 1, 2, 1, 480, -418089, 491763, 416866, -478563, -450816, 445821, 504009, -374685, -520001, 112858, 520192, 337128, -494712, -497847, 373557, 516896, -118777, -520187, -176343, 519673, 321967, -511967, -475871, 482976, 520192, 514100, -158739, -520180, -415434, 496888, 360885, -501746, -437588, 505839, 284286, -518272, -282979, 517650, 214036, -517238, -281361, 516599, 426256, -508188, -515038, 387426, 520192, 72358, -520031, -490188, 450740, 519469, -170817, -520192, -235150, 519709, 469090, -504665, -516475, 386676, 519911, -155951, -520189, -117285, 519467, 127812, -444855, 245723, -115534, -491666, 344141, 513937, -91133, -515519, -413649, 512660, 519333, -300737, -520192, -346917, 515866, 519123, -300564, -520174, -49889, 519542, 350876, -501557, -502559, 378454, 519869, -48554, -520188, -363395, 500063, 517187, -62537, -519403, -384059, 464318, 501565, -210321, -512174, -63745, 215392, 150946, 197722, -54975, -440233, -189037, 463263, 453333, -290737, -509712, -27693, 468699, 284392, -310248, -421264, 19832, 390218, 263119, -194200, -363279, -27527, 329103, 196439, -237707, -274552, 106473, 215955, -3494, -101597, -6534, 6579, -40587, 58698, 105735, -55399, -155446, -18112, 151789, 76844, -83556, -78070, -14997, 40879, 87289, 32570, -98682, -112039, 61446, 141015, 1019, -107115, -51277, 56085, 69060, -6871, -43784, -23271, 7026, 7529, 8796, 36847, -1080, -69487, -32890, 68831, 94399, -30248, -142670, -37772, 154445, 120638, -125016, -140663, 61059, 165716, 17610, -150252, -77447, 103378, 94988, -41003, -77607, -10470, 41264, 27688, -549, -15585, -22999, -12457, 17781, 39179, 13644, -49552, -50724, 30315, 83143, 11174, -96175, -50223, 82352, 80226, -46350, -92089, 10093, 80634, 16999, -49854, -31880, 20393, 32694, -881, -21963, -8591, 15921, 8096, -17147, -959, 20541, -2617, -25508, -2260, 31939, 7581, -29212, -12406, 19355, 20333, -6169, -22737, -5958, 16271, 17658, -4144, -22133, -8655, 20377, 20377, -14279, -25423, 10207, 19851, -8106, -10091, 9659, 2197, -17310, 3279, 24295, -5805, -26121, 2498, 20859, 7258, -13604, -14475, -1927, 16446, 18867, -14640, -30825, 6869, 37043, 4329, -36318, -11187, 30394, 11283, -21534, -3649, 17023, 944, -16422, 4925, 19646, -7298, -24334, 4874, 29557, 2447, -30204, -13254, 24733, 26393, -14521, -40465, 2661, 38996, 11452, -28162, -21737, 13330, 23150, 769, -17425, -11269, 6883, 14277, 5617, -10165, -15734, 5438, 20751, 2401, -24132, -9453, 26057, 14135, -26183, -15877, 25132, 21058, -24489, -29374, 22882, 37030, -18031, -41466, 8626, 37514, 6506, -24993, -22783, 7223, 35890, 10937, -38574, -21370, 30995, 24423, -14871, -16085, -3016, 915, 19243, 18506, -28163, -35578, 29218, 42764, -26865, -37499, 26009, 21327, -27191, 73, 33105, -20942, -44448, 32115, 52020, -40241, -57706, 41756, 58715, -41506, -52388, 41027, 40606, -42120, -27431, 43134, 18022, -42422, -13050, 37246, 15169, -32619, -18242, 28062, 23391, -23148, -26047, 20382, 26945, -17782, -28121, 14617, 31372, -8424, -35907, -6299, 43827, 21377, -49279, -36454, 50672, 48660, -48752, -53921, 44038, 47944, -37317, -30746, 28915, 3894, -17693, 21136, 95, -61634, 20644, 102836, -42788, -140854, 64605, 176104, -76770, -198097, 77129, 204635, -54329, -186948, 13658, 152915, 36560, -92738, -83250, 23135, 112535, 42155, -117293, -91557, 101598, 115640, -73639, -113947, 46681, 92478, -30001, -67652, 23229, 46312, -33539, -39473, 43233, 48306, -42495, -66985, 24852, 84113, 8558, -91703, -49229, 81301, 83332, -55882, -109458, 17145, 105605, 17094, -84350, -39288, 51867, 45004, -18882, -35973, -5519, 20942, 14412, -7430, -9673, 2127, -3417, -3393, 18744, 11891, -27866, -21794, 28128, 30143, -18525, -29936, 2841, 23025, 13990, -11711, -26182
1791219441.717, MrmFullScanInfo, 587, 107, 2051106, 0, 0, 0, 0, 10000, 39297, 32, 2, 2, 1, 480, 0, 0, 0, 0, 0, 0, 167482, -228382, -310822, 479541, 360380, -536757, -379122, 350114, 434671, -32487, -508269, -255033, 508881, 431247, -374150, -521311, 136937, 578883, 108701, -566798, -279441, 391607, 326255, -46752, -242415, -338825, 72674, 612666, 92827, -725793, -181894, 713696, 187272, -644075, -145882, 575703, 113836, -542234, -131047, 545463, 199780, -536181, -294367, 428831, 397103, -190788, -488368, -103635, 505873, 347756, -379301, -506264, 123442, 600892, 153113, -630307, -348448, 559878, 448109, -388680, -495393, 207127, 481735, -136980, -330892, 200897, 39337, -308298, 223593, 386960, -261399, -445220, 64308, 464146, 217338, -363242, -442879, 119297, 543378, 176124, -481774, -415878, 266869, 563360, 18131, -607956, -268235, 519002, 436336, -288065, -518789, -19771, 487204, 303600, -308648, -490893, 25815, 543759, 236237, -450989, -352575, 251436, 270193, -39229, -32705, -79196, -240662, 48280, 419429, 104112, -425338, -290197, 263501, 412985, -13208, -405148, -217102, 255818, 342323, -22457, -329417, -199525, 202106, 332221, -26860, -348963, -118710, 272667, 182475, -156930, -157561, 60011, 76123, -17937, 12126, 31934, -64023, -75082, 63371, 108513, -25790, -101547, -16309, 49774, 34158, 22752, -15732, -80558, -29100, 98475, 74836, -73347, -97436, 23402, 88513, 23128, -57224, -45181, 23542, 39743, -7199, -19853, 15413, 5547, -38273, -13738, 56390, 48889, -52337, -98990, 20827, 140903, 29662, -152284, -83806, 123935, 126887, -65816, -146850, 1082, 135644, 47477, -96048, -67609, 43793, 59691, -225, -33737, -19344, 5215, 12557, 10830, 10640, -6056, -33580, -18201, 41427, 52148, -28416, -81388, -829, 93173, 35400, -82868, -62901, 55497, 73915, -21558, -66268, -8205, 45773, 26592, -22165, -32349, 4058, 29674, 4118, -24524, -3355, 21324, -1324, -21732, 4688, 24359, -3913, -25692, -1318, 22781, 9184, -15100, -15962, 4128, 17835, 7662, -13208, -17436, 3482, 23051, 7564, -24046, -15265, 21521, 16468, -17606, -11294, 14835, 2554, -14817, 6118, 16890, -11248, -18738, 10419, 18107, -3689, -13514, -6153, 4495, 15172, 7813, -20012, -20607, 19076, 30686, -13353, -35627, 6248, 34582, -1325, -28875, 219, 21753, -2467, -16711, 6458, 15686, -10048, -18476, 10895, 23154, -7195, -26979, -1790, 27726, 14686, -24375, -27326, 16766, 34513, -5659, -33308, -6444, 24593, 15636, -11807, -18581, -834, 14303, 9966, -4566, -13969, -7149, 12977, 17598, -8340, -25120, 2173, 29500, 3621, -31234, -8628, 31323, 13828, -30848, -20050, 29971, 26575, -27188, -31239, 20041, 31726, -7022, -26953, -10441, 17828, 27627, -6786, -38378, -3191, 38250, 9460, -26744, -10193, 7378, 4831, 14000, 5278, -31606, -16628, 41866, 24300, -44302, -23913, 41016, 13804, -35541, 3903, 31403, -24365, -30655, 42430, 33104, -54741, -36608, 60489, 38192, -60786, -35353, 57640, 27572, -52919, -16870, 47757, 6978, -42660, -1349, 38077, 1350, -34477, -5762, 31996, 11854, -30211, -17138, 28456, 20678, -26069, -23309, 22179, 26945, -15781, -33292, 6496, 42462, 4881, -52453, -16641, 60242, 26531, -63385, -31705, 60635, 29306, -51616, -18158, 36384, -801, -15176, 25758, -11599, -54784, 42982, 85550, -76430, -114955, 107297, 139810, -128958, -156989, 133934, 163893, -116524, -158608, 76051, 139651, -18610, -106673, -43995, 62118, 97640, -12197, -130636, -34336, 137999, 68652, -122944, -84985, 94892, 83069, -65688, -68279, 45285, 49467, -37874, -35757, 40259, 33545, -43807, -44133, 39302, 63074, -21626, -81805, -8265, 91018, 43826, -84632, -75194, 62576, 92934, -30822, -91984, -1155, 73831, 24574, -45500, -34822, 16810, 32704, 3282, -23028, -9872, 11875, 3608, -4155, 10175, 2339, -24020, -6108, 31390, 12796, -28853, -18780, 16952
1791219441.717, MrmFullScanInfo, 587, 107, 2051106, 0, 0, 0, 0, 10000, 39297, 32, 4, 2, 1, 480, 0, 0, 0, 0, 0, 0, -521, 222, 771, -251, -603, 309, 350, -881, -56, 1549, -557, -1383, 1210, 427, -1200, 378, 322, -293, 625, -505, -1005, 1254, 1064, -1418, -1103, 978, 1155, -252, -906, -443, 101, 939, 1268, -1231, -2311, 1296, 2286, -988, -1530, 431, 833, -14, -464, -320, -12, 918, 1064, -1777, -2930, 2551, 4681, -2976, -4723, 3402, 2633, -6902, 1080, 23927, -7747, -69749, 275, 166487, 44885, -320868, -105437, 466205, 140810, -491576, -162685, 369507, 199290, -190011, -219876, 47941, 179555, 30717, -96057, -56324, 17299, 48394, 33702, -29789, -54746, 13474, 50898, -4557, -31237, 9172, 9829, -26330, -6210, 43823, 28197, -51259, -56173, 51668, 58540, -51889, -25879, 48430, -21573, -30167, 57608, -7841, -65971, 52463, 51524, -82077, -36482, 88409, 37966, -82195, -50377, 77473, 54879, -76214, -42221, 70672, 17193, -56826, 12265, 38889, -41758, -23001, 68449, 10153, -88544, 4466, 98304, -26191, -96450, 55502, 85086, -87112, -68666, 113697, 51629, -129580, -36808, 131849, 24946, -119898, -14982, 95399, 5085, -62559, 6182, 27651, -18877, 2904, 31286, -24599, -40513, 35998, 44208, -38329, -42098, 34312, 35966, -26990, -28081, 18572, 19805, -9902, -11666, 1095, 4243, 7619, 1915, -15606, -6162, 22088, 8053, -26326, -8106, 27888, 7837, -27027, -8262, 24376, 8621, -20536, -7560, 15984, 4540, -11117, -90, 6277, -4683, -1651, 8636, -2512, -10812, 5899, 10662, -8400, -8216, 10247, 4191, -11712, 177, 12777, -3648, -13057, 5330, 12113, -4800, -9984, 2235, 7345, 1514, -4957, -5260, 3056, 8162, -1423, -10091, -172, 11549, 1759, -13208, -3193, 15388, 4379, -17700, -5384, 19287, 6387, -19385, -7427, 17825, 8338, -15119, -8740, 12213, 8083, -9999, -5949, 8929, 2465, -8906, 1682, 9342, -5626, -9307, 8558, 7936, -9877, -4898, 9344, 769, -7352, 3218, 4822, -5940, -2563, 6953, 856, -6398, 444, 4722, -1387, -2544, 1891, 470, -1880, 1148, 1539, -2173, -1251, 2634, 1272, -2692, -1532, 2568, 1832, -2291, -2119, 1710, 2449, -672, -2823, -880, 3131, 2836, -3234, -4693, 3032, 5601, -2440, -4920, 1529, 2771, -616, 79, 199, -2681, -604, 4379, 1750, -4943, -3212, 4479, 4567, -3310, -5568, 2101, 6006, -1695, -5557, 2500, 3979, -4129, -1365, 5785, -1807, -6872, 4944, 7224, -7517, -6991, 9202, 6479, -9910, -5877, 9765, 5099, -8883, -3862, 7253, 1993, -4849, 404, 1826, -3091, 1365, 5826, -4088, -8254, 5874, 9796, -6598, -9839, 6339, 8165, -5311, -5045, 3906, 1103, -2602, 2877, 1798, -6137, -1701, 8217, 2191, -8996, -2768, 8592, 2948, -7315, -2610, 5665, 2056, -4215, -1667, 3414, 1676, -3343, -2132, 3772, 3043, -4358, -4376, 4810, 6012, -4869, -7745, 4198, 9308, -2465, -10461, -350, 10986, 3792, -10659, -7201, 9445, 10076, -7629, -12060, 5739, 13016, -4304, -13022, 3735, 12093, -4032, -10059, 4667, 7041, -4943, -3597, 4550, 386, -3536, 2224, 2170, -4044, -871, 5136, -104, -5695, 899, 5672, -1784, -4854, 2792, 3364, -3869, -1767, 5072, 655, -6353, -354, 7488, 793, -8159, -1633, 8016, 2656, -6858, -3890, 4891, 5353, -2610, -6820, 427, 7949, 1446, -8465, -2774, 8271, 3402, -7471, -3405, 6192, 3058, -4491, -2665, 2534, 2520, -659, -2998, -612, 4399, 647, -6789, 1206, 9877, -5130, -13089, 10479, 15837, -15904, -17599, 19953, 18016, -21607, -16878, 20497, 14306, -16881, -10857
1791219441.717, MrmDetectionListInfo, 587, 104, 65, 9298, 66, 16948, 67, 28717, 68, 44903, 69, 65535, 70, 65535, 71, 65535, 72, 65535, 73, 65535, 74, 65535, 75, 65535, 76, 65535, 77, 65535, 78, 65535, 79, 65535, 80, 65535, 81, 65535, 82, 65535, 83, 65535, 84, 65535, 85, 63901, 86, 50801, 87, 37746, 88, 30403, 89, 31986, 90, 37652, 91, 39597, 92, 35055, 93, 27305, 94, 20670, 95, 16637, 96, 14561, 97, 14272, 98, 16759, 99, 22751, 100, 31534, 101, 41154, 102, 49508, 103, 55009, 104, 56589, 105, 53665, 108, 31766, 113, 47052, 114, 55076, 115, 62501, 116, 65207, 117, 63395, 118, 61009, 119, 61069, 120, 63249, 121, 65438, 122, 65535, 123, 64903, 134, 45773, 136, 51425, 137, 57008, 138, 63868, 139, 65535, 140, 65535, 141, 65535, 142, 65535, 143, 65535, 144, 65535, 145, 65535, 146, 65535, 147, 65535, 148, 65535, 149, 65535, 150, 65535, 151, 59071, 152, 49553, 153, 39656, 161, 38455, 162, 42144, 163, 41778, 235, 12747, 236, 13051, 237, 13150, 331, 8079, 332, 8035, 333, 7841, 349, 8197, 350, 8301, 351, 8094, 352, 7574, 383, 5142, 384, 5595, 385, 5981, 386, 6261, 394, 8405, 395, 9038, 396, 9241, 397, 9287, 398, 9343, 399, 9348, 400, 9200, 470, 11113, 471, 13251, 472, 15177, 473, 16866, 474, 18257, 475, 19225, 476, 19661, 477, 19530
1791219441.842, MrmFullScanInfo, 588, 107, 2051231, 0, 0, 0, 0, 10000, 39297, 32, 1, 2, 1, 480, -420571, 492856, 419482, -480056, -450171, 449743, 504648, -371643, -519913, 112840, 520192, 333637, -496346, -496528, 372588, 518231, -120962, -520186, -175164, 519661, 317440, -512417, -477133, 480394, 520074, 512970, -191520, -520170, -401554, 500186, 354092, -502757, -434321, 506534, 281957, -518238, -290438, 518564, 228840, -516676, -300183, 515373, 431861, -507454, -516917, 375468, 520192, 92717, -520082, -494582, 442373, 519918, -148794, -519828, -255230, 519182, 475013, -498623, -516450, 379865, 520038, -157472, -520171, -81368, 519808, 100392, -514933, 243405, 318696, -505760, 11025, 513034, 148686, -513976, -485453, 493510, 520078, -201595, -520165, -388769, 514183, 519529, -265484, -520171, -107864, 519281, 396445, -488849, -511078, 334376, 519985, -28291, -520184, -320279, 510049, 499605, -198142, -518726, -247735, 449984, 469809, -187781, -481267, -60395, 196582, 114621, 144080, -3428, -340548, -223708, 366574, 461365, -191458, -505240, -91237, 458680, 314783, -301525, -415316, 31380, 364401, 226321, -177566, -315004, -32806, 278697, 188771, -183845, -249831, 61281, 186697, 22023, -89174, -16575, 18873, -45010, 14390, 110679, 16296, -151420, -97230, 142366, 151486, -74245, -143683, -24279, 88741, 90847, 6384, -96426, -103457, 53812, 149757, 12528, -124583, -65229, 77438, 78937, -28162, -47619, -3375, 5507, -10077, 14196, 53102, -7149, -85904, -25709, 82820, 87082, -40475, -136193, -30117, 149972, 116050, -124755, -143353, 61686, 173446, 16195, -164086, -78468, 121269, 98530, -59650, -82899, 5399, 46739, 18818, -4052, -12920, -21617, -7832, 20205, 30180, 7543, -39122, -43586, 21503, 75975, 15441, -92493, -49105, 84344, 77139, -54377, -89411, 23874, 80809, 4789, -52166, -20265, 26373, 24791, -8141, -19366, -1292, 17891, 3023, -22721, 1457, 28701, -1094, -33986, -4680, 40897, 12926, -37898, -18670, 25082, 26489, -9489, -27794, -4261, 20416, 17675, -6464, -23609, -7717, 20551, 21948, -12879, -27422, 7868, 22055, -3429, -10809, 4824, 3068, -11993, 2613, 20570, -3304, -24778, -2227, 22249, 14073, -14245, -22647, 842, 26619, 16547, -24689, -27533, 15971, 34190, -3471, -34344, -5736, 29431, 8844, -19860, -2461, 12921, -1090, -12222, 5918, 15278, -8536, -20761, 5646, 26409, 1405, -27964, -12383, 23437, 25221, -14058, -40073, 3407, 38262, 9649, -28841, -19153, 16178, 20572, -2592, -14590, -6001, 5295, 8770, 6468, -6809, -16601, 2433, 21763, 3233, -25550, -7852, 28222, 10949, -28911, -13377, 29075, 20309, -27702, -30577, 25149, 39589, -18261, -43625, 7565, 39505, 8766, -25069, -25357, 6279, 37713, 11864, -38277, -22936, 27479, 25323, -9519, -15745, -9367, -1759, 22598, 23361, -28436, -39424, 27422, 45816, -23296, -39807, 19833, 21419, -21070, 1189, 27623, -21668, -39192, 32524, 48341, -38969, -54352, 39506, 54584, -38808, -47762, 39819, 36370, -41460, -24631, 43539, 16274, -43823, -11393, 38467, 14121, -33107, -17951, 27597, 22126, -22467, -24278, 20078, 25401, -17050, -26394, 13682, 29592, -8278, -34897, -7136, 43849, 23115, -48338, -38322, 48861, 50494, -45932, -55835, 39000, 49700, -31120, -31447, 22469, 2508, -12208, 24305, -4702, -63610, 22313, 104010, -41905, -141896, 62086, 175563, -74449, -198190, 70623, 204863, -48498, -187907, 8816, 151683, 41290, -92252, -85856, 22871, 113130, 41752, -115969, -89635, 99144, 113279, -68318, -111069, 41047, 89704, -23415, -60945, 17305, 39657, -27186, -34027, 37178, 43982, -38012, -64451, 20332, 82402, 12522, -87791, -51832, 77434, 82662, -51504, -109098, 12810, 104067, 22313, -82378, -43682, 50264, 49349, -18014, -41264, -4275, 26028, 10813, -11869, -4886, 4213, -11318, -4706, 26996, 11943, -35721, -22246, 34450, 29691, -22766, -28683, 5568, 20247, 10974, -8588, -23208
1791219441.857, MrmFullScanInfo, 588, 107, 2051231, 0, 0, 0, 0, 10000, 39297, 32, 2, 2, 1, 480, 0, 0, 0, 0, 0, 0, 167934, -229135, -311261, 480688, 360454, -537590, -379104, 350756, 434748, -33419, -508393, -254014, 509182, 430618, -375117, -521024, 138736, 578411, 106757, -565920, -280223, 391254, 333488, -48683, -256353, -334071, 88578, 607107, 80721, -722133, -175981, 713087, 187626, -646161, -152336, 579688, 125277, -547245, -144041, 549510, 210191, -535653, -300726, 421447, 400702, -178831, -489063, -115099, 500650, 355980, -366760, -511800, 107531, 604018, 166127, -630231, -355408, 559071, 449455, -393781, -496019, 222497, 513610, -167580, -449803, 260806, 270090, -408435, -65946, 508534, -11707, -537948, -83379, 484001, 270861, -311555, -447964, 40917, 531315, 235071, -455959, -441634, 226016, 565299, 63637, -596130, -303995, 501624, 456060, -276687, -532043, -14667, 517299, 277979, -371017, -446746, 107324, 491279, 166208, -409752, -314158, 240963, 267430, -67408, -63620, -20684, -181124, -20576, 341386, 162800, -343385, -327300, 194218, 428430, 29279, -407522, -227260, 257834, 325618, -35244, -299289, -170626, 173391, 288331, -9888, -296337, -121309, 221049, 176179, -117207, -153402, 40317, 86042, -20027, -19801, 50624, -9446, -101368, -7034, 134114, 49222, -121790, -84316, 63762, 86065, 13643, -46490, -74372, -19941, 93707, 83700, -69325, -118215, 20449, 114428, 23896, -82631, -42621, 45064, 33595, -24059, -10858, 28713, -5147, -49457, -2415, 66032, 37984, -60151, -89783, 26201, 134703, 27450, -149919, -85586, 125259, 133405, -69635, -158341, 5685, 151354, 43611, -113797, -65312, 60278, 59089, -12053, -34418, -14454, 6361, 15054, 10202, 2167, -6697, -22002, -16175, 30299, 49445, -20893, -79449, -3108, 93858, 32844, -87585, -57529, 64312, 68404, -33050, -62995, 3702, 46060, 16561, -25960, -26011, 10138, 27982, -2422, -27445, 1970, 28009, -4431, -30888, 5314, 34565, -2335, -35547, -4523, 31056, 13294, -21025, -20260, 7530, 21684, 6427, -16041, -17558, 4801, 23498, 8027, -23882, -17280, 20133, 19361, -14768, -14371, 10818, 5505, -10496, 3103, 13588, -7717, -17624, 5965, 19597, 1941, -17227, -13047, 9723, 23095, 1749, -28322, -14394, 26903, 25054, -19889, -31186, 10956, 31380, -4122, -26260, 1448, 18834, -2648, -13060, 6051, 11557, -9432, -14444, 10401, 19724, -7055, -24410, -1510, 26105, 14078, -23748, -26575, 17194, 33948, -7172, -33377, -3901, 25730, 12285, -14227, -14853, 2681, 10720, 5952, -1544, -10302, -9467, 10479, 19321, -7648, -26462, 3508, 30736, 764, -32710, -5390, 33318, 11472, -33304, -19350, 32397, 27558, -28881, -33294, 20443, 33952, -6014, -28587, -12394, 18476, 29472, -6381, -38838, -4525, 36441, 11309, -22735, -11684, 2273, 4929, 18614, 7125, -34416, -20115, 42192, 28501, -42040, -27822, 36564, 16757, -29720, 2017, 25260, -23124, -25137, 41174, 28730, -52912, -33283, 57912, 35365, -57758, -32525, 54766, 24667, -50843, -14115, 46868, 4569, -42863, 635, 38795, -161, -35011, -4671, 31935, 10960, -29538, -16175, 27360, 19518, -24780, -22007, 20895, 25723, -14582, -32409, 5286, 41954, 6306, -51999, -18451, 59252, 28825, -61265, -34479, 57051, 32294, -46695, -20705, 30629, 610, -9319, 25647, -16577, -55585, 46036, 86765, -77018, -116278, 105533, 141161, -125269, -158552, 128938, 165814, -111049, -160613, 70927, 141247, -14422, -107628, -46769, 62625, 98594, -12625, -129505, -33699, 134722, 67801, -117756, -83902, 88316, 81374, -58272, -65566, 37386, 45940, -29899, -32264, 32817, 30898, -37470, -42472, 34258, 61803, -17787, -80041, -10999, 88177, 45535, -80643, -76048, 57732, 93193, -25582, -91939, -6407, 73927, 29643, -46417, -39565, 19254, 36712, -1080, -25639, -3695, 12571, -3823, -2976, 18002, -67, -31298, -3299, 37359, 10084, -33165, -16149, 19773
1791219441.857, MrmFullScanInfo, 588, 107, 2051231, 0, 0, 0, 0, 10000, 39297, 32, 4, 2, 1, 480, 0, 0, 0, 0, 0, 0, 251, -671, -138, 1024, -152, -609, 119, 127, 126, -155, -429, 377, 840, -437, -1459, 446, 1917, -594, -1683, 669, -1199, 171, 7710, -2527, -14500, 5166, 16552, -5662, -12643, 3466, 6041, -198, 856, -2615, -7386, 4512, 12341, -5377, -13591, 4169, 10754, 582, -6576, -7582, 3634, 12393, -279, -12220, -6502, 9286, 14749, -6806, -18364, 4475, 14724, -1998, -7236, 6450, -777, -28302, -2321, 74298, 53331, -147396, -167002, 230957, 294738, -280259, -360962, 256185, 331042, -160790, -232297, 34638, 120349, 67085, -40357, -103270, -5556, 79397, 38115, -37484, -61392, 6514, 65085, 11040, -48209, -15138, 24158, 2790, -16445, 20637, 42074, -44727, -85635, 64032, 106230, -72518, -82709, 59810, 33302, -22505, 16343, -29443, -54414, 75434, 79200, -96234, -93077, 88316, 97629, -64594, -89142, 41506, 63539, -28537, -26229, 27128, -9839, -34223, 33648, 45425, -42278, -56274, 39589, 61710, -32379, -56148, 27712, 36257, -30661, -4642, 42581, -30051, -60629, 57776, 78745, -72331, -90245, 73312, 90861, -64193, -79771, 49450, 58917, -32935, -32085, 17557, 4208, -5222, 19758, -3285, -36040, 8498, 43070, -11660, -41959, 13750, 35763, -14947, -28014, 15026, 21155, -13857, -15771, 11535, 11257, -8155, -6988, 3717, 2881, 1530, 1024, -6839, -5033, 11071, 9626, -13255, -14681, 13103, 18946, -11030, -20506, 7909, 18031, -4577, -11607, 1671, 2741, 366, 6316, -1295, -13329, 1228, 16596, -751, -15377, 771, 10290, -2116, -3281, 5194, -3129, -9394, 6963, 13190, -7311, -15100, 4444, 14539, 335, -11764, -5200, 7332, 8604, -1995, -9801, -3353, 9067, 7903, -7326, -11116, 5490, 12774, -4003, -12859, 2893, 11581, -2047, -9430, 1415, 7020, -1081, -4826, 1290, 3152, -2265, -2061, 3909, 1457, -5664, -1199, 6867, 1165, -7162, -1120, 6616, 705, -5600, 379, 4591, -2058, -4000, 3866, 4086, -5280, -4834, 6082, 5879, -6279, -6678, 5898, 6805, -4970, -6130, 3683, 4820, -2536, -3276, 2073, 1909, -2409, -918, 3091, 316, -3511, -32, 3375, -27, -2730, 17, 1806, -119, -796, 453, -216, -950, 1221, 1464, -2161, -1878, 2968, 2208, -3564, -2495, 3894, 2672, -3961, -2552, 3838, 1981, -3641, -963, 3488, -407, -3422, 1959, 3463, -3307, -3570, 4006, 3575, -3810, -3146, 2909, 2004, -1804, -151, 1039, -2061, -926, 4062, 1419, -5237, -2202, 5070, 2918, -3394, -3288, 598, 2996, 2386, -1648, -4490, -812, 5083, 3831, -4207, -6438, 2341, 7815, -39, -7638, -2161, 6150, 3799, -3992, -4540, 1932, 4330, -504, -3445, -102, 2414, 105, -1727, 59, 1524, -43, -1563, -297, 1577, 894, -1475, -1493, 1229, 1783, -782, -1640, 221, 1246, 275, -852, -649, 573, 1003, -363, -1444, 78, 2046, 510, -2748, -1578, 3254, 3065, -3126, -4686, 2104, 6176, -286, -7303, -1875, 7796, 3734, -7351, -4748, 5963, 4675, -4062, -3476, 2184, 1372, -601, 998, -643, -2992, 1636, 4417, -2560, -5252, 3406, 5393, -3827, -4777, 3568, 3538, -2774, -1767, 1884, -441, -1280, 2986, 1098, -5651, -1178, 8057, 1514, -9776, -2348, 10630, 3648, -10702, -4837, 10000, 5290, -8509, -4952, 6449, 4351, -4308, -4109, 2496, 4486, -1115, -5242, 143, 5931, 456, -6219, -737, 6004, 814, -5450, -707, 4887, 325, -4545, 311, 4368, -996, -4179, 1465, 3926, -1523, -3732, 1122, 3744, -350, -3840, -507, 3599, 1100, -2589, -1159
1791219441.857, MrmDetectionListInfo, 588, 71, 57, 8496, 58, 10392, 59, 11846, 60, 12251, 61, 11670, 63, 8436, 67, 9748, 68, 17998, 69, 32841, 70, 57301, 71, 65535, 72, 65535, 73, 65535, 74, 65535, 75, 65535, 76, 65535, 77, 65535, 78, 65535, 79, 65535, 80, 65535, 81, 65535, 82, 65535, 83, 65535, 84, 59681, 85, 63272, 86, 62359, 87, 53778, 88, 45268, 89, 42920, 90, 43865, 91, 42128, 92, 37065, 93, 32840, 94, 31493, 95, 30098, 96, 24992, 97, 16771, 100, 24915, 101, 42341, 102, 59957, 103, 65535, 104, 65535, 105, 65535, 106, 65535, 107, 65535, 108, 54133, 113, 55659, 114, 65535, 115, 65535, 116, 65535, 117, 65535, 118, 65535, 119, 65535, 120, 65535, 121, 65535, 130, 45539, 131, 49270, 132, 49586, 134, 47848, 143, 56772, 144, 65535, 145, 65535, 146, 65535, 147, 65535, 148, 65535, 149, 65535, 150, 65535, 151, 65535, 152, 56608, 153, 46676, 154, 36043
1791219441.967, MrmFullScanInfo, 589, 107, 2051356, 0, 0, 0, 0, 10000, 39297, 32, 1, 2, 1, 480, -420117, 492044, 421769, -478909, -449971, 445597, 505230, -370952, -520156, 111405, 520184, 337898, -496126, -499930, 374480, 515913, -115363, -520192, -183113, 519557, 325793, -512490, -477435, 480238, 520192, 513529, -182965, -520086, -410959, 499630, 357510, -501102, -434178, 505092, 290054, -517618, -296474, 518016, 224702, -518514, -300180, 516049, 432109, -507454, -516726, 377956, 520187, 75583, -520062, -491419, 444567, 519600, -143981, -520073, -252375, 519727, 478555, -499605, -517530, 376939, 520148, -143176, -520171, -127663, 519893, 142115, -514304, 197435, 275056, -501548, 104103, 514368, 66724, -515038, -466932, 502460, 519892, -242781, -520184, -355315, 515011, 519296, -267274, -520182, -123644, 518966, 412963, -483720, -513782, 312137, 519998, 2222, -520192, -353719, 505940, 510647, -162883, -519421, -272057, 459002, 475425, -197751, -496951, -66924, 230645, 155231, 137267, -52740, -356270, -188177, 385437, 444023, -222938, -504247, -73053, 454711, 302873, -294899, -409976, 30752, 373201, 231808, -181545, -329252, -40256, 294861, 207050, -196347, -279559, 74562, 220219, 19175, -120875, -22658, 46009, -27238, 2458, 81430, 5745, -127242, -70188, 128364, 117691, -66676, -106657, -21826, 57279, 86962, 31623, -91405, -118835, 51282, 156781, 7567, -132513, -55129, 88127, 67473, -41290, -39732, 10635, 1575, -19831, 15975, 58376, -7639, -87702, -26983, 85702, 86898, -44614, -134819, -20670, 145342, 102146, -119754, -131457, 58790, 162117, 19080, -153512, -81638, 112928, 103436, -52209, -88944, -2155, 54482, 28073, -10720, -25089, -19274, 7806, 23075, 16936, 161, -32833, -33925, 24353, 67912, 4510, -88713, -34303, 85015, 60545, -60116, -77239, 29025, 76011, -1027, -53619, -21301, 32050, 31695, -11796, -31035, -3126, 31709, 10737, -33997, -10900, 34729, 11767, -31948, -14344, 31981, 14257, -24020, -12374, 10572, 13141, 3023, -12070, -14739, 5248, 25645, 5836, -30869, -16059, 28651, 25618, -20778, -29275, 15905, 23316, -10238, -13370, 7221, 5891, -9697, 1993, 15132, -5935, -16156, 4376, 13769, 4409, -8380, -10981, -2164, 15076, 15841, -14765, -25277, 8294, 30893, 2474, -30704, -9397, 25581, 11027, -16730, -5494, 10541, 3142, -8736, 1381, 10710, -2962, -14790, 1081, 19704, 4381, -20624, -13683, 16016, 24331, -8173, -35011, -1724, 32906, 12957, -23501, -20196, 12163, 19961, 217, -13861, -7922, 3944, 10813, 6839, -9055, -15786, 5831, 21413, -3559, -24604, -459, 28494, 2590, -29469, -6072, 30567, 14742, -30411, -27143, 28494, 38068, -22077, -43489, 9797, 39743, 5482, -25447, -22317, 5718, 33622, 12583, -32231, -22666, 21211, 24005, -4058, -13311, -12495, -3685, 24764, 23260, -28408, -37932, 25088, 43125, -20288, -36224, 17840, 19636, -20575, -97, 28853, -17380, -41151, 25660, 48846, -29762, -53647, 32274, 52209, -33620, -44385, 37340, 32470, -42415, -20797, 47319, 13085, -48640, -11323, 43133, 14851, -37004, -18772, 30159, 21341, -23489, -21564, 18498, 19912, -14927, -19989, 11314, 22803, -5723, -29316, -8107, 40073, 22865, -46635, -37300, 49941, 49777, -46699, -55212, 40773, 49311, -30284, -31433, 20890, 3159, -9908, 22446, -7317, -61126, 24527, 101904, -43431, -138981, 61440, 174402, -71175, -197991, 67051, 203407, -43869, -186462, 2166, 150315, 47454, -90343, -93183, 21457, 119401, 43981, -121433, -92086, 100863, 114167, -69335, -110944, 39824, 90151, -21303, -63832, 14445, 45119, -24281, -42359, 34823, 55743, -34231, -75758, 16251, 95228, 16401, -100642, -56141, 87248, 87806, -57621, -112925, 15496, 106382, 21645, -83941, -45353, 52535, 52563, -22993, -43484, 6112, 28684, -3989, -16050, 17323, 4278, -33888, -5130, 52571, 15108, -61061, -26371, 57494, 33313, -40595, -31222, 19719, 22664, 3013, -8669, -18661
1791219441.967, MrmFullScanInfo, 589, 107, 2051356, 0, 0, 0, 0, 10000, 39297, 32, 2, 2, 1, 480, 0, 0, 0, 0, 0, 0, 168202, -228452, -312027, 479227, 361596, -535682, -380282, 348507, 435860, -30995, -509268, -255937, 508757, 431691, -371919, -521983, 132886, 580115, 112937, -568021, -283768, 392490, 332552, -48037, -251291, -336465, 81811, 609877, 86697, -723768, -180769, 713351, 191846, -646068, -155559, 580023, 126484, -547844, -143415, 550047, 208958, -537188, -299476, 425697, 399086, -185592, -486641, -108604, 497997, 352479, -364918, -511503, 106827, 605275, 166243, -630455, -355945, 553658, 451855, -377156, -502428, 192293, 522777, -128681, -450917, 222100, 246718, -374725, -13714, 479989, -74972, -518341, -34099, 482889, 245328, -331940, -438633, 71376, 527195, 211365, -450995, -432868, 218931, 567040, 71582, -597063, -311588, 491800, 463930, -254717, -539045, -41447, 517870, 301509, -360890, -464715, 89555, 504842, 185666, -417021, -333680, 236175, 287536, -46417, -81529, -55016, -171422, 17408, 344207, 131151, -357824, -306181, 214027, 416407, 12651, -401464, -219578, 254953, 326742, -32189, -303708, -177675, 173777, 301683, -1139, -315241, -140157, 241699, 202524, -133861, -182702, 47139, 112747, -13552, -37833, 31607, -5154, -74737, 4317, 106693, 24540, -99180, -51871, 48633, 52637, 21556, -18101, -77467, -39843, 95431, 95198, -73093, -124318, 28185, 119069, 12748, -88511, -30540, 52634, 23359, -31907, -4241, 35154, -7906, -54030, -2240, 69805, 38056, -64951, -87675, 33266, 129249, 18296, -141889, -75529, 116598, 123596, -61789, -149456, -1222, 143744, 50371, -107421, -72770, 54466, 67354, -5447, -42554, -23302, 12734, 26406, 7214, -9798, -8069, -12942, -10613, 27457, 41182, -25716, -70926, 8337, 87441, 17988, -84655, -43579, 64766, 59205, -35238, -60353, 4957, 49037, 18873, -31392, -33219, 14136, 39405, -2126, -40389, -3405, 38634, 4553, -35599, -4194, 31342, 4236, -24695, -5692, 14923, 8510, -2903, -10939, -9650, 10486, 20995, -5834, -29229, -2264, 32847, 11198, -31662, -17371, 26739, 18191, -19920, -13680, 13647, 5991, -10023, 2090, 9299, -7627, -9924, 8191, 9921, -3322, -7639, -4945, 2100, 13185, 6371, -18047, -15985, 17596, 24279, -12409, -28929, 5469, 28502, -63, -23454, -2176, 16416, 1469, -10830, 961, 8985, -3496, -11018, 4279, 15141, -1652, -18711, -5258, 19647, 15401, -17039, -25256, 10836, 30590, -1911, -29104, -7391, 21551, 13809, -10684, -14855, -180, 10113, 8408, -1268, -12890, -8809, 13921, 17609, -12545, -23966, 9914, 27996, -6539, -30428, 1832, 32176, 5267, -33765, -14704, 34407, 24543, -31904, -31635, 23838, 33127, -9426, -27944, -8884, 17497, 25506, -4954, -34111, -6045, 31113, 12361, -17468, -11989, -2080, 4780, 21241, 7100, -34749, -19456, 40252, 27225, -38699, -26441, 33327, 16119, -28084, 1072, 25958, -20040, -27793, 35892, 32142, -46048, -36046, 50691, 36415, -51590, -31428, 50786, 21626, -49635, -9902, 48323, 337, -46287, 3833, 43195, -1988, -39305, -3665, 35029, 9753, -30509, -13895, 25828, 15853, -21121, -17269, 16124, 20642, -9985, -27796, 1997, 38483, 7716, -50021, -18147, 58734, 27488, -61722, -32931, 57662, 31247, -46694, -20683, 29693, 1876, -7708, 23220, -18317, -52458, 47317, 83584, -77265, -113781, 104346, 139900, -122642, -158517, 125089, 166467, -106118, -161411, 64977, 141979, -7687, -108269, -53806, 63096, 105204, -12772, -134844, -33925, 138125, 68286, -118975, -84722, 87643, 83101, -56473, -69063, 35510, 51922, -28808, -40905, 32765, 41787, -38099, -54897, 35010, 74908, -18209, -92726, -11254, 99091, 46648, -88651, -77879, 62356, 95448, -27041, -94657, -7259, 77848, 31437, -52810, -40866, 29515, 36335, -16056, -22755, 15695, 7113, -26329, 3945, 42079, -6756, -55480, 2066, 59977, 6234, -52438, -13533, 34340
1791219441.967, MrmFullScanInfo, 589, 107, 2051356, 0, 0, 0, 0, 10000, 39297, 32, 4, 2, 1, 480, 0, 0, 0, 0, 0, 0, 398, 395, -858, -1036, 1103, 1668, -1147, -2187, 1180, 2307, -1035, -1704, -147, 870, 2685, -796, -5099, 1479, 5453, -1796, -3937, 1221, 2053, -270, -641, -395, -233, 528, 973, -220, -2367, 118, 4478, -867, -6033, 2053, 6001, -2683, -4712, 2171, 3015, -1308, -1348, 1281, -177, -1933, 2274, 1784, -5112, 20, 7502, -2240, -7819, 2840, 5912, -511, -3581, -4674, 2702, 10469, -7618, -12319, 28233, 2193, -62305, 21682, 87110, -44771, -83264, 48684, 57168, -31685, -29381, 9245, 10423, 4800, -76, -7498, -7663, 5065, 17977, -4273, -27973, 3355, 30613, 3943, -24878, -16695, 16991, 25060, -13291, -21602, 15679, 9095, -20590, 4257, 21035, -12075, -12054, 13547, -4686, -12037, 22803, 10242, -35375, -8372, 38135, 5717, -32148, -2840, 22115, 1209, -12374, -897, 4985, -63, 31, 3154, -3779, -6872, 7828, 8697, -13173, -7940, 19361, 5577, -25252, -2740, 30372, 362, -34875, 418, 38106, 1129, -38032, -4324, 32900, 7102, -22988, -7529, 10763, 5402, 787, -1991, -9544, -997, 14637, 2153, -16614, -744, 17103, -3189, -17702, 8464, 18874, -12997, -19859, 15064, 19517, -14223, -17242, 11238, 13643, -7526, -10144, 4629, 8008, -3636, -7710, 4599, 8591, -6307, -9222, 7069, 8517, -6136, -6418, 4405, 3517, -3353, -580, 3768, -1327, -5390, 1084, 7177, 1996, -7856, -7478, 6569, 13357, -3250, -16654, -1375, 15096, 5924, -8588, -8727, -815, 8525, 9943, -5230, -15701, 54, 16255, 4933, -11735, -7583, 4261, 6608, 2974, -2092, -7100, -4451, 6822, 10702, -2865, -14275, -2625, 13700, 7071, -9008, -8510, 1687, 6357, 5959, -1524, -11818, -4080, 14752, 8486, -14857, -10444, 13169, 9778, -10903, -7232, 8870, 4128, -7299, -1806, 5950, 1046, -4256, -1683, 1781, 2762, 1406, -3102, -4710, 2058, 7277, 230, -8326, -3064, 7502, 5560, -5100, -7019, 1953, 7217, 956, -6386, -2944, 5004, 3876, -3663, -3994, 2927, 3712, -3067, -3458, 3958, 3565, -5159, -4103, 6095, 4935, -6251, -5867, 5437, 6649, -3693, -7025, 1254, 6874, 1316, -6098, -3192, 4573, 3868, -2402, -3466, 121, 2498, 1570, -1553, -2181, 1076, 1723, -1403, -607, 2708, -606, -4800, 1492, 7016, -1752, -8481, 1218, 8630, 41, -7433, -1664, 5419, 2988, -3291, -3480, 1625, 3142, -775, -2468, 834, 2141, -1527, -2648, 2312, 4012, -2626, -5606, 2156, 6561, -1021, -6265, -245, 4543, 1103, -1700, -1359, -1449, 1204, 3822, -1040, -4566, 1313, 3525, -2252, -1363, 3839, -788, -5741, 1963, 7307, -1734, -7808, 259, 6871, 1857, -4639, -3842, 1633, 5013, 1393, -4963, -3713, 3808, 4870, -2255, -4719, 1238, 3333, -1303, -1013, 2331, -1632, -3703, 3847, 4737, -5023, -4957, 4963, 4291, -3889, -2979, 2378, 1505, -1089, -360, 462, -16, -564, -567, 1190, 1833, -2032, -3136, 2832, 3797, -3382, -3475, 3556, 2179, -3230, -152, 2289, -2165, -853, 4281, -602, -5931, 1551, 7133, -1838, -7948, 1698, 8281, -1373, -7928, 970, 6681, -526, -4467, 169, 1543, 23, 1544, -241, -4098, 867, 5591, -2191, -5773, 4297, 4829, -6887, -3332, 9388, 1958, -11257, -1084, 12083, 758, -11504, -910, 9377, 1374, -6101, -1828, 2470, 2112, 767, -2532, -3007, 3810, 3825, -6530, -3192, 10819, 1303, -16023, 1572, 20849, -4642, -24172, 6589, 25698, -6660, -25515, 5434, 23527, -3941, -19777, 2846, 14831
1791219441.967, MrmDetectionListInfo, 589, 28, 25, 3327, 26, 3624, 27, 3535, 76, 65535, 77, 65535, 78, 57724, 79, 46008, 80, 33339, 81, 21399, 90, 14186, 91, 16067, 92, 17173, 93, 17207, 94, 16796, 95, 17071, 96, 18357, 97, 19710, 98, 19978, 99, 18912, 100, 17075, 240, 12550, 386, 4866, 470, 12339, 471, 14086, 472, 15421, 473, 16148, 474, 16326, 475, 16117
1791219442.092, MrmFullScanInfo, 590, 107, 2051481, 0, 0, 0, 0, 10000, 39297, 32, 1, 2, 1, 480, -420511, 490874, 419301, -480486, -452448, 445534, 504385, -370334, -519958, 111684, 520125, 338640, -496681, -497708, 371638, 518029, -112850, -520192, -171763, 519665, 320878, -512263, -476131, 481198, 520118, 512573, -181995, -520062, -403203, 500881, 356866, -502070, -436066, 505031, 280178, -518760, -285706, 518617, 219643, -517683, -301833, 517102, 435130, -507719, -516231, 375765, 520192, 95286, -519938, -488151, 451524, 519760, -167544, -520160, -236833, 519736, 474239, -500578, -517641, 369303, 520158, -91094, -520143, -254938, 515546, 414544, -443063, -222413, 92302, -167770, 389330, 505824, -179782, -514129, -387082, 512144, 518243, -292330, -520192, -350987, 516479, 519391, -267890, -520179, -136494, 518945, 420361, -480478, -514085, 298097, 520123, 17606, -520157, -360373, 502813, 511438, -152304, -519285, -275807, 477914, 463339, -263788, -478767, 36803, 221499, 39183, 122945, 33346, -338300, -238094, 375604, 450931, -222924, -498636, -49255, 450869, 274911, -284534, -392117, 14950, 357699, 233191, -201641, -334883, 17501, 317730, 131584, -244832, -203454, 136990, 159790, -46243, -81238, 22347, 16527, -43015, 24859, 74271, -13180, -89529, -42960, 74732, 79148, -16257, -64650, -59698, 17226, 101099, 54315, -84192, -119644, 28999, 132573, 35587, -89738, -81457, 32403, 87329, 11610, -50024, -30340, 8178, 7299, 12744, 44537, -8584, -83213, -22165, 84474, 77615, -49695, -121748, -16506, 131284, 96017, -104497, -126621, 43885, 153993, 28012, -141277, -82317, 100630, 96678, -42648, -79539, -6771, 45148, 27182, -5742, -20157, -18893, -1026, 19137, 24948, 7247, -38135, -38673, 26815, 69093, 2753, -85313, -32573, 78898, 56302, -52593, -70961, 22746, 67985, 3981, -47417, -24325, 26332, 33928, -9643, -33396, -3059, 33275, 10084, -34486, -9912, 31078, 12275, -24167, -15492, 17645, 13023, -6723, -9918, -7524, 9245, 18550, -7548, -25736, 3277, 32549, 2787, -35429, -7245, 32731, 13353, -28116, -15240, 25395, 9928, -21373, -2742, 19388, -78, -21217, 4362, 24415, -6187, -24448, 4173, 22022, 3890, -15690, -9906, 6102, 16883, 5900, -21107, -17416, 18781, 27254, -12497, -34370, 4785, 36888, 550, -34547, 2008, 28483, 1541, -25739, -487, 23704, 446, -22634, -1906, 22890, 5837, -21679, -12075, 17769, 21715, -10345, -34870, 2264, 35305, 9105, -29883, -18906, 20350, 22306, -8545, -19403, -994, 11733, 6729, -782, -8388, -9689, 5324, 18131, 178, -22632, -6867, 26536, 12965, -26593, -17729, 24575, 24143, -22387, -32152, 19921, 37919, -14847, -40112, 7217, 34329, 5010, -21348, -19641, 3647, 30394, 11028, -32063, -19348, 24187, 20451, -9859, -12722, -6146, -2414, 20260, 18870, -27274, -31615, 28947, 36945, -26443, -31972, 26334, 17833, -28297, -264, 34783, -15454, -43297, 23415, 50312, -29206, -53134, 30571, 51118, -30585, -43226, 33386, 32051, -37196, -20902, 40231, 14533, -40659, -11802, 36363, 15399, -30152, -18835, 23936, 22765, -17320, -22850, 12659, 22198, -9255, -21914, 5402, 25436, -1136, -31053, -12410, 40180, 24053, -45972, -36322, 46942, 45430, -43532, -48984, 36470, 41277, -27179, -23665, 16625, -3703, -6025, 28932, -10661, -65638, 27866, 103691, -46780, -139063, 65188, 171450, -73954, -192905, 71088, 199664, -44500, -182717, 1396, 148228, 51422, -89953, -99427, 21412, 128264, 44012, -131801, -94637, 112144, 119861, -79808, -119581, 47472, 98523, -27485, -71296, 20324, 49982, -29709, -44524, 40898, 55962, -41366, -77171, 23708, 97481, 10615, -104583, -53000, 93862, 88489, -63427, -118858, 19704, 117602, 20451, -98038, -46900, 67528, 55528, -36035, -46774, 14976, 29224, -9423, -13112, 19711, -294, -38199, -3321, 57143, 17105, -67535, -32668, 65087, 45234, -49803, -46663, 26269, 37631, -1718, -21146, -16894
1791219442.092, MrmFullScanInfo, 590, 107, 2051481, 0, 0, 0, 0, 10000, 39297, 32, 2, 2, 1, 480, 0, 0, 0, 0, 0, 0, 168181, -228531, -312022, 479361, 361592, -535693, -380258, 348455, 435733, -31001, -508653, -256079, 508130, 432116, -372964, -522063, 136534, 579068, 108123, -566271, -280091, 391267, 331262, -48022, -252446, -335531, 84407, 608732, 83727, -723036, -177111, 712893, 186293, -645023, -148675, 578074, 121019, -545972, -141381, 549407, 209760, -536575, -301430, 422709, 401893, -180336, -492045, -112712, 507815, 352055, -378336, -506676, 119815, 598681, 157980, -621862, -354325, 532786, 458480, -318701, -519232, 57556, 546145, 112086, -462831, -101266, 214897, -51318, 84462, 241605, -221569, -398119, 108217, 461521, 150879, -367621, -399048, 120848, 524159, 176778, -461795, -420657, 228403, 569911, 68492, -602588, -313917, 491205, 469329, -247303, -544416, -50932, 519802, 309965, -359218, -476346, 90272, 530693, 173356, -468057, -305552, 313873, 249433, -138793, -45650, 31341, -194993, -44015, 353799, 159994, -360079, -307178, 217923, 400208, 2850, -378606, -207741, 234141, 323175, -19201, -320379, -182728, 218038, 305176, -70724, -326032, -56641, 264694, 120175, -165601, -114060, 77034, 64205, -29171, -9150, 24197, -19548, -42394, 12780, 55154, 14251, -40440, -35905, -2950, 32575, 53916, -18, -84386, -48281, 77882, 88123, -37872, -100181, -14970, 81676, 54336, -45771, -63748, 13406, 45089, -2552, -14541, 17600, -7230, -46329, 4284, 68200, 26666, -65956, -73369, 34657, 113547, 17298, -126130, -74193, 102381, 120212, -51089, -142552, -6754, 133525, 50311, -96110, -68263, 45275, 60739, -1149, -36429, -21525, 9026, 19467, 7857, -329, -6343, -21841, -12993, 33641, 42194, -28743, -69119, 9313, 82475, 17224, -77285, -41558, 56412, 55550, -27404, -55783, -1326, 44863, 23246, -28771, -35775, 13460, 40208, -2737, -39146, -2885, 34613, 5407, -27914, -6864, 19548, 8158, -9382, -9751, -2075, 11744, 13245, -13200, -22644, 12814, 29563, -10015, -33585, 5284, 34591, -162, -33023, -3031, 29581, 2748, -25144, 546, 21165, -5136, -19027, 9387, 18766, -11694, -19056, 10483, 18324, -5143, -15440, -3390, 9908, 12911, -1937, -20673, -7690, 24405, 17809, -23505, -26794, 19590, 32607, -15029, -33862, 11220, 31174, -8381, -26882, 6394, 23315, -5018, -21498, 3421, 21158, -325, -21145, -5657, 20281, 14702, -17750, -24528, 12814, 31370, -5110, -32528, -4182, 27833, 12204, -18973, -15953, 8492, 13970, 1036, -6895, -7584, -3030, 10048, 13232, -8467, -21803, 3973, 27733, 1979, -30758, -8563, 31402, 15631, -30652, -22821, 28973, 28858, -25503, -31802, 18413, 30064, -6436, -23512, -9199, 13852, 24163, -3724, -32846, -4455, 31508, 8926, -20176, -8536, 2383, 3182, 16568, 5625, -31667, -14797, 40040, 20473, -41689, -19379, 38869, 10431, -34767, 4363, 32154, -20844, -32322, 34892, 34570, -44061, -36651, 48066, 36004, -48243, -31038, 46551, 22134, -44430, -11717, 42274, 3269, -39771, 440, 36649, 1238, -32996, -6565, 29056, 12590, -24938, -16992, 20672, 19346, -16365, -21061, 11784, 24354, -6229, -30808, -822, 40055, 9114, -49558, -17682, 56000, 24983, -56993, -28573, 51618, 25615, -40088, -14592, 23158, -3870, -1682, 27954, -23565, -55631, 51717, 84742, -80824, -112635, 107089, 136569, -124514, -153728, 125913, 161466, -105611, -157525, 62837, 140123, -3730, -108670, -59670, 65178, 112980, -15284, -144417, -32531, 149068, 69199, -130450, -88170, 98640, 88214, -66242, -74268, 43791, 55666, -35785, -42403, 38964, 41383, -44126, -53774, 41089, 74542, -23898, -94298, -7007, 103008, 45278, -94365, -80777, 68707, 103267, -32862, -106728, -2743, 92151, 28382, -66613, -38756, 40342, 34253, -22738, -20077, 18896, 4149, -28163, 6041, 45011, -6561, -61282, -1520, 69162, 13508, -64090, -23715, 46445
1791219442.092, MrmFullScanInfo, 590, 107, 2051481, 0, 0, 0, 0, 10000, 39297, 32, 4, 2, 1, 480, 0, 0, 0, 0, 0, 0, 131, 119, -344, -335, 460, 669, -444, -886, 326, 870, 253, -808, -766, 791, 137, -434, 1487, -411, -2535, 997, 2181, -764, -940, 80, -522, 451, 1479, -592, -1789, 444, 2334, -413, -3828, 874, 4950, -1415, -3837, 1132, 985, -19, 1350, 52, -2089, -2026, 2520, 3747, -4504, -2655, 8234, -1001, -11426, 4392, 11116, -5778, -6914, 8511, 709, -23117, 7719, 64596, -19429, -145281, 30223, 253267, -24250, -332857, -18093, 326877, 90116, -237644, -146933, 118792, 147260, -19826, -99309, -38665, 42809, 53818, -5890, -38173, -6232, 13141, 2553, 3762, 4639, -4715, -8941, -6262, 10519, 17339, -9495, -19686, 5169, 15305, -513, -14403, 1759, 26028, -11529, -49819, 24161, 74735, -30336, -86796, 25623, 78476, -13735, -53115, 2916, 22053, 164, 3740, 4891, -19463, -12203, 25044, 13894, -21761, -4787, 12931, -15425, -4981, 41543, 4445, -64387, -13090, 75716, 26093, -72439, -34428, 57338, 30655, -36867, -13237, 18277, -13147, -7218, 40367, 5963, -59946, -12659, 65759, 22143, -56235, -28241, 34615, 26362, -7537, -15483, -17336, -1588, 34116, 19618, -40356, -32944, 37206, 37847, -28118, -34046, 17021, 24530, -6752, -13647, -1496, 4753, 7727, 869, -12450, -3706, 16070, 4754, -18503, -4880, 19208, 5182, -17548, -6655, 13456, 9309, -7834, -11691, 2258, 12087, 1754, -9866, -3368, 5758, 2802, -1272, -1044, -2148, -614, 3835, 1113, -4116, 47, 3934, -2563, -4203, 5410, 5327, -7463, -6961, 8070, 8138, -7290, -7884, 5809, 5954, -4590, -2954, 4295, 69, -4804, 1531, 5204, -1146, -4226, -1097, 897, 4137, 4884, -6409, -12062, 6708, 18669, -4847, -22624, 1731, 22805, 1037, -19525, -1765, 14271, -380, -9035, 4854, 5528, -10045, -4456, 14102, 5346, -15621, -7000, 14196, 8248, -10637, -8382, 6591, 7421, -3677, -5940, 2737, 4681, -3362, -4336, 4107, 5282, -3445, -7066, 653, 8280, 3869, -7342, -8756, 3482, 12397, 2634, -13621, -9023, 12070, 13499, -8221, -14795, 3357, 12889, 914, -8706, -3355, 3840, 3503, 102, -1869, -2110, -229, 2035, 1330, -522, -619, -1245, -1721, 2068, 4724, -1330, -7113, -725, 7879, 3256, -6790, -5214, 4637, 5810, -2745, -4889, 2189, 3027, -3244, -1234, 5312, 435, -7183, -1031, 7646, 2683, -6188, -4387, 3207, 5023, 291, -4026, -3170, 1726, 4526, 894, -3971, -2744, 1841, 3110, 849, -1916, -2828, -200, 3182, 2212, -1646, -3159, -1300, 2668, 4574, -954, -6841, -1426, 7224, 3802, -5647, -5445, 2724, 5861, 554, -5038, -3238, 3355, 4916, -1377, -5769, -273, 6118, 1111, -6113, -998, 5896, 146, -5555, 998, 5126, -1915, -4713, 2345, 4538, -2388, -4741, 2264, 5250, -2088, -5877, 1911, 6349, -1766, -6376, 1558, 5715, -1078, -4256, 133, 2105, 1300, 406, -3039, -2809, 4758, 4700, -6157, -5751, 7098, 5845, -7484, -5098, 7256, 3752, -6441, -2001, 5217, 7, -3716, 2013, 2092, -3700, -451, 4646, -1214, -4547, 3027, 3366, -5032, -1403, 7069, -752, -8955, 2321, 10516, -2612, -11595, 1368, 11977, 1021, -11443, -3666, 10070, 5634, -8307, -6332, 6740, 5784, -5742, -4604, 5434, 3687, -5644, -3680, 5875, 4749, -5473, -6469, 3871, 7999, -753, -8518, -3715, 7717, 8747, -5879, -13153, 3650, 15881, -1829, -16450, 1115, 15176, -1832, -13108, 3570, 11575, -5076, -11578, 4983, 13346, -2720, -16202, -1158, 18829, 5463, -19792, -8871, 18214
1791219442.092, MrmDetectionListInfo, 590, 50, 65, 9174, 66, 15926, 67, 28032, 68, 45493, 69, 65535, 70, 65535, 71, 65535, 72, 65535, 73, 65535, 74, 65535, 75, 65535, 76, 65535, 77, 65535, 78, 65535, 79, 65535, 80, 65535, 81, 65535, 82, 65535, 83, 52471, 84, 47111, 85, 44487, 86, 37465, 87, 26452, 99, 14545, 100, 13971, 108, 36601, 109, 46030, 110, 53427, 111, 57520, 112, 57699, 113, 54004, 114, 47010, 134, 44039, 136, 51437, 137, 51696, 147, 31235, 148, 36430, 149, 39670, 150, 41582, 152, 40316, 153, 35952, 162, 35346, 163, 37629, 235, 12992, 236, 12940, 237, 12432, 273, 7488, 276, 8240, 277, 9644, 278, 11214
1791219442.217, MrmFullScanInfo, 591, 107, 2051606, 0, 0, 0, 0, 10000, 39297, 32, 1, 2, 1, 480, -419365, 493297, 420709, -479635, -450770, 446691, 505146, -371929, -520074, 111669, 520159, 337626, -496602, -496776, 373787, 517063, -115587, -520192, -176101, 519476, 324350, -512193, -475161, 481467, 520150, 513371, -162681, -519837, -410333, 498137, 359672, -502414, -438487, 505141, 283521, -517759, -281538, 517569, 209399, -515877, -292162, 515110, 424758, -508785, -515075, 386542, 520192, 91320, -520127, -486679, 453577, 519905, -182872, -519938, -211798, 519734, 461887, -505715, -515773, 392157, 520127, -114237, -520179, -285570, 511920, 467615, -273264, -378269, -250009, 22205, 509958, 494098, -260023, -514192, -406251, 513727, 519229, -313797, -520192, -238976, 519733, 511071, -412788, -520102, 54089, 520112, 330932, -504828, -509360, 341390, 520156, 4726, -520175, -368045, 505369, 506877, -208840, -519666, -230448, 475942, 469328, -214692, -503300, -60344, 278581, 164011, 68239, -91110, -321818, -147404, 376993, 411980, -248866, -486365, -17149, 454846, 256051, -316176, -388444, 58563, 371968, 187489, -237159, -299649, 60508, 296878, 110127, -212999, -199529, 87500, 167853, 32141, -89605, -74238, 7595, 45365, 50791, 18108, -35593, -69764, -31771, 85673, 84435, -52567, -88791, -15587, 57912, 62752, 5180, -58836, -75332, 22807, 109345, 32024, -94881, -81763, 60376, 100766, -25460, -77606, -552, 40578, -9926, -18613, 49242, 14704, -83397, -36670, 86589, 85436, -54952, -123667, -1788, 132826, 74095, -107211, -103914, 48503, 131887, 19603, -126424, -73748, 93817, 92946, -42227, -78051, -4129, 44742, 24191, -2774, -17787, -26769, -4063, 32152, 31898, -9789, -46378, -23238, 36005, 56540, -5203, -78684, -27414, 76251, 55514, -53031, -72322, 24969, 69846, 1723, -50253, -23830, 28714, 35532, -11601, -36691, -1198, 38294, 6883, -38908, -4605, 36778, 5025, -31114, -9077, 25877, 11075, -13100, -9963, -3866, 12516, 18424, -11846, -28911, 5387, 36915, 4101, -39012, -12059, 33676, 19939, -23789, -23308, 16594, 19416, -9214, -12616, 6615, 8071, -10512, -3979, 17146, 3602, -20422, -8165, 20135, 18371, -17155, -27064, 7967, 31844, 4524, -33464, -16176, 28104, 25852, -17384, -32536, 6315, 35195, 2511, -32935, -1379, 29944, 5738, -28367, -8172, 26414, 10551, -24171, -12919, 22593, 16036, -18730, -20731, 12400, 28427, -5342, -38185, -1344, 36823, 10674, -30822, -17211, 22272, 19881, -11125, -17620, 750, 11611, 5774, -2693, -9701, -6205, 8913, 14120, -5938, -19980, 744, 26171, 5270, -30447, -12042, 31329, 22134, -30870, -32438, 28940, 40099, -22752, -42493, 11491, 35594, 1281, -20878, -16539, 2142, 26427, 13650, -27329, -22178, 18431, 22621, -3597, -14036, -11291, -1490, 23297, 17871, -30106, -31892, 29861, 37619, -27946, -33496, 25645, 20558, -26423, -2186, 32120, -13686, -40529, 23447, 47604, -29210, -51852, 31176, 52394, -30884, -46247, 31621, 36672, -32836, -26017, 34517, 17230, -34623, -12336, 31664, 13300, -28430, -14694, 24983, 17788, -22339, -18756, 19779, 19823, -16580, -21523, 13011, 25099, -6099, -30643, -9110, 38418, 23260, -41877, -36716, 42587, 46057, -39862, -47764, 36227, 40020, -30302, -21850, 25619, -4526, -17793, 27364, 2672, -60690, 15240, 95794, -37665, -130612, 60379, 163915, -76124, -189700, 73789, 200592, -51607, -186029, 9056, 154334, 44762, -95578, -95501, 24709, 125598, 45591, -129461, -97894, 110503, 125781, -76176, -125321, 46852, 102283, -28654, -71045, 22985, 45843, -34459, -36640, 48424, 46122, -50761, -67250, 32877, 89514, 3044, -98051, -46880, 88080, 85862, -58039, -119447, 14257, 117619, 26017, -98207, -51928, 64580, 56852, -27919, -43927, 102, 19469, 12936, 2643, -12223, -10029, 2005, 9613, 8469, 3696, -12939, -22283, 9796, 38686, 944, -44031, -14924, 39204, 27476, -26299, -34347
1791219442.232, MrmFullScanInfo, 591, 107, 2051606, 0, 0, 0, 0, 10000, 39297, 32, 2, 2, 1, 480, 0, 0, 0, 0, 0, 0, 168118, -228789, -311835, 479941, 361304, -536514, -379967, 349335, 435596, -31885, -508991, -255091, 508847, 431080, -373171, -521401, 135507, 579227, 109877, -567050, -280264, 391634, 327418, -46851, -244611, -338332, 75518, 611904, 90481, -725128, -180678, 713311, 186595, -643731, -145464, 575073, 114417, -541562, -133001, 545282, 202077, -535341, -295988, 425484, 398769, -185384, -491584, -108004, 512279, 348198, -389615, -502562, 135708, 595415, 142922, -624121, -343546, 541544, 451579, -324335, -506421, 37003, 498446, 192552, -357597, -256479, 72341, 141037, 210525, 85747, -294788, -327761, 134445, 475042, 144756, -432079, -398473, 196575, 547695, 114316, -536482, -373325, 345519, 533562, -44851, -584441, -243067, 497921, 444350, -270684, -549629, -26378, 543618, 291805, -393830, -460420, 121486, 506341, 166302, -424435, -337828, 246387, 318882, -53193, -131631, -58141, -121507, 33383, 314746, 104898, -360002, -276813, 244513, 393564, -30663, -394792, -183642, 270240, 316714, -67585, -331255, -131781, 238216, 257947, -87685, -281414, -53779, 215330, 134831, -104107, -140431, 3109, 90840, 47497, -25989, -39458, -15651, -6051, 17650, 52765, 8763, -68877, -37980, 45329, 47055, 415, -25915, -39142, -18345, 49268, 65381, -26790, -94677, -14693, 97143, 52252, -77653, -67920, 51377, 58731, -35964, -35550, 40415, 15741, -58583, -14832, 74302, 38177, -71766, -76605, 44799, 110475, 1121, -120228, -53536, 97254, 98765, -49033, -124459, -5525, 121821, 47101, -91553, -64422, 46216, 56540, -4594, -30964, -18165, 774, 17247, 19948, 1099, -21853, -23338, 3773, 35798, 27211, -31504, -58441, 12000, 77175, 15387, -76809, -40935, 59005, 56062, -30817, -57217, 976, 47053, 23129, -31677, -37878, 17265, 43777, -7800, -43244, 3653, 38760, -2150, -32210, 437, 24172, 2726, -14044, -7387, 1771, 12637, 11183, -16312, -22904, 16126, 31905, -11404, -36864, 3365, 36972, 5518, -32676, -12264, 25611, 14756, -18106, -12893, 12774, 8276, -11394, -3190, 13622, 244, -17394, -1668, 20369, 7879, -20623, -17040, 16878, 26101, -8995, -32055, -1813, 32905, 13605, -28488, -24193, 20980, 31496, -13425, -34363, 7597, 33435, -3424, -30711, 126, 28054, 2780, -26148, -5720, 24550, 9473, -22366, -15144, 19207, 22837, -15170, -30478, 10074, 34917, -3522, -34208, -3917, 28537, 10373, -19440, -13719, 8994, 12755, 710, -7715, -7989, 4, 11857, 8700, -12154, -17196, 9516, 24752, -4721, -30811, -1892, 35089, 10168, -37525, -19216, 37600, 27057, -33982, -31223, 25231, 29865, -11146, -22847, -6010, 12117, 21475, -757, -29762, -8330, 27621, 13061, -15719, -12281, -1967, 6068, 20133, 3864, -34196, -14232, 41671, 21038, -42584, -20919, 39014, 12718, -34063, 1749, 30638, -18462, -30243, 33189, 32483, -43237, -35378, 48001, 36358, -48433, -33484, 46191, 26516, -42812, -17131, 39193, 8255, -35674, -2643, 32494, 1476, -29970, -3841, 28213, 7639, -26827, -11126, 25149, 13890, -22587, -16800, 18437, 21328, -11874, -28477, 2693, 37701, 8142, -46752, -18744, 52970, 26783, -54592, -29637, 51082, 24966, -42661, -12132, 29559, -7312, -11728, 30861, -11015, -56477, 38492, 82758, -69209, -108211, 99188, 131122, -121572, -149053, 128049, 158926, -111897, -157512, 71511, 142077, -12561, -111303, -52572, 66900, 108565, -14846, -142504, -35544, 148825, 74215, -131166, -93677, 100052, 92079, -68254, -74566, 46254, 51444, -38719, -33937, 42582, 29995, -48493, -41397, 45910, 63007, -28531, -84688, -3474, 95515, 43639, -88601, -81157, 64021, 104833, -28752, -107797, -6234, 90413, 30583, -59452, -38708, 25316, 31923, 1774, -17069, -15326, 2729, 14711, 4461, -4703, -1617, -7371, -9858, 14998, 24871, -14557, -37053, 6085
1791219442.232, MrmFullScanInfo, 591, 107, 2051606, 0, 0, 0, 0, 10000, 39297, 32, 4, 2, 1, 480, 0, 0, 0, 0, 0, 0, -43, -220, 112, 487, -175, -634, 183, 634, -76, -643, -179, 739, 424, -757, -304, 534, -152, -89, 446, -288, 943, 2, -4453, 1241, 7879, -2666, -8526, 2991, 6164, -1961, -2581, 262, -1496, 1719, 5642, -3746, -8666, 5099, 9256, -4327, -7485, 1326, 4786, 2004, -2162, -3620, -1457, 3713, 8126, -4375, -16461, 6075, 21018, -5777, -18350, 1156, 11373, -132, -4010, 19411, 5449, -77467, -37435, 180663, 100357, -288430, -157620, 325090, 170557, -254065, -138184, 120408, 88083, 4862, -46455, -80768, 17342, 98561, 21909, -78666, -78510, 53093, 120196, -35026, -113784, 15844, 69159, 5496, -22032, -18217, -8061, 18082, 24646, -12423, -32929, 9477, 29724, -12655, -10031, 22480, -22976, -36884, 56218, 50748, -73419, -58372, 65027, 56628, -34933, -46723, -2267, 32078, 30129, -14324, -39096, -6436, 29602, 27486, -7774, -42882, -17985, 48221, 37922, -44496, -43919, 38411, 34383, -38100, -15648, 47132, -1843, -61284, 9889, 71069, -7168, -68521, -1431, 51943, 9390, -25745, -12071, -2679, 7555, 26133, 3113, -39765, -15823, 42167, 24571, -35460, -24421, 24793, 14549, -16211, 973, 13436, -15373, -16246, 23037, 21311, -22454, -24467, 16437, 22966, -9630, -16489, 5837, 6962, -6691, 2698, 11405, -9897, -17491, 13009, 22197, -11679, -23781, 7121, 21743, -1674, -16551, -2557, 9719, 4898, -3316, -6017, -1064, 7102, 3186, -9097, -3859, 12049, 4020, -14955, -4150, 16371, 4346, -15403, -4454, 12253, 4222, -7927, -3627, 3717, 2826, -703, -1869, -498, 658, -84, 819, 1863, -2400, -3845, 3934, 5032, -5276, -4894, 6209, 3601, -6317, -1692, 5283, -415, -3205, 2548, 623, -4565, 1708, 6210, -3083, -7175, 3124, 7227, -2040, -6187, 394, 4014, 1454, -975, -3506, -2172, 5713, 4433, -7679, -5100, 9010, 4079, -9759, -1785, 10321, -1220, -11011, 4438, 11768, -7343, -12217, 9330, 12089, -9919, -11404, 9035, 10293, -6869, -8673, 3681, 6490, 243, -3976, -4382, 1374, 7922, 1428, -10026, -4603, 10214, 7784, -8499, -10096, 5340, 10870, -1624, -10021, -1466, 7987, 2966, -5525, -2584, 3523, 835, -2621, 1200, 2799, -2319, -3427, 1794, 3685, 267, -3029, -3042, 1459, 5412, 604, -6453, -2544, 5722, 3807, -3359, -4023, 43, 3235, 3263, -1937, -5674, 823, 6655, -376, -6220, 678, 4987, -1506, -3855, 2502, 3414, -3289, -3621, 3602, 4062, -3390, -4261, 2866, 3901, -2394, -2999, 2232, 1959, -2352, -1328, 2495, 1352, -2263, -1756, 1423, 2038, -51, -1805, -1391, 1033, 2369, 2, -2630, -774, 2305, 754, -1836, 295, 1765, -2179, -2451, 4282, 3821, -5718, -5353, 5736, 6361, -4120, -6332, 1346, 5121, 1665, -2922, -3935, 242, 4855, 2261, -4424, -3953, 3218, 4439, -2048, -3682, 1587, 2059, -2071, -271, 3189, -844, -4174, 665, 4247, 834, -2892, -3005, 70, 4898, 3693, -5613, -7473, 4558, 10277, -1802, -11336, -1838, 10167, 5132, -6922, -6904, 2455, 6594, 2080, -4473, -5589, 1487, 7223, 1285, -6573, -2857, 4049, 2602, -643, -581, -2449, -2478, 4474, 5430, -5428, -6967, 5743, 6083, -5739, -2728, 5588, -2125, -5615, 7003, 6092, -10459, -6840, 11584, 7328, -10370, -6949, 7713, 5207, -4833, -2075, 2678, -1722, -1683, 4919, 1636, -6169, -1769, 4376, 1158, 1001, 762, -9668, -3200, 20342, 4368, -31002, -3150, 39891, -49, -46134, 4353, 49172, -9235, -48227, 13888, 42945, -17148, -34061
1791219442.232, MrmDetectionListInfo, 591, 75, 58, 9057, 59, 11507, 60, 13132, 61, 13582, 62, 12689, 63, 10528, 64, 7650, 68, 15511, 69, 31493, 70, 57164, 71, 65535, 72, 65535, 73, 65535, 74, 65535, 75, 65535, 76, 65535, 77, 65535, 78, 65535, 79, 65535, 80, 65535, 81, 60979, 82, 34331, 83, 31653, 84, 47568, 85, 63262, 86, 65534, 87, 59712, 88, 59532, 89, 65535, 90, 65535, 91, 65535, 92, 65535, 93, 64891, 94, 50099, 95, 35301, 96, 22399, 97, 14146, 99, 14182, 100, 17674, 101, 20435, 102, 21791, 110, 40826, 111, 53382, 112, 62005, 113, 65532, 114, 64525, 115, 59730, 116, 51553, 117, 40741, 131, 43298, 132, 44652, 143, 39859, 157, 31805, 265, 10514, 266, 10803, 267, 10924, 268, 10806, 269, 10399, 272, 7825, 285, 8886, 286, 8776, 287, 8361, 413, 6795, 468, 13579, 469, 16143, 470, 18092, 471, 19798, 472, 21282, 473, 22641, 474, 24298, 475, 26419, 476, 28482, 477, 29784, 478, 30120, 479, 29745
1791219442.341, MrmFullScanInfo, 592, 107, 2051731, 0, 0, 0, 0, 10000, 39297, 32, 1, 2, 1, 480, -422464, 491439, 421600, -479931, -453119, 445818, 505421, -370985, -519919, 110435, 520165, 339193, -494088, -500332, 372324, 517955, -110408, -520169, -182311, 519538, 324095, -511760, -478894, 480840, 520192, 512908, -180139, -520164, -408285, 498613, 353377, -503041, -439513, 505839, 286350, -517882, -293835, 517848, 227793, -516206, -297911, 516756, 429672, -507510, -516457, 374112, 520192, 95140, -519947, -495345, 440385, 519218, -153044, -519803, -247560, 519378, 477084, -499463, -518051, 348574, 520182, 12150, -520027, -450092, 480601, 518060, -177101, -519701, -97032, 518714, 305292, -509605, -52734, 240870, -484379, -196583, 515821, 363045, -500852, -476934, 486563, 518383, -320089, -520172, 28322, 519975, 369239, -495847, -518884, 196733, 520192, 261359, -519428, -490843, 469089, 518486, -177371, -519060, -44574, 517288, 184653, -368241, -202005, -26415, -1464, 240220, 278849, -224043, -462912, 1935, 462485, 279318, -233030, -379499, -82657, 329339, 364461, -146823, -488960, -135435, 438414, 366665, -278337, -446370, 85835, 439037, 92562, -337316, -169835, 169479, 118015, -25567, -19011, -38230, -77955, 19691, 129413, 33362, -82413, -61563, -34315, 44652, 134623, 26633, -182695, -125509, 160336, 184407, -86362, -180296, 467, 124908, 50664, -42568, -48914, -41127, 20436, 88548, 16587, -84286, -42303, 56557, 26764, -32257, 24258, 21501, -76013, -41838, 91353, 91888, -63624, -134666, -595, 147664, 85983, -121962, -122885, 57948, 160121, 21695, -158269, -88915, 123975, 121253, -65903, -114285, 11259, 82140, 15641, -37305, -14058, 2000, -6785, 5951, 37817, 16402, -54918, -48635, 41881, 82859, -2818, -101468, -40349, 90923, 79259, -54766, -100992, 13675, 99272, 24916, -71218, -51936, 38695, 62918, -9480, -56194, -11388, 44747, 18057, -34706, -12720, 26816, 5350, -24776, -2112, 29216, 1384, -31909, -4796, 28157, 15919, -19580, -24493, 7530, 25837, 10198, -18155, -26117, 6135, 33007, 9128, -31903, -21285, 24981, 21152, -14047, -14113, 2544, 5990, 2609, 3053, -1307, -8534, -1519, 6324, 4616, 4355, -5023, -15027, -1861, 23660, 14226, -26379, -25124, 19022, 33313, -4841, -36477, -9610, 31928, 20045, -20082, -19110, 8202, 19961, -1153, -14084, -759, 7062, -3133, -1664, 12219, 428, -19567, -5505, 22511, 16173, -20178, -33170, 14081, 36963, -2404, -32758, -8609, 23866, 13044, -11436, -9989, 1154, 2487, 4765, 8858, -4485, -18643, 3215, 22084, 3523, -24407, -10763, 24598, 15699, -23141, -20084, 21054, 26162, -19959, -33919, 19360, 40418, -17009, -44282, 10441, 39732, -309, -27715, -13284, 10929, 24982, 4333, -27342, -14054, 22238, 17587, -10102, -11879, -3404, 1294, 13860, 13575, -20305, -25451, 20268, 29551, -19205, -24119, 19558, 9776, -22403, 8729, 30510, -23941, -41609, 30920, 48803, -35547, -54261, 34904, 55306, -33357, -49513, 32695, 40581, -32334, -31014, 31094, 24867, -28210, -23084, 24971, 25942, -18695, -28494, 12581, 30665, -8498, -30655, 7320, 29150, -7090, -28216, 6269, 31107, -3455, -35972, -11898, 44317, 25840, -47104, -41381, 44033, 53722, -36225, -57388, 25913, 50230, -15793, -30111, 6709, -768, 790, 29759, -13366, -69859, 27203, 109258, -43074, -147307, 60982, 180529, -75097, -205506, 71638, 212103, -52978, -195699, 13773, 157271, 35230, -98379, -81346, 27818, 111600, 39181, -118218, -88946, 103779, 114637, -75773, -111892, 51182, 91383, -36047, -65832, 30600, 47596, -40029, -46898, 48784, 61735, -45276, -84534, 23484, 101994, 14401, -104994, -55453, 89533, 88447, -58076, -112244, 16405, 104336, 18723, -80531, -38194, 47636, 38901, -16994, -23151, -1877, 451, 3496, 18034, 8033, -26967, -26975, 29054, 42201, -22354, -47049, 14343, 39940, -10074, -23753, 11057, 3102, -16065, 14494, 21649, -24112
1791219442.341, MrmFullScanInfo, 592, 107, 2051731, 0, 0, 0, 0, 10000, 39297, 32, 2, 2, 1, 480, 0, 0, 0, 0, 0, 0, 168744, -228764, -313006, 479826, 362478, -536053, -380610, 348179, 435512, -29864, -508117, -257681, 506899, 433662, -370082, -523538, 131849, 580702, 113146, -567799, -283558, 392087, 332167, -47897, -251166, -336290, 82250, 609599, 85925, -723766, -179892, 713702, 190840, -646224, -154608, 579596, 125899, -547056, -142934, 549069, 208281, -534750, -299246, 420083, 400194, -177411, -489388, -116010, 501956, 355950, -369222, -510834, 110318, 600929, 164982, -613404, -360266, 494104, 469580, -233535, -526937, -82744, 521935, 341966, -411688, -499565, 222040, 562134, -86040, -519925, 116748, 375262, -286523, -205230, 471624, 119800, -578793, -155669, 579649, 267335, -461584, -397896, 233249, 502120, 45422, -516281, -295564, 379984, 478205, -115143, -581834, -168852, 579013, 376470, -451929, -486000, 244254, 496309, -48798, -387461, -54477, 166750, 35047, 81926, 83873, -232350, -234811, 209537, 330789, -41507, -303338, -166569, 140897, 300117, 99280, -291539, -322644, 144692, 447990, 74029, -441389, -275288, 322880, 390460, -153507, -392042, 5842, 294781, 70342, -148583, -66683, 16877, 12109, 55026, 44794, -59252, -60026, 21744, 17853, 16123, 61937, -20682, -139318, -15640, 177716, 72167, -161525, -115914, 102302, 121800, -30004, -84425, -25410, 19783, 48533, 43599, -42204, -81035, 23386, 84255, -13474, -62461, 24542, 35817, -51094, -25626, 74890, 42826, -76742, -80945, 48488, 119211, 3741, -133968, -65209, 112134, 119916, -58911, -153534, -5989, 155471, 60150, -125429, -88522, 76248, 87322, -28258, -63337, -1018, 31053, 4444, -6805, 12612, 1771, -35106, -17981, 46356, 48193, -36990, -78493, 8323, 94302, 30330, -87765, -65921, 60798, 86543, -22290, -86674, -16329, 69212, 44998, -42765, -58529, 17157, 57898, 179, -48325, -6725, 36372, 4977, -27530, 206, 24081, -4103, -24410, 3366, 24944, 2805, -22432, -11835, 14871, 19250, -2200, -21406, -12959, 17036, 26187, -7721, -33474, -2571, 32788, 9605, -24781, -11301, 12968, 8248, -2220, -2653, -3860, -2307, 4474, 3446, -1387, 780, -1982, -9332, 2142, 19039, 2611, -25753, -11483, 26097, 21867, -19323, -30225, 8024, 33207, 3682, -29453, -12465, 20844, 16631, -11499, -15821, 5398, 10897, -4532, -4251, 8417, -675, -14676, 413, 20563, 6367, -23924, -17091, 23105, 26597, -17360, -30550, 8168, 27696, 798, -19437, -5671, 8757, 4460, 1128, 2022, -7759, -10846, 9759, 18952, -7101, -24720, 1257, 27920, 5704, -29002, -12586, 28933, 19300, -28779, -25876, 28749, 31518, -27536, -34554, 22840, 33319, -12914, -27385, -1476, 18137, 16396, -7962, -26383, -819, 27507, 6453, -19454, -7707, 5304, 4143, 10197, 3179, -22732, -11349, 29890, 16287, -31571, -14443, 29574, 4671, -26689, 10852, 25525, -27719, -27334, 41605, 31520, -50092, -36016, 53053, 38272, -51807, -36442, 48070, 30596, -43144, -22924, 37917, 16631, -33006, -14104, 28713, 15701, -24988, -19847, 21769, 24143, -19186, -26713, 17291, 27281, -15800, -27272, 13641, 29049, -9188, -34345, 1384, 42628, 9441, -50873, -21664, 55358, 32751, -53815, -39189, 45991, 37244, -32926, -24922, 15856, 2995, 4438, 25804, -27636, -58259, 53498, 91316, -81058, -121994, 107387, 147551, -126833, -165220, 131921, 172197, -116189, -166072, 77770, 145512, -21621, -110902, -40880, 65271, 95487, -14817, -130028, -31884, 138985, 66175, -125354, -82345, 98656, 80255, -70745, -65939, 51413, 49252, -44784, -39766, 47563, 42994, -50689, -58352, 44500, 79568, -24089, -97201, -8675, 102416, 46145, -90689, -77761, 63881, 94096, -29609, -90882, -1677, 70861, 20961, -42191, -24228, 15224, 13641, 1313, 4360, -3565, -22392, -6061, 34806, 20412, -39000, -31180, 35697, 32547, -28090, -23147, 19955, 6142
1791219442.341, MrmFullScanInfo, 592, 107, 2051731, 0, 0, 0, 0, 10000, 39297, 32, 4, 2, 1, 480, 0, 0, 0, 0, 0, 0, 598, -85, -1094, 131, 1058, 132, -523, -808, -150, 1667, 800, -2208, -1723, 2210, 2902, -1879, -3703, 1434, 3490, -885, -2994, 477, 3083, -575, -3536, 1015, 3435, -1149, -2151, 599, -274, 512, 3810, -1871, -7170, 3127, 8294, -3543, -6376, 2073, 3211, 1146, -1276, -4589, 456, 6480, 1840, -6532, -7555, 6167, 14540, -6143, -17733, 3548, 15210, 10673, -12245, -46023, 15903, 94391, -17070, -141441, 6747, 205677, -13187, -337507, 89494, 530380, -236322, -691854, 367590, 743189, -396245, -677000, 314973, 522528, -176131, -317006, 41066, 124576, 43943, -4416, -64475, -45694, 44627, 74866, -24389, -115309, 24403, 146930, -34826, -133599, 45115, 78247, -71776, -20371, 135326, -17186, -219152, 49319, 273253, -98861, -259865, 160122, 184701, -201366, -86266, 200971, 1381, -165560, 56469, 122290, -92589, -97723, 115558, 99064, -128178, -113189, 128335, 123560, -116150, -123633, 97161, 113971, -79564, -93858, 69119, 62005, -66860, -23052, 70064, -12812, -72930, 36634, 66917, -45996, -44255, 45568, 2998, -42751, 49950, 42695, -100571, -46816, 134447, 53588, -144160, -59365, 131778, 59331, -105189, -49679, 73883, 30272, -46161, -5327, 26970, -18104, -16724, 33154, 12061, -36343, -8502, 29333, 3358, -17787, 2868, 8114, -7399, -4203, 7885, 5937, -3950, -9803, -3276, 11408, 12234, -7984, -21146, -525, 27947, 11759, -30922, -22112, 29490, 28441, -24611, -29573, 18669, 26607, -14384, -21852, 13031, 17594, -13255, -15285, 12039, 15090, -6892, -15599, -2504, 14511, 14131, -10027, -24534, 1995, 30320, 7945, -29572, -17012, 22617, 22259, -11987, -21747, 1347, 15629, 5894, -6595, -7711, -1131, 4190, 3730, 2422, 579, -8609, -10699, 11294, 23012, -9151, -32825, 3006, 36373, 4682, -32311, -10974, 22158, 13658, -9658, -12103, -794, 7434, 5873, -1891, -4382, -2360, -2410, 4225, 11327, -3764, -18593, 1817, 21621, 483, -20097, -2072, 15788, 2403, -11166, -1812, 7953, 1487, -6489, -2726, 5933, 6062, -4778, -10988, 1677, 16253, 3668, -20171, -10210, 21053, 16075, -17911, -19327, 11085, 18708, -2273, -14174, -6096, 6958, 11723, 990, -13285, -7792, 11079, 12133, -6822, -13522, 2643, 12513, 69, -10467, -1012, 8832, 832, -8395, -449, 8847, 598, -9058, -1761, 8002, 3985, -5464, -6634, 1950, 8597, 1755, -9064, -4758, 7983, 6308, -6029, -5943, 4173, 3695, -3115, -205, 3069, -3352, -3828, 5778, 4962, -6287, -5894, 4739, 6120, -1628, -5296, -2222, 3421, 5978, -929, -8976, -1535, 10760, 3575, -11149, -5199, 10356, 6567, -8826, -7699, 6987, 8387, -5099, -8384, 3288, 7635, -1553, -6326, -188, 4763, 2015, -3115, -3897, 1311, 5883, 836, -8139, -3112, 10663, 4958, -13033, -6097, 14643, 6823, -15205, -7378, 14807, 7443, -13550, -6581, 11557, 4773, -9145, -2568, 6882, 803, -5235, -183, 4142, 1049, -2951, -3297, 902, 6437, 2210, -9541, -5908, 11456, 9367, -11195, -11795, 8357, 12751, -3421, -12125, -2437, 10157, 7880, -7558, -11898, 5313, 13917, -4271, -13817, 4809, 11755, -6755, -8165, 9515, 4031, -12196, -691, 13945, -731, -14066, -45, 12283, 2594, -8842, -5942, 4378, 8784, 268, -9766, -4272, 7987, 6973, -3505, -7935, -2591, 7049, 8403, -4544, -11892, 1126, 11911, 2020, -8826, -3362, 4295, 1714, -353, 2955, -1378, -9327, 205, 15280, 3612, -18816, -9046, 18745, 14711, -15019, -19421, 8676, 22901, -1607, -25985, -3806, 29923, 5523, -35385, -2823, 41862, -3197, -47688, 10058, 50656, -14876
1791219442.341, MrmDetectionListInfo, 592, 166, 58, 9154, 59, 10713, 60, 11518, 61, 11386, 63, 11071, 64, 14072, 65, 21315, 66, 32781, 67, 46567, 68, 60067, 69, 65535, 70, 65535, 71, 65535, 72, 65535, 73, 65535, 74, 65535, 75, 65535, 76, 65535, 77, 65535, 78, 65535, 79, 65535, 80, 65535, 81, 65535, 82, 65535, 83, 65535, 84, 65535, 85, 65535, 86, 65535, 87, 65535, 88, 59871, 89, 35335, 90, 31160, 91, 38840, 92, 50234, 93, 57794, 94, 59577, 95, 61103, 96, 65535, 97, 65535, 98, 65535, 99, 65535, 100, 65535, 101, 65535, 102, 64830, 103, 59819, 104, 63525, 105, 65535, 106, 65535, 107, 65535, 108, 65535, 109, 65535, 110, 65535, 111, 65535, 112, 65535, 113, 65535, 114, 65535, 115, 65535, 116, 65535, 117, 65535, 118, 65535, 119, 65535, 120, 65535, 121, 65535, 122, 65535, 123, 65535, 124, 65535, 125, 65535, 126, 65535, 127, 65535, 128, 65535, 129, 65535, 130, 65535, 131, 65535, 132, 65535, 133, 65535, 134, 65535, 135, 65535, 136, 61498, 137, 52099, 141, 48095, 143, 55544, 144, 51386, 149, 45986, 150, 64613, 151, 65535, 152, 65535, 153, 65535, 154, 65535, 155, 65535, 156, 65535, 157, 65535, 158, 65535, 159, 65535, 160, 65535, 161, 53638, 162, 40729, 192, 27736, 193, 28117, 194, 27455, 195, 26482, 196, 25125, 197, 23161, 198, 20823, 199, 18656, 200, 17021, 217, 21465, 218, 22374, 235, 15256, 236, 18149, 237, 19344, 238, 19501, 239, 19415, 240, 19530, 241, 19792, 242, 19758, 243, 18897, 276, 8262, 277, 9561, 278, 11563, 279, 13976, 280, 16185, 281, 17651, 282, 18161, 283, 17770, 284, 16568, 285, 14577, 286, 11963, 287, 9412, 290, 7975, 350, 8105, 351, 8054, 352, 7953, 353, 7754, 374, 9576, 375, 10198, 376, 10701, 377, 11051, 378, 11223, 379, 11222, 380, 11056, 381, 10703, 382, 10130, 383, 9329, 384, 8334, 385, 7212, 386, 6046, 399, 7162, 400, 8766, 401, 9982, 413, 9368, 414, 9265, 416, 9119, 427, 7299, 467, 15541, 468, 14775, 469, 13862, 470, 13373, 471, 14017, 472, 15846, 473, 18034, 474, 19658, 475, 20526, 476, 21235, 477, 22549, 478, 24775, 479, 27624
1791219442.466, MrmFullScanInfo, 593, 107, 2051856, 0, 0, 0, 0, 10000, 39297, 32, 1, 2, 1, 480, -420306, 491954, 420334, -479609, -451773, 449126, 505313, -370969, -520111, 107717, 520188, 333793, -496241, -497078, 372273, 517870, -115001, -520019, -177406, 519463, 321530, -511375, -476361, 481655, 520133, 513416, -172672, -520154, -407121, 498226, 366504, -502025, -439297, 504994, 285296, -517801, -289711, 517696, 215759, -517589, -292892, 517255, 429312, -507979, -516454, 384605, 520190, 92997, -520006, -492074, 447932, 519255, -162131, -519971, -235907, 519645, 469473, -502790, -516084, 395968, 520030, -164484, -520137, -248892, 510997, 376277, 218088, -268583, -520192, -43870, 519936, 433220, -473763, -515111, -25715, 517511, 513928, -265305, -520192, -384187, 516029, 516998, -352748, -519922, 106524, 520111, 198511, -515486, -481544, 401671, 520179, 189057, -519401, -516687, 317680, 520192, 229746, -518207, -439487, 482267, 489798, -339046, -473304, 23570, 113655, 227361, 299957, -247884, -512920, 51107, 516031, 231266, -368976, -330187, 25521, 267289, 276331, -109996, -450381, -146191, 421694, 343402, -271712, -371463, 122292, 307220, 34262, -161396, -124441, -34054, 79011, 163006, 494, -185167, -59222, 127401, 92776, -24721, -42727, -52770, -61013, 69321, 121374, -30182, -111145, -38155, 53830, 79280, 45747, -58296, -138027, -1441, 166685, 63408, -134416, -111679, 74021, 121189, -11042, -81212, -32841, 31467, 24744, -178, 23528, -7185, -74574, -24219, 92598, 91049, -65076, -147779, 1106, 166040, 78732, -142233, -108885, 70327, 141143, 16183, -130888, -87448, 92709, 118906, -33690, -112185, -16018, 78598, 34086, -32437, -19814, -4170, -12053, 15052, 51320, 3233, -74781, -34440, 65105, 65188, -28656, -81864, -12534, 71673, 50093, -38669, -71438, 3896, 69181, 23724, -45808, -39544, 18042, 40397, 2334, -27497, -11230, 15088, 9367, -9394, 2544, 8642, -10377, -15252, 8823, 27668, -816, -37772, -12053, 37036, 28941, -29956, -39917, 17936, 39151, 241, -27590, -14616, 12834, 20957, 8687, -17551, -16666, 13213, 14485, -7479, -4087, 4925, -6274, -10128, 15385, 20283, -19463, -27315, 13051, 29213, 3776, -19734, -16527, 6285, 27027, 11728, -29835, -26677, 22358, 36686, -9215, -39594, -2983, 35196, 9539, -26078, -5064, 18355, 3172, -16802, 899, 21120, -2948, -28598, -937, 36807, 9107, -41091, -22567, 37039, 37747, -25351, -58147, 12643, 57402, 5046, -48813, -19072, 35391, 24255, -20564, -20765, 10023, 12025, -5586, -186, 6202, -9919, -9900, 16466, 16490, -19917, -23210, 22606, 28485, -23350, -31829, 23340, 36827, -22317, -43265, 21811, 47157, -18090, -48911, 11454, 42105, 1368, -28425, -17354, 11419, 31078, 5392, -37116, -15774, 33553, 19239, -22715, -14267, 9285, 2464, 4071, 11519, -12866, -23694, 16222, 29467, -16888, -25965, 17812, 12815, -19660, 5363, 25891, -24270, -35986, 35403, 43854, -42663, -51890, 43905, 56597, -42198, -56046, 38343, 50891, -32260, -42987, 27327, 35529, -22366, -29639, 22357, 26786, -17338, -25332, 14848, 26574, -12541, -26784, 11608, 27071, -10754, -28961, 7652, 32250, -2554, -36206, -12820, 42306, 25899, -42859, -38173, 38803, 46789, -31134, -49142, 22629, 41001, -15591, -24679, 9095, -1645, -3931, 26878, -8086, -63072, 21787, 100163, -38756, -135532, 56348, 166800, -69505, -184615, 71695, 186537, -55112, -165336, 20024, 130929, 23219, -73934, -65808, 11594, 94051, 47041, -101605, -89754, 90644, 110194, -69793, -108014, 50576, 91812, -39083, -70238, 36805, 54693, -44827, -52443, 52376, 62161, -48555, -78765, 27636, 92253, 4888, -94296, -42473, 80612, 74180, -53555, -98927, 17205, 94434, 13631, -74189, -31057, 42579, 33605, -9390, -20837, -14223, 2714, 25067, 15778, -23088, -17098, 11769, 22696, 1442, -19829, -10267, 11679, 11978, -3085, -7751, -2643, -400, 3166, 9170, -1574, -15421
1791219442.466, MrmFullScanInfo, 593, 107, 2051856, 0, 0, 0, 0, 10000, 39297, 32, 2, 2, 1, 480, 0, 0, 0, 0, 0, 0, 168279, -229021, -312087, 480226, 361537, -536440, -380199, 349001, 435693, -31735, -508629, -255078, 507966, 431276, -372275, -521726, 135143, 579300, 109709, -566742, -280588, 391359, 329551, -47304, -248113, -337026, 78125, 610628, 90533, -724917, -183212, 714362, 190758, -645734, -150480, 577779, 119205, -544494, -136608, 547544, 204403, -536142, -297473, 424487, 399492, -182885, -490199, -111458, 505851, 352615, -376752, -508144, 119761, 601452, 155819, -631767, -348949, 555678, 448032, -352361, -465079, 77977, 363950, 160195, -119481, -262378, -199930, 190033, 446584, 14488, -487892, -251315, 292251, 395355, 44773, -351926, -369632, 129889, 564275, 152988, -570663, -381018, 390422, 522524, -98820, -560989, -196137, 450470, 416110, -187601, -507562, -137855, 428171, 414493, -194969, -587138, -85395, 629663, 279572, -517358, -309037, 263482, 173877, 42430, 55657, -258623, -277738, 285055, 405815, -138592, -389126, -69173, 223920, 215723, 32818, -232156, -279957, 122329, 426696, 49800, -434366, -198070, 322475, 258983, -150799, -215564, -8449, 96066, 101545, 41612, -114005, -136877, 69583, 155899, -12632, -104719, -16225, 20468, 3197, 49516, 33395, -71414, -60560, 42205, 52831, 11289, -5224, -52536, -64084, 57756, 123468, -25691, -147024, -25133, 128201, 67863, -80333, -82954, 29100, 68090, -324, -36582, 5707, 9717, -35993, -7316, 68126, 36836, -79042, -87251, 58611, 133444, -12475, -149283, -44543, 122240, 96153, -60788, -127500, -11377, 127835, 69390, -97666, -97798, 51182, 93598, -9503, -64528, -10621, 25897, 4176, 5011, 21223, -15968, -49420, 4254, 63924, 22991, -56249, -51796, 28666, 67888, 8793, -64074, -42876, 42921, 62028, -13365, -61537, -14176, 45431, 31579, -23213, -35868, 4680, 29855, 4123, -19738, -2970, 11964, -3375, -11016, 8764, 17522, -8886, -27781, 2316, 36186, 9264, -38203, -21346, 31843, 28823, -18154, -28491, 1293, 20403, 13306, -8033, -21614, -2942, 22443, 7687, -17663, -4904, 11483, -3371, -8245, 13259, 9755, -19989, -14349, 19444, 18458, -10421, -18682, -4388, 13272, 19723, -2725, -30138, -10650, 32278, 23587, -26429, -32750, 16424, 35760, -7142, -32532, 1723, 25940, -668, -20453, 2643, 19516, -5401, -23816, 6211, 31298, -2625, -38269, -6998, 41450, 21964, -39241, -37938, 31353, 48876, -18582, -50989, 3727, 44736, 8645, -33347, -14503, 20889, 12451, -10732, -4141, 4833, -6898, -3726, 17291, 6728, -25200, -12130, 30302, 18037, -33005, -23487, 34060, 28560, -34227, -33398, 33613, 37266, -31042, -38578, 24363, 35920, -11997, -29113, -5104, 19567, 22795, -9490, -35391, 996, 38632, 4286, -31723, -5305, 17360, 1877, -240, 4870, -14868, -12391, 24834, 17184, -28859, -15924, 28173, 7009, -25277, 8324, 22924, -26389, -23058, 42794, 26159, -54355, -31177, 59973, 36005, -60038, -38406, 55680, 37289, -48378, -33238, 40103, 27942, -32757, -23129, 27301, 20001, -23639, -18995, 21319, 19674, -20020, -21131, 19246, 22851, -18223, -25132, 15682, 28885, -10246, -34749, 1532, 41940, 9355, -47974, -20435, 50141, 29478, -47250, -33887, 39793, 31014, -28960, -19499, 15435, -19, 1046, 25551, -21233, -54597, 45407, 84497, -72301, -112136, 98521, 134167, -118274, -147258, 124185, 149135, -110057, -139014, 74477, 117079, -22650, -84329, -34691, 43490, 84639, 163, -116516, -39600, 125857, 67951, -115684, -80938, 94499, 78734, -72454, -66243, 57541, 51345, -52690, -41861, 54611, 42650, -55623, -53841, 48033, 70690, -28197, -85336, -2273, 90087, 37113, -80781, -67107, 58592, 83332, -29460, -80959, 1756, 61548, 17081, -32052, -23204, 1965, 17943, 20078, -6398, -29076, -5980, 25329, 15494, -13909, -20001, 1612, 18555, 6415, -12326, -8065, 4281, 3981
1791219442.466, MrmFullScanInfo, 593, 107, 2051856, 0, 0, 0, 0, 10000, 39297, 32, 4, 2, 1, 480, 0, 0, 0, 0, 0, 0, -219, -272, 469, 412, -499, -283, 183, 448, 134, -1150, -196, 1666, 360, -1456, -977, 1023, 1728, -795, -1954, 679, 1635, -509, -1100, 292, 1214, -199, -2320, 424, 3461, -815, -3361, 858, 1646, -377, 791, -307, -2760, 806, 3191, -421, -2163, -1031, 1014, 2521, -443, -2789, 113, 1821, 212, -619, -500, -206, 877, 2402, -1843, -14301, 5706, 43473, -15036, -83068, 54932, 110767, -153358, -113958, 281094, 124431, -376346, -184425, 426604, 276559, -447347, -338332, 413010, 329829, -296716, -257420, 137091, 152234, -238, -59385, -86587, 11782, 123976, 4193, -119466, -15628, 85513, 23982, -51049, -12579, 60868, -23537, -134301, 70073, 230259, -109777, -277421, 126906, 241625, -110743, -144446, 58129, 32241, 23113, 49387, -104903, -80898, 153719, 77538, -161156, -63113, 144530, 44236, -122436, -17835, 99065, -10503, -68971, 30570, 27579, -38118, 24909, 35479, -83193, -25316, 136688, 9843, -171869, 6873, 178556, -20459, -155640, 28645, 111552, -30796, -59749, 26440, 13477, -14086, 18498, -7820, -34296, 38015, 38286, -71172, -37526, 99468, 37194, -115133, -37891, 113044, 36789, -93356, -31098, 61770, 20594, -27136, -7582, -1684, -4590, 18805, 13014, -22901, -15772, 16871, 12081, -5918, -2979, -4871, -8365, 12613, 17420, -16786, -20220, 18062, 15546, -17446, -5622, 16214, -5449, -15346, 14138, 14669, -18530, -12958, 18169, 8945, -13593, -2407, 6131, -5610, 2324, 13360, -9841, -19170, 15211, 22007, -18306, -21729, 19744, 19142, -20093, -15742, 19356, 13113, -16899, -12271, 11994, 13211, -4538, -14698, -4682, 14826, 14190, -12139, -22037, 6629, 26145, 257, -24947, -6257, 17956, 9195, -6132, -8057, -7983, 3488, 20896, 2616, -29423, -8030, 32056, 11154, -29361, -11223, 23486, 8643, -16956, -5039, 11576, 2583, -7870, -2776, 5152, 5689, -2245, -10289, -1591, 14870, 6108, -17508, -9909, 16829, 11348, -12739, -9761, 6662, 5932, -820, -1399, -3001, -2446, 4307, 4605, -3937, -4677, 3357, 3126, -3821, -1164, 5801, 286, -8781, -1651, 11459, 5530, -12272, -11101, 10136, 16767, -5029, -20637, -2136, 21322, 9823, -18560, -16086, 13187, 19306, -6598, -19142, 420, 16774, 3834, -13955, -5388, 12087, 4551, -11725, -2349, 12645, -88, -14143, 1987, 15482, -3028, -16137, 3351, 15833, -3284, -14511, 3033, 12366, -2635, -9825, 2186, 7352, -1775, -5297, 1249, 3962, -261, -3476, -1494, 3665, 4099, -4113, -7347, 4433, 10690, -4396, -13316, 3857, 14529, -2746, -14055, 1241, 12196, 168, -9605, -946, 7028, 956, -5162, -651, 4432, 852, -4796, -2134, 5647, 4385, -5954, -6922, 4711, 8934, -1465, -9598, -3390, 8326, 8764, -5204, -13172, 1368, 15159, 1726, -13916, -3339, 10014, 3644, -5277, -3111, 1637, 2034, -65, -740, 381, -329, -1622, 788, 2621, -547, -2517, -23, 1047, 337, 1531, -45, -4564, -704, 7117, 1374, -8286, -1383, 7602, 553, -5261, 764, 2070, -1984, 1009, 2865, -3410, -3594, 5179, 4787, -6376, -7356, 6749, 11963, -5973, -18007, 3787, 23635, 78, -26863, -5535, 26470, 11576, -22259, -16519, 15036, 18694, -6552, -17087, -937, 11923, 5389, -4573, -5863, -2905, 3117, 8437, 793, -10624, -3579, 9402, 3717, -6248, -1032, 3451, -3407, -2794, 7821, 4675, -10316, -8193, 9650, 11975, -5812, -14902, 217, 16582, 4907, -17307, -7507, 17760, 6820, -18798, -3243, 21032, -1885, -24228, 6221, 27369, -7331, -29246, 4540, 28660, 246, -24528, -4283, 16599, 5796, -6174
1791219442.466, MrmDetectionListInfo, 593, 144, 64, 11101, 65, 19227, 66, 30370, 67, 44788, 68, 63018, 69, 65535, 70, 65535, 71, 65535, 72, 65535, 73, 65535, 74, 65535, 75, 65535, 76, 65535, 77, 65535, 78, 65535, 79, 65535, 80, 65535, 81, 65535, 82, 65535, 83, 65535, 84, 65535, 85, 65535, 86, 65535, 87, 47337, 88, 34307, 89, 48061, 90, 65535, 91, 65535, 92, 65535, 93, 58683, 94, 55259, 95, 52364, 96, 45215, 97, 35880, 98, 32164, 99, 41206, 100, 64732, 101, 65535, 102, 65535, 103, 65535, 104, 65535, 105, 65535, 106, 65535, 107, 65535, 108, 65535, 109, 65535, 110, 62774, 113, 50080, 114, 65535, 115, 65535, 116, 65535, 117, 65535, 118, 65535, 119, 65535, 120, 65535, 121, 65535, 122, 65535, 123, 60678, 131, 44151, 132, 59374, 133, 65535, 134, 65535, 135, 65535, 136, 65535, 137, 65535, 138, 65535, 139, 65535, 140, 65535, 141, 65535, 142, 65535, 143, 53753, 152, 49835, 153, 57638, 154, 64112, 155, 65535, 156, 65535, 157, 65535, 158, 65535, 159, 65535, 160, 65535, 161, 61249, 162, 51592, 163, 40486, 204, 18940, 206, 20269, 207, 20390, 208, 20127, 236, 12522, 237, 15457, 239, 19971, 240, 21238, 241, 21318, 242, 20202, 243, 18298, 259, 13293, 260, 14021, 261, 13802, 285, 10591, 286, 11614, 287, 12209, 288, 12328, 289, 12105, 290, 11887, 291, 12177, 292, 13325, 293, 15007, 294, 16266, 295, 16382, 296, 15453, 297, 14032, 314, 9775, 315, 9782, 316, 9615, 317, 9436, 318, 9178, 319, 8726, 320, 8085, 340, 8863, 341, 9004, 342, 8869, 343, 8467, 344, 7824, 375, 7620, 416, 8457, 418, 10775, 419, 11792, 421, 13014, 422, 13503, 423, 14585, 424, 16308, 425, 17915, 426, 18601, 427, 18250, 428, 17257, 429, 15895, 430, 14117, 431, 11889, 469, 12645, 470, 14236, 471, 16218, 472, 17748, 473, 18213, 474, 17648, 475, 16453
1791219442.591, MrmFullScanInfo, 594, 107, 2051981, 0, 0, 0, 0, 10000, 39297, 32, 1, 2, 1, 480, -423229, 492357, 419057, -481500, -453779, 448011, 506330, -371099, -519902, 117633, 520192, 340184, -495785, -497241, 370271, 517000, -110540, -520192, -175314, 519584, 321963, -511262, -478140, 481843, 520192, 513720, -164090, -520117, -413754, 496979, 366734, -499746, -437215, 503783, 283387, -518008, -288717, 518679, 219441, -517860, -289299, 516709, 426808, -508733, -515594, 387222, 520192, 79291, -519966, -492167, 449186, 519754, -168664, -520192, -229157, 519834, 467793, -503893, -516727, 384487, 519842, -130876, -520185, -217106, 518088, 285917, -466803, -36244, 91535, -291124, 261563, 514778, 50683, -516028, -513919, 429252, 520192, 43392, -519724, -448754, 501791, 518084, -336317, -520079, 60075, 520071, 264323, -512073, -495116, 401295, 519624, -36882, -520179, -360355, 507688, 509224, -248238, -519007, -89922, 506463, 270798, -251018, -285777, -73514, 20089, 211525, 298013, -149063, -485642, -101096, 478433, 397243, -282332, -482340, -38013, 442113, 292660, -296321, -423689, 36438, 382820, 193395, -224247, -278841, 60485, 274769, 81049, -213975, -140174, 101750, 94034, -17266, -18118, -6649, -49037, -12366, 105112, 54114, -89108, -82038, 9984, 69577, 50560, -10511, -64710, -66476, 44956, 110011, 6898, -94061, -53036, 44719, 55798, 5269, -20332, -43949, -14601, 53134, 34132, -27972, -29264, 7351, -5695, -561, 57040, 9670, -93254, -40558, 93221, 91418, -53939, -128518, -11670, 129767, 87800, -99004, -121512, 38694, 143515, 29081, -130833, -75272, 95898, 88038, -46553, -69763, 7583, 38884, 6884, -4087, -82, -19439, -17196, 22255, 32416, -2575, -37126, -25301, 19181, 51165, 14991, -67413, -46218, 63305, 69794, -41512, -83194, 18871, 80424, -3976, -62312, -9604, 46809, 14927, -35712, -14765, 27988, 16911, -22862, -21021, 21854, 23694, -16240, -24527, 2629, 27774, 9309, -24037, -19067, 12569, 31635, -848, -38607, -9481, 36872, 19193, -28550, -24609, 18074, 21026, -3573, -12133, -5830, 6365, 7486, 529, -4167, -2935, 1808, -1438, 946, 11092, -2291, -19654, -1766, 25741, 12210, -26337, -19695, 20651, 26791, -8222, -28330, -5531, 23539, 18499, -11651, -29564, 2928, 36825, 4629, -36438, -402, 33762, 2859, -32875, -2976, 31517, 4157, -29512, -7172, 27294, 11469, -21653, -18026, 13046, 26372, -1957, -35965, -10659, 34803, 22671, -25990, -31548, 17508, 33106, -6480, -29718, -2134, 22388, 7542, -12597, -8809, 3299, 6098, 2168, -2945, -6494, -1084, 12828, 3549, -16545, -4976, 20382, 10332, -23777, -16900, 26817, 23089, -26745, -26776, 22166, 22153, -11303, -12155, -3163, -1510, 15804, 14561, -21394, -21120, 18280, 22831, -8593, -16834, -4506, 2718, 15083, 12522, -23549, -25797, 26723, 34721, -28158, -33379, 28797, 21032, -30892, -3958, 36920, -13161, -46514, 24935, 53753, -30923, -59978, 31498, 60970, -27801, -56250, 23959, 46375, -20908, -35865, 19654, 29442, -20177, -26812, 24595, 29112, -24398, -34021, 23873, 38105, -22627, -39899, 19885, 38912, -15281, -36592, 9034, 34956, 49, -32247, -17736, 33471, 31965, -30667, -44948, 25562, 53302, -19311, -55832, 12551, 47722, -8213, -29041, 4803, -1218, -3871, 28361, -5995, -68031, 15591, 109029, -28991, -148043, 45629, 184802, -60168, -207866, 63950, 215280, -48320, -197588, 18017, 161160, 25837, -101826, -68089, 31555, 96827, 35954, -105164, -88724, 92934, 116533, -71494, -119681, 46755, 102944, -34730, -76364, 29988, 54253, -41383, -46169, 52296, 52696, -52767, -66941, 35349, 79519, -17, -81717, -42650, 70830, 81302, -47248, -113787, 8318, 113950, 25368, -96578, -46293, 65472, 47895, -31323, -31776, 4657, 4825, 6803, 23310, -4007, -37305, -10294, 45073, 27282, -39703, -39470, 25845, 42992, -10450, -35413, -69, 22156, 4603, -6646, -5254, -5166
1791219442.591, MrmFullScanInfo, 594, 107, 2051981, 0, 0, 0, 0, 10000, 39297, 32, 2, 2, 1, 480, 0, 0, 0, 0, 0, 0, 168601, -229255, -312710, 481203, 362078, -538374, -380062, 351015, 434812, -32514, -507342, -255792, 506554, 432560, -371035, -522770, 134340, 579764, 110202, -566754, -280582, 391113, 327933, -46628, -244330, -338205, 73563, 611636, 93615, -724844, -183846, 713147, 189911, -644302, -149532, 577054, 118461, -544546, -135531, 547913, 202803, -537389, -295652, 427724, 397534, -187694, -488654, -107101, 506272, 350014, -380100, -506751, 124776, 599826, 151794, -626975, -348297, 547346, 451593, -350755, -509534, 120599, 529589, 8047, -440607, 30627, 211126, -178378, 32538, 336513, -107894, -432995, -29143, 407990, 271206, -235373, -490509, -25265, 599645, 265535, -544158, -430031, 327724, 530788, -30604, -569757, -239375, 499946, 425591, -289807, -529029, -4578, 543624, 276062, -441556, -446900, 235616, 482598, -12873, -375498, -115978, 162356, 89368, 60916, 69435, -179098, -268739, 131075, 400457, 49373, -391278, -261487, 235924, 400876, 283, -405760, -218732, 275757, 341303, -69485, -340842, -128102, 242046, 250458, -103016, -273418, -13710, 213703, 68954, -115250, -58379, 27491, 5640, 18094, 51532, -18047, -78307, -8332, 61304, 31418, -14771, -27532, -32533, -5864, 56057, 48903, -47254, -75235, 16761, 70033, 13671, -36655, -27155, -7140, 21690, 39775, -7783, -48470, 325, 35438, -10181, -13900, 37031, 416, -68276, -7934, 86365, 38635, -78105, -80928, 41583, 114682, 13371, -121757, -70754, 95878, 115330, -46448, -136088, -6761, 127921, 44981, -95192, -58799, 51780, 49352, -14798, -25213, -4269, -1152, 4023, 17443, 8207, -16261, -20684, -2219, 23131, 30818, -11701, -58099, -10395, 73284, 36179, -71903, -57786, 57156, 68878, -36078, -67674, 15455, 57782, 120, -45080, -9241, 34239, 13503, -27289, -15420, 23150, 17018, -18703, -19494, 11558, 22403, -1426, -23524, -10782, 20881, 23434, -14495, -33672, 5759, 38404, 3482, -36067, -10947, 27278, 14734, -14734, -14411, 2656, 10957, 5177, -6196, -7474, 2684, 5325, -2855, -914, 7389, -2995, -14733, 3727, 22108, -1, -26539, -7313, 25710, 15769, -18857, -22292, 6998, 24490, 7634, -22035, -22019, 17132, 32803, -12637, -37763, 9793, 37356, -8067, -34229, 6451, 31000, -4360, -28651, 1248, 26586, 3628, -23521, -11028, 18526, 20617, -11412, -29920, 2368, 35469, 7964, -35174, -17911, 29436, 25047, -20218, -27450, 9973, 24690, -1058, -17926, -4851, 9342, 7144, -881, -6411, -6540, 4185, 12795, -1824, -17959, -481, 22347, 3455, -26408, -7471, 29898, 11635, -31234, -14113, 27953, 13329, -18415, -9032, 3705, 2498, 11965, 4353, -23041, -9826, 25457, 12598, -18548, -11566, 4888, 6277, 11265, 2359, -25755, -11866, 35866, 18638, -40698, -19092, 41000, 11503, -38801, 2799, 36680, -19989, -36555, 35568, 38790, -46096, -42123, 50182, 44324, -48435, -43305, 42817, 38530, -35849, -31485, 30102, 24788, -27378, -20676, 27866, 20094, -30239, -22502, 32660, 26220, -33608, -29370, 32058, 31018, -27567, -31437, 19877, 31851, -8887, -33551, -4665, 36645, 18933, -39591, -31699, 40305, 40955, -37700, -44467, 31887, 39707, -23461, -25289, 12508, 2057, 1608, 27582, -19647, -60894, 41868, 95301, -67417, -127744, 93666, 154696, -115157, -172444, 124206, 177979, -113766, -169578, 81192, 146709, -30519, -110256, -27988, 63296, 80890, -11818, -116424, -35995, 128730, 71867, -119712, -90030, 97517, 89482, -72919, -74822, 55268, 54865, -48871, -39146, 51214, 34155, -54082, -41108, 48093, 56010, -27800, -71584, -5852, 79795, 45856, -74741, -81694, 55357, 103312, -26595, -105048, -2181, 87724, 21415, -57784, -25380, 24947, 14538, 1031, 5321, -13552, -26318, 11400, 41699, 1229, -47490, -17009, 43096, 28792, -31307, -32135, 16784, 26510
1791219442.591, MrmFullScanInfo, 594, 107, 2051981, 0, 0, 0, 0, 10000, 39297, 32, 4, 2, 1, 480, 0, 0, 0, 0, 0, 0, 199, -333, -371, 1126, 282, -2042, 237, 2227, -816, -1325, 1170, 68, -1179, 588, 671, -532, 149, 51, -554, 337, 865, -491, -2189, 808, 4349, -1268, -5538, 1189, 4469, -250, -1882, -911, -454, 1379, 1685, -998, -2272, 423, 2614, 138, -2530, -1743, 2205, 4458, -2095, -6200, 1441, 5377, 947, -3158, -4320, 1642, 6253, -864, -5483, -1481, 3507, 11553, -3257, -36844, -21763, 94936, 104794, -209914, -209651, 363572, 257238, -475142, -230652, 475223, 179296, -362008, -131981, 184842, 88380, -16948, -55244, -76155, 32415, 82110, -9637, -44718, -11054, 13281, 19546, -19834, -8716, 65877, -11971, -115634, 5022, 131429, 58656, -114755, -149611, 97225, 201429, -94725, -182607, 93598, 119571, -70396, -57360, 16199, 24042, 51596, -19501, -106156, 26257, 134492, -30800, -142330, 34851, 142051, -46124, -139524, 64399, 131928, -80782, -114815, 85320, 86505, -72123, -47864, 42284, 1674, -5015, 46096, -26558, -85231, 44072, 104243, -48826, -96702, 48272, 66505, -48998, -26531, 52265, -8404, -54265, 28408, 49397, -31028, -33661, 20438, 6929, -5024, 26356, -6087, -57945, 6766, 78150, 3474, -79504, -19247, 60843, 32405, -29288, -36565, -2347, 30342, 22203, -17733, -25493, 5627, 15592, -131, -480, 3367, -12609, -12195, 19622, 20026, -19110, -20831, 11786, 12602, -1081, 2415, -7602, -19406, 10191, 32878, -6424, -38656, -159, 35601, 4225, -26084, -1539, 14483, -8419, -5025, 21833, 245, -32709, -154, 36296, 2371, -31292, -3456, 20265, 552, -8190, 7264, 93, -18289, 972, 28762, 5055, -34639, -15154, 33627, 24557, -26156, -29037, 15245, 26585, -4947, -17955, -1403, 6195, 2249, 4864, 1872, -12442, -8490, 15770, 14038, -15682, -15516, 13723, 11845, -11410, -4148, 9589, -4802, -8149, 11867, 6420, -14906, -3791, 13647, 148, -9373, 4046, 3897, -7754, 1332, 9666, -5726, -8805, 9413, 5230, -12672, -175, 15417, -4386, -17105, 6722, 17016, -5995, -14438, 2468, 9118, 2773, -1764, -8113, -5970, 11739, 12195, -12312, -15436, 9599, 14866, -4666, -10386, -629, 2827, 4459, 6080, -5438, -14432, 3245, 20827, 1017, -24382, -5327, 24675, 8005, -22206, -8567, 18583, 7565, -15674, -6086, 14606, 4972, -15276, -4624, 16735, 5267, -17812, -7101, 17716, 10135, -16236, -13885, 13627, 17576, -10276, -20487, 6515, 22252, -2653, -22884, -949, 22522, 3960, -21204, -6227, 18936, 7812, -15895, -8778, 12512, 9085, -9345, -8736, 6785, 7894, -4842, -6921, 3301, 6337, -1902, -6594, 396, 7831, 1338, -9653, -3112, 11322, 4624, -12221, -5625, 12205, 6007, -11495, -5908, 10390, 5869, -9073, -6517, 7603, 7973, -5980, -9630, 4326, 10402, -2951, -9253, 2208, 5745, -2303, -377, 3236, -5561, -4766, 10517, 6409, -13157, -7564, 12809, 7734, -9633, -6495, 4532, 3673, 1204, 450, -6270, -5077, 9673, 9130, -11063, -11683, 10765, 12254, -9413, -10894, 7428, 8059, -4899, -4465, 1902, 822, 1424, 2485, -5010, -5274, 8932, 7202, -13042, -7580, 16819, 6014, -19617, -2685, 20947, -1685, -20596, 6023, 18601, -9186, -15256, 10348, 10931, -9394, -5986, 6744, 885, -3362, 3823, 422, -7395, 1216, 8957, -1397, -7837, 694, 4138, 50, 1294, -79, -7332, -652, 12843, 1333, -16574, -801, 17247, -1537, -14533, 5381, 9794, -9985, -5364, 14601, 2839, -18427, -2108, 20496, 1820, -19950, -317, 16670, -3511, -11586, 9559, 6496, -16285, -3448, 21515, 3922, -23627, -7885, 22240, 13678, -17971, -18895, 11934, 21671
1791219442.607, MrmDetectionListInfo, 594, 182, 66, 9079, 67, 16403, 68, 29532, 69, 52426, 70, 65535, 71, 65535, 72, 65535, 73, 65535, 74, 65535, 75, 65535, 76, 65535, 77, 65535, 78, 65535, 79, 65535, 80, 65535, 81, 65535, 82, 65535, 83, 65535, 84, 41915, 85, 33746, 86, 48447, 87, 62861, 88, 58111, 89, 37742, 90, 18998, 91, 12372, 92, 14703, 93, 18390, 94, 21247, 95, 27015, 96, 38847, 97, 54013, 98, 65535, 99, 65535, 100, 65535, 101, 65535, 102, 65535, 103, 65535, 104, 65535, 105, 65535, 106, 65535, 107, 65535, 108, 65535, 109, 65535, 110, 65535, 115, 53542, 116, 65535, 117, 65535, 118, 65535, 119, 65535, 120, 65535, 121, 65535, 122, 65535, 123, 65535, 124, 65535, 125, 65535, 126, 65535, 127, 65535, 128, 65535, 129, 65535, 130, 65535, 131, 65100, 132, 47375, 137, 50028, 138, 65535, 139, 65535, 140, 65535, 141, 65535, 142, 65535, 143, 64671, 144, 55423, 147, 31638, 148, 31512, 150, 39574, 152, 36626, 160, 40905, 161, 42545, 162, 42954, 163, 43888, 192, 22662, 193, 21600, 194, 19908, 195, 18779, 204, 14978, 220, 22947, 221, 25540, 222, 27262, 223, 27616, 224, 26480, 225, 24101, 226, 20817, 236, 12222, 237, 14531, 240, 14749, 241, 13485, 267, 10363, 268, 11898, 269, 12370, 270, 11739, 271, 10436, 272, 8774, 281, 13504, 284, 10491, 285, 8240, 292, 10216, 296, 13731, 297, 15171, 299, 16024, 300, 15200, 301, 14084, 302, 12991, 303, 11975, 304, 11044, 308, 10055, 309, 10444, 310, 10937, 312, 12109, 313, 12716, 314, 13286, 315, 13795, 316, 14226, 317, 14553, 318, 14749, 319, 14787, 320, 14650, 321, 14332, 322, 13839, 323, 13209, 324, 12556, 325, 12066, 326, 11948, 327, 12296, 328, 12906, 329, 13345, 330, 13326, 331, 12934, 332, 12417, 333, 11890, 334, 11292, 335, 10556, 351, 7145, 352, 7880, 353, 8416, 356, 9061, 357, 8926, 362, 7522, 363, 7399, 364, 7362, 378, 7148, 379, 8868, 380, 9722, 381, 10115, 382, 10313, 383, 10162, 384, 9409, 385, 8036, 386, 6253, 393, 9419, 394, 10593, 395, 11002, 396, 11238, 397, 11390, 398, 11175, 399, 10437, 400, 9316, 413, 10550, 414, 11506, 415, 12113, 416, 12247, 417, 11985, 418, 11575, 419, 11322, 421, 12074, 422, 12865, 423, 13341, 424, 13170, 425, 12414, 426, 11315, 427, 9993, 428, 8405, 472, 11597, 475, 14930
1791219442.716, MrmFullScanInfo, 595, 107, 2052106, 0, 0, 0, 0, 10000, 39297, 32, 1, 2, 1, 480, -422751, 492391, 419520, -480403, -453592, 448750, 505362, -369602, -519888, 114621, 520154, 336447, -498342, -497086, 374678, 517675, -116440, -520179, -176716, 519439, 324541, -512449, -476860, 481801, 520187, 514129, -162206, -520113, -411920, 498916, 357574, -502225, -440165, 504589, 283783, -517756, -284660, 517938, 218616, -516933, -285918, 516487, 425272, -508798, -515928, 386477, 520192, 83048, -520021, -492570, 449299, 519356, -166805, -519976, -222720, 520005, 457604, -506938, -513823, 415574, 519954, -194040, -520186, -130574, 519236, 185039, -126948, 80858, -472046, -378696, 492061, 512242, -206274, -514627, -377962, 514434, 518654, -323209, -520192, -305502, 518944, 518003, -352213, -520158, 2682, 519944, 325841, -505872, -500494, 381829, 519726, -45639, -520183, -359009, 506533, 512237, -175538, -519623, -241020, 480319, 441467, -191994, -420076, -117846, 86877, 217644, 270544, -113941, -460910, -142264, 449730, 422287, -243748, -496222, -84699, 439499, 337433, -263284, -451154, -14794, 397828, 259495, -213788, -325755, 31349, 273994, 101811, -164348, -149964, 30600, 72622, 59129, 27168, -49489, -78438, -14216, 89017, 80859, -30949, -118115, -72851, 101224, 135589, -27661, -130281, -64273, 73190, 110035, 16062, -87583, -95429, 19352, 115806, 52589, -72696, -101907, 15465, 104427, 32118, -57768, -59079, 2260, 32207, 28833, 21442, -27381, -58351, -5151, 54650, 67524, -10090, -116188, -61271, 124093, 139981, -93995, -159330, 29832, 176767, 48679, -153752, -104299, 102739, 115935, -41109, -92159, -5276, 53069, 20816, -11637, -7432, -10350, -17822, 1282, 38194, 29380, -42833, -65469, 21358, 95055, 18090, -106761, -53039, 93413, 78068, -62629, -90057, 31873, 79244, -8646, -52696, -5321, 27791, 10010, -9122, -9066, -1819, 13491, 5641, -23915, -1171, 33754, 669, -40339, -4089, 47856, 10911, -46467, -17288, 37033, 26143, -26631, -32766, 16756, 32485, -5910, -29929, -1995, 27120, 5221, -20841, -5059, 20020, 9354, -22557, -12173, 24064, 17870, -19544, -24513, 11296, 29546, -3066, -26756, -8731, 19612, 21250, -7854, -27078, -4176, 27730, 17095, -23236, -23534, 13075, 24589, 850, -21537, -10849, 13870, 15625, -4877, -15884, -1187, 15414, 3637, -12038, -1958, 9279, -1451, -7269, 6857, 7393, -9808, -11121, 8826, 17326, -5304, -26369, 1141, 26418, 5497, -21659, -10464, 14823, 10533, -5938, -7168, -814, 1611, 4120, 5927, -3985, -11791, 1363, 15107, 3774, -16049, -10992, 17490, 15719, -17040, -20145, 15950, 25807, -15948, -32560, 17107, 36963, -15007, -38393, 9065, 32712, 1917, -20630, -16075, 5567, 29366, 8503, -36139, -15677, 33649, 18213, -23940, -12971, 10423, 1540, 2204, 11789, -12358, -23560, 17562, 29985, -20715, -28855, 22870, 17621, -26303, -1705, 32560, -13821, -41420, 23176, 47697, -30461, -52088, 32645, 52699, -33930, -45428, 33888, 35574, -34389, -22718, 34399, 11798, -33984, -4186, 28628, 3991, -24671, -5278, 22276, 8700, -20376, -12368, 18718, 14542, -17190, -17744, 13433, 22309, -6509, -26579, -8504, 32056, 23522, -31494, -37896, 28762, 47797, -22966, -48748, 16799, 38649, -12134, -17320, 10180, -13367, -9950, 39459, 1593, -74823, 9968, 109139, -28803, -143019, 53511, 173766, -71535, -196735, 78261, 205782, -61742, -190369, 26699, 159633, 25019, -100438, -75365, 29472, 111975, 40942, -122987, -96601, 109876, 124739, -84400, -124921, 56859, 101358, -43136, -71865, 37886, 44992, -51311, -35202, 64004, 44429, -65475, -66887, 46875, 90108, -10190, -103357, -36378, 97724, 76708, -72420, -109525, 34612, 106925, 1026, -85486, -19525, 48642, 20544, -11820, -1740, -12282, -24070, 16705, 47344, -5648, -50703, -10756, 52744, 31089, -39549, -42432, 19014, 40150, 997, -26947, -13212, 7718, 14419, 9790, -9027, -19757
1791219442.716, MrmFullScanInfo, 595, 107, 2052106, 0, 0, 0, 0, 10000, 39297, 32, 2, 2, 1, 480, 0, 0, 0, 0, 0, 0, 168554, -229111, -312575, 480651, 361931, -537453, -380233, 350358, 435701, -32817, -509316, -254506, 509507, 430861, -373860, -521416, 135780, 579431, 110201, -567424, -280917, 391994, 327871, -46873, -244659, -338767, 75395, 612486, 90596, -725459, -181066, 713390, 188120, -644115, -148217, 576335, 117051, -543403, -134014, 546672, 201551, -536188, -295095, 426448, 397769, -186398, -489262, -108053, 506967, 350323, -381673, -506429, 128407, 600752, 145933, -635572, -340148, 573637, 439112, -402312, -469464, 192280, 399880, -54569, -172014, 40194, -161755, -116021, 401327, 236701, -377642, -377547, 122413, 470395, 195389, -408517, -438632, 167925, 553395, 143571, -509522, -399552, 306732, 555301, -18137, -603837, -247570, 518762, 431848, -291915, -530002, -11494, 524004, 288227, -379769, -464297, 122179, 503458, 134834, -395482, -260120, 179680, 194918, 43150, 14628, -157017, -251574, 104371, 395862, 77265, -378291, -284956, 206736, 412521, 41282, -397698, -261439, 244806, 375360, -23053, -358673, -171500, 240558, 269122, -85555, -254406, -36968, 160274, 85692, -46000, -63017, -31460, 4750, 44455, 43805, -3352, -50671, -56148, 12765, 93394, 44820, -83172, -87117, 30165, 89661, 34247, -49360, -73570, -14168, 68432, 69187, -24554, -91000, -32767, 74723, 73203, -34507, -78611, -5445, 52029, 23421, -12798, -13111, -14676, -12628, 12053, 31826, 23444, -26753, -76266, -6334, 120051, 57189, -131171, -109399, 101090, 148104, -41327, -162244, -23295, 145814, 69104, -103307, -84439, 50714, 71530, -8217, -42522, -10591, 13953, 4682, -283, 15680, 8075, -34841, -34184, 39760, 68035, -26150, -95880, -1184, 106678, 32433, -97340, -56857, 73107, 66483, -43100, -59704, 15739, 41843, 3986, -21416, -15714, 5941, 22510, 664, -27631, 721, 32694, -5407, -37918, 8264, 42369, -6461, -44202, -289, 42102, 10192, -36347, -20043, 28132, 26903, -18858, -29531, 10231, 28511, -3596, -25719, -838, 23552, 3852, -23260, -6645, 23798, 10476, -23017, -15733, 19363, 21013, -12174, -23852, 1672, 22519, 10513, -16749, -21441, 7544, 28132, 3070, -28623, -12655, 22609, 19200, -11939, -21541, 124, 19478, 9507, -14104, -15214, 7788, 16831, -3062, -15148, 1432, 11524, -2899, -7744, 6184, 5740, -9451, -7155, 11348, 12159, -11365, -18587, 9319, 23082, -5262, -23299, 175, 19067, 4035, -11866, -5555, 3960, 3615, 2499, 1207, -6083, -7290, 6147, 13002, -2906, -17512, -2472, 20659, 8494, -22556, -14343, 23701, 19953, -24756, -25112, 25575, 28924, -24572, -30066, 19419, 27581, -8633, -21590, -6855, 13598, 23213, -5717, -35066, -356, 38187, 3651, -31611, -3607, 17749, 81, -904, 6132, -14596, -13033, 25859, 17658, -31939, -16980, 33606, 9433, -32757, 3862, 31647, -19527, -31865, 33741, 33626, -43921, -35606, 49265, 35635, -50243, -31864, 47976, 23965, -43735, -13447, 38494, 3176, -32866, 3809, 27631, -5912, -23816, 3767, 22015, 516, -21766, -4969, 21879, 8848, -21058, -12667, 18038, 17543, -11747, -24054, 1935, 31440, 10370, -37713, -22919, 40784, 32634, -39550, -36025, 34101, 30103, -25345, -14037, 14037, -10231, -77, 39170, -17497, -69367, 39922, 98236, -67170, -123682, 96373, 144110, -120999, -157849, 132200, 163066, -122014, -157753, 87197, 139876, -31738, -108266, -33346, 64370, 92984, -13677, -133377, -35000, 147255, 71873, -136496, -89726, 110456, 87056, -81731, -68991, 61252, 45514, -54049, -27759, 57389, 23998, -62394, -36434, 58976, 60277, -41020, -85525, 8866, 101048, 30685, -99365, -66534, 80042, 87432, -49765, -86822, 19403, 65985, 711, -33320, -4927, 902, -5427, 20608, 23461, -25811, -40763, 15948, 50796, 2375, -50158, -20376, 38902, 30700, -20936, -29980, 2507, 19499
1791219442.716, MrmFullScanInfo, 595, 107, 2052106, 0, 0, 0, 0, 10000, 39297, 32, 4, 2, 1, 480, 0, 0, 0, 0, 0, 0, 36, 24, -21, -120, -23, 108, -74, 231, 554, -801, -1510, 1260, 2495, -1423, -2547, 1118, 1448, -287, -146, -568, -34, 710, -970, 85, 1489, -1106, -404, 1356, -1324, -700, 2194, -176, -2137, 808, 2106, -1190, -2376, 1378, 2581, -1244, -2279, 563, 1463, 459, -618, -1175, -71, 1246, 1253, -1064, -3664, 1148, 6582, 328, -8387, -8515, 9542, 29116, -13211, -62796, 28474, 104801, -79251, -141652, 169363, 150488, -250655, -122217, 256433, 82440, -178212, -79881, 80877, 127518, -27928, -173695, 24442, 159684, -33639, -88379, 34330, 12562, -30353, 29859, 25329, -42057, -15546, 45655, 3840, -50235, -2131, 49495, 11477, -39404, -11151, 28584, -17997, -24629, 63567, 23770, -92374, -13453, 85630, -14320, -52116, 51264, 16472, -80743, 764, 93370, 3548, -90654, -16083, 77267, 21338, -55440, -13948, 28184, -2229, -3704, 20280, -7688, -33700, 2107, 36845, 13519, -26790, -26245, 6822, 25524, 12880, -8578, -20719, -18673, 12197, 44817, 7183, -59462, -26761, 58076, 37471, -43160, -35497, 22587, 22406, -5697, -3287, -1076, -15229, -3094, 26944, 13588, -28058, -22920, 18396, 24619, -1515, -16538, -16708, 1913, 30975, 12762, -39496, -21422, 44245, 21572, -47918, -15069, 51497, 6560, -53716, -711, 52535, 65, -47062, -4322, 38068, 10669, -26987, -15226, 15164, 15283, -4348, -10967, -3332, 5107, 6339, -1702, -4740, 3771, 571, -11572, 3128, 22446, -4093, -32330, 2069, 37828, 1444, -37632, -4379, 32911, 5054, -26199, -2729, 19857, -2106, -15213, 8029, 12352, -13375, -10059, 16872, 6444, -17721, -337, 15783, -7624, -11604, 15256, 6330, -20163, -1319, 21262, -2528, -19311, 5148, 16223, -6928, -13945, 7747, 13637, -6710, -15281, 2797, 17707, 4320, -19047, -13695, 17640, 23099, -12733, -29632, 4850, 30885, 4124, -26025, -11324, 16200, 14039, -4148, -11154, -6741, 3855, 13563, 4978, -14803, -12077, 10850, 14942, -3631, -12510, -4378, 5357, 11143, 4518, -15884, -14252, 18865, 21258, -20360, -24490, 20210, 24762, -18229, -23562, 14672, 21889, -9931, -19997, 4419, 17609, 1520, -14258, -7436, 9647, 12456, -3817, -15520, -2729, 16157, 8988, -14784, -13666, 12213, 15833, -9165, -15379, 6242, 13004, -3846, -9741, 2003, 6449, -367, -3555, -1470, 1099, 3608, 1021, -5749, -2817, 7382, 4234, -8022, -5322, 7611, 6234, -6569, -6945, 5475, 7307, -4698, -7399, 4416, 7556, -4685, -7985, 5323, 8573, -5838, -9020, 5695, 9078, -4661, -8610, 2938, 7591, -1060, -6099, -308, 4295, 697, -2402, -38, 776, -1399, 209, 3155, -280, -4597, -647, 5052, 2623, -4141, -5586, 2010, 9285, 775, -13399, -3397, 17708, 4610, -21741, -3311, 24565, -150, -25539, 3918, 24953, -6152, -23532, 6323, 21664, -4858, -19345, 2529, 16462, 43, -13137, -2422, 9935, 4137, -7391, -4740, 5521, 4397, -3976, -4056, 2627, 4740, -1567, -6749, 713, 9479, 316, -11759, -1799, 12375, 3426, -10624, -4169, 6575, 3076, -1195, -121, -3712, -3738, 6317, 7229, -5680, -9118, 2305, 8362, 2175, -4468, -5723, -2057, 6818, 9509, -5152, -15564, 1665, 18362, 1749, -17427, -3191, 13731, 1721, -9168, 2369, 5687, -7732, -4440, 12263, 5520, -13588, -8188, 10218, 11260, -2492, -13470, -7252, 13927, 15903, -12576, -21216, 10391, 22862, -8963, -22008, 9582, 20353, -12199, -19358, 15184, 19685, -16177, -20897, 13834, 21752, -8600, -20938, 2116, 17648, 3769, -11763, -7535, 3909, 8246, 4355, -5964, -10842, 1785
1791219442.716, MrmDetectionListInfo, 595, 128, 64, 10044, 65, 15443, 66, 22924, 67, 32794, 68, 45713, 69, 62644, 70, 65535, 71, 65535, 72, 65535, 73, 65535, 74, 65535, 75, 65535, 76, 65535, 77, 65535, 78, 65535, 79, 65535, 80, 65535, 81, 65535, 82, 65535, 83, 65535, 84, 65535, 85, 65535, 86, 65535, 87, 65535, 88, 56458, 89, 36015, 90, 21763, 91, 18816, 92, 25526, 93, 33269, 94, 34751, 95, 30454, 96, 25793, 97, 24441, 98, 25786, 99, 27416, 100, 28005, 101, 27360, 102, 25436, 107, 44805, 108, 54667, 109, 57574, 110, 53623, 111, 46838, 115, 43272, 116, 44421, 117, 45340, 118, 46874, 119, 48854, 120, 50262, 121, 50039, 146, 38621, 147, 43721, 148, 46256, 149, 44625, 150, 39186, 174, 33862, 204, 18415, 206, 19692, 207, 20006, 208, 20076, 235, 11503, 236, 11150, 246, 14222, 247, 16739, 248, 18712, 249, 19705, 250, 19719, 251, 18979, 252, 17867, 253, 16886, 254, 16391, 265, 11717, 266, 12598, 267, 12398, 268, 10918, 273, 7969, 274, 10077, 275, 13061, 276, 16485, 277, 19469, 278, 21357, 279, 22206, 280, 22464, 281, 22392, 282, 21932, 283, 20998, 284, 19680, 285, 18168, 286, 16566, 287, 14856, 288, 13019, 289, 11179, 290, 9627, 292, 8814, 301, 13594, 302, 13856, 303, 13547, 304, 12971, 306, 11206, 331, 6012, 342, 7072, 371, 12629, 372, 13191, 373, 13308, 374, 13161, 375, 13084, 376, 13513, 377, 14464, 378, 15325, 379, 15490, 380, 14957, 381, 14135, 382, 13294, 383, 12370, 384, 11212, 385, 9830, 386, 8413, 390, 6661, 428, 7931, 431, 9822, 435, 9292, 466, 18197, 467, 18025, 468, 17364, 469, 16185, 470, 14523, 471, 12529
1791219442.841, MrmFullScanInfo, 596, 107, 2052231, 0, 0, 0, 0, 10000, 39297, 32, 1, 2, 1, 480, -421600, 492046, 420931, -480177, -452555, 448525, 504625, -371931, -520021, 115530, 520155, 338756, -496500, -497640, 370188, 517675, -111366, -520174, -175811, 519583, 324249, -511913, -476571, 481637, 520186, 512617, -179504, -520149, -403999, 499781, 353685, -501972, -439795, 505475, 282347, -518264, -285982, 518076, 220494, -517976, -296124, 515405, 434340, -506838, -516292, 377401, 520192, 95498, -520107, -490898, 446892, 519226, -159347, -520027, -237294, 519216, 466569, -504738, -515336, 404871, 519730, -208703, -520180, -50996, 519641, 78532, -139696, 225297, -415771, -448269, 448628, 513118, -136363, -515027, -425731, 511805, 519900, -262551, -520166, -346573, 517938, 517228, -362617, -519914, 73082, 520015, 211311, -515259, -436472, 467763, 510600, -203710, -518982, -228554, 340945, 510708, 177950, -505865, -464054, 356605, 507111, -89303, -446079, -153050, 60909, 221255, 330018, -116871, -510102, -118492, 500098, 358814, -356943, -426671, 85012, 331831, 138353, -155886, -262343, -95263, 230111, 295833, -92407, -327318, -24038, 272971, 100244, -180644, -130546, 61303, 56535, 9684, 5426, -2395, -11061, -37624, -13842, 74867, 87920, -77548, -178418, 34608, 197754, 38041, -137676, -95756, 39758, 107425, 67435, -51236, -140242, -33686, 131635, 99313, -65329, -118157, -9009, 85782, 54166, -5928, -62496, -64528, 7702, 95161, 76994, -80009, -135489, 19352, 136441, 70445, -78213, -137688, -17638, 153708, 120438, -120325, -157655, 43565, 180000, 41622, -153535, -102400, 96522, 114341, -25375, -89730, -28842, 45494, 46541, -3609, -33940, -18475, 10516, 8400, 14213, 28557, -23833, -69216, 4951, 101772, 29784, -113846, -59061, 99101, 77254, -64809, -80770, 29511, 64661, -2975, -34878, -16898, 6977, 25386, 11525, -25262, -23595, 30075, 29612, -38579, -29350, 44859, 33659, -47573, -35734, 48064, 37936, -40667, -38088, 24008, 35810, -3643, -27789, -14267, 11344, 31295, 6293, -40746, -20850, 41293, 30910, -36950, -31669, 30150, 24151, -23480, -11183, 20436, 2010, -23255, 6009, 29139, -8245, -31989, 3575, 31323, 10687, -24136, -22165, 11231, 31631, 6733, -34290, -22451, 28172, 34028, -13490, -40078, -1465, 37421, 12421, -26242, -12825, 12159, 14288, -2232, -9720, -2108, 4927, 561, -1899, 5394, 3609, -9471, -10211, 10542, 20952, -5862, -32311, -2743, 30868, 15477, -20213, -24976, 4713, 26357, 12773, -19470, -25008, 6823, 29355, 8339, -25256, -20650, 18427, 24458, -6580, -27133, -4801, 28232, 10702, -27482, -14731, 26766, 18381, -29038, -26461, 32866, 35817, -33344, -42837, 30121, 45237, -17652, -39406, -1072, 26504, 18914, -10798, -29585, -3538, 30645, 12526, -21497, -12118, 7464, 3519, 7614, 13114, -17815, -28614, 21406, 40386, -21274, -40456, 20276, 27668, -22249, -7347, 29729, -14259, -42938, 29001, 53732, -38846, -63930, 39788, 69525, -34518, -66324, 26074, 57141, -15670, -43075, 6971, 29416, -1087, -18358, 2004, 13926, -659, -12159, 1985, 14023, -4768, -18160, 7234, 22898, -8022, -29827, 5545, 36465, 1057, -42104, -19202, 49230, 32883, -47461, -45447, 41969, 52220, -33128, -51497, 25729, 41608, -20615, -22653, 17514, -2373, -13630, 23378, 1794, -53363, 13821, 82973, -37228, -113724, 62702, 145224, -82361, -169297, 86969, 182319, -68828, -173736, 29828, 150307, 20878, -101961, -70134, 42237, 103416, 20177, -114210, -70236, 102880, 97963, -79881, -103103, 55887, 86923, -41753, -65108, 38021, 49388, -48057, -46064, 58119, 58523, -57263, -77692, 38794, 93767, -5371, -96535, -34877, 83298, 68845, -55217, -97551, 15099, 95955, 18136, -77741, -37874, 48474, 39142, -17294, -22930, -4474, -2061, 13002, 26136, -10139, -31589, 854, 36910, 8648, -32300, -12481, 22370, 8345, -11836, 1555, 6647, -14351, -6871, 24054, 9424, -27497
1791219442.857, MrmFullScanInfo, 596, 107, 2052231, 0, 0, 0, 0, 10000, 39297, 32, 2, 2, 1, 480, 0, 0, 0, 0, 0, 0, 168492, -229156, -312351, 480961, 361472, -537986, -379580, 350626, 434744, -32329, -507631, -255769, 506976, 432509, -371249, -522849, 134146, 580069, 110590, -567251, -281649, 391863, 331368, -48030, -251623, -335880, 83537, 608976, 84457, -723061, -178120, 712954, 187679, -645250, -149631, 578160, 120683, -545371, -139854, 548059, 208089, -535222, -300511, 421990, 401464, -180007, -490910, -113379, 505096, 353410, -375066, -508462, 118439, 602253, 155684, -636326, -346554, 578872, 439947, -425629, -461884, 248933, 383594, -146744, -153301, 148152, -169588, -208942, 384976, 295118, -336850, -400592, 72872, 463725, 235656, -379880, -463745, 132231, 570883, 168240, -535371, -402849, 354683, 542489, -85665, -600046, -176780, 556714, 359794, -375105, -423888, 71791, 348450, 257276, -149555, -486209, -98704, 529385, 287556, -385720, -328007, 136003, 193676, 98166, 57988, -209613, -313603, 157897, 468408, 8197, -468642, -184832, 322639, 277184, -95313, -242603, -119485, 100549, 245324, 82263, -255691, -227911, 175845, 287187, -62053, -256150, -28994, 167091, 67611, -69885, -60394, 8978, 37383, -1688, -29964, 33159, 53538, -70092, -98121, 80676, 134180, -51280, -133288, -5300, 86296, 57194, -7754, -74416, -70902, 47930, 116652, 6240, -113207, -57015, 68963, 75625, -10448, -51798, -30705, -1491, 32434, 56782, 5275, -85514, -59310, 69745, 97581, -11352, -96452, -66822, 52565, 131035, 17976, -152886, -90621, 123328, 143764, -57171, -163240, -16104, 143778, 69094, -93162, -88339, 31480, 76222, 17950, -46247, -40174, 16759, 34006, -3519, -10162, 13265, -14629, -41889, 25867, 77403, -18293, -104961, -3407, 113029, 29275, -98787, -48794, 68343, 54560, -31906, -45449, -1077, 26737, 24782, -6210, -38421, -9823, 45288, 18546, -49262, -20851, 52280, 19997, -54215, -19164, 53426, 19930, -47566, -22277, 35315, 24594, -17514, -24213, -3242, 19193, 23444, -9852, -39318, -1332, 47981, 10939, -48644, -15802, 42800, 14488, -33696, -8000, 25410, -1002, -21031, 9413, 21071, -14019, -23590, 12197, 25705, -3456, -24707, -9864, 18839, 23542, -8066, -33018, -5843, 34968, 20017, -28880, -31060, 17590, 35704, -5395, -32399, -4371, 22901, 10142, -11666, -11626, 3326, 9596, -320, -6179, 2265, 4365, -6721, -6759, 10691, 13643, -11605, -21952, 7751, 26884, 904, -24933, -11837, 15755, 20674, -1863, -23423, -12580, 18491, 23542, -7520, -28450, -5600, 26580, 17201, -19211, -25535, 9381, 30496, -366, -32773, -6388, 33847, 11684, -35474, -16982, 38311, 22768, -40733, -28072, 39262, 31250, -30711, -31024, 14825, 27075, 4629, -20040, -21420, 11410, 29928, -3397, -27607, -1359, 15777, 788, 1252, 5416, -18108, -15059, 30471, 23697, -36432, -26234, 36705, 19360, -34017, -3507, 31778, -17346, -32433, 37660, 36516, -52562, -42608, 59312, 48055, -57488, -50060, 48597, 47130, -35419, -39808, 21557, 30289, -10407, -21248, 3894, 14731, -2071, -11651, 3815, 11812, -7623, -14479, 11798, 18996, -14629, -24995, 14240, 32472, -9119, -41218, -636, 49845, 12980, -55688, -24945, 56497, 33697, -52043, -36526, 43794, 31268, -33435, -17629, 21460, -2355, -6986, 25587, -11608, -49492, 35640, 72602, -64697, -94032, 95394, 113062, -120876, -128350, 132226, 137946, -121861, -139484, 87496, 130313, -34195, -108266, -26748, 73452, 81440, -30019, -118083, -14198, 131030, 49960, -122394, -70096, 100500, 72720, -76327, -62202, 59411, 47247, -54043, -37017, 57433, 37514, -61307, -49293, 56558, 67376, -38086, -83480, 6832, 89373, 30675, -80362, -64476, 57427, 84814, -26998, -86149, -1468, 69558, 19325, -41735, -22057, 12102, 11446, 10670, 5803, -21505, -22161, 20508, 32584, -12442, -35027, 3884, 29875, 64, -19932, 2495, 9339, -10154
1791219442.857, MrmFullScanInfo, 596, 107, 2052231, 0, 0, 0, 0, 10000, 39297, 32, 4, 2, 1, 480, 0, 0, 0, 0, 0, 0, -47, -10, 216, 187, -463, -357, 598, 207, -688, 289, 1025, -818, -1489, 1097, 1605, -995, -1137, 552, 439, -95, -864, 197, 3310, -1186, -6716, 2544, 8418, -3068, -7038, 2159, 3994, -459, -1242, -916, -792, 1465, 2994, -1515, -5125, 927, 5877, 1322, -5010, -4643, 3593, 6429, -1735, -5270, -1549, 2950, 5643, -1764, -8013, 1709, 7005, -3713, -3080, 14918, -3800, -43779, 19162, 89588, -51604, -132435, 94037, 141086, -115879, -104818, 89761, 50695, -29107, -19033, -21056, 19555, 32583, -28964, -16449, 26067, 2526, -12861, -9343, 3993, 33285, -2180, -55719, -10716, 63188, 50426, -68602, -94252, 103577, 93847, -171856, -39927, 230270, -14846, -234156, 19564, 182561, 15955, -106237, -46859, 32527, 49758, 22815, -35811, -54263, 27447, 70172, -39114, -85371, 71506, 105428, -112163, -123448, 140959, 130994, -141293, -124952, 111961, 105202, -66772, -73350, 24678, 35265, 75, -1855, -2790, -14644, -11870, 6331, 33295, 25883, -49379, -70443, 51057, 109056, -35950, -124491, 10263, 108379, 14024, -65200, -25860, 10399, 20847, 36560, -2449, -61021, -19914, 58692, 34539, -35757, -32699, 4802, 12984, 20624, 18205, -30445, -50149, 21469, 72290, 1463, -77805, -27650, 65625, 45763, -40693, -49063, 11942, 38030, 11256, -19100, -22727, 699, 21686, 10688, -12360, -12316, 1039, 5130, 7199, 7147, -10255, -19600, 9139, 28271, -6716, -31476, 6143, 29572, -9082, -24154, 14895, 17423, -21138, -11320, 25037, 6532, -24823, -2444, 20249, -1916, -12404, 6943, 3040, -12195, 6114, 16829, -13740, -20246, 19196, 22485, -22632, -24127, 24746, 25923, -26082, -27931, 26362, 29191, -24513, -28466, 19531, 25123, -11208, -19099, 171, 10522, 12463, 49, -25034, -11351, 35531, 21536, -42301, -28662, 44388, 31595, -41656, -30435, 34958, 26123, -26083, -19546, 17171, 11547, -9909, -3255, 5271, -3816, -3423, 8132, 3716, -8721, -4828, 5633, 5272, -39, -3978, -6142, 715, 10828, 3847, -12462, -8254, 10733, 10601, -6594, -9354, 1647, 4427, 2531, 2485, -4736, -8784, 4530, 12396, -2528, -12550, 95, 9832, 1542, -5820, -2033, 2561, 1970, -1686, -2492, 3531, 4697, -6941, -8988, 9874, 14657, -10403, -20036, 7670, 23433, -2452, -23828, -3338, 21121, 7935, -16217, -10545, 10822, 11232, -6719, -10551, 4711, 9516, -4180, -9275, 3667, 10635, -1802, -13514, -1939, 16789, 7111, -18806, -12448, 18337, 16210, -15167, -16966, 10071, 14473, -4484, -9795, 96, 4806, 1925, -1331, -1559, 542, -136, -2440, 1712, 5792, -2173, -8725, 1424, 9549, -193, -7497, -506, 3006, -41, 2465, 2088, -6944, -5489, 8701, 9776, -6807, -14108, 1398, 17463, 6414, -18969, -14579, 18153, 20802, -15017, -23773, 10251, 23655, -5260, -21324, 1670, 17521, -572, -12871, 2097, 8098, -5449, -4113, 9503, 1620, -13245, -551, 15793, 143, -16385, 359, 14921, -1117, -12277, 1818, 9789, -1807, -8293, 330, 7742, 3168, -7526, -8744, 6907, 15857, -5413, -23379, 3060, 29714, -381, -33228, -1901, 32819, 3226, -28200, -3516, 19943, 3373, -9332, -3731, -1796, 5125, 11492, -7081, -18283, 8523, 21561, -8527, -21518, 6985, 18842, -4478, -14231, 1832, 8264, 325, -1654, -1682, -4431, 2174, 8603, -2083, -9715, 1941, 7338, -2313, -2155, 3496, -4202, -5203, 9758, 6664, -13064, -6971, 13785, 5555, -12631, -2504, 10765, -1201, -9165, 3880, 8547, -4010, -9229, 955, 10790, 4986, -11952, -12845, 11314, 21052, -8250, -27634, 3254, 30931, 2371, -30205
1791219442.857, MrmDetectionListInfo, 596, 195, 65, 6661, 66, 10854, 67, 18758, 68, 31117, 69, 47801, 70, 65535, 71, 65535, 72, 65535, 73, 65535, 74, 65535, 75, 65535, 76, 65535, 77, 65535, 78, 49107, 79, 26373, 80, 14918, 81, 15843, 82, 23414, 83, 29407, 90, 13335, 91, 19208, 92, 25909, 93, 32618, 94, 39712, 95, 48820, 96, 61169, 97, 65535, 98, 65535, 99, 65535, 100, 65535, 101, 65535, 102, 65535, 103, 65535, 104, 65535, 105, 65535, 106, 65535, 107, 65535, 108, 65535, 109, 61329, 110, 50033, 115, 42520, 116, 49210, 117, 54543, 118, 61230, 119, 65535, 120, 65535, 121, 65535, 122, 65535, 123, 65535, 124, 65535, 125, 65535, 126, 65535, 127, 65535, 128, 65535, 129, 65535, 130, 65535, 131, 52689, 143, 65402, 144, 65535, 145, 65535, 146, 65535, 147, 65535, 148, 64162, 149, 55676, 150, 47623, 157, 37590, 159, 43048, 160, 40503, 169, 42924, 170, 42122, 171, 41410, 172, 43816, 173, 49002, 174, 52594, 175, 50660, 176, 43488, 194, 17326, 195, 18251, 197, 18892, 198, 18635, 199, 18272, 200, 18014, 201, 17894, 204, 17558, 220, 20941, 221, 22143, 223, 24347, 224, 25226, 225, 25977, 226, 26668, 227, 27249, 228, 27532, 229, 27304, 230, 26420, 231, 24808, 232, 22439, 233, 19314, 234, 15466, 240, 16233, 241, 21866, 242, 27631, 243, 32227, 244, 35114, 245, 36697, 246, 37460, 247, 37378, 248, 36183, 249, 33859, 250, 30721, 251, 27127, 252, 23266, 253, 19221, 254, 15110, 272, 8218, 273, 9393, 274, 10217, 275, 10295, 276, 9494, 285, 8184, 286, 8252, 287, 7526, 302, 11376, 303, 13057, 304, 14254, 305, 14847, 306, 14783, 307, 14147, 308, 13303, 309, 12791, 310, 12863, 311, 13226, 312, 13326, 313, 12814, 314, 11781, 315, 10579, 316, 9488, 317, 8575, 318, 7809, 327, 9054, 328, 10905, 329, 13024, 330, 14885, 331, 16100, 332, 16597, 333, 16465, 334, 15742, 335, 14397, 336, 12464, 363, 8646, 364, 9139, 368, 10427, 371, 17458, 372, 18592, 373, 18877, 374, 18638, 375, 17966, 376, 16808, 377, 15222, 378, 13433, 379, 11686, 380, 10108, 381, 8731, 382, 7577, 383, 6684, 384, 6083, 385, 5765, 386, 5700, 390, 7242, 392, 8130, 394, 8255, 395, 8038, 396, 7689, 397, 7245, 398, 6740, 410, 12924, 411, 14214, 412, 15241, 413, 15945, 414, 16472, 415, 17034, 416, 17568, 417, 17657, 418, 16924, 419, 15361, 421, 10839, 427, 8855, 428, 12273, 429, 14251, 430, 14851, 431, 14933, 432, 14923, 433, 14555, 434, 13498, 435, 11837, 475, 14747
1791219442.982, MrmFullScanInfo, 597, 107, 2052356, 0, 0, 0, 0, 10000, 39297, 32, 1, 2, 1, 480, -419123, 491127, 420692, -479372, -452421, 448433, 504043, -371653, -520041, 110167, 520192, 338499, -494901, -498114, 373470, 517573, -117290, -520150, -172949, 519330, 322126, -512074, -472011, 483230, 520175, 512558, -154851, -520160, -416570, 496200, 359451, -500440, -436238, 504935, 278205, -518140, -283778, 518462, 210978, -515739, -282513, 515264, 429252, -507704, -516044, 380238, 520192, 80712, -520053, -489091, 451317, 519332, -163946, -519927, -240124, 519805, 474574, -499043, -517408, 356866, 520192, -42248, -520147, -419103, 486548, 518313, 7707, -519535, -495256, 449703, 520186, -11969, -520093, -306647, 301135, 122263, 315661, 242852, -494110, -503555, 421959, 520063, -91789, -519793, -237153, 514964, 483367, -420506, -520067, 54259, 520187, 408466, -512968, -517324, 343557, 520133, 94647, -518052, -327803, 508802, 438353, -473263, -459388, 363157, 286460, -222672, -5602, 136869, -160926, -209913, 165838, 348117, 32265, -429936, -323761, 291932, 498566, -78094, -517086, -182187, 467158, 369921, -303633, -420305, 122297, 377790, 45940, -266642, -141094, 103243, 120619, 9254, -70717, -38474, 39665, 14804, -34078, 19969, 83938, -27787, -161269, -3787, 188118, 64814, -158546, -100889, 83604, 127719, 12637, -91843, -91195, 26858, 109960, 36532, -72369, -75400, 21251, 76000, 21032, -33481, -34264, -22047, 4843, 42295, 53775, -34871, -101327, -4141, 105223, 70201, -61696, -116855, -8783, 125715, 92865, -98871, -116760, 41273, 137162, 25581, -122910, -73933, 86611, 86922, -39763, -70912, 3143, 42194, 5690, -10693, 5401, -7178, -24713, 798, 36628, 22217, -35644, -44233, 13756, 58592, 17956, -59713, -38030, 45475, 46847, -21904, -46289, 5316, 37423, 6507, -12868, -9876, -347, 10017, 4837, -9464, -4589, 17553, 2119, -31703, 435, 43450, 6718, -48073, -17153, 52086, 32407, -41130, -41966, 20759, 49202, -24, -47975, -15286, 37811, 28001, -23890, -34021, 11784, 30982, 1967, -19607, -6788, 10488, 3556, -702, 3706, -5337, -8350, 2584, 13030, 5839, -15184, -14266, 11769, 22991, 615, -23962, -11791, 20271, 19783, -9040, -23433, -3296, 19317, 14925, -7048, -22936, -5208, 23050, 13485, -14601, -13491, 6554, 12911, 3251, -6904, -9466, -683, 9966, 7832, -3668, -10304, -3898, 7290, 9455, 2139, -10613, -15598, 8213, 20937, -665, -20596, -8776, 16498, 13580, -8806, -12563, 939, 8384, 2978, -1430, -3907, -5049, 5, 10630, 4810, -11951, -8557, 12264, 9639, -12699, -11208, 12330, 15515, -13684, -22826, 14695, 30238, -12171, -39874, 5926, 37863, 5706, -25449, -21582, 7830, 34316, 10448, -38763, -24040, 32619, 31101, -18640, -27763, 963, 17448, 14023, -1749, -23647, -12925, 26844, 21724, -28327, -20113, 29223, 7092, -32469, 10444, 40484, -27588, -51518, 39525, 57380, -44968, -62640, 43109, 63703, -36237, -55940, 31248, 45274, -27198, -31846, 23792, 20896, -21648, -14687, 20072, 15068, -17689, -17617, 14774, 21759, -12855, -25274, 9193, 29282, -6174, -32336, 1325, 35251, 6626, -36923, -23268, 41014, 35606, -39134, -47569, 33986, 55596, -27309, -57244, 22589, 50568, -19360, -36323, 16882, 14028, -13664, 892, 5646, -27683, 11317, 55454, -33839, -85779, 57483, 116049, -75505, -140739, 80010, 155506, -62260, -149721, 27486, 131416, 16091, -88851, -58766, 32541, 87215, 25174, -92278, -71489, 78408, 94623, -52538, -94608, 29778, 75244, -18834, -50899, 20897, 29645, -36486, -24780, 50347, 35282, -54009, -55664, 38826, 74931, -7395, -82630, -33961, 72261, 70967, -48735, -103269, 9912, 104537, 24926, -87337, -45513, 58914, 47441, -29445, -32335, 8491, 7763, -1956, 16584, 7289, -33624, -18387, 39188, 27015, -33724, -28416, 21726, 20079, -8099, -4918, -826, -12896, 3834, 27538, -3468, -34058
1791219442.982, MrmFullScanInfo, 597, 107, 2052356, 0, 0, 0, 0, 10000, 39297, 32, 2, 2, 1, 480, 0, 0, 0, 0, 0, 0, 168267, -228893, -312054, 480191, 361352, -536525, -379781, 348718, 435311, -30704, -508829, -256384, 509230, 431884, -374454, -521303, 137621, 578403, 107444, -566177, -277684, 391168, 324103, -46569, -240277, -338787, 71236, 612258, 92779, -724751, -180287, 712131, 184812, -642448, -143583, 574365, 112643, -541275, -131414, 544572, 201497, -534390, -296759, 425445, 399645, -186690, -490189, -106706, 505535, 349311, -375988, -506980, 118067, 599397, 159000, -617448, -356138, 509478, 464413, -260032, -507886, -57995, 453013, 339334, -255494, -505781, -39761, 508029, 310696, -353018, -431695, 146242, 325740, -24900, -20355, 38634, -318743, -143808, 486876, 284160, -396898, -428700, 125833, 533118, 171988, -512512, -396386, 317171, 533832, -12515, -576463, -271293, 484623, 461859, -257911, -572167, -17183, 626670, 221702, -616776, -282607, 522915, 200531, -361632, -40076, 203875, -104242, -134559, 153747, 180692, -79901, -282859, -87425, 339018, 281179, -278721, -432893, 108997, 497358, 100246, -458047, -267185, 329077, 341594, -156144, -316748, -1093, 221377, 98496, -105092, -127013, 16568, 110034, 19703, -85400, -10764, 83098, -15632, -108105, 30111, 139780, -16528, -149212, -21337, 119543, 63422, -55677, -85829, -18427, 74743, 73234, -34510, -90442, -14870, 71695, 48115, -34535, -49671, 2498, 23025, 5353, 13061, 15452, -35757, -51188, 29069, 78439, 8414, -77650, -61732, 44412, 106672, 9698, -121836, -66023, 99375, 108677, -49331, -127898, -6464, 119664, 47265, -88726, -62758, 48815, 54401, -16471, -31918, 2132, 8867, -5765, 2879, 18759, 1610, -29079, -19000, 27931, 40516, -14408, -56008, -5483, 58509, 24022, -47689, -35030, 29131, 35240, -9882, -25948, -5116, 12855, 14214, -2510, -19190, -1462, 23632, -497, -29900, 4600, 37861, -5796, -45562, 908, 49912, 9884, -47664, -23884, 37653, 36993, -21955, -44916, 4277, 45085, 11783, -37854, -23025, 25873, 27274, -12883, -24398, 2795, 16265, 1865, -6093, -1163, -2163, -3099, 5192, 8773, -2034, -13368, -5543, 14183, 14336, -9758, -20899, 1068, 22464, 8937, -17898, -16630, 8058, 19091, 4467, -15520, -15876, 7849, 22318, 639, -21699, -7189, 14841, 10317, -4916, -9595, -4083, 5497, 8894, 380, -8264, -5408, 3304, 6641, 3467, -2591, -9296, -5295, 11748, 13454, -9463, -18572, 3313, 19121, 3733, -15337, -8408, 8876, 8918, -2246, -5329, -2210, -853, 3361, 7485, -1654, -12726, -1416, 15736, 4622, -16883, -7881, 17395, 11941, -18386, -17460, 19817, 24056, -20078, -29654, 16483, 31258, -6756, -27027, -8707, 17712, 25718, -5787, -37977, -5932, 40478, 14978, -32033, -19378, 15541, 18045, 3731, -11484, -20651, 2316, 32120, 5021, -37487, -5998, 38058, -1623, -36375, 16531, 35060, -34544, -35564, 50526, 37893, -60362, -40883, 62490, 42600, -58069, -40946, 49797, 35004, -40382, -25921, 31767, 16566, -25154, -10029, 21042, 7982, -19204, -10043, 18787, 14544, -18657, -19796, 17839, 24836, -15626, -29424, 11110, 34013, -3379, -39225, -7370, 44688, 19566, -48680, -31101, 49506, 39915, -46907, -43754, 41726, 40513, -34700, -29815, 25802, 13469, -14146, 5970, -1914, -26691, 23945, 47733, -51572, -68232, 81143, 87321, -105800, -103550, 117157, 114933, -108578, -118976, 78577, 112600, -32037, -93094, -21025, 60366, 68251, -18903, -98742, -22881, 107119, 55441, -95639, -71748, 72959, 70094, -50317, -54834, 36751, 34849, -35494, -20088, 42907, 17640, -50487, -28786, 49090, 48570, -33228, -68120, 3186, 78362, 34828, -73576, -70462, 53677, 93180, -24491, -96826, -4246, 82233, 23064, -56131, -26661, 28111, 15658, -6813, 4286, -3231, -25064, 2735, 39247, 3602, -42555, -9735, 35031, 10930, -20489, -5360, 4462, -5497
1791219442.982, MrmFullScanInfo, 597, 107, 2052356, 0, 0, 0, 0, 10000, 39297, 32, 4, 2, 1, 480, 0, 0, 0, 0, 0, 0, -254, 260, 400, -700, -317, 1340, 44, -1866, 273, 1790, -721, -991, 1537, -134, -2443, 1108, 2965, -1443, -2989, 1076, 3639, -658, -5871, 974, 8527, -1807, -8860, 1963, 5564, -791, -709, -972, -3221, 2367, 5614, -3136, -6728, 3423, 6256, -3056, -4101, 1338, 1642, 1544, -316, -3996, 0, 4447, -239, -2832, 1564, 701, -3996, -2162, 6630, 17717, -11330, -64670, 23552, 151115, -38962, -277098, 49933, 442947, -67847, -609793, 89406, 686039, -43940, -634751, -105502, 543162, 248207, -485052, -247485, 412656, 140145, -270997, -81636, 113591, 131597, -24121, -211767, -12044, 231890, 85643, -192109, -222480, 145842, 329103, -110226, -310461, 63989, 193419, -10091, -96462, -18175, 109741, 10005, -229149, 3831, 371174, 16913, -439569, -86201, 394658, 186266, -273716, -286100, 147657, 353899, -60323, -366621, 8864, 325954, 26726, -260896, -52348, 203425, 64753, -162945, -66177, 127198, 63499, -82943, -59393, 28765, 51670, 25327, -37835, -66032, 17870, 85616, 5570, -85716, -27849, 74008, 44101, -59192, -49454, 47304, 41945, -39850, -26619, 35261, 13941, -31490, -11584, 26688, 18452, -18879, -27222, 7498, 29884, 5731, -23197, -17135, 9838, 22523, 4767, -20115, -15778, 12517, 19913, -4985, -15599, 1707, 4329, -3942, 9333, 10616, -19432, -19580, 21423, 28245, -14535, -33545, 2015, 32328, 10863, -23138, -19420, 7682, 21457, 9535, -17726, -23296, 11108, 29841, -5258, -27975, 3332, 19332, -7145, -7780, 16611, -1829, -29417, 5583, 41543, -2043, -48639, -6890, 47976, 17082, -39522, -24327, 25799, 26000, -10736, -21517, -1862, 12149, 9501, -774, -11644, -9095, 9489, 14580, -5016, -14302, 292, 8772, 2905, 7, -3511, -9352, 1745, 16836, 907, -21007, -2792, 21657, 3026, -19475, -1408, 15392, -1908, -10256, 6481, 4946, -11665, -366, 16737, -2754, -20820, 3875, 22817, -2592, -21719, -1004, 17240, 5990, -10052, -10837, 1604, 14151, 6327, -15204, -12093, 13997, 14662, -11120, -14065, 7593, 11425, -4454, -8227, 2288, 5749, -981, -4970, -10, 6425, 1279, -9608, -3280, 12821, 6286, -14137, -10112, 12525, 13946, -8203, -16487, 2218, 16444, 4065, -13147, -9223, 6895, 12155, 1004, -12386, -8636, 10057, 14239, -5730, -17015, 614, 17170, 3760, -15144, -6647, 11385, 8503, -6721, -10039, 2476, 11344, 302, -12258, -1400, 12967, 1010, -13831, 555, 14856, -2379, -15694, 2901, 16102, -1031, -15916, -2861, 14781, 7517, -12300, -11689, 8519, 14662, -4130, -16323, 261, 16920, 2125, -16810, -2830, 16449, 2494, -16358, -1976, 16745, 1853, -17219, -2257, 17198, 2831, -16279, -2889, 14251, 2016, -11037, -423, 7105, -1356, -3658, 2980, 1964, -4316, -2424, 5146, 4275, -5038, -6310, 3644, 7630, -1092, -7792, -1932, 6627, 4681, -4192, -6680, 990, 7682, 2225, -7483, -4832, 6082, 6505, -3921, -7101, 1685, 6774, 6, -6087, -657, 5811, -46, -6583, 2031, 8751, -4688, -12497, 7464, 17747, -10092, -23890, 12265, 29904, -13601, -34828, 14139, 38066, -14371, -39219, 14541, 38060, -14258, -34552, 12519, 28998, -8198, -22221, 1053, 15372, 7826, -9345, -16596, 4393, 23764, -262, -28547, -3283, 30718, 6231, -30228, -8602, 27291, 10667, -22797, -12639, 18033, 14364, -13889, -15482, 10424, 15831, -7346, -15539, 4710, 14784, -2987, -13555, 2632, 11925, -3646, -10327, 5730, 9297, -8584, -8967, 11931, 9114, -15314, -9410, 18084, 8965, -19500, -6765, 18771, 3093, -15493, 288, 10233, -1741, -4252, 1125, -1197, 882, 5351, -3571, -7905
1791219442.982, MrmDetectionListInfo, 597, 182, 63, 9186, 64, 16754, 65, 29136, 66, 47405, 67, 65535, 68, 65535, 69, 65535, 70, 65535, 71, 65535, 72, 65535, 73, 65535, 74, 65535, 75, 65535, 76, 65535, 77, 65535, 78, 65535, 79, 65535, 80, 65535, 81, 65535, 82, 65535, 83, 65535, 84, 65535, 85, 65535, 86, 65535, 87, 65535, 88, 65535, 89, 65535, 90, 65535, 91, 65535, 92, 65535, 93, 65535, 94, 65535, 95, 65535, 96, 65535, 97, 65535, 98, 65535, 99, 65535, 100, 65535, 101, 65535, 102, 65535, 103, 65535, 104, 47589, 105, 50673, 106, 65535, 107, 65535, 108, 65535, 109, 65535, 110, 65535, 111, 65535, 112, 65535, 113, 65535, 114, 65535, 115, 65535, 116, 65535, 117, 65535, 118, 65535, 119, 65535, 120, 65535, 121, 65535, 122, 65535, 123, 65535, 124, 65535, 125, 65535, 126, 65535, 127, 65535, 128, 65535, 129, 65535, 130, 65535, 131, 65535, 132, 65535, 133, 65535, 134, 53381, 140, 50424, 141, 49181, 143, 48917, 144, 53356, 145, 56834, 146, 56497, 147, 53121, 148, 49079, 149, 45345, 150, 41217, 195, 19410, 197, 18763, 198, 16891, 199, 15041, 207, 21194, 208, 24044, 210, 26383, 211, 28009, 212, 29967, 215, 27978, 216, 24606, 254, 12621, 266, 10482, 267, 12822, 268, 14131, 269, 14124, 270, 13373, 271, 12414, 272, 11301, 273, 9890, 285, 7824, 286, 9175, 287, 10381, 288, 11388, 289, 12084, 290, 12365, 291, 12190, 292, 11563, 304, 11395, 306, 10774, 308, 9001, 316, 7061, 327, 8907, 328, 9437, 331, 8664, 332, 8655, 333, 9206, 334, 10058, 335, 10798, 339, 10314, 340, 9700, 341, 9045, 342, 8618, 343, 8736, 344, 9335, 345, 9889, 346, 9958, 348, 9282, 349, 9179, 350, 9261, 351, 9380, 352, 9488, 353, 9622, 354, 9776, 355, 9868, 356, 9792, 357, 9483, 381, 4997, 385, 4944, 386, 5633, 405, 13922, 406, 16119, 407, 18280, 408, 20270, 409, 22031, 410, 23540, 411, 24773, 412, 25713, 413, 26362, 414, 26735, 415, 26826, 416, 26604, 417, 26017, 418, 25006, 419, 23515, 420, 21501, 421, 18949, 422, 15890, 423, 12575, 424, 9818, 425, 8717, 426, 9507, 427, 11133, 428, 12339, 430, 13047, 431, 13731, 432, 15105, 433, 16828, 434, 18228, 435, 18886, 436, 18914, 437, 18652, 438, 18277, 439, 17759, 440, 17064, 441, 16276, 467, 13948, 468, 13621, 469, 12776, 470, 11446
1791219443.091, MrmFullScanInfo, 598, 107, 2052481, 0, 0, 0, 0, 10000, 39297, 32, 1, 2, 1, 480, -422203, 490441, 422216, -480474, -452729, 448649, 505335, -372872, -519909, 114993, 520184, 332241, -495235, -496089, 373669, 517061, -110347, -520186, -176588, 519476, 321065, -512352, -475996, 483143, 520182, 512397, -184980, -520179, -403276, 499616, 354470, -500930, -441480, 504504, 280471, -517705, -284082, 518356, 221000, -517518, -291240, 516228, 430761, -508530, -515582, 376222, 520192, 92207, -520001, -488847, 453807, 519366, -167294, -519938, -237252, 519039, 466330, -503813, -515748, 391450, 520076, -141123, -520182, -236412, 511660, 468951, -26318, -378114, -518911, 25956, 519735, 458745, -420706, -515394, -330741, 515108, 520067, -201456, -520192, -342700, 519238, 509228, -426334, -519833, 162967, 520183, 196999, -516345, -496987, 375149, 520142, 146851, -520046, -502357, 422850, 520127, 49915, -519624, -351265, 501292, 469781, -338421, -486838, 8151, 227186, 186970, 124541, -165092, -362378, -87590, 375528, 397477, -166870, -507013, -186531, 444592, 455389, -238655, -519117, -100328, 485293, 371059, -287632, -455188, 64691, 441305, 145713, -323034, -156724, 146970, 105419, 9980, 1736, -72080, -109770, 42813, 180176, 43204, -140593, -110088, 16598, 114366, 86029, -53237, -90105, -72534, 77575, 134813, -8007, -127292, -70762, 66349, 101716, 15548, -81202, -95033, 29172, 137991, 32101, -120182, -44537, 75351, 39922, -42778, 2020, 20310, -49022, -31101, 66636, 80787, -39573, -128856, -27396, 149252, 120983, -130241, -150681, 78336, 195500, 275, -198014, -71293, 163267, 109897, -100239, -110204, 35039, 80951, 4479, -38655, -17453, -395, 9810, 13068, 8898, 3173, -17702, -33391, -3377, 64477, 44549, -81443, -85646, 70601, 115766, -38740, -126521, 4432, 108046, 7912, -73608, -25061, 39659, 28580, -11854, -20220, -6767, 13367, 13977, -10797, -12703, 10337, 14753, -11715, -35568, 10017, 44763, -7992, -52599, -2505, 59301, 17378, -58178, -30391, 44078, 41416, -22561, -44567, 1265, 35150, 27039, -21006, -36312, 4784, 31394, 8899, -20340, -16484, 11144, 14078, -5084, -5261, 2701, -1250, -7469, 4691, 20654, -7806, -24738, -246, 24376, 11252, -19892, -18942, 10725, 22970, 311, -24763, -9369, 22153, 11637, -16260, -7007, 12461, 6296, -11509, -4005, 12758, 3832, -14609, -6609, 15806, 11053, -14144, -16385, 7998, 21896, 431, -26953, -9488, 21555, 19145, -12279, -26143, 3607, 26586, 5680, -22430, -10992, 14756, 11341, -4312, -6529, -5551, -2301, 14868, 8837, -21105, -15957, 25499, 20502, -27280, -23527, 25900, 27297, -24424, -31615, 22888, 35078, -20652, -39516, 19130, 38685, -7828, -31258, -6657, 20577, 18351, -10016, -23924, 831, 20984, 6342, -11578, -9076, -2122, 3205, 13398, 3590, -23541, -11196, 30338, 16262, -33565, -15387, 35081, 7809, -36532, 4433, 39792, -17382, -44122, 25772, 46315, -31546, -47412, 32793, 45335, -32579, -37657, 32465, 28580, -32340, -20354, 31572, 14696, -30694, -12927, 27925, 16853, -22447, -21291, 14914, 24777, -8305, -25953, 1681, 24952, 3198, -23187, -7715, 22477, 11394, -23765, -24184, 26910, 32207, -27231, -41166, 23890, 48256, -18114, -49846, 12571, 43985, -7021, -29255, 4823, 7250, -4798, 14421, -3202, -42351, 9571, 68777, -21210, -92658, 36804, 113761, -51692, -127006, 56556, 131382, -45970, -120820, 18078, 103687, 22452, -67122, -62924, 22470, 92455, 22943, -102909, -60399, 93648, 82167, -71278, -85850, 46116, 74292, -26590, -59978, 15146, 43306, -21546, -36893, 32718, 44373, -38145, -61942, 32362, 80653, -11511, -92842, -17252, 89973, 47060, -70188, -75237, 39250, 81766, -5306, -74867, -20865, 57411, 33354, -35791, -32149, 19581, 17539, -13187, 1069, 16570, -18858, -23384, 26094, 34237, -24674, -41557, 16499, 41755, -7375, -34730, 1250, 22824, -1122, -9447, 2757, -3647
1791219443.091, MrmFullScanInfo, 598, 107, 2052481, 0, 0, 0, 0, 10000, 39297, 32, 2, 2, 1, 480, 0, 0, 0, 0, 0, 0, 168767, -229267, -312842, 481307, 361883, -538790, -379566, 352230, 434209, -34681, -506872, -253350, 506394, 430846, -371147, -522169, 134698, 580094, 109405, -567581, -280618, 392356, 331546, -48793, -253076, -334795, 85110, 607809, 83855, -722169, -178291, 712430, 187764, -644887, -148984, 577745, 119021, -544875, -137241, 547492, 205207, -534810, -298345, 422250, 400750, -181321, -492249, -111100, 508535, 350689, -379379, -505973, 121706, 599847, 154637, -629201, -348817, 550666, 449615, -341125, -483702, 53969, 422699, 197955, -217540, -302946, -96730, 218395, 357415, 9187, -396343, -270558, 192165, 427761, 128358, -380028, -416104, 144667, 587859, 146461, -594267, -374261, 418226, 510908, -118338, -549666, -192224, 449298, 427144, -201549, -541651, -109856, 499213, 376172, -296336, -545123, 11638, 595469, 227005, -504800, -325124, 287821, 258177, -34255, -70455, -124039, -144835, 103010, 283145, 73249, -272190, -293348, 110835, 429187, 129900, -400964, -349857, 213902, 469734, 49122, -453585, -281177, 320704, 406780, -140474, -400424, -7216, 283960, 74877, -118123, -60007, -23070, -8004, 88587, 81343, -71830, -113862, 5971, 88350, 55610, -24445, -68519, -40987, 24920, 76679, 43419, -68039, -92037, 22074, 93716, 34751, -47905, -72698, -23724, 77332, 88858, -54608, -121137, 23393, 113529, -3648, -79189, 5745, 42172, -25249, -25753, 45429, 41522, -46619, -82784, 19196, 127896, 31578, -151404, -91607, 137525, 145949, -88841, -180761, 23623, 183956, 35300, -152839, -71184, 98467, 78026, -40887, -60571, -1278, 32013, 19020, -8642, -15732, 2725, 4733, -17527, -1352, 46404, 13949, -75529, -40588, 90567, 71775, -85168, -95094, 63152, 100738, -33423, -86809, 4852, 59903, 15875, -30035, -25681, 5545, 26247, 9398, -22063, -16388, 17612, 21012, -15851, -27767, 16923, 37048, -17796, -46743, 14669, 54425, -5863, -57137, -7348, 52225, 21495, -38632, -32267, 17993, 36375, 4751, -32752, -22660, 22469, 30804, -8656, -29351, -3710, 22113, 10096, -13587, -9208, 7754, 3129, -7087, 4437, 11142, -9424, -16913, 8732, 21129, -2088, -21771, -7776, 18153, 17281, -11241, -23641, 3709, 25405, 1701, -22850, -3926, 18123, 3707, -14057, -2485, 12440, 1635, -13223, -2299, 14886, 5167, -15368, -10354, 13223, 16856, -8095, -22228, 353, 23890, 8998, -20910, -17904, 14373, 23719, -6345, -24475, -894, 19733, 5341, -10459, -6046, -1387, 3492, 13429, 899, -23549, -5657, 30420, 9986, -33734, -13922, 34232, 17933, -33279, -22265, 32111, 26513, -30667, -29548, 27095, 30146, -19090, -27914, 6525, 23492, 7333, -17669, -17613, 10861, 20666, -3762, -15758, -2076, 4848, 4958, 8818, -4349, -22003, 1500, 32287, 1079, -38364, -633, 40242, -4535, -39107, 14095, 36693, -25757, -34447, 36455, 32972, -43801, -31766, 46957, 29534, -46446, -25117, 43506, 18609, -39458, -11528, 35368, 6117, -31778, -4252, 28601, 6485, -25326, -11665, 21448, 17582, -16757, -22198, 11397, 24643, -5775, -25439, -69, 26114, 6607, -28159, -14078, 31699, 22074, -35106, -29777, 36326, 36089, -34313, -39065, 29275, 36234, -22093, -26019, 13275, 8814, -2515, 13174, -10875, -36940, 27298, 59657, -46407, -78942, 66468, 93122, -83320, -101210, 90702, 103183, -82553, -99494, 56322, 89924, -15035, -73333, -32995, 49087, 76664, -18946, -105824, -12631, 114974, 39615, -105069, -56806, 82627, 62087, -57203, -57149, 38041, 46805, -30393, -37528, 33340, 35359, -40534, -43130, 43802, 58809, -37067, -75962, 18460, 86526, 9094, -84503, -38667, 68601, 61903, -42675, -72634, 14206, 69483, 8532, -55806, -19509, 37972, 16896, -22417, -3641, 13358, -13720, -12063, 28057, 17083, -34734, -24789, 33064, 30605, -25622, -30943, 16343, 24621
1791219443.091, MrmFullScanInfo, 598, 107, 2052481, 0, 0, 0, 0, 10000, 39297, 32, 4, 2, 1, 480, 0, 0, 0, 0, 0, 0, 404, -273, -646, 839, 438, -1733, 200, 2775, -971, -3277, 1646, 2661, -2187, -1122, 2287, -390, -1695, 1088, 741, -956, -1420, 897, 4886, -1755, -8956, 3119, 9768, -3486, -6208, 2145, 1424, -73, 1761, -1431, -3122, 2044, 3525, -2158, -3035, 1664, 1727, 10, -626, -2258, 747, 3335, -1936, -2256, 2989, 47, -3098, 1397, 2494, -542, -2060, -4276, 2847, 13954, -4927, -17185, 6541, -5140, -4174, 43836, -1050, -47941, -5820, -12136, 15372, 108793, 1494, -200371, -37381, 256545, 50336, -248393, -41871, 174491, 69129, -88863, -144564, 43768, 205648, -27238, -194018, -1761, 123399, 40104, -44278, -52316, -15606, 32531, 51504, -6947, -58744, -9530, 39342, 10306, -5765, 20530, -31145, -84696, 60264, 148959, -65268, -167778, 36949, 125940, 10788, -45351, -45826, -39687, 45825, 101369, -14340, -121180, -28131, 93859, 60186, -33399, -66181, -35342, 46449, 88756, -19615, -108088, 5835, 84979, -13072, -29502, 40620, -32558, -85714, 72827, 137193, -74983, -174715, 41994, 181374, 4002, -153049, -34900, 97239, 36296, -29901, -15216, -27369, -10857, 55819, 27648, -51103, -26614, 24629, 5579, 6154, 29982, -27301, -67932, 31650, 94959, -18932, -102780, -3796, 90749, 24520, -65323, -34090, 37535, 31583, -18071, -22587, 12577, 14647, -19318, -13866, 30793, 22804, -37957, -38825, 34663, 54442, -20697, -61323, 1416, 54663, 15366, -35567, -23293, 10554, 20270, 11809, -9286, -25507, -3027, 30054, 9858, -29847, -7929, 30698, -847, -36156, 10885, 45336, -17183, -53751, 17860, 56578, -13611, -51635, 6671, 39984, -486, -24524, -1068, 8776, -3769, 4067, 13418, -12965, -24057, 19032, 31543, -23389, -33288, 25785, 29493, -25699, -22727, 23833, 16199, -20917, -11754, 16725, 9278, -10010, -7679, 18, 5976, 11772, -3436, -21952, -514, 27665, 5773, -28632, -11082, 26576, 14864, -23611, -16410, 21199, 15918, -19424, -14127, 16983, 12202, -12450, -11152, 5891, 10763, 975, -9592, -6052, 6676, 7928, -2643, -6289, -643, 1986, 1299, 3220, 1569, -7208, -7300, 8275, 13750, -5694, -18173, 101, 18547, 6529, -14388, -11595, 6801, 13103, 2100, -10606, -9952, 5444, 14931, 43, -16357, -3731, 14873, 4603, -11847, -2842, 8474, -622, -5125, 4423, 1533, -7112, 2477, 7947, -6501, -7373, 9763, 6474, -11516, -5842, 11270, 5268, -9128, -4182, 6170, 2357, -3942, -327, 3485, -741, -4959, -231, 7987, 3383, -11807, -7612, 15105, 11033, -16417, -12095, 14905, 10319, -10984, -6112, 6294, 303, -2719, 5931, 1288, -10808, -1747, 12534, 3035, -10312, -3800, 4842, 2959, 2126, -191, -8532, -4080, 12576, 9106, -13256, -14005, 10665, 17655, -5748, -18928, -229, 17312, 5991, -13226, -10276, 7758, 12044, -2131, -10800, -2520, 6831, 5260, -1098, -5479, -5032, 3158, 10095, 980, -12811, -5789, 12545, 10147, -9658, -13210, 5404, 14580, -1339, -14404, -1231, 13399, 1747, -12308, -464, 11291, -1437, -10047, 2463, 8076, -2001, -4493, 859, -1753, -586, 10663, 2575, -20473, -7600, 28523, 15210, -32479, -23466, 31354, 29512, -25792, -30716, 17619, 25830, -9021, -15604, 1983, 2769, 2183, 8858, -3331, -15824, 2682, 16244, -2344, -10490, 4058, 1311, -7957, 7169, 12521, -11593, -15372, 11121, 14389, -7427, -8516, 3427, -1601, -1492, 13612, 2593, -24073, -6312, 29606, 11162, -28192, -14903, 19988, 15254, -7322, -11174, -6274, 3598, 17384, 4610, -23591, -10300, 24330, 12044, -21451, -10345, 18417, 6323, -18075, -806, 20958, -5254, -25477, 10614, 29016
1791219443.091, MrmDetectionListInfo, 598, 198, 65, 6369, 66, 9289, 67, 11251, 78, 60837, 79, 65535, 80, 65535, 81, 65535, 82, 65535, 83, 65535, 84, 65535, 85, 65535, 86, 65535, 87, 65535, 88, 65535, 89, 65535, 90, 65535, 91, 65535, 92, 65535, 93, 65535, 94, 65535, 95, 63425, 96, 52841, 97, 45624, 98, 37685, 99, 30560, 100, 28647, 101, 31910, 102, 34937, 103, 33558, 109, 42101, 110, 65535, 111, 65535, 112, 65535, 113, 65535, 114, 65535, 115, 65535, 116, 65535, 117, 46031, 120, 46969, 121, 60335, 122, 65535, 123, 65535, 124, 65535, 125, 65535, 126, 65535, 127, 61109, 130, 45465, 131, 53033, 132, 61162, 133, 63621, 134, 59163, 135, 50933, 140, 50082, 141, 65535, 142, 65535, 143, 65535, 144, 65535, 145, 65535, 146, 65535, 147, 65535, 148, 65535, 149, 65535, 150, 65535, 151, 64894, 152, 47655, 157, 39163, 158, 44112, 159, 40144, 166, 54755, 167, 61464, 168, 61407, 169, 58509, 170, 55101, 171, 51981, 172, 50042, 173, 49185, 174, 47194, 175, 41994, 176, 34217, 187, 39161, 188, 41266, 189, 41330, 190, 39122, 191, 35042, 192, 30794, 193, 28584, 194, 28405, 195, 27351, 204, 19276, 206, 19418, 210, 26095, 211, 31695, 212, 35233, 214, 36540, 215, 35660, 216, 33557, 217, 29936, 218, 25145, 229, 25208, 230, 27085, 231, 28334, 232, 29039, 233, 28807, 234, 27474, 235, 25380, 236, 23046, 237, 20787, 240, 14698, 241, 12772, 250, 14015, 252, 17048, 253, 19145, 254, 20194, 255, 20144, 256, 19736, 257, 19469, 258, 19225, 259, 18706, 260, 17868, 261, 16871, 262, 15805, 263, 14595, 264, 13140, 265, 11452, 284, 10905, 285, 10998, 286, 10463, 287, 9947, 288, 10217, 289, 11245, 290, 11961, 291, 11379, 292, 9676, 316, 8553, 317, 8714, 318, 8746, 319, 8638, 320, 8280, 333, 7014, 335, 11266, 336, 12810, 337, 13772, 338, 14146, 339, 13867, 340, 12867, 341, 11192, 342, 9017, 351, 7306, 352, 7179, 361, 10512, 362, 11927, 363, 12653, 364, 13102, 365, 13273, 366, 12913, 368, 10558, 373, 10654, 374, 9382, 375, 7853, 377, 5925, 384, 5686, 385, 6483, 386, 7016, 389, 10646, 390, 11143, 391, 10805, 392, 10110, 393, 9403, 394, 8697, 395, 7995, 396, 7497, 397, 7348, 398, 7373, 399, 7224, 400, 6742, 413, 10363, 414, 14099, 415, 17482, 416, 20763, 417, 23965, 418, 26709, 419, 28554, 420, 29316, 421, 29026, 422, 27737, 423, 25455, 424, 22221, 425, 18197, 426, 13648, 427, 8920, 435, 8815, 467, 13715, 468, 16327, 469, 17798, 470, 18089, 471, 17431, 472, 16152, 473, 14591
1791219443.216, MrmFullScanInfo, 599, 107, 2052606, 0, 0, 0, 0, 10000, 39297, 32, 1, 2, 1, 480, -419074, 490739, 419052, -481843, -453845, 445104, 505384, -370107, -519957, 103817, 520145, 335750, -496527, -496177, 374545, 517472, -117552, -520192, -176437, 519420, 325621, -512134, -474298, 480181, 520150, 514478, -159139, -520179, -408652, 500491, 358369, -501492, -435812, 505531, 287429, -518083, -291172, 517740, 215211, -517124, -290877, 517115, 430866, -508058, -514871, 384790, 520192, 81872, -519995, -492798, 445637, 519443, -156080, -520154, -230863, 519483, 469279, -503773, -516076, 388126, 519843, -139656, -520187, -246833, 515013, 396898, -58064, -269588, -519294, -16363, 519836, 447895, -461373, -515629, -107760, 517432, 508668, -424889, -520192, -160431, 520192, 427586, -501814, -494988, 444307, 502924, -382579, -468642, 381304, 179081, -431628, 250248, 465998, -396432, -496500, 355816, 519684, -205718, -519929, 7279, 517056, 289921, -216290, -500324, -325259, 455892, 517081, -274185, -520096, 52090, 519998, 137602, -511642, 108634, 345261, -174087, -139234, 255022, 15232, -357868, -28708, 420632, 118498, -352009, -164735, 230896, 158224, -121940, -160950, -33871, 32761, 96488, 60394, -68363, -63375, 28099, 30075, -8928, 43037, 29300, -118360, -84749, 122010, 146817, -122038, -195861, 15881, 183066, 83446, -94219, -128367, -20217, 87371, 102243, 13340, -122081, -100988, 78218, 135082, 11880, -164687, -63074, 80154, 101443, 34203, -76435, -106706, 5220, 104374, 89391, -29330, -147462, -80773, 144037, 188967, -89558, -227850, 42500, 243635, 62832, -196626, -137552, 111274, 150236, -15790, -115383, -52361, 61070, 74867, -8919, -58366, -15783, 38735, 7160, -16106, 25325, 12127, -58392, -31028, 81699, 60252, -86409, -79282, 70097, 86604, -38221, -84123, 7715, 67265, 27142, -33011, -40073, 11219, 41447, -2910, -39428, 2295, 45425, -4574, -55369, 7673, 62056, -4719, -62121, 2369, 55944, 13742, -46921, -23296, 31436, 30551, -18410, -34119, 10522, 32259, -4078, -30118, 38, 29241, 1915, 1345, 3004, -108, -1512, -4658, -2415, 7689, 8811, -4748, -15716, 1415, 20873, 1270, -20870, -5845, 18371, 17193, -6234, -21181, -2200, 22537, 10903, -22704, -15617, 20784, 18613, -16900, -22622, 13127, 26172, -9957, -26975, 5839, 10443, -7833, -11388, 9557, 14505, -8772, -17959, 4206, 23039, 3514, -24437, -15141, 21823, 29119, -15703, -47919, 6237, 49648, 7438, -43627, -19706, 31788, 26330, -15514, -25165, -561, 19465, 11764, -9261, -15823, -79, 11917, 5376, -7160, -7980, 1604, 9143, 1810, -9601, -3815, 10342, 7370, -13171, -11312, 18688, 17513, -22817, -24665, 28704, 27091, -23655, -24830, 11737, 18147, 1544, -9309, -9792, -917, 12113, 9072, -9357, -12554, 2641, 8239, 394, -1665, -8115, -5169, 14864, 11446, -19909, -11506, 23238, 4020, -26770, 8268, 34179, -22244, -43796, 33985, 46975, -43530, -52745, 47695, 55086, -47270, -50464, 43538, 42196, -35777, -31161, 25378, 20141, -14072, -9311, -1854, 6030, 12527, -1930, -20130, 868, 22243, -1588, -20118, 5594, 15232, -13564, -9915, 23864, 5691, -34195, -14221, 46390, 19564, -50325, -27358, 47667, 35480, -38985, -39552, 27861, 36765, -15349, -26890, 4924, 10658, 4655, 6246, -6328, -25612, 19288, 45339, -36677, -66326, 55554, 86565, -70422, -103059, 74584, 112997, -62963, -109065, 34441, 91396, 9832, -60137, -47640, 21171, 75316, 19248, -83724, -51317, 76573, 68911, -56860, -71206, 36019, 58335, -21462, -46302, 10247, 27501, -18883, -18938, 30965, 22007, -38354, -33200, 32148, 46484, -10666, -51899, -20039, 47933, 51743, -30329, -84952, 3040, 88486, 22711, -76774, -40056, 51394, 41016, -20647, -28586, -3313, 6625, 15316, 15823, -15319, -17252, 8455, 23613, 1137, -20563, -5661, 10452, 3654, 124, 4974, -4842, -17851, 2644, 30078, 6060, -36628
1791219443.216, MrmFullScanInfo, 599, 107, 2052606, 0, 0, 0, 0, 10000, 39297, 32, 2, 2, 1, 480, 0, 0, 0, 0, 0, 0, 168304, -228668, -312421, 479164, 362294, -534561, -381225, 346783, 436888, -30029, -510007, -255585, 509479, 430665, -373443, -520792, 135447, 578812, 110121, -566730, -280271, 391063, 326972, -45778, -244129, -339690, 75775, 612911, 89452, -725363, -180423, 713261, 188963, -644580, -150309, 577443, 119634, -544734, -136749, 547799, 204131, -536822, -296841, 426496, 398204, -186018, -487832, -108872, 502902, 351942, -374705, -508881, 119626, 601819, 154684, -628968, -348596, 548180, 450352, -341293, -486545, 70969, 425169, 151745, -212400, -236899, -115115, 162038, 397475, 30262, -463932, -264693, 277871, 440562, 44395, -453442, -349049, 270152, 560187, 14886, -666463, -255710, 677406, 361775, -621275, -300049, 533042, 85093, -435438, 200440, 347829, -426765, -299859, 499666, 315455, -408575, -373609, 198425, 391721, 68669, -285777, -322062, 58025, 481796, 200758, -489555, -402517, 374443, 510053, -244380, -503147, 187729, 375011, -206507, -172041, 255148, -12356, -304199, 103118, 337642, -90061, -337996, 15980, 289792, 61320, -193461, -99337, 72244, 86514, 34301, -42487, -91419, 2771, 93006, 4974, -62955, 24822, 35925, -76946, -36603, 123026, 67995, -134293, -111272, 97160, 136660, -24704, -120572, -45940, 60853, 77099, 19970, -54948, -85502, -6592, 106980, 76367, -79753, -118437, 22275, 108067, 36628, -49243, -68117, -23874, 52717, 69654, 7095, -62460, -84892, 3905, 145841, 81693, -164013, -161694, 130675, 209973, -56884, -213652, -29237, 172708, 94880, -100537, -120259, 21497, 105925, 39169, -68434, -67180, 30772, 63784, -11465, -42082, 16905, 19562, -41041, -9702, 70596, 15945, -91254, -32772, 93381, 51340, -75305, -63486, 42966, 64169, -6588, -53778, -23578, 37984, 41676, -23945, -48834, 16255, 50581, -15465, -51679, 18782, 53210, -21320, -53816, 18593, 52076, -9237, -47450, -4315, 40299, 17615, -31747, -27001, 23216, 31205, -15740, -29685, 9873, 22306, -5359, -11642, 1587, 3215, 1580, -867, -4308, 3104, 7423, -6138, -11561, 7382, 16028, -5695, -18844, 613, 18274, 7271, -14015, -15915, 7262, 22848, 79, -26548, -6623, 26785, 12072, -24482, -16730, 21088, 19628, -17669, -19067, 14599, 15370, -12163, -11530, 10710, 10650, -9783, -13344, 7873, 18176, -3092, -22913, -6101, 25737, 19372, -25510, -33342, 21214, 43083, -12309, -45177, 198, 39284, 11663, -27288, -19572, 12433, 21448, 1361, -17554, -10717, 10038, 14124, -1729, -12395, -5155, 7906, 9669, -3005, -12127, -1082, 13882, 4383, -16536, -7511, 21057, 10780, -26739, -13673, 30748, 15263, -29445, -15134, 21310, 13427, -8694, -10147, -3699, 5246, 11705, 479, -13672, -5073, 10272, 6608, -3135, -4673, -5994, 858, 15269, 2052, -22723, -1286, 27229, -4746, -29266, 15794, 30193, -29903, -31013, 44112, 32056, -55465, -33095, 61959, 33282, -62696, -31383, 57660, 26892, -47604, -20484, 33786, 13886, -17906, -9081, 2265, 7111, 10543, -7437, -18566, 8787, 21219, -10568, -19058, 13238, 13378, -17649, -6451, 24467, 1165, -33632, 429, 43610, 2049, -51357, -7804, 53980, 15352, -50416, -22152, 41439, 25107, -28709, -22045, 14317, 12704, 130, 1509, -14837, -18243, 31664, 35005, -51825, -49954, 73525, 62374, -91909, -72050, 100529, 78356, -93359, -79962, 67755, 75306, -27012, -63129, -19725, 43156, 61031, -17213, -87693, -10322, 95603, 33545, -86606, -47559, 66959, 50475, -45070, -43832, 28895, 31830, -23021, -20073, 26459, 14057, -32906, -16688, 34223, 26830, -24576, -39607, 2598, 48492, 27828, -48248, -58265, 37133, 78828, -17822, -82719, -3322, 69354, 18850, -43913, -23492, 15011, 17214, 8625, -4754, -21179, -7964, 21844, 16797, -14759, -19560, 6246, 15699, -1562, -7237, 3301, -1696, -11142
1791219443.216, MrmFullScanInfo, 599, 107, 2052606, 0, 0, 0, 0, 10000, 39297, 32, 4, 2, 1, 480, 0, 0, 0, 0, 0, 0, -285, 475, 135, -1772, 611, 3469, -1592, -4232, 2295, 3224, -2471, -1082, 2176, -658, -1293, 1185, -71, -771, 1186, 397, -429, -887, -2322, 2271, 4962, -3588, -5015, 3650, 2860, -2329, -1549, 869, 2093, -387, -2880, 670, 2361, -888, -994, 1127, -250, -2096, 1244, 3313, -2285, -3217, 3665, 1138, -4388, 1395, 3226, -2356, -661, 1866, -1365, -2580, 2191, 7050, -2734, -16045, 2231, 31093, -2712, -54153, 10102, 81788, -28189, -100512, 51319, 101143, -62931, -106171, 57562, 145003, -50078, -199026, 42611, 213271, 4321, -175062, -137295, 137742, 353252, -158952, -593301, 243508, 784971, -335307, -887854, 362635, 888148, -286642, -779619, 109677, 585586, 138770, -365566, -399795, 160251, 595155, 26880, -665229, -176407, 601024, 249256, -455332, -252982, 337215, 247201, -343357, -268997, 467080, 302474, -593443, -324804, 603604, 339374, -475294, -352462, 269869, 345073, -66342, -292749, -85472, 198654, 167433, -91778, -181253, 5278, 143692, 37661, -83445, -29174, 34111, -15214, -19943, 62856, 44041, -87712, -87070, 82341, 119193, -51607, -119292, 6660, 85863, 33598, -32158, -46565, -22591, 22613, 58442, 27124, -61104, -81396, 31668, 120537, 13010, -130151, -52600, 105407, 74546, -57853, -74141, 12563, 52475, 9107, -19206, -1547, -10019, -26191, 23998, 58039, -21330, -77859, 6015, 75424, 16937, -50501, -39861, 12057, 52611, 27100, -49886, -55375, 35167, 66848, -17891, -63035, 7228, 50701, -6790, -37253, 13461, 26909, -20635, -19856, 22859, 13728, -18636, -6433, 10185, -1858, -18, 8959, -10498, -12301, 19621, 10637, -24846, -4487, 25409, -4549, -23825, 14350, 23214, -22810, -24544, 29320, 26057, -34188, -25215, 36898, 21606, -36424, -17716, 33124, 16670, -28597, -19891, 23177, 26666, -15574, -34516, 5836, 40074, 3882, -40164, -11722, 33423, 17554, -21061, -21357, 6083, 21864, 7758, -18376, -17073, 11962, 20057, -4935, -16699, -608, 8740, 3859, 379, -5100, -6599, 5136, 7509, -5193, -3790, 6669, -1637, -10192, 5324, 14749, -5880, -18342, 4392, 19549, -2245, -18497, -453, 16243, 4079, -13373, -8045, 9757, 11497, -5006, -14010, -1204, 15694, 8672, -16703, -16221, 16703, 22024, -14958, -24565, 11130, 23348, -5754, -18693, -21, 11566, 5084, -3522, -8927, -3580, 11687, 8362, -13752, -10516, 15345, 10788, -16352, -10347, 16455, 10274, -15259, -11127, 12495, 12785, -7985, -14620, 1758, 15760, 5620, -15326, -12892, 12826, 18525, -8689, -21273, 4194, 20404, -631, -15830, -1415, 8154, 2122, 1123, -1858, -9670, 840, 15213, 770, -16785, -2471, 15185, 3517, -12003, -3473, 8512, 2729, -5518, -2350, 3568, 3315, -2745, -5818, 2491, 9106, -2023, -11658, 977, 11757, 512, -8271, -1809, 879, 2217, 9748, -1395, -21597, -647, 31708, 3740, -37452, -7305, 37633, 10137, -32427, -10897, 22995, 8941, -11166, -4651, -872, -847, 11152, 6200, -18362, -10119, 21887, 11684, -21645, -10550, 18066, 6976, -11913, -1698, 4274, -3533, 3610, 6583, -10744, -6576, 16878, 4538, -22368, -2039, 27284, -237, -31000, 1910, 32576, -2261, -31827, 932, 29376, 1639, -25458, -4959, 19625, 9054, -11749, -13586, 2827, 17232, 5541, -18619, -11851, 17366, 15059, -14554, -15076, 11980, 13128, -10894, -11431, 11268, 12172, -12159, -16201, 12692, 22755, -12440, -29763, 11441, 34754, -10116, -35869, 8855, 32562, -7478, -25872, 5251, 17830, -1475, -10424, -3960, 4879, 10584, -1581, -17415, 1235, 23053, -4435, -26074, 10004, 26211, -15069, -24846, 17549, 23653, -17635, -23210, 16276, 23226, -13775, -23250
1791219443.216, MrmDetectionListInfo, 599, 253, 15, 2926, 16, 3171, 76, 65535, 77, 65535, 78, 65535, 79, 65535, 80, 65535, 81, 65535, 82, 65535, 83, 65535, 84, 65535, 85, 65535, 86, 65535, 87, 65535, 88, 65535, 89, 65535, 90, 65535, 91, 65535, 92, 65535, 93, 65535, 94, 65535, 95, 65535, 96, 65535, 97, 65535, 98, 65535, 99, 65535, 100, 65535, 101, 65535, 102, 65535, 103, 65535, 104, 65535, 105, 65535, 106, 65535, 107, 65535, 108, 65535, 109, 65535, 110, 65535, 111, 65535, 112, 65535, 113, 65535, 114, 65535, 115, 65535, 116, 65535, 117, 65535, 118, 65535, 119, 65535, 120, 65535, 121, 65535, 122, 65535, 123, 65535, 124, 65535, 125, 65535, 126, 65535, 127, 65535, 128, 65535, 129, 65535, 130, 65535, 131, 65535, 132, 65535, 133, 65535, 134, 65535, 135, 65535, 136, 65535, 137, 65535, 138, 65535, 139, 65535, 140, 60293, 146, 65535, 147, 65535, 148, 65535, 149, 65535, 150, 65535, 151, 65535, 152, 65535, 153, 55296, 154, 44613, 155, 40587, 156, 38516, 157, 34573, 160, 38447, 161, 49361, 162, 59433, 163, 65535, 164, 65535, 165, 65535, 166, 65535, 167, 65535, 168, 65535, 169, 65535, 170, 65535, 171, 64044, 172, 48355, 185, 40469, 186, 39930, 187, 38555, 188, 35204, 189, 31990, 190, 32957, 191, 39222, 192, 46948, 193, 51105, 194, 49943, 195, 45390, 196, 40175, 197, 35507, 198, 31276, 199, 27414, 200, 24406, 201, 22696, 204, 21637, 206, 19119, 223, 19192, 224, 21934, 225, 24253, 226, 26108, 227, 27773, 228, 29285, 229, 30340, 230, 30627, 231, 30107, 232, 28979, 233, 27515, 234, 25965, 235, 24568, 236, 23537, 237, 22991, 238, 22882, 239, 23015, 240, 23126, 241, 22982, 242, 22512, 243, 21973, 244, 21864, 245, 22493, 246, 23621, 247, 24456, 248, 24116, 249, 22315, 250, 19502, 251, 16430, 252, 13994, 254, 13837, 256, 16284, 275, 10870, 276, 11751, 277, 11918, 278, 11678, 285, 9845, 286, 10033, 287, 9774, 288, 9287, 289, 8781, 290, 8441, 292, 10130, 293, 12679, 294, 15427, 295, 17432, 296, 18519, 297, 19035, 298, 19153, 299, 18673, 300, 17368, 301, 15284, 302, 12673, 303, 9866, 312, 12334, 313, 13005, 314, 13187, 315, 13294, 316, 13438, 317, 13486, 318, 13343, 319, 13072, 320, 12771, 321, 12446, 325, 9532, 326, 8868, 327, 9208, 328, 10701, 329, 12649, 330, 14128, 331, 14739, 332, 14670, 333, 14232, 334, 13500, 335, 12377, 346, 8844, 349, 9085, 350, 9138, 351, 8614, 352, 7580, 374, 9501, 375, 12631, 376, 15038, 377, 17338, 378, 19840, 379, 22042, 380, 23259, 381, 23314, 382, 22466, 383, 20929, 384, 18671, 385, 15619, 386, 11897, 392, 11670, 393, 15095, 394, 16340, 395, 16466, 396, 16465, 397, 16227, 398, 15123, 399, 12968, 400, 10137, 408, 10935, 411, 12955, 412, 13699, 413, 14435, 414, 15183, 415, 16069, 416, 16991, 417, 17549, 418, 17405, 419, 16631, 420, 15646, 421, 14861, 422, 14396, 423, 14087, 424, 13696, 425, 13071, 426, 12205, 427, 11172, 428, 10143, 431, 11928, 432, 14068, 433, 15548, 434, 15923, 435, 15464, 436, 14663, 437, 13789, 438, 12885, 447, 18235, 449, 21290, 450, 22319, 468, 13296, 469, 15299, 470, 17148, 471, 18678, 472, 19817, 473, 20542, 474, 20875, 475, 20886, 476, 20689, 477, 20380
1791219443.341, MrmFullScanInfo, 600, 107, 2052731, 0, 0, 0, 0, 10000, 39297, 32, 1, 2, 1, 480, -420924, 490128, 420161, -480233, -452542, 446302, 504929, -367103, -520049, 109533, 520192, 331918, -497076, -498693, 373050, 516765, -112882, -519960, -175884, 519640, 323016, -511937, -476912, 480068, 520189, 513471, -178687, -520141, -405698, 500583, 357072, -501316, -441765, 505667, 281940, -517697, -285657, 517707, 224961, -518001, -294601, 516306, 430019, -507658, -516701, 378267, 520192, 94138, -519951, -490130, 452664, 519597, -165436, -519775, -240907, 519606, 470314, -503290, -516758, 391228, 520023, -139282, -520152, -244846, 513366, 454832, -65176, -372478, -519188, 73206, 520067, 410745, -479396, -514063, -67262, 517173, 510055, -321544, -520192, -321141, 518564, 517144, -354022, -520171, 20690, 519956, 350235, -500909, -515562, 252141, 520192, 281945, -518900, -516197, 332352, 520182, 229310, -517856, -464453, 472961, 510278, -342421, -516770, 233377, 484100, -264799, -237309, 352604, 45220, -467437, -18771, 512631, 52008, -512146, -323176, 363936, 489300, -49706, -506663, -299001, 388544, 485925, -156218, -510669, -34039, 492818, 154253, -431058, -31228, 258027, -54982, -152554, 142459, 136294, -170960, -171827, 136438, 199392, -21548, -173460, -123384, 85878, 193150, 38798, -180277, -111224, 102012, 160639, 8136, -118157, -86168, 27404, 84116, 62483, -8901, -112382, -78372, 99571, 132255, -29684, -142726, 1786, 87590, 49061, 15735, -50130, -100212, -5009, 119192, 97442, -64641, -165137, -40995, 174248, 154043, -125585, -182852, 49045, 209246, 52600, -176391, -122879, 103522, 133895, -18131, -93365, -39274, 28926, 47385, 32671, -11757, -62110, -51963, 49179, 96158, 6756, -108104, -69463, 75519, 120249, -15001, -142073, -40191, 127353, 78359, -87633, -93141, 48674, 72515, -8730, -44413, -6061, 24910, 8502, -15600, -3325, 15682, 4576, -20849, -14570, 26294, 26603, -20998, -35935, -5425, 33912, 21235, -28635, -33786, 10609, 41147, 8245, -40186, -22125, 28156, 30277, -10775, -28794, -724, 18254, 15048, -6518, -14488, -4035, 3162, 9280, 12447, -5664, -21571, -8942, 23980, 28114, -17582, -41747, 1846, 48076, 7573, -45907, -21463, 37368, 30085, -23135, -32487, 9287, 27476, 3568, -17984, -13519, 10831, 18933, -10499, -20188, 11427, 12304, -19424, -16437, 26861, 22754, -28494, -27670, 23772, 32230, -14574, -30184, 1614, 22985, 12466, -12508, -24508, -262, 23133, 13439, -15548, -23012, 4754, 24252, 6078, -19962, -13379, 12849, 15712, -3185, -12365, -5125, 3756, 10270, 2255, -12745, -7197, 15461, 7840, -17804, -6486, 20624, 7032, -24531, -8439, 29007, 11613, -30904, -11381, 24826, 13768, -17805, -12870, 7323, 9223, 3048, -4969, -9521, 343, 9387, 4304, -5119, -5952, -2060, 1401, 6855, 4825, -14233, -11627, 21886, 16614, -28316, -16336, 35705, 8454, -43494, 2902, 53479, -12992, -64959, 15088, 73857, -15440, -79385, 6190, 81128, 4523, -76420, -14810, 65862, 22814, -52066, -26998, 37952, 26909, -25157, -16868, 19867, 15318, -15349, -11898, 15064, 7951, -15413, -6561, 16765, 6334, -19514, -9234, 24232, 15139, -28614, -31428, 34564, 41137, -34402, -48627, 30312, 51571, -22981, -48363, 16088, 38326, -9534, -21620, 4590, -299, -329, 18589, -11950, -43137, 25489, 67776, -44328, -91745, 65482, 115411, -80762, -133310, 81251, 142021, -60839, -135618, 21723, 120609, 24996, -87527, -74196, 41734, 108066, 9821, -117873, -55949, 103137, 85278, -72923, -92803, 39642, 80114, -13700, -55341, 1247, 31910, -9190, -20318, 24302, 23887, -35072, -39773, 32688, 59853, -12982, -71160, -17497, 68455, 47076, -45958, -73138, 13413, 76730, 19759, -62838, -41963, 36154, 44729, -6029, -29164, -15073, 2306, 22020, 23856, -13921, -34975, -700, 41970, 18830, -35950, -28715, 22043, 26640, -8017, -13821, 870, -3621, -3047, 18353, 10676, -26239
1791219443.341, MrmFullScanInfo, 600, 107, 2052731, 0, 0, 0, 0, 10000, 39297, 32, 2, 2, 1, 480, 0, 0, 0, 0, 0, 0, 168367, -228429, -312418, 478846, 362170, -534957, -380919, 348337, 436190, -32026, -508714, -254431, 507707, 430809, -371853, -521628, 134722, 579461, 110086, -566864, -281341, 391350, 331209, -47344, -251163, -336647, 82306, 609809, 86338, -723884, -179901, 713494, 188943, -645344, -150631, 578079, 121360, -545492, -139580, 548343, 206732, -535499, -298898, 422380, 400704, -180733, -491914, -112173, 507794, 351825, -377781, -507038, 119161, 600900, 157449, -630026, -350945, 550342, 450913, -339759, -486977, 54356, 430917, 195301, -229757, -305537, -86964, 235293, 371635, -24443, -455804, -230296, 288265, 401284, 33845, -383070, -350895, 170186, 540463, 124517, -533716, -376722, 330335, 533241, -21754, -557856, -270335, 412122, 473801, -126252, -546176, -189423, 445996, 438117, -190588, -589033, -109083, 638226, 331155, -595524, -420878, 504254, 375442, -423419, -225749, 387124, 40437, -394508, 85890, 423381, -82562, -436246, -52694, 384619, 251693, -234794, -415498, 5362, 470640, 236560, -400675, -421844, 257440, 507724, -127871, -478913, 70061, 356503, -81244, -203947, 121544, 94324, -151686, -61209, 143327, 85513, -84763, -118875, -10748, 119272, 106540, -72920, -161396, -3266, 153336, 74183, -91838, -105864, 12968, 82816, 40955, -17271, -45693, -56581, 6072, 103391, 50504, -105910, -88821, 69452, 83616, -15302, -34682, -26621, -32282, 28625, 81235, 16639, -84919, -88766, 39432, 150993, 36266, -170485, -113841, 135214, 169101, -59822, -186377, -23091, 159798, 80726, -99105, -95399, 29149, 69306, 20527, -19995, -30998, -27695, 3397, 51106, 43097, -38736, -82247, -5253, 94399, 63467, -74905, -113201, 33446, 136662, 12904, -128210, -47754, 95036, 62222, -52136, -57859, 15238, 43411, 6161, -28421, -12547, 19275, 11413, -17705, -10826, 19986, 14613, -19344, -22009, 11355, 29187, 2967, -31294, -19186, 25456, 32656, -12702, -39381, -2771, 37268, 15965, -27081, -23020, 12320, 22578, 1674, -15951, -9343, 6150, 7776, 2766, 1317, -6196, -13075, 1102, 22195, 11740, -25221, -27758, 21302, 41094, -11731, -47411, -950, 45375, 13508, -36314, -22473, 22882, 25794, -8031, -24223, -5307, 20741, 14123, -18432, -16800, 18911, 14865, -22183, -12136, 26880, 11903, -30442, -14792, 30167, 19113, -24401, -22255, 13163, 22198, 1234, -18104, -14416, 10008, 22043, 985, -22224, -12220, 16096, 20321, -6561, -22905, -2984, 19593, 9573, -11792, -11593, 1981, 9358, 7304, -4838, -14415, 593, 18953, 1681, -21535, -1880, 23399, 1156, -25705, -598, 28327, 709, -29580, -1723, 27552, 3612, -21557, -5784, 12523, 7254, -2653, -7188, -5193, 5211, 8778, -1880, -7538, -1127, 2377, 1978, 5411, -121, -14664, -3104, 24266, 5076, -33000, -3123, 40027, -3982, -45439, 14919, 50264, -26379, -55645, 34691, 61892, -37262, -68151, 33394, 72696, -24286, -73500, 12412, 69260, -442, -60219, -8953, 48208, 13894, -35803, -14318, 25456, 11784, -18696, -8110, 15656, 4472, -15479, -1804, 17279, 930, -20703, -2837, 25921, 8272, -32879, -16610, 40242, 25741, -45322, -33298, 45745, 37636, -41034, -37401, 32417, 31382, -21593, -19382, 9384, 2755, 4635, 16266, -21575, -35668, 42304, 54159, -66343, -70862, 90797, 85186, -109731, -96528, 115446, 104367, -101907, -107973, 68084, 105522, -18961, -94030, -35732, 71137, 84039, -37688, -115169, -1140, 123308, 36932, -109603, -61112, 81385, 68738, -49559, -60870, 25033, 44084, -14590, -27512, 17919, 19201, -27940, -22951, 34723, 36789, -30508, -53587, 12894, 64171, 14477, -61685, -43329, 44841, 63885, -18511, -68916, -8296, 56983, 26153, -32838, -29214, 5456, 17931, 15674, 1806, -24242, -22167, 19504, 36652, -6261, -41521, -7734, 36348, 15481, -24405, -13620, 11339, 3305
1791219443.341, MrmFullScanInfo, 600, 107, 2052731, 0, 0, 0, 0, 10000, 39297, 32, 4, 2, 1, 480, 0, 0, 0, 0, 0, 0, -71, 442, 93, -1063, 94, 1069, -335, -273, 264, -534, 234, 564, -820, -31, 1002, -370, -717, 306, 447, 66, -1223, -110, 3151, -581, -4734, 1485, 4184, -1505, -1767, 460, -131, 595, 755, -885, -1391, 854, 2609, -1060, -3216, 958, 2542, 476, -1613, -2736, 1592, 3943, -2520, -2848, 2939, 523, -1545, 781, -932, -84, 2347, -2139, -1528, 5286, -623, -6642, 849, 1384, 3704, 10934, -11505, -21935, 15100, 21749, -5144, -10054, -15372, -4937, 31320, 11108, -29262, -859, 15240, -20924, -20693, 43231, 84132, -68147, -214158, 109592, 369314, -161674, -492854, 194559, 553538, -184800, -534731, 126723, 427686, -20719, -265169, -123133, 113309, 277863, 5851, -423607, -123612, 558854, 243121, -666057, -321060, 697682, 335823, -636621, -320458, 529966, 308973, -432592, -302208, 345866, 287831, -239721, -259837, 112811, 218113, 9214, -164757, -107973, 118733, 177655, -106907, -211033, 131939, 205831, -165466, -178580, 177741, 154440, -161951, -145559, 124480, 145912, -73807, -140657, 19725, 121540, 26081, -91508, -53602, 58154, 60082, -27180, -51036, 2673, 35753, 10715, -23052, -11430, 18129, 3325, -20340, 7734, 24520, -16749, -25026, 19726, 19335, -14828, -8405, 5172, -5263, 1814, 17970, -915, -25692, -6821, 26889, 14453, -23193, -14471, 17260, 5613, -11534, 5894, 8832, -11988, -10979, 8481, 15941, 4387, -18170, -23096, 10940, 42428, 9481, -56649, -40001, 60290, 71191, -49857, -92496, 26529, 97834, 3137, -87216, -30188, 65835, 47613, -41834, -52707, 22369, 47398, -10023, -37167, 3045, 28441, 1364, -25027, -4791, 26377, 8005, -29172, -11195, 29791, 13173, -26382, -12275, 19592, 8439, -12125, -3592, 7281, -184, -6888, 2060, 10300, -1547, -14924, -1630, 17783, 6104, -16961, -9048, 12154, 8522, -4637, -4753, -3164, -1130, 8558, 8377, -9321, -15716, 4491, 20965, 5090, -22793, -16835, 21643, 27366, -18461, -34084, 13566, 36152, -7432, -33944, 1650, 28384, 2368, -20905, -4608, 13411, 6191, -7507, -8404, 3665, 12049, -1277, -17028, -508, 22160, 2190, -25612, -3707, 26096, 4568, -23554, -4226, 19267, 2442, -15186, 560, 12788, -4000, -12318, 6618, 13012, -7299, -13697, 5835, 13249, -2978, -11063, -87, 7379, 2411, -3127, -3538, -499, 3565, 2494, -2984, -2310, 2452, 27, -2449, 3734, 3061, -8047, -3961, 12333, 4077, -16117, -2327, 18311, -672, -17714, 2513, 14373, -1349, -9620, -2207, 4780, 6108, -601, -8492, -2537, 8596, 4478, -6794, -5278, 4274, 5136, -2400, -4300, 2206, 3020, -4107, -1560, 7811, 388, -12509, -438, 17634, 2745, -23146, -7764, 28978, 15194, -34675, -24117, 39606, 33072, -43039, -40214, 44042, 43996, -41877, -43011, 36385, 36687, -28075, -26361, 18446, 14977, -9729, -5283, 3655, -1365, -498, 4427, -539, -3801, 461, -56, 5, 5929, -329, -11906, 97, 15932, 892, -16572, -2490, 13607, 4200, -8014, -5400, 1397, 5730, 4632, -5768, -8858, 6726, 10812, -9218, -10970, 12722, 10485, -16168, -10382, 18627, 11093, -19009, -12579, 16202, 14905, -10267, -18250, 2677, 22101, 4960, -24842, -11895, 24481, 17597, -19785, -20931, 11131, 20742, -623, -16554, -8359, 9126, 12817, -324, -11942, -7390, 7459, 11890, -2200, -12248, -1604, 9013, 2879, -3859, -1808, -1319, -222, 5479, 1282, -8429, -27, 10276, -3386, -11299, 7434, 12188, -10140, -13697, 9977, 15864, -6599, -17752, 968, 17906, 5323, -15219, -10765, 9743, 14232, -2890, -15108, -3071, 13506, 6145, -10326, -5781, 7008, 3155
1791219443.341, MrmDetectionListInfo, 600, 179, 80, 15105, 81, 19918, 82, 21445, 87, 32287, 88, 52907, 89, 65535, 90, 65535, 91, 65535, 92, 65535, 93, 65535, 94, 65535, 95, 65535, 96, 65535, 97, 65535, 98, 65535, 99, 65535, 100, 65535, 101, 65535, 102, 65535, 103, 65535, 104, 65535, 105, 65535, 106, 65535, 107, 65535, 108, 65535, 109, 65535, 110, 65535, 111, 65535, 112, 65535, 113, 65535, 114, 65535, 115, 65535, 116, 65535, 117, 65535, 118, 65535, 119, 65535, 120, 65535, 121, 65535, 122, 65535, 123, 65535, 124, 65535, 125, 65535, 126, 65535, 127, 65535, 128, 65535, 129, 65535, 130, 65535, 131, 65535, 132, 65535, 133, 65535, 134, 65535, 135, 65535, 136, 65535, 137, 65535, 138, 65535, 139, 65535, 140, 65535, 141, 65535, 142, 65535, 143, 65535, 144, 65535, 145, 65535, 146, 65535, 147, 65535, 148, 65535, 149, 63455, 150, 64430, 151, 63511, 152, 57932, 153, 48701, 154, 38510, 194, 19750, 195, 24086, 196, 27865, 197, 32828, 198, 40923, 199, 51427, 200, 60881, 201, 65535, 202, 65535, 203, 64644, 204, 60169, 205, 54448, 206, 49594, 207, 48547, 208, 51278, 209, 53596, 210, 51643, 211, 45863, 212, 39421, 215, 25231, 223, 18418, 224, 19751, 225, 20703, 226, 21066, 227, 20619, 229, 17047, 259, 17138, 260, 20339, 261, 22922, 262, 24438, 263, 25017, 264, 24942, 265, 24272, 266, 22908, 267, 20864, 268, 18411, 269, 16027, 270, 14162, 271, 12871, 272, 11780, 273, 10525, 284, 13512, 285, 14612, 286, 15159, 287, 15135, 288, 14630, 289, 13720, 290, 12454, 291, 10928, 292, 9331, 325, 9912, 326, 10036, 327, 9804, 328, 9495, 331, 8096, 356, 10134, 357, 12345, 358, 14950, 359, 17927, 360, 21210, 361, 24702, 362, 28289, 363, 31839, 364, 35207, 365, 38229, 366, 40729, 367, 42540, 368, 43519, 369, 43548, 370, 42540, 371, 40448, 372, 37297, 373, 33204, 374, 28390, 375, 23160, 376, 17865, 377, 12843, 378, 8398, 392, 7669, 394, 8736, 395, 9133, 396, 9010, 397, 8307, 398, 7231, 411, 12799, 412, 13475, 413, 14152, 414, 14778, 415, 15226, 416, 15387, 417, 15218, 418, 14736, 419, 13996, 421, 12191, 422, 11815, 423, 12575, 424, 14564, 425, 17068, 426, 19104, 427, 20108, 428, 20088, 429, 19269, 430, 17731, 431, 15416, 432, 12517, 435, 9648, 470, 11825, 471, 11978
1791219443.466, MrmFullScanInfo, 601, 107, 2052856, 0, 0, 0, 0, 10000, 39297, 32, 1, 2, 1, 480, -421576, 491891, 422187, -480220, -450202, 446900, 506113, -369467, -519961, 108670, 520152, 335485, -494690, -497756, 372571, 518698, -112473, -520190, -180778, 519486, 319367, -512057, -478838, 479493, 520189, 513705, -150395, -520063, -414209, 496230, 364386, -500531, -442505, 504810, 287538, -517782, -278333, 518692, 214661, -517312, -284336, 516396, 426557, -508932, -514966, 387131, 520192, 76389, -520042, -490356, 451978, 519399, -177046, -520113, -229464, 519753, 469933, -504282, -516284, 388882, 520082, -135144, -520166, -274224, 512902, 465973, -66611, -394999, -519211, 109014, 520118, 399514, -489978, -515457, -55186, 516760, 508728, -325452, -520192, -340737, 517235, 518996, -330458, -520098, 22752, 519900, 322972, -505591, -508549, 348385, 520118, 109163, -520150, -482753, 457800, 519828, -29327, -519755, -267733, 509115, 384833, -361731, -332349, 66242, 23631, 59131, 275597, 16837, -404252, -258144, 312566, 495468, -35972, -519622, -422954, 476410, 517905, -278021, -520192, -21178, 520090, 270936, -514129, -389323, 484730, 448356, -370295, -468723, 288242, 296323, -135216, -266769, 29730, 239010, 30852, -208011, -29425, 198130, 33892, -205237, -76483, 217403, 121359, -211032, -31553, 188279, 83570, -164837, -133602, 136285, 158549, -85349, -162892, 18376, 138914, 37364, -72361, -71408, -12151, 82006, 42428, -87589, -106962, 36656, 133776, 27506, -104117, -73093, 34344, 97998, 40314, -88577, -91623, 52387, 116551, -18399, -138300, -26779, 106131, 48012, -66833, -41258, 40282, 13974, -24937, 9575, 21907, -16256, -28066, 9995, 30315, 4093, -20952, -23782, -1389, 39590, 20275, -44690, -38429, 47946, 52979, -52269, -56154, 54826, 62070, -51021, -72547, 45314, 63915, -25122, -58475, 10380, 53937, 10881, -44640, -28803, 25070, 46369, -1984, -55509, -17607, 52523, 34021, -41429, -52131, 44135, 55724, -29721, -48426, 18653, 41984, -16384, -37726, 18552, 33692, -18208, -31758, 14593, 30405, -9387, -9247, 8613, 8524, -303, -9549, -6235, 9701, 11005, -6440, -17786, 4788, 24943, -2930, -30878, -2031, 35169, -218, -36935, -7270, 36498, 17847, -28350, -27703, 16782, 34267, -1177, -34047, -15733, 32700, 30849, -31153, -37562, 40443, 32459, -42418, -33684, 44043, 31799, -43291, -26950, 38934, 24584, -32974, -20770, 22810, 16869, -8571, -13297, -7936, 9597, 20039, -2430, -27486, -4452, 31131, 9451, -28449, -10771, 23154, 9611, -17007, -5666, 11010, -827, -8208, 3857, 5990, -7696, -6310, 11106, 7096, -13366, -7550, 14451, 9831, -14573, -12306, 14951, 13450, -12900, -13651, 11935, 14607, -8912, -13018, 4611, 11050, 132, -9731, -1174, 9659, -606, -9231, 4138, 10504, -7950, -11096, 15177, 14150, -19377, -16041, 24198, 15587, -30719, -12049, 38902, 4197, -48226, 4540, 60017, -10117, -72927, 7772, 81408, -6474, -88878, 595, 92275, 4109, -89636, -7819, 82448, 10359, -70393, -12659, 57038, 13965, -41785, -5329, 30892, 7125, -18902, -6325, 8309, 5050, 1218, -1070, -7021, -1742, 7693, 2242, -2307, 1021, -6182, -11043, 16938, 22600, -24567, -33583, 26359, 42522, -24290, -45171, 20477, 41394, -17723, -30052, 15651, 13751, -12943, 2505, 2450, -25335, 10799, 48178, -32493, -71144, 58102, 92797, -81284, -109017, 89986, 116755, -76528, -108594, 43067, 89902, -271, -54615, -45839, 12169, 79635, 33183, -90911, -69898, 82633, 90690, -60501, -93698, 34682, 77625, -14454, -54801, 4894, 32834, -9339, -20398, 19419, 19898, -24673, -28894, 18150, 39801, -329, -45829, -24106, 41451, 47421, -21874, -74446, -6002, 72767, 30156, -57755, -42632, 33029, 40397, -7235, -24033, -9857, 519, 15006, 23573, -9797, -36376, -3165, 41132, 14766, -36458, -21956, 25248, 18174, -11044, -7730, 2376, -6212, 714, 19091, 2638, -27204
1791219443.466, MrmFullScanInfo, 601, 107, 2052856, 0, 0, 0, 0, 10000, 39297, 32, 2, 2, 1, 480, 0, 0, 0, 0, 0, 0, 168430, -228773, -312351, 479559, 361903, -535550, -380526, 348159, 435728, -30896, -508272, -256024, 507099, 432284, -370969, -522730, 133772, 580046, 110764, -566896, -280038, 390562, 325353, -45140, -240215, -340265, 69700, 613469, 96258, -726022, -185297, 713771, 189491, -644143, -146409, 575644, 113563, -542159, -131095, 545645, 200246, -536384, -294860, 428430, 397628, -189662, -489502, -104711, 508325, 347792, -382941, -505035, 126987, 599258, 151007, -628274, -348222, 546946, 451838, -331997, -490982, 40919, 437416, 213920, -237875, -327620, -78743, 257281, 366235, -41321, -456182, -221189, 294117, 397409, 26620, -379808, -345316, 165058, 536115, 130820, -531002, -381835, 332485, 540735, -31623, -585108, -250815, 474844, 450022, -214375, -548146, -102887, 517637, 366508, -343748, -527941, 90099, 574583, 116728, -492094, -178793, 299154, 83914, -84711, 98536, -29273, -261895, -21785, 308443, 203002, -198811, -411079, -18741, 530653, 247470, -487212, -423150, 291118, 541749, -34018, -609767, -181803, 618147, 300429, -555675, -322530, 428349, 288089, -267558, -247027, 122081, 226141, -31420, -219791, -1621, 216390, 5661, -214817, -5407, 216579, 5654, -215514, -8396, 204856, 24203, -186115, -58015, 161837, 97275, -128102, -123650, 80587, 123314, -22377, -93984, -36328, 44974, 81308, 10573, -98834, -61624, 82818, 96691, -38811, -102681, -17942, 74693, 68693, -22078, -97876, -37882, 98511, 88537, -74490, -117693, 37848, 120063, -3735, -99529, -15211, 67616, 15314, -37205, -3249, 17485, -9582, -10871, 14228, 12440, -7251, -14003, -9398, 9888, 30090, 716, -48836, -14761, 62390, 27979, -70161, -37928, 72653, 44547, -70013, -48389, 61721, 49882, -47475, -49924, 28539, 48856, -7226, -44942, -14540, 36105, 34649, -22238, -49954, 4892, 58306, 13580, -60174, -29493, 56930, 39021, -49392, -41187, 39464, 38323, -30827, -33451, 25766, 28651, -23432, -23992, 21402, 18435, -17526, -12317, 11155, 8110, -3529, -7539, -3545, 9266, 9499, -11000, -15172, 11564, 21340, -11237, -27629, 10500, 32860, -8702, -35854, 4162, 35908, 4145, -32537, -14957, 25227, 25584, -13850, -33883, -327, 39931, 13658, -45033, -21844, 49471, 23363, -52200, -20337, 52271, 16059, -49668, -12569, 44649, 10534, -37161, -9817, 26780, 10154, -13550, -11151, -1058, 11819, 14625, -10888, -24916, 7960, 30583, -3938, -31241, 330, 27545, 1526, -21089, -1078, 13873, -1270, -7708, 4634, 3702, -8272, -1928, 11731, 1798, -14569, -2708, 16528, 4302, -17589, -6183, 17818, 7909, -17182, -9185, 15553, 9888, -12746, -10059, 8917, 9989, -5091, -9931, 2835, 9813, -3163, -9381, 6090, 8661, -10934, -7975, 16774, 7512, -22828, -6835, 28775, 4718, -34713, 219, 40838, -8343, -47457, 18134, 54970, -26867, -63500, 32261, 72477, -33575, -80523, 31500, 85783, -27246, -86471, 21837, 81788, -15769, -72312, 9875, 59672, -5253, -45729, 2245, 32056, -116, -19724, -1753, 9191, 3027, -728, -3279, -4932, 2728, 6554, -2418, -3083, 3737, -5384, -7554, 16960, 13715, -28297, -21114, 36116, 28004, -38830, -32102, 36854, 31124, -31536, -23955, 23659, 11240, -12784, 5107, -2362, -22820, 22985, 39851, -48967, -54509, 77541, 65773, -102376, -73161, 114841, 76567, -107702, -75660, 78975, 69302, -33275, -55809, -19401, 34273, 66708, -6143, -97935, -24253, 107743, 50433, -97519, -66101, 74082, 68046, -47028, -57819, 25518, 41083, -14917, -25108, 14632, 16037, -18832, -16631, 20004, 25251, -12927, -36299, -3857, 42624, 27649, -39130, -51642, 25335, 67115, -5408, -67860, -13687, 53766, 25035, -30306, -24492, 5711, 12499, 12476, 6179, -20001, -24795, 16978, 37515, -7468, -41080, -2541, 35313, 7950, -23071, -6426, 9217, -1243
1791219443.466, MrmFullScanInfo, 601, 107, 2052856, 0, 0, 0, 0, 10000, 39297, 32, 4, 2, 1, 480, 0, 0, 0, 0, 0, 0, 42, -187, 110, 372, -274, -328, 349, -100, -472, 796, 646, -1353, -1007, 1515, 1291, -1298, -1164, 716, 736, 0, 909, -801, -4617, 1880, 9029, -2890, -10926, 2930, 9235, -1865, -5399, 453, 660, 926, 3960, -2210, -7044, 3044, 7402, -2448, -5552, -555, 3365, 4828, -2330, -7284, 1221, 6365, 1924, -3954, -5921, 2450, 7432, -1812, -5330, 1352, 1806, -2779, 1223, 8359, -4461, -18381, 9045, 31420, -14546, -42932, 17642, 45654, -11729, -36652, -3884, 23452, 18580, -18305, -19840, 24069, 11546, -32565, -15004, 36998, 48593, -41662, -110759, 61167, 179645, -105412, -229303, 157114, 253659, -178600, -270623, 149782, 290076, -83878, -294397, 2563, 266469, 72573, -222181, -104900, 191980, 64439, -184576, 28227, 180805, -102277, -150919, 92286, 75579, 14963, 28889, -176314, -110710, 318915, 135076, -382782, -135157, 357771, 181457, -282159, -296984, 200819, 426818, -131820, -483300, 62898, 416836, 24118, -252253, -123136, 67902, 199280, 59561, -219825, -97244, 191152, 60459, -154866, 15291, 150436, -92732, -185308, 132829, 237707, -104614, -275964, 11303, 270731, 101068, -205419, -174829, 89750, 174485, 39594, -103383, -139343, -2776, 180894, 97058, -158541, -143848, 88930, 131699, -6620, -73624, -48357, 513, 52429, 52274, -10869, -64633, -48626, 39111, 92145, 8280, -96235, -58983, 58107, 94468, 5052, -98469, -65114, 67702, 97187, -16299, -90746, -30849, 52814, 51321, -3066, -37079, -35758, -1771, 47988, 43722, -31618, -68354, -1508, 66745, 32688, -44105, -46415, 14225, 38022, 8819, -14505, -16775, -10874, 9605, 25985, 5423, -25013, -17702, 10206, 19109, 10002, -7914, -25748, -11095, 31814, 29482, -29238, -39107, 22103, 36307, -14600, -23706, 10634, 8003, -13095, 3992, 21199, -8292, -30439, 5025, 35480, 2552, -33102, -10303, 23525, 15018, -9940, -15025, -3046, 10480, 11361, -3524, -13374, -2608, 10409, 4829, -5633, -1755, 2278, -4959, -2260, 11199, 5631, -12926, -10563, 8668, 14263, 257, -14381, -10880, 10241, 20789, -3243, -28842, -3757, 34137, 8020, -35611, -8189, 33178, 4478, -28630, 1631, 24417, -7874, -22109, 11946, 21748, -12208, -21788, 8174, 19817, -584, -13914, -8686, 4062, 17024, 7703, -22001, -18482, 22393, 25696, -18637, -27775, 12309, 24650, -5331, -17909, -571, 10234, 4278, -4090, -5582, 692, 5363, 137, -5098, 501, 6123, -1343, -8705, 1598, 11654, -1094, -12911, 127, 10931, 743, -5641, -740, -1623, -806, 8823, 4027, -14008, -8020, 16292, 11068, -15926, -11640, 13587, 9422, -10030, -5380, 6406, 949, -4259, 2543, 4629, -4075, -7502, 3034, 12085, 507, -17363, -5432, 22428, 9801, -26527, -11819, 29227, 10780, -30443, -7258, 30303, 2723, -28881, 1575, 25970, -5039, -21097, 7296, 14001, -7816, -5107, 6538, -4596, -4345, 13950, 2381, -21736, -1265, 26815, 1226, -28587, -2236, 27249, 3691, -23437, -4551, 17814, 4184, -11157, -2792, 4346, 891, 2045, 1139, -7757, -3110, 12406, 4894, -15353, -6422, 16121, 7747, -14626, -9110, 11027, 10889, -5640, -13362, -632, 16492, 6344, -19877, -10294, 23062, 12166, -25595, -12290, 26881, 11256, -26263, -9691, 23529, 8057, -19208, -6418, 14249, 4732, -9485, -3098, 5452, 1949, -2431, -1974, 403, 3783, 1174, -7391, -3235, 11857, 6458, -15476, -10751, 16457, 15332, -14219, -19078, 9705, 20806, -4298, -19568, -1054, 15313, 5569, -9133, -8177, 2836, 8152, 2034, -5862, -5113, 2726, 6886, -437, -7733, -70, 7679, -991, -6825, 2705, 5488, -3929, -3694, 3850, 1288, -2345
1791219443.466, MrmDetectionListInfo, 601, 246, 79, 16828, 80, 15847, 81, 17886, 82, 20405, 86, 22472, 87, 27600, 88, 36080, 89, 48513, 90, 65488, 91, 65535, 92, 65535, 93, 65535, 94, 65535, 95, 65535, 96, 65535, 97, 65535, 98, 65535, 99, 65535, 100, 65535, 101, 65535, 102, 65535, 103, 65535, 104, 65535, 105, 65535, 106, 65535, 107, 65535, 108, 65535, 109, 65535, 110, 65535, 111, 65535, 112, 65535, 113, 65535, 114, 65535, 115, 65535, 116, 65535, 117, 62084, 119, 55360, 120, 65535, 121, 65535, 122, 65535, 123, 65535, 124, 65535, 125, 65535, 126, 65535, 127, 65535, 128, 65535, 129, 65535, 130, 65535, 131, 65535, 132, 65535, 133, 65535, 134, 65535, 135, 65535, 136, 65535, 137, 65535, 138, 65535, 139, 65535, 140, 65535, 141, 65535, 142, 65535, 143, 65535, 144, 65535, 145, 65535, 146, 65535, 147, 65535, 148, 65535, 149, 65535, 150, 65535, 151, 65535, 152, 65535, 153, 65535, 154, 65535, 155, 65535, 156, 65535, 157, 65535, 158, 65535, 159, 65535, 160, 65535, 161, 65535, 162, 65535, 163, 65535, 164, 65535, 165, 65535, 166, 65535, 167, 65535, 168, 65535, 169, 65535, 170, 65535, 171, 65535, 172, 50954, 173, 37645, 174, 34892, 175, 34779, 176, 35290, 178, 41977, 179, 46218, 180, 51111, 181, 55787, 182, 58012, 183, 58370, 184, 60866, 185, 65535, 186, 65535, 187, 64571, 188, 57694, 189, 59037, 190, 65535, 191, 65535, 192, 65535, 193, 58953, 194, 47937, 195, 45925, 196, 46066, 197, 39698, 198, 28165, 199, 20762, 200, 22188, 201, 28617, 202, 35619, 203, 41757, 204, 45112, 205, 43488, 206, 39003, 207, 37497, 208, 40753, 209, 43176, 210, 38869, 211, 28966, 227, 22108, 228, 27215, 229, 31090, 230, 32931, 231, 32427, 232, 29867, 233, 25923, 234, 21272, 235, 16470, 236, 12148, 240, 14178, 241, 17692, 242, 19712, 243, 19949, 244, 19277, 245, 18807, 246, 18953, 247, 19075, 248, 18067, 267, 10747, 268, 10883, 272, 8985, 273, 11325, 274, 13799, 275, 14911, 276, 15030, 277, 15751, 278, 17845, 279, 20467, 280, 22202, 281, 22342, 282, 21146, 283, 19252, 284, 17162, 285, 15251, 286, 14046, 287, 14072, 288, 15214, 289, 16571, 290, 17281, 291, 17201, 292, 16625, 293, 15645, 301, 14541, 302, 18022, 303, 21277, 304, 23257, 305, 23592, 306, 22662, 307, 20976, 308, 18704, 309, 15836, 310, 12544, 338, 11071, 339, 12373, 340, 13128, 341, 13647, 342, 13749, 343, 13144, 344, 11829, 345, 10065, 346, 8121, 356, 7195, 357, 8372, 358, 10391, 359, 13142, 360, 15927, 361, 18045, 362, 19343, 363, 20074, 364, 20418, 365, 20316, 366, 19674, 367, 18568, 368, 17226, 369, 15938, 371, 14425, 372, 14251, 373, 14095, 374, 13493, 375, 12180, 376, 10242, 377, 8005, 381, 6739, 382, 8980, 383, 11011, 384, 12391, 385, 13300, 386, 14081, 387, 14795, 388, 15248, 389, 15297, 390, 14973, 391, 14363, 392, 13471, 393, 12235, 394, 10637, 395, 8746, 407, 11298, 408, 11726, 411, 10878, 413, 9464, 414, 8679, 416, 8307, 418, 12421, 419, 15060, 420, 16825, 421, 17740, 422, 18373, 423, 19011, 424, 19454, 425, 19422, 426, 18895, 427, 18048, 428, 17006, 429, 15770, 430, 14319, 431, 12702
1791219443.591, MrmFullScanInfo, 602, 107, 2052981, 0, 0, 0, 0, 10000, 39297, 32, 1, 2, 1, 480, -421486, 491565, 422441, -481029, -454138, 447306, 504718, -374617, -519766, 111792, 520192, 339862, -496502, -499344, 371527, 516420, -117894, -520144, -178553, 519611, 321148, -511849, -476607, 482075, 520180, 512480, -173881, -519977, -411180, 498809, 358319, -501395, -438420, 505418, 285934, -518012, -283289, 517672, 218292, -515662, -293579, 514287, 429987, -506959, -515443, 378058, 520192, 88554, -519971, -492789, 448024, 519694, -165469, -519938, -230480, 519617, 469053, -503283, -516789, 384863, 519987, -134488, -520184, -250480, 514713, 423828, -81341, -326039, -518205, 70789, 519970, 396577, -483735, -514279, -61190, 516886, 510085, -298920, -520192, -367261, 515587, 518408, -311909, -520156, 11654, 519982, 317292, -506418, -506050, 347086, 520114, 114981, -520111, -489564, 440962, 520137, 40421, -519492, -369832, 495285, 479541, -315703, -480395, 8823, 189321, 179049, 179041, -187041, -419399, 15771, 474123, 225482, -233111, -321328, -63886, 213764, 285319, 1625, -348246, -289891, 204330, 469489, 60573, -476656, -298826, 402194, 444000, -221669, -433812, 103014, 323460, 128696, -135743, -246191, -46133, 242875, 182347, -157236, -199366, 52934, 107186, 8861, -4035, -958, -77638, -44298, 90580, 96540, -33779, -103598, -66662, 59111, 144968, 22606, -164952, -120163, 136988, 194227, -61748, -211192, 25289, 185659, 39563, -161451, -74716, 113556, 83060, -68053, -80660, 54738, 82171, -61348, -101833, 71611, 147924, -70431, -176315, 39887, 204976, 12875, -210646, -72334, 187553, 114700, -129464, -133715, 54043, 122920, 10277, -84109, -49703, 32478, 71883, 3446, -50333, -15397, 18108, 792, -4720, 34053, 17868, -69275, -43796, 82356, 77607, -66001, -100358, 33991, 90738, -8465, -68710, -20124, 38600, 35859, -9472, -35563, -12613, 31976, 20679, -30418, -15271, 33158, 10404, -41600, -4233, 47945, 11960, -56314, -25362, 50677, 45412, -35421, -60249, 11675, 60725, 16655, -46319, -38493, 25049, 47458, -9195, -40146, -5411, 34716, 8054, -24350, -1748, 16775, -4446, -17522, 9037, 22428, -7960, -26638, -1834, 25957, 24072, -15510, -33724, 5041, 39882, 9870, -40525, -20927, 35287, 29732, -27489, -35118, 24306, 36762, -27928, -34623, 45173, 25531, -56435, -29577, 64940, 34926, -64724, -39112, 55183, 42486, -37110, -39284, 14800, 30712, 9009, -18926, -32216, 6693, 39549, 5686, -38371, -12849, 33778, 13228, -25514, -6147, 19117, -1931, -14801, 10132, 11648, -15341, -7334, 16036, 7154, -10560, -6496, 5232, 3009, -1318, 1287, -992, -4295, -551, 6035, 5418, -6577, -10121, -240, 6772, -742, -6139, 3324, 3791, -4339, -1184, 2108, -98, 917, -1052, -4246, 2892, 8116, -5088, -17098, 6975, 19363, -9519, -21922, 14614, 22804, -20810, -22294, 29474, 19840, -37710, -17364, 44746, 13722, -47384, -2235, 33654, -3895, -25982, 11737, 12766, -17778, 2404, 23636, -14361, -25764, 22509, 25403, -22601, -22019, 16631, 11916, -4092, -7906, -5900, 6402, 16266, -7018, -24493, 9960, 32777, -13174, -39968, 15014, 46269, -13486, -50108, 2343, 57064, 7293, -56287, -18198, 52279, 27685, -46954, -32658, 42003, 33343, -37875, -25418, 34006, 11414, -27720, 7561, 17486, -29888, 3570, 58286, -32788, -93045, 66407, 130842, -92328, -163806, 98573, 180316, -80814, -173429, 38080, 145954, 13148, -97942, -71376, 36725, 113035, 26257, -128321, -78322, 119448, 108722, -92468, -112067, 63739, 93952, -42312, -61824, 35858, 36174, -39953, -23067, 47722, 26710, -47950, -42458, 32824, 60351, -1664, -69855, -37622, 65316, 73187, -44533, -102482, 14579, 104014, 15035, -86401, -35273, 53779, 37235, -18360, -22734, -8465, -1877, 20206, 26759, -16134, -32240, 7366, 37494, 8449, -31499, -18922, 17636, 18995, -2654, -9536, -6117, -5638, 7766, 20522, -4245, -30624
1791219443.591, MrmFullScanInfo, 602, 107, 2052981, 0, 0, 0, 0, 10000, 39297, 32, 2, 2, 1, 480, 0, 0, 0, 0, 0, 0, 168892, -229379, -313074, 481388, 362063, -538087, -379874, 349869, 435096, -30936, -508730, -256778, 508975, 432383, -373487, -521809, 135805, 578995, 109727, -566740, -280919, 391853, 329652, -47961, -248033, -336593, 78673, 610316, 88898, -724370, -180836, 713572, 188411, -644840, -148771, 576670, 118735, -543131, -137436, 545803, 205792, -534103, -298714, 422737, 400195, -182038, -490459, -111409, 506476, 352087, -378532, -507249, 122323, 599738, 153897, -627055, -349318, 546018, 451823, -337004, -489939, 60015, 433847, 176721, -229262, -280398, -91969, 217127, 377951, -20291, -459350, -223575, 287914, 387334, 37568, -363091, -355001, 147674, 539259, 143801, -526103, -389240, 323825, 543927, -25361, -584846, -252530, 471326, 448353, -208449, -540320, -110641, 493180, 377515, -291779, -542769, 6474, 588897, 231581, -496336, -320327, 277951, 234922, -13584, -27417, -177254, -197207, 209871, 330380, -92948, -310822, -77208, 152297, 179265, 64774, -139855, -235597, -29756, 281295, 251307, -185065, -428360, -2555, 497341, 193988, -441207, -311246, 279582, 321222, -62589, -239437, -138215, 109229, 256225, 17808, -265922, -97328, 191848, 108037, -89299, -60673, 12600, -9089, 11351, 58574, 9655, -58103, -45203, 6078, 61616, 71833, -38520, -138775, -22233, 168888, 97864, -156449, -159099, 111136, 187732, -50297, -182535, -7591, 153918, 49062, -117796, -71545, 90524, 82815, -81371, -94221, 87424, 113295, -95270, -140551, 89141, 170534, -61109, -193077, 15393, 195323, 35634, -168709, -77842, 115900, 99827, -50213, -96691, -10437, 73074, 49960, -41453, -60444, 16416, 47092, -9094, -25541, 22718, 11881, -49793, -14622, 75230, 31973, -85419, -53937, 75187, 68417, -48279, -68372, 14142, 54477, 16545, -32626, -36504, 10827, 44681, 3942, -45019, -8517, 42893, 5045, -42483, 443, 45297, -1362, -49679, -6160, 51661, 21191, -46871, -38267, 32944, 50200, -11155, -52393, -12895, 44808, 31879, -31022, -41014, 16445, 40086, -6118, -32440, 2468, 23073, -4372, -16694, 8294, 15430, -9477, -18000, 4190, 21212, 7635, -21749, -22215, 17561, 34714, -8680, -42021, -3000, 43589, 14701, -41490, -23664, 39862, 27277, -42383, -24460, 49618, 17519, -58905, -11281, 66401, 9627, -68728, -12989, 63510, 19041, -49983, -24497, 29217, 26959, -4546, -25610, -18604, 20686, 34873, -13226, -41675, 5533, 39939, -570, -32573, 199, 22904, -4057, -13550, 9874, 6098, -14590, -1447, 15899, -201, -13438, -159, 8622, 697, -3529, -56, 38, -1932, 639, 4307, 1274, -5770, -4154, 5852, 6073, -5242, -5929, 4656, 3949, -3758, -1447, 1916, 131, 841, -963, -4212, 3768, 8054, -7748, -12008, 12211, 15239, -16880, -16857, 21981, 16407, -27855, -13789, 34425, 9342, -40873, -3378, 44930, -3618, -43693, 10434, 35929, -15524, -23087, 18274, 7887, -19145, 7268, 18681, -19972, -17198, 27800, 14726, -28796, -11551, 22558, 8788, -11049, -7949, -2076, 9778, 13599, -13725, -22275, 18665, 28604, -23376, -33680, 26248, 38665, -25575, -44374, 20683, 50463, -12383, -55298, 2373, 57296, 7419, -56199, -14685, 52684, 17026, -47188, -12810, 39207, 2049, -27166, 13716, 8848, -32569, 17665, 53251, -52220, -75107, 90603, 97050, -124067, -116552, 141384, 129980, -133477, -133755, 97743, 125289, -39683, -103496, -28292, 69461, 90474, -27134, -132866, -16505, 148247, 52632, -138206, -73252, 111623, 74758, -80605, -60188, 55798, 38358, -42713, -20031, 40118, 13314, -41174, -20661, 37109, 38333, -21817, -58149, -5406, 70986, 39448, -70576, -71010, 55836, 90132, -31121, -90517, 4687, 72409, 14432, -42162, -20147, 9684, 12423, 15461, 3218, -27279, -19396, 25095, 30429, -13371, -33360, -562, 27751, 9746, -16027, -10319, 2652, 2499
1791219443.591, MrmFullScanInfo, 602, 107, 2052981, 0, 0, 0, 0, 10000, 39297, 32, 4, 2, 1, 480, 0, 0, 0, 0, 0, 0, 494, -719, -694, 2082, 40, -2812, 840, 1795, -886, 212, -151, -1275, 1455, 703, -2005, 397, 1581, -751, -769, 130, -466, 1005, 2381, -2095, -4141, 2529, 4584, -1998, -3702, 945, 2355, -63, -861, -292, -705, 116, 2226, 285, -3229, -866, 3212, 2059, -2443, -3684, 1586, 4582, -400, -4043, -1146, 2670, 2037, -1228, -1580, -267, 590, 1814, -240, -2069, 411, -1748, -601, 12060, -393, -25394, 3630, 31526, -7121, -24033, 6972, 8808, -2506, 4696, -2822, -15552, 7003, 25060, -7638, -29430, -567, 26466, 19260, -21550, -42506, 23336, 62267, -36418, -74244, 54274, 79743, -61991, -82362, 50594, 78785, -23790, -59898, -8436, 22501, 32837, 23026, -29289, -58209, -20611, 66139, 116089, -38890, -226870, -11949, 303851, 68541, -317326, -116451, 281540, 141850, -233860, -142011, 197395, 144178, -175615, -195257, 166986, 310004, -158924, -452274, 135787, 559623, -84668, -579340, -7446, 497480, 143381, -344900, -293055, 173311, 397163, -24713, -415114, -77778, 352809, 122201, -251368, -108330, 156986, 57797, -99455, -11663, 85403, 6728, -98488, -51582, 107547, 126027, -83687, -193560, 16718, 224116, 77946, -206222, -168136, 143282, 223970, -49213, -231297, -50276, 192004, 122744, -120889, -147697, 43607, 127784, 12474, -83711, -31563, 41124, 16970, -19613, 12801, 26768, -35232, -56080, 34372, 89543, -7260, -106600, -35246, 94514, 74193, -53764, -92386, -1884, 82657, 50964, -49998, -75097, 8292, 69380, 25888, -44033, -40815, 15971, 35390, 1378, -18697, -3759, 2582, -4228, 5347, 13404, -3493, -15681, -5193, 8342, 14865, 5260, -19131, -18243, 15410, 24143, -6630, -19325, -1794, 4832, 5606, 12873, -2824, -24740, -5910, 24739, 16316, -13360, -21388, -3681, 15994, 18709, -311, -26904, -19817, 27820, 36158, -22969, -43080, 14061, 40201, -3841, -30711, -3796, 18491, 6764, -6764, -6040, -2498, 5401, 8790, -8561, -12659, 15649, 15388, -22836, -18322, 25889, 21728, -23649, -24339, 17822, 24214, -11445, -20202, 7572, 12882, -8066, -4406, 12802, -2494, -19713, 5715, 25904, -4643, -28815, 324, 26883, 5169, -20056, -9638, 9810, 11634, 1277, -10935, -10309, 8470, 15177, -5757, -15539, 4404, 12832, -5470, -9130, 8830, 6029, -12996, -3905, 15815, 2324, -15426, -1041, 11101, 268, -3634, 28, -5068, -585, 12886, 2241, -18285, -5298, 20559, 8949, -20020, -11806, 17703, 13248, -14598, -13784, 11130, 13941, -7288, -13270, 3272, 11046, 358, -7133, -2868, 1933, 3743, 3703, -2928, -8477, 837, 11236, 1815, -11910, -4090, 11848, 5145, -12854, -4808, 16018, 4159, -20314, -6149, 23406, 14202, -23740, -29329, 21346, 48982, -16839, -68719, 10758, 84339, -3909, -92512, -2842, 91302, 8109, -80451, -10776, 61645, 11511, -38631, -12469, 16110, 15120, 2508, -19004, -16137, 23081, 25056, -26629, -29636, 29196, 30293, -30416, -27916, 30156, 23854, -28539, -19587, 25812, 16505, -22209, -15548, 18011, 16703, -13573, -18917, 9582, 20764, -6790, -20899, 5621, 18223, -6352, -11982, 9592, 2246, -16147, 9486, 25793, -20530, -36491, 27793, 44894, -28947, -47971, 23157, 44520, -11327, -35487, -3958, 23240, 19135, -10419, -30784, -579, 37048, 7938, -38153, -10501, 36062, 8262, -33013, -2851, 30087, -2698, -27083, 5294, 23317, -3474, -18202, -2127, 11268, 9462, -2450, -16331, -7220, 21311, 15733, -23767, -21198, 23469, 22815, -20540, -20854, 15722, 16120, -10319, -9735, 5662, 3120, -2176, 2411, -555, -5887, 2927, 6873, -4754, -5535, 5700, 2658, -5910, 488, 5861, -2707, -6109, 3368
1791219443.591, MrmDetectionListInfo, 602, 254, 89, 21874, 90, 28220, 91, 34648, 92, 40806, 93, 47416, 94, 54716, 95, 61841, 96, 65535, 97, 65535, 98, 65535, 99, 65535, 100, 64010, 101, 55594, 102, 44786, 103, 33347, 108, 37293, 109, 42912, 110, 50658, 111, 65535, 112, 65535, 113, 65535, 114, 65535, 115, 65535, 116, 65535, 117, 65535, 118, 65535, 119, 65535, 120, 65535, 121, 65535, 122, 65535, 123, 65535, 124, 65535, 125, 65535, 126, 65535, 127, 65535, 128, 65535, 129, 65535, 130, 65535, 131, 65535, 132, 65535, 133, 65535, 134, 65535, 135, 65535, 136, 65535, 137, 65535, 138, 65535, 139, 65535, 140, 65535, 141, 65535, 142, 65535, 143, 65535, 144, 65535, 145, 65535, 146, 65535, 147, 65535, 148, 65535, 149, 65535, 150, 65535, 151, 65535, 152, 60977, 153, 47036, 154, 43284, 155, 50256, 156, 65249, 157, 65535, 158, 65535, 159, 65535, 160, 65535, 161, 65535, 162, 65535, 163, 65535, 164, 65535, 165, 65535, 166, 65535, 167, 65535, 168, 65535, 169, 65535, 170, 65535, 171, 65535, 172, 65535, 173, 65535, 174, 65535, 175, 65535, 176, 65535, 177, 65535, 178, 55164, 179, 47941, 186, 39737, 187, 50791, 188, 56092, 189, 56698, 190, 56874, 191, 60979, 192, 65535, 193, 65535, 194, 65535, 195, 65535, 196, 56832, 197, 47846, 198, 47759, 199, 54929, 200, 59528, 201, 54271, 202, 43138, 203, 36202, 204, 37066, 205, 39496, 206, 36305, 207, 27333, 223, 18007, 224, 18910, 225, 17537, 234, 16688, 235, 17582, 236, 17678, 237, 16489, 241, 12806, 242, 14833, 243, 18309, 244, 23740, 245, 29399, 246, 32598, 247, 32436, 248, 30081, 249, 26893, 250, 23265, 251, 19308, 252, 15651, 263, 15632, 264, 17983, 265, 20350, 266, 22250, 267, 23331, 268, 23597, 269, 23214, 270, 22266, 271, 20749, 272, 18712, 273, 16329, 274, 13848, 275, 11503, 276, 9477, 281, 12358, 282, 14820, 283, 16280, 284, 16403, 285, 15525, 286, 14456, 287, 13947, 288, 13953, 289, 13613, 290, 12210, 308, 9389, 318, 7776, 319, 9973, 320, 11610, 321, 12927, 322, 14087, 323, 14987, 324, 15446, 325, 15433, 326, 15077, 327, 14527, 328, 13859, 329, 13085, 330, 12209, 331, 11223, 332, 10102, 333, 8813, 350, 8809, 351, 9119, 352, 9683, 353, 10522, 354, 11619, 355, 13025, 356, 14853, 357, 17204, 358, 20110, 359, 23529, 360, 27347, 361, 31381, 362, 35391, 363, 39106, 364, 42276, 365, 44698, 366, 46281, 367, 47158, 368, 47635, 369, 47909, 370, 47809, 371, 46789, 372, 44256, 373, 40092, 374, 34788, 375, 29055, 376, 23412, 377, 18182, 378, 13765, 379, 10859, 380, 10508, 381, 13457, 382, 18760, 383, 23849, 384, 26823, 385, 27988, 386, 28736, 387, 29673, 388, 30295, 389, 30023, 390, 28939, 391, 27530, 392, 26096, 393, 24610, 394, 22992, 395, 21328, 396, 19806, 397, 18541, 398, 17525, 399, 16699, 400, 16021, 401, 15474, 402, 15026, 405, 13773, 406, 13220, 407, 12525, 408, 11655, 413, 10838, 414, 15865, 415, 22132, 416, 27858, 417, 32206, 418, 35294, 419, 37314, 420, 38016, 421, 36980, 422, 34094, 423, 29712, 424, 24586, 425, 19758, 426, 16503, 427, 15781, 428, 17089, 429, 18511, 430, 18721, 431, 18532, 432, 19728, 433, 22438, 434, 24672, 435, 24681, 436, 22763, 437, 20391, 438, 18469, 439, 17009, 440, 15922
1791219443.716, MrmFullScanInfo, 603, 107, 2053106, 0, 0, 0, 0, 10000, 39297, 32, 1, 2, 1, 480, -423935, 490791, 421363, -481549, -451776, 445465, 505384, -370549, -520055, 106780, 520174, 341102, -495058, -498268, 375991, 518210, -109973, -520012, -173029, 519396, 326107, -511755, -475746, 480650, 520192, 512901, -171371, -520124, -407313, 499413, 355835, -502474, -442127, 505332, 280541, -517794, -287769, 518226, 217365, -516632, -295002, 517534, 429155, -508396, -516178, 375424, 520192, 95211, -520002, -492207, 449827, 519376, -164302, -519878, -233200, 519637, 471387, -502546, -515835, 389845, 520092, -143102, -520165, -232138, 512998, 438068, -75832, -344885, -518191, 73380, 520117, 399265, -485076, -515878, -57370, 518314, 509513, -276803, -520192, -373250, 515590, 518672, -315639, -520130, 6293, 519974, 318701, -505652, -507573, 346484, 520090, 112820, -520079, -489462, 442833, 519910, 30984, -519355, -353961, 497066, 466635, -331286, -457967, 40695, 157892, 125741, 199545, -114454, -434900, -77910, 463731, 341044, -285259, -430293, -14711, 360264, 268156, -183776, -401028, -89374, 355440, 319699, -182466, -392275, -3402, 369648, 174951, -281017, -226987, 232876, 215024, -158732, -188907, 143456, 193692, -137815, -219651, 103746, 288931, 8194, -349190, -193270, 314167, 388230, -350514, -439505, 152845, 503231, 111114, -442411, -347497, 246292, 453874, 4293, -417459, -229428, 274169, 350428, -89804, -340356, -14984, 240242, 90644, -147200, -74333, 67267, 3772, -49991, 51979, 113929, -39581, -201039, -58606, 255620, 211266, -238013, -228402, 171923, 326480, -43021, -352245, -99665, 297003, 190057, -180697, -209427, 49342, 163927, 39491, -77740, -59137, 1021, 27947, 24294, 40182, 13302, -81657, -86541, 61683, 159268, 15435, -191688, -107218, 160606, 178758, -77822, -197935, -16000, 171225, 65821, -100874, -106766, 21789, 102402, 37970, -61684, -60715, 19081, 46991, 2377, -13942, -828, -8644, -19406, 7680, 35712, 8792, -49769, -36718, 39179, 66237, -10303, -75961, -25636, 59144, 54077, -25856, -61466, -6843, 45664, 26951, -24910, -29444, 838, 10449, 8396, 14409, 2114, -26540, -29392, 19446, 56786, 6423, -66950, -41520, 54807, 66085, -39797, -81612, 2592, 73988, 35079, -48816, -56441, 16032, 58491, 9570, -46004, -11768, 27275, -6462, -12075, 32251, 5063, -57779, -11768, 77180, 24958, -79678, -34467, 65824, 37642, -42830, -27737, 18302, 9245, 146, 9806, -4498, -24527, -394, 27670, 8184, -19807, -10765, 3280, 5449, 14210, 6197, -24797, -19854, 27752, 29431, -22644, -25180, 23807, 23740, -15163, -16485, 11763, 8210, -13364, -2198, 15926, 3782, -17332, -9037, 15203, 15020, -5693, -19464, 458, 23088, 14486, -18077, -26845, 9238, 32957, -1423, -29250, -2124, 17521, -768, -3483, 11375, -6261, -20902, 8940, 34720, -5933, -47685, -448, 55318, 4973, -52826, -3268, 40395, -8739, -22678, 29213, 3255, -55312, 2230, 64108, -19266, -80980, 26169, 88621, -29674, -83466, 28156, 68816, -24183, -46172, 20646, 24633, -18601, -5785, 13671, -5426, -11693, 11601, 12419, -10185, -12757, 2780, 12141, 8487, -9896, -21024, 6106, 32613, -740, -42008, -15484, 52305, 25403, -55315, -36292, 53256, 45389, -47944, -51080, 41393, 50629, -33112, -42022, 23211, 25324, -11358, -6447, -1210, -21408, 25130, 53858, -51710, -90262, 77173, 125440, -93779, -151453, 92643, 161058, -69692, -149252, 28750, 125740, 26108, -79305, -77625, 23441, 115122, 32336, -128243, -75261, 118442, 97888, -93026, -98550, 62952, 80444, -38895, -49154, 25110, 27351, -25825, -15744, 30856, 17278, -30810, -28267, 20380, 42391, 4065, -52333, -35005, 52119, 63168, -37476, -84834, 13680, 85667, 8514, -70802, -23506, 44891, 25534, -15338, -14732, -8011, -3438, 20776, 21398, -22443, -24821, 11594, 28014, -2153, -23471, -3667, 14562, 2765, -6001, 3949, 2457, -13705, -4864, 22319, 11742, -26262
1791219443.716, MrmFullScanInfo, 603, 107, 2053106, 0, 0, 0, 0, 10000, 39297, 32, 2, 2, 1, 480, 0, 0, 0, 0, 0, 0, 168623, -228823, -312641, 479586, 362136, -535028, -380776, 346585, 436538, -28653, -509816, -257733, 509075, 432650, -372676, -522025, 134612, 579194, 110771, -566702, -281529, 391430, 329770, -47228, -248315, -337283, 79528, 610668, 87667, -724385, -179836, 713446, 188027, -644871, -149049, 577315, 119318, -544636, -137654, 547633, 205507, -534876, -298469, 421478, 400800, -179470, -491957, -113524, 507805, 352839, -378442, -507205, 120706, 600031, 155834, -628791, -350097, 550574, 450447, -343875, -486223, 64607, 429453, 179354, -227285, -289278, -90253, 225764, 374977, -23977, -458570, -222925, 289795, 384463, 35858, -355944, -356250, 139478, 542830, 148769, -528855, -390326, 323579, 543224, -22694, -584395, -255389, 471777, 449915, -209395, -541155, -109660, 495794, 376269, -298602, -541372, 18544, 589913, 213322, -504938, -294306, 299795, 200771, -53156, 11428, -116427, -238806, 127561, 379757, 6057, -373737, -188823, 222526, 308447, 10108, -296235, -227928, 153253, 349099, 57839, -339264, -251186, 220820, 367434, -57227, -393944, -82368, 352906, 160439, -281727, -183594, 214815, 184688, -166467, -197911, 122072, 238946, -51339, -304172, -59179, 368629, 191255, -384463, -313699, 303965, 401079, -122279, -428039, -105769, 367399, 300604, -215787, -400731, 11549, 389282, 176999, -292154, -288152, 158642, 300375, -40598, -237620, -25092, 149756, 30351, -87585, -346, 82734, -21027, -134102, 3359, 209082, 54857, -260354, -137572, 251854, 225129, -178628, -293156, 65819, 312054, 47566, -266731, -126629, 171276, 152542, -63691, -127605, -14384, 74272, 38681, -25516, -13373, 9263, -32090, -35489, 60176, 91698, -46917, -148385, -6694, 173791, 78888, -152420, -139655, 92129, 164276, -15792, -144303, -51331, 90828, 90166, -27494, -93618, -21720, 69807, 42806, -36895, -36766, 12624, 16896, -6338, 120, 16323, -2860, -32200, -10867, 41130, 34296, -34556, -55194, 12578, 62396, 16331, -51946, -40059, 28660, 49398, -3216, -42501, -13169, 25220, 14503, -8225, -3114, 2173, -11915, -11722, 19858, 32376, -13867, -53671, -5902, 65100, 32543, -60085, -55975, 37992, 67642, -5029, -63752, -27517, 47177, 48738, -26777, -52893, 13153, 41130, -12873, -20552, 25758, 976, -46240, 9886, 66127, -9792, -77340, 2069, 74872, 6966, -58859, -11417, 34576, 8458, -10268, 749, -6498, -11973, 12377, 19755, -9343, -19670, 2770, 10587, 1775, 4574, -1110, -20207, -4201, 31266, 10813, -35323, -15167, 32768, 15612, -26148, -12479, 19013, 7275, -14369, -2400, 13120, 293, -13824, -2160, 14068, 7502, -11763, -14335, 5737, 19947, 3943, -22165, -15248, 20446, 24071, -16027, -26279, 11289, 20315, -8667, -8376, 9926, -4771, -15897, 14587, 26176, -19088, -38358, 19251, 47860, -17889, -49643, 18274, 40755, -23019, -22486, 32476, -454, -44623, 22742, 56625, -40738, -65932, 52635, 70225, -57341, -67268, 54743, 56496, -46195, -39809, 34348, 20978, -22186, -4124, 12294, -7775, -6388, 13476, 4859, -13036, -6616, 7199, 9815, 2752, -12702, -15052, 13480, 28143, -10628, -41015, 3973, 52492, 5156, -60718, -15051, 64178, 24358, -62753, -31344, 57165, 33776, -47871, -29978, 34848, 19648, -17556, -3578, -5107, -16942, 33955, 40368, -67583, -64755, 100998, 87650, -126136, -105950, 134106, 116864, -118565, -118550, 78926, 109766, -21442, -89670, -42191, 59017, 98110, -21666, -134531, -15752, 145533, 45666, -132781, -61825, 104226, 61926, -70901, -49173, 43226, 31095, -27361, -16014, 22919, 9806, -23670, -14489, 21398, 27946, -10407, -44480, -10001, 56629, 35627, -58372, -59197, 48057, 73143, -29092, -72611, 8262, 57558, 7261, -32593, -12836, 5145, 8547, 16925, 1501, -28014, -12202, 27240, 19810, -18760, -22261, 9036, 19146, -3264, -12285, 3705, 5138, -9609
1791219443.716, MrmFullScanInfo, 603, 107, 2053106, 0, 0, 0, 0, 10000, 39297, 32, 4, 2, 1, 480, 0, 0, 0, 0, 0, 0, -77, 279, 150, -998, 110, 1985, -601, -2616, 1143, 2380, -1223, -1415, 790, 454, -107, 42, -474, -162, 697, 97, -831, 14, 1252, -174, -2313, 417, 3184, -542, -3183, 432, 2245, -177, -760, -189, -799, 812, 1871, -1560, -1905, 1623, 1285, 51, -892, -2930, 1324, 4724, -1638, -4046, 642, 2067, 1338, -641, -2699, 320, 2449, -1072, -945, 3845, -1289, -8096, 3733, 10887, -5171, -10384, 4610, 7800, -2751, -5225, 1173, 3038, -524, 606, -14, -7287, 1947, 14160, -4565, -15661, 4394, 10791, -520, -4558, -3494, 1323, 4185, -2169, -1592, 5315, -1482, -7388, 2099, 6533, -4, -4004, -1351, 1575, -1461, 377, 6239, 45, -6383, -7146, -2899, 22749, 20893, -40004, -45956, 47625, 80407, -41412, -119343, 24450, 142039, 3230, -128166, -42679, 81925, 83235, -29266, -106395, -5227, 102555, 11166, -71870, 5869, 15430, -31131, 63080, 56098, -149670, -88710, 220470, 143746, -248143, -222442, 208158, 304122, -90116, -366297, -82500, 392683, 255642, -360350, -381640, 246226, 443702, -60828, -438882, -139895, 360579, 290504, -215123, -349890, 37261, 315538, 118840, -216826, -206493, 97671, 210441, -294, -151413, -46075, 71711, 34947, -14387, 12050, 6148, -55600, -47039, 67314, 111975, -43306, -163796, -6548, 173494, 69880, -134858, -128812, 63456, 158595, 13518, -144433, -69408, 93576, 88590, -32354, -71859, -8753, 35373, 12567, -2935, 15617, -5739, -52335, -14856, 70490, 53003, -54949, -86140, 10113, 93191, 45050, -67342, -88000, 18997, 102039, 32632, -82515, -69902, 39144, 81791, 8406, -66098, -40975, 31462, 48883, 6185, -35121, -32064, 11730, 39404, 7567, -30852, -14045, 15555, 7103, -4251, 6819, 4085, -18260, -14640, 19954, 28458, -10603, -36440, -4986, 33271, 18924, -19644, -24535, 1612, 19659, 12025, -7506, -13899, -4684, 2736, 9193, 15542, -2287, -31806, -13696, 38405, 31747, -31537, -43798, 12145, 44220, 13572, -31804, -35572, 10769, 44876, 10705, -38066, -24817, 19254, 27910, 2358, -20744, -18030, 6982, 23971, 7916, -21576, -18157, 15113, 20355, -9529, -15280, 8452, 7696, -12983, -3598, 21272, 6423, -28931, -15137, 30860, 25360, -24156, -31977, 10079, 31349, 6647, -22817, -20190, 9299, 26845, 4151, -26386, -12922, 21108, 15107, -14161, -11863, 8425, 6149, -5727, -1365, 5799, 46, -6360, -2830, 5125, 8521, -1157, -14918, -5327, 19766, 13481, -21362, -21546, 18979, 26733, -13478, -26688, 7319, 20965, -3137, -11710, 2608, 2920, -6496, 1687, 14791, -644, -25881, -4995, 36093, 12537, -41122, -18634, 38051, 20286, -27390, -15998, 12415, 6207, 3334, 7135, -17624, -21107, 28881, 32489, -35251, -38337, 35742, 37018, -31100, -28774, 23445, 15534, -15068, -359, 7779, -13307, -2761, 22509, 330, -25518, 263, 22332, -219, -14658, 412, 5260, -1258, 3276, 2768, -9486, -4508, 13102, 5897, -14516, -6811, 14392, 7742, -13280, -9161, 11257, 11085, -7936, -13166, 3288, 14771, 2115, -14967, -7549, 13012, 12230, -8952, -14926, 3748, 14294, 1170, -10009, -4416, 3279, 5469, 4022, -4801, -10220, 3250, 14246, -1426, -15821, -54, 15409, 226, -13913, 1541, 11931, -4736, -9640, 8068, 6889, -10216, -3472, 10373, -410, -8653, 4202, 6289, -7333, -4913, 9478, 5193, -10340, -6307, 9612, 6658, -6889, -5166, 2216, 1881, 3235, 2471, -7458, -6944, 8949, 10386, -7714, -11523, 5080, 9521, -2924, -4449, 2338, -2463, -3221, 9091, 5139, -13366, -7870, 14231, 10909, -11732, -13045, 6694, 13187, -351, -11066
1791219443.716, MrmDetectionListInfo, 603, 232, 115, 49595, 116, 57915, 117, 65439, 118, 65535, 119, 65535, 120, 65535, 121, 65535, 122, 65535, 123, 65535, 124, 65535, 125, 65535, 126, 65535, 127, 63053, 129, 54326, 130, 52402, 131, 47823, 136, 57374, 137, 65535, 138, 65535, 139, 65535, 140, 65535, 141, 65535, 142, 65535, 143, 65535, 144, 65535, 145, 65535, 146, 65535, 147, 65535, 148, 65535, 149, 65535, 150, 65535, 151, 65535, 152, 65535, 153, 65535, 154, 65535, 155, 65535, 156, 65535, 157, 65535, 158, 65535, 159, 65535, 160, 65535, 161, 65535, 162, 65535, 163, 65535, 164, 65535, 165, 65535, 166, 65535, 167, 65535, 168, 65535, 169, 65535, 170, 65535, 171, 65535, 172, 58269, 177, 41256, 178, 64933, 179, 65535, 180, 65535, 181, 65535, 182, 65535, 183, 65535, 184, 65535, 185, 65535, 186, 65535, 187, 65535, 188, 65535, 189, 65535, 190, 65535, 191, 65535, 192, 65535, 193, 65535, 194, 65535, 195, 54446, 196, 36825, 197, 26162, 198, 19843, 199, 14162, 203, 32564, 204, 45633, 205, 54675, 206, 60118, 207, 62100, 208, 59790, 209, 55541, 210, 55285, 211, 61237, 212, 65535, 213, 65535, 214, 62291, 215, 58529, 216, 61104, 217, 65535, 218, 65535, 219, 59475, 220, 48984, 221, 41438, 222, 40168, 223, 42085, 224, 40644, 225, 33372, 226, 25022, 227, 21992, 228, 24493, 229, 26855, 230, 25197, 231, 21236, 232, 18303, 240, 19372, 241, 21872, 242, 22414, 243, 22003, 244, 21376, 245, 21084, 246, 21500, 247, 21989, 248, 20852, 259, 16177, 260, 20761, 261, 25911, 262, 31253, 263, 34969, 264, 35436, 265, 32711, 266, 28746, 267, 26083, 268, 25905, 269, 27299, 270, 28243, 271, 27660, 272, 26492, 273, 26228, 274, 26777, 275, 26331, 276, 23270, 277, 18144, 278, 13748, 280, 14466, 281, 16136, 282, 16139, 283, 15714, 284, 16438, 285, 17844, 286, 18082, 287, 16271, 288, 13360, 289, 10851, 290, 9435, 292, 9409, 295, 16919, 296, 20630, 297, 23871, 298, 26116, 299, 27011, 300, 26327, 301, 24101, 302, 21004, 303, 18256, 304, 16897, 305, 17033, 306, 17636, 307, 17467, 308, 16465, 309, 15836, 310, 16546, 311, 17936, 312, 18224, 313, 16446, 314, 13334, 315, 10243, 316, 7819, 327, 9183, 328, 12060, 329, 15330, 330, 18189, 331, 20203, 332, 21367, 333, 21763, 334, 21337, 335, 19993, 336, 17796, 337, 15004, 338, 11953, 345, 8902, 346, 11841, 347, 15190, 348, 19161, 349, 23370, 350, 26950, 351, 29142, 352, 29647, 353, 28507, 354, 25825, 355, 21695, 356, 16366, 357, 10591, 361, 16261, 362, 24693, 363, 30837, 364, 34179, 365, 35951, 366, 36981, 367, 36881, 368, 34974, 369, 31287, 370, 26472, 371, 21134, 372, 15518, 376, 8136, 377, 11605, 378, 13268, 379, 12986, 380, 12196, 381, 11692, 382, 10961, 383, 9315, 384, 6876, 385, 4406, 390, 6887, 391, 8709, 392, 9746, 393, 10190, 394, 10455, 395, 10720, 396, 10899, 397, 10910, 398, 10809, 399, 10693, 400, 10560, 408, 10972, 411, 11230, 413, 9035, 414, 7782, 427, 7852
1791219443.841, MrmFullScanInfo, 604, 107, 2053231, 0, 0, 0, 0, 10000, 39297, 32, 1, 2, 1, 480, -422613, 491149, 418861, -479718, -450827, 446274, 505244, -369981, -520039, 115964, 520173, 339438, -495290, -497506, 370714, 517475, -112381, -520172, -173661, 519498, 319036, -512163, -476204, 480937, 520192, 513600, -150279, -520121, -413781, 496865, 363969, -500936, -439279, 505024, 276843, -518502, -276760, 518325, 212089, -517572, -283524, 515816, 425741, -508106, -515234, 383391, 520154, 77107, -520092, -489766, 453354, 519342, -175320, -519938, -226217, 519648, 464909, -504342, -516805, 392360, 519976, -130600, -520168, -272103, 512901, 458339, -68202, -382148, -518965, 100580, 520161, 396299, -487134, -514489, -49176, 516240, 509382, -324964, -520192, -346986, 517073, 518348, -328807, -520138, 17729, 520020, 320965, -506455, -507059, 347736, 520190, 119089, -520106, -493525, 439164, 520065, 53306, -519315, -377645, 494528, 479984, -318271, -486145, 8695, 183647, 166949, 203684, -146321, -449157, -61622, 480753, 346770, -310308, -446522, -3346, 385934, 274877, -211702, -424478, -66687, 390640, 309223, -219837, -378907, 51672, 339025, 99444, -229867, -165909, 72276, 102901, 52632, -3836, -83048, -73801, 42163, 114999, 43254, -59911, -131124, -91275, 180056, 268467, -172746, -342449, 315488, 480977, -312697, -516102, 262509, 519973, -149839, -520170, -22149, 519760, 215225, -517333, -390042, 486423, 492674, -505451, -447264, 337384, 505806, 742, -513069, -309326, 461240, 451539, -317851, -454863, 210118, 345644, -194447, -208022, 246323, -158623, -377875, 132992, 439817, -5501, -423249, -155433, 306281, 295220, -99724, -338571, -115111, 272490, 265776, -130389, -310116, -53691, 272550, 140210, -157403, -137219, 49195, 52779, 8070, 51339, 82, -108718, -54127, 100729, 105948, -41403, -110859, 18879, 105725, 68892, -38165, -99640, -46099, 66895, 104720, 980, -108216, -61517, 62246, 85300, 769, -57125, -48882, 3621, 70475, 54050, -62557, -93229, 21041, 99929, 25168, -72207, -52949, 24899, 53980, 14997, -30229, -29967, -3443, 38027, 21725, -16319, -34436, -15404, 26273, 35777, -3415, -33137, -22956, 14110, 37762, 8018, -35270, -24826, 23367, 28782, -13194, -22004, 1783, 9917, 808, -1503, 5921, 2497, -13103, -14053, 11931, 35720, -457, -56887, -17682, 64283, 30348, -77054, -53473, 78874, 67871, -69920, -69101, 57425, 62307, -44019, -50518, 33638, 39209, -22208, -32034, 9694, 29886, -5, -26501, -10302, 20701, 19286, -13260, -24396, 5563, 25311, 884, -23154, -3767, 20396, 3288, -21439, -2672, 21632, -3101, -26235, 7187, 31201, -6952, -34130, 2309, 33852, 4111, -28366, -8852, 18661, 11023, -19235, -4187, 9458, 6982, -413, -7729, -4163, 7454, 2303, -5750, 2143, 3984, -5311, -513, 6659, -5708, -21433, 12963, 17023, -24601, -8295, 38343, -3829, -50553, 18791, 59634, -31922, -62738, 38888, 60946, -37761, -56967, 25193, 55260, -15138, -47939, -1384, 40358, 19571, -33434, -37700, 28059, 52590, -24699, -61522, 24360, 62100, -26308, -43729, 29492, 35153, -32004, -23696, 34348, 10010, -34735, 1464, 32682, -8787, -29992, 12937, 28705, -11278, -27645, 2061, 29863, 7966, -29182, -21682, 26606, 34413, -22257, -43698, 16478, 45102, -9876, -36619, 1846, 14405, 6104, 8951, -21662, -47390, 40228, 94812, -62487, -146325, 83675, 194773, -95952, -227665, 96067, 237741, -76589, -219636, 37198, 185980, 8845, -128761, -59944, 61875, 97076, 1563, -112241, -51239, 107247, 78130, -90934, -84784, 72667, 74486, -60226, -38376, 52747, 22011, -62884, -18041, 72417, 26132, -70266, -41068, 51367, 52575, -18437, -54808, -18648, 46740, 49774, -32004, -71785, 8734, 72196, 9997, -57697, -18069, 34635, 12940, -11183, 720, -1711, -16988, 5897, 28447, -352, -34324, -12587, 28132, 19847, -14588, -17640, 615, 6863, 8516, 7853, -8386, -21783, 2084, 29966, 5879, -31632
1791219443.841, MrmFullScanInfo, 604, 107, 2053231, 0, 0, 0, 0, 10000, 39297, 32, 2, 2, 1, 480, 0, 0, 0, 0, 0, 0, 168088, -228487, -311802, 479511, 361366, -536410, -379919, 349617, 435026, -31988, -507633, -255724, 507045, 432261, -372087, -522366, 136092, 579217, 108087, -566057, -277971, 390204, 324238, -45275, -239973, -339984, 70211, 613290, 94454, -725760, -181590, 712916, 184429, -642569, -141692, 573918, 110537, -540928, -129805, 544857, 200140, -535485, -295417, 427229, 398529, -188608, -490342, -105140, 508849, 347645, -383584, -504537, 128382, 598664, 148962, -627740, -346409, 546542, 450951, -332223, -490921, 43272, 437315, 208014, -236620, -319346, -81188, 250134, 368743, -38033, -457668, -220764, 294463, 394978, 27026, -376810, -346084, 162430, 536386, 132585, -530111, -382858, 330913, 541409, -30606, -584813, -250901, 472004, 449181, -208249, -541127, -112238, 491380, 380180, -286635, -546097, -214, 592325, 236885, -499686, -320904, 283416, 226273, -27298, -6120, -145013, -234791, 150160, 390019, -4076, -393278, -193344, 241851, 326212, 890, -323269, -234307, 184226, 371570, 26023, -376220, -215559, 268924, 314697, -111157, -301904, -25389, 201202, 92084, -67030, -81923, -39173, 24546, 75944, 31679, -36160, -40383, -57068, -17186, 174410, 123343, -294086, -238954, 394942, 330556, -447821, -388607, 425621, 425700, -324245, -463821, 164313, 514228, 17633, -571910, -176666, 612525, 281695, -588824, -341736, 456035, 396880, -221517, -465762, -41281, 516610, 241688, -507828, -327404, 438429, 284663, -350308, -134622, 287963, -53053, -271379, 178838, 293308, -176353, -320840, 58104, 308369, 109262, -225105, -248300, 78483, 302912, 88503, -258246, -221019, 144952, 278238, -22099, -250303, -55160, 162352, 63491, -62342, -17323, -3927, -44926, 15780, 87487, 15805, -92536, -59256, 60107, 82372, -4597, -68131, -48478, 20416, 72583, 38592, -57428, -80456, 15131, 86004, 28298, -54647, -48790, 2471, 36870, 46854, -209, -72729, -43010, 66424, 73539, -34498, -79257, -5459, 60103, 34438, -26310, -41666, -7598, 28573, 28556, -5232, -29609, -16353, 13504, 26721, 8409, -21436, -23593, 3451, 25442, 18060, -15307, -33182, -47, 36710, 12755, -29677, -17899, 17618, 15586, -7409, -10042, 3583, 7230, -5737, -12156, 9530, 26015, -10344, -45653, 5565, 65936, 5016, -82290, -19116, 91360, 32545, -91026, -41058, 81682, 42827, -66278, -39064, 48622, 33067, -31798, -28203, 17549, 25836, -6164, -24875, -3171, 23323, 11266, -19979, -17920, 15003, 22267, -9598, -23939, 5275, 23633, -3305, -22728, 4356, 22499, -7989, -23540, 12364, 25695, -14865, -28041, 13733, 29108, -9074, -28024, 3096, 24834, 1498, -19632, -3880, 12593, 5382, -5219, -7074, 276, 8140, 650, -7195, 1539, 3732, -5205, 1949, 9118, -9617, -11350, 19017, 8875, -29109, 383, 38219, -15389, -44710, 32621, 47594, -47441, -47020, 55476, 44648, -54521, -42681, 45482, 42071, -31015, -42117, 13461, 41966, 5591, -41722, -24201, 41988, 39712, -43052, -48621, 44347, 48351, -44594, -39622, 43016, 26219, -40077, -12029, 36598, -852, -32802, 11241, 28749, -18127, -25022, 20633, 22828, -18350, -23223, 11672, 26114, -1694, -30043, -10170, 33081, 22124, -33776, -31541, 31205, 35131, -24661, -30297, 13315, 16230, 3789, 6518, -27440, -36939, 57673, 73426, -92524, -112548, 127119, 148858, -153759, -175846, 163512, 188447, -149627, -184770, 110994, 165540, -53400, -132964, -11856, 90765, 71043, -44690, -112262, 1752, 129881, 31336, -126094, -48933, 108458, 48771, -86326, -34841, 68476, 16662, -60403, -4056, 61059, 2255, -62860, -11155, 56813, 26478, -38223, -41930, 9028, 51446, 23563, -51117, -50492, 40741, 64483, -24288, -62582, 8363, 47196, 1041, -24884, -1279, 3681, -6259, 9824, 17259, -12765, -26353, 6928, 29156, 2240, -23975, -8523, 12762, 7999, -169, -381, -8936, -11449
1791219443.841, MrmFullScanInfo, 604, 107, 2053231, 0, 0, 0, 0, 10000, 39297, 32, 4, 2, 1, 480, 0, 0, 0, 0, 0, 0, -596, 498, 940, -612, -724, -411, 561, 1889, -998, -2424, 1703, 1551, -1801, -271, 661, -334, 1206, -1, -2369, 676, 3226, -1266, -5054, 1964, 7447, -2609, -8077, 2448, 5558, -1214, -907, -600, -3858, 2220, 7010, -3035, -8030, 3009, 7127, -2028, -4926, -689, 2765, 4678, -1771, -7347, 920, 6869, 1391, -4463, -4664, 2464, 6563, -1200, -5807, 478, 3267, -2302, -47, 8403, -3106, -17587, 5748, 25994, -7682, -28897, 8429, 23810, -6251, -13427, 898, 2182, 4800, 8358, -8421, -16334, 8698, 17934, -4700, -12898, -1865, 6293, 6370, -1776, -6218, -210, 3173, 56, -275, 1360, 476, -2960, -5813, 4513, 14435, -5648, -22292, 4250, 27745, 1387, -30342, -9761, 26942, 17142, -14605, -19052, -6155, 12841, 32207, -125, -55907, -15778, 64520, 34299, -49353, -54849, 15443, 72090, 23547, -80669, -56164, 81841, 75384, -85007, -79449, 99078, 74570, -123224, -73790, 145485, 87856, -149211, -115893, 120936, 145246, -51266, -155118, -62337, 133447, 215050, -80197, -391068, -4709, 559271, 128185, -672754, -292006, 679823, 477611, -550359, -653368, 297283, 783968, 19611, -846748, -308592, 830256, 494186, -718407, -568397, 501646, 585931, -213853, -597910, -63942, 606295, 255891, -591495, -337423, 553089, 314702, -511836, -210378, 480206, 83425, -453019, -19405, 419192, 67417, -363428, -194486, 267608, 323635, -125449, -387584, -42031, 357278, 192651, -247728, -286779, 108156, 306925, 3069, -263794, -50104, 191258, 36524, -130415, 4465, 107058, -32729, -118328, 26108, 139885, 12277, -143261, -63971, 111079, 107489, -44428, -124203, -37923, 103362, 107168, -51253, -139210, -9510, 126643, 52424, -80920, -61799, 25037, 39614, 17778, -1986, -33565, -30522, 22301, 42772, 3380, -31314, -25466, 4740, 30330, 22975, -15902, -40080, -8875, 41025, 31457, -27452, -43157, 7391, 41743, 8611, -30612, -14031, 17011, 9882, -8128, -3019, 7184, 1187, -11999, -8190, 16484, 21934, -14035, -35827, 1465, 42311, 18471, -36710, -38005, 19745, 48399, 2171, -44571, -20711, 27420, 30648, -3161, -31653, -19629, 26537, 33926, -19036, -37146, 13241, 31881, -12251, -23882, 16433, 18889, -22917, -19854, 27136, 25633, -25515, -31671, 17429, 32670, -5435, -25766, -6089, 12165, 13308, 3591, -15244, -16338, 13928, 22393, -12422, -20537, 12823, 12558, -15811, -2802, 20941, -3727, -26312, 4197, 29082, 787, -27401, -7507, 21273, 11521, -11867, -10699, 1208, 6070, 7689, -1, -11862, -5358, 10685, 8249, -6467, -7850, 2197, 5236, -119, -3336, 2588, 4924, -12153, -10308, 29139, 17197, -49498, -22148, 66522, 22218, -73863, -16200, 68168, 6187, -50476, 3550, 25481, -9929, 1443, 12420, -26751, -11113, 48465, 5105, -64836, 5903, 74166, -20275, -74636, 34433, 65654, -44313, -49860, 47791, 32449, -45567, -17702, 39422, 6932, -30366, 80, 19011, -3764, -6542, 4913, -5348, -4673, 15236, 3838, -22215, -2444, 25807, 260, -26226, 2484, 24619, -5118, -22584, 6645, 21371, -6071, -21721, 2702, 23752, 4040, -26793, -14719, 29702, 29244, -31410, -45711, 31586, 60576, -30619, -69993, 29149, 71678, -27673, -65946, 26418, 55163, -25301, -42532, 23887, 31089, -21635, -22936, 18109, 18582, -12687, -16896, 4788, 16748, 5028, -17616, -14901, 18501, 23250, -17610, -29680, 14073, 33809, -9225, -34421, 5399, 30842, -4313, -24139, 5832, 17037, -8089, -12412, 8992, 11493, -7376, -13153, 3045, 14926, 3369, -14437, -10147, 10352, 14916, -2881, -16364, -6216, 14775, 14227, -10732, -18641, 4390, 18255, 3498, -13522, -10581, 6239, 14318, 1134, -13736, -6308
1791219443.841, MrmDetectionListInfo, 604, 286, 129, 65535, 130, 65535, 131, 65535, 132, 65535, 133, 65535, 134, 65535, 135, 65535, 136, 65535, 137, 65535, 138, 65535, 139, 65535, 140, 65535, 141, 65535, 142, 65535, 143, 65535, 144, 65535, 145, 65535, 146, 65535, 147, 65535, 148, 65535, 149, 65535, 150, 65535, 151, 65535, 152, 65535, 153, 65535, 154, 65535, 155, 65535, 156, 65535, 157, 65535, 158, 65535, 159, 65535, 160, 65535, 161, 65535, 162, 65535, 163, 65535, 164, 65535, 165, 65535, 166, 65535, 167, 65535, 168, 65535, 169, 65535, 170, 65535, 171, 65535, 172, 65535, 173, 65535, 174, 65535, 175, 65535, 176, 65535, 177, 65535, 178, 65535, 179, 65535, 180, 65535, 181, 65535, 182, 65535, 183, 65535, 184, 65535, 185, 65535, 186, 65535, 187, 65535, 188, 65535, 189, 65535, 190, 65535, 191, 65535, 192, 65535, 193, 65535, 194, 65535, 195, 65535, 196, 65535, 197, 65535, 198, 65535, 199, 65535, 200, 65535, 201, 65535, 202, 65535, 203, 65535, 204, 65535, 205, 65535, 206, 65535, 207, 55259, 208, 57228, 209, 65535, 210, 65535, 211, 65535, 212, 65535, 213, 65535, 214, 65535, 215, 65535, 216, 65535, 217, 65535, 218, 65535, 219, 65535, 220, 65535, 221, 65535, 222, 65535, 223, 65535, 224, 65535, 225, 65535, 226, 65535, 227, 65535, 228, 65535, 229, 56778, 230, 36908, 231, 21243, 232, 14855, 234, 22448, 235, 29340, 236, 32112, 237, 28572, 238, 22137, 240, 18770, 241, 20350, 242, 21404, 243, 22686, 244, 24556, 245, 26200, 246, 27510, 247, 29550, 248, 32242, 249, 33249, 250, 30647, 251, 25778, 252, 22007, 253, 20831, 254, 20513, 264, 16507, 265, 19993, 266, 22036, 267, 22476, 268, 22668, 269, 24805, 270, 29223, 271, 33396, 272, 34494, 273, 32102, 274, 28167, 275, 25408, 276, 25495, 277, 27239, 278, 27176, 279, 23469, 280, 18915, 281, 18397, 282, 22965, 283, 28413, 284, 30292, 285, 28303, 286, 25168, 287, 22926, 288, 21498, 289, 20114, 290, 18847, 291, 18462, 292, 19381, 293, 21254, 294, 23388, 295, 25265, 296, 26602, 297, 27124, 298, 26488, 299, 24433, 300, 21071, 301, 17167, 302, 13841, 303, 11694, 304, 10519, 307, 12081, 308, 15222, 309, 17898, 310, 18567, 311, 17407, 312, 15682, 313, 14206, 314, 12908, 315, 11623, 316, 10887, 317, 11553, 318, 13578, 319, 15708, 320, 16603, 321, 16042, 322, 15054, 323, 14854, 324, 15442, 325, 15536, 326, 14016, 327, 10982, 333, 7362, 345, 11264, 346, 16988, 347, 23514, 348, 30277, 349, 36636, 350, 41937, 351, 45593, 352, 47153, 353, 46371, 354, 43241, 355, 38083, 356, 31659, 357, 25026, 358, 19047, 359, 14021, 360, 10076, 362, 11505, 363, 18929, 364, 26867, 365, 31531, 366, 33175, 367, 34914, 368, 38829, 369, 44286, 370, 49256, 371, 52264, 372, 53131, 373, 52393, 374, 50438, 375, 47328, 376, 43175, 377, 38375, 378, 33431, 379, 28648, 380, 24062, 381, 19605, 382, 15341, 383, 11636, 384, 8912, 385, 7084, 386, 5727, 390, 10074, 391, 12348, 392, 13401, 393, 13535, 394, 13409, 395, 13418, 396, 13650, 397, 14014, 398, 14321, 399, 14425, 400, 14332, 401, 14137, 405, 12937, 406, 13514, 407, 15361, 408, 18563, 409, 22716, 410, 27192, 411, 31575, 412, 35804, 413, 39897, 414, 43677, 415, 46816, 416, 49040, 417, 50248, 418, 50452, 419, 49702, 420, 48067, 421, 45679, 422, 42726, 423, 39421, 424, 35951, 425, 32472, 426, 29113, 427, 25983, 428, 23158, 429, 20657, 430, 18434, 431, 16377, 432, 14348, 433, 12332, 435, 10238, 436, 11394, 437, 13995, 438, 17159, 439, 19845, 440, 21550, 441, 22450, 442, 22902, 443, 22996, 444, 22601, 445, 21657, 446, 20299, 447, 18739, 469, 12730, 470, 13954, 471, 13954, 472, 12903
1791219443.966, MrmFullScanInfo, 605, 107, 2053356, 0, 0, 0, 0, 10000, 39297, 32, 1, 2, 1, 480, -419708, 491736, 417971, -482828, -451334, 446630, 504753, -370729, -519928, 113451, 520177, 335056, -496601, -496549, 370212, 517651, -112269, -520192, -176023, 519530, 322714, -512015, -476462, 481163, 520176, 513644, -168893, -520013, -408131, 497402, 364725, -499780, -439108, 503962, 284106, -518087, -282040, 518503, 213641, -518074, -282307, 516103, 424758, -510624, -515141, 386214, 520192, 87169, -519980, -488990, 451502, 519659, -171185, -519887, -227619, 519872, 466687, -504322, -516590, 392222, 520015, -138404, -520156, -268851, 512324, 465047, -65297, -393335, -519174, 104358, 520188, 396756, -487916, -513575, -51422, 516404, 508993, -317379, -520192, -357739, 516976, 518367, -328394, -520168, 20511, 519839, 318023, -505776, -507111, 344348, 520142, 116419, -520133, -490458, 438333, 520072, 49504, -519284, -369704, 495380, 474626, -322580, -477694, 17858, 180409, 164803, 204014, -148983, -448754, -65205, 482682, 342679, -300314, -443227, -10854, 375991, 273074, -200712, -418307, -75919, 388575, 313750, -223329, -382259, 46719, 342354, 95389, -235639, -162520, 75907, 96983, 47389, 537, -81299, -73871, 52158, 118436, 3011, -86246, -44027, -11569, 38554, 81707, 19774, -93952, -100209, 63232, 150125, 6022, -140147, -77469, 92135, 99535, -46292, -83677, 20596, 70039, -28710, -74180, 68569, 40547, -137636, -132249, 113879, 250992, -18277, -329308, -144237, 318781, 327068, -207742, -451445, 22886, 476691, 178545, -412003, -95726, 277068, 243976, -99272, -298840, -73251, 263348, 176345, -168451, -187198, 69282, 122993, -18598, -24160, 32758, -49802, -110841, 64150, 176875, -3968, -194814, -88966, 136006, 166793, -16889, -192183, -104241, 148956, 185807, -57006, -198771, -32882, 181909, 53550, -97797, -86973, 10455, 70630, 43187, -23744, -49660, -13281, 18209, 17525, 25456, 11223, -42754, -58100, 39823, 81335, -4311, -110585, -52870, 99607, 105092, -55552, -126656, -3612, 103860, 53519, -49660, -73050, -8230, 55612, 32068, -37298, -55642, 1837, 43758, 25325, -10505, -29801, -22140, 8639, 37835, 25188, -32017, -50328, 7716, 56561, 13377, -45804, -35263, 21218, 41804, 10316, -31050, -33281, 9091, 43478, 10358, -41914, -13637, 34122, -415, -27418, 24714, 25888, -50024, -33103, 71966, 46753, -80355, -57344, 72235, 62317, -53695, -53877, 30899, 37435, -8915, -18350, -5492, 2663, 10007, 7927, -10320, -12228, 12425, 11784, -14576, -10426, 15801, 11864, -13709, -14280, 5800, 14530, -6612, -19787, -5603, 17347, 16584, -6649, -22102, -6299, 21139, 16781, -14212, -22456, 4849, 21526, 1928, -14447, -2177, 11552, 2528, -5019, 3917, 669, -14751, 689, 25305, 857, -34842, -1928, 41487, 2166, -43694, -364, 38692, 9046, -38640, -9776, 38918, 18340, -40803, -31261, 42902, 49161, -42329, -68013, 37005, 85523, -24919, -98240, 7247, 89338, 6658, -92606, -23076, 89325, 33443, -82801, -39997, 74003, 42616, -65364, -43527, 58180, 43108, -52398, -24100, 45826, 22279, -41646, -19954, 36807, 16475, -30318, -11868, 24339, 6865, -20043, -3850, 17699, 3935, -17779, -12155, 19814, 20820, -18574, -33566, 13956, 45332, -6439, -52018, -1830, 49335, 10118, -37394, -16356, 13168, 21110, 12834, -25780, -51008, 35851, 98519, -45134, -149348, 52668, 196366, -52878, -229217, 38142, 238805, -10301, -218582, -28809, 186463, 79188, -116749, -116334, 34386, 132493, 43839, -124354, -101372, 96208, 131288, -59161, -131131, 28318, 109348, -9415, -76582, 1810, 49310, -13262, -32435, 27516, 27536, -33775, -30333, 27393, 33930, -5579, -30970, -22174, 20153, 45439, 7122, -66646, -30865, 60031, 47115, -40990, -48869, 15041, 34891, 6948, -10739, -19485, -15630, 20299, 38118, -12186, -33216, 4307, 38574, 3807, -36418, -7894, 29590, 4313, -23017, 4048, 18762, -14363, -18693, 22876, 20584, -26984
1791219443.966, MrmFullScanInfo, 605, 107, 2053356, 0, 0, 0, 0, 10000, 39297, 32, 2, 2, 1, 480, 0, 0, 0, 0, 0, 0, 167837, -228931, -311272, 480146, 360759, -536852, -379580, 350119, 435039, -32970, -507682, -254469, 506737, 431444, -371124, -522370, 134460, 579942, 109928, -567065, -280410, 391273, 328794, -46878, -246907, -337409, 77066, 610384, 90952, -723847, -182635, 712884, 188780, -644322, -146650, 576371, 113619, -542831, -130318, 545869, 199003, -535532, -294065, 425999, 397979, -186258, -490452, -107570, 508533, 349285, -382103, -505538, 126195, 599359, 150834, -628638, -347243, 548375, 450463, -334726, -489300, 44188, 435564, 210991, -236217, -325456, -79761, 256081, 366511, -41296, -456038, -219747, 293852, 393558, 27391, -373028, -347219, 157107, 538505, 136828, -532552, -384379, 332935, 540448, -31749, -582708, -250752, 470489, 449481, -208395, -541224, -110751, 491784, 378419, -288763, -544760, 4552, 591992, 229907, -500878, -313224, 285642, 219917, -29400, -2542, -143820, -235176, 149986, 387117, -5056, -387568, -190580, 235412, 320770, 5401, -314968, -236334, 174763, 372306, 34094, -376745, -221054, 269817, 318277, -113257, -304664, -21321, 203550, 86639, -68151, -76798, -42694, 20564, 92584, 38014, -80763, -61213, 34997, 37182, 5568, 15698, -10649, -64613, -24223, 82750, 76893, -61557, -116757, 13600, 125797, 36462, -107068, -69244, 79868, 78013, -67612, -69889, 80624, 66790, -106527, -96267, 116457, 167757, -80555, -256175, -14988, 315177, 157313, -303741, -308473, 222064, 417629, -105734, -440743, -15073, 366185, 131847, -225143, -231723, 70666, 282060, 51099, -262882, -113632, 189136, 112132, -104180, -61618, 52755, -7126, -54441, 56969, 94562, -59726, -135619, 10286, 140796, 69797, -94369, -142605, 8886, 173240, 85350, -150628, -155391, 90664, 177278, -20451, -146255, -36923, 80849, 66597, -13345, -64042, -28433, 39696, 33722, -14287, -10436, 5727, -21696, -19920, 41312, 50409, -34835, -82961, 2085, 101115, 43743, -92770, -82390, 57509, 96469, -7971, -80981, -36799, 44505, 61208, -2728, -59808, -29063, 37976, 40949, -8404, -31169, -13817, 7155, 18164, 18219, -3970, -33167, -19822, 31988, 40362, -16460, -47580, -5865, 38202, 25182, -15985, -33692, -10770, 29854, 33049, -19337, -44600, 11489, 43878, -13553, -34266, 27110, 22428, -48300, -14852, 70047, 14696, -84678, -20596, 86727, 27987, -74972, -31907, 52706, 29738, -26429, -22108, 3345, 11708, 11897, -1711, -18944, -5320, 20511, 8433, -19592, -8723, 17611, 8409, -14967, -9362, 11700, 11999, -7297, -14947, 896, 15736, 7444, -12309, -15637, 4655, 20732, 5051, -20801, -13525, 16307, 18126, -9713, -17996, 4089, 13984, -1915, -7701, 4435, 831, -11374, 5129, 21012, -9370, -30833, 12006, 38156, -12940, -41401, 11519, 41374, -7433, -40658, 1123, 41609, 7247, -45038, -18365, 50212, 32652, -55007, -49507, 56548, 66388, -52464, -79970, 42031, 88602, -26924, -92932, 10707, 93983, 3177, -91647, -13056, 86024, 19195, -78286, -21620, 69837, 19840, -61231, -14801, 52718, 9329, -44962, -5654, 38376, 3565, -32528, -1943, 26956, 333, -21980, 450, 18737, 1046, -18260, -5832, 20287, 13981, -23004, -24602, 24175, 35674, -22299, -43933, 16894, 45651, -8171, -38221, -3345, 21033, 17417, 5221, -34450, -39406, 54957, 79716, -77974, -122595, 99591, 162598, -113150, -193130, 111310, 208769, -88992, -206371, 46314, 184362, 10152, -142596, -68624, 84522, 115605, -19000, -140535, -41820, 139690, 86514, -117462, -107984, 83943, 105787, -50851, -86156, 27784, 59117, -19019, -34365, 21800, 18325, -27811, -12938, 27908, 15828, -16904, -21157, -4734, 22208, 31491, -15093, -54624, 895, 65428, 15257, -59622, -26876, 39785, 28793, -13450, -19365, -10593, 2163, 25789, 15986, -29656, -29508, 24225, 36593, -14803, -37813, 7124, 34043, -4762, -26925, 8241, 19021, -15610
1791219443.966, MrmFullScanInfo, 605, 107, 2053356, 0, 0, 0, 0, 10000, 39297, 32, 4, 2, 1, 480, 0, 0, 0, 0, 0, 0, -491, -253, 909, 425, -907, -688, 592, 1387, -446, -2086, 715, 1964, -1109, -945, 1280, -161, -1159, 754, 872, -745, -1076, 537, 2355, -748, -3625, 1426, 3213, -1822, -909, 1361, -1646, -256, 2873, -835, -2042, 1158, -371, -569, 2605, 84, -3311, -367, 2597, 944, -1397, -1047, 386, 712, 234, -361, -566, 71, 722, 178, -683, -650, 564, 676, -423, 1470, 114, -7159, 954, 14704, -3132, -19024, 5225, 16559, -5022, -9253, 2069, 1946, 1444, 2499, -3337, -3849, 2806, 3038, -101, -1733, -3218, 1357, 4931, -1756, -4041, 1983, 1658, -1379, 162, 218, -168, 554, -1099, -320, 1977, -412, -1528, 734, 622, 48, -356, -2140, 430, 4284, 443, -4158, -2938, 635, 6140, 4867, -8397, -10205, 8314, 14582, -4642, -18150, -3811, 21227, 16505, -24002, -30726, 26473, 42472, -30504, -48793, 38782, 49747, -51000, -48864, 62844, 51378, -69813, -60492, 71336, 76599, -69096, -98934, 65456, 127942, -72394, -162828, 107166, 195007, -168214, -212629, 224298, 214101, -239197, -210696, 203963, 217391, -137067, -243684, 68047, 287487, -24497, -334112, 13962, 361379, -10371, -352679, -32130, 308955, 138584, -245417, -286898, 177423, 428138, -109271, -523162, 59681, 556348, -52747, -525887, 72086, 444543, -60047, -341428, -18656, 241885, 134050, -151754, -231548, 67203, 275143, 9297, -261799, -66768, 213063, 95896, -158013, -98173, 117879, 86034, -97604, -75568, 87203, 77421, -71087, -90753, 39313, 104112, 5993, -105843, -52578, 91061, 85089, -60309, -93368, 17941, 77241, 25643, -45384, -55461, 11457, 62561, 11408, -50319, -15533, 30439, 2004, -15253, 19110, 12870, -33715, -24695, 31768, 43755, -12787, -57016, -14450, 53717, 36668, -32417, -44370, 1508, 35985, 26056, -15794, -39816, -8990, 36214, 29107, -18725, -35527, -3914, 25323, 21279, -3832, -26062, -18874, 17988, 33369, -3314, -34640, -9573, 23888, 14477, -7933, -9162, -4338, -4365, 7004, 20400, 139, -32083, -12050, 35018, 21939, -28994, -25140, 17373, 20836, -5220, -11246, -2855, 12, 4717, 8905, -1702, -12549, -2593, 10239, 4664, -3815, -2849, -3374, -2269, 8396, 8610, -10070, -13966, 8926, 17301, -6115, -19117, 2293, 20637, 2012, -22894, -6333, 26039, 11035, -28981, -17266, 29719, 25328, -26294, -33306, 18239, 38284, -7127, -38161, -3997, 33340, 11921, -26287, -14950, 19584, 13984, -14930, -11520, 13751, 9256, -17298, -6830, 25239, 2817, -35227, 3768, 44302, -11973, -50655, 19496, 54155, -24441, -55359, 26004, 54573, -23657, -51803, 16614, 46912, -4828, -39703, -10301, 30347, 25363, -19253, -36604, 6876, 42778, 5459, -45572, -14987, 46948, 18940, -47159, -16826, 45880, 10947, -43291, -4223, 39815, -1358, -35492, 4405, 30346, -3690, -24750, -871, 18968, 7435, -12778, -13498, 6021, 17358, 917, -18598, -7268, 17803, 12416, -16095, -16175, 14690, 18767, -14221, -20656, 14351, 22412, -14136, -24246, 12736, 25706, -9767, -25709, 5195, 23127, 1013, -17338, -8903, 8400, 18225, 3037, -28128, -16039, 37283, 29353, -44182, -41166, 47643, 49702, -46567, -53733, 39579, 52594, -25566, -46023, 5412, 34498, 17028, -19530, -36495, 3277, 48750, 11849, -52750, -23561, 50471, 30276, -44480, -31849, 35955, 29702, -25123, -25721, 12699, 21123, 168, -16309, -12275, 11334, 23159, -6609, -32746, 2721, 40147, 531, -43549, -4217, 41670, 8762, -34841, -13040, 24546, 15474, -12731, -15314, 2112, 13271, 4859, -10864, -8095, 9387, 10113, -9181, -13413, 9584, 17867, -9557, -21535, 8391, 22576, -6107
1791219443.966, MrmDetectionListInfo, 605, 275, 134, 45378, 136, 51067, 137, 54082, 138, 57196, 139, 60359, 140, 63611, 141, 65535, 142, 65535, 143, 65535, 144, 65535, 145, 65535, 146, 65535, 147, 65535, 148, 65535, 149, 65535, 150, 65535, 151, 65535, 152, 65535, 153, 65535, 154, 65535, 155, 65535, 156, 65535, 157, 65535, 158, 65535, 159, 65535, 160, 65535, 161, 65535, 162, 65535, 163, 65535, 164, 65535, 165, 65535, 166, 65535, 167, 65535, 168, 65535, 169, 65535, 170, 65535, 171, 65535, 172, 65535, 173, 65535, 174, 65535, 175, 65535, 176, 65535, 177, 65535, 178, 65535, 179, 65535, 180, 65535, 181, 65535, 182, 65535, 183, 65535, 184, 65535, 185, 65535, 186, 65535, 187, 65535, 188, 65535, 189, 65535, 190, 65535, 191, 65535, 192, 65535, 193, 65535, 194, 65535, 195, 65535, 196, 65535, 197, 65535, 198, 65535, 199, 65535, 200, 65535, 201, 65535, 202, 65535, 203, 65535, 204, 65535, 205, 65535, 206, 65535, 207, 65535, 208, 65535, 209, 65535, 210, 61487, 211, 59050, 212, 63906, 213, 65535, 214, 65535, 215, 65535, 216, 65535, 217, 61948, 218, 50845, 219, 44206, 220, 42059, 221, 41877, 222, 40687, 223, 37614, 224, 34369, 225, 32451, 226, 30720, 227, 26617, 231, 14650, 232, 22068, 233, 28155, 234, 31401, 235, 32774, 236, 33285, 237, 33472, 238, 34191, 239, 36167, 240, 38776, 241, 39770, 242, 36725, 243, 29645, 244, 22474, 245, 20263, 246, 23400, 247, 27008, 248, 27195, 249, 25357, 250, 25116, 251, 26771, 252, 26923, 253, 23351, 254, 18237, 258, 18249, 259, 20089, 260, 22087, 261, 22421, 262, 20691, 263, 18784, 264, 18105, 265, 17482, 266, 14865, 267, 10237, 272, 12994, 273, 16153, 274, 19335, 275, 23240, 276, 26798, 277, 28140, 278, 26634, 279, 23188, 280, 18952, 281, 14430, 301, 12387, 302, 12312, 303, 12109, 304, 11678, 306, 11235, 307, 12104, 308, 13805, 309, 15953, 310, 18119, 311, 20130, 312, 22081, 313, 24049, 314, 25894, 315, 27311, 316, 28022, 317, 27873, 318, 26815, 319, 24939, 320, 22674, 321, 20762, 322, 19847, 323, 19992, 324, 20471, 325, 20218, 326, 18785, 327, 16687, 328, 14749, 329, 13372, 330, 12508, 331, 12080, 332, 12183, 333, 12909, 334, 14139, 335, 15638, 336, 17400, 337, 19738, 338, 22934, 339, 26872, 340, 30962, 341, 34484, 342, 37068, 343, 38818, 344, 39973, 345, 40578, 346, 40495, 347, 39593, 348, 37848, 349, 35272, 350, 31850, 351, 27776, 352, 23981, 353, 21914, 354, 22210, 355, 23950, 356, 25477, 357, 25710, 358, 24769, 359, 23727, 360, 23771, 361, 25396, 362, 28191, 363, 31104, 364, 33009, 365, 33410, 366, 32606, 367, 31155, 368, 29337, 369, 27165, 370, 24717, 371, 22320, 372, 20392, 373, 19180, 374, 18595, 375, 18133, 376, 17119, 377, 15264, 378, 12986, 379, 11208, 380, 10685, 381, 11242, 382, 11853, 383, 11683, 384, 10815, 385, 9969, 386, 9903, 388, 12843, 389, 14502, 390, 15321, 391, 15516, 392, 15702, 393, 16168, 394, 16755, 395, 17242, 396, 17625, 397, 18021, 398, 18453, 399, 18810, 400, 18954, 401, 18810, 402, 18339, 403, 17485, 404, 16181, 405, 14429, 407, 10793, 411, 12543, 412, 14666, 413, 19042, 414, 25478, 415, 32172, 416, 37498, 417, 41356, 418, 44517, 419, 47278, 420, 49149, 421, 49533, 422, 48274, 423, 45523, 424, 41365, 425, 35739, 426, 29005, 427, 22901, 428, 19937, 429, 20812, 430, 23342, 431, 24891, 432, 25440, 433, 27259, 434, 31483, 435, 36354, 436, 39327, 437, 39700, 438, 38596, 439, 37135, 440, 35361, 441, 32767, 442, 29216, 443, 25101, 444, 20857
1791219444.101, MrmFullScanInfo, 606, 107, 2053481, 0, 0, 0, 0, 10000, 39297, 32, 1, 2, 1, 480, -422399, 490634, 419534, -480516, -452732, 444606, 506619, -372277, -520032, 114917, 520121, 336466, -494583, -498474, 369449, 517284, -113273, -520170, -177405, 519578, 326471, -511212, -475854, 481627, 520123, 514029, -160003, -520127, -417241, 494740, 364721, -500022, -439960, 504406, 286180, -518719, -283065, 518030, 211538, -517724, -282193, 516417, 424918, -508179, -515326, 387441, 520192, 82219, -520016, -489614, 452597, 519335, -171611, -520192, -232602, 519321, 466153, -504818, -515729, 389138, 520088, -130633, -520151, -275725, 513789, 445658, -68530, -383773, -518813, 97083, 520142, 399670, -490206, -513931, -52292, 516942, 509483, -324510, -520192, -352240, 515933, 518237, -326287, -520190, 18368, 519994, 321594, -507190, -506384, 347894, 520124, 115649, -520119, -493479, 436192, 520038, 52404, -519421, -378165, 492667, 480253, -315246, -479716, 15369, 177644, 161521, 204957, -141382, -442779, -72633, 470358, 344082, -307256, -445469, -7025, 383014, 276915, -202235, -419866, -71390, 387635, 312937, -218498, -381510, 44623, 338807, 96412, -230413, -166198, 81551, 101689, 44432, -2467, -80368, -72564, 54366, 118016, 3857, -83571, -45420, -15244, 36864, 86703, 23327, -92692, -99107, 60957, 144865, 10677, -128710, -81360, 69654, 102738, 530, -73375, -55757, 29601, 75797, 10850, -50062, -28612, 15539, 7217, -4648, 35622, 17888, -61760, -61156, 38970, 130562, 36736, -180939, -148482, 182978, 262789, -130290, -259312, 81241, 279815, 62287, -226742, -197249, 107935, 268893, 54087, -258358, -198989, 169456, 277080, -27555, -270976, -117353, 196548, 212655, -37801, -209185, -111644, 116900, 191133, 31171, -175939, -166926, 86061, 231444, 35393, -202415, -137475, 103828, 160239, -4862, -153410, -108345, 79961, 178150, 28477, -178373, -123696, 123035, 166518, -39020, -140308, -34840, 71065, 71633, -36363, -69668, -20231, 44748, 40348, -8382, -10464, -13534, -46491, 882, 95074, 47308, -109970, -105111, 82865, 147846, -99814, -133919, 32325, 133381, 28301, -101445, -62064, 53639, 66142, -14101, -45358, -5410, 16720, 6372, 1228, 5651, 8750, -11508, -13108, 11197, 22553, -1582, -28958, -11867, 24992, 24989, -11566, -32906, 1664, 30867, -3112, -22069, 12264, 22907, -30712, -20421, 53632, 26157, -69875, -36325, 71743, 47251, -57981, -51250, 33437, 43509, -3946, -26915, -20469, 6580, 24842, 11909, -17623, -21060, 6169, 16351, 2680, -1798, -3849, -14716, -2599, 27160, 14197, -30530, -12951, 23328, 21708, -14963, -25695, 7082, 23439, -1076, -16536, -1166, 11551, 2373, -7384, -4591, 3745, 10852, 4230, -11837, -4680, 26245, 7492, -39155, -8892, 45808, 6597, -42640, 1168, 30254, -10659, -13594, 20924, -3854, -23539, 4705, 28504, -20617, -27306, 33876, 16991, -45311, -595, 57201, -17104, -67685, 29444, 77257, -30959, -82974, 22649, 84921, -13007, -80248, -2905, 69170, 18839, -53861, -31659, 38130, 38579, -27128, -40625, 22621, 36226, -23512, -22080, 26144, 14689, -30464, -5630, 35344, -2848, -37822, 8840, 38210, -11548, -36053, 9661, 31721, -3165, -23645, -8261, 14888, 17984, -3251, -26064, -8436, 30737, 18128, -30031, -22610, 24004, 22213, -11859, -18935, -6141, 14604, 21798, -14909, -51811, 19523, 87020, -29128, -127442, 39389, 166408, -42455, -194388, 38821, 202156, -16321, -182976, -18060, 145983, 52017, -86730, -89026, 19579, 110264, 46039, -111993, -96062, 94580, 121059, -69870, -122981, 44142, 106320, -26677, -72048, 27723, 52560, -32824, -39723, 36839, 35333, -33201, -34463, 19086, 31838, 3604, -25112, -28593, 14649, 49746, 3797, -60836, -17867, 57909, 25538, -45336, -22817, 30141, 10422, -18551, 6455, 13563, -21860, -15373, 30002, 19992, -36608, -24286, 28145, 24609, -16809, -17500, 6691, 6457, -1122, 7560, 2249, -19496, -8649, 27104, 14412, -31496
1791219444.101, MrmFullScanInfo, 606, 107, 2053481, 0, 0, 0, 0, 10000, 39297, 32, 2, 2, 1, 480, 0, 0, 0, 0, 0, 0, 168488, -228612, -312733, 479931, 362412, -537186, -380473, 350565, 434773, -32702, -506817, -255511, 506054, 432527, -370632, -522925, 133607, 580106, 111230, -567179, -281036, 391242, 327008, -46250, -242248, -338853, 71220, 612152, 95574, -725188, -185087, 713492, 189586, -644307, -146523, 575976, 113065, -542181, -129823, 545119, 198913, -535253, -294228, 426784, 397967, -187927, -490164, -105965, 508021, 348489, -381258, -505642, 125113, 599855, 151667, -628255, -347703, 545738, 451326, -331067, -491087, 43658, 437182, 205403, -235809, -315573, -82693, 246825, 370433, -35938, -458784, -221625, 294507, 394834, 27794, -375764, -346854, 160681, 536619, 134397, -529747, -384127, 330312, 542054, -30200, -585230, -250900, 472665, 448586, -209166, -539951, -111540, 490050, 379948, -285694, -545798, -311, 591675, 235544, -499378, -317571, 284451, 221792, -30476, -3064, -139612, -234381, 143656, 386363, 1272, -388137, -195309, 237103, 323997, 4039, -317640, -235508, 177198, 370965, 32238, -374369, -219744, 266760, 317239, -109873, -304504, -24802, 205219, 89641, -71169, -78776, -40086, 21745, 91344, 36767, -80451, -59081, 34926, 34135, 5564, 18651, -10798, -65846, -22939, 80950, 72551, -56351, -105877, 5725, 102341, 44304, -62632, -70937, 6262, 67376, 40146, -43199, -58866, 17211, 50595, -6841, -31385, 16522, 22848, -33285, -41864, 34817, 91056, -3129, -154228, -60741, 204254, 136688, -213672, -200057, 164569, 234396, -59397, -229445, -74417, 175816, 193367, -74733, -257443, -52613, 245062, 169720, -160148, -238472, 32376, 233392, 92070, -153758, -167153, 28778, 164618, 92465, -86698, -163944, -32573, 162361, 141494, -95776, -195987, -3047, 178313, 93066, -99546, -141303, -9504, 132664, 110954, -73234, -172018, -10868, 176285, 84167, -128781, -120861, 53243, 115829, 18456, -80678, -61422, 34916, 67905, -265, -46698, -5984, 16690, -18898, 1100, 60902, 7189, -101542, -38783, 126538, 76708, -125345, -104349, 93725, 115143, -40975, -108828, -11404, 86778, 44361, -54802, -51102, 23138, 38489, -1689, -20349, -5257, 8113, 1152, -5814, 5694, 11188, -7778, -18975, 2131, 23787, 9198, -23444, -20752, 20126, 27199, -18438, -26507, 22625, 20488, -34293, -13009, 51010, 8206, -66731, -9005, 74519, 15255, -69686, -23481, 51757, 28857, -25282, -27807, -1289, 19565, 19520, -6700, -25365, -5347, 20564, 10740, -10511, -6606, 1312, -5232, 3345, 19119, -2896, -28634, -1708, 30441, 8971, -25751, -16237, 18143, 20212, -10585, -19456, 4436, 15191, 445, -9646, -4837, 4584, 9852, -1089, -16785, -93, 26094, -1361, -35913, 5091, 41990, -10184, -40241, 15409, 29395, -19279, -12649, 20954, -4501, -20828, 18680, 19062, -30079, -13975, 39858, 3265, -47802, 13013, 53519, -31347, -57571, 46234, 61314, -53203, -65600, 50866, 69606, -40513, -71177, 24604, 68478, -6088, -61443, -11583, 51987, 24971, -42961, -31123, 36435, 28849, -32721, -19789, 31139, 7605, -31013, 4300, 31675, -14011, -32174, 20430, 31670, -22685, -29762, 20051, 26539, -12447, -22267, 1051, 17002, 11841, -10572, -23583, 3191, 31833, 4100, -34636, -9980, 30584, 13869, -19572, -16542, 2640, 19984, 19225, -26845, -45713, 39360, 76311, -57458, -108930, 77702, 139618, -93515, -162829, 96855, 173233, -81700, -167496, 47262, 144836, 1161, -106924, -53825, 58100, 99096, -5405, -126975, -42587, 132920, 77838, -119275, -94783, 94114, 92473, -67706, -75617, 48248, 52972, -38566, -33240, 35608, 21347, -32986, -17757, 24732, 19697, -8367, -22816, -14076, 23032, 37185, -18336, -54479, 9809, 61120, -1023, -56079, -3858, 42524, 2119, -26125, 6049, 12514, -17901, -5050, 29325, 3910, -36105, -6691, 35541, 9898, -27910, -10256, 16553, 5854, -5939, 3139, -524, -14685
1791219444.101, MrmFullScanInfo, 606, 107, 2053481, 0, 0, 0, 0, 10000, 39297, 32, 4, 2, 1, 480, 0, 0, 0, 0, 0, 0, 498, 175, -1164, 32, 1333, -648, -671, 950, -411, -458, 1063, -339, -1008, 717, 936, -590, -1357, 456, 1769, -451, -1245, 275, -516, 183, 2720, -683, -4035, 867, 3900, -713, -3044, 542, 2186, -455, -1119, 247, -198, 259, 1075, -621, -1081, 199, 683, 869, -458, -1642, 406, 1471, -534, -659, 923, -236, -1188, 637, 895, 129, -424, -2306, 718, 3823, -1607, -2296, 1704, -1530, -363, 4432, -1454, -4439, 2406, 2647, -2003, -1254, 878, 1760, -333, -3309, 928, 3741, -1682, -2351, 1703, 391, -1080, 1041, 300, -1721, 361, 1593, -847, -714, 1237, -451, -2013, 1216, 3414, -975, -4833, -208, 5202, 1549, -3934, -1937, 1882, 668, -844, 1827, 1043, -4139, -888, 4924, -239, -4075, 1049, 2826, -478, -2054, -622, 1747, 1200, -1808, -1529, 2675, 2111, -4879, -2848, 8260, 3845, -12562, -6010, 18003, 10239, -24199, -16425, 29657, 24246, -33352, -34132, 36183, 47399, -44181, -64633, 64691, 83054, -95518, -98263, 120653, 109394, -120704, -119567, 87397, 131513, -26106, -143585, -48103, 153213, 116014, -155807, -162933, 137920, 186995, -81831, -196562, -15167, 195934, 129769, -179095, -226760, 140744, 279439, -87262, -279715, 37861, 235030, -9578, -161339, 1087, 79124, 5558, -8189, -27146, -42055, 65440, 76890, -109069, -108732, 138984, 147724, -136967, -191212, 95531, 218704, -23030, -202528, -57152, 129907, 113290, -17076, -119042, -97433, 69006, 171177, 15437, -181121, -95109, 131914, 132479, -47759, -110406, -37740, 38222, 89615, 55854, -84252, -135807, 25592, 169624, 55114, -142320, -119411, 64939, 141794, 30302, -116538, -107356, 56167, 142721, 12473, -131407, -57721, 86158, 59832, -33024, -21248, 7, -39865, -197, 99248, 26472, -131952, -62644, 121364, 94742, -71046, -110978, 5085, 101283, 48337, -65563, -71652, 16865, 64368, 25525, -38937, -46997, 10908, 44613, 8673, -26310, -15360, 4539, 10628, 10271, -1011, -13783, -5516, 8438, 4112, -136, 4677, -5561, -15997, 5429, 23999, 648, -25038, -9394, 19118, 15463, -9508, -15081, 1066, 8524, 2089, 248, 1142, -6155, -7911, 5987, 12993, -186, -12112, -7184, 4600, 10615, 6443, -6330, -15822, -5377, 19928, 20028, -18087, -31309, 11005, 34827, 122, -30181, -12393, 19918, 21159, -7481, -23242, -4026, 18910, 12666, -10807, -18048, 2212, 21378, 3780, -24585, -4717, 28706, -240, -32764, 9789, 34063, -21384, -29832, 32319, 19041, -39744, -4631, 42067, -8049, -40657, 15977, 38177, -20111, -35219, 22118, 30119, -21580, -21935, 17822, 11814, -11458, -2088, 4840, -5322, -350, 9729, -1837, -10979, 3810, 8878, -7524, -3937, 12789, -1963, -17872, 6160, 20908, -6999, -20868, 4659, 17808, -251, -12618, -5217, 6640, 10815, -1026, -15232, -3536, 17243, 6597, -16176, -7561, 12243, 5634, -6507, -242, 651, -8252, 3446, 18315, -4264, -27655, 1355, 33888, 4321, -35194, -10723, 30958, 15447, -22013, -16813, 10152, 14495, 2568, -9293, -14310, 2416, 23842, 4867, -30287, -11362, 33117, 16398, -32394, -20248, 28439, 23612, -21717, -26419, 13234, 27490, -4874, -25743, -1389, 21568, 4478, -16444, -4411, 11962, 2309, -9129, 788, 8177, -4207, -8552, 6713, 9394, -6296, -9802, 1919, 8695, 4925, -5198, -11195, -537, 14283, 6905, -12943, -11388, 7659, 11892, -636, -7756, -4795, 17, 5730, 8932, -1261, -16194, -7330, 19336, 17252, -18176, -25163, 14406, 28336, -9273, -26029, 2857, 19984, 4196, -12876, -9616, 6638, 11495, -2061, -9769, -922
1791219444.101, MrmDetectionListInfo, 606, 229, 146, 40015, 147, 45462, 148, 52666, 149, 61887, 150, 65535, 151, 65535, 152, 65535, 153, 65535, 154, 65535, 155, 65535, 156, 65535, 157, 65535, 158, 65535, 159, 65535, 160, 65535, 161, 65535, 162, 65535, 163, 65535, 164, 65535, 165, 65535, 166, 65535, 167, 65535, 168, 65535, 169, 65535, 170, 65535, 171, 65535, 172, 65535, 173, 65535, 174, 65535, 175, 65535, 176, 65535, 177, 65535, 178, 65535, 179, 65535, 180, 65535, 181, 65535, 182, 65535, 183, 65535, 184, 54034, 189, 44787, 190, 65535, 191, 65535, 192, 65535, 193, 65535, 194, 65535, 195, 65535, 196, 65535, 197, 65535, 198, 65535, 199, 65535, 200, 65535, 201, 65535, 202, 65535, 203, 65535, 204, 65535, 205, 65535, 206, 65535, 207, 65535, 208, 65535, 209, 65535, 210, 65535, 211, 65535, 212, 65535, 213, 65535, 214, 65535, 215, 65535, 216, 62028, 217, 50600, 218, 52927, 219, 64107, 220, 65535, 221, 65535, 222, 65535, 223, 65535, 224, 65535, 225, 65535, 226, 65535, 227, 65535, 228, 65535, 229, 65535, 230, 65535, 231, 65535, 232, 65535, 233, 65535, 234, 65535, 235, 65535, 236, 65535, 237, 65535, 238, 65535, 239, 58681, 240, 33844, 241, 13696, 243, 19654, 244, 39714, 245, 61116, 246, 65535, 247, 65535, 248, 65535, 249, 65535, 250, 65535, 251, 65535, 252, 65535, 253, 58664, 254, 55822, 255, 61262, 256, 64878, 257, 58313, 258, 44915, 259, 35270, 260, 34430, 261, 37370, 262, 36581, 263, 30526, 264, 23561, 265, 19482, 266, 17500, 267, 14606, 272, 8510, 273, 8262, 280, 14348, 281, 14336, 284, 15397, 285, 16311, 286, 15125, 287, 12155, 288, 8734, 306, 13410, 307, 16682, 308, 20142, 309, 22785, 310, 23555, 311, 22207, 312, 19506, 313, 17077, 314, 16548, 315, 17830, 316, 18853, 317, 17836, 318, 15240, 319, 12995, 320, 12369, 321, 13044, 322, 13761, 323, 13483, 324, 12261, 325, 11223, 326, 11538, 327, 13217, 328, 15113, 329, 16111, 330, 16176, 331, 16493, 332, 18445, 333, 22055, 334, 25794, 335, 28129, 336, 28782, 337, 28330, 338, 27160, 339, 25354, 340, 23547, 341, 23046, 342, 24434, 343, 26723, 344, 28387, 345, 28792, 346, 28389, 347, 27795, 348, 27022, 349, 25605, 350, 23210, 351, 19928, 352, 16088, 353, 11985, 363, 7173, 368, 11143, 371, 14288, 372, 13189, 373, 11486, 374, 9540, 375, 7796, 377, 6930, 378, 7394, 380, 7693, 381, 8418, 382, 9958, 383, 11529, 384, 12200, 385, 11744, 386, 10529, 393, 8971, 394, 12731, 395, 14852, 396, 15813, 397, 16731, 398, 18243, 399, 20122, 400, 21678, 401, 22364, 402, 22005, 403, 20672, 404, 18483, 405, 15578, 411, 12258, 412, 14495, 413, 16822, 414, 19589, 415, 22367, 416, 24367, 417, 25288, 418, 25468, 419, 25334, 420, 24979, 421, 24245, 422, 23040, 423, 21440, 424, 19564, 425, 17502, 426, 15407, 427, 13565, 428, 12279, 431, 10454, 466, 18907, 467, 20490, 468, 21016, 469, 20683, 470, 19640, 471, 17855, 472, 15373
1791219444.195, MrmFullScanInfo, 607, 107, 2053606, 0, 0, 0, 0, 10000, 39297, 32, 1, 2, 1, 480, -420115, 492454, 416477, -480804, -449781, 448451, 504652, -368715, -520096, 110345, 520192, 336602, -495453, -498318, 371769, 517162, -115466, -520192, -170324, 519756, 320582, -511827, -475952, 479829, 520192, 514058, -166683, -520129, -409591, 498332, 360934, -501202, -443026, 504707, 278593, -518390, -282359, 518170, 215076, -516739, -292365, 516514, 429795, -508458, -515621, 385270, 520192, 87030, -520031, -491433, 453530, 519877, -169656, -519722, -231726, 519890, 468423, -503973, -517123, 389253, 519913, -135598, -520167, -256127, 512307, 462697, -68697, -376663, -518957, 93463, 520128, 397488, -486017, -512732, -55118, 516904, 509454, -304288, -520192, -360149, 516209, 518294, -326872, -520189, 18830, 519987, 320188, -506265, -508631, 348172, 520179, 110787, -520046, -492939, 439139, 520118, 53843, -519341, -374372, 495308, 477541, -317371, -474433, 21807, 170873, 149804, 205124, -145854, -451998, -59081, 485936, 342477, -298438, -441907, -6623, 380883, 273381, -202799, -415508, -77174, 378672, 313296, -220989, -384558, 50377, 349141, 96471, -244127, -160663, 81106, 100388, 42643, -1918, -78411, -74623, 49960, 118059, 7919, -85275, -43753, -8819, 36625, 79079, 20421, -94072, -103088, 60419, 146127, 10209, -129338, -81797, 69603, 103482, 468, -71663, -55016, 27742, 73811, 10923, -46057, -30239, 11641, 6240, 5251, 41953, -772, -79408, -31413, 79597, 91523, -37169, -139268, -35010, 148759, 119239, -120563, -143158, 54633, 165576, 19901, -147158, -71565, 101974, 79561, -45862, -49045, 5777, -6226, -8804, 70437, 50947, -117337, -148968, 143124, 221025, -120520, -271048, 75322, 276124, -21756, -239947, -20474, 183004, 33267, -117982, -11096, 60847, -31472, -2217, 131428, 6459, -156356, -30850, 160327, 61845, -131624, -94558, 80373, 114757, -13123, -111231, -58792, 86523, 116060, -114726, -125894, 79830, 137388, -42021, -132292, 20098, 112069, -11975, -84474, 11479, 63792, -14304, -48812, 15423, 38749, -12797, -32856, -8184, 27806, 21703, -19532, -27729, 9242, 30876, -2419, -28863, -1797, 24326, 5717, -23056, -8234, 32905, -10031, -43757, -8, 52922, 18245, -54313, -37537, 45309, 56254, -26314, -69806, 7295, 73458, 7005, -64939, 8342, 64419, -3619, -52040, 8442, 40046, -13948, -29975, 17582, 23663, -17268, -19849, 12283, 16084, -1680, -13505, -10548, 11854, 17693, -8386, -21285, 5331, 21782, -5606, -19826, 9220, 17211, -11906, -15709, 15892, 15442, -18606, -12554, 19039, 16806, -12871, -18956, 5472, 19501, 1341, -15764, -6137, 9540, 8088, -3084, -5283, -5055, 767, 4088, 2694, -7810, -5615, 12037, 6739, -15713, -5471, 17263, 6356, -17070, -7215, 14896, 8380, -10821, -9617, 9733, 16531, -3828, -16760, -2235, 19295, 6530, -22912, -7286, 30965, 6654, -43588, -6404, 57263, 7583, -69889, -12719, 73081, 18505, -76897, -26028, 72063, 29234, -62749, -27116, 49695, 22509, -38020, -16606, 28813, 9775, -23268, -2006, 21898, -633, -19675, 1880, 17316, -3727, -15958, 6157, 15180, -7814, -16685, 8744, 21485, -5664, -27559, -6689, 35209, 20440, -35503, -35159, 30530, 46781, -19720, -51162, 8328, 45461, 1350, -29393, -7364, 4766, 9069, 21587, -14352, -53615, 23740, 86831, -39804, -121125, 59040, 155502, -74944, -180618, 80412, 193720, -64414, -185992, 31039, 159214, 7948, -113884, -55476, 55650, 90197, 5793, -106244, -58509, 102788, 90523, -88021, -101674, 69904, 92788, -55801, -61264, 51882, 42568, -54987, -29942, 58324, 25158, -53813, -25283, 37139, 26020, -9592, -21241, -21813, 10236, 48250, 12734, -64862, -27943, 62279, 36681, -46448, -31612, 25290, 15376, -7284, 6443, -2785, -27874, 4166, 42991, -578, -38729, -4048, 33532, 6090, -23088, -2844, 11948, -6140, -4185, 17926, 3692, -27791, -8839, 32655, 15869, -30748
1791219444.195, MrmFullScanInfo, 607, 107, 2053606, 0, 0, 0, 0, 10000, 39297, 32, 2, 2, 1, 480, 0, 0, 0, 0, 0, 0, 167461, -228696, -310589, 479404, 360268, -535464, -379639, 348196, 435628, -31050, -508729, -255716, 508504, 431577, -373837, -521398, 137653, 578320, 107277, -565423, -278928, 390095, 328116, -46198, -246549, -337925, 76925, 611034, 90612, -724605, -181638, 713410, 187444, -644267, -146288, 576008, 115904, -542979, -135168, 546886, 204325, -536778, -297640, 426430, 399437, -185501, -490810, -108982, 508437, 350552, -381266, -506358, 124403, 599774, 152972, -628373, -348977, 547913, 451389, -335638, -489242, 48260, 434464, 203057, -234030, -315099, -82786, 246538, 369086, -35518, -456465, -220891, 291746, 390807, 30938, -368090, -350586, 152337, 540279, 139725, -532103, -385560, 330784, 541165, -29210, -584275, -252292, 473125, 449441, -210981, -540007, -109523, 489935, 378834, -286351, -545878, 1856, 592803, 231444, -501770, -311819, 287943, 215045, -32866, 4192, -141497, -240846, 150367, 389899, -6837, -387945, -189778, 235419, 321662, 3702, -316278, -232293, 174650, 367357, 36425, -373496, -225278, 269899, 323655, -115925, -310417, -18264, 209039, 84862, -73007, -76466, -38532, 20801, 89157, 38078, -78409, -62023, 34292, 38571, 4418, 14297, -8573, -63334, -25209, 80686, 74062, -57221, -106384, 6532, 102281, 43822, -62632, -70329, 6839, 66236, 38621, -41561, -55924, 15669, 44997, -6818, -20421, 20830, 2550, -46895, -8386, 65257, 42469, -58909, -92680, 23787, 135391, 30089, -147785, -86051, 120870, 128767, -65554, -146873, 6337, 134315, 32627, -96220, -37690, 50276, 8227, -21150, 46596, 27573, -110934, -70834, 164850, 134268, -189945, -193353, 177810, 228098, -135096, -228972, 80589, 197528, -36530, -141965, 21053, 74553, -39768, -11524, 81680, -29574, -125029, 37293, 149852, -13138, -146915, -29946, 115906, 74243, -62395, -108485, -1228, 130244, 57689, -137860, -94662, 127676, 111621, -101624, -113932, 70731, 104997, -45900, -87397, 31288, 65695, -24870, -45628, 21314, 31594, -15252, -25028, 4726, 23853, 7971, -23772, -18927, 21382, 25726, -16094, -28122, 9379, 28141, -4457, -28977, 4300, 32634, -7664, -38979, 8633, 46466, -1647, -52346, -13828, 53266, 34101, -47465, -53329, 37519, 66036, -28534, -69169, 23692, 63132, -22408, -51075, 22525, 37060, -22833, -24731, 22474, 16187, -20354, -11795, 15283, 10871, -7056, -12211, -2726, 14189, 11462, -15264, -17175, 15095, 19253, -14587, -18182, 14833, 15221, -16256, -11717, 18481, 8829, -20326, -7624, 20290, 8842, -17563, -11966, 12544, 14979, -6439, -15680, 684, 12923, 3404, -7351, -4999, 844, 4105, 4999, -1656, -9804, -740, 13836, 1809, -16855, -1533, 18342, 1010, -18058, -1371, 16396, 3291, -14065, -6768, 11476, 11158, -8469, -15706, 5064, 20351, -2259, -25955, 1474, 33544, -3338, -43494, 6985, 54782, -10320, -65393, 11093, 73394, -8317, -77414, 3037, 76444, 2475, -69973, -6247, 58956, 7487, -45876, -6208, 33755, 2890, -24673, 1431, 19066, -5397, -16080, 8171, 14500, -9869, -13550, 11061, 13285, -12006, -14447, 12001, 18060, -9508, -24460, 3252, 32332, 6762, -38737, -19073, 40679, 31019, -36850, -38987, 27985, 39336, -16071, -29951, 2927, 11204, 10970, 14428, -26772, -43555, 46295, 73127, -70163, -100768, 96264, 124546, -118923, -142413, 129923, 152221, -122057, -151971, 92716, 139979, -45360, -115514, -11260, 79792, 65336, -36821, -105652, -6670, 125746, 42714, -125753, -64038, 111344, 67170, -90825, -54932, 72130, 35457, -59978, -17603, 53821, 6858, -48488, -4541, 37746, 8475, -18319, -13918, -8300, 15796, 36461, -11588, -58396, 2753, 67340, 6394, -60849, -11158, 42202, 8463, -18592, 1830, -2338, -16267, 15440, 29192, -19239, -35849, 15847, 34720, -9831, -27252, 6040, 16387, -7341, -5789, 13658, -1177, -22429
1791219444.195, MrmFullScanInfo, 607, 107, 2053606, 0, 0, 0, 0, 10000, 39297, 32, 4, 2, 1, 480, 0, 0, 0, 0, 0, 0, -791, 0, 1612, -548, -1543, 1544, 511, -2139, 750, 1661, -1570, -495, 2146, -597, -2911, 1305, 3542, -1647, -3247, 1609, 1613, -1052, 849, 143, -3130, 608, 4052, -700, -3463, 238, 2364, 159, -1384, -128, -209, 119, 2926, -727, -5198, 1568, 5263, -1417, -3341, -162, 1410, 1993, -540, -2617, 180, 1908, 479, -857, -1361, 187, 1825, -54, -1540, 1303, 359, -3357, 1292, 4482, -2245, -4282, 1983, 3816, -1123, -3394, -1, 2237, 1383, 84, -2559, -3657, 3341, 6957, -3699, -7445, 3117, 4780, -1477, -1483, -374, -342, 1495, 157, -1436, 1179, 527, -2137, 444, 1850, -766, -678, 358, -360, 699, 968, -2542, -1910, 4781, 3239, -6631, -3029, 7406, -82, -6185, 4161, 2944, -5676, 536, 3916, -1651, -1587, -430, 1124, 3343, -2519, -4070, 4252, 1771, -5559, 2005, 6358, -4907, -6124, 5552, 4723, -4121, -3156, 2031, 2245, -869, -1019, 1446, -2292, -4171, 8543, 8654, -18030, -13936, 30509, 19452, -43672, -25764, 52246, 33917, -50392, -43552, 35562, 52683, -9362, -58416, -22641, 59598, 52484, -55926, -72961, 44188, 80772, -19435, -76214, -17257, 59585, 54057, -30431, -74354, -8575, 66831, 48556, -34852, -77419, -6739, 83845, 43811, -60588, -69307, 8296, 77946, 61872, -61602, -129559, 16558, 173377, 49934, -180297, -122019, 152321, 180655, -106120, -209032, 64693, 200364, -46704, -164418, 59718, 124030, -97781, -100561, 143308, 101939, -174976, -118852, 182254, 132253, -168029, -126558, 139306, 99544, -101435, -61711, 61259, 27548, -28350, -9151, 6272, 12113, 10559, -35666, -29428, 72135, 52344, -105533, -77616, 117198, 103039, -97788, -122890, 53845, 126264, -1917, -104764, -40203, 60329, 62980, -7151, -67200, -35649, 57918, 56047, -39828, -54990, 18922, 41374, -3573, -24395, -677, 10992, -5470, -5117, 16529, 5822, -26359, -8324, 31429, 8886, -31941, -8005, 30640, 8557, -29848, -12233, 29314, 19241, -26381, -28450, 19395, 37588, -8839, -43540, -4609, 43609, 20887, -36902, -38231, 24474, 51712, -9042, -56422, -5644, 50577, 15772, -36444, -18670, 19222, 13926, -4710, -3645, -3201, -8242, 4044, 17568, -364, -21563, -4205, 19914, 6924, -14679, -6840, 9291, 4694, -6414, -2136, 6074, 941, -6033, -2103, 4115, 4974, 2, -7421, -4865, 7138, 8102, -3653, -7844, -1474, 3443, 6390, 4607, -10432, -14624, 13845, 23815, -16524, -29080, 18085, 28686, -18207, -22983, 17038, 14568, -15129, -6561, 12696, 278, -8596, 4915, 928, -9559, 10831, 12707, -24659, -13121, 36716, 10603, -43266, -6387, 42793, 2226, -36583, 843, 27170, -2615, -16282, 2965, 4616, -1440, 7040, -2240, -17225, 7692, 23814, -13491, -25206, 17788, 21708, -19733, -15380, 20024, 8490, -19677, -2447, 18793, -1737, -16678, 3317, 12507, -2227, -5766, -518, -3298, 3205, 13433, -4367, -22487, 3475, 28204, -995, -29242, -1870, 25785, 3777, -19475, -3711, 12525, 1687, -6623, 674, 2414, -611, 425, -3916, -3043, 12624, 7054, -22889, -13491, 30809, 22066, -33193, -31375, 28915, 39365, -18784, -43762, 4716, 42808, 10498, -35906, -23407, 23920, 31252, -8900, -33075, -6338, 30120, 18847, -24926, -26312, 19769, 27998, -15726, -25091, 13056, 19811, -11672, -14066, 11111, 8853, -10739, -4404, 10312, 663, -9829, 2346, 9053, -4272, -7473, 4592, 4860, -3056, -1616, 33, -1550, 3607, 4138, -7037, -5549, 9752, 5075, -11411, -2697, 11902, -497, -11552, 3235, 10909, -5033, -10224, 5869, 9341, -5674, -7789
1791219444.195, MrmDetectionListInfo, 607, 213, 152, 34462, 153, 38548, 154, 41779, 155, 43850, 156, 44500, 157, 43538, 162, 41401, 163, 50199, 165, 61670, 166, 62103, 167, 59803, 168, 55223, 169, 49353, 170, 44495, 171, 43073, 172, 45480, 173, 48968, 174, 49619, 175, 46354, 176, 42744, 177, 43448, 178, 48201, 179, 51649, 180, 50348, 182, 49877, 183, 56505, 184, 59936, 185, 54818, 186, 47207, 187, 49377, 188, 64637, 189, 65535, 190, 65535, 191, 65535, 192, 65535, 193, 65535, 194, 65535, 195, 65535, 196, 65535, 197, 65535, 198, 65535, 199, 65535, 200, 65535, 201, 65535, 202, 65535, 203, 65535, 204, 65535, 205, 65535, 206, 65535, 207, 65535, 208, 65535, 209, 65535, 210, 65535, 211, 65535, 212, 65535, 213, 65535, 214, 65535, 215, 65535, 216, 65535, 217, 65535, 218, 65535, 219, 65287, 220, 46733, 221, 30782, 227, 31239, 228, 46084, 229, 61291, 230, 65535, 231, 65535, 232, 65535, 233, 65535, 234, 65535, 235, 65535, 236, 65535, 237, 65535, 238, 65535, 239, 60620, 240, 55349, 241, 56659, 242, 56769, 243, 49676, 244, 39858, 245, 37573, 246, 45473, 247, 54799, 248, 56026, 249, 48530, 250, 38317, 251, 29995, 252, 23525, 253, 17269, 260, 14566, 261, 17461, 262, 19540, 263, 20531, 264, 20599, 265, 20154, 266, 19619, 267, 19322, 268, 19473, 269, 20153, 270, 21300, 271, 22723, 272, 24154, 273, 25338, 274, 26080, 275, 26246, 276, 25815, 277, 25050, 278, 24573, 279, 25242, 280, 27624, 281, 31149, 282, 34201, 283, 35499, 284, 35030, 285, 33572, 286, 31922, 287, 30627, 288, 29944, 289, 29678, 290, 28966, 291, 26635, 292, 22244, 293, 16514, 302, 11490, 303, 12209, 304, 12839, 306, 10738, 329, 10735, 330, 14315, 331, 17710, 332, 20461, 333, 22385, 334, 23498, 335, 23805, 336, 23248, 337, 21828, 338, 19708, 339, 17173, 340, 14507, 341, 11905, 342, 9445, 349, 11612, 350, 16321, 351, 20429, 352, 23221, 353, 24873, 354, 25731, 355, 25786, 356, 24849, 357, 22968, 358, 20536, 359, 18020, 360, 15689, 361, 13528, 362, 11315, 363, 8772, 371, 18149, 372, 19796, 373, 20685, 374, 20831, 375, 20192, 376, 18880, 377, 17175, 378, 15364, 379, 13607, 380, 11984, 381, 10649, 382, 9823, 383, 9505, 384, 9325, 385, 8736, 386, 7365, 392, 9302, 393, 12458, 394, 14234, 395, 14912, 396, 15129, 397, 15195, 398, 15091, 399, 14723, 400, 14003, 401, 12851, 413, 9888, 414, 13852, 415, 17768, 416, 21589, 417, 25208, 418, 28334, 419, 30646, 420, 31965, 421, 32258, 422, 31522, 423, 29733, 424, 27094, 425, 24580, 426, 23628, 427, 24665, 428, 26420, 429, 27093, 430, 25845, 431, 23203, 432, 20499, 433, 19012, 434, 19309, 435, 21088, 436, 23301, 437, 24671, 438, 24614, 439, 23538, 440, 22157, 441, 20753
1791219444.351, MrmFullScanInfo, 608, 107, 2053731, 0, 0, 0, 0, 10000, 39297, 32, 1, 2, 1, 480, -421780, 492498, 423357, -480424, -450507, 445061, 504629, -372254, -519940, 110589, 520186, 338681, -497946, -494856, 373352, 517190, -112738, -520192, -180080, 519441, 323151, -513072, -475001, 481820, 520186, 513867, -155188, -520131, -410492, 498623, 361069, -499474, -440874, 504007, 286088, -518042, -282239, 518200, 210251, -518828, -279903, 515629, 424710, -508893, -514359, 391529, 520192, 76466, -520008, -488944, 451928, 518879, -173664, -520192, -229879, 519965, 463733, -503330, -517018, 390770, 520057, -139170, -520179, -274436, 513019, 465218, -64244, -393339, -519155, 102015, 520184, 399057, -488709, -514270, -51669, 517240, 507809, -329205, -520192, -346429, 517233, 518555, -325117, -520089, 16313, 520041, 315512, -506319, -507229, 348208, 520093, 121672, -520072, -491337, 438005, 520160, 55619, -519294, -381681, 494953, 483427, -312593, -486481, 7985, 183009, 169266, 203663, -150037, -451284, -65067, 485555, 344299, -312372, -446285, -2367, 386816, 274236, -212038, -424658, -69729, 391816, 315372, -221732, -385874, 47420, 349024, 97420, -244265, -166655, 85675, 105227, 41755, -7658, -80927, -69694, 57061, 117773, 481, -86283, -41777, -9239, 35687, 79699, 21269, -90989, -100096, 61070, 144592, 6927, -128879, -78351, 69005, 99722, -718, -70091, -53942, 26778, 73855, 11068, -45409, -28902, 11109, 5287, 4310, 43636, 494, -79966, -33348, 80035, 93066, -36456, -140221, -36454, 149528, 120738, -121314, -146105, 55193, 171885, 19165, -157944, -74764, 118301, 87779, -69026, -65848, 39103, 23970, -55621, 22214, 116046, -49760, -239169, 48181, 336251, -6191, -403780, -55930, 413460, 132185, -364922, -200254, 269890, 242074, -130016, -253616, -27114, 230614, 127347, -223774, -239443, 180585, 313091, -119892, -337492, 59672, 313925, -13017, -251251, -8645, 174620, 3867, -98801, 20833, -6649, -48133, 29710, 59034, -21288, -56276, 3870, 29207, 9683, 16556, -8427, -61418, -9546, 92118, 37881, -101662, -3110, 98856, 20855, -66875, -25018, 28460, 12793, 7291, 13341, -32703, -40200, 44256, 59307, -41947, -67760, 33035, 66723, -34100, -59889, 16585, 52763, 1645, -46630, -17517, 39651, 34205, -29731, -49974, 19509, 61250, -13806, -63496, 37860, 46814, -42008, -45570, 50064, 45204, -55608, -43466, 56547, 44591, -50447, -43537, 34782, 40052, -11004, -30636, -16530, 16008, 33587, 4044, -37437, -23258, 30774, 34152, -16780, -32605, 1536, 21235, 8544, -2917, -10044, -16310, 2720, 24256, 7435, -25351, -18489, 19223, 24398, -7292, -24543, -5801, 19622, 14859, -12573, -17728, 5247, 17087, 4887, -19300, -7449, 16078, 10778, -13613, -14355, 12936, 17517, -10809, -22030, 6787, 26207, 49, -26342, -8296, 13228, 21128, -8056, -27267, -721, 31349, 8358, -33774, -9836, 36399, 6429, -41301, -1503, 50703, -4238, -62927, -1386, 67163, 3318, -72319, -8572, 72001, 15285, -64404, -19733, 52897, 20948, -39045, -18989, 27743, 13832, -20592, -9055, 17220, 3769, -18666, 1337, 21519, -5189, -24411, 7629, 27768, -7224, -30979, 3907, 35726, 2510, -40131, -22049, 45877, 36847, -43324, -52053, 34089, 65776, -18565, -70386, 1833, 63132, 13263, -44127, -23058, 14077, 28094, 15970, -33344, -56323, 43253, 99896, -57357, -143326, 73192, 182578, -83317, -209990, 82643, 218562, -65017, -205456, 26724, 174883, 25469, -120112, -78450, 52023, 116619, 19343, -128161, -77829, 114725, 112149, -84390, -118167, 52520, 100976, -28260, -71816, 14577, 41754, -17634, -22987, 26130, 17206, -29616, -23699, 19244, 32493, 5097, -34009, -36202, 28762, 64142, -9407, -90733, -17063, 87053, 38195, -66251, -46585, 34210, 37371, -2124, -14197, -17583, -14542, 21780, 38863, -12063, -41610, -2243, 42009, 17224, -30839, -23615, 14005, 18830, 1740, -5672, -10832, -10856, 10741, 24493, -5401, -32768
1791219444.351, MrmFullScanInfo, 608, 107, 2053731, 0, 0, 0, 0, 10000, 39297, 32, 2, 2, 1, 480, 0, 0, 0, 0, 0, 0, 168538, -228806, -312398, 479832, 361635, -536083, -380158, 348742, 435899, -31572, -509190, -254920, 508203, 430859, -371423, -521741, 133485, 580137, 111057, -567951, -279884, 391856, 325476, -46042, -241826, -339728, 72876, 612830, 92661, -725031, -182789, 712735, 188674, -643700, -146265, 575833, 112493, -542240, -128702, 545278, 197616, -536164, -292985, 429053, 396620, -191015, -488823, -103358, 507391, 347101, -382068, -505047, 127114, 599385, 149669, -628340, -346538, 547477, 450595, -333264, -490099, 42456, 436548, 212297, -236814, -325599, -79937, 255033, 367409, -39687, -457288, -221821, 295186, 397303, 25680, -379148, -344536, 163892, 534837, 132331, -528966, -383384, 330847, 541866, -31736, -584527, -249476, 471104, 448368, -207447, -540748, -112478, 490525, 380150, -284624, -546165, -3191, 592211, 239962, -498855, -323211, 281623, 227430, -25006, -5992, -147134, -236339, 151824, 392665, -5425, -396004, -192319, 243725, 325641, 154, -322545, -234794, 182226, 373110, 30216, -378399, -222516, 271535, 324563, -114322, -313971, -21933, 213549, 89495, -76299, -81350, -38379, 25441, 92453, 34194, -83543, -59268, 38917, 37217, 1831, 14139, -8175, -62196, -24094, 79847, 72227, -57909, -104445, 8890, 100681, 40675, -61684, -67514, 6628, 64513, 38234, -41122, -55200, 16289, 44321, -8082, -20242, 22332, 3120, -48279, -9597, 66168, 43988, -59070, -94205, 23057, 136821, 31876, -149246, -89449, 122496, 134896, -67061, -157327, 6666, 151154, 35405, -122172, -46232, 89045, 25485, -77624, 17865, 107409, -68855, -178755, 109126, 271071, -121140, -353476, 94764, 399404, -32441, -393536, -51582, 332453, 137311, -225831, -208336, 94613, 255816, 37120, -276177, -150930, 268540, 235323, -235118, -281925, 183639, 286578, -126328, -252123, 76492, 186509, -43250, -102799, 27450, 21542, -23933, 34218, 26286, -52529, -27275, 40169, 18691, -14551, 4460, -7187, -39275, 18236, 75140, -21644, -98156, 21015, 98794, -15656, -77423, 6211, 42254, 496, -3485, 2031, -30418, -14166, 53592, 30621, -63977, -44657, 63015, 51979, -53258, -52654, 37025, 50023, -17088, -47166, -3300, 44693, 22109, -41867, -38235, 40073, 48955, -42081, -50683, 48095, 43584, -55154, -32996, 60608, 24880, -63832, -21436, 63894, 21835, -58616, -24103, 45676, 26213, -24962, -26153, 214, 21803, 22157, -11942, -36282, -1957, 39400, 15443, -32320, -23180, 18730, 21751, -3954, -11532, -6842, -3363, 10371, 17215, -6271, -25374, -2884, 25760, 12971, -18916, -20253, 7701, 22752, 3862, -20165, -12762, 13715, 18138, -5813, -20432, -1196, 20390, 6413, -18974, -10385, 17192, 14047, -15261, -17919, 12516, 21109, -7592, -21918, -622, 19702, 11494, -15350, -22517, 10284, 31235, -5929, -36917, 3988, 40518, -5676, -43974, 10425, 48830, -15906, -55258, 19468, 62126, -19592, -67537, 16256, 69487, -10325, -66487, 3337, 58485, 2857, -47143, -6686, 35179, 7375, -25281, -5026, 19135, 395, -16935, 5392, 17674, -10925, -20019, 14802, 23238, -16011, -27356, 13564, 32923, -6600, -40141, -4711, 47587, 18982, -52081, -34289, 50582, 48352, -42141, -57761, 28049, 58513, -10768, -48073, -7398, 26585, 25518, 3742, -44539, -39770, 66360, 77957, -91495, -114386, 117187, 145165, -137322, -166706, 143922, 176468, -129895, -173294, 92413, 156835, -35388, -127003, -30428, 84928, 90383, -34719, -130904, -16010, 144574, 57721, -132617, -82282, 103504, 86340, -69137, -72860, 40542, 49847, -24126, -27090, 19461, 12612, -20027, -9859, 17200, 16942, -5027, -27813, -17374, 35028, 45538, -33116, -70881, 21063, 83922, -2849, -78883, -14235, 57030, 22823, -25879, -18848, -4144, 4018, 24006, 15199, -29261, -31389, 21361, 39543, -6627, -37852, -6956, 27307, 13336, -11698, -10447, -3576, 141
1791219444.351, MrmFullScanInfo, 608, 107, 2053731, 0, 0, 0, 0, 10000, 39297, 32, 4, 2, 1, 480, 0, 0, 0, 0, 0, 0, 732, -111, -1097, 196, 675, 36, -274, -356, 586, 166, -1138, 610, 610, -989, 1181, 212, -2634, 1119, 2329, -1836, -174, 1299, -2374, 239, 3468, -1575, -2350, 1526, 527, -325, -16, -646, 454, 585, 130, -200, -2330, 485, 4377, -975, -4552, 32, 3274, 2559, -2229, -4710, 1757, 4578, -929, -2704, -720, 1014, 2318, -370, -2696, 24, 1883, 171, -682, 912, -296, -4015, 1158, 7742, -2031, -9321, 2519, 7455, -1823, -3464, -169, -823, 2401, 5013, -3960, -8261, 4594, 8575, -4165, -5505, 2475, 1628, -9, 506, -1974, -121, 2244, -1619, -819, 2731, -635, -2226, 370, 1023, 1771, -422, -4667, -171, 7442, 2108, -9525, -5041, 9873, 6796, -7333, -5969, 2000, 3509, 4106, -1198, -8038, -800, 7801, 3367, -3818, -5988, -1132, 6801, 4176, -4718, -4315, 680, 2586, 3371, -479, -5902, -1401, 6205, 3022, -4328, -4157, 1036, 4380, 2297, -3483, -4285, 1792, 4365, 116, -3045, -1603, 1273, 2019, 335, -1123, -1663, -514, 2824, 1893, -3969, -2554, 5392, 2889, -7340, -3241, 9779, 3763, -12047, -4954, 12797, 7688, -10219, -11897, 2791, 15460, 9493, -14948, -24541, 7589, 38519, 4801, -47452, -16610, 47600, 23705, -36015, -25867, 12605, 22803, 18122, -10385, -47290, -15730, 64978, 55750, -64182, -105431, 44114, 157132, -11294, -200827, -23100, 227182, 48945, -232535, -62335, 220726, 67647, -197532, -75903, 164339, 99457, -120454, -147109, 66334, 217117, -1611, -293276, -76168, 350101, 165063, -364975, -250737, 329799, 310650, -252727, -325291, 153993, 288903, -59058, -213524, -10707, 124331, 46250, -49378, -52761, 8317, 44982, -4847, -40036, 26898, 50818, -53877, -80051, 71720, 117833, -76844, -146246, 68043, 151098, -43703, -130075, 9626, 90007, 18391, -40966, -27427, -6136, 16216, 41420, 5507, -58812, -24364, 57977, 31611, -44247, -26935, 26317, 16269, -12167, -6695, 5434, 2612, -4415, -4420, 4448, 10376, -3213, -18073, 2198, 24382, -2684, -26590, 3036, 24785, -1287, -21645, -1836, 19381, 4747, -17999, -6790, 15708, 8060, -10501, -8273, 1903, 6250, 8234, -601, -16472, -8878, 19628, 20131, -16297, -29225, 7443, 32234, 3569, -27420, -12440, 16223, 16188, -2596, -14357, -8684, 8423, 14022, -516, -12342, -7081, 5455, 12521, 3038, -14490, -10123, 12805, 14519, -8894, -15800, 4906, 13776, -1922, -9368, -661, 5003, 3996, -2857, -8623, 3320, 13240, -4477, -15624, 3637, 14928, -60, -11921, -4181, 7278, 6343, -1048, -5166, -5820, 1070, 11232, 4344, -13290, -9072, 11493, 11655, -6650, -11652, 244, 9558, 5982, -6319, -10301, 3095, 11866, -1086, -11045, 1099, 8537, -2987, -4997, 5462, 1531, -6917, 419, 6514, -234, -4365, -1156, 1016, 2231, 3071, -2034, -7560, 303, 12252, 2734, -16958, -6394, 21058, 9974, -23366, -13310, 22799, 16623, -19030, -19584, 12562, 21172, -4468, -20408, -3857, 16968, 11200, -11203, -16976, 4018, 21279, 3216, -24361, -8986, 26159, 12292, -26598, -13096, 25781, 12289, -23251, -11225, 17973, 10961, -9535, -11358, -661, 11171, 9892, -9104, -15366, 4950, 15281, 90, -9636, -4624, 69, 7717, 10755, -8599, -19987, 6769, 25332, -3118, -25693, 261, 21743, -513, -15657, 4365, 10164, -10500, -7697, 16420, 9357, -19153, -14036, 16379, 18639, -7904, -19587, -3694, 14973, 14231, -5540, -19824, -5435, 18933, 13678, -12712, -15924, 3903, 11438, 4389, -2217, -9346, -8215, 9105, 16461, -3750, -20408, -4614, 19565
1791219444.351, MrmDetectionListInfo, 608, 163, 191, 40846, 192, 52246, 193, 64293, 194, 65535, 195, 65535, 196, 65535, 197, 65535, 198, 65535, 199, 65535, 200, 65535, 201, 65535, 202, 65535, 203, 65535, 204, 65535, 205, 65535, 206, 65535, 207, 65535, 208, 65535, 209, 65535, 210, 65535, 211, 65535, 212, 65535, 213, 65535, 214, 65535, 215, 65535, 216, 65535, 217, 65535, 218, 65535, 219, 65535, 220, 65535, 221, 65535, 222, 65535, 223, 65535, 224, 65535, 225, 65535, 226, 65535, 227, 65535, 228, 65535, 229, 65535, 230, 65535, 231, 65535, 232, 57330, 233, 49550, 234, 38498, 235, 27108, 236, 21102, 237, 22617, 238, 29469, 239, 38833, 240, 49753, 241, 62358, 242, 65535, 243, 65535, 244, 65535, 245, 65535, 246, 65535, 247, 65535, 248, 65535, 249, 65535, 250, 65535, 251, 57727, 252, 45109, 253, 36869, 254, 30268, 255, 22843, 256, 16577, 258, 23385, 259, 32745, 260, 39470, 261, 42603, 262, 43092, 263, 41071, 264, 36256, 265, 29320, 266, 21844, 267, 15219, 276, 9221, 277, 10787, 278, 12329, 279, 13660, 280, 14547, 281, 14805, 282, 14364, 284, 12116, 285, 11205, 286, 10939, 287, 11242, 288, 11736, 289, 12019, 290, 11889, 291, 11329, 292, 10330, 300, 14447, 301, 17823, 302, 20178, 303, 21040, 304, 20569, 305, 19331, 306, 17986, 307, 17073, 308, 16779, 309, 16535, 310, 15226, 311, 12430, 314, 9099, 315, 10205, 316, 9658, 317, 7839, 320, 8265, 321, 8807, 324, 11830, 325, 13188, 326, 13193, 327, 12070, 328, 10663, 331, 6496, 340, 9757, 341, 10014, 342, 9434, 343, 8191, 355, 10228, 356, 11102, 357, 11128, 358, 10272, 364, 7647, 386, 4849, 389, 9074, 390, 11388, 391, 13532, 392, 15266, 393, 16653, 394, 17783, 395, 18602, 396, 18993, 397, 18908, 398, 18379, 399, 17437, 400, 16071, 401, 14340, 405, 11919, 407, 12929, 408, 12439, 411, 13388, 412, 15510, 413, 17649, 414, 19128, 415, 19757, 416, 19790, 417, 19535, 418, 19058, 419, 18262, 420, 17086, 421, 15581, 422, 13819, 423, 11834, 424, 9675, 427, 7291, 428, 9622, 431, 10256, 440, 15136, 468, 14605, 469, 14111, 470, 11828
1791219444.476, MrmFullScanInfo, 609, 107, 2053856, 0, 0, 0, 0, 10000, 39297, 32, 1, 2, 1, 480, -421763, 492641, 422121, -479383, -453902, 446127, 505467, -367520, -519887, 113927, 520163, 333321, -496725, -497912, 368544, 516923, -113856, -520192, -178783, 519682, 323454, -511252, -477247, 479203, 520149, 513696, -158549, -520178, -415549, 497146, 365665, -499897, -440970, 504883, 284682, -518549, -282626, 517958, 216172, -515462, -286157, 516583, 424407, -509668, -515755, 387116, 520192, 79749, -520075, -491484, 451973, 519691, -171629, -519971, -231271, 519661, 467894, -503196, -515885, 393005, 520081, -135918, -520165, -272390, 513713, 454449, -70561, -381369, -518801, 95692, 520126, 397319, -488475, -514935, -51159, 516576, 508120, -321849, -520192, -348758, 516906, 518792, -326443, -520162, 14548, 519980, 319662, -505683, -506354, 343771, 520140, 117543, -520088, -492903, 438049, 520098, 58879, -519553, -378160, 494116, 482314, -313807, -484495, 9832, 181406, 165712, 204889, -148348, -449680, -60813, 481881, 343385, -308671, -445744, -2589, 384485, 274402, -208292, -421750, -73136, 387295, 315304, -220678, -385596, 48736, 347302, 97988, -242396, -166639, 85221, 104570, 41803, -5360, -80976, -72182, 55290, 118062, 1055, -86416, -42033, -9818, 34352, 80047, 22839, -91627, -100413, 61534, 145325, 7749, -128327, -79039, 69318, 100039, -1033, -69004, -54318, 26525, 73277, 10864, -46093, -28296, 11200, 5347, 5033, 42152, 573, -79499, -32708, 79663, 92345, -37067, -139235, -35904, 149037, 120482, -119711, -145944, 55222, 170245, 20807, -154366, -79206, 109095, 96309, -48233, -78864, -1816, 43499, 20786, -5293, -11275, -15749, -11503, 3424, 29559, 41795, -25156, -102378, -17807, 158234, 90368, -189307, -160729, 177595, 216388, -115240, -234447, 13970, 230817, 80102, -189798, -231645, 109632, 355214, -1215, -420016, -117329, 421023, 206698, -364933, -248804, 254040, 234013, -106513, -138450, -7846, 70096, 141373, 40104, -207882, -146436, 198186, 211113, -130660, -212062, 42530, 148707, 34762, -42369, -77778, -35013, 116638, 116077, -101611, -160916, 63687, 159763, -24996, -119734, 4112, 65511, -5969, -22823, 24975, -160, -40216, 33497, 31901, -16168, -19293, 607, -7161, 1474, 39221, 14377, -59736, -37812, 58572, 63292, -36643, -78103, 5262, 51227, 20156, -52936, -44569, 45225, 54374, -32451, -49729, 22011, 38636, -18190, -25373, 17719, 17753, -15665, -16124, 11404, 19066, -4358, -17949, -2970, 14501, 9691, -10528, -11283, 8396, 9223, -9983, -6790, 16141, 6414, -23400, -6209, 22172, 17309, -22003, -30337, 17453, 39205, -6651, -38962, -5883, 29950, 15070, -14274, -17697, -2535, 15575, 13259, -12755, -24878, 6935, 31099, -3868, -30663, 6022, 26931, -9185, -22045, 11626, 19304, -10553, -16852, 4878, 11210, 6053, -5854, -15892, -729, 26179, 8352, -34623, -12801, 40182, 12289, -43841, -6103, 48616, -1862, -54799, -51, 59646, -6440, -65014, 10760, 68495, -10586, -70058, 6219, 67673, 1112, -61443, -8390, 52778, 12915, -43267, -4917, 32620, 4282, -26041, -768, 22085, -4790, -20971, 8838, 22935, -10347, -26200, 7377, 30737, 504, -32362, -18479, 32867, 31973, -26419, -42772, 14747, 47843, -1461, -45972, -8895, 34615, 14105, -14719, -14012, -11115, 9410, 40690, -13483, -74302, 17508, 109868, -23957, -145700, 34619, 178989, -42003, -199495, 38498, 203896, -18703, -185402, -15196, 154484, 61273, -96925, -99086, 28378, 120540, 38009, -118825, -88043, 98575, 113732, -67737, -113779, 39791, 93306, -21266, -61728, 12784, 38384, -21823, -27260, 33383, 29840, -36622, -38863, 26282, 48123, -1625, -49097, -30333, 41343, 56728, -19937, -76016, -4400, 72484, 25184, -55089, -32800, 30612, 25833, -8997, -10237, -3060, -9272, 3529, 24776, 4715, -36853, -19748, 36137, 30916, -26671, -34307, 14653, 28956, -4005, -16745, -888, 1292, 547, 13170, 4064, -22432
1791219444.476, MrmFullScanInfo, 609, 107, 2053856, 0, 0, 0, 0, 10000, 39297, 32, 2, 2, 1, 480, 0, 0, 0, 0, 0, 0, 168872, -228645, -313333, 479513, 362918, -536178, -380990, 349726, 435361, -32889, -507190, -254493, 505945, 431544, -370289, -522493, 133548, 579957, 110929, -566791, -280716, 390536, 326979, -45447, -242463, -339623, 71492, 612907, 95370, -725852, -184912, 713875, 189567, -644266, -147358, 575685, 115214, -542198, -132542, 545757, 200846, -536302, -294781, 427710, 397543, -188290, -489486, -106234, 507703, 349052, -381420, -505933, 125346, 599877, 151758, -628865, -347888, 547834, 450936, -333879, -490180, 45243, 436774, 205684, -236556, -316564, -81279, 247344, 369240, -35961, -458306, -221562, 294779, 394432, 27215, -375285, -346511, 160644, 536398, 134009, -529240, -383764, 329569, 541584, -29586, -584027, -251357, 470657, 449273, -207220, -540560, -112625, 489697, 380446, -284045, -546419, -2785, 592251, 238481, -498998, -321096, 282391, 225234, -26173, -4604, -146412, -235850, 151910, 390099, -5883, -392578, -191682, 241146, 324204, 882, -319872, -233766, 178899, 371271, 32873, -376831, -223391, 270632, 323609, -113798, -312146, -22189, 211955, 89076, -75443, -79998, -38567, 23548, 92222, 35830, -83194, -60053, 38815, 37044, 1498, 15015, -7535, -63267, -24716, 80543, 72644, -57918, -104737, 8441, 100946, 41026, -61879, -67459, 6627, 64247, 38428, -41014, -55395, 16353, 44342, -7975, -20099, 21818, 2935, -47553, -9344, 65631, 43507, -58913, -93391, 23165, 135763, 31669, -148122, -88959, 121105, 133393, -64375, -153355, 782, 141972, 47046, -102700, -66985, 50926, 59751, -7111, -36012, -14217, 12380, 11225, -5851, 5599, 26892, -18776, -74606, 12582, 136151, 18973, -189813, -69858, 211699, 127380, -186670, -178392, 112898, 211585, 1523, -218432, -140737, 193931, 279819, -138069, -388437, 58484, 441635, 28202, -426066, -99229, 343449, 136347, -209838, -133924, 52328, 97494, 95889, -37037, -202438, -35314, 244714, 101396, -219188, -139461, 142235, 135357, -41289, -91304, -54979, 23765, 123289, 46171, -150766, -100116, 138495, 125110, -100817, -117454, 58021, 84545, -27063, -39789, 13669, -2498, -11790, 29647, 11330, -34972, -5548, 23015, -7882, -7482, 27610, 1248, -47682, -9581, 59537, 27795, -56726, -46147, 38403, 57929, -10315, -62437, -17427, 61091, 35778, -54241, -41122, 43410, 35796, -31781, -25508, 22271, 16222, -15856, -11524, 11651, 11393, -7907, -13311, 3389, 14737, 1576, -14793, -5371, 14297, 6597, -14836, -5163, 17144, 2847, -20419, -2914, 23395, 7988, -25144, -17422, 24474, 27216, -19797, -32678, 10814, 30947, 485, -22183, -10874, 8987, 17714, 5279, -20167, -17690, 19406, 25993, -17621, -28772, 16500, 26376, -16217, -21033, 15674, 15451, -13232, -11271, 7590, 8701, 1426, -7005, -12703, 5317, 24451, -3485, -34858, 2548, 42565, -4041, -47240, 8248, 49820, -13900, -51931, 19677, 54653, -25034, -57805, 29289, 60497, -30831, -61891, 28319, 61449, -21896, -58846, 13897, 53759, -7502, -46052, 4409, 36622, -4256, -27547, 6067, 20902, -9227, -17635, 12777, 17722, -15092, -20549, 14015, 25272, -7833, -30733, -3274, 34994, 16951, -35527, -29925, 30729, 39222, -21299, -42112, 9761, 36336, 1185, -20931, -10567, -3091, 19703, 33028, -30833, -65639, 45355, 98282, -62983, -128676, 81376, 154042, -95364, -170951, 97700, 176684, -81968, -169872, 46399, 149736, 4034, -115880, -58592, 70010, 104377, -17869, -130954, -31509, 134033, 68616, -116706, -86700, 87485, 84595, -56972, -67614, 34570, 45269, -25177, -26895, 26864, 18233, -31791, -20242, 30753, 29678, -18253, -40526, -5062, 46201, 33075, -42294, -56968, 28759, 68942, -10166, -65541, -6454, 49161, 14931, -26601, -12694, 6007, 1252, 6310, 14934, -7950, -30046, 810, 38881, 10205, -38804, -19395, 30835, 22482, -18746, -17880, 7043, 6940
1791219444.476, MrmFullScanInfo, 609, 107, 2053856, 0, 0, 0, 0, 10000, 39297, 32, 4, 2, 1, 480, 0, 0, 0, 0, 0, 0, 662, 109, -1443, -200, 1615, -169, -955, 965, -344, -1359, 1624, 725, -2132, 303, 1779, -735, -1199, 369, 989, 325, -1002, -729, 557, 663, 823, -522, -2432, 684, 3033, -932, -2238, 862, 1170, -334, -1059, -214, 1641, 257, -1786, 12, 1088, -44, -275, -328, -55, 762, 67, -927, -64, 777, 327, -432, -753, 328, 898, -523, -501, 400, 30, -122, -239, 926, 788, -3151, -677, 4882, -211, -4319, 1025, 2100, -1114, -39, 693, -674, -252, 208, 72, 539, -249, -746, 745, 348, -1205, -90, 1239, 494, -892, -1208, 561, 1459, -113, -1127, -602, 711, 1204, -376, -1395, -82, 1516, 784, -1865, -1410, 2083, 1738, -1959, -1720, 1645, 1339, -1105, -703, 222, 173, 575, -78, -724, 302, 349, -551, 101, 592, -305, -323, 65, 51, 561, -187, -1069, 592, 956, -643, -369, 28, -131, 869, 213, -1500, 23, 1684, -270, -1481, 377, 1022, -363, -402, 334, -165, -370, 433, 575, -380, -955, 184, 1242, -26, -1069, -112, 448, 389, 158, -808, -395, 1311, 517, -1986, -1188, 3116, 2871, -4730, -5485, 6359, 8269, -7371, -10152, 7129, 10531, -5109, -9613, 1467, 8048, 2323, -6595, -3320, 6942, -2194, -12322, 17486, 28836, -44695, -63087, 83736, 116389, -129989, -181947, 173276, 248438, -201269, -304735, 204815, 340181, -179782, -344825, 126122, 315047, -48385, -257221, -46491, 183464, 152681, -104870, -263402, 28283, 364839, 42351, -437343, -103391, 465032, 148787, -440365, -166502, 364444, 147371, -245460, -97424, 101230, 35169, 39841, 24993, -147223, -80036, 200332, 125787, -195754, -150624, 145373, 142031, -68806, -97365, -13234, 28267, 81956, 44774, -122982, -102137, 131157, 131632, -113818, -130826, 86581, 106592, -64345, -70453, 53562, 35024, -50363, -12141, 45469, 8895, -30923, -22057, 3643, 38418, 33526, -43925, -72097, 32123, 100553, -9516, -108630, -10494, 92215, 19703, -57454, -19192, 18995, 12868, 8911, -2418, -19939, -9120, 16313, 16463, -5158, -14894, -5651, 3766, 10612, 12470, -7901, -26592, -895, 32848, 11918, -29896, -20756, 20526, 24417, -9337, -22486, 390, 16607, 4594, -9439, -6678, 3935, 8202, -2074, -10477, 3441, 12919, -5456, -13876, 5545, 11900, -2897, -6914, -1233, 47, 4614, 7376, -5731, -14021, 4785, 18130, -3187, -17993, 2446, 13464, -3339, -6404, 5637, -204, -8398, 4004, 10444, -4480, -10685, 2839, 8527, -974, -4380, 423, -140, -1588, 2839, 3500, -2049, -4725, -2043, 4060, 7401, -418, -11600, -6732, 13059, 16164, -10975, -24769, 5137, 29350, 3472, -28353, -12500, 22884, 18881, -15678, -20208, 8974, 16308, -3634, -9460, -48, 2781, 1690, 1659, -1464, -3372, 385, 3174, 271, -2553, 225, 2916, -1528, -4957, 2349, 8400, -1270, -12142, -2277, 14631, 7705, -14464, -13630, 11081, 18855, -5351, -22667, -896, 24532, 6607, -24137, -12284, 21939, 18708, -18920, -25585, 15617, 32057, -11919, -37314, 7813, 40756, -3554, -41588, -842, 38760, 5669, -31574, -10693, 20637, 14550, -8018, -15642, -3726, 13385, 12517, -8640, -17431, 3393, 18528, 143, -16219, -573, 11149, -2035, -4519, 6474, -1929, -11187, 6636, 15001, -8903, -17381, 9260, 18142, -8904, -17113, 8527, 14314, -7724, -10272, 5652, 5820, -1969, -1512, -2883, -2538, 7945, 5512, -12220, -5874, 14988, 3152, -16090, 1186, 16142, -5125, -16007, 7879, 16098, -9396, -16023, 9595, 15053
1791219444.476, MrmDetectionListInfo, 609, 167, 194, 21106, 195, 34067, 196, 50449, 197, 65535, 198, 65535, 199, 65535, 200, 65535, 201, 65535, 202, 65535, 203, 65535, 204, 65535, 205, 65535, 206, 65535, 207, 65535, 208, 65535, 209, 65535, 210, 65535, 211, 65535, 212, 65535, 213, 65535, 214, 65535, 215, 65535, 216, 65535, 217, 65535, 218, 65535, 219, 65535, 220, 65535, 221, 65535, 222, 65535, 223, 65535, 224, 65535, 225, 65535, 226, 65535, 227, 65535, 228, 65535, 229, 65535, 230, 65535, 231, 65535, 232, 65535, 233, 40426, 234, 33123, 235, 56422, 236, 65535, 237, 65535, 238, 65535, 239, 65535, 240, 65535, 241, 65535, 242, 65535, 243, 65535, 244, 65535, 245, 57764, 246, 36567, 247, 34250, 248, 52713, 249, 65535, 250, 65535, 251, 65535, 252, 65535, 253, 65535, 254, 65535, 255, 65535, 256, 65535, 257, 65535, 258, 65535, 259, 60035, 260, 49477, 261, 40637, 262, 33703, 263, 28758, 264, 25526, 265, 23383, 266, 21547, 267, 19884, 268, 20491, 269, 26747, 270, 38731, 271, 51501, 272, 59595, 273, 61692, 274, 60212, 275, 58128, 276, 56777, 277, 55405, 278, 52183, 279, 45805, 280, 36385, 281, 25506, 282, 15733, 285, 8572, 286, 11814, 287, 14739, 288, 15418, 289, 13575, 290, 10638, 296, 14419, 297, 16376, 299, 19000, 300, 21602, 301, 23764, 302, 23788, 303, 21618, 304, 18498, 305, 15415, 306, 12535, 316, 8021, 317, 9014, 318, 9611, 319, 9707, 320, 9122, 328, 9287, 329, 10656, 330, 10871, 331, 10755, 332, 10619, 333, 10166, 342, 7906, 343, 8054, 361, 10001, 362, 12783, 363, 15083, 364, 16344, 365, 16661, 366, 16521, 367, 16447, 368, 16840, 369, 17851, 370, 19091, 371, 19709, 372, 19127, 373, 17498, 374, 15349, 375, 12980, 376, 10377, 377, 7545, 397, 8378, 398, 10015, 399, 11680, 400, 12968, 401, 13649, 405, 12706, 406, 12811, 407, 13834, 408, 15627, 409, 17381, 410, 18466, 411, 19053, 412, 19712, 413, 20690, 414, 21757, 415, 22599, 416, 23132, 417, 23443, 418, 23580, 419, 23477, 420, 23057, 421, 22339, 422, 21469, 423, 20724, 424, 20351, 425, 20192, 426, 19653, 427, 18263, 428, 16088, 431, 9749, 435, 12407, 436, 11957
1791219444.601, MrmFullScanInfo, 610, 107, 2053981, 0, 0, 0, 0, 10000, 39297, 32, 1, 2, 1, 480, -418239, 491036, 418600, -480697, -453947, 446845, 504813, -373119, -519871, 110303, 520178, 334808, -497092, -499051, 371301, 518079, -114853, -520154, -173323, 519519, 325757, -511919, -475834, 482139, 520148, 513531, -161654, -520047, -414208, 498296, 362686, -500987, -438425, 504392, 280409, -517674, -288066, 517915, 207790, -516764, -289123, 516494, 426729, -507645, -515906, 391450, 520192, 77151, -520048, -490564, 454719, 519374, -167557, -519886, -224256, 519479, 467131, -504423, -517529, 389916, 520093, -136456, -520161, -270314, 513858, 448144, -68093, -385979, -519050, 94591, 520158, 399760, -487542, -515087, -56741, 516829, 509031, -319670, -520192, -348636, 515839, 518503, -326432, -520152, 13207, 519861, 320265, -506156, -507061, 344665, 520138, 121199, -520089, -492110, 438507, 520141, 57316, -519380, -376520, 494639, 481277, -314086, -480204, 12037, 174835, 159540, 205597, -145979, -450300, -64598, 480467, 344787, -311778, -445336, -2421, 384576, 276740, -204415, -420350, -74274, 384231, 314326, -220670, -384117, 45938, 347391, 96268, -240333, -166152, 85988, 104311, 43380, -3633, -80429, -72226, 54137, 118781, 3055, -86769, -43475, -8773, 35779, 79994, 22474, -90721, -99093, 60757, 145157, 8638, -127981, -79540, 70036, 100966, -960, -70416, -53819, 27786, 72867, 11040, -46972, -28099, 10689, 4733, 5237, 41758, 1121, -78822, -32431, 79518, 92147, -36822, -139564, -36314, 148370, 121338, -120018, -146536, 54915, 170538, 21441, -153796, -78986, 108487, 95857, -48129, -78059, -3096, 42448, 22559, -516, -13649, -26435, -10711, 25951, 34147, 2034, -42317, -38971, 22368, 72058, 17749, -88667, -55239, 78167, 81636, -44269, -87276, 7339, 81467, 44155, -38403, -87958, -14721, 124049, 66937, -147883, -113531, 165686, 142369, -177209, -146285, 181551, 120548, -187916, 54077, 178780, -119831, -165752, 185109, 177331, -218121, -210834, 197817, 257482, -116798, -287253, -15003, 278192, 165398, -214699, -213462, 229304, 336836, -127056, -394345, -1572, 373781, 108609, -288683, -172519, 177758, 177361, -77073, -134551, 12507, 69036, 30751, -4147, -36085, -25649, 24232, 29501, -19707, -10150, 34398, -8358, -65919, 8449, 102652, 14043, -124578, -48125, 105533, 32902, -104258, -66683, 81293, 80742, -48837, -69691, 19176, 45145, -3523, -18941, 1201, 2533, -2638, -1125, 966, 8006, 9565, -13964, -26780, 11204, 42610, 1728, -47764, -17339, 39111, 29773, -21853, -30839, 3225, 21081, -2219, -13763, -1626, 2068, -3844, 8281, 12727, -10767, -17362, 5720, 16340, 2573, -8197, -9137, -4181, 12282, 9859, -16287, -20365, 13771, 27633, -12013, -28835, 11457, 24678, -12113, -19350, 11405, 15146, -9546, -11570, 4876, 3552, 1347, 608, -7678, -4469, 14501, 5990, -20423, -3878, 26781, -4068, -33181, 13553, 42388, -23068, -54770, 22426, 64493, -23645, -73902, 19395, 81848, -10948, -84515, -472, 81272, 10863, -71891, -18854, 61158, 23393, -49037, -8961, 44365, 8937, -37739, -6587, 33178, 3024, -29537, -656, 26881, -97, -25342, -1609, 24699, 7044, -23592, -21156, 22498, 31478, -16863, -41002, 7400, 47730, 2685, -48408, -10720, 40774, 13992, -25375, -13537, 3526, 11581, 24154, -16098, -57057, 23627, 95426, -34860, -135554, 50939, 174500, -59955, -201843, 56599, 210450, -38501, -194175, 3109, 159675, 36619, -100905, -77192, 31397, 102243, 37102, -104805, -89824, 88202, 117340, -62067, -118148, 37520, 98857, -22099, -69560, 22432, 47687, -31235, -36816, 40683, 38140, -41011, -46673, 25398, 54587, 4191, -54054, -38440, 44014, 69827, -23009, -91002, -3327, 89469, 25514, -72321, -35784, 45682, 32423, -20619, -17247, 3949, -887, 1361, 15053, 2110, -21923, -14165, 19773, 19853, -11221, -18385, 2459, 9629, 2536, 3758, -1103, -16690, -4837, 24764, 12903, -28459
1791219444.601, MrmFullScanInfo, 610, 107, 2053981, 0, 0, 0, 0, 10000, 39297, 32, 2, 2, 1, 480, 0, 0, 0, 0, 0, 0, 168180, -228900, -312111, 480323, 361619, -537085, -380068, 349859, 435395, -32035, -508454, -255583, 508288, 432054, -373051, -522181, 135803, 579448, 109688, -566971, -280403, 391605, 327327, -46811, -243560, -338654, 73445, 612478, 92620, -725524, -182106, 713231, 187519, -643518, -146145, 575274, 114549, -542115, -132490, 545998, 201550, -537257, -295534, 429578, 397742, -190557, -489105, -104459, 507357, 348150, -381933, -505603, 126870, 599480, 150100, -628130, -347217, 547186, 451277, -334268, -490498, 46909, 436090, 203882, -235022, -315742, -82602, 247267, 369344, -35589, -456949, -222526, 292523, 395481, 29290, -375814, -347581, 160504, 536393, 134518, -528535, -384346, 328600, 542155, -28713, -584393, -251933, 470496, 449659, -206534, -541049, -113321, 490494, 380640, -285143, -546131, -1344, 591862, 236244, -499087, -317605, 283372, 220845, -28117, -585, -143784, -238567, 149220, 391653, -3911, -393339, -192267, 241146, 323352, 1444, -318203, -234172, 177337, 370802, 33677, -375511, -223369, 269172, 323040, -112929, -311268, -22190, 210958, 88459, -74627, -79121, -38822, 22625, 91637, 36816, -81915, -61172, 37341, 38208, 2720, 13958, -8354, -62353, -24251, 79710, 72496, -57147, -104904, 7709, 101372, 41810, -62493, -68302, 7274, 64981, 37961, -41509, -55209, 16640, 44344, -8079, -20176, 21699, 3061, -47245, -9492, 65252, 43612, -58513, -93434, 22687, 135785, 32247, -148141, -89504, 121080, 133685, -64272, -153279, 705, 141533, 46924, -101878, -66382, 49530, 57917, -4852, -31160, -17414, 1191, 14689, 16772, 4045, -13623, -23489, -10096, 29925, 44864, -17977, -75896, -7963, 89460, 38238, -78538, -62205, 44327, 70794, 6513, -59476, -64904, 30470, 121423, 8005, -168707, -45152, 202537, 70276, -221527, -67530, 223487, 22859, -203879, 58493, 164622, -149048, -122445, 218808, 101218, -252470, -115243, 243556, 160651, -188598, -217807, 93971, 266120, 22357, -292043, -139757, 285715, 242890, -239308, -318488, 154190, 350443, -48928, -329366, -47870, 261724, 110234, -168069, -125513, 73514, 99634, 1101, -53068, -44516, 9807, 57963, 13685, -54219, -14019, 50395, -266, -58566, 14752, 78974, -19743, -101850, 13571, 115808, 1565, -115389, -22041, 101566, 41255, -77925, -50428, 49864, 45641, -23893, -30739, 5261, 14424, 4692, -4606, -9013, 3939, 12913, -9068, -20112, 13598, 30126, -12261, -38621, 3940, 40588, 7913, -34459, -17756, 23192, 21240, -11830, -17143, 4374, 7452, -2197, 3658, 4304, -11340, -7935, 12403, 9919, -6906, -8385, -2436, 3407, 12006, 3786, -18999, -11695, 22454, 18487, -23013, -22026, 21832, 21316, -19572, -17385, 16369, 12203, -12062, -7235, 6445, 3190, 420, -485, -7938, -462, 15255, -885, -21635, 5245, 26800, -12915, -31290, 22793, 36312, -32541, -42974, 39887, 51485, -43491, -60946, 42807, 69712, -37690, -75777, 28770, 77497, -17577, -74315, 7148, 67067, -763, -57407, -537, 47264, -1407, -38417, 4069, 31828, -6272, -27502, 7585, 24964, -7513, -23794, 5031, 23886, 923, -25084, -10278, 26395, 21544, -25966, -32618, 22395, 41358, -15930, -45277, 8133, 41928, -528, -29879, -6795, 9438, 15524, 17602, -27971, -48856, 45668, 82068, -68176, -114843, 92165, 144005, -111172, -165442, 117103, 175169, -103617, -170396, 69321, 149832, -19056, -113966, -36985, 66006, 86079, -12558, -117143, -37306, 125047, 74367, -112255, -92262, 87348, 90137, -61296, -73245, 43075, 50819, -36163, -32245, 37433, 23632, -39170, -26149, 33328, 36296, -15717, -47629, -12193, 53400, 43995, -49261, -70772, 35083, 84571, -15101, -81774, -3810, 64615, 15231, -39844, -16113, 15794, 7916, 603, 4606, -6156, -15878, 2522, 21687, 4927, -20501, -10070, 13864, 9043, -5433, -1468, -898, -10060
1791219444.601, MrmFullScanInfo, 610, 107, 2053981, 0, 0, 0, 0, 10000, 39297, 32, 4, 2, 1, 480, 0, 0, 0, 0, 0, 0, -449, -201, 667, 725, -648, -1006, 537, 581, -153, 275, -509, -838, 1410, 711, -2066, -22, 1863, -399, -913, 31, -114, 718, 685, -1109, -878, 831, 995, -217, -1461, -42, 1842, -255, -1567, 578, 778, -487, 82, 174, -836, 271, 1326, -948, -1005, 1593, 287, -1727, 315, 1186, -325, -465, -333, 107, 1088, -238, -1151, 528, 374, -547, 398, -396, -435, 2201, -384, -3522, 1359, 3386, -1574, -2302, 669, 1446, 868, -953, -2074, 550, 2163, -89, -1254, -282, 76, 440, 909, -515, -1473, 529, 1480, -190, -1045, -541, 641, 1130, -487, -1050, 524, 444, -693, 158, 1099, -431, -1977, 145, 3198, 656, -4028, -1623, 3556, 2354, -2069, -2509, 804, 1930, -195, -583, -200, -1028, 498, 2111, -244, -2135, -628, 1245, 1457, -50, -1656, -859, 1239, 1253, -469, -1183, -320, 829, 929, -314, -1215, -347, 1252, 905, -1157, -1052, 959, 830, -721, -522, 599, 328, -638, -164, 699, -89, -675, 372, 609, -596, -539, 626, 455, -427, -407, 181, 374, -56, -187, -1, -173, 109, 460, -167, -502, 65, 447, 130, -507, -257, 674, 284, -687, -418, 303, 1027, 619, -2397, -2426, 4813, 6016, -8551, -12766, 13598, 24817, -19571, -43864, 25513, 68664, -28939, -94062, 25578, 113155, -11541, -120254, -13584, 111597, 45408, -85536, -75098, 43757, 93859, 8990, -96179, -66140, 80285, 119820, -48520, -160213, 9083, 176738, 23954, -163221, -36135, 121568, 17404, -53096, 30517, -41132, -91979, 146171, 149872, -230577, -199026, 266953, 242257, -250405, -278178, 191674, 299566, -105894, -297935, 9773, 272915, 81503, -232768, -158795, 184607, 219412, -128006, -261078, 60794, 277120, 10470, -262075, -71948, 218060, 109457, -156195, -114076, 91309, 87374, -35543, -43122, -3838, 1166, 24500, 23706, -30344, -28212, 30912, 18300, -35510, -4165, 46523, -6997, -58683, 12651, 64253, -11633, -59139, 3422, 44477, 8618, -23946, -16850, 2403, 15994, 14796, -7023, -23331, -4259, 22401, 11375, -15795, -10855, 9864, 4028, -9543, 3834, 15435, -6558, -23883, 833, 29488, 11916, -29002, -26431, 22654, 36534, -12429, -38374, 579, 31908, 10318, -20008, -17414, 6857, 19316, 3536, -16766, -8696, 11710, 8416, -6183, -4473, 1863, -603, 258, 4767, -415, -6928, 39, 6928, -556, -5364, 2416, 3347, -5039, -2173, 7509, 2755, -9087, -4999, 9170, 8009, -7244, -10821, 3211, 12951, 2372, -14247, -8453, 14596, 14018, -13706, -18396, 11301, 21132, -7283, -21760, 1739, 20052, 4923, -16341, -11698, 11402, 17187, -6045, -20276, 1437, 20882, 1236, -19723, -1817, 17643, 1567, -15200, -2005, 12535, 3529, -9559, -5627, 6031, 7547, -1812, -8647, -2959, 8554, 7844, -7225, -12110, 5003, 14848, -2468, -15284, 217, 13177, 1217, -8936, -1360, 3598, 97, 1471, 2197, -5049, -4779, 6567, 6814, -6081, -7600, 4078, 6755, -1442, -4424, -864, 1382, 2313, 997, -3261, -1286, 4486, -1057, -6323, 5215, 8425, -9457, -10195, 12261, 11265, -12930, -11319, 11610, 10129, -9153, -7327, 6762, 2710, -5324, 2958, 5158, -7820, -6220, 10094, 8223, -9237, -10591, 5941, 12559, -1424, -13576, -3113, 13592, 6842, -12790, -9486, 11233, 11296, -8785, -12699, 5449, 13789, -1420, -14260, -3024, 13667, 7587, -11928, -11832, 9315, 15152, -5955, -16976, 1776, 16862, 3049, -14467, -7711, 9903, 11029, -3933, -12024
1791219444.601, MrmDetectionListInfo, 610, 165, 194, 17374, 195, 22543, 196, 28647, 197, 35566, 198, 43001, 199, 50443, 200, 57218, 201, 62576, 202, 65535, 203, 65535, 204, 65535, 205, 65088, 206, 65535, 207, 65535, 208, 65535, 209, 65535, 210, 65535, 211, 63683, 212, 57537, 213, 56146, 214, 63439, 215, 65535, 216, 65535, 217, 65535, 218, 65535, 219, 65535, 220, 65535, 221, 65535, 222, 65535, 223, 65535, 224, 65535, 225, 65535, 226, 50090, 227, 35299, 228, 35995, 229, 57371, 230, 65535, 231, 65535, 232, 65535, 233, 65535, 234, 65535, 235, 65535, 236, 65535, 237, 65535, 238, 65535, 239, 65535, 240, 65535, 241, 65535, 242, 65535, 243, 65535, 244, 65535, 245, 65535, 246, 65535, 247, 65535, 248, 65535, 249, 65535, 250, 65535, 251, 65535, 252, 65535, 253, 65535, 254, 65535, 255, 65535, 256, 65535, 257, 65535, 258, 65535, 259, 65535, 260, 65535, 261, 65535, 262, 65535, 263, 45384, 264, 24162, 267, 13823, 268, 26420, 269, 33677, 270, 32202, 271, 26643, 272, 22891, 273, 22505, 274, 23979, 275, 26488, 276, 30308, 277, 34873, 278, 38320, 279, 38985, 280, 36610, 281, 32156, 282, 27146, 283, 22963, 284, 19954, 285, 17237, 286, 13926, 287, 10823, 288, 10020, 289, 11962, 290, 14405, 291, 15175, 292, 14544, 293, 14136, 302, 13544, 303, 14766, 304, 15516, 305, 17418, 306, 21029, 307, 24983, 308, 27449, 309, 27805, 310, 26602, 311, 24419, 312, 21487, 313, 18535, 314, 16913, 315, 16926, 316, 17014, 317, 15572, 318, 12927, 319, 10826, 320, 10367, 321, 11019, 346, 8303, 351, 8379, 352, 9874, 353, 11814, 354, 13556, 355, 14683, 356, 15253, 357, 15511, 358, 15517, 359, 15119, 360, 14176, 361, 12794, 362, 11493, 363, 10971, 364, 11444, 365, 12391, 367, 13184, 368, 12840, 371, 11138, 373, 10613, 374, 10523, 375, 10206, 376, 9584, 377, 8834, 378, 8198, 379, 7770, 380, 7483, 381, 7227, 382, 6940, 383, 6594, 384, 6146, 385, 5599, 386, 5163, 390, 8226, 391, 8974, 392, 9293, 393, 9322, 394, 9153, 395, 8749, 396, 8071, 397, 7238, 398, 6463, 427, 9985, 428, 11021, 431, 12150, 433, 10992, 470, 11427
1791219444.726, MrmFullScanInfo, 611, 107, 2054106, 0, 0, 0, 0, 10000, 39297, 32, 1, 2, 1, 480, -420187, 493766, 419993, -479257, -454548, 445078, 504984, -368660, -519807, 110142, 520186, 338290, -496516, -499035, 370452, 517872, -117339, -520182, -176449, 519635, 325466, -511360, -476906, 480082, 520192, 513333, -157789, -520146, -414915, 497109, 359852, -500000, -437031, 504892, 281373, -517979, -289810, 518492, 223152, -517058, -292244, 515419, 427843, -509453, -515533, 385798, 520192, 80038, -519936, -493294, 446469, 519127, -159502, -520192, -237502, 519861, 467949, -503555, -516849, 391978, 520128, -131882, -520160, -273898, 514723, 414962, -83122, -313706, -517850, 64651, 520099, 403752, -483948, -513930, -53800, 517017, 509358, -322844, -520192, -351381, 515070, 518509, -311456, -520154, 8843, 519955, 322431, -504493, -506702, 344081, 520166, 115543, -520091, -492071, 437037, 520139, 59950, -519420, -376570, 494208, 482294, -315081, -486166, 6721, 183172, 169172, 204183, -147013, -449061, -63442, 481276, 342345, -306481, -446174, -3025, 385663, 274768, -210839, -424198, -71353, 391440, 313268, -217690, -385160, 47030, 345839, 98506, -240806, -168827, 83458, 106201, 42888, -8227, -81922, -70922, 56943, 118780, -834, -87703, -42433, -6967, 35018, 78940, 21711, -89118, -99843, 59974, 144643, 9212, -128464, -79942, 70993, 99280, -2753, -71364, -52682, 27923, 72413, 10641, -45837, -27507, 11715, 5441, 4472, 42503, 570, -78532, -34312, 78664, 92785, -35357, -139299, -37458, 149131, 120839, -120442, -145856, 54878, 170034, 21129, -153603, -77866, 108351, 95985, -48114, -78574, -3365, 41762, 22003, -836, -14050, -25604, -10637, 26090, 33649, 2663, -42320, -39678, 22029, 73197, 19033, -90635, -55411, 82996, 83968, -55194, -96212, 24620, 88015, 561, -60181, -18182, 32695, 25700, -12795, -23898, 1063, 24619, 1159, -31156, 5898, 39997, -12051, -53474, 27206, 58722, -44443, -78676, 63562, 104755, -76146, -136830, 75413, 172733, -57937, -197689, 11977, 208415, 65232, -194392, -71542, 194083, 179721, -151055, -273023, 73422, 318458, 21850, -305885, -115007, 241977, 181806, -142354, -206833, 31019, 186736, 32608, -131489, -102005, 75073, 128322, -12663, -113787, -33663, 76048, 54660, -36502, -53671, 13790, 38222, -18327, -19469, 25031, 6720, -50716, -11840, 76928, 30252, -87345, -51078, 77395, 65150, -51606, -62797, 16710, 45294, 16490, -17884, -40671, -10889, 42699, 34042, -33164, -45004, 21165, 40844, -10894, -28426, 7338, 13693, -9630, -1557, 14111, -5381, -19222, 2623, 16956, -561, -12000, 2130, 2583, -5242, 6027, 9744, -11090, -13691, 11967, 17081, -11502, -14140, 19322, 9037, -21847, 2005, 28159, -14138, -34392, 23348, 38974, -25236, -37112, 19665, 31002, -10070, -19820, -1311, 6068, 12834, 7823, -20443, -17989, 25717, 22608, -30604, -20794, 38299, 13862, -47640, -4914, 60893, -2284, -74899, 1400, 85485, 297, -90096, -3993, 88873, 7742, -81664, -10797, 70358, 12922, -57598, -12650, 46595, 10987, -38423, -38, 31388, -1674, -28601, 2107, 27699, -2678, -26937, 2278, 26615, 741, -26821, -6242, 26763, 14815, -26446, -32556, 25982, 43818, -20127, -52767, 10694, 56474, -813, -53802, -7077, 43327, 11252, -24618, -11505, -382, 10118, 28420, -15888, -61346, 24294, 99414, -39422, -138957, 55595, 177523, -65372, -204014, 61973, 211913, -41155, -195787, 3994, 161422, 42278, -101753, -85370, 29838, 109574, 41731, -110460, -95005, 91689, 122753, -61571, -122594, 33818, 99982, -16689, -72479, 15463, 46553, -24516, -35004, 37010, 36029, -39948, -46348, 27837, 55391, -1085, -56469, -32834, 46684, 62608, -22474, -87334, -7000, 83461, 32785, -63900, -43639, 35590, 37153, -7897, -16569, -9979, -8587, 14356, 31501, -8836, -36551, -3127, 41419, 17168, -36842, -24311, 27028, 23688, -17224, -15158, 11040, 2818, -9438, 7309, 10599, -13568
1791219444.726, MrmFullScanInfo, 611, 107, 2054106, 0, 0, 0, 0, 10000, 39297, 32, 2, 2, 1, 480, 0, 0, 0, 0, 0, 0, 168549, -228509, -312872, 479072, 362648, -535052, -381140, 347584, 436192, -30128, -508888, -256736, 508388, 432389, -372777, -522058, 135126, 579174, 110616, -566574, -281054, 391028, 327166, -46142, -242663, -339117, 72679, 612389, 92589, -724864, -181659, 712541, 188307, -643656, -149733, 576861, 120512, -544953, -138307, 548595, 204967, -537751, -296659, 427337, 397581, -186658, -487570, -108413, 503146, 351609, -374792, -508805, 119012, 602393, 155640, -629850, -349233, 546693, 451193, -333648, -490714, 54847, 436297, 178267, -231119, -275627, -92901, 208986, 381757, -13487, -464395, -227831, 292533, 392396, 33526, -371995, -350642, 158419, 534516, 136050, -522030, -386536, 321093, 544495, -23728, -585883, -253582, 471176, 448972, -207033, -539212, -112900, 488370, 380582, -283346, -546431, -2822, 592098, 238453, -498416, -321753, 281318, 226751, -25254, -6362, -146401, -234573, 151031, 389399, -4782, -392099, -192764, 240609, 325560, 1709, -321808, -234835, 181298, 371917, 30643, -376366, -221942, 269113, 322910, -111806, -311690, -24369, 211436, 91411, -74866, -82225, -39237, 25141, 93124, 35377, -84281, -60853, 39760, 38826, 985, 12707, -7452, -60884, -24603, 78434, 72696, -56441, -105267, 7743, 102065, 41218, -63448, -67612, 8328, 64598, 37021, -41478, -54645, 16839, 44289, -8394, -20555, 21994, 3724, -47309, -10344, 64892, 44549, -57810, -94312, 22041, 136476, 32411, -148510, -89138, 121157, 133088, -64296, -152740, 817, 141167, 46780, -101713, -66280, 49536, 57893, -4935, -31276, -17359, 1491, 14716, 16315, 3961, -13013, -23354, -10968, 29737, 46321, -17748, -78772, -8487, 95362, 39424, -90728, -64332, 68566, 74889, -37710, -68933, 7536, 51359, 15095, -30689, -27902, 14728, 33238, -8002, -35624, 11425, 38312, -23328, -42491, 41121, 49048, -62326, -59936, 84220, 77570, -102944, -102626, 112583, 133059, -105022, -164293, 77110, 191362, -31660, -209522, -29426, 214043, 106193, -199924, -190656, 161626, 261237, -97040, -295016, 12802, 279806, 74518, -220151, -143191, 133359, 175995, -40173, -168573, -41166, 129894, 96275, -75362, -116940, 20388, 106110, 22256, -77417, -44541, 47863, 45099, -29837, -30094, 28206, 10916, -41373, 1434, 62492, -1341, -80903, -9802, 86464, 25395, -74057, -37296, 45511, 39640, -8933, -30863, -24447, 13480, 45437, 7044, -50943, -23950, 44195, 31813, -31623, -29046, 19492, 18315, -11748, -4961, 9174, -5606, -9938, 10551, 10914, -10533, -9247, 8296, 3902, -6336, 3798, 5943, -11154, -7049, 16468, 8245, -19890, -7170, 22320, 1842, -24193, 7875, 25525, -19789, -26273, 29994, 26155, -34551, -24703, 31400, 21437, -21136, -16058, 6437, 8805, 9209, -782, -22787, -6105, 32860, 9660, -39821, -8218, 45259, 1558, -51020, 8502, 58370, -18704, -67294, 25998, 76249, -28868, -82762, 27472, 84644, -22865, -81008, 16513, 72640, -10004, -61617, 5300, 50154, -3940, -39727, 5626, 31335, -8352, -25831, 10280, 23410, -10863, -23266, 9992, 24327, -7278, -25959, 1784, 28163, 7244, -30970, -19150, 33407, 31728, -33449, -42399, 29579, 49128, -22111, -50052, 12805, 43455, -3444, -28502, -5631, 5975, 15887, 22040, -29667, -53184, 48690, 85514, -72515, -117053, 97529, 145022, -116859, -165634, 122165, 175145, -106904, -170853, 69673, 151196, -15898, -115924, -43103, 67487, 93639, -12392, -124361, -39589, 130343, 78269, -114505, -96858, 86142, 94596, -57081, -76944, 37032, 53260, -29879, -33207, 32561, 23424, -37062, -25399, 34619, 35584, -20164, -47055, -5751, 52400, 37215, -46821, -64874, 30326, 79612, -7935, -76697, -12261, 57955, 22728, -30404, -19950, 3180, 6187, 15864, 12239, -22536, -28776, 17494, 39336, -5682, -42417, -6160, 38363, 12646, -29387, -11691, 18921, 4676
1791219444.726, MrmFullScanInfo, 611, 107, 2054106, 0, 0, 0, 0, 10000, 39297, 32, 4, 2, 1, 480, 0, 0, 0, 0, 0, 0, 125, 305, -365, -957, 638, 1660, -785, -2123, 756, 2117, -739, -1545, 811, 608, -717, 173, 231, -495, 418, 441, -608, -280, 129, 183, 394, -64, -122, -252, -859, 709, 1357, -832, 58, 104, -3211, 1408, 5969, -2800, -6180, 2741, 4021, -889, -1605, -1627, 10, 3265, 1621, -3530, -4316, 3293, 7001, -3158, -7424, 2803, 5086, -1477, -1881, -716, 86, 403, -350, 8882, -43, -26996, 4542, 41347, -10961, -39080, 12638, 22623, -7004, -5664, -932, -2952, 5219, 3994, -3685, -2465, -1722, 1904, 6760, -2460, -8021, 2540, 5549, -1585, -2067, 571, -441, -201, 1660, 128, -1887, 49, 1415, -210, -861, 84, 1166, 621, -2540, -1584, 3931, 1968, -4030, -1493, 2956, 744, -1889, -127, 1277, -667, -794, 1724, 563, -2669, -722, 3004, 743, -2445, -169, 1348, -733, -452, 1522, 111, -2204, -80, 2663, 173, -2617, -534, 1957, 1229, -880, -1819, -206, 1820, 1066, -1278, -1585, 638, 1728, -227, -1539, 182, 1014, -458, -303, 890, -242, -1220, 358, 1313, -115, -1107, -155, 619, 320, -51, -345, -394, 196, 694, 132, -885, -564, 930, 879, -813, -826, 593, 375, -263, 197, -70, -629, 286, 966, -506, -1459, 971, 2441, -1731, -4363, 2669, 7871, -3561, -13385, 3947, 20411, -2904, -27251, -792, 31720, 7995, -31933, -18197, 26700, 28868, -15997, -35555, 851, 33230, 17048, -17480, -34775, -14457, 47375, 61846, -48633, -118191, 34121, 171489, -4382, -208141, -33416, 217462, 63062, -194489, -67667, 140042, 44049, -63030, -5567, -17864, -30700, 80298, 55115, -108763, -62513, 101979, 50694, -72351, -21702, 36563, -15519, -7986, 45197, -4252, -51825, -3366, 29851, 23338, 13389, -37088, -62363, 27161, 98824, 11137, -110434, -65585, 94466, 113451, -54925, -134805, 1301, 121972, 49590, -79499, -77447, 20847, 71029, 34510, -35216, -67430, -11866, 69068, 49325, -44689, -63467, 8714, 52107, 23187, -22835, -39315, -11492, 34935, 37133, -14910, -44324, -8789, 31105, 23498, -4495, -22026, -22555, 5519, 37846, 17674, -36263, -36334, 21707, 42064, -3606, -33380, -8712, 15844, 10872, 1703, -4910, -11888, -3002, 12097, 6520, -4924, -2413, -3816, -8141, 8299, 20389, -5512, -28664, -3437, 30172, 14247, -26002, -21502, 19046, 21336, -11748, -13457, 5994, 1202, -3387, 10225, 4048, -16416, -6169, 15625, 7369, -9169, -6143, 356, 2311, 7379, 3146, -11960, -8451, 13249, 11830, -12690, -12528, 12357, 11088, -13676, -8690, 16754, 6580, -20403, -5784, 22749, 6696, -22098, -8623, 17719, 10031, -10325, -9577, 1859, 6825, 5341, -2488, -9731, -1968, 11060, 5129, -9923, -6269, 7178, 5480, -3724, -3238, 528, 127, 1708, 3358, -2781, -6794, 2958, 9700, -2685, -11529, 2313, 11818, -2003, -10420, 1865, 7712, -1949, -4475, 2192, 1546, -2405, 513, 2356, -1418, -1890, 1196, 820, -201, 1046, -1006, -3564, 1895, 6099, -2109, -7813, 1587, 8201, -608, -7152, -324, 4919, 692, -2136, -79, -291, -1611, 1641, 3975, -1697, -6151, 647, 7291, 1122, -7261, -2862, 6502, 3702, -5426, -3237, 4204, 1784, -3082, 96, 2514, -2019, -2650, 3676, 3208, -4754, -3538, 4820, 2996, -3657, -1263, 1767, -1457, -204, 4461, -81, -6614, -1264, 6827, 4071, -4588, -7683, 660, 11209, 3475, -13530, -7096, 13601, 10705, -11037, -14689, 6397, 18063, -857, -19332, -4400, 17705, 8617
1791219444.726, MrmDetectionListInfo, 611, 134, 204, 20552, 205, 23053, 206, 24751, 207, 25377, 208, 25039, 215, 26559, 216, 32013, 217, 42773, 218, 58225, 219, 65535, 220, 65535, 221, 65535, 222, 65535, 223, 65535, 224, 65535, 225, 65535, 226, 65535, 227, 65535, 228, 65535, 229, 65535, 230, 65535, 231, 65390, 232, 38562, 233, 18797, 234, 16413, 235, 34935, 236, 63883, 237, 65535, 238, 65535, 239, 65535, 240, 65535, 241, 64492, 242, 51645, 243, 36136, 244, 22472, 246, 17508, 247, 23914, 248, 28966, 249, 28640, 250, 24065, 251, 20007, 252, 20364, 253, 26261, 254, 36916, 255, 49228, 256, 58335, 257, 62012, 258, 64256, 259, 65535, 260, 65535, 261, 65535, 262, 65535, 263, 65535, 264, 65535, 265, 65535, 266, 65535, 267, 65535, 268, 65535, 269, 64766, 270, 50365, 271, 40611, 272, 40184, 273, 44133, 274, 45906, 275, 45204, 276, 46456, 277, 50592, 278, 52056, 279, 45939, 280, 35217, 281, 27703, 282, 26702, 283, 28401, 284, 28332, 285, 26836, 286, 27040, 287, 29270, 288, 30257, 289, 27850, 290, 23730, 291, 20600, 292, 18629, 293, 16757, 296, 20345, 297, 24658, 298, 28981, 299, 32211, 300, 33083, 301, 30858, 302, 26096, 303, 20748, 304, 16903, 305, 14770, 306, 12581, 317, 7531, 318, 11805, 319, 15043, 320, 16436, 321, 16716, 322, 17314, 323, 19057, 324, 21357, 325, 22732, 326, 22229, 327, 20099, 328, 17115, 329, 13691, 331, 5856, 336, 11900, 346, 9954, 347, 11322, 348, 11987, 349, 12429, 350, 12661, 351, 12546, 352, 12178, 353, 11845, 354, 11758, 355, 11934, 356, 12291, 357, 12772, 358, 13351, 359, 13969, 360, 14506, 361, 14812, 362, 14754, 363, 14231, 364, 13181, 365, 11586, 375, 7792, 376, 7986, 377, 7459, 390, 6751, 394, 6478
1791219444.867, MrmFullScanInfo, 612, 107, 2054231, 0, 0, 0, 0, 10000, 39297, 32, 1, 2, 1, 480, -418913, 491420, 421890, -479658, -454563, 448670, 504608, -368405, -520088, 112640, 520192, 336366, -497309, -496684, 370518, 517187, -113029, -520192, -176478, 519592, 323978, -511803, -477805, 479706, 520186, 513033, -154162, -520167, -411757, 498693, 365427, -500784, -439360, 503607, 285734, -518290, -282548, 518315, 215801, -516658, -281599, 516989, 426479, -507917, -514894, 391540, 520192, 79333, -519969, -489806, 449984, 519620, -173086, -519986, -231623, 519585, 464619, -503828, -516470, 388252, 520156, -137566, -520181, -276699, 513195, 452643, -68346, -370614, -518974, 105513, 520158, 398228, -486769, -515225, -52738, 516987, 508743, -327655, -520192, -343226, 516523, 518436, -321403, -520150, 18304, 519981, 319469, -505020, -506462, 349184, 520141, 119080, -520071, -493499, 437269, 520103, 56792, -519463, -381092, 493741, 482125, -314072, -485663, 6852, 184647, 169739, 204174, -148072, -450561, -61032, 483539, 345346, -314094, -445689, -2644, 387590, 274558, -211858, -423300, -69457, 390519, 312722, -218832, -385133, 46242, 345830, 100657, -240591, -170330, 83496, 109779, 46349, -9241, -84072, -70763, 58296, 119478, -2070, -89869, -41909, -4664, 37126, 74609, 19278, -86875, -96657, 59786, 143141, 9340, -128031, -80150, 69802, 101200, -2999, -71287, -51832, 29581, 71167, 8477, -45702, -27149, 10920, 4713, 3396, 41265, 1606, -77270, -34069, 76525, 92815, -33065, -138954, -37375, 148442, 122275, -120063, -146033, 54415, 170422, 20260, -153074, -77912, 107777, 95640, -48542, -77407, -3242, 41786, 21890, -798, -13913, -25618, -9465, 26020, 33374, 2049, -42460, -39292, 22615, 73017, 18371, -91009, -55578, 83076, 84145, -54934, -96526, 23853, 88985, 213, -59841, -18366, 33560, 26555, -12788, -24798, -222, 26465, 6878, -30204, -5819, 34322, 9017, -37106, -17746, 42043, 27092, -38438, -36269, 27276, 51559, -12399, -69285, -6734, 88116, 36735, -110218, -75879, 136619, 118815, -201028, -101336, 212636, 148556, -185562, -202081, 106114, 249720, 26002, -278210, -184669, 270176, 329251, -214321, -422219, 118120, 422449, -114691, -401825, 7366, 327508, 83486, -217673, -132408, 101492, 139849, -9206, -120340, -39081, 96849, 45701, -88404, 17874, 112161, -50195, -149270, 71462, 189286, -68069, -212208, 37916, 206043, 3561, -167044, -44060, 103635, 68024, -33049, -75382, -24278, 46377, 61347, -12417, -70352, -11465, 57601, 18887, -37090, -10906, 20356, -2801, -13377, 14622, 15171, -33863, -16266, 29579, 22736, -19236, -23190, 6695, 17217, 4178, -8834, -9024, -1286, 10360, 9532, -10521, -13529, 15311, 11490, -17516, -9152, 20718, 6357, -21480, -4409, 17542, 2928, -8809, -1942, -432, 413, 7036, 2275, -11879, -1082, 11875, -215, -7889, 5501, 1291, -14081, 5540, 27191, -11326, -39422, 12879, 51433, -11399, -60063, 4862, 64523, -2076, -65352, 725, 63723, 424, -59966, -2786, 55824, 5236, -50467, -11192, 46077, 16396, -40003, -10191, 31803, 11971, -25485, -9554, 19715, 3521, -15821, 3369, 16077, -9133, -20454, 9959, 27818, -4166, -34585, -15208, 40776, 32340, -38543, -46504, 29385, 55461, -16277, -53171, 5062, 42040, 3271, -21515, -7126, -5975, 10540, 32163, -19869, -66000, 31815, 102186, -49311, -141787, 66022, 180641, -76578, -208358, 73306, 217434, -52491, -202515, 13352, 167444, 41869, -107354, -88535, 36683, 119029, 33721, -124372, -86852, 109698, 115163, -82644, -115581, 56899, 97289, -40622, -70216, 32508, 48832, -38894, -38530, 46624, 42392, -44520, -53486, 28202, 63570, 1574, -66202, -37532, 59305, 72494, -37670, -98887, 6538, 97900, 19731, -80623, -34351, 52431, 32710, -24524, -18011, 5295, -3213, 1196, 22029, 1147, -29289, -10805, 30488, 19549, -23392, -20873, 12691, 13960, -4233, -861, 915, -12513, -1697, 23141, 4518, -29178
1791219444.867, MrmFullScanInfo, 612, 107, 2054231, 0, 0, 0, 0, 10000, 39297, 32, 2, 2, 1, 480, 0, 0, 0, 0, 0, 0, 168724, -228945, -313020, 480217, 362435, -536666, -380628, 349405, 435641, -32052, -508177, -255061, 507187, 431489, -371298, -522111, 134105, 579695, 110797, -566952, -280572, 391022, 326415, -45749, -241814, -339877, 71581, 613433, 94370, -726042, -183806, 713552, 189064, -643892, -147166, 575706, 114571, -542372, -131386, 545836, 199790, -536624, -294152, 428711, 396946, -189750, -488661, -105025, 506883, 348467, -381196, -505828, 126030, 599579, 150636, -627883, -347183, 546248, 451077, -332241, -490682, 44723, 436692, 204697, -235364, -315237, -82815, 247181, 369663, -36790, -457181, -221461, 293114, 396286, 27972, -378921, -345392, 164440, 533847, 131826, -526941, -383410, 328882, 542201, -30416, -584994, -250036, 471658, 448191, -207843, -540122, -112565, 489853, 380600, -284280, -546524, -2995, 592200, 239417, -498481, -322811, 281226, 227483, -24777, -6499, -147303, -235560, 152111, 391891, -5750, -395566, -192149, 243769, 325618, -328, -322706, -233753, 182636, 371387, 29488, -376031, -221363, 268573, 322960, -110664, -312038, -26227, 211485, 93725, -74185, -84424, -40607, 26525, 94805, 35263, -85815, -62180, 40679, 41493, 1022, 9237, -8433, -57550, -23059, 76084, 71067, -55185, -103964, 7101, 101387, 41746, -63589, -68283, 9236, 65444, 35686, -42391, -53397, 17542, 43659, -8633, -20774, 21646, 4584, -46313, -11375, 63399, 45359, -56181, -94696, 20638, 136411, 33447, -148227, -89783, 120964, 133259, -64315, -152480, 1019, 140724, 46431, -101369, -65824, 49397, 57467, -4894, -31033, -17493, 1455, 15018, 16263, 3635, -13063, -23234, -10742, 29891, 46029, -18039, -78562, -8281, 95246, 39492, -90648, -64700, 68529, 75420, -37704, -69447, 7417, 51710, 15577, -30485, -28878, 12877, 34439, -2477, -35994, -1474, 36790, 2883, -38647, -5711, 41163, 12187, -41924, -23445, 38534, 40118, -29945, -62084, 15556, 88954, 5355, -122939, -28313, 164938, 45563, -206131, -58090, 228676, 80023, -216018, -125260, 160415, 192124, -63423, -263464, -62667, 314176, 194041, -327546, -301495, 301256, 361752, -239578, -367376, 148796, 326670, -43354, -254438, -51648, 167136, 114937, -82720, -140357, 21386, 137227, 1061, -122602, 16465, 112818, -57782, -117447, 98669, 135781, -119575, -157727, 111298, 169203, -76211, -159177, 25576, 125110, 24520, -73779, -58373, 17564, 67396, 30418, -54377, -60083, 31028, 67451, -10179, -56295, -418, 36197, -903, -17188, 10902, 5287, -22908, -1779, 29807, 4680, -27959, -10041, 18867, 13481, -6813, -12345, -4069, 6769, 11897, 552, -16952, -5985, 20153, 7324, -21946, -4978, 22219, 1135, -20486, 1902, 16180, -2791, -9473, 1656, 1615, 433, 5550, -2462, -10208, 4167, 11025, -6014, -7536, 8999, 354, -14174, 8972, 21922, -18267, -31644, 25222, 42030, -28361, -51500, 27906, 58524, -25396, -62021, 22323, 61871, -19146, -58969, 15484, 54774, -10787, -50556, 5607, 46539, -1400, -41849, -939, 35762, 1624, -28742, -840, 22023, -1810, -16889, 6166, 14592, -10817, -16056, 13008, 21572, -9823, -30301, 337, 39665, 13530, -45736, -28067, 45363, 39346, -38114, -43842, 26101, 39053, -12137, -24523, -2265, 2055, 17556, 25384, -35410, -55254, 57259, 86088, -82740, -116580, 108594, 144423, -128428, -165782, 134114, 176455, -118446, -173318, 78959, 154930, -20781, -121510, -43822, 75620, 99809, -23217, -135129, -26696, 144777, 64525, -131893, -83627, 105519, 83141, -76784, -68397, 55068, 48517, -44758, -32634, 43611, 26685, -44160, -31796, 38094, 44524, -20557, -58429, -7956, 66314, 41696, -62958, -71529, 47592, 88490, -24664, -87828, 2051, 71119, 12521, -45098, -14834, 18598, 5985, 827, 8637, -9225, -22418, 7280, 30425, 319, -30648, -7268, 23994, 8784, -13630, -3494, 3452, -6648
1791219444.867, MrmFullScanInfo, 612, 107, 2054231, 0, 0, 0, 0, 10000, 39297, 32, 4, 2, 1, 480, 0, 0, 0, 0, 0, 0, 253, -304, -329, 726, 68, -891, 175, 925, -227, -1075, 411, 1105, -925, -714, 1313, 27, -1065, 361, 428, -236, 252, -129, -779, 524, 1098, -847, -1208, 965, 1493, -880, -1687, 670, 867, -216, 1254, -560, -3622, 1454, 4600, -1694, -3739, 834, 1982, 665, -678, -1758, -438, 1984, 2018, -1847, -3598, 1729, 4026, -1688, -2953, 1352, 1311, -706, -115, 1616, -86, -6781, 410, 16004, -2530, -23481, 5834, 22875, -7117, -14424, 4371, 4152, 360, 2760, -3651, -5450, 3918, 5172, -1419, -3560, -2237, 2192, 4688, -1300, -4606, 256, 2829, 737, -1015, -940, -223, 434, 713, 14, -325, -183, -619, 158, 1624, 195, -2367, -815, 2656, 1428, -2045, -1685, 340, 1536, 1746, -1118, -3046, 357, 2945, 856, -1875, -2172, 776, 2766, -129, -2288, 125, 1151, -709, -57, 1678, -428, -2729, 141, 3433, 667, -3352, -1561, 2298, 2217, -590, -2351, -1310, 1739, 3031, -534, -4076, -701, 4013, 1449, -2943, -1562, 1615, 1141, -700, -358, 370, -584, -478, 1394, 766, -1757, -950, 1492, 812, -651, -375, -378, -241, 1138, 1002, -1386, -1674, 1196, 1950, -739, -1708, 214, 1160, 134, -553, -163, -37, -18, 483, 240, -632, -417, 493, 557, -275, -619, 234, 682, -430, -1034, 659, 2028, -515, -3856, -296, 6328, 1813, -8836, -3893, 10451, 6186, -9978, -8371, 6017, 10400, 2802, -11909, -17184, 11599, 36441, -7639, -57888, -666, 77319, 11738, -90428, -21578, 94446, 21853, -87588, -3612, 68996, -34539, -42883, 84548, 21183, -135916, -18129, 181158, 41732, -212839, -90555, 222493, 155050, -210932, -218837, 186358, 264388, -148925, -284559, 87476, 286847, 3934, -282342, -113970, 275109, 224142, -262586, -317522, 239101, 380533, -205343, -403315, 166948, 382561, -123646, -325824, 68472, 249214, -1453, -167259, -62435, 88227, 106432, -17741, -124011, -33803, 121764, 54134, -112457, -40993, 106831, 7902, -109952, 24596, 120631, -42230, -132604, 40120, 136693, -21430, -125025, -5535, 95377, 30058, -52725, -42165, 7155, 37051, 30243, -18115, -51265, -4684, 53521, 20919, -41479, -24949, 24318, 17000, -10599, -1844, 4322, -13104, -5305, 21147, 11280, -20008, -18564, 12513, 22666, -3442, -20712, -3447, 13023, 6750, -2575, -6938, -7055, 5097, 13935, -2152, -18379, -1240, 21675, 4763, -24293, -8544, 25433, 12667, -23661, -16452, 18057, 18483, -9016, -17319, -1626, 12341, 11310, -4265, -17738, -4827, 19694, 12075, -17528, -14923, 13079, 12458, -8867, -5985, 6962, -1625, -8135, 7476, 11700, -9930, -15878, 8963, 18558, -5886, -18203, 2678, 14593, -1106, -9048, 1943, 3815, -4594, -879, 7484, 1036, -8836, -3660, 7513, 7084, -3381, -9265, -2686, 8712, 9026, -5018, -13662, -1120, 15239, 8203, -13664, -14323, 10150, 17824, -6460, -17938, 3983, 15001, -3231, -10030, 3635, 4209, -4052, 1396, 3577, -6135, -2122, 9809, 331, -12478, 972, 14289, -1195, -15424, 325, 15915, 1149, -15021, -2699, 11720, 4289, -5928, -6177, -1005, 8325, 7364, -10226, -12273, 11400, 15654, -11607, -17842, 10836, 18881, -9116, -18448, 6504, 16470, -3211, -13463, -345, 10159, 3717, -6991, -6687, 4250, 9317, -1917, -11854, -340, 14234, 2861, -15857, -5674, 15996, 8457, -14356, -10722, 11197, 12045, -7177, -12241, 3239, 11351, -226, -9502, -1580, 6939, 2615, -4052, -3569, 1230, 4833, 1389, -6265, -3764, 7506, 5748, -8334, -7129
1791219444.867, MrmDetectionListInfo, 612, 162, 218, 25135, 219, 28782, 220, 32234, 221, 36539, 222, 42441, 223, 49380, 224, 55425, 225, 58715, 226, 58607, 227, 55212, 228, 49105, 229, 42798, 230, 40588, 231, 44654, 232, 52827, 233, 61607, 234, 65535, 235, 65535, 236, 65535, 237, 65535, 238, 65535, 239, 65535, 240, 65535, 241, 65535, 242, 65535, 243, 65535, 244, 65535, 245, 65535, 246, 65535, 247, 65535, 248, 65535, 249, 65535, 250, 65535, 251, 65535, 252, 65535, 253, 65535, 254, 65535, 255, 65535, 256, 65535, 257, 65535, 258, 65535, 259, 65535, 260, 65535, 261, 65535, 262, 65535, 263, 65535, 264, 65535, 265, 65535, 266, 65535, 267, 65535, 268, 65535, 269, 65535, 270, 65535, 271, 65535, 272, 65535, 273, 65535, 274, 65535, 275, 65535, 276, 65535, 277, 65535, 278, 65535, 279, 65535, 280, 62707, 281, 58778, 282, 61375, 283, 65535, 284, 65535, 285, 65535, 286, 65535, 287, 65535, 288, 65535, 289, 65535, 290, 65535, 291, 57786, 292, 52034, 293, 48492, 294, 43503, 295, 34690, 296, 25427, 297, 22110, 298, 26119, 299, 31728, 300, 33259, 301, 31346, 302, 30529, 303, 32276, 304, 33060, 305, 29357, 306, 21852, 307, 13885, 312, 12644, 313, 15974, 314, 17318, 315, 17443, 316, 17163, 317, 16438, 318, 14899, 319, 12766, 320, 10838, 321, 9546, 328, 9513, 330, 10050, 331, 10865, 332, 12488, 333, 14423, 334, 16100, 335, 17324, 336, 18221, 337, 18866, 338, 19102, 339, 18674, 340, 17442, 341, 15458, 342, 12950, 343, 10367, 344, 8525, 346, 9254, 347, 10527, 348, 11427, 349, 12389, 350, 13898, 351, 15493, 352, 16100, 353, 15169, 354, 13124, 355, 10729, 356, 8424, 362, 11226, 363, 12669, 364, 13087, 365, 13035, 368, 10892, 380, 6205, 381, 6453, 382, 6342, 383, 6023, 384, 5857, 385, 6192, 386, 7070, 389, 8541, 390, 8528, 391, 9471, 392, 11354, 393, 13096, 394, 13745, 395, 13370, 396, 12650, 397, 11971, 398, 11206, 399, 10140, 400, 8823, 413, 7204, 414, 7944, 428, 8451, 430, 12461, 431, 13187, 432, 13676, 433, 14241, 435, 14750, 436, 14372, 437, 13695, 438, 12803
1791219444.976, MrmFullScanInfo, 613, 107, 2054356, 0, 0, 0, 0, 10000, 39297, 32, 1, 2, 1, 480, -424052, 491415, 420596, -480287, -452551, 446810, 504966, -371679, -519928, 103868, 520186, 336356, -495691, -497330, 370849, 517968, -111611, -520191, -179747, 519105, 322829, -512272, -475820, 480906, 520186, 513976, -158348, -520056, -413056, 497798, 361413, -500460, -440832, 505086, 284064, -517519, -283571, 517940, 212356, -517220, -288787, 516286, 425144, -508707, -515106, 389639, 520192, 82299, -519999, -490749, 450439, 519184, -171216, -520158, -226370, 519543, 467018, -504234, -516657, 391164, 520006, -137509, -520135, -267313, 513455, 459285, -66133, -388000, -518752, 100372, 520125, 396736, -488303, -513986, -51640, 516194, 509043, -323585, -520192, -352241, 517238, 518415, -323341, -520147, 19050, 519998, 318973, -505948, -508422, 343198, 520163, 114263, -520001, -491737, 440054, 520066, 52098, -518952, -369370, 495663, 473191, -322491, -467260, 28374, 165545, 141635, 203307, -121618, -433801, -76130, 464763, 340029, -300194, -442351, -12216, 374195, 271584, -193561, -410120, -79332, 372132, 309796, -206141, -374435, 39146, 333317, 101208, -227307, -168159, 78181, 101361, 46935, -501, -81108, -76094, 51737, 120393, 5031, -84879, -46337, -11497, 35898, 80263, 23861, -87641, -99622, 56530, 145768, 12845, -130506, -84297, 71140, 105412, -2339, -75670, -55147, 31015, 74146, 9356, -48385, -27160, 12252, 7301, 2494, 40363, 828, -75904, -32902, 75690, 91739, -32680, -137494, -38321, 146284, 120042, -120459, -146623, 54517, 170125, 21198, -152887, -76055, 108443, 94500, -48802, -76683, -2154, 41517, 21498, -844, -12765, -24913, -10954, 24588, 32751, 2608, -41523, -39594, 21545, 72381, 19119, -89686, -55904, 82414, 83912, -54970, -96782, 23891, 87348, 678, -59322, -18297, 32582, 26058, -12677, -24545, -975, 24856, 5882, -29933, -5044, 33871, 8319, -36513, -15812, 40560, 23382, -36771, -27786, 25597, 33708, -12471, -35688, 1436, 31198, 9285, -24683, -15320, 23149, 16937, -29153, -22137, 39081, 34741, -51974, -56000, 60401, 80286, -49131, -101271, 16686, 104699, 40764, -75255, -120328, 11928, 187303, 27419, -253539, -102941, 271434, 173902, -230992, -216735, 141765, 227249, -26037, -197010, -77817, 135482, 138499, -59165, -115244, 13306, 98347, 9364, -54553, 4390, 10651, -50279, 7641, 107260, 5593, -147240, -45102, 154378, 91790, -123380, -153110, 78741, 141372, -13655, -96520, -33244, 37108, 44715, 15919, -23596, -40093, -13074, 30650, 41989, 5008, -46855, -40166, 28803, 74106, 7780, -83860, -44231, 65638, 65621, -31631, -62836, -2119, 37674, 18281, -4115, -13611, -20392, -5946, 28070, 23157, -13409, -27682, -16175, 14192, 45832, 12926, -60874, -42053, 56449, 62531, -35953, -64119, 8260, 49099, 15676, -20587, -28165, -6877, 28815, 23685, -21448, -22524, 16305, 6863, -20536, 14322, 35474, -28845, -57768, 25968, 73761, -16749, -86902, 1257, 89019, 15140, -81304, -23853, 67539, 23317, -53834, -17278, 45903, 9774, -43941, 5425, 42491, -5645, -41584, 3063, 38248, 2639, -30304, -5700, 20903, 6704, -13978, -5507, 11950, 6144, -14558, -16580, 21689, 29792, -24545, -46319, 21859, 60477, -13185, -64919, 1188, 55628, 8528, -32597, -13739, -574, 15008, 34350, -20081, -73736, 24891, 114109, -33558, -151469, 45779, 183888, -54682, -205343, 54965, 208390, -38606, -190745, 4125, 153080, 45054, -93977, -90376, 24432, 118712, 45544, -123420, -98378, 105994, 126400, -75472, -128058, 43101, 106454, -20501, -76910, 10482, 49464, -16479, -35405, 28802, 36638, -33585, -47638, 24022, 60588, 1058, -66897, -34009, 62160, 66129, -42438, -91810, 14184, 92034, 11466, -75215, -25640, 47352, 23694, -20509, -8839, 2201, -12025, 3916, 31867, 352, -40414, -11967, 42596, 26091, -35636, -32575, 21523, 29842, -7856, -18732, -1481, 2320, 4661, 12508, -3620, -21810
1791219444.976, MrmFullScanInfo, 613, 107, 2054356, 0, 0, 0, 0, 10000, 39297, 32, 2, 2, 1, 480, 0, 0, 0, 0, 0, 0, 168609, -228931, -312590, 479789, 362007, -535295, -380626, 347125, 436110, -29649, -508674, -256707, 507044, 432324, -370285, -522535, 132813, 580056, 111389, -567224, -280382, 391067, 326305, -45750, -242514, -339519, 72899, 612684, 93064, -725327, -182906, 713205, 188487, -643831, -146927, 575717, 115055, -542565, -132605, 546258, 201100, -536747, -294949, 427904, 397452, -188158, -489123, -106556, 507420, 349250, -381851, -505799, 126648, 599330, 150311, -628168, -347117, 547759, 450774, -334760, -489764, 45884, 435677, 207289, -235556, -320769, -81121, 252157, 367919, -39230, -456791, -220501, 293871, 394743, 27425, -375698, -346277, 160420, 536173, 134707, -529536, -384265, 330417, 541520, -30361, -583799, -251234, 471062, 449614, -208510, -541316, -110856, 491790, 378611, -288632, -544944, 5101, 592527, 226573, -503280, -305571, 292624, 209612, -42727, 5415, -126135, -236700, 133227, 382637, 5869, -380925, -193948, 230517, 317791, 6042, -308411, -231113, 167942, 361275, 38308, -362382, -221147, 255698, 314939, -101841, -300539, -29111, 201205, 90528, -68060, -77116, -41789, 18652, 91657, 40300, -80018, -62675, 34749, 38013, 4727, 14322, -8841, -61482, -25545, 77210, 75230, -53529, -108385, 3640, 104717, 45957, -64913, -72301, 8389, 68513, 38087, -44055, -56333, 17775, 46193, -7751, -22322, 20127, 4986, -44642, -10832, 61869, 44213, -55042, -93294, 20062, 135118, 33468, -147311, -89469, 120559, 132924, -64487, -152269, 1788, 140669, 45278, -101479, -64710, 49731, 56729, -5560, -30823, -16515, 1741, 14032, 15636, 4155, -12326, -23024, -11285, 29086, 46127, -17011, -78207, -9165, 94704, 39929, -90169, -64529, 68128, 74718, -37320, -68518, 7119, 50856, 15586, -29855, -28469, 12556, 33675, -2520, -35069, -1016, 35804, 1894, -37421, -3728, 39316, 7966, -39027, -14416, 34472, 21849, -25766, -28077, 14740, 31236, -3740, -31725, -5171, 32257, 11320, -36039, -16415, 44837, 23745, -57170, -36006, 67303, 53355, -66143, -71968, 43979, 84061, 4951, -83148, -78230, 67654, 162978, -38372, -238250, -4401, 281622, 58489, -276584, -115383, 219933, 161716, -125033, -183780, 20056, 173821, 63752, -135260, -106921, 83474, 107687, -39946, -77171, 22195, 32245, -36087, 7876, 73666, -26893, -117007, 15769, 147331, 21945, -152443, -68041, 128610, 98347, -81013, -97891, 24784, 69082, 19271, -26789, -35825, -10220, 23592, 27546, 4924, -20093, -31215, -7300, 40761, 42338, -29336, -69866, 3243, 78103, 24931, -64479, -42425, 36687, 42084, -8152, -25423, -9278, 1730, 11229, 16324, -1873, -18622, -9591, 2744, 14293, 24568, -7728, -50935, -8511, 64695, 27830, -60218, -41787, 39727, 44125, -11368, -33848, -14884, 15901, 31576, 1054, -36612, -8849, 33552, 3812, -29307, 11224, 30227, -28638, -39028, 40481, 53942, -42402, -69942, 34846, 81274, -21807, -83977, 8713, 77750, 43, -65946, -2147, 53343, -2069, -43332, 9399, 36968, -15119, -33564, 16036, 31374, -12329, -28432, 6419, 23970, -948, -19075, -3135, 16170, 7029, -17405, -12832, 22834, 21853, -29783, -33537, 34251, 45151, -33153, -52117, 25695, 49647, -13281, -35134, -1923, 9444, 18425, 23955, -35849, -60856, 54611, 97454, -74828, -130340, 94941, 156322, -110528, -172405, 114699, 176300, -100430, -166871, 64437, 144047, -10530, -108496, -50238, 62359, 103369, -10622, -136516, -38745, 143846, 76701, -127600, -96447, 96597, 96304, -62726, -80614, 36835, 58071, -24762, -38225, 25077, 28141, -30069, -30221, 30154, 41838, -18918, -56451, -4322, 66136, 34483, -64957, -62582, 51688, 79300, -30453, -79233, 8947, 63419, 5055, -38326, -7102, 12729, -2078, 5745, 17457, -12832, -32553, 8706, 42107, 2305, -43304, -13726, 36082, 19844, -23105, -17911, 8656, 8817
1791219444.976, MrmFullScanInfo, 613, 107, 2054356, 0, 0, 0, 0, 10000, 39297, 32, 4, 2, 1, 480, 0, 0, 0, 0, 0, 0, -7, -121, 295, -95, -409, 929, 100, -1778, 328, 1824, -255, -1090, -612, 509, 1632, -432, -1767, 542, 758, -382, 318, -14, -426, 223, -270, 8, 803, -339, -595, 310, 86, -11, -194, -45, 907, -292, -1295, 556, 968, -421, -418, 279, 93, -480, 235, 745, -744, -571, 1610, -128, -2501, 900, 2639, -1082, -1772, 329, 685, 1284, -357, -1893, 909, -2093, -835, 10603, -1498, -17363, 4699, 16425, -5339, -9549, 2532, 2977, 990, -294, -2344, 835, 909, -1819, 1870, 1345, -3908, 176, 3900, -1364, -2121, 1401, 56, -334, 1042, -1040, -1373, 1885, 2318, -1987, -4545, 1513, 7881, 391, -12236, -4757, 16403, 11156, -16987, -17472, 11282, 20546, -1135, -18270, -8482, 11145, 13378, -1601, -12040, -7581, 5582, 13576, 3007, -13762, -10211, 8055, 13697, 590, -13096, -8013, 9392, 11318, -3843, -10211, -1975, 6373, 6118, -1770, -7066, -2326, 4847, 4947, -993, -5320, -2350, 3547, 3572, -709, -2451, -1902, 59, 3531, 2229, -3935, -3714, 3128, 4363, -1475, -4216, -377, 3369, 1773, -2025, -2379, 534, 2276, 755, -1672, -1628, 813, 2064, 45, -2162, -727, 1861, 1161, -1200, -1249, 452, 992, 93, -474, -326, -181, 369, 860, -268, -1306, 44, 1307, 279, -909, -657, 295, 930, 301, -862, -693, 381, 778, 272, -539, -761, 127, 934, 151, -853, 2, 583, -707, -188, 2008, -79, -4035, -222, 6899, 1375, -10430, -3157, 14099, 4926, -17212, -5660, 19368, 3194, -20112, 4877, 18902, -18486, -16558, 34257, 16353, -47495, -22040, 53909, 34513, -48957, -50576, 28231, 64116, 9508, -72203, -59442, 76044, 110443, -74344, -148514, 59640, 161487, -24756, -142361, -27914, 93352, 87057, -28534, -137822, -28620, 168888, 55308, -175861, -42130, 161254, -1022, -133628, 50941, 105742, -83416, -89108, 82779, 86103, -46319, -87678, -15031, 79930, 82252, -54026, -136843, 12351, 166308, 32296, -165277, -62995, 136054, 66533, -89828, -40037, 43440, -7237, -13755, 58930, 9444, -98456, -24781, 113633, 42987, -100471, -47969, 66659, 34195, -29516, -7331, 6272, -19875, -4412, 35058, 18501, -31706, -34829, 10609, 40378, 20742, -29730, -50096, 6414, 65181, 19877, -60737, -38041, 41483, 40828, -19392, -27985, 6519, 6272, -7936, 13277, 19722, -20243, -32429, 10302, 36670, 12245, -27414, -36937, 6323, 52644, 19209, -52930, -39575, 38629, 47290, -16672, -40179, -3645, 22301, 14793, -1966, -13997, -12291, 4141, 15597, 8114, -8739, -16133, -2755, 16357, 11950, -9195, -14155, -1805, 8930, 11786, 309, -16714, -8407, 15344, 11275, -9695, -7816, 3666, 29, -563, 8329, 1384, -13447, -4727, 13049, 7955, -7356, -8568, -1036, 5420, 8477, 726, -11978, -7610, 10658, 12575, -6261, -13626, 2062, 10290, -714, -4079, 2669, -2057, -6268, 5380, 8986, -4912, -8881, 1805, 5475, 1573, 352, -2904, -6861, 1081, 11941, 3388, -13791, -8689, 11761, 12704, -6700, -14128, 367, 13070, 5415, -10772, -9251, 8614, 10584, -7315, -9859, 6785, 8282, -6415, -7119, 5372, 7068, -2887, -7987, -1291, 9026, 6598, -9167, -11623, 7901, 14673, -5457, -14600, 2739, 11463, -908, -6420, 819, 1037, -2513, 3396, 5288, -6098, -8209, 6874, 10526, -6134, -11762, 4650, 11776, -3099, -10798, 1839, 9395, -963, -8317, 430, 8142, 79, -8880, -1161, 9883, 3326, -10139, -6509, 8791, 9876, -5566, -12159, 998, 12410
1791219444.976, MrmDetectionListInfo, 613, 150, 230, 15387, 231, 18940, 232, 22853, 233, 26603, 234, 30248, 235, 34069, 236, 38039, 237, 41710, 238, 44457, 239, 45695, 240, 45086, 241, 42972, 242, 41032, 243, 42876, 244, 52266, 245, 65535, 246, 65535, 247, 65535, 248, 65535, 249, 65535, 250, 65535, 251, 65535, 252, 65535, 253, 65535, 254, 65535, 255, 65535, 256, 65535, 257, 65535, 258, 65535, 259, 65535, 260, 65535, 261, 65535, 262, 65535, 263, 65535, 264, 65535, 265, 65535, 266, 65535, 267, 65535, 268, 65535, 269, 65535, 270, 65535, 271, 65535, 272, 65535, 273, 65051, 274, 56882, 275, 53234, 276, 59503, 277, 65535, 278, 65535, 279, 65535, 280, 65535, 281, 65535, 282, 65535, 283, 65535, 284, 65535, 285, 65535, 286, 65535, 287, 65535, 288, 47089, 289, 29201, 290, 17709, 291, 18867, 292, 32568, 293, 50330, 294, 63460, 295, 65535, 296, 65535, 297, 65535, 298, 65535, 299, 64505, 300, 51290, 301, 35870, 302, 21238, 303, 10508, 306, 17938, 307, 24881, 308, 28662, 309, 29307, 310, 27897, 311, 26092, 312, 26000, 313, 28575, 314, 32385, 315, 34980, 316, 35967, 317, 37650, 318, 41446, 319, 45224, 320, 45460, 321, 40884, 322, 33180, 323, 24810, 324, 17086, 325, 10530, 328, 12914, 329, 20100, 330, 24851, 331, 25508, 332, 23666, 333, 22249, 334, 22925, 335, 25180, 336, 27375, 337, 29057, 338, 31809, 339, 36665, 340, 41806, 341, 44034, 342, 41763, 343, 35982, 344, 28863, 345, 22141, 346, 16823, 347, 13380, 348, 11348, 349, 9917, 350, 9212, 351, 9546, 352, 10266, 353, 10575, 354, 10474, 355, 10371, 356, 10424, 357, 10656, 358, 11231, 359, 11864, 360, 11533, 361, 9668, 368, 12853, 377, 9174, 378, 9706, 379, 9449, 380, 8812, 381, 7663, 382, 5967, 385, 5200, 386, 6793, 389, 10631, 390, 10751, 391, 9856, 392, 8324, 400, 6759, 413, 9921, 414, 11049, 415, 11523, 416, 11057, 422, 9491, 423, 9871, 425, 8947, 427, 8309
1791219445.101, MrmFullScanInfo, 614, 107, 2054481, 0, 0, 0, 0, 10000, 39297, 32, 1, 2, 1, 480, -423642, 490715, 419453, -478805, -452008, 445824, 503880, -371414, -519688, 110178, 520124, 332634, -496061, -498388, 373653, 518438, -110664, -520184, -177648, 519753, 324199, -512143, -475271, 480866, 520168, 513144, -175857, -520097, -408692, 498735, 361346, -500548, -439546, 505234, 285072, -517861, -286838, 518505, 217599, -515922, -294068, 516914, 425191, -508807, -515437, 383520, 520192, 90612, -520068, -492994, 448755, 519730, -165278, -519684, -229949, 519781, 468296, -504883, -516165, 390722, 520114, -141731, -520137, -257648, 513847, 428978, -77336, -333667, -518717, 74228, 520087, 397569, -483765, -514693, -55454, 517724, 509606, -302940, -520192, -364819, 515400, 518676, -315929, -520181, 12086, 520035, 320573, -505299, -506609, 346428, 520164, 112590, -520081, -488414, 437660, 520081, 46191, -519419, -369221, 494895, 476133, -320311, -476454, 17920, 181644, 168604, 204292, -149414, -452198, -63296, 482834, 347630, -297906, -441091, -10881, 374369, 273975, -197484, -416300, -74259, 388536, 312825, -219576, -382571, 41531, 346194, 106707, -238024, -169250, 75388, 103307, 49238, -2786, -84514, -73685, 58318, 121367, -5245, -93168, -39545, -678, 36223, 70948, 20067, -86644, -100088, 56185, 146557, 14071, -130316, -82715, 70514, 102349, -3933, -73679, -50797, 30481, 70168, 5901, -45738, -26454, 13114, 5456, 3432, 40039, 2059, -75835, -34065, 75152, 93860, -31418, -139254, -40594, 147584, 123820, -118358, -145755, 55032, 168608, 18691, -152522, -77211, 108000, 93851, -47918, -77227, -2836, 41311, 22440, -1140, -13836, -25420, -9672, 24924, 32756, 3120, -40827, -39324, 21936, 72902, 18367, -90305, -55826, 82739, 84479, -54302, -96001, 24596, 87758, 408, -59981, -19284, 32978, 26474, -12973, -24912, -579, 26158, 6351, -30816, -5594, 33979, 7814, -36281, -16629, 39956, 23216, -35787, -28189, 24377, 33112, -11125, -33802, 119, 25782, 10506, -14511, -14628, 3351, 10838, 8571, -3766, -14160, -3572, 11945, 13818, -5079, -23908, -3617, 31225, 18373, -37276, -37325, 44310, 51538, -45878, -35683, 48176, 23644, -24476, 5747, -17184, -51859, 70751, 104798, -115442, -152114, 134379, 189180, -116884, -201639, 67935, 122086, 4376, -112525, -67633, 88412, 116287, -54118, -138061, 19446, 135923, 2921, -115590, -7352, 91745, -5939, -75128, 18809, 77768, -43015, -80676, 48450, 85192, -33268, -82302, 119, 67532, 38062, -40117, -71333, 6498, 90350, 22523, -93948, -32849, 96408, 38170, -97994, -33595, 101740, 24189, -104226, -22037, 102947, 24291, -90687, -32658, 62789, 42401, -25729, -50446, -18536, 46777, 58652, -32273, -83424, 13395, 87494, 8720, -72691, -24384, 47944, 29722, -20085, -25743, -1443, 17172, 17196, -9534, -24088, 5631, 25990, -9019, -23333, 18441, 19637, -29850, -16075, 42546, 12331, -53586, -11595, 58780, 5799, -65146, -2083, 69895, 313, -72668, -2389, 71636, 7950, -65448, -15474, 55532, 20017, -40191, -7695, 23158, 3665, -9975, 4632, 3170, -15145, -3510, 22376, 11177, -22618, -24381, 13449, 38569, 4398, -47214, -37800, 53349, 60080, -45844, -73897, 32941, 74980, -18410, -64349, 8126, 42656, -3858, -15680, 5881, -12016, -7941, 35770, -611, -63688, 12996, 95992, -33623, -131846, 56608, 169378, -73099, -196684, 72272, 206097, -50538, -189982, 11921, 153063, 41684, -91044, -88576, 16625, 117138, 53570, -119558, -105618, 100136, 129039, -68762, -123608, 39637, 97285, -22229, -63947, 14738, 37112, -24316, -24790, 36530, 28757, -38465, -42370, 24849, 55890, 4424, -62609, -40915, 56722, 76179, -33276, -102476, 3517, 100695, 24298, -81663, -38037, 50288, 36416, -19307, -20275, -2624, -1905, 9309, 22200, -4802, -29126, -8639, 31560, 21552, -25616, -28057, 14859, 25255, -5213, -15108, 1632, 3002, -3150, 7390, 8197, -13276
1791219445.101, MrmFullScanInfo, 614, 107, 2054481, 0, 0, 0, 0, 10000, 39297, 32, 2, 2, 1, 480, 0, 0, 0, 0, 0, 0, 168299, -228447, -312079, 479228, 361459, -535852, -379894, 349278, 435196, -32383, -508041, -254806, 507240, 431677, -371228, -522664, 133891, 580399, 110691, -567544, -281214, 391655, 330090, -47280, -248996, -336936, 79493, 610106, 88997, -724017, -181882, 713533, 189825, -645279, -149986, 577563, 119084, -544328, -136397, 547264, 203619, -535746, -296332, 424179, 398632, -182848, -490114, -111231, 507045, 352104, -379390, -507294, 123096, 600271, 153144, -629002, -348246, 549234, 450285, -339427, -488330, 59120, 432934, 181438, -229562, -286723, -90681, 222087, 376937, -22386, -460053, -223800, 290436, 388712, 34494, -364896, -352929, 149452, 538972, 142376, -527141, -388223, 324807, 543313, -25263, -584806, -253439, 472008, 448934, -209598, -539421, -109804, 490612, 377679, -288881, -543939, 5328, 590926, 229454, -499598, -313467, 284229, 220474, -27872, -2768, -145163, -235494, 150620, 387574, -4932, -387643, -190721, 235016, 320221, 5971, -314016, -236454, 174042, 371155, 34761, -373536, -222799, 264368, 321802, -106399, -309142, -28218, 207089, 92405, -69111, -80806, -45110, 22426, 98202, 38723, -88397, -64974, 42903, 43909, -1146, 7139, -6004, -55692, -26036, 74197, 74516, -53166, -107306, 5163, 104006, 43424, -65351, -69771, 10426, 66854, 34919, -43647, -53176, 18392, 44064, -8793, -21611, 21052, 5580, -45150, -12420, 61869, 46362, -54366, -95439, 18697, 136700, 35021, -148180, -90383, 120916, 132768, -64555, -151366, 1609, 139608, 45632, -100582, -65086, 48986, 57042, -4796, -31030, -17391, 1887, 14918, 15487, 3478, -12143, -22753, -11489, 29265, 46335, -17461, -78378, -8734, 94804, 39698, -90251, -64514, 68232, 74903, -37371, -68911, 7003, 51405, 15911, -30423, -29014, 12976, 34422, -2734, -35839, -983, 36298, 2018, -37437, -4030, 38844, 8405, -38163, -14751, 33293, 21533, -24232, -26139, 12721, 26113, -1309, -20652, -7239, 10963, 10980, 168, -9457, -9168, 3193, 13347, 6796, -11945, -18908, 5354, 31537, 5541, -43616, -17353, 53894, 24146, -58691, -21146, 51547, 7756, -26118, 13567, -19219, -39917, 77584, 68601, -133920, -97250, 170121, 119489, -171209, -128206, 131657, 124504, -61183, -116924, -17461, 109706, 81459, -97936, -119065, 78053, 130030, -54295, -120879, 35481, 101201, -28710, -80725, 35224, 66078, -49052, -59151, 58971, 58304, -54222, -60021, 30964, 59612, 6136, -52933, -46865, 39219, 80878, -21933, -102322, 6663, 111451, 1971, -112437, -2641, 109686, -2080, -105446, 6845, 99000, -6284, -87461, -2482, 67846, 18489, -39272, -36838, 4158, 50806, 31785, -54850, -60870, 46943, 76463, -29336, -75852, 7775, 61174, 10958, -38034, -22224, 13189, 25330, 7609, -23108, -20846, 20003, 25521, -19768, -22823, 24021, 15325, -32147, -6060, 42079, -2623, -51477, 9721, 58812, -15242, -63775, 19266, 66791, -21184, -68091, 20012, 67407, -15263, -64009, 8542, 56783, -2945, -44899, 598, 29424, -1623, -13880, 5398, 2499, -11327, 1789, 17704, 2036, -21503, -13008, 18963, 28689, -7576, -45564, -11408, 59162, 32785, -64977, -50138, 60869, 58703, -48632, -56037, 32763, 42149, -17746, -19533, 5384, -7634, 5923, 35499, -19747, -62216, 39289, 87968, -65246, -113141, 94252, 136570, -118425, -154979, 127688, 164119, -113862, -160260, 74787, 141011, -16378, -106036, -48399, 58196, 103740, -4399, -136811, -45413, 142337, 81170, -124028, -96264, 92138, 90361, -59143, -69689, 35471, 44428, -25908, -24618, 27791, 16768, -32519, -22157, 30437, 36946, -15745, -53591, -11354, 63640, 44838, -61228, -74903, 45764, 91741, -22180, -89949, -1253, 70960, 16507, -42013, -19143, 12955, 10101, 7577, 5324, -15027, -20608, 10239, 30762, 1384, -33356, -12703, 28647, 18241, -19468, -16065, 9985, 7756
1791219445.101, MrmFullScanInfo, 614, 107, 2054481, 0, 0, 0, 0, 10000, 39297, 32, 4, 2, 1, 480, 0, 0, 0, 0, 0, 0, -337, 446, 668, -617, -740, -169, 784, 1423, -780, -1964, 505, 1410, 19, -402, -389, -303, 459, 540, -442, -466, -706, 605, 3665, -1490, -6676, 2650, 7011, -2773, -4410, 1479, 1169, 290, 1183, -1447, -2706, 1735, 3628, -1581, -3587, 899, 2525, 1065, -1450, -3910, 1319, 5638, -1284, -4948, 213, 2853, 1558, -1184, -2602, 560, 2203, -750, -897, 2035, -621, -5533, 1805, 12688, -3108, -22171, 5493, 27872, -7872, -24259, 7111, 13538, -2384, -2276, -3073, -6258, 6295, 11399, -6480, -11972, 3663, 8399, 866, -3987, -4216, 1291, 4451, -439, -2329, 756, -188, -1435, 1327, 1769, -254, -1724, -2083, 1628, 3448, -1459, -2159, 1756, -1105, -3844, 3787, 7723, -3430, -10650, 652, 9947, 1485, -6249, -1207, 2569, -485, -694, 2273, 24, -4176, 356, 5782, -134, -5660, -1507, 3466, 3659, -913, -4037, -446, 1776, 830, 1467, -985, -3930, 763, 5454, 426, -6213, -2629, 5875, 4770, -4388, -5495, 2575, 4550, -1330, -2797, 788, 1152, -558, 74, 553, -795, -981, 856, 1789, -346, -2340, -348, 2108, 780, -1177, -712, 70, 283, 841, 259, -1472, -760, 1771, 1294, -1622, -1735, 1058, 1664, -474, -852, 175, -272, -137, 1013, 149, -1126, -141, 887, 115, -624, -24, 502, -98, -498, 257, 522, -404, -500, 473, 366, -398, -127, 218, -67, -7, 98, -127, -49, 118, 47, -60, -42, 103, -72, -246, 243, 377, -295, -478, 106, 561, 322, -436, -1073, -51, 2349, 859, -4191, -1998, 6202, 3824, -7489, -6706, 6683, 10474, -1925, -14095, -8812, 15757, 27553, -14778, -54706, 11471, 86574, -3585, -115292, -15068, 131521, 49815, -126575, -98854, 93570, 152477, -30025, -195757, -56521, 216366, 148197, -207260, -223441, 163302, 265036, -81105, -263034, -33769, 214059, 160270, -124110, -267657, 10327, 326951, 96253, -321180, -163792, 252604, 180897, -146205, -160063, 41597, 120160, 27542, -73320, -49114, 31291, 32530, -7889, 808, 13795, -28694, -48340, 35961, 96007, -17705, -132823, -20372, 139114, 63854, -109399, -95000, 53254, 100901, 10445, -79778, -61946, 41918, 88747, -4229, -90075, -18314, 76015, 19223, -61204, -2404, 56774, -20449, -65094, 35410, 79325, -32860, -87785, 11781, 80488, 19964, -54288, -49014, 14286, 62686, 28322, -54857, -60672, 28632, 73631, 5517, -65433, -34678, 41847, 49073, -13020, -45965, -11103, 29980, 24689, -10094, -27515, -4927, 23817, 10434, -19383, -7211, 18363, 33, -21212, 5497, 24939, -5880, -25539, 1265, 20705, 5073, -11085, -8998, -69, 8086, 8488, -2938, -11052, -3112, 7619, 5800, -888, -2371, -5321, -6618, 7796, 17465, -4998, -25273, -2300, 26242, 11003, -19155, -16960, 5849, 16764, 9699, -9571, -22933, -1894, 30221, 12442, -30041, -17355, 23752, 14896, -15094, -6608, 8235, -3700, -5791, 11754, 7781, -14514, -11986, 11307, 15352, -3807, -15523, -4882, 11724, 11743, -5043, -15051, -1893, 14762, 6417, -12111, -7379, 8943, 5470, -7015, -2235, 7107, -798, -8653, 2412, 10178, -1926, -10197, -437, 7965, 3551, -3621, -6090, -1822, 7236, 6893, -6853, -10295, 5365, 11428, -3593, -10463, 2476, 8054, -2544, -5071, 3790, 2514, -5798, -1175, 7918, 1316, -9407, -2558, 9653, 4285, -8390, -6010, 5777, 7445, -2447, -8436, -578, 8934, 2295, -8964, -2306, 8526, 1082, -7562, 474, 6062, -1670, -4036, 2434, 1423, -3100, 1864, 3992
1791219445.117, MrmDetectionListInfo, 614, 148, 241, 12937, 242, 17874, 243, 23633, 244, 29762, 245, 36203, 246, 42829, 247, 49325, 248, 55913, 249, 63578, 250, 65535, 251, 65535, 252, 65535, 253, 65535, 254, 65535, 255, 65535, 256, 65535, 257, 65535, 258, 65535, 259, 65535, 260, 65535, 261, 65535, 262, 65535, 263, 65535, 264, 65535, 265, 65535, 266, 65535, 267, 65535, 268, 65535, 269, 65535, 270, 65535, 271, 65535, 272, 65535, 273, 65535, 274, 65535, 275, 65535, 276, 65535, 277, 65535, 278, 65535, 279, 65535, 280, 65535, 281, 65535, 282, 65535, 283, 65535, 284, 54963, 285, 51462, 286, 47416, 287, 37162, 288, 22203, 289, 9168, 291, 12934, 292, 29739, 293, 47306, 294, 59265, 295, 65316, 296, 65535, 297, 65535, 298, 65535, 299, 65535, 300, 65535, 301, 65535, 302, 65535, 303, 65535, 304, 60827, 305, 52121, 306, 52055, 307, 58081, 308, 61756, 309, 57539, 310, 49256, 311, 45060, 312, 46966, 313, 48837, 314, 44762, 315, 36061, 316, 29701, 317, 31351, 318, 40140, 319, 50202, 320, 56618, 321, 58594, 322, 57487, 323, 54139, 324, 49360, 325, 45110, 326, 43038, 327, 42435, 328, 41103, 329, 38956, 330, 39111, 331, 43604, 332, 49794, 333, 52688, 334, 49873, 335, 43574, 336, 38748, 337, 38912, 338, 42377, 339, 43476, 340, 38744, 341, 30709, 342, 24661, 343, 22858, 344, 23102, 345, 22133, 346, 19121, 347, 15915, 348, 14522, 349, 14987, 350, 15626, 351, 14863, 352, 12702, 353, 10530, 354, 9906, 355, 11449, 356, 14202, 357, 16222, 358, 16192, 359, 14382, 360, 12150, 361, 10650, 362, 9853, 363, 8806, 377, 10635, 378, 13042, 379, 14118, 380, 14452, 381, 14893, 382, 15868, 383, 16859, 384, 16669, 385, 14701, 386, 12008, 389, 13106, 390, 14817, 391, 16214, 392, 18288, 393, 21184, 394, 23258, 395, 22793, 396, 19820, 397, 15715, 398, 11676, 399, 8240, 405, 12851, 406, 12842, 407, 12153, 413, 10063, 414, 9725
1791219445.226, MrmFullScanInfo, 615, 107, 2054606, 0, 0, 0, 0, 10000, 39297, 32, 1, 2, 1, 480, -423112, 490857, 418414, -479827, -452735, 446859, 504005, -373228, -520039, 113569, 520192, 338358, -496538, -496710, 370810, 516103, -112553, -520190, -173748, 519338, 322116, -511864, -472454, 481950, 520084, 513957, -154096, -520100, -411495, 497921, 363946, -500597, -438543, 505068, 280351, -518693, -281667, 517692, 207134, -515781, -283824, 516148, 427503, -507966, -514490, 385830, 520192, 79846, -519922, -489684, 449971, 519199, -174442, -520072, -220122, 519260, 464311, -505471, -515730, 388965, 520060, -136136, -520168, -274760, 513137, 453772, -66067, -381149, -519121, 101187, 520174, 391511, -490307, -514312, -51886, 515906, 508853, -321068, -520192, -351041, 516637, 518496, -323467, -519878, 20763, 519962, 313631, -506937, -506019, 349831, 520161, 120429, -520107, -491485, 436182, 520113, 55386, -519435, -382440, 493666, 483720, -312768, -485264, 8173, 183099, 169754, 205558, -149638, -451276, -65189, 484189, 343104, -312843, -446958, -5800, 386684, 275733, -208900, -422288, -68314, 388966, 314724, -217191, -385140, 40724, 345117, 104039, -237749, -174778, 80581, 111319, 49816, -10116, -88750, -70436, 63242, 122740, -6585, -93971, -38127, -273, 35440, 70372, 19317, -83594, -96112, 54966, 142240, 11589, -126925, -79382, 70798, 102089, -4167, -72534, -50335, 31992, 70787, 6055, -46456, -24394, 12449, 3251, 2172, 41543, 3695, -76165, -35652, 74166, 93872, -31620, -138745, -40607, 147399, 123499, -118747, -146592, 53835, 169859, 21133, -153210, -78280, 107869, 94115, -48348, -77705, -2471, 41688, 22398, -308, -13867, -24467, -9245, 25657, 33165, 3401, -41357, -40030, 21217, 73076, 19068, -90236, -56395, 82607, 84519, -53955, -96104, 24015, 88424, 299, -59451, -18593, 32688, 26511, -12404, -24604, -727, 25352, 5982, -30287, -5597, 33981, 8047, -36267, -16894, 40185, 23915, -36200, -27823, 24451, 33752, -11793, -33925, 251, 26866, 10742, -14992, -15181, 5170, 12285, 4408, -6522, -9667, 2915, 6387, 1019, 1164, -2195, -5338, -2114, 9840, 10024, -12015, -18873, 9305, 29557, 5021, -23429, -15118, 29530, 24208, -33309, -33769, 35865, 40895, -32339, -41749, 21761, 40527, -6595, -34070, -8824, 36381, 8571, -31810, -17154, 32922, 22359, -41911, -25431, 58192, 29850, -78609, -37709, 97015, 50451, -104159, -65745, 99769, 85963, -72820, -91365, 31411, 84702, 20525, -65802, -65078, 36852, 94006, -4056, -104510, -19754, 97426, 30750, -75947, -25843, 69997, 10477, -71933, 7786, 77204, -17530, -79994, 13906, 75861, 1338, -59401, -22579, 31490, 43966, 10346, -53788, -43488, 54198, 67573, -47781, -78019, 36508, 71510, -22988, -51972, 12033, 27657, -2854, -3845, -3379, -10127, 7253, 23498, -17539, -32879, 27243, 37329, -36061, -37577, 43790, 32317, -49341, -24480, 53173, 13502, -55545, -6207, 55318, -3920, -58315, 10388, 60790, -9478, -62211, 5486, 59155, 945, -51648, -6809, 41771, 9445, -30281, -279, 17802, -4007, -11897, 10629, 10391, -16036, -12571, 18682, 19060, -16151, -27393, 8739, 36887, 4714, -43009, -30532, 49934, 48208, -46887, -60765, 39911, 66597, -29497, -63767, 19639, 51217, -13055, -30211, 9754, 2978, -6341, 23048, -5540, -59772, 18202, 98860, -35170, -138651, 50859, 174260, -61740, -196895, 59743, 200459, -40224, -181322, 6249, 142621, 41564, -84258, -83467, 15639, 109719, 49270, -113007, -98608, 97392, 123054, -71245, -122863, 44777, 102190, -25897, -75806, 15368, 50923, -21463, -37394, 29033, 36213, -30138, -42944, 17020, 50447, 9461, -52015, -42119, 43792, 73260, -21741, -97149, -6118, 95490, 32275, -78004, -44343, 49611, 40748, -20934, -24930, 1721, 2675, 6851, 19403, -4703, -28382, -5290, 33442, 16919, -29004, -21654, 19466, 18001, -12014, -7979, 9590, -5113, -14758, 14684, 22396, -18603
1791219445.226, MrmFullScanInfo, 615, 107, 2054606, 0, 0, 0, 0, 10000, 39297, 32, 2, 2, 1, 480, 0, 0, 0, 0, 0, 0, 168238, -228806, -311954, 480286, 361220, -537258, -379566, 350140, 434916, -32359, -507886, -255094, 507347, 431432, -371970, -521734, 135561, 579092, 108455, -566299, -277888, 390455, 324331, -45426, -241000, -339761, 71928, 612908, 93113, -725440, -181722, 713029, 186012, -643136, -143456, 574339, 111379, -540661, -129868, 544279, 200073, -535228, -295332, 427258, 398177, -188472, -489533, -105678, 508023, 348275, -383686, -504750, 129820, 598041, 147000, -626675, -345027, 545911, 450395, -332653, -490646, 44722, 436647, 206278, -235434, -318396, -82474, 250817, 369448, -40008, -457461, -218535, 293577, 392962, 28093, -374721, -346675, 160223, 536172, 134451, -529796, -383855, 331825, 541336, -33052, -583955, -248177, 471136, 447283, -208005, -539835, -111929, 489749, 379908, -284035, -546093, -3527, 592107, 240021, -498657, -322915, 281354, 226797, -24695, -5316, -147450, -236681, 152062, 392342, -5451, -394918, -192462, 242236, 325717, 1190, -322335, -234358, 181730, 370596, 30778, -373782, -222655, 265058, 323662, -106380, -311698, -30499, 209891, 97298, -71305, -86849, -44660, 27529, 99728, 35845, -91081, -64228, 45531, 44557, -2655, 5572, -6281, -53581, -23917, 72337, 71206, -52409, -103949, 5682, 101647, 42242, -64353, -68731, 10385, 66519, 34569, -44276, -52759, 19883, 43750, -10741, -21656, 22836, 6165, -46302, -13332, 62300, 47135, -54314, -95780, 18432, 136633, 35444, -147751, -91096, 120100, 133821, -63484, -152532, 612, 140555, 46319, -101158, -65417, 49233, 57114, -4788, -30990, -17541, 1854, 15026, 15455, 3522, -12027, -22853, -11718, 29200, 46635, -17143, -78641, -9177, 94898, 40133, -90126, -64890, 68037, 75138, -37310, -68854, 7108, 51022, 15730, -29914, -28763, 12578, 34048, -2523, -35411, -1099, 35999, 2171, -37417, -4236, 39105, 8594, -38591, -14877, 33757, 21673, -24646, -26431, 13009, 26696, -1361, -21819, -7542, 13180, 11888, -3559, -11727, -3614, 8429, 5901, -3867, -3316, 346, -2185, -106, 8313, 4249, -12682, -11604, 12859, 19816, -7677, -27398, -1549, 34317, 11837, -40497, -20578, 44210, 26601, -42904, -30006, 35014, 32080, -22275, -34118, 9108, 36220, 910, -38259, -7141, 41755, 10449, -49561, -11384, 63222, 11000, -81199, -11551, 99134, 16179, -111151, -26926, 111432, 42650, -95589, -59007, 62669, 70577, -17161, -73086, -31605, 64780, 72880, -47554, -98244, 26833, 104956, -9626, -97391, 1952, 84304, -6096, -73173, 18517, 66691, -30856, -63477, 34336, 60030, -24271, -52030, 2005, 36261, 26191, -12847, -52100, -14122, 68932, 38257, -73471, -53537, 66219, 56446, -50313, -47273, 30222, 30125, -10481, -10799, -5870, -6038, 18393, 18106, -28586, -24833, 37845, 26324, -46161, -23133, 52642, 16197, -56440, -6915, 57364, -3091, -56142, 12555, 54183, -20514, -52865, 25926, 52762, -27635, -53180, 25178, 52570, -19289, -49428, 12273, 42881, -7068, -33066, 5404, 21708, -7078, -11797, 10900, 6053, -15523, -5671, 19280, 10487, -20308, -19373, 16518, 30910, -6538, -43481, -8609, 54643, 25388, -61181, -39724, 60810, 48699, -53782, -50306, 42432, 43193, -29408, -27363, 15750, 4426, -477, 23330, -18244, -53949, 41405, 85751, -67871, -116406, 93887, 142571, -113076, -160213, 117914, 165835, -102341, -157486, 64965, 134873, -11075, -99161, -47973, 53398, 98430, -3281, -129298, -43157, 136091, 77494, -121695, -93967, 94288, 92000, -64271, -76443, 40954, 55392, -29174, -37032, 27236, 27155, -28018, -27603, 23264, 36001, -7969, -46587, -17633, 52403, 48264, -48276, -75355, 33354, 90337, -11812, -88428, -8914, 70864, 21584, -44009, -22282, 16483, 12013, 4145, 4208, -13572, -20145, 11907, 30973, -3461, -34386, -5421, 30761, 9425, -23087, -6352, 15641, -2489
1791219445.241, MrmFullScanInfo, 615, 107, 2054606, 0, 0, 0, 0, 10000, 39297, 32, 4, 2, 1, 480, 0, 0, 0, 0, 0, 0, -196, -163, 372, 791, -499, -1491, 622, 1495, -598, -829, 358, 308, 171, -419, -1016, 835, 1972, -1133, -2454, 1090, 3012, -959, -4255, 1243, 5334, -1755, -4794, 1696, 2358, -827, 660, -406, -3335, 1570, 5331, -2484, -6044, 2942, 4891, -2539, -2406, 906, 367, 1508, 67, -3340, 138, 3531, 882, -2608, -3376, 1949, 5365, -1878, -5042, 1965, 2775, -2581, -115, 4655, -1649, -8986, 2514, 14758, -3493, -18607, 4553, 17200, -4055, -11128, 1326, 4041, 1843, 1683, -3627, -5182, 3504, 5981, -1447, -4568, -1955, 2699, 4927, -1327, -5743, 568, 4260, -552, -1780, 1091, 225, -1532, -1139, 1657, 4311, -1593, -7954, 573, 10435, 1934, -10881, -5092, 8880, 7324, -4629, -7781, -817, 6511, 5818, -3677, -8497, -629, 7694, 5685, -4171, -9130, 224, 8659, 2382, -4519, -3342, -494, 2871, 3803, -921, -4847, -2211, 4128, 5324, -2001, -6788, -996, 5825, 3830, -3004, -5454, -222, 5297, 2659, -3487, -3930, 818, 4033, 1674, -2952, -3178, 1068, 3347, 783, -2309, -1773, 691, 1650, 689, -690, -1376, -631, 1386, 1762, -911, -2275, 84, 2002, 863, -1187, -1492, 279, 1518, 437, -1058, -868, 436, 1047, 173, -1047, -713, 957, 1027, -783, -991, 518, 713, -227, -369, -17, 124, 246, -21, -402, 54, 364, -153, -173, 263, 30, -364, -74, 393, 241, -296, -358, 79, 386, 140, -352, -192, 239, 79, -6, 28, -248, -49, 346, 74, -261, -150, 121, 212, -56, -199, 103, 136, -128, -111, -57, 207, 643, -413, -1812, 618, 3883, -600, -7237, 11, 12384, 1184, -19567, -2652, 27765, 4681, -34432, -8611, 36645, 15383, -32381, -23526, 20787, 28908, -1937, -26216, -23159, 13758, 51991, 4610, -80057, -22857, 102010, 36430, -113456, -42176, 111791, 37440, -97252, -22559, 74126, 2111, -47768, 14581, 23574, -17047, -8051, 1297, 5367, 27064, -10783, -58662, 11484, 86654, 2898, -106037, -32932, 111995, 70557, -101251, -102959, 74620, 116547, -37334, -102400, -2253, 62092, 34168, -8455, -49599, -41128, 45390, 72306, -26491, -78298, 3544, 61368, 12369, -31516, -14095, 1751, 1054, 18045, 20134, -24437, -38435, 19816, 44192, -9969, -33802, 1703, 11067, 33, 15178, 5332, -35626, -13860, 44533, 19842, -41498, -19253, 30493, 11268, -17151, 1739, 5983, -15089, 966, 24002, -4206, -26168, 6189, 22593, -9654, -16342, 15470, 10660, -21898, -7681, 25972, 7685, -25194, -9167, 18846, 9910, -8396, -8211, -3138, 3891, 12585, 1680, -17881, -6467, 18765, 9009, -16676, -9065, 13817, 7231, -11844, -4539, 11058, 2319, -10612, -1730, 9474, 2934, -7060, -4846, 3474, 6116, 615, -6039, -4239, 4780, 6688, -3118, -7890, 2052, 8329, -2191, -8685, 3227, 9477, -4001, -10844, 3335, 12456, -894, -13561, -2649, 13323, 5968, -11314, -7693, 7900, 7163, -4276, -4874, 1999, 2239, -2005, -709, 3980, 1074, -6519, -3171, 7950, 6063, -7134, -8440, 3989, 9161, 521, -7788, -4804, 4867, 7257, -1615, -6942, -670, 4191, 1089, -525, 578, -2288, -3604, 3115, 6463, -1724, -7530, -1322, 5983, 4930, -2061, -7853, -3170, 9208, 8346, -8728, -12252, 6847, 14244, -4484, -14369, 2653, 13098, -1905, -11051, 2151, 8911, -2793, -7181, 3032, 5977, -2207, -5087, 216, 4227, 2424, -3158, -5014, 1683, 7046, 349, -8350, -3111, 9010, 6708, -9122
1791219445.241, MrmDetectionListInfo, 615, 111, 246, 14026, 247, 16475, 248, 18828, 249, 21046, 250, 23017, 251, 24584, 252, 25577, 253, 25793, 254, 24973, 255, 22799, 256, 19420, 258, 17025, 259, 21472, 260, 27613, 261, 33228, 262, 39109, 263, 47645, 264, 58819, 265, 65535, 266, 65535, 267, 65535, 268, 65535, 269, 65535, 270, 65535, 271, 61728, 272, 51221, 273, 39825, 274, 30005, 275, 24053, 276, 21683, 277, 19681, 278, 15130, 282, 17819, 283, 30133, 284, 39505, 285, 44852, 286, 48439, 287, 53484, 288, 62151, 289, 65535, 290, 65535, 291, 65535, 292, 65535, 293, 65535, 294, 65535, 295, 65535, 296, 65535, 297, 56093, 298, 41867, 299, 33032, 300, 30134, 301, 30978, 302, 35457, 303, 43978, 304, 52911, 305, 56550, 306, 52710, 307, 44224, 308, 35824, 309, 30318, 310, 26679, 311, 21609, 312, 13574, 315, 11106, 316, 22703, 317, 31114, 318, 33046, 319, 30746, 320, 27398, 321, 23577, 322, 18163, 326, 8899, 327, 16830, 328, 24574, 329, 29697, 330, 31822, 331, 31737, 332, 30043, 333, 26746, 334, 21843, 335, 15910, 340, 11784, 341, 14283, 342, 15384, 343, 15658, 344, 15535, 345, 15136, 346, 14618, 347, 14285, 348, 14363, 349, 14842, 350, 15531, 351, 16220, 352, 16733, 353, 16899, 354, 16529, 355, 15459, 356, 13614, 357, 11095, 363, 9723, 364, 11570, 365, 12791, 366, 13472, 367, 13527, 368, 12917, 377, 5875, 381, 4950, 397, 7155, 398, 7438, 399, 7483, 400, 7332
1791219445.351, MrmFullScanInfo, 616, 107, 2054731, 0, 0, 0, 0, 10000, 39297, 32, 1, 2, 1, 480, -421386, 491769, 420840, -481722, -451034, 447441, 505834, -372903, -520009, 106753, 520190, 336426, -496151, -497750, 371293, 518073, -113051, -520142, -174353, 519656, 318198, -511450, -477345, 479867, 520168, 514657, -154439, -520133, -415588, 497512, 358214, -500692, -439279, 505094, 280709, -518524, -278811, 518111, 213903, -516728, -287189, 516220, 425367, -507479, -515558, 391406, 520192, 69593, -519995, -489739, 451853, 519323, -171349, -520192, -227909, 519134, 469594, -503614, -516394, 387832, 520155, -138842, -520156, -271640, 513509, 450016, -65182, -382184, -519291, 100835, 520109, 395386, -488268, -513200, -53027, 517207, 508889, -328739, -520192, -340065, 516059, 517986, -321799, -520020, 16702, 519967, 318550, -505360, -507984, 344062, 520134, 120523, -520125, -493159, 437954, 519974, 56699, -519083, -378011, 493679, 482664, -312270, -482607, 10882, 181659, 168625, 205753, -148530, -450527, -65072, 482738, 344020, -312215, -446085, -3483, 385317, 273538, -207611, -420427, -69485, 385862, 311486, -218441, -380972, 40029, 343838, 104843, -235490, -174502, 77523, 111012, 50329, -8908, -88590, -71422, 63450, 122213, -5884, -93343, -38541, -519, 35770, 71465, 19654, -82466, -95651, 55830, 142200, 11932, -127543, -80546, 70580, 103121, -3792, -73895, -50688, 32022, 71644, 5403, -46357, -24077, 13653, 3768, 1628, 41767, 3793, -75826, -35555, 74121, 94737, -31421, -139262, -40613, 146658, 122570, -119993, -146343, 55437, 170386, 21722, -153030, -77998, 107741, 93756, -47912, -76910, -2003, 41304, 21902, -499, -13866, -25347, -10042, 25027, 32778, 3869, -41229, -40329, 21010, 73387, 18728, -90145, -56298, 82348, 84468, -54370, -96581, 23942, 87735, 642, -59845, -19030, 32758, 26906, -12466, -24888, -662, 25435, 7536, -31064, -6163, 33791, 8549, -36734, -16959, 40150, 24248, -35847, -28364, 24440, 33069, -11536, -32850, 105, 26781, 10835, -15247, -15131, 4497, 12962, 6677, -7506, -12829, 2467, 14813, 5171, -14827, -15649, 20256, 29266, -26219, -47667, 31174, 79693, -28594, -115020, -25387, 130248, 76388, -148515, -139534, 146550, 203920, -109402, -247833, 39487, 251411, 50233, -206404, -144500, 116168, 210267, -60250, -219166, -54252, 183308, 149158, -114187, -199236, 31885, 194970, 37278, -144752, -73457, 67501, 69922, 8512, -36800, -61226, -6947, 60309, 43103, -25459, -52437, -23874, 29911, 61897, 13523, -74473, -55411, 60224, 79151, -30618, -72640, 3226, 45034, 9735, -200, -4931, -36224, -13205, 52757, 34209, -47007, -42027, 24843, 33501, 1261, -11107, -18449, -12364, 21897, 27388, -9496, -21039, -7244, -4510, 18308, 39342, -14681, -69037, -2320, 82235, 27560, -74616, -48308, 45787, 64138, -14174, -59649, -11175, 44978, 24513, -28878, -22042, 19481, 8981, -20247, 5867, 33747, -15386, -53712, 12345, 70328, -2263, -81509, -12872, 84201, 25541, -78587, -31770, 68998, 32903, -59159, -29802, 51200, 24195, -45425, -9851, 40032, 7883, -35148, -6469, 30554, 4957, -24576, -1774, 21873, -226, -23881, -371, 30654, 6631, -38768, -28633, 48377, 48297, -47143, -65318, 37773, 74602, -21540, -71983, 4324, 55127, 7545, -25976, -12434, -9225, 12165, 41684, -14065, -75932, 17013, 110251, -25508, -141608, 40269, 169542, -53582, -187455, 57067, 189148, -44324, -173014, 11127, 139476, 37986, -83071, -84608, 14251, 115796, 53133, -121327, -105257, 104022, 131496, -73917, -129898, 42019, 107263, -17438, -74884, 4337, 44461, -10092, -27536, 20951, 25508, -24276, -34611, 14502, 47096, 10671, -54138, -42520, 49605, 75155, -27169, -98582, -2506, 94134, 28946, -72280, -40063, 38603, 34702, -5660, -12608, -16749, -14939, 22680, 40266, -15794, -46589, -1390, 48917, 16469, -39978, -23391, 26240, 17765, -14276, -3831, 8173, -13868, -9899, 28506, 18356, -36050
1791219445.351, MrmFullScanInfo, 616, 107, 2054731, 0, 0, 0, 0, 10000, 39297, 32, 2, 2, 1, 480, 0, 0, 0, 0, 0, 0, 168338, -229200, -312094, 480531, 361468, -536540, -380157, 348535, 435781, -30662, -508723, -256320, 507933, 432227, -372492, -522118, 136064, 578934, 108394, -565654, -278685, 389695, 325479, -44894, -241682, -340017, 72214, 612924, 92741, -725201, -181071, 712651, 185607, -642945, -144090, 574782, 113233, -541857, -132013, 545953, 201291, -537659, -295152, 431001, 396845, -192921, -487657, -102242, 505925, 347032, -380908, -505489, 126058, 599708, 150928, -628211, -347859, 547043, 451548, -333936, -490303, 46481, 435370, 204540, -233984, -317132, -83348, 249836, 369405, -38875, -456744, -220253, 292855, 396176, 27876, -379913, -344853, 165997, 532963, 130517, -526050, -382858, 328277, 542013, -30037, -584293, -250555, 470147, 449108, -206202, -541186, -113457, 490781, 380549, -285050, -545784, -2208, 591304, 238283, -498068, -320966, 281467, 225002, -25439, -4197, -146447, -236813, 151097, 391833, -4853, -394612, -192254, 242752, 324455, -151, -320532, -232664, 180626, 368972, 30161, -372283, -220432, 263595, 320807, -105032, -309063, -31409, 207865, 97500, -70019, -86386, -45259, 26829, 99782, 36279, -90701, -64192, 44904, 44233, -2052, 5905, -6669, -53767, -23800, 72320, 71326, -52131, -104226, 5038, 101957, 43193, -64540, -69760, 10365, 67407, 34815, -44903, -53215, 20250, 44354, -10904, -22253, 22865, 6610, -46238, -13679, 62201, 47461, -54318, -96064, 18649, 136920, 35038, -148161, -90641, 120611, 133474, -63920, -152325, 923, 140421, 46009, -101074, -65048, 49238, 56700, -4926, -30594, -17315, 1590, 14810, 15457, 3656, -11730, -22920, -12154, 29286, 46967, -17273, -78743, -9090, 94850, 40136, -90066, -64926, 67961, 75172, -37121, -68939, 6798, 51205, 16066, -30048, -29091, 12429, 34441, -2023, -35927, -1742, 36550, 2684, -37819, -4564, 39251, 8813, -38509, -14952, 33533, 21483, -24320, -26041, 12646, 26325, -1047, -21450, -7889, 12436, 12487, -1737, -12521, -7837, 8568, 14887, -1187, -20444, -9169, 26784, 22726, -35100, -40998, 41848, 65385, -38701, -95820, 17773, 129884, 22514, -161200, -76736, 178689, 135633, -169463, -186990, 125102, 216906, -47111, -216875, -49393, 186035, 138293, -126312, -194618, 41956, 206976, 53230, -178731, -133959, 122180, 175904, -54357, -168095, -6335, 117291, 44934, -45118, -54432, -20200, 37698, 55447, -6479, -52114, -22400, 18475, 34029, 26669, -22722, -63285, -5129, 78265, 34906, -69509, -51335, 44876, 45800, -17083, -20269, -2338, -14014, 7666, 42349, -784, -53687, -10575, 45137, 17658, -22422, -15606, -3217, 5872, 20315, 4758, -22283, -7961, 10212, -1452, 7991, 22471, -21756, -48182, 23176, 68711, -10306, -75734, -12378, 66565, 36035, -45116, -51630, 19546, 54646, 1366, -47130, -11300, 35720, 8634, -27986, 3093, 28957, -17075, -39176, 26508, 55086, -27567, -71125, 20697, 82171, -9518, -85360, -1491, 80926, 9070, -71553, -11447, 60473, 8649, -49843, -2932, 40725, -2321, -33578, 5112, 28329, -5882, -24669, 5945, 22919, -5876, -24130, 4378, 29460, 1062, -38916, -11858, 50016, 26721, -57945, -42217, 58106, 54182, -49013, -58298, 32851, 51105, -13819, -31738, -4407, 2757, 20281, 31240, -34492, -65843, 49198, 97903, -66375, -125084, 85630, 145268, -102590, -156484, 109519, 157467, -98341, -147716, 64984, 126806, -12678, -94288, -47818, 51248, 101716, -2153, -135897, -45051, 143861, 81126, -127537, -99058, 95524, 97126, -59691, -79671, 31255, 55234, -16593, -33266, 14604, 21045, -17744, -21478, 16720, 32290, -5289, -46654, -17398, 55886, 46462, -53477, -72772, 38404, 86545, -15657, -82017, -6085, 60290, 18430, -28602, -16931, -2802, 3204, 24584, 16311, -31575, -34128, 24702, 44886, -10417, -46308, -2661, 39006, 7983, -26398, -3426, 13610, -8729
1791219445.351, MrmFullScanInfo, 616, 107, 2054731, 0, 0, 0, 0, 10000, 39297, 32, 4, 2, 1, 480, 0, 0, 0, 0, 0, 0, 44, -488, -38, 612, 97, 101, -386, -1044, 662, 1433, -711, -1150, 648, 633, -912, -24, 1279, -645, -1024, 1111, 450, -1180, -776, 1120, 1868, -1127, -2080, 879, 867, -199, 818, -546, -1795, 904, 1672, -661, -824, 95, 87, 581, 51, -2123, 442, 4602, -1394, -6166, 2009, 5190, -1743, -2488, 1306, 129, -1427, 869, 1754, -688, -1657, -49, 1149, 960, -440, -2675, -65, 5613, -298, -7999, 1453, 7503, -2136, -4231, 1428, 58, 191, 4311, -2070, -8041, 3659, 8986, -4049, -6336, 2923, 2349, -1300, 65, 409, -97, -492, -1243, 1097, 2332, -1326, -2272, 568, 1439, 899, -451, -2199, -490, 2777, 1334, -2619, -1876, 1820, 2012, -718, -1814, -486, 1352, 1891, -689, -3274, -165, 3854, 1180, -3261, -2084, 1998, 2582, -859, -2563, 285, 2115, -319, -1423, 899, 753, -1732, -316, 2346, 303, -2322, -750, 1719, 1319, -874, -1531, 105, 1240, 525, -588, -1011, -214, 1237, 916, -1061, -1275, 617, 1174, -283, -704, 225, 169, -359, 167, 588, -210, -837, 27, 1025, 265, -1046, -542, 835, 739, -446, -869, 73, 850, 85, -634, -24, 418, -81, -324, 79, 221, 58, -13, -168, -104, 139, 1, -55, 199, 29, -353, -57, 391, 78, -262, -83, -25, 83, 361, -79, -547, 78, 472, -46, -223, -46, 0, 154, 102, -184, -143, 147, 208, -100, -278, 85, 296, 13, -281, -265, 318, 563, -420, -686, 482, 587, -395, -440, 203, 338, -2, -158, -156, -165, 314, 467, -449, -649, 536, 1010, -674, -1986, 928, 3951, -1005, -7401, 178, 13059, 2695, -21600, -9039, 33104, 20526, -46148, -38869, 54169, 64495, -45837, -96868, 12426, 134697, 44943, -173514, -116071, 202904, 187614, -207726, -245524, 174850, 276589, -100778, -273975, -2047, 238594, 106857, -174703, -185157, 89221, 220494, 2982, -211658, -78065, 168340, 113768, -107332, -100397, 48560, 45590, -9865, 27991, 1186, -90822, -20576, 117682, 54772, -97618, -84715, 38131, 93961, 39022, -75891, -107831, 36924, 148518, 6548, -154737, -35857, 134739, 38554, -105335, -14268, 82284, -24656, -73063, 58995, 75384, -72100, -79961, 57378, 75931, -20338, -56789, -24651, 24240, 60995, 12172, -77021, -39491, 70477, 47502, -48279, -33562, 22327, 3789, -3758, 29501, -1283, -53665, -6161, 61819, 18537, -54878, -26056, 39110, 22780, -22190, -9841, 10311, -6426, -6062, 18453, 7939, -21107, -11568, 13855, 12010, -460, -6444, -13278, -4122, 22349, 15599, -24626, -23472, 21387, 25219, -16098, -21159, 12375, 13981, -12200, -7293, 15176, 3925, -18978, -4650, 20810, 8063, -18959, -11575, 13619, 12854, -6695, -10907, 691, 6555, 2582, -1986, -2800, -532, 1236, 12, -65, 2837, 1161, -6090, -5006, 7580, 10477, -5946, -15279, 1448, 16948, 4197, -14035, -8723, 7108, 10317, 1404, -8264, -8471, 3122, 11836, 3378, -11005, -8899, 7266, 11541, -2873, -10825, -66, 7869, 510, -4485, 1199, 2197, -3623, -1658, 5121, 2609, -4551, -4153, 1650, 5187, 2887, -4836, -7641, 2863, 11160, 162, -12582, -3091, 11829, 4753, -9384, -4577, 6108, 3020, -2979, -1261, 604, 353, 1170, -506, -3109, 1130, 5948, -1254, -9857, 22, 14239, 2891, -17851, -6825, 19250, 10443, -17639, -12602, 13615, 12863, -8986, -11338, 5775, 8346, -5128, -4394, 6995, 364, -10443
1791219445.351, MrmDetectionListInfo, 616, 133, 254, 19877, 255, 25692, 256, 32385, 257, 39785, 258, 47396, 259, 54447, 260, 60100, 261, 63662, 262, 65535, 263, 65535, 264, 65535, 265, 65535, 266, 65535, 267, 65535, 268, 65535, 269, 65535, 270, 65535, 271, 65535, 272, 65535, 273, 65535, 274, 65535, 275, 65535, 276, 65535, 277, 65535, 278, 65535, 279, 65535, 280, 65535, 281, 65535, 282, 65535, 283, 65535, 284, 65535, 285, 65535, 286, 65535, 287, 65535, 288, 65535, 289, 65535, 290, 53318, 291, 32554, 292, 18396, 293, 16207, 294, 28837, 295, 51069, 296, 65535, 297, 65535, 298, 65535, 299, 65535, 300, 65535, 301, 65535, 302, 61445, 303, 63549, 304, 65535, 305, 65535, 306, 65535, 307, 65535, 308, 65535, 309, 65535, 310, 65535, 311, 65535, 312, 65535, 313, 64099, 314, 50939, 315, 46197, 316, 50364, 317, 59291, 318, 65535, 319, 65535, 320, 65535, 321, 65535, 322, 65498, 323, 54924, 324, 43102, 325, 34205, 326, 31075, 327, 33399, 328, 38826, 329, 45199, 330, 51644, 331, 56938, 332, 58253, 333, 53337, 334, 42929, 335, 29877, 336, 17153, 339, 13904, 340, 24190, 341, 31954, 342, 35486, 343, 36974, 344, 38279, 345, 38654, 346, 36396, 347, 31202, 348, 24341, 349, 17353, 350, 11428, 351, 7622, 352, 6776, 353, 8884, 354, 12512, 355, 15386, 356, 16041, 357, 14601, 358, 11895, 362, 8278, 363, 12905, 364, 17362, 365, 20729, 366, 22863, 367, 23686, 368, 23162, 369, 21524, 371, 16748, 372, 14381, 373, 12367, 374, 10911, 375, 10159, 376, 10131, 377, 10704, 378, 11658, 379, 12740, 380, 13699, 381, 14310, 382, 14396, 383, 13855, 384, 12676, 385, 10941, 386, 8799, 400, 6573, 468, 14306, 469, 14670, 470, 14565, 471, 14002, 472, 12994
1791219445.476, MrmFullScanInfo, 617, 107, 2054856, 0, 0, 0, 0, 10000, 39297, 32, 1, 2, 1, 480, -421662, 489819, 418652, -481031, -454413, 445976, 504854, -369688, -519957, 114702, 520189, 339282, -496604, -499258, 376742, 518626, -114776, -520192, -174004, 519535, 324319, -512346, -478423, 481944, 520163, 513503, -164415, -520143, -410258, 498365, 357987, -503059, -437815, 505261, 281331, -518039, -286210, 518017, 216595, -516625, -285561, 517328, 429712, -507928, -515380, 382733, 520192, 79299, -520079, -487933, 454328, 519635, -167094, -519800, -232236, 519301, 467541, -504056, -516033, 388378, 520128, -137061, -520192, -256677, 513046, 459654, -64900, -382234, -519146, 92746, 520122, 403980, -485879, -514035, -60397, 517598, 508903, -301527, -520192, -358195, 516502, 518250, -324813, -520133, 17190, 519917, 324200, -506396, -507432, 346008, 520154, 116604, -520132, -490329, 439493, 520060, 44483, -519046, -364645, 495429, 472739, -322533, -472278, 23955, 165037, 144952, 205737, -128724, -443641, -70169, 478250, 343206, -298122, -440239, -11573, 371400, 272217, -195332, -411726, -78332, 371726, 311268, -206478, -377061, 37348, 337656, 105084, -232963, -169914, 73080, 101846, 50826, -1631, -85696, -75213, 57120, 121224, 2301, -88632, -42524, -4006, 34812, 74173, 20533, -85752, -100601, 55506, 146043, 14539, -129195, -84704, 71312, 106691, -2026, -76523, -52989, 32675, 73348, 6105, -47165, -25970, 13446, 5583, 2194, 40139, 1480, -76259, -34485, 74981, 92749, -32786, -138085, -40714, 147533, 122874, -118916, -146511, 54895, 169769, 19714, -152908, -76613, 108566, 92845, -48246, -76261, -1327, 41315, 20825, -1230, -13791, -25138, -10389, 24179, 33059, 4430, -41114, -40490, 20193, 72936, 19416, -90477, -56416, 83371, 83950, -55061, -96409, 24324, 87421, 870, -59176, -18619, 32287, 26164, -12134, -24746, -322, 25491, 6564, -30431, -5806, 33882, 8751, -36093, -16780, 40558, 23311, -36142, -27468, 24334, 31860, -9739, -31967, -2163, 22783, 13133, -10094, -17164, -1747, 13108, 12004, -1036, -15914, -10342, 7765, 23742, 6889, -34450, -21705, 36182, 36129, -24548, -49127, -1273, 56693, 42011, -45482, -90627, 34391, 123078, -16580, -135288, -9133, 119924, 36458, -75390, -60966, 8025, 79118, 63890, -81974, -123480, 76180, 154920, -51603, -158835, 25662, 139616, -4647, -104646, -3460, 65381, -3753, -30867, 18639, 8719, -31713, -856, 44270, 3389, -38768, -10487, 20730, 18211, 5368, -24564, -29918, 29047, 46102, -31284, -53491, 33046, 51801, -35140, -43680, 24349, 40772, -22174, -42568, 16861, 42164, -7707, -35554, -3340, 19140, 12092, 3965, -14361, -29065, 11014, 43964, 3008, -48632, -18229, 39448, 31237, -18266, -37660, -7626, 37380, 31433, -29381, -43854, 17438, 44047, -6335, -33232, -737, 19179, -3608, -4650, 14321, -5611, -28488, 12014, 42324, -14292, -52875, 13932, 60870, -11166, -64548, 3902, 65344, -1565, -64701, -1873, 63939, 4712, -62314, -10912, 59056, 18383, -54348, -25821, 48951, 30847, -41880, -20258, 31888, 17444, -25153, -11378, 20961, 2926, -18416, 4345, 18817, -7254, -22429, 3858, 27823, 5441, -32813, -28218, 38404, 46613, -36862, -62116, 28925, 69890, -18187, -67734, 7273, 53825, 1722, -29924, -7816, -902, 11696, 33217, -21468, -71497, 32035, 111911, -45610, -151648, 59614, 187321, -67069, -209096, 62793, 212475, -39788, -193236, 1952, 153804, 52048, -93525, -96229, 22651, 124347, 44868, -127484, -96770, 108881, 123295, -77316, -125011, 45541, 105205, -22129, -79350, 11539, 54714, -16808, -42390, 27150, 44808, -32089, -57227, 23105, 70939, -55, -78416, -30423, 73438, 64025, -52086, -92158, 21448, 91909, 8854, -74783, -29740, 46906, 35139, -18054, -26056, -3888, 7647, 13919, 14920, -13107, -26642, 3699, 35097, 9696, -35286, -20351, 25722, 22120, -14159, -15853, 4193, 4667, 1374, 6589, -1981, -15550
1791219445.476, MrmFullScanInfo, 617, 107, 2054856, 0, 0, 0, 0, 10000, 39297, 32, 2, 2, 1, 480, 0, 0, 0, 0, 0, 0, 168453, -228649, -312598, 479807, 362181, -536506, -380483, 349277, 435871, -31348, -509579, -256179, 510068, 432137, -374707, -521898, 136566, 579253, 109882, -567132, -281306, 392082, 328852, -47470, -245876, -337925, 76553, 611849, 89441, -725261, -179752, 713472, 186775, -644189, -147150, 576317, 116608, -543395, -134439, 546628, 202744, -536050, -296444, 426651, 398809, -187630, -490044, -105825, 507086, 348193, -379757, -505578, 123568, 599947, 152776, -628589, -348219, 547868, 450790, -335706, -488875, 48500, 433862, 203278, -233127, -315783, -83567, 246539, 369342, -33882, -456166, -223426, 291029, 392805, 31796, -368941, -351157, 152364, 540185, 140033, -531012, -386110, 328874, 541817, -27258, -584287, -253658, 471873, 450297, -209006, -541236, -110778, 492783, 378275, -291500, -543815, 8464, 590711, 224958, -501274, -306293, 290363, 210870, -39261, 6405, -131387, -240901, 139447, 388256, 454, -385134, -190710, 231938, 317029, 6616, -309470, -232193, 169311, 361892, 38311, -362300, -223461, 255109, 318901, -101041, -303946, -30101, 201842, 92099, -65435, -79454, -46338, 21049, 96576, 39337, -84531, -64395, 38594, 42265, 1788, 9122, -7031, -57144, -26279, 74570, 75166, -52252, -107878, 2947, 104352, 46622, -65254, -73211, 9612, 69732, 36359, -45525, -54808, 19287, 45404, -9045, -22415, 21025, 5801, -45127, -12072, 61964, 45565, -54563, -94510, 18908, 136059, 34943, -147969, -90585, 120991, 133299, -64822, -152038, 2142, 140201, 44828, -101128, -64209, 49649, 56332, -5604, -30659, -16577, 1965, 14190, 14929, 4037, -11235, -22931, -12499, 28903, 47256, -16750, -79167, -9345, 95437, 39921, -90603, -64366, 68239, 74526, -37177, -68357, 6833, 50739, 15926, -29796, -28842, 12511, 34088, -2374, -35474, -1380, 36110, 2453, -37558, -4308, 39192, 8270, -38387, -14092, 32877, 20402, -22775, -24577, 10150, 23996, 2130, -17899, -10849, 7822, 13371, 3019, -8799, -10552, -1946, 11612, 16433, -5673, -30452, -5586, 38281, 20199, -34415, -36039, 15430, 50490, 17944, -60958, -59031, 64875, 96274, -59072, -117718, 40633, 115415, -9376, -87450, -30582, 38646, 71463, 20181, -103575, -75348, 118381, 115137, -112326, -133298, 89228, 129480, -59019, -107631, 32850, 74531, -17966, -38633, 15590, 8366, -21728, 10271, 29403, -15268, -31433, 8345, 23724, 6381, -7422, -23773, -12164, 39065, 28762, -49175, -38051, 52642, 39496, -49552, -36454, 42028, 33554, -33413, -32877, 25642, 32615, -17777, -29020, 8165, 19164, 3141, -2993, -13463, -16226, 18642, 33344, -15570, -43324, 4361, 42858, 11605, -31391, -27427, 11879, 38489, 9846, -41829, -27186, 37052, 35472, -26818, -33535, 16136, 23354, -10116, -8550, 11447, -7028, -19368, 20240, 30865, -29170, -42528, 33047, 51996, -32265, -58360, 28350, 61796, -23327, -62979, 18498, 62673, -13714, -61498, 8085, 59841, -1134, -57732, -5732, 54428, 10033, -48690, -10534, 40314, 8015, -30946, -3729, 22869, -1626, -17579, 6919, 15838, -10220, -17959, 9074, 23906, -1640, -32903, -11717, 42651, 28093, -49459, -43417, 50130, 53967, -43814, -56645, 31943, 49394, -16890, -31983, 371, 6181, 17341, 25166, -37013, -59251, 59322, 93715, -83531, -126039, 106569, 153050, -122581, -171092, 124211, 177053, -105207, -169162, 63945, 146986, -5922, -111304, -56834, 64750, 109790, -12845, -141322, -36288, 146613, 73955, -128818, -93951, 97198, 95098, -63569, -81715, 38292, 61916, -26669, -44595, 27085, 36479, -32185, -39895, 32964, 52180, -23057, -66722, 975, 75635, 29149, -73065, -58435, 57536, 76920, -32581, -78646, 5654, 64301, 14778, -39827, -22730, 13374, 17330, 7675, -2715, -18614, -14640, 18459, 28846, -10094, -36023, -1028, 34698, 9386, -26174, -11639, 14040, 7551
1791219445.476, MrmFullScanInfo, 617, 107, 2054856, 0, 0, 0, 0, 10000, 39297, 32, 4, 2, 1, 480, 0, 0, 0, 0, 0, 0, 150, 357, -546, -519, 788, 180, -528, 186, 409, -4, -1174, -377, 2380, 203, -2497, 160, 871, 126, 1240, -1095, -2607, 1963, 3257, -2176, -3666, 1708, 3697, -788, -3036, -105, 1595, 619, 625, -952, -2660, 1390, 3346, -1648, -2630, 1046, 1586, 688, -1119, -2544, 1385, 2948, -1577, -1652, 420, 280, 1833, -130, -3321, 683, 2805, -759, -1170, 945, -285, -1605, 1334, 1282, -1646, 527, 850, -1311, 252, -815, -829, 3685, 1124, -3333, -1800, -1660, 3193, 7913, -4949, -10245, 5658, 7150, -3728, -2415, -119, -121, 3206, -43, -3527, 1243, 1753, -1922, -631, 1856, 2329, -1793, -6370, 1877, 10315, -795, -12963, -2875, 14508, 8653, -14216, -13801, 10795, 15233, -4258, -11891, -3302, 5495, 8873, 1453, -9885, -7381, 5753, 10951, 1358, -10987, -7785, 7505, 10558, -2124, -9001, -2861, 4532, 5916, 715, -6553, -4830, 4879, 6513, -1273, -5549, -3031, 2944, 6054, -113, -6297, -2032, 3932, 3194, -544, -3239, -2219, 2057, 3557, 65, -3426, -2296, 2283, 3691, -689, -3757, -764, 2647, 1607, -935, -1732, -666, 1260, 1599, -404, -1649, -571, 1022, 1377, -232, -1688, -241, 1406, 319, -751, -214, 71, 167, 503, -207, -968, 254, 1243, -178, -1235, -77, 954, 438, -526, -731, 97, 813, 266, -695, -529, 439, 625, -47, -541, -354, 452, 502, -490, -264, 578, -170, -500, 508, 228, -608, 26, 553, -77, -430, -22, 249, 143, -16, -232, -130, 289, 93, -249, -9, 103, 105, 26, -436, 112, 818, -699, -1142, 1634, 1591, -2612, -2418, 3298, 3581, -3128, -4689, 1214, 5113, 3178, -3848, -9935, -424, 17626, 8783, -23163, -21536, 21524, 38212, -6729, -55608, -25708, 67438, 75360, -67204, -133897, 51056, 185312, -17937, -210860, -30581, 196072, 87977, -136248, -141999, 39397, 180016, 73621, -192140, -174221, 170852, 237754, -114329, -253595, 33792, 225439, 46019, -165617, -99464, 90843, 112680, -19278, -88072, -33568, 41558, 59081, 4571, -57289, -31119, 35850, 30295, -7181, -7936, -16262, -21780, 27303, 44256, -26537, -50850, 19727, 41628, -13669, -23930, 13296, 7369, -19619, 1722, 28760, -2960, -33721, 1038, 29393, -2399, -16030, 10766, -362, -24525, 10866, 37602, -8445, -42358, -8029, 32979, 33005, -8371, -56782, -26182, 69571, 60524, -65579, -83568, 45285, 87957, -15406, -72981, -13535, 44231, 31748, -10742, -34694, -18296, 24734, 36244, -8761, -40742, -5588, 33872, 13205, -20829, -12863, 7706, 6608, 892, 1933, -3624, -9137, 2406, 12482, -574, -11225, 737, 6429, -3399, -397, 7259, -4373, -10455, 6424, 11694, -5871, -10606, 3806, 7693, -1254, -4202, -1262, 1548, 3632, -403, -5911, 441, 8047, -877, -9666, 1166, 10159, -1155, -9062, 978, 6592, -969, -3772, 1558, 1999, -2776, -2247, 3962, 4723, -4126, -8869, 2661, 13452, 451, -16819, -4752, 17600, 9461, -15261, -13639, 10357, 16411, -4113, -17260, -2013, 16340, 6645, -14378, -8910, 12162, 8857, -10127, -7312, 8231, 5235, -6085, -3384, 3300, 2384, 186, -2558, -4010, 3705, 7715, -5370, -11064, 7373, 14029, -9880, -16510, 12909, 18311, -15918, -19394, 17840, 20018, -17690, -20372, 15325, 19911, -11281, -17425, 6088, 12106, -227, -4405, -5261, -3971, 8815, 10794, -9076, -14296, 5906, 13941, -957, -10453, -2943, 5414, 3465, -798, -54, -1461, -6071, 183, 12760
1791219445.476, MrmDetectionListInfo, 617, 118, 254, 20138, 255, 23863, 256, 26161, 257, 27474, 258, 29758, 259, 35823, 260, 46974, 261, 61685, 262, 65535, 263, 65535, 264, 65535, 265, 65535, 266, 65535, 267, 65535, 268, 65535, 269, 65535, 270, 65535, 271, 65535, 272, 65535, 273, 65535, 274, 65535, 275, 65535, 276, 65535, 277, 65535, 278, 65535, 279, 65535, 280, 65535, 281, 65535, 282, 65535, 283, 65535, 284, 65535, 285, 65535, 286, 65535, 287, 65535, 288, 65535, 289, 65535, 290, 58887, 291, 47465, 292, 44665, 293, 44106, 294, 40311, 295, 34730, 296, 32719, 297, 34829, 298, 34528, 299, 26404, 302, 11144, 303, 23172, 304, 34205, 305, 39004, 306, 38398, 307, 35578, 308, 32133, 309, 27784, 310, 22382, 311, 16947, 312, 12921, 314, 11480, 315, 13350, 316, 15773, 317, 17654, 318, 18082, 319, 16860, 320, 14618, 321, 12249, 325, 14610, 326, 20819, 327, 25673, 328, 26720, 329, 25013, 330, 23709, 331, 24730, 332, 27396, 333, 30986, 334, 37000, 335, 46783, 336, 58386, 337, 65535, 338, 65535, 339, 65535, 340, 64433, 341, 56511, 342, 47542, 343, 39605, 344, 34229, 345, 30937, 346, 27824, 347, 24246, 348, 22105, 349, 23083, 350, 25767, 351, 27002, 352, 25422, 353, 22618, 354, 20825, 355, 20383, 356, 19675, 357, 17052, 358, 12524, 375, 8643, 376, 9474, 377, 9119, 378, 8242, 380, 6177, 381, 4794, 413, 11287, 414, 12756, 415, 13522, 416, 13542, 417, 13121, 418, 12458, 423, 10065, 424, 10951, 425, 11457, 426, 11221, 427, 10465, 428, 9608, 450, 17714
1791219445.601, MrmFullScanInfo, 618, 107, 2054981, 0, 0, 0, 0, 10000, 39297, 32, 1, 2, 1, 480, -420557, 492219, 422398, -479349, -453902, 446502, 503912, -368456, -520044, 109724, 520182, 342599, -496309, -498975, 369359, 518087, -115595, -520192, -179819, 519707, 325006, -511376, -474759, 479693, 520184, 514705, -148367, -520160, -413890, 496740, 364059, -500044, -436160, 504263, 286691, -518279, -288418, 518180, 212521, -517744, -283065, 516131, 428358, -508212, -515717, 387333, 520192, 78539, -519994, -488063, 451552, 519227, -166837, -519952, -227694, 519497, 468842, -502830, -516463, 384506, 520116, -131524, -520192, -275141, 512783, 458003, -65218, -385555, -518883, 91621, 520179, 396423, -488433, -513475, -58728, 517308, 509672, -324505, -520186, -348723, 516506, 518247, -324781, -520145, 12141, 519991, 320283, -505613, -506766, 345091, 520172, 125022, -520148, -494579, 436247, 520179, 49960, -519475, -386347, 492161, 484854, -312250, -486625, 9258, 182473, 169094, 204673, -150419, -451869, -61890, 482243, 342322, -313322, -447019, -7034, 386749, 275693, -209770, -421446, -67959, 387780, 312262, -215976, -383880, 43717, 344137, 105747, -235215, -174844, 78625, 112361, 50875, -10512, -90115, -70480, 63890, 121968, -5695, -94113, -38142, 255, 35475, 70994, 20418, -82812, -95836, 54911, 142363, 12512, -127300, -81022, 70706, 103110, -3951, -74125, -50784, 31864, 70897, 5927, -45599, -23122, 12180, 3461, 2192, 41923, 3673, -77035, -35400, 75241, 93811, -31173, -139417, -40815, 147467, 122874, -118741, -145821, 55205, 170525, 21532, -152837, -77372, 108803, 94373, -47560, -77468, -3110, 41466, 22310, -850, -13730, -24918, -9842, 24325, 32766, 3355, -40785, -40756, 20908, 73401, 18834, -90785, -56448, 83542, 84667, -54211, -96642, 24125, 88013, 1305, -60277, -18918, 32803, 27176, -13040, -25231, -127, 25825, 5624, -30433, -6039, 33895, 8635, -36372, -17044, 41037, 23513, -37775, -29229, 26486, 35965, -15343, -39158, 8101, 35036, -5187, -27420, 9081, 23780, -24398, -28707, 43204, 43535, -66463, -72789, 87212, 103107, -98929, -123705, 87913, 132847, -45237, -135787, -23198, 135869, 97831, -96531, -180706, 84920, 204837, -74873, -189595, 67049, 140634, -60412, -74310, 53230, 9969, -44641, 36440, 35558, -59629, -8879, 54085, -12824, -48980, 43775, 39218, -75962, -28102, 101829, 23465, -109210, -22051, 95011, 23645, -60360, -21219, 20252, 10345, 26813, 7531, -60690, -28236, 81569, 41109, -85833, -43670, 80701, 33191, -71305, -15637, 58509, 162, -47279, 2640, 33609, 584, -18610, -9735, -398, 21239, 22876, -27766, -41333, 26566, 52981, -17726, -55376, 6959, 41138, 250, -27494, 3431, 13769, -14561, -3395, 28103, -398, -37211, -531, 38293, 6629, -30097, -11336, 15081, 16048, 3729, -9621, -21459, 2343, 33617, 2970, -41836, -3557, 47895, -2231, -53714, 11730, 61627, -18553, -70096, 14562, 78699, -10524, -82623, 873, 82013, 10480, -74210, -20865, 62043, 27762, -48023, -29613, 34874, 27209, -23644, -13300, 14683, 7683, -11628, -1306, 11133, -3830, -12760, 6068, 15522, -5899, -19313, 1269, 23626, 7341, -26760, -26248, 28548, 40280, -22830, -50538, 13337, 55022, -1240, -51033, -8894, 37774, 13907, -17249, -14494, -7833, 12654, 34067, -15159, -64306, 21678, 97610, -34240, -134295, 50046, 170182, -61336, -195901, 61602, 205812, -43548, -193116, 9835, 164942, 41486, -110361, -85628, 43977, 114020, 24422, -118773, -78531, 103494, 111069, -75411, -118428, 47533, 105707, -28349, -80973, 17844, 58133, -21546, -44351, 28217, 41792, -27392, -47069, 15405, 54124, 10175, -56988, -42276, 50427, 74076, -28694, -97088, 1573, 95895, 24205, -79393, -38113, 53293, 37097, -26518, -22753, 7002, 2599, 1160, 17523, -471, -27445, -5672, 32408, 13284, -29828, -14747, 22305, 8321, -14512, 4506, 10162, -18213, -8985, 30479, 11965, -38097
1791219445.601, MrmFullScanInfo, 618, 107, 2054981, 0, 0, 0, 0, 10000, 39297, 32, 2, 2, 1, 480, 0, 0, 0, 0, 0, 0, 168748, -228684, -312991, 479406, 362435, -534990, -380862, 346640, 436217, -28534, -509090, -258258, 508103, 433405, -371586, -522740, 133581, 579667, 111493, -566621, -280366, 390247, 324810, -44516, -239332, -341062, 69500, 613879, 95031, -725554, -183596, 712695, 189208, -643533, -147983, 576133, 115491, -543140, -132136, 546208, 200655, -536208, -295206, 427859, 398010, -189265, -489094, -104786, 506238, 348029, -379731, -505695, 124418, 599476, 151975, -626912, -348388, 543989, 452270, -329171, -491645, 40795, 437234, 209364, -235777, -319059, -82594, 248410, 369884, -35879, -457274, -222537, 292194, 396312, 29852, -377520, -347678, 162209, 535827, 133696, -527616, -384456, 327810, 542672, -28370, -584556, -251954, 469679, 449674, -204707, -541611, -115359, 491480, 381755, -285204, -546033, -3808, 591252, 241627, -498282, -324619, 281774, 227648, -25134, -5447, -147879, -236464, 153330, 391552, -6715, -393791, -191951, 241417, 325999, 1229, -323062, -233511, 182623, 369345, 29776, -372792, -221405, 264546, 322047, -105941, -309856, -31314, 208190, 98401, -70027, -87902, -45428, 28268, 99996, 35534, -90963, -64304, 45357, 44822, -2723, 5357, -5974, -53444, -24293, 72054, 71565, -51763, -104333, 4629, 102047, 43491, -64675, -69830, 10591, 67271, 34388, -44705, -52485, 20123, 43405, -10925, -21346, 23140, 5892, -46801, -13076, 62807, 46996, -54637, -95860, 18649, 136911, 35161, -148114, -90742, 120481, 133566, -63856, -152465, 943, 140538, 46069, -101010, -65343, 48961, 57213, -4618, -31198, -17462, 2116, 14808, 15124, 3653, -11577, -22810, -12273, 29112, 47254, -17157, -79259, -9075, 95454, 40042, -90491, -64913, 68068, 75364, -37007, -69320, 6624, 51684, 16218, -30654, -29156, 13234, 34298, -2879, -35552, -1156, 36175, 2478, -37838, -4514, 39959, 8819, -40103, -15472, 36492, 23312, -29958, -29632, 23144, 31668, -19074, -29085, 20655, 24723, -30209, -23272, 48515, 28851, -73819, -42355, 100690, 60702, -119210, -79656, 117421, 97953, -87605, -115494, 30511, 130856, 43099, -142266, -113177, 148266, 156781, -145943, -159871, 131403, 124995, -104452, -67599, 70148, 7492, -35425, 38449, 5267, -61097, 18888, 60941, -38874, -45457, 58007, 23745, -77644, -2945, 94324, -11697, -101225, 16961, 92695, -12954, -67589, 3672, 29727, 4801, 13649, -7810, -53877, 4640, 83190, 1489, -97234, -5615, 95984, 4245, -83079, 2116, 64072, -9141, -44414, 11738, 27484, -7148, -13506, -4024, 685, 18513, 12519, -31503, -25805, 38496, 36704, -37349, -41924, 29549, 39543, -19826, -30222, 13774, 16740, -14473, -2748, 20737, -7920, -28262, 12406, 32265, -9898, -29691, 2350, 20011, 6246, -4903, -12180, -12508, 14262, 28708, -14250, -41070, 15211, 48846, -19350, -53142, 26198, 56274, -32896, -60450, 36343, 66302, -34904, -72305, 28534, 75801, -18245, -74663, 6064, 68365, 5378, -58000, -13149, 45353, 15295, -32240, -12197, 20612, 6207, -12380, 203, 8490, -5628, -8498, 9190, 11318, -10059, -15950, 7090, 21806, 640, -28183, -12540, 33441, 26182, -35106, -38345, 31417, 46152, -22737, -47176, 11303, 39759, 251, -23751, -10583, 768, 20398, 26613, -31902, -56048, 47466, 85982, -67877, -114978, 90840, 140792, -110321, -160117, 117981, 169745, -106200, -167444, 71967, 151836, -19577, -122222, -39816, 79746, 92115, -29116, -125667, -21501, 135206, 62714, -123118, -87126, 97525, 92171, -68725, -81254, 45642, 62248, -32865, -44085, 29106, 33469, -28173, -33004, 22620, 40872, -7603, -51565, -17089, 58014, 46740, -54705, -73208, 40404, 88269, -18937, -87433, -2408, 71824, 16234, -47171, -18392, 21307, 9666, -1180, 5169, -9327, -20074, 10388, 30294, -5780, -33454, 998, 29590, -531, -20889, 5981, 10849, -15966
1791219445.601, MrmFullScanInfo, 618, 107, 2054981, 0, 0, 0, 0, 10000, 39297, 32, 4, 2, 1, 480, 0, 0, 0, 0, 0, 0, 351, 146, -608, -666, 564, 1602, -568, -2499, 468, 2710, 63, -2144, -1051, 1312, 2183, -792, -2733, 526, 2200, -15, -187, -955, -2578, 1976, 4799, -2325, -5288, 1602, 4233, -293, -3250, -485, 2859, 178, -2120, 474, 419, -479, 1118, 18, -1385, 242, 738, -157, -145, 36, 182, -50, -593, 176, 764, -225, -521, -208, 331, 1372, -596, -3434, 1292, 5699, -2163, -6721, 2641, 5407, -2161, -2610, 798, 454, 512, 113, -804, -551, 362, 2480, -396, -4709, 1139, 4969, -1788, -2924, 1785, 453, -1179, 844, 301, -299, 225, -1601, 35, 3358, -530, -3661, -398, 2634, 3614, -1398, -7872, 224, 11165, 1768, -12261, -5018, 10945, 8524, -7499, -10367, 2788, 9126, 1814, -4986, -4834, -602, 5205, 5873, -2813, -8987, -959, 8675, 4459, -5336, -6348, 1067, 5896, 2098, -3167, -3599, -780, 3736, 4162, -2629, -5628, 419, 4837, 2143, -2535, -3925, 13, 4176, 1737, -2915, -2444, 873, 2331, 1006, -1617, -2052, 469, 2057, 782, -1315, -1663, 275, 1897, 676, -1442, -1328, 509, 1640, 487, -1517, -1152, 945, 1382, -188, -1222, -395, 738, 706, -171, -756, -133, 537, 139, -108, -88, -306, 162, 562, -290, -679, 235, 738, 105, -761, -523, 693, 701, -524, -566, 275, 349, -15, -217, -113, 110, 44, 64, 147, -210, -271, 177, 247, 35, -95, -326, -67, 583, 166, -738, -225, 777, 270, -770, -246, 741, 108, -595, 52, 305, -55, -15, -215, -136, 757, 353, -1659, -1043, 3330, 2458, -6532, -4430, 11960, 6704, -19902, -9728, 30287, 14981, -43166, -24206, 58724, 37895, -76064, -54379, 91573, 70571, -98223, -84121, 87645, 95532, -55080, -105156, 2798, 110886, 59097, -110255, -113983, 102742, 143945, -88661, -138796, 68391, 102164, -45388, -48369, 26427, -5062, -16448, 43386, 15014, -58287, -17868, 50153, 19760, -26855, -15673, -1367, 2911, 26118, 15521, -41208, -31896, 43197, 38240, -33072, -29901, 16533, 7002, -1612, 25435, -4972, -58743, 473, 83818, 12853, -94775, -28715, 90424, 40045, -73903, -42623, 50732, 36954, -26265, -27413, 4046, 19589, 14239, -17056, -27852, 19560, 36515, -23729, -40134, 25497, 38406, -22745, -31132, 16710, 19060, -11368, -4242, 10950, -10411, -17152, 21876, 28175, -27434, -39797, 25681, 47388, -17212, -47782, 4868, 40403, 7002, -27235, -14467, 11909, 16012, 1662, -13075, -10693, 8770, 14346, -6057, -13584, 6134, 10653, -8105, -8066, 10125, 7280, -10586, -7893, 8634, 8270, -4396, -6837, -857, 2926, 5267, 3048, -7502, -9733, 7388, 15234, -5536, -17963, 2802, 17441, -182, -14334, -1335, 10017, 1327, -6109, -132, 4002, -1319, -4465, 1960, 7582, -1091, -12618, -1228, 18071, 4343, -22173, -7351, 23633, 9331, -21960, -9527, 17472, 7696, -11059, -4209, 3958, -190, 2478, 4651, -7026, -8192, 8941, 9812, -8178, -8874, 5312, 5505, -1192, -310, -3338, -5883, 7608, 12116, -11111, -17236, 13427, 20182, -14116, -20434, 12825, 18103, -9528, -13745, 4604, 8359, 1120, -3224, -6249, -678, 9195, 2989, -8967, -3644, 5751, 2552, -735, 137, -4500, -3722, 8615, 7123, -10691, -9372, 10485, 10004, -8778, -8973, 7119, 6490, -6797, -3084, 8070, -319, -10292, 2553, 12476, -2893, -13575, 1485, 12672, 963, -9287, -3575, 3748, 5491, 2956, -6005, -9499, 5043, 14628, -3221, -17629
1791219445.601, MrmDetectionListInfo, 618, 132, 242, 15076, 243, 18558, 244, 22648, 245, 27474, 246, 33152, 247, 39737, 248, 47177, 249, 55277, 250, 63681, 251, 65535, 252, 65535, 253, 65535, 254, 65535, 255, 65535, 256, 65535, 257, 65535, 258, 65535, 259, 65517, 260, 60124, 261, 65535, 262, 65535, 263, 65535, 264, 65535, 265, 65535, 266, 65535, 267, 65535, 268, 65535, 269, 65535, 270, 65535, 271, 54548, 272, 36102, 273, 21399, 274, 13722, 275, 16273, 276, 26976, 277, 37524, 278, 40909, 279, 37449, 280, 31799, 281, 26579, 282, 20764, 286, 15133, 287, 27546, 288, 36783, 289, 40045, 290, 39269, 291, 36769, 292, 32534, 293, 25443, 294, 16009, 298, 24879, 299, 34920, 300, 41138, 301, 46022, 302, 52237, 303, 58906, 304, 63126, 305, 63433, 306, 60669, 307, 56220, 308, 50549, 309, 43490, 310, 35233, 311, 26581, 312, 18705, 313, 13323, 314, 12225, 315, 15408, 316, 20466, 317, 24760, 318, 27532, 319, 29561, 320, 31434, 321, 32737, 322, 32690, 323, 31014, 324, 28020, 325, 24154, 326, 19712, 327, 14945, 328, 10457, 331, 12215, 332, 18250, 333, 24052, 334, 28519, 335, 31727, 336, 33962, 337, 35029, 338, 34469, 339, 32101, 340, 28347, 341, 24292, 342, 21195, 343, 19451, 344, 18226, 345, 16354, 346, 13446, 350, 10167, 351, 11586, 352, 11407, 353, 10152, 356, 8872, 357, 8826, 362, 8812, 363, 8161, 374, 11152, 375, 11308, 376, 10941, 377, 10160, 378, 9094, 380, 7015, 381, 6285, 382, 5496, 394, 10865, 395, 12855, 396, 14539, 397, 15675, 398, 16198, 399, 16143, 400, 15526, 401, 14325, 413, 9106, 414, 8435, 423, 12019, 424, 13711, 425, 15099, 426, 16402, 427, 17311, 428, 17477, 429, 16881, 430, 15720, 431, 14133
1791219445.726, MrmFullScanInfo, 619, 107, 2055106, 0, 0, 0, 0, 10000, 39297, 32, 1, 2, 1, 480, -422518, 493450, 421259, -478943, -455064, 447658, 504445, -370727, -520060, 107356, 520152, 339849, -495673, -499486, 368792, 517044, -118852, -520192, -179809, 519509, 325784, -511958, -473809, 480914, 520192, 514495, -152386, -520089, -416640, 497671, 365129, -500428, -439311, 505903, 283319, -518329, -282507, 517965, 210795, -518366, -292587, 516429, 427652, -508796, -514999, 383817, 520192, 84047, -520123, -489373, 453825, 519328, -167579, -520069, -227222, 519636, 469418, -502344, -516489, 389523, 520023, -131805, -520144, -273137, 513792, 458870, -68052, -383674, -519013, 92044, 520101, 399275, -486902, -513496, -54641, 517057, 509551, -317737, -520192, -354379, 517050, 518250, -325895, -520148, 12481, 519902, 318231, -506537, -508267, 343761, 520123, 120259, -520132, -492295, 437259, 520107, 58246, -519317, -374446, 494959, 479115, -315058, -478777, 18582, 175071, 159030, 205002, -147637, -448470, -67552, 479746, 343383, -303918, -445990, -5939, 383683, 274758, -205485, -416438, -70599, 380235, 312654, -216083, -383854, 42524, 342415, 104324, -234435, -172936, 76876, 108742, 50133, -7798, -88520, -72324, 60370, 121799, -3305, -93045, -38036, -1634, 33750, 72599, 22481, -83498, -98488, 55596, 143710, 13003, -127172, -82834, 69937, 104671, -2811, -73591, -51957, 32041, 72082, 6518, -46363, -25082, 12902, 3156, 2422, 42754, 3195, -76825, -35247, 76488, 94179, -31807, -139939, -39096, 147849, 123048, -119170, -147138, 53410, 169901, 20309, -152488, -77387, 108720, 94013, -48092, -77111, -3312, 41437, 21888, -844, -13693, -24818, -9956, 24529, 33173, 3837, -41022, -40601, 20690, 73535, 19141, -90837, -56625, 82857, 84997, -54461, -96810, 23602, 87350, 1165, -60467, -19581, 32641, 26735, -13382, -24712, -429, 25844, 6321, -30290, -6417, 33988, 9436, -36605, -17463, 40073, 24918, -33924, -29634, 16469, 35363, 6859, -35160, -34510, 23129, 70130, -509, -111787, -24822, 154364, 99587, -164054, -127089, 168199, 142725, -130332, -150439, 48853, 165765, 63347, -184707, -170072, 192814, 252554, -181840, -289738, 36267, 284852, -2241, -227538, -25267, 152658, 30470, -74726, -15304, 13842, -11233, 15734, 36446, -11850, -44545, -17204, 27829, 61499, 9903, -77482, -52655, 72712, 85659, -48928, -98856, 15267, 84303, 15889, -48810, -34840, 2468, 35270, 51368, -20381, -87973, 600, 104244, 16039, -98705, -24067, 78775, 20252, -51395, -6372, 23342, -8250, -519, 19526, 246, -25548, 5161, 21527, -10201, -12137, 12697, 2795, -11126, 3301, 6733, -7559, 1229, 10673, -11568, -13732, 13903, 15021, -20718, -18895, 22870, 18700, -20401, -15765, 13259, 10969, -4556, -4685, -882, -1426, 3029, 3570, 2140, -1682, -3731, -7642, 4055, 19345, -2417, -32811, 1085, 46545, 929, -57333, -1465, 66654, 1110, -73362, -8047, 72612, 7783, -73782, -10302, 73798, 15456, -69615, -22361, 61501, 29787, -50737, -36821, 38409, 39225, -24636, -27483, 7419, 20335, 354, -9598, -2182, -1891, -570, 12121, 8121, -16394, -17882, 13366, 27922, -2899, -33730, -19356, 36771, 38706, -29070, -53029, 16738, 58882, -2961, -53681, -8212, 38586, 10894, -14127, -8735, -14617, 3586, 40881, -4359, -70466, 10626, 102478, -25478, -136925, 43613, 170605, -58976, -194626, 65117, 203120, -52451, -189613, 23238, 161862, 20246, -108514, -62122, 43610, 88920, 20694, -93864, -72265, 79542, 99246, -57553, -102420, 35194, 85789, -24021, -61716, 24859, 43172, -34188, -34093, 41709, 36859, -40744, -44564, 25985, 49998, 759, -49172, -31920, 38455, 59869, -19600, -76317, -6349, 71260, 25998, -53295, -33367, 29158, 26282, -8835, -9271, -2292, -11063, 3549, 27866, 2078, -33677, -11011, 34337, 19317, -29643, -20857, 21089, 14118, -13112, -2558, 8871, -11249, -9107, 20903, 9933, -26753
1791219445.726, MrmFullScanInfo, 619, 107, 2055106, 0, 0, 0, 0, 10000, 39297, 32, 2, 2, 1, 480, 0, 0, 0, 0, 0, 0, 168898, -229033, -313225, 480162, 362592, -535883, -380799, 347344, 435912, -28997, -508787, -257876, 508212, 432956, -372172, -522195, 134254, 579342, 111045, -566802, -280273, 390893, 325105, -45289, -239728, -340628, 69344, 614239, 95812, -726734, -183833, 713948, 187715, -643856, -145597, 575464, 114513, -542660, -133424, 546663, 202769, -536568, -296649, 426617, 399015, -186486, -490466, -107498, 508000, 349347, -381157, -505649, 124926, 599186, 152182, -627491, -348563, 545651, 451934, -331155, -491202, 42341, 437393, 208295, -236616, -318091, -81616, 247275, 369490, -34781, -457852, -222711, 293373, 394421, 29223, -373654, -348554, 158076, 537846, 136194, -529639, -384936, 328994, 542060, -28594, -584115, -252266, 470367, 449897, -206607, -540857, -113239, 489972, 380735, -284924, -546329, -644, 592317, 234627, -500232, -315632, 285133, 219320, -29873, -164, -142485, -237452, 148177, 388852, -2758, -389516, -193617, 238083, 324727, 1863, -319281, -231468, 177860, 366024, 33608, -369943, -223019, 263136, 321344, -106036, -307733, -29936, 205919, 96092, -68733, -85181, -45127, 25802, 98326, 37097, -88908, -64519, 44042, 43677, -2729, 7390, -4792, -55610, -26000, 73571, 73042, -52051, -105128, 3694, 102125, 44989, -64162, -71087, 9632, 67805, 35618, -44504, -53744, 19586, 44350, -10549, -21672, 23151, 5627, -47133, -12596, 63443, 46664, -55565, -95783, 19572, 136934, 34664, -148105, -90782, 120481, 133803, -63958, -152560, 1165, 140467, 45805, -100918, -65094, 48951, 57031, -4711, -31091, -17286, 2070, 14575, 15126, 3905, -11554, -22989, -12321, 29122, 47300, -16982, -79269, -9377, 95401, 40339, -90382, -65067, 67886, 75346, -36754, -69251, 6434, 51656, 16194, -30578, -28940, 12968, 34102, -2394, -35562, -1748, 36355, 3111, -37781, -5298, 38672, 10001, -35613, -17329, 25253, 25979, -6114, -32828, -22121, 34393, 59441, -26638, -103485, 6756, 148134, 22793, -182921, -54218, 193806, 82378, -168196, -111768, 103339, 150074, -11474, -196937, -84803, 233173, 165092, -232650, -218925, 188254, 241247, -120067, -227441, 56390, 178833, -12938, -108797, -6595, 38827, 5934, 10398, 6697, -26547, -20521, 10017, 25316, 26351, -15098, -63301, -9330, 84404, 40047, -82468, -64931, 59825, 73071, -25489, -59074, -8979, 24935, 33957, 20496, -44825, -64177, 42403, 93760, -31379, -102441, 18153, 90530, -8332, -63925, 4558, 32116, -6214, -4878, 10768, -12135, -14838, 19174, 15171, -19595, -10584, 16165, 2994, -10364, 4235, 2947, -8712, 5191, 10098, -12878, -9721, 19209, 9206, -23744, -9122, 25820, 8982, -24218, -8147, 18550, 6456, -10268, -4127, 2421, 1672, 2084, -124, -2238, 1088, -821, -6071, 5177, 15478, -9505, -28088, 13312, 41674, -16593, -54011, 19019, 63523, -19917, -69620, 18953, 72713, -16442, -73669, 12721, 73020, -7464, -70539, 232, 65790, 8693, -58599, -17295, 48652, 22681, -35729, -23223, 21163, 19268, -8173, -11865, -56, 2081, 2248, 8119, 1209, -15783, -8978, 17628, 19330, -11472, -30107, -2188, 38460, 19908, -41371, -36696, 37250, 47865, -27241, -49858, 14603, 40796, -2741, -21249, -6840, -5689, 15227, 35871, -25285, -66077, 40071, 94766, -60822, -121060, 85447, 143457, -107954, -159252, 119783, 165666, -112958, -160807, 84071, 143510, -36832, -113311, -18403, 71652, 68057, -23431, -100603, -23258, 110885, 59310, -101390, -77998, 80414, 77998, -58285, -63972, 43143, 44509, -37772, -28423, 39071, 21333, -40156, -24047, 34112, 33071, -17465, -42603, -8136, 46744, 36453, -41655, -59133, 27410, 69295, -8479, -64548, -8010, 47830, 15775, -25695, -12287, 5418, -143, 7658, 15909, -11438, -29195, 7349, 36400, 331, -36536, -6369, 30599, 7004, -21112, -1457, 11300, -8224
1791219445.726, MrmFullScanInfo, 619, 107, 2055106, 0, 0, 0, 0, 10000, 39297, 32, 4, 2, 1, 480, 0, 0, 0, 0, 0, 0, 279, -307, -440, 523, 330, -283, -120, -275, -156, 594, 413, -435, -463, 49, 440, 230, -470, -127, 345, -124, 208, 150, -983, 151, 1802, -611, -2542, 1064, 2687, -1302, -1642, 1024, -401, -185, 1747, -588, -1086, 428, -609, 355, 1424, -261, -1076, -1193, 881, 2655, -1230, -2654, 1539, 1369, -1300, -8, 599, -454, 71, 54, -277, 193, 181, 452, -521, -1333, 1357, 1240, -1812, -206, 1345, -715, -182, 798, -962, -134, 1463, -824, -1014, 1532, -114, -1557, 998, 915, -1159, -143, 818, -289, -390, 334, 59, -16, 93, -460, 599, 555, -1828, 145, 2154, -985, -677, 1222, -1664, -1073, 3124, 813, -3029, -469, 1602, 303, 378, -764, -1738, 1621, 1760, -2007, -623, 1573, -843, -549, 1563, -569, -1047, 1233, -348, -1094, 1517, 364, -1655, 271, 1024, -333, -327, -83, 35, 557, -155, -621, 348, 99, -198, 759, -318, -1426, 849, 1569, -1023, -1160, 735, 421, -104, 257, -470, -604, 589, 673, -249, -641, -217, 596, 467, -488, -298, 250, -189, 85, 673, -309, -890, 239, 950, 51, -981, -307, 845, 278, -418, -29, -96, -165, 327, 194, -236, -135, 42, 114, 134, -120, -243, 133, 234, -114, -103, 52, -46, 28, 137, -63, -131, 8, 55, 74, 65, -88, -218, 13, 324, 100, -315, -221, 253, 316, -257, -269, 304, 79, -241, 115, 31, -147, 248, 4, -465, 162, 620, -29, -840, -985, 1347, 3816, -2322, -9857, 3724, 21126, -5070, -40317, 5561, 70352, -1672, -111834, -11668, 161000, 36025, -208138, -67580, 237826, 102819, -233421, -144443, 184919, 196866, -95683, -258258, -17815, 309097, 135619, -322440, -240586, 290125, 313875, -230741, -334272, 169351, 292203, -117533, -201472, 77589, 93112, -48670, -979, 28201, -50731, -11212, 55451, -8898, -25292, 37729, -16735, -76226, 49186, 117736, -60628, -148971, 49921, 156007, -23442, -131097, -8209, 76520, 34115, -4140, -46895, -68481, 45234, 124181, -33837, -151975, 20988, 149854, -14409, -123816, 17277, 85554, -26767, -48219, 36253, 20962, -39069, -5673, 31512, -1394, -14460, 5203, -7014, -9090, 26057, 13740, -37266, -17698, 38789, 18705, -32721, -15106, 23742, 6910, -16467, 3714, 13163, -13005, -13160, 17492, 14042, -15847, -13254, 9645, 9402, -2393, -2847, -2582, -4413, 3992, 9632, -2769, -10644, 1017, 7077, -755, -464, 2905, -6568, -6922, 11264, 11207, -11923, -14007, 8884, 14256, -4279, -12017, 520, 8549, 1244, -5682, -1274, 4900, 676, -6540, -935, 9630, 3207, -12450, -7370, 13372, 11896, -11378, -14844, 6535, 15089, -64, -12624, -6093, 8392, 10214, -3870, -11469, 565, 10037, 599, -6900, 325, 3557, -2449, -1433, 4447, 1271, -5046, -2987, 3557, 5771, -160, -8280, -4241, 9229, 8410, -8088, -11124, 5273, 11601, -1752, -9591, -1459, 5272, 3794, 780, -5042, -7840, 5180, 15209, -4367, -22041, 2842, 27318, -745, -30320, -1892, 30783, 5034, -28608, -8617, 23880, 12369, -16812, -15546, 7989, 17262, 1145, -16937, -8392, 14734, 12022, -11795, -11822, 9872, 8979, -10334, -5456, 13018, 3564, -16343, -4981, 18436, 9600, -17932, -15395, 14222, 19708, -7653, -20583, -241, 17416, 7260, -11097, -11462, 3606, 11991, 2900, -9345, -6891, 5081, 7870, -1026, -6393, -1464, 3709, 1914, -1210, -781, -36
1791219445.726, MrmDetectionListInfo, 619, 132, 240, 25093, 241, 32114, 242, 40252, 243, 50122, 244, 62825, 245, 65535, 246, 65535, 247, 65535, 248, 65535, 249, 65535, 250, 65535, 251, 65535, 252, 65535, 253, 65535, 254, 65535, 255, 65535, 256, 65535, 257, 65535, 258, 65535, 259, 65535, 260, 65535, 261, 65535, 262, 65535, 263, 65535, 264, 65535, 265, 65535, 266, 65535, 267, 65535, 268, 65535, 269, 65535, 270, 65535, 271, 65535, 272, 65535, 273, 37868, 274, 19043, 275, 17245, 276, 28593, 277, 38599, 278, 36685, 279, 26771, 280, 21000, 281, 26590, 282, 41403, 283, 59703, 284, 65535, 285, 65535, 286, 65535, 287, 65535, 288, 65535, 289, 65535, 290, 65535, 291, 65535, 292, 54024, 293, 42222, 294, 33167, 295, 29487, 296, 36959, 297, 56118, 298, 65535, 299, 65535, 300, 65535, 301, 65535, 302, 65535, 303, 65535, 304, 65535, 305, 65535, 306, 58324, 307, 50582, 308, 44190, 309, 38431, 310, 33002, 311, 28097, 312, 23773, 313, 19718, 314, 15581, 315, 11459, 316, 8132, 318, 8234, 319, 12850, 320, 19313, 321, 25063, 322, 28210, 323, 28849, 324, 28137, 325, 26695, 326, 24302, 327, 20730, 328, 16417, 329, 12388, 331, 9062, 332, 10449, 333, 12994, 334, 15222, 335, 16089, 336, 15592, 337, 14256, 338, 12372, 356, 11222, 357, 12151, 358, 12291, 359, 12066, 360, 11407, 361, 10135, 362, 8381, 375, 9227, 376, 10676, 377, 11814, 378, 12444, 379, 12439, 380, 11765, 381, 10460, 382, 8747, 383, 7297, 384, 6967, 385, 7777, 386, 8635, 422, 10963, 423, 12129, 424, 13048, 425, 13991, 426, 14806, 427, 15355, 428, 15818, 429, 16433, 430, 17145, 431, 17665, 432, 17777, 433, 17493, 434, 16932, 435, 16133, 436, 15025, 437, 13561
1791219445.866, MrmFullScanInfo, 620, 107, 2055231, 0, 0, 0, 0, 10000, 39297, 32, 1, 2, 1, 480, -421802, 491059, 417896, -480270, -452842, 446692, 503841, -371585, -520092, 108064, 520175, 340488, -495467, -498304, 371833, 515859, -113371, -520192, -175109, 519807, 324590, -512247, -473947, 480790, 520192, 513928, -156662, -520132, -414927, 496160, 364070, -500853, -441891, 504914, 279253, -518461, -285178, 517902, 210031, -518154, -285388, 517268, 426080, -510243, -514806, 388812, 520192, 82839, -520044, -491684, 452892, 519084, -170704, -520064, -225226, 519999, 467809, -504725, -516333, 388766, 519909, -130884, -520100, -280244, 513859, 446708, -70892, -367208, -519222, 100993, 520140, 393131, -487573, -515031, -55087, 516596, 507968, -322824, -520192, -349783, 515984, 518543, -321702, -520131, 12208, 519903, 316142, -505354, -508637, 342231, 520143, 124198, -520046, -493792, 436018, 520034, 49782, -519264, -376271, 493301, 478226, -317459, -484928, 8269, 181048, 168165, 205088, -146814, -448857, -66897, 481656, 346424, -313535, -446592, -7488, 382230, 275409, -200707, -421568, -69778, 387889, 310620, -216035, -382148, 40204, 340858, 104972, -234649, -173854, 77908, 108418, 53074, -5300, -87692, -70686, 64744, 123021, -6853, -93656, -38287, -411, 34582, 70093, 19492, -82618, -96124, 53930, 144160, 13755, -128408, -82051, 70951, 103888, -4318, -74808, -50655, 33091, 71492, 4190, -46428, -22741, 12781, 2952, 1648, 41478, 3364, -75857, -35720, 73920, 94653, -30686, -139528, -41631, 147565, 122208, -120268, -146961, 55029, 169527, 20505, -153199, -76844, 107719, 94332, -48510, -76704, -3016, 41330, 22357, -70, -13846, -24511, -9543, 24042, 32391, 3716, -40617, -40387, 20451, 73386, 19530, -90439, -56818, 82858, 84689, -54680, -96692, 24036, 88370, -144, -59756, -17382, 33472, 24349, -13720, -20688, 1520, 18401, 4426, -17340, -5569, 12018, 14503, -1997, -8009, -11486, 17202, 49079, -25266, -109366, 35498, 183022, -40281, -252454, 32560, 305194, 901, -324935, -57850, 304352, 233734, -179981, -284637, 75970, 301468, 38953, -274211, -145377, 207071, 222349, -112433, -254294, 18214, 242414, 49852, -190341, -132847, 97177, 91234, -42498, -32313, 25087, -21276, -45070, 44191, 90060, -29998, -136631, -12950, 161426, 67397, -150109, -109824, 59353, 115822, -1019, -88817, -43492, 37144, 56907, 20206, -33426, -63626, -14326, 78208, 68290, -60087, -106464, 5447, 124081, 44946, -98422, -81287, 47482, 92635, 8859, -76743, -53533, 42006, 73262, -3492, -64376, -27682, 35031, 46966, 16211, -27261, -42138, -3593, 52970, 34446, -47573, -55008, 31842, 61810, -14173, -56810, 2956, 42465, 3518, -25018, -18142, 9350, 16914, 3233, -17749, -14327, 21871, 21952, -24056, -28160, 23313, 33683, -16579, -34176, 5552, 32488, 15968, -18215, -27510, 2045, 32949, 14487, -33125, -24634, 29902, 26689, -27069, -20699, 27894, 10899, -33827, 4661, 43740, -9082, -55573, 6828, 65063, -624, -68181, -6544, 64571, 13898, -56353, -18520, 46484, 18089, -37784, -8403, 29484, 4573, -26253, -787, 24834, -1148, -23595, 992, 22459, 2608, -21327, -8603, 20248, 17106, -18502, -33844, 17877, 44873, -14414, -53573, 7396, 56731, -3254, -52959, -572, 40781, -302, -20998, 2634, -4330, -6007, 25448, 1861, -59069, 7326, 96124, -22579, -136436, 41346, 174320, -53475, -198612, 56083, 203843, -41745, -185222, 6612, 144088, 36664, -82331, -76110, 10438, 98801, 59138, -99302, -111173, 79396, 135681, -51166, -131989, 25179, 106618, -10597, -68702, 8058, 42219, -21190, -29811, 35443, 30275, -38857, -38811, 26568, 44909, 381, -44572, -34909, 32769, 67318, -9284, -83492, -18316, 78802, 39258, -57638, -42092, 30368, 29211, -5482, -2564, -8631, -26088, 9772, 49778, -1100, -53204, -17031, 53041, 26231, -45923, -29021, 33518, 21809, -24100, -11483, 16957, -399, -13985, 10298, 13552, -15085
1791219445.866, MrmFullScanInfo, 620, 107, 2055231, 0, 0, 0, 0, 10000, 39297, 32, 2, 2, 1, 480, 0, 0, 0, 0, 0, 0, 168096, -228707, -311768, 479610, 361265, -535480, -380071, 347373, 435866, -29515, -509011, -256997, 508223, 432115, -372096, -521752, 134651, 579185, 110066, -566686, -279595, 390899, 325582, -45789, -241382, -339466, 71173, 612806, 94735, -725658, -183549, 713494, 187784, -643830, -145292, 575521, 113083, -542468, -130769, 546451, 199856, -537124, -294444, 428118, 397652, -188034, -489945, -106782, 508565, 349309, -382830, -505741, 127142, 599252, 150244, -627555, -347416, 545208, 451756, -330304, -491916, 43378, 438125, 203624, -236052, -312176, -83392, 244526, 370726, -36197, -457454, -220173, 292223, 393837, 29488, -375612, -346967, 160954, 534807, 134438, -526684, -384792, 327570, 542378, -28800, -583531, -251591, 468477, 449786, -204099, -541849, -115168, 492076, 381108, -287394, -545323, 725, 590645, 235802, -497861, -319628, 281820, 224909, -26324, -4895, -144869, -236034, 149012, 391396, -3048, -394154, -192645, 241427, 322952, 2442, -318061, -235710, 178687, 371060, 30820, -372646, -220073, 262682, 319967, -104032, -308012, -31408, 206612, 96250, -68487, -84628, -46864, 25510, 101081, 36808, -91574, -64260, 45462, 44275, -2501, 5611, -6085, -53107, -24759, 71330, 72725, -50991, -105784, 3989, 103250, 44078, -65364, -70593, 10800, 68353, 34499, -45983, -52765, 21248, 43735, -11523, -21672, 23000, 6301, -46021, -13696, 61786, 47775, -53832, -96620, 18251, 137550, 35200, -148658, -90550, 120986, 133218, -64310, -152034, 1331, 140207, 45723, -100903, -64940, 49005, 56756, -4609, -30866, -17612, 2097, 15032, 14849, 3441, -11237, -22575, -12470, 28750, 47245, -16653, -79122, -9589, 95317, 40415, -90527, -65050, 68472, 75242, -37965, -69004, 8382, 51320, 13236, -30301, -24155, 12567, 25958, -742, -21971, -5856, 14590, 9748, -3400, -14458, -15448, 24245, 47328, -42506, -94755, 68411, 153974, -94925, -215529, 109637, 267715, -93376, -297893, 30655, 296146, 72052, -258297, -182444, 185964, 262478, -86812, -291875, -25097, 269974, 129448, -209418, -204901, 126613, 235976, -39811, -219761, -29066, 168113, 60097, -103751, -48495, 52388, 10338, -32807, 29148, 49545, -49140, -90897, 41004, 131543, -8802, -144926, -34461, 119869, 71164, -66967, -84758, 9411, 67509, 31429, -24992, -42946, -26381, 23949, 66129, 16779, -78518, -63912, 59821, 99598, -19104, -109197, -27495, 87981, 64098, -43888, -79924, -6632, 72035, 46106, -45156, -62110, 10095, 51517, 19460, -21266, -32146, -15323, 24417, 44930, -2074, -59608, -24073, 58289, 43902, -45502, -51635, 27361, 47043, -8692, -34325, -7143, 18934, 18216, -4687, -24736, -6681, 28517, 14874, -30521, -20476, 30046, 24404, -25229, -26847, 14721, 26844, 468, -22887, -16808, 14404, 30174, -3097, -38107, -7369, 40446, 13119, -38997, -11709, 36617, 3386, -36028, 8547, 38992, -19178, -45658, 24714, 54115, -24139, -61019, 18623, 63477, -10495, -60593, 2916, 53343, 1282, -43649, -1282, 33865, -1469, -26183, 4810, 21669, -7107, -19927, 7237, 19947, -4518, -20896, -1570, 22505, 11158, -24806, -23195, 27234, 35358, -28387, -44991, 27074, 49915, -23357, -48266, 18246, 38733, -12655, -21588, 6569, -1307, 1316, 27937, -13221, -57167, 31250, 88154, -55456, -118819, 82385, 145520, -105023, -163646, 114434, 169134, -103033, -159674, 68538, 134839, -16407, -95796, -41324, 45828, 90409, 8724, -119557, -58723, 124311, 94506, -108063, -109173, 79899, 101858, -50959, -78851, 30832, 50947, -24009, -28440, 27693, 17227, -33215, -17853, 31040, 26415, -15762, -36351, -11313, 40804, 42764, -35262, -68360, 20039, 79629, -708, -73345, -14361, 52433, 18258, -24401, -8827, -1711, -10182, 18227, 31354, -21460, -47867, 13390, 56079, -708, -55377, -9180, 47210, 12122, -34769, -8027, 22007, -377
1791219445.866, MrmFullScanInfo, 620, 107, 2055231, 0, 0, 0, 0, 10000, 39297, 32, 4, 2, 1, 480, 0, 0, 0, 0, 0, 0, -712, 183, 1324, -289, -1238, 197, 715, 46, -133, -421, -52, 824, -141, -893, 154, 577, 368, -245, -996, 95, 809, 81, 191, -512, -1157, 1021, 1061, -1085, -205, 575, -194, -29, -284, -36, 1176, -228, -1932, 409, 2370, -71, -2275, -714, 1751, 1125, -1040, -599, 68, -264, 1185, 473, -2239, -84, 2505, -96, -1934, -127, 1060, -166, -164, 711, -813, 885, 1133, -4489, -36, 5975, -1286, -3015, 1133, -1176, 55, 2557, -561, -989, -180, -1268, 1585, 2209, -2666, -1389, 2485, 117, -1056, 159, -406, 733, 721, -1833, -83, 2177, -727, -1538, 1371, 313, -1728, 666, 1408, -1191, 43, 1890, -2233, -2828, 3936, 3066, -3802, -1874, 1466, 163, 1794, 576, -3793, 182, 2959, -1386, 294, 1374, -3556, 253, 4453, -2107, -2612, 2506, -73, -1343, 1476, -20, -1041, 419, -135, 305, 796, -1525, -555, 2429, -43, -2486, 182, 1570, 396, -224, -1342, -714, 2006, 757, -1885, -86, 993, -618, 89, 926, -624, -938, 329, 882, 516, -823, -1316, 708, 1531, -436, -1010, -23, 65, 578, 812, -1007, -1317, 1121, 1354, -940, -977, 710, 359, -563, 200, 454, -462, -295, 446, 135, -254, -63, 63, 140, -18, -259, 164, 213, -343, 23, 425, -256, -401, 292, 354, -145, -346, -36, 358, 134, -305, -103, 207, -89, -98, 496, -26, -1092, 179, 1851, -252, -2938, 221, 4840, -434, -8200, 1796, 13579, -4321, -21686, 6893, 34376, -9493, -54558, 14772, 84567, -26057, -124142, 43790, 168909, -63880, -210214, 77101, 237559, -66877, -240913, 18402, 214992, 65057, -162218, -157512, 92020, 224597, -17745, -242457, -48292, 204386, 97279, -122661, -124295, 24962, 126224, 55473, -103129, -93242, 63221, 81170, -23948, -32638, 4822, -25382, -16568, 65379, 55274, -70687, -103247, 40467, 133919, 12288, -125072, -67155, 74263, 103119, -2019, -105484, -61302, 72676, 92558, -17615, -82785, -38060, 38018, 72207, 25217, -71029, -86415, 35665, 126580, 18451, -133129, -69960, 104779, 101349, -52849, -103855, -3854, 78719, 47015, -35697, -64280, -10148, 52754, 43711, -20087, -55251, -18940, 43515, 49924, -15239, -65180, -18708, 64383, 47959, -52137, -65462, 33854, 68971, -13588, -61047, -5162, 46581, 19122, -29487, -26944, 11813, 29928, 4933, -29764, -19021, 27026, 28640, -21030, -32349, 11475, 29668, -326, -21075, -8401, 7875, 11130, 7583, -6995, -21944, -2298, 31798, 13605, -34285, -23577, 28433, 29715, -16562, -30705, 3491, 26533, 6671, -18703, -12815, 9853, 15856, -2490, -17211, -2259, 17812, 5103, -17918, -7670, 17364, 10952, -15694, -14469, 12241, 16870, -6504, -16968, -1083, 14243, 8991, -8928, -15181, 1974, 18014, 5003, -16948, -10138, 12749, 11914, -7127, -9713, 1953, 4189, 1466, 2899, -2611, -9396, 1485, 13812, 1258, -15672, -4085, 15221, 5218, -12963, -3871, 9754, 914, -6791, 1904, 5104, -2950, -5251, 1106, 7122, 3959, -9888, -11515, 12157, 19987, -12653, -27561, 10961, 32803, -7362, -34688, 2557, 32710, 2588, -26841, -7325, 17898, 10987, -7919, -12575, -623, 11181, 6299, -7189, -9261, 2549, 10466, 490, -10906, -695, 11353, -1401, -12208, 3955, 13448, -5074, -14281, 3880, 13319, -520, -9397, -4241, 2446, 9150, 6335, -12691, -14729, 13220, 20529, -9937, -22862, 4018, 22265, 1836, -19816, -5555, 16504, 7141, -13217, -7782, 10568, 8592
1791219445.866, MrmDetectionListInfo, 620, 175, 229, 18528, 230, 23018, 231, 28659, 232, 35843, 233, 44914, 234, 56067, 235, 65535, 236, 65535, 237, 65535, 238, 65535, 239, 65535, 240, 65535, 241, 65535, 242, 65535, 243, 65535, 244, 65535, 245, 65535, 246, 65535, 247, 65535, 248, 65535, 249, 65535, 250, 65535, 251, 65535, 252, 65535, 253, 65535, 254, 65535, 255, 65535, 256, 65535, 257, 65535, 258, 65535, 259, 65535, 260, 65535, 261, 65535, 262, 65535, 263, 65535, 264, 65535, 265, 55445, 266, 35148, 267, 19806, 268, 13221, 269, 17845, 270, 32761, 271, 52511, 272, 65535, 273, 65535, 274, 65535, 275, 65535, 276, 65535, 277, 65535, 278, 65535, 279, 65535, 280, 65535, 281, 65535, 282, 59764, 283, 58889, 284, 65535, 285, 65535, 286, 65535, 287, 56993, 288, 45043, 289, 44244, 290, 49167, 291, 52553, 292, 54608, 293, 60093, 294, 65535, 295, 65535, 296, 65535, 297, 65535, 298, 65535, 299, 65535, 300, 65535, 301, 65535, 302, 65535, 303, 59396, 304, 47987, 305, 45306, 306, 48175, 307, 48935, 308, 43622, 309, 36472, 310, 34158, 311, 36940, 312, 39119, 313, 37569, 314, 35262, 315, 35941, 316, 38781, 317, 40523, 318, 40913, 319, 42880, 320, 47999, 321, 53921, 322, 56708, 323, 54795, 324, 49756, 325, 43856, 326, 38186, 327, 33075, 328, 29208, 329, 27397, 330, 27125, 331, 26376, 332, 23731, 333, 20044, 334, 17512, 335, 17672, 336, 20408, 337, 24106, 338, 26687, 339, 27086, 340, 25697, 341, 23367, 342, 20384, 343, 16714, 344, 13061, 345, 10731, 346, 9982, 349, 9002, 350, 10437, 351, 13358, 352, 16855, 353, 20485, 354, 24155, 355, 27171, 356, 28497, 357, 27787, 358, 25577, 359, 22566, 360, 19209, 361, 16134, 362, 14267, 363, 13878, 364, 14041, 365, 13566, 373, 12418, 374, 12908, 375, 13411, 376, 13912, 377, 14261, 378, 14277, 379, 13830, 380, 12867, 381, 11450, 382, 9853, 383, 8734, 384, 8809, 385, 9926, 386, 10893, 389, 9962, 390, 11103, 391, 12495, 392, 12922, 393, 12046, 394, 10361, 395, 8402, 423, 12231, 424, 14839, 425, 17031, 426, 18814, 427, 20155, 428, 20941, 429, 21079, 430, 20558, 431, 19484, 432, 18136, 433, 16900, 434, 16007, 435, 15347, 436, 14547, 468, 16159, 469, 16391, 470, 15751, 471, 14590, 472, 13219
1791219445.976, MrmFullScanInfo, 621, 107, 2055356, 0, 0, 0, 0, 10000, 39297, 32, 1, 2, 1, 480, -420761, 492489, 419508, -479339, -452107, 446537, 504052, -370411, -519967, 112402, 520187, 335850, -495583, -497062, 370992, 517070, -112650, -520192, -176026, 519608, 320646, -512439, -473714, 480941, 520152, 513570, -160885, -520152, -410467, 496416, 361879, -500840, -440403, 504973, 280794, -517452, -285652, 517560, 213971, -518379, -285428, 515263, 424969, -507865, -515043, 381699, 520192, 80493, -519998, -491169, 451294, 519693, -166537, -519675, -232139, 519396, 465264, -504314, -516300, 388524, 519984, -132705, -520168, -268405, 514258, 443089, -67691, -373624, -519311, 90129, 520105, 400157, -486373, -516315, -55479, 517573, 509396, -314125, -520192, -352065, 516607, 518513, -326482, -520130, 10837, 519997, 319228, -505920, -506269, 346166, 520089, 118333, -519985, -491592, 438629, 520094, 48326, -519238, -372146, 494683, 481101, -316973, -486513, 8022, 180592, 165644, 205357, -138497, -446279, -67550, 477711, 344564, -306096, -444324, -7897, 381298, 274879, -207986, -422237, -69891, 386050, 311981, -211756, -378860, 40213, 338849, 105405, -231980, -172342, 75519, 107285, 52305, -7580, -89329, -71167, 64460, 123483, -4968, -92559, -41071, -654, 35968, 71630, 19865, -82888, -96507, 54311, 143654, 13246, -128037, -81698, 71391, 103616, -4334, -75531, -51456, 33971, 71488, 4980, -46611, -24442, 12912, 3480, 1091, 41431, 3978, -75950, -36097, 73599, 93903, -30867, -139655, -39932, 147650, 123241, -119131, -145904, 54139, 169579, 20219, -153023, -77297, 107679, 93578, -48500, -77162, -2252, 41496, 21692, -395, -13609, -25101, -9989, 24738, 32505, 3572, -40992, -40716, 20711, 74541, 18874, -92854, -56053, 87182, 85962, -60868, -98769, 34838, 96713, -14927, -71276, 8346, 49275, -15023, -37032, 39398, 35054, -71770, -38727, 107670, 37477, -133391, -17803, 127867, 95594, -70869, -35226, -6157, -30850, 110697, 90970, -210608, -131505, 273846, 155588, -281326, -164894, 237131, 168571, -151697, -204417, -16010, 114383, 93967, -12405, -140876, -83896, 151942, 150974, -136599, -173649, 102607, 146273, -64460, -88155, 34890, 35048, -25735, 15697, 48960, -33594, -65646, 18688, 64271, 12376, -38526, -44898, -6649, 67368, 56756, -72251, -92886, 45078, 113554, -29721, -94027, 23719, 60827, -30571, -26189, 47577, 7647, -66158, -8347, 76505, 25254, -67107, -49127, 38049, 69530, 7022, -71103, -52322, 52514, 83319, -21256, -90707, -13403, 74802, 40357, -42821, -51238, 6041, 43577, 40182, -8307, -39181, -14467, 17974, 28422, 12161, -27600, -37621, 14094, 50940, 3477, -47693, -17821, 29536, 24522, 3581, -27727, -22543, 13997, 33653, -1625, -34749, -5200, 27810, 7203, -19186, -4468, 14039, 1159, -11788, -647, 12907, 12785, -11780, -23674, 6934, 34417, 1539, -43149, -11409, 47559, 18068, -48337, -22217, 46875, 23072, -46606, -12433, 40576, 8498, -45616, -8378, 50995, 12383, -53590, -19328, 51210, 26869, -44918, -34436, 37334, 37550, -28086, -22918, 18797, 17418, -16239, -9293, 17328, -651, -20594, 9002, 25833, -13169, -31514, 13674, 36440, -9088, -39035, -4936, 40843, 17394, -33676, -28434, 22465, 37281, -8950, -40252, -1842, 36588, 7120, -25586, -7159, 7856, 5939, 14628, -17021, -47528, 26180, 86388, -41942, -129097, 58598, 170112, -68894, -198710, 70135, 211407, -51265, -202546, 12384, 173083, 43175, -119252, -91473, 52016, 122443, 17993, -128064, -75166, 111093, 108741, -82577, -117855, 52638, 105829, -30560, -83260, 18995, 57538, -23454, -40350, 34378, 35097, -39098, -39958, 29758, 46244, -6553, -48882, -26486, 43167, 61040, -22490, -89884, -5191, 94170, 29798, -82467, -42154, 59717, 39616, -35584, -24606, 16067, 3401, -5150, 16614, 3557, -25151, -7495, 27668, 15849, -21019, -19182, 9552, 14049, 1925, -1478, -7533, -11938, 8247, 22292, -4716, -28209
1791219445.976, MrmFullScanInfo, 621, 107, 2055356, 0, 0, 0, 0, 10000, 39297, 32, 2, 2, 1, 480, 0, 0, 0, 0, 0, 0, 168156, -228606, -311895, 479533, 361358, -536136, -379889, 349330, 435084, -32208, -507667, -254962, 506825, 431518, -371408, -522141, 135144, 579584, 108688, -566596, -278446, 390600, 325946, -45918, -243629, -338559, 74501, 611382, 91778, -724326, -182030, 712720, 188016, -643770, -146871, 575964, 115037, -542769, -132192, 545522, 200628, -534578, -295145, 425082, 398411, -186063, -489959, -107330, 506802, 349426, -379396, -506278, 123571, 600068, 152329, -628070, -347727, 545979, 451001, -332822, -490266, 47479, 435571, 199735, -233353, -309118, -85352, 241070, 371947, -31892, -458285, -223500, 292454, 394251, 30382, -373177, -349260, 157740, 537881, 136278, -529065, -384979, 328184, 542277, -28116, -584683, -252002, 471318, 449093, -207734, -540721, -112111, 491849, 379366, -288596, -544684, 2432, 590615, 234890, -498313, -319810, 283266, 225410, -29239, -5174, -141106, -235298, 145912, 389106, -1558, -390466, -193249, 237974, 323951, 3954, -319648, -234784, 179986, 368485, 30333, -369766, -219713, 260580, 318806, -103086, -305967, -31615, 204374, 96363, -66887, -84921, -47399, 25799, 100507, 36787, -90039, -64462, 43473, 44447, -810, 5725, -7011, -53589, -24461, 72006, 72649, -51618, -105713, 4370, 103166, 44073, -65280, -70939, 10723, 68697, 34605, -45866, -53042, 20619, 44299, -10819, -22420, 22638, 6928, -46021, -13944, 62003, 47636, -54146, -96225, 18576, 136980, 34976, -147983, -90483, 120356, 133231, -63924, -152040, 1246, 140191, 45637, -100992, -64848, 49333, 56690, -5140, -30689, -17094, 1714, 14709, 15324, 3573, -11509, -22719, -12725, 29182, 48326, -17479, -81387, -8573, 99381, 39845, -97416, -65854, 79881, 78139, -56500, -74098, 37684, 58305, -31821, -38855, 43118, 21450, -69472, -6246, 101198, -4075, -123319, 4401, 121541, 2292, -85229, -3432, 9772, -8361, 96091, 25630, -206730, -38938, 288880, 47771, -317884, -61743, 285073, 86948, -199330, -112386, 83926, 114304, 32084, -77474, -124524, 11096, 180559, 58464, -196262, -104055, 175190, 112108, -128869, -86546, 76336, 42629, -37429, 1828, 22362, -31770, -26566, 37842, 35388, -19248, -34184, -16166, 16276, 54272, 15287, -80672, -50191, 88274, 75123, -80091, -79598, 65224, 62232, -52778, -32319, 48512, 4258, -52733, 9857, 60047, -5020, -61732, -15628, 50288, 42553, -23710, -63762, -12843, 69773, 48893, -57346, -73174, 30366, 78441, 1983, -63125, -28287, 32388, 39638, 1812, -33481, -24882, 14331, 27712, 8603, -11997, -25729, -12567, 30904, 34192, -23653, -43519, 8017, 37032, 9713, -18391, -22900, -4135, 27123, 22530, -22587, -32278, 13628, 32854, -5217, -27048, 255, 19257, 1754, -13326, -3822, 11027, 8852, -11526, -17550, 12210, 28489, -10751, -39382, 6698, 47987, -1339, -52968, -2909, 53949, 3910, -51585, -1539, 48036, -2060, -46273, 4246, 47745, -3485, -50957, -659, 53138, 7623, -52304, -14931, 47740, 19107, -39774, -18274, 30194, 13145, -21952, -5358, 17346, -3839, -16737, 12909, 19210, -19861, -23522, 22574, 28737, -19565, -33988, 10989, 37760, 1303, -37950, -14728, 33359, 26719, -24938, -34567, 15231, 35622, -6600, -28172, -973, 12118, 10123, 11218, -24105, -39975, 44557, 72248, -70358, -105496, 97610, 136101, -119612, -159795, 128004, 172963, -115183, -173361, 78171, 159747, -21811, -131497, -41675, 89573, 97139, -38348, -132402, -13987, 142291, 57520, -129519, -84301, 102559, 91333, -72187, -81376, 48057, 61574, -35491, -40758, 33464, 26488, -35351, -22575, 32701, 28127, -19562, -38082, -5097, 45345, 36904, -44009, -67391, 32371, 87369, -13887, -91139, -4538, 78917, 15966, -55939, -16631, 29916, 7596, -8163, 6226, -4420, -18885, 6683, 26023, -1529, -25839, -5386, 18933, 8542, -7952, -5326, -3308, -3190
1791219445.976, MrmFullScanInfo, 621, 107, 2055356, 0, 0, 0, 0, 10000, 39297, 32, 4, 2, 1, 480, 0, 0, 0, 0, 0, 0, -245, 197, 432, -221, -421, -583, 480, 2039, -830, -2945, 1285, 2424, -1382, -978, 660, -156, 719, 304, -1814, 118, 1429, -231, 584, -406, -2947, 1415, 4044, -1960, -3308, 1645, 1608, -829, 110, 38, -1217, 399, 1284, -175, -489, -968, -181, 2288, 37, -2558, 315, 1629, 57, -532, -1360, 233, 2622, -568, -2633, 814, 1330, -598, 131, 760, -858, -2375, 1409, 4671, -2244, -5863, 2840, 5521, -2572, -4668, 1676, 3848, -728, -2328, -110, -8, 937, 2038, -1744, -2476, 2060, 1387, -1400, -176, 163, -34, 579, -873, -171, 2154, -714, -2820, 807, 2498, 464, -1694, -2161, 1012, 2571, -591, -1141, 302, -881, 456, 1904, -1968, -1641, 3349, 1204, -3281, -1541, 1770, 2260, -381, -2448, 162, 1807, -720, -565, 1154, -891, -1218, 2084, 1377, -2424, -1781, 1739, 2145, -657, -2187, -54, 1827, 200, -1198, -74, 362, 19, 674, -118, -1552, 296, 1782, -393, -1324, 303, 624, -68, -54, -230, -270, 406, 374, -218, -345, -273, 294, 617, -217, -453, -10, -17, 413, 351, -780, -420, 870, 412, -639, -382, 272, 287, 69, -110, -321, -58, 455, 156, -427, -196, 235, 194, 4, -127, -144, -73, 179, 349, -193, -498, 278, 406, -376, -162, 364, -27, -141, 4, -318, 284, 1064, -676, -2206, 901, 4025, -509, -6936, -812, 11625, 2854, -18994, -4987, 30062, 6848, -46243, -8434, 69210, 8696, -98708, -4794, 128605, 78, -146597, -2628, 138700, 13009, -91557, -21862, -3929, 23888, 141719, -25541, -294284, 30829, 422520, -31495, -494438, 5183, 492790, 64056, -418437, -160128, 288929, 237152, -130253, -255439, -32046, 213682, 176537, -140576, -282230, 70882, 332334, -22262, -323033, -5949, 269561, 17819, -199353, -13035, 137168, -4995, -95661, 22381, 75213, -24313, -68799, 4523, 66946, 31203, -59519, -69761, 39869, 99468, -10796, -114372, -15881, 113077, 28889, -97533, -26142, 73555, 13249, -48703, 1438, 28823, -11098, -15341, 12165, 5275, -4237, 5640, -10183, -19086, 25935, 32847, -36608, -42655, 37407, 44799, -27472, -37358, 10632, 21388, 6411, -1780, -17443, -14094, 19689, 20291, -14776, -15670, 7286, 3734, -2189, 9547, 2413, -17765, -7693, 16862, 14890, -7513, -19392, -5350, 17553, 15923, -8991, -20728, -3111, 19156, 13984, -12921, -19760, 4878, 19359, 1921, -14619, -5031, 8735, 3670, -4392, 588, 2871, -4615, -3984, 5606, 6333, -2297, -8051, -4209, 7295, 11144, -3036, -15988, -3802, 17870, 10453, -17251, -14209, 15062, 14282, -12509, -11520, 10775, 7431, -10177, -3396, 10005, 358, -9317, 1464, 7626, -2552, -4704, 3512, 364, -4605, 5212, 5747, -11408, -6695, 17520, 7254, -22882, -7253, 26817, 6537, -28502, -4995, 27110, 2798, -22204, -477, 14068, -1226, -3831, 1790, -6468, -1803, 14534, 2725, -18965, -5396, 19753, 9039, -17671, -12049, 13611, 13461, -8326, -13179, 2180, 11611, 4808, -8855, -12569, 4630, 20607, 1041, -27803, -7378, 32606, 13265, -33641, -17919, 30375, 20918, -23247, -21952, 13315, 20743, -2397, -17253, -6748, 12051, 11428, -6467, -10758, 2216, 6405, -557, -1348, 1582, -1730, -4105, 1665, 5840, 1038, -4363, -4884, -1313, 8083, 9976, -9024, -19024, 6722, 25926, -1343, -28872, -5808, 27186, 12783, -21279, -17875, 12819, 20602, -4593, -21573, -625, 21694, 1932, -21531, -779, 21331, -670, -20988, 1100
1791219445.976, MrmDetectionListInfo, 621, 162, 220, 28802, 221, 34678, 222, 41238, 223, 48201, 224, 55119, 225, 61511, 226, 65535, 227, 65535, 228, 65535, 229, 65535, 230, 65535, 231, 63094, 232, 49614, 233, 32783, 234, 24228, 235, 40483, 236, 65535, 237, 65535, 238, 65535, 239, 65535, 240, 65535, 241, 65535, 242, 65535, 243, 65535, 244, 65535, 245, 65535, 246, 65535, 247, 65535, 248, 65535, 249, 65535, 250, 65535, 251, 65535, 252, 65535, 253, 65535, 254, 65535, 255, 65535, 256, 65535, 257, 65535, 258, 65535, 259, 65535, 260, 65535, 261, 65535, 262, 65535, 263, 65535, 264, 65535, 265, 65535, 266, 65535, 267, 56386, 268, 50581, 269, 50134, 270, 50296, 271, 47322, 272, 41605, 273, 37442, 274, 39408, 275, 47585, 276, 57136, 277, 63021, 278, 63957, 279, 62067, 280, 60583, 281, 61757, 282, 65195, 283, 65535, 284, 65535, 285, 62188, 286, 53650, 287, 43742, 288, 33955, 289, 25207, 290, 18571, 291, 15100, 292, 14259, 293, 13576, 299, 20435, 300, 28582, 301, 34729, 302, 38663, 303, 40668, 304, 40653, 305, 38212, 306, 33218, 307, 26248, 308, 18639, 309, 12041, 313, 16625, 314, 20387, 315, 19938, 316, 16191, 317, 11461, 324, 13901, 325, 14178, 326, 13546, 327, 12683, 328, 12198, 329, 12505, 330, 13536, 331, 14504, 332, 14420, 333, 13239, 334, 12232, 335, 12762, 336, 14527, 337, 15633, 338, 14711, 339, 12337, 340, 10121, 341, 8966, 342, 8534, 343, 7932, 356, 7560, 357, 8553, 360, 10834, 361, 12612, 362, 14389, 363, 15411, 364, 15399, 365, 14648, 366, 13588, 368, 11139, 383, 5359, 384, 7707, 385, 9714, 386, 11261, 388, 14133, 389, 15496, 390, 16510, 391, 17078, 392, 17237, 393, 17002, 394, 16307, 395, 15083, 396, 13336, 397, 11173, 398, 8808, 407, 11896, 408, 12781, 411, 14222, 412, 13799, 413, 12971, 414, 11835, 415, 10405, 422, 11170, 423, 12074, 424, 13562, 425, 16130, 426, 19448, 427, 22450, 428, 24299, 429, 25014, 430, 25061, 431, 24667, 432, 23674, 433, 21902, 434, 19414, 435, 16436, 436, 13307, 467, 18950, 468, 18381, 469, 17134, 470, 15626, 471, 14076
1791219446.101, MrmFullScanInfo, 622, 107, 2055481, 0, 0, 0, 0, 10000, 39297, 32, 1, 2, 1, 480, -422403, 491996, 421092, -479166, -449894, 444551, 503915, -371908, -519819, 112842, 520163, 337062, -496126, -497665, 371090, 517264, -113062, -520192, -178056, 519770, 324924, -512356, -474430, 481512, 520164, 513945, -154635, -520131, -414169, 496695, 362527, -500612, -441536, 504704, 282217, -517732, -283080, 517774, 212716, -516317, -287173, 516284, 425538, -508038, -515205, 388465, 520192, 75903, -520029, -491093, 450945, 519420, -170278, -519815, -232858, 519735, 465818, -503154, -516880, 388177, 520050, -138387, -520160, -276025, 512538, 456721, -63134, -379406, -519096, 96169, 520109, 399765, -487933, -515202, -49969, 516567, 507800, -328010, -520192, -345093, 516489, 518420, -321120, -520172, 17517, 520004, 318201, -505919, -507868, 344426, 520081, 120493, -520137, -492885, 435974, 520045, 51507, -519251, -378169, 492904, 486318, -311776, -486160, 9054, 184605, 170275, 202057, -153146, -449810, -58794, 484475, 344154, -315095, -447075, -2441, 388165, 275134, -210302, -421663, -64869, 390325, 310589, -220077, -382725, 43943, 343862, 103968, -237835, -173263, 79009, 111237, 51605, -8900, -90317, -71825, 65404, 123759, -6861, -95608, -38705, 2107, 36983, 68460, 18190, -83251, -93838, 56286, 141146, 10749, -127009, -79907, 70592, 101627, -4533, -73674, -51079, 32284, 71030, 4001, -46732, -23618, 13775, 2926, 1184, 41698, 4623, -75543, -36231, 74113, 93759, -30266, -139540, -40623, 147262, 122583, -119452, -146802, 54346, 169508, 21589, -152894, -76903, 108104, 93607, -47767, -76858, -2308, 41253, 22412, -641, -13891, -25663, -10772, 25581, 35262, 1048, -47769, -34401, 35655, 62943, -11903, -73130, 1078, 54031, -13053, -7399, 51082, -46861, -121869, -26206, 193438, 23092, -238732, -50133, 248303, 104698, -225529, -167702, 177637, 217994, -102837, -248342, 20318, 245482, 185933, -141954, -235110, 76456, 262533, -22522, -258828, -13790, 233785, 30100, -201553, -23083, 174039, 12075, -158596, 823, 130963, 84887, -148251, -93375, 157432, 115016, -151142, -138074, 125614, 155185, -81149, -158232, 23322, 150362, 27224, -127176, -122654, 53636, 114525, -21127, -87747, 487, 48930, 5583, -10335, 2664, -18638, -21966, 37675, 44559, -47708, -60048, 44101, 74883, -45877, -71786, 49757, 64946, -53990, -55461, 57583, 48627, -55576, -44468, 44318, 42014, -24211, -38167, -3813, 32881, 28371, -21964, -45464, 9911, 53098, -2544, -48049, 1243, 34502, -8003, -17502, 20396, 2060, -33731, -6020, 46424, 9171, -49916, -18364, 43614, 26513, -29753, -30163, 9610, 28012, 9486, -19673, -23267, 7445, 31730, 15589, -38967, -23663, 35330, 24739, -31173, -20855, 27723, 12136, -22929, -3701, 17658, -2125, -11910, 4375, 5823, -498, 3831, -303, -14169, 3355, 24263, -8439, -34087, 15328, 44985, -22754, -55929, 27381, 69475, -25871, -83178, 5806, 95049, 6722, -96519, -21888, 91609, 36283, -81894, -46332, 68302, 50089, -53507, -48132, 41465, 41525, -33113, -16234, 30191, 9194, -30517, -4405, 30667, 5, -29061, 2232, 27384, -2863, -26361, 1684, 26943, 2711, -27792, -15720, 29298, 28007, -23022, -39847, 12599, 47878, 941, -48758, -13106, 39384, 20842, -20344, -22738, -6572, 20202, 36770, -19865, -71375, 23027, 107726, -33219, -142916, 47629, 173035, -63500, -190515, 68203, 192622, -60605, -175949, 33966, 143305, 4731, -91206, -47852, 29339, 79860, 31921, -91578, -79570, 85114, 106576, -64939, -108005, 44206, 89600, -31398, -56861, 30082, 32158, -38669, -19713, 48649, 19156, -49413, -27319, 36324, 35932, -6952, -40687, -32367, 36088, 68662, -11877, -95801, -11140, 93941, 30865, -75466, -38222, 46654, 32562, -17809, -14844, -2426, -6034, 11098, 23846, -9951, -27046, 5366, 26381, 1587, -18904, -2511, 9392, -3441, -3130, 13106, 888, -22961, -2425, 30957, 8180, -33310
1791219446.101, MrmFullScanInfo, 622, 107, 2055481, 0, 0, 0, 0, 10000, 39297, 32, 2, 2, 1, 480, 0, 0, 0, 0, 0, 0, 168157, -228390, -311754, 479159, 361080, -535846, -379641, 349158, 435027, -31966, -507908, -255275, 507160, 431781, -371192, -522436, 133863, 580183, 110713, -567533, -279861, 391371, 325356, -45793, -240983, -339803, 71158, 613085, 94377, -725577, -183357, 713143, 188135, -643407, -146215, 575060, 114424, -541864, -132242, 545608, 201046, -536542, -295058, 428679, 397352, -189816, -488599, -104913, 506313, 348546, -380103, -506151, 124654, 600003, 151838, -628223, -347908, 546497, 451231, -332247, -490128, 43529, 435564, 207441, -234270, -317928, -83596, 247768, 370717, -35377, -459053, -222949, 295326, 396602, 26402, -378163, -344966, 163392, 534182, 132526, -527364, -383670, 329022, 542045, -30210, -584189, -250634, 470222, 449038, -206377, -541033, -113333, 491069, 380352, -285799, -545319, -2019, 590723, 239760, -497712, -324101, 281219, 228909, -24505, -7831, -148669, -234349, 154144, 391097, -7358, -395430, -191473, 244223, 325796, -1151, -323639, -232773, 184367, 370304, 27154, -374616, -218975, 266410, 320851, -107661, -309974, -29553, 208748, 96657, -70074, -86389, -46239, 27079, 101382, 36531, -92261, -65474, 45910, 46422, -2276, 3593, -7251, -52224, -22563, 71894, 69817, -52596, -102958, 5999, 101233, 42148, -64352, -69066, 10538, 67370, 34455, -45483, -52833, 21115, 44158, -11671, -22410, 23336, 7064, -46356, -14156, 61972, 47792, -53858, -96287, 18186, 137011, 35315, -147980, -90714, 120241, 133409, -63688, -152178, 1037, 140218, 45679, -100800, -64783, 48914, 56636, -4685, -30618, -17198, 1281, 13835, 16928, 6453, -15730, -29514, -3557, 43467, 30586, -45340, -49446, 41446, 45035, -42506, -17718, 59609, -15757, -99700, 38509, 157403, -43845, -213719, 29059, 248926, 10129, -253945, -70789, 229456, 139652, -172911, -196596, 80395, 224727, 37510, -218474, -150920, 184270, 228740, -135827, -259978, 87501, 252094, -50826, -221774, 31624, 184842, -22988, -154197, 10216, 140993, 13282, -148689, -40608, 166709, 63635, -176693, -83322, 165881, 103054, -132421, -122209, 80124, 134025, -16583, -130699, -43997, 109972, 83208, -77052, -89511, 41736, 66971, -13659, -29184, -216, -9951, -1744, 41308, 15564, -61324, -33770, 71053, 48481, -74103, -54302, 73958, 50515, -72291, -40973, 69040, 31168, -62808, -25255, 51553, 24602, -34057, -27802, 11501, 31635, 12391, -32893, -32630, 30354, 44661, -25395, -45745, 20848, 36064, -19254, -19713, 21995, 3444, -28924, 6774, 37894, -8519, -44901, 2981, 45777, 6727, -38386, -16707, 23676, 23395, -5115, -23877, -13444, 17199, 29222, -5940, -40115, -4805, 44513, 10753, -42337, -10735, 35416, 6233, -26224, -128, 16892, -4496, -8623, 5688, 1461, -3225, 5395, -1952, -12716, 8911, 20634, -17259, -28814, 26607, 37145, -35876, -46149, 42481, 56909, -43429, -69829, 37649, 83081, -26544, -92983, 12443, 96478, 2589, -92858, -16256, 83449, 26215, -70677, -29889, 57084, 25789, -44594, -15658, 34689, 4075, -28405, 4910, 25571, -10144, -24785, 12194, 24708, -11859, -24928, 9224, 25919, -3673, -28005, -5129, 30208, 16481, -30260, -28644, 26188, 39053, -17800, -44355, 6647, 41234, 5057, -27819, -15867, 4634, 26012, 25715, -37304, -59570, 52035, 93127, -71346, -122650, 93551, 144671, -113398, -156486, 123234, 156847, -115923, -145809, 88145, 123942, -42466, -92091, -12400, 52253, 64003, -8592, -100525, -32507, 115361, 63689, -109336, -78745, 89617, 75461, -66247, -57617, 48159, 33895, -39865, -13873, 39785, 3963, -41210, -5818, 35906, 16804, -18584, -30827, -10438, 40443, 44920, -40229, -74753, 29510, 90213, -12341, -86640, -4606, 66532, 14823, -37569, -14803, 9020, 5824, 11772, 6959, -21372, -17662, 20717, 22564, -14278, -20975, 7874, 14479, -5925, -5966, 9727, -1422, -17570
1791219446.101, MrmFullScanInfo, 622, 107, 2055481, 0, 0, 0, 0, 10000, 39297, 32, 4, 2, 1, 480, 0, 0, 0, 0, 0, 0, -54, 289, 236, -459, -373, 68, 394, 614, -374, -886, 275, 589, -222, -59, 499, -405, -1043, 743, 1376, -888, -886, 652, -396, 24, 1582, -764, -1828, 991, 1308, -610, -690, 68, 219, 389, 55, -720, 26, 803, -352, -306, 435, -1001, 27, 2532, -891, -3118, 1407, 2270, -1137, -836, 500, -96, -123, 267, 149, -365, -189, 782, -89, -347, 727, -2206, -955, 5683, 219, -6994, 794, 5040, -617, -1903, -1060, -525, 2849, 2458, -3595, -4206, 3536, 4654, -2773, -3190, 1044, 1248, 941, -240, -1840, 92, 1271, -148, -342, 153, 40, -191, -659, 326, 2069, -278, -3631, -70, 4622, 657, -4762, -1799, 4259, 3922, -3240, -6295, 1386, 7075, 1329, -5232, -3952, 1632, 5202, 2067, -4442, -4502, 1957, 4983, 1292, -3652, -3967, 1177, 4944, 1444, -3996, -3216, 1832, 3548, 355, -2521, -1529, 772, 1366, 920, -292, -1873, -1065, 1784, 2104, -767, -2264, -738, 1423, 2141, -64, -2893, -1122, 2717, 1811, -1853, -2018, 842, 1784, -98, -1134, -219, 282, 196, 411, 23, -666, -288, 538, 454, -223, -420, -108, 212, 336, 12, -391, -134, 303, 218, -180, -316, 124, 355, -87, -225, -4, 0, 158, 117, -282, -107, 253, 165, 71, -582, -957, 1766, 2886, -4297, -6810, 9051, 14421, -17312, -28157, 31050, 50405, -52728, -82571, 76928, 125144, -91016, -176690, 87475, 229489, -69614, -269264, 42562, 284388, -5600, -271882, -40302, 233667, 89082, -168534, -130617, 74519, 156601, 41002, -166569, -157134, 167770, 248242, -167580, -298477, 165959, 307218, -157282, -286767, 136097, 252565, -94315, -216237, 26157, 184530, 58708, -157116, -135028, 126212, 181214, -84610, -194462, 34803, 183125, 12531, -157372, -48441, 124045, 70553, -88680, -79680, 57872, 76089, -36600, -61539, 24076, 42458, -14169, -25719, 1548, 13897, 14719, -4225, -30415, -8227, 38821, 25896, -35188, -45887, 19877, 61185, 1912, -64881, -22763, 53924, 35515, -30560, -35805, 1594, 23479, 24044, -2647, -38667, -19292, 38767, 33882, -26050, -34765, 6340, 20363, 13083, 5451, -26217, -34731, 28497, 58223, -18529, -69238, 1062, 65847, 14137, -50420, -19011, 28195, 12932, -5365, -908, -12775, -10584, 23599, 17206, -27472, -17844, 26975, 13471, -25152, -5629, 23687, -3939, -22261, 13058, 19499, -19795, -14582, 23271, 8138, -23613, -2274, 21530, -648, -17671, -164, 11912, 3463, -3253, -7058, -8927, 9056, 23468, -7947, -37349, 2732, 45838, 7202, -44799, -21107, 34113, 35291, -17909, -44154, 1210, 44295, 12670, -36923, -21470, 25944, 23920, -15256, -20074, 7571, 11671, -4061, -1986, 4297, -5297, -6561, 7869, 8668, -5916, -8989, 1465, 7076, 2991, -3647, -5610, -7, 5865, 2840, -4544, -4464, 3101, 5163, -2640, -5673, 3260, 6894, -4148, -9425, 4161, 13088, -2313, -16570, -1675, 18021, 7016, -16345, -11826, 11919, 13855, -6412, -11599, 1725, 5009, 671, 4410, 123, -14236, -4606, 22190, 12274, -26708, -20773, 26877, 26842, -22403, -28207, 14142, 24843, -4171, -18394, -5105, 10933, 12387, -3929, -17695, -1817, 21261, 5761, -22783, -7590, 21956, 7491, -19230, -6018, 15487, 3562, -11303, -371, 7187, -3171, -3679, 6303, 921, -7896, 1335, 6973, -2948, -3497, 3226, -1330, -1810, 5885, -946, -8956, 4335, 10437, -7773, -11137, 10948, 11955, -13512, -13181, 14795, 14498, -14103, -15387, 11347, 15477, -7169, -14719
1791219446.116, MrmDetectionListInfo, 622, 179, 206, 21122, 207, 28642, 208, 38155, 209, 49847, 210, 63592, 211, 65535, 212, 65535, 213, 65535, 214, 65535, 215, 65535, 216, 65535, 217, 65535, 218, 65535, 219, 65535, 220, 65535, 221, 65535, 222, 65535, 223, 65535, 224, 65535, 225, 65535, 226, 65535, 227, 65535, 228, 65535, 229, 65535, 230, 65535, 231, 65535, 232, 65535, 233, 65535, 234, 65535, 235, 65535, 236, 65535, 237, 65535, 238, 65535, 239, 65535, 240, 65535, 241, 65535, 242, 65535, 243, 65535, 244, 65535, 245, 65535, 246, 65535, 247, 65535, 248, 65535, 249, 65535, 250, 65535, 251, 65535, 252, 65535, 253, 65535, 254, 65535, 255, 65535, 256, 65535, 257, 65535, 258, 65535, 259, 65535, 260, 65535, 261, 65535, 262, 65535, 263, 65535, 264, 65477, 265, 58803, 266, 51254, 267, 43072, 268, 35246, 269, 28200, 270, 21575, 271, 15215, 272, 10328, 273, 8828, 274, 11029, 275, 15145, 276, 19425, 277, 23657, 278, 28315, 279, 33041, 280, 36556, 281, 37869, 282, 37102, 283, 35369, 284, 34614, 285, 36604, 286, 40479, 287, 42481, 288, 39528, 289, 32011, 290, 22938, 291, 16106, 292, 14257, 293, 16836, 294, 20972, 295, 25176, 296, 29576, 297, 33240, 298, 33948, 299, 30436, 300, 23728, 301, 16656, 302, 12193, 303, 11736, 304, 15379, 305, 22863, 306, 32416, 307, 40279, 308, 43434, 309, 41988, 310, 38329, 311, 35213, 312, 34307, 313, 34760, 314, 33595, 315, 28649, 316, 20569, 317, 11872, 321, 15076, 322, 21144, 323, 23571, 324, 23125, 325, 21876, 326, 20761, 327, 19327, 328, 17130, 329, 14733, 330, 13291, 331, 13515, 332, 15176, 333, 17270, 334, 18654, 335, 18816, 336, 18036, 337, 16832, 338, 15440, 339, 13861, 340, 12206, 341, 10753, 342, 9614, 343, 8575, 349, 9200, 350, 13340, 351, 17368, 352, 20363, 353, 22192, 354, 23493, 355, 25108, 356, 27305, 357, 29576, 358, 31121, 359, 31428, 360, 30475, 361, 28496, 362, 25924, 363, 23895, 364, 23903, 365, 25896, 366, 27662, 367, 27104, 368, 24295, 369, 20759, 371, 14439, 378, 7255, 379, 8331, 380, 8118, 381, 7128, 382, 5908, 400, 7079, 407, 12357, 408, 13188, 411, 10952, 413, 7013, 421, 16535, 422, 19691, 423, 22368, 424, 24518, 425, 25830, 426, 25972, 427, 24853, 428, 22622, 429, 19527, 430, 15918, 431, 12482, 435, 9898
1791219446.226, MrmFullScanInfo, 623, 107, 2055606, 0, 0, 0, 0, 10000, 39297, 32, 1, 2, 1, 480, -425332, 492407, 421059, -480506, -453029, 449433, 505765, -369403, -520048, 106761, 520111, 339241, -495715, -498831, 372565, 516837, -109717, -520192, -176977, 519672, 321116, -511883, -478279, 480558, 520192, 513951, -166713, -520077, -412257, 498268, 359569, -500981, -442207, 503849, 285948, -518446, -287039, 518479, 217853, -518106, -295800, 517790, 430710, -508006, -515599, 382635, 520170, 85598, -519968, -492605, 448671, 519625, -161862, -519684, -231720, 520051, 471563, -503109, -516321, 386199, 520077, -134972, -520166, -258209, 513524, 437026, -74660, -347813, -517742, 63256, 520109, 399384, -485052, -513877, -60077, 517097, 509955, -305885, -520192, -354227, 515458, 518430, -320167, -520187, 4130, 520042, 321299, -503809, -508397, 342776, 520125, 117904, -520078, -492260, 441388, 520086, 49369, -519205, -373965, 493913, 476313, -321615, -468395, 25318, 161992, 140793, 204184, -125211, -437242, -79647, 466068, 343655, -300378, -441470, -9483, 376944, 272483, -197832, -409611, -80068, 368708, 310807, -204658, -375346, 34710, 333237, 103917, -225132, -167971, 74235, 103108, 51845, 733, -86435, -79207, 56694, 125917, 1913, -90584, -42969, -6410, 35595, 76545, 21826, -86410, -98026, 56819, 143640, 11992, -127618, -83415, 70252, 106916, -2000, -76929, -55549, 34591, 75003, 5713, -50156, -24584, 15024, 3770, 1384, 40233, 3856, -75337, -33298, 73784, 92267, -30533, -136858, -38688, 147098, 123597, -117754, -146286, 52981, 169134, 20749, -153466, -76281, 110463, 94206, -53974, -79500, 10550, 49365, -1114, -18797, 25380, 10406, -69240, -36064, 114954, 84120, -134953, -132220, 99195, 166280, 5733, -182988, -165069, 181373, 347280, -166572, -493845, 147186, 507666, 181660, -506552, -223732, 496672, 249417, -456934, -240948, 345469, 224163, -191260, -210621, 40749, 189840, 76315, -164847, -203010, 36732, 205056, -24361, -179503, 27515, 147549, -47040, -119569, 69604, 99197, -80601, -92023, 78213, 89733, -62367, -119793, -23115, 81580, 45428, -36594, -58445, -5319, 60878, 40325, -55890, -57151, 47253, 58105, -34460, -48346, 23031, 30802, -6986, -19766, 9244, 18199, -6168, -23527, -1827, 28433, 15607, -29509, -32848, 31269, 48264, -32495, -57561, 29190, 61775, -32752, -57205, 39350, 52355, -44944, -48465, 44906, 48097, -36842, -45995, 21239, 39042, -347, -25504, -24637, 7055, 35178, 14979, -33712, -33365, 25530, 38991, -10441, -32071, -3234, 14385, 9870, 8354, -7637, -27582, -10419, 36549, 26989, -31365, -41954, 20623, 47186, -6423, -41796, -5085, 28889, 10147, -12089, -8308, -3891, 2868, 12091, 1075, -15238, -5642, 14542, 4635, -13013, 350, 9417, -4610, -4311, 6968, -882, -7284, 8235, 7365, -7031, -9678, 12807, 7889, -14689, -4470, 10237, -2828, 1150, 15088, -17256, -31238, 33348, 50645, -41573, -70156, 29133, 90011, -17451, -93502, 2481, 87992, 14318, -75310, -28021, 58095, 36857, -42593, -38677, 32154, 34371, -27921, -11995, 25678, 5286, -26229, 855, 27953, -6886, -26458, 12148, 23838, -16006, -21486, 16639, 21027, -14833, -23107, 9063, 25343, 677, -24660, -10756, 17450, 20365, -10339, -26774, 957, 27186, 6490, -18521, -9790, 2777, 11051, 24759, -17656, -57975, 26242, 95542, -38659, -134939, 52004, 170119, -59617, -192632, 54164, 196522, -32501, -178542, -5315, 137327, 58472, -78643, -97001, 11903, 117578, 52134, -114072, -97818, 91235, 119531, -56451, -115500, 24805, 92075, -2743, -53148, -2292, 22237, -3385, -4708, 12043, -503, -14129, -3972, 3991, 10479, 15654, -13063, -41006, 8060, 63165, 8505, -64310, -21533, 56409, 29660, -36643, -28366, 12105, 17022, 9798, -454, -22388, -18407, 27140, 33173, -23337, -36803, 9978, 36257, -3901, -31116, 898, 23274, -3612, -18274, 6693, 17705, -10510, -19223, 10463, 19793, -9764
1791219446.226, MrmFullScanInfo, 623, 107, 2055606, 0, 0, 0, 0, 10000, 39297, 32, 2, 2, 1, 480, 0, 0, 0, 0, 0, 0, 168860, -229311, -312966, 480541, 362296, -536020, -380747, 347282, 436287, -29116, -509134, -257484, 507731, 432743, -371079, -522451, 133597, 579651, 110912, -566785, -281006, 391012, 328534, -46419, -245857, -338283, 76034, 611482, 91425, -724749, -183191, 713541, 190549, -645124, -150462, 577888, 119763, -545333, -137727, 548625, 205496, -537165, -297981, 425682, 399272, -184388, -489515, -110113, 505450, 351915, -377211, -507896, 120787, 600794, 155177, -628150, -349950, 546412, 451862, -335118, -489762, 53550, 434202, 187715, -230908, -291587, -89596, 223379, 376798, -20693, -460579, -226143, 290591, 391195, 34812, -368330, -353028, 153701, 538291, 138849, -525552, -386718, 322566, 543413, -22959, -584797, -255292, 470339, 450710, -206350, -541473, -113081, 492160, 379628, -288640, -544683, 3747, 591692, 228933, -502415, -307373, 291588, 209723, -41324, 6897, -127345, -238961, 133465, 385067, 6758, -383142, -195564, 232291, 319784, 4569, -310238, -229573, 168703, 359403, 39020, -360169, -222686, 253352, 316033, -99583, -299996, -31148, 198537, 92212, -63598, -77947, -47282, 17903, 97453, 42898, -85492, -66623, 39157, 42310, 2151, 10638, -8445, -58993, -24063, 76002, 72632, -53131, -105659, 3328, 102789, 46784, -64195, -73983, 8592, 71085, 37678, -47334, -56326, 21289, 46837, -10784, -23550, 21965, 6569, -44925, -12428, 60860, 45513, -53273, -94090, 18058, 135212, 35256, -146698, -90692, 119563, 133582, -63672, -153036, 1452, 142971, 45470, -107662, -65864, 63295, 60905, -31252, -41273, 27183, 22321, -53144, -17524, 95406, 32925, -127460, -67045, 119243, 115140, -50833, -172154, -75524, 231965, 229041, -266173, -367683, 234523, 468987, -132214, -533059, 8738, 556694, 78861, -523944, -119602, 426625, 137144, -281442, -156060, 122102, 175748, 19593, -178760, -123179, 156988, 178404, -122450, -185598, 94583, 158245, -82579, -116634, 84030, 79239, -90092, -58689, 88785, 58017, -70959, -68409, 36895, 73689, 3702, -61514, -39194, 32734, 63337, 1641, -74141, -28997, 72127, 42045, -59497, -41192, 40808, 32501, -22532, -23389, 9943, 18821, -3622, -19887, -522, 25106, 7181, -32426, -17964, 40036, 30709, -46422, -41407, 50913, 46749, -53956, -45786, 56099, 40470, -56755, -34485, 54301, 30701, -46851, -29358, 33003, 28333, -13202, -24737, -8935, 16353, 27654, -3077, -37963, -11972, 37842, 23354, -28484, -26129, 13830, 18500, 135, -2596, -7441, -16291, 4863, 31864, 6401, -39364, -21285, 37336, 33435, -27703, -37914, 14553, 33060, -2419, -20800, -5579, 5625, 8540, 7542, -7484, -15595, 4739, 17978, -2827, -15686, 3006, 10259, -4551, -3264, 5798, -3538, -5897, 8781, 5230, -12223, -4225, 14128, 2421, -13667, 1018, 8593, -6443, 2816, 13868, -19767, -23382, 37855, 35671, -50904, -50995, 54783, 67199, -49157, -79707, 36125, 84456, -18521, -80614, -96, 70489, 15726, -57940, -24123, 46166, 22806, -36410, -13505, 28897, 1370, -23908, 9016, 21245, -16226, -19676, 20593, 18027, -22583, -16359, 22354, 15770, -19833, -17109, 14922, 19768, -7622, -21840, -1656, 21492, 11677, -18069, -20056, 12176, 23671, -4910, -19500, -3331, 5733, 13692, 17271, -28096, -47013, 47524, 79861, -70717, -111935, 93696, 139230, -109907, -157803, 111781, 164335, -93142, -156786, 52691, 134815, 3271, -99607, -61729, 54111, 108098, -3900, -132011, -42793, 130377, 77173, -107633, -92617, 73560, 87264, -39446, -65530, 14202, 36864, -1631, -11677, -527, -2984, -1073, 5326, -934, 1621, 10982, -11631, -28135, 18066, 46620, -16867, -59008, 8406, 59998, 3066, -48469, -12087, 27480, 14561, -2991, -9218, -18516, -1938, 31981, 14784, -35239, -25250, 29954, 30865, -20899, -30970, 13097, 26707, -9231, -20736, 9327, 15851, -11665
1791219446.226, MrmFullScanInfo, 623, 107, 2055606, 0, 0, 0, 0, 10000, 39297, 32, 4, 2, 1, 480, 0, 0, 0, 0, 0, 0, 710, -824, -1168, 1225, 1115, -122, -987, -1748, 1159, 2678, -1187, -2130, 566, 1007, 268, -171, -728, -252, 871, 382, -1595, -80, 2979, -588, -4039, 1113, 3871, -1064, -2207, 461, -212, 490, 2484, -1565, -4142, 2511, 5289, -3136, -5646, 2958, 4694, -1153, -2958, -1861, 1572, 4124, -373, -4287, -1234, 3029, 2953, -1747, -3790, 847, 3352, -39, -2145, 199, 647, -2892, 586, 8851, -1619, -17032, 3265, 23123, -5493, -22055, 5711, 13720, -1915, -3305, -3562, -4424, 6908, 8082, -6573, -7751, 2937, 5006, 2254, -2542, -6058, 1265, 6481, -524, -4151, -36, 1580, 206, -451, 69, 756, -503, -1842, 446, 4157, 1009, -8969, -4507, 14993, 9695, -17735, -15216, 13638, 18675, -4157, -17695, -5461, 11946, 10671, -3440, -9777, -5173, 3829, 11646, 4097, -13781, -10430, 10547, 12795, -3379, -10936, -4115, 6343, 8580, -790, -8684, -4315, 5362, 7825, -631, -8634, -3635, 6263, 6034, -1573, -5976, -3304, 4011, 6204, -1381, -6270, -710, 4131, 1674, -988, -1590, -1980, 774, 3866, 536, -4202, -2027, 3218, 3174, -1685, -3436, 309, 2679, 616, -1210, -1127, -377, 1297, 1618, -1102, -2230, 668, 2211, -251, -1842, 54, 1350, -62, -786, 246, 150, -913, 322, 2763, -200, -6793, -1045, 14246, 4240, -26437, -10608, 44392, 20829, -67361, -33762, 90118, 46940, -100678, -59845, 81533, 77566, -16720, -110158, -96860, 165598, 238550, -217263, -377187, 213167, 497841, -134572, -598370, 22901, 662302, 69649, -658612, -136199, 571301, 197864, -417167, -268013, 227658, 329244, -30938, -349719, -144926, 315187, 267562, -240677, -316082, 156728, 299703, -88457, -246717, 49415, 187009, -40473, -141733, 46846, 121386, -46905, -126494, 29578, 146856, -153, -164545, -31336, 164609, 61673, -142423, -90040, 102614, 113386, -52322, -124849, -1297, 118303, 49017, -94097, -79872, 59841, 86909, -25932, -72456, 337, 45477, 12612, -16691, -12710, -5130, 3631, 15454, 8405, -14754, -16862, 7417, 17371, 633, -9448, -4296, -3347, 822, 15018, 9292, -19556, -22555, 13400, 33603, 3024, -36904, -25353, 29244, 46707, -11781, -59915, -10032, 60185, 28908, -47084, -38543, 24847, 35417, -1096, -20233, -15980, -1690, 21299, 22192, -15189, -33829, 2796, 33205, 9009, -21711, -14752, 4375, 12296, 11745, -2654, -20507, -11037, 20056, 24169, -13364, -31926, 5236, 31825, 1107, -25183, -4823, 15801, 6975, -7417, -9058, 1274, 12051, 4028, -16279, -10164, 21046, 16998, -24117, -22926, 22484, 26471, -14419, -26859, 848, 24097, 14411, -18320, -26358, 9981, 31801, -958, -30693, -5468, 24914, 6834, -16615, -3509, 7993, -1869, -1239, 6217, -2001, -7739, 1472, 6644, 1500, -4360, -4870, 2339, 7196, -1467, -8276, 2209, 8680, -4555, -9057, 7744, 10204, -10652, -12875, 12371, 17023, -12407, -21438, 10539, 24448, -6935, -24760, 2428, 21754, 1793, -15628, -4698, 7802, 5824, -551, -5083, -4316, 2841, 6438, -188, -6504, -1256, 5185, 45, -2954, 4517, 392, -12004, 1425, 21270, -1324, -30501, -957, 36935, 4676, -37652, -8694, 31513, 11887, -20019, -13220, 6043, 12252, 7631, -9161, -18967, 4402, 27054, 1338, -32193, -7038, 35336, 11718, -37206, -15031, 37580, 17376, -35392, -19540, 29578, 21925, -19211, -23883, 4321, 24000, 12897, -21014, -28302, 14709, 38191, -6525, -41356, -948, 38772, 5535, -32731, -6693, 25544, 5605, -18943, -4200, 14180, 3912, -11802, -5094, 10907, 7618, -9450, -11293, 5892, 15497, -128
1791219446.226, MrmDetectionListInfo, 623, 201, 195, 18640, 197, 32435, 198, 40960, 199, 50127, 200, 59279, 201, 65535, 202, 65535, 203, 65535, 204, 65535, 205, 65535, 206, 64968, 207, 63659, 208, 65535, 209, 65535, 210, 65535, 211, 65535, 212, 65535, 213, 65535, 214, 65535, 215, 65535, 216, 65535, 217, 65535, 218, 65535, 219, 65535, 220, 65535, 221, 65535, 222, 65535, 223, 65535, 224, 65535, 225, 65535, 226, 65535, 227, 65535, 228, 65535, 229, 65535, 230, 65535, 231, 65535, 232, 65535, 233, 65535, 234, 65535, 235, 65535, 236, 65535, 237, 65535, 238, 65535, 239, 65535, 240, 65535, 241, 65535, 242, 65535, 243, 65535, 244, 65535, 245, 65535, 246, 65535, 247, 65535, 248, 65535, 249, 65535, 250, 65535, 251, 65535, 252, 65535, 253, 65535, 254, 65535, 255, 65535, 256, 65535, 257, 65535, 258, 65535, 259, 65535, 260, 65535, 261, 64502, 262, 65535, 263, 65535, 264, 65535, 265, 65535, 266, 65535, 267, 59576, 268, 48903, 269, 39032, 270, 29388, 271, 21833, 272, 17556, 273, 14650, 274, 10869, 277, 8754, 278, 13001, 279, 15233, 280, 14443, 281, 11963, 288, 9493, 289, 14704, 290, 19049, 291, 21135, 292, 21245, 293, 20693, 294, 21255, 295, 24413, 296, 29612, 297, 34018, 298, 35316, 299, 34309, 300, 33891, 301, 35863, 302, 39375, 303, 41861, 304, 41049, 305, 36486, 306, 29348, 307, 21345, 308, 14578, 309, 11131, 310, 11203, 311, 13227, 312, 16282, 313, 19955, 314, 22567, 315, 22274, 316, 19688, 317, 17466, 318, 16904, 319, 16387, 320, 13889, 321, 10086, 325, 13963, 326, 16777, 327, 19288, 328, 20999, 329, 21367, 330, 20365, 331, 18521, 332, 16470, 333, 14641, 334, 13199, 335, 11978, 342, 9558, 343, 12470, 344, 15456, 345, 18214, 346, 20633, 347, 22548, 348, 23647, 349, 23621, 350, 22328, 351, 19820, 352, 16568, 353, 14053, 354, 14198, 355, 17103, 356, 20336, 357, 21390, 358, 20010, 359, 17743, 360, 16185, 361, 15894, 362, 16160, 363, 15629, 364, 13528, 381, 5007, 382, 5528, 383, 6214, 384, 7001, 385, 7905, 386, 8960, 389, 12715, 390, 13982, 391, 15146, 392, 16095, 393, 16700, 394, 16857, 395, 16501, 396, 15620, 397, 14279, 398, 12688, 399, 11165, 400, 9910, 421, 14452, 422, 16444, 423, 18291, 424, 20066, 425, 21560, 426, 22305, 427, 21944, 428, 20501, 429, 18242, 430, 15395, 431, 12218, 435, 11272, 436, 13449, 437, 14728, 438, 15326, 439, 16214, 440, 18141, 441, 20844, 442, 23320, 443, 24893, 444, 25739, 445, 26367, 446, 26927, 447, 27163, 448, 26831, 449, 25927, 450, 24547, 467, 17741, 468, 15386, 469, 13043, 470, 11193
1791219446.351, MrmFullScanInfo, 624, 107, 2055731, 0, 0, 0, 0, 10000, 39297, 32, 1, 2, 1, 480, -423910, 492044, 421205, -480566, -450924, 446817, 503753, -369638, -519944, 108947, 520192, 339041, -496534, -498253, 372184, 517462, -110784, -520191, -172985, 519692, 320814, -511576, -474194, 481915, 520181, 513139, -163086, -520192, -411132, 499312, 362884, -500504, -441744, 503721, 281610, -518231, -284777, 518054, 208149, -517136, -289801, 515707, 428391, -507905, -515297, 380448, 520192, 84306, -520104, -490822, 452210, 519383, -166948, -520045, -226885, 519740, 468188, -502327, -516785, 385762, 519933, -131225, -520172, -271910, 512329, 458464, -68402, -380745, -518856, 90568, 520078, 397301, -485262, -513911, -63454, 516656, 509142, -294844, -520192, -357874, 516323, 518603, -327019, -520189, 11349, 519982, 316881, -505245, -507225, 342463, 520084, 121928, -520046, -489989, 437846, 520120, 51036, -519360, -372057, 496008, 477704, -316389, -478019, 15101, 165419, 150082, 207578, -135237, -447260, -72247, 471632, 347155, -302760, -443087, -10172, 376323, 273014, -200245, -415312, -77237, 373511, 312184, -210148, -378969, 39554, 339866, 105094, -229151, -169777, 75222, 100299, 50497, 643, -86778, -79341, 59479, 126798, -563, -94125, -40915, -2011, 36003, 75380, 22281, -87384, -97445, 58288, 145300, 9664, -128739, -80961, 70248, 103954, -1940, -75419, -54337, 33688, 74792, 5305, -50353, -23934, 15255, 4535, -580, 40491, 5141, -75175, -37314, 74763, 95570, -32131, -141668, -36591, 148813, 114895, -112511, -141509, 43922, 151038, 46206, -113850, -126348, 41579, 180525, 43663, -206138, -105964, 209795, 123533, -186653, -100763, 140443, 92238, -96650, -44347, 32722, 12292, 31507, -7846, -89893, 22056, 147391, -40409, -204756, 60983, 253886, -84611, -268652, -37161, 266208, 16504, -231580, 2135, 179713, -9749, -122187, 7066, 78129, 3370, -51098, -11664, 33232, 19537, -21358, -39110, 8228, 39433, -8001, -37574, 9791, 40396, -14846, -46268, 21335, 51882, -22546, -59110, 22106, 68910, -20363, -79066, -18677, 71561, 30705, -62236, -37038, 50077, 40283, -31476, -40118, 14367, 38277, 640, -31883, -14525, 23878, 26835, -12758, -34626, 2046, 42325, 9894, -45814, -19111, 43825, 25637, -35032, -30082, 24462, 31895, -14792, -29044, 17597, 19631, -17208, -10232, 22637, 1331, -30093, 3991, 36840, -4185, -39839, 1158, 37372, 2379, -28205, -6035, 20133, 7369, -9066, -4776, 2157, 775, 1310, 2290, -2052, -3066, -719, 2841, 2348, -70, -2638, -1909, 5480, 9080, -1850, -6205, -4572, 2525, 7966, 2743, -6229, -9306, 1058, 12930, 9158, -12198, -20480, 8220, 28132, 776, -30992, -9487, 30283, 15224, -23875, -16522, 13624, 14481, -2278, -10305, -7226, 3755, 14008, 1849, -12362, -8313, 10353, 4992, -6267, 2217, 2038, -13477, 3578, 28512, -7240, -42133, 10567, 55881, -10444, -66466, -1060, 66456, 8153, -68129, -16988, 66319, 26132, -60662, -34784, 54407, 42574, -47148, -48629, 39877, 49869, -32635, -33021, 22667, 28228, -15078, -21001, 9512, 11548, -6112, -1701, 5133, -5049, -6839, 8218, 11286, -5758, -15188, -4169, 15821, 17213, -10840, -29899, 80, 38001, 11744, -37410, -19035, 26352, 18850, -4401, -12057, -24346, 481, 52759, 7235, -88152, -7923, 122101, 1527, -156492, 12740, 185712, -26824, -202195, 33041, 205466, -26527, -187917, 3197, 157067, 31358, -99279, -67538, 31573, 92116, 35129, -97226, -88425, 85728, 116736, -62924, -119728, 43262, 102424, -29563, -76468, 20646, 48426, -30454, -32079, 40525, 25865, -44692, -27956, 36506, 30264, -17122, -31211, -9812, 25635, 36036, -7752, -49988, -6234, 51614, 15332, -41341, -16209, 27396, 7417, -14623, 5850, 7911, -17732, -8529, 26112, 12082, -24884, -17409, 20767, 18186, -15093, -13093, 10292, 3418, -7766, 7263, 8599, -17187, -10934, 24936, 12922, -27831
1791219446.351, MrmFullScanInfo, 624, 107, 2055731, 0, 0, 0, 0, 10000, 39297, 32, 2, 2, 1, 480, 0, 0, 0, 0, 0, 0, 168394, -228819, -312017, 479566, 361262, -535243, -380033, 347325, 435952, -29821, -509073, -256727, 508135, 432263, -372247, -522074, 135559, 579138, 108582, -566259, -278696, 390709, 326452, -46267, -244135, -338545, 74717, 611910, 92044, -725065, -182661, 713308, 188289, -643987, -146240, 575615, 114230, -542097, -132492, 545206, 202177, -534651, -296901, 424813, 399713, -185150, -490878, -108350, 507795, 349903, -380678, -505974, 124708, 599025, 152066, -626539, -348520, 544179, 452157, -329982, -491352, 42174, 437104, 207370, -235903, -316634, -82330, 246098, 369174, -34182, -455645, -221911, 289505, 390602, 33835, -366646, -353003, 150658, 541158, 140830, -531030, -386267, 328736, 541298, -27718, -582484, -252924, 468740, 450177, -205668, -541294, -113129, 491366, 379704, -287516, -544980, 2420, 591139, 231615, -499664, -312187, 286134, 214925, -33504, 4313, -136311, -240179, 141327, 388744, 2112, -387022, -194575, 234568, 321483, 4813, -313413, -232290, 171993, 363941, 37226, -365492, -223459, 258183, 319113, -102981, -304000, -29243, 201821, 91283, -65108, -77634, -47752, 17916, 99500, 43218, -88333, -67858, 41943, 44235, 107, 9007, -7448, -58569, -24223, 77046, 72377, -55364, -105217, 6150, 102224, 44093, -63705, -71990, 8408, 70055, 37542, -47138, -56174, 21557, 47094, -11197, -24605, 22530, 8587, -45946, -15303, 62656, 48793, -56287, -96521, 22501, 134763, 29339, -140656, -81990, 103567, 118081, -29817, -125211, -61575, 99698, 148387, -51041, -212346, -333, 241181, 35978, -230823, -49466, 186906, 45212, -121278, -33097, 46533, 25292, 26284, -31941, -89211, 55061, 140106, -89454, -179965, 119220, 210122, -126123, -231372, 108285, 239902, -82797, -226442, 64745, 187109, -51587, -132614, 35789, 81461, -16262, -46692, -2897, 29462, 18243, -23418, -28703, 22069, 34345, -22217, -36341, 23666, 37165, -27020, -38885, 31925, 42534, -36868, -48597, 38382, 56695, -32450, -65124, 18445, 70983, -882, -70927, -14330, 63086, 24873, -48395, -31217, 30151, 34180, -11823, -33864, -4630, 30221, 18762, -23683, -30724, 15250, 40364, -6217, -46618, -2409, 47983, 10249, -43975, -17079, 36558, 21707, -29175, -22012, 24349, 16780, -22627, -7225, 23513, -3514, -26394, 12108, 30173, -16359, -33005, 15786, 33019, -11411, -29315, 5309, 22425, 91, -13934, -2997, 5806, 3089, 129, -1354, -2845, -713, 2565, 1916, -375, -1447, -2364, -644, 4183, 3195, -3651, -4619, 514, 3817, 3498, -593, -5627, -4424, 3737, 9820, 2626, -13685, -11961, 14304, 21573, -11022, -28772, 4867, 31542, 1950, -28802, -7398, 20897, 10405, -9734, -10771, -1638, 8682, 10231, -4891, -14321, 1239, 13764, -230, -9280, 3708, 1835, -11761, 7357, 23052, -16740, -35653, 24066, 47572, -26934, -57306, 24183, 64205, -16767, -68238, 6873, 69536, 3756, -68230, -14155, 64816, 23582, -59987, -30165, 53770, 31737, -45397, -28273, 34799, 22175, -23650, -15616, 14204, 8894, -7663, -1962, 4271, -4302, -3948, 8119, 6353, -7584, -10415, 1690, 14122, 8882, -15125, -21576, 12098, 32401, -5731, -36707, -1678, 30590, 7758, -12717, -11542, -15118, 14189, 49071, -18558, -84872, 27805, 118801, -43396, -147623, 63524, 168603, -82697, -179555, 93113, 179398, -87632, -167702, 62926, 143865, -21382, -107657, -28784, 61044, 75767, -9565, -108298, -38500, 120182, 74451, -112420, -92217, 91651, 90716, -67097, -74281, 47401, 50787, -37574, -28582, 36763, 13782, -38926, -8727, 36722, 11995, -25482, -19097, 5508, 24439, 18286, -24151, -38686, 18098, 49514, -9485, -48417, 2686, 37599, -996, -22423, 5150, 8817, -13066, -881, 21103, -414, -26020, -2764, 26404, 6395, -22735, -6742, 16641, 2267, -10197, 6137, 5173, -16050
1791219446.351, MrmFullScanInfo, 624, 107, 2055731, 0, 0, 0, 0, 10000, 39297, 32, 4, 2, 1, 480, 0, 0, 0, 0, 0, 0, -184, 145, 478, -459, -575, 737, 296, -724, 164, 459, -452, -157, 665, -68, -1100, 341, 1727, -665, -2046, 731, 1710, -369, -869, -85, 36, 222, 299, -42, -301, -108, 464, -30, -1282, 486, 2588, -1232, -3458, 1939, 3036, -2202, -1496, 2068, -79, -1707, 1103, 1034, -1592, -74, 1951, -752, -2380, 1237, 2483, -1458, -1824, 1626, 595, -2214, 571, 4045, -1429, -7761, 2357, 12534, -3741, -15391, 5042, 13633, -5314, -7963, 4246, 3009, -2692, -2520, 1989, 5118, -2769, -6353, 4141, 4135, -4582, -636, 3671, -1590, -2067, 2119, 642, -1661, 131, 828, -27, -69, -434, -113, 267, -105, 534, -154, -1161, 930, 1447, -1510, -2122, 1566, 3042, -1191, -2967, 414, 1464, 420, 539, -468, -1870, -520, 2022, 1786, -1235, -2537, 359, 2635, -28, -2182, 191, 1357, -623, -413, 1473, -362, -2676, 761, 3543, -771, -3528, 563, 2841, -354, -1795, 329, 478, -418, 974, 495, -2146, -570, 2676, 588, -2544, -362, 1916, -135, -1029, 646, 213, -979, 323, 1138, -506, -1224, 387, 1315, -142, -1508, 87, 1833, -480, -2204, 1348, 2384, -2750, -1558, 4353, -1165, -5906, 6555, 8688, -16278, -15413, 33885, 27468, -62882, -42169, 102838, 53895, -146907, -57918, 181979, 56650, -193804, -58906, 172958, 71477, -117374, -92634, 32648, 112896, 68852, -119445, -172303, 100912, 266372, -55715, -342593, -9436, 384883, 83189, -375347, -151010, 313328, 197227, -222299, -210985, 134257, 191987, -68203, -146146, 27359, 84391, -5071, -23877, -4675, -18071, 4265, 33722, 1941, -27077, -5005, 7231, -1943, 17648, 16949, -40638, -32131, 56746, 39488, -62661, -36498, 59449, 26993, -55137, -16068, 59946, 5870, -76284, 2549, 95344, -6187, -104991, 1977, 97682, 10048, -72298, -25485, 33715, 37313, 8198, -39412, -41835, 30164, 59102, -13907, -58561, -1536, 43599, 9424, -19916, -7405, -5283, -2915, 25143, 17982, -36341, -33325, 39987, 44497, -38856, -49174, 34624, 48323, -27970, -44556, 19221, 39993, -8253, -35290, -5002, 30055, 19308, -23466, -31873, 15093, 39658, -5809, -40863, -2012, 35286, 5673, -24395, -3605, 11770, -3659, -2171, 13844, -947, -23942, -2448, 31036, 9620, -33177, -17381, 30117, 23390, -23349, -26535, 15172, 26622, -7105, -24199, -557, 20669, 7793, -17560, -14042, 15276, 18607, -12942, -21189, 9586, 21525, -5031, -19343, -91, 14633, 4589, -8085, -7121, 1271, 7025, 3887, -4974, -5941, 2933, 4688, -2984, -1210, 6017, -2481, -11099, 3702, 16246, -601, -19826, -5841, 20896, 12109, -18958, -14855, 14442, 13091, -9154, -7825, 5520, 1211, -5231, 4171, 8407, -6195, -13644, 4035, 18816, 1412, -21963, -7948, 22058, 13252, -19267, -15877, 14792, 15698, -10317, -13757, 7374, 11651, -6823, -10576, 8381, 10852, -10516, -11989, 11007, 12944, -7908, -12501, 455, 9848, 10146, -4685, -21160, -2841, 29872, 11901, -34795, -20775, 35722, 27474, -33116, -30519, 28054, 29228, -21946, -23725, 16447, 14549, -12550, -2948, 9818, -8423, -7115, 16141, 3944, -18005, -812, 14306, -1672, -6880, 3288, -2086, -4592, 10375, 6586, -16336, -9539, 19626, 12343, -21085, -13337, 21798, 11735, -22383, -7919, 23241, 3169, -24539, 938, 26031, -3067, -26851, 2439, 25884, 964, -22285, -6233, 15770, 11776, -6740, -15777, -3762, 16786, 14229, -14409, -22785, 9523, 27583, -3682, -27620, -1485, 23372, 4723, -16424, -5619, 8730, 4829, -1844, -3579, -3460
1791219446.351, MrmDetectionListInfo, 624, 194, 187, 40742, 188, 52941, 189, 65535, 190, 65535, 191, 65535, 192, 65535, 193, 65535, 194, 65535, 195, 65535, 196, 65535, 197, 65535, 198, 65535, 199, 65535, 200, 65535, 201, 65535, 202, 65535, 203, 65535, 204, 65535, 205, 65535, 206, 65535, 207, 65535, 208, 65535, 209, 65535, 210, 65535, 211, 65535, 212, 65535, 213, 65535, 214, 65535, 215, 65535, 216, 65535, 217, 65535, 218, 65535, 219, 65535, 220, 65535, 221, 65535, 222, 65535, 223, 65535, 224, 64313, 225, 42887, 226, 24115, 230, 15962, 231, 19159, 232, 18102, 237, 13621, 238, 24601, 239, 35980, 240, 44230, 241, 48629, 242, 50366, 243, 50374, 244, 48647, 245, 45230, 246, 41023, 247, 37438, 248, 35503, 249, 35505, 250, 37348, 251, 40860, 252, 45620, 253, 50642, 254, 54311, 255, 55146, 256, 53154, 257, 49889, 258, 46638, 259, 43085, 260, 38193, 261, 32061, 262, 26678, 263, 25212, 264, 29674, 265, 37722, 266, 43331, 267, 42454, 268, 36565, 269, 29934, 270, 25218, 271, 22167, 272, 18923, 273, 14119, 276, 8464, 277, 17050, 278, 27308, 279, 34721, 280, 38315, 281, 40149, 282, 41940, 283, 43385, 284, 43375, 285, 41675, 286, 39018, 287, 36120, 288, 33074, 289, 29641, 290, 25827, 291, 22198, 292, 19660, 293, 19013, 294, 20460, 295, 23142, 296, 25451, 297, 26271, 298, 25691, 299, 24426, 300, 22987, 301, 21511, 302, 20044, 303, 18593, 304, 16796, 305, 14032, 312, 13923, 313, 16418, 314, 18921, 315, 21623, 316, 23983, 317, 25339, 318, 25554, 319, 24959, 320, 23875, 321, 22376, 322, 20429, 323, 18097, 324, 15578, 325, 13209, 326, 11648, 327, 11630, 328, 13077, 329, 14862, 330, 15916, 331, 16182, 332, 16227, 333, 16315, 334, 16167, 335, 15421, 336, 14040, 356, 9085, 357, 9794, 358, 10225, 359, 11301, 360, 13306, 361, 15444, 362, 16659, 363, 16565, 364, 15471, 365, 13796, 375, 10023, 376, 10369, 377, 10788, 378, 11681, 379, 13268, 380, 15275, 381, 16903, 382, 17491, 383, 17070, 384, 16113, 385, 14965, 386, 13673, 389, 9683, 390, 9024, 392, 9092, 393, 9634, 394, 10355, 395, 11085, 396, 11605, 397, 11693, 398, 11163, 399, 9890, 400, 8025, 405, 13489, 406, 15715, 407, 18820, 408, 22908, 409, 26822, 410, 29426, 411, 30643, 412, 31069, 413, 31032, 414, 30346, 415, 28765, 416, 26362, 417, 23441, 418, 20242, 419, 16836, 425, 10188, 426, 11387, 427, 11050, 428, 9747, 438, 13251, 467, 17331, 468, 17990, 469, 17546, 470, 16623, 471, 15591, 472, 14528
1791219446.491, MrmFullScanInfo, 625, 107, 2055856, 0, 0, 0, 0, 10000, 39297, 32, 1, 2, 1, 480, -420872, 491825, 421788, -479592, -453303, 447996, 504852, -372246, -520088, 111548, 520135, 332051, -494801, -500891, 367031, 516572, -112019, -520192, -180794, 519489, 321537, -511147, -475974, 480860, 520192, 514098, -164339, -520155, -418949, 497014, 367311, -500115, -439129, 503729, 288553, -517852, -286446, 518356, 218425, -517057, -294138, 516753, 427592, -507029, -515196, 383673, 520192, 83040, -519948, -491298, 449038, 519199, -164979, -519898, -235331, 519845, 469461, -502154, -516546, 390442, 520092, -131937, -520121, -273208, 514208, 440865, -74079, -350834, -518863, 78570, 520082, 402026, -482564, -514930, -57908, 516247, 509349, -316992, -520158, -344642, 515852, 518532, -318443, -520102, 11227, 519922, 320591, -505354, -507882, 343123, 520172, 116003, -520155, -491977, 435711, 520136, 63275, -519488, -379731, 494337, 483555, -317693, -482648, 12745, 178835, 162149, 205571, -141212, -446826, -67727, 473915, 344778, -310765, -448913, -2623, 387108, 272578, -211233, -418803, -70714, 383494, 313637, -213908, -382554, 40607, 341905, 103236, -231918, -173529, 80372, 107047, 49080, -4877, -88065, -77566, 61660, 128268, -4232, -96112, -39165, -963, 32916, 74606, 25165, -82408, -99195, 53965, 146492, 16524, -132675, -90248, 76807, 116421, -10604, -90320, -44491, 49100, 63880, -7399, -34336, -5995, 1827, -13959, 28367, 61482, -41527, -106333, 36863, 124935, -13512, -107432, 11172, 52499, -41265, 40906, 83172, -46999, -86798, 121704, 134536, -166517, -141987, 180698, 101738, -166412, -34904, 135794, -36658, -108354, 97999, 74738, -135270, -54940, 161918, -20672, -138009, 108214, 100272, -195133, -56980, 254697, 18314, -257846, -1129, 215492, 5812, -139084, -14634, 46254, -4808, 22808, 9084, -67436, 671, 89006, -21408, -97403, 56500, 101424, -91431, -104629, 111994, 110103, -111280, -147999, 51589, 129012, -24316, -91790, -7032, 49175, 30890, -8265, -42097, -24797, 46365, 43806, -44996, -45266, 41547, 43872, -27111, -40668, 35844, 37426, -37408, -36168, 30269, 35869, -16135, -30578, -1897, 16681, 20887, -1591, -31927, -28464, 15055, 30961, -8129, -17898, 1732, -7632, 562, 35929, 6583, -57289, -22799, 69997, 42834, -72520, -59388, 56321, 81460, -43905, -73337, 34490, 58394, -28972, -40205, 25581, 25852, -22165, -16676, 16139, 12958, -4650, -14265, -10643, 17528, 22261, -17099, -30375, 15029, 32528, -11570, -28332, 10367, 19885, -9577, -11765, 12525, 4585, -15405, -6811, 19075, 9828, -16163, -15458, 8343, 18669, 4243, -14976, -18921, 6327, 30433, 7814, -35147, -20738, 32426, 43359, -18689, -40846, 5538, 31083, 4927, -13331, -9581, -6483, 8425, 24129, -2965, -31638, -5727, 30126, 12719, -12728, -17251, 52, 7125, 13188, 7181, -22793, -22927, 28852, 36930, -30860, -47511, 27622, 53180, -21194, -56029, 9339, 60842, -3755, -60160, -4204, 60941, 13701, -61283, -24114, 61139, 34543, -60131, -45608, 58506, 51919, -55053, -38040, 40441, 35322, -32190, -28334, 23583, 17218, -17363, -4083, 13879, -7446, -14169, 15264, 19305, -16926, -24419, 8966, 30128, 2720, -29631, -16637, 22527, 28683, -11416, -34859, 663, 31482, 4078, -17004, -4469, -7135, 1724, 34431, -7823, -75055, 11714, 120021, -20051, -163205, 32643, 200445, -42210, -221317, 45135, 221676, -34109, -195966, 5508, 147050, 29530, -80178, -67778, 5374, 89781, 63164, -92294, -112257, 76991, 133322, -56064, -126368, 37394, 97735, -29640, -59446, 35022, 31191, -46502, -15566, 59193, 13649, -60465, -20572, 45335, 24019, -16703, -25543, -19316, 19996, 52300, 204, -67862, -14087, 67452, 20185, -57428, -15612, 40361, 3550, -26650, 12515, 16514, -27435, -13802, 35003, 14181, -30324, -14754, 23430, 10963, -13508, -1140, 5243, -11665, -1865, 24594, 3033, -32104, -7904, 35102, 13754, -34717
1791219446.491, MrmFullScanInfo, 625, 107, 2055856, 0, 0, 0, 0, 10000, 39297, 32, 2, 2, 1, 480, 0, 0, 0, 0, 0, 0, 168671, -229079, -312785, 480662, 362025, -537625, -379949, 350570, 434380, -32594, -506288, -255651, 504969, 432901, -369252, -523448, 132820, 580380, 110939, -566829, -280428, 390504, 327181, -45670, -243063, -339191, 71763, 612580, 95850, -725748, -186184, 713959, 191757, -644783, -150564, 576985, 119211, -544094, -136692, 547273, 204240, -536213, -296907, 425752, 398529, -185552, -489153, -108489, 505444, 350581, -377397, -507171, 120969, 600777, 154979, -628685, -349592, 546128, 451782, -332092, -490839, 47609, 436636, 195086, -233818, -298893, -86928, 229374, 374680, -24052, -459584, -226174, 291241, 394515, 32610, -374153, -349846, 159926, 535497, 134593, -524873, -384978, 324465, 543122, -26053, -585085, -252837, 471025, 449236, -207251, -539360, -112740, 487485, 380894, -281305, -547498, -5007, 594095, 239057, -501430, -319646, 285221, 222595, -29711, -2560, -141680, -236157, 146257, 389169, -471, -391891, -195789, 241789, 326795, -1245, -321305, -230244, 179647, 366308, 32330, -370431, -222199, 263042, 320921, -105624, -307864, -29841, 206614, 94635, -69353, -81933, -45599, 21237, 100152, 41732, -91304, -67804, 46006, 44950, -3910, 7595, -3967, -55995, -27408, 72850, 76204, -49370, -110989, -1627, 110938, 53432, -75513, -82295, 22888, 80618, 20996, -57749, -37289, 32560, 23274, -22937, 9817, 35482, -44721, -61870, 66719, 83908, -71475, -81712, 65727, 47001, -58439, 11964, 55516, -79152, -58738, 141758, 63050, -189623, -57063, 209992, 31139, -195422, 13328, 150935, -65052, -92266, 111217, 33673, -141417, 22164, 146389, -80612, -119773, 143077, 64755, -199754, 2482, 234630, -58660, -235176, 84371, 199569, -75528, -137028, 44657, 62940, -9514, 6235, -19417, -57485, 42101, 85086, -63482, -91278, 87131, 83942, -111263, -74836, 127485, 74195, -126756, -82760, 106434, 90241, -71276, -84705, 29713, 63411, 10133, -32646, -41368, 2224, 59996, 19928, -65210, -31175, 60066, 33931, -51061, -32127, 44106, 28600, -40028, -25235, 34933, 22873, -24867, -20712, 8965, 16183, 9052, -7146, -22866, -4811, 27822, 13483, -23492, -11798, 13127, -2406, -1889, 25310, -4384, -50079, 1748, 69915, 10461, -80294, -28868, 80523, 46292, -73157, -54783, 61597, 50900, -48476, -38042, 35792, 23056, -24601, -12033, 14617, 8063, -4882, -10797, -4892, 17148, 13877, -23023, -20652, 25596, 23860, -24369, -22744, 20733, 17715, -16810, -10694, 14464, 4523, -14417, -1592, 15638, 2763, -15664, -6988, 11898, 11863, -3134, -14469, -9608, 12676, 23238, -5304, -33715, -6950, 37805, 20352, -34220, -29130, 24002, 28859, -10307, -19154, -2742, 3272, 11514, 13453, -13961, -25264, 10012, 28250, -2006, -22023, -5444, 9206, 7567, 6604, -2369, -22261, -8397, 35030, 21152, -42752, -32717, 44168, 41847, -39734, -48904, 31764, 54468, -22877, -58650, 14257, 61681, -5587, -64197, -3661, 66664, 13386, -68954, -21631, 69444, 25723, -65489, -25088, 56075, 21609, -43380, -16767, 30842, 10170, -20581, -1496, 13550, -8084, -10296, 16042, 11171, -19622, -15709, 17187, 21989, -8920, -26924, -3312, 27788, 16365, -23928, -26005, 16876, 27735, -8823, -18587, 499, -1748, 9349, 31468, -22664, -67695, 40635, 106770, -62688, -143862, 85970, 173452, -104945, -190303, 112201, 190682, -101079, -173289, 69000, 139393, -19938, -92492, -35717, 38037, 84471, 16732, -114986, -63325, 122697, 93574, -110856, -102158, 88250, 89374, -65147, -61977, 49555, 30753, -44466, -5969, 46851, -6535, -49230, 6379, 43579, 2727, -25702, -14693, -2317, 23206, 33069, -24437, -57456, 19119, 68819, -11628, -65557, 6853, 51082, -7734, -31760, 14188, 14118, -23174, -2499, 30281, -2028, -32141, 1735, 27930, -804, -19157, 2960, 8631, -9440, 456, 18738, -5567, -27998
1791219446.491, MrmFullScanInfo, 625, 107, 2055856, 0, 0, 0, 0, 10000, 39297, 32, 4, 2, 1, 480, 0, 0, 0, 0, 0, 0, 162, -154, -509, 845, 471, -2087, 259, 3075, -1579, -2768, 2686, 1157, -2946, 542, 2539, -1224, -1980, 984, 1445, -284, -921, -361, 214, 595, 1273, -598, -2992, 681, 3758, -726, -3294, 597, 2806, -512, -3059, 744, 3302, -1049, -2654, 1001, 1181, -617, 134, 292, -814, -163, 1088, 46, -1498, 210, 2183, -601, -2556, 1124, 2003, -1494, -703, 1048, -193, -342, -86, 1886, 556, -6394, 423, 10356, -2290, -10074, 3064, 6203, -2117, -2888, 828, 3135, -774, -5849, 2361, 7082, -4103, -4811, 4147, 1165, -2448, 1115, 487, -1736, 568, 1657, -986, -1306, 1961, 396, -4089, 1148, 6377, -2572, -7382, 2832, 7432, -1135, -7711, -2057, 7832, 5238, -6434, -6822, 3073, 6007, 1293, -3030, -5191, -1226, 6939, 5391, -5388, -7821, 1279, 7403, 3093, -4427, -5622, 579, 5486, 2558, -3193, -4467, 4, 5085, 2536, -4201, -3329, 1860, 2409, 1077, -721, -3430, -554, 4502, 1073, -4391, -1359, 3760, 2066, -3398, -3366, 4006, 5048, -5864, -6916, 8644, 8726, -11595, -9998, 14211, 10522, -16278, -10717, 18596, 11128, -23448, -11816, 33887, 13041, -52550, -16188, 81046, 21860, -119184, -26571, 161496, 26264, -193561, -19746, 198718, 6321, -168771, 17494, 106412, -53367, -20656, 93260, -76101, -122417, 166974, 127256, -233695, -104009, 265156, 56918, -260385, 9596, 222722, -90020, -155997, 169091, 69454, -220709, 18408, 221378, -86132, -162990, 118258, 63576, -119977, 42990, 114699, -132756, -117642, 200092, 118211, -241968, -96727, 248329, 50955, -215344, 4191, 155187, -50394, -92437, 76743, 49332, -81549, -32335, 67944, 31205, -39636, -30094, 721, 19637, 42370, 467, -80649, -24889, 105982, 48209, -112575, -67178, 99803, 79430, -74525, -81954, 47587, 72941, -26034, -55237, 9341, 34830, 5800, -16862, -20959, 2651, 33818, 9647, -40171, -21419, 37795, 30615, -27919, -32711, 13771, 24834, 1079, -8092, -12667, -12970, 17560, 31839, -13331, -42729, 138, 43534, 17351, -35983, -31281, 23264, 35817, -8383, -30864, -5505, 20545, 15538, -10172, -20250, 3951, 20073, -3781, -16816, 9024, 12703, -17011, -9483, 24299, 7964, -28023, -7916, 26916, 8421, -21584, -8538, 13913, 7830, -6250, -6238, 372, 3886, 3407, -1209, -6170, -938, 9371, 1953, -13686, -1823, 18584, 1748, -22485, -3180, 23738, 5740, -21349, -6707, 15209, 3465, -6395, 3907, -2746, -12966, 9259, 20286, -10926, -22769, 7435, 18908, -787, -9440, -5460, -3094, 8251, 15382, -6963, -24214, 3474, 27110, -552, -23189, 304, 14124, -3087, -3959, 7761, -2945, -12522, 4585, 15503, -1948, -15025, -2543, 10211, 6486, -1716, -8102, -8511, 6694, 17624, -2740, -22868, -2506, 23058, 7485, -19176, -10593, 13389, 10716, -7601, -7715, 3108, 2458, -526, 3542, 36, -8753, -1525, 12210, 4565, -13611, -8270, 12995, 11463, -10483, -13288, 6472, 13566, -1843, -12510, -2324, 10011, 5139, -5873, -5726, 630, 3289, 4491, 2218, -8300, -9442, 10392, 16054, -11013, -19579, 10476, 18058, -8964, -11050, 6623, 236, -3843, 11194, 1312, -20047, 181, 24502, -351, -24136, -60, 19383, -179, -11167, 2230, 1219, -6429, 8012, 12038, -14167, -17445, 16071, 20973, -14305, -21431, 10601, 18236, -6636, -11849, 3337, 3862, -921, 3619, -863, -9066, 2787, 12090, -5622, -13301, 9328, 13626, -12986, -13651, 15344, 13480, -15335, -12741, 12488, 10929, -7186, -7663, 572, 3057, 5873, 2289, -10813, -7437, 13393, 11286, -13284, -13111
1791219446.491, MrmDetectionListInfo, 625, 181, 173, 43733, 174, 53223, 175, 64013, 176, 65535, 177, 65535, 178, 65535, 179, 65535, 180, 65535, 181, 65535, 182, 65535, 183, 65535, 184, 65535, 185, 65535, 186, 65535, 187, 57128, 188, 54227, 189, 65535, 190, 65535, 191, 65535, 192, 65535, 193, 65535, 194, 65535, 195, 65535, 196, 65535, 197, 65535, 198, 65535, 199, 65535, 200, 65535, 201, 65535, 202, 65535, 203, 65535, 204, 65535, 205, 65535, 206, 65535, 207, 65535, 208, 65535, 209, 65535, 210, 65535, 211, 65535, 212, 65535, 213, 65535, 214, 65535, 215, 65535, 216, 65535, 217, 65535, 218, 65535, 219, 65535, 220, 65535, 221, 65535, 222, 65535, 223, 65535, 224, 65535, 225, 65535, 226, 65535, 227, 65535, 228, 65535, 229, 63980, 230, 55787, 231, 51191, 232, 47584, 233, 41662, 234, 32575, 235, 22208, 236, 15026, 237, 15901, 238, 25033, 239, 37715, 240, 50302, 241, 62484, 242, 65535, 243, 65535, 244, 65535, 245, 65535, 246, 65535, 247, 65535, 248, 65535, 249, 65535, 250, 60435, 251, 51386, 252, 42294, 253, 33354, 254, 25081, 259, 16983, 260, 20121, 261, 24293, 262, 28645, 263, 31708, 264, 32648, 265, 31645, 266, 29182, 267, 25403, 268, 20250, 269, 14126, 272, 9526, 273, 15664, 274, 21677, 275, 25275, 276, 26039, 277, 24805, 278, 23538, 279, 24536, 280, 27986, 281, 31218, 282, 31486, 283, 28568, 284, 24216, 285, 20163, 286, 17184, 287, 15408, 288, 14734, 289, 14681, 290, 14402, 291, 13422, 292, 12120, 300, 16717, 301, 17576, 302, 17981, 303, 17883, 304, 17268, 305, 16137, 306, 14537, 307, 12577, 308, 10404, 320, 8332, 321, 9500, 324, 12633, 325, 13593, 326, 14198, 327, 14251, 328, 13583, 329, 12038, 331, 6726, 336, 13829, 337, 16526, 338, 17013, 339, 15762, 340, 13497, 341, 10575, 342, 7487, 346, 8686, 347, 11899, 348, 14445, 349, 15439, 350, 15024, 351, 13939, 352, 12646, 353, 11111, 362, 9728, 363, 8934, 364, 8020, 373, 12439, 374, 12489, 375, 12973, 376, 13867, 377, 14511, 378, 14319, 379, 13246, 380, 11654, 381, 9856, 382, 7909, 383, 5772, 392, 9193, 393, 10256, 394, 11128, 395, 11638, 396, 11711, 397, 11376, 398, 10690, 399, 9702, 400, 8514, 413, 10038, 414, 12317, 415, 14019, 416, 14963, 417, 15171, 418, 14676, 419, 13420, 426, 9641, 427, 11586, 428, 12042, 431, 12050
1791219446.601, MrmFullScanInfo, 626, 107, 2055981, 0, 0, 0, 0, 10000, 39297, 32, 1, 2, 1, 480, -420658, 490905, 423567, -479161, -454334, 447257, 505231, -373987, -520012, 109155, 520164, 339268, -496237, -500098, 370634, 516668, -108198, -520192, -177645, 519443, 325232, -511508, -474848, 482452, 520138, 514542, -151231, -520005, -418307, 497470, 364575, -501170, -441249, 502876, 284620, -518625, -288742, 517095, 210647, -516695, -289121, 517511, 427307, -508739, -516060, 389300, 520192, 77895, -520004, -490036, 452173, 519393, -163411, -519971, -228251, 519580, 468038, -503710, -516385, 387294, 520180, -130867, -520192, -280303, 512679, 456248, -65852, -386729, -519021, 86336, 520159, 400374, -488802, -514818, -52301, 516760, 509294, -327646, -520192, -343866, 516557, 518526, -323781, -520125, 7291, 519711, 319785, -505890, -507377, 343646, 520143, 123421, -520103, -493300, 438521, 520027, 54797, -519070, -380865, 493640, 480588, -315187, -481155, 12278, 182125, 168573, 205250, -150647, -446128, -71487, 475139, 343137, -311673, -447208, -5169, 385188, 275353, -205458, -418852, -74932, 387117, 312748, -216895, -383973, 37405, 340088, 103632, -229921, -174742, 76577, 109785, 54088, -7518, -93813, -73190, 68853, 122276, -15613, -94092, -25477, -3160, 18228, 75019, 39506, -77122, -110273, 46209, 149373, 25440, -117688, -102342, 32635, 128664, 78819, -107914, -190761, 82089, 277027, -73629, -304923, -120701, 298291, 96623, -287528, -43165, 251257, 10598, -206476, -33384, 175721, 108078, -143244, -203252, 96583, 279320, -34550, -210996, -72839, 179892, 140846, -99699, -187670, -4590, 198788, 107225, -174683, -175551, 123290, 189506, -57393, -156930, -4175, 114907, 40685, -31347, -49330, -37715, 35016, 69754, -9698, -61915, -12094, 28797, 14592, 20976, 1582, -73530, -22934, 57189, 55107, -60696, -83107, 47033, 94100, -22417, -82487, -7137, 57180, 30958, -26255, -42630, -7119, 46938, 33501, 2942, -35141, -10244, 27437, 9377, -12438, 7024, -5772, -29939, 21319, 49495, -24328, -60119, 19541, 61877, -9624, -50701, -21320, 22509, 21646, 4039, -13366, -25242, 259, 39867, 11685, -40888, -18192, 30819, 21318, -16716, -20231, -9322, 11810, 12768, -6539, -10951, 7382, 5559, -11310, -985, 18055, 1507, -27238, 254, 33219, -4745, -33360, 20047, 24577, -31439, -22518, 46138, 20350, -58627, -20424, 64975, 24220, -62851, -27726, 50180, 26624, -28564, -22454, 5420, 14177, 12346, -823, -19128, -11649, 16693, 18040, -6637, -17533, -4538, 9820, 9415, 2169, -6786, -12275, -6215, 20317, 18960, -13296, -29675, -77, 31278, 16745, -20165, -31554, 370, 39159, 23517, -36181, -45368, 25964, 58405, 1879, -56784, -15216, 46801, 22350, -31033, -20700, 13418, 14353, 1214, -6284, -10096, -22, 12550, 1155, -9467, 24, 7424, -10246, -5842, 22164, 5475, -34465, -6376, 44132, 5495, -50251, -3280, 54926, 274, -59378, -853, 55912, -525, -60970, -2431, 65466, 9741, -69216, -22124, 69780, 36299, -67227, -48726, 61189, 56732, -51587, -40559, 32735, 35473, -22202, -25094, 13846, 10508, -9824, 3326, 8511, -14267, -10699, 17997, 14098, -14033, -16267, 1609, 17371, 15146, -12126, -30426, 3203, 41927, 5247, -43940, -11654, 35316, 11085, -15162, -8672, -12727, 5502, 46196, -5836, -84470, 16051, 125830, -34050, -168073, 59412, 205151, -75489, -225947, 80505, 230954, -60747, -213122, 18664, 178967, 37311, -115110, -89114, 35862, 122630, 42428, -126739, -104294, 107728, 136516, -74516, -137769, 41270, 111082, -19312, -64242, 12954, 26651, -25622, -3782, 42381, -2206, -52030, -7771, 44939, 22413, -20721, -35525, -14195, 38501, 46551, -22877, -68841, 4398, 67807, 8482, -50425, -11709, 25021, 3492, -1762, 12280, -11085, -29944, 11668, 43068, -3090, -46522, -16161, 40857, 25187, -28751, -25726, 17718, 17396, -9894, -6377, 8178, -7600, -10796, 18524, 15061, -25436
1791219446.601, MrmFullScanInfo, 626, 107, 2055981, 0, 0, 0, 0, 10000, 39297, 32, 2, 2, 1, 480, 0, 0, 0, 0, 0, 0, 169049, -229108, -313539, 480804, 362738, -537268, -380556, 348964, 435542, -30151, -508203, -257514, 506826, 433444, -370032, -523239, 132376, 580330, 111864, -567343, -280250, 391068, 324551, -45254, -238851, -340867, 68386, 614473, 96765, -726657, -185262, 713605, 190088, -643621, -148259, 575494, 116086, -542614, -133337, 546617, 201767, -537519, -295494, 429227, 397659, -189870, -488580, -105137, 505692, 348921, -379086, -506643, 123855, 600370, 152113, -627817, -348060, 544507, 451832, -328741, -491625, 39546, 437808, 210280, -236475, -318395, -82534, 246002, 371222, -32921, -460121, -224493, 295593, 397170, 27200, -378444, -346200, 163800, 534728, 132153, -526132, -383891, 326050, 543060, -27002, -585216, -252552, 470181, 449817, -205173, -541475, -114771, 491171, 381299, -285392, -546028, -1977, 591701, 237807, -498922, -320076, 282323, 224444, -26144, -5190, -145173, -233943, 148625, 388183, -1772, -391615, -194508, 240988, 324767, 822, -318657, -233487, 177340, 369742, 33353, -372612, -221925, 263099, 319857, -103820, -306149, -32774, 204048, 98385, -65751, -86668, -50375, 27085, 106483, 35057, -99808, -60929, 56973, 38754, -16764, 11886, 9218, -56989, -37979, 69309, 78899, -39909, -97481, -19528, 70062, 84716, 5055, -135780, -107141, 155846, 205555, -134051, -278667, 83220, 317315, -39218, -316658, 25352, 279709, -25082, -225283, 5405, 179096, 50945, -154238, -128137, 138596, 191293, -105058, -215738, 37804, 199209, 52198, -150169, -137959, 76616, 196267, 8410, -215133, -84831, 193386, 133779, -139492, -145630, 70175, 121124, -5071, -70008, -40451, 10373, 59133, 36216, -52603, -54379, 30582, 40063, -6374, -2942, -8186, -38359, 5620, 67797, 14302, -79756, -42619, 75727, 65705, -57631, -73845, 28957, 65241, 3695, -44133, -29740, 17239, 39554, 8597, -32200, -26851, 17279, 32066, -7294, -22345, 8118, 1472, -18032, 21923, 31358, -38461, -42480, 41553, 47360, -30245, -43700, 10361, 31074, 8204, -11186, -17734, -11672, 17171, 31225, -10037, -41531, 607, 39404, 8092, -26496, -14298, 9192, 17182, 4608, -17017, -10080, 15412, 7903, -14749, -1874, 16917, -4703, -21746, 11308, 26177, -19074, -26331, 28488, 20979, -38914, -12455, 49359, 4518, -58568, 42, 64388, -233, -64041, -3106, 55395, 8028, -38704, -12144, 17522, 13076, 2526, -9406, -16218, 1907, 20753, 6450, -16689, -11896, 7633, 11717, 1115, -5361, -4902, -4877, 1769, 14278, 6995, -17725, -17512, 12421, 24713, 732, -24211, -17780, 14266, 33333, 3404, -41857, -24203, 39863, 42375, -28192, -52889, 12023, 52921, 2344, -42816, -11150, 26069, 13861, -8031, -12235, -6093, 8815, 13319, -6124, -13734, 6425, 9606, -11152, -3617, 20065, -2336, -31074, 7412, 41450, -11576, -49270, 14954, 53844, -17396, -55704, 18544, 56510, -18044, -58309, 15463, 62205, -10050, -67552, 1322, 72665, 10100, -75594, -21200, 73981, 28029, -65762, -28940, 51439, 25191, -34823, -18377, 20332, 8935, -10184, 2104, 4640, -12181, -3138, 17980, 4990, -16911, -9132, 8447, 13735, 5591, -16568, -21574, 16146, 34949, -12630, -41096, 7325, 36511, -1324, -20057, -5450, -6672, 14548, 40283, -28443, -76911, 49489, 112979, -77723, -145023, 108963, 169737, -134652, -184503, 144238, 188234, -129412, -180606, 88210, 160303, -26847, -125299, -41697, 75856, 101621, -17452, -139523, -39641, 149030, 83545, -132639, -104678, 99922, 99713, -63747, -73706, 36010, 38268, -23474, -6434, 25004, -12286, -32454, 14193, 35435, -1630, -26867, -17916, 6108, 34727, 21223, -41456, -45771, 36675, 58472, -24629, -54820, 12100, 37126, -5107, -12995, 6634, -8486, -15683, 20266, 28096, -19746, -38619, 9704, 43164, 3196, -40231, -12121, 31368, 13384, -20288, -7004, 10898, -4353
1791219446.601, MrmFullScanInfo, 626, 107, 2055981, 0, 0, 0, 0, 10000, 39297, 32, 4, 2, 1, 480, 0, 0, 0, 0, 0, 0, 442, -83, -965, 483, 915, -517, -502, -303, 500, 1263, -794, -1356, 631, 750, 302, -302, -1343, 396, 1634, -689, -283, 452, -2546, 670, 4814, -1959, -4689, 2203, 2500, -1212, -433, -116, -507, 957, 998, -1169, -1685, 1004, 2198, -170, -1979, -1678, 1518, 3763, -1298, -4554, 1126, 3473, -457, -1589, -722, 242, 1782, 117, -2011, 171, 1246, -1064, -70, 3021, -739, -7026, 1275, 12246, -2322, -14909, 3281, 12210, -2017, -6165, -1618, 399, 4938, 4161, -5996, -7125, 4911, 7277, -2746, -4735, 657, 1648, 494, 457, -758, -939, 556, -89, 151, 1513, -1323, -1879, 2054, 888, -1489, 432, -72, -1266, 1996, 2077, -3894, -3807, 5437, 5866, -5637, -6536, 3701, 5126, -447, -2798, -2059, 894, 2315, 267, -330, -825, -2695, 1084, 4835, -1114, -4688, 701, 2483, -32, 406, -230, -2981, -320, 4998, 1753, -6422, -3961, 7177, 6797, -7236, -9976, 6774, 12871, -5717, -14665, 3563, 14679, 77, -11860, -5114, 4201, 11635, 11244, -20729, -37446, 34751, 75894, -57406, -124255, 79350, 177927, -80525, -233808, 55088, 284538, -21017, -312811, -4892, 303310, 30316, -259480, -69821, 202792, 122187, -155308, -164893, 119710, 171787, -81500, -134579, 30022, 65372, 29680, 16472, -85393, -93585, 128520, 151743, -152839, -181621, 153973, 181471, -132848, -153712, 96721, 99576, -54768, -21251, 14160, -70314, 19099, 153727, -38843, -206591, 40963, 215558, -26204, -181354, 711, 118463, 24786, -49350, -38737, -5352, 36090, 35125, -23574, -40812, 15989, 30325, -25189, -13646, 52239, 3821, -85665, -12395, 109553, 38385, -113031, -65008, 93742, 72991, -56731, -56901, 11757, 24885, 28764, 9339, -54389, -33989, 60287, 43256, -49453, -37680, 31775, 21686, -18364, -916, 14501, -18730, -17583, 31857, 21662, -35248, -22238, 29037, 18770, -16699, -13725, 3201, 9846, 8075, -8491, -16993, 9764, 25322, -12840, -33965, 15755, 41780, -15874, -45611, 10318, 42497, 1734, -32221, -16504, 17164, 27161, -262, -29013, -15888, 22684, 28431, -12229, -34692, 2314, 33419, 3781, -25659, -4784, 14624, 1125, -4384, 5615, -1771, -13179, 2615, 19143, 659, -21509, -5147, 19379, 7632, -13346, -6161, 5596, 984, 750, 5793, -3004, -11344, 404, 13203, 5562, -10049, -12143, 2234, 16685, 7879, -16963, -17007, 12035, 22937, -3604, -25218, -4311, 24346, 8227, -21114, -7585, 16811, 4286, -12856, -1206, 9911, 794, -7577, -3975, 4998, 9743, -1459, -15865, -3428, 20273, 9610, -21863, -16094, 20456, 21074, -16605, -22552, 10897, 19615, -4069, -13246, -2151, 5628, 5323, 1235, -4109, -5972, -502, 7776, 6173, -6578, -10431, 3241, 11568, 793, -9207, -4053, 4465, 5436, 690, -4532, -4557, 1787, 6431, 1532, -6573, -3781, 5860, 3684, -5194, -879, 5129, -3864, -5670, 9042, 6308, -12947, -6305, 14242, 5253, -12475, -3513, 8326, 2133, -3139, -1954, -1661, 3313, 4954, -6467, -6131, 12014, 5291, -20018, -3225, 28954, 1162, -35885, -673, 37806, 3572, -33160, -10642, 22663, 20027, -8796, -27545, -5457, 29309, 17398, -24231, -24840, 14183, 26319, -2650, -21636, -6456, 12121, 10147, -584, -7681, -9363, 893, 14641, 6889, -14082, -12201, 8870, 12452, -1634, -7026, -4899, -2207, 8660, 11666, -8765, -17861, 6209, 18934, -3673, -15113, 3886, 8391, -7550, -1623, 13087, -2501, -17750, 2334, 18832, 2118, -14880, -9003, 6497, 15398, 3850, -18818, -13183, 18526, 19292, -15428, -21021, 11101, 18427
1791219446.601, MrmDetectionListInfo, 626, 191, 159, 50272, 160, 65535, 161, 65535, 162, 65535, 163, 65535, 164, 65535, 165, 65535, 166, 65535, 167, 65535, 168, 65535, 169, 65535, 170, 65535, 171, 65535, 172, 65535, 173, 65535, 174, 65535, 175, 65535, 176, 65535, 177, 65535, 178, 65535, 179, 65535, 180, 65535, 181, 65535, 182, 65535, 183, 65535, 184, 60946, 187, 41331, 188, 65535, 189, 65535, 190, 65535, 191, 65535, 192, 65535, 193, 65535, 194, 65535, 195, 65535, 196, 65535, 197, 65535, 198, 65535, 199, 65535, 200, 50564, 201, 28297, 203, 40031, 204, 65535, 205, 65535, 206, 65535, 207, 65535, 208, 65535, 209, 65535, 210, 65535, 211, 65535, 212, 65535, 213, 57292, 214, 47173, 215, 39261, 216, 30465, 217, 23378, 218, 23134, 219, 29209, 220, 34226, 221, 32563, 222, 26480, 223, 22186, 224, 22802, 225, 26977, 226, 32550, 227, 39305, 228, 48118, 229, 58825, 230, 65535, 231, 65535, 232, 65535, 233, 65535, 234, 65535, 235, 65535, 236, 57569, 237, 40717, 238, 25355, 240, 19341, 241, 28503, 242, 39570, 243, 48183, 244, 51764, 245, 49894, 246, 44126, 247, 36564, 248, 28521, 249, 20471, 254, 23888, 255, 28268, 256, 29045, 257, 28047, 258, 26503, 259, 24071, 260, 20167, 261, 15172, 266, 11330, 267, 14170, 268, 16579, 269, 19063, 270, 21973, 271, 25050, 272, 27708, 273, 29465, 274, 30028, 275, 29184, 276, 26831, 277, 23347, 278, 20083, 279, 18733, 280, 19341, 281, 19774, 282, 18264, 283, 16103, 284, 16430, 285, 19963, 286, 23683, 287, 24471, 288, 22366, 289, 19608, 290, 17868, 291, 17133, 292, 16369, 293, 14621, 302, 10898, 303, 11261, 304, 11868, 306, 13023, 307, 12025, 308, 9759, 316, 7684, 317, 7634, 318, 8365, 319, 9406, 320, 9734, 321, 9534, 323, 12419, 324, 15131, 325, 16692, 326, 16481, 327, 15180, 328, 14008, 329, 13820, 330, 14554, 331, 15405, 332, 15529, 333, 14593, 334, 12850, 335, 10813, 346, 9293, 347, 11430, 348, 13904, 349, 16213, 350, 17993, 351, 19159, 352, 19763, 353, 19797, 354, 19146, 355, 17703, 356, 15483, 357, 12671, 385, 4867, 386, 5038, 394, 9162, 395, 9824, 396, 10106, 397, 9946, 398, 9259, 399, 8088, 411, 10968, 413, 14443, 414, 16059, 415, 17439, 416, 18554, 417, 19371, 418, 19848, 419, 19983, 420, 19815, 421, 19375, 422, 18637, 423, 17631, 424, 16717, 425, 16581, 426, 17753, 427, 20067, 428, 22432, 429, 23378, 430, 22215, 431, 19449, 432, 16131, 433, 13276, 435, 10824
1791219446.726, MrmFullScanInfo, 627, 107, 2056106, 0, 0, 0, 0, 10000, 39297, 32, 1, 2, 1, 480, -417854, 491216, 424259, -479626, -452390, 445072, 506145, -370667, -519884, 111059, 520181, 336045, -496277, -498644, 368156, 518153, -115066, -520189, -179486, 519249, 325949, -511025, -477334, 480669, 520178, 513124, -173795, -519922, -411094, 498824, 362983, -499856, -439160, 504712, 286776, -517997, -291092, 518876, 216675, -517300, -292218, 515141, 428572, -507894, -515393, 379060, 520192, 91351, -519934, -493520, 445285, 519847, -162567, -520192, -235038, 519665, 468321, -502027, -516294, 389332, 519844, -135957, -520113, -257276, 513453, 431757, -69974, -333581, -518940, 71324, 520141, 403757, -482784, -513799, -55375, 517308, 509109, -294014, -520192, -368122, 515485, 519121, -314350, -520171, 1096, 519868, 323602, -504970, -506791, 344580, 520132, 111700, -520120, -490207, 437889, 520028, 53002, -519437, -371476, 493312, 477189, -317836, -473535, 21338, 168378, 146980, 203572, -131360, -440498, -73969, 470968, 343475, -294832, -442032, -10830, 376985, 273977, -198685, -411997, -75535, 374147, 308582, -205686, -377311, 37781, 336102, 106042, -229706, -170043, 70988, 102694, 55283, 1983, -93178, -89863, 68709, 152903, -11528, -145818, -32049, 94880, 29747, -84719, 24062, 109145, 7979, -215945, 22054, 350244, -12151, -445043, -10877, 455799, 17825, -376180, -16343, 235331, 9141, -84889, 1367, 34052, -38829, 18513, 16137, -8849, 50239, -24128, -151779, 36948, 271638, -4183, -357930, -60328, 389981, 154042, -362885, -256537, 232707, 285249, -125737, -273299, 18107, 224401, 51475, -155576, -77266, 91464, 70060, -61386, -39278, 59506, 12117, -84834, -6099, 104830, 30989, -111477, -69598, 87521, 109849, -38633, -137434, -14287, 136087, 64968, -106871, -101702, 68100, 135981, -8649, -113850, -30165, 84920, 54214, -55754, -60224, 31134, 60828, -15098, -57191, 8247, 50386, -1098, -43572, -18154, 52863, 27603, -44473, -37786, 30668, 52819, -11187, -63599, -8735, 63894, 28642, -53959, -41908, 37688, 43020, -8285, -42966, -11772, 27313, 20922, -7495, -21397, -9519, 18938, 16280, -13718, -12713, 8012, 7219, -8605, 1561, 12759, -3585, -21305, -2342, 28262, 14603, -30695, -27588, 25985, 39162, -16480, -46483, 9319, 48222, -10002, -43297, 22269, 38152, -34687, -37847, 49693, 41810, -58816, -47676, 58311, 54965, -47124, -58235, 25403, 54618, 2101, -43817, -33141, 32002, 45168, -14403, -43603, -888, 32579, 7519, -17006, -4584, 6299, -4574, -3715, 17979, 11277, -27612, -29353, 21142, 43873, -13569, -53650, 1715, 52717, 11267, -40344, -20693, 21890, 23761, 230, -19356, -18638, 11430, 35759, 3169, -37055, -8890, 34573, 9860, -27070, -6730, 17978, 3544, -9024, -2364, 3113, 4991, 2291, -10954, -9156, 16116, 14728, -25044, -19149, 33218, 20550, -39617, -17773, 44895, 11400, -49547, -2791, 55976, -4390, -63620, 7932, 65614, -5178, -70754, -4852, 71994, 20080, -66661, -35041, 56265, 48664, -42078, -57360, 26696, 60031, -12243, -32236, -8064, 26000, 14954, -16619, -16664, 4153, 13175, 9307, -4725, -20670, -6440, 28387, 18862, -29959, -29700, 23228, 37791, -10798, -35828, -2581, 26226, 13914, -12207, -19180, 63, 15207, 7002, -1997, -7346, -15444, 4994, 33400, -2911, -51321, 12794, 69804, -32730, -89838, 60196, 111710, -87550, -130510, 103810, 145522, -99964, -151845, 71562, 147739, -23443, -120855, -36567, 75284, 87077, -18424, -115394, -37787, 118358, 76988, -98912, -93480, 70566, 85941, -42279, -65774, 30933, 35800, -27239, -10363, 34230, -2024, -40886, 1910, 39386, 5478, -25657, -16589, 1803, 20817, 25393, -15688, -46520, 5069, 50211, 6338, -40937, -11914, 24581, 9268, -7386, 3034, -6927, -20014, 12616, 35727, -10407, -34464, 3757, 34060, 1582, -27496, -3463, 17525, -466, -9381, 8537, 7578, -16101, -9338, 21282, 14716, -22539
1791219446.726, MrmFullScanInfo, 627, 107, 2056106, 0, 0, 0, 0, 10000, 39297, 32, 2, 2, 1, 480, 0, 0, 0, 0, 0, 0, 168765, -228609, -313239, 479583, 362839, -536101, -380992, 349003, 435553, -31420, -507664, -256114, 506591, 432655, -370673, -522888, 133197, 580031, 111944, -567125, -282598, 391519, 330636, -47258, -248143, -337202, 77690, 610623, 90833, -724457, -183451, 713769, 191376, -645651, -151345, 578188, 119801, -544725, -136656, 546794, 204143, -534278, -297393, 422216, 399639, -181071, -490144, -112539, 505433, 353245, -376423, -508389, 119925, 600842, 155444, -628218, -349474, 546896, 450992, -336303, -488529, 56207, 432027, 183524, -227473, -287428, -93107, 220937, 378850, -19968, -461250, -225488, 290809, 387768, 35200, -361393, -354571, 145330, 539992, 145324, -525501, -390010, 320366, 544684, -20229, -585837, -256735, 472225, 450047, -208883, -538904, -111076, 488811, 379039, -286087, -544881, 2481, 591212, 230361, -500475, -310646, 288444, 214435, -37353, 2988, -131961, -237221, 138013, 384692, 3623, -382648, -194754, 231147, 321153, 6176, -313155, -231482, 172267, 361460, 36180, -362127, -221961, 254887, 317526, -100472, -302138, -30959, 199062, 92042, -60585, -75534, -55258, 8437, 111734, 67621, -107349, -118513, 70299, 133800, -34511, -131549, 20650, 145929, -33861, -200894, 68948, 288511, -112100, -370692, 143204, 403359, -147022, -362446, 119813, 260583, -73132, -138403, 27621, 38109, 4779, 15818, -31715, -19182, 71508, -15153, -135605, 60076, 219909, -84859, -305802, 67431, 366237, -4482, -378085, -85891, 333912, 172271, -245984, -225841, 140029, 233724, -43238, -201874, -23651, 149977, 51701, -101555, -45383, 73285, 20764, -69193, 999, 81490, -3190, -95569, -19533, 97450, 59956, -79818, -102289, 43890, 129873, 3953, -132501, -53804, 109817, 93193, -69442, -111853, 23128, 107678, 17409, -87555, -44865, 61843, 57758, -39025, -58922, 22019, 54190, -9011, -49916, -2345, 48622, 13235, -47363, -25027, 41782, 38784, -30486, -52595, 14834, 61918, 2399, -62075, -18312, 51038, 30376, -31319, -36082, 9193, 33222, 9098, -22127, -20479, 7424, 24665, 4508, -22956, -9481, 17937, 7461, -13214, -1757, 12070, -3012, -15809, 3154, 22995, 2561, -30068, -12926, 33625, 25204, -32851, -35878, 30339, 41520, -30041, -40502, 34466, 34421, -43436, -27298, 54485, 23134, -63751, -23967, 66965, 29326, -60860, -36676, 44200, 42953, -19193, -45707, -7823, 43111, 28822, -34396, -38387, 21392, 36235, -8738, -26250, 1594, 14305, -2813, -6218, 11039, 5911, -21389, -14049, 28457, 27507, -29032, -40439, 22698, 47057, -11091, -44079, -2511, 31771, 14205, -13050, -20734, -7632, 20878, 25395, -16020, -36246, 9333, 38422, -3816, -32948, 586, 22898, 1164, -12073, -3112, 3320, 6562, 2480, -12021, -5960, 19383, 7905, -28001, -8343, 36638, 6713, -43794, -2478, 48668, -4266, -51711, 12544, 54006, -20449, -56470, 25411, 59691, -25029, -63721, 18256, 67538, -5848, -69039, -10006, 66340, 26400, -58857, -38919, 46568, 43426, -29789, -39730, 10955, 31482, 5006, -21726, -13906, 10432, 15167, 2788, -10736, -16621, 2977, 28183, 6486, -34368, -16365, 33353, 24749, -25370, -29098, 12620, 27682, 1201, -20949, -11521, 11320, 14216, -1641, -7448, -6351, -7392, 13119, 26576, -21488, -45928, 35314, 62530, -56974, -75361, 85063, 84995, -113720, -92791, 133913, 100134, -136545, -107012, 115925, 110657, -72298, -106113, 12905, 88937, 49382, -58447, -100085, 19292, 128412, 19601, -130836, -48651, 112154, 61405, -83005, -56492, 54912, 38031, -35648, -14333, 27208, -5292, -26346, 14347, 26655, -11303, -21908, -333, 9112, 13994, 9850, -23186, -28917, 24387, 41065, -18247, -42128, 9055, 32456, -2519, -15897, 2778, -2087, -9730, 16107, 19418, -22516, -27157, 21023, 30184, -14807, -27948, 8562, 21492, -5896, -13313, 7955, 6517, -13464
1791219446.726, MrmFullScanInfo, 627, 107, 2056106, 0, 0, 0, 0, 10000, 39297, 32, 4, 2, 1, 480, 0, 0, 0, 0, 0, 0, -104, 462, -77, -1054, 463, 1071, -670, -278, 318, -568, 52, 762, 191, -507, -653, 297, 370, -194, 686, -43, -2449, 656, 5106, -1777, -7499, 2930, 7658, -3024, -5184, 1768, 1827, 88, 967, -1644, -2595, 2235, 2963, -1718, -2396, 121, 1592, 2562, -1334, -5525, 1514, 7032, -1161, -6075, -394, 3728, 2315, -1654, -3149, 484, 2476, -267, -907, 1936, -856, -6432, 2833, 13979, -5358, -21905, 8148, 24940, -9274, -20085, 6796, 10418, -1737, -748, -2869, -7948, 5714, 14584, -6596, -15992, 4390, 11571, 743, -5554, -5476, 1782, 6561, -933, -4059, 1935, 369, -3036, 1918, 2921, -1272, -1978, -1708, 1483, 4928, -1150, -7201, -726, 8512, 4870, -8501, -9402, 6440, 11278, -1989, -9170, -3842, 4618, 8591, 145, -9439, -3893, 5576, 5772, 913, -5229, -6671, 2747, 9119, 199, -7702, -2574, 3805, 4311, 582, -5532, -4507, 6183, 8810, -6576, -15976, 7848, 29745, -11239, -54828, 18119, 92639, -23290, -141859, 17054, 202779, -428, -272038, -8489, 332804, -9792, -359101, 57663, 332091, -121030, -249090, 176391, 135885, -206518, -35933, 211626, -23745, -197300, 47350, 157794, -47291, -83759, 23052, -18920, 25395, 129015, -85283, -223324, 127963, 287135, -125781, -317639, 75496, 318495, -1588, -293236, -66330, 246082, 114787, -185178, -143189, 122664, 155629, -68932, -157740, 28029, 155508, 2394, -153037, -27746, 150989, 52359, -147245, -77068, 138841, 99696, -123086, -117051, 99351, 126384, -66073, -125942, 22932, 116186, 22804, -99159, -57590, 77169, 73013, -53354, -73343, 31748, 68273, -15671, -64798, 5606, 62605, 2655, -56826, -14705, 44673, 30596, -27638, -42998, 8395, 43909, 11173, -31707, -28092, 10898, 38183, 11164, -37705, -27519, 26305, 33749, -8766, -28825, -6911, 15156, 14323, 1955, -12213, -15845, 3908, 21113, 5161, -15953, -9377, 3276, 5290, 10660, 6122, -19300, -19546, 18888, 28547, -10002, -29425, -3267, 22359, 15345, -10607, -21646, -1075, 20505, 8409, -13841, -9217, 6268, 4122, -2666, 4040, 5505, -11427, -13790, 14577, 24185, -11754, -32780, 3276, 36858, 8426, -35711, -19111, 30112, 24537, -21545, -23041, 12260, 16613, -5162, -9127, 2584, 4155, -4992, -3641, 10062, 7732, -14073, -15051, 14879, 22846, -13235, -27886, 11294, 28320, -10531, -24649, 11482, 19034, -13747, -13763, 15862, 10171, -15811, -8292, 12263, 7104, -5568, -5142, -2326, 1368, 8840, 4185, -11646, -10316, 9495, 14720, -2598, -15008, -7254, 10320, 17038, -1996, -23556, -7226, 24939, 14610, -21454, -18170, 15147, 17179, -8767, -12084, 4388, 4602, -2645, 2337, 3024, -5662, -4316, 4014, 4757, 1482, -2425, -8285, -3739, 13966, 13184, -16693, -24029, 15718, 33854, -12011, -40210, 7668, 41280, -4107, -36778, 1131, 28219, 2171, -18012, -6456, 8344, 11770, -493, -17575, -5131, 22960, 8499, -26936, -9566, 28716, 8448, -27917, -5618, 24609, 2031, -19069, 1025, 11434, -2076, -1351, 167, -11940, 4234, 29014, -9349, -49168, 12806, 69574, -12457, -85742, 6824, 92957, 4399, -87950, -19810, 70109, 36007, -41728, -48069, 7580, 51518, 25908, -44508, -52039, 28954, 65925, -9833, -66043, -6753, 54024, 16560, -34305, -18502, 13752, 13699, 766, -4466, -5823, -5525, 2661, 11788, 4790, -11350, -12342, 4472, 16734, 5592, -16248, -14632, 11434, 19651, -5162, -19614, 967, 15273, -529, -8902, 2965, 3671, -5973, -2111, 7939, 4786, -8634, -10017, 8259, 14956, -6733, -17122, 4212, 15621, -1581, -11321, -256, 5923, 1131, -847
1791219446.726, MrmDetectionListInfo, 627, 224, 146, 48721, 147, 60949, 148, 65535, 149, 65535, 150, 65535, 151, 65535, 152, 65535, 153, 65535, 154, 65535, 155, 65535, 156, 65535, 157, 65535, 158, 65535, 159, 65535, 160, 65535, 161, 65535, 162, 65535, 163, 65535, 164, 65535, 165, 65535, 166, 65535, 167, 65535, 168, 65535, 169, 65535, 170, 65535, 171, 65535, 172, 53890, 175, 47103, 176, 65535, 177, 65535, 178, 65535, 179, 65535, 180, 65535, 181, 65535, 182, 65535, 183, 65535, 184, 65535, 185, 65535, 186, 65535, 187, 65535, 188, 65535, 189, 65535, 190, 65535, 191, 65535, 192, 65535, 193, 65535, 194, 65535, 195, 65535, 196, 65535, 197, 65535, 198, 65535, 199, 65535, 200, 65535, 201, 65535, 202, 65535, 203, 65535, 204, 65535, 205, 65535, 206, 65535, 207, 65535, 208, 65535, 209, 65535, 210, 65535, 211, 65535, 212, 65535, 213, 65535, 214, 64771, 215, 64381, 216, 65535, 217, 65535, 218, 65535, 219, 65535, 220, 61909, 221, 55107, 222, 49322, 223, 44263, 224, 39764, 225, 36160, 226, 33725, 227, 32313, 228, 31715, 229, 31957, 230, 32856, 231, 33664, 232, 33532, 233, 32072, 234, 29490, 235, 26663, 236, 24825, 237, 24498, 238, 24880, 239, 24659, 240, 23679, 241, 23380, 242, 25056, 243, 28087, 244, 30173, 245, 29202, 246, 25061, 247, 19756, 264, 16898, 265, 20806, 266, 22419, 267, 21734, 268, 19535, 269, 16908, 270, 14981, 271, 14520, 272, 15078, 273, 15110, 274, 13693, 275, 11793, 276, 11122, 277, 11749, 278, 11779, 285, 11210, 286, 14828, 287, 17681, 288, 19556, 289, 20418, 290, 20383, 291, 20112, 292, 20705, 293, 22626, 294, 25052, 295, 26602, 296, 26465, 297, 24766, 298, 22069, 299, 18796, 300, 15159, 309, 10829, 310, 13371, 311, 15665, 312, 17551, 313, 18938, 314, 19787, 315, 20101, 316, 19919, 317, 19326, 318, 18445, 319, 17423, 320, 16404, 321, 15494, 323, 14118, 324, 13548, 325, 12912, 326, 12079, 327, 10937, 328, 9408, 340, 9373, 341, 9184, 342, 10009, 343, 11241, 344, 12040, 345, 12499, 346, 13640, 347, 15931, 348, 18419, 349, 19713, 350, 19334, 351, 17822, 352, 15864, 353, 13677, 354, 11167, 371, 18525, 372, 21159, 373, 23103, 374, 24333, 375, 24923, 376, 24915, 377, 24297, 378, 23055, 379, 21218, 380, 18892, 381, 16340, 382, 13943, 383, 11986, 384, 10505, 385, 9367, 386, 8462, 389, 9985, 390, 12942, 391, 15894, 392, 17774, 393, 18534, 394, 18751, 395, 18745, 396, 18334, 397, 17262, 398, 15566, 399, 13521, 400, 11419, 408, 13670, 409, 20492, 410, 26548, 411, 32097, 412, 37582, 413, 42687, 414, 46559, 415, 48637, 416, 49122, 417, 48777, 418, 48512, 419, 48871, 420, 49379, 421, 48676, 422, 45721, 423, 40609, 424, 34599, 425, 30387, 426, 31039, 427, 36636, 428, 43218, 429, 46433, 430, 45191, 431, 41441, 432, 37643, 433, 34986, 434, 33276, 435, 31675, 436, 29243, 437, 25251, 438, 19722
1791219446.850, MrmFullScanInfo, 628, 107, 2056231, 0, 0, 0, 0, 10000, 39297, 32, 1, 2, 1, 480, -423148, 492966, 421251, -480645, -452999, 447942, 504796, -371165, -520032, 110753, 520183, 337334, -496342, -498287, 373448, 516718, -114237, -520192, -177596, 519510, 324159, -510956, -474890, 481727, 520120, 514090, -162113, -520188, -412171, 496095, 358903, -501149, -439394, 505362, 288398, -518165, -286740, 518420, 210206, -517680, -290936, 516477, 422923, -508210, -514897, 385114, 520192, 75626, -519972, -488099, 449531, 519741, -167937, -520038, -227188, 519903, 469262, -503130, -517036, 392067, 520084, -131937, -520166, -271241, 513127, 462391, -64437, -391618, -519013, 97615, 520122, 394693, -489434, -515922, -52718, 516472, 507796, -320921, -520192, -348234, 516843, 518034, -326698, -520072, 15540, 520009, 319294, -505510, -507846, 343191, 520100, 121199, -520066, -492270, 438686, 520052, 61977, -519535, -376493, 494317, 478849, -315241, -481750, 13761, 181230, 164959, 204240, -144344, -448967, -64500, 483428, 344573, -305057, -447097, -4129, 385236, 274060, -207191, -419753, -70754, 386111, 315411, -213341, -387585, 31627, 353435, 130387, -254033, -229982, 82927, 206317, 52569, -164871, -104042, 159658, 83012, -185024, -10788, 255524, -80037, -313579, 143907, 249930, -154887, -136120, 168287, -100861, -197880, 331338, 234118, -447619, -261574, 450903, 260607, -350690, -216410, 159552, 146064, 46735, -46490, -174240, -119259, 171792, 178020, -111166, -167278, 52758, 79919, -40771, 60854, 87532, -186826, -174714, 242272, 269651, -220966, -295870, 56511, 294270, 55188, -230636, -138811, 123851, 158117, -3553, -118551, -86145, 44011, 113401, 32757, -84376, -78099, 19905, 75166, 49112, -23383, -85693, -47106, 68892, 109046, -9419, -138126, -58894, 121419, 114540, -68086, -136910, 8557, 104311, 46081, -42626, -62982, -14590, 55128, 49005, -32530, -58347, 15347, 46925, -10867, -23541, 18736, 6831, -33425, -11908, 56803, 31197, -58425, -51544, 40598, 68053, -13645, -70353, -14897, 52775, 38295, -23232, -48172, -9055, 40087, 46817, -3907, -54002, -14105, 45188, 26018, -28888, -28011, 14521, 18453, -5169, -3852, 1027, -7768, -5444, 13153, 16543, -1787, -20055, -10335, 18142, 24532, -10492, -33796, -1088, 39014, 13222, -42659, -15912, 42457, 8374, -40416, 13232, 35905, -29180, -41331, 42535, 48618, -48949, -53278, 47675, 56421, -37441, -52747, 21947, 43455, -2460, -30557, -19946, 18073, 32025, -4444, -39188, -5758, 41991, 8676, -40255, -6180, 36848, 2116, -33068, 1405, 29897, -1460, -32784, -1227, 28383, 4298, -24179, -7040, 19145, 9736, -12262, -12745, 6251, 14281, -442, -13744, -4863, 12989, 16284, -20590, -19313, 17115, 22143, -12930, -23319, 9733, 21753, -6238, -18076, 3754, 14712, -2820, -10646, 2698, 4247, 6461, -2900, -9193, 3018, 15648, -3375, -25361, 4514, 35633, -6817, -45061, 6513, 52137, -4853, -56268, 8434, 53758, -5586, -52345, 1600, 51318, 2289, -50026, -7365, 50271, 13430, -50987, -21251, 50022, 29402, -46049, -31817, 36168, 34490, -22936, -32028, 9427, 23999, 2650, -12613, -10027, -787, 10677, 11380, -5875, -17115, -2365, 15843, 9580, -4836, -12537, -9354, 9781, 23001, -3256, -29043, -4092, 25258, 8977, -11999, -9572, -8768, 7790, 34252, -1669, -57147, 2957, 78299, -9821, -95094, 23698, 106903, -36837, -111649, 44276, 109401, -37222, -99111, 16879, 84835, 15645, -58152, -45678, 22877, 68175, 15336, -77514, -49976, 73305, 73037, -59473, -80168, 41143, 70690, -26141, -56630, 13959, 37551, -16775, -22435, 23784, 11385, -29986, -5394, 27834, 3058, -17195, -2855, -413, 2214, 18617, -2711, -28868, -3296, 30349, 6831, -23472, -5700, 11691, -1480, 827, 11941, -9880, -24599, 13251, 36178, -11280, -34982, 3697, 37860, 2992, -36535, -7799, 33643, 8630, -30527, -6655, 28247, 2552, -28803, 3796, 31741, -7603
1791219446.850, MrmFullScanInfo, 628, 107, 2056231, 0, 0, 0, 0, 10000, 39297, 32, 2, 2, 1, 480, 0, 0, 0, 0, 0, 0, 168688, -229217, -312669, 480656, 361881, -536942, -380146, 349135, 435587, -31222, -508894, -255851, 508509, 431684, -372467, -521739, 134637, 579274, 110542, -566793, -280530, 391137, 327254, -46357, -244078, -338468, 74733, 611494, 91642, -724529, -182696, 713329, 189617, -644943, -148539, 577244, 116060, -543675, -132655, 546237, 200646, -535772, -294577, 427294, 397196, -189036, -488278, -104700, 505601, 347981, -379531, -505785, 124608, 600082, 151631, -628632, -347823, 546882, 451331, -332148, -490561, 42062, 436638, 211039, -236299, -323346, -80940, 253190, 368322, -39087, -457524, -220990, 294586, 395087, 26941, -375983, -346155, 161039, 536292, 133759, -529490, -383502, 329965, 541274, -29747, -583535, -251666, 469836, 449997, -206226, -541243, -113400, 489849, 380849, -283867, -546657, -2351, 592588, 236801, -499624, -318673, 283537, 223131, -28138, -3281, -143622, -236576, 148827, 390274, -3226, -392077, -193533, 240336, 325250, 1189, -320275, -232766, 178658, 367765, 34609, -368537, -228785, 253421, 334767, -80841, -329511, -81444, 234652, 188834, -103992, -235349, 960, 243748, 30474, -241263, 15946, 237144, -108322, -217705, 195075, 157524, -235135, -38396, 218706, -132251, -165065, 314404, 106100, -449252, -68152, 488997, 60035, -417429, -72746, 256007, 83449, -58769, -67510, -108854, 17637, 200393, 44797, -208245, -80351, 161097, 57369, -102921, 27694, 70716, -144834, -79821, 240462, 123391, -265641, -181450, 207058, 228271, -94700, -237575, -21309, 193713, 101366, -105081, -127735, 3052, 103813, 74152, -48385, -100994, -11358, 75364, 49013, -17260, -48744, -41459, 11122, 72185, 47580, -62222, -102197, 18119, 129806, 39359, -119636, -84623, 76810, 98782, -18725, -78693, -33168, 36931, 63133, 7056, -67833, -36809, 55308, 44916, -38342, -34862, 28080, 18166, -29877, -7183, 40982, 8645, -52054, -21850, 53398, 40195, -41015, -54190, 17555, 55858, 9806, -41928, -31471, 15148, 39708, 16198, -33100, -41109, 16856, 51506, 891, -46823, -13159, 32649, 16148, -16482, -10436, 4683, 746, -760, 6662, 4386, -7256, -11765, 216, 17842, 11906, -18934, -25415, 14550, 37156, -7863, -44891, 4400, 46903, -8430, -42945, 19955, 35699, -35200, -29628, 49430, 27826, -58866, -30097, 60907, 33951, -54301, -36478, 39301, 36014, -18178, -32529, -4711, 26728, 24477, -19558, -37863, 12622, 44069, -7884, -44003, 6340, 39661, -7239, -33894, 8763, 29329, -9302, -26909, 8150, 25658, -5356, -23917, 1336, 20776, 3377, -16262, -8069, 10987, 11896, -5140, -14919, -1306, 18010, 7614, -21088, -12585, 22620, 15746, -21406, -17368, 17965, 17569, -13642, -16313, 9672, 13592, -6145, -9848, 2137, 6419, 2996, -4869, -9010, 5804, 15635, -8801, -23090, 13083, 31240, -17590, -39278, 21408, 45863, -23972, -49655, 24713, 50440, -23036, -49533, 19069, 48740, -13808, -49076, 8117, 50599, -2145, -52600, -4118, 53623, 10372, -51701, -16077, 45357, 20537, -34597, -22674, 21009, 21196, -7121, -15551, -4269, 6617, 10838, 3356, -11536, -11200, 7075, 13813, 309, -9522, -7659, -666, 12346, 12965, -12909, -22174, 9427, 23742, -3148, -15390, -4168, -2174, 11344, 25652, -18616, -50320, 27545, 71608, -39522, -86346, 53852, 93354, -66898, -93385, 73006, 88673, -66925, -81538, 46673, 72513, -14989, -59752, -21628, 40834, 55354, -15587, -79531, -12594, 90261, 37663, -87160, -53765, 73159, 58096, -53918, -51732, 36305, 38246, -25507, -21893, 22319, 6777, -22931, 3742, 21808, -7766, -15105, 5448, 2833, 755, 11420, -6869, -22779, 9611, 27648, -8552, -24841, 6159, 15472, -5630, -2435, 8967, -10494, -15675, 19679, 23411, -22716, -29942, 19628, 34358, -13017, -36516, 6491, 36292, -2638, -34081, 2415, 31066, -5420
1791219446.850, MrmFullScanInfo, 628, 107, 2056231, 0, 0, 0, 0, 10000, 39297, 32, 4, 2, 1, 480, 0, 0, 0, 0, 0, 0, -152, -410, 614, 598, -845, -337, 611, -12, 154, -64, -1205, 637, 2010, -1231, -2128, 1311, 1723, -881, -1276, 368, 1146, -144, -1210, 141, 770, 32, 426, -479, -1471, 717, 1571, -409, -1409, 12, 1802, -15, -2567, 354, 3009, -551, -2793, -327, 2198, 2621, -1737, -4876, 1298, 5213, 89, -3699, -2210, 1959, 3400, -611, -2766, -487, 1238, 780, 8, 1465, -872, -8286, 2416, 18332, -5490, -25481, 8377, 23890, -7822, -14823, 3221, 4268, 2298, 3824, -5599, -8198, 5433, 8709, -1670, -6540, -3861, 4169, 7483, -2766, -6903, 2041, 3424, -1654, 100, 1381, -1521, -1049, 463, 947, 1534, -1169, -2746, 941, 3336, 481, -4297, -2747, 4877, 5088, -3260, -6725, -444, 6806, 4087, -4821, -5814, 1250, 5172, 2449, -2638, -4653, -805, 4131, 3336, -337, -2433, -6810, -4744, 16202, 21150, -25596, -50051, 33339, 94630, -40979, -155834, 53788, 228437, -78525, -296525, 119429, 333312, -172194, -314106, 221203, 232128, -249893, -103257, 253158, -39792, -237724, 158208, 213704, -220815, -186187, 216223, 154284, -150997, -114780, 44841, 63563, 70263, 3246, -159942, -82752, 204962, 157842, -207889, -202696, 183901, 199646, -148979, -150832, 114520, 78346, -86538, -15013, 67497, -12824, -57278, 1243, 50969, 30926, -38056, -58232, 9495, 65315, 33062, -50337, -76577, 21282, 104179, 9571, -104643, -30727, 78327, 35296, -37090, -22716, -1536, -1372, 22825, 27139, -21480, -44131, 3284, 45358, 17914, -30126, -27129, 4768, 16234, 19601, 11721, -32317, -44644, 28766, 68371, -12411, -73474, -7631, 58829, 21377, -31667, -22353, 4287, 10169, 12159, 9222, -13502, -26128, 3824, 32061, 8149, -24178, -13958, 6215, 9077, 13906, 6068, -26429, -26564, 24550, 44708, -9452, -52734, -9948, 46543, 23491, -28510, -26258, 6195, 18941, 11822, -5825, -19518, -7062, 15832, 14293, -5131, -13385, -5010, 5778, 8249, 4433, -3023, -13045, -7592, 17397, 18266, -17015, -24186, 13091, 23346, -7857, -17322, 4123, 9851, -4034, -4227, 7500, 1802, -11925, -2166, 14120, 3887, -12336, -5298, 7028, 5437, -381, -4784, -4775, 5038, 6204, -7899, -3343, 13715, -2139, -20971, 6880, 27017, -7385, -29427, 2302, 26801, 6436, -18850, -14770, 6779, 18947, 6298, -17197, -16057, 10126, 18895, -267, -13622, -8950, 2199, 13450, 11230, -10255, -22369, 404, 27942, 11013, -26068, -18788, 17161, 21232, -4316, -19650, -8005, 16606, 15954, -13728, -18157, 11388, 16319, -10016, -13414, 10379, 11235, -12129, -9902, 13349, 8844, -12510, -7282, 9802, 4978, -6878, -2510, 5829, 727, -7774, -317, 12057, 2051, -16612, -6724, 19032, 14091, -17670, -22354, 12288, 27757, -3456, -26663, -7549, 18952, 17745, -8070, -22815, -2448, 20170, 11240, -11107, -17706, -574, 21054, 11023, -20551, -18042, 16457, 21206, -10451, -20858, 4914, 17463, -1434, -11885, 123, 5842, -332, -1249, 1486, -883, -3044, 1227, 4437, -1826, -5525, 5076, 7080, -12553, -10480, 24248, 16763, -38470, -25908, 52225, 36671, -61833, -46945, 63934, 54180, -56244, -55910, 38438, 50754, -13291, -39087, -13207, 23044, 33876, -5944, -43764, -8517, 42220, 17045, -32934, -17597, 21524, 10473, -12399, 872, 7371, -10765, -6191, 14293, 7536, -9761, -9173, -767, 8670, 12493, -4234, -20379, -4162, 21923, 14049, -17935, -21413, 10947, 23437, -3588, -20247, -1812, 14177, 3891, -8107, -2814, 4185, 303, -3080, 1152, 3930, 505, -5011, -5761, 4694, 13124, -2172, -20051, -2129, 24443, 6764
1791219446.850, MrmDetectionListInfo, 628, 206, 136, 56441, 137, 65535, 138, 65535, 139, 65535, 140, 65535, 141, 65535, 142, 65535, 143, 65535, 144, 65535, 145, 65535, 146, 65535, 147, 65535, 148, 65535, 149, 65535, 150, 65535, 151, 65535, 152, 65535, 153, 65535, 154, 65535, 155, 65535, 156, 65535, 157, 65535, 158, 65535, 159, 65535, 160, 65535, 161, 65535, 162, 65535, 163, 64969, 166, 65535, 167, 65535, 168, 65535, 169, 65535, 170, 65535, 171, 65535, 172, 65535, 173, 65535, 174, 65535, 175, 65535, 176, 65535, 177, 65535, 178, 65535, 179, 58845, 186, 36096, 187, 41668, 188, 43181, 189, 40654, 190, 39946, 191, 45082, 192, 53287, 193, 58831, 194, 59558, 195, 58171, 196, 58206, 197, 60086, 198, 60573, 199, 55694, 200, 44511, 201, 29801, 206, 26565, 207, 32987, 208, 30883, 210, 23697, 211, 26028, 217, 22471, 218, 31954, 219, 39870, 220, 44624, 221, 45453, 222, 43117, 223, 39650, 224, 36771, 225, 34612, 226, 31682, 227, 26187, 234, 18132, 235, 18044, 236, 17864, 237, 17940, 244, 22025, 245, 28073, 246, 31514, 247, 31874, 248, 30495, 249, 29552, 250, 30029, 251, 30914, 252, 30208, 253, 26544, 254, 20419, 260, 12952, 261, 12763, 271, 12347, 272, 16124, 273, 18804, 274, 19901, 275, 19611, 276, 18301, 277, 16218, 278, 13574, 287, 8023, 288, 8650, 290, 8316, 303, 13272, 304, 16007, 305, 17841, 306, 18194, 307, 17154, 308, 15574, 309, 14531, 310, 14365, 311, 14394, 312, 13760, 313, 12545, 314, 11804, 315, 12360, 316, 13849, 317, 14904, 318, 14211, 319, 11665, 320, 8741, 325, 11742, 326, 13675, 327, 14597, 328, 14784, 329, 15924, 330, 18636, 331, 21120, 332, 21179, 333, 18575, 334, 14931, 335, 12225, 338, 14726, 339, 15892, 340, 15926, 341, 15150, 342, 14104, 343, 13105, 344, 12239, 345, 11563, 346, 11178, 347, 11119, 348, 11265, 349, 11386, 350, 11277, 351, 10833, 352, 10036, 353, 8929, 363, 8883, 364, 10979, 365, 13140, 366, 15200, 367, 16980, 368, 18294, 369, 18942, 371, 17523, 372, 15942, 373, 14945, 374, 15013, 375, 15571, 376, 15607, 377, 14683, 378, 13296, 379, 12396, 380, 12530, 381, 13172, 382, 13122, 383, 11967, 384, 11053, 385, 12275, 386, 15597, 387, 18694, 388, 19529, 389, 18300, 390, 16526, 391, 15081, 392, 13681, 393, 11820, 394, 9565, 411, 15624, 412, 20376, 413, 25804, 414, 31673, 415, 37689, 416, 43516, 417, 48795, 418, 53156, 419, 56242, 420, 57735, 421, 57373, 422, 54981, 423, 50499, 424, 44024, 425, 36101, 426, 28308, 427, 22912, 428, 21183, 429, 22265, 430, 23921, 431, 24639, 432, 24903, 433, 25830, 434, 27182, 435, 27425, 436, 25396, 437, 21374, 438, 16551
1791219446.975, MrmFullScanInfo, 629, 107, 2056356, 0, 0, 0, 0, 10000, 39297, 32, 1, 2, 1, 480, -420518, 493523, 419377, -478786, -454386, 446701, 503739, -373540, -519982, 108668, 520158, 342674, -495440, -498474, 369516, 517787, -114651, -520141, -176588, 519501, 325562, -510871, -475727, 481167, 520192, 514099, -168968, -519961, -410177, 497556, 362730, -501024, -439526, 504598, 284167, -518392, -289880, 517945, 215351, -517920, -294976, 517144, 430434, -508698, -514961, 381449, 520192, 87808, -520050, -489520, 450244, 519449, -165615, -519955, -228586, 519756, 470628, -502169, -516546, 385690, 520121, -134227, -520159, -264347, 513174, 441861, -71966, -365718, -519016, 91554, 520142, 396943, -483834, -516126, -62644, 517535, 508643, -304847, -520183, -361811, 515841, 518678, -322102, -520099, 11480, 520014, 318112, -505690, -507878, 344200, 520177, 120848, -520109, -491154, 439204, 520077, 44731, -519560, -370323, 495315, 477123, -318370, -484276, 9336, 179347, 170345, 207672, -151988, -448635, -54016, 482100, 332476, -312410, -436027, 2541, 378851, 266801, -225334, -427746, -13760, 416165, 209974, -282240, -221736, 151558, 98782, -36616, 109119, 140680, -275242, -219183, 455701, 281923, -502755, -259875, 513374, 162249, -517786, 28663, 510088, -239959, -482751, 352894, 439384, -186772, -477442, 138868, 350681, 16148, -161377, -217569, -34279, 343190, 179888, -373320, -248818, 357498, 228649, -318492, -125367, 211930, 98241, -239259, 9372, 277275, -68680, -292933, 65262, 257642, -1512, -166039, -75956, 34323, 123464, 114724, -128684, -179567, 61288, 237187, 15596, -234045, -75092, 181156, 88889, -96401, -66351, 12185, 22753, 40685, 24917, -55518, -52173, 49671, 50792, -33093, -16397, 26509, -27846, -47373, 68465, 86876, -88645, -121425, 79815, 140885, -47179, -138808, 9468, 113385, 26154, -69339, -42795, 33146, 48199, -11438, -43068, 3169, 42478, -4389, -48390, 8881, 56182, -2291, -65184, -28346, 70295, 51486, -64208, -71273, 46482, 84617, -23183, -84680, -2194, 68178, 25608, -43189, -40021, 19723, 41530, 7014, -25652, -18485, 20193, 19948, -15930, -14812, 16105, 11192, -23243, -7057, 31861, 7937, -34288, -12856, 31695, 27801, -18744, -25868, 3834, 19553, 13669, -11290, -26402, -502, 33073, 11327, -33800, -16922, 29563, 14484, -21105, 661, 4508, -10377, -1811, 20100, 63, -24545, 1329, 22933, -3477, -17625, 8748, 8541, -17991, -888, 28456, 4362, -40282, -9136, 46267, 18796, -46572, -25553, 38461, 27780, -23973, -23642, 9183, 14143, 3273, -2357, -8888, -1331, 3789, 5921, 10, -4350, -1516, -1730, 674, 10221, 3206, -16320, -10123, 17436, 16448, -12995, -19606, -87, 16931, 7781, -8558, -10464, -534, 7987, 7891, -2293, -11035, -4038, 7398, 11356, 393, -14395, -9411, 6278, 24108, -174, -28431, -6900, 28777, 10777, -25509, -8135, 21912, 269, -20212, 9080, 21668, -16875, -28500, 23664, 36562, -20267, -46209, 8533, 52228, 6587, -53886, -21599, 52438, 33895, -47801, -42416, 43113, 44298, -38569, -29859, 24606, 24608, -23647, -17679, 22560, 10279, -19613, -3928, 16361, -288, -12786, 1350, 10359, 1113, -8204, -8959, 7149, 16547, -4772, -22626, 468, 26446, 3397, -25186, -6723, 17922, 6543, -6224, -4348, -8638, -1402, 29618, 2024, -44716, -8902, 59376, 14850, -71173, -18716, 83813, 23352, -92411, -29618, 93828, 42595, -86162, -60334, 64727, 79984, -30260, -92104, -10426, 94023, 49471, -84350, -80347, 65474, 95603, -41103, -94579, 18358, 84076, -3073, -69607, -4135, 52361, 199, -41086, 8862, 34191, -12290, -30948, 9635, 28113, 775, -26339, -18481, 18792, 37807, -4136, -47414, -6557, 48276, 14282, -43044, -16877, 31740, 15448, -23476, -8547, 16734, -550, -15877, 11596, 19683, -9718, -15788, 11944, 23510, -9679, -29063, 6013, 31711, -2868, -30793, 2034, 29342, -2444, -24774, 2800, 19429
1791219446.975, MrmFullScanInfo, 629, 107, 2056356, 0, 0, 0, 0, 10000, 39297, 32, 2, 2, 1, 480, 0, 0, 0, 0, 0, 0, 168400, -228884, -312369, 480150, 361722, -536221, -380096, 347736, 435547, -29038, -508637, -258186, 507996, 433417, -371949, -522541, 134211, 579286, 111079, -566472, -281597, 390990, 329265, -46717, -246652, -337727, 76618, 610951, 91063, -724524, -182795, 713546, 190049, -645101, -150004, 577667, 119294, -544904, -137167, 548092, 204982, -536515, -297684, 424994, 399371, -184069, -490188, -109652, 506851, 350745, -379293, -506421, 122995, 599353, 153647, -627017, -349450, 545392, 452171, -333396, -490456, 49573, 435150, 196391, -232845, -305714, -85549, 239143, 370999, -31785, -455545, -222538, 288647, 391995, 33902, -368862, -351662, 152158, 538933, 140986, -528864, -387467, 327256, 542646, -27025, -583615, -253093, 469617, 450141, -206195, -541770, -112895, 493127, 379287, -290398, -544117, 4873, 590062, 232042, -497772, -317047, 281499, 223444, -24202, -4618, -150479, -234531, 158436, 388370, -14485, -391759, -183500, 241978, 323520, -623, -339474, -234586, 235316, 378979, -77900, -395514, -40307, 309037, 53983, -187610, 48589, 96260, -229150, -56183, 419424, 43385, -554481, -17966, 602522, -53165, -570077, 176271, 484076, -309463, -386132, 386490, 317749, -369598, -285840, 264049, 255427, -93012, -191828, -112204, 97426, 301502, -1100, -424644, -64279, 455378, 83553, -405275, -63161, 320307, 16274, -252076, 46165, 221379, -104929, -211180, 128384, 192616, -95406, -145756, 13939, 69262, 80187, 22822, -143201, -111768, 149465, 181232, -105620, -216572, 41415, 205906, 12662, -150296, -39864, 68676, 39065, 10107, -19707, -62295, -3309, 79557, 15038, -69837, -6369, 51073, -22367, -40996, 61536, 47922, -95815, -68456, 110813, 92106, -99995, -107275, 67513, 106355, -25122, -89276, -13726, 63220, 39659, -38055, -50889, 21128, 52212, -14362, -50773, 13142, 52210, -9366, -58694, -2311, 67789, 21147, -73395, -42380, 69736, 60460, -54834, -70319, 30972, 69103, -3572, -57198, -20062, 37757, 34065, -15749, -37347, -2870, 33436, 13409, -27496, -14957, 23679, 10227, -23909, -3602, 27271, -230, -30742, -1614, 31049, 8085, -25817, -15057, 14349, 18671, 1535, -17562, -17935, 12401, 30662, -5321, -36871, -258, 35063, 1430, -25634, 2175, 11927, -8519, 911, 14942, -9241, -19250, 12917, 19718, -14126, -15550, 15572, 7896, -19285, 162, 26051, -5144, -34963, 5214, 43351, -895, -47615, -5612, 44999, 11480, -35102, -14327, 20366, 13343, -5416, -9408, -4940, 4210, 8473, 376, -6643, -2301, 2853, 53, -9, 5899, -276, -12963, -2319, 17498, 6922, -16777, -11602, 10790, 13984, -2332, -12320, -4836, 6678, 8198, 763, -7023, -6724, 2029, 8567, 4607, -5032, -9897, -3491, 11765, 14648, -10139, -24593, 6541, 30077, -3228, -30265, 2533, 26578, -5684, -21812, 12289, 18932, -20459, -19951, 27146, 25381, -29089, -34215, 24497, 44318, -14114, -53076, 594, 58494, 12794, -59866, -22474, 56907, 25886, -49616, -23360, 39623, 17600, -30113, -11017, 23277, 4586, -18698, 902, 15064, -4341, -11806, 4641, 9375, -1341, -8432, -4876, 8840, 12365, -9451, -19173, 8939, 23534, -6799, -23880, 3523, 19105, -128, -8728, -2817, -6593, 5440, 24758, -7666, -42983, 8891, 59415, -8726, -73632, 7484, 85451, -4946, -93936, -573, 97274, 11610, -93246, -29473, 79930, 52434, -56738, -75708, 25426, 93280, 9664, -100306, -42402, 94819, 66852, -78473, -79549, 56159, 80420, -34405, -72051, 18962, 58383, -12332, -43610, 12699, 31301, -15085, -23648, 14157, 20961, -6639, -21333, -7407, 21602, 24552, -19232, -39536, 13783, 47810, -6664, -47706, 127, 40799, 3546, -30670, -2719, 21161, -2317, -14525, 9109, 11497, -14620, -12169, 17308, 16145, -17542, -21874, 16324, 26840, -14578, -29078, 12884, 27957
1791219446.975, MrmFullScanInfo, 629, 107, 2056356, 0, 0, 0, 0, 10000, 39297, 32, 4, 2, 1, 480, 0, 0, 0, 0, 0, 0, -346, 140, 558, -198, -531, 501, 345, -1342, -24, 2136, -179, -2089, 230, 1265, -263, -307, 232, -320, -15, 475, -474, -254, 1267, -199, -1877, 601, 1632, -579, -848, 196, 384, 57, -142, -77, -651, 315, 2109, -1020, -3242, 1650, 3174, -1015, -2170, -969, 1395, 2661, -1319, -2555, 1292, 1090, -738, 231, -132, -985, 823, 1409, -1107, -1255, 892, -341, -397, 3519, -220, -6317, 824, 6361, -799, -3651, -770, 950, 3356, 151, -4905, -1103, 4457, 2990, -2976, -4444, 1687, 3918, -905, -1973, 563, 171, -407, 779, 182, -970, 147, 723, -1205, -54, 3457, -1063, -5711, 1944, 5738, -2024, -2927, 2037, -640, -3388, 2791, 6500, -3026, -10199, 1975, 12873, -20, -13458, -2556, 10497, 4333, -452, -3272, -21495, -2132, 58708, 12908, -112854, -28491, 185745, 54208, -274120, -98581, 367553, 157693, -450064, -206934, 506571, 215922, -533442, -169455, 540069, 67800, -537459, 75632, 522283, -222854, -491147, 330252, 451714, -384640, -403107, 396737, 325893, -364217, -212109, 270507, 88351, -121374, 6479, -51874, -45860, 208015, 34868, -315087, -3074, 365865, -27473, -373135, 60467, 349546, -106141, -300784, 157172, 235806, -195904, -167822, 208005, 109739, -187820, -68996, 140115, 44443, -78722, -27331, 19775, 8742, 25988, 11899, -54811, -27525, 65386, 30335, -58070, -17295, 36888, -9121, -9740, 42984, -14161, -76926, 27880, 103583, -29093, -117163, 20262, 114640, -6867, -96501, -5394, 67599, 12355, -36523, -12079, 12348, 5516, -527, 3498, 1186, -10013, -10259, 10655, 21766, -4823, -29973, -5677, 30428, 17381, -21517, -26651, 5922, 31298, 10262, -31159, -21031, 27397, 23895, -21225, -20222, 13796, 13877, -6329, -9169, 159, 8621, 4152, -11702, -7697, 15930, 12536, -19104, -19618, 20447, 27630, -19883, -33946, 17327, 36317, -12362, -34237, 5456, 29009, 913, -22277, -3715, 14975, 2076, -7917, 2028, 2667, -6229, -884, 9723, 3001, -13131, -8151, 17408, 14917, -22985, -21915, 29523, 28123, -35997, -33328, 41052, 38162, -43353, -43271, 41693, 48773, -34484, -54582, 20698, 60496, -1722, -65241, -18371, 66346, 34960, -61796, -44999, 51707, 47427, -38195, -43179, 24383, 35434, -13449, -28288, 7546, 24394, -6381, -23969, 7053, 25932, -5999, -29000, 1218, 31303, 7096, -30513, -17051, 24157, 26281, -11283, -32658, -5633, 34263, 21381, -29894, -31103, 20432, 32786, -9076, -27040, -273, 16244, 4921, -3934, -4195, -6064, -555, 11075, 6393, -10549, -9670, 5924, 7699, 272, -164, -5313, -10910, 7308, 22195, -5814, -30171, 1799, 32353, 2841, -28441, -5953, 20452, 6033, -11407, -3068, 3837, -1406, 966, 5152, -3088, -6207, 3364, 3832, -3082, 1099, 3978, -6685, -7374, 10943, 12810, -12153, -17956, 9187, 20383, -2106, -18888, -7625, 13852, 17380, -6854, -24015, -143, 25131, 5531, -20402, -8387, 11900, 8495, -3009, -6261, -3055, 2385, 4746, 2134, -2402, -6756, -2633, 12794, 8679, -23178, -13606, 39852, 15286, -61242, -13033, 82774, 8383, -98974, -4792, 105671, 5841, -101076, -12804, 85803, 23477, -62432, -33341, 35091, 38297, -8608, -36668, -12763, 30020, 26338, -22226, -31374, 17169, 29222, -16693, -22894, 20199, 16014, -25530, -11355, 30052, 9823, -31617, -10467, 29175, 11683, -22710, -12451, 13478, 12623, -4008, -12615, -2966, 13054, 6404, -14680, -7494, 18066, 8192, -23139, -9596, 28933, 11575, -33192, -13571, 33857, 15354, -31223, -16677, 28079, 16775, -27125, -15035, 28855, 11893, -32212, -8799, 35685
1791219446.975, MrmDetectionListInfo, 629, 243, 128, 65535, 129, 65535, 130, 65535, 131, 65535, 132, 65535, 133, 65535, 134, 65535, 135, 65535, 136, 65535, 137, 65535, 138, 65535, 139, 65535, 140, 65535, 141, 65535, 142, 65535, 143, 65535, 144, 65535, 145, 65535, 146, 65535, 147, 65535, 148, 65535, 149, 65535, 150, 65535, 151, 65535, 152, 65535, 153, 65535, 154, 65535, 155, 65535, 156, 65535, 157, 65535, 158, 65535, 159, 65535, 162, 65535, 163, 65535, 164, 65535, 165, 65535, 166, 65535, 167, 65535, 168, 65535, 169, 65535, 170, 65535, 171, 65535, 172, 65535, 173, 65535, 174, 65535, 175, 65535, 176, 65535, 177, 65535, 178, 65535, 179, 65535, 180, 65535, 181, 65535, 182, 65535, 183, 65535, 184, 50612, 190, 40163, 191, 47648, 192, 48945, 193, 45535, 194, 39152, 195, 30928, 198, 17206, 199, 26250, 200, 40279, 201, 53686, 202, 63093, 203, 65535, 204, 65535, 205, 65535, 206, 65535, 207, 62514, 208, 55314, 209, 48060, 210, 41660, 211, 35858, 212, 29797, 225, 17278, 229, 21949, 230, 20232, 231, 18357, 232, 18323, 233, 20704, 234, 23953, 235, 25930, 236, 25670, 237, 23661, 238, 20860, 240, 14467, 250, 15717, 251, 18097, 252, 20580, 253, 22792, 254, 24546, 255, 25798, 256, 26457, 257, 26347, 258, 25326, 259, 23412, 260, 20804, 261, 17860, 262, 15034, 265, 10239, 275, 9860, 276, 12498, 277, 15455, 278, 18569, 279, 21798, 280, 25108, 281, 28391, 282, 31505, 283, 34347, 284, 36881, 285, 39096, 286, 40966, 287, 42437, 288, 43433, 289, 43864, 290, 43623, 291, 42618, 292, 40805, 293, 38216, 294, 35328, 295, 33871, 296, 36108, 297, 42000, 298, 48333, 299, 51803, 300, 51919, 301, 50286, 302, 48100, 303, 45177, 304, 40971, 305, 35691, 306, 30209, 307, 25309, 308, 21301, 309, 18226, 310, 16137, 311, 15087, 312, 14951, 313, 15395, 314, 16018, 315, 16503, 316, 16651, 317, 16464, 318, 16421, 319, 17307, 320, 19315, 321, 21607, 322, 23042, 323, 23076, 324, 21977, 325, 20555, 326, 19807, 327, 20632, 328, 23353, 329, 26922, 330, 29205, 331, 28777, 332, 26035, 333, 22300, 334, 18385, 335, 14397, 344, 9032, 345, 9856, 346, 9063, 352, 9153, 353, 13559, 354, 15980, 355, 16675, 356, 16779, 357, 16918, 358, 17019, 359, 16803, 360, 16086, 361, 14768, 362, 12779, 363, 10181, 377, 6371, 378, 9055, 379, 11315, 380, 12936, 381, 14013, 382, 14505, 383, 14149, 384, 12888, 385, 11417, 386, 10911, 389, 14310, 390, 14215, 391, 13465, 392, 12915, 393, 13176, 394, 13883, 395, 13855, 396, 12328, 397, 9683, 398, 6918, 410, 18929, 411, 23933, 412, 29120, 413, 34379, 414, 39485, 415, 44122, 416, 48023, 417, 51067, 418, 53256, 419, 54645, 420, 55291, 421, 55243, 422, 54530, 423, 53140, 424, 51012, 425, 48059, 426, 44215, 427, 39485, 428, 33961, 429, 28089, 430, 23226, 431, 21196, 432, 22407, 433, 25063, 434, 26776, 435, 26538, 436, 25030, 437, 23425, 438, 22236, 439, 21285, 440, 20365, 441, 19604, 447, 20733, 449, 19823, 450, 18586, 467, 21936, 468, 23210, 469, 24004, 470, 24262, 471, 24051, 472, 23541, 473, 22923, 474, 22339, 475, 21865, 476, 21520
1791219447.079, MrmFullScanInfo, 630, 107, 2056481, 0, 0, 0, 0, 10000, 39297, 32, 1, 2, 1, 480, -421448, 491925, 418337, -480384, -455303, 445280, 503043, -367418, -519803, 113145, 520161, 335040, -495207, -498518, 373580, 517677, -112913, -520182, -176821, 519672, 330286, -512374, -474542, 481759, 520186, 513657, -152456, -520132, -417270, 497145, 359765, -500016, -442450, 504787, 278927, -517909, -286362, 517771, 207193, -517890, -280598, 516919, 424398, -509013, -515324, 387403, 520192, 75620, -520054, -488725, 453581, 519448, -172382, -520192, -224424, 519692, 464753, -504741, -516208, 391492, 519979, -132479, -520132, -271958, 512674, 460939, -65672, -392090, -518810, 104472, 520164, 395217, -489835, -515004, -52291, 516842, 507575, -327345, -520192, -341421, 516380, 518012, -326692, -520157, 16331, 520016, 317662, -505684, -506336, 346489, 520183, 124411, -520074, -493458, 439180, 520041, 56039, -519436, -374530, 495634, 478610, -316558, -474372, 2453, 138123, 187606, 277372, -183158, -516856, -12275, 518232, 269513, -472874, -437678, 322832, 381905, -189359, -214992, 119638, -72004, -162444, 309389, 277325, -368955, -356989, 329927, 360255, -231084, -264915, -31984, 53014, 148891, 162757, -193922, -298629, 194592, 361728, -160682, -314635, 136782, 196982, -133331, -98327, 156429, 123766, -110285, -97041, 128315, 102187, -95519, -98355, 35480, 47740, 25431, 35586, -68748, -105142, 76239, 134241, -43920, -95820, 10107, 46478, -18099, 20114, 47302, -66949, -95007, 65631, 153740, -20233, -182502, -56385, 163115, 136638, -102171, -153927, 12595, 162236, 74277, -130088, -131795, 73533, 138607, -6071, -108378, -44075, 58705, 60710, -2395, -45391, -36200, 17644, 48300, 13019, -28585, -26355, -4423, 9273, 38535, 29328, -61716, -66471, 62246, 94448, -42005, -109062, 16914, 102520, 5456, -81084, -25969, 56567, 38309, -32399, -42065, 9493, 46967, 10032, -53783, -22437, 57755, 32155, -58204, -50293, 54905, 51794, -52156, -49343, 44139, 50080, -34162, -52076, 23581, 51111, -8876, -48168, -4731, 43094, 13882, -34400, -31659, 19542, 33606, -7731, -27104, 238, 17943, 4582, -11196, -2442, 10701, -4100, -12352, 10548, 17814, -2640, -31365, -3951, 32426, 14540, -25574, -24560, 13289, 28430, 2417, -24725, -19795, 18536, 31857, -13405, -35380, 17922, 31026, -17762, -24999, 23722, 19587, -29406, -16583, 32297, 18586, -30316, -20772, 21040, 19846, -5601, -15604, -11368, 7635, 20007, 5612, -20317, -17551, 15123, 23362, -6432, -21387, 1469, 14532, -2047, -3045, 8639, -6550, -14858, 6581, 25012, -4542, -31686, 1974, 30064, 871, -21539, -2134, 9910, -1260, 1548, 7593, -9644, -11574, 286, 12265, 691, -11451, -533, 4948, 956, 3127, 357, -8897, -1923, 10415, 3906, -8661, -4014, 3714, 5906, 99, 335, -3917, -7721, 7549, 12965, -11399, -15315, 16759, 13383, -24481, -9382, 34233, 6925, -44763, -11160, 46468, 14671, -52415, -18210, 53820, 21443, -50076, -21876, 43155, 20965, -35341, -18229, 29564, 17840, -26052, -8545, 23257, 10954, -23227, -13812, 23987, 15767, -23622, -15941, 23398, 14559, -23218, -12636, 23340, 12094, -23228, -17701, 24699, 20045, -21734, -21875, 16191, 22375, -9211, -20460, 2479, 14315, 625, -4640, -159, -7960, -4550, 28579, 12912, -44448, -22715, 59809, 35976, -75564, -48483, 89989, 60972, -99097, -71124, 101126, 81077, -91303, -90482, 62707, 95758, -27336, -94310, -13833, 82106, 50475, -59952, -77018, 31828, 87293, -4713, -85626, -14126, 76408, 22800, -58617, -22743, 50504, 15940, -49175, -8586, 50850, 6392, -52644, -11909, 51682, 25820, -44734, -42892, 30401, 59287, -4316, -70967, -13337, 60949, 25283, -43446, -27762, 23111, 20473, -4871, -8551, -7394, -7827, 11647, 23106, -8696, -24922, -190, 31161, 11931, -31262, -21248, 29153, 27133, -24586, -28920, 18528, 24976, -13859, -17481, 9312, 9007
1791219447.079, MrmFullScanInfo, 630, 107, 2056481, 0, 0, 0, 0, 10000, 39297, 32, 2, 2, 1, 480, 0, 0, 0, 0, 0, 0, 168399, -228451, -312443, 479012, 362028, -535357, -380371, 348673, 435369, -31822, -508053, -255199, 507492, 431642, -371511, -522314, 133473, 580326, 111962, -568119, -281143, 392136, 325524, -46135, -239951, -340175, 69867, 613787, 94843, -725944, -182901, 712936, 187250, -642991, -144694, 574757, 111667, -541558, -128537, 545075, 197865, -535928, -293494, 428486, 397357, -190426, -489581, -103618, 508184, 347024, -383126, -504741, 128439, 599082, 148417, -627944, -345798, 546633, 450535, -332304, -490565, 42501, 436984, 210925, -236825, -324277, -80159, 255148, 367381, -41121, -456823, -220143, 294555, 396389, 26014, -379443, -344293, 165181, 534191, 130834, -528290, -382415, 330345, 541435, -31380, -584065, -249768, 469998, 448835, -205720, -541590, -114131, 491915, 381011, -286957, -546166, 917, 591318, 231313, -494904, -304084, 268594, 192580, 5120, 40723, -199050, -288570, 220905, 465851, -82946, -537710, -105142, 505788, 213769, -396320, -172240, 259285, -29, -151187, 217265, 107174, -382076, -121264, 428330, 151319, -339520, -148307, 151044, 87034, 64545, 22187, -234083, -140902, 320027, 222634, -324611, -237138, 276645, 191257, -211294, -123416, 156878, 72160, -126655, -50405, 114496, 47060, -100600, -43734, 65914, 25750, -8430, 9212, -54246, -48556, 95991, 73895, -101330, -72871, 77612, 44117, -48673, 2941, 37889, -50450, -55703, 77420, 96018, -68764, -139254, 24403, 161397, 40283, -145511, -103226, 90675, 145753, -13867, -156386, -58438, 131628, 103987, -79402, -113334, 18382, 90192, 30082, -47208, -52354, 1703, 47542, 29548, -25950, -36247, 3609, 17842, 5493, 16913, 3869, -53340, -27462, 76912, 55983, -80015, -79531, 64221, 90775, -36958, -87444, 7015, 72422, 18720, -50990, -37392, 28435, 50028, -8992, -58759, -5732, 64630, 16744, -67884, -25120, 68404, 30690, -65562, -33709, 59011, 35932, -49362, -38710, 37701, 41784, -24994, -43808, 11637, 43201, 2110, -38984, -14823, 31382, 23533, -21593, -25853, 11560, 22631, -3861, -17162, 962, 12701, -2916, -11575, 6690, 14938, -8457, -21548, 5967, 27457, 940, -28398, -10527, 22374, 19669, -10026, -25716, -5595, 28386, 19648, -29116, -27500, 29270, 27457, -29496, -21528, 30182, 13785, -31444, -7992, 32339, 6036, -30831, -7484, 24705, 10404, -13414, -12314, -649, 10853, 13261, -4885, -20821, -4204, 22120, 12820, -18498, -17064, 13029, 14760, -8831, -6847, 7886, -2955, -10889, 10641, 16929, -14290, -23070, 14110, 25501, -11262, -21971, 7487, 13072, -4625, -2342, 3819, -5600, -5159, 8323, 7459, -6925, -8394, 4020, 6031, -1175, -619, -949, -5433, 1943, 9347, -1472, -9718, -87, 6958, 1232, -2275, -261, -3403, -3020, 9607, 6780, -15982, -8531, 22350, 6860, -28849, -2499, 35476, -2058, -41943, 4374, 47912, -3720, -52814, 1142, 55480, 1926, -54518, -4561, 49726, 6523, -42590, -7442, 35287, 6912, -29386, -5478, 25678, 4584, -24437, -5058, 25180, 6184, -26617, -6807, 27517, 6433, -27415, -5769, 26822, 6090, -26570, -7946, 26643, 10757, -25805, -13556, 22721, 15540, -17293, -15687, 10774, 12689, -4956, -5103, 1226, -7844, -31, 25340, 1333, -45191, -5096, 65268, 11093, -84275, -18540, 100891, 26546, -112904, -35001, 117042, 44742, -110011, -56574, 90307, 69617, -59464, -80552, 21789, 84873, 16834, -79311, -50212, 63919, 73512, -42479, -84233, 20838, 82946, -4280, -73538, -4222, 61893, 4688, -52951, -217, 48604, -3900, -48005, 2550, 48755, 6841, -47502, -23466, 41403, 43016, -29973, -58539, 15372, 63500, -1054, -55654, -9611, 38144, 13981, -16999, -10918, -1794, 1853, 14001, 9810, -17598, -20757, 13124, 29267, -3559, -34695, -7047, 36476, 15340, -34474, -19442, 29308, 18937
1791219447.079, MrmFullScanInfo, 630, 107, 2056481, 0, 0, 0, 0, 10000, 39297, 32, 4, 2, 1, 480, 0, 0, 0, 0, 0, 0, -123, 506, 103, -1232, 146, 1069, -169, 391, -189, -1889, 563, 2079, -517, -1178, 466, 21, -763, 969, 957, -1484, 235, 1049, -3274, 529, 6078, -2277, -6291, 2706, 3629, -1424, -69, -566, -2801, 2118, 5004, -2833, -6707, 2960, 7225, -2330, -5731, 140, 3229, 3080, -1387, -5166, 30, 4837, 1850, -3141, -4048, 1686, 5267, -638, -4803, -321, 3166, 643, -1265, 1008, -270, -5481, 1700, 11426, -3480, -15101, 4763, 13611, -3599, -8326, -113, 2226, 3910, 3889, -5929, -9190, 6008, 11042, -4054, -8417, 425, 4116, 2965, -1002, -4217, -251, 3261, 54, -1253, 754, -263, -1265, 203, 1281, 1050, -1209, -1549, 384, -1987, 3694, 12811, -14210, -29868, 31819, 44181, -52480, -53156, 67394, 77278, -73649, -146766, 82493, 265386, -110032, -396920, 158842, 493016, -212043, -525050, 250005, 491257, -267059, -408201, 263758, 298186, -239606, -178533, 198232, 54890, -149852, 74315, 103843, -204090, -61801, 320151, 23387, -402192, 11667, 428867, -34686, -389412, 34704, 290846, -17376, -149069, 3865, -20303, -6123, 195433, 13584, -342185, -11078, 425473, -5836, -424643, 28138, 348532, -45941, -236209, 62079, 133663, -86639, -65493, 117802, 29444, -136384, -13280, 122963, 5960, -73587, 49, 4523, -9978, 57910, 26858, -94511, -48694, 102513, 67414, -90897, -73401, 70304, 62488, -48729, -38736, 30439, 11928, -16329, 7993, 5020, -15881, 5722, 12981, -17482, -5039, 29879, -1308, -40277, 1765, 45037, 3787, -41504, -11483, 29123, 15601, -10311, -11991, -9322, 914, 22890, 12643, -25755, -21518, 17978, 20617, -3667, -9947, -10899, -5360, 19461, 17815, -18712, -21343, 10574, 14085, -1172, 777, -3027, -16280, -1108, 24998, 12368, -22626, -26032, 9297, 34948, 10899, -33278, -31262, 21123, 44518, -4907, -46000, -7409, 36630, 11629, -22259, -8111, 10365, 418, -5976, 5900, 9208, -5514, -15831, -3579, 20112, 18467, -17914, -33147, 8697, 42053, 4501, -42091, -16879, 33583, 24187, -19612, -24441, 4814, 18532, 6149, -9479, -10456, 939, 8668, 4141, -4316, -4459, 1395, 875, -2216, 3758, 6876, -6138, -13614, 4633, 19502, -91, -21588, -5086, 18438, 8644, -10939, -9560, 1935, 8297, 4994, -6046, -7330, 4142, 4938, -3937, 266, 6255, -5793, -10470, 9728, 14531, -11160, -16224, 10326, 14377, -8222, -9993, 6216, 5621, -5688, -2974, 6997, 1875, -8720, -1642, 8828, 2410, -6525, -4296, 2577, 6827, 1617, -8646, -5511, 8558, 9615, -7156, -13901, 6492, 16856, -7852, -16793, 10687, 13483, -13728, -7835, 15975, 1193, -17549, 4958, 19453, -9427, -21868, 11582, 23148, -11052, -21102, 7514, 15122, -1045, -6352, -7183, -3149, 14996, 11170, -19600, -16073, 18873, 17334, -12798, -15284, 3509, 10528, 6302, -3969, -14778, -2961, 20833, 8715, -23879, -12378, 24010, 13692, -21996, -12499, 18771, 8732, -14926, -3114, 10886, -2589, -7245, 6446, 4700, -7317, -3770, 5496, 4803, -2496, -8010, 131, 13667, 288, -22225, 1884, 33884, -6655, -47692, 13114, 60956, -19247, -69950, 22062, 71508, -18900, -64484, 9529, 49883, 3116, -29928, -14609, 7361, 21557, 14741, -22921, -32891, 20141, 43836, -15508, -46020, 11125, 40839, -9138, -31982, 11586, 23305, -18782, -17253, 28319, 14666, -36374, -15151, 39639, 17548, -36302, -20783, 26816, 23874, -14053, -25091, 1781, 22414, 7335, -15364, -12441, 5778, 13794, 3724, -12253, -11133, 8920, 15203, -4619, -15430, -286, 12435, 5556, -7860, -10420, 3273, 13645, 618, -14171, -3514, 11606, 5136
1791219447.079, MrmDetectionListInfo, 630, 204, 114, 53148, 115, 60255, 116, 65535, 117, 65535, 118, 65535, 119, 65535, 120, 65535, 121, 65535, 122, 65535, 123, 65535, 124, 65535, 125, 65535, 126, 65535, 127, 65535, 128, 65535, 129, 65535, 130, 65535, 131, 65535, 132, 65535, 133, 65535, 134, 65535, 135, 65535, 136, 65535, 137, 65535, 138, 65535, 139, 65535, 140, 65535, 141, 65535, 142, 65535, 143, 65535, 144, 65535, 145, 65535, 146, 65535, 147, 65535, 148, 65535, 149, 65535, 150, 65535, 151, 65535, 152, 65535, 153, 65535, 154, 34229, 156, 46099, 157, 65535, 158, 65535, 159, 65535, 160, 65535, 161, 65535, 162, 65535, 163, 65535, 164, 65535, 165, 65535, 166, 65535, 167, 65535, 168, 65535, 169, 65535, 170, 65535, 171, 65535, 172, 65535, 173, 65535, 174, 65535, 175, 65535, 176, 62442, 177, 49388, 183, 60212, 184, 65535, 185, 65535, 186, 65535, 187, 65535, 188, 65535, 189, 65535, 190, 65535, 191, 57054, 192, 46145, 193, 35415, 194, 24854, 195, 15644, 204, 16894, 206, 21224, 207, 23030, 208, 24093, 210, 24000, 220, 22897, 221, 22608, 229, 19212, 230, 20047, 231, 17899, 240, 19038, 241, 20650, 242, 21567, 243, 21570, 244, 21749, 245, 23475, 246, 26739, 247, 29814, 248, 30644, 249, 28751, 250, 25794, 251, 23933, 252, 23502, 253, 22786, 254, 20112, 265, 15172, 266, 19498, 267, 23068, 268, 24457, 269, 24095, 270, 23567, 271, 24101, 272, 25771, 273, 27441, 274, 27515, 275, 25245, 276, 21220, 277, 16660, 278, 12735, 301, 11810, 315, 10054, 316, 12076, 317, 13072, 318, 13420, 319, 13364, 320, 12788, 321, 11560, 342, 9168, 343, 9732, 344, 10426, 345, 11281, 346, 12116, 347, 12733, 348, 13043, 349, 13036, 350, 12711, 351, 12056, 352, 11089, 353, 9999, 356, 11715, 357, 13993, 358, 15777, 359, 16761, 360, 17165, 361, 17127, 362, 16434, 363, 14791, 364, 12137, 371, 15145, 372, 17506, 373, 18368, 374, 17817, 375, 16220, 376, 13851, 377, 10943, 378, 8141, 380, 6372, 381, 7560, 382, 9359, 383, 11427, 384, 13732, 385, 16073, 386, 17899, 387, 18764, 388, 18729, 389, 18160, 390, 17275, 391, 16018, 392, 14281, 393, 12112, 394, 9742, 411, 16170, 412, 20344, 413, 25158, 414, 30343, 415, 35448, 416, 40027, 417, 43699, 418, 46107, 419, 46903, 420, 45827, 421, 42803, 422, 38029, 423, 32073, 424, 25872, 425, 20589, 426, 17054, 427, 15104, 428, 14360, 429, 15428, 430, 18977, 431, 24087, 432, 28605, 433, 30960, 434, 31191, 435, 30275, 436, 28888, 437, 27066, 438, 24758, 439, 22308, 440, 20309, 441, 19178, 446, 24214, 447, 25941, 448, 27293, 449, 28056, 450, 28106, 451, 27402
1791219447.204, MrmFullScanInfo, 631, 107, 2056606, 0, 0, 0, 0, 10000, 39297, 32, 1, 2, 1, 480, -422540, 492424, 422793, -480321, -451786, 446489, 505678, -369818, -519889, 115209, 520192, 338646, -496637, -498979, 371331, 517175, -109781, -520192, -173694, 519597, 322136, -512143, -475594, 482290, 520164, 513482, -163241, -520174, -412366, 497334, 357754, -501155, -439136, 503314, 284364, -517704, -287122, 517612, 216440, -516402, -287900, 516192, 428096, -510368, -515088, 381799, 520192, 89736, -520088, -487919, 448354, 519410, -162002, -519983, -233890, 519652, 466554, -503748, -517084, 391425, 519968, -134641, -520180, -257428, 513421, 460305, -69789, -369447, -518572, 82489, 520070, 401143, -486527, -515314, -55335, 516792, 509697, -310790, -520192, -362465, 516564, 518320, -319443, -520143, 9941, 520022, 322771, -504318, -507125, 346473, 520169, 114404, -520152, -491820, 439916, 520018, 53048, -519387, -396665, 494323, 494405, -376711, -504119, 288266, 428710, -382387, -255106, 500774, 259065, -513640, -403471, 504161, 519960, -227296, -520175, -1327, 520173, 237439, -518746, -434255, 499021, 513256, -338092, -519944, 47376, 520137, 210403, -517333, -502005, 405045, 472393, -321788, -247185, 280432, -59175, -324167, 251151, 444440, -244986, -512802, 74421, 517229, 168834, -502633, -511993, 125190, 517671, 145723, -474304, -328810, 286494, 378985, -80478, -302803, -47603, 148138, 79701, -874, -39710, -87073, -85836, 69528, 161770, 2953, -165596, -93676, 106306, 157194, -15602, -145680, -70438, 75325, 108229, 18217, -75290, -97347, -4848, 163837, 101878, -96004, -163723, -4038, 168802, 89364, -114403, -129376, 33326, 122980, 36973, -77312, -73296, 19648, 87413, 22652, -49752, -40088, -5761, 27326, 43547, 13096, -48841, -60445, 25512, 89387, 18960, -87333, -65518, 62583, 115048, -20496, -99524, -28400, 64337, 59544, -23347, -66378, -11271, 60005, 28885, -47308, -26257, 31146, 17076, -18055, -3622, 35311, -3153, -44526, -1168, 48187, 20989, -44325, -42418, 31604, 56032, -7778, -53878, -14377, 40245, 26981, -8204, -29398, -15637, 17788, 26106, 664, -23998, -16625, 15345, 22965, 1864, -18682, -18637, 9620, 26232, 2511, -16709, -18520, 5090, 16635, 6990, -4704, -14867, -9510, 13102, 22896, -3824, -30774, -5752, 27756, 8564, -15389, 1417, 7805, -11171, 1365, 24572, -5036, -34298, 2714, 38228, 7796, -33608, -19860, 21054, 27237, -2477, -29150, -19118, 24219, 28077, -9797, -26541, -6632, 17312, 17953, -2994, -21086, -11287, 17658, 21387, -7053, -24746, -3490, 20299, 17567, -11149, -17022, -455, 13016, 10389, -6568, -15591, -514, 18237, 3513, -17958, -3042, 14280, -49, -8708, -9369, 7390, 3327, -3121, 2446, -2112, -6995, 6029, 11717, -6915, -16639, 6940, 19519, -3918, -22240, -10095, 20535, 14544, -21422, -17177, 23757, 16943, -27363, -14021, 32304, 7369, -37228, -3021, 42607, 2617, -47175, -14397, 50351, 18965, -49286, -25159, 46425, 28843, -40759, -28971, 34707, 25287, -28759, -21500, 25297, 19169, -23424, -13282, 25504, 15675, -24779, -18409, 23013, 18785, -20616, -17924, 17967, 15387, -16235, -12728, 14679, 11134, -13335, -15746, 12602, 17730, -7533, -21635, 1034, 24104, 5688, -22366, -10131, 16798, 10504, -5246, -6597, -8050, -13, 23654, 7324, -42269, -20105, 63758, 33954, -84471, -46402, 104606, 57309, -117937, -64808, 119804, 74079, -107395, -84904, 73522, 98330, -29603, -98183, -18381, 86719, 58211, -65636, -86453, 38755, 96140, -14095, -92779, -1284, 79668, 7831, -66985, -4846, 57458, -3858, -53535, 11386, 53687, -9722, -52391, -864, 47619, 18855, -38503, -43117, 21969, 62486, -4090, -73573, -14551, 62573, 26437, -43502, -28345, 20555, 23868, -1315, -14970, -13239, 6002, 21135, 1117, -21519, -7104, 20605, 9059, -14404, -9120, 9119, 9994, -4456, -12760, 847, 18188, 3303, -20967, -6962, 22805, 9315
1791219447.204, MrmFullScanInfo, 631, 107, 2056606, 0, 0, 0, 0, 10000, 39297, 32, 2, 2, 1, 480, 0, 0, 0, 0, 0, 0, 168744, -228895, -312884, 480183, 362213, -536892, -380358, 349658, 435370, -31716, -508018, -256054, 507177, 432560, -371543, -522715, 134900, 579790, 109363, -566861, -279482, 391188, 326932, -46596, -244407, -338208, 75422, 611285, 90666, -724073, -181456, 712324, 188802, -643624, -148933, 576257, 117746, -543543, -134873, 546845, 202556, -535616, -296069, 424599, 398722, -184118, -489738, -109412, 505480, 350811, -376884, -507216, 120772, 600935, 154375, -629137, -348547, 547940, 450505, -335203, -488978, 48463, 434872, 200506, -234141, -309513, -84029, 239387, 371626, -29438, -459059, -224625, 293234, 392852, 30629, -369371, -350400, 152939, 538629, 140274, -528133, -387262, 325555, 543156, -24970, -585049, -254382, 471958, 450048, -208757, -540299, -111261, 489040, 379621, -281280, -550591, -9271, 623908, 256053, -615434, -373014, 565420, 351875, -522309, -254631, 510532, 176896, -513918, -182481, 488383, 267620, -392053, -389671, 218189, 508616, -5493, -592465, -190181, 601095, 333532, -498141, -430827, 283505, 505889, -16146, -561240, -202301, 571991, 277607, -517366, -180708, 415495, -26100, -320267, 226986, 284056, -318435, -323286, 252820, 397627, -55254, -427413, -194522, 348290, 401191, -164395, -493325, -52696, 451766, 218773, -310179, -280405, 136887, 233586, -2189, -119253, -50703, -758, 21385, 73686, 51712, -75980, -115943, 19582, 134281, 56911, -99144, -108950, 30484, 108734, 36264, -54606, -68227, -29174, 51111, 101240, 6544, -124449, -79041, 89301, 133688, -18061, -145428, -54037, 110068, 98366, -44786, -103538, -22260, 76167, 64607, -33807, -68385, -4134, 38606, 22362, 4394, -13882, -37413, -16452, 45389, 53659, -24642, -80631, -16241, 85794, 58727, -65996, -83704, 27056, 82597, 17580, -60512, -52867, 30023, 69564, -3795, -66895, -10723, 52168, 12732, -36934, -6063, 29935, -2681, -32215, 5859, 38867, 1294, -43706, -17114, 41676, 34516, -30676, -44893, 12749, 42439, 6640, -27445, -20812, 6331, 24563, 12415, -17045, -22729, 2806, 22261, 11042, -12226, -18933, -2380, 18408, 14506, -10264, -18979, -1119, 14897, 9239, -4995, -9376, -6025, 1397, 13390, 10926, -14709, -21822, 11489, 26199, -7728, -22108, 7102, 11508, -10950, 1141, 18117, -10832, -26005, 13616, 31636, -8275, -32445, -3044, 26696, 16024, -14610, -25916, -610, 28749, 13927, -22672, -21151, 9485, 20698, 5792, -13420, -17475, 1963, 21887, 9973, -18209, -18732, 8538, 21838, 2824, -18521, -11384, 9929, 14712, 1145, -13285, -11304, 9375, 17888, -5591, -19583, 2823, 17002, -405, -12408, -1586, 7736, 1770, -3094, 592, -2019, -4494, 7088, 8693, -10833, -12618, 11660, 16216, -8519, -19679, 2204, 23179, 4508, -26596, -8610, 29747, 8632, -32528, -4753, 35010, -1397, -37484, 6794, 40564, -8468, -44698, 5606, 49290, 189, -52604, -6499, 52966, 11549, -49840, -14331, 44013, 14788, -37199, -13421, 31371, 11029, -27801, -8729, 26521, 7655, -26558, -8107, 26599, 9212, -25709, -9827, 23683, 9416, -20930, -8549, 18237, 8465, -16181, -10043, 14512, 13293, -12229, -17427, 8607, 21047, -3961, -22108, -584, 18643, 3840, -9692, -5207, -4381, 4595, 22536, -2002, -43801, -2381, 67243, 7835, -91232, -13218, 112853, 18081, -128092, -23628, 132582, 32634, -123086, -47189, 99034, 65783, -63155, -82891, 20810, 91950, 21300, -89150, -56453, 75245, 79521, -54942, -88479, 34666, 85154, -19978, -74282, 13718, 61463, -14930, -51000, 19123, 44836, -20324, -42573, 13800, 42157, 1886, -40917, -24250, 36551, 47180, -27872, -62972, 15368, 66033, -1299, -55747, -10908, 36355, 18300, -14126, -19817, -5258, 16414, 18364, -10221, -24292, 3558, 24082, 1944, -19789, -5929, 13819, 9233, -8302, -12838, 4349, 16944, -1912
1791219447.204, MrmFullScanInfo, 631, 107, 2056606, 0, 0, 0, 0, 10000, 39297, 32, 4, 2, 1, 480, 0, 0, 0, 0, 0, 0, 315, -237, -439, 666, 292, -1116, -91, 1220, -73, -788, 294, 106, -567, 381, 195, -389, 1089, -117, -2191, 632, 1736, -504, 113, -263, -2032, 1062, 3043, -1421, -2721, 1303, 1393, -834, 476, 196, -2260, 378, 3351, -768, -3334, 749, 2278, 472, -1209, -2718, 777, 4262, -105, -3875, -2045, 2575, 4732, -1865, -5649, 1672, 4068, -1401, -1450, 1654, -600, -2586, 1554, 3885, -1526, -6069, 1438, 9102, -2173, -10763, 3066, 8678, -2548, -3678, 448, -2088, 2156, 6552, -3709, -7920, 2805, 6102, 449, -3221, -3825, 1374, 4940, -1171, -3425, 2091, 705, -2843, 1310, 2426, -3031, -856, 6401, -4989, -11047, 32839, 23972, -119197, -63581, 291460, 146981, -515306, -277351, 689469, 444056, -708874, -617529, 542820, 746982, -254564, -789770, -39653, 746477, 231721, -654383, -278624, 541338, 223082, -406937, -166610, 238211, 199219, -42569, -339153, -134050, 526645, 223358, -671521, -183500, 722194, 39456, -696087, 133482, 648252, -252748, -623664, 252675, 620736, -112904, -593351, -123099, 488165, 365446, -293214, -525098, 54603, 556593, 156812, -464980, -281020, 300496, 292693, -135269, -210259, 32419, 85739, -20098, 20473, 80826, -65105, -163297, 36362, 211796, 46081, -193088, -140708, 108399, 202589, 8826, -199547, -111582, 127658, 164724, -18709, -158103, -74971, 103519, 114071, -26431, -94389, -42189, 38696, 78131, 22150, -73282, -64461, 37940, 77274, 4678, -60949, -30137, 24399, 25265, 17255, 6179, -47249, -47888, 54516, 80592, -38711, -89799, 9340, 72123, 19327, -37521, -34412, 3414, 30282, 16484, -11862, -19206, -8381, 10305, 18353, 1417, -12573, -7739, -5080, 3679, 24392, 10421, -35541, -28304, 34346, 40984, -22799, -42422, 6463, 32627, 8009, -16870, -15587, 2744, 14933, 3677, -8815, -949, 2596, -7525, -1272, 16198, 6626, -20495, -16559, 18245, 26898, -10075, -33691, -1028, 34503, 11052, -29208, -16769, 20281, 17010, -11561, -12944, 6012, 7453, -4104, -3585, 4028, 3103, -2913, -5903, -799, 10156, 6377, -13107, -12113, 12823, 16748, -9417, -19113, 4523, 17546, 227, -11053, -3850, 422, 5574, 11966, -4792, -23089, 1794, 30053, 1959, -30790, -4602, 25030, 4703, -14610, -1365, 2660, -5522, 7645, 14659, -13352, -23575, 12725, 29800, -6916, -31357, -281, 26854, 5256, -16248, -6862, 1735, 5773, 12835, -3308, -22913, -52, 25526, 4370, -21400, -8147, 13850, 8241, -5630, -2888, -2035, -6147, 8008, 15335, -10975, -21764, 9802, 24172, -4512, -23020, -2706, 19851, 8194, -16274, -9340, 13396, 6413, -11549, -1702, 10503, -2049, -9702, 2467, 9012, 1302, -8581, -7633, 7885, 13453, -5697, -16440, 1509, 16009, 3701, -12584, -8430, 7251, 11575, -1801, -12235, -1920, 9885, 3174, -5307, -2428, 597, 500, 2407, 2006, -3416, -4457, 3081, 6197, -2022, -6815, 484, 6333, 1583, -5193, -4155, 4081, 6855, -3474, -8941, 3367, 9745, -3313, -9047, 2924, 7169, -2472, -4680, 2521, 1847, -2660, 1359, 1240, -4744, 3097, 7749, -9941, -9724, 17347, 10327, -22829, -9756, 24307, 8998, -20951, -9068, 13619, 9781, -4479, -9684, -3974, 7506, 9859, -3517, -12345, -578, 11592, 2803, -8697, -1999, 5450, -1696, -3369, 6933, 2988, -11492, -3956, 13213, 5606, -11164, -7049, 5842, 7393, 1284, -6559, -8231, 5154, 12863, -3431, -13709, 1048, 10825, 2188, -5558, -5794, -317, 9411, 5518, -13346, -9479, 17565, 12354, -21181, -14910, 23393, 17896, -24244, -21195, 23802, 23961, -21178, -25294, 15628, 24497, -7612, -21119
1791219447.204, MrmDetectionListInfo, 631, 196, 107, 56460, 108, 65535, 109, 65535, 110, 65535, 111, 65535, 112, 65535, 113, 65535, 114, 65535, 115, 65535, 116, 65535, 117, 65535, 118, 65535, 119, 65535, 120, 65535, 121, 65535, 122, 65535, 123, 65535, 124, 65535, 125, 65535, 126, 65535, 127, 65535, 128, 65535, 129, 65535, 130, 65535, 131, 65535, 132, 65535, 133, 65535, 134, 65535, 135, 65535, 136, 65535, 137, 65535, 138, 65535, 139, 65535, 140, 65535, 141, 65535, 142, 65535, 143, 65535, 144, 65535, 145, 65535, 146, 65535, 147, 65535, 148, 65535, 149, 65535, 150, 65535, 151, 65535, 152, 65535, 153, 65535, 154, 65535, 155, 65535, 156, 65535, 157, 65535, 158, 65535, 159, 65535, 160, 65535, 161, 65535, 162, 65535, 163, 65535, 164, 65535, 165, 65535, 169, 62254, 170, 65535, 171, 65535, 172, 65535, 173, 65535, 174, 65535, 175, 65535, 176, 65535, 177, 65535, 178, 65535, 179, 65535, 180, 65535, 181, 65535, 182, 65535, 183, 65535, 184, 65535, 185, 65535, 186, 65535, 187, 65535, 188, 65535, 189, 65535, 190, 51119, 191, 46565, 192, 51055, 193, 54411, 194, 54288, 195, 54797, 196, 57119, 197, 56425, 198, 49023, 199, 38664, 200, 32396, 201, 31126, 202, 29026, 204, 17031, 206, 34261, 207, 53048, 208, 65535, 209, 65535, 210, 61692, 211, 53260, 212, 45331, 213, 39198, 214, 34827, 215, 30723, 216, 25379, 231, 22834, 232, 29330, 233, 33566, 234, 35325, 235, 34757, 236, 31941, 237, 27216, 238, 21798, 240, 14956, 241, 13547, 252, 14116, 254, 18800, 255, 20326, 256, 20931, 257, 20451, 258, 19282, 259, 18503, 260, 19193, 261, 21033, 262, 22181, 263, 21178, 264, 18366, 265, 15121, 266, 12311, 267, 9884, 281, 13995, 284, 12701, 285, 11236, 286, 9245, 287, 7149, 292, 8507, 293, 12190, 296, 15684, 297, 16318, 307, 14082, 308, 17778, 309, 19520, 310, 19934, 311, 19642, 312, 18682, 313, 16971, 314, 14975, 315, 13473, 316, 12428, 317, 10726, 318, 7731, 323, 13648, 324, 13488, 325, 13078, 326, 13466, 327, 13863, 328, 13035, 329, 10790, 336, 13724, 337, 16105, 338, 16721, 339, 16286, 340, 15349, 341, 14098, 342, 12826, 343, 12068, 344, 12168, 345, 12746, 346, 12887, 347, 12031, 348, 10441, 361, 10676, 362, 10565, 363, 9828, 364, 9076, 413, 10109, 414, 12431, 415, 14374, 416, 15810, 417, 16689, 418, 16981, 419, 16675, 420, 15806, 421, 14472, 422, 12788, 423, 10850, 468, 16271, 469, 17724, 470, 19161, 471, 20351, 472, 21290, 473, 22107, 474, 22832, 475, 23307, 476, 23323, 477, 22747
1791219447.329, MrmFullScanInfo, 632, 107, 2056731, 0, 0, 0, 0, 10000, 39297, 32, 1, 2, 1, 480, -421579, 491680, 418866, -480365, -451123, 448735, 504929, -370298, -520082, 109299, 520170, 337387, -495846, -497426, 372221, 516944, -114007, -520192, -179311, 519473, 322653, -511792, -475937, 481458, 520190, 514311, -156055, -520100, -414106, 496311, 361647, -501055, -441111, 504360, 281842, -517954, -283640, 518212, 208118, -517375, -285854, 516874, 422999, -510032, -515513, 389604, 520154, 77347, -519894, -488540, 452688, 519292, -172563, -520192, -227656, 519880, 467559, -503694, -516125, 389761, 519890, -133328, -520093, -277969, 512922, 462561, -66734, -393220, -519153, 103779, 520121, 397763, -488902, -514819, -50388, 516742, 509735, -313721, -520192, -365230, 515576, 519279, -291633, -520138, -28760, 519757, 317925, -507193, -448140, 465931, 476933, -422125, -435197, 467699, 180833, -514440, -34649, 516978, -106351, -517036, 105518, 518707, 24536, -518936, -288161, 516619, 505206, -432698, -520145, 88483, 520191, 274195, -431404, -518509, 264758, 516471, -216080, -505433, 311623, 253392, -472001, 238274, 507167, -373238, -517690, 303294, 520119, -131890, -517928, -374606, 448599, 473295, -145607, -489372, -191726, 356413, 405242, -148913, -407022, -3769, 254558, 51207, -69568, -3892, -88025, -131857, 87014, 281530, 9208, -322778, -126112, 280911, 207931, -160117, -198274, -3478, 98402, 128881, 49456, -172383, -236271, 29651, 295794, 76210, -245766, -151723, 138010, 160796, -36706, -105873, -27205, 19478, 38590, 53345, 5504, -92351, -65489, 91210, 112732, -29968, -123707, -40725, 93108, 88289, -30079, -99514, -35511, 82686, 72113, -41528, -72659, -882, 52641, 16005, -5207, -858, -25987, -28402, 24789, 61828, 5754, -81098, -43005, 71935, 77462, -37688, -100077, -847, 92197, 46568, -60918, -72383, 27138, 79445, -199, -66725, -16372, 52176, 18304, -41166, -6308, 37661, -3223, -40587, -10481, 57141, 25403, -63299, -40268, 55824, 54425, -35548, -58172, 9066, 48765, 21235, -32159, -44044, 14266, 53206, 19114, -34959, -30813, 30849, 24725, -22611, -5383, 17374, -14435, -19828, 30492, 27111, -35604, -32463, 27216, 33720, 6929, -36853, -14784, 17709, 19503, 4910, -19634, -21432, 12551, 30772, -1130, -32716, -7106, 26264, 8416, -13069, 7553, 15268, -15929, -14424, 24121, 17297, -26376, -20668, 21204, 24318, -9368, -22379, -6163, 14138, 22026, -3855, -37851, -7240, 38654, 18205, -30174, -23949, 17261, 21930, -3383, -16157, -8474, 7071, 15106, 920, -16823, -3970, 4050, 17731, -5329, -14149, 7057, 8731, -12406, -2059, 18523, -2607, -23114, 3608, 24949, -1702, -24386, -1413, 14145, 2070, -10528, -3570, 7163, 3192, -3257, -2982, -1669, 2641, 7528, -2461, -11749, 2726, 14955, -2874, -7172, -1900, 6910, -1818, -4789, 7537, 1324, -12281, 3355, 18177, -6152, -22661, 5675, 27073, -271, -31973, -5972, 31186, 9891, -29485, -11707, 27272, 10516, -23849, -6108, 20746, 576, -18410, 4714, 19127, -7580, -21170, 14945, 31167, -13025, -33754, 10961, 35055, -10239, -32176, 9867, 27193, -8421, -20831, 6021, 15395, -621, -9514, -8426, 4263, 17011, 2739, -24652, -10900, 29448, 20624, -29880, -27568, 25967, 30212, -18547, -27969, 8582, 21730, 9095, -11794, -19876, -1395, 31253, 13308, -42604, -23524, 54779, 30769, -65293, -33889, 70844, 39397, -68214, -46500, 42461, 54072, -19745, -59502, -4929, 59029, 27470, -53666, -42586, 43430, 47023, -31540, -44841, 20269, 39186, -11751, -39086, 6499, 36353, -640, -38951, -4669, 44300, 12162, -48256, -19339, 47605, 27393, -41267, -31562, 30422, 32088, -17831, -35449, 10202, 20855, -6893, -5705, 6377, -6112, -7653, 11085, 9136, -10893, -9451, 6026, 7948, -492, -5548, -824, 4998, 2950, -6580, -2182, 13680, 1807, -22056, -48, 29804, -2536, -35077, 4282, 34991, -4450
1791219447.329, MrmFullScanInfo, 632, 107, 2056731, 0, 0, 0, 0, 10000, 39297, 32, 2, 2, 1, 480, 0, 0, 0, 0, 0, 0, 168055, -228933, -311608, 480021, 361065, -536102, -379933, 348413, 435694, -30899, -508792, -255842, 507910, 431672, -371604, -521955, 133967, 579655, 110799, -567114, -280159, 391156, 325921, -45843, -241680, -339543, 71823, 612757, 93827, -725315, -182957, 713031, 187671, -643478, -145198, 575207, 112541, -541966, -129842, 545777, 198914, -536901, -293716, 429233, 396947, -190558, -489030, -103970, 507635, 347476, -382210, -505155, 126890, 599396, 150253, -628023, -347238, 546079, 451334, -330719, -491178, 40026, 437917, 213371, -237965, -325544, -79365, 254907, 367370, -40011, -457431, -220333, 294905, 392686, 27285, -370368, -345956, 152860, 529685, 143236, -512267, -394058, 310636, 558075, -28369, -642333, -209142, 662755, 317753, -638973, -276814, 590471, 122338, -530165, 68948, 470411, -210642, -431109, 241349, 433584, -144150, -481465, -38851, 531707, 231883, -499223, -379919, 323349, 470560, -39254, -509613, -241334, 507318, 406463, -489447, -381559, 474955, 160538, -449642, 159865, 398229, -413467, -347410, 463997, 346463, -295347, -398585, 8018, 429898, 258045, -345994, -410344, 131327, 434157, 122500, -358146, -291348, 230329, 306896, -106582, -192069, 38606, 32532, -53331, 82616, 135205, -107651, -230771, 53030, 278123, 33490, -240680, -97095, 124826, 98899, 18877, -29621, -123030, -85237, 145220, 193987, -90696, -246260, 1597, 223799, 72675, -146311, -98647, 54843, 70970, 10932, -9171, -29810, -54607, 5094, 89999, 41704, -81652, -83265, 36150, 97761, 23668, -77628, -72489, 32790, 93352, 15979, -83087, -48368, 52683, 53317, -20856, -33192, 3899, 2831, -8750, 18705, 31220, -19358, -58091, -1409, 73892, 34731, -68783, -66823, 42452, 84925, -2995, -83387, -36603, 65418, 64040, -39652, -73736, 15898, 68405, -1621, -55700, -1935, 44385, 223, -41305, -224, 47706, 5400, -57571, -15349, 61588, 27598, -53373, -38345, 32393, 43930, -3645, -41573, -23987, 30100, 42445, -12115, -48850, -4652, 45202, 11418, -35416, -5041, 23738, -10414, -14619, 27001, 11021, -36061, -13713, 32610, 20684, -18891, -26308, 2098, 23970, 11630, -11754, -19738, -5670, 21420, 21309, -17383, -29834, 10954, 29758, -6867, -23429, 8242, 15225, -14527, -8992, 22149, 6664, -26925, -8361, 25800, 12393, -17754, -16000, 3677, 16883, 13542, -14161, -29061, 8073, 37829, 299, -37254, -8819, 28374, 14835, -14663, -16553, 329, 14089, 10397, -8301, -15010, 274, 14641, 7553, -12968, -11390, 12800, 8972, -14366, -1911, 16733, -5847, -18978, 10726, 20168, -11324, -19392, 8422, 16539, -3973, -12531, -8, 8350, 2468, -4036, -3597, -680, 4313, 5607, -5316, -9462, 6205, 10815, -6014, -9591, 4964, 6887, -4760, -3368, 6755, -1157, -10543, 6344, 14949, -10675, -19383, 12339, 23875, -10690, -28156, 6744, 31279, -2396, -32252, -590, 30762, 1185, -27190, 715, 22580, -4341, -18437, 8869, 16466, -13760, -17622, 18365, 21304, -21687, -25529, 22986, 28029, -22313, -27498, 20002, 24041, -16200, -18922, 10761, 13745, -3490, -9551, -5379, 6292, 14967, -2927, -23961, -1678, 30980, 7694, -34684, -13985, 34002, 18786, -28089, -20781, 16872, 19565, -1688, -15357, -15122, 8840, 31636, -1347, -47059, -5238, 60795, 9653, -71519, -12439, 76451, 16120, -72588, -23594, 59330, 35473, -39435, -48926, 17218, 59385, 3615, -63291, -20198, 59614, 30780, -49850, -35559, 37260, 36501, -25359, -36074, 16306, 36337, -10209, -38567, 5881, 42820, -1838, -47439, -3026, 49810, 8946, -47770, -15521, 41063, 21296, -31604, -23410, 21946, 19239, -13615, -9303, 7211, -2243, -3199, 10687, 1824, -13479, -2585, 11166, 4350, -6320, -6062, 1779, 7638, 676, -10035, -441, 14241, -2333, -20114, 6867, 26128, -11763
1791219447.329, MrmFullScanInfo, 632, 107, 2056731, 0, 0, 0, 0, 10000, 39297, 32, 4, 2, 1, 480, 0, 0, 0, 0, 0, 0, -550, -171, 1092, 192, -1043, 262, 402, -756, 307, 581, -701, 169, 556, -697, -29, 623, -435, -245, 484, 85, 33, -296, -822, 626, 1615, -791, -2051, 755, 1868, -634, -933, 402, -790, 103, 2571, -740, -3535, 1118, 3359, -661, -2477, -1100, 1742, 3428, -1429, -4552, 706, 3728, 1207, -2191, -3211, 1239, 3596, -824, -2261, 544, 575, -1212, 653, 3434, -1575, -6758, 2384, 10150, -3147, -11981, 3655, 10816, -2919, -6832, 606, 2739, 1733, -1140, -2286, 1973, 2738, -3673, -7642, 5723, 15987, -8229, -16525, 15486, -1270, -57721, 43727, 191619, -131940, -431383, 264019, 702757, -367973, -910169, 352844, 1019028, -205841, -1041856, -4880, 1001094, 202588, -929445, -330094, 845977, 372907, -730779, -376032, 549585, 401457, -305951, -469696, 43791, 565187, 179067, -675658, -292643, 776108, 251124, -802841, -97643, 704514, -36317, -512038, 26566, 329516, 138394, -242337, -357574, 242842, 507159, -248563, -533968, 191055, 470058, -75164, -374188, -46772, 292900, 128773, -243156, -160540, 216216, 164558, -195724, -169381, 173951, 183527, -149790, -193687, 117342, 181723, -69797, -139526, 7377, 69242, 53277, 19159, -85859, -108237, 76097, 174932, -35121, -199714, -11024, 179484, 42402, -129312, -52541, 71758, 46112, -25072, -32845, -3240, 20870, 16572, -12894, -24071, 7739, 32732, -4040, -42529, 2043, 48479, -2080, -45632, 3369, 32816, -4830, -13075, 6803, -7665, -10939, 22608, 17891, -26521, -25283, 18521, 28323, -2862, -22635, -13557, 7542, 23511, 13599, -22491, -35041, 11821, 50203, 1996, -53568, -12188, 43910, 15757, -25709, -12758, 6437, 4790, 7142, 4903, -11525, -11502, 7090, 11181, 2445, -4312, -11233, -4513, 13591, 9996, -6857, -9430, -7019, 3774, 22615, 4224, -33121, -12098, 34421, 17623, -28181, -17578, 20061, 9106, -14682, 6624, 12898, -23634, -13704, 34409, 15843, -33735, -18211, 22061, 19257, -5774, -16590, -7124, 8755, 12479, 2237, -11208, -11427, 6245, 14695, -309, -11374, -4429, 4638, 6361, 649, -5017, -1109, 1744, -3308, 731, 9953, 37, -15424, -4854, 16961, 12518, -13484, -20541, 6076, 26317, 2478, -27985, -8935, 24973, 11033, -18226, -8487, 9881, 3014, -2209, 2561, -3323, -5507, 5729, 5221, -5195, -3467, 4384, 1819, -6971, 392, 13995, -4372, -22709, 9439, 29517, -13690, -32336, 15700, 30872, -14856, -26235, 11373, 20408, -6657, -14861, 2679, 9485, -363, -3291, -791, -3945, 1401, 11321, -1405, -16476, -104, 16944, 4055, -12460, -9724, 5275, 14678, 2050, -16983, -8047, 16795, 11503, -15419, -11326, 13943, 7784, -12998, -2945, 13241, -645, -15206, 1515, 18577, 516, -22092, -4910, 24378, 10623, -24594, -16450, 22646, 21402, -18632, -25039, 12836, 27582, -6273, -29415, 749, 30470, 2188, -30154, -2216, 27851, 70, -23346, 3041, 17157, -6181, -10261, 8972, 3518, -11291, 2527, 13097, -7520, -14552, 11336, 15939, -14324, -17219, 17099, 17982, -19869, -17743, 22514, 16273, -25287, -13789, 29015, 10909, -34231, -8504, 40326, 7507, -45728, -8664, 48601, 12295, -47937, -18043, 43592, 24639, -35175, -30124, 21971, 32545, -4346, -30574, -15180, 24023, 32977, -14189, -45671, 3707, 50754, 4593, -47515, -8647, 37762, 7446, -24946, -1423, 12279, -6797, -1792, 13035, -5128, -13487, 7793, 6427, -6835, 6810, 4551, -22371, -3965, 35889, 6736, -44211, -11852, 45612, 16627, -39580, -18728, 27331, 17262, -11902, -12758, -2600, 6629, 12385, -507, -15389, -4038, 12003, 5685, -4431, -3873, -4637, -610, 12998, 5881, -19092
1791219447.329, MrmDetectionListInfo, 632, 235, 90, 13425, 91, 14060, 92, 15657, 93, 24002, 94, 47792, 95, 65535, 96, 65535, 97, 65535, 98, 65535, 99, 65535, 100, 65535, 101, 65535, 102, 65535, 103, 65535, 104, 65535, 105, 65535, 106, 65535, 107, 65535, 108, 65535, 109, 65535, 110, 65535, 111, 65535, 112, 65535, 113, 65535, 114, 65535, 115, 65535, 116, 65535, 117, 65535, 118, 65535, 119, 65535, 120, 65535, 121, 65535, 122, 65535, 123, 65535, 124, 65535, 125, 65535, 126, 65535, 127, 65535, 128, 65535, 129, 65535, 130, 65535, 131, 65535, 132, 65535, 133, 65535, 134, 65535, 135, 65535, 136, 65535, 137, 65535, 138, 65535, 139, 65535, 140, 65535, 141, 65535, 142, 65535, 143, 65535, 144, 65535, 145, 65535, 146, 65535, 147, 65535, 148, 65535, 149, 65535, 150, 65535, 151, 65535, 152, 65535, 153, 65535, 154, 65535, 155, 65535, 156, 65535, 157, 65535, 158, 65535, 159, 65535, 160, 65535, 161, 65535, 162, 54772, 163, 40180, 165, 54306, 166, 65535, 167, 65535, 168, 65535, 169, 65535, 170, 65535, 171, 65535, 172, 65535, 173, 65535, 174, 65535, 175, 65535, 176, 65535, 177, 56394, 178, 40607, 192, 24744, 193, 23381, 194, 20951, 195, 17324, 201, 19011, 203, 25114, 204, 24252, 205, 21824, 206, 18464, 215, 28750, 216, 28743, 217, 28292, 218, 28839, 219, 29881, 220, 29140, 221, 25124, 243, 17876, 244, 21640, 245, 24068, 246, 25032, 247, 24546, 248, 22712, 249, 19753, 250, 16075, 254, 13799, 256, 23301, 257, 25667, 258, 25859, 259, 24690, 260, 22617, 261, 19546, 262, 15592, 272, 9304, 286, 9338, 287, 11325, 288, 13152, 289, 14549, 290, 15282, 291, 15358, 292, 15084, 293, 14949, 296, 17659, 297, 17794, 316, 12179, 317, 15885, 318, 19051, 319, 21394, 320, 22961, 321, 23798, 322, 23818, 323, 22955, 324, 21301, 325, 19080, 326, 16541, 327, 13892, 328, 11298, 341, 9127, 342, 9441, 343, 9657, 344, 9446, 345, 8975, 346, 8806, 348, 10906, 349, 12692, 350, 13925, 351, 14125, 352, 13506, 353, 12545, 354, 11468, 356, 8901, 362, 10283, 363, 11190, 364, 12508, 365, 14453, 366, 16611, 367, 18384, 368, 19572, 369, 20359, 371, 21151, 372, 20948, 373, 20287, 374, 19315, 375, 18206, 376, 17086, 377, 16087, 378, 15473, 379, 15514, 380, 16024, 381, 16287, 382, 15684, 383, 14269, 384, 12708, 385, 11672, 386, 11200, 390, 7489, 394, 9225, 395, 11044, 396, 12665, 397, 13859, 398, 14785, 399, 15719, 400, 16737, 401, 17714, 402, 18521, 403, 19136, 404, 19600, 405, 19936, 406, 20158, 407, 20312, 408, 20501, 409, 20837, 410, 21397, 411, 22204, 412, 23239, 413, 24459, 414, 25803, 415, 27193, 416, 28543, 417, 29777, 418, 30840, 419, 31684, 420, 32242, 421, 32401, 422, 32003, 423, 30862, 424, 28806, 425, 25723, 426, 21904, 427, 18744, 428, 18257, 429, 20915, 430, 24754, 431, 27308, 432, 27764, 433, 27027, 434, 26415, 435, 26552, 436, 27028, 437, 26875, 438, 25344, 439, 22307, 440, 18131, 459, 29199, 460, 30233, 461, 29892, 462, 28183, 463, 25335
1791219447.454, MrmFullScanInfo, 633, 107, 2056856, 0, 0, 0, 0, 10000, 39297, 32, 1, 2, 1, 480, -419771, 491881, 419766, -479021, -451403, 445484, 505047, -370900, -519964, 109942, 520189, 339941, -494970, -498540, 368914, 517573, -117031, -520191, -180983, 519612, 320309, -511622, -475004, 481424, 520192, 513576, -169044, -520129, -414590, 496711, 365125, -500155, -434975, 504554, 290843, -517524, -286277, 518546, 221611, -516814, -290879, 516028, 433323, -507331, -515836, 379849, 520192, 84584, -519984, -488520, 446478, 519034, -162533, -519999, -237187, 519717, 468410, -503167, -516406, 389939, 520023, -133041, -520187, -262922, 515090, 404563, -93074, -228408, -515355, -135801, 518187, 505833, -335184, -515219, -211553, 516577, 441945, -509700, -499763, 478711, 518636, -171656, -516432, 179802, 464389, -346342, -52988, 504446, -269533, -519987, 130230, 520091, 263962, -513309, -492503, 394303, 520095, -133587, -520190, -89546, 519852, 289896, -516596, -407086, 496342, 404950, -456805, -215466, 404209, -76087, -436844, 256798, 454987, 87144, -512629, -266193, 496797, 420234, -406893, -503306, 174317, 516172, 99825, -493697, -298353, 382346, 407334, -197535, -330038, -51246, 151948, 33848, -34211, 76452, 1472, -198408, -51188, 240521, 187800, -150126, -304263, -34582, 313593, 238197, -77461, -359775, -110224, 345852, 269608, -213649, -338507, 32770, 298633, 127364, -170696, -225715, 12435, 223180, 115781, -129815, -190017, 12315, 134059, 44645, -30912, -36604, -53076, -37712, 66058, 140955, -14152, -212339, -69004, 220822, 153567, -167748, -189556, 24696, 168129, 60560, -106180, -104469, 30372, 93264, 39651, -40695, -75209, -21183, 61901, 67437, -14026, -77150, -51351, 45513, 86556, 19301, -83532, -78141, 37122, 113159, 28392, -112961, -77828, 76085, 99182, -18566, -89086, -33546, 45612, 43620, 7379, -43875, -44289, 29544, 55225, -9018, -43239, 1437, 20728, -7471, 5043, 21235, -14796, -38878, -9645, 51920, 29065, -52982, -46780, 38924, 62855, -18232, -67177, -2857, 59758, 20707, -47636, -31572, 36083, 32212, -14687, -31107, 8871, 28238, -9251, -25861, 12097, 24910, -12171, -28853, 8210, 32732, -1864, -30663, -9367, 24658, 19249, -1818, -20979, -11778, 22350, 26692, -22780, -36821, 20583, 41741, -15138, -40390, 10854, 33207, -7417, -20045, 8633, 15314, -9811, -7278, 11380, 2539, -10625, 233, 6877, -283, -186, 157, -8840, -1729, 20628, 3007, -32671, -5100, 34352, 9510, -28550, -13649, 17892, 15006, -3784, -13749, -8472, 10624, 16538, -6675, -20246, 4158, 17350, 7083, -15297, -5593, 12182, 3391, -10511, 1359, 11420, -6109, -12668, 10673, 14179, -12223, -13964, 11241, 17684, -11994, -14310, 10646, 10818, -7807, -6090, 3205, 1052, 1734, 3753, -6865, -7256, 9525, 9845, -10824, -5506, 1285, 8331, -3427, -9021, 6441, 7514, -10720, -3159, 14488, -4432, -16504, 10726, 18412, -14448, -19011, 8320, 29091, -9526, -28390, 8007, 25856, -4735, -21281, -286, 16871, 7184, -11498, -14456, 7423, 20156, -2977, -15314, -6977, 15650, 9478, -12436, -8005, 5792, 4201, 1872, 920, -8481, -7981, 11638, 13911, -10066, -17261, 3780, 19130, 4230, -14727, -10733, 6632, 14611, 2189, -14253, -8854, 9818, 12071, -4483, -10474, 1778, 6289, -4832, 3795, 9109, -8474, -16559, 10499, 23660, -8938, -28065, 3606, 26317, 2704, -21181, -7010, 12745, 8631, -890, -12830, -5531, 7749, 7721, -2191, -4310, -2425, -3502, 4138, 13321, -3509, -22274, -1610, 27000, 9991, -18656, -22919, 16143, 30192, -10129, -34266, 2486, 34107, 5504, -28954, -9111, 20832, 10931, -12243, -8962, 3505, -2585, 1469, 9307, -1557, -15786, -1791, 21337, 6129, -24385, -9031, 25442, 10062, -24244, -9851, 21751, 8352, -18548, -16676, 17274, 14472, -16117, -13517, 15039, 13721, -13050, -14830, 9258, 15086, -4533, -12898, -930, 8069
1791219447.454, MrmFullScanInfo, 633, 107, 2056856, 0, 0, 0, 0, 10000, 39297, 32, 2, 2, 1, 480, 0, 0, 0, 0, 0, 0, 168096, -228397, -311948, 479069, 361643, -535232, -380383, 347693, 435610, -29934, -508255, -257135, 507390, 432841, -371550, -522528, 134483, 579539, 109970, -566609, -280111, 390921, 327954, -46610, -245270, -337806, 75051, 611016, 92535, -724463, -183894, 713351, 191084, -644957, -151174, 577619, 120358, -544693, -138096, 547432, 205920, -535718, -298692, 424794, 399765, -184724, -489156, -108796, 503938, 350700, -375067, -507584, 119084, 601397, 155653, -629140, -349269, 546888, 451055, -336300, -490409, 65697, 434927, 142134, -222969, -196721, -108553, 94978, 384269, 102620, -432137, -326555, 240363, 526060, 49788, -646639, -283563, 641752, 408189, -539193, -423358, 435952, 306591, -395714, -67167, 395608, -169861, -402902, 237002, 428199, -92725, -471648, -151610, 476849, 364306, -381344, -498350, 188655, 574652, 29742, -617727, -183336, 625138, 207012, -583084, -91913, 495317, -83610, -401953, 189689, 363358, -148051, -405663, -8609, 480287, 190382, -493620, -339878, 385796, 443353, -175919, -495448, -54761, 473110, 219333, -363035, -273859, 204095, 229207, -77245, -132974, 42346, 44424, -89157, -13433, 153427, 59319, -165337, -148948, 89818, 211502, 58469, -190854, -221711, 84581, 326313, 63157, -323771, -194435, 216312, 261442, -50891, -243631, -106192, 152861, 198857, -28336, -205316, -77456, 144600, 121951, -62166, -96194, 6323, 29357, -6831, 33141, 62230, -56444, -141571, 31135, 199110, 27929, -199386, -92839, 138632, 135486, -46172, -137655, -36148, 97852, 79040, -32843, -75353, -29215, 37323, 61661, 12404, -52782, -49826, 11446, 57569, 38413, -31274, -70507, -18647, 69495, 71596, -37331, -105478, -10116, 106056, 52501, -74615, -73324, 26719, 65445, 18128, -34363, -46414, -4036, 54113, 32495, -45414, -41044, 29894, 30173, -17623, -9929, 15124, -5910, -23723, 8434, 38853, 2338, -51716, -20687, 54566, 40007, -45189, -54573, 26930, 60916, -5993, -58192, -11745, 47982, 23221, -34301, -28375, 22537, 28626, -16292, -26059, 15051, 23439, -15701, -22931, 14972, 24559, -10781, -25535, 2814, 22261, 7577, -13131, -18172, -228, 26925, 14236, -32356, -25632, 33626, 32337, -30844, -33397, 25319, 29218, -19098, -21598, 14104, 12933, -11197, -5131, 9722, -604, -8125, 3460, 4973, -3394, 555, 1248, -8687, 1788, 18511, -4511, -27408, 5533, 32059, -3626, -30431, -1173, 22852, 7273, -11505, -12463, -576, 15182, 10441, -14517, -16326, 10511, 18301, -4863, -17591, 528, 15470, 264, -12878, 2540, 10618, -7437, -9122, 12307, 8647, -15578, -9153, 16883, 9883, -16519, -9594, 14515, 7626, -10627, -4442, 5032, 1006, 1415, 1902, -7410, -3679, 11150, 4317, -11375, -4729, 9092, 5681, -7247, -6343, 7984, 4733, -10659, 172, 13208, -7368, -14180, 14071, 14387, -17829, -15892, 18550, 19192, -17712, -22247, 15977, 22810, -12513, -20748, 6614, 17480, 1284, -14435, -9217, 11595, 14883, -7787, -17376, 2740, 17153, 1904, -14469, -4196, 9013, 3658, -1294, -944, -6782, -3037, 12636, 7573, -14222, -11916, 11083, 14906, -4437, -15116, -3506, 11829, 10363, -5799, -14204, -1018, 14295, 6363, -11644, -8211, 8433, 5528, -6680, 880, 7470, -8468, -10880, 14283, 15909, -16344, -20588, 14142, 22856, -8685, -21301, 1667, 15881, 5164, -8253, -9914, 1133, 10874, 3085, -7703, -3125, 1982, -1118, 3797, 8537, -7215, -16552, 6254, 22325, 29, -24589, -10319, 23823, 21214, -20678, -29214, 15347, 32469, -8520, -30800, 1674, 25133, 3111, -16917, -4040, 7864, 768, 23, 5416, -4841, -12655, 5898, 19494, -4172, -24741, 1499, 27486, 637, -27401, -2258, 25202, 4278, -22499, -6782, 20606, 8715, -19520, -9393, 18360, 9503, -16360, -9875, 13201, 10434
1791219447.454, MrmFullScanInfo, 633, 107, 2056856, 0, 0, 0, 0, 10000, 39297, 32, 4, 2, 1, 480, 0, 0, 0, 0, 0, 0, -198, 476, 127, -899, 138, 1032, -278, -1119, 45, 1302, 231, -1293, -257, 906, 27, -309, 285, -223, -513, 529, -55, -341, 1770, -511, -2944, 1399, 2343, -1401, -444, 542, -1392, 541, 3116, -1483, -4905, 2142, 6343, -2294, -6874, 1405, 6019, 701, -4291, -2973, 2245, 3889, 142, -3228, -3104, 2268, 5637, -1851, -6125, 1571, 4347, -790, -1781, 195, 50, -4077, 47, 22892, -1982, -67132, 13734, 123887, -27709, -155296, 15621, 139571, 25722, -104953, -54004, 132954, 21627, -275661, 63560, 487636, -124629, -680300, 95271, 826808, -10490, -947649, -39516, 1014930, 56915, -989143, -133547, 894783, 289613, -781139, -420916, 642961, 436016, -443797, -369274, 201017, 329895, 3713, -388923, -90942, 523629, 44169, -649897, 74367, 699057, -145534, -676130, 75022, 642612, 124880, -643731, -339321, 661003, 438191, -626782, -379143, 490373, 225648, -276132, -79911, 80760, 112, 1167, 16497, 40814, 12583, -120716, -83317, 126615, 187313, -12450, -285573, -177292, 315560, 353374, -234213, -428056, 55609, 355663, 147841, -159232, -281534, -80305, 283059, 271041, -159439, -357409, -22784, 331827, 178482, -227360, -245739, 99035, 213708, -2741, -121137, -25442, 27601, -14365, 19912, 86051, -4298, -140160, -61939, 142930, 144503, -91619, -202847, 11256, 204856, 62256, -143318, -100906, 45193, 93925, 41541, -48344, -78784, -14072, 59859, 65303, -4314, -83748, -57216, 62501, 98039, -11847, -104456, -44679, 77271, 81440, -28748, -84149, -21889, 56404, 55337, -14879, -60353, -20141, 37932, 33457, -1154, -20404, -30912, -12205, 43420, 49525, -33270, -75308, 8543, 79540, 18427, -62433, -37019, 33185, 41741, -4977, -33619, -11537, 18928, 12900, -5591, -3165, -952, -9864, 52, 19468, 4883, -22560, -8778, 20024, 7896, -15398, -2341, 12871, -4448, -14899, 8661, 20291, -8216, -24707, 2889, 23740, 6091, -15745, -15755, 2344, 22356, 11862, -21672, -21772, 11436, 25453, 5144, -24497, -20128, 21352, 26942, -17652, -24885, 14790, 17276, -13429, -8389, 12461, 1539, -9746, 1841, 4102, -2399, 3754, 2075, -12020, -2731, 18976, 5192, -23231, -8951, 24025, 12510, -21372, -14188, 16111, 12992, -9723, -9020, 3858, 3484, 348, 1693, -2592, -4647, 3168, 4418, -2665, -1313, 2094, -3388, -2488, 8081, 4054, -11306, -5946, 12207, 7119, -10943, -7151, 8800, 6167, -7489, -4408, 8012, 2655, -10012, -2058, 12467, 2850, -14404, -3703, 14829, 3143, -12889, -1296, 8602, -615, -3236, 1594, -1369, -1352, 3534, 393, -2558, 241, -612, 222, 3929, -1437, -5953, 2160, 7023, -1354, -8499, -1229, 11580, 4880, -15653, -8667, 18605, 12385, -19152, -15959, 18167, 18167, -17084, -16881, 15970, 10942, -14244, -1199, 12045, -9767, -11224, 19140, 14065, -25229, -20565, 27411, 27633, -25323, -31511, 19019, 30532, -9667, -25225, -530, 17337, 9321, -8826, -15276, 1326, 18119, 4113, -18481, -7109, 17455, 7983, -16092, -7498, 14807, 6471, -12967, -5564, 8627, 5698, 409, -7585, -14961, 10562, 34203, -12547, -56561, 11632, 79942, -7381, -101010, 271, 115486, 9368, -118650, -22269, 107361, 39135, -82592, -57894, 49689, 73153, -15667, -79406, -13367, 74633, 32958, -60936, -41137, 43426, 39750, -28584, -33416, 21667, 26694, -23796, -22606, 31350, 23057, -38457, -28655, 40060, 37516, -33379, -45734, 18516, 48799, 2017, -43784, -23368, 31091, 38816, -13898, -42544, -3990, 33770, 19401, -17546, -29708, 1025, 33429, 10482, -30959, -15866, 24678, 17119, -17854, -16387, 12513, 14602, -8250, -12569, 3398, 11860, 3007, -13356, -10489, 16173
1791219447.470, MrmDetectionListInfo, 633, 266, 75, 65535, 76, 65535, 77, 65535, 78, 65535, 79, 65535, 80, 65535, 81, 65535, 82, 65535, 83, 65535, 84, 65535, 85, 65535, 86, 65535, 87, 65535, 88, 65535, 89, 65535, 90, 65535, 91, 65535, 92, 65535, 93, 65535, 94, 65535, 95, 65535, 96, 65535, 97, 65535, 98, 65535, 99, 65535, 100, 65535, 101, 65535, 102, 65535, 103, 65535, 104, 65535, 105, 65535, 106, 65535, 107, 65535, 108, 65535, 109, 65535, 110, 65535, 111, 65535, 112, 65535, 113, 65535, 114, 65535, 115, 65535, 116, 65535, 117, 65535, 118, 65535, 119, 65535, 120, 65535, 121, 65535, 122, 65535, 123, 65535, 124, 65535, 125, 65535, 126, 65535, 127, 65535, 128, 65535, 129, 65535, 130, 65535, 136, 60341, 137, 65535, 138, 65535, 139, 65535, 140, 65535, 141, 65535, 142, 65535, 143, 65535, 144, 65535, 145, 65535, 146, 65535, 147, 65535, 148, 65535, 149, 65535, 150, 65535, 151, 65535, 152, 65535, 153, 65535, 154, 65535, 155, 65535, 156, 65535, 157, 65535, 158, 65535, 159, 65535, 160, 65535, 161, 65535, 162, 65535, 163, 65535, 164, 65535, 165, 65535, 166, 54261, 171, 49026, 172, 65535, 173, 65535, 174, 65535, 175, 65535, 176, 65535, 177, 65535, 178, 65535, 179, 65535, 180, 65535, 181, 65535, 182, 65535, 183, 65535, 184, 65535, 185, 55580, 186, 50585, 187, 53199, 188, 53479, 189, 48733, 190, 44254, 191, 44186, 192, 47966, 193, 55124, 194, 64803, 195, 65535, 196, 65535, 197, 63031, 198, 59710, 199, 64589, 200, 65535, 201, 65535, 202, 59213, 203, 48573, 204, 43917, 205, 44414, 206, 44411, 207, 40625, 208, 35439, 209, 32270, 210, 30124, 211, 25323, 215, 29510, 216, 39394, 217, 46241, 218, 49262, 219, 48501, 220, 45603, 221, 43605, 222, 43888, 223, 44445, 224, 42174, 225, 36034, 226, 27830, 240, 15126, 241, 14270, 250, 15569, 252, 14072, 254, 12929, 259, 16894, 260, 19809, 261, 20277, 262, 18272, 263, 15899, 264, 15477, 265, 17803, 266, 21472, 267, 23959, 268, 23867, 269, 21863, 270, 19402, 271, 17169, 272, 14951, 273, 12483, 274, 9941, 285, 12269, 286, 13940, 287, 15440, 288, 16773, 289, 17657, 290, 17841, 291, 17292, 292, 16117, 293, 14414, 316, 8996, 317, 8324, 318, 7565, 328, 9002, 331, 8391, 356, 11854, 357, 13680, 358, 15056, 359, 16095, 360, 16916, 361, 17518, 362, 17831, 363, 17783, 364, 17294, 365, 16262, 366, 14592, 372, 14010, 373, 17136, 374, 19470, 375, 21677, 376, 24117, 377, 26342, 378, 27647, 379, 27696, 380, 26580, 381, 24490, 382, 21538, 383, 17872, 384, 13953, 385, 10827, 386, 9620, 389, 10624, 390, 9652, 391, 9585, 392, 10907, 393, 12513, 394, 13167, 395, 12774, 396, 12080, 397, 11621, 398, 11307, 399, 10811, 400, 10024, 407, 12576, 408, 19439, 409, 25692, 410, 30953, 411, 36019, 412, 41337, 413, 46438, 414, 50587, 415, 53650, 416, 56451, 417, 60060, 418, 64387, 419, 65535, 420, 65535, 421, 65535, 422, 65535, 423, 64384, 424, 61026, 425, 56517, 426, 51148, 427, 46382, 428, 44220, 429, 45389, 430, 48437, 431, 50652, 432, 49917, 433, 46122, 434, 40837, 435, 35696, 436, 31361, 437, 27839, 438, 25228, 439, 23873, 440, 23973, 441, 25324, 442, 27472, 443, 29999, 444, 32610, 445, 35018, 446, 36859, 447, 37738, 448, 37331, 449, 35480, 450, 32267, 451, 28339, 454, 29359, 455, 32273, 467, 23138, 468, 22991, 469, 20614, 470, 18032, 471, 16375, 472, 15228
1791219447.579, MrmFullScanInfo, 634, 107, 2056981, 0, 0, 0, 0, 10000, 39297, 32, 1, 2, 1, 480, -422090, 492070, 417263, -480200, -455979, 445817, 504422, -371236, -520028, 111979, 520136, 337854, -497353, -498975, 375263, 517723, -110254, -520192, -176723, 519707, 326363, -510767, -476644, 481182, 520140, 513987, -154172, -520070, -412808, 497993, 357811, -502191, -442451, 504359, 283798, -517859, -288390, 518177, 213889, -516565, -284831, 517178, 425305, -508819, -514804, 386593, 520192, 78914, -519954, -491561, 453349, 519140, -166060, -519601, -231756, 519529, 468918, -501481, -517870, 363592, 520171, 6123, -520032, -472477, 400333, 519543, 102609, -519527, -331317, 517639, 385900, -512957, -193545, 515591, -153101, -509345, 277185, 510165, -272743, -512042, 217378, 520122, -38811, -519824, -229748, 515592, 472063, -438701, -519919, 69905, 520189, 359648, -518160, -500965, 463949, 515967, -265268, -518224, 217623, 513468, -276994, -478610, 407435, 282440, -511590, -153170, 518920, 182135, -515074, -269314, 399964, 377488, -85008, -310152, -273035, 161888, 485768, -44103, -514967, -38456, 500353, 43267, -431108, 34400, 351384, -102855, -279855, 112528, 313525, 28313, -257839, -72083, 173522, 139617, -49661, -184852, -80293, 169245, 207294, -83106, -280752, -39055, 243189, 149315, -94213, -172002, -34803, 106147, 120411, 14806, -137884, -120744, 81913, 173842, 17856, -163762, -98987, 97957, 132576, 2676, -83963, -72238, 10111, 80600, 71334, -46932, -112073, -13798, 91785, 83862, -29235, -121056, -45742, 108605, 102128, -64645, -94958, -8511, 64716, 41049, -15561, -43722, -26871, 15173, 51994, 21809, -49488, -47121, 18770, 57364, 19395, -46684, -54248, 19547, 53932, 17283, -29553, -37440, -13750, 36891, 50618, -17121, -58262, -15910, 40812, 49606, -7886, -61633, -35302, 26160, 58140, -7912, -59057, -8317, 42749, 15996, -21085, -4297, 2072, -19836, 9990, 43132, -5793, -56140, -29393, 56301, 43283, -41926, -47990, 15880, 46705, 9078, -37784, -23692, 26332, 29679, -18033, -24903, 18233, 11977, -14826, -11977, 22580, 9280, -32204, -7698, 36913, 9936, -32222, -16898, 25501, 23825, -19860, -27261, 12894, 27381, -2357, -21304, 1767, 13989, -1582, -4336, 795, -3328, -2145, 10558, 5843, -15615, -9195, 16692, 12507, -13012, -11079, 5044, 14214, 2029, -13554, -7953, 11398, 10553, -8495, -9815, 5150, 7475, -3317, -5779, 6666, 5107, -11472, -6902, 12978, 12023, -11857, -18612, 8020, 22711, 307, -23519, -10620, 21699, 18998, -15737, -24343, 8479, 26792, 6322, -20525, -8961, 11179, 8976, -1790, -6145, -3242, -33, 5729, 5691, -2645, -9282, -3599, 11570, 9842, -9374, -14798, 4087, 17918, 1429, -19455, -7556, 17011, 13668, -13458, -18473, 11739, 21977, -10163, -23311, 4230, 24933, -3554, -28155, 3324, 32265, -2347, -36687, 1551, 40385, 376, -41653, -4127, 41467, 11042, -39854, -26207, 23742, 27650, -16320, -30176, 9345, 30780, -3849, -31912, 732, 33179, 1063, -35657, -1887, 37804, 3436, -28401, -12251, 30656, 15748, -28728, -19527, 22816, 21722, -11928, -22056, -263, 19599, 11217, -14795, -18602, 9781, 25651, -6947, -23004, 6929, 19563, -10193, -16726, 16841, 17012, -21891, -18908, 23528, 20889, -19744, -18845, 10192, 14899, 9715, -2670, -22536, -10217, 30837, 18232, -33467, -18735, 29001, 12015, -20539, 364, 13137, -15676, -10187, 21497, 18240, -27830, -25852, 26218, 35457, -17643, -41785, 4826, 43824, 7246, -39739, -16892, 31538, 21640, -20469, -28350, 7071, 22879, 428, -15981, -5764, 8008, 9814, -1865, -14847, -1068, 20395, 1169, -27386, 1095, 32482, 5918, -30137, -5729, 27845, 5386, -21872, -3902, 12285, 1560, -1125, 1120, -9412, -1159, 16799, -199, -19208, -2215, 21373, -3628, -19480, 9486, 16790, -14934, -13225, 18340, 11814, -17802, -10958, 14340, 10696, -8741, -10846
1791219447.579, MrmFullScanInfo, 634, 107, 2056981, 0, 0, 0, 0, 10000, 39297, 32, 2, 2, 1, 480, 0, 0, 0, 0, 0, 0, 168467, -228745, -312662, 479922, 362274, -536510, -380599, 349161, 436005, -31357, -509264, -255960, 508630, 432135, -372080, -522414, 133703, 579937, 111807, -567279, -281336, 391280, 326519, -45770, -241875, -340000, 72384, 613425, 92804, -725846, -182541, 713425, 189105, -644110, -148438, 576310, 116267, -543177, -132601, 546275, 200268, -536096, -294238, 427191, 397383, -188030, -489389, -106077, 506956, 348845, -379770, -505982, 123266, 598328, 154100, -614723, -353601, 498491, 461865, -235046, -494500, -94908, 429771, 380333, -252470, -567058, 34149, 658448, 90087, -664311, -41208, 593870, -136938, -479676, 321039, 379811, -408073, -343219, 365602, 380711, -212815, -465970, 757, 535237, 207142, -498338, -374554, 307049, 504849, -20438, -594739, -238336, 613421, 393256, -554388, -450331, 472408, 434104, -437221, -347206, 462327, 204115, -506608, -64900, 526414, 4613, -497350, -47424, 396113, 150204, -204062, -245227, -54226, 287130, 304691, -270365, -471373, 220437, 522741, -174359, -475017, 154722, 375804, -149864, -281522, 130861, 226164, -82397, -201260, 10366, 171039, 69650, -107825, -139380, 8687, 175638, 105129, -159425, -195346, 90265, 224352, 6711, -178968, -88013, 79934, 114245, 30410, -74342, -108671, -9048, 127288, 95049, -85906, -145450, 11889, 140140, 54626, -85070, -81728, 8931, 60104, 52333, -5567, -73039, -50980, 47034, 80460, 11391, -70139, -73949, 28488, 110745, 21951, -105425, -58105, 64121, 67164, -11206, -49058, -26536, 13541, 35590, 23304, -18992, -45091, -9952, 42396, 36382, -18229, -48925, -13281, 42291, 34813, -19233, -35141, -9931, 14992, 31570, 14139, -34773, -37143, 16829, 43318, 12957, -30049, -38314, 2618, 47596, 27503, -40364, -47449, 24498, 49968, -9907, -36249, 4588, 13803, -11119, 6145, 26147, -13512, -43075, 5757, 54399, 10961, -53826, -27774, 39913, 39089, -17738, -43029, -4055, 40589, 17883, -34283, -21012, 27124, 16255, -22391, -8760, 22560, 2136, -26985, 1900, 31842, -1835, -33699, -2942, 31941, 10767, -27575, -18189, 21615, 22091, -15086, -20986, 9137, 15256, -4447, -6725, 1200, -2370, 330, 10304, 60, -15914, -1931, 18140, 4609, -16328, -7749, 11078, 11050, -4297, -13675, -1800, 14484, 5760, -13027, -7251, 10173, 6869, -7875, -5545, 7792, 4316, -9897, -4425, 12644, 6891, -14114, -11590, 12779, 17170, -7920, -21800, 118, 23932, 8887, -22292, -16853, 16580, 21658, -8306, -21736, 271, 16949, 4996, -9095, -6389, 1144, 4120, 4136, 640, -5222, -6170, 2273, 10582, 3239, -12299, -9521, 10716, 15057, -6337, -18714, 223, 20086, 6501, -19702, -12670, 18305, 17417, -16236, -20754, 13899, 23493, -12126, -26459, 11589, 29951, -12062, -33679, 12629, 37032, -12011, -39502, 8631, 40354, -1656, -38663, -7901, 34112, 17485, -27582, -24771, 20733, 29205, -14911, -31587, 10938, 33137, -8940, -34022, 7742, 33762, -5340, -32694, 812, 31743, 4786, -30495, -9907, 26893, 14048, -19529, -17226, 9054, 19195, 2459, -19586, -12573, 18586, 19156, -17026, -21078, 16077, 18986, -16800, -15067, 19500, 11651, -23095, -9962, 25257, 9831, -23007, -10101, 14284, 9342, 241, -6630, -16881, 2320, 30626, 1755, -37446, -3319, 35763, 878, -27109, 5322, 15982, -13580, -7928, 21881, 6605, -28404, -12056, 31301, 21580, -29030, -31638, 21616, 38979, -10884, -41364, -762, 38021, 11215, -29933, -18565, 19367, 21261, -8676, -19063, -750, 13775, 8699, -8294, -15531, 5196, 21522, -5017, -26351, 6150, 29340, -6595, -29895, 5735, 27591, -4226, -22111, 2673, 13550, -1090, -3004, -936, -7320, 3400, 15181, -5812, -19448, 8103, 20158, -10863, -17844, 14356, 13491, -17748, -8708, 19763, 5192, -19474, -3942
1791219447.579, MrmFullScanInfo, 634, 107, 2056981, 0, 0, 0, 0, 10000, 39297, 32, 4, 2, 1, 480, 0, 0, 0, 0, 0, 0, 319, -136, -721, 456, 747, -849, -353, 1056, 393, -955, -871, 680, 1106, -326, -514, -38, -666, 338, 1649, -492, -1273, 262, -722, 609, 2232, -1632, -1735, 1860, 68, -1165, 828, 272, -726, 270, 720, -449, -1484, 583, 2697, -601, -3213, -32, 2699, 1084, -1432, -1615, -212, 1332, 1755, -898, -2378, 837, 1671, -2421, 194, 14081, -5013, -48259, 10782, 99470, -4002, -151180, -6047, 210991, -23884, -320410, 131494, 501050, -287848, -710935, 401209, 878366, -398951, -952403, 279918, 915843, -99108, -789422, -92079, 647229, 247693, -570597, -308943, 550928, 258451, -484498, -184456, 302769, 222317, -64789, -402028, -121361, 618782, 228234, -765528, -307588, 835539, 387854, -880023, -433583, 913511, 402015, -905223, -296388, 832164, 158475, -698254, -42870, 514366, -670, -295955, -44790, 75943, 148539, 112492, -269577, -258440, 395221, 366047, -521684, -439119, 619114, 484534, -623517, -515446, 493412, 530286, -264458, -495515, 31037, 372694, 125797, -171267, -184105, -42701, 162621, 188786, -96992, -223327, 28586, 160598, 2789, -54762, 26184, -35717, -105664, 74144, 194421, -53095, -244150, -8605, 225829, 75712, -142541, -109278, 27088, 85586, 75105, -11821, -128762, -76433, 124440, 137621, -79270, -149162, 23640, 114384, 14543, -55774, -21171, 2902, -508, 20959, 33506, -9040, -56181, -27292, 53438, 66419, -24622, -87866, -17127, 80842, 53370, -48405, -70188, 5084, 64220, 30177, -42451, -42604, 17387, 28562, -1224, 2453, 1646, -32755, -19365, 46087, 47587, -35189, -74337, 3862, 86425, 35616, -75661, -67998, 44218, 81509, -4239, -72912, -28939, 48418, 44749, -19393, -40825, -3434, 22855, 13756, -1459, -11305, -12755, 1370, 13782, 8207, -2303, -11342, -15189, 6676, 29758, 2929, -34098, -12590, 25641, 17593, -8043, -14938, -11074, 4569, 25001, 9801, -31055, -21876, 29865, 26597, -23301, -23379, 14098, 16080, -5380, -10049, -594, 8693, 3555, -12067, -5102, 17922, 7279, -23591, -10802, 27139, 14570, -27609, -16582, 25253, 15257, -21557, -10937, 18902, 5870, -19395, -2399, 23222, 1365, -27964, -2353, 30038, 4832, -26915, -8105, 18411, 11225, -6435, -13285, -5915, 13863, 15327, -13041, -19332, 11245, 17436, -9188, -11513, 7777, 4724, -7608, 169, 8407, -1493, -9270, -681, 9337, 4102, -7936, -5437, 4510, 2833, 675, 2827, -6011, -9115, 9399, 13515, -9402, -14502, 6292, 11883, -2032, -6410, -1036, -778, 1833, 8286, -760, -14636, -1267, 18977, 3489, -21441, -5367, 22185, 7244, -21219, -10155, 19394, 14231, -18052, -18022, 17267, 20159, -15418, -20867, 11098, 21122, -4246, -21430, -4192, 20503, 13095, -16210, -21615, 8284, 28813, 702, -33530, -7477, 35203, 10679, -34337, -10724, 32191, 8972, -29809, -7291, 27858, 7399, -26904, -9875, 27192, 13959, -27898, -18457, 27258, 22674, -23770, -26239, 17042, 28787, -7495, -30077, -3838, 30220, 15125, -29308, -24234, 27248, 30022, -24254, -32684, 21068, 32791, -18229, -30604, 15420, 26215, -11325, -19784, 4639, 11604, 4521, -2195, -14214, -7365, 21678, 15451, -24746, -20490, 22574, 21430, -15803, -18090, 6883, 10976, 771, -868, -4665, -10938, 4386, 22204, -807, -30369, -4925, 33992, 11292, -33192, -16585, 28684, 19624, -21644, -20345, 14439, 19295, -10079, -16848, 10014, 13102, -12762, -8197, 15307, 2477, -14966, 3570, 11539, -9118, -7399, 13515, 5212, -16589, -5635, 18121, 7581, -17283, -10094, 13091, 12884, -5697, -15993, -3132, 18975, 11350, -21216, -17690, 23066, 21286, -25712, -21297, 29673, 17878, -33959, -12880, 36898, 8623, -36927, -6482
1791219447.579, MrmDetectionListInfo, 634, 290, 64, 10476, 65, 19635, 66, 31904, 67, 45471, 68, 58343, 69, 65535, 70, 65535, 71, 65535, 72, 65535, 73, 65535, 74, 65535, 75, 65535, 76, 65535, 77, 65535, 78, 65535, 79, 65535, 80, 65535, 81, 65535, 82, 65535, 83, 65535, 84, 65535, 85, 65535, 86, 65535, 87, 65535, 88, 65535, 89, 65535, 90, 65535, 91, 65535, 92, 65535, 93, 65535, 94, 65535, 95, 65535, 96, 65535, 97, 65535, 98, 65535, 99, 65535, 100, 65535, 101, 65535, 102, 65535, 103, 65535, 104, 65535, 105, 65535, 106, 65535, 107, 65535, 108, 65535, 109, 65535, 110, 65535, 111, 65535, 112, 65535, 113, 65535, 114, 65535, 115, 65535, 116, 65535, 117, 65535, 118, 65535, 119, 65535, 120, 65535, 121, 65535, 122, 65535, 123, 65535, 124, 65535, 125, 65535, 126, 65535, 127, 65535, 128, 65535, 129, 65535, 130, 65535, 131, 65535, 132, 65535, 133, 65535, 134, 65535, 135, 65535, 136, 65535, 137, 65535, 138, 65535, 139, 65535, 140, 65535, 141, 65535, 142, 65535, 143, 65535, 144, 65535, 145, 65535, 146, 65535, 147, 65535, 148, 65535, 149, 65535, 150, 43575, 152, 35659, 153, 52915, 154, 65535, 155, 65535, 156, 65535, 157, 65535, 158, 65535, 159, 65535, 160, 65535, 161, 65535, 162, 65535, 163, 65535, 164, 65535, 166, 54875, 167, 65535, 168, 65535, 169, 65535, 170, 65535, 171, 65535, 172, 65535, 173, 65535, 174, 65535, 175, 57685, 176, 44699, 185, 42567, 186, 48467, 187, 54106, 188, 55467, 189, 53374, 190, 52353, 191, 54941, 192, 58214, 193, 56518, 194, 48049, 195, 38208, 196, 34624, 197, 38076, 198, 41176, 199, 37041, 200, 26170, 205, 20902, 206, 34401, 207, 43652, 208, 47453, 209, 47804, 210, 46754, 211, 46622, 212, 50442, 213, 58311, 214, 65367, 215, 65535, 216, 59802, 217, 49834, 218, 41790, 219, 39693, 220, 42349, 221, 43861, 222, 39673, 223, 30860, 224, 21907, 236, 12217, 237, 15917, 240, 20087, 241, 20945, 242, 20331, 243, 17158, 248, 16260, 249, 20530, 250, 24380, 251, 27007, 252, 27767, 253, 26513, 254, 23663, 265, 12661, 266, 14619, 267, 16799, 268, 18864, 269, 20454, 270, 21419, 271, 21752, 272, 21441, 273, 20457, 274, 18869, 275, 16903, 276, 14892, 277, 13173, 278, 12007, 281, 12640, 284, 16203, 285, 16857, 286, 16952, 287, 16413, 288, 15231, 289, 13456, 290, 11314, 292, 8847, 296, 16114, 297, 15957, 319, 9300, 320, 11486, 321, 12102, 333, 8597, 335, 10801, 336, 12172, 338, 14071, 339, 14393, 340, 14632, 341, 14978, 342, 15439, 343, 15985, 344, 16620, 345, 17317, 346, 17954, 347, 18340, 348, 18316, 349, 17824, 350, 16893, 351, 15590, 352, 14067, 353, 12741, 354, 12213, 355, 12848, 356, 14423, 357, 16172, 358, 17250, 359, 17346, 360, 16831, 361, 16391, 362, 16764, 363, 18444, 364, 20983, 365, 23003, 366, 23478, 367, 22668, 368, 21519, 369, 20575, 371, 18782, 372, 17860, 373, 17302, 374, 17308, 375, 17832, 376, 18723, 377, 19857, 378, 21128, 379, 22384, 380, 23431, 381, 24103, 382, 24302, 383, 23996, 384, 23179, 385, 21850, 386, 20107, 387, 18331, 388, 17213, 389, 17515, 390, 19581, 391, 22758, 392, 25632, 393, 27228, 394, 27708, 395, 27783, 396, 27797, 397, 27581, 398, 26916, 399, 25857, 400, 24581, 401, 23130, 402, 21358, 403, 19091, 405, 12924, 411, 13626, 412, 17882, 413, 20731, 414, 22043, 415, 22247, 416, 21573, 417, 19912, 418, 17188, 419, 13632, 426, 11918, 427, 13887, 428, 14789, 429, 16318, 430, 18994, 431, 21781, 432, 23503, 433, 23978, 434, 23733, 435, 23136, 436, 22119, 437, 20549, 438, 18592, 439, 16636, 468, 16238, 469, 18993, 470, 20828, 471, 21963, 472, 22928, 473, 23900, 474, 24653, 475, 24966, 476, 24871, 477, 24545
1791219447.704, MrmFullScanInfo, 635, 107, 2057106, 0, 0, 0, 0, 10000, 39297, 32, 1, 2, 1, 480, -423747, 492075, 422584, -480663, -453696, 445036, 504894, -367393, -519923, 109990, 520139, 337317, -496322, -496604, 370330, 517438, -111038, -520188, -176695, 519651, 326207, -511482, -476732, 479015, 520192, 513764, -166146, -519814, -414273, 498775, 361222, -500312, -442582, 505009, 285818, -518332, -287462, 517991, 217017, -516296, -282337, 516587, 424123, -507709, -515317, 386138, 520192, 69704, -520005, -478816, 464375, 519060, -238636, -520183, -119118, 519812, 433897, -510267, -520192, -194979, 519287, 519179, -55183, -519688, -468496, 508039, 511321, -450731, -517986, 363771, 520190, -196700, -520192, -79128, 520011, 314473, -512678, -378656, 476738, 105616, -84925, 84213, 56420, -381612, -432872, 330957, 520185, 101653, -520160, -482161, 490347, 518161, -350429, -520154, 121530, 520090, 289105, -515688, -447303, 483754, 507171, -379273, -519238, 121731, 500717, 60085, -172061, -96468, 27524, -45669, -16841, 328472, 215505, -340367, -506445, 206346, 519973, -1473, -519997, -299342, 506933, 491946, -282523, -519562, -99699, 502846, 428460, -333079, -518673, -88684, 470615, 317432, -273830, -346917, 130337, 262731, -71660, -153797, 97984, 71229, -178226, -49326, 217298, 88142, -173281, -193921, 114700, 248057, -2735, -261538, -149125, 211669, 256159, -111577, -270331, 1454, 212354, 62513, -109414, -49626, 11599, 22613, 18488, 31658, 4465, -48038, -25866, 23520, 14129, 35234, 29326, -82706, -82747, 99476, 134853, -92744, -135364, 25361, 138135, 20617, -113846, -58560, 65685, 67333, -3714, -47874, -44056, 12289, 52722, 23978, -24567, -37222, -15853, 18733, 43132, 21768, -42785, -57595, 8615, 78910, 38957, -80757, -74784, 62975, 95105, -30751, -98127, 2435, 85145, 31927, -48428, -37821, 18395, 31446, -1971, -17002, -787, 11403, -6585, -18750, 16653, 33098, -14119, -47727, -11060, 62176, 30177, -58912, -45196, 42490, 55974, -22093, -58372, 733, 50726, 19461, -37737, -33396, 25639, 36953, -6551, -36969, 4008, 33608, -12396, -29835, 26041, 27813, -35246, -31772, 38145, 36184, -34903, -34589, 24811, 29883, -6624, -25970, 813, 14581, 3341, -1293, -2333, -9127, -2593, 17682, 11254, -22662, -15655, 22021, 15632, -15613, -6437, 7599, 1979, -3035, 909, -2212, -2773, 6986, 4314, -8628, -5640, 9239, 6211, -8103, -2688, 4455, -1506, -741, 7633, -1671, -14320, 951, 21907, 244, -27534, -3479, 30493, 7011, -30106, -9070, 26274, 9633, -17373, -11348, 11698, 8615, -9054, -5427, 9381, 4987, -9739, -8910, 11057, 14543, -8979, -19809, 3138, 23280, 12174, -23952, -19531, 17066, 25604, -6389, -26350, -5259, 21306, 15076, -13990, -19543, 8713, 17882, -6623, -10272, 6519, 6553, -12142, -1137, 19837, -1103, -23880, -203, 24808, 3027, -20577, -5703, 12797, 9263, -3593, -12205, -7241, 10743, 11167, -13310, -12532, 16957, 10784, -22366, -9008, 28581, 8125, -34926, -9781, 38178, 13534, -37395, -16481, 24122, 20044, -17099, -20986, 10505, 18053, -4020, -11032, -316, 2978, 3025, 5436, -3978, -9927, 5302, 13643, -7512, -9688, 11592, 2767, -16695, 5840, 21241, -13803, -24346, 18111, 24379, -17004, -23154, 13295, 20705, -5030, -16200, 1594, 13759, 900, -12059, -2578, 11700, 5395, -11858, -7542, 12339, 10380, -9892, -11491, 4935, 12076, -504, -6389, -3660, -2042, 5415, 12181, -4959, -20769, 2746, 26079, 1322, -24808, -7524, 16632, 15445, 697, -18522, -12229, 23419, 22710, -27881, -28788, 33307, 31151, -36072, -30128, 36241, 27043, -31645, -24431, 21062, 26046, 2138, -19732, -14561, 12759, 25594, -3034, -33092, -8744, 36891, 19613, -37673, -26850, 35271, 27358, -32106, -20056, 23782, 11003, -24283, -2697, 25909, -2148, -28325, 1817, 30120, 2583, -30670, -8924, 27525, 14744, -21796
1791219447.704, MrmFullScanInfo, 635, 107, 2057106, 0, 0, 0, 0, 10000, 39297, 32, 2, 2, 1, 480, 0, 0, 0, 0, 0, 0, 168987, -228671, -313389, 479212, 362918, -534944, -381216, 347534, 436107, -30601, -508180, -255876, 506567, 431886, -370174, -522391, 132846, 579927, 111746, -566956, -281714, 390870, 328697, -46009, -245290, -338818, 74839, 612110, 92760, -725415, -184117, 714052, 190854, -645175, -149560, 577023, 116571, -543098, -132271, 545417, 199757, -535446, -293889, 428856, 397330, -193321, -493988, -97364, 528739, 335472, -428077, -485583, 187655, 540839, 108311, -454433, -345019, 203771, 421383, 137906, -296483, -448066, 37516, 643563, 216652, -691034, -376442, 594086, 451556, -388159, -496320, 137390, 546045, 63823, -567256, -134240, 489976, 61180, -322053, 96892, 176353, -242453, -159342, 273352, 274418, -145171, -443651, -76659, 563557, 280785, -540106, -417996, 347400, 512490, -59025, -586675, -203724, 611983, 365126, -541160, -418702, 372281, 382618, -169830, -280695, 34440, 159915, -33797, -90064, 148017, 115333, -279848, -223776, 320365, 364404, -219122, -482552, 10262, 522620, 222681, -428459, -406668, 196203, 490234, 97342, -435026, -343224, 247376, 467635, -6227, -458924, -180785, 359519, 251452, -240034, -213270, 159367, 121053, -135651, -42044, 148171, 23641, -162098, -71906, 147886, 154311, -88729, -224986, -10551, 249837, 119134, -217280, -195346, 141859, 210677, -55904, -165675, -7856, 89518, 32041, -21371, -20944, -15199, -2487, 23015, 9825, -20477, 13321, 25035, -58822, -42451, 101682, 67836, -116620, -93108, 94505, 110735, -47063, -112327, -3455, 90618, 38954, -48007, -50991, -204, 40616, 33377, -16584, -38579, -7037, 18267, 16461, 11964, -5226, -32559, -22834, 30883, 56308, -7322, -81492, -27339, 88347, 59897, -74319, -80124, 44926, 82818, -10936, -69001, -16202, 45652, 29482, -22636, -29856, 8144, 24424, -5172, -21236, 9602, 25268, -12965, -36827, 9004, 51133, 2688, -60383, -18648, 58740, 34596, -45758, -46383, 25242, 51208, -2697, -48303, -16716, 39261, 29781, -28298, -35545, 21140, 34569, -21493, -28849, 28261, 22026, -36954, -17650, 42807, 16886, -42412, -18539, 34954, 20529, -22926, -20421, 10696, 16064, -1676, -7104, -2774, -4506, 2782, 15779, 193, -23721, -3515, 25977, 4859, -21966, -3841, 13613, 1808, -4247, -186, -3416, -689, 8308, 1230, -10574, -1645, 10720, 1520, -8992, -201, 5528, -2611, -1009, 6893, -3325, -12472, 6358, 18815, -7523, -24835, 6847, 29143, -4802, -30385, 1946, 27943, 1245, -22689, -4006, 16785, 5373, -12287, -5232, 10127, 4910, -10112, -6081, 11129, 9453, -10988, -14562, 7531, 20046, -417, -23669, -8544, 23023, 16729, -17054, -22077, 7044, 23623, 3889, -21815, -11971, 18071, 14694, -14132, -12053, 11829, 6040, -12382, 773, 15461, -6082, -19156, 8258, 21166, -6801, -19958, 2289, 15240, 3873, -8075, -10010, 537, 15005, 5063, -18780, -7212, 22014, 5973, -25464, -2761, 29525, -389, -33841, 1798, 36794, -554, -36328, -3382, 31891, 8852, -24949, -13435, 17422, 14690, -10165, -11725, 3448, 5642, 2407, 1350, -7052, -6895, 10465, 9023, -12949, -6612, 14806, -87, -16116, 9252, 16770, -18037, -16708, 23657, 16178, -24432, -15563, 20582, 15088, -14098, -14666, 7599, 14120, -2790, -13478, -209, 13049, 2192, -13014, -3914, 12913, 5730, -11816, -7373, 9082, 7810, -4795, -5680, -346, 343, 5323, 7416, -8970, -15553, 10174, 21450, -7936, -22646, 1881, 18052, 7275, -8832, -17834, -2018, 27959, 11291, -36346, -17024, 42148, 18825, -44674, -17699, 43238, 15763, -36896, -15165, 25333, 16599, -10069, -18528, -5901, 18256, 19943, -14018, -30996, 6128, 38827, 3129, -43241, -10483, 43672, 13328, -39969, -11081, 33596, 5221, -27388, 1760, 23799, -7336, -23458, 9624, 25398, -7972, -27729
1791219447.704, MrmFullScanInfo, 635, 107, 2057106, 0, 0, 0, 0, 10000, 39297, 32, 4, 2, 1, 480, 0, 0, 0, 0, 0, 0, 672, -11, -1046, -463, 954, 1142, -747, -1111, 252, 283, 734, 424, -1618, -414, 1699, 11, -1117, 138, 591, 105, -862, -290, 1808, 21, -2415, 479, 1711, -525, -65, -36, -1127, 689, 1299, -874, -625, 431, -550, 412, 1702, -1154, -2070, 617, 1633, 2181, -723, -6028, -4704, 9318, 22620, -13792, -49473, 20797, 65281, -58516, -45869, 165945, 6647, -313997, -36185, 412897, 196458, -414833, -394616, 351386, 458822, -259228, -356429, 145033, 245487, -16356, -296210, -98930, 526609, 154542, -777544, -131097, 854485, 59300, -716839, 15900, 482277, -54250, -282837, 15117, 173120, 99382, -147045, -206293, 157772, 228486, -127763, -192546, 12597, 186498, 157421, -249113, -316600, 338035, 430929, -385117, -496365, 352959, 502927, -246163, -444806, 109169, 347723, -12593, -254202, 4914, 179725, -64162, -120272, 110024, 86448, -75861, -99137, -36089, 138201, 178305, -130495, -309520, 21890, 391820, 165810, -375097, -356906, 234784, 476640, -15078, -487056, -194244, 397755, 318412, -253466, -328867, 107628, 243277, -4448, -112489, -30684, -1786, -713, 52748, 66290, -25650, -115157, -60171, 107679, 162561, -39020, -234974, -61003, 248505, 147796, -201533, -186987, 117084, 170316, -31219, -113418, -24624, 41626, 39280, 22416, -23612, -64064, -2317, 78568, 20921, -69978, -23580, 49268, 11912, -30902, 5443, 25621, -18322, -33268, 19696, 43362, -8478, -44373, -9740, 32336, 26055, -12156, -33826, -6970, 31997, 17471, -24098, -17128, 15306, 9395, -10405, -830, 12765, -2669, -23175, -1877, 39043, 14683, -52829, -33413, 55654, 53121, -44633, -66856, 25601, 68791, -7854, -58400, -2913, 40618, 5862, -22344, -3707, 9087, 605, -3106, 265, 3042, 2067, -5129, -6814, 5758, 12263, -3618, -16220, -359, 16357, 4187, -11264, -6117, 1813, 5582, 8818, -3361, -16891, 1308, 20179, -1556, -18629, 5144, 13722, -10981, -7542, 16450, 1956, -19026, 1406, 17879, -1471, -14258, -1258, 10456, 4582, -8248, -6163, 8185, 5172, -9645, -2235, 11149, -1169, -11047, 3352, 8510, -3346, -4246, 1564, -9, 769, 2887, -2820, -4250, 4650, 4975, -6443, -6140, 7824, 8485, -7889, -11784, 5709, 14456, -821, -14093, -6402, 8851, 14547, 1455, -21490, -15165, 25322, 29212, -25125, -39889, 20507, 44455, -11883, -42638, 1680, 36402, 6191, -28378, -9206, 20885, 8173, -15657, -5737, 13283, 4305, -12465, -5053, 10853, 7790, -6979, -10935, 1300, 12239, 4572, -10310, -9111, 5760, 11337, -867, -11125, -1613, 9138, 278, -6767, 4413, 5868, -11279, -7499, 19300, 10748, -27123, -13222, 32719, 12903, -34477, -9472, 32183, 4606, -27042, -663, 20771, -961, -14346, 125, 7668, 2916, -344, -7913, -7573, 14135, 15460, -20222, -22301, 24090, 27024, -23900, -29025, 19611, 28451, -13170, -25839, 6904, 21823, -1917, -16942, -1619, 11663, 3865, -6305, -4991, 1053, 5264, 3844, -5256, -7834, 5869, 9988, -8030, -9417, 12086, 6041, -17298, -1146, 21946, -2763, -24028, 2783, 22427, 2903, -17530, -13539, 10849, 25906, -4082, -36004, -1328, 40944, 4282, -39680, -4146, 33028, 1282, -23517, 3270, 14650, -8775, -9331, 14966, 8518, -21084, -11252, 25411, 15747, -26167, -20313, 22342, 24032, -13666, -26533, 975, 27763, 13291, -27989, -25555, 27822, 32790, -27719, -34175, 27371, 31102, -25811, -26300, 21890, 22618, -14457, -21749, 3240, 23486, 10202, -25789, -22926, 25951, 32371, -22191, -37649, 14525, 39112, -4736, -37691, -4043, 34125, 8821, -28951, -8587, 23358, 4794, -19363, 6, 18567, -3619, -20850, 4686, 24559, -2860, -27317
1791219447.704, MrmDetectionListInfo, 635, 256, 56, 12446, 57, 19061, 58, 27090, 59, 35570, 60, 44058, 61, 53234, 62, 64886, 63, 65535, 64, 65535, 65, 65535, 66, 65535, 67, 65535, 68, 65535, 69, 65535, 70, 65535, 71, 65535, 72, 65535, 73, 65535, 74, 65535, 75, 65535, 76, 65535, 77, 65535, 78, 65535, 79, 65535, 80, 65535, 81, 65535, 82, 65535, 83, 65535, 84, 65535, 85, 65535, 86, 65535, 87, 65535, 88, 65535, 89, 65535, 90, 65535, 91, 65535, 92, 65535, 93, 65535, 94, 65535, 95, 65535, 96, 65535, 97, 65535, 98, 65535, 99, 65535, 100, 65535, 101, 65535, 102, 65535, 103, 65535, 104, 65535, 105, 65535, 106, 65535, 107, 65535, 108, 65535, 109, 65535, 110, 65535, 111, 65535, 112, 65535, 113, 65535, 114, 65535, 115, 65535, 116, 65535, 117, 65535, 118, 65535, 119, 65535, 120, 65535, 121, 65535, 122, 65535, 123, 65535, 124, 65535, 125, 65535, 126, 65535, 127, 65535, 128, 65535, 129, 65535, 130, 65535, 131, 65535, 132, 65535, 133, 65535, 134, 65535, 135, 65535, 136, 65535, 137, 65535, 138, 65535, 139, 65535, 140, 65535, 141, 65535, 142, 65535, 143, 65535, 144, 65535, 145, 65535, 146, 65535, 147, 65535, 148, 48224, 153, 56910, 154, 65535, 155, 65535, 156, 65535, 157, 65535, 158, 65535, 159, 65535, 160, 65535, 161, 65535, 162, 65535, 163, 65535, 164, 65535, 165, 65535, 166, 65535, 167, 65535, 168, 65535, 169, 59222, 170, 44115, 174, 31926, 175, 37032, 176, 41884, 177, 45207, 178, 47007, 179, 46187, 189, 29084, 192, 24272, 193, 24209, 194, 23680, 195, 22186, 197, 20163, 198, 21216, 199, 22288, 200, 21402, 210, 24846, 211, 32300, 212, 40194, 213, 46763, 214, 50953, 215, 52745, 216, 52473, 217, 50283, 218, 46250, 219, 40791, 220, 34801, 221, 29285, 223, 20849, 292, 9081, 302, 14537, 303, 19834, 304, 25428, 305, 29252, 306, 30958, 307, 31431, 308, 31208, 309, 29986, 310, 27387, 311, 23776, 312, 20403, 313, 18560, 314, 18251, 315, 18092, 316, 16843, 317, 14586, 318, 12281, 319, 10624, 320, 9607, 321, 8931, 331, 7885, 332, 8736, 333, 8841, 344, 9770, 345, 12347, 346, 15014, 347, 17767, 348, 20338, 349, 22306, 350, 23370, 351, 23461, 352, 22658, 353, 21099, 354, 18960, 355, 16483, 356, 13959, 357, 11703, 367, 14183, 368, 17905, 369, 20711, 370, 22972, 371, 24852, 372, 26049, 373, 26215, 374, 25356, 375, 23774, 376, 21776, 377, 19525, 378, 17110, 379, 14635, 380, 12246, 381, 10148, 382, 8556, 383, 7511, 384, 6805, 385, 6106, 386, 5172, 394, 8516, 395, 9159, 396, 9787, 397, 10232, 398, 10437, 399, 10540, 400, 10871, 405, 12483, 407, 12312, 408, 13967, 410, 17332, 411, 18292, 412, 19275, 413, 20548, 414, 21846, 415, 22526, 416, 21968, 417, 20022, 418, 17147, 419, 14167, 422, 10086, 423, 10255, 424, 10923, 425, 12119, 426, 13838, 427, 15913, 428, 18050, 429, 19957, 430, 21426, 431, 22326, 432, 22563, 433, 22068, 434, 20817, 435, 18839, 436, 16497, 437, 15086, 438, 16343, 439, 20414, 440, 25179, 441, 28391, 442, 29712, 443, 30221, 444, 30672, 445, 30814, 446, 30121, 447, 28563, 448, 26558, 449, 24446, 450, 22253, 460, 28677, 461, 28583, 462, 27787, 463, 26155, 467, 19643, 468, 19991, 469, 19988, 470, 18940, 471, 16891, 472, 14435
1791219447.829, MrmFullScanInfo, 636, 107, 2057231, 0, 0, 0, 0, 10000, 39297, 32, 1, 2, 1, 480, -421469, 492527, 421030, -479082, -452128, 448320, 503941, -367658, -520039, 113008, 520170, 337714, -495435, -499354, 366634, 517946, -113189, -520192, -177106, 519403, 322324, -511311, -475147, 480079, 520185, 513909, -155638, -520142, -420474, 494778, 367661, -500549, -442372, 504146, 279995, -517154, -284601, 518102, 210545, -517349, -283971, 516054, 421322, -509646, -514752, 400861, 520184, 26710, -520059, -481693, 458121, 519661, -83951, -519959, -396337, 516738, 513378, -431009, -519901, 232598, 520190, 44874, -519967, -497253, 269994, 520024, 508537, -457497, -520192, 103964, 520190, 175369, -519246, -374566, 503462, 361862, -473458, -117113, 59054, -504556, 345282, 520192, -75118, -519918, -212072, 516588, 468960, -439736, -519905, 115656, 520192, 412295, -513143, -519361, 234490, 520175, 303409, -513946, -474801, 467282, 510325, -349001, -514611, 199003, 330360, -97298, 175251, 54964, -469452, -223596, 475589, 447105, -231482, -473577, -127642, 351538, 432018, -107825, -516170, -211356, 466826, 425290, -280126, -465518, 75805, 415024, 92606, -258000, -170040, 52361, 76453, 90323, 54466, -101098, -136194, 22871, 145165, 71743, -54113, -117266, -95263, 81488, 194887, 23067, -206850, -156265, 139334, 222253, -26411, -200169, -81990, 111070, 121274, 3542, -77227, -100622, -7345, 139191, 101665, -103593, -173337, 14519, 174912, 57942, -116689, -107007, 37684, 116463, 23706, -81117, -48410, 37891, 39244, -15930, -2185, 14771, -23538, -35830, 35814, 69141, -25623, -90821, 653, 86796, 33728, -65546, -59573, 40789, 60683, -21404, -43389, 16475, 34140, -34514, -18867, 58459, 17720, -72845, -35553, 72052, 59281, -53455, -69031, 17064, 64730, 26643, -50389, -54384, 20837, 63962, 3737, -61985, -13450, 51487, 9851, -37406, -728, 32759, -6634, -37078, 9141, 41853, -519, -44643, -21903, 46506, 32547, -39074, -35410, 26058, 34513, -14635, -29330, 8490, 20602, -2678, -13404, 1196, 11398, -2879, -10247, -1017, 6428, 4930, -2501, -6510, -4134, 4443, 14119, -2378, -19249, 305, 16991, 5920, -9038, -8962, -4176, 5491, 17386, 580, -25258, -8101, 25008, 16766, -19679, -22825, 10559, 22124, 296, -16319, -9200, 9160, 12793, 5404, -9786, -15295, 3603, 21533, 3476, -21952, -7743, 19280, 8642, -13024, -6060, 4177, 3151, 4178, 2640, -10804, -11121, 16267, 17462, -17305, -21738, 14538, 22193, -8675, -18292, 2151, 10212, 5184, 1109, -11251, -12244, 9802, 24652, -10000, -32904, 8503, 36542, -5298, -34067, -869, 27854, 6914, -19132, -11338, 10403, 14345, 49, -17271, -6299, 15766, 9246, -12773, -9239, 9890, 5013, -5396, 1107, 963, -5935, 1758, 10132, -3376, -9745, 3533, 11013, -3248, -7108, 3587, 2721, -3462, 2610, 3330, -8330, -942, 11855, -2454, -11504, 5128, 11049, -5546, -8865, 10340, 3267, -15109, 1883, 17852, -5726, -17929, 10259, 14362, -13997, -7142, 17239, -2754, -14442, 11544, 17616, -22779, -22013, 32507, 27617, -36329, -34437, 34701, 41737, -27450, -49123, 14759, 53457, 579, -60621, -17186, 53923, 33638, -42642, -47156, 28787, 54373, -14258, -54404, -1477, 48476, 15135, -39855, -25142, 30728, 33682, -14479, -33694, 10269, 29970, -8714, -23810, 10215, 19480, -14116, -17830, 18660, 19028, -21467, -21925, 20123, 27903, -14426, -26428, 5803, 22549, 4965, -15207, -15679, 6177, 21582, 2153, -21873, -6595, 15814, 3800, -4462, 3442, -678, -15265, 9420, 28474, -13801, -37292, 13259, 39646, -9101, -33600, 3711, 21101, -291, -5976, -1447, -8093, 2215, 16863, 2221, -19086, -7308, 17170, 10992, -15542, -11397, 17774, 8003, -25817, -615, 37738, -8763, -47666, 8599, 55164, -13203, -60591, 13415, 60608, -12555, -56760, 10278, 49764, -8085, -40222, 6395, 29523, -4403
1791219447.829, MrmFullScanInfo, 636, 107, 2057231, 0, 0, 0, 0, 10000, 39297, 32, 2, 2, 1, 480, 0, 0, 0, 0, 0, 0, 168399, -228734, -312228, 479623, 361591, -535863, -380068, 348499, 435084, -30812, -507250, -256768, 506021, 433233, -370442, -523189, 134061, 579776, 110001, -566207, -279488, 389967, 325306, -45067, -240040, -339906, 68420, 613239, 98027, -726064, -186069, 713544, 189006, -643344, -145493, 574634, 112487, -541316, -129431, 545784, 197949, -541460, -291333, 442737, 391770, -211004, -476423, -86671, 473928, 346079, -315970, -522003, 39137, 612528, 231611, -597247, -408155, 442622, 488782, -164280, -465580, -157269, 304686, 412685, -28389, -508606, -262628, 411794, 480348, -181805, -608832, -42057, 631510, 114548, -490010, 3182, 179729, -208438, 150733, 373319, -288491, -465613, 165833, 511686, 96669, -478521, -348645, 308511, 512756, -28200, -543799, -258594, 404106, 475147, -129048, -604769, -160101, 639851, 346653, -572827, -372188, 418390, 226943, -224142, 37351, 68459, -301394, -26080, 434928, 109055, -372977, -246156, 145027, 329965, 148466, -285188, -392328, 112763, 508509, 114559, -476809, -301333, 329884, 380924, -138928, -336509, -16021, 200104, 82974, -39290, -60506, -73706, -8583, 99573, 65190, -49540, -65309, -27853, 2969, 75900, 89037, -60055, -162202, -13267, 180021, 102330, -134595, -157592, 49789, 149934, 31596, -82249, -71520, -14645, 55045, 97108, 6124, -130788, -81177, 107016, 134397, -42828, -143126, -30997, 109077, 84711, -53652, -102035, 3824, 86204, 21404, -55059, -18087, 29441, -3824, -22772, 28181, 35570, -40832, -57060, 34400, 73663, -11144, -77477, -17625, 68778, 38481, -54151, -43933, 42978, 35049, -42022, -19422, 51017, 7690, -63427, -8039, 70544, 20715, -64780, -38761, 43110, 53098, -9883, -56943, -24894, 48599, 51203, -32563, -63343, 16855, 61287, -7573, -50329, 6002, 38448, -9245, -31869, 11921, 32534, -9241, -38477, 592, 45025, 10356, -46872, -19330, 41572, 24197, -31002, -24577, 19205, 21389, -9685, -16591, 3996, 12040, -1409, -8473, -149, 5544, 2094, -2154, -4307, -2789, 6161, 8949, -6959, -13986, 5787, 15017, -2247, -10522, -2477, 1126, 6072, 10501, -6487, -20580, 2860, 26000, 3986, -25500, -11508, 19604, 16691, -10141, -17328, -64, 12645, 8065, -3522, -11927, -7455, 11383, 16918, -7711, -22223, 3045, 22161, 729, -17013, -2674, 8332, 2496, 1733, -129, -11196, -4046, 18474, 8945, -22234, -13111, 21674, 15232, -16888, -14335, 8823, 10098, 715, -2837, -9499, -6622, 15898, 16840, -19418, -25634, 20011, 30851, -17362, -31532, 11523, 28227, -3570, -22209, -4770, 14790, 11935, -7286, -16745, 1008, 18476, 3007, -17053, -4207, 13036, 2711, -7340, 594, 1215, -4253, 3927, 7043, -7049, -8351, 7991, 7973, -7312, -5829, 5735, 2028, -3611, 2787, 868, -7342, 2521, 10195, -5952, -10626, 8654, 8838, -10595, -5231, 12310, 150, -13879, 5701, 14539, -11232, -13192, 15475, 9002, -17553, -2001, 17044, -6870, -14755, 16606, 12572, -26490, -12231, 35470, 14532, -41753, -19668, 43577, 27343, -40040, -36921, 31428, 47011, -18896, -55030, 3734, 58123, 12817, -54941, -28839, 46226, 41631, -33531, -48951, 18513, 50302, -2911, -46495, -11316, 39102, 22202, -30371, -28045, 22793, 28210, -18053, -23979, 16503, 18114, -17724, -13399, 20669, 11617, -23626, -13006, 24623, 16217, -22003, -19041, 15020, 19716, -4422, -17705, -7369, 13508, 16950, -8430, -21125, 4244, 18543, -2682, -10266, 4968, -1097, -11097, 12636, 19354, -21580, -26743, 25579, 30293, -23742, -28226, 17155, 20555, -8246, -9124, -128, -2979, 5437, 12718, -6247, -18486, 3101, 20754, 1442, -21597, -3932, 23473, 1593, -27699, 5840, 33872, -15858, -40657, 25027, 46708, -31100, -50826, 33456, 52046, -32340, -49909, 28626, 44601, -23410
1791219447.829, MrmFullScanInfo, 636, 107, 2057231, 0, 0, 0, 0, 10000, 39297, 32, 4, 2, 1, 480, 0, 0, 0, 0, 0, 0, -342, -67, 799, 212, -1006, -420, 880, 461, -942, -50, 1263, -740, -1247, 1177, 442, -776, 794, -114, -1585, 811, 1952, -1030, -2663, 930, 4223, -834, -5703, 844, 5276, -614, -2447, -249, -1346, 1489, 3892, -2233, -4371, 1965, 3521, -91, -2577, -5791, 3142, 14786, -5819, -20129, 15703, 14450, -45796, 5073, 92314, -28099, -122343, 48386, 104829, -77256, -60136, 116123, 52287, -142879, -90298, 133474, 109753, -101765, -60342, 95804, -36151, -151689, 143961, 240121, -255462, -269996, 320929, 167551, -250947, 34447, 36522, -206355, 193465, 254890, -288122, -223945, 230553, 226675, -123406, -281476, 46898, 302683, -532, -233359, -32041, 110869, 26801, 1992, 36253, -79529, -129753, 123565, 201279, -146942, -197891, 152120, 86841, -123474, 106153, 55602, -297670, 16786, 410328, -43784, -417294, 10126, 336128, 52468, -209612, -91642, 87977, 74462, -464, -11076, -59635, -54204, 104897, 84433, -134810, -78447, 149449, 55988, -160149, -30938, 176834, 9635, -196389, -568, 207949, 10387, -198400, -36123, 157859, 65066, -88321, -82100, 7832, 78452, 58851, -57161, -96795, 32080, 108165, -18884, -104214, 24693, 95822, -45506, -90213, 68723, 91976, -80021, -102623, 70653, 116994, -39744, -122716, -8225, 107627, 65389, -68817, -119668, 15489, 157840, 35216, -169203, -68166, 150980, 78757, -112575, -71957, 71788, 55047, -43411, -33818, 31710, 13953, -33648, -1052, 43662, -429, -56355, -10038, 66862, 26928, -70342, -40885, 63051, 44819, -44882, -38016, 20129, 24600, 5095, -10202, -25552, -1085, 38283, 7479, -43027, -8421, 41674, 4023, -36870, 4103, 30838, -12231, -24900, 16095, 19428, -13299, -14028, 5309, 8017, 3182, -1085, -7380, -5859, 5221, 10677, 2259, -11102, -12287, 6293, 21619, 2584, -27603, -12831, 28495, 21504, -24451, -26476, 18654, 26643, -16160, -22150, 20467, 15038, -30803, -8846, 42802, 6807, -50750, -10030, 49816, 16887, -38260, -23648, 18651, 25935, 3159, -20679, -20932, 7716, 30541, 9965, -30631, -27301, 22555, 39039, -9983, -41278, -2453, 32884, 11285, -16307, -15207, -3104, 14626, 19569, -10829, -29282, 5719, 31020, -1389, -25631, -355, 15212, -1570, -2426, 7147, -9816, -15182, 18765, 23707, -22455, -30519, 20310, 33660, -13209, -31799, 3007, 24620, 7687, -12914, -16271, -1336, 21280, 15049, -22776, -24892, 21625, 28791, -18645, -26869, 14680, 21221, -10665, -14913, 7376, 10505, -4954, -8996, 2798, 9951, -3, -12309, -3856, 15097, 8239, -17588, -11765, 19405, 12940, -20219, -11229, 19962, 7546, -19145, -3589, 18473, 886, -17948, -398, 16668, 2603, -13718, -7481, 8972, 14417, -2945, -21820, -3500, 27849, 9032, -31751, -11743, 34078, 10311, -35589, -5391, 36367, -760, -35937, 5640, 33433, -7504, -27560, 5759, 17308, -1179, -3045, -3976, -13147, 6425, 28408, -3250, -40233, -6644, 46771, 21920, -46939, -39732, 40779, 56344, -29559, -67300, 15121, 68858, 622, -60233, -15312, 44158, 26298, -24783, -31895, 5878, 32381, 9962, -29433, -21478, 25211, 28526, -21731, -31362, 20233, 30277, -20582, -25970, 21543, 19853, -22058, -13599, 21923, 8713, -21497, -6095, 21036, 5792, -20115, -7224, 17758, 9811, -13319, -13133, 7306, 16467, -1227, -18888, -3232, 19716, 5382, -19110, -5654, 18296, 4825, -18646, -3657, 20367, 3375, -22195, -5566, 22339, 10802, -19332, -17757, 12292, 23489, -1466, -24917, -11036, 20446, 21574, -10499, -26906, -2820, 26415, 16392, -22473, -26477, 19128, 29670, -19688, -24690, 25098, 13530, -34189, -498, 44773, -10185, -54237, 16069, 59937, -16603, -59976, 12818, 53907, -6633
1791219447.829, MrmDetectionListInfo, 636, 327, 51, 7434, 52, 10401, 53, 13135, 54, 15739, 55, 18815, 56, 23346, 57, 30468, 58, 41348, 59, 56096, 60, 65535, 61, 65535, 62, 65535, 63, 65535, 64, 65535, 65, 65535, 66, 65535, 67, 65535, 68, 65535, 69, 65535, 70, 65535, 71, 65535, 72, 65535, 75, 65535, 76, 65535, 77, 65535, 78, 65535, 79, 65535, 80, 65535, 81, 65535, 82, 65535, 83, 65535, 84, 65535, 85, 65535, 86, 65535, 87, 65535, 88, 65535, 89, 65535, 90, 65535, 91, 65535, 92, 65535, 93, 65535, 94, 65535, 95, 65535, 96, 65535, 97, 65535, 98, 65535, 99, 65535, 100, 65037, 101, 36303, 102, 19968, 103, 33361, 104, 65535, 105, 65535, 106, 65535, 107, 65535, 108, 65535, 109, 65535, 110, 65535, 111, 65535, 112, 65535, 113, 65535, 114, 65535, 115, 65535, 116, 65535, 117, 65535, 118, 65535, 119, 65535, 120, 65535, 121, 65535, 122, 65535, 123, 65535, 124, 65535, 125, 65535, 130, 65535, 131, 65535, 132, 65535, 133, 65535, 134, 65535, 135, 65535, 136, 65535, 137, 65535, 138, 65535, 139, 65535, 140, 65535, 141, 65535, 142, 65535, 143, 65535, 144, 65535, 145, 65535, 146, 65535, 147, 65535, 148, 65535, 149, 65535, 150, 60314, 151, 47860, 152, 47672, 153, 59526, 154, 65535, 155, 65535, 156, 65535, 157, 63096, 158, 60782, 159, 62112, 160, 64196, 161, 65535, 162, 65535, 163, 65535, 164, 65535, 165, 65535, 166, 65535, 167, 65535, 168, 65535, 169, 65535, 170, 65535, 171, 65535, 172, 65125, 173, 65535, 174, 65535, 175, 65535, 176, 65535, 177, 65535, 178, 65535, 179, 65535, 180, 65535, 181, 65535, 182, 65535, 183, 65535, 184, 65535, 185, 65535, 186, 64551, 187, 51828, 188, 40484, 189, 31678, 193, 19823, 194, 22202, 195, 26510, 196, 32049, 197, 38118, 198, 44167, 199, 49538, 200, 53308, 201, 54576, 202, 52879, 203, 48311, 204, 41348, 205, 32734, 206, 23606, 215, 25593, 221, 19826, 240, 14941, 241, 17314, 242, 20837, 243, 23898, 244, 25108, 245, 24610, 246, 23470, 247, 22406, 248, 21440, 249, 20470, 250, 19723, 251, 19596, 252, 20285, 253, 21679, 254, 23536, 255, 25644, 256, 27800, 257, 29723, 258, 31054, 259, 31444, 260, 30646, 261, 28543, 262, 25196, 263, 20974, 264, 16743, 265, 14042, 266, 14233, 267, 16665, 268, 19030, 269, 20227, 270, 21447, 271, 24028, 272, 27268, 273, 29012, 274, 28037, 275, 25148, 276, 22023, 277, 19750, 278, 18376, 279, 17064, 280, 14821, 284, 15542, 285, 19307, 286, 20117, 287, 18362, 288, 16024, 289, 14174, 290, 12414, 297, 16458, 298, 20878, 299, 23638, 300, 25290, 301, 26246, 302, 26294, 303, 25040, 304, 22434, 305, 18929, 306, 15508, 307, 13274, 308, 12467, 309, 12212, 310, 11726, 312, 13918, 313, 18417, 314, 22939, 315, 25172, 316, 25014, 317, 23887, 318, 22711, 319, 21249, 320, 19029, 321, 16204, 331, 7096, 332, 9016, 333, 11219, 334, 13074, 335, 14406, 336, 15395, 337, 16136, 338, 16483, 339, 16264, 340, 15504, 341, 14399, 342, 13170, 343, 11962, 344, 10873, 345, 9987, 346, 9365, 350, 9073, 351, 9308, 352, 9617, 353, 9974, 355, 11145, 356, 12582, 357, 14858, 358, 17614, 359, 20164, 360, 21922, 361, 22732, 362, 22801, 363, 22382, 364, 21587, 365, 20492, 366, 19356, 367, 18702, 368, 18976, 369, 19848, 371, 19080, 372, 16504, 373, 13015, 378, 9420, 379, 14958, 380, 18746, 381, 20727, 382, 22750, 383, 26292, 384, 31199, 385, 36232, 386, 40308, 387, 43158, 388, 45029, 389, 46029, 390, 45894, 391, 44291, 392, 41156, 393, 36993, 394, 33277, 395, 31772, 396, 32401, 397, 32751, 398, 30662, 399, 26383, 400, 21848, 401, 18956, 402, 18641, 403, 20499, 404, 23105, 405, 25080, 406, 25939, 407, 26046, 408, 25961, 409, 25883, 410, 25654, 411, 25096, 412, 24212, 413, 23101, 414, 21830, 415, 20412, 416, 18889, 417, 17372, 418, 15999, 419, 14877, 421, 13526, 422, 13260, 423, 13179, 424, 13180, 425, 13150, 426, 12999, 427, 12681, 428, 12196, 431, 10136, 435, 12330, 436, 12766, 465, 24275, 466, 23824, 467, 23554, 468, 23149, 469, 22302, 470, 21195, 471, 20484, 472, 21304, 473, 24726, 474, 30237, 475, 35495, 476, 38416, 477, 38890, 478, 38063, 479, 36638
1791219447.954, MrmFullScanInfo, 637, 107, 2057356, 0, 0, 0, 0, 10000, 39297, 32, 1, 2, 1, 480, -421616, 491866, 417993, -480551, -452723, 444107, 504682, -370594, -519887, 111702, 520189, 333126, -496462, -497341, 369325, 517273, -112387, -520190, -174679, 519737, 322204, -512311, -474031, 479364, 520161, 512995, -173253, -520130, -409111, 498225, 368740, -502188, -438510, 504788, 287616, -518030, -287406, 518346, 222055, -517581, -312478, 516500, 451140, -504884, -516421, 360270, 520191, 17312, -520126, -415895, 499286, 513148, -369001, -519495, -40805, 519842, 487368, -498296, -520080, 196024, 520192, 150936, -519427, -413913, 489609, 493431, -372546, -469193, 201895, 80085, 318066, 499702, -227184, -516579, -285696, 517517, 507790, -385998, -520192, -303480, 514539, 519744, -251541, -520182, -163160, 517912, 438633, -466579, -516480, 258419, 520137, 92082, -520143, -444855, 490862, 518906, -103194, -519281, -299110, 490700, 470761, -240868, -482204, -51669, 193762, 166893, 179608, -79587, -391494, -152624, 418873, 411355, -249302, -498605, -59344, 471050, 332910, -316581, -453430, 31890, 414570, 256367, -237055, -382190, 16614, 356512, 124236, -259468, -162038, 138959, 74177, -46894, 37259, 40986, -110184, -93689, 122408, 142598, -68603, -163334, -37722, 144824, 130272, -59570, -155713, -56960, 122345, 137852, -40689, -152481, -56659, 108763, 110587, -31360, -90241, -34874, 36114, 56417, 21938, -26895, -64579, -15134, 65276, 47999, -28519, -60769, -9956, 52280, 34212, -19218, -43843, -11008, 41465, 21239, -27147, -14004, 16031, 2337, -21434, 26673, 37571, -42571, -56150, 30537, 70780, -494, -65673, -29146, 34279, 49327, 10408, -49332, -57210, 31219, 77293, -3541, -75819, -12583, 52890, 12926, -19516, 1523, -1552, -28672, 9887, 56346, -6438, -65466, -13327, 54217, 30777, -35362, -33110, 13860, 21149, 1570, -5931, -716, -4883, -14055, 4640, 29771, 13940, -37946, -42559, 38269, 65897, -24123, -77051, -355, 75879, 22365, -62984, -35260, 41912, 41704, -21245, -38365, 10008, 26448, -5984, -14136, 10132, 7763, -19792, -5061, 27347, 7202, -26473, -12862, 20654, 17211, -13747, -15954, 5422, 11484, 2823, -6680, -4301, -1547, 2934, 10133, 953, -16480, -6701, 22267, 14229, -26410, -17920, 27650, 17979, -23973, -10829, 17566, 9525, -11942, -8427, 4525, 7511, 1536, -7132, -3892, 8612, 3786, -12233, -3021, 19115, 2202, -29251, -3001, 33068, 6728, -31174, -12164, 25992, 15249, -13934, -16773, 976, 16937, 10307, -15106, -17965, 12881, 21420, -11765, -17773, 11968, 10349, -11845, -2491, 13635, -448, -15885, 1417, 17358, 1571, -16337, -6855, 13261, 14102, -8432, -19093, 1390, 23284, 5611, -23875, -9663, 20235, 12988, -13504, -11582, 6924, 5611, -292, 4054, -3586, -13845, 5829, 22431, -3733, -28368, -1421, 29826, 8611, -27748, -16031, 22144, 20752, -13819, -19940, 3905, 18998, 4775, -10442, -9075, 1906, 9055, 5360, -5152, -9717, -2021, 11358, 10911, -10964, -19494, 8759, 26330, -8878, -29283, 6197, 28232, -1493, -23985, -3617, 18810, 9231, -13215, -12998, 9437, 15023, -7879, -15880, 7705, 19328, -10450, -19760, 12442, 21071, -14939, -22320, 17331, 22500, -17002, -19681, 15152, 14541, -10480, -8185, 2124, 1461, 9181, 4857, -17459, -8997, 24143, 11943, -27727, -13274, 29492, 12502, -29833, -10915, 30824, 6707, -30938, -5654, 30110, -2997, -26638, 10788, 21024, -17601, -14865, 22845, 8251, -23764, -1713, 20864, -3471, -13124, 8296, 5181, -9787, 5038, 12655, -11466, -13213, 10173, 12589, -3314, -8236, -6433, 657, 15131, 10325, -20236, -22587, 14813, 35023, -6468, -42263, -3714, 44239, 11302, -41746, -12900, 36060, 8355, -29276, -677, 24848, -7290, -22503, 12673, 22802, -12001, -21785, 5851, 18199, 4859, -10268, -16928, -999, 27983, 13420, -36275, -23084, 38905, 28582
1791219447.954, MrmFullScanInfo, 637, 107, 2057356, 0, 0, 0, 0, 10000, 39297, 32, 2, 2, 1, 480, 0, 0, 0, 0, 0, 0, 168119, -228401, -311984, 479058, 361708, -535737, -380347, 349469, 435290, -32844, -507367, -254354, 506222, 431369, -370945, -522334, 134970, 579719, 108833, -566460, -279500, 390504, 328874, -46471, -247684, -337469, 77439, 610857, 91591, -725183, -184213, 714713, 191584, -646158, -152662, 578630, 125788, -546614, -148572, 549944, 218376, -540179, -307622, 439214, 402827, -216391, -500274, -62355, 554806, 295850, -478186, -447917, 238811, 535667, 75904, -542340, -339870, 418454, 503266, -171661, -588495, -102921, 609255, 281381, -523954, -275756, 292399, 96204, 8935, 157190, -193917, -377448, 142011, 480266, 86667, -404432, -341552, 158897, 488606, 151418, -444474, -411480, 219557, 568728, 75688, -594250, -323245, 461403, 483722, -195367, -561240, -108657, 528350, 354920, -350689, -501449, 68436, 534027, 196250, -440374, -320548, 244404, 254615, -31062, -43125, -91688, -202648, 62886, 364271, 92969, -368074, -287878, 214524, 421358, 24155, -421422, -245266, 273581, 367909, -34370, -362503, -196867, 253729, 335456, -105949, -351041, -9086, 269313, 49125, -150221, -17788, 56216, -46888, -22032, 97657, 43669, -100724, -89583, 51057, 119779, 27344, -105005, -97148, 42966, 127149, 39850, -105367, -105396, 44775, 126336, 22633, -98833, -64285, 42782, 64727, 10442, -30605, -36660, -15711, 30430, 48751, -2723, -53987, -28193, 33997, 45798, -2302, -43226, -26550, 26256, 42767, -7535, -44082, -1854, 36050, -3010, -27815, 19081, 26300, -35871, -33150, 41244, 44013, -29511, -49780, 4328, 41271, 24424, -15997, -45692, -18919, 52206, 50313, -43907, -65867, 27623, 60456, -13206, -38261, 8852, 9828, -17174, 13350, 33366, -23136, -48149, 17645, 53783, -2574, -47771, -11979, 33080, 18196, -16738, -14701, 6764, 6280, -7713, -865, 18419, 5040, -33123, -19837, 44055, 40308, -44636, -59061, 33020, 69925, -13086, -69730, -8268, 59302, 24555, -43125, -31650, 27130, 28994, -16134, -19678, 12422, 8624, -15077, -266, 20419, -2752, -24262, 375, 24217, 4837, -19994, -9388, 12807, 10865, -4901, -8421, -1284, 2383, 4312, 6032, -3996, -15137, 1065, 23405, 2969, -29420, -6025, 31659, 6769, -29225, -5773, 22848, 4814, -14665, -5111, 6982, 6569, -1398, -8598, -1333, 11033, 1328, -14476, 661, 19475, -3424, -25256, 5274, 29791, -4587, -30966, 876, 27623, 4954, -19873, -11297, 9250, 16612, 1732, -19872, -10432, 20874, 14750, -19985, -13790, 17798, 8599, -15173, -1863, 13255, -3538, -12822, 5783, 13637, -4294, -14654, -509, 14695, 7431, -12942, -14829, 9323, 20939, -4503, -24126, -445, 23399, 4323, -18883, -5801, 11690, 3848, -3364, 1532, -4405, -9157, 9921, 17227, -11797, -24031, 9465, 28351, -3564, -29483, -4037, 27086, 11063, -21215, -15637, 12779, 16638, -3632, -13783, -3977, 7843, 8175, -524, -7945, -6398, 3400, 11754, 4253, -15248, -12970, 17134, 20424, -17428, -24817, 15623, 25656, -11269, -23732, 4844, 20451, 2240, -17111, -8308, 14549, 12426, -13250, -14695, 13486, 15706, -15163, -15985, 17768, 15897, -20506, -15541, 22463, 14568, -22593, -12500, 19904, 9288, -13728, -5523, 4277, 2147, 6978, 189, -17729, -1464, 26007, 2041, -31015, -2169, 33135, 1678, -33355, -305, 32579, -2178, -31067, 6059, 28275, -11309, -23411, 17122, 16400, -21959, -8189, 24383, 256, -23422, 6086, 18866, -10000, -11337, 11359, 2197, -10742, 6506, 9189, -12251, -7690, 12879, 6584, -7817, -5229, -1474, 2276, 11890, 3623, -19800, -12919, 22684, 24429, -20230, -35433, 14273, 42889, -7753, -44841, 3509, 41216, -3076, -33805, 6205, 25500, -11122, -18922, 15242, 15260, -15984, -13926, 11681, 13123, -2190, -10939, -11037, 6425, 25347, -67
1791219447.954, MrmFullScanInfo, 637, 107, 2057356, 0, 0, 0, 0, 10000, 39297, 32, 4, 2, 1, 480, 0, 0, 0, 0, 0, 0, -462, 316, 635, -471, -348, -84, 119, 1193, -192, -2039, 364, 2066, -223, -1349, -418, 539, 1309, -118, -1871, 79, 841, 135, 2429, -1050, -5885, 2120, 6696, -2061, -4333, 665, 918, 1029, 2013, -2186, -5654, 3112, 11698, -4576, -17970, 4222, 19653, -1059, -15230, 2196, 8828, -12989, -17284, 29465, 61132, -47322, -122203, 61558, 146705, -53933, -110965, 13811, 43889, 41901, 37395, -90960, -170752, 135351, 372212, -197331, -546669, 293424, 559494, -394942, -423749, 449153, 324398, -452818, -387014, 440359, 518747, -404050, -555575, 299928, 458222, -139710, -303003, -12779, 167784, 126187, -85352, -213751, 56492, 268589, -43483, -260638, -13454, 195732, 120324, -123239, -200112, 82448, 178374, -76888, -77556, 100391, -17856, -138724, 54325, 160862, -33968, -143557, -20050, 93416, 90723, -31888, -158480, -31707, 200063, 98556, -204714, -157535, 182034, 180801, -146256, -152474, 99621, 90461, -40642, -25181, -23641, -31713, 80877, 83277, -120823, -125815, 139089, 147711, -138811, -143273, 129685, 119812, -119861, -93244, 109506, 77826, -92964, -76735, 66699, 81300, -33221, -79265, -1032, 64089, 28934, -37670, -44793, 6196, 45821, 23557, -32691, -45064, 9960, 52677, 14312, -44284, -31484, 24023, 37005, -1544, -33254, -12679, 27986, 12859, -29341, -423, 39811, -16079, -55775, 26009, 72088, -24109, -84661, 12979, 89404, 2056, -82329, -18198, 62772, 34171, -34634, -48127, 3929, 58252, 23760, -64475, -44100, 68252, 54897, -71025, -57198, 73524, 54516, -75582, -49907, 75645, 45002, -71227, -40809, 60297, 38072, -42858, -36621, 21583, 34914, -867, -31043, -14986, 24535, 23407, -17120, -24089, 11999, 18891, -11512, -11296, 15827, 5319, -23470, -3739, 32192, 6985, -39090, -13535, 41119, 21016, -36765, -26958, 27047, 29388, -15250, -26931, 5415, 19280, -321, -8048, 498, -3216, -4637, 10783, 10430, -12872, -15175, 10141, 16573, -4777, -13523, -658, 6473, 3984, 2809, -3838, -11707, -68, 17609, 7120, -18883, -15939, 15498, 24547, -8856, -30726, 1307, 32450, 4890, -28589, -8684, 19770, 10324, -8487, -10518, -1963, 9955, 8867, -9491, -10732, 10072, 7634, -12539, -1084, 17258, -6554, -23405, 12738, 28887, -15363, -31180, 13468, 28568, -7510, -20769, -1038, 9098, 10366, 3900, -18655, -15427, 24542, 23366, -27490, -26756, 27810, 25972, -26109, -22502, 22838, 18301, -18323, -14904, 12880, 12850, -6805, -11870, 461, 11605, 5435, -11918, -9740, 12611, 11479, -13106, -10402, 12678, 6911, -10724, -1671, 6991, -4657, -1726, 11454, -4333, -18113, 10065, 24029, -14096, -28642, 15202, 31408, -12849, -31666, 7556, 28837, -488, -22841, -6673, 14456, 11965, -5187, -13911, -2970, 12394, 7825, -8657, -7538, 4328, 1365, -727, 9898, -1853, -23581, 3698, 35979, -4290, -44429, 2250, 48557, 3149, -49249, -10971, 47148, 19512, -42569, -27312, 35933, 33929, -28033, -39576, 19826, 44102, -11815, -46767, 4028, 46990, 3312, -44545, -9496, 38933, 14100, -29709, -17656, 17382, 21138, -3897, -25138, -7878, 29577, 15400, -33953, -17785, 37820, 16316, -41086, -13363, 44098, 10804, -46919, -9527, 48702, 9195, -47773, -8201, 42256, 4660, -31114, 2059, 15299, -10657, 2086, 18782, -16863, -23710, 25279, 23190, -25492, -16264, 18330, 3722, -6669, 11644, -5912, -25344, 16237, 32655, -22277, -30811, 23971, 20252, -23139, -4669, 22275, -10390, -23376, 20152, 27177, -22876, -32673, 20311, 37256, -16268, -37762, 14739, 32228, -18004, -21056, 25629, 7377, -34862, 4529, 42151, -11850, -44489, 14735, 40214, -15438, -29442, 16373, 14045, -18888, 2925, 22692
1791219447.954, MrmDetectionListInfo, 637, 301, 47, 11545, 48, 11909, 49, 11034, 50, 9360, 51, 7771, 54, 13893, 55, 23059, 56, 37026, 57, 55106, 58, 65535, 59, 65535, 60, 65535, 61, 65535, 62, 65535, 63, 65535, 64, 44258, 65, 30698, 66, 36233, 67, 62110, 68, 65535, 69, 65535, 70, 65535, 71, 65535, 72, 65535, 73, 65535, 74, 65535, 75, 65535, 76, 65535, 77, 65535, 78, 65535, 79, 65535, 80, 65535, 81, 65535, 82, 65535, 83, 65535, 84, 65535, 85, 65535, 86, 65535, 87, 65535, 88, 65535, 89, 65535, 90, 65535, 91, 65535, 92, 65535, 93, 65535, 94, 65535, 95, 65535, 96, 65535, 97, 65535, 98, 65535, 99, 65535, 100, 65535, 101, 65535, 102, 65535, 103, 65535, 104, 65535, 105, 65535, 106, 65535, 107, 65535, 108, 65535, 109, 65535, 110, 65535, 111, 65535, 112, 65535, 113, 65535, 114, 65535, 115, 65535, 116, 65535, 117, 65535, 118, 65535, 119, 65535, 120, 65535, 121, 65535, 122, 65535, 123, 65535, 124, 65535, 125, 65535, 126, 65535, 127, 65535, 128, 65535, 129, 65535, 130, 65535, 131, 42020, 134, 41945, 135, 65535, 136, 65535, 137, 65535, 138, 65535, 139, 65535, 140, 65535, 141, 65535, 142, 65535, 143, 65535, 144, 65535, 145, 65535, 146, 65535, 147, 65535, 148, 65535, 149, 65535, 150, 65535, 151, 65535, 152, 63228, 153, 54464, 154, 44968, 155, 37388, 157, 37008, 183, 50519, 184, 51360, 185, 51388, 186, 50251, 187, 47735, 188, 45035, 189, 43947, 190, 44483, 191, 44405, 192, 41773, 193, 36950, 194, 32135, 195, 30383, 196, 34203, 197, 42894, 198, 52253, 199, 58435, 200, 61131, 201, 62441, 202, 63830, 203, 65034, 204, 65282, 205, 64557, 206, 63450, 207, 62307, 208, 60910, 209, 58858, 210, 55996, 211, 52420, 212, 48255, 213, 43539, 214, 38300, 215, 32658, 216, 26808, 221, 23087, 223, 20784, 232, 16672, 233, 19426, 234, 22394, 235, 25336, 236, 27887, 237, 29693, 238, 30542, 239, 30372, 240, 29212, 241, 27146, 242, 24315, 243, 20916, 254, 13745, 267, 10800, 268, 13294, 269, 15765, 270, 17524, 271, 18338, 272, 18475, 273, 18219, 274, 17668, 275, 17098, 276, 17027, 277, 17472, 278, 17598, 279, 16530, 286, 8980, 287, 10456, 288, 10679, 289, 9875, 290, 8893, 292, 8709, 296, 20628, 297, 22386, 298, 22998, 299, 22690, 300, 21378, 301, 18884, 302, 15314, 303, 11238, 308, 14956, 309, 19475, 310, 23370, 311, 25914, 312, 27071, 313, 27323, 314, 27048, 315, 26263, 316, 24886, 317, 23014, 318, 20906, 319, 18772, 320, 16683, 321, 14636, 330, 11673, 331, 12076, 332, 12064, 333, 11923, 334, 11490, 342, 7495, 343, 10310, 344, 13517, 345, 16562, 346, 19053, 347, 20899, 348, 22161, 349, 22839, 350, 22834, 351, 22056, 352, 20517, 353, 18302, 354, 15651, 355, 13241, 356, 11959, 357, 11871, 358, 11885, 363, 8600, 364, 9059, 372, 14787, 373, 18284, 374, 20886, 375, 22919, 376, 24371, 377, 25197, 378, 25743, 379, 26611, 380, 28143, 381, 30073, 382, 31762, 383, 32791, 384, 33227, 385, 33337, 386, 33245, 387, 32904, 388, 32287, 389, 31475, 390, 30556, 391, 29528, 392, 28301, 393, 26860, 394, 25472, 395, 24618, 396, 24584, 397, 25153, 398, 25662, 399, 25413, 400, 24161, 401, 22191, 402, 19922, 405, 14003, 406, 14728, 407, 17694, 408, 21585, 409, 24728, 410, 26450, 411, 27184, 412, 27607, 413, 27958, 414, 28133, 415, 28104, 416, 28056, 417, 28185, 418, 28498, 419, 28829, 420, 28964, 421, 28710, 422, 27859, 423, 26181, 424, 23511, 425, 19921, 426, 15840, 427, 12073, 428, 9536, 431, 13854, 432, 19336, 433, 24091, 434, 25918, 435, 24676, 436, 21637, 437, 17678, 444, 24569, 445, 27220, 446, 27722, 447, 26638, 448, 24320, 449, 20928, 461, 27116, 462, 26034, 463, 24796, 467, 19652, 468, 19143, 469, 19948, 470, 22256, 471, 25459, 472, 28319, 473, 29638, 474, 29045, 475, 27077, 476, 24466
1791219448.079, MrmFullScanInfo, 638, 107, 2057481, 0, 0, 0, 0, 10000, 39297, 32, 1, 2, 1, 480, -423482, 491183, 418687, -481701, -452774, 445769, 504649, -370258, -520068, 113352, 520190, 341635, -495068, -498729, 371077, 517284, -107471, -520186, -175564, 519535, 325951, -511808, -475444, 482603, 520128, 513113, -169000, -520181, -405925, 499480, 360545, -500769, -440776, 503690, 291852, -517819, -308262, 518104, 244320, -516749, -341345, 513624, 465750, -497282, -515288, 374967, 520192, -112393, -520182, -194790, 518427, 406469, -503301, -514901, 344884, 520192, 394086, -511955, -520192, 36943, 520192, 342776, -511572, -504787, 153355, 252575, 465253, 365693, -494057, -498867, 364101, 513585, -141742, -516661, -80657, 518102, 295818, -518408, -489491, 438993, 505210, 386619, -421169, -520158, -42769, 519454, 373116, -493468, -503564, 344324, 518753, -27478, -520189, -431481, 394427, 520187, 235767, -517567, -501690, 417610, 519131, -149417, -520023, 3749, 514503, -9069, -227298, 8603, -145823, -161634, 303239, 352474, -172646, -381381, 43999, 368072, 157050, -269337, -317866, 43188, 336675, 185125, -278329, -340240, 143416, 408061, 44792, -357516, -133161, 237085, 99957, -121975, -32987, 55665, -38766, -50820, 79200, 61125, -54240, -43873, 3321, 8043, 22198, 38447, -23022, -87685, 16285, 116494, 9252, -106311, -43855, 77161, 55528, -34184, -33492, -21071, -13269, 52328, 68896, -37409, -111026, 8908, 112315, 13865, -74020, -26219, 25193, 12621, 3454, 21328, -10591, -43722, 9063, 45304, 1356, -29072, -1306, -790, -5144, 31393, 19074, -52642, -35478, 52424, 58329, -34650, -71460, 7654, 60203, 24426, -30169, -46731, -12748, 49422, 48797, -31394, -63010, 13081, 47180, -2128, -12013, 867, -23511, -14218, 53212, 37739, -72039, -52808, 70644, 55958, -53992, -55679, 31852, 44480, -12490, -22078, -3394, 3503, 11472, 7377, -9853, -10755, 10007, 6192, -13315, 7456, 17212, -19662, -21850, 25614, 31278, -27539, -40158, 24302, 42569, -14229, -39328, 1301, 29914, 7422, -12213, -10029, -3824, 8448, 13370, 377, -15347, -9507, 14410, 12881, -8461, -9697, 301, 3432, 5004, 6565, -5655, -18760, 1321, 26477, 6098, -27268, -14605, 23481, 19946, -13764, -19083, -245, 18334, 13725, -15940, -21955, 15253, 26307, -12007, -27455, 9160, 25340, -5574, -20383, 1368, 15586, 1482, -9176, -4046, 5056, 8139, -1828, -12691, 2533, 12399, -1571, -10823, 1838, 9805, -2251, -7589, 3051, 6618, -1390, -6547, 105, 6168, 1877, -4403, -3144, 3216, 6142, -2381, -7394, 980, 8836, 3167, -10923, -6116, 10771, 10020, -8127, -13542, 3515, 17607, 1198, -17913, -8299, 17329, 14651, -14250, -18576, 7484, 21000, 105, -21557, -5012, 20785, 8297, -18841, -10471, 19486, 9327, -20791, -6628, 22855, 4337, -26156, -1220, 28303, -1874, -29114, 4442, 29088, -7365, -29139, 10990, 29444, -11304, -30285, 8854, 31459, -4219, -32021, -4411, 32659, 14739, -32035, -25386, 30132, 34174, -27248, -30024, 20195, 31093, -15739, -27708, 13000, 22639, -11580, -15581, 13669, 10834, -18041, -7900, 24171, 7570, -28097, -16124, 30753, 19905, -24322, -24264, 12133, 28337, 1567, -29751, -12191, 28042, 17092, -22404, -16849, 12532, 11962, -4789, -5794, -39, 1541, 509, -10, 692, 809, -1610, -3812, 59, 6089, 3811, -5121, -9424, -611, 17125, 13097, -19169, -24549, 16711, 35465, -9489, -40419, -327, 38555, 9857, -30026, -16970, 18727, 20684, -8539, -20888, 4646, 19112, -7433, -15410, 14772, 10784, -21933, -7209, 24522, 3553, -21848, -58, 15346, -1446, -6721, 267, -1427, -789, 9310, -2037, -17951, 8341, 27063, -17299, -37160, 27453, 48341, -32737, -58029, 32132, 63701, -34447, -62081, 20832, 53950, -5134, -38828, -8282, 19362, 15309, -65, -14995, -14759, 8823, 22152, -973, -23810
1791219448.079, MrmFullScanInfo, 638, 107, 2057481, 0, 0, 0, 0, 10000, 39297, 32, 2, 2, 1, 480, 0, 0, 0, 0, 0, 0, 168333, -228783, -312169, 479868, 361645, -536169, -380142, 348430, 435442, -30247, -508004, -257269, 506602, 433321, -370077, -523255, 132691, 580385, 111584, -567533, -281253, 391815, 328850, -47178, -247144, -337568, 78277, 610767, 89549, -724200, -184271, 713816, 197800, -647427, -167036, 583327, 146695, -553635, -170611, 557173, 235062, -553751, -313115, 481848, 391259, -309224, -475064, 69158, 555345, 162241, -557546, -336113, 395817, 439978, -85888, -444057, -251766, 307474, 487519, -69555, -527972, -124429, 327051, 155247, 46431, -31003, -401276, -152079, 555318, 316604, -466290, -448919, 219618, 553866, 56351, -575451, -273174, 427637, 393903, -112878, -392763, -246917, 253286, 512854, -16564, -615779, -226278, 528486, 409646, -274100, -487653, -58638, 410843, 360232, -179869, -548264, -112042, 582072, 350397, -477855, -474459, 311251, 453241, -165369, -279665, 84019, 16725, -76140, 211304, 131165, -300944, -217676, 230933, 287196, -55660, -289878, -141495, 198383, 287732, -29626, -340904, -160151, 295720, 305977, -184863, -363719, 65784, 326325, 11146, -225561, -28576, 113749, 2673, -33051, 33168, -4127, -49226, 11702, 36183, -13261, -5383, 26256, -24819, -52830, 40320, 81285, -35198, -96521, 14129, 88998, 8557, -57662, -17057, 11351, 3338, 32863, 28861, -58569, -64953, 59507, 86180, -41354, -81360, 17604, 54258, -2727, -19017, 3652, -9933, -15362, 24762, 25526, -25492, -23546, 17793, 6528, -9186, 19791, 6154, -44524, -12582, 57700, 27369, -54435, -43231, 35464, 49873, -6087, -40478, -24614, 16267, 46547, 13431, -53381, -35179, 45408, 38420, -28739, -21090, 12382, -10350, -4002, 45139, 5784, -72214, -14339, 83441, 24415, -76782, -31404, 56715, 31973, -30907, -25353, 6860, 14319, 10089, -3580, -18219, -2480, 19469, 1217, -17295, 6988, 14843, -18629, -14660, 29208, 18033, -35420, -23937, 35486, 29501, -29112, -31538, 17992, 27880, -5439, -18468, -4787, 5892, 9681, 5989, -8276, -14133, 2605, 16986, 3345, -14333, -6113, 7542, 4115, 493, 2442, -6530, -11759, 8338, 20861, -5384, -26656, -955, 26938, 8257, -20917, -14558, 9837, 19211, 3048, -22183, -14019, 23228, 20833, -22019, -23243, 18611, 22253, -13621, -19153, 7996, 15055, -2527, -10832, -2537, 7428, 7054, -5604, -10328, 5262, 11578, -5508, -10824, 5552, 8947, -5161, -6986, 4363, 5694, -3207, -5238, 1789, 5201, -103, -5079, -1917, 4733, 4178, -4074, -6484, 2810, 8731, -692, -10690, -2244, 11716, 5923, -11134, -10175, 8708, 14420, -4544, -17768, -957, 19311, 7053, -18309, -12849, 14623, 17668, -9174, -21001, 3535, 22653, 911, -23029, -3263, 22952, 3157, -23130, -882, 23856, -2760, -24964, 6884, 25939, -10768, -26289, 14075, 25941, -16759, -25228, 18628, 24753, -19103, -25113, 17475, 26637, -13229, -29248, 6301, 32501, 2716, -35638, -11971, 37423, 19092, -36469, -22817, 32454, 23519, -26740, -21944, 21424, 18336, -18024, -13147, 17287, 7421, -19208, -2888, 23127, 1245, -27616, -3109, 30308, 7898, -28656, -14593, 21793, 22053, -11577, -28380, 1400, 31107, 5886, -28515, -9189, 21045, 9082, -11426, -6967, 3206, 4311, 1296, -2255, -2043, 1527, 879, -2232, -211, 3569, 1954, -3801, -6781, 1119, 13692, 5285, -20222, -14637, 23587, 24748, -22082, -32742, 15718, 36117, -6042, -33925, -4487, 27434, 13322, -19751, -18437, 14388, 18784, -13398, -14631, 16260, 7636, -20299, -244, 22371, -5281, -20557, 7564, 14962, -6474, -7170, 2979, -1085, 1852, 8895, -7878, -16096, 15789, 22850, -25757, -29395, 36404, 35917, -45488, -41989, 50661, 46281, -49597, -47247, 40817, 43991, -25429, -36284, 7626, 24521, 7480, -10158, -16211, -4242
1791219448.079, MrmFullScanInfo, 638, 107, 2057481, 0, 0, 0, 0, 10000, 39297, 32, 4, 2, 1, 480, 0, 0, 0, 0, 0, 0, 43, -255, 28, 626, -147, -472, 208, -554, 133, 1763, -590, -2037, 406, 1341, 640, -658, -1793, 628, 2109, -1098, -1534, 1435, 1064, -1173, -1991, 766, 3804, -929, -4089, 1270, 489, -479, 7063, -2211, -16834, 6057, 25819, -8961, -29411, 8930, 24676, -13660, -11752, 42614, -7700, -96755, 17426, 142310, 27409, -152639, -133034, 137796, 222023, -119264, -211745, 105964, 109105, -96761, -3213, 68935, -5551, 29310, -133659, -201743, 347656, 356135, -460283, -392749, 360697, 315647, -117657, -223571, -109645, 224960, 208080, -320321, -171158, 388713, 87725, -325414, -57166, 163901, 87736, -9223, -118420, -101154, 116628, 166756, -90768, -176498, 66241, 125934, -62137, -46512, 75161, -7295, -84700, 8501, 92138, 12333, -128603, 1863, 194127, -62505, -236925, 115051, 212742, -102668, -128729, 27865, 20260, 56882, 81088, -96643, -151134, 70443, 171618, -620, -137827, -65639, 62486, 89036, 24898, -58597, -89349, -8639, 110365, 79968, -89983, -123018, 46141, 120210, -2569, -74848, -20979, 5860, 14864, 61703, 18224, -103694, -63318, 104912, 98340, -67438, -104764, 11245, 77273, 36493, -26616, -56766, -26414, 48040, 62505, -24109, -73079, 3056, 61955, 3449, -40124, 5940, 18748, -24776, -4509, 44068, -1164, -56601, 507, 58867, 2346, -51095, -3074, 36398, -400, -19604, 6622, 5716, -12024, 2378, 13856, -5537, -12073, 6960, 9106, -8385, -8054, 8172, 10228, -2837, -13841, -9387, 15277, 26184, -12125, -41818, 5290, 50146, 1469, -47609, -3615, 34654, -1884, -15465, 15210, -3838, -33237, 17526, 49993, -22121, -58568, 17882, 54282, -9208, -37289, 2774, 13066, -3715, 9612, 12732, -22236, -25818, 20514, 36318, -6470, -38064, -12717, 28253, 28441, -8948, -34639, -13691, 29912, 32162, -17616, -40670, 4144, 37456, 4064, -25390, -3415, 10619, -5338, 422, 17831, -3938, -28373, 206, 32554, 6974, -28948, -12440, 19275, 12277, -7528, -5385, -1634, -6486, 4890, 19772, -1629, -30422, -6080, 35275, 14990, -33085, -22240, 24855, 26220, -13346, -26711, 1919, 24657, 6820, -21511, -11781, 18282, 13330, -15180, -12478, 12119, 10265, -9201, -7597, 6799, 5431, -5358, -4622, 5125, 5558, -5771, -7965, 6319, 11061, -5574, -13883, 2851, 15524, 1531, -15341, -6268, 13303, 9518, -9902, -9673, 5704, 6277, -1211, -314, -2859, -6339, 5496, 11902, -5845, -15295, 3659, 16262, 545, -15059, -5693, 12189, 10612, -8318, -14396, 4173, 16577, -363, -17196, -2591, 16888, 4158, -16687, -4009, 17697, 2231, -20628, 703, 25446, -3948, -31350, 6398, 37162, -7132, -41716, 6071, 44049, -4146, -43526, 2855, 40069, -3381, -34490, 5940, 28611, -9770, -24541, 13445, 23694, -15222, -26296, 13786, 31466, -8939, -37506, 2264, 42126, 3754, -43029, -7594, 39174, 9488, -31691, -10168, 23280, 9601, -16752, -7418, 14136, 3639, -16166, 597, 22355, -3351, -31085, 3073, 39582, 714, -44643, -7640, 44361, 16585, -39221, -25257, 31313, 30688, -22763, -30771, 14553, 25696, -6722, -17964, -575, 10747, 6699, -6008, -11095, 3946, 13880, -3471, -15493, 3193, 16091, -1919, -15078, -834, 11465, 4411, -4598, -7155, -5061, 7365, 15703, -4336, -24719, -1408, 29861, 8395, -30445, -14815, 27683, 19125, -24214, -20362, 22947, 18411, -25498, -14215, 30983, 9635, -36137, -6524, 37100, 5841, -31393, -7312, 18952, 9660, -1913, -11396, -16367, 12028, 32620, -12721, -44754, 15617, 52422, -21996, -56828, 30896, 60047, -39853, -63408, 45841, 66390, -45437, -67271, 35874, 64416, -17365, -56575, -5939, 43134, 28114, -25141, -44003, 5595
1791219448.079, MrmDetectionListInfo, 638, 289, 41, 4326, 42, 7952, 43, 11724, 44, 14924, 45, 17363, 46, 18913, 47, 19325, 48, 18604, 49, 17426, 50, 17310, 51, 20380, 52, 28430, 53, 41672, 54, 58063, 55, 65535, 56, 65535, 57, 65535, 58, 65535, 59, 65535, 60, 65535, 61, 65535, 62, 65535, 63, 65535, 64, 65535, 65, 65535, 66, 65263, 67, 39891, 68, 26543, 69, 31796, 70, 65115, 71, 65535, 72, 65535, 73, 65535, 74, 65535, 75, 65535, 76, 65535, 77, 65535, 78, 65535, 79, 65535, 80, 65535, 81, 65535, 82, 65535, 83, 65535, 84, 65535, 85, 65535, 86, 65535, 87, 65535, 88, 65535, 89, 65535, 90, 65535, 91, 65535, 92, 62204, 93, 65535, 94, 65535, 95, 65535, 96, 65535, 97, 65535, 98, 65535, 99, 65535, 100, 65535, 101, 65535, 102, 54407, 103, 43657, 104, 41633, 105, 45255, 106, 50191, 107, 55088, 108, 61654, 109, 65535, 110, 65535, 111, 65535, 112, 65535, 113, 65535, 114, 65535, 115, 65535, 116, 65535, 117, 65535, 118, 46819, 120, 41509, 121, 65535, 122, 65535, 123, 65535, 124, 65535, 125, 65535, 126, 65535, 127, 65535, 128, 65535, 129, 65535, 130, 64836, 131, 52591, 132, 49458, 134, 65535, 135, 65535, 136, 65535, 137, 65535, 138, 65535, 139, 65535, 140, 65535, 141, 47503, 147, 58004, 148, 65535, 149, 65535, 150, 65535, 151, 65535, 152, 65535, 153, 65535, 154, 52321, 155, 41972, 156, 39144, 157, 39785, 159, 41524, 160, 44737, 161, 48317, 162, 48236, 163, 42845, 199, 17191, 200, 21376, 201, 24355, 203, 26400, 204, 26238, 205, 25541, 206, 24143, 207, 21648, 215, 37325, 216, 40207, 217, 39623, 218, 36683, 219, 32188, 220, 26331, 221, 19383, 228, 25933, 229, 26707, 230, 24944, 231, 22717, 232, 21967, 233, 22964, 234, 24125, 235, 23748, 236, 22101, 237, 21373, 238, 23100, 239, 26325, 240, 28560, 241, 28063, 242, 25125, 243, 21496, 244, 18680, 252, 14183, 254, 17312, 256, 18413, 258, 18569, 259, 15621, 266, 12745, 267, 15609, 268, 17717, 269, 20188, 270, 23158, 271, 25592, 272, 26493, 273, 25798, 274, 24096, 275, 21871, 276, 19230, 277, 16330, 278, 13979, 280, 14354, 281, 15838, 282, 16345, 283, 15683, 284, 14581, 285, 13603, 286, 12681, 287, 11514, 288, 10067, 308, 10878, 318, 8273, 319, 9886, 320, 10162, 321, 9890, 326, 9451, 327, 10416, 328, 10830, 331, 9644, 332, 9252, 333, 8962, 340, 10454, 341, 10733, 342, 11305, 343, 12373, 344, 14182, 345, 16613, 346, 19109, 347, 21141, 348, 22598, 349, 23647, 350, 24378, 351, 24711, 352, 24561, 353, 23986, 354, 23142, 355, 22167, 356, 21141, 357, 20126, 358, 19213, 359, 18507, 360, 18093, 361, 18004, 362, 18228, 363, 18713, 364, 19378, 365, 20115, 366, 20809, 367, 21352, 368, 21668, 369, 21716, 370, 21572, 371, 21576, 372, 22175, 373, 23362, 374, 24464, 375, 24700, 376, 23812, 377, 22123, 378, 20121, 379, 18077, 380, 16038, 381, 14033, 382, 12193, 383, 10680, 384, 9610, 385, 9074, 386, 9227, 389, 15417, 390, 18186, 391, 20130, 392, 21307, 393, 22445, 394, 24260, 395, 26671, 396, 28836, 397, 30051, 398, 30339, 399, 30107, 400, 29518, 401, 28375, 402, 26456, 403, 23776, 404, 20531, 405, 16938, 413, 8520, 414, 8625, 416, 9530, 427, 8823, 428, 11302, 430, 14408, 431, 15416, 432, 17177, 433, 19645, 434, 21782, 435, 22736, 436, 22657, 437, 22256, 438, 21960, 439, 21714, 440, 21382, 441, 21054, 447, 21769, 449, 20002, 450, 18195, 460, 29953, 461, 32996, 462, 36491, 463, 39782, 464, 42712, 465, 45600, 466, 48644, 467, 51632, 468, 54145, 469, 55834, 470, 56465, 471, 55801, 472, 53583, 473, 49635, 474, 44094, 475, 37678, 476, 31740, 477, 28053, 478, 27831, 479, 30037
1791219448.220, MrmFullScanInfo, 639, 107, 2057606, 0, 0, 0, 0, 10000, 39297, 32, 1, 2, 1, 480, -418788, 491374, 423607, -476587, -451823, 445767, 505436, -368633, -519958, 114034, 520131, 339655, -495479, -498940, 370862, 517635, -115044, -520175, -182706, 519338, 322922, -511621, -475049, 480210, 520182, 514249, -151927, -520041, -419834, 496489, 364208, -500081, -438993, 505111, 286308, -517888, -282814, 517776, 207534, -517663, -264792, 515407, 420566, -510057, -518490, 318667, 520192, 377842, -510341, -519003, 203097, 519938, 109052, -520048, -391023, 516044, 487018, -488702, -516065, 386724, 519662, -230107, -520169, 48269, 520135, -71167, -459699, 320877, -238611, -416428, 475210, 496070, -366880, -515149, -304163, 487563, 520192, 101409, -519190, -493467, 476388, 519507, -231936, -520107, 1957, 519958, 244083, -513991, -477549, 431660, 519704, 42771, -520139, -497677, 307380, 520183, 325470, -511230, -505920, 372468, 516492, -156603, -510891, -38896, 128571, 82779, 295634, 19625, -481832, -252972, 448151, 476310, -170528, -485976, -199418, 278042, 400447, 25074, -432909, -368669, 238539, 502136, 74193, -478079, -248613, 381739, 317150, -229680, -291664, 53489, 119686, 42807, 40478, -23014, -108416, -30592, 130364, 109363, -45107, -137549, -111776, 72518, 194260, 48501, -178586, -172869, 97385, 242178, 42513, -208343, -162044, 103267, 189830, 8202, -138949, -92028, 61720, 129263, 21036, -101460, -78564, 54723, 82890, -34547, -58255, 30732, 27165, -55099, -13020, 112142, 33732, -152578, -73830, 151633, 117265, -112684, -100706, 35100, 102377, 49845, -69228, -104921, 26651, 118237, 17731, -101245, -44794, 67272, 40972, -32784, -18123, 12159, -315, -12423, 16999, 26774, -17734, -40186, -7605, 45697, 45755, -35445, -74515, 8417, 93656, 31122, -96501, -60521, 87730, 63230, -64488, -65391, 45540, 58105, -32927, -43444, 23298, 34068, -14925, -28819, 7041, 22457, 4836, -14927, -22090, 14836, 31462, -10373, -34353, 3898, 36799, -1911, -36036, 2049, 30028, -980, -24312, -2107, 21011, 5292, -15963, -13028, 8943, 19271, -2734, -20834, -4265, 17397, 12696, -12208, -15433, 6966, 12882, 591, -7948, -6003, 5352, 8221, -3321, -8951, 6103, 10419, -11620, -9842, 15540, 10565, -15607, -11770, 14319, 11498, -11376, -8332, 6225, 3665, 62, -1052, -2425, -406, 3299, -145, -3014, 4692, 3416, -10097, -6656, 13924, 14767, -14833, -28975, 13669, 32389, -4946, -29731, -5791, 22347, 14025, -9425, -17667, -3953, 15963, 12807, -9438, -16090, 2423, 13377, 286, -7716, -3456, -116, 5541, 5291, -5770, -5897, 4795, 5439, -4144, -4047, 3642, 4181, -1234, -3357, -1156, 5852, 7256, -5569, -14527, 3265, 20295, 552, -20155, -6718, 15729, 14060, -6693, -16332, -4043, 13115, 16268, -5989, -24394, -2922, 29701, 10740, -31783, -14614, 32201, 12154, -31668, -4716, 35045, -3675, -41094, 6350, 45287, -9259, -51153, 6987, 55619, -300, -54829, -8873, 52219, 20646, -46581, -33466, 40460, 44025, -34641, -41087, 30846, 47041, -27116, -50909, 23588, 52031, -21714, -50698, 21062, 48341, -21168, -45510, 22052, 42949, -20504, -53033, 18611, 51254, -9651, -49199, -4682, 45045, 20381, -38681, -31996, 29096, 35591, -17639, -30768, 9685, 15711, -9009, 6404, 12901, -27264, -22508, 42886, 34938, -50791, -43998, 48885, 44532, -41652, -35035, 33113, 17093, -27567, 201, 26375, -14113, -29091, 20527, 33091, -19006, -33464, 12311, 28430, -5801, -16717, 564, 458, -1023, 17175, 3002, -33737, -4006, 36127, 2650, -30565, 2185, 20206, -9080, -9718, 16004, 3974, -16590, -2533, 12582, 5703, -2469, -5722, -8347, 8681, 18433, -10700, -24106, 12458, 25241, -14318, -21277, 18150, 13661, -22509, -4655, 26188, -10408, -29220, 15678, 26466, -19061, -20771, 21024, 11138, -21116, -1728, 19510, -7317, -15244, 14520, 6614, -20096
1791219448.220, MrmFullScanInfo, 639, 107, 2057606, 0, 0, 0, 0, 10000, 39297, 32, 2, 2, 1, 480, 0, 0, 0, 0, 0, 0, 168621, -228144, -313020, 478792, 362686, -535418, -380881, 348450, 435586, -30847, -508111, -256566, 507249, 432714, -371006, -522782, 133276, 580018, 111460, -566971, -280292, 390577, 324882, -44902, -239091, -340802, 68384, 614122, 96826, -726356, -184854, 713513, 188628, -643518, -144279, 574577, 108108, -539921, -122707, 538151, 193797, -501863, -300334, 343896, 411080, -65080, -470687, -232186, 407731, 454192, -207206, -589368, -52215, 655899, 265903, -653230, -384958, 571105, 433096, -430493, -454139, 304671, 420267, -261098, -244835, 285823, -75631, -310050, 363294, 315503, -402840, -323081, 165464, 297941, 192811, -174606, -483354, -39377, 597248, 262047, -513750, -434788, 284532, 549031, -5027, -585827, -239251, 488451, 406257, -235452, -462345, -99463, 366118, 396160, -128551, -567758, -151924, 579099, 347771, -444798, -374154, 230988, 214190, -31912, 63029, -63654, -322809, 15654, 438484, 134276, -357572, -280428, 122612, 315191, 153229, -194609, -343320, -38328, 371686, 286274, -248092, -454896, 53180, 493639, 114873, -405137, -191185, 238576, 165150, -68384, -72716, -39411, -29108, 58407, 88387, -9858, -76789, -55059, 2674, 83372, 91660, -47342, -154446, -40832, 152243, 136864, -84548, -191716, -16603, 179370, 104141, -107409, -142752, 9367, 124690, 74114, -67276, -116669, 743, 117111, 46122, -93826, -59199, 71407, 44242, -68838, -20001, 90742, 6232, -124426, -11675, 146304, 32105, -135232, -57460, 85842, 78234, -13256, -86049, -56120, 74588, 100438, -46043, -111686, 12364, 95009, 11940, -63388, -19020, 32189, 10827, -13332, 3450, 10906, -11790, -20993, 5202, 34753, 17190, -41917, -48464, 35231, 78857, -15434, -99555, -9328, 104832, 30057, -94629, -41996, 74808, 44659, -53115, -40233, 34681, 32606, -20777, -25245, 9560, 20170, 1622, -18224, -13262, 18674, 23452, -19287, -30356, 18321, 33533, -15930, -33155, 12885, 29889, -9319, -25198, 4877, 20569, 793, -16563, -7485, 12864, 13920, -8603, -18202, 3035, 19248, 3344, -17108, -8602, 12314, 11061, -5738, -10786, -1030, 9329, 6213, -8594, -8765, 9810, 8733, -12744, -7135, 15855, 5473, -17539, -4691, 17000, 4492, -14042, -4058, 9040, 3162, -3260, -2253, -1467, 1997, 3893, -3009, -4133, 5644, 3680, -9626, -4990, 14200, 9743, -18144, -16929, 19465, 23338, -16114, -25925, 7885, 23422, 2790, -16279, -12164, 6410, 17127, 3346, -16707, -10223, 12200, 12480, -5847, -10088, -479, 4927, 5496, 255, -8281, -3455, 8624, 4391, -7128, -4008, 4727, 3574, -1941, -3980, -1383, 5328, 5706, -6907, -10889, 7486, 15650, -5772, -18126, 1172, 16974, 5324, -11758, -11266, 2913, 14202, 8209, -13099, -19516, 8744, 28883, -3347, -34883, -307, 37266, 89, -37140, 4270, 36424, -11084, -36867, 17793, 39314, -22135, -43434, 22653, 48006, -18616, -51553, 10113, 53213, 1869, -53021, -14827, 51426, 25649, -48727, -32819, 45228, 37172, -41636, -40078, 38749, 41726, -36875, -41713, 35819, 40023, -35074, -38002, 34275, 37592, -33092, -39357, 30343, 42019, -23924, -44058, 12720, 44857, 1552, -43670, -14925, 39464, 23122, -32072, -23004, 22978, 13470, -14690, 3879, 9651, -24905, -9290, 44339, 13152, -57551, -18523, 61877, 21407, -57372, -18604, 46759, 9546, -34371, 3416, 24504, -16286, -19599, 25250, 19279, -28087, -20698, 24796, 20050, -17296, -14404, 8382, 2972, -326, 12064, -5862, -25826, 10136, 33054, -12717, -31242, 14070, 22114, -14687, -10271, 14616, 788, -13232, 3221, 9709, -1553, -3712, -3916, -4025, 10755, 11680, -16948, -17057, 21325, 18472, -23760, -15300, 24805, 7768, -24963, 2899, 24135, -14174, -21824, 22964, 17642, -27259, -11556, 27061, 4001, -23473, 4121, 17541, -11575
1791219448.220, MrmFullScanInfo, 639, 107, 2057606, 0, 0, 0, 0, 10000, 39297, 32, 4, 2, 1, 480, 0, 0, 0, 0, 0, 0, 345, 520, -900, -807, 1028, 591, -684, -298, 225, 236, -373, -221, 819, -12, -631, 190, -234, -105, 860, 107, 258, -659, -3620, 1853, 7504, -3029, -8655, 3081, 5816, -1674, -420, -544, -6427, 3120, 16290, -6471, -28892, 10376, 37174, -15714, -32546, 46587, 8955, -121250, 16300, 206472, 12076, -246307, -139310, 233485, 302375, -201124, -365262, 169960, 271505, -164368, -91120, 216822, -59272, -320832, 85750, 425932, 10791, -479929, -112668, 438014, 103678, -288843, -20611, 96565, -4006, 63711, -72061, -189913, 182001, 291675, -234956, -322784, 199251, 247017, -115899, -116632, 50111, 19531, -27461, 9768, 28354, 2088, -35922, -9561, 52998, -5822, -79303, 26030, 97482, -27887, -89219, 5663, 43992, 31310, 43904, -70921, -156832, 99042, 240031, -93405, -241910, 45082, 158927, 16781, -29285, -38843, -94807, -16530, 164532, 134264, -145610, -250708, 37823, 302906, 112882, -269611, -233358, 171324, 271469, -47942, -226326, -58022, 135427, 115948, -44182, -117155, -15786, 74890, 32670, -15527, -10504, -32419, -34649, 47806, 77784, -25589, -94189, -20697, 71904, 65905, -18359, -86425, -43492, 73077, 89057, -34936, -106079, -8812, 97765, 41553, -76024, -57450, 52546, 61576, -33651, -63913, 20126, 72402, -9419, -89412, -2533, 111723, 19775, -131705, -41503, 138756, 62435, -123491, -78569, 85106, 89273, -34411, -93548, -12937, 88643, 46079, -74554, -62423, 55000, 65554, -34212, -61648, 14459, 56367, 3238, -52720, -17760, 51006, 28308, -50182, -35182, 48905, 39252, -45523, -41326, 38475, 42459, -27926, -43591, 16209, 44614, -5846, -44531, -2488, 42687, 9423, -39272, -14967, 34375, 18141, -27790, -17595, 19559, 12880, -10646, -5169, 3007, -3236, 1418, 9968, -1908, -13266, -683, 12348, 4584, -7845, -7740, 1750, 8321, 3177, -5501, -4500, 205, 1306, 5048, 5315, -7458, -12725, 5669, 17894, -463, -18532, -5868, 13952, 11033, -5165, -13872, -5507, 14606, 15189, -14261, -21348, 13806, 22632, -13571, -19155, 13131, 12153, -11655, -3437, 8295, -5100, -2756, 11856, -3971, -15839, 9700, 16837, -12238, -15140, 10866, 11125, -6656, -5204, 1814, -1823, 1142, 8712, -581, -13927, -3141, 15845, 7859, -13279, -11034, 6515, 11078, 2234, -7648, -9703, 1652, 13186, 4960, -11890, -9929, 6950, 11765, -290, -10475, -6384, 7355, 11938, -3956, -15760, 1175, 17733, 1180, -17892, -4052, 16282, 8353, -12768, -14133, 6900, 20337, 1637, -25076, -12065, 26131, 22190, -21837, -29290, 12283, 31195, 121, -26897, -11508, 16976, 18317, -3613, -18766, -10075, 13396, 21206, -4732, -28048, -3647, 30462, 8496, -29744, -8512, 27819, 4726, -26429, 741, 26611, -6014, -28403, 9800, 30959, -11091, -33074, 9375, 34012, -4834, -33813, -1314, 33064, 7349, -32285, -12424, 31540, 17116, -30639, -22307, 29467, 27817, -28020, -32529, 26222, 35329, -23909, -36305, 21231, 36553, -18678, -36700, 16334, 36264, -13342, -34577, 8681, 31665, -2402, -27658, -4092, 22699, 8589, -17457, -8722, 13140, 2828, -10698, 9004, 10475, -24452, -12449, 39696, 16164, -50812, -20211, 55048, 22371, -51574, -20846, 41629, 15570, -28184, -8238, 15051, 1144, -5294, 3990, -47, -6479, 2141, 6700, -3391, -5800, 6237, 4991, -12341, -4649, 21534, 4044, -31126, -1976, 37073, -2198, -36532, 8299, 29761, -15224, -19751, 21050, 10724, -23393, -6017, 20446, 6638, -12006, -11137, -339, 16673, 13974, -20466, -26279, 20923, 35034, -18093, -38567, 13237, 35970, -8003, -27547, 3629, 15077, -555, -1400, -1463, -10423, 2931, 17938, -4194, -19659, 5426, 15205, -6668
1791219448.220, MrmDetectionListInfo, 639, 290, 41, 4240, 42, 8124, 43, 12167, 44, 15928, 45, 19544, 46, 22933, 47, 25712, 48, 28117, 49, 31472, 50, 37961, 51, 50403, 52, 65535, 53, 65535, 54, 65535, 55, 65535, 56, 65535, 57, 65535, 58, 65535, 59, 65535, 60, 65535, 61, 65535, 62, 65535, 63, 65535, 64, 65535, 65, 65535, 66, 65535, 67, 65535, 68, 65535, 69, 65535, 70, 65535, 71, 65535, 72, 65535, 73, 65535, 74, 65535, 75, 65535, 76, 65535, 77, 65535, 78, 37156, 79, 27896, 80, 55683, 81, 65535, 82, 65535, 83, 65535, 84, 65535, 85, 65535, 86, 65535, 87, 65535, 88, 65535, 89, 65535, 90, 65535, 91, 43529, 92, 20154, 93, 12698, 94, 15039, 95, 18958, 96, 20370, 97, 21474, 98, 25619, 99, 32585, 100, 40523, 101, 49154, 102, 57985, 103, 63658, 104, 61811, 105, 51340, 108, 34412, 109, 56003, 110, 65535, 111, 65535, 112, 65535, 113, 65535, 114, 65535, 115, 65535, 116, 65535, 117, 65535, 118, 48518, 121, 61619, 122, 65535, 123, 65535, 124, 65535, 125, 65535, 126, 65535, 127, 65535, 128, 65535, 129, 65535, 130, 65535, 131, 65535, 132, 65535, 133, 65535, 134, 65535, 135, 65535, 136, 65535, 137, 65535, 138, 65535, 139, 65535, 140, 65006, 141, 51908, 147, 38965, 148, 55908, 149, 63034, 150, 60317, 151, 54871, 152, 52736, 153, 54121, 154, 55138, 155, 54211, 156, 55205, 157, 61512, 158, 65535, 159, 65535, 160, 65535, 161, 61412, 162, 56101, 163, 57440, 164, 62738, 165, 65436, 166, 62082, 167, 55213, 168, 49362, 169, 46329, 170, 44969, 171, 44020, 172, 43729, 173, 45060, 174, 48519, 175, 54340, 176, 62826, 177, 65535, 178, 65535, 179, 65535, 180, 65535, 181, 65535, 182, 65535, 183, 65535, 184, 65535, 185, 65535, 186, 61456, 187, 54417, 188, 52826, 189, 56878, 190, 63343, 191, 65535, 192, 64872, 193, 58825, 194, 52243, 195, 46619, 196, 41288, 197, 35712, 198, 30890, 199, 28738, 200, 30372, 201, 34644, 202, 38793, 203, 40996, 204, 41688, 205, 42220, 206, 43034, 207, 43497, 208, 42964, 209, 41464, 210, 39430, 211, 37155, 212, 34677, 215, 26854, 217, 23526, 220, 25204, 221, 26155, 223, 25381, 224, 24055, 225, 22279, 264, 15425, 265, 17323, 266, 18113, 267, 18168, 268, 17850, 269, 17145, 270, 15858, 271, 13937, 272, 11525, 273, 8897, 281, 13493, 284, 13204, 285, 11486, 286, 9275, 308, 9604, 316, 9386, 317, 9176, 318, 8896, 319, 8998, 320, 9394, 321, 9844, 325, 11724, 326, 12008, 327, 12131, 328, 12163, 329, 12348, 330, 13306, 331, 15722, 332, 19312, 333, 22613, 334, 24264, 335, 24099, 336, 22751, 337, 20644, 338, 17927, 339, 15440, 340, 14633, 341, 15592, 342, 16258, 343, 14798, 344, 12134, 345, 10975, 346, 12452, 347, 14892, 348, 16090, 349, 15797, 350, 15533, 351, 16491, 352, 18306, 353, 19680, 354, 19702, 355, 18500, 356, 16836, 357, 15332, 358, 14260, 359, 13925, 360, 14762, 361, 16707, 362, 18904, 363, 20469, 364, 21241, 365, 21572, 366, 21667, 367, 21365, 368, 20488, 369, 19202, 371, 17591, 372, 18347, 373, 20023, 374, 21743, 375, 22868, 376, 23541, 377, 24292, 378, 25367, 379, 26587, 380, 27692, 381, 28603, 382, 29365, 383, 29957, 384, 30271, 385, 30223, 386, 29850, 387, 29280, 388, 28648, 389, 28033, 390, 27449, 391, 26855, 392, 26157, 393, 25236, 394, 23976, 395, 22314, 396, 20255, 397, 17944, 398, 15831, 399, 14526, 400, 14206, 410, 19371, 411, 24092, 412, 28332, 413, 32124, 414, 35338, 415, 37597, 416, 38531, 417, 38001, 418, 36074, 419, 32911, 420, 28712, 421, 23759, 422, 18433, 423, 13151, 438, 13675, 440, 17613, 447, 19941, 462, 26883, 463, 27238, 465, 26885, 466, 25236, 467, 22435, 468, 18974, 469, 15247
1791219448.329, MrmFullScanInfo, 640, 107, 2057731, 0, 0, 0, 0, 10000, 39297, 32, 1, 2, 1, 480, -422408, 492455, 420269, -481321, -456541, 448440, 506759, -366317, -519870, 114586, 520159, 338076, -496153, -497790, 369904, 517744, -113550, -520192, -175978, 519540, 322077, -512009, -476851, 481957, 520192, 513958, -166069, -520069, -408665, 498764, 362212, -499731, -438976, 504946, 279248, -517917, -282057, 517374, 215985, -517637, -287236, 516961, 430389, -507978, -515907, 369983, 520192, 184339, -519665, -512367, 383763, 519742, -58769, -520040, -299034, 519120, 467336, -504533, -513208, 426286, 518951, -275411, -520192, 50437, 520155, 78588, -519503, -281788, 501349, 423445, 157081, -339014, -514805, 123825, 353703, -209588, 175190, 410966, -440976, -509509, 401013, 519909, -180746, -520133, -35178, 519708, 296580, -509933, -488961, 420275, 519897, -55727, -520192, -389012, 510683, 518309, -211060, -519082, -218392, 515945, 445653, -465357, -498491, 266268, 402964, -59844, -21544, -23415, -324646, -123239, 463687, 403284, -385849, -514710, 38895, 516447, 344227, -430505, -514513, 111113, 519817, 279771, -444662, -461606, 186524, 483267, 62386, -445785, -220169, 304962, 257742, -122616, -204430, 872, 116742, 52717, -11412, -42125, -32316, -6631, -17698, 35795, 94007, -5131, -138085, -61077, 148376, 141742, -89796, -172457, -8288, 143077, 82525, -75880, -99355, 255, 82417, 45901, -50972, -41283, 20504, 4644, -23848, 12438, 53944, -21049, -84262, 13718, 96751, 22871, -84077, -65185, 41179, 88861, 31547, -84896, -84632, 40440, 121646, 23314, -116759, -79720, 73983, 96945, -5732, -76239, -58019, 29743, 86493, 26026, -79043, -68505, 47190, 85569, -3801, -67558, -30359, 32267, 35912, 10087, -13616, -43053, -17183, 51417, 48721, -33169, -67925, 7355, 60679, 22047, -35645, -42263, 7406, 51824, 14200, -50942, -25006, 52002, 26624, -57230, -21037, 60863, 17053, -63770, -10246, 68786, 13128, -63335, -16639, 49609, 23755, -31901, -25335, 14869, 18152, 1791, -5008, -11626, -7286, 9995, 16512, -5991, -16481, -4144, 5425, 13985, 10988, -20311, -24919, 19355, 36442, -13939, -43504, 9108, 43625, -6628, -35426, 8835, 27594, -10166, -19929, 13331, 13859, -15186, -11571, 15867, 14983, -15203, -17606, 12564, 18368, -7849, -16757, 6865, 19659, -6433, -21227, 7344, 24311, -7058, -28137, 8185, 31223, -6807, -33773, 3400, 36216, 750, -41763, -2229, 36402, 5390, -26312, -7462, 16773, 5817, -7068, -2957, -2099, 1324, 9000, 71, -13819, -1439, 18217, -2754, -18791, 1851, 15223, 743, -9839, -3630, 3900, 5643, 6063, -6689, -16647, 7211, 24951, -6454, -26919, 4281, 24827, 50, -16912, -3213, 5722, 5619, 2287, -3608, -7623, -1394, 10384, 7079, -9203, -9203, 4404, 10132, 957, -9371, -3828, 7199, 3441, -6985, 2630, 11182, -12418, -17451, 22893, 27547, -30489, -38387, 31026, 45726, -29853, -50809, 25660, 53403, -22630, -51808, 21243, 47032, -22987, -41406, 25336, 37422, -27791, -33889, 34676, 30676, -31166, -31584, 26317, 34186, -18727, -35082, 10816, 36627, -2011, -36737, -6289, 36853, 14122, -35211, -29324, 36358, 33997, -33782, -36011, 30876, 34817, -29021, -30391, 30610, 23637, -34164, -15015, 38638, 6224, -41952, 3833, 43457, -8395, -42394, 12807, 37763, -19506, -30366, 29233, 23548, -40489, -20342, 48701, 24554, -50516, -37404, 37435, 58023, -13527, -69833, -18695, 72062, 54419, -62716, -83333, 43563, 98833, -22228, -99017, 5435, 86179, 2343, -63813, 298, 44391, -12875, -31969, 27786, 28244, -35382, -31177, 30785, 36904, -12639, -39861, -14329, 34816, 40539, -16778, -52092, -715, 54426, 14219, -45720, -17107, 30149, 7677, -16073, 10051, 6835, -30243, -5793, 46638, 13248, -54275, -27554, 51689, 40889, -40229, -46858, 21558, 42050, -743, -26498, -14842, 5906, 22644, 13827, -21510, -25910
1791219448.345, MrmFullScanInfo, 640, 107, 2057731, 0, 0, 0, 0, 10000, 39297, 32, 2, 2, 1, 480, 0, 0, 0, 0, 0, 0, 169098, -229183, -313824, 480588, 363479, -536961, -381402, 349386, 435787, -31479, -507890, -256112, 506965, 432483, -371529, -522565, 134860, 579658, 109730, -566818, -280229, 391241, 328241, -46753, -246086, -337919, 76669, 611094, 90216, -724271, -180769, 712624, 186709, -643432, -145856, 575542, 115232, -542852, -133996, 545857, 203414, -527755, -299736, 400853, 404351, -145082, -486432, -152365, 476504, 388202, -321065, -537746, 60648, 625055, 192980, -654054, -355741, 602373, 427281, -464451, -459275, 272109, 494793, -72263, -504461, -102441, 400604, 238436, -156000, -332453, -97920, 385098, 161435, -395466, 21579, 366913, -301183, -324048, 467762, 314278, -424539, -370838, 217517, 477046, 40144, -558360, -255813, 514375, 405113, -302406, -500840, -6638, 517637, 290859, -398806, -484885, 151060, 585818, 121668, -589102, -289851, 480814, 279579, -287177, -103661, 98615, -150238, -17338, 357671, 80671, -411431, -241653, 277135, 403432, -17678, -459644, -253733, 346969, 443530, -97174, -501324, -182775, 417979, 389751, -233870, -472455, 28133, 429523, 125343, -297806, -190229, 138106, 171966, -9516, -107159, -54260, 44901, 54172, -21585, -20370, 43418, -5915, -88820, -2776, 124336, 44980, -122947, -95553, 79216, 124266, -12167, -114533, -48930, 72490, 82738, -22432, -84778, -10431, 66551, 15945, -47683, -856, 43130, -19099, -53938, 27607, 69186, -14813, -73796, -17182, 56885, 54408, -17424, -77723, -34730, 72860, 82800, -39254, -109044, -8840, 101149, 50724, -59583, -69924, -141, 60481, 54464, -27551, -83858, -14984, 81246, 49955, -53210, -63973, 15895, 52487, 12979, -21115, -22371, -16503, 11372, 44643, 12439, -52883, -36919, 39996, 50732, -12546, -48906, -19043, 34555, 45120, -15570, -60936, -22, 67350, 7510, -68071, -6590, 66704, 598, -65248, 5675, 63503, -8075, -59547, 4684, 51612, 2966, -39463, -10527, 24220, 13541, -8206, -10285, -5234, 2487, 12802, 5749, -12651, -9899, 5120, 7417, 7081, 1074, -19347, -12820, 27397, 24666, -29605, -33605, 27416, 37159, -23485, -34496, 19873, 27136, -17495, -18124, 16439, 10637, -16425, -6836, 17015, 7005, -17494, -9542, 17057, 12497, -15522, -14954, 13732, 17013, -12778, -19066, 13112, 21372, -14396, -23988, 15722, 26829, -16014, -30083, 14861, 33632, -12749, -35925, 10081, 34685, -6704, -28998, 2795, 20060, 733, -9859, -3112, 144, 4301, 7944, -4952, -13795, 5826, 16942, -6810, -17042, 6716, 14418, -4475, -9888, 357, 3922, 4543, 3433, -9212, -11505, 12875, 18506, -14601, -22348, 13498, 21769, -9390, -16971, 3400, 9560, 2171, -1694, -4909, -4938, 3867, 9314, -110, -10694, -4347, 8964, 7873, -5225, -9734, 1723, 10153, -1031, -10065, 4964, 10656, -13576, -12907, 24786, 17293, -35315, -23529, 42357, 30600, -44866, -37068, 43719, 41399, -40827, -42351, 38042, 39692, -36372, -34505, 36262, 28466, -37452, -23080, 38645, 19735, -38055, -19507, 34767, 22370, -29183, -27015, 22149, 31842, -14386, -35758, 5922, 38633, 3398, -41007, -12681, 42988, 19967, -43784, -23675, 42818, 23564, -40805, -19977, 39146, 13372, -38668, -4377, 39035, -5760, -39189, 15194, 38136, -22448, -35222, 27546, 30054, -31951, -22764, 37147, 14779, -43326, -9121, 48816, 9783, -50561, -19476, 45443, 37076, -31390, -57284, 8300, 73214, 21141, -79719, -51303, 75219, 75211, -61961, -87079, 44878, 84672, -29691, -70367, 21066, 50170, -20799, -31093, 26637, 18596, -32885, -15154, 33108, 19768, -23333, -28070, 4310, 34010, 18810, -32982, -39052, 24625, 50613, -13017, -50788, 4131, 40551, -2661, -24134, 9921, 7558, -23571, 3380, 39000, -5067, -51264, -2383, 56516, 15006, -52614, -26707, 39612, 32077, -20162, -28564, -859, 17257
1791219448.345, MrmFullScanInfo, 640, 107, 2057731, 0, 0, 0, 0, 10000, 39297, 32, 4, 2, 1, 480, 0, 0, 0, 0, 0, 0, 614, -821, -1161, 1446, 1203, -1285, -795, 840, 274, -611, 115, 444, 13, -277, -807, 314, 1590, -440, -1503, 271, 272, 300, 1769, -1011, -3719, 1580, 4412, -1694, -3902, 1321, 3846, -1099, -4965, 1523, 6088, -2064, -6219, 1852, 5669, 820, -5220, -6493, 5161, 6040, 43, 8372, -11472, -27565, 9781, 37429, 18341, -38499, -50648, 45955, 51614, -74663, -15249, 125622, -29157, -168122, 30449, 136928, 83592, 9684, -319093, -237058, 537126, 460471, -541465, -632455, 303063, 751368, -17929, -788417, -119679, 684757, 104936, -444602, -57618, 175771, 45987, 5258, -51142, -63101, 40561, 37295, -12053, 16618, -9906, -59367, -21012, 81496, 121879, -90397, -232645, 70393, 268984, 10334, -211738, -134828, 109034, 224406, -10368, -215311, -53266, 120772, 58694, -10177, -5237, -48540, -69796, 20694, 112835, 86022, -95332, -213773, 19234, 283094, 97408, -256614, -213946, 157894, 271982, -31770, -236739, -85151, 124018, 161548, 17996, -174084, -136247, 122007, 193318, -32441, -179908, -51473, 115816, 92656, -39150, -78393, -12696, 25114, 21008, 33276, 8179, -65508, -51121, 58973, 80462, -22688, -79482, -22905, 48267, 59186, 450, -77804, -50010, 80808, 87163, -75215, -106086, 68118, 108457, -64405, -100160, 65149, 87122, -66031, -71900, 59457, 52186, -40277, -24631, 10666, -9196, 19698, 41397, -39145, -61890, 41776, 63486, -30972, -44568, 16369, 10387, -7595, 28211, 9865, -58702, -22344, 71762, 38771, -64340, -50111, 40110, 48699, -7712, -32024, -22532, 4047, 42573, 26423, -49751, -48693, 46792, 54711, -38963, -43284, 31164, 20353, -26146, 5425, 23751, -27515, -21418, 42814, 16322, -51078, -6773, 53505, -6719, -51366, 20805, 45797, -30630, -37922, 33203, 28554, -29555, -17970, 23520, 6670, -19172, 3663, 18608, -10393, -20931, 11058, 22842, -4755, -20628, -6997, 12290, 20512, 1451, -31402, -17496, 36621, 31706, -35643, -40505, 30564, 42203, -24685, -37644, 20515, 29920, -18732, -22826, 18593, 18970, -18711, -18933, 17667, 21600, -14687, -24903, 10282, 26901, -5958, -26769, 3300, 25094, -2986, -23258, 4540, 22467, -6704, -23046, 7953, 24276, -7121, -24880, 4047, 23723, 161, -20142, -3703, 14230, 5075, -7098, -3688, 560, 112, 3992, 4007, -6334, -6673, 7335, 6522, -8178, -3549, 9503, -727, -11029, 3970, 11824, -4310, -10697, 1381, 6557, 3858, 894, -9813, -10448, 14845, 19465, -17518, -25029, 16986, 25386, -13459, -20714, 8269, 12974, -3318, -4957, 233, -1000, 563, 3890, -235, -3871, 660, 1863, -3022, 695, 7192, -2077, -11929, 858, 15518, 3440, -16536, -9995, 14555, 16895, -10220, -22072, 4881, 24429, -50, -24475, -3075, 24101, 3788, -25636, -1849, 30724, -2325, -39484, 7574, 50275, -12319, -60282, 15055, 66925, -14654, -68976, 10931, 66525, -4933, -60204, -1527, 50898, 6876, -39796, -10406, 28348, 12455, -18060, -14214, 10296, 17206, -6014, -22608, 5549, 30699, -8410, -40509, 13282, 49941, -18387, -56297, 22492, 56968, -25307, -50424, 27222, 37201, -29219, -19799, 32878, 1526, -39433, 14410, 48214, -24990, -56275, 27567, 59423, -20388, -54036, 3917, 38680, 17961, -14421, -38791, -15637, 52582, 46815, -56658, -73334, 52328, 89745, -43749, -92648, 35865, 82005, -32140, -61537, 33320, 37803, -37531, -17847, 41273, 6575, -40722, -5486, 33083, 12731, -17866, -23588, -2473, 32107, 23186, -33916, -38819, 28509, 45035, -19089, -40079, 10404, 25385, -6368, -5181, 8488, -14718, -15206, 28406, 23175, -31540, -29404, 23359, 32091, -7383, -29797, -10200, 21307, 23414, -7217, -28632, -9055, 25482
1791219448.345, MrmDetectionListInfo, 640, 320, 55, 13729, 56, 20806, 57, 25140, 58, 27038, 59, 30092, 60, 36998, 61, 46274, 62, 53676, 63, 56716, 64, 57358, 65, 61192, 66, 65535, 67, 65535, 68, 65535, 69, 65535, 70, 65535, 71, 65535, 72, 65535, 73, 65535, 74, 65535, 75, 65535, 76, 65535, 77, 65535, 78, 65535, 79, 65535, 80, 65535, 81, 65535, 82, 65535, 83, 65535, 84, 65535, 85, 65535, 86, 65535, 87, 65535, 88, 65535, 89, 47912, 90, 30070, 91, 30776, 92, 44066, 93, 51523, 94, 39947, 95, 18326, 97, 17712, 98, 39820, 99, 61688, 100, 65535, 101, 65535, 102, 65535, 103, 65535, 104, 65535, 105, 65535, 106, 65535, 107, 65535, 108, 65535, 109, 65535, 110, 65535, 111, 65535, 112, 65535, 113, 65535, 114, 65535, 115, 58668, 119, 56834, 120, 65535, 121, 65535, 122, 65535, 123, 65535, 124, 65535, 125, 65535, 126, 65535, 127, 65535, 128, 65535, 129, 65535, 130, 65535, 131, 65535, 132, 65535, 133, 65535, 134, 65535, 135, 65535, 136, 65535, 137, 65535, 138, 65535, 139, 65535, 140, 65535, 141, 65535, 142, 65535, 143, 65535, 144, 65535, 145, 65535, 146, 65535, 147, 64535, 148, 41826, 153, 34410, 154, 46327, 155, 58905, 156, 65535, 157, 62787, 158, 53479, 159, 45208, 160, 42116, 161, 42272, 162, 41857, 163, 41912, 165, 63635, 166, 65535, 167, 65535, 168, 65535, 169, 65535, 170, 65535, 171, 65535, 172, 65535, 173, 65535, 174, 65535, 175, 65535, 176, 65535, 177, 65535, 178, 58279, 179, 47988, 186, 50486, 187, 55746, 188, 53447, 189, 47573, 190, 40277, 191, 31118, 195, 17384, 196, 29724, 197, 40891, 198, 48143, 199, 52205, 200, 54308, 201, 54175, 202, 50666, 203, 43361, 204, 33470, 205, 24106, 206, 18765, 207, 18431, 208, 21938, 210, 37622, 211, 46138, 212, 50902, 213, 50961, 214, 47729, 215, 42872, 216, 36943, 217, 29998, 221, 18666, 223, 30610, 224, 32880, 225, 32204, 226, 30638, 227, 29631, 228, 29557, 229, 30465, 230, 32394, 231, 34832, 232, 36560, 233, 36588, 234, 34932, 235, 32243, 236, 28993, 237, 25244, 245, 16702, 246, 16721, 252, 13956, 254, 20285, 255, 26450, 256, 32465, 257, 36072, 258, 37016, 259, 36572, 260, 35704, 261, 34338, 262, 32121, 263, 29232, 264, 26285, 265, 23771, 266, 21795, 267, 20283, 268, 19217, 269, 18639, 270, 18511, 271, 18665, 272, 18885, 273, 19002, 274, 18920, 275, 18593, 276, 18008, 277, 17197, 278, 16248, 279, 15286, 280, 14440, 281, 13813, 284, 13705, 285, 14198, 286, 14818, 287, 15427, 288, 15877, 289, 16028, 290, 15774, 291, 15064, 292, 13912, 293, 12459, 316, 7974, 324, 16265, 325, 19268, 326, 20768, 327, 21267, 328, 21073, 329, 20020, 330, 17917, 331, 14950, 332, 11581, 333, 8229, 350, 8914, 351, 10197, 352, 11818, 353, 13358, 354, 14426, 355, 14923, 356, 14965, 357, 14659, 358, 14034, 359, 13191, 360, 12535, 361, 12594, 362, 13380, 363, 14234, 364, 14593, 365, 14645, 366, 15143, 367, 16716, 368, 19495, 369, 23203, 370, 27370, 371, 31471, 372, 35091, 373, 38015, 374, 40141, 375, 41362, 376, 41571, 377, 40742, 378, 38972, 379, 36462, 380, 33525, 381, 30578, 382, 28106, 383, 26424, 384, 25274, 385, 23904, 386, 21823, 387, 19280, 388, 16888, 389, 15011, 390, 13655, 391, 12776, 392, 12506, 393, 13049, 394, 14493, 395, 16757, 396, 19676, 397, 23078, 398, 26767, 399, 30491, 400, 33956, 401, 36878, 402, 39029, 403, 40251, 404, 40443, 405, 39574, 406, 37695, 407, 34951, 408, 31574, 409, 27861, 410, 24132, 411, 20990, 412, 19934, 413, 22747, 414, 29165, 415, 36230, 416, 40947, 417, 42697, 418, 42533, 419, 41043, 420, 37644, 421, 31951, 422, 25570, 423, 21431, 424, 20894, 425, 23107, 426, 27246, 427, 33724, 428, 42863, 429, 53145, 430, 61674, 431, 65535, 432, 65535, 433, 65535, 434, 65535, 435, 65241, 436, 61259, 437, 56094, 438, 50510, 439, 45034, 440, 39859, 441, 35108, 442, 30993, 443, 27710, 444, 25285, 447, 21258, 449, 19024, 455, 34681, 456, 37183, 457, 36004, 458, 33137, 467, 20283, 468, 25748, 469, 28512, 470, 29127, 471, 28391, 472, 26412, 473, 23138
1791219448.454, MrmFullScanInfo, 641, 107, 2057856, 0, 0, 0, 0, 10000, 39297, 32, 1, 2, 1, 480, -420518, 491583, 419733, -479228, -454076, 446007, 504451, -368628, -520066, 101237, 520101, 337558, -496028, -501287, 368491, 518384, -112106, -520154, -177567, 519688, 323193, -511619, -477219, 480946, 520192, 514578, -157225, -520169, -416311, 497460, 362283, -498352, -440563, 504136, 281993, -518514, -282745, 518262, 217457, -517584, -296868, 516248, 428305, -507368, -516864, 378708, 520192, 115141, -519865, -493498, 445795, 519508, -190187, -519832, -126142, 519870, 323216, -518377, -407207, 513156, 441625, -510946, -375518, 512536, 7286, -510434, 239851, 509496, -264362, -508829, 229594, 512609, 18618, -514909, -472280, 502667, 520161, -94675, -520088, -404574, 515712, 506306, -440968, -517932, 306610, 519383, -170775, -520182, -30503, 519646, 206779, -388578, -142545, -225063, -38934, 496406, 412914, -480626, -500087, 308278, 505405, -58663, -395712, -214434, -31657, 293685, 416874, -183518, -518556, -1365, 517698, 254761, -434911, -320631, 144299, 223200, 74540, -107259, -249527, -95126, 267640, 277929, -121176, -267351, 26271, 188007, 39205, -106285, -85643, -16136, -9363, 50624, 79105, 5159, -64830, -57657, 33521, 102430, 54803, -112114, -184535, 53466, 242303, 44330, -220403, -126598, 151240, 177933, -37925, -146523, -72116, 54591, 110379, 40316, -82233, -105996, 35020, 120211, 14696, -67694, -34214, -4337, 958, 44440, 56784, -57025, -98524, 37703, 104508, 18812, -65021, -65815, -1122, 79466, 75548, -65579, -116744, 21663, 138385, 39519, -122527, -81614, 87252, 91064, -38781, -76277, -1820, 47020, 14490, -15236, -6032, -1353, -5948, 141, 14580, 16262, -13168, -33433, -11060, 44092, 45676, -44174, -69299, 29310, 84014, -93, -83279, -22236, 69715, 35614, -42834, -40534, 23485, 38599, -15109, -31186, 14152, 31139, -18254, -39235, 22527, 47496, -19503, -52912, 11970, 61122, 2196, -57504, -11887, 46902, 24377, -35555, -34250, 25917, 38378, -15521, -39522, 9617, 40371, -7005, -36328, 7307, 34911, -4203, -36006, 942, 36375, 4083, -29446, -12893, 21005, 21720, -11448, -25877, 969, 25746, 9459, -21377, -13432, 13675, 14552, -3455, -12751, -3095, 8391, 7926, -2008, -10349, 35, 10758, -2234, -8445, 6053, 4214, -8336, -4676, 11869, 5663, -11121, -6578, 7112, 8263, -1100, -6871, -6315, 2573, 14284, 2296, -20890, -8270, 19065, 13846, -12881, -16936, 6805, 14364, 702, -7508, -3558, 697, 2349, 6714, 1795, -11942, -5473, 14961, 9262, -16971, -11245, 20116, 10190, -22918, -9221, 24869, 10538, -26220, -14037, 25620, 18943, -20776, -19709, 10248, 16086, 1979, -5478, -14783, -9032, 24146, 22058, -25322, -29688, 20522, 30678, -10775, -24746, -476, 11684, 9969, 996, -13722, -10370, 15430, 13031, -17129, -7499, 21895, -5070, -31179, 19591, 44152, -30407, -59060, 30736, 68991, -28535, -75273, 21292, 75985, -13160, -70823, 5239, 61064, -663, -51079, -3846, 44523, 9274, -41051, -2207, 40669, 8775, -41680, -15063, 41619, 20593, -37809, -24209, 31441, 24696, -26318, -22408, 22539, 18937, -21035, -22768, 24148, 23516, -24356, -25740, 22070, 32377, -18951, -36642, 16480, 35583, -14895, -27112, 12906, 11482, -11864, 6719, 10219, -29743, -4291, 52966, -3437, -74494, 14841, 91328, -25674, -99824, 33365, 100698, -31105, -91806, 16598, 74661, 7860, -46822, -30395, 12694, 46016, 21586, -50142, -49931, 44471, 66098, -34540, -67966, 24468, 60954, -18266, -50135, 18130, 41269, -26568, -40294, 34240, 42391, -37383, -48189, 28832, 54420, -8822, -55928, -18213, 48682, 44338, -25849, -55974, 1760, 57143, 20257, -49078, -33078, 36858, 36993, -22728, -31620, 11423, 21059, -4478, -9028, 3972, -1922, -7633, 7876, 9580, -9936, -10306, 9259, 5410, -8688, -122, 6679, -5474, -6381, 9862, 5431, -11910
1791219448.454, MrmFullScanInfo, 641, 107, 2057856, 0, 0, 0, 0, 10000, 39297, 32, 2, 2, 1, 480, 0, 0, 0, 0, 0, 0, 168453, -228464, -312636, 478555, 362483, -533378, -381473, 344822, 437007, -27278, -509249, -258858, 507332, 433891, -370608, -523195, 133203, 579933, 111306, -566785, -280711, 390701, 326465, -45489, -241849, -339761, 71451, 612755, 94521, -725023, -183541, 712604, 188406, -643341, -147476, 575899, 117592, -543744, -136912, 547459, 205669, -534292, -299168, 418560, 402035, -173888, -495082, -119091, 520443, 353092, -416750, -496226, 197352, 581142, 46136, -636371, -217489, 663990, 259026, -653304, -155115, 595396, -52887, -499541, 267919, 403469, -385385, -355002, 342810, 382585, -151629, -455627, -104803, 467424, 334328, -321440, -500861, 46621, 602996, 224560, -622593, -394569, 541150, 467417, -374101, -491261, 178003, 460282, -22553, -309137, -43162, 18007, 11775, 312365, 89006, -523610, -213151, 522817, 298335, -328704, -279716, 43166, 129238, 206693, 106549, -318838, -334262, 262576, 472013, -95840, -474694, -78002, 338274, 176305, -111222, -168933, -115275, 74022, 256192, 55912, -276127, -158404, 198664, 192892, -84734, -157323, -3065, 81557, 32128, -10038, -11977, -20673, -20209, 1739, 26394, 47132, 12783, -92207, -87925, 102884, 165411, -66212, -207795, -4953, 193720, 77295, -126178, -115436, 31407, 101569, 53060, -44389, -98171, -26148, 96893, 74534, -63690, -79257, 25026, 43593, -5519, 9799, 14078, -52630, -39765, 63627, 61339, -37719, -60723, -11538, 32109, 59636, 16776, -83835, -70074, 73589, 111613, -35098, -129925, -12866, 120346, 50374, -87601, -66105, 45429, 59757, -10208, -39341, -7891, 17060, 8850, -3935, -744, 4981, -4986, -18101, -304, 36159, 17747, -49732, -41420, 51058, 63111, -38386, -75803, 16693, 75611, 6231, -63847, -23892, 46775, 33075, -31897, -34792, 23946, 33337, -23401, -33072, 27048, 36130, -29873, -42182, 28098, 48831, -20698, -52665, 8713, 51590, 5616, -46170, -19320, 38455, 29728, -30481, -35562, 23867, 37055, -19320, -35649, 16341, 33555, -13839, -32248, 10631, 31265, -5468, -29132, -2289, 24980, 11584, -18765, -19878, 10958, 24676, -2648, -24565, -4660, 19666, 9732, -11627, -11867, 2877, 11073, 4534, -8527, -9323, 6278, 10698, -5747, -8791, 6908, 5156, -8840, -1994, 10454, 808, -10660, -1730, 8593, 3759, -3940, -5392, -3011, 5505, 10997, -3709, -17619, 86, 20535, 4727, -18888, -9103, 13649, 11019, -6873, -9277, 935, 4137, 2414, 3002, -2777, -10296, 966, 16342, 1561, -20718, -3315, 23681, 3593, -25617, -3031, 26872, 3133, -27561, -4897, 27032, 7918, -23782, -10506, 16355, 10596, -4553, -6922, -9755, -129, 22912, 8632, -30831, -16070, 30963, 20196, -23404, -19672, 10774, 14662, 2934, -7017, -14104, -137, 21059, 3349, -24424, -38, 26285, -10165, -29018, 24650, 34218, -38791, -42040, 48295, 51152, -51074, -59272, 47512, 64085, -39537, -64144, 29587, 59726, -19604, -52935, 11397, 46506, -6299, -42206, 3949, 40489, -2234, -40850, -741, 41853, 5013, -41640, -9424, 39185, 12604, -34906, -14085, 30475, 14555, -27786, -14938, 27485, 15940, -28457, -18233, 29162, 21988, -28982, -25595, 27847, 25956, -25387, -20449, 20954, 8401, -13991, 8924, 4186, -29113, 8551, 49330, -23727, -66690, 39799, 78798, -53846, -84272, 61724, 83105, -59222, -76220, 44280, 64416, -18861, -47777, -11195, 26349, 38484, -1563, -57043, -22988, 64295, 42481, -61341, -53115, 52016, 54130, -41572, -48126, 34913, 39502, -34404, -32414, 38388, 29587, -41780, -31985, 38859, 38622, -26333, -45949, 5310, 48721, 19187, -42751, -40694, 27813, 54187, -8042, -57621, -10442, 51827, 22520, -39721, -25978, 25375, 21628, -12893, -12280, 4977, 1481, -1985, 7552, 2100, -12807, -2632, 13861, 1601, -11631, 1444, 7768, -5609
1791219448.454, MrmFullScanInfo, 641, 107, 2057856, 0, 0, 0, 0, 10000, 39297, 32, 4, 2, 1, 480, 0, 0, 0, 0, 0, 0, -424, 367, 781, -1421, -574, 3041, -352, -4186, 1315, 3889, -1280, -2493, 318, 1254, 619, -495, -964, 95, 871, 150, -360, -397, -828, 752, 2245, -1011, -2893, 786, 2389, -132, -1195, -405, 12, 517, 25, -132, 1350, -692, -2640, 2783, 1975, -11704, 2084, 26694, -3025, -36391, -14509, 35068, 56688, -32310, -106194, 36844, 137046, -34657, -140833, -3563, 136620, 100487, -176023, -238529, 309489, 353172, -508548, -393378, 639403, 382288, -562930, -389840, 271890, 455747, 74604, -544870, -273265, 559936, 257902, -431661, -147827, 210100, 103774, -31331, -174467, -16937, 299951, -34804, -395022, 81081, 425894, -47726, -428462, -29646, 444811, 57693, -449726, -17021, 384843, -7524, -247005, -60609, 85964, 205982, 53887, -345743, -148090, 405111, 177805, -367313, -148948, 275897, 104734, -197642, -90468, 172887, 112116, -189030, -141018, 194224, 154110, -142498, -150204, 31298, 133186, 103745, -97648, -219647, 39612, 284063, 30831, -280361, -93736, 211717, 126833, -103088, -114924, -6767, 60858, 83059, 13802, -109363, -79394, 91421, 112401, -51085, -105686, 14245, 69414, 1119, -23524, 9063, -12553, -35701, 28262, 62319, -24281, -73587, 9509, 62474, 4473, -32140, -8631, -7057, 636, 42597, 14096, -64352, -26100, 67987, 27730, -56419, -17320, 37636, -995, -19453, 20148, 5723, -33776, 3467, 39382, -9547, -39298, 13726, 38538, -15961, -40774, 14799, 46128, -8579, -51456, -3185, 52178, 18856, -44771, -34563, 28803, 45431, -7467, -47835, -13495, 41277, 28122, -28493, -32669, 14103, 27476, -2604, -16563, -3072, 5378, 2301, 1563, 3273, -2070, -10591, -3529, 16375, 12869, -18286, -22682, 15702, 29956, -9694, -32666, 2312, 30401, 4428, -24373, -9287, 16475, 12205, -8026, -14171, -662, 16508, 9687, -19849, -18676, 23746, 26604, -26695, -32283, 26657, 35047, -22056, -34716, 12671, 31124, 105, -24141, -13929, 14195, 26265, -2674, -35018, -8149, 38833, 15903, -37177, -19197, 30707, 18203, -21445, -14330, 12179, 9593, -5224, -6013, 1597, 4983, -1187, -6814, 3141, 10846, -6114, -15867, 8673, 20474, -9882, -23289, 9725, 23427, -8872, -20888, 8187, 16790, -8414, -12810, 9944, 10047, -12327, -8434, 14135, 7370, -13701, -6308, 10258, 4624, -4196, -1642, -3260, -2831, 10807, 8047, -17441, -12435, 22375, 14340, -25021, -13036, 25367, 9169, -24219, -4278, 22628, -18, -21066, 2616, 19003, -3239, -15309, 2655, 9126, -2287, -535, 3402, -9233, -6279, 18199, 9919, -24214, -12540, 25651, 12656, -22076, -9966, 14812, 5349, -6547, -267, -95, -3706, 3917, 5249, -5423, -3613, 6118, -969, -7502, 7089, 10321, -12600, -14339, 15680, 18522, -15603, -21489, 12737, 22180, -8131, -20341, 3098, 16697, 1387, -12761, -4714, 10257, 6568, -10092, -7109, 11834, 7095, -13980, -7383, 14664, 8172, -12566, -8884, 7605, 8487, -1007, -5948, -5299, 1114, 9508, 4788, -10441, -9435, 7857, 10648, -2523, -7812, -3806, 2331, 8697, 2983, -9711, -5349, 5353, 2859, 4573, 5358, -19162, -18860, 36726, 35461, -54836, -51260, 70571, 61979, -81053, -64677, 84052, 59202, -78739, -48069, 66166, 34756, -48987, -22034, 30519, 11435, -13702, -3613, 272, -1216, 9537, 3148, -16450, -2933, 21454, 2093, -25401, -2302, 28583, 4481, -30500, -8479, 30153, 13445, -26653, -18461, 19839, 22905, -10513, -25893, 262, 26050, 9084, -22145, -15978, 14060, 19704, -2947, -20453, -9382, 18814, 21152, -15172, -30981, 9807, 37990, -3233, -41616, -3849, 41452, 10717, -37328, -16594, 29482, 20487, -18786, -21296, 6760, 18363, 4643, -12067
1791219448.454, MrmDetectionListInfo, 641, 256, 50, 7690, 51, 11439, 52, 15575, 53, 19497, 54, 23400, 55, 28554, 56, 36591, 57, 47916, 58, 61040, 59, 65535, 60, 65535, 61, 65535, 62, 65535, 63, 65535, 64, 65535, 65, 65535, 66, 65535, 67, 65535, 68, 65535, 69, 65535, 70, 65535, 71, 65535, 72, 65535, 73, 65535, 74, 65535, 75, 65535, 76, 65535, 77, 65535, 78, 65535, 79, 65535, 80, 65535, 81, 65535, 82, 65535, 83, 65535, 84, 65535, 85, 65535, 86, 65535, 87, 65535, 88, 65535, 89, 65535, 90, 65535, 91, 65535, 92, 65535, 93, 65535, 94, 65535, 95, 65535, 96, 65535, 97, 65535, 98, 65535, 99, 65535, 100, 65535, 101, 65535, 102, 65535, 103, 65535, 104, 65535, 105, 65535, 106, 65535, 107, 65535, 108, 65535, 109, 65535, 110, 65535, 111, 65535, 112, 65535, 113, 65535, 114, 65535, 115, 65535, 116, 65535, 117, 65535, 118, 65535, 119, 65535, 120, 65535, 121, 65535, 122, 65535, 123, 65535, 124, 65535, 125, 65535, 126, 65535, 127, 65535, 128, 65535, 129, 65535, 130, 65535, 131, 65535, 132, 65535, 133, 65535, 134, 65535, 135, 65535, 136, 65535, 137, 65535, 138, 65535, 139, 65535, 140, 65535, 141, 65535, 143, 41958, 144, 51745, 145, 65535, 146, 65535, 147, 65535, 148, 65535, 149, 65535, 150, 65535, 151, 63384, 152, 46430, 159, 41114, 160, 48014, 161, 48369, 162, 44103, 163, 37979, 172, 46806, 173, 49276, 174, 47187, 175, 43288, 176, 37955, 191, 28296, 192, 29135, 193, 29325, 194, 28857, 195, 28333, 196, 28732, 197, 30811, 198, 34014, 199, 36446, 200, 36520, 201, 34200, 202, 30696, 203, 27813, 204, 27183, 205, 28909, 206, 31196, 207, 31823, 208, 29824, 224, 18777, 225, 20757, 229, 18828, 230, 17143, 231, 15940, 232, 15495, 235, 13466, 241, 14167, 242, 18357, 243, 21803, 244, 24335, 245, 26513, 246, 28558, 247, 30054, 248, 30483, 249, 29713, 250, 27920, 251, 25261, 252, 21755, 254, 14408, 258, 18511, 259, 18167, 260, 19237, 261, 22552, 262, 26318, 263, 28282, 264, 27896, 265, 26118, 266, 23873, 267, 21276, 268, 18109, 269, 14502, 281, 12273, 284, 16282, 285, 16715, 286, 16675, 287, 16209, 288, 15399, 289, 14361, 290, 13236, 291, 12179, 292, 11324, 309, 12295, 310, 15082, 311, 16984, 312, 18340, 313, 19275, 314, 19597, 315, 19146, 316, 18033, 317, 16552, 318, 14952, 319, 13364, 320, 11913, 321, 10900, 326, 8757, 333, 11262, 334, 14641, 335, 16713, 336, 18037, 337, 18969, 338, 19204, 339, 18297, 340, 16236, 341, 13410, 342, 10233, 356, 11032, 357, 13293, 358, 15032, 359, 16412, 360, 17469, 361, 18031, 362, 17932, 363, 17181, 364, 15913, 365, 14265, 375, 9013, 376, 9592, 377, 10226, 378, 10740, 379, 11057, 380, 11143, 381, 10928, 382, 10313, 383, 9236, 384, 7700, 385, 5871, 392, 8987, 393, 9568, 394, 9076, 408, 16894, 409, 26145, 410, 35271, 411, 43693, 412, 51686, 413, 59293, 414, 65535, 415, 65535, 416, 65535, 417, 65535, 418, 65535, 419, 65535, 420, 64786, 421, 58586, 422, 51457, 423, 43828, 424, 36047, 425, 28398, 426, 21126, 427, 14447, 428, 8545, 435, 11763, 436, 11885, 438, 14087, 447, 20827, 449, 18695, 467, 22236, 468, 22089, 469, 22230, 470, 23018, 471, 24291, 472, 25410, 473, 25732, 474, 25059, 475, 23608, 476, 21620
1791219448.579, MrmFullScanInfo, 642, 107, 2057981, 0, 0, 0, 0, 10000, 39297, 32, 1, 2, 1, 480, -419159, 493218, 418044, -481266, -453719, 445504, 504513, -368736, -520105, 108998, 520162, 339586, -494573, -498351, 370180, 518088, -118101, -520173, -172613, 519605, 321989, -512244, -474248, 480609, 520190, 513783, -149582, -520106, -414763, 497290, 365702, -501058, -438264, 505260, 278890, -518552, -278860, 518063, 210946, -517356, -284630, 515157, 424076, -509132, -514759, 385965, 520192, 76681, -520134, -486501, 455198, 519248, -192069, -520192, -205881, 519690, 460913, -505086, -517894, 352923, 520171, 95368, -519689, -516230, 200548, 519444, 409648, -511766, -517904, 373687, 520192, 144065, -519123, -508261, 121917, 518729, 505989, -428882, -520192, -147761, 520082, 500163, -448874, -519935, 125422, 520126, 324665, -503488, -518292, 199786, 520192, 337530, -517573, -513896, 388362, 520159, 54640, -519730, -337876, 503802, 449016, -332007, -409987, -35464, 117859, 271749, 232128, -266445, -451330, 47739, 450105, 216659, -216174, -314683, -112617, 253815, 394472, -64994, -490628, -202534, 413670, 393122, -224585, -439157, 11049, 375880, 176883, -223711, -257659, 30874, 172707, 100881, -46545, -110810, -50565, 30852, 80976, 66482, -13775, -121803, -106418, 108805, 184419, -39092, -187681, -55688, 143665, 124224, -52321, -118080, -44388, 59429, 84943, 23847, -54316, -99911, -16040, 124514, 90504, -82986, -139691, 29006, 127803, 30564, -62635, -64166, -15115, 50491, 61089, 11072, -55790, -74585, 9003, 109485, 69973, -105780, -108410, 56851, 143756, 13719, -142672, -78350, 106931, 111016, -44599, -105154, -15247, 70934, 44268, -22922, -41915, -17710, 20407, 33016, 14396, -21075, -36562, -5000, 28898, 32951, 870, -52157, -32215, 50573, 58852, -31183, -71642, 12749, 62437, 996, -39321, -8962, 16075, 6316, -87, 4070, -8752, -7621, 8935, 3999, -1599, 4266, -2417, -14560, -2905, 26224, 8165, -29360, -12047, 23660, 19752, -15113, -23520, 6450, 18574, 5055, -7883, -11860, -2840, 11862, 18577, -12508, -25610, 6139, 23533, 4098, -14299, -14134, 5084, 18249, 5135, -17063, -12095, 16862, 12674, -14983, -3799, 14217, -4629, -17353, 12992, 23794, -20048, -30580, 20160, 38037, -13340, -43058, 3712, 43004, 3698, -36299, -1661, 26074, 5156, -16212, -4873, 7813, 3275, -268, -2636, -3220, 3836, 6154, -9141, -8700, 18383, 10277, -29303, -13804, 33988, 18127, -32979, -22717, 29613, 21433, -22035, -16392, 14139, 8547, -7583, 1736, 4245, -12620, -2331, 21811, 5218, -26985, -11348, 31566, 17671, -31889, -22984, 28356, 30063, -22070, -36461, 14253, 39980, -3795, -38818, -10121, 28743, 22395, -10357, -33928, -9369, 39717, 27360, -36394, -36352, 25832, 38864, -10833, -31591, -3662, 16561, 15579, -839, -21816, -13238, 23675, 18896, -25316, -15950, 31165, 2840, -40821, 12557, 56768, -27387, -75334, 32165, 88606, -30161, -96268, 22336, 94744, -12656, -82400, 3831, 61645, 2210, -39427, -4731, 19004, 4264, -5009, -3567, -854, 3605, 1584, -3301, 795, 4707, -3611, -6013, 5190, 8769, -7964, -11828, 12095, 14629, -17595, -24608, 25665, 29795, -29323, -35720, 30766, 41426, -29657, -44472, 28320, 43291, -26748, -34841, 24948, 20289, -20454, 441, 10420, -24781, 7960, 51330, -33637, -77953, 63890, 102572, -91405, -122180, 106568, 137051, -98425, -138712, 67334, 127989, -18081, -99804, -35317, 58799, 77190, -11070, -98731, -33595, 98000, 64658, -80713, -80203, 57912, 76816, -37603, -60286, 29235, 44521, -35674, -35304, 48200, 35733, -56189, -45801, 50931, 60366, -28686, -73718, -10295, 74813, 52573, -48537, -82055, 18980, 96337, 13966, -93159, -36925, 76475, 47730, -53458, -43810, 29084, 27964, -11635, -4763, 3041, -18343, -4522, 29061, 9919, -31352, -13349, 23816, 13718, -10088, -7955, -3180, -1714, 13759, 13723, -17190, -21712
1791219448.579, MrmFullScanInfo, 642, 107, 2057981, 0, 0, 0, 0, 10000, 39297, 32, 2, 2, 1, 480, 0, 0, 0, 0, 0, 0, 168102, -228641, -311994, 479193, 361812, -534860, -380671, 347029, 435977, -29434, -508689, -257281, 508425, 432573, -373688, -521768, 137254, 578451, 107752, -565671, -278017, 390158, 324081, -45235, -239408, -340262, 69380, 613824, 95261, -726362, -182352, 713407, 185278, -642915, -142584, 574082, 111149, -540882, -129891, 544840, 199691, -535851, -294602, 428206, 397740, -190128, -490897, -103178, 513353, 344818, -393371, -500336, 140658, 591465, 140036, -603040, -348679, 473964, 457149, -193612, -453841, -152001, 313534, 444201, -61392, -584063, -208380, 507194, 400471, -230125, -443472, -129617, 300892, 403478, -19379, -456485, -286240, 269945, 505153, 39580, -553819, -322204, 393844, 499600, -87798, -530380, -235260, 384340, 477973, -103372, -587441, -195382, 524171, 420586, -298126, -553421, 7373, 581639, 213023, -470434, -278584, 222547, 185614, 69570, 5795, -263566, -202130, 269456, 311346, -111153, -276032, -99593, 101378, 238720, 141672, -234513, -351908, 93940, 449129, 110736, -405933, -286380, 250309, 365709, -51548, -329288, -109530, 205313, 178831, -56037, -152878, -50866, 73026, 77108, 1594, -30407, -25543, -47018, -9577, 104401, 75857, -107870, -132117, 57097, 147653, 16792, -114042, -72120, 47696, 80505, 17915, -39324, -51165, -28870, 39144, 89278, 7716, -114084, -61810, 95406, 92571, -45744, -83891, -8639, 43044, 38792, 6064, -28482, -37070, -16234, 35083, 70658, -1921, -105300, -48573, 101475, 98555, -60545, -130901, 1118, 132505, 52905, -101400, -83530, 50105, 83951, 373, -58898, -31680, 22048, 36192, 9872, -19090, -24324, -4885, 17325, 19790, 6035, -17300, -33906, -698, 53417, 25452, -57441, -45992, 47030, 53771, -28639, -46723, 10293, 29550, 1764, -9991, -5866, -4918, 5049, 11122, -3912, -9088, 5748, 3206, -11502, 1625, 19366, -2655, -25565, -667, 27032, 7026, -23139, -13165, 14994, 15482, -4545, -12054, -5823, 3452, 13831, 7382, -17544, -16193, 15391, 19811, -7307, -17870, -3959, 12046, 14245, -4668, -20610, -1506, 22447, 3745, -20811, -792, 17766, -6432, -15748, 15525, 16516, -23489, -20506, 27537, 26882, -26343, -33561, 21142, 37542, -14551, -36338, 8440, 29786, -3333, -20112, -659, 10261, 3389, -2329, -5342, -2827, 7851, 5276, -12479, -5570, 19685, 4673, -27899, -4071, 34426, 4997, -37128, -7198, 35266, 8998, -29278, -8551, 20583, 4917, -11184, 1751, 3067, -10288, 2126, 19113, -3377, -26930, 802, 32803, 4500, -35876, -11406, 35621, 19172, -32150, -26867, 25735, 32810, -16314, -34715, 3739, 30713, 11428, -20623, -27032, 6556, 39312, 8069, -44282, -19986, 39953, 26781, -27416, -27157, 10203, 21315, 7270, -11353, -21335, 967, 30410, 5467, -35264, -4363, 38220, -5409, -41991, 21616, 48465, -39288, -57792, 52862, 68223, -58547, -76656, 55606, 79610, -45794, -74623, 32144, 61714, -17918, -43657, 5867, 24890, 2408, -9706, -6596, 673, 7441, 2116, -6315, -533, 4816, -3023, -4259, 7016, 5158, -11204, -7501, 16276, 11058, -22807, -15331, 30257, 19725, -36927, -23955, 41241, 27892, -42801, -30536, 42021, 29901, -39086, -23986, 33220, 12045, -22688, 4846, 5538, -24216, 19296, 43248, -50873, -59753, 85491, 72842, -116473, -82823, 135263, 90444, -134054, -95624, 109203, 96615, -63667, -90366, 6902, 74112, 48092, -47630, -89287, 14482, 109681, 18600, -109057, -43950, 93218, 56198, -71522, -54785, 53604, 44106, -45640, -31254, 47582, 23199, -53425, -24561, 54459, 35943, -43562, -52545, 18715, 65599, 16050, -66992, -52367, 54116, 80936, -30881, -94973, 4944, 92267, 15736, -75422, -25645, 50535, 22989, -24971, -10115, 5076, -7315, 5725, 22552, -7646, -30339, 3884, 28597, 1204, -18580, -3870, 4086, 2246
1791219448.579, MrmFullScanInfo, 642, 107, 2057981, 0, 0, 0, 0, 10000, 39297, 32, 4, 2, 1, 480, 0, 0, 0, 0, 0, 0, -561, 6, 1036, 4, -989, -202, 721, 475, -520, -538, 39, 524, 1211, -777, -2764, 1197, 3547, -1407, -3095, 1142, 2508, -691, -2757, 574, 3436, -948, -3329, 1431, 1801, -1431, 489, 706, -2640, 471, 4086, -1577, -4786, 2212, 4726, -1207, -4113, -6762, 4854, 22425, -5893, -35762, -849, 37205, 17363, -28916, -26280, 17660, 9274, -10325, 27870, 40322, -72966, -162252, 130239, 380755, -177574, -621338, 154803, 791715, -46321, -823994, -89767, 679670, 205256, -391490, -282834, 60537, 298798, 211870, -245730, -356233, 152967, 343125, -56697, -215643, -1526, 69267, -24553, 21132, 125122, -9532, -241392, -94986, 329345, 196377, -365056, -194248, 325203, 106293, -219032, -37012, 105139, 34294, -37255, -52001, 13616, 29305, 2779, 34899, -33338, -95481, 75780, 115547, -123010, -91278, 167971, 47747, -196987, -19610, 198387, 24201, -172290, -50730, 125187, 77713, -65049, -91014, 399, 83685, 57966, -52644, -97012, 3665, 105437, 46166, -81350, -75952, 36474, 73079, 9066, -41421, -39004, -2438, 49385, 40445, -45580, -61633, 34651, 64986, -21103, -56765, 7004, 44978, 6747, -35652, -20684, 32410, 36692, -35864, -56282, 43876, 78092, -51733, -96865, 52756, 105576, -41983, -99357, 21528, 78661, -781, -49494, -10480, 20879, 8286, -80, 3923, -9970, -18158, 9636, 26880, -1075, -26384, -11627, 17103, 22494, -2580, -26359, -11720, 21654, 20451, -11034, -20688, 114, 13088, 5425, -1419, -3025, -9211, -5482, 14540, 15559, -12799, -22956, 5076, 25589, 5866, -24031, -17000, 20521, 25948, -17297, -31620, 15720, 34542, -16362, -36083, 19130, 37313, -22746, -38418, 24988, 38876, -24295, -37958, 20789, 35204, -15608, -30851, 9841, 25827, -4264, -21236, -586, 17996, 4901, -16633, -9405, 17137, 14888, -19060, -21582, 21503, 28704, -22804, -34643, 20767, 37795, -13989, -37255, 3201, 33038, 9110, -26195, -19910, 18728, 26724, -12899, -28468, 10212, 25923, -10917, -21422, 14142, 17687, -18285, -16591, 21359, 18509, -21574, -22249, 18539, 25557, -13446, -26000, 7878, 22257, -2807, -14856, -1065, 5643, 2985, 3328, -2887, -10363, 1798, 14278, -1147, -14751, 2023, 12539, -4856, -9094, 9366, 5784, -14503, -3363, 18717, 1888, -20567, -833, 19337, -567, -15350, 3106, 9895, -7077, -4783, 11936, 1807, -16465, -2025, 19387, 5286, -19784, -10418, 17272, 15823, -12136, -20075, 5180, 22150, 2529, -21308, -9984, 17292, 16407, -10687, -21109, 3017, 23349, 3975, -22497, -8979, 18518, 11336, -12164, -11018, 4752, 8409, 2327, -4265, -7999, -341, 11841, 4102, -14100, -5798, 15525, 4755, -16994, -1036, 19104, -4309, -21822, 9398, 24420, -12229, -25628, 11718, 23938, -7962, -18275, 1968, 8649, 4569, 3758, -10366, -16695, 14858, 27415, -17277, -34062, 16482, 36643, -12292, -36231, 6391, 33753, -1078, -29629, -2089, 23975, 2973, -17026, -2452, 9476, 1372, -2164, -30, -4324, -1505, 9626, 3145, -13324, -4818, 15062, 6369, -14564, -7195, 11237, 6435, -3883, -3597, -8801, -978, 27223, 6315, -50086, -11468, 74196, 16271, -94786, -21402, 106702, 27797, -106131, -35677, 91915, 43990, -65923, -50653, 32764, 53288, 1109, -50225, -29075, 41186, 46533, -27721, -52222, 13204, 48248, -1647, -38877, -4212, 28919, 4340, -22062, -1205, 19682, -1537, -20702, 645, 22238, 5378, -20840, -15231, 13913, 25193, -949, -31075, -15843, 30443, 32164, -23318, -43468, 11677, 46873, 1175, -41972, -11504, 30562, 16307, -15752, -14736, 1196, 8593, 9814, -1229, -15172, -4144, 14632, 5690, -9779, -3205, 3420, -2070, 1593
1791219448.594, MrmDetectionListInfo, 642, 257, 51, 10293, 52, 14878, 53, 18654, 54, 20520, 55, 21086, 56, 22242, 57, 24574, 58, 26070, 59, 24063, 60, 18285, 61, 12766, 62, 14299, 63, 28063, 64, 55602, 65, 65535, 66, 65535, 67, 65535, 68, 65535, 69, 65535, 70, 65535, 71, 65535, 72, 65535, 73, 65535, 74, 65535, 75, 65535, 76, 65535, 77, 65535, 78, 65535, 79, 65535, 80, 65535, 81, 65535, 82, 65535, 83, 65535, 84, 65535, 85, 65535, 86, 65535, 87, 65535, 88, 65535, 89, 63086, 90, 33463, 91, 26503, 92, 44482, 93, 65535, 94, 65535, 95, 65535, 96, 65535, 97, 65535, 98, 65535, 99, 65535, 100, 65535, 101, 65535, 102, 65535, 103, 65535, 104, 65535, 105, 58321, 108, 33470, 113, 51118, 114, 65535, 115, 65535, 116, 65535, 117, 65535, 118, 65535, 119, 65535, 120, 65535, 121, 65535, 122, 65535, 123, 65535, 124, 65535, 125, 65535, 126, 65535, 127, 65535, 128, 65535, 129, 65535, 130, 57870, 131, 48029, 132, 48833, 133, 59414, 134, 65535, 135, 65535, 136, 59050, 137, 57411, 138, 65535, 139, 65535, 140, 65535, 141, 56476, 147, 33756, 148, 42371, 149, 51121, 150, 54072, 151, 50423, 152, 44111, 153, 38454, 162, 42940, 163, 49945, 165, 65422, 166, 65535, 167, 65535, 168, 65535, 169, 65535, 170, 65535, 171, 63219, 172, 52709, 173, 41164, 193, 19535, 194, 19156, 195, 15871, 215, 23503, 217, 24721, 218, 25474, 220, 27136, 221, 28231, 222, 29465, 223, 30633, 224, 31509, 225, 31940, 226, 31841, 227, 31174, 228, 29943, 229, 28198, 230, 26034, 231, 23570, 232, 20925, 234, 15563, 235, 13123, 241, 13796, 242, 15194, 243, 16963, 244, 19222, 245, 21722, 246, 24110, 247, 26156, 248, 27709, 249, 28580, 250, 28533, 251, 27405, 252, 25185, 253, 22188, 254, 19404, 256, 18908, 258, 21629, 259, 21612, 260, 20924, 261, 20162, 262, 19488, 263, 18750, 264, 17906, 265, 17154, 266, 16736, 267, 16740, 268, 17108, 269, 17749, 270, 18589, 271, 19529, 272, 20416, 273, 21075, 274, 21365, 275, 21205, 276, 20556, 277, 19390, 278, 17696, 279, 15495, 290, 8192, 303, 10864, 315, 10501, 316, 11749, 317, 12965, 318, 14043, 319, 14864, 320, 15325, 321, 15366, 323, 14167, 324, 13209, 325, 12506, 326, 12509, 327, 13398, 328, 14737, 329, 15639, 330, 15546, 331, 14650, 332, 13555, 333, 12842, 334, 12876, 335, 13599, 336, 14496, 337, 14903, 338, 14414, 339, 13064, 340, 11156, 350, 9980, 351, 10706, 352, 10717, 353, 10325, 356, 10800, 357, 12629, 358, 14915, 359, 16935, 360, 18262, 361, 18867, 362, 18822, 363, 18062, 364, 16442, 365, 13905, 372, 15573, 373, 20166, 374, 23250, 375, 24898, 376, 25721, 377, 25991, 378, 25526, 379, 24202, 380, 22246, 381, 20057, 382, 17936, 383, 16109, 384, 14780, 385, 13864, 386, 12889, 397, 8132, 398, 9028, 399, 9751, 400, 10414, 410, 16969, 411, 24559, 412, 32211, 413, 39423, 414, 46223, 415, 52662, 416, 58470, 417, 63201, 418, 65535, 419, 65535, 420, 65535, 421, 65535, 422, 64824, 423, 60509, 424, 54785, 425, 47900, 426, 40211, 427, 32705, 428, 28043, 429, 29336, 430, 35822, 431, 41950, 432, 42891, 433, 39054, 434, 34035, 435, 29986, 436, 26429, 437, 22652, 438, 19345, 439, 17348, 458, 31366, 459, 31365, 460, 29896, 461, 27960, 467, 19591, 468, 14900
1791219448.704, MrmFullScanInfo, 643, 107, 2058106, 0, 0, 0, 0, 10000, 39297, 32, 1, 2, 1, 480, -421891, 491044, 418481, -480766, -451477, 445609, 504440, -369722, -520055, 112464, 520067, 335320, -497255, -499032, 373087, 518423, -113764, -520192, -171663, 519491, 318949, -512619, -472315, 483484, 520192, 512344, -143243, -520085, -418759, 495730, 366206, -500953, -438071, 504352, 272869, -517886, -275530, 518278, 206211, -517468, -280865, 515475, 425940, -508830, -514624, 385622, 520192, 75231, -520008, -489185, 453814, 519026, -174863, -520189, -214514, 520048, 449975, -507401, -510940, 434748, 519141, -274844, -519773, -44031, -180676, 216532, 520177, 98257, -519791, -255433, 516735, 421664, -482377, -502617, 344244, 516179, 109415, -514880, -520192, -134895, 520055, 508321, -431354, -518833, 242399, 520114, -3572, -519717, -207168, 511511, 455116, 75888, -482714, -519891, 118313, 519925, 406003, -505603, -504167, 398833, 517386, -195188, -518924, -39926, 300284, 290892, 262887, -291206, -517306, 45846, 519098, 218727, -462672, -336787, 161321, 296774, 156590, -130503, -350645, -131385, 373199, 392504, -228178, -477683, 22871, 454900, 148761, -343836, -220300, 126868, 145674, 75302, 3354, -155544, -125976, 138588, 193415, -75788, -163385, 24530, 56765, -11444, 43496, 46081, -99432, -105715, 116891, 146953, -89936, -146886, 33985, 108377, 10779, -42761, -22851, -35336, 20970, 93050, -9353, -103972, 1017, 83707, -23357, -74708, 68189, 76701, -100802, -97175, 94723, 136428, -50772, -159986, -22430, 150138, 100217, -112318, -127339, 47722, 158069, 25378, -150062, -81797, 116034, 100675, -62659, -88455, 14757, 51577, 3953, -4316, 7342, -31510, -46203, 40476, 79505, -17560, -95245, -15210, 78560, 46255, -38146, -63706, -4721, 58248, 40305, -33002, -61641, 5583, 60985, 16887, -38835, -31576, 13967, 35612, 5672, -28160, -16221, 21781, 17322, -21508, -11370, 22863, 8912, -26445, -17753, 32992, 27955, -30245, -37824, 16986, 46602, 1223, -48136, -18939, 39725, 35125, -24357, -43707, 9000, 39744, 4484, -28073, -11997, 15638, 7479, -4546, 4307, -889, -15327, -4341, 22606, 15596, -24624, -23946, 18214, 27392, -5705, -23118, -4030, 13853, 10217, 218, -10844, -12198, 4175, 20685, 6907, -23043, -15206, 18354, 16415, -8217, -9025, -535, 2248, 4096, 7227, -4191, -14013, 1716, 14815, 3032, -11257, -4737, 3299, 2798, 7100, 1835, -15388, -8457, 15551, 14929, -9675, -18989, 3721, 15841, 1282, -7918, -2426, -2167, -911, 11599, 6900, -16624, -11021, 16261, 13966, -14423, -14932, 14666, 13268, -14218, -10747, 15269, 13597, -16979, -20143, 18042, 27499, -14257, -30991, 5312, 26658, 6502, -13810, -17477, -4025, 24530, 19744, -22293, -29360, 10552, 29719, 4758, -20420, -18967, 3986, 29559, 12226, -31177, -24728, 28275, 27267, -26295, -20515, 28246, 5957, -36251, 9969, 51668, -20740, -68583, 18134, 80024, -13883, -84070, 4823, 78137, 1230, -61303, -3992, 38976, 2109, -17609, 2847, 1500, -6736, 7697, 5484, -8804, -6060, 4978, 6354, 740, -8207, -6410, 9576, 13634, -11573, -21739, 12260, 32168, -10019, -43929, -3459, 58498, 15503, -63833, -28606, 60928, 39177, -51620, -44669, 39085, 43123, -26392, -33081, 16509, 17482, -7026, 4637, -4857, -33192, 20649, 64442, -42986, -98406, 69764, 129714, -93828, -156735, 101478, 173322, -87209, -174912, 46539, 158520, 10633, -115988, -68552, 56916, 108340, 6925, -120128, -62122, 106794, 96940, -74530, -105751, 38348, 91738, -9840, -65462, -1630, 37570, -8691, -21989, 27806, 21691, -43201, -36081, 41885, 58347, -18750, -75982, -22305, 79417, 66352, -52819, -89225, 16347, 97436, 22496, -85105, -51771, 58870, 65524, -24919, -61974, -5699, 42811, 24495, -15413, -27752, -6115, 17271, 23767, -1844, -30016, -9917, 26399, 12455, -16353, -6705, 4384, -5410, 6333, 21333, -11140, -33741
1791219448.704, MrmFullScanInfo, 643, 107, 2058106, 0, 0, 0, 0, 10000, 39297, 32, 2, 2, 1, 480, 0, 0, 0, 0, 0, 0, 168031, -228498, -311681, 479238, 361273, -535773, -380088, 349072, 435690, -31980, -508835, -255282, 508698, 431750, -373897, -521935, 137835, 579038, 106381, -566347, -275852, 390828, 321070, -45644, -235711, -340395, 65881, 614252, 97140, -726383, -181735, 712471, 182379, -641070, -138409, 571947, 107068, -539153, -127074, 543930, 198609, -535869, -294740, 428753, 398110, -190481, -489931, -103751, 509211, 346911, -386667, -503803, 135534, 599547, 138545, -642115, -332556, 599573, 386205, -437001, -273810, 181805, 27533, 57171, 255308, -156016, -474824, 79879, 593299, 98820, -595533, -286450, 452503, 402322, -168162, -378447, -179255, 198252, 466087, 64671, -589650, -299069, 518782, 455915, -298901, -518433, 16408, 442584, 236825, -208600, -363721, -116830, 298020, 415144, -75146, -593537, -182472, 607534, 363323, -457894, -404942, 194671, 283055, 88617, -35505, -276756, -238334, 290719, 429726, -148896, -468993, -47331, 339844, 186565, -90741, -200898, -175717, 84922, 354221, 108558, -386951, -297420, 285080, 407617, -116764, -397905, -32576, 272452, 104486, -84046, -88650, -88711, 16375, 185318, 60939, -192173, -97503, 138208, 75055, -71022, -8511, 30384, -68435, -30000, 122926, 56138, -135689, -82155, 107146, 85429, -54765, -57069, 1229, 5239, 37368, 48754, -56425, -83630, 62525, 91459, -68287, -80120, 81590, 66399, -97755, -66121, 102974, 85102, -84431, -115163, 40257, 138553, 19493, -137917, -79762, 106316, 127328, -51992, -151931, -6271, 146805, 49644, -114184, -66985, 67604, 56885, -26988, -26402, 8363, -10775, -15737, 38670, 39969, -45682, -64263, 29657, 73435, 1659, -61223, -34317, 31641, 54649, 5006, -55880, -36640, 40155, 53499, -15166, -52200, -10097, 37032, 28349, -16701, -36471, -391, 36210, 9418, -32011, -10846, 28367, 9364, -28031, -10011, 30492, 15132, -31906, -24210, 28023, 34728, -17303, -42766, 1393, 44711, 15852, -39246, -29535, 27815, 35681, -14003, -33193, 2600, 24049, 2328, -12231, 343, 2593, -8451, 1026, 18008, 2072, -24645, -9147, 25121, 15971, -18889, -18878, 8411, 15981, 2219, -7668, -9081, -3721, 9957, 14800, -5443, -22051, -1212, 22920, 6204, -17255, -7278, 7808, 4249, 1334, 1496, -7000, -7611, 8116, 11474, -5657, -11132, 1869, 6025, 962, 2431, -1367, -10943, -1162, 16066, 5916, -16260, -10661, 12442, 12466, -6909, -9432, 2109, 1945, 316, 7477, -6, -15518, -2339, 20055, 5445, -21135, -7837, 20236, 8727, -18976, -8867, 18597, 10052, -19565, -13389, 20883, 18088, -20144, -21718, 14924, 21520, -4518, -16011, -9012, 5975, 21133, 5902, -26718, -16240, 22821, 22021, -10233, -21421, -6983, 14580, 23423, -3868, -34734, -6649, 39466, 12455, -39273, -10290, 37671, -175, -38330, 15630, 43473, -30504, -52776, 39809, 63322, -41420, -70628, 36320, 70499, -27230, -61003, 17305, 43693, -9052, -23013, 3585, 4409, -701, 7799, -105, -11991, -1048, 9594, 4052, -3657, -8228, -3250, 12631, 10233, -16460, -17821, 18672, 27260, -17923, -39255, 13492, 52407, -5790, -63079, -4042, 67584, 14492, -64534, -23228, 55129, 27404, -41802, -24678, 26465, 14102, -9394, 3610, -10693, -26397, 35538, 51391, -65641, -75656, 98377, 96967, -127056, -114136, 142238, 126649, -135230, -133270, 102292, 131018, -47393, -116053, -17817, 86383, 77602, -44377, -117771, -2767, 130737, 44928, -117582, -72746, 86977, 81313, -52010, -71996, 25529, 51714, -15183, -30287, 20282, 17135, -32464, -18012, 40027, 32794, -33552, -54514, 10703, 71562, 22979, -73299, -57355, 56026, 82314, -24748, -91034, -10289, 81543, 38504, -57303, -52587, 26121, 50414, 2487, -34939, -20766, 12431, 25726, 9867, -20018, -25607, 9895, 30853, -1680, -25264, -719, 12017, -3453
1791219448.704, MrmFullScanInfo, 643, 107, 2058106, 0, 0, 0, 0, 10000, 39297, 32, 4, 2, 1, 480, 0, 0, 0, 0, 0, 0, -275, 145, 689, 98, -907, -1146, 897, 2470, -576, -2987, -57, 2355, 747, -1208, -1348, 341, 2036, 22, -2634, -226, 3195, 399, -4141, -179, 5097, -517, -4848, 1022, 2606, -631, 816, -616, -3979, 2025, 5970, -2825, -6421, 2785, 5334, -1796, -3247, -1294, 1745, 6176, -1579, -9729, 1775, 9120, -2584, -4727, 6487, -958, -14130, 7820, 21385, -23973, -22526, 55760, -8519, -78396, 90956, 67177, -194199, -52260, 262214, 83624, -274240, -141779, 265773, 155365, -274168, -110501, 287265, 59554, -258990, -44815, 172865, 54704, -64678, -57872, -28126, 49708, 98379, -31774, -138005, 3009, 129744, 22458, -83702, -23595, 51776, -4338, -71778, 39997, 116908, -55913, -138056, 43124, 133842, -18111, -124890, 112, 104957, 13584, -60580, -32826, -1753, 52007, 65548, -61518, -119821, 59990, 149822, -49901, -140609, 36454, 95384, -28344, -36466, 35060, -10420, -59793, 33497, 91348, -37027, -105888, 31248, 81844, -24984, -17631, 25693, -65799, -38574, 139484, 62781, -182642, -90501, 188664, 109339, -162490, -107991, 115562, 82055, -62495, -36214, 18377, -17115, 5303, 61184, -5771, -80215, -8703, 66273, 23157, -23459, -24929, -33469, 9641, 85449, 19543, -117405, -55528, 123388, 89282, -106258, -111245, 74015, 114989, -36592, -100243, 3886, 72827, 17356, -41813, -26123, 16068, 26431, -1209, -23508, -2198, 21083, -2283, -21104, 9957, 23927, -17460, -29595, 23495, 38125, -27623, -48232, 28932, 56969, -26184, -61425, 19443, 60354, -10698, -53929, 2596, 43349, 2817, -30442, -4611, 17388, 2930, -6519, 1402, -121, -7201, 1814, 12856, 419, -16419, -4621, 16444, 9014, -12934, -12848, 7409, 16343, -1949, -19983, -2126, 23742, 5187, -26891, -8834, 28531, 14378, -28017, -21560, 25149, 28545, -20316, -32677, 14378, 31898, -8312, -26303, 3240, 18455, -625, -11744, 1579, 8544, -5657, -9572, 10849, 13924, -14750, -19393, 15871, 23404, -14168, -24155, 10956, 21281, -8202, -15733, 7509, 9361, -9202, -4390, 12221, 2632, -14826, -4520, 15410, 8738, -12918, -12983, 7201, 15278, 663, -14710, -8583, 11474, 14501, -6660, -17343, 1923, 17425, 1167, -16042, -1783, 14674, 247, -14218, 2170, 14583, -3889, -14817, 3689, 13706, -1207, -10534, -2676, 5508, 6021, 365, -6838, -5599, 4366, 8708, 566, -8766, -6101, 5938, 10199, -1506, -11290, -2734, 8914, 5351, -3954, -5823, -1760, 4497, 6424, -2262, -9070, 137, 9793, 1125, -9544, -1358, 9591, 1066, -10825, -1036, 13249, 1844, -15902, -3503, 17394, 5571, -16728, -7360, 13887, 8273, -9780, -8156, 5788, 7478, -3139, -7212, 2399, 8238, -3135, -10631, 3982, 13518, -3145, -15668, -632, 16190, 7248, -14660, -15222, 11217, 22513, -6980, -27322, 3488, 28593, -1196, -26516, -1037, 22530, 4587, -18129, -9703, 13758, 15800, -8915, -21898, 2948, 26806, 4488, -29264, -13134, 28441, 21708, -24404, -28006, 18169, 29809, -11195, -26077, 4770, 17647, 340, -6867, -3714, -3655, 4931, 12335, -3493, -19085, -888, 24917, 7889, -31004, -16600, 37419, 25908, -42495, -34827, 43475, 42570, -38009, -47972, 25434, 49180, -7241, -44360, -12871, 33181, 29880, -17443, -39113, 570, 38118, 13502, -27548, -21733, 10953, 22887, 6344, -17650, -19213, 8383, 24603, 1299, -22446, -7519, 15414, 7836, -7616, -2335, 2818, -6394, -2548, 14185, 5712, -16979, -9821, 12751, 12435, -2505, -11684, -10536, 6580, 22573, 2280, -30397, -12567, 32489, 21000, -29086, -24798, 21502, 23125, -11580, -17560, 1700, 11026, 5576, -6090, -8610, 4025, 7321, -4843
1791219448.704, MrmDetectionListInfo, 643, 217, 62, 14275, 63, 19883, 64, 25885, 65, 31921, 66, 38029, 67, 46880, 68, 63101, 69, 65535, 70, 65535, 71, 65535, 72, 65535, 73, 65535, 74, 65535, 75, 65535, 76, 65535, 77, 65535, 78, 65535, 79, 65535, 80, 65535, 81, 65535, 82, 65535, 83, 65535, 84, 65535, 85, 65535, 86, 65535, 87, 57513, 88, 43641, 89, 42176, 90, 53217, 91, 65535, 92, 65535, 93, 65535, 94, 65535, 95, 64418, 96, 59815, 97, 53971, 98, 43760, 99, 33487, 100, 32270, 101, 45598, 102, 65535, 103, 65535, 104, 65535, 105, 65535, 106, 65535, 107, 65535, 108, 65535, 109, 63950, 110, 57081, 111, 51405, 117, 60973, 118, 65535, 119, 65535, 120, 65535, 121, 65535, 122, 65535, 123, 65535, 124, 65535, 130, 41462, 131, 56121, 132, 65535, 133, 65535, 134, 65535, 135, 61501, 136, 49997, 140, 48683, 141, 65535, 142, 65535, 143, 65535, 144, 65535, 145, 65535, 146, 65535, 147, 65535, 148, 65535, 149, 65535, 150, 65535, 151, 65535, 152, 54641, 157, 33058, 159, 46463, 160, 42852, 167, 51446, 168, 65535, 169, 65535, 170, 65535, 171, 65535, 172, 65535, 173, 65535, 174, 65535, 175, 65535, 176, 65535, 177, 65535, 178, 55717, 179, 43928, 193, 19960, 194, 23393, 195, 26423, 196, 29495, 197, 32899, 198, 36372, 199, 39387, 200, 41563, 201, 42752, 202, 42883, 203, 41891, 204, 39786, 205, 36726, 206, 32970, 207, 28842, 208, 24813, 234, 15921, 235, 17536, 236, 18954, 237, 20381, 239, 23357, 240, 24574, 241, 25397, 242, 25744, 243, 25530, 244, 24661, 245, 23080, 246, 20828, 247, 18054, 259, 16317, 260, 17994, 261, 19053, 262, 19404, 263, 19045, 264, 18054, 265, 16573, 266, 14789, 267, 12902, 275, 9254, 276, 10247, 277, 11148, 278, 11759, 285, 10555, 286, 12099, 287, 12370, 288, 11459, 289, 10270, 290, 9469, 292, 8919, 317, 7404, 342, 9507, 343, 10419, 344, 11145, 345, 11563, 346, 11619, 348, 10691, 349, 9799, 362, 8979, 363, 8862, 364, 8910, 368, 14827, 371, 16085, 372, 16166, 373, 15878, 374, 15195, 375, 14293, 376, 13403, 377, 12722, 378, 12382, 379, 12395, 380, 12639, 381, 12971, 382, 13325, 383, 13667, 384, 13916, 385, 14024, 386, 14241, 387, 15088, 388, 16875, 389, 19343, 390, 21808, 391, 23636, 392, 24599, 393, 24822, 394, 24439, 395, 23404, 396, 21605, 397, 19050, 398, 15904, 399, 12406, 400, 8840, 411, 18580, 412, 22974, 413, 27060, 414, 30649, 415, 34037, 416, 37276, 417, 39975, 418, 41666, 419, 42135, 420, 41375, 421, 39374, 422, 36045, 423, 31607, 424, 27282, 425, 24936, 426, 25286, 427, 26979, 428, 27793, 429, 26412, 430, 23319, 431, 20608, 432, 20363, 433, 22193, 434, 23169, 435, 21074, 436, 16916, 467, 25662, 468, 27018, 469, 26311, 470, 24401, 471, 21922, 472, 18852
1791219448.829, MrmFullScanInfo, 644, 107, 2058231, 0, 0, 0, 0, 10000, 39297, 32, 1, 2, 1, 480, -423659, 490791, 422465, -479592, -453075, 444162, 504070, -371877, -519857, 111847, 520117, 336860, -497892, -496836, 372156, 516295, -111191, -520192, -177658, 519619, 324193, -511073, -471755, 483451, 519982, 512723, -154305, -520133, -416356, 496991, 362421, -501003, -441761, 504955, 281151, -517661, -284755, 518074, 214588, -516488, -289182, 516661, 426688, -507207, -516268, 391798, 520192, 63871, -520059, -489778, 456130, 519564, -161997, -520188, -269655, 519451, 491609, -487142, -519484, 296324, 520176, 8547, -520023, -299979, 514752, 369489, -497360, -163693, 516058, -255046, -482277, 492713, 499143, -491814, -519592, 348791, 520192, -1856, -519772, -438001, 506966, 519816, -260156, -520159, -126425, 518794, 406769, -486416, -511096, 334427, 519996, -56150, -520187, -280831, 516344, 477225, -350115, -508658, -64294, 385077, 344055, -119823, -372626, -139206, 61835, 174929, 295446, -12802, -462878, -234891, 441806, 471577, -250803, -515474, -66615, 478332, 305556, -317581, -406547, 38150, 354325, 228887, -166665, -321347, -36304, 280689, 174335, -175885, -206488, 49863, 113675, 35662, 9520, -20202, -88385, -55440, 105288, 125125, -51875, -161147, -51554, 145898, 136488, -68905, -149168, -33252, 107117, 95681, -17850, -92067, -84207, 34049, 138285, 48219, -120637, -110393, 74034, 125248, -23853, -90581, -15650, 39925, 14083, -7317, 23984, 3180, -49337, -27616, 42449, 81785, 3879, -127648, -78983, 136730, 166212, -106372, -188721, 43025, 213729, 37080, -196532, -97923, 143813, 114597, -73682, -91965, 13791, 47286, 14572, 2145, -9931, -33580, -14370, 31997, 37605, 989, -44362, -43434, 24128, 81025, 16837, -99405, -52764, 91009, 76747, -61170, -82731, 29466, 67364, -8216, -28901, -3212, -2861, 1409, 21386, 7719, -24534, -9896, 16069, 2035, 1642, 10651, -11464, -24452, 8158, 38938, -934, -41012, -7668, 30918, 16493, -14242, -17000, -3145, 6151, 20317, 10217, -28615, -23023, 25514, 31016, -13259, -30381, 4359, 19105, 2838, -3502, -3902, -6952, -2193, 11847, 10506, -9768, -12071, 99, 6577, 9584, 4411, -18887, -21805, 21465, 40309, -18632, -53481, 7453, 59518, 5690, -58468, -16107, 48785, 20821, -33844, -15133, 18683, 16603, -8936, -16595, 2435, 18893, 1929, -23124, -4000, 27297, 6628, -31943, -11451, 35851, 16238, -40411, -22577, 33397, 25818, -23392, -27824, 12163, 23992, -1623, -16173, -7315, 9008, 12366, -1490, -14807, -5937, 15743, 10710, -12091, -14980, 6826, 21073, -1064, -24054, -5585, 25486, 15488, -25927, -25838, 23817, 33872, -17877, -37988, 9633, 32927, 328, -20413, -9006, 5280, 15349, 5534, -14005, -10074, 6178, 8556, 4945, -1804, -14922, -7930, 21817, 19143, -23617, -26716, 24539, 28204, -26011, -22005, 31501, 12174, -39736, -784, 49920, -7493, -59417, 6419, 61421, -5174, -61636, 3261, 55479, -2014, -45216, 3502, 31112, -8266, -18336, 12829, 9808, -14636, -5629, 14848, 5664, -13631, -6621, 11923, 8333, -10373, -9014, 9281, 9621, -6594, -9657, 2812, 12401, 4308, -16803, -18419, 24243, 31721, -26480, -42509, 26525, 47778, -23263, -44307, 19668, 32589, -14794, -12483, 8206, -11483, 1573, 42936, -12357, -76026, 29736, 110933, -49636, -143334, 71827, 169858, -85587, -187111, 83519, 190996, -60476, -177725, 13332, 144240, 47502, -94197, -99577, 31362, 134689, 29526, -142972, -80244, 126854, 107222, -96880, -111808, 64058, 96526, -36960, -71094, 25839, 52696, -31007, -45779, 39583, 52953, -41934, -70634, 27747, 90976, 2726, -105336, -45234, 102817, 86344, -67788, -102472, 29968, 101427, 4879, -82257, -27447, 51820, 37732, -20081, -32335, -5250, 17381, 17989, 518, -14906, -9243, 713, 15360, 15863, -10363, -26974, 1970, 30027, 8333, -23011, -13225, 11682, 12713, 2285, -4349, -13154
1791219448.829, MrmFullScanInfo, 644, 107, 2058231, 0, 0, 0, 0, 10000, 39297, 32, 2, 2, 1, 480, 0, 0, 0, 0, 0, 0, 168838, -228558, -313063, 479523, 362338, -536108, -380447, 349174, 435614, -32035, -508434, -254833, 507380, 431128, -370978, -521893, 133685, 579842, 110276, -567382, -278782, 391478, 323953, -46075, -239594, -339677, 70054, 613307, 94905, -725971, -183316, 713431, 188055, -643583, -146736, 575396, 115717, -542503, -133904, 546536, 202495, -538421, -295652, 432358, 396862, -194822, -487180, -100565, 502172, 347180, -369267, -508515, 106116, 599236, 174090, -605369, -371978, 488296, 480393, -258561, -547224, 15283, 599092, 100310, -613254, -8486, 555046, -236170, -434520, 481167, 316670, -583264, -273721, 483071, 333803, -223705, -455665, -78862, 531753, 317725, -454350, -467115, 214644, 555288, 82626, -580835, -319726, 500041, 460231, -293111, -533284, 15129, 544559, 234399, -449463, -379013, 228697, 393270, 36546, -292377, -199676, 126370, 165064, 25546, 38041, -83563, -282781, 14130, 432044, 149238, -411044, -328604, 235016, 439721, 9544, -422408, -218173, 268505, 319695, -37075, -295585, -175325, 176469, 291463, -26757, -289026, -84262, 198936, 115857, -82967, -72476, 2090, -6250, 13211, 70496, 27512, -84548, -88279, 43476, 127939, 26872, -119740, -87187, 65270, 105625, 6909, -71394, -59814, -356, 69521, 75997, -35849, -122930, -19623, 126665, 66576, -94525, -83965, 49118, 70469, -15733, -41183, 7287, 17726, -16964, -18199, 25372, 47964, -13867, -95404, -23585, 136956, 78407, -149140, -134899, 121468, 178133, -63047, -195949, -2783, 180154, 52015, -133295, -71077, 71212, 59967, -16348, -29514, -13938, -3270, 15413, 21635, 2791, -16089, -23965, -11863, 32868, 51082, -23252, -85672, -736, 101990, 28825, -95268, -49321, 70829, 53415, -39382, -39716, 11513, 15454, 5908, 8003, -11837, -21255, 10607, 20547, -8309, -9050, 9496, -5303, -15701, 14923, 24746, -16330, -31546, 10318, 31336, -735, -22516, -6981, 6911, 8572, 11098, -3331, -25654, -6100, 31943, 15473, -28858, -20496, 19207, 18664, -7830, -10765, -492, 414, 3059, 7931, -695, -10758, -2964, 6617, 3810, 3267, 856, -15502, -11409, 25841, 25818, -30570, -40518, 28019, 51792, -19381, -56673, 8346, 53576, 1372, -43251, -8262, 29198, 12990, -16061, -16777, 7070, 20308, -2762, -23928, 1569, 27860, -1167, -32341, -216, 36918, 3189, -39762, -7561, 38600, 12658, -32526, -17076, 22626, 19133, -10971, -17923, -231, 13788, 9266, -7838, -15165, 1305, 17581, 5110, -16695, -11365, 13311, 17453, -8310, -22931, 1926, 27292, 5935, -30147, -14751, 30860, 22885, -28445, -27909, 22114, 27718, -11996, -22016, -87, 12941, 10519, -3818, -15252, -2692, 12160, 5434, -2401, -4286, -10342, -261, 22060, 6878, -30311, -13036, 34872, 15615, -37102, -12403, 38829, 3433, -41453, 8608, 45312, -19558, -49702, 26095, 53236, -27416, -54210, 25013, 51074, -21156, -43092, 17736, 31208, -15590, -18075, 14550, 7053, -14066, -498, 13797, -1274, -13627, -250, 13448, 2978, -12989, -5355, 11819, 7039, -9417, -8875, 5129, 12395, 1608, -18628, -10574, 26893, 20399, -34745, -28885, 39418, 33656, -39294, -32555, 34064, 24340, -24075, -9052, 9803, -12183, 8486, 37630, -30827, -65109, 57151, 92012, -86082, -115684, 113579, 134014, -132800, -145773, 135615, 150246, -115463, -146591, 71066, 133442, -8872, -109284, -58060, 73928, 114686, -30441, -149314, -14323, 157182, 51619, -141245, -74104, 110459, 79243, -76757, -70494, 51163, 55660, -39504, -43543, 39862, 40896, -43994, -50475, 41951, 69944, -26985, -91330, -985, 103550, 35452, -98280, -66455, 75187, 84870, -41635, -85821, 7865, 70105, 17382, -43659, -29245, 15289, 27732, 6297, -16856, -15377, 2467, 11385, 9877, 1182, -16239, -15298, 15237, 24696, -8526, -25984, -14, 19148
1791219448.829, MrmFullScanInfo, 644, 107, 2058231, 0, 0, 0, 0, 10000, 39297, 32, 4, 2, 1, 480, 0, 0, 0, 0, 0, 0, 744, -19, -1192, 366, 782, -848, -44, 1140, -293, -1289, 399, 1406, -1098, -1082, 2528, 118, -3511, 890, 2992, -1193, -1794, 864, 1439, -568, -2159, 615, 2566, -667, -1409, 270, -1214, 667, 4203, -1731, -6167, 2413, 6372, -2372, -4999, 1980, 2855, -2714, -509, 4789, -1528, -6105, 3556, 4548, -9403, 279, 22419, -6509, -37136, 3954, 44339, 24449, -46091, -80035, 85623, 127054, -231273, -107738, 493800, -17297, -774812, 219995, 940994, -400755, -944921, 452654, 822195, -326945, -625010, 73892, 407081, 172453, -212153, -283459, 40255, 244592, 127845, -151554, -268892, 85117, 325717, -61534, -276792, 73161, 176999, -106025, -134502, 142041, 207318, -172099, -323837, 195497, 357284, -198023, -275187, 156361, 154836, -61513, -73376, -69163, 46951, 193444, -45715, -267395, 33603, 281506, 631, -262526, -33130, 238536, 32610, -214621, 4357, 181967, -53195, -141021, 85978, 104881, -89538, -82108, 67239, 64235, -31550, -34283, -3696, -14724, 27775, 72644, -35961, -121286, 30815, 147226, -19661, -147877, 10109, 128944, -7318, -98987, 14288, 66637, -31797, -39540, 56850, 22659, -82093, -16044, 98176, 14629, -98501, -11491, 82812, 3087, -56616, 8363, 27644, -17386, -1979, 19633, -17906, -14257, 32752, 3473, -44364, 9220, 53985, -20281, -61475, 26663, 65610, -26416, -65461, 19877, 61008, -10177, -52527, 1930, 40285, 1320, -25604, 783, 11075, -5325, 753, 7930, -8662, -5125, 13114, -4134, -15387, 18119, 16557, -33045, -17098, 44661, 16897, -49936, -15369, 48070, 11875, -40668, -5958, 30958, -2376, -22312, 12006, 16874, -20307, -14937, 24212, 15284, -21939, -15966, 13899, 15379, -2520, -12861, -8896, 8787, 17633, -4241, -22542, 534, 24174, 1254, -24241, -575, 24561, -2267, -25871, 5999, 27389, -8573, -27530, 8318, 25225, -5312, -20554, 1544, 14549, 637, -8737, -313, 4785, -1600, -3970, 3086, 6357, -2222, -10674, -1996, 15104, 9310, -18153, -18240, 18879, 26627, -16887, -32421, 12677, 34394, -7359, -32441, 2104, 27492, 2590, -21117, -7118, 15062, 12325, -10629, -18522, 8111, 24924, -6759, -30069, 5437, 32579, -3331, -31911, 326, 28454, 2979, -23063, -5650, 16579, 7137, -9742, -7609, 3216, 7852, 2645, -8769, -7765, 10732, 12191, -13150, -15802, 14732, 18251, -14290, -19105, 11466, 18105, -6897, -15256, 1779, 10972, 2760, -6160, -6005, 1832, 7906, 1398, -9085, -3412, 10402, 4532, -12258, -5529, 14406, 7402, -16244, -10643, 17146, 14655, -16614, -17831, 14304, 18681, -10290, -16870, 5532, 13307, -1659, -9323, -36, 6167, -515, -4916, 2132, 6177, -2955, -9719, 1266, 14409, 3505, -18478, -10338, 20107, 17091, -18211, -21515, 12874, 22311, -5249, -19494, -2821, 14124, 9500, -7709, -13737, 1955, 15445, 1669, -15006, -2556, 12985, 1148, -9998, 1666, 6460, -5124, -2348, 8670, -2414, -11890, 7589, 14545, -12576, -16375, 16362, 17025, -17450, -16419, 14395, 15165, -6897, -14403, -3668, 15271, 14996, -18136, -25098, 22329, 33118, -26491, -39093, 29184, 43270, -29062, -45695, 24926, 46101, -16239, -44017, 3521, 38812, 11814, -30319, -27497, 19406, 40550, -7764, -48320, -2769, 49849, 10630, -46160, -14707, 39405, 14834, -31844, -11959, 25106, 8183, -19936, -6047, 16273, 7450, -13261, -12752, 9579, 20696, -4309, -29100, -2288, 35623, 8847, -38262, -13552, 36061, 14930, -29927, -12261, 22555, 5782, -16717, 3054, 13600, -11683, -12693, 17321, 12598, -18081, -11575, 13586, 8370, -4937, -2944, -5568, -3563, 15278, 9507, -22137, -13239, 25183, 13370, -24535, -9227, 21108
1791219448.844, MrmDetectionListInfo, 644, 236, 58, 9104, 59, 13421, 60, 18680, 61, 22982, 62, 25921, 63, 29867, 64, 38356, 65, 53956, 66, 65535, 67, 65535, 68, 65535, 69, 65535, 70, 65535, 71, 65535, 72, 65535, 73, 65535, 74, 65535, 75, 65535, 76, 65535, 77, 65535, 78, 65535, 79, 65535, 80, 65535, 81, 65535, 82, 65535, 83, 65535, 84, 65535, 85, 65535, 86, 65535, 87, 65535, 88, 65535, 89, 65535, 90, 65535, 91, 65535, 92, 65535, 93, 65535, 94, 65535, 95, 65535, 96, 65535, 97, 65535, 98, 65535, 99, 65535, 100, 65535, 101, 65535, 102, 65535, 103, 65535, 104, 65535, 105, 65535, 106, 65535, 107, 65535, 108, 65535, 109, 65535, 110, 65535, 111, 56806, 112, 62181, 113, 65535, 114, 65535, 115, 65535, 116, 65535, 117, 65535, 118, 65535, 119, 65535, 120, 65535, 121, 65535, 122, 65535, 123, 65535, 124, 65535, 125, 65535, 126, 65535, 127, 65535, 128, 65535, 129, 65535, 130, 65535, 131, 65535, 132, 65535, 133, 65535, 134, 53145, 140, 56451, 141, 65535, 142, 65535, 143, 65535, 144, 65535, 145, 65535, 146, 65535, 147, 65535, 148, 65535, 149, 58350, 150, 52125, 151, 47191, 152, 43511, 153, 41537, 154, 41704, 155, 43872, 156, 47343, 157, 51226, 158, 54676, 159, 56909, 160, 57198, 161, 55007, 162, 50164, 163, 43099, 178, 41186, 179, 44220, 180, 45646, 204, 26660, 205, 29300, 206, 31219, 207, 32639, 208, 33162, 209, 32372, 210, 30299, 211, 27292, 221, 19376, 236, 12708, 240, 13828, 241, 15250, 242, 16723, 243, 17779, 244, 18211, 245, 17994, 246, 17134, 264, 13776, 265, 16896, 266, 19476, 267, 21378, 268, 22722, 269, 23535, 270, 23690, 271, 23089, 272, 21795, 273, 19980, 274, 17855, 275, 15741, 276, 14056, 277, 13049, 278, 12626, 281, 12638, 284, 15285, 285, 16503, 286, 17541, 287, 18269, 288, 18589, 289, 18417, 290, 17707, 291, 16549, 292, 15291, 293, 14391, 307, 12714, 308, 14038, 309, 15216, 310, 16156, 311, 16641, 312, 16536, 313, 15864, 314, 14717, 315, 13164, 316, 11259, 317, 9141, 331, 9682, 332, 10693, 333, 11799, 334, 12942, 335, 14091, 336, 15182, 337, 16084, 338, 16635, 339, 16705, 340, 16225, 341, 15193, 342, 13675, 343, 11801, 344, 9755, 357, 8590, 358, 10636, 359, 13166, 360, 15654, 361, 17575, 362, 18672, 363, 18936, 364, 18418, 365, 17126, 366, 15140, 377, 8570, 378, 8305, 380, 6149, 381, 5206, 385, 4968, 386, 5534, 389, 11004, 390, 13076, 391, 14690, 392, 15886, 393, 16748, 394, 17191, 395, 17021, 396, 16124, 397, 14546, 398, 12512, 399, 10508, 400, 9296, 404, 20668, 405, 24170, 406, 26916, 407, 29475, 408, 32038, 409, 34280, 410, 35836, 411, 36639, 412, 36786, 413, 36285, 414, 35001, 415, 32806, 416, 29691, 417, 25973, 418, 22749, 419, 21552, 420, 22821, 421, 25232, 422, 26999, 423, 27393, 424, 26895, 425, 26337, 426, 26223, 427, 26746, 428, 27925, 429, 29284, 430, 29828, 431, 28899, 432, 26788, 433, 24269, 434, 21803, 435, 19376, 436, 16920, 437, 14620, 449, 20804, 450, 23513
1791219448.954, MrmFullScanInfo, 645, 107, 2058356, 0, 0, 0, 0, 10000, 39297, 32, 1, 2, 1, 480, -419204, 488771, 420176, -481527, -449777, 446045, 504816, -370261, -519853, 111050, 520186, 336554, -495723, -497621, 370994, 518090, -110211, -520183, -171075, 519638, 319146, -512791, -475711, 481227, 520146, 512231, -169987, -520153, -408941, 498634, 363748, -499664, -436159, 504120, 279919, -518518, -284490, 518208, 218819, -517780, -292378, 515497, 432592, -508206, -515982, 375973, 520192, 120281, -519994, -499357, 431793, 519272, -116168, -520029, -274686, 519219, 475149, -499725, -515492, 398816, 519749, -194072, -520182, -95075, 519766, 311559, -508883, -303666, 498328, 147477, -427630, 285368, 507608, -420892, -520110, 142026, 520192, 205731, -516812, -465542, 494237, 518517, -325990, -520175, 30817, 520006, 312776, -507233, -505480, 366293, 520020, -9571, -520162, -354090, 511737, 505709, -302375, -518505, -44084, 508917, 277683, -259281, -355777, -66665, 134750, 216145, 198202, -155022, -424354, -87137, 461948, 378616, -291349, -482985, -20006, 444761, 291840, -282246, -439968, 3221, 419380, 245974, -277114, -343475, 117115, 334714, 18931, -258796, -94642, 145694, 46787, -46341, 32455, 14878, -99019, -42133, 141139, 97547, -98397, -129292, -4778, 111977, 91156, -38352, -122004, -66858, 100804, 134100, -31235, -128070, -43401, 73376, 76617, 2870, -58475, -74136, 21699, 107217, 15474, -91844, -38929, 58156, 27616, -31778, 12533, 20374, -51683, -32721, 59546, 75245, -30222, -112254, -26522, 119624, 103146, -92266, -135649, 30987, 159742, 43311, -146531, -100946, 106185, 119267, -49629, -104245, 1752, 69771, 15575, -26502, -7216, -5696, -16246, 13253, 40773, 3712, -50637, -29767, 32791, 54698, 6937, -68100, -45125, 57257, 73931, -28861, -87469, -582, 81309, 17077, -55467, -26614, 32705, 24948, -18375, -15243, 10689, 11520, -11470, -15428, 18167, 23911, -16692, -34028, 6541, 47161, 6036, -48633, -17506, 39580, 29109, -24070, -34040, 9501, 26430, 4265, -11844, -10499, -1553, 7898, 14263, -664, -19432, -4217, 14205, 9181, -3915, -7995, -3698, 44, 8226, 11184, -8882, -14981, 3254, 13183, 6049, -4218, -10804, -9536, 12383, 27398, -8563, -39703, -330, 46045, 14273, -46439, -24186, 39710, 27933, -27178, -20332, 15466, 18742, -7361, -15958, 1041, 14196, 2970, -14078, -4842, 15936, 7027, -18738, -10644, 22163, 14741, -23608, -20314, 17769, 24920, -8901, -26975, -94, 23948, 7930, -16022, -13208, 5210, 14917, 6722, -13265, -16799, 10011, 24085, -3896, -28222, -4239, 32215, 11754, -33102, -19400, 32418, 27096, -29881, -34405, 27958, 38252, -23027, -39122, 15095, 31503, -5270, -19184, -6666, 4365, 15896, 7421, -18027, -14448, 12039, 16535, -996, -11555, -11317, 1861, 22559, 9949, -28052, -19960, 29226, 25270, -27477, -22719, 27170, 12248, -28648, 2725, 33829, -17898, -41477, 26878, 46605, -33505, -49807, 35591, 49494, -33990, -43638, 31768, 34907, -28922, -24799, 27231, 17487, -26299, -12820, 23719, 12901, -21245, -16439, 18542, 23119, -15447, -28685, 11600, 33837, -7266, -38203, 2039, 43125, 4922, -47483, -24393, 54999, 35731, -54525, -46968, 50319, 54431, -43005, -56377, 34600, 48746, -27596, -32268, 18981, 8743, -6705, 23148, -9087, -58480, 28657, 95423, -51029, -128725, 72777, 156591, -86895, -170441, 89526, 172018, -67941, -156373, 25895, 123735, 29838, -71352, -78885, 9800, 110350, 48354, -118045, -94593, 103348, 116842, -78936, -117839, 50537, 98227, -31166, -69684, 23326, 46922, -32041, -37191, 43419, 40737, -46446, -54821, 33714, 73539, -3296, -84935, -38866, 83079, 77707, -56238, -91027, 26995, 89256, -2701, -72458, -8497, 44858, 2810, -16461, 16226, -4718, -42830, 12947, 65928, -6084, -71955, -15294, 71038, 29959, -55569, -36307, 33656, 31902, -11374, -18921, -7668, 986, 16124, 15535, -14455, -24912
1791219448.954, MrmFullScanInfo, 645, 107, 2058356, 0, 0, 0, 0, 10000, 39297, 32, 2, 2, 1, 480, 0, 0, 0, 0, 0, 0, 167904, -228514, -311432, 479297, 360965, -535636, -379852, 348626, 435384, -31444, -507971, -255690, 507030, 432136, -371952, -522425, 136262, 579391, 107542, -566302, -278505, 390901, 327935, -47092, -246888, -336978, 77628, 610121, 89619, -723655, -180578, 712479, 187140, -643864, -147345, 576519, 117862, -544083, -137198, 547339, 206066, -533468, -299820, 416467, 402182, -170231, -489341, -124909, 494070, 364847, -351855, -519873, 90378, 611949, 177367, -639941, -357100, 571550, 443452, -393344, -490757, 154810, 541314, 43199, -584687, -98910, 581724, -21095, -514319, 232782, 415155, -372294, -354046, 319472, 383626, -100459, -484539, -154351, 560343, 339744, -504769, -446234, 290254, 515313, 4867, -546367, -266872, 478457, 441089, -273688, -537591, -11791, 556316, 272378, -464061, -435067, 257323, 471515, -10359, -377057, -159631, 183237, 168919, 25728, -20521, -144715, -197155, 112440, 362542, 47795, -384149, -246195, 244309, 380636, -4845, -384103, -231932, 251083, 379745, -39615, -402630, -161848, 317884, 283760, -180455, -302428, 56165, 236685, 8743, -132127, -5333, 40725, -41400, 2445, 89712, 6710, -101995, -44625, 64981, 74722, 4087, -67779, -71145, 20375, 105267, 42952, -93057, -87530, 44709, 90428, 12683, -50943, -52549, -11127, 62716, 66695, -47619, -93774, 23114, 88186, -7755, -61740, 11515, 34040, -29169, -23626, 44894, 38813, -42437, -72207, 14866, 104090, 32409, -113227, -85730, 88774, 129835, -36992, -151927, -22478, 144267, 68424, -109415, -88064, 61477, 79942, -19553, -51952, -2381, 18096, 1461, 6711, 14398, -12788, -30889, -946, 34765, 27264, -20742, -53473, -7087, 67061, 39196, -62542, -64868, 43638, 75846, -19124, -70198, -2309, 53221, 15218, -33669, -19014, 19082, 17558, -13046, -16044, 14069, 18304, -16989, -25528, 16891, 35446, -11685, -43042, 1850, 43865, 10064, -36853, -19684, 24128, 22823, -9512, -18057, -2728, 7382, 9507, 4875, -10163, -13724, 6230, 15847, -598, -11363, -3185, 3149, 2650, 5070, 1710, -9864, -6734, 9096, 8810, -3038, -5515, -5657, -3653, 13414, 16931, -17011, -30943, 14627, 42184, -6915, -47962, -2749, 46714, 10505, -38735, -14669, 26733, 16017, -14646, -16087, 5491, 15923, -185, -16212, -2129, 17486, 3146, -19949, -4436, 22894, 6987, -24556, -11127, 23148, 16296, -18147, -20776, 10504, 22302, -1804, -19297, -6359, 11805, 12697, -1418, -16290, -9536, 16572, 19218, -13474, -26899, 7673, 32600, -342, -36404, -7526, 38410, 15283, -38824, -22184, 37545, 27054, -33807, -28488, 26512, 25601, -15235, -18825, 1388, 10022, 11455, -1386, -18918, -5486, 18245, 9655, -9694, -10432, -3802, 7559, 18115, -1714, -29513, -5179, 35976, 10172, -37558, -10223, 35824, 3665, -32951, 8611, 30845, -23433, -30466, 36977, 31566, -46385, -32889, 50509, 32796, -49680, -30010, 45280, 24412, -39192, -17211, 33163, 10429, -28283, -6076, 24925, 5472, -23021, -8720, 22213, 14697, -21782, -21734, 20842, 28608, -18671, -34997, 14286, 41574, -6745, -49150, -3647, 57113, 15128, -63051, -25696, 64534, 33794, -60917, -37471, 52968, 34504, -41383, -23410, 25888, 4392, -5585, 20674, -19977, -48792, 49994, 76610, -81892, -100943, 111202, 119138, -131555, -129469, 135590, 131368, -117355, -124723, 75853, 108812, -17339, -82632, -45812, 46641, 99275, -4527, -132020, -36786, 139825, 69036, -125851, -85626, 98653, 84667, -69158, -70117, 47300, 50160, -38227, -33710, 39957, 27458, -44493, -34034, 42257, 51128, -27008, -71379, -563, 84823, 33101, -83932, -60597, 68223, 75011, -44627, -72714, 23172, 54901, -12021, -27247, 14409, -1570, -27760, 22277, 45640, -28553, -61001, 20431, 68414, -4281, -64855, -11261, 50301, 19865, -28310, -19249, 5071, 10872
1791219448.954, MrmFullScanInfo, 645, 107, 2058356, 0, 0, 0, 0, 10000, 39297, 32, 4, 2, 1, 480, 0, 0, 0, 0, 0, 0, -617, 35, 1110, -107, -1000, 247, 510, -302, -289, 315, 609, -477, -849, 678, 173, -531, 975, -70, -1312, 599, -677, -250, 4835, -1230, -8477, 2973, 8894, -3520, -5992, 2479, 2167, -661, 1065, -1101, -3521, 2289, 5196, -2746, -5744, 1754, 5017, 3930, -4546, -14393, 4858, 22820, -963, -23126, -11331, 17984, 25042, -13588, -28016, 13397, 17346, -23780, 721, 51304, -6360, -87745, -34894, 106299, 142245, -78558, -287188, 11393, 411982, 45924, -471643, -62550, 448161, 76561, -355653, -131415, 235731, 192946, -128739, -193503, 50950, 125750, 118, -44023, -33551, -4593, 53742, 10702, -56432, 7223, 46106, -24904, -49759, 33718, 87758, -34862, -142026, 25744, 174109, -4870, -162586, -17218, 109515, 26759, -33597, -23141, -33273, 14806, 64227, -10198, -56735, 14037, 30778, -24873, -8790, 36962, 2484, -46936, -13122, 55109, 36749, -61010, -68599, 61211, 101447, -49973, -124215, 23288, 127449, 15056, -109999, -51529, 80035, 71172, -49865, -68787, 28974, 50896, -19460, -28417, 17337, 8825, -17067, 5736, 14909, -15496, -9750, 20286, 1891, -19781, 8010, 15036, -18275, -8380, 25956, 1961, -28407, 3195, 25252, -6897, -18933, 8926, 12914, -8418, -8944, 4349, 6032, 3250, -1827, -12646, -5079, 21208, 13432, -26714, -20290, 28162, 23995, -26148, -25097, 22488, 24312, -19037, -21116, 17031, 14957, -16968, -6541, 18501, -1685, -20433, 6641, 21086, -6683, -18857, 2642, 13002, 3258, -4457, -8965, -4486, 13306, 11616, -16067, -15868, 17854, 17127, -19683, -15608, 22370, 11919, -26036, -7217, 29884, 2992, -32461, -383, 32445, -173, -29312, -1063, 23662, 3521, -16936, -6547, 10778, 9514, -6161, -11985, 2988, 13954, -615, -15838, -1348, 18064, 2719, -20471, -3078, 22107, 2353, -21745, -944, 18864, -586, -14047, 1970, 8500, -3219, -3271, 4231, -917, -4623, 3567, 4135, -4455, -2784, 3814, 747, -2141, 1764, -27, -4308, 2090, 6404, -3464, -7925, 3980, 8981, -3986, -9507, 3938, 9275, -3973, -8372, 3893, 7282, -3398, -6403, 2323, 5683, -729, -4762, -1090, 3325, 2758, -1103, -4037, -1954, 5017, 5374, -5834, -8273, 6427, 9960, -6611, -10330, 6183, 9779, -4858, -8911, 2457, 8161, 866, -7495, -4634, 6513, 8225, -4752, -11045, 1958, 12777, 1575, -13364, -4880, 12894, 6789, -11651, -6629, 10190, 4616, -9065, -1755, 8393, -557, -7823, 1250, 6847, -189, -5126, -1673, 2677, 2999, 107, -2889, -2441, 1282, 3477, 1210, -2874, -3544, 1227, 4541, 171, -3479, 11, 742, -2596, 2199, 7619, -3403, -14230, 1381, 20968, 4091, -26193, -11653, 28491, 19045, -26958, -24238, 21609, 26233, -13591, -25330, 4903, 22770, 2385, -19873, -7146, 17338, 9767, -15273, -11659, 13560, 14060, -12001, -17243, 10388, 20613, -8597, -23204, 6358, 24332, -3438, -23915, 183, 22229, 2654, -19586, -4756, 16484, 6464, -13700, -7915, 11789, 8689, -10488, -8176, 8744, 6268, -5589, -3470, 1174, 614, 3112, 1661, -5461, -2860, 4992, 2356, -2110, 517, -1975, -5818, 5897, 12775, -8394, -20219, 8569, 26791, -6321, -31041, 2374, 31813, 1829, -28809, -4673, 22726, 5076, -14944, -3036, 7108, -348, -742, 3583, -3160, -5405, 4627, 5197, -4539, -3013, 4110, -367, -4270, 3605, 5028, -5054, -5335, 3331, 3725, 1719, 892, -8697, -9132, 15586, 21046, -20851, -35574, 23682, 50298, -23633, -61822, 20249, 67248, -13604, -65479, 5310, 57272, 1779, -44395, -5438, 29043, 5431, -13756, -3055, 1067, 194
1791219448.954, MrmDetectionListInfo, 645, 144, 52, 9926, 53, 12430, 54, 13537, 55, 13567, 56, 14055, 57, 15997, 58, 18735, 59, 20773, 60, 21182, 61, 20128, 62, 18444, 63, 17109, 64, 17275, 65, 20585, 66, 28629, 67, 41493, 68, 57740, 69, 65535, 70, 65535, 71, 65535, 72, 65535, 73, 65535, 74, 65535, 75, 65535, 76, 65535, 77, 65535, 78, 65535, 79, 65535, 80, 65535, 81, 65535, 82, 65535, 83, 65535, 84, 65535, 85, 65535, 86, 65535, 87, 65535, 88, 65170, 89, 37180, 90, 21789, 91, 20518, 92, 26684, 93, 32233, 94, 33946, 95, 32668, 96, 30768, 97, 31087, 98, 35365, 99, 43209, 100, 53398, 101, 65203, 102, 65535, 103, 65535, 104, 65535, 105, 65535, 106, 65535, 107, 65535, 108, 65535, 109, 61932, 110, 46052, 129, 65535, 130, 65535, 131, 65535, 132, 65535, 133, 65535, 134, 65535, 135, 65535, 136, 65535, 137, 65535, 138, 65535, 139, 65535, 140, 65535, 141, 59080, 143, 41958, 316, 7164, 317, 7583, 318, 8301, 319, 9105, 320, 9631, 321, 9641, 356, 9054, 357, 10309, 358, 12082, 359, 14642, 360, 17663, 361, 20516, 362, 22695, 363, 24021, 364, 24530, 365, 24266, 366, 23224, 367, 21444, 368, 19089, 373, 11977, 374, 12755, 375, 13282, 376, 13268, 377, 13003, 378, 12924, 379, 13166, 380, 13571, 381, 13973, 382, 14356, 383, 14754, 384, 15129, 385, 15361, 386, 15342, 387, 15026, 389, 13572, 390, 12566, 391, 11701, 392, 11345, 393, 11509, 394, 11719, 395, 11542, 396, 11029, 397, 10542, 398, 10297, 399, 10205, 400, 10069, 422, 13340, 423, 14987, 424, 16399, 425, 17476, 426, 17944, 427, 17725, 428, 17092, 429, 16462, 430, 16033, 431, 15651, 432, 14931, 433, 13527, 463, 30272, 464, 34554, 465, 38286, 466, 40974, 467, 42447, 468, 42721, 469, 41795, 470, 39659, 471, 36464, 472, 32647, 473, 28812, 474, 25427, 475, 22567
1791219449.079, MrmFullScanInfo, 646, 107, 2058481, 0, 0, 0, 0, 10000, 39297, 32, 1, 2, 1, 480, -422397, 491277, 418326, -480479, -453189, 446834, 504123, -373880, -519945, 106229, 520160, 340955, -496180, -499453, 375418, 517466, -111485, -520192, -172247, 519594, 322472, -512276, -474078, 481991, 520192, 512404, -185306, -520131, -403161, 500640, 351208, -503458, -435433, 506145, 282916, -517402, -296153, 518014, 230113, -516391, -305546, 516640, 439481, -505825, -516658, 368337, 520192, 97579, -519875, -491196, 448749, 519079, -183177, -520192, -185048, 519887, 435680, -511149, -510358, 439738, 519377, -239745, -520188, -71086, 519430, 97345, -127907, 90193, -413518, -300741, 494896, 507489, -231312, -514177, -390833, 510498, 519829, -208856, -520192, -397949, 513256, 518791, -308880, -520101, 10955, 520003, 282732, -510063, -490663, 406894, 519513, -40129, -520191, -405037, 482176, 519158, -46468, -519677, -340593, 495243, 466942, -298226, -446423, 12254, 129674, 156262, 258380, -124289, -492716, -96908, 497046, 363149, -360259, -461575, 68514, 418479, 192122, -254782, -337865, -12637, 310931, 254404, -148283, -326882, -33400, 285765, 183747, -172996, -241452, 15866, 173536, 104576, -66530, -129178, -16676, 84280, 67516, -7353, -35091, -52266, -60129, 55833, 126365, -2856, -129490, -80654, 80275, 132633, 12314, -117950, -104626, 57250, 141783, 19562, -113928, -84428, 58384, 109892, -1024, -82982, -40385, 36795, 30877, -1583, 17174, -12370, -65432, -4536, 83701, 59156, -59465, -109172, 2418, 127361, 80294, -108033, -118436, 47026, 150742, 28949, -144842, -91123, 106609, 114022, -46859, -103209, -7589, 69792, 32462, -27751, -29714, -3444, 15394, 8069, 8648, 10635, -19035, -39405, 1329, 65505, 37085, -77375, -72774, 66576, 99154, -35373, -105855, 4937, 92594, 19833, -58042, -35036, 25318, 38318, -1698, -32110, -12544, 30097, 16622, -33367, -13633, 36293, 13622, -40506, -22288, 43714, 30754, -37978, -36442, 22869, 40474, -6512, -38729, -7065, 25843, 17724, -9053, -21430, -6065, 16991, 18134, -8421, -22202, 2778, 16885, -280, -8522, 2467, 5733, -10447, -7050, 19723, 13132, -21972, -22701, 17337, 33556, -5361, -36179, -9731, 32690, 28071, -23621, -39376, 9444, 43734, 6811, -41828, -17306, 32564, 19198, -19348, -12339, 9518, 9246, -2997, -5888, 1815, 4689, -2387, -7088, 3956, 12281, -2620, -18540, -1469, 25330, 7180, -30105, -14084, 24860, 20250, -15808, -23047, 5497, 21610, 3430, -14253, -9856, 6453, 11440, 2136, -9604, -10353, 6407, 14188, -1405, -16903, -4264, 19988, 10720, -21962, -15422, 22184, 21949, -22980, -29861, 22999, 36249, -18866, -36684, 10984, 29434, 415, -14509, -12972, -4136, 22894, 19284, -23567, -28247, 16325, 29398, -2686, -21118, -11811, 5436, 23337, 13013, -28396, -28565, 27859, 37733, -24606, -34218, 22345, 19639, -23772, 2019, 31736, -23566, -43761, 36246, 54333, -43899, -62313, 42251, 63247, -36205, -57655, 25776, 45852, -17947, -29724, 11880, 15942, -10041, -6009, 11803, 2564, -13637, -3768, 17070, 10459, -18497, -16395, 17974, 23829, -14138, -30111, 7561, 36626, 2740, -40516, -23684, 45295, 36334, -41532, -46806, 35701, 51928, -27239, -51183, 20464, 40848, -16168, -22984, 13178, -361, -7492, 32179, -1676, -65235, 17353, 101306, -40056, -134390, 63893, 163582, -82935, -182245, 86538, 189524, -66047, -178050, 21505, 146538, 36464, -93466, -91360, 26287, 128066, 40482, -134348, -92824, 117073, 121501, -85469, -123102, 51847, 102341, -25764, -70565, 20252, 44642, -29821, -31045, 43730, 34036, -51326, -50515, 40867, 71749, -10388, -86687, -33092, 86193, 76383, -53232, -96021, 18158, 98713, 11886, -83385, -29893, 57406, 32184, -30144, -20451, 8118, -243, 2603, 19783, -723, -31266, -9079, 36105, 16585, -32255, -18600, 23606, 12321, -11634, 779, 2082, -14656, 2320, 25902, -1961, -30461
1791219449.094, MrmFullScanInfo, 646, 107, 2058481, 0, 0, 0, 0, 10000, 39297, 32, 2, 2, 1, 480, 0, 0, 0, 0, 0, 0, 168249, -228954, -311981, 480166, 361334, -536002, -380022, 347385, 436187, -28923, -510059, -257796, 509803, 432690, -373795, -521859, 136195, 578898, 108843, -566472, -280541, 391676, 331592, -48470, -253357, -335062, 86275, 608266, 81429, -722666, -176088, 712887, 188700, -645855, -154976, 580020, 129246, -548457, -148634, 550823, 214468, -535482, -303929, 419132, 403129, -175896, -493437, -115903, 513746, 351825, -395112, -501360, 148160, 593163, 125783, -634555, -324691, 589438, 427011, -440869, -455247, 248323, 384024, -107079, -164345, 66109, -153208, -110831, 381369, 216156, -359071, -352730, 110633, 433306, 205984, -352321, -452634, 105910, 565903, 188789, -514893, -418861, 308943, 556163, -24469, -598327, -236990, 512286, 421174, -281643, -514896, -29770, 489510, 316434, -318526, -507605, 51221, 570756, 185967, -487045, -276478, 276407, 183104, -25976, 39142, -140263, -280596, 140685, 436494, 6647, -446152, -202468, 308243, 334609, -80855, -334398, -141844, 200941, 275251, 3355, -280157, -188898, 173873, 286465, -17508, -273466, -115697, 173089, 176601, -39811, -158723, -65614, 91734, 105264, -21659, -79000, -12104, 17896, -2785, 34376, 47044, -44332, -85894, 7364, 90577, 51182, -52103, -94734, -14415, 98225, 78142, -59406, -111461, -2420, 104704, 57578, -68040, -82809, 24581, 72914, 1335, -40164, 2105, 6610, -27401, 5915, 54410, 12874, -62453, -55021, 41392, 98062, 4643, -117308, -61609, 99371, 112630, -49774, -142300, -11163, 139893, 61032, -105980, -85779, 54646, 82851, -6427, -59571, -22630, 29888, 27486, -8675, -14558, 5301, -1903, -20463, 7467, 46865, 4365, -72003, -29866, 83643, 59009, -76068, -80446, 52233, 85859, -20588, -73792, -9380, 50094, 30624, -24067, -41071, 3725, 43457, 6983, -42297, -9335, 41190, 8407, -41751, -9136, 42921, 13502, -41479, -20693, 34803, 28073, -23016, -31895, 8492, 29180, 5567, -19718, -15929, 6245, 20471, 6913, -19299, -15489, 14575, 17373, -9487, -13873, 7246, 8644, -9575, -5351, 15301, 6383, -20768, -12237, 22075, 21108, -16852, -29554, 5085, 34193, 10703, -32914, -26385, 25446, 37931, -13847, -42606, 2117, 39505, 6098, -30062, -9631, 18021, 9688, -7775, -8261, 2125, 7059, -1187, -7426, 2963, 10234, -4827, -15573, 4888, 22136, -2423, -27194, -2425, 28033, 8777, -23749, -14756, 15616, 18051, -5964, -17160, -2810, 12123, 8954, -4357, -11709, -4065, 11200, 11437, -8006, -17179, 3079, 21575, 2524, -24974, -8264, 27633, 14217, -29648, -20226, 30439, 25096, -28427, -26832, 21796, 23769, -9886, -15796, -5497, 4736, 19963, 6566, -28242, -15462, 26951, 19992, -16294, -18879, -252, 11941, 17634, -617, -31290, -11794, 38701, 20701, -39795, -21705, 36512, 12651, -31941, 4902, 29136, -26201, -29871, 45426, 33891, -58007, -39119, 61794, 42722, -57132, -42279, 46447, 36812, -33262, -27234, 21194, 16075, -12916, -6346, 9587, 403, -10737, 794, 14720, 2239, -19275, -8148, 22197, 15634, -21964, -23848, 17475, 32457, -8310, -41108, -4355, 48516, 17825, -52506, -29307, 51577, 36787, -46154, -38422, 37897, 32601, -28114, -18558, 16679, -2983, -2122, 29878, -17432, -59018, 42957, 87103, -73248, -111356, 104021, 129941, -127880, -141961, 135813, 146929, -120322, -143838, 79340, 130576, -18559, -104868, -49219, 66566, 108047, -19576, -144590, -28135, 152977, 66725, -136109, -88044, 103798, 89221, -69197, -73991, 44113, 51096, -34370, -30889, 37622, 21795, -45062, -27585, 45955, 45996, -32769, -68492, 5017, 83273, 30690, -81557, -63954, 62864, 85072, -34674, -88681, 7358, 75251, 10556, -50474, -15099, 22933, 7545, -1051, 7079, -9997, -22549, 10248, 33600, -4281, -36926, -1715, 31719, 3216, -19954, 1044, 5813, -9307
1791219449.094, MrmFullScanInfo, 646, 107, 2058481, 0, 0, 0, 0, 10000, 39297, 32, 4, 2, 1, 480, 0, 0, 0, 0, 0, 0, 52, -427, -34, 807, -72, -209, 32, -1449, 703, 2752, -1862, -2403, 2501, 895, -1940, 358, 549, -592, 596, 158, -2218, 610, 5538, -1827, -9774, 3067, 12094, -3223, -10527, 1956, 5427, 123, 1762, -2354, -8706, 4295, 13107, -5340, -13436, 4066, 10219, -287, -5867, -3330, 2949, 3738, -4684, -412, 15731, -5927, -34551, 13499, 48545, -13731, -46718, -4767, 34418, 40062, -21797, -83593, 30755, 132672, -123244, -168808, 344912, 143604, -621273, -35310, 760987, -77745, -643612, 74271, 359928, 56469, -107515, -187088, -7284, 202354, 23563, -116841, -16761, 18921, 18520, 34797, -22287, -44412, 17410, 30942, -5230, -8635, 4016, -15551, -37449, 41173, 102263, -73506, -153534, 109113, 144886, -127307, -80302, 109087, 3928, -57938, 43594, -688, -53635, 39910, 46383, -51911, -45450, 48563, 57168, -44344, -71737, 42876, 80339, -38752, -83926, 27392, 88791, -9448, -98305, -11990, 110469, 34489, -120859, -55847, 126149, 72760, -124915, -81805, 116813, 81303, -102729, -72062, 84208, 57334, -62322, -41735, 37382, 29219, -10206, -21440, -16562, 17724, 38718, -16055, -51847, 14569, 53210, -12378, -43174, 9619, 25337, -7286, -5468, 7008, -10275, -10283, 17537, 17246, -15148, -25771, 4965, 32164, 9564, -33313, -24386, 28440, 35523, -19333, -40273, 9162, 38275, -965, -31443, -3464, 22835, 3785, -15393, -590, 11076, -4918, -10363, 11208, 12909, -16905, -17856, 21089, 23559, -23059, -28031, 22370, 30246, -19301, -30595, 15016, 29909, -10785, -28556, 7344, 26344, -4373, -23064, 787, 18977, 4217, -14537, -10438, 9822, 16886, -4595, -22463, -1307, 26119, 7706, -26976, -13976, 24522, 19255, -18920, -22747, 11181, 23900, -2999, -22477, -3718, 18782, 7581, -13713, -8197, 8443, 6360, -3959, -3642, 865, 1616, 746, -1224, -1365, 2670, 2032, -5555, -3859, 9047, 7476, -12185, -12573, 14277, 17994, -14922, -22192, 14049, 23840, -11911, -22349, 9102, 18170, -6433, -12627, 4709, 7268, -4396, -3338, 5378, 1384, -6887, -1236, 7880, 2377, -7558, -4243, 5697, 6275, -2590, -7825, -1058, 8333, 4336, -7501, -6551, 5495, 7519, -2918, -7435, 562, 6636, 957, -5389, -1476, 3898, 1282, -2316, -898, 738, 864, 709, -1475, -1901, 2615, 2817, -3782, -3632, 4542, 4484, -4733, -5244, 4351, 5645, -3439, -5459, 2262, 4647, -1151, -3433, 189, 2405, 805, -2237, -2058, 3305, 3705, -5402, -5756, 7820, 7954, -9642, -9738, 10074, 10366, -8732, -9191, 5831, 6026, -2195, -1265, -1015, -4110, 2707, 8668, -2201, -10821, -397, 9440, 4098, -4409, -7311, -3222, 8597, 11431, -7351, -17809, 3940, 20353, 672, -18253, -5244, 12228, 8433, -4164, -9183, -3426, 7261, 8344, -3330, -9496, -1297, 7268, 5142, -3046, -7105, -1485, 6824, 4883, -4665, -6289, 1595, 5498, 1068, -2952, -2103, -343, 940, 3208, 2056, -4818, -5727, 4964, 8638, -3849, -9615, 1857, 8118, 672, -4440, -3373, -376, 5823, 4872, -7570, -7738, 8394, 8276, -8518, -6611, 8557, 3599, -9133, -448, 10370, -1747, -11699, 2279, 12154, -754, -10898, -2531, 7765, 6316, -3289, -8806, -1489, 8854, 5325, -6466, -7162, 2771, 6516, 525, -3572, -2168, -868, 1936, 5429, -338, -8661, -1921, 9779, 4013, -8942, -5112, 7185, 4581, -5841, -2103, 5616, -1923, -6228, 6373, 7067, -10202, -7874, 13125, 8704, -15297, -9712, 16677, 10840, -16555, -11753, 13825, 12067, -7998, -11397, -65, 9419, 8642, -6116, -15943, 2117, 20461, 1573, -21229
1791219449.094, MrmDetectionListInfo, 646, 115, 57, 10178, 58, 16736, 59, 23927, 60, 29565, 61, 32136, 62, 31209, 63, 27750, 64, 24845, 65, 26552, 66, 34335, 67, 46091, 68, 60248, 69, 65535, 70, 65535, 71, 65535, 72, 65535, 73, 65535, 74, 65535, 75, 65535, 76, 65535, 77, 65535, 78, 65535, 79, 65535, 80, 65535, 81, 65535, 82, 65535, 83, 65535, 84, 65535, 85, 65535, 86, 65535, 87, 65535, 88, 61146, 89, 34535, 90, 17099, 91, 14252, 92, 23617, 93, 34180, 94, 35967, 95, 28382, 96, 17678, 100, 19508, 101, 37745, 102, 61466, 103, 65535, 104, 65535, 105, 65535, 106, 65535, 107, 65535, 108, 65535, 109, 65535, 110, 65535, 116, 43024, 117, 48747, 118, 51065, 119, 49999, 120, 49082, 121, 51054, 123, 58915, 126, 59985, 127, 58395, 129, 53427, 130, 52039, 131, 53840, 132, 59648, 133, 65535, 134, 65535, 135, 65535, 136, 65535, 137, 65535, 138, 65535, 139, 65535, 140, 65535, 141, 65535, 142, 65535, 143, 65535, 144, 65535, 145, 65535, 146, 62383, 147, 52571, 148, 42668, 157, 34138, 197, 19209, 198, 21619, 199, 23593, 200, 24958, 201, 25711, 203, 25531, 204, 24705, 205, 23558, 206, 22256, 207, 20922, 229, 20394, 230, 19683, 231, 18565, 232, 16910, 259, 16825, 260, 17933, 261, 18573, 262, 18696, 263, 18283, 264, 17355, 265, 15976, 266, 14251, 267, 12320, 360, 11711, 361, 12239, 362, 11743, 363, 10882, 364, 10230, 383, 5185, 384, 5351, 385, 4767, 413, 7860, 414, 7399, 470, 12559
1791219449.204, MrmFullScanInfo, 647, 107, 2058606, 0, 0, 0, 0, 10000, 39297, 32, 1, 2, 1, 480, -421860, 491681, 419954, -480737, -454824, 447569, 504205, -370741, -519897, 112014, 520155, 341080, -494179, -498781, 370225, 517963, -118396, -519934, -173563, 519670, 324510, -512415, -472648, 482468, 520186, 511437, -183951, -520105, -400547, 499951, 358179, -502985, -435077, 505952, 283615, -517602, -295216, 517886, 226132, -516541, -302411, 515222, 443873, -505888, -516006, 374745, 520192, 83398, -520112, -490807, 452766, 519506, -147801, -519684, -281316, 519209, 493793, -485491, -519424, 301658, 520178, -18893, -520087, -362659, 499171, 489182, -87217, -382057, -508271, 72992, 519939, 405098, -482217, -514364, -29199, 515949, 469811, -248243, -520188, -411926, 508094, 519927, -222464, -520121, -133532, 518806, 422743, -474665, -515967, 270120, 520149, 141916, -520155, -466436, 469349, 519517, -58425, -519247, -312546, 495688, 475250, -290532, -495241, 17256, 266609, 104905, 58721, -69046, -291573, -125028, 357840, 373337, -216040, -457320, -45842, 403345, 264675, -236996, -369926, -28794, 319654, 267327, -145438, -348515, -39317, 318109, 186525, -228045, -253646, 101311, 201086, -1831, -114211, -16906, 46250, -21258, -2576, 74449, 24663, -107238, -99839, 92340, 148787, -22458, -138670, -75101, 83331, 136064, 9494, -131377, -103284, 76471, 138897, -5526, -109123, -56431, 53710, 77736, 3198, -51112, -39300, 10869, 26267, 16790, 23595, -20818, -70546, -3554, 86832, 61465, -61880, -112896, 3818, 131730, 77852, -112531, -114146, 55015, 148873, 17215, -146386, -76614, 111497, 97396, -56689, -83389, 6455, 49521, 18388, -7577, -15379, -20445, -3309, 21648, 23926, 4136, -32609, -40966, 14555, 74920, 22783, -94923, -57877, 90230, 83843, -62931, -92008, 32601, 80092, -6165, -46334, -13061, 16884, 21164, 3494, -18784, -14032, 19397, 15397, -25147, -10566, 30392, 10855, -34460, -18817, 39226, 27723, -33286, -34368, 18423, 40562, -1498, -39176, -12536, 29570, 22697, -14935, -25742, 3149, 20224, 7136, -11755, -7276, 7296, 783, -5328, 10893, 7817, -16463, -16093, 15583, 25322, -8259, -27394, -5486, 21507, 21612, -8744, -31193, -8526, 33200, 27798, -29439, -40464, 18313, 46240, -3461, -43372, -7358, 34552, 10982, -20598, -6794, 9729, 6141, -3548, -5172, 445, 6627, 669, -10772, -446, 16842, 1926, -23125, -7108, 29876, 13030, -34414, -19596, 29855, 25174, -20838, -27697, 10315, 25055, -510, -17796, -5898, 7962, 7337, 2524, -4769, -11457, 1696, 16399, 2610, -20819, -8684, 24742, 13208, -27002, -17871, 26681, 25144, -25501, -32723, 22647, 37332, -16131, -37057, 4971, 28149, 8283, -12087, -22277, -6868, 32055, 22858, -32315, -30616, 22645, 31390, -7210, -23106, -8776, 7943, 22258, 7794, -28237, -19390, 28482, 24239, -25620, -19128, 24909, 5047, -28114, 13227, 36830, -29442, -49509, 35450, 60287, -38393, -68027, 35337, 70613, -27756, -66567, 22150, 56090, -17154, -42386, 15066, 30898, -13979, -22803, 16889, 19862, -16709, -22126, 16050, 27171, -15392, -31912, 12005, 36354, -6361, -39551, -2514, 41984, 14132, -42558, -37475, 45657, 50642, -41570, -60304, 34991, 64333, -26034, -60111, 19255, 47397, -12243, -27268, 7291, 1755, 70, 32149, -10630, -69879, 26270, 111420, -46042, -149210, 66993, 182137, -83083, -201863, 83872, 203817, -63269, -185305, 17664, 144570, 42376, -82922, -95155, 10013, 127422, 55709, -132840, -106279, 116452, 132459, -87107, -131787, 56169, 110289, -34275, -81452, 26677, 58201, -34412, -48355, 44803, 52747, -47364, -68038, 33922, 84631, -1566, -90696, -41535, 82340, 80539, -45400, -90184, 6836, 84953, 27571, -65405, -47386, 36370, 48463, -6993, -33177, -13640, 6395, 21047, 19839, -13351, -34185, -6438, 41230, 23987, -36888, -33442, 25763, 34082, -11408, -25687, -972, 11405, 5792, 2720, -3813, -11642
1791219449.204, MrmFullScanInfo, 647, 107, 2058606, 0, 0, 0, 0, 10000, 39297, 32, 2, 2, 1, 480, 0, 0, 0, 0, 0, 0, 168650, -229064, -312748, 480487, 362035, -536734, -380109, 348557, 435092, -29949, -508147, -257591, 508425, 433016, -373739, -522016, 136870, 578754, 108386, -566433, -280296, 391954, 331329, -48958, -252825, -334590, 85114, 608083, 83228, -722925, -177837, 713385, 189340, -646114, -153977, 579570, 127230, -547262, -147094, 549927, 214222, -537022, -304036, 424235, 402265, -182862, -489755, -110805, 500045, 353101, -361672, -511448, 96077, 601227, 181881, -608799, -374662, 491398, 478011, -247935, -520892, -41302, 467492, 262549, -258789, -332731, -73671, 234886, 375898, -16750, -474517, -227240, 313714, 373379, 14910, -329715, -342110, 108710, 519479, 176366, -472492, -416598, 234206, 566312, 70247, -590771, -322135, 453802, 484602, -179693, -560381, -129335, 519896, 374216, -333290, -519326, 48986, 557937, 211942, -479580, -339182, 301388, 291345, -96020, -105768, -36956, -123029, 34554, 287915, 87646, -316021, -248230, 200137, 350729, -138, -331642, -191233, 187587, 296258, 23717, -283029, -216687, 170965, 325359, -17033, -329437, -112644, 251550, 174501, -141194, -163642, 51442, 107343, -13754, -46798, 26547, 17069, -62738, -29186, 85988, 66108, -69588, -97112, 12704, 96647, 58703, -56694, -109704, -8453, 117554, 69388, -81781, -99800, 22562, 91246, 30651, -54925, -55596, 14352, 48074, 6849, -20548, 1506, -5879, -30466, 11167, 59273, 13223, -67539, -58567, 46017, 102890, 380, -122819, -57515, 106316, 108996, -59497, -139918, 2383, 139726, 43315, -108612, -64348, 59826, 59115, -13523, -35654, -13948, 8035, 17332, 8971, -3172, -6130, -14523, -16735, 21999, 51229, -12940, -83660, -9577, 100893, 36602, -96718, -57524, 73978, 64170, -41306, -54885, 8746, 35224, 15708, -13960, -29021, -1724, 33502, 8713, -33779, -8724, 33760, 6748, -35239, -7325, 37179, 12137, -36322, -20258, 30013, 29003, -18474, -34604, 4334, 34058, 8885, -26992, -17901, 15929, 20977, -5138, -18728, -1016, 13509, 291, -8256, 5871, 5810, -13292, -7807, 17443, 13294, -15237, -18895, 5964, 20798, 8188, -16493, -22933, 5717, 33852, 9293, -37891, -24540, 34135, 35960, -24319, -40714, 12473, 37829, -2616, -28743, -3473, 17111, 6394, -7094, -7770, 1237, 9154, 316, -11681, 712, 15945, -1886, -21943, 1370, 28605, 1456, -33571, -6298, 34321, 12238, -29875, -17572, 21362, 20178, -11162, -18502, 1876, 12402, 4624, -3284, -7674, -6558, 7531, 15230, -4907, -22034, 791, 27069, 3975, -30462, -9253, 32336, 15285, -32766, -21634, 31222, 26727, -26334, -28409, 16692, 25080, -2178, -16726, -14910, 5288, 29888, 6295, -37434, -15400, 34441, 20247, -21662, -19871, 3196, 14446, 15442, -5684, -29432, -3328, 36391, 8869, -36924, -7684, 33810, -1529, -30565, 16910, 30077, -34041, -33591, 48183, 40297, -56213, -47760, 57333, 52990, -52649, -53514, 44448, 48465, -35199, -39161, 27074, 28535, -21619, -19730, 19282, 14955, -19428, -14866, 20833, 18525, -22056, -24138, 21562, 30200, -18088, -35983, 10521, 41689, 1558, -47759, -16628, 53479, 31427, -56590, -42767, 55049, 48729, -48669, -48014, 38712, 39771, -26502, -23796, 12347, 683, 4681, 28183, -26073, -60487, 52552, 93099, -82808, -122532, 112631, 145443, -134841, -159143, 140534, 161947, -122069, -153031, 77397, 131837, -13053, -98309, -56785, 54281, 115531, -4699, -150635, -42600, 157689, 78799, -140732, -97210, 109716, 96448, -76949, -81322, 53060, 60733, -43071, -44076, 44492, 38103, -48821, -44761, 45944, 60612, -29173, -77368, -658, 84734, 35426, -75398, -64427, 49600, 79601, -15481, -77842, -15479, 60789, 33754, -34140, -35160, 6221, 21802, 14351, -249, -21740, -21758, 15670, 37970, -1467, -44587, -13205, 40683, 22289, -28612, -23164, 13323, 16642
1791219449.204, MrmFullScanInfo, 647, 107, 2058606, 0, 0, 0, 0, 10000, 39297, 32, 4, 2, 1, 480, 0, 0, 0, 0, 0, 0, 445, -281, -823, 646, 711, -831, -95, 620, -795, 42, 1123, -722, -303, 648, -779, 16, 905, -385, -209, 79, -541, 530, 1598, -1140, -2784, 1508, 3055, -1243, -2005, 368, 321, 565, 1173, -1083, -2114, 1063, 2752, -712, -3363, 577, 3472, -1849, -2166, 4580, 47, -6773, 1828, 6266, -6639, -2165, 17879, -3817, -30543, 1820, 35793, 24453, -35519, -82558, 40729, 160445, -45793, -238267, 14774, 303807, 76549, -341875, -211767, 331331, 344825, -264395, -415288, 154413, 380920, -30752, -257148, -65813, 120399, 99356, -41340, -70602, 33309, 15300, -59699, 22492, 75206, -9781, -67906, -47110, 53548, 100710, -36837, -109448, 4839, 79202, 41990, -46341, -81812, 34701, 99816, -44997, -105437, 67936, 114300, -90707, -126901, 98973, 132753, -85001, -125948, 54396, 108019, -20029, -81602, -8198, 48874, 26468, -14728, -35152, -14784, 37296, 35413, -37261, -46370, 39206, 50284, -45726, -51648, 56798, 54332, -69372, -59559, 78384, 65348, -78967, -67765, 69183, 63386, -51260, -51357, 30152, 33969, -10679, -15512, -4353, 158, 14417, 9625, -20623, -13181, 24538, 11098, -27268, -4865, 29315, -3057, -30560, 9637, 30619, -12241, -29177, 9949, 26191, -3939, -21829, -3578, 16526, 10622, -10941, -15949, 5649, 19080, -869, -19968, -3551, 18659, 7915, -15345, -12230, 10635, 16104, -5505, -19032, 1130, 20646, 1474, -20574, -2165, 18626, 1738, -14998, -1138, 10000, 964, -3864, -1717, -2986, 3802, 9823, -7011, -15848, 10543, 20390, -13444, -22786, 15137, 22464, -15440, -19277, 14422, 13916, -12343, -7822, 9781, 2509, -7558, 1100, 6382, -2756, -6438, 2605, 7331, -959, -8402, -1681, 9175, 4632, -9429, -7161, 9214, 8643, -8862, -8690, 8846, 7288, -9410, -4959, 10578, 2648, -12295, -1213, 14445, 975, -16752, -1601, 18681, 2467, -19464, -3162, 18341, 3670, -15032, -4117, 9917, 4529, -3891, -4812, -1952, 4903, 6728, -4789, -9982, 4626, 11678, -4632, -11997, 4906, 11193, -5245, -9563, 5241, 7533, -4640, -5522, 3571, 3690, -2391, -1888, 1361, 31, -582, 1773, 183, -3379, -209, 4763, 495, -5911, -748, 6697, 817, -6928, -777, 6579, 743, -5944, -624, 5493, 208, -5483, 540, 5755, -1388, -5917, 2091, 5608, -2519, -4688, 2598, 3395, -2262, -2229, 1504, 1576, -314, -1367, -1389, 1264, 3708, -971, -6550, 367, 9523, 600, -12018, -1853, 13422, 3153, -13288, -4207, 11580, 4812, -8737, -4984, 5523, 5040, -2778, -5486, 1227, 6606, -1108, -8164, 1930, 9647, -2727, -10562, 2630, 10525, -1189, -9334, -1557, 7225, 5169, -4751, -9000, 2603, 12410, -1349, -14833, 1223, 15933, -1924, -15848, 2954, 15056, -3977, -14049, 4672, 13199, -4716, -12701, 3993, 12474, -2657, -12193, 809, 11533, 1633, -10287, -4762, 8503, 8408, -6486, -11862, 4546, 14153, -2696, -14585, 801, 13153, 1228, -10463, -3322, 7425, 5189, -4732, -6405, 2374, 6782, 291, -6537, -3927, 6065, 8653, -5683, -13866, 5501, 18335, -5366, -20547, 4808, 19354, -3122, -14651, -69, 7504, 4171, 330, -7703, -7043, 9452, 11449, -9342, -13250, 8238, 12892, -7186, -11285, 6795, 9591, -7007, -8842, 7286, 9461, -7030, -11074, 5945, 12699, -4036, -12951, 1499, 10682, 1289, -5725, -3400, -1030, 3537, 8543, -1229, -16103, -2432, 22876, 5763, -27632, -7842, 29289, 8684, -27498, -8596, 22830, 7669, -16502, -5638, 9825, 2253, -3701, 2267, -1350, -7267, 5037, 11930, -7293, -15417, 8316, 17050
1791219449.204, MrmDetectionListInfo, 647, 105, 59, 10767, 60, 14487, 61, 17842, 62, 20696, 63, 25025, 64, 33470, 65, 47325, 66, 65535, 67, 65535, 68, 65535, 69, 65535, 70, 65535, 71, 65535, 72, 65535, 73, 65535, 74, 65535, 75, 65535, 76, 65535, 77, 65535, 78, 65535, 79, 65535, 80, 65535, 81, 65535, 82, 65535, 83, 65535, 84, 65535, 85, 65535, 86, 65535, 87, 63433, 88, 44611, 89, 33290, 90, 31126, 91, 36415, 92, 44282, 93, 48312, 94, 47062, 95, 46588, 96, 53039, 97, 64919, 98, 65535, 99, 65535, 100, 64280, 101, 51510, 102, 45309, 103, 48805, 104, 56928, 105, 63310, 106, 65535, 107, 65535, 108, 65535, 109, 65535, 110, 65535, 111, 65535, 112, 65535, 113, 65535, 114, 65535, 115, 65535, 116, 65535, 117, 65535, 118, 65535, 119, 65535, 120, 54285, 130, 41768, 131, 43622, 132, 44607, 134, 49214, 135, 52595, 136, 56152, 137, 59984, 138, 64119, 139, 65535, 140, 65535, 141, 65535, 142, 65535, 143, 65535, 144, 65535, 145, 60005, 146, 52131, 147, 43110, 148, 33516, 273, 8404, 333, 7567, 375, 9086, 376, 8938, 377, 8736, 378, 8479, 380, 7789, 381, 7337, 382, 6820, 383, 6357, 384, 6147, 385, 6301, 386, 6737, 390, 8431, 392, 8886, 394, 8528, 413, 10004, 414, 11143, 415, 12138, 416, 12743, 417, 12824, 418, 12349, 427, 7913, 428, 10106, 431, 10836
1791219449.329, MrmFullScanInfo, 648, 107, 2058731, 0, 0, 0, 0, 10000, 39297, 32, 1, 2, 1, 480, -422836, 491175, 418840, -479111, -453072, 446590, 504514, -371958, -519982, 112430, 520111, 337697, -494742, -498509, 368501, 517709, -109536, -520192, -173830, 519647, 323188, -512608, -474111, 481016, 520179, 510948, -189501, -519880, -404103, 501899, 356501, -502251, -436465, 504741, 282693, -518443, -296570, 518585, 229556, -516234, -301410, 516255, 439405, -507218, -516255, 373751, 520192, 92378, -520081, -495261, 443856, 519707, -122385, -520192, -289545, 518265, 490722, -491981, -518422, 352881, 520138, -92416, -520130, -335901, 495678, 509494, 214308, -471081, -519728, 215621, 520192, 183381, -518685, -402791, 373669, 190773, 189380, 214644, -491596, -499905, 444294, 520166, -154742, -520139, -123694, 519034, 396789, -485698, -515174, 290761, 520192, 178236, -519831, -498847, 436012, 520043, 16406, -519477, -335093, 506004, 456954, -406992, -459122, 173574, 195879, -26213, 135472, 17826, -363765, -191113, 408107, 424234, -225218, -474974, -55709, 403716, 274349, -226737, -396414, -55225, 348900, 299662, -173644, -368857, 5809, 339731, 131924, -246295, -195121, 106612, 121355, 126, -15512, -22449, -60433, -11051, 106146, 70364, -67786, -110037, -38553, 89156, 113431, -13923, -122407, -85291, 82952, 152661, 3169, -147993, -92353, 92292, 125629, -20448, -97946, -44984, 46628, 75001, 10021, -53428, -49427, 13378, 39686, 11688, 5237, -20744, -55120, -1134, 76896, 57120, -58529, -105647, 7761, 120293, 62940, -99721, -95597, 41644, 122629, 33622, -113230, -89735, 76524, 108561, -23314, -90653, -22978, 52124, 40917, -4194, -29935, -28729, 3025, 35046, 28962, -10485, -46211, -25706, 34957, 62361, -173, -84230, -36284, 80309, 66729, -52749, -81525, 21960, 73829, 2973, -45515, -23906, 17951, 30497, 2893, -26749, -14707, 25238, 17731, -27454, -13156, 29966, 13134, -31682, -19752, 35296, 26102, -29878, -30883, 14595, 36847, 631, -38270, -12977, 29776, 22373, -17561, -23908, 6913, 16457, 2977, -5648, -5242, -55, -1201, 2975, 9843, -1086, -13600, -8047, 12157, 18725, -4850, -22934, -7481, 20221, 20978, -10177, -29613, -4033, 30458, 20560, -24792, -31420, 13142, 36220, 2018, -34251, -12028, 26957, 14649, -16979, -10733, 10182, 8081, -8823, -4858, 11441, 4165, -14895, -7261, 17687, 12980, -15540, -20599, 7844, 27373, 1689, -34324, -11613, 28590, 21475, -18370, -26577, 8015, 24068, 2460, -16520, -7571, 7389, 7203, 2519, -2730, -10272, -3193, 13431, 8780, -16566, -14745, 19090, 16772, -21921, -19800, 22551, 25059, -24052, -32601, 24410, 38291, -20107, -39470, 10586, 32581, 3992, -17125, -18767, -739, 29797, 16106, -30929, -25056, 22184, 26065, -8113, -18353, -7211, 3842, 18452, 11856, -23765, -24005, 21859, 28728, -18117, -23394, 16008, 9053, -17788, 10033, 26246, -26955, -39344, 35026, 51528, -40419, -60264, 38164, 64828, -33031, -60082, 29869, 51063, -26981, -39722, 25925, 28932, -25663, -22432, 28631, 21703, -27559, -24393, 27852, 30368, -26746, -35599, 22584, 38882, -15949, -40637, 4966, 42102, 8278, -41797, -32464, 43609, 48380, -39249, -60154, 31916, 64272, -23598, -61630, 17022, 48633, -11724, -27804, 7541, 1602, -2568, 35689, -4281, -75945, 15843, 119119, -31626, -160974, 49721, 195544, -65516, -215894, 69055, 219405, -50867, -196781, 15131, 151749, 35164, -84736, -79645, 7390, 107028, 62283, -110363, -112597, 96216, 136347, -73194, -134984, 49415, 111878, -34570, -83559, 34595, 60809, -44117, -51042, 53653, 55934, -52347, -69684, 32990, 84868, 4166, -92355, -50724, 84709, 91539, -48079, -104734, 14792, 101944, 13604, -82265, -29694, 53898, 32869, -24993, -23088, 3660, 4860, 4839, 14089, -2399, -27153, -10430, 34231, 22134, -34099, -28600, 27479, 27828, -17343, -19589, 7900, 6028, -2548, 6077, 3147, -14819
1791219449.329, MrmFullScanInfo, 648, 107, 2058731, 0, 0, 0, 0, 10000, 39297, 32, 2, 2, 1, 480, 0, 0, 0, 0, 0, 0, 168349, -228658, -312273, 479867, 361701, -536631, -379951, 349423, 434778, -31452, -506910, -256431, 505725, 433121, -370300, -523301, 134255, 580118, 109412, -566890, -280701, 391629, 332175, -48570, -254060, -334710, 86029, 608068, 83005, -722877, -178117, 713381, 190058, -646375, -155052, 580226, 128064, -548140, -146822, 550540, 212800, -536461, -302618, 421657, 401641, -178465, -487941, -116059, 493733, 358655, -350987, -517319, 85841, 609649, 186133, -626726, -369755, 524482, 463429, -288861, -483265, -20153, 392458, 298263, -164772, -444756, -137060, 403008, 398990, -213718, -519019, 18533, 418081, 50884, -101350, 19007, -278415, -152849, 503873, 288785, -463001, -416017, 214618, 526770, 88463, -561037, -327381, 440963, 476767, -170046, -542675, -145261, 492695, 395751, -301117, -548260, 28035, 605690, 199265, -556785, -278844, 401100, 188680, -193741, 14651, 37446, -229861, -12345, 358816, 115193, -345662, -264966, 197241, 359450, 22119, -331037, -223319, 177383, 334157, 39621, -326199, -231732, 220169, 333709, -73222, -327497, -48012, 237456, 99326, -114622, -77155, 14429, 12787, 28538, 47892, -13909, -67104, -30011, 34993, 63098, 26522, -54865, -80769, 2606, 98121, 67543, -69311, -119109, 9365, 127548, 50901, -91108, -83791, 29323, 79174, 27997, -46135, -57458, 6408, 53587, 16508, -27923, -10655, 1052, -17387, 7004, 48239, 12768, -61436, -52324, 46599, 90641, -7253, -105317, -43301, 84950, 88918, -35898, -115010, -21568, 111828, 65422, -80275, -82311, 33682, 70851, 8312, -39748, -29962, 4130, 26386, 20099, -4483, -22748, -20946, 3022, 34873, 30727, -29682, -64244, 7571, 83537, 22407, -81815, -48479, 61549, 60766, -31035, -56063, 92, 38961, 23237, -17971, -35573, 821, 38814, 8355, -37296, -10280, 34995, 9240, -34141, -9478, 34152, 12910, -32078, -19472, 25515, 27447, -14852, -33434, 2557, 34090, 8332, -28385, -14943, 18134, 15810, -7129, -11837, -266, 5596, 1462, -94, 2607, -1848, -8338, -1309, 11792, 8446, -10228, -15976, 2862, 19903, 8638, -17652, -20634, 8941, 29103, 4129, -31157, -17909, 26104, 28684, -15950, -33847, 4768, 32543, 3597, -26190, -7490, 18241, 7498, -12438, -5390, 10764, 3276, -12651, -3140, 15663, 6271, -16976, -12893, 14917, 21506, -9402, -28775, 1265, 31283, 8036, -27712, -16106, 19432, 20280, -9306, -19062, 458, 12824, 4833, -3517, -5873, -6238, 3348, 14430, 1204, -20414, -6005, 24503, 9976, -27231, -13411, 29249, 17382, -30971, -22202, 31747, 26717, -29503, -28780, 21898, 26544, -8220, -19670, -9174, 9673, 25110, 938, -33869, -9747, 32173, 14809, -20765, -14792, 3734, 9522, 13446, -521, -26044, -9044, 31737, 15175, -31069, -14365, 26767, 5211, -22442, 10516, 21249, -28604, -24602, 44413, 31634, -54636, -39640, 58162, 45314, -55893, -46113, 50007, 41393, -42850, -32722, 36454, 23096, -32207, -15604, 30571, 12283, -31098, -13479, 32696, 17962, -33834, -23783, 32700, 29468, -27860, -34579, 18367, 39648, -4174, -45254, -12993, 50701, 29797, -53787, -42879, 52493, 50073, -46627, -49917, 37431, 41505, -26180, -24546, 13237, -477, 2157, 32179, -21352, -68053, 45197, 104614, -72918, -137829, 101148, 163646, -123358, -178584, 131002, 180258, -116601, -167362, 77848, 139545, -20236, -97994, -43672, 46492, 98614, 8025, -132667, -56614, 141421, 90745, -128481, -105179, 103142, 100224, -76747, -81828, 58549, 59377, -52033, -42255, 53695, 36869, -55105, -44805, 47273, 62444, -25271, -81271, -8695, 90814, 46213, -84144, -76779, 62115, 92334, -32370, -89934, 4466, 72069, 14049, -45500, -19582, 18714, 12915, 879, 1745, -9242, -18716, 6922, 32713, 1660, -39908, -10676, 38703, 15556, -30226, -14336, 18026, 7730
1791219449.329, MrmFullScanInfo, 648, 107, 2058731, 0, 0, 0, 0, 10000, 39297, 32, 4, 2, 1, 480, 0, 0, 0, 0, 0, 0, -105, 318, 114, -404, -15, -225, 107, 1211, -670, -1661, 1793, 1031, -2972, 290, 3277, -1291, -2351, 1257, 973, -457, -509, -135, 1106, 55, -1668, 260, 1315, -272, -321, 44, -529, 236, 1130, -562, -1437, 826, 1166, -837, -255, 603, -679, -256, 965, -270, -874, 1044, 2878, -2313, -9824, 4762, 19736, -8054, -25290, 9770, 21532, -7085, -11839, -4342, 4173, 31495, 14920, -85349, -57375, 168538, 98274, -255058, -105067, 297435, 110473, -291792, -168102, 297926, 232068, -335082, -210453, 332579, 111095, -234412, -33618, 92354, 25439, 4223, -47613, -31396, 53169, 27561, -36315, -32849, 15545, 49632, 1782, -57549, -21726, 49054, 40821, -40875, -42454, 52549, 17346, -85217, 23572, 119021, -57949, -130908, 68422, 116171, -52148, -86527, 18864, 55832, 16211, -30667, -39744, 10566, 46944, 6678, -42832, -20559, 35852, 28345, -32071, -28865, 33640, 24178, -39704, -17551, 48667, 10931, -59228, -4748, 69180, -824, -74997, 4967, 73498, -6808, -63514, 6725, 46843, -6279, -27664, 6965, 10381, -9262, 2433, 12672, -10357, -16112, 14291, 18505, -15442, -19123, 14782, 17625, -13255, -14336, 11994, 10120, -11888, -5949, 12774, 2629, -13342, -806, 12030, 893, -8136, -2908, 2067, 6544, 5085, -10920, -12114, 14889, 18264, -17527, -23251, 18432, 26824, -17400, -28401, 14281, 27628, -9161, -24754, 2532, 20310, 4712, -14565, -11466, 7595, 16647, 348, -19381, -8572, 19297, 15957, -16795, -21153, 12900, 22987, -8797, -21176, 5290, 16655, -2870, -11078, 1838, 6026, -2109, -2523, 3103, 992, -3937, -1169, 3920, 2337, -2735, -3651, 552, 4368, 2081, -4030, -4576, 2746, 6464, -1294, -7320, 617, 6823, -1134, -5003, 2619, 2282, -4467, 850, 5965, -3868, -6607, 6206, 6363, -7504, -5508, 7766, 4383, -7189, -3271, 5982, 2425, -4290, -2013, 2265, 2046, -78, -2302, -2148, 2558, 4351, -2806, -6350, 3153, 7824, -3473, -8488, 3486, 8160, -3075, -6677, 2287, 3948, -1049, -105, -846, -4383, 3359, 8836, -5926, -12465, 7718, 14560, -8114, -14710, 6939, 13072, -4586, -10247, 1982, 6885, -33, -3569, -846, 942, 880, 528, -639, -882, 812, 566, -1896, -98, 3873, -130, -6187, -59, 7898, 650, -8171, -1470, 6868, 2179, -4627, -2283, 2417, 1466, -934, 127, 447, -1793, -835, 2693, 1805, -2423, -3012, 1282, 4078, 43, -4669, -1043, 4681, 1599, -4301, -1909, 3837, 2272, -3482, -2920, 3246, 3954, -2990, -5304, 2626, 6780, -2220, -8054, 1967, 8775, -1961, -8621, 2024, 7560, -1821, -5867, 1133, 4040, 173, -2575, -2195, 1680, 4876, -1170, -7831, 666, 10535, 110, -12532, -1254, 13633, 2642, -13917, -3925, 13559, 4706, -12638, -4681, 11020, 3797, -8550, -2334, 5384, 740, -1941, 649, -1344, -1651, 4080, 2224, -5856, -2462, 6420, 2512, -5834, -2461, 4412, 2294, -2359, -1763, -431, 544, 4239, 1519, -9176, -4219, 14963, 6931, -20808, -8757, 25484, 9066, -27562, -7620, 25875, 4472, -19918, 23, 10389, -5101, 714, 9746, -10709, -13045, 17171, 14292, -18935, -13068, 16544, 9376, -11876, -3692, 7123, -2902, -3824, 8749, 2592, -12056, -3170, 11717, 4723, -7844, -6268, 1694, 7165, 4764, -7164, -9748, 6510, 12440, -6044, -12876, 6674, 11551, -8216, -9352, 9229, 7531, -8167, -7148, 4603, 8258, 346, -9642, -4792, 9657, 7204, -7596, -6989, 4254, 4407, -1112, -252, -767, -4241, 1174, 7781, -549
1791219449.329, MrmDetectionListInfo, 648, 91, 58, 10645, 59, 13801, 60, 16261, 61, 17390, 62, 16814, 63, 14586, 64, 11281, 65, 8114, 66, 7272, 67, 11606, 68, 23175, 69, 42394, 70, 65535, 71, 65535, 72, 65535, 73, 65535, 74, 65535, 75, 65535, 76, 65535, 77, 65535, 78, 65535, 79, 65535, 80, 65535, 81, 65535, 82, 65535, 83, 65535, 84, 65535, 85, 65535, 86, 65535, 87, 65535, 88, 46718, 89, 24978, 90, 19538, 91, 27276, 92, 39796, 93, 45910, 94, 41038, 95, 31271, 96, 25503, 97, 26171, 98, 29355, 99, 31652, 100, 33811, 101, 37445, 102, 41514, 103, 43715, 104, 43566, 105, 42594, 107, 45425, 108, 53219, 109, 65535, 110, 65535, 111, 65535, 112, 65535, 113, 65535, 114, 65535, 115, 65535, 116, 56736, 117, 42212, 204, 16683, 285, 8973, 286, 9949, 287, 10815, 288, 11438, 289, 11551, 290, 11086, 292, 9048, 377, 8733, 378, 8892, 379, 8952, 380, 8878, 381, 8611, 382, 8121, 383, 7418, 384, 6526, 385, 5473, 411, 10945, 413, 14963, 414, 16537, 415, 17590, 416, 18056, 417, 17894, 418, 17040, 419, 15443, 427, 11188, 428, 14687, 429, 16603, 430, 16781, 431, 16034, 432, 14955, 433, 13453
1791219449.454, MrmFullScanInfo, 649, 107, 2058856, 0, 0, 0, 0, 10000, 39297, 32, 1, 2, 1, 480, -421763, 490385, 419719, -480548, -453851, 443424, 505958, -369281, -520112, 105782, 520191, 338581, -495631, -498196, 369462, 517405, -112233, -520192, -172782, 519579, 325642, -512564, -477640, 481696, 520192, 511922, -191840, -520119, -399265, 501041, 353728, -502371, -438404, 505713, 283947, -517946, -293907, 517994, 230934, -516726, -304786, 516177, 440430, -504787, -516645, 370126, 520192, 102208, -520008, -493511, 446095, 519470, -159356, -519801, -243769, 519374, 472492, -501063, -517924, 371102, 520134, -80500, -520099, -406063, 465911, 519758, 223409, -511973, -517034, 376019, 520192, 12830, -520065, -231475, 316248, 43070, 375280, 245719, -506336, -494334, 460918, 519843, -207317, -520184, -74399, 519363, 376840, -493331, -515874, 266356, 520183, 238001, -519627, -506109, 422767, 520077, 5973, -518817, -303837, 508784, 424773, -434582, -406424, 187256, 128056, -1372, 200444, -25454, -417121, -151319, 438623, 383864, -254849, -447600, -33160, 378256, 282440, -199798, -422299, -77710, 379708, 306956, -221115, -371761, 56761, 338850, 100397, -230991, -183171, 71455, 131615, 53220, -41218, -88981, -36061, 56589, 85039, 7495, -47727, -49162, -51236, 37132, 119352, 25833, -126436, -111895, 88920, 164942, -2790, -150504, -85035, 88521, 122112, -12968, -104804, -58462, 60575, 91913, -11112, -70218, -21639, 30770, 10533, -516, 36237, -14373, -84674, -3249, 102851, 53586, -77870, -98567, 19667, 112102, 60292, -92149, -103299, 36140, 136318, 36362, -130351, -91758, 95646, 112193, -39579, -96748, -10216, 58317, 31202, -11518, -25472, -25218, 692, 36125, 27332, -15978, -41715, -17849, 26083, 52116, 11852, -73733, -49108, 69859, 78601, -43543, -92216, 14606, 82969, 9364, -55599, -26210, 26680, 30697, -5523, -23671, -7642, 19895, 11307, -20998, -7773, 24121, 8047, -27735, -16887, 32834, 26594, -30360, -36017, 16391, 45057, -855, -48580, -12446, 41007, 21612, -27191, -23504, 14216, 15441, -1480, -5990, -4744, -2233, 2160, 5919, 5256, -3664, -8137, -5485, 6440, 17217, -849, -21798, -10659, 19798, 24891, -9746, -31885, -4324, 32063, 21836, -26678, -33596, 14948, 40164, 21, -39938, -9907, 34093, 13480, -24386, -7334, 17325, 5512, -15761, -2122, 16236, 790, -18870, -3528, 20891, 9268, -18595, -17277, 11531, 26276, -2437, -35792, -6610, 32616, 15490, -24135, -21250, 14380, 19141, -4876, -12484, -584, 3605, 1259, 6022, 1779, -13153, -6419, 15874, 11737, -17975, -17315, 20491, 20945, -21712, -24034, 22497, 28722, -22538, -35396, 22007, 39778, -17568, -40086, 8708, 31869, 4793, -16544, -19634, -2723, 30156, 18544, -31901, -26953, 23478, 27945, -9188, -19083, -5887, 3189, 18394, 13730, -23861, -27300, 22533, 32727, -18674, -27566, 15984, 12205, -17792, 6792, 25645, -23757, -37823, 33299, 48923, -36785, -58534, 36392, 63040, -31850, -60546, 28186, 52494, -25389, -41476, 23527, 31884, -22335, -25135, 24118, 23207, -23748, -25499, 23047, 30674, -22503, -35178, 19657, 38709, -15229, -40676, 6691, 41675, 5233, -41224, -28995, 40980, 44225, -35829, -57181, 27356, 63485, -18250, -61308, 10672, 49849, -5827, -29054, 2464, 2179, 1905, 34212, -6974, -73030, 18098, 115668, -30035, -157060, 44989, 192068, -59904, -214975, 60790, 218863, -45526, -198518, 9581, 155375, 38641, -89972, -77760, 15748, 100416, 52040, -100604, -100494, 85401, 124984, -60805, -123139, 39646, 101181, -27565, -74846, 29724, 53382, -42940, -46814, 54267, 51622, -54632, -65792, 37045, 80047, -91, -86048, -46037, 79401, 86134, -46110, -97831, 15991, 96374, 10869, -80746, -24189, 54971, 24248, -28700, -12899, 8535, -6715, 555, 25040, 1131, -36195, -13326, 41384, 22997, -37961, -27438, 31402, 24522, -21062, -16987, 11775, 4016, -7043, 7627, 7041, -15252
1791219449.454, MrmFullScanInfo, 649, 107, 2058856, 0, 0, 0, 0, 10000, 39297, 32, 2, 2, 1, 480, 0, 0, 0, 0, 0, 0, 168579, -228304, -313014, 478537, 363037, -534029, -381763, 346266, 436737, -29048, -508662, -257261, 507113, 432639, -371200, -522343, 134259, 579564, 110537, -567181, -282536, 392487, 334265, -49494, -256487, -333806, 88671, 607130, 81040, -722236, -177403, 713335, 190171, -646684, -155493, 580532, 128950, -548333, -148282, 550352, 214485, -534952, -304265, 418315, 403483, -174407, -492211, -118232, 505498, 356012, -373525, -509164, 114522, 600235, 161406, -622101, -355375, 522031, 458082, -278155, -482705, -45780, 394454, 342567, -171755, -517579, -117463, 515297, 356781, -359613, -440652, 165660, 301507, -53211, 25165, 57050, -372183, -141527, 549351, 263070, -481418, -397561, 229817, 517216, 71105, -550657, -315404, 421519, 476218, -144016, -551262, -167121, 504638, 405629, -314952, -548147, 48366, 602425, 165838, -552191, -229320, 387252, 128865, -161075, 70985, -13346, -270553, 44897, 381617, 64294, -355686, -226100, 198027, 331733, 32286, -312605, -247089, 168677, 370636, 37445, -370109, -219200, 262535, 312809, -103169, -299638, -39522, 202673, 115449, -72757, -113545, -33518, 59857, 80377, 165, -66930, -25576, 21301, 2712, 16741, 49562, -17074, -96439, -23566, 108701, 80936, -76288, -121201, 12744, 121763, 52552, -81210, -92446, 18282, 96028, 38275, -70763, -65740, 36850, 58851, -16806, -29268, 22347, -2022, -47188, 14229, 72451, 2513, -78291, -40896, 54986, 80355, -6909, -98352, -51463, 82539, 102837, -37650, -132078, -17648, 129646, 61939, -97046, -81189, 48173, 72481, -3061, -42925, -22387, 6747, 23225, 19888, -6201, -25566, -14213, 8201, 23632, 24477, -15252, -58053, -8141, 78010, 37553, -77086, -61989, 57742, 72503, -28625, -66318, -188, 47849, 20868, -25315, -30617, 6459, 31940, 4296, -29652, -7389, 27862, 7218, -28663, -8588, 31223, 13910, -32151, -23048, 28300, 33757, -19361, -41960, 7627, 43693, 3564, -37552, -11031, 25406, 13026, -11417, -10082, 483, 4524, 4101, 606, -2540, -2261, -2020, -1197, 5643, 8588, -5099, -16262, -1081, 20251, 11641, -17966, -22977, 8980, 31082, 4751, -33177, -19594, 28567, 31732, -19056, -38342, 8550, 38222, -815, -32467, -2599, 24378, 2424, -17784, -443, 14929, -1412, -15602, 1288, 17759, 2179, -18839, -9483, 17282, 19369, -12959, -28440, 6407, 32870, 1457, -30931, -8766, 23833, 12991, -14410, -12362, 5692, 6930, 123, 1495, -2143, -10299, 617, 17534, 3393, -22688, -8343, 26186, 12952, -28513, -17000, 30061, 21099, -31021, -25496, 30835, 29199, -27845, -30256, 20007, 26957, -6542, -19046, -10547, 8192, 26403, 2889, -35331, -11617, 33833, 16078, -22352, -15104, 4807, 8719, 13268, 1354, -26877, -11807, 33340, 18506, -32967, -17875, 28453, 8626, -23549, 7315, 21556, -25545, -24073, 41345, 30523, -51584, -38480, 55417, 44697, -53787, -46438, 48555, 42798, -41718, -35118, 35121, 26232, -30244, -19057, 27812, 15541, -27619, -16146, 28780, 19881, -30025, -24987, 29821, 30012, -26691, -34399, 19191, 38536, -6598, -42985, -9835, 47201, 26953, -49241, -41251, 47291, 50134, -41165, -51595, 32049, 44257, -21165, -27652, 8831, 2518, 5739, 29258, -23713, -64958, 45644, 101405, -70803, -135131, 96375, 162309, -116737, -179135, 123936, 182652, -110460, -171209, 73753, 144527, -19267, -103911, -40425, 53140, 90691, 944, -120694, -49428, 126953, 83666, -113537, -98273, 89632, 93489, -66049, -75420, 51308, 53544, -48252, -37067, 52890, 32030, -56451, -39714, 49818, 56624, -28213, -74900, -5598, 84898, 42559, -79917, -72278, 60400, 87576, -33638, -86136, 9094, 70085, 5956, -45228, -8618, 19326, 468, 269, 13905, -9100, -29024, 7351, 40312, 548, -44842, -8691, 41729, 12703, -32426, -10964, 20313, 4368
1791219449.454, MrmFullScanInfo, 649, 107, 2058856, 0, 0, 0, 0, 10000, 39297, 32, 4, 2, 1, 480, 0, 0, 0, 0, 0, 0, 150, 505, -627, -1545, 1273, 2570, -1756, -2692, 1724, 1700, -1065, -345, 170, -406, 482, 429, -974, -21, 1490, -468, -1971, 756, 2402, -817, -2867, 903, 2892, -961, -1874, 634, 427, 2, 464, -439, -771, 524, 1019, -423, -1196, -31, 1091, 1580, -1089, -3863, 1506, 5120, -3176, -3764, 7870, -293, -14919, 4798, 19378, -5237, -17415, 30, 11346, 978, -6079, 13629, 9046, -46129, -19670, 95552, 21179, -157516, 2195, 214110, -33518, -247972, 49021, 257986, -54518, -239086, 60905, 179792, -57237, -93021, 34593, 18011, -10379, 18915, -109, -24355, -599, 23029, 1364, -30427, 2659, 40083, -6052, -38185, 4101, 24270, -2441, -12632, 11727, 14554, -35899, -25541, 67389, 28535, -90055, -13427, 90011, -10700, -67667, 27870, 36303, -31779, -8866, 27595, -11182, -22615, 27141, 18950, -41542, -14122, 53739, 6221, -61465, 3735, 61757, -13670, -52374, 23038, 34648, -32573, -14156, 42356, -2286, -51046, 10808, 56855, -12364, -58647, 10775, 56340, -9249, -50350, 9112, 41155, -10254, -29677, 11777, 17681, -12482, -7350, 11103, 146, -6618, 3930, -1084, -5837, 10680, 6524, -19800, -6304, 26241, 4985, -28900, -2332, 28078, -1550, -24875, 6085, 20285, -10401, -14921, 13570, 9082, -14702, -3135, 13415, -2066, -10261, 5524, 6715, -6866, -4305, 6642, 3588, -5699, -3919, 4551, 3950, -3348, -2422, 2038, -1129, -554, 6005, -1103, -10608, 2902, 13455, -4636, -14014, 6003, 12792, -6824, -10743, 7228, 8625, -7599, -6603, 8207, 4446, -8835, -1929, 8896, -848, -7937, 3540, 6111, -5744, -4028, 7089, 2330, -7381, -1189, 6568, 210, -4712, 1172, 2140, -3217, 507, 5780, -2606, -8327, 3944, 10103, -4656, -10451, 4898, 9123, -4799, -6289, 4568, 2497, -4343, 1399, 4089, -4478, -3619, 6106, 2889, -6129, -1997, 4970, 1069, -3364, -137, 1891, -741, -760, 1391, 45, -1584, 176, 1152, 120, -59, -805, -1558, 1736, 3397, -2798, -5123, 3899, 6498, -4961, -7415, 5948, 7887, -6829, -7987, 7419, 7851, -7389, -7604, 6393, 7432, -4329, -7512, 1616, 7781, 1000, -7912, -2965, 7645, 4204, -7035, -4881, 6343, 5135, -5697, -5059, 5028, 4854, -4181, -4770, 3163, 4943, -2111, -5284, 1206, 5522, -537, -5350, 48, 4663, 356, -3661, -623, 2641, 600, -1781, -318, 1129, 33, -646, -18, 328, 374, -218, -954, 397, 1502, -879, -1764, 1621, 1633, -2521, -1194, 3434, 708, -4202, -489, 4670, 731, -4780, -1401, 4693, 2280, -4556, -3129, 4450, 3753, -4299, -3935, 3863, 3543, -2858, -2659, 1257, 1512, 571, -257, -2122, -1012, 3007, 2206, -3142, -3140, 2727, 3645, -2057, -3677, 1440, 3322, -1179, -2661, 1513, 1708, -2351, -471, 3267, -1005, -3730, 2605, 3385, -4114, -2134, 5259, 237, -5876, 1793, 6028, -3397, -5812, 4162, 5305, -3929, -4483, 2898, 3252, -1491, -1336, -76, -1535, 1997, 5115, -4537, -8504, 7494, 10518, -10045, -10406, 11220, 8154, -10498, -4108, 8191, -1352, -5134, 7735, 2304, -13941, -503, 18556, 134, -20502, -1092, 19383, 2802, -15547, -4501, 10004, 5473, -4150, -5410, -673, 4597, 3563, -3701, -4234, 3355, 3075, -3625, -1020, 3922, -684, -3337, 1134, 1344, -487, 1965, -211, -6104, 45, 10323, 1082, -13654, -2637, 15189, 3938, -14575, -4457, 12225, 3967, -9010, -2527, 5934, 421, -3827, 1848, 3131, -3638, -3711, 4483, 4919, -4331
1791219449.454, MrmDetectionListInfo, 649, 40, 60, 11219, 61, 12746, 62, 12237, 63, 9844, 72, 63782, 74, 65535, 75, 65535, 76, 65535, 77, 65535, 78, 65535, 79, 65535, 80, 65535, 81, 65535, 82, 65535, 83, 65535, 84, 65535, 85, 65535, 86, 62362, 87, 35991, 92, 14030, 93, 13152, 94, 12064, 95, 13266, 96, 16631, 97, 20317, 98, 22717, 99, 23076, 100, 21181, 108, 41201, 109, 50170, 110, 55619, 111, 56455, 114, 44319, 115, 41158, 147, 31045, 287, 7688, 414, 7797, 416, 9868, 431, 10081, 435, 10056
1791219449.594, MrmFullScanInfo, 650, 107, 2058981, 0, 0, 0, 0, 10000, 39297, 32, 1, 2, 1, 480, -422130, 491158, 421275, -481142, -453327, 445532, 504833, -369226, -519907, 108930, 520181, 337071, -497948, -496084, 372118, 518184, -115184, -520160, -175381, 519474, 324210, -512293, -475567, 482696, 520166, 512419, -188039, -520098, -397629, 501397, 356395, -503190, -432907, 505541, 285476, -518257, -294855, 517848, 230675, -517405, -305370, 517029, 439869, -504783, -516605, 375510, 520192, 104863, -519996, -492724, 444821, 519727, -153879, -519938, -247106, 519484, 478396, -499770, -518175, 363281, 520113, -66969, -520169, -396736, 488167, 517414, -53846, -519342, -435764, 487403, 520060, -114588, -520000, -239854, -90783, 187245, 518347, 138075, -518293, -481155, 480683, 519717, -238462, -520157, -66625, 519544, 384488, -492688, -516944, 260450, 520192, 213094, -519896, -495351, 450271, 519993, -60792, -519587, -229673, 512747, 367718, -423687, -331183, 136748, 60143, 58166, 252669, -70677, -455412, -121991, 457789, 368108, -267205, -445245, -40671, 381265, 318056, -197624, -459904, -81757, 413526, 306445, -249542, -375827, 75020, 344660, 93976, -241774, -180571, 94216, 136367, 23786, -56229, -64575, -21574, 42481, 74604, 11572, -43957, -43157, -47781, 25592, 115753, 41982, -126625, -130644, 87599, 183217, -6453, -165612, -77247, 101300, 108729, -22658, -86756, -50021, 41048, 83925, 5960, -64828, -32259, 29626, 17728, -3469, 30982, -8925, -80244, -8230, 96867, 58870, -73268, -102204, 15414, 117887, 65571, -96739, -104535, 40605, 135391, 28966, -127027, -84901, 92191, 102473, -36082, -86243, -13259, 49456, 32292, -4401, -25058, -27849, 2522, 35979, 25594, -12226, -37831, -23301, 20261, 59174, 17969, -82700, -55836, 81101, 83693, -56811, -95481, 29026, 84494, -4530, -54352, -14083, 24086, 21828, -2148, -21252, -10424, 23121, 14755, -29130, -10487, 34711, 11024, -40120, -19272, 46468, 26738, -43394, -33692, 30675, 41341, -15300, -42437, 1971, 33186, 9373, -19035, -12494, 6738, 7206, 5217, -279, -9667, -5467, 5157, 7769, 2643, -5280, -6720, -4614, 6911, 15329, -3159, -19966, -6487, 18704, 18021, -9147, -24393, -4322, 26092, 20203, -22386, -31908, 13188, 38438, -236, -39197, -7799, 34685, 11010, -25611, -4616, 19287, 2630, -19023, 313, 19293, -1217, -22001, -423, 24244, 5377, -22134, -12278, 16369, 21197, -8241, -30690, 555, 28751, 7713, -21362, -12463, 13808, 11860, -6603, -6352, 2453, -921, -2847, 9117, 7142, -15165, -11818, 17468, 16756, -17755, -22714, 19579, 26349, -20554, -28743, 21180, 33295, -22093, -39721, 21617, 43444, -17894, -43734, 8027, 34998, 5716, -18335, -20329, -880, 32017, 17379, -33475, -25625, 25727, 26107, -11995, -16936, -2730, 759, 14966, 16662, -20047, -31136, 19356, 37572, -15647, -31783, 14075, 16089, -16201, 4384, 24669, -23790, -36935, 33109, 48018, -38419, -57850, 38947, 60942, -35085, -58055, 31811, 50177, -27493, -39929, 25229, 31237, -22968, -25153, 23870, 24313, -21980, -26846, 20514, 32288, -19877, -36975, 18005, 40514, -13559, -42589, 6137, 44311, 4247, -44074, -26504, 45180, 41527, -39298, -54094, 29861, 60895, -20152, -59484, 10689, 48876, -5485, -29428, 1344, 3433, 2915, 32938, -7877, -71684, 16218, 113276, -28485, -153606, 44703, 189429, -54931, -211004, 57729, 215446, -41008, -196244, 6382, 153736, 37959, -90217, -76556, 16819, 97985, 49963, -97335, -99279, 80237, 122108, -55922, -120558, 34208, 99748, -22067, -73068, 26747, 53308, -40521, -45917, 53407, 50228, -55476, -64098, 38443, 78608, -2866, -84513, -42195, 76566, 82776, -41648, -96089, 10489, 96477, 14697, -80720, -26609, 57309, 25227, -31113, -10803, 9680, -8813, 1246, 28604, -203, -39237, -9805, 44230, 19705, -42390, -25800, 34192, 24873, -22332, -17140, 12429, 5926, -7012, 6139, 6178, -14136
